{
  "fixed_deficit": {
    "mean_weight_loss": 4.549821858262635,
    "std_weight_loss": 0.4080337154532278,
    "max_weight_loss": 5.283987417084191,
    "min_weight_loss": 3.9178849328262118,
    "success_rate": 0.2
  },
  "step_reduction": {
    "mean_weight_loss": 5.037150889586983,
    "std_weight_loss": 0.407944753127961,
    "max_weight_loss": 5.824119999844868,
    "min_weight_loss": 4.38609585165203,
    "success_rate": 0.5
  },
  "cyclic_diet": {
    "mean_weight_loss": 4.075039415190814,
    "std_weight_loss": 0.3662936454482989,
    "max_weight_loss": 4.760966482335647,
    "min_weight_loss": 3.5286130946373504,
    "success_rate": 0.0
  },
  "random": {
    "mean_weight_loss": 5.679721905550602,
    "std_weight_loss": 1.6694456787885652,
    "max_weight_loss": 10.149124539712489,
    "min_weight_loss": 3.7791870734439357,
    "success_rate": 0.7
  },
  "de_optimized": {
    "mean_weight_loss": 2.272605634829452,
    "std_weight_loss": 1.2787590359410272,
    "max_weight_loss": 5.937306235363977,
    "min_weight_loss": 1.069625868069707,
    "success_rate": 0.1
  },
  "statistical_tests": {
    "DE_vs_fixed_deficit": {
      "t_statistic": -5.089584556337228,
      "p_value": 7.65088589405026e-05,
      "significant": true
    },
    "DE_vs_step_reduction": {
      "t_statistic": -6.178890764256385,
      "p_value": 7.829115512347797e-06,
      "significant": true
    },
    "DE_vs_cyclic_diet": {
      "t_statistic": -4.065070559596109,
      "p_value": 0.000726556891939383,
      "significant": true
    },
    "DE_vs_random": {
      "t_statistic": -4.860549917901077,
      "p_value": 0.000125665342803945,
      "significant": true
    }
  }
}