comparison_index,comparison_id,analysis_workload_id,proposed_method_id,comparator_method_id,metric,available_set,expected_task_pairs,available_task_pairs,geometric_mean_ratio_proposed_over_comparator,median_ratio_proposed_over_comparator,minimum_ratio,maximum_ratio,point_margin,point_margin_class,formal_cost_gate_status,analysis_status
1,E1_STATIC__F22_MG_STATIC__VS__MATCHED_FIXED_DE_PARETO,E1_STATIC,F22_MG_STATIC,MATCHED_FIXED_DE_PARETO,wall_seconds,ALL_COMPLETED_TASK_PAIRS,140,140,1.6561467145995428,1.7132424491450191,1.312898101157103,1.8625491079631309,1.5,ABOVE_POINT_MARGIN,NOT_CONFIRMATORY__ZERO_DENOMINATOR_AND_FAILURE_HANDLING_NOT_RESULT_BLIND_FROZEN,PRE_R10_SUPPORTING_DESCRIPTIVE_RESULT_AWARE__NO_NEW_CONFIRMATORY_INFERENCE
1,E1_STATIC__F22_MG_STATIC__VS__MATCHED_FIXED_DE_PARETO,E1_STATIC,F22_MG_STATIC,MATCHED_FIXED_DE_PARETO,wall_seconds,EQUAL_CHARGED_WORK_TASK_PAIRS,140,140,1.6561467145995428,1.7132424491450191,1.312898101157103,1.8625491079631309,1.5,ABOVE_POINT_MARGIN,NOT_CONFIRMATORY__ZERO_DENOMINATOR_AND_FAILURE_HANDLING_NOT_RESULT_BLIND_FROZEN,PRE_R10_SUPPORTING_DESCRIPTIVE_RESULT_AWARE__NO_NEW_CONFIRMATORY_INFERENCE
1,E1_STATIC__F22_MG_STATIC__VS__MATCHED_FIXED_DE_PARETO,E1_STATIC,F22_MG_STATIC,MATCHED_FIXED_DE_PARETO,wall_seconds,BOTH_ALL_EVENTS_ACCEPTED_TASK_PAIRS,140,140,1.6561467145995428,1.7132424491450191,1.312898101157103,1.8625491079631309,1.5,ABOVE_POINT_MARGIN,NOT_CONFIRMATORY__ZERO_DENOMINATOR_AND_FAILURE_HANDLING_NOT_RESULT_BLIND_FROZEN,PRE_R10_SUPPORTING_DESCRIPTIVE_RESULT_AWARE__NO_NEW_CONFIRMATORY_INFERENCE
1,E1_STATIC__F22_MG_STATIC__VS__MATCHED_FIXED_DE_PARETO,E1_STATIC,F22_MG_STATIC,MATCHED_FIXED_DE_PARETO,cpu_seconds,ALL_COMPLETED_TASK_PAIRS,140,140,1.8610637590379453,1.91040093560173,1.3716040240113425,2.1318357127344374,,NOT_APPLICABLE,NOT_CONFIRMATORY__ZERO_DENOMINATOR_AND_FAILURE_HANDLING_NOT_RESULT_BLIND_FROZEN,PRE_R10_SUPPORTING_DESCRIPTIVE_RESULT_AWARE__NO_NEW_CONFIRMATORY_INFERENCE
1,E1_STATIC__F22_MG_STATIC__VS__MATCHED_FIXED_DE_PARETO,E1_STATIC,F22_MG_STATIC,MATCHED_FIXED_DE_PARETO,cpu_seconds,EQUAL_CHARGED_WORK_TASK_PAIRS,140,140,1.8610637590379453,1.91040093560173,1.3716040240113425,2.1318357127344374,,NOT_APPLICABLE,NOT_CONFIRMATORY__ZERO_DENOMINATOR_AND_FAILURE_HANDLING_NOT_RESULT_BLIND_FROZEN,PRE_R10_SUPPORTING_DESCRIPTIVE_RESULT_AWARE__NO_NEW_CONFIRMATORY_INFERENCE
1,E1_STATIC__F22_MG_STATIC__VS__MATCHED_FIXED_DE_PARETO,E1_STATIC,F22_MG_STATIC,MATCHED_FIXED_DE_PARETO,cpu_seconds,BOTH_ALL_EVENTS_ACCEPTED_TASK_PAIRS,140,140,1.8610637590379453,1.91040093560173,1.3716040240113425,2.1318357127344374,,NOT_APPLICABLE,NOT_CONFIRMATORY__ZERO_DENOMINATOR_AND_FAILURE_HANDLING_NOT_RESULT_BLIND_FROZEN,PRE_R10_SUPPORTING_DESCRIPTIVE_RESULT_AWARE__NO_NEW_CONFIRMATORY_INFERENCE
1,E1_STATIC__F22_MG_STATIC__VS__MATCHED_FIXED_DE_PARETO,E1_STATIC,F22_MG_STATIC,MATCHED_FIXED_DE_PARETO,peak_rss_bytes,ALL_COMPLETED_TASK_PAIRS,140,140,1.1154170952913394,1.159896505986084,0.79340670138547709,1.2174397211193957,2,AT_OR_BELOW_POINT_MARGIN,NOT_CONFIRMATORY__ZERO_DENOMINATOR_AND_FAILURE_HANDLING_NOT_RESULT_BLIND_FROZEN,PRE_R10_SUPPORTING_DESCRIPTIVE_RESULT_AWARE__NO_NEW_CONFIRMATORY_INFERENCE
1,E1_STATIC__F22_MG_STATIC__VS__MATCHED_FIXED_DE_PARETO,E1_STATIC,F22_MG_STATIC,MATCHED_FIXED_DE_PARETO,peak_rss_bytes,EQUAL_CHARGED_WORK_TASK_PAIRS,140,140,1.1154170952913394,1.159896505986084,0.79340670138547709,1.2174397211193957,2,AT_OR_BELOW_POINT_MARGIN,NOT_CONFIRMATORY__ZERO_DENOMINATOR_AND_FAILURE_HANDLING_NOT_RESULT_BLIND_FROZEN,PRE_R10_SUPPORTING_DESCRIPTIVE_RESULT_AWARE__NO_NEW_CONFIRMATORY_INFERENCE
1,E1_STATIC__F22_MG_STATIC__VS__MATCHED_FIXED_DE_PARETO,E1_STATIC,F22_MG_STATIC,MATCHED_FIXED_DE_PARETO,peak_rss_bytes,BOTH_ALL_EVENTS_ACCEPTED_TASK_PAIRS,140,140,1.1154170952913394,1.159896505986084,0.79340670138547709,1.2174397211193957,2,AT_OR_BELOW_POINT_MARGIN,NOT_CONFIRMATORY__ZERO_DENOMINATOR_AND_FAILURE_HANDLING_NOT_RESULT_BLIND_FROZEN,PRE_R10_SUPPORTING_DESCRIPTIVE_RESULT_AWARE__NO_NEW_CONFIRMATORY_INFERENCE
1,E1_STATIC__F22_MG_STATIC__VS__MATCHED_FIXED_DE_PARETO,E1_STATIC,F22_MG_STATIC,MATCHED_FIXED_DE_PARETO,output_bytes,ALL_COMPLETED_TASK_PAIRS,140,140,0.9911473383819901,0.99079077197763477,0.99058088459821958,0.99346570336314188,,NOT_APPLICABLE,NOT_CONFIRMATORY__ZERO_DENOMINATOR_AND_FAILURE_HANDLING_NOT_RESULT_BLIND_FROZEN,PRE_R10_SUPPORTING_DESCRIPTIVE_RESULT_AWARE__NO_NEW_CONFIRMATORY_INFERENCE
1,E1_STATIC__F22_MG_STATIC__VS__MATCHED_FIXED_DE_PARETO,E1_STATIC,F22_MG_STATIC,MATCHED_FIXED_DE_PARETO,output_bytes,EQUAL_CHARGED_WORK_TASK_PAIRS,140,140,0.9911473383819901,0.99079077197763477,0.99058088459821958,0.99346570336314188,,NOT_APPLICABLE,NOT_CONFIRMATORY__ZERO_DENOMINATOR_AND_FAILURE_HANDLING_NOT_RESULT_BLIND_FROZEN,PRE_R10_SUPPORTING_DESCRIPTIVE_RESULT_AWARE__NO_NEW_CONFIRMATORY_INFERENCE
1,E1_STATIC__F22_MG_STATIC__VS__MATCHED_FIXED_DE_PARETO,E1_STATIC,F22_MG_STATIC,MATCHED_FIXED_DE_PARETO,output_bytes,BOTH_ALL_EVENTS_ACCEPTED_TASK_PAIRS,140,140,0.9911473383819901,0.99079077197763477,0.99058088459821958,0.99346570336314188,,NOT_APPLICABLE,NOT_CONFIRMATORY__ZERO_DENOMINATOR_AND_FAILURE_HANDLING_NOT_RESULT_BLIND_FROZEN,PRE_R10_SUPPORTING_DESCRIPTIVE_RESULT_AWARE__NO_NEW_CONFIRMATORY_INFERENCE
1,E1_STATIC__F22_MG_STATIC__VS__MATCHED_FIXED_DE_PARETO,E1_STATIC,F22_MG_STATIC,MATCHED_FIXED_DE_PARETO,charged_cfe,ALL_COMPLETED_TASK_PAIRS,140,140,1,1,1,1,,NOT_APPLICABLE,NOT_CONFIRMATORY__ZERO_DENOMINATOR_AND_FAILURE_HANDLING_NOT_RESULT_BLIND_FROZEN,PRE_R10_SUPPORTING_DESCRIPTIVE_RESULT_AWARE__NO_NEW_CONFIRMATORY_INFERENCE
1,E1_STATIC__F22_MG_STATIC__VS__MATCHED_FIXED_DE_PARETO,E1_STATIC,F22_MG_STATIC,MATCHED_FIXED_DE_PARETO,charged_cfe,EQUAL_CHARGED_WORK_TASK_PAIRS,140,140,1,1,1,1,,NOT_APPLICABLE,NOT_CONFIRMATORY__ZERO_DENOMINATOR_AND_FAILURE_HANDLING_NOT_RESULT_BLIND_FROZEN,PRE_R10_SUPPORTING_DESCRIPTIVE_RESULT_AWARE__NO_NEW_CONFIRMATORY_INFERENCE
1,E1_STATIC__F22_MG_STATIC__VS__MATCHED_FIXED_DE_PARETO,E1_STATIC,F22_MG_STATIC,MATCHED_FIXED_DE_PARETO,charged_cfe,BOTH_ALL_EVENTS_ACCEPTED_TASK_PAIRS,140,140,1,1,1,1,,NOT_APPLICABLE,NOT_CONFIRMATORY__ZERO_DENOMINATOR_AND_FAILURE_HANDLING_NOT_RESULT_BLIND_FROZEN,PRE_R10_SUPPORTING_DESCRIPTIVE_RESULT_AWARE__NO_NEW_CONFIRMATORY_INFERENCE
1,E1_STATIC__F22_MG_STATIC__VS__MATCHED_FIXED_DE_PARETO,E1_STATIC,F22_MG_STATIC,MATCHED_FIXED_DE_PARETO,charged_atomic_model_steps,ALL_COMPLETED_TASK_PAIRS,140,140,1,1,1,1,,NOT_APPLICABLE,NOT_CONFIRMATORY__ZERO_DENOMINATOR_AND_FAILURE_HANDLING_NOT_RESULT_BLIND_FROZEN,PRE_R10_SUPPORTING_DESCRIPTIVE_RESULT_AWARE__NO_NEW_CONFIRMATORY_INFERENCE
1,E1_STATIC__F22_MG_STATIC__VS__MATCHED_FIXED_DE_PARETO,E1_STATIC,F22_MG_STATIC,MATCHED_FIXED_DE_PARETO,charged_atomic_model_steps,EQUAL_CHARGED_WORK_TASK_PAIRS,140,140,1,1,1,1,,NOT_APPLICABLE,NOT_CONFIRMATORY__ZERO_DENOMINATOR_AND_FAILURE_HANDLING_NOT_RESULT_BLIND_FROZEN,PRE_R10_SUPPORTING_DESCRIPTIVE_RESULT_AWARE__NO_NEW_CONFIRMATORY_INFERENCE
1,E1_STATIC__F22_MG_STATIC__VS__MATCHED_FIXED_DE_PARETO,E1_STATIC,F22_MG_STATIC,MATCHED_FIXED_DE_PARETO,charged_atomic_model_steps,BOTH_ALL_EVENTS_ACCEPTED_TASK_PAIRS,140,140,1,1,1,1,,NOT_APPLICABLE,NOT_CONFIRMATORY__ZERO_DENOMINATOR_AND_FAILURE_HANDLING_NOT_RESULT_BLIND_FROZEN,PRE_R10_SUPPORTING_DESCRIPTIVE_RESULT_AWARE__NO_NEW_CONFIRMATORY_INFERENCE
2,E1_STATIC__F22_MG_STATIC__VS__MATCHED_JDE_STYLE_PARETO,E1_STATIC,F22_MG_STATIC,MATCHED_JDE_STYLE_PARETO,wall_seconds,ALL_COMPLETED_TASK_PAIRS,140,140,1.6053354229832819,1.6181248979956,1.3310886379815219,1.8629369073210647,1.5,ABOVE_POINT_MARGIN,NOT_CONFIRMATORY__ZERO_DENOMINATOR_AND_FAILURE_HANDLING_NOT_RESULT_BLIND_FROZEN,PRE_R10_SUPPORTING_DESCRIPTIVE_RESULT_AWARE__NO_NEW_CONFIRMATORY_INFERENCE
2,E1_STATIC__F22_MG_STATIC__VS__MATCHED_JDE_STYLE_PARETO,E1_STATIC,F22_MG_STATIC,MATCHED_JDE_STYLE_PARETO,wall_seconds,EQUAL_CHARGED_WORK_TASK_PAIRS,140,140,1.6053354229832819,1.6181248979956,1.3310886379815219,1.8629369073210647,1.5,ABOVE_POINT_MARGIN,NOT_CONFIRMATORY__ZERO_DENOMINATOR_AND_FAILURE_HANDLING_NOT_RESULT_BLIND_FROZEN,PRE_R10_SUPPORTING_DESCRIPTIVE_RESULT_AWARE__NO_NEW_CONFIRMATORY_INFERENCE
2,E1_STATIC__F22_MG_STATIC__VS__MATCHED_JDE_STYLE_PARETO,E1_STATIC,F22_MG_STATIC,MATCHED_JDE_STYLE_PARETO,wall_seconds,BOTH_ALL_EVENTS_ACCEPTED_TASK_PAIRS,140,140,1.6053354229832819,1.6181248979956,1.3310886379815219,1.8629369073210647,1.5,ABOVE_POINT_MARGIN,NOT_CONFIRMATORY__ZERO_DENOMINATOR_AND_FAILURE_HANDLING_NOT_RESULT_BLIND_FROZEN,PRE_R10_SUPPORTING_DESCRIPTIVE_RESULT_AWARE__NO_NEW_CONFIRMATORY_INFERENCE
2,E1_STATIC__F22_MG_STATIC__VS__MATCHED_JDE_STYLE_PARETO,E1_STATIC,F22_MG_STATIC,MATCHED_JDE_STYLE_PARETO,cpu_seconds,ALL_COMPLETED_TASK_PAIRS,140,140,1.8513537695277069,1.8786524351182234,1.4700981310392067,2.0974564681710839,,NOT_APPLICABLE,NOT_CONFIRMATORY__ZERO_DENOMINATOR_AND_FAILURE_HANDLING_NOT_RESULT_BLIND_FROZEN,PRE_R10_SUPPORTING_DESCRIPTIVE_RESULT_AWARE__NO_NEW_CONFIRMATORY_INFERENCE
2,E1_STATIC__F22_MG_STATIC__VS__MATCHED_JDE_STYLE_PARETO,E1_STATIC,F22_MG_STATIC,MATCHED_JDE_STYLE_PARETO,cpu_seconds,EQUAL_CHARGED_WORK_TASK_PAIRS,140,140,1.8513537695277069,1.8786524351182234,1.4700981310392067,2.0974564681710839,,NOT_APPLICABLE,NOT_CONFIRMATORY__ZERO_DENOMINATOR_AND_FAILURE_HANDLING_NOT_RESULT_BLIND_FROZEN,PRE_R10_SUPPORTING_DESCRIPTIVE_RESULT_AWARE__NO_NEW_CONFIRMATORY_INFERENCE
2,E1_STATIC__F22_MG_STATIC__VS__MATCHED_JDE_STYLE_PARETO,E1_STATIC,F22_MG_STATIC,MATCHED_JDE_STYLE_PARETO,cpu_seconds,BOTH_ALL_EVENTS_ACCEPTED_TASK_PAIRS,140,140,1.8513537695277069,1.8786524351182234,1.4700981310392067,2.0974564681710839,,NOT_APPLICABLE,NOT_CONFIRMATORY__ZERO_DENOMINATOR_AND_FAILURE_HANDLING_NOT_RESULT_BLIND_FROZEN,PRE_R10_SUPPORTING_DESCRIPTIVE_RESULT_AWARE__NO_NEW_CONFIRMATORY_INFERENCE
2,E1_STATIC__F22_MG_STATIC__VS__MATCHED_JDE_STYLE_PARETO,E1_STATIC,F22_MG_STATIC,MATCHED_JDE_STYLE_PARETO,peak_rss_bytes,ALL_COMPLETED_TASK_PAIRS,140,140,1.1004060344416751,1.1338870240199523,0.8557229796167849,1.2223518545525254,2,AT_OR_BELOW_POINT_MARGIN,NOT_CONFIRMATORY__ZERO_DENOMINATOR_AND_FAILURE_HANDLING_NOT_RESULT_BLIND_FROZEN,PRE_R10_SUPPORTING_DESCRIPTIVE_RESULT_AWARE__NO_NEW_CONFIRMATORY_INFERENCE
2,E1_STATIC__F22_MG_STATIC__VS__MATCHED_JDE_STYLE_PARETO,E1_STATIC,F22_MG_STATIC,MATCHED_JDE_STYLE_PARETO,peak_rss_bytes,EQUAL_CHARGED_WORK_TASK_PAIRS,140,140,1.1004060344416751,1.1338870240199523,0.8557229796167849,1.2223518545525254,2,AT_OR_BELOW_POINT_MARGIN,NOT_CONFIRMATORY__ZERO_DENOMINATOR_AND_FAILURE_HANDLING_NOT_RESULT_BLIND_FROZEN,PRE_R10_SUPPORTING_DESCRIPTIVE_RESULT_AWARE__NO_NEW_CONFIRMATORY_INFERENCE
2,E1_STATIC__F22_MG_STATIC__VS__MATCHED_JDE_STYLE_PARETO,E1_STATIC,F22_MG_STATIC,MATCHED_JDE_STYLE_PARETO,peak_rss_bytes,BOTH_ALL_EVENTS_ACCEPTED_TASK_PAIRS,140,140,1.1004060344416751,1.1338870240199523,0.8557229796167849,1.2223518545525254,2,AT_OR_BELOW_POINT_MARGIN,NOT_CONFIRMATORY__ZERO_DENOMINATOR_AND_FAILURE_HANDLING_NOT_RESULT_BLIND_FROZEN,PRE_R10_SUPPORTING_DESCRIPTIVE_RESULT_AWARE__NO_NEW_CONFIRMATORY_INFERENCE
2,E1_STATIC__F22_MG_STATIC__VS__MATCHED_JDE_STYLE_PARETO,E1_STATIC,F22_MG_STATIC,MATCHED_JDE_STYLE_PARETO,output_bytes,ALL_COMPLETED_TASK_PAIRS,140,140,0.99114238721605807,0.99079077197763477,0.9905799995301745,0.99348243457172691,,NOT_APPLICABLE,NOT_CONFIRMATORY__ZERO_DENOMINATOR_AND_FAILURE_HANDLING_NOT_RESULT_BLIND_FROZEN,PRE_R10_SUPPORTING_DESCRIPTIVE_RESULT_AWARE__NO_NEW_CONFIRMATORY_INFERENCE
2,E1_STATIC__F22_MG_STATIC__VS__MATCHED_JDE_STYLE_PARETO,E1_STATIC,F22_MG_STATIC,MATCHED_JDE_STYLE_PARETO,output_bytes,EQUAL_CHARGED_WORK_TASK_PAIRS,140,140,0.99114238721605807,0.99079077197763477,0.9905799995301745,0.99348243457172691,,NOT_APPLICABLE,NOT_CONFIRMATORY__ZERO_DENOMINATOR_AND_FAILURE_HANDLING_NOT_RESULT_BLIND_FROZEN,PRE_R10_SUPPORTING_DESCRIPTIVE_RESULT_AWARE__NO_NEW_CONFIRMATORY_INFERENCE
2,E1_STATIC__F22_MG_STATIC__VS__MATCHED_JDE_STYLE_PARETO,E1_STATIC,F22_MG_STATIC,MATCHED_JDE_STYLE_PARETO,output_bytes,BOTH_ALL_EVENTS_ACCEPTED_TASK_PAIRS,140,140,0.99114238721605807,0.99079077197763477,0.9905799995301745,0.99348243457172691,,NOT_APPLICABLE,NOT_CONFIRMATORY__ZERO_DENOMINATOR_AND_FAILURE_HANDLING_NOT_RESULT_BLIND_FROZEN,PRE_R10_SUPPORTING_DESCRIPTIVE_RESULT_AWARE__NO_NEW_CONFIRMATORY_INFERENCE
2,E1_STATIC__F22_MG_STATIC__VS__MATCHED_JDE_STYLE_PARETO,E1_STATIC,F22_MG_STATIC,MATCHED_JDE_STYLE_PARETO,charged_cfe,ALL_COMPLETED_TASK_PAIRS,140,140,1,1,1,1,,NOT_APPLICABLE,NOT_CONFIRMATORY__ZERO_DENOMINATOR_AND_FAILURE_HANDLING_NOT_RESULT_BLIND_FROZEN,PRE_R10_SUPPORTING_DESCRIPTIVE_RESULT_AWARE__NO_NEW_CONFIRMATORY_INFERENCE
2,E1_STATIC__F22_MG_STATIC__VS__MATCHED_JDE_STYLE_PARETO,E1_STATIC,F22_MG_STATIC,MATCHED_JDE_STYLE_PARETO,charged_cfe,EQUAL_CHARGED_WORK_TASK_PAIRS,140,140,1,1,1,1,,NOT_APPLICABLE,NOT_CONFIRMATORY__ZERO_DENOMINATOR_AND_FAILURE_HANDLING_NOT_RESULT_BLIND_FROZEN,PRE_R10_SUPPORTING_DESCRIPTIVE_RESULT_AWARE__NO_NEW_CONFIRMATORY_INFERENCE
2,E1_STATIC__F22_MG_STATIC__VS__MATCHED_JDE_STYLE_PARETO,E1_STATIC,F22_MG_STATIC,MATCHED_JDE_STYLE_PARETO,charged_cfe,BOTH_ALL_EVENTS_ACCEPTED_TASK_PAIRS,140,140,1,1,1,1,,NOT_APPLICABLE,NOT_CONFIRMATORY__ZERO_DENOMINATOR_AND_FAILURE_HANDLING_NOT_RESULT_BLIND_FROZEN,PRE_R10_SUPPORTING_DESCRIPTIVE_RESULT_AWARE__NO_NEW_CONFIRMATORY_INFERENCE
2,E1_STATIC__F22_MG_STATIC__VS__MATCHED_JDE_STYLE_PARETO,E1_STATIC,F22_MG_STATIC,MATCHED_JDE_STYLE_PARETO,charged_atomic_model_steps,ALL_COMPLETED_TASK_PAIRS,140,140,1,1,1,1,,NOT_APPLICABLE,NOT_CONFIRMATORY__ZERO_DENOMINATOR_AND_FAILURE_HANDLING_NOT_RESULT_BLIND_FROZEN,PRE_R10_SUPPORTING_DESCRIPTIVE_RESULT_AWARE__NO_NEW_CONFIRMATORY_INFERENCE
2,E1_STATIC__F22_MG_STATIC__VS__MATCHED_JDE_STYLE_PARETO,E1_STATIC,F22_MG_STATIC,MATCHED_JDE_STYLE_PARETO,charged_atomic_model_steps,EQUAL_CHARGED_WORK_TASK_PAIRS,140,140,1,1,1,1,,NOT_APPLICABLE,NOT_CONFIRMATORY__ZERO_DENOMINATOR_AND_FAILURE_HANDLING_NOT_RESULT_BLIND_FROZEN,PRE_R10_SUPPORTING_DESCRIPTIVE_RESULT_AWARE__NO_NEW_CONFIRMATORY_INFERENCE
2,E1_STATIC__F22_MG_STATIC__VS__MATCHED_JDE_STYLE_PARETO,E1_STATIC,F22_MG_STATIC,MATCHED_JDE_STYLE_PARETO,charged_atomic_model_steps,BOTH_ALL_EVENTS_ACCEPTED_TASK_PAIRS,140,140,1,1,1,1,,NOT_APPLICABLE,NOT_CONFIRMATORY__ZERO_DENOMINATOR_AND_FAILURE_HANDLING_NOT_RESULT_BLIND_FROZEN,PRE_R10_SUPPORTING_DESCRIPTIVE_RESULT_AWARE__NO_NEW_CONFIRMATORY_INFERENCE
3,E1_STATIC__F22_MG_STATIC__VS__MATCHED_SHADE_STYLE_PARETO,E1_STATIC,F22_MG_STATIC,MATCHED_SHADE_STYLE_PARETO,wall_seconds,ALL_COMPLETED_TASK_PAIRS,140,140,1.5236125437598793,1.5014871884243179,1.3333328530730164,1.6304790619964329,1.5,ABOVE_POINT_MARGIN,NOT_CONFIRMATORY__ZERO_DENOMINATOR_AND_FAILURE_HANDLING_NOT_RESULT_BLIND_FROZEN,PRE_R10_SUPPORTING_DESCRIPTIVE_RESULT_AWARE__NO_NEW_CONFIRMATORY_INFERENCE
3,E1_STATIC__F22_MG_STATIC__VS__MATCHED_SHADE_STYLE_PARETO,E1_STATIC,F22_MG_STATIC,MATCHED_SHADE_STYLE_PARETO,wall_seconds,EQUAL_CHARGED_WORK_TASK_PAIRS,140,140,1.5236125437598793,1.5014871884243179,1.3333328530730164,1.6304790619964329,1.5,ABOVE_POINT_MARGIN,NOT_CONFIRMATORY__ZERO_DENOMINATOR_AND_FAILURE_HANDLING_NOT_RESULT_BLIND_FROZEN,PRE_R10_SUPPORTING_DESCRIPTIVE_RESULT_AWARE__NO_NEW_CONFIRMATORY_INFERENCE
3,E1_STATIC__F22_MG_STATIC__VS__MATCHED_SHADE_STYLE_PARETO,E1_STATIC,F22_MG_STATIC,MATCHED_SHADE_STYLE_PARETO,wall_seconds,BOTH_ALL_EVENTS_ACCEPTED_TASK_PAIRS,140,140,1.5236125437598793,1.5014871884243179,1.3333328530730164,1.6304790619964329,1.5,ABOVE_POINT_MARGIN,NOT_CONFIRMATORY__ZERO_DENOMINATOR_AND_FAILURE_HANDLING_NOT_RESULT_BLIND_FROZEN,PRE_R10_SUPPORTING_DESCRIPTIVE_RESULT_AWARE__NO_NEW_CONFIRMATORY_INFERENCE
3,E1_STATIC__F22_MG_STATIC__VS__MATCHED_SHADE_STYLE_PARETO,E1_STATIC,F22_MG_STATIC,MATCHED_SHADE_STYLE_PARETO,cpu_seconds,ALL_COMPLETED_TASK_PAIRS,140,140,1.693654734849668,1.7042341176260569,1.3767760098106214,1.9061789184827342,,NOT_APPLICABLE,NOT_CONFIRMATORY__ZERO_DENOMINATOR_AND_FAILURE_HANDLING_NOT_RESULT_BLIND_FROZEN,PRE_R10_SUPPORTING_DESCRIPTIVE_RESULT_AWARE__NO_NEW_CONFIRMATORY_INFERENCE
3,E1_STATIC__F22_MG_STATIC__VS__MATCHED_SHADE_STYLE_PARETO,E1_STATIC,F22_MG_STATIC,MATCHED_SHADE_STYLE_PARETO,cpu_seconds,EQUAL_CHARGED_WORK_TASK_PAIRS,140,140,1.693654734849668,1.7042341176260569,1.3767760098106214,1.9061789184827342,,NOT_APPLICABLE,NOT_CONFIRMATORY__ZERO_DENOMINATOR_AND_FAILURE_HANDLING_NOT_RESULT_BLIND_FROZEN,PRE_R10_SUPPORTING_DESCRIPTIVE_RESULT_AWARE__NO_NEW_CONFIRMATORY_INFERENCE
3,E1_STATIC__F22_MG_STATIC__VS__MATCHED_SHADE_STYLE_PARETO,E1_STATIC,F22_MG_STATIC,MATCHED_SHADE_STYLE_PARETO,cpu_seconds,BOTH_ALL_EVENTS_ACCEPTED_TASK_PAIRS,140,140,1.693654734849668,1.7042341176260569,1.3767760098106214,1.9061789184827342,,NOT_APPLICABLE,NOT_CONFIRMATORY__ZERO_DENOMINATOR_AND_FAILURE_HANDLING_NOT_RESULT_BLIND_FROZEN,PRE_R10_SUPPORTING_DESCRIPTIVE_RESULT_AWARE__NO_NEW_CONFIRMATORY_INFERENCE
3,E1_STATIC__F22_MG_STATIC__VS__MATCHED_SHADE_STYLE_PARETO,E1_STATIC,F22_MG_STATIC,MATCHED_SHADE_STYLE_PARETO,peak_rss_bytes,ALL_COMPLETED_TASK_PAIRS,140,140,1.096039790192443,1.1434873748702232,0.83421696574225124,1.2069793116689866,2,AT_OR_BELOW_POINT_MARGIN,NOT_CONFIRMATORY__ZERO_DENOMINATOR_AND_FAILURE_HANDLING_NOT_RESULT_BLIND_FROZEN,PRE_R10_SUPPORTING_DESCRIPTIVE_RESULT_AWARE__NO_NEW_CONFIRMATORY_INFERENCE
3,E1_STATIC__F22_MG_STATIC__VS__MATCHED_SHADE_STYLE_PARETO,E1_STATIC,F22_MG_STATIC,MATCHED_SHADE_STYLE_PARETO,peak_rss_bytes,EQUAL_CHARGED_WORK_TASK_PAIRS,140,140,1.096039790192443,1.1434873748702232,0.83421696574225124,1.2069793116689866,2,AT_OR_BELOW_POINT_MARGIN,NOT_CONFIRMATORY__ZERO_DENOMINATOR_AND_FAILURE_HANDLING_NOT_RESULT_BLIND_FROZEN,PRE_R10_SUPPORTING_DESCRIPTIVE_RESULT_AWARE__NO_NEW_CONFIRMATORY_INFERENCE
3,E1_STATIC__F22_MG_STATIC__VS__MATCHED_SHADE_STYLE_PARETO,E1_STATIC,F22_MG_STATIC,MATCHED_SHADE_STYLE_PARETO,peak_rss_bytes,BOTH_ALL_EVENTS_ACCEPTED_TASK_PAIRS,140,140,1.096039790192443,1.1434873748702232,0.83421696574225124,1.2069793116689866,2,AT_OR_BELOW_POINT_MARGIN,NOT_CONFIRMATORY__ZERO_DENOMINATOR_AND_FAILURE_HANDLING_NOT_RESULT_BLIND_FROZEN,PRE_R10_SUPPORTING_DESCRIPTIVE_RESULT_AWARE__NO_NEW_CONFIRMATORY_INFERENCE
3,E1_STATIC__F22_MG_STATIC__VS__MATCHED_SHADE_STYLE_PARETO,E1_STATIC,F22_MG_STATIC,MATCHED_SHADE_STYLE_PARETO,output_bytes,ALL_COMPLETED_TASK_PAIRS,140,140,0.99101037866519437,0.9906511321995678,0.99044062382562947,0.99336532794476717,,NOT_APPLICABLE,NOT_CONFIRMATORY__ZERO_DENOMINATOR_AND_FAILURE_HANDLING_NOT_RESULT_BLIND_FROZEN,PRE_R10_SUPPORTING_DESCRIPTIVE_RESULT_AWARE__NO_NEW_CONFIRMATORY_INFERENCE
3,E1_STATIC__F22_MG_STATIC__VS__MATCHED_SHADE_STYLE_PARETO,E1_STATIC,F22_MG_STATIC,MATCHED_SHADE_STYLE_PARETO,output_bytes,EQUAL_CHARGED_WORK_TASK_PAIRS,140,140,0.99101037866519437,0.9906511321995678,0.99044062382562947,0.99336532794476717,,NOT_APPLICABLE,NOT_CONFIRMATORY__ZERO_DENOMINATOR_AND_FAILURE_HANDLING_NOT_RESULT_BLIND_FROZEN,PRE_R10_SUPPORTING_DESCRIPTIVE_RESULT_AWARE__NO_NEW_CONFIRMATORY_INFERENCE
3,E1_STATIC__F22_MG_STATIC__VS__MATCHED_SHADE_STYLE_PARETO,E1_STATIC,F22_MG_STATIC,MATCHED_SHADE_STYLE_PARETO,output_bytes,BOTH_ALL_EVENTS_ACCEPTED_TASK_PAIRS,140,140,0.99101037866519437,0.9906511321995678,0.99044062382562947,0.99336532794476717,,NOT_APPLICABLE,NOT_CONFIRMATORY__ZERO_DENOMINATOR_AND_FAILURE_HANDLING_NOT_RESULT_BLIND_FROZEN,PRE_R10_SUPPORTING_DESCRIPTIVE_RESULT_AWARE__NO_NEW_CONFIRMATORY_INFERENCE
3,E1_STATIC__F22_MG_STATIC__VS__MATCHED_SHADE_STYLE_PARETO,E1_STATIC,F22_MG_STATIC,MATCHED_SHADE_STYLE_PARETO,charged_cfe,ALL_COMPLETED_TASK_PAIRS,140,140,1,1,1,1,,NOT_APPLICABLE,NOT_CONFIRMATORY__ZERO_DENOMINATOR_AND_FAILURE_HANDLING_NOT_RESULT_BLIND_FROZEN,PRE_R10_SUPPORTING_DESCRIPTIVE_RESULT_AWARE__NO_NEW_CONFIRMATORY_INFERENCE
3,E1_STATIC__F22_MG_STATIC__VS__MATCHED_SHADE_STYLE_PARETO,E1_STATIC,F22_MG_STATIC,MATCHED_SHADE_STYLE_PARETO,charged_cfe,EQUAL_CHARGED_WORK_TASK_PAIRS,140,140,1,1,1,1,,NOT_APPLICABLE,NOT_CONFIRMATORY__ZERO_DENOMINATOR_AND_FAILURE_HANDLING_NOT_RESULT_BLIND_FROZEN,PRE_R10_SUPPORTING_DESCRIPTIVE_RESULT_AWARE__NO_NEW_CONFIRMATORY_INFERENCE
3,E1_STATIC__F22_MG_STATIC__VS__MATCHED_SHADE_STYLE_PARETO,E1_STATIC,F22_MG_STATIC,MATCHED_SHADE_STYLE_PARETO,charged_cfe,BOTH_ALL_EVENTS_ACCEPTED_TASK_PAIRS,140,140,1,1,1,1,,NOT_APPLICABLE,NOT_CONFIRMATORY__ZERO_DENOMINATOR_AND_FAILURE_HANDLING_NOT_RESULT_BLIND_FROZEN,PRE_R10_SUPPORTING_DESCRIPTIVE_RESULT_AWARE__NO_NEW_CONFIRMATORY_INFERENCE
3,E1_STATIC__F22_MG_STATIC__VS__MATCHED_SHADE_STYLE_PARETO,E1_STATIC,F22_MG_STATIC,MATCHED_SHADE_STYLE_PARETO,charged_atomic_model_steps,ALL_COMPLETED_TASK_PAIRS,140,140,1,1,1,1,,NOT_APPLICABLE,NOT_CONFIRMATORY__ZERO_DENOMINATOR_AND_FAILURE_HANDLING_NOT_RESULT_BLIND_FROZEN,PRE_R10_SUPPORTING_DESCRIPTIVE_RESULT_AWARE__NO_NEW_CONFIRMATORY_INFERENCE
3,E1_STATIC__F22_MG_STATIC__VS__MATCHED_SHADE_STYLE_PARETO,E1_STATIC,F22_MG_STATIC,MATCHED_SHADE_STYLE_PARETO,charged_atomic_model_steps,EQUAL_CHARGED_WORK_TASK_PAIRS,140,140,1,1,1,1,,NOT_APPLICABLE,NOT_CONFIRMATORY__ZERO_DENOMINATOR_AND_FAILURE_HANDLING_NOT_RESULT_BLIND_FROZEN,PRE_R10_SUPPORTING_DESCRIPTIVE_RESULT_AWARE__NO_NEW_CONFIRMATORY_INFERENCE
3,E1_STATIC__F22_MG_STATIC__VS__MATCHED_SHADE_STYLE_PARETO,E1_STATIC,F22_MG_STATIC,MATCHED_SHADE_STYLE_PARETO,charged_atomic_model_steps,BOTH_ALL_EVENTS_ACCEPTED_TASK_PAIRS,140,140,1,1,1,1,,NOT_APPLICABLE,NOT_CONFIRMATORY__ZERO_DENOMINATOR_AND_FAILURE_HANDLING_NOT_RESULT_BLIND_FROZEN,PRE_R10_SUPPORTING_DESCRIPTIVE_RESULT_AWARE__NO_NEW_CONFIRMATORY_INFERENCE
4,E1_STATIC__F22_MG_STATIC__VS__JMETALPY_1_7_GDE3_STANDARD_PARETO_DE,E1_STATIC,F22_MG_STATIC,JMETALPY_1_7_GDE3_STANDARD_PARETO_DE,wall_seconds,ALL_COMPLETED_TASK_PAIRS,140,140,0.85465237585127996,0.81195596218975297,0.74950924288104526,1.1671581485714713,1.5,AT_OR_BELOW_POINT_MARGIN,NOT_CONFIRMATORY__ZERO_DENOMINATOR_AND_FAILURE_HANDLING_NOT_RESULT_BLIND_FROZEN,PRE_R10_SUPPORTING_DESCRIPTIVE_RESULT_AWARE__NO_NEW_CONFIRMATORY_INFERENCE
4,E1_STATIC__F22_MG_STATIC__VS__JMETALPY_1_7_GDE3_STANDARD_PARETO_DE,E1_STATIC,F22_MG_STATIC,JMETALPY_1_7_GDE3_STANDARD_PARETO_DE,wall_seconds,EQUAL_CHARGED_WORK_TASK_PAIRS,140,140,0.85465237585127996,0.81195596218975297,0.74950924288104526,1.1671581485714713,1.5,AT_OR_BELOW_POINT_MARGIN,NOT_CONFIRMATORY__ZERO_DENOMINATOR_AND_FAILURE_HANDLING_NOT_RESULT_BLIND_FROZEN,PRE_R10_SUPPORTING_DESCRIPTIVE_RESULT_AWARE__NO_NEW_CONFIRMATORY_INFERENCE
4,E1_STATIC__F22_MG_STATIC__VS__JMETALPY_1_7_GDE3_STANDARD_PARETO_DE,E1_STATIC,F22_MG_STATIC,JMETALPY_1_7_GDE3_STANDARD_PARETO_DE,wall_seconds,BOTH_ALL_EVENTS_ACCEPTED_TASK_PAIRS,140,140,0.85465237585127996,0.81195596218975297,0.74950924288104526,1.1671581485714713,1.5,AT_OR_BELOW_POINT_MARGIN,NOT_CONFIRMATORY__ZERO_DENOMINATOR_AND_FAILURE_HANDLING_NOT_RESULT_BLIND_FROZEN,PRE_R10_SUPPORTING_DESCRIPTIVE_RESULT_AWARE__NO_NEW_CONFIRMATORY_INFERENCE
4,E1_STATIC__F22_MG_STATIC__VS__JMETALPY_1_7_GDE3_STANDARD_PARETO_DE,E1_STATIC,F22_MG_STATIC,JMETALPY_1_7_GDE3_STANDARD_PARETO_DE,cpu_seconds,ALL_COMPLETED_TASK_PAIRS,140,140,0.83568631307725483,0.80177588258085741,0.73752683638689465,1.1617572058933217,,NOT_APPLICABLE,NOT_CONFIRMATORY__ZERO_DENOMINATOR_AND_FAILURE_HANDLING_NOT_RESULT_BLIND_FROZEN,PRE_R10_SUPPORTING_DESCRIPTIVE_RESULT_AWARE__NO_NEW_CONFIRMATORY_INFERENCE
4,E1_STATIC__F22_MG_STATIC__VS__JMETALPY_1_7_GDE3_STANDARD_PARETO_DE,E1_STATIC,F22_MG_STATIC,JMETALPY_1_7_GDE3_STANDARD_PARETO_DE,cpu_seconds,EQUAL_CHARGED_WORK_TASK_PAIRS,140,140,0.83568631307725483,0.80177588258085741,0.73752683638689465,1.1617572058933217,,NOT_APPLICABLE,NOT_CONFIRMATORY__ZERO_DENOMINATOR_AND_FAILURE_HANDLING_NOT_RESULT_BLIND_FROZEN,PRE_R10_SUPPORTING_DESCRIPTIVE_RESULT_AWARE__NO_NEW_CONFIRMATORY_INFERENCE
4,E1_STATIC__F22_MG_STATIC__VS__JMETALPY_1_7_GDE3_STANDARD_PARETO_DE,E1_STATIC,F22_MG_STATIC,JMETALPY_1_7_GDE3_STANDARD_PARETO_DE,cpu_seconds,BOTH_ALL_EVENTS_ACCEPTED_TASK_PAIRS,140,140,0.83568631307725483,0.80177588258085741,0.73752683638689465,1.1617572058933217,,NOT_APPLICABLE,NOT_CONFIRMATORY__ZERO_DENOMINATOR_AND_FAILURE_HANDLING_NOT_RESULT_BLIND_FROZEN,PRE_R10_SUPPORTING_DESCRIPTIVE_RESULT_AWARE__NO_NEW_CONFIRMATORY_INFERENCE
4,E1_STATIC__F22_MG_STATIC__VS__JMETALPY_1_7_GDE3_STANDARD_PARETO_DE,E1_STATIC,F22_MG_STATIC,JMETALPY_1_7_GDE3_STANDARD_PARETO_DE,peak_rss_bytes,ALL_COMPLETED_TASK_PAIRS,140,140,0.89887251285277481,0.9022234468525212,0.78650919274321196,0.95652501506931886,2,AT_OR_BELOW_POINT_MARGIN,NOT_CONFIRMATORY__ZERO_DENOMINATOR_AND_FAILURE_HANDLING_NOT_RESULT_BLIND_FROZEN,PRE_R10_SUPPORTING_DESCRIPTIVE_RESULT_AWARE__NO_NEW_CONFIRMATORY_INFERENCE
4,E1_STATIC__F22_MG_STATIC__VS__JMETALPY_1_7_GDE3_STANDARD_PARETO_DE,E1_STATIC,F22_MG_STATIC,JMETALPY_1_7_GDE3_STANDARD_PARETO_DE,peak_rss_bytes,EQUAL_CHARGED_WORK_TASK_PAIRS,140,140,0.89887251285277481,0.9022234468525212,0.78650919274321196,0.95652501506931886,2,AT_OR_BELOW_POINT_MARGIN,NOT_CONFIRMATORY__ZERO_DENOMINATOR_AND_FAILURE_HANDLING_NOT_RESULT_BLIND_FROZEN,PRE_R10_SUPPORTING_DESCRIPTIVE_RESULT_AWARE__NO_NEW_CONFIRMATORY_INFERENCE
4,E1_STATIC__F22_MG_STATIC__VS__JMETALPY_1_7_GDE3_STANDARD_PARETO_DE,E1_STATIC,F22_MG_STATIC,JMETALPY_1_7_GDE3_STANDARD_PARETO_DE,peak_rss_bytes,BOTH_ALL_EVENTS_ACCEPTED_TASK_PAIRS,140,140,0.89887251285277481,0.9022234468525212,0.78650919274321196,0.95652501506931886,2,AT_OR_BELOW_POINT_MARGIN,NOT_CONFIRMATORY__ZERO_DENOMINATOR_AND_FAILURE_HANDLING_NOT_RESULT_BLIND_FROZEN,PRE_R10_SUPPORTING_DESCRIPTIVE_RESULT_AWARE__NO_NEW_CONFIRMATORY_INFERENCE
4,E1_STATIC__F22_MG_STATIC__VS__JMETALPY_1_7_GDE3_STANDARD_PARETO_DE,E1_STATIC,F22_MG_STATIC,JMETALPY_1_7_GDE3_STANDARD_PARETO_DE,output_bytes,ALL_COMPLETED_TASK_PAIRS,140,140,0.98381677803018375,0.9831470495658976,0.98296156445936178,0.98802465413861251,,NOT_APPLICABLE,NOT_CONFIRMATORY__ZERO_DENOMINATOR_AND_FAILURE_HANDLING_NOT_RESULT_BLIND_FROZEN,PRE_R10_SUPPORTING_DESCRIPTIVE_RESULT_AWARE__NO_NEW_CONFIRMATORY_INFERENCE
4,E1_STATIC__F22_MG_STATIC__VS__JMETALPY_1_7_GDE3_STANDARD_PARETO_DE,E1_STATIC,F22_MG_STATIC,JMETALPY_1_7_GDE3_STANDARD_PARETO_DE,output_bytes,EQUAL_CHARGED_WORK_TASK_PAIRS,140,140,0.98381677803018375,0.9831470495658976,0.98296156445936178,0.98802465413861251,,NOT_APPLICABLE,NOT_CONFIRMATORY__ZERO_DENOMINATOR_AND_FAILURE_HANDLING_NOT_RESULT_BLIND_FROZEN,PRE_R10_SUPPORTING_DESCRIPTIVE_RESULT_AWARE__NO_NEW_CONFIRMATORY_INFERENCE
4,E1_STATIC__F22_MG_STATIC__VS__JMETALPY_1_7_GDE3_STANDARD_PARETO_DE,E1_STATIC,F22_MG_STATIC,JMETALPY_1_7_GDE3_STANDARD_PARETO_DE,output_bytes,BOTH_ALL_EVENTS_ACCEPTED_TASK_PAIRS,140,140,0.98381677803018375,0.9831470495658976,0.98296156445936178,0.98802465413861251,,NOT_APPLICABLE,NOT_CONFIRMATORY__ZERO_DENOMINATOR_AND_FAILURE_HANDLING_NOT_RESULT_BLIND_FROZEN,PRE_R10_SUPPORTING_DESCRIPTIVE_RESULT_AWARE__NO_NEW_CONFIRMATORY_INFERENCE
4,E1_STATIC__F22_MG_STATIC__VS__JMETALPY_1_7_GDE3_STANDARD_PARETO_DE,E1_STATIC,F22_MG_STATIC,JMETALPY_1_7_GDE3_STANDARD_PARETO_DE,charged_cfe,ALL_COMPLETED_TASK_PAIRS,140,140,1,1,1,1,,NOT_APPLICABLE,NOT_CONFIRMATORY__ZERO_DENOMINATOR_AND_FAILURE_HANDLING_NOT_RESULT_BLIND_FROZEN,PRE_R10_SUPPORTING_DESCRIPTIVE_RESULT_AWARE__NO_NEW_CONFIRMATORY_INFERENCE
4,E1_STATIC__F22_MG_STATIC__VS__JMETALPY_1_7_GDE3_STANDARD_PARETO_DE,E1_STATIC,F22_MG_STATIC,JMETALPY_1_7_GDE3_STANDARD_PARETO_DE,charged_cfe,EQUAL_CHARGED_WORK_TASK_PAIRS,140,140,1,1,1,1,,NOT_APPLICABLE,NOT_CONFIRMATORY__ZERO_DENOMINATOR_AND_FAILURE_HANDLING_NOT_RESULT_BLIND_FROZEN,PRE_R10_SUPPORTING_DESCRIPTIVE_RESULT_AWARE__NO_NEW_CONFIRMATORY_INFERENCE
4,E1_STATIC__F22_MG_STATIC__VS__JMETALPY_1_7_GDE3_STANDARD_PARETO_DE,E1_STATIC,F22_MG_STATIC,JMETALPY_1_7_GDE3_STANDARD_PARETO_DE,charged_cfe,BOTH_ALL_EVENTS_ACCEPTED_TASK_PAIRS,140,140,1,1,1,1,,NOT_APPLICABLE,NOT_CONFIRMATORY__ZERO_DENOMINATOR_AND_FAILURE_HANDLING_NOT_RESULT_BLIND_FROZEN,PRE_R10_SUPPORTING_DESCRIPTIVE_RESULT_AWARE__NO_NEW_CONFIRMATORY_INFERENCE
4,E1_STATIC__F22_MG_STATIC__VS__JMETALPY_1_7_GDE3_STANDARD_PARETO_DE,E1_STATIC,F22_MG_STATIC,JMETALPY_1_7_GDE3_STANDARD_PARETO_DE,charged_atomic_model_steps,ALL_COMPLETED_TASK_PAIRS,140,140,1,1,1,1,,NOT_APPLICABLE,NOT_CONFIRMATORY__ZERO_DENOMINATOR_AND_FAILURE_HANDLING_NOT_RESULT_BLIND_FROZEN,PRE_R10_SUPPORTING_DESCRIPTIVE_RESULT_AWARE__NO_NEW_CONFIRMATORY_INFERENCE
4,E1_STATIC__F22_MG_STATIC__VS__JMETALPY_1_7_GDE3_STANDARD_PARETO_DE,E1_STATIC,F22_MG_STATIC,JMETALPY_1_7_GDE3_STANDARD_PARETO_DE,charged_atomic_model_steps,EQUAL_CHARGED_WORK_TASK_PAIRS,140,140,1,1,1,1,,NOT_APPLICABLE,NOT_CONFIRMATORY__ZERO_DENOMINATOR_AND_FAILURE_HANDLING_NOT_RESULT_BLIND_FROZEN,PRE_R10_SUPPORTING_DESCRIPTIVE_RESULT_AWARE__NO_NEW_CONFIRMATORY_INFERENCE
4,E1_STATIC__F22_MG_STATIC__VS__JMETALPY_1_7_GDE3_STANDARD_PARETO_DE,E1_STATIC,F22_MG_STATIC,JMETALPY_1_7_GDE3_STANDARD_PARETO_DE,charged_atomic_model_steps,BOTH_ALL_EVENTS_ACCEPTED_TASK_PAIRS,140,140,1,1,1,1,,NOT_APPLICABLE,NOT_CONFIRMATORY__ZERO_DENOMINATOR_AND_FAILURE_HANDLING_NOT_RESULT_BLIND_FROZEN,PRE_R10_SUPPORTING_DESCRIPTIVE_RESULT_AWARE__NO_NEW_CONFIRMATORY_INFERENCE
5,E1_STATIC__F22_MG_STATIC__VS__JMETALPY_1_7_NSGAII_STATIC_CMOEA,E1_STATIC,F22_MG_STATIC,JMETALPY_1_7_NSGAII_STATIC_CMOEA,wall_seconds,ALL_COMPLETED_TASK_PAIRS,140,140,0.84822601404193154,0.80072714583217863,0.74822739518403913,1.1678224058967297,1.5,AT_OR_BELOW_POINT_MARGIN,NOT_CONFIRMATORY__ZERO_DENOMINATOR_AND_FAILURE_HANDLING_NOT_RESULT_BLIND_FROZEN,PRE_R10_SUPPORTING_DESCRIPTIVE_RESULT_AWARE__NO_NEW_CONFIRMATORY_INFERENCE
5,E1_STATIC__F22_MG_STATIC__VS__JMETALPY_1_7_NSGAII_STATIC_CMOEA,E1_STATIC,F22_MG_STATIC,JMETALPY_1_7_NSGAII_STATIC_CMOEA,wall_seconds,EQUAL_CHARGED_WORK_TASK_PAIRS,140,140,0.84822601404193154,0.80072714583217863,0.74822739518403913,1.1678224058967297,1.5,AT_OR_BELOW_POINT_MARGIN,NOT_CONFIRMATORY__ZERO_DENOMINATOR_AND_FAILURE_HANDLING_NOT_RESULT_BLIND_FROZEN,PRE_R10_SUPPORTING_DESCRIPTIVE_RESULT_AWARE__NO_NEW_CONFIRMATORY_INFERENCE
5,E1_STATIC__F22_MG_STATIC__VS__JMETALPY_1_7_NSGAII_STATIC_CMOEA,E1_STATIC,F22_MG_STATIC,JMETALPY_1_7_NSGAII_STATIC_CMOEA,wall_seconds,BOTH_ALL_EVENTS_ACCEPTED_TASK_PAIRS,140,140,0.84822601404193154,0.80072714583217863,0.74822739518403913,1.1678224058967297,1.5,AT_OR_BELOW_POINT_MARGIN,NOT_CONFIRMATORY__ZERO_DENOMINATOR_AND_FAILURE_HANDLING_NOT_RESULT_BLIND_FROZEN,PRE_R10_SUPPORTING_DESCRIPTIVE_RESULT_AWARE__NO_NEW_CONFIRMATORY_INFERENCE
5,E1_STATIC__F22_MG_STATIC__VS__JMETALPY_1_7_NSGAII_STATIC_CMOEA,E1_STATIC,F22_MG_STATIC,JMETALPY_1_7_NSGAII_STATIC_CMOEA,cpu_seconds,ALL_COMPLETED_TASK_PAIRS,140,140,0.82869177508553293,0.79126788913110313,0.7144023879996505,1.20475493110072,,NOT_APPLICABLE,NOT_CONFIRMATORY__ZERO_DENOMINATOR_AND_FAILURE_HANDLING_NOT_RESULT_BLIND_FROZEN,PRE_R10_SUPPORTING_DESCRIPTIVE_RESULT_AWARE__NO_NEW_CONFIRMATORY_INFERENCE
5,E1_STATIC__F22_MG_STATIC__VS__JMETALPY_1_7_NSGAII_STATIC_CMOEA,E1_STATIC,F22_MG_STATIC,JMETALPY_1_7_NSGAII_STATIC_CMOEA,cpu_seconds,EQUAL_CHARGED_WORK_TASK_PAIRS,140,140,0.82869177508553293,0.79126788913110313,0.7144023879996505,1.20475493110072,,NOT_APPLICABLE,NOT_CONFIRMATORY__ZERO_DENOMINATOR_AND_FAILURE_HANDLING_NOT_RESULT_BLIND_FROZEN,PRE_R10_SUPPORTING_DESCRIPTIVE_RESULT_AWARE__NO_NEW_CONFIRMATORY_INFERENCE
5,E1_STATIC__F22_MG_STATIC__VS__JMETALPY_1_7_NSGAII_STATIC_CMOEA,E1_STATIC,F22_MG_STATIC,JMETALPY_1_7_NSGAII_STATIC_CMOEA,cpu_seconds,BOTH_ALL_EVENTS_ACCEPTED_TASK_PAIRS,140,140,0.82869177508553293,0.79126788913110313,0.7144023879996505,1.20475493110072,,NOT_APPLICABLE,NOT_CONFIRMATORY__ZERO_DENOMINATOR_AND_FAILURE_HANDLING_NOT_RESULT_BLIND_FROZEN,PRE_R10_SUPPORTING_DESCRIPTIVE_RESULT_AWARE__NO_NEW_CONFIRMATORY_INFERENCE
5,E1_STATIC__F22_MG_STATIC__VS__JMETALPY_1_7_NSGAII_STATIC_CMOEA,E1_STATIC,F22_MG_STATIC,JMETALPY_1_7_NSGAII_STATIC_CMOEA,peak_rss_bytes,ALL_COMPLETED_TASK_PAIRS,140,140,0.90699874502083444,0.9039851047687415,0.88335919603931135,0.95946322178295007,2,AT_OR_BELOW_POINT_MARGIN,NOT_CONFIRMATORY__ZERO_DENOMINATOR_AND_FAILURE_HANDLING_NOT_RESULT_BLIND_FROZEN,PRE_R10_SUPPORTING_DESCRIPTIVE_RESULT_AWARE__NO_NEW_CONFIRMATORY_INFERENCE
5,E1_STATIC__F22_MG_STATIC__VS__JMETALPY_1_7_NSGAII_STATIC_CMOEA,E1_STATIC,F22_MG_STATIC,JMETALPY_1_7_NSGAII_STATIC_CMOEA,peak_rss_bytes,EQUAL_CHARGED_WORK_TASK_PAIRS,140,140,0.90699874502083444,0.9039851047687415,0.88335919603931135,0.95946322178295007,2,AT_OR_BELOW_POINT_MARGIN,NOT_CONFIRMATORY__ZERO_DENOMINATOR_AND_FAILURE_HANDLING_NOT_RESULT_BLIND_FROZEN,PRE_R10_SUPPORTING_DESCRIPTIVE_RESULT_AWARE__NO_NEW_CONFIRMATORY_INFERENCE
5,E1_STATIC__F22_MG_STATIC__VS__JMETALPY_1_7_NSGAII_STATIC_CMOEA,E1_STATIC,F22_MG_STATIC,JMETALPY_1_7_NSGAII_STATIC_CMOEA,peak_rss_bytes,BOTH_ALL_EVENTS_ACCEPTED_TASK_PAIRS,140,140,0.90699874502083444,0.9039851047687415,0.88335919603931135,0.95946322178295007,2,AT_OR_BELOW_POINT_MARGIN,NOT_CONFIRMATORY__ZERO_DENOMINATOR_AND_FAILURE_HANDLING_NOT_RESULT_BLIND_FROZEN,PRE_R10_SUPPORTING_DESCRIPTIVE_RESULT_AWARE__NO_NEW_CONFIRMATORY_INFERENCE
5,E1_STATIC__F22_MG_STATIC__VS__JMETALPY_1_7_NSGAII_STATIC_CMOEA,E1_STATIC,F22_MG_STATIC,JMETALPY_1_7_NSGAII_STATIC_CMOEA,output_bytes,ALL_COMPLETED_TASK_PAIRS,140,140,0.98199599141197746,0.98124752797747838,0.98103945654196911,0.98663656129787591,,NOT_APPLICABLE,NOT_CONFIRMATORY__ZERO_DENOMINATOR_AND_FAILURE_HANDLING_NOT_RESULT_BLIND_FROZEN,PRE_R10_SUPPORTING_DESCRIPTIVE_RESULT_AWARE__NO_NEW_CONFIRMATORY_INFERENCE
5,E1_STATIC__F22_MG_STATIC__VS__JMETALPY_1_7_NSGAII_STATIC_CMOEA,E1_STATIC,F22_MG_STATIC,JMETALPY_1_7_NSGAII_STATIC_CMOEA,output_bytes,EQUAL_CHARGED_WORK_TASK_PAIRS,140,140,0.98199599141197746,0.98124752797747838,0.98103945654196911,0.98663656129787591,,NOT_APPLICABLE,NOT_CONFIRMATORY__ZERO_DENOMINATOR_AND_FAILURE_HANDLING_NOT_RESULT_BLIND_FROZEN,PRE_R10_SUPPORTING_DESCRIPTIVE_RESULT_AWARE__NO_NEW_CONFIRMATORY_INFERENCE
5,E1_STATIC__F22_MG_STATIC__VS__JMETALPY_1_7_NSGAII_STATIC_CMOEA,E1_STATIC,F22_MG_STATIC,JMETALPY_1_7_NSGAII_STATIC_CMOEA,output_bytes,BOTH_ALL_EVENTS_ACCEPTED_TASK_PAIRS,140,140,0.98199599141197746,0.98124752797747838,0.98103945654196911,0.98663656129787591,,NOT_APPLICABLE,NOT_CONFIRMATORY__ZERO_DENOMINATOR_AND_FAILURE_HANDLING_NOT_RESULT_BLIND_FROZEN,PRE_R10_SUPPORTING_DESCRIPTIVE_RESULT_AWARE__NO_NEW_CONFIRMATORY_INFERENCE
5,E1_STATIC__F22_MG_STATIC__VS__JMETALPY_1_7_NSGAII_STATIC_CMOEA,E1_STATIC,F22_MG_STATIC,JMETALPY_1_7_NSGAII_STATIC_CMOEA,charged_cfe,ALL_COMPLETED_TASK_PAIRS,140,140,1,1,1,1,,NOT_APPLICABLE,NOT_CONFIRMATORY__ZERO_DENOMINATOR_AND_FAILURE_HANDLING_NOT_RESULT_BLIND_FROZEN,PRE_R10_SUPPORTING_DESCRIPTIVE_RESULT_AWARE__NO_NEW_CONFIRMATORY_INFERENCE
5,E1_STATIC__F22_MG_STATIC__VS__JMETALPY_1_7_NSGAII_STATIC_CMOEA,E1_STATIC,F22_MG_STATIC,JMETALPY_1_7_NSGAII_STATIC_CMOEA,charged_cfe,EQUAL_CHARGED_WORK_TASK_PAIRS,140,140,1,1,1,1,,NOT_APPLICABLE,NOT_CONFIRMATORY__ZERO_DENOMINATOR_AND_FAILURE_HANDLING_NOT_RESULT_BLIND_FROZEN,PRE_R10_SUPPORTING_DESCRIPTIVE_RESULT_AWARE__NO_NEW_CONFIRMATORY_INFERENCE
5,E1_STATIC__F22_MG_STATIC__VS__JMETALPY_1_7_NSGAII_STATIC_CMOEA,E1_STATIC,F22_MG_STATIC,JMETALPY_1_7_NSGAII_STATIC_CMOEA,charged_cfe,BOTH_ALL_EVENTS_ACCEPTED_TASK_PAIRS,140,140,1,1,1,1,,NOT_APPLICABLE,NOT_CONFIRMATORY__ZERO_DENOMINATOR_AND_FAILURE_HANDLING_NOT_RESULT_BLIND_FROZEN,PRE_R10_SUPPORTING_DESCRIPTIVE_RESULT_AWARE__NO_NEW_CONFIRMATORY_INFERENCE
5,E1_STATIC__F22_MG_STATIC__VS__JMETALPY_1_7_NSGAII_STATIC_CMOEA,E1_STATIC,F22_MG_STATIC,JMETALPY_1_7_NSGAII_STATIC_CMOEA,charged_atomic_model_steps,ALL_COMPLETED_TASK_PAIRS,140,140,1,1,1,1,,NOT_APPLICABLE,NOT_CONFIRMATORY__ZERO_DENOMINATOR_AND_FAILURE_HANDLING_NOT_RESULT_BLIND_FROZEN,PRE_R10_SUPPORTING_DESCRIPTIVE_RESULT_AWARE__NO_NEW_CONFIRMATORY_INFERENCE
5,E1_STATIC__F22_MG_STATIC__VS__JMETALPY_1_7_NSGAII_STATIC_CMOEA,E1_STATIC,F22_MG_STATIC,JMETALPY_1_7_NSGAII_STATIC_CMOEA,charged_atomic_model_steps,EQUAL_CHARGED_WORK_TASK_PAIRS,140,140,1,1,1,1,,NOT_APPLICABLE,NOT_CONFIRMATORY__ZERO_DENOMINATOR_AND_FAILURE_HANDLING_NOT_RESULT_BLIND_FROZEN,PRE_R10_SUPPORTING_DESCRIPTIVE_RESULT_AWARE__NO_NEW_CONFIRMATORY_INFERENCE
5,E1_STATIC__F22_MG_STATIC__VS__JMETALPY_1_7_NSGAII_STATIC_CMOEA,E1_STATIC,F22_MG_STATIC,JMETALPY_1_7_NSGAII_STATIC_CMOEA,charged_atomic_model_steps,BOTH_ALL_EVENTS_ACCEPTED_TASK_PAIRS,140,140,1,1,1,1,,NOT_APPLICABLE,NOT_CONFIRMATORY__ZERO_DENOMINATOR_AND_FAILURE_HANDLING_NOT_RESULT_BLIND_FROZEN,PRE_R10_SUPPORTING_DESCRIPTIVE_RESULT_AWARE__NO_NEW_CONFIRMATORY_INFERENCE
6,E1_DYNAMIC__DT-RAMDE_TS2_FULL__VS__MATCHED_FIXED_DE_PARETO,E1_DYNAMIC,DT-RAMDE_TS2_FULL,MATCHED_FIXED_DE_PARETO,wall_seconds,ALL_COMPLETED_TASK_PAIRS,150,150,1.9665796390193582,2.1056068404911201,0.64433796820274702,2.2061461185123923,1.5,ABOVE_POINT_MARGIN,NOT_CONFIRMATORY__ZERO_DENOMINATOR_AND_FAILURE_HANDLING_NOT_RESULT_BLIND_FROZEN,PRE_R10_SUPPORTING_DESCRIPTIVE_RESULT_AWARE__NO_NEW_CONFIRMATORY_INFERENCE
6,E1_DYNAMIC__DT-RAMDE_TS2_FULL__VS__MATCHED_FIXED_DE_PARETO,E1_DYNAMIC,DT-RAMDE_TS2_FULL,MATCHED_FIXED_DE_PARETO,wall_seconds,EQUAL_CHARGED_WORK_TASK_PAIRS,150,140,2.1132797270480381,2.1277485576306621,2.0004352566748596,2.2061461185123923,1.5,ABOVE_POINT_MARGIN,NOT_CONFIRMATORY__ZERO_DENOMINATOR_AND_FAILURE_HANDLING_NOT_RESULT_BLIND_FROZEN,PRE_R10_SUPPORTING_DESCRIPTIVE_RESULT_AWARE__NO_NEW_CONFIRMATORY_INFERENCE
6,E1_DYNAMIC__DT-RAMDE_TS2_FULL__VS__MATCHED_FIXED_DE_PARETO,E1_DYNAMIC,DT-RAMDE_TS2_FULL,MATCHED_FIXED_DE_PARETO,wall_seconds,BOTH_ALL_EVENTS_ACCEPTED_TASK_PAIRS,150,140,2.1132797270480381,2.1277485576306621,2.0004352566748596,2.2061461185123923,1.5,ABOVE_POINT_MARGIN,NOT_CONFIRMATORY__ZERO_DENOMINATOR_AND_FAILURE_HANDLING_NOT_RESULT_BLIND_FROZEN,PRE_R10_SUPPORTING_DESCRIPTIVE_RESULT_AWARE__NO_NEW_CONFIRMATORY_INFERENCE
6,E1_DYNAMIC__DT-RAMDE_TS2_FULL__VS__MATCHED_FIXED_DE_PARETO,E1_DYNAMIC,DT-RAMDE_TS2_FULL,MATCHED_FIXED_DE_PARETO,cpu_seconds,ALL_COMPLETED_TASK_PAIRS,150,150,2.0388574984285404,2.2004373125043761,0.62945790358901632,2.3002125192949636,,NOT_APPLICABLE,NOT_CONFIRMATORY__ZERO_DENOMINATOR_AND_FAILURE_HANDLING_NOT_RESULT_BLIND_FROZEN,PRE_R10_SUPPORTING_DESCRIPTIVE_RESULT_AWARE__NO_NEW_CONFIRMATORY_INFERENCE
6,E1_DYNAMIC__DT-RAMDE_TS2_FULL__VS__MATCHED_FIXED_DE_PARETO,E1_DYNAMIC,DT-RAMDE_TS2_FULL,MATCHED_FIXED_DE_PARETO,cpu_seconds,EQUAL_CHARGED_WORK_TASK_PAIRS,150,140,2.2002519652115762,2.2029959487975583,2.0374841194984956,2.3002125192949636,,NOT_APPLICABLE,NOT_CONFIRMATORY__ZERO_DENOMINATOR_AND_FAILURE_HANDLING_NOT_RESULT_BLIND_FROZEN,PRE_R10_SUPPORTING_DESCRIPTIVE_RESULT_AWARE__NO_NEW_CONFIRMATORY_INFERENCE
6,E1_DYNAMIC__DT-RAMDE_TS2_FULL__VS__MATCHED_FIXED_DE_PARETO,E1_DYNAMIC,DT-RAMDE_TS2_FULL,MATCHED_FIXED_DE_PARETO,cpu_seconds,BOTH_ALL_EVENTS_ACCEPTED_TASK_PAIRS,150,140,2.2002519652115762,2.2029959487975583,2.0374841194984956,2.3002125192949636,,NOT_APPLICABLE,NOT_CONFIRMATORY__ZERO_DENOMINATOR_AND_FAILURE_HANDLING_NOT_RESULT_BLIND_FROZEN,PRE_R10_SUPPORTING_DESCRIPTIVE_RESULT_AWARE__NO_NEW_CONFIRMATORY_INFERENCE
6,E1_DYNAMIC__DT-RAMDE_TS2_FULL__VS__MATCHED_FIXED_DE_PARETO,E1_DYNAMIC,DT-RAMDE_TS2_FULL,MATCHED_FIXED_DE_PARETO,peak_rss_bytes,ALL_COMPLETED_TASK_PAIRS,150,150,1.0244873417104348,1.0272139417044412,0.98173624288425043,1.0463936430317848,2,AT_OR_BELOW_POINT_MARGIN,NOT_CONFIRMATORY__ZERO_DENOMINATOR_AND_FAILURE_HANDLING_NOT_RESULT_BLIND_FROZEN,PRE_R10_SUPPORTING_DESCRIPTIVE_RESULT_AWARE__NO_NEW_CONFIRMATORY_INFERENCE
6,E1_DYNAMIC__DT-RAMDE_TS2_FULL__VS__MATCHED_FIXED_DE_PARETO,E1_DYNAMIC,DT-RAMDE_TS2_FULL,MATCHED_FIXED_DE_PARETO,peak_rss_bytes,EQUAL_CHARGED_WORK_TASK_PAIRS,150,140,1.0268610575160961,1.0281673440957044,0.99607369374811239,1.0463936430317848,2,AT_OR_BELOW_POINT_MARGIN,NOT_CONFIRMATORY__ZERO_DENOMINATOR_AND_FAILURE_HANDLING_NOT_RESULT_BLIND_FROZEN,PRE_R10_SUPPORTING_DESCRIPTIVE_RESULT_AWARE__NO_NEW_CONFIRMATORY_INFERENCE
6,E1_DYNAMIC__DT-RAMDE_TS2_FULL__VS__MATCHED_FIXED_DE_PARETO,E1_DYNAMIC,DT-RAMDE_TS2_FULL,MATCHED_FIXED_DE_PARETO,peak_rss_bytes,BOTH_ALL_EVENTS_ACCEPTED_TASK_PAIRS,150,140,1.0268610575160961,1.0281673440957044,0.99607369374811239,1.0463936430317848,2,AT_OR_BELOW_POINT_MARGIN,NOT_CONFIRMATORY__ZERO_DENOMINATOR_AND_FAILURE_HANDLING_NOT_RESULT_BLIND_FROZEN,PRE_R10_SUPPORTING_DESCRIPTIVE_RESULT_AWARE__NO_NEW_CONFIRMATORY_INFERENCE
6,E1_DYNAMIC__DT-RAMDE_TS2_FULL__VS__MATCHED_FIXED_DE_PARETO,E1_DYNAMIC,DT-RAMDE_TS2_FULL,MATCHED_FIXED_DE_PARETO,output_bytes,ALL_COMPLETED_TASK_PAIRS,150,150,0.9430214514850902,0.99982393338057496,0.39480094691105921,0.99982741969786249,,NOT_APPLICABLE,NOT_CONFIRMATORY__ZERO_DENOMINATOR_AND_FAILURE_HANDLING_NOT_RESULT_BLIND_FROZEN,PRE_R10_SUPPORTING_DESCRIPTIVE_RESULT_AWARE__NO_NEW_CONFIRMATORY_INFERENCE
6,E1_DYNAMIC__DT-RAMDE_TS2_FULL__VS__MATCHED_FIXED_DE_PARETO,E1_DYNAMIC,DT-RAMDE_TS2_FULL,MATCHED_FIXED_DE_PARETO,output_bytes,EQUAL_CHARGED_WORK_TASK_PAIRS,150,140,0.99982428194246464,0.99982393345730625,0.99982088311163075,0.99982741969786249,,NOT_APPLICABLE,NOT_CONFIRMATORY__ZERO_DENOMINATOR_AND_FAILURE_HANDLING_NOT_RESULT_BLIND_FROZEN,PRE_R10_SUPPORTING_DESCRIPTIVE_RESULT_AWARE__NO_NEW_CONFIRMATORY_INFERENCE
6,E1_DYNAMIC__DT-RAMDE_TS2_FULL__VS__MATCHED_FIXED_DE_PARETO,E1_DYNAMIC,DT-RAMDE_TS2_FULL,MATCHED_FIXED_DE_PARETO,output_bytes,BOTH_ALL_EVENTS_ACCEPTED_TASK_PAIRS,150,140,0.99982428194246464,0.99982393345730625,0.99982088311163075,0.99982741969786249,,NOT_APPLICABLE,NOT_CONFIRMATORY__ZERO_DENOMINATOR_AND_FAILURE_HANDLING_NOT_RESULT_BLIND_FROZEN,PRE_R10_SUPPORTING_DESCRIPTIVE_RESULT_AWARE__NO_NEW_CONFIRMATORY_INFERENCE
6,E1_DYNAMIC__DT-RAMDE_TS2_FULL__VS__MATCHED_FIXED_DE_PARETO,E1_DYNAMIC,DT-RAMDE_TS2_FULL,MATCHED_FIXED_DE_PARETO,charged_cfe,ALL_COMPLETED_TASK_PAIRS,150,150,0.92785226202857052,1,0.30122333333333334,1,,NOT_APPLICABLE,NOT_CONFIRMATORY__ZERO_DENOMINATOR_AND_FAILURE_HANDLING_NOT_RESULT_BLIND_FROZEN,PRE_R10_SUPPORTING_DESCRIPTIVE_RESULT_AWARE__NO_NEW_CONFIRMATORY_INFERENCE
6,E1_DYNAMIC__DT-RAMDE_TS2_FULL__VS__MATCHED_FIXED_DE_PARETO,E1_DYNAMIC,DT-RAMDE_TS2_FULL,MATCHED_FIXED_DE_PARETO,charged_cfe,EQUAL_CHARGED_WORK_TASK_PAIRS,150,140,1,1,1,1,,NOT_APPLICABLE,NOT_CONFIRMATORY__ZERO_DENOMINATOR_AND_FAILURE_HANDLING_NOT_RESULT_BLIND_FROZEN,PRE_R10_SUPPORTING_DESCRIPTIVE_RESULT_AWARE__NO_NEW_CONFIRMATORY_INFERENCE
6,E1_DYNAMIC__DT-RAMDE_TS2_FULL__VS__MATCHED_FIXED_DE_PARETO,E1_DYNAMIC,DT-RAMDE_TS2_FULL,MATCHED_FIXED_DE_PARETO,charged_cfe,BOTH_ALL_EVENTS_ACCEPTED_TASK_PAIRS,150,140,1,1,1,1,,NOT_APPLICABLE,NOT_CONFIRMATORY__ZERO_DENOMINATOR_AND_FAILURE_HANDLING_NOT_RESULT_BLIND_FROZEN,PRE_R10_SUPPORTING_DESCRIPTIVE_RESULT_AWARE__NO_NEW_CONFIRMATORY_INFERENCE
6,E1_DYNAMIC__DT-RAMDE_TS2_FULL__VS__MATCHED_FIXED_DE_PARETO,E1_DYNAMIC,DT-RAMDE_TS2_FULL,MATCHED_FIXED_DE_PARETO,charged_atomic_model_steps,ALL_COMPLETED_TASK_PAIRS,150,150,0.92785226202857052,1,0.30122333333333334,1,,NOT_APPLICABLE,NOT_CONFIRMATORY__ZERO_DENOMINATOR_AND_FAILURE_HANDLING_NOT_RESULT_BLIND_FROZEN,PRE_R10_SUPPORTING_DESCRIPTIVE_RESULT_AWARE__NO_NEW_CONFIRMATORY_INFERENCE
6,E1_DYNAMIC__DT-RAMDE_TS2_FULL__VS__MATCHED_FIXED_DE_PARETO,E1_DYNAMIC,DT-RAMDE_TS2_FULL,MATCHED_FIXED_DE_PARETO,charged_atomic_model_steps,EQUAL_CHARGED_WORK_TASK_PAIRS,150,140,1,1,1,1,,NOT_APPLICABLE,NOT_CONFIRMATORY__ZERO_DENOMINATOR_AND_FAILURE_HANDLING_NOT_RESULT_BLIND_FROZEN,PRE_R10_SUPPORTING_DESCRIPTIVE_RESULT_AWARE__NO_NEW_CONFIRMATORY_INFERENCE
6,E1_DYNAMIC__DT-RAMDE_TS2_FULL__VS__MATCHED_FIXED_DE_PARETO,E1_DYNAMIC,DT-RAMDE_TS2_FULL,MATCHED_FIXED_DE_PARETO,charged_atomic_model_steps,BOTH_ALL_EVENTS_ACCEPTED_TASK_PAIRS,150,140,1,1,1,1,,NOT_APPLICABLE,NOT_CONFIRMATORY__ZERO_DENOMINATOR_AND_FAILURE_HANDLING_NOT_RESULT_BLIND_FROZEN,PRE_R10_SUPPORTING_DESCRIPTIVE_RESULT_AWARE__NO_NEW_CONFIRMATORY_INFERENCE
7,E1_DYNAMIC__DT-RAMDE_TS2_FULL__VS__MATCHED_JDE_STYLE_PARETO,E1_DYNAMIC,DT-RAMDE_TS2_FULL,MATCHED_JDE_STYLE_PARETO,wall_seconds,ALL_COMPLETED_TASK_PAIRS,150,150,1.9376298622761015,2.0669389327486569,0.6439889524749306,2.2014215835429303,1.5,ABOVE_POINT_MARGIN,NOT_CONFIRMATORY__ZERO_DENOMINATOR_AND_FAILURE_HANDLING_NOT_RESULT_BLIND_FROZEN,PRE_R10_SUPPORTING_DESCRIPTIVE_RESULT_AWARE__NO_NEW_CONFIRMATORY_INFERENCE
7,E1_DYNAMIC__DT-RAMDE_TS2_FULL__VS__MATCHED_JDE_STYLE_PARETO,E1_DYNAMIC,DT-RAMDE_TS2_FULL,MATCHED_JDE_STYLE_PARETO,wall_seconds,EQUAL_CHARGED_WORK_TASK_PAIRS,150,140,2.0809141045247426,2.0809440425533068,1.9383607479351639,2.2014215835429303,1.5,ABOVE_POINT_MARGIN,NOT_CONFIRMATORY__ZERO_DENOMINATOR_AND_FAILURE_HANDLING_NOT_RESULT_BLIND_FROZEN,PRE_R10_SUPPORTING_DESCRIPTIVE_RESULT_AWARE__NO_NEW_CONFIRMATORY_INFERENCE
7,E1_DYNAMIC__DT-RAMDE_TS2_FULL__VS__MATCHED_JDE_STYLE_PARETO,E1_DYNAMIC,DT-RAMDE_TS2_FULL,MATCHED_JDE_STYLE_PARETO,wall_seconds,BOTH_ALL_EVENTS_ACCEPTED_TASK_PAIRS,150,140,2.0809141045247426,2.0809440425533068,1.9383607479351639,2.2014215835429303,1.5,ABOVE_POINT_MARGIN,NOT_CONFIRMATORY__ZERO_DENOMINATOR_AND_FAILURE_HANDLING_NOT_RESULT_BLIND_FROZEN,PRE_R10_SUPPORTING_DESCRIPTIVE_RESULT_AWARE__NO_NEW_CONFIRMATORY_INFERENCE
7,E1_DYNAMIC__DT-RAMDE_TS2_FULL__VS__MATCHED_JDE_STYLE_PARETO,E1_DYNAMIC,DT-RAMDE_TS2_FULL,MATCHED_JDE_STYLE_PARETO,cpu_seconds,ALL_COMPLETED_TASK_PAIRS,150,150,2.0053424895081129,2.1592328602627386,0.62520712489251262,2.2663972958072693,,NOT_APPLICABLE,NOT_CONFIRMATORY__ZERO_DENOMINATOR_AND_FAILURE_HANDLING_NOT_RESULT_BLIND_FROZEN,PRE_R10_SUPPORTING_DESCRIPTIVE_RESULT_AWARE__NO_NEW_CONFIRMATORY_INFERENCE
7,E1_DYNAMIC__DT-RAMDE_TS2_FULL__VS__MATCHED_JDE_STYLE_PARETO,E1_DYNAMIC,DT-RAMDE_TS2_FULL,MATCHED_JDE_STYLE_PARETO,cpu_seconds,EQUAL_CHARGED_WORK_TASK_PAIRS,150,140,2.1623541281049574,2.1634063199712248,1.9959864290800331,2.2663972958072693,,NOT_APPLICABLE,NOT_CONFIRMATORY__ZERO_DENOMINATOR_AND_FAILURE_HANDLING_NOT_RESULT_BLIND_FROZEN,PRE_R10_SUPPORTING_DESCRIPTIVE_RESULT_AWARE__NO_NEW_CONFIRMATORY_INFERENCE
7,E1_DYNAMIC__DT-RAMDE_TS2_FULL__VS__MATCHED_JDE_STYLE_PARETO,E1_DYNAMIC,DT-RAMDE_TS2_FULL,MATCHED_JDE_STYLE_PARETO,cpu_seconds,BOTH_ALL_EVENTS_ACCEPTED_TASK_PAIRS,150,140,2.1623541281049574,2.1634063199712248,1.9959864290800331,2.2663972958072693,,NOT_APPLICABLE,NOT_CONFIRMATORY__ZERO_DENOMINATOR_AND_FAILURE_HANDLING_NOT_RESULT_BLIND_FROZEN,PRE_R10_SUPPORTING_DESCRIPTIVE_RESULT_AWARE__NO_NEW_CONFIRMATORY_INFERENCE
7,E1_DYNAMIC__DT-RAMDE_TS2_FULL__VS__MATCHED_JDE_STYLE_PARETO,E1_DYNAMIC,DT-RAMDE_TS2_FULL,MATCHED_JDE_STYLE_PARETO,peak_rss_bytes,ALL_COMPLETED_TASK_PAIRS,150,150,1.0248353456762676,1.0269633122225694,0.98220851619025029,1.0497321645970294,2,AT_OR_BELOW_POINT_MARGIN,NOT_CONFIRMATORY__ZERO_DENOMINATOR_AND_FAILURE_HANDLING_NOT_RESULT_BLIND_FROZEN,PRE_R10_SUPPORTING_DESCRIPTIVE_RESULT_AWARE__NO_NEW_CONFIRMATORY_INFERENCE
7,E1_DYNAMIC__DT-RAMDE_TS2_FULL__VS__MATCHED_JDE_STYLE_PARETO,E1_DYNAMIC,DT-RAMDE_TS2_FULL,MATCHED_JDE_STYLE_PARETO,peak_rss_bytes,EQUAL_CHARGED_WORK_TASK_PAIRS,150,140,1.0271551119688962,1.028225806451613,0.99637462235649543,1.0497321645970294,2,AT_OR_BELOW_POINT_MARGIN,NOT_CONFIRMATORY__ZERO_DENOMINATOR_AND_FAILURE_HANDLING_NOT_RESULT_BLIND_FROZEN,PRE_R10_SUPPORTING_DESCRIPTIVE_RESULT_AWARE__NO_NEW_CONFIRMATORY_INFERENCE
7,E1_DYNAMIC__DT-RAMDE_TS2_FULL__VS__MATCHED_JDE_STYLE_PARETO,E1_DYNAMIC,DT-RAMDE_TS2_FULL,MATCHED_JDE_STYLE_PARETO,peak_rss_bytes,BOTH_ALL_EVENTS_ACCEPTED_TASK_PAIRS,150,140,1.0271551119688962,1.028225806451613,0.99637462235649543,1.0497321645970294,2,AT_OR_BELOW_POINT_MARGIN,NOT_CONFIRMATORY__ZERO_DENOMINATOR_AND_FAILURE_HANDLING_NOT_RESULT_BLIND_FROZEN,PRE_R10_SUPPORTING_DESCRIPTIVE_RESULT_AWARE__NO_NEW_CONFIRMATORY_INFERENCE
7,E1_DYNAMIC__DT-RAMDE_TS2_FULL__VS__MATCHED_JDE_STYLE_PARETO,E1_DYNAMIC,DT-RAMDE_TS2_FULL,MATCHED_JDE_STYLE_PARETO,output_bytes,ALL_COMPLETED_TASK_PAIRS,150,150,0.94302168155596777,0.99982393353403753,0.39480094691105921,0.99982741984828638,,NOT_APPLICABLE,NOT_CONFIRMATORY__ZERO_DENOMINATOR_AND_FAILURE_HANDLING_NOT_RESULT_BLIND_FROZEN,PRE_R10_SUPPORTING_DESCRIPTIVE_RESULT_AWARE__NO_NEW_CONFIRMATORY_INFERENCE
7,E1_DYNAMIC__DT-RAMDE_TS2_FULL__VS__MATCHED_JDE_STYLE_PARETO,E1_DYNAMIC,DT-RAMDE_TS2_FULL,MATCHED_JDE_STYLE_PARETO,output_bytes,EQUAL_CHARGED_WORK_TASK_PAIRS,150,140,0.99982450292092739,0.99982436876806013,0.99982088326775165,0.99982741984828638,,NOT_APPLICABLE,NOT_CONFIRMATORY__ZERO_DENOMINATOR_AND_FAILURE_HANDLING_NOT_RESULT_BLIND_FROZEN,PRE_R10_SUPPORTING_DESCRIPTIVE_RESULT_AWARE__NO_NEW_CONFIRMATORY_INFERENCE
7,E1_DYNAMIC__DT-RAMDE_TS2_FULL__VS__MATCHED_JDE_STYLE_PARETO,E1_DYNAMIC,DT-RAMDE_TS2_FULL,MATCHED_JDE_STYLE_PARETO,output_bytes,BOTH_ALL_EVENTS_ACCEPTED_TASK_PAIRS,150,140,0.99982450292092739,0.99982436876806013,0.99982088326775165,0.99982741984828638,,NOT_APPLICABLE,NOT_CONFIRMATORY__ZERO_DENOMINATOR_AND_FAILURE_HANDLING_NOT_RESULT_BLIND_FROZEN,PRE_R10_SUPPORTING_DESCRIPTIVE_RESULT_AWARE__NO_NEW_CONFIRMATORY_INFERENCE
7,E1_DYNAMIC__DT-RAMDE_TS2_FULL__VS__MATCHED_JDE_STYLE_PARETO,E1_DYNAMIC,DT-RAMDE_TS2_FULL,MATCHED_JDE_STYLE_PARETO,charged_cfe,ALL_COMPLETED_TASK_PAIRS,150,150,0.92785226202857052,1,0.30122333333333334,1,,NOT_APPLICABLE,NOT_CONFIRMATORY__ZERO_DENOMINATOR_AND_FAILURE_HANDLING_NOT_RESULT_BLIND_FROZEN,PRE_R10_SUPPORTING_DESCRIPTIVE_RESULT_AWARE__NO_NEW_CONFIRMATORY_INFERENCE
7,E1_DYNAMIC__DT-RAMDE_TS2_FULL__VS__MATCHED_JDE_STYLE_PARETO,E1_DYNAMIC,DT-RAMDE_TS2_FULL,MATCHED_JDE_STYLE_PARETO,charged_cfe,EQUAL_CHARGED_WORK_TASK_PAIRS,150,140,1,1,1,1,,NOT_APPLICABLE,NOT_CONFIRMATORY__ZERO_DENOMINATOR_AND_FAILURE_HANDLING_NOT_RESULT_BLIND_FROZEN,PRE_R10_SUPPORTING_DESCRIPTIVE_RESULT_AWARE__NO_NEW_CONFIRMATORY_INFERENCE
7,E1_DYNAMIC__DT-RAMDE_TS2_FULL__VS__MATCHED_JDE_STYLE_PARETO,E1_DYNAMIC,DT-RAMDE_TS2_FULL,MATCHED_JDE_STYLE_PARETO,charged_cfe,BOTH_ALL_EVENTS_ACCEPTED_TASK_PAIRS,150,140,1,1,1,1,,NOT_APPLICABLE,NOT_CONFIRMATORY__ZERO_DENOMINATOR_AND_FAILURE_HANDLING_NOT_RESULT_BLIND_FROZEN,PRE_R10_SUPPORTING_DESCRIPTIVE_RESULT_AWARE__NO_NEW_CONFIRMATORY_INFERENCE
7,E1_DYNAMIC__DT-RAMDE_TS2_FULL__VS__MATCHED_JDE_STYLE_PARETO,E1_DYNAMIC,DT-RAMDE_TS2_FULL,MATCHED_JDE_STYLE_PARETO,charged_atomic_model_steps,ALL_COMPLETED_TASK_PAIRS,150,150,0.92785226202857052,1,0.30122333333333334,1,,NOT_APPLICABLE,NOT_CONFIRMATORY__ZERO_DENOMINATOR_AND_FAILURE_HANDLING_NOT_RESULT_BLIND_FROZEN,PRE_R10_SUPPORTING_DESCRIPTIVE_RESULT_AWARE__NO_NEW_CONFIRMATORY_INFERENCE
7,E1_DYNAMIC__DT-RAMDE_TS2_FULL__VS__MATCHED_JDE_STYLE_PARETO,E1_DYNAMIC,DT-RAMDE_TS2_FULL,MATCHED_JDE_STYLE_PARETO,charged_atomic_model_steps,EQUAL_CHARGED_WORK_TASK_PAIRS,150,140,1,1,1,1,,NOT_APPLICABLE,NOT_CONFIRMATORY__ZERO_DENOMINATOR_AND_FAILURE_HANDLING_NOT_RESULT_BLIND_FROZEN,PRE_R10_SUPPORTING_DESCRIPTIVE_RESULT_AWARE__NO_NEW_CONFIRMATORY_INFERENCE
7,E1_DYNAMIC__DT-RAMDE_TS2_FULL__VS__MATCHED_JDE_STYLE_PARETO,E1_DYNAMIC,DT-RAMDE_TS2_FULL,MATCHED_JDE_STYLE_PARETO,charged_atomic_model_steps,BOTH_ALL_EVENTS_ACCEPTED_TASK_PAIRS,150,140,1,1,1,1,,NOT_APPLICABLE,NOT_CONFIRMATORY__ZERO_DENOMINATOR_AND_FAILURE_HANDLING_NOT_RESULT_BLIND_FROZEN,PRE_R10_SUPPORTING_DESCRIPTIVE_RESULT_AWARE__NO_NEW_CONFIRMATORY_INFERENCE
8,E1_DYNAMIC__DT-RAMDE_TS2_FULL__VS__MATCHED_SHADE_STYLE_PARETO,E1_DYNAMIC,DT-RAMDE_TS2_FULL,MATCHED_SHADE_STYLE_PARETO,wall_seconds,ALL_COMPLETED_TASK_PAIRS,150,150,1.7524765352222558,1.8805629762991982,0.60535134714942895,1.9694844426620748,1.5,ABOVE_POINT_MARGIN,NOT_CONFIRMATORY__ZERO_DENOMINATOR_AND_FAILURE_HANDLING_NOT_RESULT_BLIND_FROZEN,PRE_R10_SUPPORTING_DESCRIPTIVE_RESULT_AWARE__NO_NEW_CONFIRMATORY_INFERENCE
8,E1_DYNAMIC__DT-RAMDE_TS2_FULL__VS__MATCHED_SHADE_STYLE_PARETO,E1_DYNAMIC,DT-RAMDE_TS2_FULL,MATCHED_SHADE_STYLE_PARETO,wall_seconds,EQUAL_CHARGED_WORK_TASK_PAIRS,150,140,1.8733379693922843,1.8815530705177947,1.7232943039163267,1.9694844426620748,1.5,ABOVE_POINT_MARGIN,NOT_CONFIRMATORY__ZERO_DENOMINATOR_AND_FAILURE_HANDLING_NOT_RESULT_BLIND_FROZEN,PRE_R10_SUPPORTING_DESCRIPTIVE_RESULT_AWARE__NO_NEW_CONFIRMATORY_INFERENCE
8,E1_DYNAMIC__DT-RAMDE_TS2_FULL__VS__MATCHED_SHADE_STYLE_PARETO,E1_DYNAMIC,DT-RAMDE_TS2_FULL,MATCHED_SHADE_STYLE_PARETO,wall_seconds,BOTH_ALL_EVENTS_ACCEPTED_TASK_PAIRS,150,140,1.8733379693922843,1.8815530705177947,1.7232943039163267,1.9694844426620748,1.5,ABOVE_POINT_MARGIN,NOT_CONFIRMATORY__ZERO_DENOMINATOR_AND_FAILURE_HANDLING_NOT_RESULT_BLIND_FROZEN,PRE_R10_SUPPORTING_DESCRIPTIVE_RESULT_AWARE__NO_NEW_CONFIRMATORY_INFERENCE
8,E1_DYNAMIC__DT-RAMDE_TS2_FULL__VS__MATCHED_SHADE_STYLE_PARETO,E1_DYNAMIC,DT-RAMDE_TS2_FULL,MATCHED_SHADE_STYLE_PARETO,cpu_seconds,ALL_COMPLETED_TASK_PAIRS,150,150,1.8022285581507411,1.9358264094697226,0.59581926359590998,2.0244551618387021,,NOT_APPLICABLE,NOT_CONFIRMATORY__ZERO_DENOMINATOR_AND_FAILURE_HANDLING_NOT_RESULT_BLIND_FROZEN,PRE_R10_SUPPORTING_DESCRIPTIVE_RESULT_AWARE__NO_NEW_CONFIRMATORY_INFERENCE
8,E1_DYNAMIC__DT-RAMDE_TS2_FULL__VS__MATCHED_SHADE_STYLE_PARETO,E1_DYNAMIC,DT-RAMDE_TS2_FULL,MATCHED_SHADE_STYLE_PARETO,cpu_seconds,EQUAL_CHARGED_WORK_TASK_PAIRS,150,140,1.9341515650128773,1.9401427320361249,1.759191310836755,2.0244551618387021,,NOT_APPLICABLE,NOT_CONFIRMATORY__ZERO_DENOMINATOR_AND_FAILURE_HANDLING_NOT_RESULT_BLIND_FROZEN,PRE_R10_SUPPORTING_DESCRIPTIVE_RESULT_AWARE__NO_NEW_CONFIRMATORY_INFERENCE
8,E1_DYNAMIC__DT-RAMDE_TS2_FULL__VS__MATCHED_SHADE_STYLE_PARETO,E1_DYNAMIC,DT-RAMDE_TS2_FULL,MATCHED_SHADE_STYLE_PARETO,cpu_seconds,BOTH_ALL_EVENTS_ACCEPTED_TASK_PAIRS,150,140,1.9341515650128773,1.9401427320361249,1.759191310836755,2.0244551618387021,,NOT_APPLICABLE,NOT_CONFIRMATORY__ZERO_DENOMINATOR_AND_FAILURE_HANDLING_NOT_RESULT_BLIND_FROZEN,PRE_R10_SUPPORTING_DESCRIPTIVE_RESULT_AWARE__NO_NEW_CONFIRMATORY_INFERENCE
8,E1_DYNAMIC__DT-RAMDE_TS2_FULL__VS__MATCHED_SHADE_STYLE_PARETO,E1_DYNAMIC,DT-RAMDE_TS2_FULL,MATCHED_SHADE_STYLE_PARETO,peak_rss_bytes,ALL_COMPLETED_TASK_PAIRS,150,150,1.024764017941076,1.0272084130796477,0.98150343846336263,1.0464462506875267,2,AT_OR_BELOW_POINT_MARGIN,NOT_CONFIRMATORY__ZERO_DENOMINATOR_AND_FAILURE_HANDLING_NOT_RESULT_BLIND_FROZEN,PRE_R10_SUPPORTING_DESCRIPTIVE_RESULT_AWARE__NO_NEW_CONFIRMATORY_INFERENCE
8,E1_DYNAMIC__DT-RAMDE_TS2_FULL__VS__MATCHED_SHADE_STYLE_PARETO,E1_DYNAMIC,DT-RAMDE_TS2_FULL,MATCHED_SHADE_STYLE_PARETO,peak_rss_bytes,EQUAL_CHARGED_WORK_TASK_PAIRS,150,140,1.0268948644137221,1.0283305819249864,0.99963627546071776,1.0464462506875267,2,AT_OR_BELOW_POINT_MARGIN,NOT_CONFIRMATORY__ZERO_DENOMINATOR_AND_FAILURE_HANDLING_NOT_RESULT_BLIND_FROZEN,PRE_R10_SUPPORTING_DESCRIPTIVE_RESULT_AWARE__NO_NEW_CONFIRMATORY_INFERENCE
8,E1_DYNAMIC__DT-RAMDE_TS2_FULL__VS__MATCHED_SHADE_STYLE_PARETO,E1_DYNAMIC,DT-RAMDE_TS2_FULL,MATCHED_SHADE_STYLE_PARETO,peak_rss_bytes,BOTH_ALL_EVENTS_ACCEPTED_TASK_PAIRS,150,140,1.0268948644137221,1.0283305819249864,0.99963627546071776,1.0464462506875267,2,AT_OR_BELOW_POINT_MARGIN,NOT_CONFIRMATORY__ZERO_DENOMINATOR_AND_FAILURE_HANDLING_NOT_RESULT_BLIND_FROZEN,PRE_R10_SUPPORTING_DESCRIPTIVE_RESULT_AWARE__NO_NEW_CONFIRMATORY_INFERENCE
8,E1_DYNAMIC__DT-RAMDE_TS2_FULL__VS__MATCHED_SHADE_STYLE_PARETO,E1_DYNAMIC,DT-RAMDE_TS2_FULL,MATCHED_SHADE_STYLE_PARETO,output_bytes,ALL_COMPLETED_TASK_PAIRS,150,150,0.94301914760311278,0.99982175449361721,0.3947999168585038,0.99982567638651554,,NOT_APPLICABLE,NOT_CONFIRMATORY__ZERO_DENOMINATOR_AND_FAILURE_HANDLING_NOT_RESULT_BLIND_FROZEN,PRE_R10_SUPPORTING_DESCRIPTIVE_RESULT_AWARE__NO_NEW_CONFIRMATORY_INFERENCE
8,E1_DYNAMIC__DT-RAMDE_TS2_FULL__VS__MATCHED_SHADE_STYLE_PARETO,E1_DYNAMIC,DT-RAMDE_TS2_FULL,MATCHED_SHADE_STYLE_PARETO,output_bytes,EQUAL_CHARGED_WORK_TASK_PAIRS,150,140,0.99982183873638897,0.99982175453245759,0.99981826842494503,0.99982567638651554,,NOT_APPLICABLE,NOT_CONFIRMATORY__ZERO_DENOMINATOR_AND_FAILURE_HANDLING_NOT_RESULT_BLIND_FROZEN,PRE_R10_SUPPORTING_DESCRIPTIVE_RESULT_AWARE__NO_NEW_CONFIRMATORY_INFERENCE
8,E1_DYNAMIC__DT-RAMDE_TS2_FULL__VS__MATCHED_SHADE_STYLE_PARETO,E1_DYNAMIC,DT-RAMDE_TS2_FULL,MATCHED_SHADE_STYLE_PARETO,output_bytes,BOTH_ALL_EVENTS_ACCEPTED_TASK_PAIRS,150,140,0.99982183873638897,0.99982175453245759,0.99981826842494503,0.99982567638651554,,NOT_APPLICABLE,NOT_CONFIRMATORY__ZERO_DENOMINATOR_AND_FAILURE_HANDLING_NOT_RESULT_BLIND_FROZEN,PRE_R10_SUPPORTING_DESCRIPTIVE_RESULT_AWARE__NO_NEW_CONFIRMATORY_INFERENCE
8,E1_DYNAMIC__DT-RAMDE_TS2_FULL__VS__MATCHED_SHADE_STYLE_PARETO,E1_DYNAMIC,DT-RAMDE_TS2_FULL,MATCHED_SHADE_STYLE_PARETO,charged_cfe,ALL_COMPLETED_TASK_PAIRS,150,150,0.92785226202857052,1,0.30122333333333334,1,,NOT_APPLICABLE,NOT_CONFIRMATORY__ZERO_DENOMINATOR_AND_FAILURE_HANDLING_NOT_RESULT_BLIND_FROZEN,PRE_R10_SUPPORTING_DESCRIPTIVE_RESULT_AWARE__NO_NEW_CONFIRMATORY_INFERENCE
8,E1_DYNAMIC__DT-RAMDE_TS2_FULL__VS__MATCHED_SHADE_STYLE_PARETO,E1_DYNAMIC,DT-RAMDE_TS2_FULL,MATCHED_SHADE_STYLE_PARETO,charged_cfe,EQUAL_CHARGED_WORK_TASK_PAIRS,150,140,1,1,1,1,,NOT_APPLICABLE,NOT_CONFIRMATORY__ZERO_DENOMINATOR_AND_FAILURE_HANDLING_NOT_RESULT_BLIND_FROZEN,PRE_R10_SUPPORTING_DESCRIPTIVE_RESULT_AWARE__NO_NEW_CONFIRMATORY_INFERENCE
8,E1_DYNAMIC__DT-RAMDE_TS2_FULL__VS__MATCHED_SHADE_STYLE_PARETO,E1_DYNAMIC,DT-RAMDE_TS2_FULL,MATCHED_SHADE_STYLE_PARETO,charged_cfe,BOTH_ALL_EVENTS_ACCEPTED_TASK_PAIRS,150,140,1,1,1,1,,NOT_APPLICABLE,NOT_CONFIRMATORY__ZERO_DENOMINATOR_AND_FAILURE_HANDLING_NOT_RESULT_BLIND_FROZEN,PRE_R10_SUPPORTING_DESCRIPTIVE_RESULT_AWARE__NO_NEW_CONFIRMATORY_INFERENCE
8,E1_DYNAMIC__DT-RAMDE_TS2_FULL__VS__MATCHED_SHADE_STYLE_PARETO,E1_DYNAMIC,DT-RAMDE_TS2_FULL,MATCHED_SHADE_STYLE_PARETO,charged_atomic_model_steps,ALL_COMPLETED_TASK_PAIRS,150,150,0.92785226202857052,1,0.30122333333333334,1,,NOT_APPLICABLE,NOT_CONFIRMATORY__ZERO_DENOMINATOR_AND_FAILURE_HANDLING_NOT_RESULT_BLIND_FROZEN,PRE_R10_SUPPORTING_DESCRIPTIVE_RESULT_AWARE__NO_NEW_CONFIRMATORY_INFERENCE
8,E1_DYNAMIC__DT-RAMDE_TS2_FULL__VS__MATCHED_SHADE_STYLE_PARETO,E1_DYNAMIC,DT-RAMDE_TS2_FULL,MATCHED_SHADE_STYLE_PARETO,charged_atomic_model_steps,EQUAL_CHARGED_WORK_TASK_PAIRS,150,140,1,1,1,1,,NOT_APPLICABLE,NOT_CONFIRMATORY__ZERO_DENOMINATOR_AND_FAILURE_HANDLING_NOT_RESULT_BLIND_FROZEN,PRE_R10_SUPPORTING_DESCRIPTIVE_RESULT_AWARE__NO_NEW_CONFIRMATORY_INFERENCE
8,E1_DYNAMIC__DT-RAMDE_TS2_FULL__VS__MATCHED_SHADE_STYLE_PARETO,E1_DYNAMIC,DT-RAMDE_TS2_FULL,MATCHED_SHADE_STYLE_PARETO,charged_atomic_model_steps,BOTH_ALL_EVENTS_ACCEPTED_TASK_PAIRS,150,140,1,1,1,1,,NOT_APPLICABLE,NOT_CONFIRMATORY__ZERO_DENOMINATOR_AND_FAILURE_HANDLING_NOT_RESULT_BLIND_FROZEN,PRE_R10_SUPPORTING_DESCRIPTIVE_RESULT_AWARE__NO_NEW_CONFIRMATORY_INFERENCE
9,E1_DYNAMIC__DT-RAMDE_TS2_FULL__VS__JMETALPY_1_7_GDE3_STANDARD_PARETO_DE,E1_DYNAMIC,DT-RAMDE_TS2_FULL,JMETALPY_1_7_GDE3_STANDARD_PARETO_DE,wall_seconds,ALL_COMPLETED_TASK_PAIRS,150,150,0.84636994368097507,0.91481134906703732,0.2530510618096814,0.98498543881259504,1.5,AT_OR_BELOW_POINT_MARGIN,NOT_CONFIRMATORY__ZERO_DENOMINATOR_AND_FAILURE_HANDLING_NOT_RESULT_BLIND_FROZEN,PRE_R10_SUPPORTING_DESCRIPTIVE_RESULT_AWARE__NO_NEW_CONFIRMATORY_INFERENCE
9,E1_DYNAMIC__DT-RAMDE_TS2_FULL__VS__JMETALPY_1_7_GDE3_STANDARD_PARETO_DE,E1_DYNAMIC,DT-RAMDE_TS2_FULL,JMETALPY_1_7_GDE3_STANDARD_PARETO_DE,wall_seconds,EQUAL_CHARGED_WORK_TASK_PAIRS,150,140,0.91583386961610991,0.91569224648880276,0.83975069671281544,0.98498543881259504,1.5,AT_OR_BELOW_POINT_MARGIN,NOT_CONFIRMATORY__ZERO_DENOMINATOR_AND_FAILURE_HANDLING_NOT_RESULT_BLIND_FROZEN,PRE_R10_SUPPORTING_DESCRIPTIVE_RESULT_AWARE__NO_NEW_CONFIRMATORY_INFERENCE
9,E1_DYNAMIC__DT-RAMDE_TS2_FULL__VS__JMETALPY_1_7_GDE3_STANDARD_PARETO_DE,E1_DYNAMIC,DT-RAMDE_TS2_FULL,JMETALPY_1_7_GDE3_STANDARD_PARETO_DE,wall_seconds,BOTH_ALL_EVENTS_ACCEPTED_TASK_PAIRS,150,140,0.91583386961610991,0.91569224648880276,0.83975069671281544,0.98498543881259504,1.5,AT_OR_BELOW_POINT_MARGIN,NOT_CONFIRMATORY__ZERO_DENOMINATOR_AND_FAILURE_HANDLING_NOT_RESULT_BLIND_FROZEN,PRE_R10_SUPPORTING_DESCRIPTIVE_RESULT_AWARE__NO_NEW_CONFIRMATORY_INFERENCE
9,E1_DYNAMIC__DT-RAMDE_TS2_FULL__VS__JMETALPY_1_7_GDE3_STANDARD_PARETO_DE,E1_DYNAMIC,DT-RAMDE_TS2_FULL,JMETALPY_1_7_GDE3_STANDARD_PARETO_DE,cpu_seconds,ALL_COMPLETED_TASK_PAIRS,150,150,0.84093788362225763,0.91325150880496475,0.23753745756513009,0.98738557684886252,,NOT_APPLICABLE,NOT_CONFIRMATORY__ZERO_DENOMINATOR_AND_FAILURE_HANDLING_NOT_RESULT_BLIND_FROZEN,PRE_R10_SUPPORTING_DESCRIPTIVE_RESULT_AWARE__NO_NEW_CONFIRMATORY_INFERENCE
9,E1_DYNAMIC__DT-RAMDE_TS2_FULL__VS__JMETALPY_1_7_GDE3_STANDARD_PARETO_DE,E1_DYNAMIC,DT-RAMDE_TS2_FULL,JMETALPY_1_7_GDE3_STANDARD_PARETO_DE,cpu_seconds,EQUAL_CHARGED_WORK_TASK_PAIRS,150,140,0.91375950062481959,0.9145087534176839,0.83788868518486126,0.98738557684886252,,NOT_APPLICABLE,NOT_CONFIRMATORY__ZERO_DENOMINATOR_AND_FAILURE_HANDLING_NOT_RESULT_BLIND_FROZEN,PRE_R10_SUPPORTING_DESCRIPTIVE_RESULT_AWARE__NO_NEW_CONFIRMATORY_INFERENCE
9,E1_DYNAMIC__DT-RAMDE_TS2_FULL__VS__JMETALPY_1_7_GDE3_STANDARD_PARETO_DE,E1_DYNAMIC,DT-RAMDE_TS2_FULL,JMETALPY_1_7_GDE3_STANDARD_PARETO_DE,cpu_seconds,BOTH_ALL_EVENTS_ACCEPTED_TASK_PAIRS,150,140,0.91375950062481959,0.9145087534176839,0.83788868518486126,0.98738557684886252,,NOT_APPLICABLE,NOT_CONFIRMATORY__ZERO_DENOMINATOR_AND_FAILURE_HANDLING_NOT_RESULT_BLIND_FROZEN,PRE_R10_SUPPORTING_DESCRIPTIVE_RESULT_AWARE__NO_NEW_CONFIRMATORY_INFERENCE
9,E1_DYNAMIC__DT-RAMDE_TS2_FULL__VS__JMETALPY_1_7_GDE3_STANDARD_PARETO_DE,E1_DYNAMIC,DT-RAMDE_TS2_FULL,JMETALPY_1_7_GDE3_STANDARD_PARETO_DE,peak_rss_bytes,ALL_COMPLETED_TASK_PAIRS,150,150,0.75164006793310068,0.75275579665139392,0.7250532169077718,0.7673626669056367,2,AT_OR_BELOW_POINT_MARGIN,NOT_CONFIRMATORY__ZERO_DENOMINATOR_AND_FAILURE_HANDLING_NOT_RESULT_BLIND_FROZEN,PRE_R10_SUPPORTING_DESCRIPTIVE_RESULT_AWARE__NO_NEW_CONFIRMATORY_INFERENCE
9,E1_DYNAMIC__DT-RAMDE_TS2_FULL__VS__JMETALPY_1_7_GDE3_STANDARD_PARETO_DE,E1_DYNAMIC,DT-RAMDE_TS2_FULL,JMETALPY_1_7_GDE3_STANDARD_PARETO_DE,peak_rss_bytes,EQUAL_CHARGED_WORK_TASK_PAIRS,150,140,0.7531640523225932,0.75390272207602482,0.72893643356025106,0.7673626669056367,2,AT_OR_BELOW_POINT_MARGIN,NOT_CONFIRMATORY__ZERO_DENOMINATOR_AND_FAILURE_HANDLING_NOT_RESULT_BLIND_FROZEN,PRE_R10_SUPPORTING_DESCRIPTIVE_RESULT_AWARE__NO_NEW_CONFIRMATORY_INFERENCE
9,E1_DYNAMIC__DT-RAMDE_TS2_FULL__VS__JMETALPY_1_7_GDE3_STANDARD_PARETO_DE,E1_DYNAMIC,DT-RAMDE_TS2_FULL,JMETALPY_1_7_GDE3_STANDARD_PARETO_DE,peak_rss_bytes,BOTH_ALL_EVENTS_ACCEPTED_TASK_PAIRS,150,140,0.7531640523225932,0.75390272207602482,0.72893643356025106,0.7673626669056367,2,AT_OR_BELOW_POINT_MARGIN,NOT_CONFIRMATORY__ZERO_DENOMINATOR_AND_FAILURE_HANDLING_NOT_RESULT_BLIND_FROZEN,PRE_R10_SUPPORTING_DESCRIPTIVE_RESULT_AWARE__NO_NEW_CONFIRMATORY_INFERENCE
9,E1_DYNAMIC__DT-RAMDE_TS2_FULL__VS__JMETALPY_1_7_GDE3_STANDARD_PARETO_DE,E1_DYNAMIC,DT-RAMDE_TS2_FULL,JMETALPY_1_7_GDE3_STANDARD_PARETO_DE,output_bytes,ALL_COMPLETED_TASK_PAIRS,150,150,0.94295448630702061,0.99968103366009953,0.39519110355463449,0.99968451976849682,,NOT_APPLICABLE,NOT_CONFIRMATORY__ZERO_DENOMINATOR_AND_FAILURE_HANDLING_NOT_RESULT_BLIND_FROZEN,PRE_R10_SUPPORTING_DESCRIPTIVE_RESULT_AWARE__NO_NEW_CONFIRMATORY_INFERENCE
9,E1_DYNAMIC__DT-RAMDE_TS2_FULL__VS__JMETALPY_1_7_GDE3_STANDARD_PARETO_DE,E1_DYNAMIC,DT-RAMDE_TS2_FULL,JMETALPY_1_7_GDE3_STANDARD_PARETO_DE,output_bytes,EQUAL_CHARGED_WORK_TASK_PAIRS,150,140,0.99968153159312878,0.99968103393807617,0.99967841946215874,0.99968451976849682,,NOT_APPLICABLE,NOT_CONFIRMATORY__ZERO_DENOMINATOR_AND_FAILURE_HANDLING_NOT_RESULT_BLIND_FROZEN,PRE_R10_SUPPORTING_DESCRIPTIVE_RESULT_AWARE__NO_NEW_CONFIRMATORY_INFERENCE
9,E1_DYNAMIC__DT-RAMDE_TS2_FULL__VS__JMETALPY_1_7_GDE3_STANDARD_PARETO_DE,E1_DYNAMIC,DT-RAMDE_TS2_FULL,JMETALPY_1_7_GDE3_STANDARD_PARETO_DE,output_bytes,BOTH_ALL_EVENTS_ACCEPTED_TASK_PAIRS,150,140,0.99968153159312878,0.99968103393807617,0.99967841946215874,0.99968451976849682,,NOT_APPLICABLE,NOT_CONFIRMATORY__ZERO_DENOMINATOR_AND_FAILURE_HANDLING_NOT_RESULT_BLIND_FROZEN,PRE_R10_SUPPORTING_DESCRIPTIVE_RESULT_AWARE__NO_NEW_CONFIRMATORY_INFERENCE
9,E1_DYNAMIC__DT-RAMDE_TS2_FULL__VS__JMETALPY_1_7_GDE3_STANDARD_PARETO_DE,E1_DYNAMIC,DT-RAMDE_TS2_FULL,JMETALPY_1_7_GDE3_STANDARD_PARETO_DE,charged_cfe,ALL_COMPLETED_TASK_PAIRS,150,150,0.92785226202857052,1,0.30122333333333334,1,,NOT_APPLICABLE,NOT_CONFIRMATORY__ZERO_DENOMINATOR_AND_FAILURE_HANDLING_NOT_RESULT_BLIND_FROZEN,PRE_R10_SUPPORTING_DESCRIPTIVE_RESULT_AWARE__NO_NEW_CONFIRMATORY_INFERENCE
9,E1_DYNAMIC__DT-RAMDE_TS2_FULL__VS__JMETALPY_1_7_GDE3_STANDARD_PARETO_DE,E1_DYNAMIC,DT-RAMDE_TS2_FULL,JMETALPY_1_7_GDE3_STANDARD_PARETO_DE,charged_cfe,EQUAL_CHARGED_WORK_TASK_PAIRS,150,140,1,1,1,1,,NOT_APPLICABLE,NOT_CONFIRMATORY__ZERO_DENOMINATOR_AND_FAILURE_HANDLING_NOT_RESULT_BLIND_FROZEN,PRE_R10_SUPPORTING_DESCRIPTIVE_RESULT_AWARE__NO_NEW_CONFIRMATORY_INFERENCE
9,E1_DYNAMIC__DT-RAMDE_TS2_FULL__VS__JMETALPY_1_7_GDE3_STANDARD_PARETO_DE,E1_DYNAMIC,DT-RAMDE_TS2_FULL,JMETALPY_1_7_GDE3_STANDARD_PARETO_DE,charged_cfe,BOTH_ALL_EVENTS_ACCEPTED_TASK_PAIRS,150,140,1,1,1,1,,NOT_APPLICABLE,NOT_CONFIRMATORY__ZERO_DENOMINATOR_AND_FAILURE_HANDLING_NOT_RESULT_BLIND_FROZEN,PRE_R10_SUPPORTING_DESCRIPTIVE_RESULT_AWARE__NO_NEW_CONFIRMATORY_INFERENCE
9,E1_DYNAMIC__DT-RAMDE_TS2_FULL__VS__JMETALPY_1_7_GDE3_STANDARD_PARETO_DE,E1_DYNAMIC,DT-RAMDE_TS2_FULL,JMETALPY_1_7_GDE3_STANDARD_PARETO_DE,charged_atomic_model_steps,ALL_COMPLETED_TASK_PAIRS,150,150,0.92785226202857052,1,0.30122333333333334,1,,NOT_APPLICABLE,NOT_CONFIRMATORY__ZERO_DENOMINATOR_AND_FAILURE_HANDLING_NOT_RESULT_BLIND_FROZEN,PRE_R10_SUPPORTING_DESCRIPTIVE_RESULT_AWARE__NO_NEW_CONFIRMATORY_INFERENCE
9,E1_DYNAMIC__DT-RAMDE_TS2_FULL__VS__JMETALPY_1_7_GDE3_STANDARD_PARETO_DE,E1_DYNAMIC,DT-RAMDE_TS2_FULL,JMETALPY_1_7_GDE3_STANDARD_PARETO_DE,charged_atomic_model_steps,EQUAL_CHARGED_WORK_TASK_PAIRS,150,140,1,1,1,1,,NOT_APPLICABLE,NOT_CONFIRMATORY__ZERO_DENOMINATOR_AND_FAILURE_HANDLING_NOT_RESULT_BLIND_FROZEN,PRE_R10_SUPPORTING_DESCRIPTIVE_RESULT_AWARE__NO_NEW_CONFIRMATORY_INFERENCE
9,E1_DYNAMIC__DT-RAMDE_TS2_FULL__VS__JMETALPY_1_7_GDE3_STANDARD_PARETO_DE,E1_DYNAMIC,DT-RAMDE_TS2_FULL,JMETALPY_1_7_GDE3_STANDARD_PARETO_DE,charged_atomic_model_steps,BOTH_ALL_EVENTS_ACCEPTED_TASK_PAIRS,150,140,1,1,1,1,,NOT_APPLICABLE,NOT_CONFIRMATORY__ZERO_DENOMINATOR_AND_FAILURE_HANDLING_NOT_RESULT_BLIND_FROZEN,PRE_R10_SUPPORTING_DESCRIPTIVE_RESULT_AWARE__NO_NEW_CONFIRMATORY_INFERENCE
10,E1_DYNAMIC__DT-RAMDE_TS2_FULL__VS__JMETALPY_1_7_NSGAII_DYNAMIC_RESTART_BRIDGE,E1_DYNAMIC,DT-RAMDE_TS2_FULL,JMETALPY_1_7_NSGAII_DYNAMIC_RESTART_BRIDGE,wall_seconds,ALL_COMPLETED_TASK_PAIRS,150,150,0.84037879628338918,0.90309403971651281,0.25643592685054273,0.97037427692841705,1.5,AT_OR_BELOW_POINT_MARGIN,NOT_CONFIRMATORY__ZERO_DENOMINATOR_AND_FAILURE_HANDLING_NOT_RESULT_BLIND_FROZEN,PRE_R10_SUPPORTING_DESCRIPTIVE_RESULT_AWARE__NO_NEW_CONFIRMATORY_INFERENCE
10,E1_DYNAMIC__DT-RAMDE_TS2_FULL__VS__JMETALPY_1_7_NSGAII_DYNAMIC_RESTART_BRIDGE,E1_DYNAMIC,DT-RAMDE_TS2_FULL,JMETALPY_1_7_NSGAII_DYNAMIC_RESTART_BRIDGE,wall_seconds,EQUAL_CHARGED_WORK_TASK_PAIRS,150,140,0.90703413514143261,0.90426602050290983,0.81517330845908831,0.97037427692841705,1.5,AT_OR_BELOW_POINT_MARGIN,NOT_CONFIRMATORY__ZERO_DENOMINATOR_AND_FAILURE_HANDLING_NOT_RESULT_BLIND_FROZEN,PRE_R10_SUPPORTING_DESCRIPTIVE_RESULT_AWARE__NO_NEW_CONFIRMATORY_INFERENCE
10,E1_DYNAMIC__DT-RAMDE_TS2_FULL__VS__JMETALPY_1_7_NSGAII_DYNAMIC_RESTART_BRIDGE,E1_DYNAMIC,DT-RAMDE_TS2_FULL,JMETALPY_1_7_NSGAII_DYNAMIC_RESTART_BRIDGE,wall_seconds,BOTH_ALL_EVENTS_ACCEPTED_TASK_PAIRS,150,140,0.90703413514143261,0.90426602050290983,0.81517330845908831,0.97037427692841705,1.5,AT_OR_BELOW_POINT_MARGIN,NOT_CONFIRMATORY__ZERO_DENOMINATOR_AND_FAILURE_HANDLING_NOT_RESULT_BLIND_FROZEN,PRE_R10_SUPPORTING_DESCRIPTIVE_RESULT_AWARE__NO_NEW_CONFIRMATORY_INFERENCE
10,E1_DYNAMIC__DT-RAMDE_TS2_FULL__VS__JMETALPY_1_7_NSGAII_DYNAMIC_RESTART_BRIDGE,E1_DYNAMIC,DT-RAMDE_TS2_FULL,JMETALPY_1_7_NSGAII_DYNAMIC_RESTART_BRIDGE,cpu_seconds,ALL_COMPLETED_TASK_PAIRS,150,150,0.83463473788890208,0.90185555996824307,0.24168413516336443,0.963809596431079,,NOT_APPLICABLE,NOT_CONFIRMATORY__ZERO_DENOMINATOR_AND_FAILURE_HANDLING_NOT_RESULT_BLIND_FROZEN,PRE_R10_SUPPORTING_DESCRIPTIVE_RESULT_AWARE__NO_NEW_CONFIRMATORY_INFERENCE
10,E1_DYNAMIC__DT-RAMDE_TS2_FULL__VS__JMETALPY_1_7_NSGAII_DYNAMIC_RESTART_BRIDGE,E1_DYNAMIC,DT-RAMDE_TS2_FULL,JMETALPY_1_7_NSGAII_DYNAMIC_RESTART_BRIDGE,cpu_seconds,EQUAL_CHARGED_WORK_TASK_PAIRS,150,140,0.9048097648718374,0.90532223476151186,0.81922234432885788,0.963809596431079,,NOT_APPLICABLE,NOT_CONFIRMATORY__ZERO_DENOMINATOR_AND_FAILURE_HANDLING_NOT_RESULT_BLIND_FROZEN,PRE_R10_SUPPORTING_DESCRIPTIVE_RESULT_AWARE__NO_NEW_CONFIRMATORY_INFERENCE
10,E1_DYNAMIC__DT-RAMDE_TS2_FULL__VS__JMETALPY_1_7_NSGAII_DYNAMIC_RESTART_BRIDGE,E1_DYNAMIC,DT-RAMDE_TS2_FULL,JMETALPY_1_7_NSGAII_DYNAMIC_RESTART_BRIDGE,cpu_seconds,BOTH_ALL_EVENTS_ACCEPTED_TASK_PAIRS,150,140,0.9048097648718374,0.90532223476151186,0.81922234432885788,0.963809596431079,,NOT_APPLICABLE,NOT_CONFIRMATORY__ZERO_DENOMINATOR_AND_FAILURE_HANDLING_NOT_RESULT_BLIND_FROZEN,PRE_R10_SUPPORTING_DESCRIPTIVE_RESULT_AWARE__NO_NEW_CONFIRMATORY_INFERENCE
10,E1_DYNAMIC__DT-RAMDE_TS2_FULL__VS__JMETALPY_1_7_NSGAII_DYNAMIC_RESTART_BRIDGE,E1_DYNAMIC,DT-RAMDE_TS2_FULL,JMETALPY_1_7_NSGAII_DYNAMIC_RESTART_BRIDGE,peak_rss_bytes,ALL_COMPLETED_TASK_PAIRS,150,150,0.75049028339360258,0.75064122707066006,0.72780805062401122,0.76733641536273112,2,AT_OR_BELOW_POINT_MARGIN,NOT_CONFIRMATORY__ZERO_DENOMINATOR_AND_FAILURE_HANDLING_NOT_RESULT_BLIND_FROZEN,PRE_R10_SUPPORTING_DESCRIPTIVE_RESULT_AWARE__NO_NEW_CONFIRMATORY_INFERENCE
10,E1_DYNAMIC__DT-RAMDE_TS2_FULL__VS__JMETALPY_1_7_NSGAII_DYNAMIC_RESTART_BRIDGE,E1_DYNAMIC,DT-RAMDE_TS2_FULL,JMETALPY_1_7_NSGAII_DYNAMIC_RESTART_BRIDGE,peak_rss_bytes,EQUAL_CHARGED_WORK_TASK_PAIRS,150,140,0.75125961080350845,0.75126687689200611,0.73447426422922335,0.76733641536273112,2,AT_OR_BELOW_POINT_MARGIN,NOT_CONFIRMATORY__ZERO_DENOMINATOR_AND_FAILURE_HANDLING_NOT_RESULT_BLIND_FROZEN,PRE_R10_SUPPORTING_DESCRIPTIVE_RESULT_AWARE__NO_NEW_CONFIRMATORY_INFERENCE
10,E1_DYNAMIC__DT-RAMDE_TS2_FULL__VS__JMETALPY_1_7_NSGAII_DYNAMIC_RESTART_BRIDGE,E1_DYNAMIC,DT-RAMDE_TS2_FULL,JMETALPY_1_7_NSGAII_DYNAMIC_RESTART_BRIDGE,peak_rss_bytes,BOTH_ALL_EVENTS_ACCEPTED_TASK_PAIRS,150,140,0.75125961080350845,0.75126687689200611,0.73447426422922335,0.76733641536273112,2,AT_OR_BELOW_POINT_MARGIN,NOT_CONFIRMATORY__ZERO_DENOMINATOR_AND_FAILURE_HANDLING_NOT_RESULT_BLIND_FROZEN,PRE_R10_SUPPORTING_DESCRIPTIVE_RESULT_AWARE__NO_NEW_CONFIRMATORY_INFERENCE
10,E1_DYNAMIC__DT-RAMDE_TS2_FULL__VS__JMETALPY_1_7_NSGAII_DYNAMIC_RESTART_BRIDGE,E1_DYNAMIC,DT-RAMDE_TS2_FULL,JMETALPY_1_7_NSGAII_DYNAMIC_RESTART_BRIDGE,output_bytes,ALL_COMPLETED_TASK_PAIRS,150,150,0.94289575417485183,0.99961656825978196,0.39517201035222099,0.99962005383732555,,NOT_APPLICABLE,NOT_CONFIRMATORY__ZERO_DENOMINATOR_AND_FAILURE_HANDLING_NOT_RESULT_BLIND_FROZEN,PRE_R10_SUPPORTING_DESCRIPTIVE_RESULT_AWARE__NO_NEW_CONFIRMATORY_INFERENCE
10,E1_DYNAMIC__DT-RAMDE_TS2_FULL__VS__JMETALPY_1_7_NSGAII_DYNAMIC_RESTART_BRIDGE,E1_DYNAMIC,DT-RAMDE_TS2_FULL,JMETALPY_1_7_NSGAII_DYNAMIC_RESTART_BRIDGE,output_bytes,EQUAL_CHARGED_WORK_TASK_PAIRS,150,140,0.99961717470183253,0.99961678553474409,0.99961395428887634,0.99962005383732555,,NOT_APPLICABLE,NOT_CONFIRMATORY__ZERO_DENOMINATOR_AND_FAILURE_HANDLING_NOT_RESULT_BLIND_FROZEN,PRE_R10_SUPPORTING_DESCRIPTIVE_RESULT_AWARE__NO_NEW_CONFIRMATORY_INFERENCE
10,E1_DYNAMIC__DT-RAMDE_TS2_FULL__VS__JMETALPY_1_7_NSGAII_DYNAMIC_RESTART_BRIDGE,E1_DYNAMIC,DT-RAMDE_TS2_FULL,JMETALPY_1_7_NSGAII_DYNAMIC_RESTART_BRIDGE,output_bytes,BOTH_ALL_EVENTS_ACCEPTED_TASK_PAIRS,150,140,0.99961717470183253,0.99961678553474409,0.99961395428887634,0.99962005383732555,,NOT_APPLICABLE,NOT_CONFIRMATORY__ZERO_DENOMINATOR_AND_FAILURE_HANDLING_NOT_RESULT_BLIND_FROZEN,PRE_R10_SUPPORTING_DESCRIPTIVE_RESULT_AWARE__NO_NEW_CONFIRMATORY_INFERENCE
10,E1_DYNAMIC__DT-RAMDE_TS2_FULL__VS__JMETALPY_1_7_NSGAII_DYNAMIC_RESTART_BRIDGE,E1_DYNAMIC,DT-RAMDE_TS2_FULL,JMETALPY_1_7_NSGAII_DYNAMIC_RESTART_BRIDGE,charged_cfe,ALL_COMPLETED_TASK_PAIRS,150,150,0.92785226202857052,1,0.30122333333333334,1,,NOT_APPLICABLE,NOT_CONFIRMATORY__ZERO_DENOMINATOR_AND_FAILURE_HANDLING_NOT_RESULT_BLIND_FROZEN,PRE_R10_SUPPORTING_DESCRIPTIVE_RESULT_AWARE__NO_NEW_CONFIRMATORY_INFERENCE
10,E1_DYNAMIC__DT-RAMDE_TS2_FULL__VS__JMETALPY_1_7_NSGAII_DYNAMIC_RESTART_BRIDGE,E1_DYNAMIC,DT-RAMDE_TS2_FULL,JMETALPY_1_7_NSGAII_DYNAMIC_RESTART_BRIDGE,charged_cfe,EQUAL_CHARGED_WORK_TASK_PAIRS,150,140,1,1,1,1,,NOT_APPLICABLE,NOT_CONFIRMATORY__ZERO_DENOMINATOR_AND_FAILURE_HANDLING_NOT_RESULT_BLIND_FROZEN,PRE_R10_SUPPORTING_DESCRIPTIVE_RESULT_AWARE__NO_NEW_CONFIRMATORY_INFERENCE
10,E1_DYNAMIC__DT-RAMDE_TS2_FULL__VS__JMETALPY_1_7_NSGAII_DYNAMIC_RESTART_BRIDGE,E1_DYNAMIC,DT-RAMDE_TS2_FULL,JMETALPY_1_7_NSGAII_DYNAMIC_RESTART_BRIDGE,charged_cfe,BOTH_ALL_EVENTS_ACCEPTED_TASK_PAIRS,150,140,1,1,1,1,,NOT_APPLICABLE,NOT_CONFIRMATORY__ZERO_DENOMINATOR_AND_FAILURE_HANDLING_NOT_RESULT_BLIND_FROZEN,PRE_R10_SUPPORTING_DESCRIPTIVE_RESULT_AWARE__NO_NEW_CONFIRMATORY_INFERENCE
10,E1_DYNAMIC__DT-RAMDE_TS2_FULL__VS__JMETALPY_1_7_NSGAII_DYNAMIC_RESTART_BRIDGE,E1_DYNAMIC,DT-RAMDE_TS2_FULL,JMETALPY_1_7_NSGAII_DYNAMIC_RESTART_BRIDGE,charged_atomic_model_steps,ALL_COMPLETED_TASK_PAIRS,150,150,0.92785226202857052,1,0.30122333333333334,1,,NOT_APPLICABLE,NOT_CONFIRMATORY__ZERO_DENOMINATOR_AND_FAILURE_HANDLING_NOT_RESULT_BLIND_FROZEN,PRE_R10_SUPPORTING_DESCRIPTIVE_RESULT_AWARE__NO_NEW_CONFIRMATORY_INFERENCE
10,E1_DYNAMIC__DT-RAMDE_TS2_FULL__VS__JMETALPY_1_7_NSGAII_DYNAMIC_RESTART_BRIDGE,E1_DYNAMIC,DT-RAMDE_TS2_FULL,JMETALPY_1_7_NSGAII_DYNAMIC_RESTART_BRIDGE,charged_atomic_model_steps,EQUAL_CHARGED_WORK_TASK_PAIRS,150,140,1,1,1,1,,NOT_APPLICABLE,NOT_CONFIRMATORY__ZERO_DENOMINATOR_AND_FAILURE_HANDLING_NOT_RESULT_BLIND_FROZEN,PRE_R10_SUPPORTING_DESCRIPTIVE_RESULT_AWARE__NO_NEW_CONFIRMATORY_INFERENCE
10,E1_DYNAMIC__DT-RAMDE_TS2_FULL__VS__JMETALPY_1_7_NSGAII_DYNAMIC_RESTART_BRIDGE,E1_DYNAMIC,DT-RAMDE_TS2_FULL,JMETALPY_1_7_NSGAII_DYNAMIC_RESTART_BRIDGE,charged_atomic_model_steps,BOTH_ALL_EVENTS_ACCEPTED_TASK_PAIRS,150,140,1,1,1,1,,NOT_APPLICABLE,NOT_CONFIRMATORY__ZERO_DENOMINATOR_AND_FAILURE_HANDLING_NOT_RESULT_BLIND_FROZEN,PRE_R10_SUPPORTING_DESCRIPTIVE_RESULT_AWARE__NO_NEW_CONFIRMATORY_INFERENCE
11,E1_ROLLING__DT-RAMDE_TS2_FULL__VS__MATCHED_FIXED_DE_PARETO,E1_ROLLING,DT-RAMDE_TS2_FULL,MATCHED_FIXED_DE_PARETO,wall_seconds,ALL_COMPLETED_TASK_PAIRS,160,160,1.4163260863582534,1.4249052662025854,1.2746516849631784,1.5530989591394653,1.5,AT_OR_BELOW_POINT_MARGIN,NOT_CONFIRMATORY__ZERO_DENOMINATOR_AND_FAILURE_HANDLING_NOT_RESULT_BLIND_FROZEN,PRE_R10_SUPPORTING_DESCRIPTIVE_RESULT_AWARE__NO_NEW_CONFIRMATORY_INFERENCE
11,E1_ROLLING__DT-RAMDE_TS2_FULL__VS__MATCHED_FIXED_DE_PARETO,E1_ROLLING,DT-RAMDE_TS2_FULL,MATCHED_FIXED_DE_PARETO,wall_seconds,EQUAL_CHARGED_WORK_TASK_PAIRS,160,160,1.4163260863582534,1.4249052662025854,1.2746516849631784,1.5530989591394653,1.5,AT_OR_BELOW_POINT_MARGIN,NOT_CONFIRMATORY__ZERO_DENOMINATOR_AND_FAILURE_HANDLING_NOT_RESULT_BLIND_FROZEN,PRE_R10_SUPPORTING_DESCRIPTIVE_RESULT_AWARE__NO_NEW_CONFIRMATORY_INFERENCE
11,E1_ROLLING__DT-RAMDE_TS2_FULL__VS__MATCHED_FIXED_DE_PARETO,E1_ROLLING,DT-RAMDE_TS2_FULL,MATCHED_FIXED_DE_PARETO,wall_seconds,BOTH_ALL_EVENTS_ACCEPTED_TASK_PAIRS,160,55,1.4361016816547241,1.4364665398353003,1.3570670400292102,1.5253929799162318,1.5,AT_OR_BELOW_POINT_MARGIN,NOT_CONFIRMATORY__ZERO_DENOMINATOR_AND_FAILURE_HANDLING_NOT_RESULT_BLIND_FROZEN,PRE_R10_SUPPORTING_DESCRIPTIVE_RESULT_AWARE__NO_NEW_CONFIRMATORY_INFERENCE
11,E1_ROLLING__DT-RAMDE_TS2_FULL__VS__MATCHED_FIXED_DE_PARETO,E1_ROLLING,DT-RAMDE_TS2_FULL,MATCHED_FIXED_DE_PARETO,cpu_seconds,ALL_COMPLETED_TASK_PAIRS,160,160,1.4384965896525093,1.4429869784520477,1.2841854241580832,1.5636746689703542,,NOT_APPLICABLE,NOT_CONFIRMATORY__ZERO_DENOMINATOR_AND_FAILURE_HANDLING_NOT_RESULT_BLIND_FROZEN,PRE_R10_SUPPORTING_DESCRIPTIVE_RESULT_AWARE__NO_NEW_CONFIRMATORY_INFERENCE
11,E1_ROLLING__DT-RAMDE_TS2_FULL__VS__MATCHED_FIXED_DE_PARETO,E1_ROLLING,DT-RAMDE_TS2_FULL,MATCHED_FIXED_DE_PARETO,cpu_seconds,EQUAL_CHARGED_WORK_TASK_PAIRS,160,160,1.4384965896525093,1.4429869784520477,1.2841854241580832,1.5636746689703542,,NOT_APPLICABLE,NOT_CONFIRMATORY__ZERO_DENOMINATOR_AND_FAILURE_HANDLING_NOT_RESULT_BLIND_FROZEN,PRE_R10_SUPPORTING_DESCRIPTIVE_RESULT_AWARE__NO_NEW_CONFIRMATORY_INFERENCE
11,E1_ROLLING__DT-RAMDE_TS2_FULL__VS__MATCHED_FIXED_DE_PARETO,E1_ROLLING,DT-RAMDE_TS2_FULL,MATCHED_FIXED_DE_PARETO,cpu_seconds,BOTH_ALL_EVENTS_ACCEPTED_TASK_PAIRS,160,55,1.4631638955842416,1.4628170081896787,1.3791801204664194,1.5555968782609115,,NOT_APPLICABLE,NOT_CONFIRMATORY__ZERO_DENOMINATOR_AND_FAILURE_HANDLING_NOT_RESULT_BLIND_FROZEN,PRE_R10_SUPPORTING_DESCRIPTIVE_RESULT_AWARE__NO_NEW_CONFIRMATORY_INFERENCE
11,E1_ROLLING__DT-RAMDE_TS2_FULL__VS__MATCHED_FIXED_DE_PARETO,E1_ROLLING,DT-RAMDE_TS2_FULL,MATCHED_FIXED_DE_PARETO,peak_rss_bytes,ALL_COMPLETED_TASK_PAIRS,160,160,1.0488102611645018,1.049211683249188,0.99032979318054781,1.0934789023310711,2,AT_OR_BELOW_POINT_MARGIN,NOT_CONFIRMATORY__ZERO_DENOMINATOR_AND_FAILURE_HANDLING_NOT_RESULT_BLIND_FROZEN,PRE_R10_SUPPORTING_DESCRIPTIVE_RESULT_AWARE__NO_NEW_CONFIRMATORY_INFERENCE
11,E1_ROLLING__DT-RAMDE_TS2_FULL__VS__MATCHED_FIXED_DE_PARETO,E1_ROLLING,DT-RAMDE_TS2_FULL,MATCHED_FIXED_DE_PARETO,peak_rss_bytes,EQUAL_CHARGED_WORK_TASK_PAIRS,160,160,1.0488102611645018,1.049211683249188,0.99032979318054781,1.0934789023310711,2,AT_OR_BELOW_POINT_MARGIN,NOT_CONFIRMATORY__ZERO_DENOMINATOR_AND_FAILURE_HANDLING_NOT_RESULT_BLIND_FROZEN,PRE_R10_SUPPORTING_DESCRIPTIVE_RESULT_AWARE__NO_NEW_CONFIRMATORY_INFERENCE
11,E1_ROLLING__DT-RAMDE_TS2_FULL__VS__MATCHED_FIXED_DE_PARETO,E1_ROLLING,DT-RAMDE_TS2_FULL,MATCHED_FIXED_DE_PARETO,peak_rss_bytes,BOTH_ALL_EVENTS_ACCEPTED_TASK_PAIRS,160,55,1.0517259720544623,1.050805246554873,1.0246379224238389,1.0930763823805061,2,AT_OR_BELOW_POINT_MARGIN,NOT_CONFIRMATORY__ZERO_DENOMINATOR_AND_FAILURE_HANDLING_NOT_RESULT_BLIND_FROZEN,PRE_R10_SUPPORTING_DESCRIPTIVE_RESULT_AWARE__NO_NEW_CONFIRMATORY_INFERENCE
11,E1_ROLLING__DT-RAMDE_TS2_FULL__VS__MATCHED_FIXED_DE_PARETO,E1_ROLLING,DT-RAMDE_TS2_FULL,MATCHED_FIXED_DE_PARETO,output_bytes,ALL_COMPLETED_TASK_PAIRS,160,160,0.99945636245661262,0.99954603137687004,0.9985270218120349,0.99990477391059085,,NOT_APPLICABLE,NOT_CONFIRMATORY__ZERO_DENOMINATOR_AND_FAILURE_HANDLING_NOT_RESULT_BLIND_FROZEN,PRE_R10_SUPPORTING_DESCRIPTIVE_RESULT_AWARE__NO_NEW_CONFIRMATORY_INFERENCE
11,E1_ROLLING__DT-RAMDE_TS2_FULL__VS__MATCHED_FIXED_DE_PARETO,E1_ROLLING,DT-RAMDE_TS2_FULL,MATCHED_FIXED_DE_PARETO,output_bytes,EQUAL_CHARGED_WORK_TASK_PAIRS,160,160,0.99945636245661262,0.99954603137687004,0.9985270218120349,0.99990477391059085,,NOT_APPLICABLE,NOT_CONFIRMATORY__ZERO_DENOMINATOR_AND_FAILURE_HANDLING_NOT_RESULT_BLIND_FROZEN,PRE_R10_SUPPORTING_DESCRIPTIVE_RESULT_AWARE__NO_NEW_CONFIRMATORY_INFERENCE
11,E1_ROLLING__DT-RAMDE_TS2_FULL__VS__MATCHED_FIXED_DE_PARETO,E1_ROLLING,DT-RAMDE_TS2_FULL,MATCHED_FIXED_DE_PARETO,output_bytes,BOTH_ALL_EVENTS_ACCEPTED_TASK_PAIRS,160,55,0.99964311366655234,0.99964489376254084,0.99960140558883714,0.99969380785265094,,NOT_APPLICABLE,NOT_CONFIRMATORY__ZERO_DENOMINATOR_AND_FAILURE_HANDLING_NOT_RESULT_BLIND_FROZEN,PRE_R10_SUPPORTING_DESCRIPTIVE_RESULT_AWARE__NO_NEW_CONFIRMATORY_INFERENCE
11,E1_ROLLING__DT-RAMDE_TS2_FULL__VS__MATCHED_FIXED_DE_PARETO,E1_ROLLING,DT-RAMDE_TS2_FULL,MATCHED_FIXED_DE_PARETO,charged_cfe,ALL_COMPLETED_TASK_PAIRS,160,160,1,1,1,1,,NOT_APPLICABLE,NOT_CONFIRMATORY__ZERO_DENOMINATOR_AND_FAILURE_HANDLING_NOT_RESULT_BLIND_FROZEN,PRE_R10_SUPPORTING_DESCRIPTIVE_RESULT_AWARE__NO_NEW_CONFIRMATORY_INFERENCE
11,E1_ROLLING__DT-RAMDE_TS2_FULL__VS__MATCHED_FIXED_DE_PARETO,E1_ROLLING,DT-RAMDE_TS2_FULL,MATCHED_FIXED_DE_PARETO,charged_cfe,EQUAL_CHARGED_WORK_TASK_PAIRS,160,160,1,1,1,1,,NOT_APPLICABLE,NOT_CONFIRMATORY__ZERO_DENOMINATOR_AND_FAILURE_HANDLING_NOT_RESULT_BLIND_FROZEN,PRE_R10_SUPPORTING_DESCRIPTIVE_RESULT_AWARE__NO_NEW_CONFIRMATORY_INFERENCE
11,E1_ROLLING__DT-RAMDE_TS2_FULL__VS__MATCHED_FIXED_DE_PARETO,E1_ROLLING,DT-RAMDE_TS2_FULL,MATCHED_FIXED_DE_PARETO,charged_cfe,BOTH_ALL_EVENTS_ACCEPTED_TASK_PAIRS,160,55,1,1,1,1,,NOT_APPLICABLE,NOT_CONFIRMATORY__ZERO_DENOMINATOR_AND_FAILURE_HANDLING_NOT_RESULT_BLIND_FROZEN,PRE_R10_SUPPORTING_DESCRIPTIVE_RESULT_AWARE__NO_NEW_CONFIRMATORY_INFERENCE
11,E1_ROLLING__DT-RAMDE_TS2_FULL__VS__MATCHED_FIXED_DE_PARETO,E1_ROLLING,DT-RAMDE_TS2_FULL,MATCHED_FIXED_DE_PARETO,charged_atomic_model_steps,ALL_COMPLETED_TASK_PAIRS,160,160,1,1,1,1,,NOT_APPLICABLE,NOT_CONFIRMATORY__ZERO_DENOMINATOR_AND_FAILURE_HANDLING_NOT_RESULT_BLIND_FROZEN,PRE_R10_SUPPORTING_DESCRIPTIVE_RESULT_AWARE__NO_NEW_CONFIRMATORY_INFERENCE
11,E1_ROLLING__DT-RAMDE_TS2_FULL__VS__MATCHED_FIXED_DE_PARETO,E1_ROLLING,DT-RAMDE_TS2_FULL,MATCHED_FIXED_DE_PARETO,charged_atomic_model_steps,EQUAL_CHARGED_WORK_TASK_PAIRS,160,160,1,1,1,1,,NOT_APPLICABLE,NOT_CONFIRMATORY__ZERO_DENOMINATOR_AND_FAILURE_HANDLING_NOT_RESULT_BLIND_FROZEN,PRE_R10_SUPPORTING_DESCRIPTIVE_RESULT_AWARE__NO_NEW_CONFIRMATORY_INFERENCE
11,E1_ROLLING__DT-RAMDE_TS2_FULL__VS__MATCHED_FIXED_DE_PARETO,E1_ROLLING,DT-RAMDE_TS2_FULL,MATCHED_FIXED_DE_PARETO,charged_atomic_model_steps,BOTH_ALL_EVENTS_ACCEPTED_TASK_PAIRS,160,55,1,1,1,1,,NOT_APPLICABLE,NOT_CONFIRMATORY__ZERO_DENOMINATOR_AND_FAILURE_HANDLING_NOT_RESULT_BLIND_FROZEN,PRE_R10_SUPPORTING_DESCRIPTIVE_RESULT_AWARE__NO_NEW_CONFIRMATORY_INFERENCE
12,E1_ROLLING__DT-RAMDE_TS2_FULL__VS__MATCHED_JDE_STYLE_PARETO,E1_ROLLING,DT-RAMDE_TS2_FULL,MATCHED_JDE_STYLE_PARETO,wall_seconds,ALL_COMPLETED_TASK_PAIRS,160,160,1.3639022985637568,1.3662500850537851,1.2206591304232601,1.4760672150039362,1.5,AT_OR_BELOW_POINT_MARGIN,NOT_CONFIRMATORY__ZERO_DENOMINATOR_AND_FAILURE_HANDLING_NOT_RESULT_BLIND_FROZEN,PRE_R10_SUPPORTING_DESCRIPTIVE_RESULT_AWARE__NO_NEW_CONFIRMATORY_INFERENCE
12,E1_ROLLING__DT-RAMDE_TS2_FULL__VS__MATCHED_JDE_STYLE_PARETO,E1_ROLLING,DT-RAMDE_TS2_FULL,MATCHED_JDE_STYLE_PARETO,wall_seconds,EQUAL_CHARGED_WORK_TASK_PAIRS,160,160,1.3639022985637568,1.3662500850537851,1.2206591304232601,1.4760672150039362,1.5,AT_OR_BELOW_POINT_MARGIN,NOT_CONFIRMATORY__ZERO_DENOMINATOR_AND_FAILURE_HANDLING_NOT_RESULT_BLIND_FROZEN,PRE_R10_SUPPORTING_DESCRIPTIVE_RESULT_AWARE__NO_NEW_CONFIRMATORY_INFERENCE
12,E1_ROLLING__DT-RAMDE_TS2_FULL__VS__MATCHED_JDE_STYLE_PARETO,E1_ROLLING,DT-RAMDE_TS2_FULL,MATCHED_JDE_STYLE_PARETO,wall_seconds,BOTH_ALL_EVENTS_ACCEPTED_TASK_PAIRS,160,55,1.3803423982453462,1.3750212993158719,1.3189172704223893,1.4760672150039362,1.5,AT_OR_BELOW_POINT_MARGIN,NOT_CONFIRMATORY__ZERO_DENOMINATOR_AND_FAILURE_HANDLING_NOT_RESULT_BLIND_FROZEN,PRE_R10_SUPPORTING_DESCRIPTIVE_RESULT_AWARE__NO_NEW_CONFIRMATORY_INFERENCE
12,E1_ROLLING__DT-RAMDE_TS2_FULL__VS__MATCHED_JDE_STYLE_PARETO,E1_ROLLING,DT-RAMDE_TS2_FULL,MATCHED_JDE_STYLE_PARETO,cpu_seconds,ALL_COMPLETED_TASK_PAIRS,160,160,1.3821041933281126,1.3876804690146818,1.2191627704286303,1.4990922230743833,,NOT_APPLICABLE,NOT_CONFIRMATORY__ZERO_DENOMINATOR_AND_FAILURE_HANDLING_NOT_RESULT_BLIND_FROZEN,PRE_R10_SUPPORTING_DESCRIPTIVE_RESULT_AWARE__NO_NEW_CONFIRMATORY_INFERENCE
12,E1_ROLLING__DT-RAMDE_TS2_FULL__VS__MATCHED_JDE_STYLE_PARETO,E1_ROLLING,DT-RAMDE_TS2_FULL,MATCHED_JDE_STYLE_PARETO,cpu_seconds,EQUAL_CHARGED_WORK_TASK_PAIRS,160,160,1.3821041933281126,1.3876804690146818,1.2191627704286303,1.4990922230743833,,NOT_APPLICABLE,NOT_CONFIRMATORY__ZERO_DENOMINATOR_AND_FAILURE_HANDLING_NOT_RESULT_BLIND_FROZEN,PRE_R10_SUPPORTING_DESCRIPTIVE_RESULT_AWARE__NO_NEW_CONFIRMATORY_INFERENCE
12,E1_ROLLING__DT-RAMDE_TS2_FULL__VS__MATCHED_JDE_STYLE_PARETO,E1_ROLLING,DT-RAMDE_TS2_FULL,MATCHED_JDE_STYLE_PARETO,cpu_seconds,BOTH_ALL_EVENTS_ACCEPTED_TASK_PAIRS,160,55,1.4024662047655276,1.3999360634899973,1.3363817849694108,1.4990922230743833,,NOT_APPLICABLE,NOT_CONFIRMATORY__ZERO_DENOMINATOR_AND_FAILURE_HANDLING_NOT_RESULT_BLIND_FROZEN,PRE_R10_SUPPORTING_DESCRIPTIVE_RESULT_AWARE__NO_NEW_CONFIRMATORY_INFERENCE
12,E1_ROLLING__DT-RAMDE_TS2_FULL__VS__MATCHED_JDE_STYLE_PARETO,E1_ROLLING,DT-RAMDE_TS2_FULL,MATCHED_JDE_STYLE_PARETO,peak_rss_bytes,ALL_COMPLETED_TASK_PAIRS,160,160,1.0198802416237263,1.0223611564148296,0.9720728629430484,1.049135328026352,2,AT_OR_BELOW_POINT_MARGIN,NOT_CONFIRMATORY__ZERO_DENOMINATOR_AND_FAILURE_HANDLING_NOT_RESULT_BLIND_FROZEN,PRE_R10_SUPPORTING_DESCRIPTIVE_RESULT_AWARE__NO_NEW_CONFIRMATORY_INFERENCE
12,E1_ROLLING__DT-RAMDE_TS2_FULL__VS__MATCHED_JDE_STYLE_PARETO,E1_ROLLING,DT-RAMDE_TS2_FULL,MATCHED_JDE_STYLE_PARETO,peak_rss_bytes,EQUAL_CHARGED_WORK_TASK_PAIRS,160,160,1.0198802416237263,1.0223611564148296,0.9720728629430484,1.049135328026352,2,AT_OR_BELOW_POINT_MARGIN,NOT_CONFIRMATORY__ZERO_DENOMINATOR_AND_FAILURE_HANDLING_NOT_RESULT_BLIND_FROZEN,PRE_R10_SUPPORTING_DESCRIPTIVE_RESULT_AWARE__NO_NEW_CONFIRMATORY_INFERENCE
12,E1_ROLLING__DT-RAMDE_TS2_FULL__VS__MATCHED_JDE_STYLE_PARETO,E1_ROLLING,DT-RAMDE_TS2_FULL,MATCHED_JDE_STYLE_PARETO,peak_rss_bytes,BOTH_ALL_EVENTS_ACCEPTED_TASK_PAIRS,160,55,1.0243312061019116,1.0248878678481566,1.002471125436476,1.0458443086924845,2,AT_OR_BELOW_POINT_MARGIN,NOT_CONFIRMATORY__ZERO_DENOMINATOR_AND_FAILURE_HANDLING_NOT_RESULT_BLIND_FROZEN,PRE_R10_SUPPORTING_DESCRIPTIVE_RESULT_AWARE__NO_NEW_CONFIRMATORY_INFERENCE
12,E1_ROLLING__DT-RAMDE_TS2_FULL__VS__MATCHED_JDE_STYLE_PARETO,E1_ROLLING,DT-RAMDE_TS2_FULL,MATCHED_JDE_STYLE_PARETO,output_bytes,ALL_COMPLETED_TASK_PAIRS,160,160,0.99945764848794116,0.99954951780253443,0.99853064005029524,0.99989479889357458,,NOT_APPLICABLE,NOT_CONFIRMATORY__ZERO_DENOMINATOR_AND_FAILURE_HANDLING_NOT_RESULT_BLIND_FROZEN,PRE_R10_SUPPORTING_DESCRIPTIVE_RESULT_AWARE__NO_NEW_CONFIRMATORY_INFERENCE
12,E1_ROLLING__DT-RAMDE_TS2_FULL__VS__MATCHED_JDE_STYLE_PARETO,E1_ROLLING,DT-RAMDE_TS2_FULL,MATCHED_JDE_STYLE_PARETO,output_bytes,EQUAL_CHARGED_WORK_TASK_PAIRS,160,160,0.99945764848794116,0.99954951780253443,0.99853064005029524,0.99989479889357458,,NOT_APPLICABLE,NOT_CONFIRMATORY__ZERO_DENOMINATOR_AND_FAILURE_HANDLING_NOT_RESULT_BLIND_FROZEN,PRE_R10_SUPPORTING_DESCRIPTIVE_RESULT_AWARE__NO_NEW_CONFIRMATORY_INFERENCE
12,E1_ROLLING__DT-RAMDE_TS2_FULL__VS__MATCHED_JDE_STYLE_PARETO,E1_ROLLING,DT-RAMDE_TS2_FULL,MATCHED_JDE_STYLE_PARETO,output_bytes,BOTH_ALL_EVENTS_ACCEPTED_TASK_PAIRS,160,55,0.99963109363239289,0.99963311229481466,0.99958782573090732,0.99967388379936239,,NOT_APPLICABLE,NOT_CONFIRMATORY__ZERO_DENOMINATOR_AND_FAILURE_HANDLING_NOT_RESULT_BLIND_FROZEN,PRE_R10_SUPPORTING_DESCRIPTIVE_RESULT_AWARE__NO_NEW_CONFIRMATORY_INFERENCE
12,E1_ROLLING__DT-RAMDE_TS2_FULL__VS__MATCHED_JDE_STYLE_PARETO,E1_ROLLING,DT-RAMDE_TS2_FULL,MATCHED_JDE_STYLE_PARETO,charged_cfe,ALL_COMPLETED_TASK_PAIRS,160,160,1,1,1,1,,NOT_APPLICABLE,NOT_CONFIRMATORY__ZERO_DENOMINATOR_AND_FAILURE_HANDLING_NOT_RESULT_BLIND_FROZEN,PRE_R10_SUPPORTING_DESCRIPTIVE_RESULT_AWARE__NO_NEW_CONFIRMATORY_INFERENCE
12,E1_ROLLING__DT-RAMDE_TS2_FULL__VS__MATCHED_JDE_STYLE_PARETO,E1_ROLLING,DT-RAMDE_TS2_FULL,MATCHED_JDE_STYLE_PARETO,charged_cfe,EQUAL_CHARGED_WORK_TASK_PAIRS,160,160,1,1,1,1,,NOT_APPLICABLE,NOT_CONFIRMATORY__ZERO_DENOMINATOR_AND_FAILURE_HANDLING_NOT_RESULT_BLIND_FROZEN,PRE_R10_SUPPORTING_DESCRIPTIVE_RESULT_AWARE__NO_NEW_CONFIRMATORY_INFERENCE
12,E1_ROLLING__DT-RAMDE_TS2_FULL__VS__MATCHED_JDE_STYLE_PARETO,E1_ROLLING,DT-RAMDE_TS2_FULL,MATCHED_JDE_STYLE_PARETO,charged_cfe,BOTH_ALL_EVENTS_ACCEPTED_TASK_PAIRS,160,55,1,1,1,1,,NOT_APPLICABLE,NOT_CONFIRMATORY__ZERO_DENOMINATOR_AND_FAILURE_HANDLING_NOT_RESULT_BLIND_FROZEN,PRE_R10_SUPPORTING_DESCRIPTIVE_RESULT_AWARE__NO_NEW_CONFIRMATORY_INFERENCE
12,E1_ROLLING__DT-RAMDE_TS2_FULL__VS__MATCHED_JDE_STYLE_PARETO,E1_ROLLING,DT-RAMDE_TS2_FULL,MATCHED_JDE_STYLE_PARETO,charged_atomic_model_steps,ALL_COMPLETED_TASK_PAIRS,160,160,1,1,1,1,,NOT_APPLICABLE,NOT_CONFIRMATORY__ZERO_DENOMINATOR_AND_FAILURE_HANDLING_NOT_RESULT_BLIND_FROZEN,PRE_R10_SUPPORTING_DESCRIPTIVE_RESULT_AWARE__NO_NEW_CONFIRMATORY_INFERENCE
12,E1_ROLLING__DT-RAMDE_TS2_FULL__VS__MATCHED_JDE_STYLE_PARETO,E1_ROLLING,DT-RAMDE_TS2_FULL,MATCHED_JDE_STYLE_PARETO,charged_atomic_model_steps,EQUAL_CHARGED_WORK_TASK_PAIRS,160,160,1,1,1,1,,NOT_APPLICABLE,NOT_CONFIRMATORY__ZERO_DENOMINATOR_AND_FAILURE_HANDLING_NOT_RESULT_BLIND_FROZEN,PRE_R10_SUPPORTING_DESCRIPTIVE_RESULT_AWARE__NO_NEW_CONFIRMATORY_INFERENCE
12,E1_ROLLING__DT-RAMDE_TS2_FULL__VS__MATCHED_JDE_STYLE_PARETO,E1_ROLLING,DT-RAMDE_TS2_FULL,MATCHED_JDE_STYLE_PARETO,charged_atomic_model_steps,BOTH_ALL_EVENTS_ACCEPTED_TASK_PAIRS,160,55,1,1,1,1,,NOT_APPLICABLE,NOT_CONFIRMATORY__ZERO_DENOMINATOR_AND_FAILURE_HANDLING_NOT_RESULT_BLIND_FROZEN,PRE_R10_SUPPORTING_DESCRIPTIVE_RESULT_AWARE__NO_NEW_CONFIRMATORY_INFERENCE
13,E1_ROLLING__DT-RAMDE_TS2_FULL__VS__MATCHED_SHADE_STYLE_PARETO,E1_ROLLING,DT-RAMDE_TS2_FULL,MATCHED_SHADE_STYLE_PARETO,wall_seconds,ALL_COMPLETED_TASK_PAIRS,160,160,1.3784931085698435,1.3820643007649833,1.2439879643235412,1.5119953961312453,1.5,AT_OR_BELOW_POINT_MARGIN,NOT_CONFIRMATORY__ZERO_DENOMINATOR_AND_FAILURE_HANDLING_NOT_RESULT_BLIND_FROZEN,PRE_R10_SUPPORTING_DESCRIPTIVE_RESULT_AWARE__NO_NEW_CONFIRMATORY_INFERENCE
13,E1_ROLLING__DT-RAMDE_TS2_FULL__VS__MATCHED_SHADE_STYLE_PARETO,E1_ROLLING,DT-RAMDE_TS2_FULL,MATCHED_SHADE_STYLE_PARETO,wall_seconds,EQUAL_CHARGED_WORK_TASK_PAIRS,160,160,1.3784931085698435,1.3820643007649833,1.2439879643235412,1.5119953961312453,1.5,AT_OR_BELOW_POINT_MARGIN,NOT_CONFIRMATORY__ZERO_DENOMINATOR_AND_FAILURE_HANDLING_NOT_RESULT_BLIND_FROZEN,PRE_R10_SUPPORTING_DESCRIPTIVE_RESULT_AWARE__NO_NEW_CONFIRMATORY_INFERENCE
13,E1_ROLLING__DT-RAMDE_TS2_FULL__VS__MATCHED_SHADE_STYLE_PARETO,E1_ROLLING,DT-RAMDE_TS2_FULL,MATCHED_SHADE_STYLE_PARETO,wall_seconds,BOTH_ALL_EVENTS_ACCEPTED_TASK_PAIRS,160,55,1.4012012156100815,1.4006789370566171,1.3255460725285837,1.4761289648067961,1.5,AT_OR_BELOW_POINT_MARGIN,NOT_CONFIRMATORY__ZERO_DENOMINATOR_AND_FAILURE_HANDLING_NOT_RESULT_BLIND_FROZEN,PRE_R10_SUPPORTING_DESCRIPTIVE_RESULT_AWARE__NO_NEW_CONFIRMATORY_INFERENCE
13,E1_ROLLING__DT-RAMDE_TS2_FULL__VS__MATCHED_SHADE_STYLE_PARETO,E1_ROLLING,DT-RAMDE_TS2_FULL,MATCHED_SHADE_STYLE_PARETO,cpu_seconds,ALL_COMPLETED_TASK_PAIRS,160,160,1.3985645416763426,1.4010576403006216,1.266412066236472,1.5196752516860281,,NOT_APPLICABLE,NOT_CONFIRMATORY__ZERO_DENOMINATOR_AND_FAILURE_HANDLING_NOT_RESULT_BLIND_FROZEN,PRE_R10_SUPPORTING_DESCRIPTIVE_RESULT_AWARE__NO_NEW_CONFIRMATORY_INFERENCE
13,E1_ROLLING__DT-RAMDE_TS2_FULL__VS__MATCHED_SHADE_STYLE_PARETO,E1_ROLLING,DT-RAMDE_TS2_FULL,MATCHED_SHADE_STYLE_PARETO,cpu_seconds,EQUAL_CHARGED_WORK_TASK_PAIRS,160,160,1.3985645416763426,1.4010576403006216,1.266412066236472,1.5196752516860281,,NOT_APPLICABLE,NOT_CONFIRMATORY__ZERO_DENOMINATOR_AND_FAILURE_HANDLING_NOT_RESULT_BLIND_FROZEN,PRE_R10_SUPPORTING_DESCRIPTIVE_RESULT_AWARE__NO_NEW_CONFIRMATORY_INFERENCE
13,E1_ROLLING__DT-RAMDE_TS2_FULL__VS__MATCHED_SHADE_STYLE_PARETO,E1_ROLLING,DT-RAMDE_TS2_FULL,MATCHED_SHADE_STYLE_PARETO,cpu_seconds,BOTH_ALL_EVENTS_ACCEPTED_TASK_PAIRS,160,55,1.424348235767618,1.4193543655108531,1.3705964945790508,1.5196752516860281,,NOT_APPLICABLE,NOT_CONFIRMATORY__ZERO_DENOMINATOR_AND_FAILURE_HANDLING_NOT_RESULT_BLIND_FROZEN,PRE_R10_SUPPORTING_DESCRIPTIVE_RESULT_AWARE__NO_NEW_CONFIRMATORY_INFERENCE
13,E1_ROLLING__DT-RAMDE_TS2_FULL__VS__MATCHED_SHADE_STYLE_PARETO,E1_ROLLING,DT-RAMDE_TS2_FULL,MATCHED_SHADE_STYLE_PARETO,peak_rss_bytes,ALL_COMPLETED_TASK_PAIRS,160,160,1.0446434394602404,1.0461399080359812,0.99332810047095765,1.0806072758521914,2,AT_OR_BELOW_POINT_MARGIN,NOT_CONFIRMATORY__ZERO_DENOMINATOR_AND_FAILURE_HANDLING_NOT_RESULT_BLIND_FROZEN,PRE_R10_SUPPORTING_DESCRIPTIVE_RESULT_AWARE__NO_NEW_CONFIRMATORY_INFERENCE
13,E1_ROLLING__DT-RAMDE_TS2_FULL__VS__MATCHED_SHADE_STYLE_PARETO,E1_ROLLING,DT-RAMDE_TS2_FULL,MATCHED_SHADE_STYLE_PARETO,peak_rss_bytes,EQUAL_CHARGED_WORK_TASK_PAIRS,160,160,1.0446434394602404,1.0461399080359812,0.99332810047095765,1.0806072758521914,2,AT_OR_BELOW_POINT_MARGIN,NOT_CONFIRMATORY__ZERO_DENOMINATOR_AND_FAILURE_HANDLING_NOT_RESULT_BLIND_FROZEN,PRE_R10_SUPPORTING_DESCRIPTIVE_RESULT_AWARE__NO_NEW_CONFIRMATORY_INFERENCE
13,E1_ROLLING__DT-RAMDE_TS2_FULL__VS__MATCHED_SHADE_STYLE_PARETO,E1_ROLLING,DT-RAMDE_TS2_FULL,MATCHED_SHADE_STYLE_PARETO,peak_rss_bytes,BOTH_ALL_EVENTS_ACCEPTED_TASK_PAIRS,160,55,1.0480927310287289,1.0472306420501516,1.0259413309982486,1.0735201058505437,2,AT_OR_BELOW_POINT_MARGIN,NOT_CONFIRMATORY__ZERO_DENOMINATOR_AND_FAILURE_HANDLING_NOT_RESULT_BLIND_FROZEN,PRE_R10_SUPPORTING_DESCRIPTIVE_RESULT_AWARE__NO_NEW_CONFIRMATORY_INFERENCE
13,E1_ROLLING__DT-RAMDE_TS2_FULL__VS__MATCHED_SHADE_STYLE_PARETO,E1_ROLLING,DT-RAMDE_TS2_FULL,MATCHED_SHADE_STYLE_PARETO,output_bytes,ALL_COMPLETED_TASK_PAIRS,160,160,0.99944719386307912,0.99954840839944115,0.99849445884763599,0.99990749440431836,,NOT_APPLICABLE,NOT_CONFIRMATORY__ZERO_DENOMINATOR_AND_FAILURE_HANDLING_NOT_RESULT_BLIND_FROZEN,PRE_R10_SUPPORTING_DESCRIPTIVE_RESULT_AWARE__NO_NEW_CONFIRMATORY_INFERENCE
13,E1_ROLLING__DT-RAMDE_TS2_FULL__VS__MATCHED_SHADE_STYLE_PARETO,E1_ROLLING,DT-RAMDE_TS2_FULL,MATCHED_SHADE_STYLE_PARETO,output_bytes,EQUAL_CHARGED_WORK_TASK_PAIRS,160,160,0.99944719386307912,0.99954840839944115,0.99849445884763599,0.99990749440431836,,NOT_APPLICABLE,NOT_CONFIRMATORY__ZERO_DENOMINATOR_AND_FAILURE_HANDLING_NOT_RESULT_BLIND_FROZEN,PRE_R10_SUPPORTING_DESCRIPTIVE_RESULT_AWARE__NO_NEW_CONFIRMATORY_INFERENCE
13,E1_ROLLING__DT-RAMDE_TS2_FULL__VS__MATCHED_SHADE_STYLE_PARETO,E1_ROLLING,DT-RAMDE_TS2_FULL,MATCHED_SHADE_STYLE_PARETO,output_bytes,BOTH_ALL_EVENTS_ACCEPTED_TASK_PAIRS,160,55,0.99963364556032963,0.99963310830642793,0.99958018015077243,0.99968816288050477,,NOT_APPLICABLE,NOT_CONFIRMATORY__ZERO_DENOMINATOR_AND_FAILURE_HANDLING_NOT_RESULT_BLIND_FROZEN,PRE_R10_SUPPORTING_DESCRIPTIVE_RESULT_AWARE__NO_NEW_CONFIRMATORY_INFERENCE
13,E1_ROLLING__DT-RAMDE_TS2_FULL__VS__MATCHED_SHADE_STYLE_PARETO,E1_ROLLING,DT-RAMDE_TS2_FULL,MATCHED_SHADE_STYLE_PARETO,charged_cfe,ALL_COMPLETED_TASK_PAIRS,160,160,1,1,1,1,,NOT_APPLICABLE,NOT_CONFIRMATORY__ZERO_DENOMINATOR_AND_FAILURE_HANDLING_NOT_RESULT_BLIND_FROZEN,PRE_R10_SUPPORTING_DESCRIPTIVE_RESULT_AWARE__NO_NEW_CONFIRMATORY_INFERENCE
13,E1_ROLLING__DT-RAMDE_TS2_FULL__VS__MATCHED_SHADE_STYLE_PARETO,E1_ROLLING,DT-RAMDE_TS2_FULL,MATCHED_SHADE_STYLE_PARETO,charged_cfe,EQUAL_CHARGED_WORK_TASK_PAIRS,160,160,1,1,1,1,,NOT_APPLICABLE,NOT_CONFIRMATORY__ZERO_DENOMINATOR_AND_FAILURE_HANDLING_NOT_RESULT_BLIND_FROZEN,PRE_R10_SUPPORTING_DESCRIPTIVE_RESULT_AWARE__NO_NEW_CONFIRMATORY_INFERENCE
13,E1_ROLLING__DT-RAMDE_TS2_FULL__VS__MATCHED_SHADE_STYLE_PARETO,E1_ROLLING,DT-RAMDE_TS2_FULL,MATCHED_SHADE_STYLE_PARETO,charged_cfe,BOTH_ALL_EVENTS_ACCEPTED_TASK_PAIRS,160,55,1,1,1,1,,NOT_APPLICABLE,NOT_CONFIRMATORY__ZERO_DENOMINATOR_AND_FAILURE_HANDLING_NOT_RESULT_BLIND_FROZEN,PRE_R10_SUPPORTING_DESCRIPTIVE_RESULT_AWARE__NO_NEW_CONFIRMATORY_INFERENCE
13,E1_ROLLING__DT-RAMDE_TS2_FULL__VS__MATCHED_SHADE_STYLE_PARETO,E1_ROLLING,DT-RAMDE_TS2_FULL,MATCHED_SHADE_STYLE_PARETO,charged_atomic_model_steps,ALL_COMPLETED_TASK_PAIRS,160,160,1,1,1,1,,NOT_APPLICABLE,NOT_CONFIRMATORY__ZERO_DENOMINATOR_AND_FAILURE_HANDLING_NOT_RESULT_BLIND_FROZEN,PRE_R10_SUPPORTING_DESCRIPTIVE_RESULT_AWARE__NO_NEW_CONFIRMATORY_INFERENCE
13,E1_ROLLING__DT-RAMDE_TS2_FULL__VS__MATCHED_SHADE_STYLE_PARETO,E1_ROLLING,DT-RAMDE_TS2_FULL,MATCHED_SHADE_STYLE_PARETO,charged_atomic_model_steps,EQUAL_CHARGED_WORK_TASK_PAIRS,160,160,1,1,1,1,,NOT_APPLICABLE,NOT_CONFIRMATORY__ZERO_DENOMINATOR_AND_FAILURE_HANDLING_NOT_RESULT_BLIND_FROZEN,PRE_R10_SUPPORTING_DESCRIPTIVE_RESULT_AWARE__NO_NEW_CONFIRMATORY_INFERENCE
13,E1_ROLLING__DT-RAMDE_TS2_FULL__VS__MATCHED_SHADE_STYLE_PARETO,E1_ROLLING,DT-RAMDE_TS2_FULL,MATCHED_SHADE_STYLE_PARETO,charged_atomic_model_steps,BOTH_ALL_EVENTS_ACCEPTED_TASK_PAIRS,160,55,1,1,1,1,,NOT_APPLICABLE,NOT_CONFIRMATORY__ZERO_DENOMINATOR_AND_FAILURE_HANDLING_NOT_RESULT_BLIND_FROZEN,PRE_R10_SUPPORTING_DESCRIPTIVE_RESULT_AWARE__NO_NEW_CONFIRMATORY_INFERENCE
14,E1_ROLLING__DT-RAMDE_TS2_FULL__VS__JMETALPY_1_7_GDE3_STANDARD_PARETO_DE,E1_ROLLING,DT-RAMDE_TS2_FULL,JMETALPY_1_7_GDE3_STANDARD_PARETO_DE,wall_seconds,ALL_COMPLETED_TASK_PAIRS,160,160,0.78945735453691201,0.79982358661419428,0.51340826933924177,0.87220120599370365,1.5,AT_OR_BELOW_POINT_MARGIN,NOT_CONFIRMATORY__ZERO_DENOMINATOR_AND_FAILURE_HANDLING_NOT_RESULT_BLIND_FROZEN,PRE_R10_SUPPORTING_DESCRIPTIVE_RESULT_AWARE__NO_NEW_CONFIRMATORY_INFERENCE
14,E1_ROLLING__DT-RAMDE_TS2_FULL__VS__JMETALPY_1_7_GDE3_STANDARD_PARETO_DE,E1_ROLLING,DT-RAMDE_TS2_FULL,JMETALPY_1_7_GDE3_STANDARD_PARETO_DE,wall_seconds,EQUAL_CHARGED_WORK_TASK_PAIRS,160,160,0.78945735453691201,0.79982358661419428,0.51340826933924177,0.87220120599370365,1.5,AT_OR_BELOW_POINT_MARGIN,NOT_CONFIRMATORY__ZERO_DENOMINATOR_AND_FAILURE_HANDLING_NOT_RESULT_BLIND_FROZEN,PRE_R10_SUPPORTING_DESCRIPTIVE_RESULT_AWARE__NO_NEW_CONFIRMATORY_INFERENCE
14,E1_ROLLING__DT-RAMDE_TS2_FULL__VS__JMETALPY_1_7_GDE3_STANDARD_PARETO_DE,E1_ROLLING,DT-RAMDE_TS2_FULL,JMETALPY_1_7_GDE3_STANDARD_PARETO_DE,wall_seconds,BOTH_ALL_EVENTS_ACCEPTED_TASK_PAIRS,160,55,0.80866570745625366,0.80749835634127587,0.76385229773744412,0.87220120599370365,1.5,AT_OR_BELOW_POINT_MARGIN,NOT_CONFIRMATORY__ZERO_DENOMINATOR_AND_FAILURE_HANDLING_NOT_RESULT_BLIND_FROZEN,PRE_R10_SUPPORTING_DESCRIPTIVE_RESULT_AWARE__NO_NEW_CONFIRMATORY_INFERENCE
14,E1_ROLLING__DT-RAMDE_TS2_FULL__VS__JMETALPY_1_7_GDE3_STANDARD_PARETO_DE,E1_ROLLING,DT-RAMDE_TS2_FULL,JMETALPY_1_7_GDE3_STANDARD_PARETO_DE,cpu_seconds,ALL_COMPLETED_TASK_PAIRS,160,160,0.7827207251586078,0.79165295180303585,0.50694516345975427,0.87224268551742301,,NOT_APPLICABLE,NOT_CONFIRMATORY__ZERO_DENOMINATOR_AND_FAILURE_HANDLING_NOT_RESULT_BLIND_FROZEN,PRE_R10_SUPPORTING_DESCRIPTIVE_RESULT_AWARE__NO_NEW_CONFIRMATORY_INFERENCE
14,E1_ROLLING__DT-RAMDE_TS2_FULL__VS__JMETALPY_1_7_GDE3_STANDARD_PARETO_DE,E1_ROLLING,DT-RAMDE_TS2_FULL,JMETALPY_1_7_GDE3_STANDARD_PARETO_DE,cpu_seconds,EQUAL_CHARGED_WORK_TASK_PAIRS,160,160,0.7827207251586078,0.79165295180303585,0.50694516345975427,0.87224268551742301,,NOT_APPLICABLE,NOT_CONFIRMATORY__ZERO_DENOMINATOR_AND_FAILURE_HANDLING_NOT_RESULT_BLIND_FROZEN,PRE_R10_SUPPORTING_DESCRIPTIVE_RESULT_AWARE__NO_NEW_CONFIRMATORY_INFERENCE
14,E1_ROLLING__DT-RAMDE_TS2_FULL__VS__JMETALPY_1_7_GDE3_STANDARD_PARETO_DE,E1_ROLLING,DT-RAMDE_TS2_FULL,JMETALPY_1_7_GDE3_STANDARD_PARETO_DE,cpu_seconds,BOTH_ALL_EVENTS_ACCEPTED_TASK_PAIRS,160,55,0.80284361759401279,0.80522194537083558,0.75792999348116674,0.87224268551742301,,NOT_APPLICABLE,NOT_CONFIRMATORY__ZERO_DENOMINATOR_AND_FAILURE_HANDLING_NOT_RESULT_BLIND_FROZEN,PRE_R10_SUPPORTING_DESCRIPTIVE_RESULT_AWARE__NO_NEW_CONFIRMATORY_INFERENCE
14,E1_ROLLING__DT-RAMDE_TS2_FULL__VS__JMETALPY_1_7_GDE3_STANDARD_PARETO_DE,E1_ROLLING,DT-RAMDE_TS2_FULL,JMETALPY_1_7_GDE3_STANDARD_PARETO_DE,peak_rss_bytes,ALL_COMPLETED_TASK_PAIRS,160,160,0.78692941765038071,0.78955998953656104,0.75075215051485233,0.8107887384483129,2,AT_OR_BELOW_POINT_MARGIN,NOT_CONFIRMATORY__ZERO_DENOMINATOR_AND_FAILURE_HANDLING_NOT_RESULT_BLIND_FROZEN,PRE_R10_SUPPORTING_DESCRIPTIVE_RESULT_AWARE__NO_NEW_CONFIRMATORY_INFERENCE
14,E1_ROLLING__DT-RAMDE_TS2_FULL__VS__JMETALPY_1_7_GDE3_STANDARD_PARETO_DE,E1_ROLLING,DT-RAMDE_TS2_FULL,JMETALPY_1_7_GDE3_STANDARD_PARETO_DE,peak_rss_bytes,EQUAL_CHARGED_WORK_TASK_PAIRS,160,160,0.78692941765038071,0.78955998953656104,0.75075215051485233,0.8107887384483129,2,AT_OR_BELOW_POINT_MARGIN,NOT_CONFIRMATORY__ZERO_DENOMINATOR_AND_FAILURE_HANDLING_NOT_RESULT_BLIND_FROZEN,PRE_R10_SUPPORTING_DESCRIPTIVE_RESULT_AWARE__NO_NEW_CONFIRMATORY_INFERENCE
14,E1_ROLLING__DT-RAMDE_TS2_FULL__VS__JMETALPY_1_7_GDE3_STANDARD_PARETO_DE,E1_ROLLING,DT-RAMDE_TS2_FULL,JMETALPY_1_7_GDE3_STANDARD_PARETO_DE,peak_rss_bytes,BOTH_ALL_EVENTS_ACCEPTED_TASK_PAIRS,160,55,0.79052413374265973,0.79033214709371291,0.76734452289350186,0.80403016231414814,2,AT_OR_BELOW_POINT_MARGIN,NOT_CONFIRMATORY__ZERO_DENOMINATOR_AND_FAILURE_HANDLING_NOT_RESULT_BLIND_FROZEN,PRE_R10_SUPPORTING_DESCRIPTIVE_RESULT_AWARE__NO_NEW_CONFIRMATORY_INFERENCE
14,E1_ROLLING__DT-RAMDE_TS2_FULL__VS__JMETALPY_1_7_GDE3_STANDARD_PARETO_DE,E1_ROLLING,DT-RAMDE_TS2_FULL,JMETALPY_1_7_GDE3_STANDARD_PARETO_DE,output_bytes,ALL_COMPLETED_TASK_PAIRS,160,160,0.99915711118504513,0.99924109394356275,0.99824668808798434,0.99962554864376985,,NOT_APPLICABLE,NOT_CONFIRMATORY__ZERO_DENOMINATOR_AND_FAILURE_HANDLING_NOT_RESULT_BLIND_FROZEN,PRE_R10_SUPPORTING_DESCRIPTIVE_RESULT_AWARE__NO_NEW_CONFIRMATORY_INFERENCE
14,E1_ROLLING__DT-RAMDE_TS2_FULL__VS__JMETALPY_1_7_GDE3_STANDARD_PARETO_DE,E1_ROLLING,DT-RAMDE_TS2_FULL,JMETALPY_1_7_GDE3_STANDARD_PARETO_DE,output_bytes,EQUAL_CHARGED_WORK_TASK_PAIRS,160,160,0.99915711118504513,0.99924109394356275,0.99824668808798434,0.99962554864376985,,NOT_APPLICABLE,NOT_CONFIRMATORY__ZERO_DENOMINATOR_AND_FAILURE_HANDLING_NOT_RESULT_BLIND_FROZEN,PRE_R10_SUPPORTING_DESCRIPTIVE_RESULT_AWARE__NO_NEW_CONFIRMATORY_INFERENCE
14,E1_ROLLING__DT-RAMDE_TS2_FULL__VS__JMETALPY_1_7_GDE3_STANDARD_PARETO_DE,E1_ROLLING,DT-RAMDE_TS2_FULL,JMETALPY_1_7_GDE3_STANDARD_PARETO_DE,output_bytes,BOTH_ALL_EVENTS_ACCEPTED_TASK_PAIRS,160,55,0.99934198959190434,0.99934210108988297,0.99928548724064947,0.99938688365732498,,NOT_APPLICABLE,NOT_CONFIRMATORY__ZERO_DENOMINATOR_AND_FAILURE_HANDLING_NOT_RESULT_BLIND_FROZEN,PRE_R10_SUPPORTING_DESCRIPTIVE_RESULT_AWARE__NO_NEW_CONFIRMATORY_INFERENCE
14,E1_ROLLING__DT-RAMDE_TS2_FULL__VS__JMETALPY_1_7_GDE3_STANDARD_PARETO_DE,E1_ROLLING,DT-RAMDE_TS2_FULL,JMETALPY_1_7_GDE3_STANDARD_PARETO_DE,charged_cfe,ALL_COMPLETED_TASK_PAIRS,160,160,1,1,1,1,,NOT_APPLICABLE,NOT_CONFIRMATORY__ZERO_DENOMINATOR_AND_FAILURE_HANDLING_NOT_RESULT_BLIND_FROZEN,PRE_R10_SUPPORTING_DESCRIPTIVE_RESULT_AWARE__NO_NEW_CONFIRMATORY_INFERENCE
14,E1_ROLLING__DT-RAMDE_TS2_FULL__VS__JMETALPY_1_7_GDE3_STANDARD_PARETO_DE,E1_ROLLING,DT-RAMDE_TS2_FULL,JMETALPY_1_7_GDE3_STANDARD_PARETO_DE,charged_cfe,EQUAL_CHARGED_WORK_TASK_PAIRS,160,160,1,1,1,1,,NOT_APPLICABLE,NOT_CONFIRMATORY__ZERO_DENOMINATOR_AND_FAILURE_HANDLING_NOT_RESULT_BLIND_FROZEN,PRE_R10_SUPPORTING_DESCRIPTIVE_RESULT_AWARE__NO_NEW_CONFIRMATORY_INFERENCE
14,E1_ROLLING__DT-RAMDE_TS2_FULL__VS__JMETALPY_1_7_GDE3_STANDARD_PARETO_DE,E1_ROLLING,DT-RAMDE_TS2_FULL,JMETALPY_1_7_GDE3_STANDARD_PARETO_DE,charged_cfe,BOTH_ALL_EVENTS_ACCEPTED_TASK_PAIRS,160,55,1,1,1,1,,NOT_APPLICABLE,NOT_CONFIRMATORY__ZERO_DENOMINATOR_AND_FAILURE_HANDLING_NOT_RESULT_BLIND_FROZEN,PRE_R10_SUPPORTING_DESCRIPTIVE_RESULT_AWARE__NO_NEW_CONFIRMATORY_INFERENCE
14,E1_ROLLING__DT-RAMDE_TS2_FULL__VS__JMETALPY_1_7_GDE3_STANDARD_PARETO_DE,E1_ROLLING,DT-RAMDE_TS2_FULL,JMETALPY_1_7_GDE3_STANDARD_PARETO_DE,charged_atomic_model_steps,ALL_COMPLETED_TASK_PAIRS,160,160,1,1,1,1,,NOT_APPLICABLE,NOT_CONFIRMATORY__ZERO_DENOMINATOR_AND_FAILURE_HANDLING_NOT_RESULT_BLIND_FROZEN,PRE_R10_SUPPORTING_DESCRIPTIVE_RESULT_AWARE__NO_NEW_CONFIRMATORY_INFERENCE
14,E1_ROLLING__DT-RAMDE_TS2_FULL__VS__JMETALPY_1_7_GDE3_STANDARD_PARETO_DE,E1_ROLLING,DT-RAMDE_TS2_FULL,JMETALPY_1_7_GDE3_STANDARD_PARETO_DE,charged_atomic_model_steps,EQUAL_CHARGED_WORK_TASK_PAIRS,160,160,1,1,1,1,,NOT_APPLICABLE,NOT_CONFIRMATORY__ZERO_DENOMINATOR_AND_FAILURE_HANDLING_NOT_RESULT_BLIND_FROZEN,PRE_R10_SUPPORTING_DESCRIPTIVE_RESULT_AWARE__NO_NEW_CONFIRMATORY_INFERENCE
14,E1_ROLLING__DT-RAMDE_TS2_FULL__VS__JMETALPY_1_7_GDE3_STANDARD_PARETO_DE,E1_ROLLING,DT-RAMDE_TS2_FULL,JMETALPY_1_7_GDE3_STANDARD_PARETO_DE,charged_atomic_model_steps,BOTH_ALL_EVENTS_ACCEPTED_TASK_PAIRS,160,55,1,1,1,1,,NOT_APPLICABLE,NOT_CONFIRMATORY__ZERO_DENOMINATOR_AND_FAILURE_HANDLING_NOT_RESULT_BLIND_FROZEN,PRE_R10_SUPPORTING_DESCRIPTIVE_RESULT_AWARE__NO_NEW_CONFIRMATORY_INFERENCE
15,E1_ROLLING__DT-RAMDE_TS2_FULL__VS__JMETALPY_1_7_NSGAII_DYNAMIC_RESTART_BRIDGE,E1_ROLLING,DT-RAMDE_TS2_FULL,JMETALPY_1_7_NSGAII_DYNAMIC_RESTART_BRIDGE,wall_seconds,ALL_COMPLETED_TASK_PAIRS,160,160,0.75931952235075251,0.76623733247316395,0.66617407253061467,0.82145888761069497,1.5,AT_OR_BELOW_POINT_MARGIN,NOT_CONFIRMATORY__ZERO_DENOMINATOR_AND_FAILURE_HANDLING_NOT_RESULT_BLIND_FROZEN,PRE_R10_SUPPORTING_DESCRIPTIVE_RESULT_AWARE__NO_NEW_CONFIRMATORY_INFERENCE
15,E1_ROLLING__DT-RAMDE_TS2_FULL__VS__JMETALPY_1_7_NSGAII_DYNAMIC_RESTART_BRIDGE,E1_ROLLING,DT-RAMDE_TS2_FULL,JMETALPY_1_7_NSGAII_DYNAMIC_RESTART_BRIDGE,wall_seconds,EQUAL_CHARGED_WORK_TASK_PAIRS,160,160,0.75931952235075251,0.76623733247316395,0.66617407253061467,0.82145888761069497,1.5,AT_OR_BELOW_POINT_MARGIN,NOT_CONFIRMATORY__ZERO_DENOMINATOR_AND_FAILURE_HANDLING_NOT_RESULT_BLIND_FROZEN,PRE_R10_SUPPORTING_DESCRIPTIVE_RESULT_AWARE__NO_NEW_CONFIRMATORY_INFERENCE
15,E1_ROLLING__DT-RAMDE_TS2_FULL__VS__JMETALPY_1_7_NSGAII_DYNAMIC_RESTART_BRIDGE,E1_ROLLING,DT-RAMDE_TS2_FULL,JMETALPY_1_7_NSGAII_DYNAMIC_RESTART_BRIDGE,wall_seconds,BOTH_ALL_EVENTS_ACCEPTED_TASK_PAIRS,160,54,0.77195525752625094,0.77195651276054222,0.73696624124695265,0.82145888761069497,1.5,AT_OR_BELOW_POINT_MARGIN,NOT_CONFIRMATORY__ZERO_DENOMINATOR_AND_FAILURE_HANDLING_NOT_RESULT_BLIND_FROZEN,PRE_R10_SUPPORTING_DESCRIPTIVE_RESULT_AWARE__NO_NEW_CONFIRMATORY_INFERENCE
15,E1_ROLLING__DT-RAMDE_TS2_FULL__VS__JMETALPY_1_7_NSGAII_DYNAMIC_RESTART_BRIDGE,E1_ROLLING,DT-RAMDE_TS2_FULL,JMETALPY_1_7_NSGAII_DYNAMIC_RESTART_BRIDGE,cpu_seconds,ALL_COMPLETED_TASK_PAIRS,160,160,0.75201697261612821,0.75505690754179033,0.65196710904595756,0.81316842163566161,,NOT_APPLICABLE,NOT_CONFIRMATORY__ZERO_DENOMINATOR_AND_FAILURE_HANDLING_NOT_RESULT_BLIND_FROZEN,PRE_R10_SUPPORTING_DESCRIPTIVE_RESULT_AWARE__NO_NEW_CONFIRMATORY_INFERENCE
15,E1_ROLLING__DT-RAMDE_TS2_FULL__VS__JMETALPY_1_7_NSGAII_DYNAMIC_RESTART_BRIDGE,E1_ROLLING,DT-RAMDE_TS2_FULL,JMETALPY_1_7_NSGAII_DYNAMIC_RESTART_BRIDGE,cpu_seconds,EQUAL_CHARGED_WORK_TASK_PAIRS,160,160,0.75201697261612821,0.75505690754179033,0.65196710904595756,0.81316842163566161,,NOT_APPLICABLE,NOT_CONFIRMATORY__ZERO_DENOMINATOR_AND_FAILURE_HANDLING_NOT_RESULT_BLIND_FROZEN,PRE_R10_SUPPORTING_DESCRIPTIVE_RESULT_AWARE__NO_NEW_CONFIRMATORY_INFERENCE
15,E1_ROLLING__DT-RAMDE_TS2_FULL__VS__JMETALPY_1_7_NSGAII_DYNAMIC_RESTART_BRIDGE,E1_ROLLING,DT-RAMDE_TS2_FULL,JMETALPY_1_7_NSGAII_DYNAMIC_RESTART_BRIDGE,cpu_seconds,BOTH_ALL_EVENTS_ACCEPTED_TASK_PAIRS,160,54,0.76496492625073242,0.76513601752512272,0.73079335193508022,0.81316842163566161,,NOT_APPLICABLE,NOT_CONFIRMATORY__ZERO_DENOMINATOR_AND_FAILURE_HANDLING_NOT_RESULT_BLIND_FROZEN,PRE_R10_SUPPORTING_DESCRIPTIVE_RESULT_AWARE__NO_NEW_CONFIRMATORY_INFERENCE
15,E1_ROLLING__DT-RAMDE_TS2_FULL__VS__JMETALPY_1_7_NSGAII_DYNAMIC_RESTART_BRIDGE,E1_ROLLING,DT-RAMDE_TS2_FULL,JMETALPY_1_7_NSGAII_DYNAMIC_RESTART_BRIDGE,peak_rss_bytes,ALL_COMPLETED_TASK_PAIRS,160,160,0.76092853640180835,0.76246447272770368,0.72948490962243173,0.77877964426877466,2,AT_OR_BELOW_POINT_MARGIN,NOT_CONFIRMATORY__ZERO_DENOMINATOR_AND_FAILURE_HANDLING_NOT_RESULT_BLIND_FROZEN,PRE_R10_SUPPORTING_DESCRIPTIVE_RESULT_AWARE__NO_NEW_CONFIRMATORY_INFERENCE
15,E1_ROLLING__DT-RAMDE_TS2_FULL__VS__JMETALPY_1_7_NSGAII_DYNAMIC_RESTART_BRIDGE,E1_ROLLING,DT-RAMDE_TS2_FULL,JMETALPY_1_7_NSGAII_DYNAMIC_RESTART_BRIDGE,peak_rss_bytes,EQUAL_CHARGED_WORK_TASK_PAIRS,160,160,0.76092853640180835,0.76246447272770368,0.72948490962243173,0.77877964426877466,2,AT_OR_BELOW_POINT_MARGIN,NOT_CONFIRMATORY__ZERO_DENOMINATOR_AND_FAILURE_HANDLING_NOT_RESULT_BLIND_FROZEN,PRE_R10_SUPPORTING_DESCRIPTIVE_RESULT_AWARE__NO_NEW_CONFIRMATORY_INFERENCE
15,E1_ROLLING__DT-RAMDE_TS2_FULL__VS__JMETALPY_1_7_NSGAII_DYNAMIC_RESTART_BRIDGE,E1_ROLLING,DT-RAMDE_TS2_FULL,JMETALPY_1_7_NSGAII_DYNAMIC_RESTART_BRIDGE,peak_rss_bytes,BOTH_ALL_EVENTS_ACCEPTED_TASK_PAIRS,160,54,0.76394834101436115,0.76508414256650736,0.74700889248181079,0.77646437566008608,2,AT_OR_BELOW_POINT_MARGIN,NOT_CONFIRMATORY__ZERO_DENOMINATOR_AND_FAILURE_HANDLING_NOT_RESULT_BLIND_FROZEN,PRE_R10_SUPPORTING_DESCRIPTIVE_RESULT_AWARE__NO_NEW_CONFIRMATORY_INFERENCE
15,E1_ROLLING__DT-RAMDE_TS2_FULL__VS__JMETALPY_1_7_NSGAII_DYNAMIC_RESTART_BRIDGE,E1_ROLLING,DT-RAMDE_TS2_FULL,JMETALPY_1_7_NSGAII_DYNAMIC_RESTART_BRIDGE,output_bytes,ALL_COMPLETED_TASK_PAIRS,160,160,0.99904508081258969,0.99914066281206737,0.99811290684786624,0.99947693387156866,,NOT_APPLICABLE,NOT_CONFIRMATORY__ZERO_DENOMINATOR_AND_FAILURE_HANDLING_NOT_RESULT_BLIND_FROZEN,PRE_R10_SUPPORTING_DESCRIPTIVE_RESULT_AWARE__NO_NEW_CONFIRMATORY_INFERENCE
15,E1_ROLLING__DT-RAMDE_TS2_FULL__VS__JMETALPY_1_7_NSGAII_DYNAMIC_RESTART_BRIDGE,E1_ROLLING,DT-RAMDE_TS2_FULL,JMETALPY_1_7_NSGAII_DYNAMIC_RESTART_BRIDGE,output_bytes,EQUAL_CHARGED_WORK_TASK_PAIRS,160,160,0.99904508081258969,0.99914066281206737,0.99811290684786624,0.99947693387156866,,NOT_APPLICABLE,NOT_CONFIRMATORY__ZERO_DENOMINATOR_AND_FAILURE_HANDLING_NOT_RESULT_BLIND_FROZEN,PRE_R10_SUPPORTING_DESCRIPTIVE_RESULT_AWARE__NO_NEW_CONFIRMATORY_INFERENCE
15,E1_ROLLING__DT-RAMDE_TS2_FULL__VS__JMETALPY_1_7_NSGAII_DYNAMIC_RESTART_BRIDGE,E1_ROLLING,DT-RAMDE_TS2_FULL,JMETALPY_1_7_NSGAII_DYNAMIC_RESTART_BRIDGE,output_bytes,BOTH_ALL_EVENTS_ACCEPTED_TASK_PAIRS,160,54,0.99920210586409663,0.9992009080824602,0.99916333070440488,0.99924837835365876,,NOT_APPLICABLE,NOT_CONFIRMATORY__ZERO_DENOMINATOR_AND_FAILURE_HANDLING_NOT_RESULT_BLIND_FROZEN,PRE_R10_SUPPORTING_DESCRIPTIVE_RESULT_AWARE__NO_NEW_CONFIRMATORY_INFERENCE
15,E1_ROLLING__DT-RAMDE_TS2_FULL__VS__JMETALPY_1_7_NSGAII_DYNAMIC_RESTART_BRIDGE,E1_ROLLING,DT-RAMDE_TS2_FULL,JMETALPY_1_7_NSGAII_DYNAMIC_RESTART_BRIDGE,charged_cfe,ALL_COMPLETED_TASK_PAIRS,160,160,1,1,1,1,,NOT_APPLICABLE,NOT_CONFIRMATORY__ZERO_DENOMINATOR_AND_FAILURE_HANDLING_NOT_RESULT_BLIND_FROZEN,PRE_R10_SUPPORTING_DESCRIPTIVE_RESULT_AWARE__NO_NEW_CONFIRMATORY_INFERENCE
15,E1_ROLLING__DT-RAMDE_TS2_FULL__VS__JMETALPY_1_7_NSGAII_DYNAMIC_RESTART_BRIDGE,E1_ROLLING,DT-RAMDE_TS2_FULL,JMETALPY_1_7_NSGAII_DYNAMIC_RESTART_BRIDGE,charged_cfe,EQUAL_CHARGED_WORK_TASK_PAIRS,160,160,1,1,1,1,,NOT_APPLICABLE,NOT_CONFIRMATORY__ZERO_DENOMINATOR_AND_FAILURE_HANDLING_NOT_RESULT_BLIND_FROZEN,PRE_R10_SUPPORTING_DESCRIPTIVE_RESULT_AWARE__NO_NEW_CONFIRMATORY_INFERENCE
15,E1_ROLLING__DT-RAMDE_TS2_FULL__VS__JMETALPY_1_7_NSGAII_DYNAMIC_RESTART_BRIDGE,E1_ROLLING,DT-RAMDE_TS2_FULL,JMETALPY_1_7_NSGAII_DYNAMIC_RESTART_BRIDGE,charged_cfe,BOTH_ALL_EVENTS_ACCEPTED_TASK_PAIRS,160,54,1,1,1,1,,NOT_APPLICABLE,NOT_CONFIRMATORY__ZERO_DENOMINATOR_AND_FAILURE_HANDLING_NOT_RESULT_BLIND_FROZEN,PRE_R10_SUPPORTING_DESCRIPTIVE_RESULT_AWARE__NO_NEW_CONFIRMATORY_INFERENCE
15,E1_ROLLING__DT-RAMDE_TS2_FULL__VS__JMETALPY_1_7_NSGAII_DYNAMIC_RESTART_BRIDGE,E1_ROLLING,DT-RAMDE_TS2_FULL,JMETALPY_1_7_NSGAII_DYNAMIC_RESTART_BRIDGE,charged_atomic_model_steps,ALL_COMPLETED_TASK_PAIRS,160,160,1,1,1,1,,NOT_APPLICABLE,NOT_CONFIRMATORY__ZERO_DENOMINATOR_AND_FAILURE_HANDLING_NOT_RESULT_BLIND_FROZEN,PRE_R10_SUPPORTING_DESCRIPTIVE_RESULT_AWARE__NO_NEW_CONFIRMATORY_INFERENCE
15,E1_ROLLING__DT-RAMDE_TS2_FULL__VS__JMETALPY_1_7_NSGAII_DYNAMIC_RESTART_BRIDGE,E1_ROLLING,DT-RAMDE_TS2_FULL,JMETALPY_1_7_NSGAII_DYNAMIC_RESTART_BRIDGE,charged_atomic_model_steps,EQUAL_CHARGED_WORK_TASK_PAIRS,160,160,1,1,1,1,,NOT_APPLICABLE,NOT_CONFIRMATORY__ZERO_DENOMINATOR_AND_FAILURE_HANDLING_NOT_RESULT_BLIND_FROZEN,PRE_R10_SUPPORTING_DESCRIPTIVE_RESULT_AWARE__NO_NEW_CONFIRMATORY_INFERENCE
15,E1_ROLLING__DT-RAMDE_TS2_FULL__VS__JMETALPY_1_7_NSGAII_DYNAMIC_RESTART_BRIDGE,E1_ROLLING,DT-RAMDE_TS2_FULL,JMETALPY_1_7_NSGAII_DYNAMIC_RESTART_BRIDGE,charged_atomic_model_steps,BOTH_ALL_EVENTS_ACCEPTED_TASK_PAIRS,160,54,1,1,1,1,,NOT_APPLICABLE,NOT_CONFIRMATORY__ZERO_DENOMINATOR_AND_FAILURE_HANDLING_NOT_RESULT_BLIND_FROZEN,PRE_R10_SUPPORTING_DESCRIPTIVE_RESULT_AWARE__NO_NEW_CONFIRMATORY_INFERENCE
16,E2_DYNAMIC__DT-RAMDE_TS2_FULL__VS__NO_CROSS_EVENT_MEMORY,E2_DYNAMIC,DT-RAMDE_TS2_FULL,NO_CROSS_EVENT_MEMORY,wall_seconds,ALL_COMPLETED_TASK_PAIRS,150,150,1.0895872371405946,1.0877438275907569,0.99010426398405205,1.1404993080670296,1.5,AT_OR_BELOW_POINT_MARGIN,NOT_CONFIRMATORY__ZERO_DENOMINATOR_AND_FAILURE_HANDLING_NOT_RESULT_BLIND_FROZEN,PRE_R10_SUPPORTING_DESCRIPTIVE_RESULT_AWARE__NO_NEW_CONFIRMATORY_INFERENCE
16,E2_DYNAMIC__DT-RAMDE_TS2_FULL__VS__NO_CROSS_EVENT_MEMORY,E2_DYNAMIC,DT-RAMDE_TS2_FULL,NO_CROSS_EVENT_MEMORY,wall_seconds,EQUAL_CHARGED_WORK_TASK_PAIRS,150,140,1.0934043274635628,1.0882679111767168,1.0323459811015665,1.1404993080670296,1.5,AT_OR_BELOW_POINT_MARGIN,NOT_CONFIRMATORY__ZERO_DENOMINATOR_AND_FAILURE_HANDLING_NOT_RESULT_BLIND_FROZEN,PRE_R10_SUPPORTING_DESCRIPTIVE_RESULT_AWARE__NO_NEW_CONFIRMATORY_INFERENCE
16,E2_DYNAMIC__DT-RAMDE_TS2_FULL__VS__NO_CROSS_EVENT_MEMORY,E2_DYNAMIC,DT-RAMDE_TS2_FULL,NO_CROSS_EVENT_MEMORY,wall_seconds,BOTH_ALL_EVENTS_ACCEPTED_TASK_PAIRS,150,140,1.0934043274635628,1.0882679111767168,1.0323459811015665,1.1404993080670296,1.5,AT_OR_BELOW_POINT_MARGIN,NOT_CONFIRMATORY__ZERO_DENOMINATOR_AND_FAILURE_HANDLING_NOT_RESULT_BLIND_FROZEN,PRE_R10_SUPPORTING_DESCRIPTIVE_RESULT_AWARE__NO_NEW_CONFIRMATORY_INFERENCE
16,E2_DYNAMIC__DT-RAMDE_TS2_FULL__VS__NO_CROSS_EVENT_MEMORY,E2_DYNAMIC,DT-RAMDE_TS2_FULL,NO_CROSS_EVENT_MEMORY,cpu_seconds,ALL_COMPLETED_TASK_PAIRS,150,150,1.0946294892792736,1.0941830279206455,1.0280974519807122,1.1518299723055241,,NOT_APPLICABLE,NOT_CONFIRMATORY__ZERO_DENOMINATOR_AND_FAILURE_HANDLING_NOT_RESULT_BLIND_FROZEN,PRE_R10_SUPPORTING_DESCRIPTIVE_RESULT_AWARE__NO_NEW_CONFIRMATORY_INFERENCE
16,E2_DYNAMIC__DT-RAMDE_TS2_FULL__VS__NO_CROSS_EVENT_MEMORY,E2_DYNAMIC,DT-RAMDE_TS2_FULL,NO_CROSS_EVENT_MEMORY,cpu_seconds,EQUAL_CHARGED_WORK_TASK_PAIRS,150,140,1.0979008487491411,1.0964247931925253,1.0327293272931457,1.1518299723055241,,NOT_APPLICABLE,NOT_CONFIRMATORY__ZERO_DENOMINATOR_AND_FAILURE_HANDLING_NOT_RESULT_BLIND_FROZEN,PRE_R10_SUPPORTING_DESCRIPTIVE_RESULT_AWARE__NO_NEW_CONFIRMATORY_INFERENCE
16,E2_DYNAMIC__DT-RAMDE_TS2_FULL__VS__NO_CROSS_EVENT_MEMORY,E2_DYNAMIC,DT-RAMDE_TS2_FULL,NO_CROSS_EVENT_MEMORY,cpu_seconds,BOTH_ALL_EVENTS_ACCEPTED_TASK_PAIRS,150,140,1.0979008487491411,1.0964247931925253,1.0327293272931457,1.1518299723055241,,NOT_APPLICABLE,NOT_CONFIRMATORY__ZERO_DENOMINATOR_AND_FAILURE_HANDLING_NOT_RESULT_BLIND_FROZEN,PRE_R10_SUPPORTING_DESCRIPTIVE_RESULT_AWARE__NO_NEW_CONFIRMATORY_INFERENCE
16,E2_DYNAMIC__DT-RAMDE_TS2_FULL__VS__NO_CROSS_EVENT_MEMORY,E2_DYNAMIC,DT-RAMDE_TS2_FULL,NO_CROSS_EVENT_MEMORY,peak_rss_bytes,ALL_COMPLETED_TASK_PAIRS,150,150,1.0176240683516422,1.0185083830171207,0.9889492861836211,1.0494127669932454,2,AT_OR_BELOW_POINT_MARGIN,NOT_CONFIRMATORY__ZERO_DENOMINATOR_AND_FAILURE_HANDLING_NOT_RESULT_BLIND_FROZEN,PRE_R10_SUPPORTING_DESCRIPTIVE_RESULT_AWARE__NO_NEW_CONFIRMATORY_INFERENCE
16,E2_DYNAMIC__DT-RAMDE_TS2_FULL__VS__NO_CROSS_EVENT_MEMORY,E2_DYNAMIC,DT-RAMDE_TS2_FULL,NO_CROSS_EVENT_MEMORY,peak_rss_bytes,EQUAL_CHARGED_WORK_TASK_PAIRS,150,140,1.0184973531462862,1.0192446844916774,0.99220933690157598,1.0494127669932454,2,AT_OR_BELOW_POINT_MARGIN,NOT_CONFIRMATORY__ZERO_DENOMINATOR_AND_FAILURE_HANDLING_NOT_RESULT_BLIND_FROZEN,PRE_R10_SUPPORTING_DESCRIPTIVE_RESULT_AWARE__NO_NEW_CONFIRMATORY_INFERENCE
16,E2_DYNAMIC__DT-RAMDE_TS2_FULL__VS__NO_CROSS_EVENT_MEMORY,E2_DYNAMIC,DT-RAMDE_TS2_FULL,NO_CROSS_EVENT_MEMORY,peak_rss_bytes,BOTH_ALL_EVENTS_ACCEPTED_TASK_PAIRS,150,140,1.0184973531462862,1.0192446844916774,0.99220933690157598,1.0494127669932454,2,AT_OR_BELOW_POINT_MARGIN,NOT_CONFIRMATORY__ZERO_DENOMINATOR_AND_FAILURE_HANDLING_NOT_RESULT_BLIND_FROZEN,PRE_R10_SUPPORTING_DESCRIPTIVE_RESULT_AWARE__NO_NEW_CONFIRMATORY_INFERENCE
16,E2_DYNAMIC__DT-RAMDE_TS2_FULL__VS__NO_CROSS_EVENT_MEMORY,E2_DYNAMIC,DT-RAMDE_TS2_FULL,NO_CROSS_EVENT_MEMORY,output_bytes,ALL_COMPLETED_TASK_PAIRS,150,150,0.9999726661632421,0.99997297581204414,0.99995828797978759,0.99999339137905396,,NOT_APPLICABLE,NOT_CONFIRMATORY__ZERO_DENOMINATOR_AND_FAILURE_HANDLING_NOT_RESULT_BLIND_FROZEN,PRE_R10_SUPPORTING_DESCRIPTIVE_RESULT_AWARE__NO_NEW_CONFIRMATORY_INFERENCE
16,E2_DYNAMIC__DT-RAMDE_TS2_FULL__VS__NO_CROSS_EVENT_MEMORY,E2_DYNAMIC,DT-RAMDE_TS2_FULL,NO_CROSS_EVENT_MEMORY,output_bytes,EQUAL_CHARGED_WORK_TASK_PAIRS,150,140,0.99997312528185123,0.99997297582382327,0.99996948888654491,0.99997733453227844,,NOT_APPLICABLE,NOT_CONFIRMATORY__ZERO_DENOMINATOR_AND_FAILURE_HANDLING_NOT_RESULT_BLIND_FROZEN,PRE_R10_SUPPORTING_DESCRIPTIVE_RESULT_AWARE__NO_NEW_CONFIRMATORY_INFERENCE
16,E2_DYNAMIC__DT-RAMDE_TS2_FULL__VS__NO_CROSS_EVENT_MEMORY,E2_DYNAMIC,DT-RAMDE_TS2_FULL,NO_CROSS_EVENT_MEMORY,output_bytes,BOTH_ALL_EVENTS_ACCEPTED_TASK_PAIRS,150,140,0.99997312528185123,0.99997297582382327,0.99996948888654491,0.99997733453227844,,NOT_APPLICABLE,NOT_CONFIRMATORY__ZERO_DENOMINATOR_AND_FAILURE_HANDLING_NOT_RESULT_BLIND_FROZEN,PRE_R10_SUPPORTING_DESCRIPTIVE_RESULT_AWARE__NO_NEW_CONFIRMATORY_INFERENCE
16,E2_DYNAMIC__DT-RAMDE_TS2_FULL__VS__NO_CROSS_EVENT_MEMORY,E2_DYNAMIC,DT-RAMDE_TS2_FULL,NO_CROSS_EVENT_MEMORY,charged_cfe,ALL_COMPLETED_TASK_PAIRS,150,150,1.0000791024317175,1,1,1.0016626578139376,,NOT_APPLICABLE,NOT_CONFIRMATORY__ZERO_DENOMINATOR_AND_FAILURE_HANDLING_NOT_RESULT_BLIND_FROZEN,PRE_R10_SUPPORTING_DESCRIPTIVE_RESULT_AWARE__NO_NEW_CONFIRMATORY_INFERENCE
16,E2_DYNAMIC__DT-RAMDE_TS2_FULL__VS__NO_CROSS_EVENT_MEMORY,E2_DYNAMIC,DT-RAMDE_TS2_FULL,NO_CROSS_EVENT_MEMORY,charged_cfe,EQUAL_CHARGED_WORK_TASK_PAIRS,150,140,1,1,1,1,,NOT_APPLICABLE,NOT_CONFIRMATORY__ZERO_DENOMINATOR_AND_FAILURE_HANDLING_NOT_RESULT_BLIND_FROZEN,PRE_R10_SUPPORTING_DESCRIPTIVE_RESULT_AWARE__NO_NEW_CONFIRMATORY_INFERENCE
16,E2_DYNAMIC__DT-RAMDE_TS2_FULL__VS__NO_CROSS_EVENT_MEMORY,E2_DYNAMIC,DT-RAMDE_TS2_FULL,NO_CROSS_EVENT_MEMORY,charged_cfe,BOTH_ALL_EVENTS_ACCEPTED_TASK_PAIRS,150,140,1,1,1,1,,NOT_APPLICABLE,NOT_CONFIRMATORY__ZERO_DENOMINATOR_AND_FAILURE_HANDLING_NOT_RESULT_BLIND_FROZEN,PRE_R10_SUPPORTING_DESCRIPTIVE_RESULT_AWARE__NO_NEW_CONFIRMATORY_INFERENCE
16,E2_DYNAMIC__DT-RAMDE_TS2_FULL__VS__NO_CROSS_EVENT_MEMORY,E2_DYNAMIC,DT-RAMDE_TS2_FULL,NO_CROSS_EVENT_MEMORY,charged_atomic_model_steps,ALL_COMPLETED_TASK_PAIRS,150,150,1.0000791024317175,1,1,1.0016626578139376,,NOT_APPLICABLE,NOT_CONFIRMATORY__ZERO_DENOMINATOR_AND_FAILURE_HANDLING_NOT_RESULT_BLIND_FROZEN,PRE_R10_SUPPORTING_DESCRIPTIVE_RESULT_AWARE__NO_NEW_CONFIRMATORY_INFERENCE
16,E2_DYNAMIC__DT-RAMDE_TS2_FULL__VS__NO_CROSS_EVENT_MEMORY,E2_DYNAMIC,DT-RAMDE_TS2_FULL,NO_CROSS_EVENT_MEMORY,charged_atomic_model_steps,EQUAL_CHARGED_WORK_TASK_PAIRS,150,140,1,1,1,1,,NOT_APPLICABLE,NOT_CONFIRMATORY__ZERO_DENOMINATOR_AND_FAILURE_HANDLING_NOT_RESULT_BLIND_FROZEN,PRE_R10_SUPPORTING_DESCRIPTIVE_RESULT_AWARE__NO_NEW_CONFIRMATORY_INFERENCE
16,E2_DYNAMIC__DT-RAMDE_TS2_FULL__VS__NO_CROSS_EVENT_MEMORY,E2_DYNAMIC,DT-RAMDE_TS2_FULL,NO_CROSS_EVENT_MEMORY,charged_atomic_model_steps,BOTH_ALL_EVENTS_ACCEPTED_TASK_PAIRS,150,140,1,1,1,1,,NOT_APPLICABLE,NOT_CONFIRMATORY__ZERO_DENOMINATOR_AND_FAILURE_HANDLING_NOT_RESULT_BLIND_FROZEN,PRE_R10_SUPPORTING_DESCRIPTIVE_RESULT_AWARE__NO_NEW_CONFIRMATORY_INFERENCE
17,E2_DYNAMIC__DT-RAMDE_TS2_FULL__VS__NO_REJECTION_CREDIT,E2_DYNAMIC,DT-RAMDE_TS2_FULL,NO_REJECTION_CREDIT,wall_seconds,ALL_COMPLETED_TASK_PAIRS,150,150,0.99733717278022738,1.0004085167352126,0.94139998145689385,1.0339189193950142,1.5,AT_OR_BELOW_POINT_MARGIN,NOT_CONFIRMATORY__ZERO_DENOMINATOR_AND_FAILURE_HANDLING_NOT_RESULT_BLIND_FROZEN,PRE_R10_SUPPORTING_DESCRIPTIVE_RESULT_AWARE__NO_NEW_CONFIRMATORY_INFERENCE
17,E2_DYNAMIC__DT-RAMDE_TS2_FULL__VS__NO_REJECTION_CREDIT,E2_DYNAMIC,DT-RAMDE_TS2_FULL,NO_REJECTION_CREDIT,wall_seconds,EQUAL_CHARGED_WORK_TASK_PAIRS,150,150,0.99733717278022738,1.0004085167352126,0.94139998145689385,1.0339189193950142,1.5,AT_OR_BELOW_POINT_MARGIN,NOT_CONFIRMATORY__ZERO_DENOMINATOR_AND_FAILURE_HANDLING_NOT_RESULT_BLIND_FROZEN,PRE_R10_SUPPORTING_DESCRIPTIVE_RESULT_AWARE__NO_NEW_CONFIRMATORY_INFERENCE
17,E2_DYNAMIC__DT-RAMDE_TS2_FULL__VS__NO_REJECTION_CREDIT,E2_DYNAMIC,DT-RAMDE_TS2_FULL,NO_REJECTION_CREDIT,wall_seconds,BOTH_ALL_EVENTS_ACCEPTED_TASK_PAIRS,150,140,0.99867501623976429,1.0008398457429877,0.94139998145689385,1.0339189193950142,1.5,AT_OR_BELOW_POINT_MARGIN,NOT_CONFIRMATORY__ZERO_DENOMINATOR_AND_FAILURE_HANDLING_NOT_RESULT_BLIND_FROZEN,PRE_R10_SUPPORTING_DESCRIPTIVE_RESULT_AWARE__NO_NEW_CONFIRMATORY_INFERENCE
17,E2_DYNAMIC__DT-RAMDE_TS2_FULL__VS__NO_REJECTION_CREDIT,E2_DYNAMIC,DT-RAMDE_TS2_FULL,NO_REJECTION_CREDIT,cpu_seconds,ALL_COMPLETED_TASK_PAIRS,150,150,0.99862019723073459,0.99915808238161108,0.94836392778164336,1.0402077625362878,,NOT_APPLICABLE,NOT_CONFIRMATORY__ZERO_DENOMINATOR_AND_FAILURE_HANDLING_NOT_RESULT_BLIND_FROZEN,PRE_R10_SUPPORTING_DESCRIPTIVE_RESULT_AWARE__NO_NEW_CONFIRMATORY_INFERENCE
17,E2_DYNAMIC__DT-RAMDE_TS2_FULL__VS__NO_REJECTION_CREDIT,E2_DYNAMIC,DT-RAMDE_TS2_FULL,NO_REJECTION_CREDIT,cpu_seconds,EQUAL_CHARGED_WORK_TASK_PAIRS,150,150,0.99862019723073459,0.99915808238161108,0.94836392778164336,1.0402077625362878,,NOT_APPLICABLE,NOT_CONFIRMATORY__ZERO_DENOMINATOR_AND_FAILURE_HANDLING_NOT_RESULT_BLIND_FROZEN,PRE_R10_SUPPORTING_DESCRIPTIVE_RESULT_AWARE__NO_NEW_CONFIRMATORY_INFERENCE
17,E2_DYNAMIC__DT-RAMDE_TS2_FULL__VS__NO_REJECTION_CREDIT,E2_DYNAMIC,DT-RAMDE_TS2_FULL,NO_REJECTION_CREDIT,cpu_seconds,BOTH_ALL_EVENTS_ACCEPTED_TASK_PAIRS,150,140,0.99947213768972298,0.99923631951606839,0.94836392778164336,1.0402077625362878,,NOT_APPLICABLE,NOT_CONFIRMATORY__ZERO_DENOMINATOR_AND_FAILURE_HANDLING_NOT_RESULT_BLIND_FROZEN,PRE_R10_SUPPORTING_DESCRIPTIVE_RESULT_AWARE__NO_NEW_CONFIRMATORY_INFERENCE
17,E2_DYNAMIC__DT-RAMDE_TS2_FULL__VS__NO_REJECTION_CREDIT,E2_DYNAMIC,DT-RAMDE_TS2_FULL,NO_REJECTION_CREDIT,peak_rss_bytes,ALL_COMPLETED_TASK_PAIRS,150,150,0.99979788939653036,0.99997093868061615,0.97011413107424405,1.0300728854045447,2,AT_OR_BELOW_POINT_MARGIN,NOT_CONFIRMATORY__ZERO_DENOMINATOR_AND_FAILURE_HANDLING_NOT_RESULT_BLIND_FROZEN,PRE_R10_SUPPORTING_DESCRIPTIVE_RESULT_AWARE__NO_NEW_CONFIRMATORY_INFERENCE
17,E2_DYNAMIC__DT-RAMDE_TS2_FULL__VS__NO_REJECTION_CREDIT,E2_DYNAMIC,DT-RAMDE_TS2_FULL,NO_REJECTION_CREDIT,peak_rss_bytes,EQUAL_CHARGED_WORK_TASK_PAIRS,150,150,0.99979788939653036,0.99997093868061615,0.97011413107424405,1.0300728854045447,2,AT_OR_BELOW_POINT_MARGIN,NOT_CONFIRMATORY__ZERO_DENOMINATOR_AND_FAILURE_HANDLING_NOT_RESULT_BLIND_FROZEN,PRE_R10_SUPPORTING_DESCRIPTIVE_RESULT_AWARE__NO_NEW_CONFIRMATORY_INFERENCE
17,E2_DYNAMIC__DT-RAMDE_TS2_FULL__VS__NO_REJECTION_CREDIT,E2_DYNAMIC,DT-RAMDE_TS2_FULL,NO_REJECTION_CREDIT,peak_rss_bytes,BOTH_ALL_EVENTS_ACCEPTED_TASK_PAIRS,150,140,0.9997652555963441,1,0.97011413107424405,1.0223350253807106,2,AT_OR_BELOW_POINT_MARGIN,NOT_CONFIRMATORY__ZERO_DENOMINATOR_AND_FAILURE_HANDLING_NOT_RESULT_BLIND_FROZEN,PRE_R10_SUPPORTING_DESCRIPTIVE_RESULT_AWARE__NO_NEW_CONFIRMATORY_INFERENCE
17,E2_DYNAMIC__DT-RAMDE_TS2_FULL__VS__NO_REJECTION_CREDIT,E2_DYNAMIC,DT-RAMDE_TS2_FULL,NO_REJECTION_CREDIT,output_bytes,ALL_COMPLETED_TASK_PAIRS,150,150,0.99997327928820179,0.99997559098688471,0.99993722321771761,0.99997951385059847,,NOT_APPLICABLE,NOT_CONFIRMATORY__ZERO_DENOMINATOR_AND_FAILURE_HANDLING_NOT_RESULT_BLIND_FROZEN,PRE_R10_SUPPORTING_DESCRIPTIVE_RESULT_AWARE__NO_NEW_CONFIRMATORY_INFERENCE
17,E2_DYNAMIC__DT-RAMDE_TS2_FULL__VS__NO_REJECTION_CREDIT,E2_DYNAMIC,DT-RAMDE_TS2_FULL,NO_REJECTION_CREDIT,output_bytes,EQUAL_CHARGED_WORK_TASK_PAIRS,150,150,0.99997327928820179,0.99997559098688471,0.99993722321771761,0.99997951385059847,,NOT_APPLICABLE,NOT_CONFIRMATORY__ZERO_DENOMINATOR_AND_FAILURE_HANDLING_NOT_RESULT_BLIND_FROZEN,PRE_R10_SUPPORTING_DESCRIPTIVE_RESULT_AWARE__NO_NEW_CONFIRMATORY_INFERENCE
17,E2_DYNAMIC__DT-RAMDE_TS2_FULL__VS__NO_REJECTION_CREDIT,E2_DYNAMIC,DT-RAMDE_TS2_FULL,NO_REJECTION_CREDIT,output_bytes,BOTH_ALL_EVENTS_ACCEPTED_TASK_PAIRS,150,140,0.99997544780836667,0.99997559099220434,0.99997166820239536,0.99997951385059847,,NOT_APPLICABLE,NOT_CONFIRMATORY__ZERO_DENOMINATOR_AND_FAILURE_HANDLING_NOT_RESULT_BLIND_FROZEN,PRE_R10_SUPPORTING_DESCRIPTIVE_RESULT_AWARE__NO_NEW_CONFIRMATORY_INFERENCE
17,E2_DYNAMIC__DT-RAMDE_TS2_FULL__VS__NO_REJECTION_CREDIT,E2_DYNAMIC,DT-RAMDE_TS2_FULL,NO_REJECTION_CREDIT,charged_cfe,ALL_COMPLETED_TASK_PAIRS,150,150,1,1,1,1,,NOT_APPLICABLE,NOT_CONFIRMATORY__ZERO_DENOMINATOR_AND_FAILURE_HANDLING_NOT_RESULT_BLIND_FROZEN,PRE_R10_SUPPORTING_DESCRIPTIVE_RESULT_AWARE__NO_NEW_CONFIRMATORY_INFERENCE
17,E2_DYNAMIC__DT-RAMDE_TS2_FULL__VS__NO_REJECTION_CREDIT,E2_DYNAMIC,DT-RAMDE_TS2_FULL,NO_REJECTION_CREDIT,charged_cfe,EQUAL_CHARGED_WORK_TASK_PAIRS,150,150,1,1,1,1,,NOT_APPLICABLE,NOT_CONFIRMATORY__ZERO_DENOMINATOR_AND_FAILURE_HANDLING_NOT_RESULT_BLIND_FROZEN,PRE_R10_SUPPORTING_DESCRIPTIVE_RESULT_AWARE__NO_NEW_CONFIRMATORY_INFERENCE
17,E2_DYNAMIC__DT-RAMDE_TS2_FULL__VS__NO_REJECTION_CREDIT,E2_DYNAMIC,DT-RAMDE_TS2_FULL,NO_REJECTION_CREDIT,charged_cfe,BOTH_ALL_EVENTS_ACCEPTED_TASK_PAIRS,150,140,1,1,1,1,,NOT_APPLICABLE,NOT_CONFIRMATORY__ZERO_DENOMINATOR_AND_FAILURE_HANDLING_NOT_RESULT_BLIND_FROZEN,PRE_R10_SUPPORTING_DESCRIPTIVE_RESULT_AWARE__NO_NEW_CONFIRMATORY_INFERENCE
17,E2_DYNAMIC__DT-RAMDE_TS2_FULL__VS__NO_REJECTION_CREDIT,E2_DYNAMIC,DT-RAMDE_TS2_FULL,NO_REJECTION_CREDIT,charged_atomic_model_steps,ALL_COMPLETED_TASK_PAIRS,150,150,1,1,1,1,,NOT_APPLICABLE,NOT_CONFIRMATORY__ZERO_DENOMINATOR_AND_FAILURE_HANDLING_NOT_RESULT_BLIND_FROZEN,PRE_R10_SUPPORTING_DESCRIPTIVE_RESULT_AWARE__NO_NEW_CONFIRMATORY_INFERENCE
17,E2_DYNAMIC__DT-RAMDE_TS2_FULL__VS__NO_REJECTION_CREDIT,E2_DYNAMIC,DT-RAMDE_TS2_FULL,NO_REJECTION_CREDIT,charged_atomic_model_steps,EQUAL_CHARGED_WORK_TASK_PAIRS,150,150,1,1,1,1,,NOT_APPLICABLE,NOT_CONFIRMATORY__ZERO_DENOMINATOR_AND_FAILURE_HANDLING_NOT_RESULT_BLIND_FROZEN,PRE_R10_SUPPORTING_DESCRIPTIVE_RESULT_AWARE__NO_NEW_CONFIRMATORY_INFERENCE
17,E2_DYNAMIC__DT-RAMDE_TS2_FULL__VS__NO_REJECTION_CREDIT,E2_DYNAMIC,DT-RAMDE_TS2_FULL,NO_REJECTION_CREDIT,charged_atomic_model_steps,BOTH_ALL_EVENTS_ACCEPTED_TASK_PAIRS,150,140,1,1,1,1,,NOT_APPLICABLE,NOT_CONFIRMATORY__ZERO_DENOMINATOR_AND_FAILURE_HANDLING_NOT_RESULT_BLIND_FROZEN,PRE_R10_SUPPORTING_DESCRIPTIVE_RESULT_AWARE__NO_NEW_CONFIRMATORY_INFERENCE
18,E2_DYNAMIC__DT-RAMDE_TS2_FULL__VS__NO_MEMORY_RESET_GATE,E2_DYNAMIC,DT-RAMDE_TS2_FULL,NO_MEMORY_RESET_GATE,wall_seconds,ALL_COMPLETED_TASK_PAIRS,150,150,0.99833463071021977,1.0012151903001913,0.94156872619061072,1.0336537835157105,1.5,AT_OR_BELOW_POINT_MARGIN,NOT_CONFIRMATORY__ZERO_DENOMINATOR_AND_FAILURE_HANDLING_NOT_RESULT_BLIND_FROZEN,PRE_R10_SUPPORTING_DESCRIPTIVE_RESULT_AWARE__NO_NEW_CONFIRMATORY_INFERENCE
18,E2_DYNAMIC__DT-RAMDE_TS2_FULL__VS__NO_MEMORY_RESET_GATE,E2_DYNAMIC,DT-RAMDE_TS2_FULL,NO_MEMORY_RESET_GATE,wall_seconds,EQUAL_CHARGED_WORK_TASK_PAIRS,150,150,0.99833463071021977,1.0012151903001913,0.94156872619061072,1.0336537835157105,1.5,AT_OR_BELOW_POINT_MARGIN,NOT_CONFIRMATORY__ZERO_DENOMINATOR_AND_FAILURE_HANDLING_NOT_RESULT_BLIND_FROZEN,PRE_R10_SUPPORTING_DESCRIPTIVE_RESULT_AWARE__NO_NEW_CONFIRMATORY_INFERENCE
18,E2_DYNAMIC__DT-RAMDE_TS2_FULL__VS__NO_MEMORY_RESET_GATE,E2_DYNAMIC,DT-RAMDE_TS2_FULL,NO_MEMORY_RESET_GATE,wall_seconds,BOTH_ALL_EVENTS_ACCEPTED_TASK_PAIRS,150,140,0.99984279122428799,1.0014416416729621,0.94156872619061072,1.0336537835157105,1.5,AT_OR_BELOW_POINT_MARGIN,NOT_CONFIRMATORY__ZERO_DENOMINATOR_AND_FAILURE_HANDLING_NOT_RESULT_BLIND_FROZEN,PRE_R10_SUPPORTING_DESCRIPTIVE_RESULT_AWARE__NO_NEW_CONFIRMATORY_INFERENCE
18,E2_DYNAMIC__DT-RAMDE_TS2_FULL__VS__NO_MEMORY_RESET_GATE,E2_DYNAMIC,DT-RAMDE_TS2_FULL,NO_MEMORY_RESET_GATE,cpu_seconds,ALL_COMPLETED_TASK_PAIRS,150,150,0.99869512885959044,1.000279420834012,0.94550479335037529,1.0346511657373583,,NOT_APPLICABLE,NOT_CONFIRMATORY__ZERO_DENOMINATOR_AND_FAILURE_HANDLING_NOT_RESULT_BLIND_FROZEN,PRE_R10_SUPPORTING_DESCRIPTIVE_RESULT_AWARE__NO_NEW_CONFIRMATORY_INFERENCE
18,E2_DYNAMIC__DT-RAMDE_TS2_FULL__VS__NO_MEMORY_RESET_GATE,E2_DYNAMIC,DT-RAMDE_TS2_FULL,NO_MEMORY_RESET_GATE,cpu_seconds,EQUAL_CHARGED_WORK_TASK_PAIRS,150,150,0.99869512885959044,1.000279420834012,0.94550479335037529,1.0346511657373583,,NOT_APPLICABLE,NOT_CONFIRMATORY__ZERO_DENOMINATOR_AND_FAILURE_HANDLING_NOT_RESULT_BLIND_FROZEN,PRE_R10_SUPPORTING_DESCRIPTIVE_RESULT_AWARE__NO_NEW_CONFIRMATORY_INFERENCE
18,E2_DYNAMIC__DT-RAMDE_TS2_FULL__VS__NO_MEMORY_RESET_GATE,E2_DYNAMIC,DT-RAMDE_TS2_FULL,NO_MEMORY_RESET_GATE,cpu_seconds,BOTH_ALL_EVENTS_ACCEPTED_TASK_PAIRS,150,140,0.99986995814892687,1.0015471932778128,0.94550479335037529,1.0346511657373583,,NOT_APPLICABLE,NOT_CONFIRMATORY__ZERO_DENOMINATOR_AND_FAILURE_HANDLING_NOT_RESULT_BLIND_FROZEN,PRE_R10_SUPPORTING_DESCRIPTIVE_RESULT_AWARE__NO_NEW_CONFIRMATORY_INFERENCE
18,E2_DYNAMIC__DT-RAMDE_TS2_FULL__VS__NO_MEMORY_RESET_GATE,E2_DYNAMIC,DT-RAMDE_TS2_FULL,NO_MEMORY_RESET_GATE,peak_rss_bytes,ALL_COMPLETED_TASK_PAIRS,150,150,0.99944744458268187,0.99946378846190465,0.95583120797588683,1.027980022865395,2,AT_OR_BELOW_POINT_MARGIN,NOT_CONFIRMATORY__ZERO_DENOMINATOR_AND_FAILURE_HANDLING_NOT_RESULT_BLIND_FROZEN,PRE_R10_SUPPORTING_DESCRIPTIVE_RESULT_AWARE__NO_NEW_CONFIRMATORY_INFERENCE
18,E2_DYNAMIC__DT-RAMDE_TS2_FULL__VS__NO_MEMORY_RESET_GATE,E2_DYNAMIC,DT-RAMDE_TS2_FULL,NO_MEMORY_RESET_GATE,peak_rss_bytes,EQUAL_CHARGED_WORK_TASK_PAIRS,150,150,0.99944744458268187,0.99946378846190465,0.95583120797588683,1.027980022865395,2,AT_OR_BELOW_POINT_MARGIN,NOT_CONFIRMATORY__ZERO_DENOMINATOR_AND_FAILURE_HANDLING_NOT_RESULT_BLIND_FROZEN,PRE_R10_SUPPORTING_DESCRIPTIVE_RESULT_AWARE__NO_NEW_CONFIRMATORY_INFERENCE
18,E2_DYNAMIC__DT-RAMDE_TS2_FULL__VS__NO_MEMORY_RESET_GATE,E2_DYNAMIC,DT-RAMDE_TS2_FULL,NO_MEMORY_RESET_GATE,peak_rss_bytes,BOTH_ALL_EVENTS_ACCEPTED_TASK_PAIRS,150,140,0.99929105206667224,0.99912276431924063,0.95583120797588683,1.027980022865395,2,AT_OR_BELOW_POINT_MARGIN,NOT_CONFIRMATORY__ZERO_DENOMINATOR_AND_FAILURE_HANDLING_NOT_RESULT_BLIND_FROZEN,PRE_R10_SUPPORTING_DESCRIPTIVE_RESULT_AWARE__NO_NEW_CONFIRMATORY_INFERENCE
18,E2_DYNAMIC__DT-RAMDE_TS2_FULL__VS__NO_MEMORY_RESET_GATE,E2_DYNAMIC,DT-RAMDE_TS2_FULL,NO_MEMORY_RESET_GATE,output_bytes,ALL_COMPLETED_TASK_PAIRS,150,150,0.99997176125266451,0.99997406550331169,0.99993501937854301,0.99997777042603631,,NOT_APPLICABLE,NOT_CONFIRMATORY__ZERO_DENOMINATOR_AND_FAILURE_HANDLING_NOT_RESULT_BLIND_FROZEN,PRE_R10_SUPPORTING_DESCRIPTIVE_RESULT_AWARE__NO_NEW_CONFIRMATORY_INFERENCE
18,E2_DYNAMIC__DT-RAMDE_TS2_FULL__VS__NO_MEMORY_RESET_GATE,E2_DYNAMIC,DT-RAMDE_TS2_FULL,NO_MEMORY_RESET_GATE,output_bytes,EQUAL_CHARGED_WORK_TASK_PAIRS,150,150,0.99997176125266451,0.99997406550331169,0.99993501937854301,0.99997777042603631,,NOT_APPLICABLE,NOT_CONFIRMATORY__ZERO_DENOMINATOR_AND_FAILURE_HANDLING_NOT_RESULT_BLIND_FROZEN,PRE_R10_SUPPORTING_DESCRIPTIVE_RESULT_AWARE__NO_NEW_CONFIRMATORY_INFERENCE
18,E2_DYNAMIC__DT-RAMDE_TS2_FULL__VS__NO_MEMORY_RESET_GATE,E2_DYNAMIC,DT-RAMDE_TS2_FULL,NO_MEMORY_RESET_GATE,output_bytes,BOTH_ALL_EVENTS_ACCEPTED_TASK_PAIRS,150,140,0.99997412776519334,0.99997428340041439,0.99997079645477682,0.99997777042603631,,NOT_APPLICABLE,NOT_CONFIRMATORY__ZERO_DENOMINATOR_AND_FAILURE_HANDLING_NOT_RESULT_BLIND_FROZEN,PRE_R10_SUPPORTING_DESCRIPTIVE_RESULT_AWARE__NO_NEW_CONFIRMATORY_INFERENCE
18,E2_DYNAMIC__DT-RAMDE_TS2_FULL__VS__NO_MEMORY_RESET_GATE,E2_DYNAMIC,DT-RAMDE_TS2_FULL,NO_MEMORY_RESET_GATE,charged_cfe,ALL_COMPLETED_TASK_PAIRS,150,150,1,1,1,1,,NOT_APPLICABLE,NOT_CONFIRMATORY__ZERO_DENOMINATOR_AND_FAILURE_HANDLING_NOT_RESULT_BLIND_FROZEN,PRE_R10_SUPPORTING_DESCRIPTIVE_RESULT_AWARE__NO_NEW_CONFIRMATORY_INFERENCE
18,E2_DYNAMIC__DT-RAMDE_TS2_FULL__VS__NO_MEMORY_RESET_GATE,E2_DYNAMIC,DT-RAMDE_TS2_FULL,NO_MEMORY_RESET_GATE,charged_cfe,EQUAL_CHARGED_WORK_TASK_PAIRS,150,150,1,1,1,1,,NOT_APPLICABLE,NOT_CONFIRMATORY__ZERO_DENOMINATOR_AND_FAILURE_HANDLING_NOT_RESULT_BLIND_FROZEN,PRE_R10_SUPPORTING_DESCRIPTIVE_RESULT_AWARE__NO_NEW_CONFIRMATORY_INFERENCE
18,E2_DYNAMIC__DT-RAMDE_TS2_FULL__VS__NO_MEMORY_RESET_GATE,E2_DYNAMIC,DT-RAMDE_TS2_FULL,NO_MEMORY_RESET_GATE,charged_cfe,BOTH_ALL_EVENTS_ACCEPTED_TASK_PAIRS,150,140,1,1,1,1,,NOT_APPLICABLE,NOT_CONFIRMATORY__ZERO_DENOMINATOR_AND_FAILURE_HANDLING_NOT_RESULT_BLIND_FROZEN,PRE_R10_SUPPORTING_DESCRIPTIVE_RESULT_AWARE__NO_NEW_CONFIRMATORY_INFERENCE
18,E2_DYNAMIC__DT-RAMDE_TS2_FULL__VS__NO_MEMORY_RESET_GATE,E2_DYNAMIC,DT-RAMDE_TS2_FULL,NO_MEMORY_RESET_GATE,charged_atomic_model_steps,ALL_COMPLETED_TASK_PAIRS,150,150,1,1,1,1,,NOT_APPLICABLE,NOT_CONFIRMATORY__ZERO_DENOMINATOR_AND_FAILURE_HANDLING_NOT_RESULT_BLIND_FROZEN,PRE_R10_SUPPORTING_DESCRIPTIVE_RESULT_AWARE__NO_NEW_CONFIRMATORY_INFERENCE
18,E2_DYNAMIC__DT-RAMDE_TS2_FULL__VS__NO_MEMORY_RESET_GATE,E2_DYNAMIC,DT-RAMDE_TS2_FULL,NO_MEMORY_RESET_GATE,charged_atomic_model_steps,EQUAL_CHARGED_WORK_TASK_PAIRS,150,150,1,1,1,1,,NOT_APPLICABLE,NOT_CONFIRMATORY__ZERO_DENOMINATOR_AND_FAILURE_HANDLING_NOT_RESULT_BLIND_FROZEN,PRE_R10_SUPPORTING_DESCRIPTIVE_RESULT_AWARE__NO_NEW_CONFIRMATORY_INFERENCE
18,E2_DYNAMIC__DT-RAMDE_TS2_FULL__VS__NO_MEMORY_RESET_GATE,E2_DYNAMIC,DT-RAMDE_TS2_FULL,NO_MEMORY_RESET_GATE,charged_atomic_model_steps,BOTH_ALL_EVENTS_ACCEPTED_TASK_PAIRS,150,140,1,1,1,1,,NOT_APPLICABLE,NOT_CONFIRMATORY__ZERO_DENOMINATOR_AND_FAILURE_HANDLING_NOT_RESULT_BLIND_FROZEN,PRE_R10_SUPPORTING_DESCRIPTIVE_RESULT_AWARE__NO_NEW_CONFIRMATORY_INFERENCE
19,E2_DYNAMIC__DT-RAMDE_TS2_FULL__VS__NO_LINEAGE_CREDIT,E2_DYNAMIC,DT-RAMDE_TS2_FULL,NO_LINEAGE_CREDIT,wall_seconds,ALL_COMPLETED_TASK_PAIRS,150,150,0.994610499596702,0.99951120699312035,0.92748351321269973,1.0335784112855753,1.5,AT_OR_BELOW_POINT_MARGIN,NOT_CONFIRMATORY__ZERO_DENOMINATOR_AND_FAILURE_HANDLING_NOT_RESULT_BLIND_FROZEN,PRE_R10_SUPPORTING_DESCRIPTIVE_RESULT_AWARE__NO_NEW_CONFIRMATORY_INFERENCE
19,E2_DYNAMIC__DT-RAMDE_TS2_FULL__VS__NO_LINEAGE_CREDIT,E2_DYNAMIC,DT-RAMDE_TS2_FULL,NO_LINEAGE_CREDIT,wall_seconds,EQUAL_CHARGED_WORK_TASK_PAIRS,150,150,0.994610499596702,0.99951120699312035,0.92748351321269973,1.0335784112855753,1.5,AT_OR_BELOW_POINT_MARGIN,NOT_CONFIRMATORY__ZERO_DENOMINATOR_AND_FAILURE_HANDLING_NOT_RESULT_BLIND_FROZEN,PRE_R10_SUPPORTING_DESCRIPTIVE_RESULT_AWARE__NO_NEW_CONFIRMATORY_INFERENCE
19,E2_DYNAMIC__DT-RAMDE_TS2_FULL__VS__NO_LINEAGE_CREDIT,E2_DYNAMIC,DT-RAMDE_TS2_FULL,NO_LINEAGE_CREDIT,wall_seconds,BOTH_ALL_EVENTS_ACCEPTED_TASK_PAIRS,150,140,0.9955197223403095,1.0002172714054658,0.92748351321269973,1.0335784112855753,1.5,AT_OR_BELOW_POINT_MARGIN,NOT_CONFIRMATORY__ZERO_DENOMINATOR_AND_FAILURE_HANDLING_NOT_RESULT_BLIND_FROZEN,PRE_R10_SUPPORTING_DESCRIPTIVE_RESULT_AWARE__NO_NEW_CONFIRMATORY_INFERENCE
19,E2_DYNAMIC__DT-RAMDE_TS2_FULL__VS__NO_LINEAGE_CREDIT,E2_DYNAMIC,DT-RAMDE_TS2_FULL,NO_LINEAGE_CREDIT,cpu_seconds,ALL_COMPLETED_TASK_PAIRS,150,150,0.99533535006323237,0.99523341474730542,0.93305178740461447,1.0431251977061176,,NOT_APPLICABLE,NOT_CONFIRMATORY__ZERO_DENOMINATOR_AND_FAILURE_HANDLING_NOT_RESULT_BLIND_FROZEN,PRE_R10_SUPPORTING_DESCRIPTIVE_RESULT_AWARE__NO_NEW_CONFIRMATORY_INFERENCE
19,E2_DYNAMIC__DT-RAMDE_TS2_FULL__VS__NO_LINEAGE_CREDIT,E2_DYNAMIC,DT-RAMDE_TS2_FULL,NO_LINEAGE_CREDIT,cpu_seconds,EQUAL_CHARGED_WORK_TASK_PAIRS,150,150,0.99533535006323237,0.99523341474730542,0.93305178740461447,1.0431251977061176,,NOT_APPLICABLE,NOT_CONFIRMATORY__ZERO_DENOMINATOR_AND_FAILURE_HANDLING_NOT_RESULT_BLIND_FROZEN,PRE_R10_SUPPORTING_DESCRIPTIVE_RESULT_AWARE__NO_NEW_CONFIRMATORY_INFERENCE
19,E2_DYNAMIC__DT-RAMDE_TS2_FULL__VS__NO_LINEAGE_CREDIT,E2_DYNAMIC,DT-RAMDE_TS2_FULL,NO_LINEAGE_CREDIT,cpu_seconds,BOTH_ALL_EVENTS_ACCEPTED_TASK_PAIRS,150,140,0.99548809034776531,0.99523341474730542,0.93305178740461447,1.0431251977061176,,NOT_APPLICABLE,NOT_CONFIRMATORY__ZERO_DENOMINATOR_AND_FAILURE_HANDLING_NOT_RESULT_BLIND_FROZEN,PRE_R10_SUPPORTING_DESCRIPTIVE_RESULT_AWARE__NO_NEW_CONFIRMATORY_INFERENCE
19,E2_DYNAMIC__DT-RAMDE_TS2_FULL__VS__NO_LINEAGE_CREDIT,E2_DYNAMIC,DT-RAMDE_TS2_FULL,NO_LINEAGE_CREDIT,peak_rss_bytes,ALL_COMPLETED_TASK_PAIRS,150,150,0.99524921643414554,0.99597168376937506,0.96617604617604613,1.0279901282128454,2,AT_OR_BELOW_POINT_MARGIN,NOT_CONFIRMATORY__ZERO_DENOMINATOR_AND_FAILURE_HANDLING_NOT_RESULT_BLIND_FROZEN,PRE_R10_SUPPORTING_DESCRIPTIVE_RESULT_AWARE__NO_NEW_CONFIRMATORY_INFERENCE
19,E2_DYNAMIC__DT-RAMDE_TS2_FULL__VS__NO_LINEAGE_CREDIT,E2_DYNAMIC,DT-RAMDE_TS2_FULL,NO_LINEAGE_CREDIT,peak_rss_bytes,EQUAL_CHARGED_WORK_TASK_PAIRS,150,150,0.99524921643414554,0.99597168376937506,0.96617604617604613,1.0279901282128454,2,AT_OR_BELOW_POINT_MARGIN,NOT_CONFIRMATORY__ZERO_DENOMINATOR_AND_FAILURE_HANDLING_NOT_RESULT_BLIND_FROZEN,PRE_R10_SUPPORTING_DESCRIPTIVE_RESULT_AWARE__NO_NEW_CONFIRMATORY_INFERENCE
19,E2_DYNAMIC__DT-RAMDE_TS2_FULL__VS__NO_LINEAGE_CREDIT,E2_DYNAMIC,DT-RAMDE_TS2_FULL,NO_LINEAGE_CREDIT,peak_rss_bytes,BOTH_ALL_EVENTS_ACCEPTED_TASK_PAIRS,150,140,0.99481372646740573,0.99581261954050748,0.96617604617604613,1.0279901282128454,2,AT_OR_BELOW_POINT_MARGIN,NOT_CONFIRMATORY__ZERO_DENOMINATOR_AND_FAILURE_HANDLING_NOT_RESULT_BLIND_FROZEN,PRE_R10_SUPPORTING_DESCRIPTIVE_RESULT_AWARE__NO_NEW_CONFIRMATORY_INFERENCE
19,E2_DYNAMIC__DT-RAMDE_TS2_FULL__VS__NO_LINEAGE_CREDIT,E2_DYNAMIC,DT-RAMDE_TS2_FULL,NO_LINEAGE_CREDIT,output_bytes,ALL_COMPLETED_TASK_PAIRS,150,150,0.99997620113918773,0.99997820619554278,0.99994438811534303,0.99998169322021491,,NOT_APPLICABLE,NOT_CONFIRMATORY__ZERO_DENOMINATOR_AND_FAILURE_HANDLING_NOT_RESULT_BLIND_FROZEN,PRE_R10_SUPPORTING_DESCRIPTIVE_RESULT_AWARE__NO_NEW_CONFIRMATORY_INFERENCE
19,E2_DYNAMIC__DT-RAMDE_TS2_FULL__VS__NO_LINEAGE_CREDIT,E2_DYNAMIC,DT-RAMDE_TS2_FULL,NO_LINEAGE_CREDIT,output_bytes,EQUAL_CHARGED_WORK_TASK_PAIRS,150,150,0.99997620113918773,0.99997820619554278,0.99994438811534303,0.99998169322021491,,NOT_APPLICABLE,NOT_CONFIRMATORY__ZERO_DENOMINATOR_AND_FAILURE_HANDLING_NOT_RESULT_BLIND_FROZEN,PRE_R10_SUPPORTING_DESCRIPTIVE_RESULT_AWARE__NO_NEW_CONFIRMATORY_INFERENCE
19,E2_DYNAMIC__DT-RAMDE_TS2_FULL__VS__NO_LINEAGE_CREDIT,E2_DYNAMIC,DT-RAMDE_TS2_FULL,NO_LINEAGE_CREDIT,output_bytes,BOTH_ALL_EVENTS_ACCEPTED_TASK_PAIRS,150,140,0.99997822177806328,0.99997820620979172,0.99997428336678673,0.99998169322021491,,NOT_APPLICABLE,NOT_CONFIRMATORY__ZERO_DENOMINATOR_AND_FAILURE_HANDLING_NOT_RESULT_BLIND_FROZEN,PRE_R10_SUPPORTING_DESCRIPTIVE_RESULT_AWARE__NO_NEW_CONFIRMATORY_INFERENCE
19,E2_DYNAMIC__DT-RAMDE_TS2_FULL__VS__NO_LINEAGE_CREDIT,E2_DYNAMIC,DT-RAMDE_TS2_FULL,NO_LINEAGE_CREDIT,charged_cfe,ALL_COMPLETED_TASK_PAIRS,150,150,1,1,1,1,,NOT_APPLICABLE,NOT_CONFIRMATORY__ZERO_DENOMINATOR_AND_FAILURE_HANDLING_NOT_RESULT_BLIND_FROZEN,PRE_R10_SUPPORTING_DESCRIPTIVE_RESULT_AWARE__NO_NEW_CONFIRMATORY_INFERENCE
19,E2_DYNAMIC__DT-RAMDE_TS2_FULL__VS__NO_LINEAGE_CREDIT,E2_DYNAMIC,DT-RAMDE_TS2_FULL,NO_LINEAGE_CREDIT,charged_cfe,EQUAL_CHARGED_WORK_TASK_PAIRS,150,150,1,1,1,1,,NOT_APPLICABLE,NOT_CONFIRMATORY__ZERO_DENOMINATOR_AND_FAILURE_HANDLING_NOT_RESULT_BLIND_FROZEN,PRE_R10_SUPPORTING_DESCRIPTIVE_RESULT_AWARE__NO_NEW_CONFIRMATORY_INFERENCE
19,E2_DYNAMIC__DT-RAMDE_TS2_FULL__VS__NO_LINEAGE_CREDIT,E2_DYNAMIC,DT-RAMDE_TS2_FULL,NO_LINEAGE_CREDIT,charged_cfe,BOTH_ALL_EVENTS_ACCEPTED_TASK_PAIRS,150,140,1,1,1,1,,NOT_APPLICABLE,NOT_CONFIRMATORY__ZERO_DENOMINATOR_AND_FAILURE_HANDLING_NOT_RESULT_BLIND_FROZEN,PRE_R10_SUPPORTING_DESCRIPTIVE_RESULT_AWARE__NO_NEW_CONFIRMATORY_INFERENCE
19,E2_DYNAMIC__DT-RAMDE_TS2_FULL__VS__NO_LINEAGE_CREDIT,E2_DYNAMIC,DT-RAMDE_TS2_FULL,NO_LINEAGE_CREDIT,charged_atomic_model_steps,ALL_COMPLETED_TASK_PAIRS,150,150,1,1,1,1,,NOT_APPLICABLE,NOT_CONFIRMATORY__ZERO_DENOMINATOR_AND_FAILURE_HANDLING_NOT_RESULT_BLIND_FROZEN,PRE_R10_SUPPORTING_DESCRIPTIVE_RESULT_AWARE__NO_NEW_CONFIRMATORY_INFERENCE
19,E2_DYNAMIC__DT-RAMDE_TS2_FULL__VS__NO_LINEAGE_CREDIT,E2_DYNAMIC,DT-RAMDE_TS2_FULL,NO_LINEAGE_CREDIT,charged_atomic_model_steps,EQUAL_CHARGED_WORK_TASK_PAIRS,150,150,1,1,1,1,,NOT_APPLICABLE,NOT_CONFIRMATORY__ZERO_DENOMINATOR_AND_FAILURE_HANDLING_NOT_RESULT_BLIND_FROZEN,PRE_R10_SUPPORTING_DESCRIPTIVE_RESULT_AWARE__NO_NEW_CONFIRMATORY_INFERENCE
19,E2_DYNAMIC__DT-RAMDE_TS2_FULL__VS__NO_LINEAGE_CREDIT,E2_DYNAMIC,DT-RAMDE_TS2_FULL,NO_LINEAGE_CREDIT,charged_atomic_model_steps,BOTH_ALL_EVENTS_ACCEPTED_TASK_PAIRS,150,140,1,1,1,1,,NOT_APPLICABLE,NOT_CONFIRMATORY__ZERO_DENOMINATOR_AND_FAILURE_HANDLING_NOT_RESULT_BLIND_FROZEN,PRE_R10_SUPPORTING_DESCRIPTIVE_RESULT_AWARE__NO_NEW_CONFIRMATORY_INFERENCE
20,E2_DYNAMIC__DT-RAMDE_TS2_FULL__VS__CROSS_EVENT_WARM_START_ONLY,E2_DYNAMIC,DT-RAMDE_TS2_FULL,CROSS_EVENT_WARM_START_ONLY,wall_seconds,ALL_COMPLETED_TASK_PAIRS,150,150,1.0939924869727433,1.1010446747968259,0.98933450527918498,1.1583482681920145,1.5,AT_OR_BELOW_POINT_MARGIN,NOT_CONFIRMATORY__ZERO_DENOMINATOR_AND_FAILURE_HANDLING_NOT_RESULT_BLIND_FROZEN,PRE_R10_SUPPORTING_DESCRIPTIVE_RESULT_AWARE__NO_NEW_CONFIRMATORY_INFERENCE
20,E2_DYNAMIC__DT-RAMDE_TS2_FULL__VS__CROSS_EVENT_WARM_START_ONLY,E2_DYNAMIC,DT-RAMDE_TS2_FULL,CROSS_EVENT_WARM_START_ONLY,wall_seconds,EQUAL_CHARGED_WORK_TASK_PAIRS,150,150,1.0939924869727433,1.1010446747968259,0.98933450527918498,1.1583482681920145,1.5,AT_OR_BELOW_POINT_MARGIN,NOT_CONFIRMATORY__ZERO_DENOMINATOR_AND_FAILURE_HANDLING_NOT_RESULT_BLIND_FROZEN,PRE_R10_SUPPORTING_DESCRIPTIVE_RESULT_AWARE__NO_NEW_CONFIRMATORY_INFERENCE
20,E2_DYNAMIC__DT-RAMDE_TS2_FULL__VS__CROSS_EVENT_WARM_START_ONLY,E2_DYNAMIC,DT-RAMDE_TS2_FULL,CROSS_EVENT_WARM_START_ONLY,wall_seconds,BOTH_ALL_EVENTS_ACCEPTED_TASK_PAIRS,150,140,1.0989415793640989,1.1018072434336723,1.0349527252768482,1.1583482681920145,1.5,AT_OR_BELOW_POINT_MARGIN,NOT_CONFIRMATORY__ZERO_DENOMINATOR_AND_FAILURE_HANDLING_NOT_RESULT_BLIND_FROZEN,PRE_R10_SUPPORTING_DESCRIPTIVE_RESULT_AWARE__NO_NEW_CONFIRMATORY_INFERENCE
20,E2_DYNAMIC__DT-RAMDE_TS2_FULL__VS__CROSS_EVENT_WARM_START_ONLY,E2_DYNAMIC,DT-RAMDE_TS2_FULL,CROSS_EVENT_WARM_START_ONLY,cpu_seconds,ALL_COMPLETED_TASK_PAIRS,150,150,1.0991986671326528,1.1026736051039072,1.0170436912991343,1.148140189225147,,NOT_APPLICABLE,NOT_CONFIRMATORY__ZERO_DENOMINATOR_AND_FAILURE_HANDLING_NOT_RESULT_BLIND_FROZEN,PRE_R10_SUPPORTING_DESCRIPTIVE_RESULT_AWARE__NO_NEW_CONFIRMATORY_INFERENCE
20,E2_DYNAMIC__DT-RAMDE_TS2_FULL__VS__CROSS_EVENT_WARM_START_ONLY,E2_DYNAMIC,DT-RAMDE_TS2_FULL,CROSS_EVENT_WARM_START_ONLY,cpu_seconds,EQUAL_CHARGED_WORK_TASK_PAIRS,150,150,1.0991986671326528,1.1026736051039072,1.0170436912991343,1.148140189225147,,NOT_APPLICABLE,NOT_CONFIRMATORY__ZERO_DENOMINATOR_AND_FAILURE_HANDLING_NOT_RESULT_BLIND_FROZEN,PRE_R10_SUPPORTING_DESCRIPTIVE_RESULT_AWARE__NO_NEW_CONFIRMATORY_INFERENCE
20,E2_DYNAMIC__DT-RAMDE_TS2_FULL__VS__CROSS_EVENT_WARM_START_ONLY,E2_DYNAMIC,DT-RAMDE_TS2_FULL,CROSS_EVENT_WARM_START_ONLY,cpu_seconds,BOTH_ALL_EVENTS_ACCEPTED_TASK_PAIRS,150,140,1.1029136988288459,1.1036350961309047,1.0428463125180647,1.148140189225147,,NOT_APPLICABLE,NOT_CONFIRMATORY__ZERO_DENOMINATOR_AND_FAILURE_HANDLING_NOT_RESULT_BLIND_FROZEN,PRE_R10_SUPPORTING_DESCRIPTIVE_RESULT_AWARE__NO_NEW_CONFIRMATORY_INFERENCE
20,E2_DYNAMIC__DT-RAMDE_TS2_FULL__VS__CROSS_EVENT_WARM_START_ONLY,E2_DYNAMIC,DT-RAMDE_TS2_FULL,CROSS_EVENT_WARM_START_ONLY,peak_rss_bytes,ALL_COMPLETED_TASK_PAIRS,150,150,1.0162952369524398,1.0166784699477343,0.98541890761324247,1.0384057971014493,2,AT_OR_BELOW_POINT_MARGIN,NOT_CONFIRMATORY__ZERO_DENOMINATOR_AND_FAILURE_HANDLING_NOT_RESULT_BLIND_FROZEN,PRE_R10_SUPPORTING_DESCRIPTIVE_RESULT_AWARE__NO_NEW_CONFIRMATORY_INFERENCE
20,E2_DYNAMIC__DT-RAMDE_TS2_FULL__VS__CROSS_EVENT_WARM_START_ONLY,E2_DYNAMIC,DT-RAMDE_TS2_FULL,CROSS_EVENT_WARM_START_ONLY,peak_rss_bytes,EQUAL_CHARGED_WORK_TASK_PAIRS,150,150,1.0162952369524398,1.0166784699477343,0.98541890761324247,1.0384057971014493,2,AT_OR_BELOW_POINT_MARGIN,NOT_CONFIRMATORY__ZERO_DENOMINATOR_AND_FAILURE_HANDLING_NOT_RESULT_BLIND_FROZEN,PRE_R10_SUPPORTING_DESCRIPTIVE_RESULT_AWARE__NO_NEW_CONFIRMATORY_INFERENCE
20,E2_DYNAMIC__DT-RAMDE_TS2_FULL__VS__CROSS_EVENT_WARM_START_ONLY,E2_DYNAMIC,DT-RAMDE_TS2_FULL,CROSS_EVENT_WARM_START_ONLY,peak_rss_bytes,BOTH_ALL_EVENTS_ACCEPTED_TASK_PAIRS,150,140,1.0173356159960871,1.0181725242252098,0.98541890761324247,1.0384057971014493,2,AT_OR_BELOW_POINT_MARGIN,NOT_CONFIRMATORY__ZERO_DENOMINATOR_AND_FAILURE_HANDLING_NOT_RESULT_BLIND_FROZEN,PRE_R10_SUPPORTING_DESCRIPTIVE_RESULT_AWARE__NO_NEW_CONFIRMATORY_INFERENCE
20,E2_DYNAMIC__DT-RAMDE_TS2_FULL__VS__CROSS_EVENT_WARM_START_ONLY,E2_DYNAMIC,DT-RAMDE_TS2_FULL,CROSS_EVENT_WARM_START_ONLY,output_bytes,ALL_COMPLETED_TASK_PAIRS,150,150,0.99996204240980846,0.9999651303688335,0.99990418597172492,0.9999681815031668,,NOT_APPLICABLE,NOT_CONFIRMATORY__ZERO_DENOMINATOR_AND_FAILURE_HANDLING_NOT_RESULT_BLIND_FROZEN,PRE_R10_SUPPORTING_DESCRIPTIVE_RESULT_AWARE__NO_NEW_CONFIRMATORY_INFERENCE
20,E2_DYNAMIC__DT-RAMDE_TS2_FULL__VS__CROSS_EVENT_WARM_START_ONLY,E2_DYNAMIC,DT-RAMDE_TS2_FULL,CROSS_EVENT_WARM_START_ONLY,output_bytes,EQUAL_CHARGED_WORK_TASK_PAIRS,150,150,0.99996204240980846,0.9999651303688335,0.99990418597172492,0.9999681815031668,,NOT_APPLICABLE,NOT_CONFIRMATORY__ZERO_DENOMINATOR_AND_FAILURE_HANDLING_NOT_RESULT_BLIND_FROZEN,PRE_R10_SUPPORTING_DESCRIPTIVE_RESULT_AWARE__NO_NEW_CONFIRMATORY_INFERENCE
20,E2_DYNAMIC__DT-RAMDE_TS2_FULL__VS__CROSS_EVENT_WARM_START_ONLY,E2_DYNAMIC,DT-RAMDE_TS2_FULL,CROSS_EVENT_WARM_START_ONLY,output_bytes,BOTH_ALL_EVENTS_ACCEPTED_TASK_PAIRS,150,140,0.9999653389820613,0.99996513038403212,0.99996120761986951,0.9999681815031668,,NOT_APPLICABLE,NOT_CONFIRMATORY__ZERO_DENOMINATOR_AND_FAILURE_HANDLING_NOT_RESULT_BLIND_FROZEN,PRE_R10_SUPPORTING_DESCRIPTIVE_RESULT_AWARE__NO_NEW_CONFIRMATORY_INFERENCE
20,E2_DYNAMIC__DT-RAMDE_TS2_FULL__VS__CROSS_EVENT_WARM_START_ONLY,E2_DYNAMIC,DT-RAMDE_TS2_FULL,CROSS_EVENT_WARM_START_ONLY,charged_cfe,ALL_COMPLETED_TASK_PAIRS,150,150,1,1,1,1,,NOT_APPLICABLE,NOT_CONFIRMATORY__ZERO_DENOMINATOR_AND_FAILURE_HANDLING_NOT_RESULT_BLIND_FROZEN,PRE_R10_SUPPORTING_DESCRIPTIVE_RESULT_AWARE__NO_NEW_CONFIRMATORY_INFERENCE
20,E2_DYNAMIC__DT-RAMDE_TS2_FULL__VS__CROSS_EVENT_WARM_START_ONLY,E2_DYNAMIC,DT-RAMDE_TS2_FULL,CROSS_EVENT_WARM_START_ONLY,charged_cfe,EQUAL_CHARGED_WORK_TASK_PAIRS,150,150,1,1,1,1,,NOT_APPLICABLE,NOT_CONFIRMATORY__ZERO_DENOMINATOR_AND_FAILURE_HANDLING_NOT_RESULT_BLIND_FROZEN,PRE_R10_SUPPORTING_DESCRIPTIVE_RESULT_AWARE__NO_NEW_CONFIRMATORY_INFERENCE
20,E2_DYNAMIC__DT-RAMDE_TS2_FULL__VS__CROSS_EVENT_WARM_START_ONLY,E2_DYNAMIC,DT-RAMDE_TS2_FULL,CROSS_EVENT_WARM_START_ONLY,charged_cfe,BOTH_ALL_EVENTS_ACCEPTED_TASK_PAIRS,150,140,1,1,1,1,,NOT_APPLICABLE,NOT_CONFIRMATORY__ZERO_DENOMINATOR_AND_FAILURE_HANDLING_NOT_RESULT_BLIND_FROZEN,PRE_R10_SUPPORTING_DESCRIPTIVE_RESULT_AWARE__NO_NEW_CONFIRMATORY_INFERENCE
20,E2_DYNAMIC__DT-RAMDE_TS2_FULL__VS__CROSS_EVENT_WARM_START_ONLY,E2_DYNAMIC,DT-RAMDE_TS2_FULL,CROSS_EVENT_WARM_START_ONLY,charged_atomic_model_steps,ALL_COMPLETED_TASK_PAIRS,150,150,1,1,1,1,,NOT_APPLICABLE,NOT_CONFIRMATORY__ZERO_DENOMINATOR_AND_FAILURE_HANDLING_NOT_RESULT_BLIND_FROZEN,PRE_R10_SUPPORTING_DESCRIPTIVE_RESULT_AWARE__NO_NEW_CONFIRMATORY_INFERENCE
20,E2_DYNAMIC__DT-RAMDE_TS2_FULL__VS__CROSS_EVENT_WARM_START_ONLY,E2_DYNAMIC,DT-RAMDE_TS2_FULL,CROSS_EVENT_WARM_START_ONLY,charged_atomic_model_steps,EQUAL_CHARGED_WORK_TASK_PAIRS,150,150,1,1,1,1,,NOT_APPLICABLE,NOT_CONFIRMATORY__ZERO_DENOMINATOR_AND_FAILURE_HANDLING_NOT_RESULT_BLIND_FROZEN,PRE_R10_SUPPORTING_DESCRIPTIVE_RESULT_AWARE__NO_NEW_CONFIRMATORY_INFERENCE
20,E2_DYNAMIC__DT-RAMDE_TS2_FULL__VS__CROSS_EVENT_WARM_START_ONLY,E2_DYNAMIC,DT-RAMDE_TS2_FULL,CROSS_EVENT_WARM_START_ONLY,charged_atomic_model_steps,BOTH_ALL_EVENTS_ACCEPTED_TASK_PAIRS,150,140,1,1,1,1,,NOT_APPLICABLE,NOT_CONFIRMATORY__ZERO_DENOMINATOR_AND_FAILURE_HANDLING_NOT_RESULT_BLIND_FROZEN,PRE_R10_SUPPORTING_DESCRIPTIVE_RESULT_AWARE__NO_NEW_CONFIRMATORY_INFERENCE
21,E2_DYNAMIC__DT-RAMDE_TS2_FULL__VS__CROSS_EVENT_MEMORY_ONLY,E2_DYNAMIC,DT-RAMDE_TS2_FULL,CROSS_EVENT_MEMORY_ONLY,wall_seconds,ALL_COMPLETED_TASK_PAIRS,150,150,0.9892875892731271,0.98641761643170467,0.93811235563366169,1.0455201336738711,1.5,AT_OR_BELOW_POINT_MARGIN,NOT_CONFIRMATORY__ZERO_DENOMINATOR_AND_FAILURE_HANDLING_NOT_RESULT_BLIND_FROZEN,PRE_R10_SUPPORTING_DESCRIPTIVE_RESULT_AWARE__NO_NEW_CONFIRMATORY_INFERENCE
21,E2_DYNAMIC__DT-RAMDE_TS2_FULL__VS__CROSS_EVENT_MEMORY_ONLY,E2_DYNAMIC,DT-RAMDE_TS2_FULL,CROSS_EVENT_MEMORY_ONLY,wall_seconds,EQUAL_CHARGED_WORK_TASK_PAIRS,150,140,0.98913908450279653,0.98619755178575619,0.93811235563366169,1.0455201336738711,1.5,AT_OR_BELOW_POINT_MARGIN,NOT_CONFIRMATORY__ZERO_DENOMINATOR_AND_FAILURE_HANDLING_NOT_RESULT_BLIND_FROZEN,PRE_R10_SUPPORTING_DESCRIPTIVE_RESULT_AWARE__NO_NEW_CONFIRMATORY_INFERENCE
21,E2_DYNAMIC__DT-RAMDE_TS2_FULL__VS__CROSS_EVENT_MEMORY_ONLY,E2_DYNAMIC,DT-RAMDE_TS2_FULL,CROSS_EVENT_MEMORY_ONLY,wall_seconds,BOTH_ALL_EVENTS_ACCEPTED_TASK_PAIRS,150,140,0.98913908450279653,0.98619755178575619,0.93811235563366169,1.0455201336738711,1.5,AT_OR_BELOW_POINT_MARGIN,NOT_CONFIRMATORY__ZERO_DENOMINATOR_AND_FAILURE_HANDLING_NOT_RESULT_BLIND_FROZEN,PRE_R10_SUPPORTING_DESCRIPTIVE_RESULT_AWARE__NO_NEW_CONFIRMATORY_INFERENCE
21,E2_DYNAMIC__DT-RAMDE_TS2_FULL__VS__CROSS_EVENT_MEMORY_ONLY,E2_DYNAMIC,DT-RAMDE_TS2_FULL,CROSS_EVENT_MEMORY_ONLY,cpu_seconds,ALL_COMPLETED_TASK_PAIRS,150,150,0.98956669350346216,0.99074308058870963,0.93756856768850716,1.0341676890280116,,NOT_APPLICABLE,NOT_CONFIRMATORY__ZERO_DENOMINATOR_AND_FAILURE_HANDLING_NOT_RESULT_BLIND_FROZEN,PRE_R10_SUPPORTING_DESCRIPTIVE_RESULT_AWARE__NO_NEW_CONFIRMATORY_INFERENCE
21,E2_DYNAMIC__DT-RAMDE_TS2_FULL__VS__CROSS_EVENT_MEMORY_ONLY,E2_DYNAMIC,DT-RAMDE_TS2_FULL,CROSS_EVENT_MEMORY_ONLY,cpu_seconds,EQUAL_CHARGED_WORK_TASK_PAIRS,150,140,0.98918178072670293,0.98967015368686073,0.93756856768850716,1.0341676890280116,,NOT_APPLICABLE,NOT_CONFIRMATORY__ZERO_DENOMINATOR_AND_FAILURE_HANDLING_NOT_RESULT_BLIND_FROZEN,PRE_R10_SUPPORTING_DESCRIPTIVE_RESULT_AWARE__NO_NEW_CONFIRMATORY_INFERENCE
21,E2_DYNAMIC__DT-RAMDE_TS2_FULL__VS__CROSS_EVENT_MEMORY_ONLY,E2_DYNAMIC,DT-RAMDE_TS2_FULL,CROSS_EVENT_MEMORY_ONLY,cpu_seconds,BOTH_ALL_EVENTS_ACCEPTED_TASK_PAIRS,150,140,0.98918178072670293,0.98967015368686073,0.93756856768850716,1.0341676890280116,,NOT_APPLICABLE,NOT_CONFIRMATORY__ZERO_DENOMINATOR_AND_FAILURE_HANDLING_NOT_RESULT_BLIND_FROZEN,PRE_R10_SUPPORTING_DESCRIPTIVE_RESULT_AWARE__NO_NEW_CONFIRMATORY_INFERENCE
21,E2_DYNAMIC__DT-RAMDE_TS2_FULL__VS__CROSS_EVENT_MEMORY_ONLY,E2_DYNAMIC,DT-RAMDE_TS2_FULL,CROSS_EVENT_MEMORY_ONLY,peak_rss_bytes,ALL_COMPLETED_TASK_PAIRS,150,150,0.9962216638348661,0.99706897330111155,0.96585251566801378,1.0191430095418716,2,AT_OR_BELOW_POINT_MARGIN,NOT_CONFIRMATORY__ZERO_DENOMINATOR_AND_FAILURE_HANDLING_NOT_RESULT_BLIND_FROZEN,PRE_R10_SUPPORTING_DESCRIPTIVE_RESULT_AWARE__NO_NEW_CONFIRMATORY_INFERENCE
21,E2_DYNAMIC__DT-RAMDE_TS2_FULL__VS__CROSS_EVENT_MEMORY_ONLY,E2_DYNAMIC,DT-RAMDE_TS2_FULL,CROSS_EVENT_MEMORY_ONLY,peak_rss_bytes,EQUAL_CHARGED_WORK_TASK_PAIRS,150,140,0.99591460778564578,0.99682315526954768,0.96585251566801378,1.0191430095418716,2,AT_OR_BELOW_POINT_MARGIN,NOT_CONFIRMATORY__ZERO_DENOMINATOR_AND_FAILURE_HANDLING_NOT_RESULT_BLIND_FROZEN,PRE_R10_SUPPORTING_DESCRIPTIVE_RESULT_AWARE__NO_NEW_CONFIRMATORY_INFERENCE
21,E2_DYNAMIC__DT-RAMDE_TS2_FULL__VS__CROSS_EVENT_MEMORY_ONLY,E2_DYNAMIC,DT-RAMDE_TS2_FULL,CROSS_EVENT_MEMORY_ONLY,peak_rss_bytes,BOTH_ALL_EVENTS_ACCEPTED_TASK_PAIRS,150,140,0.99591460778564578,0.99682315526954768,0.96585251566801378,1.0191430095418716,2,AT_OR_BELOW_POINT_MARGIN,NOT_CONFIRMATORY__ZERO_DENOMINATOR_AND_FAILURE_HANDLING_NOT_RESULT_BLIND_FROZEN,PRE_R10_SUPPORTING_DESCRIPTIVE_RESULT_AWARE__NO_NEW_CONFIRMATORY_INFERENCE
21,E2_DYNAMIC__DT-RAMDE_TS2_FULL__VS__CROSS_EVENT_MEMORY_ONLY,E2_DYNAMIC,DT-RAMDE_TS2_FULL,CROSS_EVENT_MEMORY_ONLY,output_bytes,ALL_COMPLETED_TASK_PAIRS,150,150,0.99996988207850657,0.99997036068431955,0.99994637260315333,0.99998788426165586,,NOT_APPLICABLE,NOT_CONFIRMATORY__ZERO_DENOMINATOR_AND_FAILURE_HANDLING_NOT_RESULT_BLIND_FROZEN,PRE_R10_SUPPORTING_DESCRIPTIVE_RESULT_AWARE__NO_NEW_CONFIRMATORY_INFERENCE
21,E2_DYNAMIC__DT-RAMDE_TS2_FULL__VS__CROSS_EVENT_MEMORY_ONLY,E2_DYNAMIC,DT-RAMDE_TS2_FULL,CROSS_EVENT_MEMORY_ONLY,output_bytes,EQUAL_CHARGED_WORK_TASK_PAIRS,150,140,0.99997071559446782,0.99997036069723844,0.99996643787760109,0.99997384759424024,,NOT_APPLICABLE,NOT_CONFIRMATORY__ZERO_DENOMINATOR_AND_FAILURE_HANDLING_NOT_RESULT_BLIND_FROZEN,PRE_R10_SUPPORTING_DESCRIPTIVE_RESULT_AWARE__NO_NEW_CONFIRMATORY_INFERENCE
21,E2_DYNAMIC__DT-RAMDE_TS2_FULL__VS__CROSS_EVENT_MEMORY_ONLY,E2_DYNAMIC,DT-RAMDE_TS2_FULL,CROSS_EVENT_MEMORY_ONLY,output_bytes,BOTH_ALL_EVENTS_ACCEPTED_TASK_PAIRS,150,140,0.99997071559446782,0.99997036069723844,0.99996643787760109,0.99997384759424024,,NOT_APPLICABLE,NOT_CONFIRMATORY__ZERO_DENOMINATOR_AND_FAILURE_HANDLING_NOT_RESULT_BLIND_FROZEN,PRE_R10_SUPPORTING_DESCRIPTIVE_RESULT_AWARE__NO_NEW_CONFIRMATORY_INFERENCE
21,E2_DYNAMIC__DT-RAMDE_TS2_FULL__VS__CROSS_EVENT_MEMORY_ONLY,E2_DYNAMIC,DT-RAMDE_TS2_FULL,CROSS_EVENT_MEMORY_ONLY,charged_cfe,ALL_COMPLETED_TASK_PAIRS,150,150,1.0000791024317175,1,1,1.0016626578139376,,NOT_APPLICABLE,NOT_CONFIRMATORY__ZERO_DENOMINATOR_AND_FAILURE_HANDLING_NOT_RESULT_BLIND_FROZEN,PRE_R10_SUPPORTING_DESCRIPTIVE_RESULT_AWARE__NO_NEW_CONFIRMATORY_INFERENCE
21,E2_DYNAMIC__DT-RAMDE_TS2_FULL__VS__CROSS_EVENT_MEMORY_ONLY,E2_DYNAMIC,DT-RAMDE_TS2_FULL,CROSS_EVENT_MEMORY_ONLY,charged_cfe,EQUAL_CHARGED_WORK_TASK_PAIRS,150,140,1,1,1,1,,NOT_APPLICABLE,NOT_CONFIRMATORY__ZERO_DENOMINATOR_AND_FAILURE_HANDLING_NOT_RESULT_BLIND_FROZEN,PRE_R10_SUPPORTING_DESCRIPTIVE_RESULT_AWARE__NO_NEW_CONFIRMATORY_INFERENCE
21,E2_DYNAMIC__DT-RAMDE_TS2_FULL__VS__CROSS_EVENT_MEMORY_ONLY,E2_DYNAMIC,DT-RAMDE_TS2_FULL,CROSS_EVENT_MEMORY_ONLY,charged_cfe,BOTH_ALL_EVENTS_ACCEPTED_TASK_PAIRS,150,140,1,1,1,1,,NOT_APPLICABLE,NOT_CONFIRMATORY__ZERO_DENOMINATOR_AND_FAILURE_HANDLING_NOT_RESULT_BLIND_FROZEN,PRE_R10_SUPPORTING_DESCRIPTIVE_RESULT_AWARE__NO_NEW_CONFIRMATORY_INFERENCE
21,E2_DYNAMIC__DT-RAMDE_TS2_FULL__VS__CROSS_EVENT_MEMORY_ONLY,E2_DYNAMIC,DT-RAMDE_TS2_FULL,CROSS_EVENT_MEMORY_ONLY,charged_atomic_model_steps,ALL_COMPLETED_TASK_PAIRS,150,150,1.0000791024317175,1,1,1.0016626578139376,,NOT_APPLICABLE,NOT_CONFIRMATORY__ZERO_DENOMINATOR_AND_FAILURE_HANDLING_NOT_RESULT_BLIND_FROZEN,PRE_R10_SUPPORTING_DESCRIPTIVE_RESULT_AWARE__NO_NEW_CONFIRMATORY_INFERENCE
21,E2_DYNAMIC__DT-RAMDE_TS2_FULL__VS__CROSS_EVENT_MEMORY_ONLY,E2_DYNAMIC,DT-RAMDE_TS2_FULL,CROSS_EVENT_MEMORY_ONLY,charged_atomic_model_steps,EQUAL_CHARGED_WORK_TASK_PAIRS,150,140,1,1,1,1,,NOT_APPLICABLE,NOT_CONFIRMATORY__ZERO_DENOMINATOR_AND_FAILURE_HANDLING_NOT_RESULT_BLIND_FROZEN,PRE_R10_SUPPORTING_DESCRIPTIVE_RESULT_AWARE__NO_NEW_CONFIRMATORY_INFERENCE
21,E2_DYNAMIC__DT-RAMDE_TS2_FULL__VS__CROSS_EVENT_MEMORY_ONLY,E2_DYNAMIC,DT-RAMDE_TS2_FULL,CROSS_EVENT_MEMORY_ONLY,charged_atomic_model_steps,BOTH_ALL_EVENTS_ACCEPTED_TASK_PAIRS,150,140,1,1,1,1,,NOT_APPLICABLE,NOT_CONFIRMATORY__ZERO_DENOMINATOR_AND_FAILURE_HANDLING_NOT_RESULT_BLIND_FROZEN,PRE_R10_SUPPORTING_DESCRIPTIVE_RESULT_AWARE__NO_NEW_CONFIRMATORY_INFERENCE
22,E2_DYNAMIC__DT-RAMDE_TS2_FULL__VS__SHADE_ONLY,E2_DYNAMIC,DT-RAMDE_TS2_FULL,SHADE_ONLY,wall_seconds,ALL_COMPLETED_TASK_PAIRS,150,150,1.084749379072053,1.0868178728367419,0.9878029137398513,1.1545886253093522,1.5,AT_OR_BELOW_POINT_MARGIN,NOT_CONFIRMATORY__ZERO_DENOMINATOR_AND_FAILURE_HANDLING_NOT_RESULT_BLIND_FROZEN,PRE_R10_SUPPORTING_DESCRIPTIVE_RESULT_AWARE__NO_NEW_CONFIRMATORY_INFERENCE
22,E2_DYNAMIC__DT-RAMDE_TS2_FULL__VS__SHADE_ONLY,E2_DYNAMIC,DT-RAMDE_TS2_FULL,SHADE_ONLY,wall_seconds,EQUAL_CHARGED_WORK_TASK_PAIRS,150,140,1.0894173876597899,1.0870748565602897,1.0364722479067714,1.1545886253093522,1.5,AT_OR_BELOW_POINT_MARGIN,NOT_CONFIRMATORY__ZERO_DENOMINATOR_AND_FAILURE_HANDLING_NOT_RESULT_BLIND_FROZEN,PRE_R10_SUPPORTING_DESCRIPTIVE_RESULT_AWARE__NO_NEW_CONFIRMATORY_INFERENCE
22,E2_DYNAMIC__DT-RAMDE_TS2_FULL__VS__SHADE_ONLY,E2_DYNAMIC,DT-RAMDE_TS2_FULL,SHADE_ONLY,wall_seconds,BOTH_ALL_EVENTS_ACCEPTED_TASK_PAIRS,150,140,1.0894173876597899,1.0870748565602897,1.0364722479067714,1.1545886253093522,1.5,AT_OR_BELOW_POINT_MARGIN,NOT_CONFIRMATORY__ZERO_DENOMINATOR_AND_FAILURE_HANDLING_NOT_RESULT_BLIND_FROZEN,PRE_R10_SUPPORTING_DESCRIPTIVE_RESULT_AWARE__NO_NEW_CONFIRMATORY_INFERENCE
22,E2_DYNAMIC__DT-RAMDE_TS2_FULL__VS__SHADE_ONLY,E2_DYNAMIC,DT-RAMDE_TS2_FULL,SHADE_ONLY,cpu_seconds,ALL_COMPLETED_TASK_PAIRS,150,150,1.0893519086939332,1.0901121135312422,1.0217741976551422,1.1425369551176865,,NOT_APPLICABLE,NOT_CONFIRMATORY__ZERO_DENOMINATOR_AND_FAILURE_HANDLING_NOT_RESULT_BLIND_FROZEN,PRE_R10_SUPPORTING_DESCRIPTIVE_RESULT_AWARE__NO_NEW_CONFIRMATORY_INFERENCE
22,E2_DYNAMIC__DT-RAMDE_TS2_FULL__VS__SHADE_ONLY,E2_DYNAMIC,DT-RAMDE_TS2_FULL,SHADE_ONLY,cpu_seconds,EQUAL_CHARGED_WORK_TASK_PAIRS,150,140,1.0927086372919603,1.0905680091277694,1.0287457690317499,1.1425369551176865,,NOT_APPLICABLE,NOT_CONFIRMATORY__ZERO_DENOMINATOR_AND_FAILURE_HANDLING_NOT_RESULT_BLIND_FROZEN,PRE_R10_SUPPORTING_DESCRIPTIVE_RESULT_AWARE__NO_NEW_CONFIRMATORY_INFERENCE
22,E2_DYNAMIC__DT-RAMDE_TS2_FULL__VS__SHADE_ONLY,E2_DYNAMIC,DT-RAMDE_TS2_FULL,SHADE_ONLY,cpu_seconds,BOTH_ALL_EVENTS_ACCEPTED_TASK_PAIRS,150,140,1.0927086372919603,1.0905680091277694,1.0287457690317499,1.1425369551176865,,NOT_APPLICABLE,NOT_CONFIRMATORY__ZERO_DENOMINATOR_AND_FAILURE_HANDLING_NOT_RESULT_BLIND_FROZEN,PRE_R10_SUPPORTING_DESCRIPTIVE_RESULT_AWARE__NO_NEW_CONFIRMATORY_INFERENCE
22,E2_DYNAMIC__DT-RAMDE_TS2_FULL__VS__SHADE_ONLY,E2_DYNAMIC,DT-RAMDE_TS2_FULL,SHADE_ONLY,peak_rss_bytes,ALL_COMPLETED_TASK_PAIRS,150,150,1.017234670506,1.0193209296358179,0.98825362579407883,1.0385962792945156,2,AT_OR_BELOW_POINT_MARGIN,NOT_CONFIRMATORY__ZERO_DENOMINATOR_AND_FAILURE_HANDLING_NOT_RESULT_BLIND_FROZEN,PRE_R10_SUPPORTING_DESCRIPTIVE_RESULT_AWARE__NO_NEW_CONFIRMATORY_INFERENCE
22,E2_DYNAMIC__DT-RAMDE_TS2_FULL__VS__SHADE_ONLY,E2_DYNAMIC,DT-RAMDE_TS2_FULL,SHADE_ONLY,peak_rss_bytes,EQUAL_CHARGED_WORK_TASK_PAIRS,150,140,1.0181823933436327,1.0198075950977761,0.98825362579407883,1.0385962792945156,2,AT_OR_BELOW_POINT_MARGIN,NOT_CONFIRMATORY__ZERO_DENOMINATOR_AND_FAILURE_HANDLING_NOT_RESULT_BLIND_FROZEN,PRE_R10_SUPPORTING_DESCRIPTIVE_RESULT_AWARE__NO_NEW_CONFIRMATORY_INFERENCE
22,E2_DYNAMIC__DT-RAMDE_TS2_FULL__VS__SHADE_ONLY,E2_DYNAMIC,DT-RAMDE_TS2_FULL,SHADE_ONLY,peak_rss_bytes,BOTH_ALL_EVENTS_ACCEPTED_TASK_PAIRS,150,140,1.0181823933436327,1.0198075950977761,0.98825362579407883,1.0385962792945156,2,AT_OR_BELOW_POINT_MARGIN,NOT_CONFIRMATORY__ZERO_DENOMINATOR_AND_FAILURE_HANDLING_NOT_RESULT_BLIND_FROZEN,PRE_R10_SUPPORTING_DESCRIPTIVE_RESULT_AWARE__NO_NEW_CONFIRMATORY_INFERENCE
22,E2_DYNAMIC__DT-RAMDE_TS2_FULL__VS__SHADE_ONLY,E2_DYNAMIC,DT-RAMDE_TS2_FULL,SHADE_ONLY,output_bytes,ALL_COMPLETED_TASK_PAIRS,150,150,0.9999886138263907,0.99998735949424034,0.99998387246519826,1.0000308413860559,,NOT_APPLICABLE,NOT_CONFIRMATORY__ZERO_DENOMINATOR_AND_FAILURE_HANDLING_NOT_RESULT_BLIND_FROZEN,PRE_R10_SUPPORTING_DESCRIPTIVE_RESULT_AWARE__NO_NEW_CONFIRMATORY_INFERENCE
22,E2_DYNAMIC__DT-RAMDE_TS2_FULL__VS__SHADE_ONLY,E2_DYNAMIC,DT-RAMDE_TS2_FULL,SHADE_ONLY,output_bytes,EQUAL_CHARGED_WORK_TASK_PAIRS,150,140,0.99998764280521923,0.99998735948322082,0.99998387246519826,0.99999084651435266,,NOT_APPLICABLE,NOT_CONFIRMATORY__ZERO_DENOMINATOR_AND_FAILURE_HANDLING_NOT_RESULT_BLIND_FROZEN,PRE_R10_SUPPORTING_DESCRIPTIVE_RESULT_AWARE__NO_NEW_CONFIRMATORY_INFERENCE
22,E2_DYNAMIC__DT-RAMDE_TS2_FULL__VS__SHADE_ONLY,E2_DYNAMIC,DT-RAMDE_TS2_FULL,SHADE_ONLY,output_bytes,BOTH_ALL_EVENTS_ACCEPTED_TASK_PAIRS,150,140,0.99998764280521923,0.99998735948322082,0.99998387246519826,0.99999084651435266,,NOT_APPLICABLE,NOT_CONFIRMATORY__ZERO_DENOMINATOR_AND_FAILURE_HANDLING_NOT_RESULT_BLIND_FROZEN,PRE_R10_SUPPORTING_DESCRIPTIVE_RESULT_AWARE__NO_NEW_CONFIRMATORY_INFERENCE
22,E2_DYNAMIC__DT-RAMDE_TS2_FULL__VS__SHADE_ONLY,E2_DYNAMIC,DT-RAMDE_TS2_FULL,SHADE_ONLY,charged_cfe,ALL_COMPLETED_TASK_PAIRS,150,150,1.0000791024317175,1,1,1.0016626578139376,,NOT_APPLICABLE,NOT_CONFIRMATORY__ZERO_DENOMINATOR_AND_FAILURE_HANDLING_NOT_RESULT_BLIND_FROZEN,PRE_R10_SUPPORTING_DESCRIPTIVE_RESULT_AWARE__NO_NEW_CONFIRMATORY_INFERENCE
22,E2_DYNAMIC__DT-RAMDE_TS2_FULL__VS__SHADE_ONLY,E2_DYNAMIC,DT-RAMDE_TS2_FULL,SHADE_ONLY,charged_cfe,EQUAL_CHARGED_WORK_TASK_PAIRS,150,140,1,1,1,1,,NOT_APPLICABLE,NOT_CONFIRMATORY__ZERO_DENOMINATOR_AND_FAILURE_HANDLING_NOT_RESULT_BLIND_FROZEN,PRE_R10_SUPPORTING_DESCRIPTIVE_RESULT_AWARE__NO_NEW_CONFIRMATORY_INFERENCE
22,E2_DYNAMIC__DT-RAMDE_TS2_FULL__VS__SHADE_ONLY,E2_DYNAMIC,DT-RAMDE_TS2_FULL,SHADE_ONLY,charged_cfe,BOTH_ALL_EVENTS_ACCEPTED_TASK_PAIRS,150,140,1,1,1,1,,NOT_APPLICABLE,NOT_CONFIRMATORY__ZERO_DENOMINATOR_AND_FAILURE_HANDLING_NOT_RESULT_BLIND_FROZEN,PRE_R10_SUPPORTING_DESCRIPTIVE_RESULT_AWARE__NO_NEW_CONFIRMATORY_INFERENCE
22,E2_DYNAMIC__DT-RAMDE_TS2_FULL__VS__SHADE_ONLY,E2_DYNAMIC,DT-RAMDE_TS2_FULL,SHADE_ONLY,charged_atomic_model_steps,ALL_COMPLETED_TASK_PAIRS,150,150,1.0000791024317175,1,1,1.0016626578139376,,NOT_APPLICABLE,NOT_CONFIRMATORY__ZERO_DENOMINATOR_AND_FAILURE_HANDLING_NOT_RESULT_BLIND_FROZEN,PRE_R10_SUPPORTING_DESCRIPTIVE_RESULT_AWARE__NO_NEW_CONFIRMATORY_INFERENCE
22,E2_DYNAMIC__DT-RAMDE_TS2_FULL__VS__SHADE_ONLY,E2_DYNAMIC,DT-RAMDE_TS2_FULL,SHADE_ONLY,charged_atomic_model_steps,EQUAL_CHARGED_WORK_TASK_PAIRS,150,140,1,1,1,1,,NOT_APPLICABLE,NOT_CONFIRMATORY__ZERO_DENOMINATOR_AND_FAILURE_HANDLING_NOT_RESULT_BLIND_FROZEN,PRE_R10_SUPPORTING_DESCRIPTIVE_RESULT_AWARE__NO_NEW_CONFIRMATORY_INFERENCE
22,E2_DYNAMIC__DT-RAMDE_TS2_FULL__VS__SHADE_ONLY,E2_DYNAMIC,DT-RAMDE_TS2_FULL,SHADE_ONLY,charged_atomic_model_steps,BOTH_ALL_EVENTS_ACCEPTED_TASK_PAIRS,150,140,1,1,1,1,,NOT_APPLICABLE,NOT_CONFIRMATORY__ZERO_DENOMINATOR_AND_FAILURE_HANDLING_NOT_RESULT_BLIND_FROZEN,PRE_R10_SUPPORTING_DESCRIPTIVE_RESULT_AWARE__NO_NEW_CONFIRMATORY_INFERENCE
23,E2_ROLLING__DT-RAMDE_TS2_FULL__VS__NO_CROSS_EVENT_MEMORY,E2_ROLLING,DT-RAMDE_TS2_FULL,NO_CROSS_EVENT_MEMORY,wall_seconds,ALL_COMPLETED_TASK_PAIRS,160,160,1.0332410415063478,1.0364677854391893,0.9260466001153238,1.1240087129775067,1.5,AT_OR_BELOW_POINT_MARGIN,NOT_CONFIRMATORY__ZERO_DENOMINATOR_AND_FAILURE_HANDLING_NOT_RESULT_BLIND_FROZEN,PRE_R10_SUPPORTING_DESCRIPTIVE_RESULT_AWARE__NO_NEW_CONFIRMATORY_INFERENCE
23,E2_ROLLING__DT-RAMDE_TS2_FULL__VS__NO_CROSS_EVENT_MEMORY,E2_ROLLING,DT-RAMDE_TS2_FULL,NO_CROSS_EVENT_MEMORY,wall_seconds,EQUAL_CHARGED_WORK_TASK_PAIRS,160,160,1.0332410415063478,1.0364677854391893,0.9260466001153238,1.1240087129775067,1.5,AT_OR_BELOW_POINT_MARGIN,NOT_CONFIRMATORY__ZERO_DENOMINATOR_AND_FAILURE_HANDLING_NOT_RESULT_BLIND_FROZEN,PRE_R10_SUPPORTING_DESCRIPTIVE_RESULT_AWARE__NO_NEW_CONFIRMATORY_INFERENCE
23,E2_ROLLING__DT-RAMDE_TS2_FULL__VS__NO_CROSS_EVENT_MEMORY,E2_ROLLING,DT-RAMDE_TS2_FULL,NO_CROSS_EVENT_MEMORY,wall_seconds,BOTH_ALL_EVENTS_ACCEPTED_TASK_PAIRS,160,41,1.0430519257196744,1.0382622163763711,0.9841708378214683,1.1062548381420865,1.5,AT_OR_BELOW_POINT_MARGIN,NOT_CONFIRMATORY__ZERO_DENOMINATOR_AND_FAILURE_HANDLING_NOT_RESULT_BLIND_FROZEN,PRE_R10_SUPPORTING_DESCRIPTIVE_RESULT_AWARE__NO_NEW_CONFIRMATORY_INFERENCE
23,E2_ROLLING__DT-RAMDE_TS2_FULL__VS__NO_CROSS_EVENT_MEMORY,E2_ROLLING,DT-RAMDE_TS2_FULL,NO_CROSS_EVENT_MEMORY,cpu_seconds,ALL_COMPLETED_TASK_PAIRS,160,160,1.0335122603256548,1.0332179857213197,0.93728486137763323,1.1142732655547631,,NOT_APPLICABLE,NOT_CONFIRMATORY__ZERO_DENOMINATOR_AND_FAILURE_HANDLING_NOT_RESULT_BLIND_FROZEN,PRE_R10_SUPPORTING_DESCRIPTIVE_RESULT_AWARE__NO_NEW_CONFIRMATORY_INFERENCE
23,E2_ROLLING__DT-RAMDE_TS2_FULL__VS__NO_CROSS_EVENT_MEMORY,E2_ROLLING,DT-RAMDE_TS2_FULL,NO_CROSS_EVENT_MEMORY,cpu_seconds,EQUAL_CHARGED_WORK_TASK_PAIRS,160,160,1.0335122603256548,1.0332179857213197,0.93728486137763323,1.1142732655547631,,NOT_APPLICABLE,NOT_CONFIRMATORY__ZERO_DENOMINATOR_AND_FAILURE_HANDLING_NOT_RESULT_BLIND_FROZEN,PRE_R10_SUPPORTING_DESCRIPTIVE_RESULT_AWARE__NO_NEW_CONFIRMATORY_INFERENCE
23,E2_ROLLING__DT-RAMDE_TS2_FULL__VS__NO_CROSS_EVENT_MEMORY,E2_ROLLING,DT-RAMDE_TS2_FULL,NO_CROSS_EVENT_MEMORY,cpu_seconds,BOTH_ALL_EVENTS_ACCEPTED_TASK_PAIRS,160,41,1.0458453395835376,1.0468935245835789,0.99807201791729039,1.1142732655547631,,NOT_APPLICABLE,NOT_CONFIRMATORY__ZERO_DENOMINATOR_AND_FAILURE_HANDLING_NOT_RESULT_BLIND_FROZEN,PRE_R10_SUPPORTING_DESCRIPTIVE_RESULT_AWARE__NO_NEW_CONFIRMATORY_INFERENCE
23,E2_ROLLING__DT-RAMDE_TS2_FULL__VS__NO_CROSS_EVENT_MEMORY,E2_ROLLING,DT-RAMDE_TS2_FULL,NO_CROSS_EVENT_MEMORY,peak_rss_bytes,ALL_COMPLETED_TASK_PAIRS,160,160,1.0203928142717018,1.0212644217892932,0.98323991342471839,1.0454897192129118,2,AT_OR_BELOW_POINT_MARGIN,NOT_CONFIRMATORY__ZERO_DENOMINATOR_AND_FAILURE_HANDLING_NOT_RESULT_BLIND_FROZEN,PRE_R10_SUPPORTING_DESCRIPTIVE_RESULT_AWARE__NO_NEW_CONFIRMATORY_INFERENCE
23,E2_ROLLING__DT-RAMDE_TS2_FULL__VS__NO_CROSS_EVENT_MEMORY,E2_ROLLING,DT-RAMDE_TS2_FULL,NO_CROSS_EVENT_MEMORY,peak_rss_bytes,EQUAL_CHARGED_WORK_TASK_PAIRS,160,160,1.0203928142717018,1.0212644217892932,0.98323991342471839,1.0454897192129118,2,AT_OR_BELOW_POINT_MARGIN,NOT_CONFIRMATORY__ZERO_DENOMINATOR_AND_FAILURE_HANDLING_NOT_RESULT_BLIND_FROZEN,PRE_R10_SUPPORTING_DESCRIPTIVE_RESULT_AWARE__NO_NEW_CONFIRMATORY_INFERENCE
23,E2_ROLLING__DT-RAMDE_TS2_FULL__VS__NO_CROSS_EVENT_MEMORY,E2_ROLLING,DT-RAMDE_TS2_FULL,NO_CROSS_EVENT_MEMORY,peak_rss_bytes,BOTH_ALL_EVENTS_ACCEPTED_TASK_PAIRS,160,41,1.023119261691098,1.025031019042995,1.0002179955310917,1.0358109975131251,2,AT_OR_BELOW_POINT_MARGIN,NOT_CONFIRMATORY__ZERO_DENOMINATOR_AND_FAILURE_HANDLING_NOT_RESULT_BLIND_FROZEN,PRE_R10_SUPPORTING_DESCRIPTIVE_RESULT_AWARE__NO_NEW_CONFIRMATORY_INFERENCE
23,E2_ROLLING__DT-RAMDE_TS2_FULL__VS__NO_CROSS_EVENT_MEMORY,E2_ROLLING,DT-RAMDE_TS2_FULL,NO_CROSS_EVENT_MEMORY,output_bytes,ALL_COMPLETED_TASK_PAIRS,160,160,0.99994659587602308,0.99994152032187456,0.9992306646731004,1.0009769664511354,,NOT_APPLICABLE,NOT_CONFIRMATORY__ZERO_DENOMINATOR_AND_FAILURE_HANDLING_NOT_RESULT_BLIND_FROZEN,PRE_R10_SUPPORTING_DESCRIPTIVE_RESULT_AWARE__NO_NEW_CONFIRMATORY_INFERENCE
23,E2_ROLLING__DT-RAMDE_TS2_FULL__VS__NO_CROSS_EVENT_MEMORY,E2_ROLLING,DT-RAMDE_TS2_FULL,NO_CROSS_EVENT_MEMORY,output_bytes,EQUAL_CHARGED_WORK_TASK_PAIRS,160,160,0.99994659587602308,0.99994152032187456,0.9992306646731004,1.0009769664511354,,NOT_APPLICABLE,NOT_CONFIRMATORY__ZERO_DENOMINATOR_AND_FAILURE_HANDLING_NOT_RESULT_BLIND_FROZEN,PRE_R10_SUPPORTING_DESCRIPTIVE_RESULT_AWARE__NO_NEW_CONFIRMATORY_INFERENCE
23,E2_ROLLING__DT-RAMDE_TS2_FULL__VS__NO_CROSS_EVENT_MEMORY,E2_ROLLING,DT-RAMDE_TS2_FULL,NO_CROSS_EVENT_MEMORY,output_bytes,BOTH_ALL_EVENTS_ACCEPTED_TASK_PAIRS,160,41,0.99994551103468565,0.99994653583956405,0.99991301062085947,0.99999365682326458,,NOT_APPLICABLE,NOT_CONFIRMATORY__ZERO_DENOMINATOR_AND_FAILURE_HANDLING_NOT_RESULT_BLIND_FROZEN,PRE_R10_SUPPORTING_DESCRIPTIVE_RESULT_AWARE__NO_NEW_CONFIRMATORY_INFERENCE
23,E2_ROLLING__DT-RAMDE_TS2_FULL__VS__NO_CROSS_EVENT_MEMORY,E2_ROLLING,DT-RAMDE_TS2_FULL,NO_CROSS_EVENT_MEMORY,charged_cfe,ALL_COMPLETED_TASK_PAIRS,160,160,1,1,1,1,,NOT_APPLICABLE,NOT_CONFIRMATORY__ZERO_DENOMINATOR_AND_FAILURE_HANDLING_NOT_RESULT_BLIND_FROZEN,PRE_R10_SUPPORTING_DESCRIPTIVE_RESULT_AWARE__NO_NEW_CONFIRMATORY_INFERENCE
23,E2_ROLLING__DT-RAMDE_TS2_FULL__VS__NO_CROSS_EVENT_MEMORY,E2_ROLLING,DT-RAMDE_TS2_FULL,NO_CROSS_EVENT_MEMORY,charged_cfe,EQUAL_CHARGED_WORK_TASK_PAIRS,160,160,1,1,1,1,,NOT_APPLICABLE,NOT_CONFIRMATORY__ZERO_DENOMINATOR_AND_FAILURE_HANDLING_NOT_RESULT_BLIND_FROZEN,PRE_R10_SUPPORTING_DESCRIPTIVE_RESULT_AWARE__NO_NEW_CONFIRMATORY_INFERENCE
23,E2_ROLLING__DT-RAMDE_TS2_FULL__VS__NO_CROSS_EVENT_MEMORY,E2_ROLLING,DT-RAMDE_TS2_FULL,NO_CROSS_EVENT_MEMORY,charged_cfe,BOTH_ALL_EVENTS_ACCEPTED_TASK_PAIRS,160,41,1,1,1,1,,NOT_APPLICABLE,NOT_CONFIRMATORY__ZERO_DENOMINATOR_AND_FAILURE_HANDLING_NOT_RESULT_BLIND_FROZEN,PRE_R10_SUPPORTING_DESCRIPTIVE_RESULT_AWARE__NO_NEW_CONFIRMATORY_INFERENCE
23,E2_ROLLING__DT-RAMDE_TS2_FULL__VS__NO_CROSS_EVENT_MEMORY,E2_ROLLING,DT-RAMDE_TS2_FULL,NO_CROSS_EVENT_MEMORY,charged_atomic_model_steps,ALL_COMPLETED_TASK_PAIRS,160,160,1,1,1,1,,NOT_APPLICABLE,NOT_CONFIRMATORY__ZERO_DENOMINATOR_AND_FAILURE_HANDLING_NOT_RESULT_BLIND_FROZEN,PRE_R10_SUPPORTING_DESCRIPTIVE_RESULT_AWARE__NO_NEW_CONFIRMATORY_INFERENCE
23,E2_ROLLING__DT-RAMDE_TS2_FULL__VS__NO_CROSS_EVENT_MEMORY,E2_ROLLING,DT-RAMDE_TS2_FULL,NO_CROSS_EVENT_MEMORY,charged_atomic_model_steps,EQUAL_CHARGED_WORK_TASK_PAIRS,160,160,1,1,1,1,,NOT_APPLICABLE,NOT_CONFIRMATORY__ZERO_DENOMINATOR_AND_FAILURE_HANDLING_NOT_RESULT_BLIND_FROZEN,PRE_R10_SUPPORTING_DESCRIPTIVE_RESULT_AWARE__NO_NEW_CONFIRMATORY_INFERENCE
23,E2_ROLLING__DT-RAMDE_TS2_FULL__VS__NO_CROSS_EVENT_MEMORY,E2_ROLLING,DT-RAMDE_TS2_FULL,NO_CROSS_EVENT_MEMORY,charged_atomic_model_steps,BOTH_ALL_EVENTS_ACCEPTED_TASK_PAIRS,160,41,1,1,1,1,,NOT_APPLICABLE,NOT_CONFIRMATORY__ZERO_DENOMINATOR_AND_FAILURE_HANDLING_NOT_RESULT_BLIND_FROZEN,PRE_R10_SUPPORTING_DESCRIPTIVE_RESULT_AWARE__NO_NEW_CONFIRMATORY_INFERENCE
24,E2_ROLLING__DT-RAMDE_TS2_FULL__VS__NO_EXECUTION_FEEDBACK,E2_ROLLING,DT-RAMDE_TS2_FULL,NO_EXECUTION_FEEDBACK,wall_seconds,ALL_COMPLETED_TASK_PAIRS,160,160,0.9736453183698669,0.96757287134428593,0.89350417431954388,1.1226537267185488,1.5,AT_OR_BELOW_POINT_MARGIN,NOT_CONFIRMATORY__ZERO_DENOMINATOR_AND_FAILURE_HANDLING_NOT_RESULT_BLIND_FROZEN,PRE_R10_SUPPORTING_DESCRIPTIVE_RESULT_AWARE__NO_NEW_CONFIRMATORY_INFERENCE
24,E2_ROLLING__DT-RAMDE_TS2_FULL__VS__NO_EXECUTION_FEEDBACK,E2_ROLLING,DT-RAMDE_TS2_FULL,NO_EXECUTION_FEEDBACK,wall_seconds,EQUAL_CHARGED_WORK_TASK_PAIRS,160,160,0.9736453183698669,0.96757287134428593,0.89350417431954388,1.1226537267185488,1.5,AT_OR_BELOW_POINT_MARGIN,NOT_CONFIRMATORY__ZERO_DENOMINATOR_AND_FAILURE_HANDLING_NOT_RESULT_BLIND_FROZEN,PRE_R10_SUPPORTING_DESCRIPTIVE_RESULT_AWARE__NO_NEW_CONFIRMATORY_INFERENCE
24,E2_ROLLING__DT-RAMDE_TS2_FULL__VS__NO_EXECUTION_FEEDBACK,E2_ROLLING,DT-RAMDE_TS2_FULL,NO_EXECUTION_FEEDBACK,wall_seconds,BOTH_ALL_EVENTS_ACCEPTED_TASK_PAIRS,160,36,0.96064114506032805,0.96553118423314355,0.91782478954682878,1.0149080216773845,1.5,AT_OR_BELOW_POINT_MARGIN,NOT_CONFIRMATORY__ZERO_DENOMINATOR_AND_FAILURE_HANDLING_NOT_RESULT_BLIND_FROZEN,PRE_R10_SUPPORTING_DESCRIPTIVE_RESULT_AWARE__NO_NEW_CONFIRMATORY_INFERENCE
24,E2_ROLLING__DT-RAMDE_TS2_FULL__VS__NO_EXECUTION_FEEDBACK,E2_ROLLING,DT-RAMDE_TS2_FULL,NO_EXECUTION_FEEDBACK,cpu_seconds,ALL_COMPLETED_TASK_PAIRS,160,160,0.97263771096329221,0.96923318864848507,0.89447957574703285,1.1231007120710095,,NOT_APPLICABLE,NOT_CONFIRMATORY__ZERO_DENOMINATOR_AND_FAILURE_HANDLING_NOT_RESULT_BLIND_FROZEN,PRE_R10_SUPPORTING_DESCRIPTIVE_RESULT_AWARE__NO_NEW_CONFIRMATORY_INFERENCE
24,E2_ROLLING__DT-RAMDE_TS2_FULL__VS__NO_EXECUTION_FEEDBACK,E2_ROLLING,DT-RAMDE_TS2_FULL,NO_EXECUTION_FEEDBACK,cpu_seconds,EQUAL_CHARGED_WORK_TASK_PAIRS,160,160,0.97263771096329221,0.96923318864848507,0.89447957574703285,1.1231007120710095,,NOT_APPLICABLE,NOT_CONFIRMATORY__ZERO_DENOMINATOR_AND_FAILURE_HANDLING_NOT_RESULT_BLIND_FROZEN,PRE_R10_SUPPORTING_DESCRIPTIVE_RESULT_AWARE__NO_NEW_CONFIRMATORY_INFERENCE
24,E2_ROLLING__DT-RAMDE_TS2_FULL__VS__NO_EXECUTION_FEEDBACK,E2_ROLLING,DT-RAMDE_TS2_FULL,NO_EXECUTION_FEEDBACK,cpu_seconds,BOTH_ALL_EVENTS_ACCEPTED_TASK_PAIRS,160,36,0.96029379701706208,0.96056696300863087,0.91575789927548179,1.0258488144389524,,NOT_APPLICABLE,NOT_CONFIRMATORY__ZERO_DENOMINATOR_AND_FAILURE_HANDLING_NOT_RESULT_BLIND_FROZEN,PRE_R10_SUPPORTING_DESCRIPTIVE_RESULT_AWARE__NO_NEW_CONFIRMATORY_INFERENCE
24,E2_ROLLING__DT-RAMDE_TS2_FULL__VS__NO_EXECUTION_FEEDBACK,E2_ROLLING,DT-RAMDE_TS2_FULL,NO_EXECUTION_FEEDBACK,peak_rss_bytes,ALL_COMPLETED_TASK_PAIRS,160,160,0.99615749280647947,0.99633989675210233,0.95583461927313362,1.038372859025033,2,AT_OR_BELOW_POINT_MARGIN,NOT_CONFIRMATORY__ZERO_DENOMINATOR_AND_FAILURE_HANDLING_NOT_RESULT_BLIND_FROZEN,PRE_R10_SUPPORTING_DESCRIPTIVE_RESULT_AWARE__NO_NEW_CONFIRMATORY_INFERENCE
24,E2_ROLLING__DT-RAMDE_TS2_FULL__VS__NO_EXECUTION_FEEDBACK,E2_ROLLING,DT-RAMDE_TS2_FULL,NO_EXECUTION_FEEDBACK,peak_rss_bytes,EQUAL_CHARGED_WORK_TASK_PAIRS,160,160,0.99615749280647947,0.99633989675210233,0.95583461927313362,1.038372859025033,2,AT_OR_BELOW_POINT_MARGIN,NOT_CONFIRMATORY__ZERO_DENOMINATOR_AND_FAILURE_HANDLING_NOT_RESULT_BLIND_FROZEN,PRE_R10_SUPPORTING_DESCRIPTIVE_RESULT_AWARE__NO_NEW_CONFIRMATORY_INFERENCE
24,E2_ROLLING__DT-RAMDE_TS2_FULL__VS__NO_EXECUTION_FEEDBACK,E2_ROLLING,DT-RAMDE_TS2_FULL,NO_EXECUTION_FEEDBACK,peak_rss_bytes,BOTH_ALL_EVENTS_ACCEPTED_TASK_PAIRS,160,36,0.99442533868707439,0.99619708628775028,0.97715856818061653,1.0113857112022449,2,AT_OR_BELOW_POINT_MARGIN,NOT_CONFIRMATORY__ZERO_DENOMINATOR_AND_FAILURE_HANDLING_NOT_RESULT_BLIND_FROZEN,PRE_R10_SUPPORTING_DESCRIPTIVE_RESULT_AWARE__NO_NEW_CONFIRMATORY_INFERENCE
24,E2_ROLLING__DT-RAMDE_TS2_FULL__VS__NO_EXECUTION_FEEDBACK,E2_ROLLING,DT-RAMDE_TS2_FULL,NO_EXECUTION_FEEDBACK,output_bytes,ALL_COMPLETED_TASK_PAIRS,160,160,1.005174937125932,1.0052714834542753,1.0039858491425324,1.0056390240879645,,NOT_APPLICABLE,NOT_CONFIRMATORY__ZERO_DENOMINATOR_AND_FAILURE_HANDLING_NOT_RESULT_BLIND_FROZEN,PRE_R10_SUPPORTING_DESCRIPTIVE_RESULT_AWARE__NO_NEW_CONFIRMATORY_INFERENCE
24,E2_ROLLING__DT-RAMDE_TS2_FULL__VS__NO_EXECUTION_FEEDBACK,E2_ROLLING,DT-RAMDE_TS2_FULL,NO_EXECUTION_FEEDBACK,output_bytes,EQUAL_CHARGED_WORK_TASK_PAIRS,160,160,1.005174937125932,1.0052714834542753,1.0039858491425324,1.0056390240879645,,NOT_APPLICABLE,NOT_CONFIRMATORY__ZERO_DENOMINATOR_AND_FAILURE_HANDLING_NOT_RESULT_BLIND_FROZEN,PRE_R10_SUPPORTING_DESCRIPTIVE_RESULT_AWARE__NO_NEW_CONFIRMATORY_INFERENCE
24,E2_ROLLING__DT-RAMDE_TS2_FULL__VS__NO_EXECUTION_FEEDBACK,E2_ROLLING,DT-RAMDE_TS2_FULL,NO_EXECUTION_FEEDBACK,output_bytes,BOTH_ALL_EVENTS_ACCEPTED_TASK_PAIRS,160,36,1.0055573660424855,1.0056021834356361,1.0052597563009966,1.0056390240879645,,NOT_APPLICABLE,NOT_CONFIRMATORY__ZERO_DENOMINATOR_AND_FAILURE_HANDLING_NOT_RESULT_BLIND_FROZEN,PRE_R10_SUPPORTING_DESCRIPTIVE_RESULT_AWARE__NO_NEW_CONFIRMATORY_INFERENCE
24,E2_ROLLING__DT-RAMDE_TS2_FULL__VS__NO_EXECUTION_FEEDBACK,E2_ROLLING,DT-RAMDE_TS2_FULL,NO_EXECUTION_FEEDBACK,charged_cfe,ALL_COMPLETED_TASK_PAIRS,160,160,1,1,1,1,,NOT_APPLICABLE,NOT_CONFIRMATORY__ZERO_DENOMINATOR_AND_FAILURE_HANDLING_NOT_RESULT_BLIND_FROZEN,PRE_R10_SUPPORTING_DESCRIPTIVE_RESULT_AWARE__NO_NEW_CONFIRMATORY_INFERENCE
24,E2_ROLLING__DT-RAMDE_TS2_FULL__VS__NO_EXECUTION_FEEDBACK,E2_ROLLING,DT-RAMDE_TS2_FULL,NO_EXECUTION_FEEDBACK,charged_cfe,EQUAL_CHARGED_WORK_TASK_PAIRS,160,160,1,1,1,1,,NOT_APPLICABLE,NOT_CONFIRMATORY__ZERO_DENOMINATOR_AND_FAILURE_HANDLING_NOT_RESULT_BLIND_FROZEN,PRE_R10_SUPPORTING_DESCRIPTIVE_RESULT_AWARE__NO_NEW_CONFIRMATORY_INFERENCE
24,E2_ROLLING__DT-RAMDE_TS2_FULL__VS__NO_EXECUTION_FEEDBACK,E2_ROLLING,DT-RAMDE_TS2_FULL,NO_EXECUTION_FEEDBACK,charged_cfe,BOTH_ALL_EVENTS_ACCEPTED_TASK_PAIRS,160,36,1,1,1,1,,NOT_APPLICABLE,NOT_CONFIRMATORY__ZERO_DENOMINATOR_AND_FAILURE_HANDLING_NOT_RESULT_BLIND_FROZEN,PRE_R10_SUPPORTING_DESCRIPTIVE_RESULT_AWARE__NO_NEW_CONFIRMATORY_INFERENCE
24,E2_ROLLING__DT-RAMDE_TS2_FULL__VS__NO_EXECUTION_FEEDBACK,E2_ROLLING,DT-RAMDE_TS2_FULL,NO_EXECUTION_FEEDBACK,charged_atomic_model_steps,ALL_COMPLETED_TASK_PAIRS,160,160,1,1,1,1,,NOT_APPLICABLE,NOT_CONFIRMATORY__ZERO_DENOMINATOR_AND_FAILURE_HANDLING_NOT_RESULT_BLIND_FROZEN,PRE_R10_SUPPORTING_DESCRIPTIVE_RESULT_AWARE__NO_NEW_CONFIRMATORY_INFERENCE
24,E2_ROLLING__DT-RAMDE_TS2_FULL__VS__NO_EXECUTION_FEEDBACK,E2_ROLLING,DT-RAMDE_TS2_FULL,NO_EXECUTION_FEEDBACK,charged_atomic_model_steps,EQUAL_CHARGED_WORK_TASK_PAIRS,160,160,1,1,1,1,,NOT_APPLICABLE,NOT_CONFIRMATORY__ZERO_DENOMINATOR_AND_FAILURE_HANDLING_NOT_RESULT_BLIND_FROZEN,PRE_R10_SUPPORTING_DESCRIPTIVE_RESULT_AWARE__NO_NEW_CONFIRMATORY_INFERENCE
24,E2_ROLLING__DT-RAMDE_TS2_FULL__VS__NO_EXECUTION_FEEDBACK,E2_ROLLING,DT-RAMDE_TS2_FULL,NO_EXECUTION_FEEDBACK,charged_atomic_model_steps,BOTH_ALL_EVENTS_ACCEPTED_TASK_PAIRS,160,36,1,1,1,1,,NOT_APPLICABLE,NOT_CONFIRMATORY__ZERO_DENOMINATOR_AND_FAILURE_HANDLING_NOT_RESULT_BLIND_FROZEN,PRE_R10_SUPPORTING_DESCRIPTIVE_RESULT_AWARE__NO_NEW_CONFIRMATORY_INFERENCE
25,E2_ROLLING__DT-RAMDE_TS2_FULL__VS__NO_REJECTION_CREDIT,E2_ROLLING,DT-RAMDE_TS2_FULL,NO_REJECTION_CREDIT,wall_seconds,ALL_COMPLETED_TASK_PAIRS,160,160,0.99637273911086821,0.99981527746922416,0.89280252355007772,1.122687258661127,1.5,AT_OR_BELOW_POINT_MARGIN,NOT_CONFIRMATORY__ZERO_DENOMINATOR_AND_FAILURE_HANDLING_NOT_RESULT_BLIND_FROZEN,PRE_R10_SUPPORTING_DESCRIPTIVE_RESULT_AWARE__NO_NEW_CONFIRMATORY_INFERENCE
25,E2_ROLLING__DT-RAMDE_TS2_FULL__VS__NO_REJECTION_CREDIT,E2_ROLLING,DT-RAMDE_TS2_FULL,NO_REJECTION_CREDIT,wall_seconds,EQUAL_CHARGED_WORK_TASK_PAIRS,160,160,0.99637273911086821,0.99981527746922416,0.89280252355007772,1.122687258661127,1.5,AT_OR_BELOW_POINT_MARGIN,NOT_CONFIRMATORY__ZERO_DENOMINATOR_AND_FAILURE_HANDLING_NOT_RESULT_BLIND_FROZEN,PRE_R10_SUPPORTING_DESCRIPTIVE_RESULT_AWARE__NO_NEW_CONFIRMATORY_INFERENCE
25,E2_ROLLING__DT-RAMDE_TS2_FULL__VS__NO_REJECTION_CREDIT,E2_ROLLING,DT-RAMDE_TS2_FULL,NO_REJECTION_CREDIT,wall_seconds,BOTH_ALL_EVENTS_ACCEPTED_TASK_PAIRS,160,39,0.9978141956688692,1.0000906670072554,0.91855364886769819,1.0491175350489284,1.5,AT_OR_BELOW_POINT_MARGIN,NOT_CONFIRMATORY__ZERO_DENOMINATOR_AND_FAILURE_HANDLING_NOT_RESULT_BLIND_FROZEN,PRE_R10_SUPPORTING_DESCRIPTIVE_RESULT_AWARE__NO_NEW_CONFIRMATORY_INFERENCE
25,E2_ROLLING__DT-RAMDE_TS2_FULL__VS__NO_REJECTION_CREDIT,E2_ROLLING,DT-RAMDE_TS2_FULL,NO_REJECTION_CREDIT,cpu_seconds,ALL_COMPLETED_TASK_PAIRS,160,160,0.99614204393862804,0.99652585436020713,0.89246735110153774,1.1234892279407671,,NOT_APPLICABLE,NOT_CONFIRMATORY__ZERO_DENOMINATOR_AND_FAILURE_HANDLING_NOT_RESULT_BLIND_FROZEN,PRE_R10_SUPPORTING_DESCRIPTIVE_RESULT_AWARE__NO_NEW_CONFIRMATORY_INFERENCE
25,E2_ROLLING__DT-RAMDE_TS2_FULL__VS__NO_REJECTION_CREDIT,E2_ROLLING,DT-RAMDE_TS2_FULL,NO_REJECTION_CREDIT,cpu_seconds,EQUAL_CHARGED_WORK_TASK_PAIRS,160,160,0.99614204393862804,0.99652585436020713,0.89246735110153774,1.1234892279407671,,NOT_APPLICABLE,NOT_CONFIRMATORY__ZERO_DENOMINATOR_AND_FAILURE_HANDLING_NOT_RESULT_BLIND_FROZEN,PRE_R10_SUPPORTING_DESCRIPTIVE_RESULT_AWARE__NO_NEW_CONFIRMATORY_INFERENCE
25,E2_ROLLING__DT-RAMDE_TS2_FULL__VS__NO_REJECTION_CREDIT,E2_ROLLING,DT-RAMDE_TS2_FULL,NO_REJECTION_CREDIT,cpu_seconds,BOTH_ALL_EVENTS_ACCEPTED_TASK_PAIRS,160,39,0.99780921045511362,0.99834783795853044,0.91576917526683288,1.0498178309217876,,NOT_APPLICABLE,NOT_CONFIRMATORY__ZERO_DENOMINATOR_AND_FAILURE_HANDLING_NOT_RESULT_BLIND_FROZEN,PRE_R10_SUPPORTING_DESCRIPTIVE_RESULT_AWARE__NO_NEW_CONFIRMATORY_INFERENCE
25,E2_ROLLING__DT-RAMDE_TS2_FULL__VS__NO_REJECTION_CREDIT,E2_ROLLING,DT-RAMDE_TS2_FULL,NO_REJECTION_CREDIT,peak_rss_bytes,ALL_COMPLETED_TASK_PAIRS,160,160,0.99918609565159677,0.99994723768088234,0.96534626491581754,1.0350205198358413,2,AT_OR_BELOW_POINT_MARGIN,NOT_CONFIRMATORY__ZERO_DENOMINATOR_AND_FAILURE_HANDLING_NOT_RESULT_BLIND_FROZEN,PRE_R10_SUPPORTING_DESCRIPTIVE_RESULT_AWARE__NO_NEW_CONFIRMATORY_INFERENCE
25,E2_ROLLING__DT-RAMDE_TS2_FULL__VS__NO_REJECTION_CREDIT,E2_ROLLING,DT-RAMDE_TS2_FULL,NO_REJECTION_CREDIT,peak_rss_bytes,EQUAL_CHARGED_WORK_TASK_PAIRS,160,160,0.99918609565159677,0.99994723768088234,0.96534626491581754,1.0350205198358413,2,AT_OR_BELOW_POINT_MARGIN,NOT_CONFIRMATORY__ZERO_DENOMINATOR_AND_FAILURE_HANDLING_NOT_RESULT_BLIND_FROZEN,PRE_R10_SUPPORTING_DESCRIPTIVE_RESULT_AWARE__NO_NEW_CONFIRMATORY_INFERENCE
25,E2_ROLLING__DT-RAMDE_TS2_FULL__VS__NO_REJECTION_CREDIT,E2_ROLLING,DT-RAMDE_TS2_FULL,NO_REJECTION_CREDIT,peak_rss_bytes,BOTH_ALL_EVENTS_ACCEPTED_TASK_PAIRS,160,39,1.0000595817786089,1.0002129245182583,0.98301926966890241,1.0138807324755752,2,AT_OR_BELOW_POINT_MARGIN,NOT_CONFIRMATORY__ZERO_DENOMINATOR_AND_FAILURE_HANDLING_NOT_RESULT_BLIND_FROZEN,PRE_R10_SUPPORTING_DESCRIPTIVE_RESULT_AWARE__NO_NEW_CONFIRMATORY_INFERENCE
25,E2_ROLLING__DT-RAMDE_TS2_FULL__VS__NO_REJECTION_CREDIT,E2_ROLLING,DT-RAMDE_TS2_FULL,NO_REJECTION_CREDIT,output_bytes,ALL_COMPLETED_TASK_PAIRS,160,160,0.99998793523349228,0.99995333113091545,0.99939709280872246,1.0008999324143499,,NOT_APPLICABLE,NOT_CONFIRMATORY__ZERO_DENOMINATOR_AND_FAILURE_HANDLING_NOT_RESULT_BLIND_FROZEN,PRE_R10_SUPPORTING_DESCRIPTIVE_RESULT_AWARE__NO_NEW_CONFIRMATORY_INFERENCE
25,E2_ROLLING__DT-RAMDE_TS2_FULL__VS__NO_REJECTION_CREDIT,E2_ROLLING,DT-RAMDE_TS2_FULL,NO_REJECTION_CREDIT,output_bytes,EQUAL_CHARGED_WORK_TASK_PAIRS,160,160,0.99998793523349228,0.99995333113091545,0.99939709280872246,1.0008999324143499,,NOT_APPLICABLE,NOT_CONFIRMATORY__ZERO_DENOMINATOR_AND_FAILURE_HANDLING_NOT_RESULT_BLIND_FROZEN,PRE_R10_SUPPORTING_DESCRIPTIVE_RESULT_AWARE__NO_NEW_CONFIRMATORY_INFERENCE
25,E2_ROLLING__DT-RAMDE_TS2_FULL__VS__NO_REJECTION_CREDIT,E2_ROLLING,DT-RAMDE_TS2_FULL,NO_REJECTION_CREDIT,output_bytes,BOTH_ALL_EVENTS_ACCEPTED_TASK_PAIRS,160,39,0.9999503391355119,0.99995106732139794,0.99991210519829787,0.99999637531772601,,NOT_APPLICABLE,NOT_CONFIRMATORY__ZERO_DENOMINATOR_AND_FAILURE_HANDLING_NOT_RESULT_BLIND_FROZEN,PRE_R10_SUPPORTING_DESCRIPTIVE_RESULT_AWARE__NO_NEW_CONFIRMATORY_INFERENCE
25,E2_ROLLING__DT-RAMDE_TS2_FULL__VS__NO_REJECTION_CREDIT,E2_ROLLING,DT-RAMDE_TS2_FULL,NO_REJECTION_CREDIT,charged_cfe,ALL_COMPLETED_TASK_PAIRS,160,160,1,1,1,1,,NOT_APPLICABLE,NOT_CONFIRMATORY__ZERO_DENOMINATOR_AND_FAILURE_HANDLING_NOT_RESULT_BLIND_FROZEN,PRE_R10_SUPPORTING_DESCRIPTIVE_RESULT_AWARE__NO_NEW_CONFIRMATORY_INFERENCE
25,E2_ROLLING__DT-RAMDE_TS2_FULL__VS__NO_REJECTION_CREDIT,E2_ROLLING,DT-RAMDE_TS2_FULL,NO_REJECTION_CREDIT,charged_cfe,EQUAL_CHARGED_WORK_TASK_PAIRS,160,160,1,1,1,1,,NOT_APPLICABLE,NOT_CONFIRMATORY__ZERO_DENOMINATOR_AND_FAILURE_HANDLING_NOT_RESULT_BLIND_FROZEN,PRE_R10_SUPPORTING_DESCRIPTIVE_RESULT_AWARE__NO_NEW_CONFIRMATORY_INFERENCE
25,E2_ROLLING__DT-RAMDE_TS2_FULL__VS__NO_REJECTION_CREDIT,E2_ROLLING,DT-RAMDE_TS2_FULL,NO_REJECTION_CREDIT,charged_cfe,BOTH_ALL_EVENTS_ACCEPTED_TASK_PAIRS,160,39,1,1,1,1,,NOT_APPLICABLE,NOT_CONFIRMATORY__ZERO_DENOMINATOR_AND_FAILURE_HANDLING_NOT_RESULT_BLIND_FROZEN,PRE_R10_SUPPORTING_DESCRIPTIVE_RESULT_AWARE__NO_NEW_CONFIRMATORY_INFERENCE
25,E2_ROLLING__DT-RAMDE_TS2_FULL__VS__NO_REJECTION_CREDIT,E2_ROLLING,DT-RAMDE_TS2_FULL,NO_REJECTION_CREDIT,charged_atomic_model_steps,ALL_COMPLETED_TASK_PAIRS,160,160,1,1,1,1,,NOT_APPLICABLE,NOT_CONFIRMATORY__ZERO_DENOMINATOR_AND_FAILURE_HANDLING_NOT_RESULT_BLIND_FROZEN,PRE_R10_SUPPORTING_DESCRIPTIVE_RESULT_AWARE__NO_NEW_CONFIRMATORY_INFERENCE
25,E2_ROLLING__DT-RAMDE_TS2_FULL__VS__NO_REJECTION_CREDIT,E2_ROLLING,DT-RAMDE_TS2_FULL,NO_REJECTION_CREDIT,charged_atomic_model_steps,EQUAL_CHARGED_WORK_TASK_PAIRS,160,160,1,1,1,1,,NOT_APPLICABLE,NOT_CONFIRMATORY__ZERO_DENOMINATOR_AND_FAILURE_HANDLING_NOT_RESULT_BLIND_FROZEN,PRE_R10_SUPPORTING_DESCRIPTIVE_RESULT_AWARE__NO_NEW_CONFIRMATORY_INFERENCE
25,E2_ROLLING__DT-RAMDE_TS2_FULL__VS__NO_REJECTION_CREDIT,E2_ROLLING,DT-RAMDE_TS2_FULL,NO_REJECTION_CREDIT,charged_atomic_model_steps,BOTH_ALL_EVENTS_ACCEPTED_TASK_PAIRS,160,39,1,1,1,1,,NOT_APPLICABLE,NOT_CONFIRMATORY__ZERO_DENOMINATOR_AND_FAILURE_HANDLING_NOT_RESULT_BLIND_FROZEN,PRE_R10_SUPPORTING_DESCRIPTIVE_RESULT_AWARE__NO_NEW_CONFIRMATORY_INFERENCE
26,E2_ROLLING__DT-RAMDE_TS2_FULL__VS__NO_MEMORY_RESET_GATE,E2_ROLLING,DT-RAMDE_TS2_FULL,NO_MEMORY_RESET_GATE,wall_seconds,ALL_COMPLETED_TASK_PAIRS,160,160,0.97432868863625599,0.96766095320065748,0.89237521662841479,1.0998426289814722,1.5,AT_OR_BELOW_POINT_MARGIN,NOT_CONFIRMATORY__ZERO_DENOMINATOR_AND_FAILURE_HANDLING_NOT_RESULT_BLIND_FROZEN,PRE_R10_SUPPORTING_DESCRIPTIVE_RESULT_AWARE__NO_NEW_CONFIRMATORY_INFERENCE
26,E2_ROLLING__DT-RAMDE_TS2_FULL__VS__NO_MEMORY_RESET_GATE,E2_ROLLING,DT-RAMDE_TS2_FULL,NO_MEMORY_RESET_GATE,wall_seconds,EQUAL_CHARGED_WORK_TASK_PAIRS,160,160,0.97432868863625599,0.96766095320065748,0.89237521662841479,1.0998426289814722,1.5,AT_OR_BELOW_POINT_MARGIN,NOT_CONFIRMATORY__ZERO_DENOMINATOR_AND_FAILURE_HANDLING_NOT_RESULT_BLIND_FROZEN,PRE_R10_SUPPORTING_DESCRIPTIVE_RESULT_AWARE__NO_NEW_CONFIRMATORY_INFERENCE
26,E2_ROLLING__DT-RAMDE_TS2_FULL__VS__NO_MEMORY_RESET_GATE,E2_ROLLING,DT-RAMDE_TS2_FULL,NO_MEMORY_RESET_GATE,wall_seconds,BOTH_ALL_EVENTS_ACCEPTED_TASK_PAIRS,160,36,0.96295799300861762,0.96557387647817206,0.9175508972100398,1.017361292114348,1.5,AT_OR_BELOW_POINT_MARGIN,NOT_CONFIRMATORY__ZERO_DENOMINATOR_AND_FAILURE_HANDLING_NOT_RESULT_BLIND_FROZEN,PRE_R10_SUPPORTING_DESCRIPTIVE_RESULT_AWARE__NO_NEW_CONFIRMATORY_INFERENCE
26,E2_ROLLING__DT-RAMDE_TS2_FULL__VS__NO_MEMORY_RESET_GATE,E2_ROLLING,DT-RAMDE_TS2_FULL,NO_MEMORY_RESET_GATE,cpu_seconds,ALL_COMPLETED_TASK_PAIRS,160,160,0.97281798866246127,0.97112289720362088,0.89294986505148133,1.0947961229030794,,NOT_APPLICABLE,NOT_CONFIRMATORY__ZERO_DENOMINATOR_AND_FAILURE_HANDLING_NOT_RESULT_BLIND_FROZEN,PRE_R10_SUPPORTING_DESCRIPTIVE_RESULT_AWARE__NO_NEW_CONFIRMATORY_INFERENCE
26,E2_ROLLING__DT-RAMDE_TS2_FULL__VS__NO_MEMORY_RESET_GATE,E2_ROLLING,DT-RAMDE_TS2_FULL,NO_MEMORY_RESET_GATE,cpu_seconds,EQUAL_CHARGED_WORK_TASK_PAIRS,160,160,0.97281798866246127,0.97112289720362088,0.89294986505148133,1.0947961229030794,,NOT_APPLICABLE,NOT_CONFIRMATORY__ZERO_DENOMINATOR_AND_FAILURE_HANDLING_NOT_RESULT_BLIND_FROZEN,PRE_R10_SUPPORTING_DESCRIPTIVE_RESULT_AWARE__NO_NEW_CONFIRMATORY_INFERENCE
26,E2_ROLLING__DT-RAMDE_TS2_FULL__VS__NO_MEMORY_RESET_GATE,E2_ROLLING,DT-RAMDE_TS2_FULL,NO_MEMORY_RESET_GATE,cpu_seconds,BOTH_ALL_EVENTS_ACCEPTED_TASK_PAIRS,160,36,0.96435337473285065,0.96321859266224674,0.92500046717442241,1.0235882121873152,,NOT_APPLICABLE,NOT_CONFIRMATORY__ZERO_DENOMINATOR_AND_FAILURE_HANDLING_NOT_RESULT_BLIND_FROZEN,PRE_R10_SUPPORTING_DESCRIPTIVE_RESULT_AWARE__NO_NEW_CONFIRMATORY_INFERENCE
26,E2_ROLLING__DT-RAMDE_TS2_FULL__VS__NO_MEMORY_RESET_GATE,E2_ROLLING,DT-RAMDE_TS2_FULL,NO_MEMORY_RESET_GATE,peak_rss_bytes,ALL_COMPLETED_TASK_PAIRS,160,160,0.99608830216613042,0.99647345390395747,0.96754651665945479,1.0454897192129118,2,AT_OR_BELOW_POINT_MARGIN,NOT_CONFIRMATORY__ZERO_DENOMINATOR_AND_FAILURE_HANDLING_NOT_RESULT_BLIND_FROZEN,PRE_R10_SUPPORTING_DESCRIPTIVE_RESULT_AWARE__NO_NEW_CONFIRMATORY_INFERENCE
26,E2_ROLLING__DT-RAMDE_TS2_FULL__VS__NO_MEMORY_RESET_GATE,E2_ROLLING,DT-RAMDE_TS2_FULL,NO_MEMORY_RESET_GATE,peak_rss_bytes,EQUAL_CHARGED_WORK_TASK_PAIRS,160,160,0.99608830216613042,0.99647345390395747,0.96754651665945479,1.0454897192129118,2,AT_OR_BELOW_POINT_MARGIN,NOT_CONFIRMATORY__ZERO_DENOMINATOR_AND_FAILURE_HANDLING_NOT_RESULT_BLIND_FROZEN,PRE_R10_SUPPORTING_DESCRIPTIVE_RESULT_AWARE__NO_NEW_CONFIRMATORY_INFERENCE
26,E2_ROLLING__DT-RAMDE_TS2_FULL__VS__NO_MEMORY_RESET_GATE,E2_ROLLING,DT-RAMDE_TS2_FULL,NO_MEMORY_RESET_GATE,peak_rss_bytes,BOTH_ALL_EVENTS_ACCEPTED_TASK_PAIRS,160,36,0.99570532111164967,0.99594416457860735,0.97574764873718689,1.011713966242479,2,AT_OR_BELOW_POINT_MARGIN,NOT_CONFIRMATORY__ZERO_DENOMINATOR_AND_FAILURE_HANDLING_NOT_RESULT_BLIND_FROZEN,PRE_R10_SUPPORTING_DESCRIPTIVE_RESULT_AWARE__NO_NEW_CONFIRMATORY_INFERENCE
26,E2_ROLLING__DT-RAMDE_TS2_FULL__VS__NO_MEMORY_RESET_GATE,E2_ROLLING,DT-RAMDE_TS2_FULL,NO_MEMORY_RESET_GATE,output_bytes,ALL_COMPLETED_TASK_PAIRS,160,160,1.0000089408503987,0.99996099808390537,0.99937625338618252,1.0009724264489108,,NOT_APPLICABLE,NOT_CONFIRMATORY__ZERO_DENOMINATOR_AND_FAILURE_HANDLING_NOT_RESULT_BLIND_FROZEN,PRE_R10_SUPPORTING_DESCRIPTIVE_RESULT_AWARE__NO_NEW_CONFIRMATORY_INFERENCE
26,E2_ROLLING__DT-RAMDE_TS2_FULL__VS__NO_MEMORY_RESET_GATE,E2_ROLLING,DT-RAMDE_TS2_FULL,NO_MEMORY_RESET_GATE,output_bytes,EQUAL_CHARGED_WORK_TASK_PAIRS,160,160,1.0000089408503987,0.99996099808390537,0.99937625338618252,1.0009724264489108,,NOT_APPLICABLE,NOT_CONFIRMATORY__ZERO_DENOMINATOR_AND_FAILURE_HANDLING_NOT_RESULT_BLIND_FROZEN,PRE_R10_SUPPORTING_DESCRIPTIVE_RESULT_AWARE__NO_NEW_CONFIRMATORY_INFERENCE
26,E2_ROLLING__DT-RAMDE_TS2_FULL__VS__NO_MEMORY_RESET_GATE,E2_ROLLING,DT-RAMDE_TS2_FULL,NO_MEMORY_RESET_GATE,output_bytes,BOTH_ALL_EVENTS_ACCEPTED_TASK_PAIRS,160,36,0.99995352816740013,0.99995331302005042,0.99990213836728736,1.0000099684634067,,NOT_APPLICABLE,NOT_CONFIRMATORY__ZERO_DENOMINATOR_AND_FAILURE_HANDLING_NOT_RESULT_BLIND_FROZEN,PRE_R10_SUPPORTING_DESCRIPTIVE_RESULT_AWARE__NO_NEW_CONFIRMATORY_INFERENCE
26,E2_ROLLING__DT-RAMDE_TS2_FULL__VS__NO_MEMORY_RESET_GATE,E2_ROLLING,DT-RAMDE_TS2_FULL,NO_MEMORY_RESET_GATE,charged_cfe,ALL_COMPLETED_TASK_PAIRS,160,160,1,1,1,1,,NOT_APPLICABLE,NOT_CONFIRMATORY__ZERO_DENOMINATOR_AND_FAILURE_HANDLING_NOT_RESULT_BLIND_FROZEN,PRE_R10_SUPPORTING_DESCRIPTIVE_RESULT_AWARE__NO_NEW_CONFIRMATORY_INFERENCE
26,E2_ROLLING__DT-RAMDE_TS2_FULL__VS__NO_MEMORY_RESET_GATE,E2_ROLLING,DT-RAMDE_TS2_FULL,NO_MEMORY_RESET_GATE,charged_cfe,EQUAL_CHARGED_WORK_TASK_PAIRS,160,160,1,1,1,1,,NOT_APPLICABLE,NOT_CONFIRMATORY__ZERO_DENOMINATOR_AND_FAILURE_HANDLING_NOT_RESULT_BLIND_FROZEN,PRE_R10_SUPPORTING_DESCRIPTIVE_RESULT_AWARE__NO_NEW_CONFIRMATORY_INFERENCE
26,E2_ROLLING__DT-RAMDE_TS2_FULL__VS__NO_MEMORY_RESET_GATE,E2_ROLLING,DT-RAMDE_TS2_FULL,NO_MEMORY_RESET_GATE,charged_cfe,BOTH_ALL_EVENTS_ACCEPTED_TASK_PAIRS,160,36,1,1,1,1,,NOT_APPLICABLE,NOT_CONFIRMATORY__ZERO_DENOMINATOR_AND_FAILURE_HANDLING_NOT_RESULT_BLIND_FROZEN,PRE_R10_SUPPORTING_DESCRIPTIVE_RESULT_AWARE__NO_NEW_CONFIRMATORY_INFERENCE
26,E2_ROLLING__DT-RAMDE_TS2_FULL__VS__NO_MEMORY_RESET_GATE,E2_ROLLING,DT-RAMDE_TS2_FULL,NO_MEMORY_RESET_GATE,charged_atomic_model_steps,ALL_COMPLETED_TASK_PAIRS,160,160,1,1,1,1,,NOT_APPLICABLE,NOT_CONFIRMATORY__ZERO_DENOMINATOR_AND_FAILURE_HANDLING_NOT_RESULT_BLIND_FROZEN,PRE_R10_SUPPORTING_DESCRIPTIVE_RESULT_AWARE__NO_NEW_CONFIRMATORY_INFERENCE
26,E2_ROLLING__DT-RAMDE_TS2_FULL__VS__NO_MEMORY_RESET_GATE,E2_ROLLING,DT-RAMDE_TS2_FULL,NO_MEMORY_RESET_GATE,charged_atomic_model_steps,EQUAL_CHARGED_WORK_TASK_PAIRS,160,160,1,1,1,1,,NOT_APPLICABLE,NOT_CONFIRMATORY__ZERO_DENOMINATOR_AND_FAILURE_HANDLING_NOT_RESULT_BLIND_FROZEN,PRE_R10_SUPPORTING_DESCRIPTIVE_RESULT_AWARE__NO_NEW_CONFIRMATORY_INFERENCE
26,E2_ROLLING__DT-RAMDE_TS2_FULL__VS__NO_MEMORY_RESET_GATE,E2_ROLLING,DT-RAMDE_TS2_FULL,NO_MEMORY_RESET_GATE,charged_atomic_model_steps,BOTH_ALL_EVENTS_ACCEPTED_TASK_PAIRS,160,36,1,1,1,1,,NOT_APPLICABLE,NOT_CONFIRMATORY__ZERO_DENOMINATOR_AND_FAILURE_HANDLING_NOT_RESULT_BLIND_FROZEN,PRE_R10_SUPPORTING_DESCRIPTIVE_RESULT_AWARE__NO_NEW_CONFIRMATORY_INFERENCE
27,E2_ROLLING__DT-RAMDE_TS2_FULL__VS__NO_LINEAGE_CREDIT,E2_ROLLING,DT-RAMDE_TS2_FULL,NO_LINEAGE_CREDIT,wall_seconds,ALL_COMPLETED_TASK_PAIRS,160,160,1.0007411743857284,1.0006338989483685,0.90608446901448592,1.118821536551809,1.5,AT_OR_BELOW_POINT_MARGIN,NOT_CONFIRMATORY__ZERO_DENOMINATOR_AND_FAILURE_HANDLING_NOT_RESULT_BLIND_FROZEN,PRE_R10_SUPPORTING_DESCRIPTIVE_RESULT_AWARE__NO_NEW_CONFIRMATORY_INFERENCE
27,E2_ROLLING__DT-RAMDE_TS2_FULL__VS__NO_LINEAGE_CREDIT,E2_ROLLING,DT-RAMDE_TS2_FULL,NO_LINEAGE_CREDIT,wall_seconds,EQUAL_CHARGED_WORK_TASK_PAIRS,160,160,1.0007411743857284,1.0006338989483685,0.90608446901448592,1.118821536551809,1.5,AT_OR_BELOW_POINT_MARGIN,NOT_CONFIRMATORY__ZERO_DENOMINATOR_AND_FAILURE_HANDLING_NOT_RESULT_BLIND_FROZEN,PRE_R10_SUPPORTING_DESCRIPTIVE_RESULT_AWARE__NO_NEW_CONFIRMATORY_INFERENCE
27,E2_ROLLING__DT-RAMDE_TS2_FULL__VS__NO_LINEAGE_CREDIT,E2_ROLLING,DT-RAMDE_TS2_FULL,NO_LINEAGE_CREDIT,wall_seconds,BOTH_ALL_EVENTS_ACCEPTED_TASK_PAIRS,160,40,1.0011001530292833,1.000942604349996,0.95032918114902121,1.036318234042372,1.5,AT_OR_BELOW_POINT_MARGIN,NOT_CONFIRMATORY__ZERO_DENOMINATOR_AND_FAILURE_HANDLING_NOT_RESULT_BLIND_FROZEN,PRE_R10_SUPPORTING_DESCRIPTIVE_RESULT_AWARE__NO_NEW_CONFIRMATORY_INFERENCE
27,E2_ROLLING__DT-RAMDE_TS2_FULL__VS__NO_LINEAGE_CREDIT,E2_ROLLING,DT-RAMDE_TS2_FULL,NO_LINEAGE_CREDIT,cpu_seconds,ALL_COMPLETED_TASK_PAIRS,160,160,0.99997341792511274,0.99988441508081616,0.90061342951967127,1.1285144464904622,,NOT_APPLICABLE,NOT_CONFIRMATORY__ZERO_DENOMINATOR_AND_FAILURE_HANDLING_NOT_RESULT_BLIND_FROZEN,PRE_R10_SUPPORTING_DESCRIPTIVE_RESULT_AWARE__NO_NEW_CONFIRMATORY_INFERENCE
27,E2_ROLLING__DT-RAMDE_TS2_FULL__VS__NO_LINEAGE_CREDIT,E2_ROLLING,DT-RAMDE_TS2_FULL,NO_LINEAGE_CREDIT,cpu_seconds,EQUAL_CHARGED_WORK_TASK_PAIRS,160,160,0.99997341792511274,0.99988441508081616,0.90061342951967127,1.1285144464904622,,NOT_APPLICABLE,NOT_CONFIRMATORY__ZERO_DENOMINATOR_AND_FAILURE_HANDLING_NOT_RESULT_BLIND_FROZEN,PRE_R10_SUPPORTING_DESCRIPTIVE_RESULT_AWARE__NO_NEW_CONFIRMATORY_INFERENCE
27,E2_ROLLING__DT-RAMDE_TS2_FULL__VS__NO_LINEAGE_CREDIT,E2_ROLLING,DT-RAMDE_TS2_FULL,NO_LINEAGE_CREDIT,cpu_seconds,BOTH_ALL_EVENTS_ACCEPTED_TASK_PAIRS,160,40,1.0005851226621547,1.0006308252925415,0.958009404759394,1.0399136743588058,,NOT_APPLICABLE,NOT_CONFIRMATORY__ZERO_DENOMINATOR_AND_FAILURE_HANDLING_NOT_RESULT_BLIND_FROZEN,PRE_R10_SUPPORTING_DESCRIPTIVE_RESULT_AWARE__NO_NEW_CONFIRMATORY_INFERENCE
27,E2_ROLLING__DT-RAMDE_TS2_FULL__VS__NO_LINEAGE_CREDIT,E2_ROLLING,DT-RAMDE_TS2_FULL,NO_LINEAGE_CREDIT,peak_rss_bytes,ALL_COMPLETED_TASK_PAIRS,160,160,1.0009700510018016,1.0001886238649951,0.97199431134449188,1.0350205198358413,2,AT_OR_BELOW_POINT_MARGIN,NOT_CONFIRMATORY__ZERO_DENOMINATOR_AND_FAILURE_HANDLING_NOT_RESULT_BLIND_FROZEN,PRE_R10_SUPPORTING_DESCRIPTIVE_RESULT_AWARE__NO_NEW_CONFIRMATORY_INFERENCE
27,E2_ROLLING__DT-RAMDE_TS2_FULL__VS__NO_LINEAGE_CREDIT,E2_ROLLING,DT-RAMDE_TS2_FULL,NO_LINEAGE_CREDIT,peak_rss_bytes,EQUAL_CHARGED_WORK_TASK_PAIRS,160,160,1.0009700510018016,1.0001886238649951,0.97199431134449188,1.0350205198358413,2,AT_OR_BELOW_POINT_MARGIN,NOT_CONFIRMATORY__ZERO_DENOMINATOR_AND_FAILURE_HANDLING_NOT_RESULT_BLIND_FROZEN,PRE_R10_SUPPORTING_DESCRIPTIVE_RESULT_AWARE__NO_NEW_CONFIRMATORY_INFERENCE
27,E2_ROLLING__DT-RAMDE_TS2_FULL__VS__NO_LINEAGE_CREDIT,E2_ROLLING,DT-RAMDE_TS2_FULL,NO_LINEAGE_CREDIT,peak_rss_bytes,BOTH_ALL_EVENTS_ACCEPTED_TASK_PAIRS,160,40,1.0003632413639523,1,0.98366768196618004,1.0149415331312257,2,AT_OR_BELOW_POINT_MARGIN,NOT_CONFIRMATORY__ZERO_DENOMINATOR_AND_FAILURE_HANDLING_NOT_RESULT_BLIND_FROZEN,PRE_R10_SUPPORTING_DESCRIPTIVE_RESULT_AWARE__NO_NEW_CONFIRMATORY_INFERENCE
27,E2_ROLLING__DT-RAMDE_TS2_FULL__VS__NO_LINEAGE_CREDIT,E2_ROLLING,DT-RAMDE_TS2_FULL,NO_LINEAGE_CREDIT,output_bytes,ALL_COMPLETED_TASK_PAIRS,160,160,0.9999619749485068,0.99996103544232806,0.9988545786045433,1.0010623039931199,,NOT_APPLICABLE,NOT_CONFIRMATORY__ZERO_DENOMINATOR_AND_FAILURE_HANDLING_NOT_RESULT_BLIND_FROZEN,PRE_R10_SUPPORTING_DESCRIPTIVE_RESULT_AWARE__NO_NEW_CONFIRMATORY_INFERENCE
27,E2_ROLLING__DT-RAMDE_TS2_FULL__VS__NO_LINEAGE_CREDIT,E2_ROLLING,DT-RAMDE_TS2_FULL,NO_LINEAGE_CREDIT,output_bytes,EQUAL_CHARGED_WORK_TASK_PAIRS,160,160,0.9999619749485068,0.99996103544232806,0.9988545786045433,1.0010623039931199,,NOT_APPLICABLE,NOT_CONFIRMATORY__ZERO_DENOMINATOR_AND_FAILURE_HANDLING_NOT_RESULT_BLIND_FROZEN,PRE_R10_SUPPORTING_DESCRIPTIVE_RESULT_AWARE__NO_NEW_CONFIRMATORY_INFERENCE
27,E2_ROLLING__DT-RAMDE_TS2_FULL__VS__NO_LINEAGE_CREDIT,E2_ROLLING,DT-RAMDE_TS2_FULL,NO_LINEAGE_CREDIT,output_bytes,BOTH_ALL_EVENTS_ACCEPTED_TASK_PAIRS,160,40,0.99995491244956181,0.9999569569583503,0.99991753735738942,0.99998368857502484,,NOT_APPLICABLE,NOT_CONFIRMATORY__ZERO_DENOMINATOR_AND_FAILURE_HANDLING_NOT_RESULT_BLIND_FROZEN,PRE_R10_SUPPORTING_DESCRIPTIVE_RESULT_AWARE__NO_NEW_CONFIRMATORY_INFERENCE
27,E2_ROLLING__DT-RAMDE_TS2_FULL__VS__NO_LINEAGE_CREDIT,E2_ROLLING,DT-RAMDE_TS2_FULL,NO_LINEAGE_CREDIT,charged_cfe,ALL_COMPLETED_TASK_PAIRS,160,160,1,1,1,1,,NOT_APPLICABLE,NOT_CONFIRMATORY__ZERO_DENOMINATOR_AND_FAILURE_HANDLING_NOT_RESULT_BLIND_FROZEN,PRE_R10_SUPPORTING_DESCRIPTIVE_RESULT_AWARE__NO_NEW_CONFIRMATORY_INFERENCE
27,E2_ROLLING__DT-RAMDE_TS2_FULL__VS__NO_LINEAGE_CREDIT,E2_ROLLING,DT-RAMDE_TS2_FULL,NO_LINEAGE_CREDIT,charged_cfe,EQUAL_CHARGED_WORK_TASK_PAIRS,160,160,1,1,1,1,,NOT_APPLICABLE,NOT_CONFIRMATORY__ZERO_DENOMINATOR_AND_FAILURE_HANDLING_NOT_RESULT_BLIND_FROZEN,PRE_R10_SUPPORTING_DESCRIPTIVE_RESULT_AWARE__NO_NEW_CONFIRMATORY_INFERENCE
27,E2_ROLLING__DT-RAMDE_TS2_FULL__VS__NO_LINEAGE_CREDIT,E2_ROLLING,DT-RAMDE_TS2_FULL,NO_LINEAGE_CREDIT,charged_cfe,BOTH_ALL_EVENTS_ACCEPTED_TASK_PAIRS,160,40,1,1,1,1,,NOT_APPLICABLE,NOT_CONFIRMATORY__ZERO_DENOMINATOR_AND_FAILURE_HANDLING_NOT_RESULT_BLIND_FROZEN,PRE_R10_SUPPORTING_DESCRIPTIVE_RESULT_AWARE__NO_NEW_CONFIRMATORY_INFERENCE
27,E2_ROLLING__DT-RAMDE_TS2_FULL__VS__NO_LINEAGE_CREDIT,E2_ROLLING,DT-RAMDE_TS2_FULL,NO_LINEAGE_CREDIT,charged_atomic_model_steps,ALL_COMPLETED_TASK_PAIRS,160,160,1,1,1,1,,NOT_APPLICABLE,NOT_CONFIRMATORY__ZERO_DENOMINATOR_AND_FAILURE_HANDLING_NOT_RESULT_BLIND_FROZEN,PRE_R10_SUPPORTING_DESCRIPTIVE_RESULT_AWARE__NO_NEW_CONFIRMATORY_INFERENCE
27,E2_ROLLING__DT-RAMDE_TS2_FULL__VS__NO_LINEAGE_CREDIT,E2_ROLLING,DT-RAMDE_TS2_FULL,NO_LINEAGE_CREDIT,charged_atomic_model_steps,EQUAL_CHARGED_WORK_TASK_PAIRS,160,160,1,1,1,1,,NOT_APPLICABLE,NOT_CONFIRMATORY__ZERO_DENOMINATOR_AND_FAILURE_HANDLING_NOT_RESULT_BLIND_FROZEN,PRE_R10_SUPPORTING_DESCRIPTIVE_RESULT_AWARE__NO_NEW_CONFIRMATORY_INFERENCE
27,E2_ROLLING__DT-RAMDE_TS2_FULL__VS__NO_LINEAGE_CREDIT,E2_ROLLING,DT-RAMDE_TS2_FULL,NO_LINEAGE_CREDIT,charged_atomic_model_steps,BOTH_ALL_EVENTS_ACCEPTED_TASK_PAIRS,160,40,1,1,1,1,,NOT_APPLICABLE,NOT_CONFIRMATORY__ZERO_DENOMINATOR_AND_FAILURE_HANDLING_NOT_RESULT_BLIND_FROZEN,PRE_R10_SUPPORTING_DESCRIPTIVE_RESULT_AWARE__NO_NEW_CONFIRMATORY_INFERENCE
28,E2_ROLLING__DT-RAMDE_TS2_FULL__VS__CROSS_EVENT_WARM_START_ONLY,E2_ROLLING,DT-RAMDE_TS2_FULL,CROSS_EVENT_WARM_START_ONLY,wall_seconds,ALL_COMPLETED_TASK_PAIRS,160,160,1.0054046127463876,1.0018618365844238,0.91113009831681402,1.1225952347632278,1.5,AT_OR_BELOW_POINT_MARGIN,NOT_CONFIRMATORY__ZERO_DENOMINATOR_AND_FAILURE_HANDLING_NOT_RESULT_BLIND_FROZEN,PRE_R10_SUPPORTING_DESCRIPTIVE_RESULT_AWARE__NO_NEW_CONFIRMATORY_INFERENCE
28,E2_ROLLING__DT-RAMDE_TS2_FULL__VS__CROSS_EVENT_WARM_START_ONLY,E2_ROLLING,DT-RAMDE_TS2_FULL,CROSS_EVENT_WARM_START_ONLY,wall_seconds,EQUAL_CHARGED_WORK_TASK_PAIRS,160,160,1.0054046127463876,1.0018618365844238,0.91113009831681402,1.1225952347632278,1.5,AT_OR_BELOW_POINT_MARGIN,NOT_CONFIRMATORY__ZERO_DENOMINATOR_AND_FAILURE_HANDLING_NOT_RESULT_BLIND_FROZEN,PRE_R10_SUPPORTING_DESCRIPTIVE_RESULT_AWARE__NO_NEW_CONFIRMATORY_INFERENCE
28,E2_ROLLING__DT-RAMDE_TS2_FULL__VS__CROSS_EVENT_WARM_START_ONLY,E2_ROLLING,DT-RAMDE_TS2_FULL,CROSS_EVENT_WARM_START_ONLY,wall_seconds,BOTH_ALL_EVENTS_ACCEPTED_TASK_PAIRS,160,32,0.99924675795035434,1.0003671834411019,0.96574320717960471,1.0365514356862695,1.5,AT_OR_BELOW_POINT_MARGIN,NOT_CONFIRMATORY__ZERO_DENOMINATOR_AND_FAILURE_HANDLING_NOT_RESULT_BLIND_FROZEN,PRE_R10_SUPPORTING_DESCRIPTIVE_RESULT_AWARE__NO_NEW_CONFIRMATORY_INFERENCE
28,E2_ROLLING__DT-RAMDE_TS2_FULL__VS__CROSS_EVENT_WARM_START_ONLY,E2_ROLLING,DT-RAMDE_TS2_FULL,CROSS_EVENT_WARM_START_ONLY,cpu_seconds,ALL_COMPLETED_TASK_PAIRS,160,160,1.0052351723024548,1.0034229348476873,0.90178879785503607,1.1077509736678177,,NOT_APPLICABLE,NOT_CONFIRMATORY__ZERO_DENOMINATOR_AND_FAILURE_HANDLING_NOT_RESULT_BLIND_FROZEN,PRE_R10_SUPPORTING_DESCRIPTIVE_RESULT_AWARE__NO_NEW_CONFIRMATORY_INFERENCE
28,E2_ROLLING__DT-RAMDE_TS2_FULL__VS__CROSS_EVENT_WARM_START_ONLY,E2_ROLLING,DT-RAMDE_TS2_FULL,CROSS_EVENT_WARM_START_ONLY,cpu_seconds,EQUAL_CHARGED_WORK_TASK_PAIRS,160,160,1.0052351723024548,1.0034229348476873,0.90178879785503607,1.1077509736678177,,NOT_APPLICABLE,NOT_CONFIRMATORY__ZERO_DENOMINATOR_AND_FAILURE_HANDLING_NOT_RESULT_BLIND_FROZEN,PRE_R10_SUPPORTING_DESCRIPTIVE_RESULT_AWARE__NO_NEW_CONFIRMATORY_INFERENCE
28,E2_ROLLING__DT-RAMDE_TS2_FULL__VS__CROSS_EVENT_WARM_START_ONLY,E2_ROLLING,DT-RAMDE_TS2_FULL,CROSS_EVENT_WARM_START_ONLY,cpu_seconds,BOTH_ALL_EVENTS_ACCEPTED_TASK_PAIRS,160,32,1.0001584458804671,0.99796645451204191,0.97053542366731249,1.0414387016186379,,NOT_APPLICABLE,NOT_CONFIRMATORY__ZERO_DENOMINATOR_AND_FAILURE_HANDLING_NOT_RESULT_BLIND_FROZEN,PRE_R10_SUPPORTING_DESCRIPTIVE_RESULT_AWARE__NO_NEW_CONFIRMATORY_INFERENCE
28,E2_ROLLING__DT-RAMDE_TS2_FULL__VS__CROSS_EVENT_WARM_START_ONLY,E2_ROLLING,DT-RAMDE_TS2_FULL,CROSS_EVENT_WARM_START_ONLY,peak_rss_bytes,ALL_COMPLETED_TASK_PAIRS,160,160,1.0044206873791164,1.0041666282107224,0.97249742840127773,1.0419191362785061,2,AT_OR_BELOW_POINT_MARGIN,NOT_CONFIRMATORY__ZERO_DENOMINATOR_AND_FAILURE_HANDLING_NOT_RESULT_BLIND_FROZEN,PRE_R10_SUPPORTING_DESCRIPTIVE_RESULT_AWARE__NO_NEW_CONFIRMATORY_INFERENCE
28,E2_ROLLING__DT-RAMDE_TS2_FULL__VS__CROSS_EVENT_WARM_START_ONLY,E2_ROLLING,DT-RAMDE_TS2_FULL,CROSS_EVENT_WARM_START_ONLY,peak_rss_bytes,EQUAL_CHARGED_WORK_TASK_PAIRS,160,160,1.0044206873791164,1.0041666282107224,0.97249742840127773,1.0419191362785061,2,AT_OR_BELOW_POINT_MARGIN,NOT_CONFIRMATORY__ZERO_DENOMINATOR_AND_FAILURE_HANDLING_NOT_RESULT_BLIND_FROZEN,PRE_R10_SUPPORTING_DESCRIPTIVE_RESULT_AWARE__NO_NEW_CONFIRMATORY_INFERENCE
28,E2_ROLLING__DT-RAMDE_TS2_FULL__VS__CROSS_EVENT_WARM_START_ONLY,E2_ROLLING,DT-RAMDE_TS2_FULL,CROSS_EVENT_WARM_START_ONLY,peak_rss_bytes,BOTH_ALL_EVENTS_ACCEPTED_TASK_PAIRS,160,32,1.0040578272230285,1.0053841847263032,0.98974900924702769,1.0207561560252778,2,AT_OR_BELOW_POINT_MARGIN,NOT_CONFIRMATORY__ZERO_DENOMINATOR_AND_FAILURE_HANDLING_NOT_RESULT_BLIND_FROZEN,PRE_R10_SUPPORTING_DESCRIPTIVE_RESULT_AWARE__NO_NEW_CONFIRMATORY_INFERENCE
28,E2_ROLLING__DT-RAMDE_TS2_FULL__VS__CROSS_EVENT_WARM_START_ONLY,E2_ROLLING,DT-RAMDE_TS2_FULL,CROSS_EVENT_WARM_START_ONLY,output_bytes,ALL_COMPLETED_TASK_PAIRS,160,160,0.99997472619061822,0.99993657162377469,0.99924665823576608,1.0009733141391794,,NOT_APPLICABLE,NOT_CONFIRMATORY__ZERO_DENOMINATOR_AND_FAILURE_HANDLING_NOT_RESULT_BLIND_FROZEN,PRE_R10_SUPPORTING_DESCRIPTIVE_RESULT_AWARE__NO_NEW_CONFIRMATORY_INFERENCE
28,E2_ROLLING__DT-RAMDE_TS2_FULL__VS__CROSS_EVENT_WARM_START_ONLY,E2_ROLLING,DT-RAMDE_TS2_FULL,CROSS_EVENT_WARM_START_ONLY,output_bytes,EQUAL_CHARGED_WORK_TASK_PAIRS,160,160,0.99997472619061822,0.99993657162377469,0.99924665823576608,1.0009733141391794,,NOT_APPLICABLE,NOT_CONFIRMATORY__ZERO_DENOMINATOR_AND_FAILURE_HANDLING_NOT_RESULT_BLIND_FROZEN,PRE_R10_SUPPORTING_DESCRIPTIVE_RESULT_AWARE__NO_NEW_CONFIRMATORY_INFERENCE
28,E2_ROLLING__DT-RAMDE_TS2_FULL__VS__CROSS_EVENT_WARM_START_ONLY,E2_ROLLING,DT-RAMDE_TS2_FULL,CROSS_EVENT_WARM_START_ONLY,output_bytes,BOTH_ALL_EVENTS_ACCEPTED_TASK_PAIRS,160,32,0.99992976790514509,0.99993294371451835,0.99989488945270022,0.99996375376847535,,NOT_APPLICABLE,NOT_CONFIRMATORY__ZERO_DENOMINATOR_AND_FAILURE_HANDLING_NOT_RESULT_BLIND_FROZEN,PRE_R10_SUPPORTING_DESCRIPTIVE_RESULT_AWARE__NO_NEW_CONFIRMATORY_INFERENCE
28,E2_ROLLING__DT-RAMDE_TS2_FULL__VS__CROSS_EVENT_WARM_START_ONLY,E2_ROLLING,DT-RAMDE_TS2_FULL,CROSS_EVENT_WARM_START_ONLY,charged_cfe,ALL_COMPLETED_TASK_PAIRS,160,160,1,1,1,1,,NOT_APPLICABLE,NOT_CONFIRMATORY__ZERO_DENOMINATOR_AND_FAILURE_HANDLING_NOT_RESULT_BLIND_FROZEN,PRE_R10_SUPPORTING_DESCRIPTIVE_RESULT_AWARE__NO_NEW_CONFIRMATORY_INFERENCE
28,E2_ROLLING__DT-RAMDE_TS2_FULL__VS__CROSS_EVENT_WARM_START_ONLY,E2_ROLLING,DT-RAMDE_TS2_FULL,CROSS_EVENT_WARM_START_ONLY,charged_cfe,EQUAL_CHARGED_WORK_TASK_PAIRS,160,160,1,1,1,1,,NOT_APPLICABLE,NOT_CONFIRMATORY__ZERO_DENOMINATOR_AND_FAILURE_HANDLING_NOT_RESULT_BLIND_FROZEN,PRE_R10_SUPPORTING_DESCRIPTIVE_RESULT_AWARE__NO_NEW_CONFIRMATORY_INFERENCE
28,E2_ROLLING__DT-RAMDE_TS2_FULL__VS__CROSS_EVENT_WARM_START_ONLY,E2_ROLLING,DT-RAMDE_TS2_FULL,CROSS_EVENT_WARM_START_ONLY,charged_cfe,BOTH_ALL_EVENTS_ACCEPTED_TASK_PAIRS,160,32,1,1,1,1,,NOT_APPLICABLE,NOT_CONFIRMATORY__ZERO_DENOMINATOR_AND_FAILURE_HANDLING_NOT_RESULT_BLIND_FROZEN,PRE_R10_SUPPORTING_DESCRIPTIVE_RESULT_AWARE__NO_NEW_CONFIRMATORY_INFERENCE
28,E2_ROLLING__DT-RAMDE_TS2_FULL__VS__CROSS_EVENT_WARM_START_ONLY,E2_ROLLING,DT-RAMDE_TS2_FULL,CROSS_EVENT_WARM_START_ONLY,charged_atomic_model_steps,ALL_COMPLETED_TASK_PAIRS,160,160,1,1,1,1,,NOT_APPLICABLE,NOT_CONFIRMATORY__ZERO_DENOMINATOR_AND_FAILURE_HANDLING_NOT_RESULT_BLIND_FROZEN,PRE_R10_SUPPORTING_DESCRIPTIVE_RESULT_AWARE__NO_NEW_CONFIRMATORY_INFERENCE
28,E2_ROLLING__DT-RAMDE_TS2_FULL__VS__CROSS_EVENT_WARM_START_ONLY,E2_ROLLING,DT-RAMDE_TS2_FULL,CROSS_EVENT_WARM_START_ONLY,charged_atomic_model_steps,EQUAL_CHARGED_WORK_TASK_PAIRS,160,160,1,1,1,1,,NOT_APPLICABLE,NOT_CONFIRMATORY__ZERO_DENOMINATOR_AND_FAILURE_HANDLING_NOT_RESULT_BLIND_FROZEN,PRE_R10_SUPPORTING_DESCRIPTIVE_RESULT_AWARE__NO_NEW_CONFIRMATORY_INFERENCE
28,E2_ROLLING__DT-RAMDE_TS2_FULL__VS__CROSS_EVENT_WARM_START_ONLY,E2_ROLLING,DT-RAMDE_TS2_FULL,CROSS_EVENT_WARM_START_ONLY,charged_atomic_model_steps,BOTH_ALL_EVENTS_ACCEPTED_TASK_PAIRS,160,32,1,1,1,1,,NOT_APPLICABLE,NOT_CONFIRMATORY__ZERO_DENOMINATOR_AND_FAILURE_HANDLING_NOT_RESULT_BLIND_FROZEN,PRE_R10_SUPPORTING_DESCRIPTIVE_RESULT_AWARE__NO_NEW_CONFIRMATORY_INFERENCE
29,E2_ROLLING__DT-RAMDE_TS2_FULL__VS__CROSS_EVENT_MEMORY_ONLY,E2_ROLLING,DT-RAMDE_TS2_FULL,CROSS_EVENT_MEMORY_ONLY,wall_seconds,ALL_COMPLETED_TASK_PAIRS,160,160,1.0150861981191222,1.0187110960407524,0.8938904752949649,1.1215906284251242,1.5,AT_OR_BELOW_POINT_MARGIN,NOT_CONFIRMATORY__ZERO_DENOMINATOR_AND_FAILURE_HANDLING_NOT_RESULT_BLIND_FROZEN,PRE_R10_SUPPORTING_DESCRIPTIVE_RESULT_AWARE__NO_NEW_CONFIRMATORY_INFERENCE
29,E2_ROLLING__DT-RAMDE_TS2_FULL__VS__CROSS_EVENT_MEMORY_ONLY,E2_ROLLING,DT-RAMDE_TS2_FULL,CROSS_EVENT_MEMORY_ONLY,wall_seconds,EQUAL_CHARGED_WORK_TASK_PAIRS,160,160,1.0150861981191222,1.0187110960407524,0.8938904752949649,1.1215906284251242,1.5,AT_OR_BELOW_POINT_MARGIN,NOT_CONFIRMATORY__ZERO_DENOMINATOR_AND_FAILURE_HANDLING_NOT_RESULT_BLIND_FROZEN,PRE_R10_SUPPORTING_DESCRIPTIVE_RESULT_AWARE__NO_NEW_CONFIRMATORY_INFERENCE
29,E2_ROLLING__DT-RAMDE_TS2_FULL__VS__CROSS_EVENT_MEMORY_ONLY,E2_ROLLING,DT-RAMDE_TS2_FULL,CROSS_EVENT_MEMORY_ONLY,wall_seconds,BOTH_ALL_EVENTS_ACCEPTED_TASK_PAIRS,160,36,1.0212612188934296,1.0183796003094558,0.98198159883809666,1.0866373469887012,1.5,AT_OR_BELOW_POINT_MARGIN,NOT_CONFIRMATORY__ZERO_DENOMINATOR_AND_FAILURE_HANDLING_NOT_RESULT_BLIND_FROZEN,PRE_R10_SUPPORTING_DESCRIPTIVE_RESULT_AWARE__NO_NEW_CONFIRMATORY_INFERENCE
29,E2_ROLLING__DT-RAMDE_TS2_FULL__VS__CROSS_EVENT_MEMORY_ONLY,E2_ROLLING,DT-RAMDE_TS2_FULL,CROSS_EVENT_MEMORY_ONLY,cpu_seconds,ALL_COMPLETED_TASK_PAIRS,160,160,1.0148300583367083,1.0175145867244941,0.89818308318598894,1.124764837829711,,NOT_APPLICABLE,NOT_CONFIRMATORY__ZERO_DENOMINATOR_AND_FAILURE_HANDLING_NOT_RESULT_BLIND_FROZEN,PRE_R10_SUPPORTING_DESCRIPTIVE_RESULT_AWARE__NO_NEW_CONFIRMATORY_INFERENCE
29,E2_ROLLING__DT-RAMDE_TS2_FULL__VS__CROSS_EVENT_MEMORY_ONLY,E2_ROLLING,DT-RAMDE_TS2_FULL,CROSS_EVENT_MEMORY_ONLY,cpu_seconds,EQUAL_CHARGED_WORK_TASK_PAIRS,160,160,1.0148300583367083,1.0175145867244941,0.89818308318598894,1.124764837829711,,NOT_APPLICABLE,NOT_CONFIRMATORY__ZERO_DENOMINATOR_AND_FAILURE_HANDLING_NOT_RESULT_BLIND_FROZEN,PRE_R10_SUPPORTING_DESCRIPTIVE_RESULT_AWARE__NO_NEW_CONFIRMATORY_INFERENCE
29,E2_ROLLING__DT-RAMDE_TS2_FULL__VS__CROSS_EVENT_MEMORY_ONLY,E2_ROLLING,DT-RAMDE_TS2_FULL,CROSS_EVENT_MEMORY_ONLY,cpu_seconds,BOTH_ALL_EVENTS_ACCEPTED_TASK_PAIRS,160,36,1.022355011280984,1.0208094461360011,0.98362913550957853,1.0892459144230491,,NOT_APPLICABLE,NOT_CONFIRMATORY__ZERO_DENOMINATOR_AND_FAILURE_HANDLING_NOT_RESULT_BLIND_FROZEN,PRE_R10_SUPPORTING_DESCRIPTIVE_RESULT_AWARE__NO_NEW_CONFIRMATORY_INFERENCE
29,E2_ROLLING__DT-RAMDE_TS2_FULL__VS__CROSS_EVENT_MEMORY_ONLY,E2_ROLLING,DT-RAMDE_TS2_FULL,CROSS_EVENT_MEMORY_ONLY,peak_rss_bytes,ALL_COMPLETED_TASK_PAIRS,160,160,1.0142708754055727,1.0143687545485762,0.97614389740245622,1.0494923153747988,2,AT_OR_BELOW_POINT_MARGIN,NOT_CONFIRMATORY__ZERO_DENOMINATOR_AND_FAILURE_HANDLING_NOT_RESULT_BLIND_FROZEN,PRE_R10_SUPPORTING_DESCRIPTIVE_RESULT_AWARE__NO_NEW_CONFIRMATORY_INFERENCE
29,E2_ROLLING__DT-RAMDE_TS2_FULL__VS__CROSS_EVENT_MEMORY_ONLY,E2_ROLLING,DT-RAMDE_TS2_FULL,CROSS_EVENT_MEMORY_ONLY,peak_rss_bytes,EQUAL_CHARGED_WORK_TASK_PAIRS,160,160,1.0142708754055727,1.0143687545485762,0.97614389740245622,1.0494923153747988,2,AT_OR_BELOW_POINT_MARGIN,NOT_CONFIRMATORY__ZERO_DENOMINATOR_AND_FAILURE_HANDLING_NOT_RESULT_BLIND_FROZEN,PRE_R10_SUPPORTING_DESCRIPTIVE_RESULT_AWARE__NO_NEW_CONFIRMATORY_INFERENCE
29,E2_ROLLING__DT-RAMDE_TS2_FULL__VS__CROSS_EVENT_MEMORY_ONLY,E2_ROLLING,DT-RAMDE_TS2_FULL,CROSS_EVENT_MEMORY_ONLY,peak_rss_bytes,BOTH_ALL_EVENTS_ACCEPTED_TASK_PAIRS,160,36,1.0159605395042366,1.0144556071324973,1.0026159463730993,1.0317900228236061,2,AT_OR_BELOW_POINT_MARGIN,NOT_CONFIRMATORY__ZERO_DENOMINATOR_AND_FAILURE_HANDLING_NOT_RESULT_BLIND_FROZEN,PRE_R10_SUPPORTING_DESCRIPTIVE_RESULT_AWARE__NO_NEW_CONFIRMATORY_INFERENCE
29,E2_ROLLING__DT-RAMDE_TS2_FULL__VS__CROSS_EVENT_MEMORY_ONLY,E2_ROLLING,DT-RAMDE_TS2_FULL,CROSS_EVENT_MEMORY_ONLY,output_bytes,ALL_COMPLETED_TASK_PAIRS,160,160,0.99994649074813546,0.99993928654430864,0.99888814584046937,1.0010305415877054,,NOT_APPLICABLE,NOT_CONFIRMATORY__ZERO_DENOMINATOR_AND_FAILURE_HANDLING_NOT_RESULT_BLIND_FROZEN,PRE_R10_SUPPORTING_DESCRIPTIVE_RESULT_AWARE__NO_NEW_CONFIRMATORY_INFERENCE
29,E2_ROLLING__DT-RAMDE_TS2_FULL__VS__CROSS_EVENT_MEMORY_ONLY,E2_ROLLING,DT-RAMDE_TS2_FULL,CROSS_EVENT_MEMORY_ONLY,output_bytes,EQUAL_CHARGED_WORK_TASK_PAIRS,160,160,0.99994649074813546,0.99993928654430864,0.99888814584046937,1.0010305415877054,,NOT_APPLICABLE,NOT_CONFIRMATORY__ZERO_DENOMINATOR_AND_FAILURE_HANDLING_NOT_RESULT_BLIND_FROZEN,PRE_R10_SUPPORTING_DESCRIPTIVE_RESULT_AWARE__NO_NEW_CONFIRMATORY_INFERENCE
29,E2_ROLLING__DT-RAMDE_TS2_FULL__VS__CROSS_EVENT_MEMORY_ONLY,E2_ROLLING,DT-RAMDE_TS2_FULL,CROSS_EVENT_MEMORY_ONLY,output_bytes,BOTH_ALL_EVENTS_ACCEPTED_TASK_PAIRS,160,36,0.99994154728516482,0.99994198746649987,0.99989851386237216,0.99997825230049886,,NOT_APPLICABLE,NOT_CONFIRMATORY__ZERO_DENOMINATOR_AND_FAILURE_HANDLING_NOT_RESULT_BLIND_FROZEN,PRE_R10_SUPPORTING_DESCRIPTIVE_RESULT_AWARE__NO_NEW_CONFIRMATORY_INFERENCE
29,E2_ROLLING__DT-RAMDE_TS2_FULL__VS__CROSS_EVENT_MEMORY_ONLY,E2_ROLLING,DT-RAMDE_TS2_FULL,CROSS_EVENT_MEMORY_ONLY,charged_cfe,ALL_COMPLETED_TASK_PAIRS,160,160,1,1,1,1,,NOT_APPLICABLE,NOT_CONFIRMATORY__ZERO_DENOMINATOR_AND_FAILURE_HANDLING_NOT_RESULT_BLIND_FROZEN,PRE_R10_SUPPORTING_DESCRIPTIVE_RESULT_AWARE__NO_NEW_CONFIRMATORY_INFERENCE
29,E2_ROLLING__DT-RAMDE_TS2_FULL__VS__CROSS_EVENT_MEMORY_ONLY,E2_ROLLING,DT-RAMDE_TS2_FULL,CROSS_EVENT_MEMORY_ONLY,charged_cfe,EQUAL_CHARGED_WORK_TASK_PAIRS,160,160,1,1,1,1,,NOT_APPLICABLE,NOT_CONFIRMATORY__ZERO_DENOMINATOR_AND_FAILURE_HANDLING_NOT_RESULT_BLIND_FROZEN,PRE_R10_SUPPORTING_DESCRIPTIVE_RESULT_AWARE__NO_NEW_CONFIRMATORY_INFERENCE
29,E2_ROLLING__DT-RAMDE_TS2_FULL__VS__CROSS_EVENT_MEMORY_ONLY,E2_ROLLING,DT-RAMDE_TS2_FULL,CROSS_EVENT_MEMORY_ONLY,charged_cfe,BOTH_ALL_EVENTS_ACCEPTED_TASK_PAIRS,160,36,1,1,1,1,,NOT_APPLICABLE,NOT_CONFIRMATORY__ZERO_DENOMINATOR_AND_FAILURE_HANDLING_NOT_RESULT_BLIND_FROZEN,PRE_R10_SUPPORTING_DESCRIPTIVE_RESULT_AWARE__NO_NEW_CONFIRMATORY_INFERENCE
29,E2_ROLLING__DT-RAMDE_TS2_FULL__VS__CROSS_EVENT_MEMORY_ONLY,E2_ROLLING,DT-RAMDE_TS2_FULL,CROSS_EVENT_MEMORY_ONLY,charged_atomic_model_steps,ALL_COMPLETED_TASK_PAIRS,160,160,1,1,1,1,,NOT_APPLICABLE,NOT_CONFIRMATORY__ZERO_DENOMINATOR_AND_FAILURE_HANDLING_NOT_RESULT_BLIND_FROZEN,PRE_R10_SUPPORTING_DESCRIPTIVE_RESULT_AWARE__NO_NEW_CONFIRMATORY_INFERENCE
29,E2_ROLLING__DT-RAMDE_TS2_FULL__VS__CROSS_EVENT_MEMORY_ONLY,E2_ROLLING,DT-RAMDE_TS2_FULL,CROSS_EVENT_MEMORY_ONLY,charged_atomic_model_steps,EQUAL_CHARGED_WORK_TASK_PAIRS,160,160,1,1,1,1,,NOT_APPLICABLE,NOT_CONFIRMATORY__ZERO_DENOMINATOR_AND_FAILURE_HANDLING_NOT_RESULT_BLIND_FROZEN,PRE_R10_SUPPORTING_DESCRIPTIVE_RESULT_AWARE__NO_NEW_CONFIRMATORY_INFERENCE
29,E2_ROLLING__DT-RAMDE_TS2_FULL__VS__CROSS_EVENT_MEMORY_ONLY,E2_ROLLING,DT-RAMDE_TS2_FULL,CROSS_EVENT_MEMORY_ONLY,charged_atomic_model_steps,BOTH_ALL_EVENTS_ACCEPTED_TASK_PAIRS,160,36,1,1,1,1,,NOT_APPLICABLE,NOT_CONFIRMATORY__ZERO_DENOMINATOR_AND_FAILURE_HANDLING_NOT_RESULT_BLIND_FROZEN,PRE_R10_SUPPORTING_DESCRIPTIVE_RESULT_AWARE__NO_NEW_CONFIRMATORY_INFERENCE
30,E2_ROLLING__DT-RAMDE_TS2_FULL__VS__SHADE_ONLY,E2_ROLLING,DT-RAMDE_TS2_FULL,SHADE_ONLY,wall_seconds,ALL_COMPLETED_TASK_PAIRS,160,160,1.0292849412615446,1.0361923176544159,0.9265019775813802,1.1019826470618257,1.5,AT_OR_BELOW_POINT_MARGIN,NOT_CONFIRMATORY__ZERO_DENOMINATOR_AND_FAILURE_HANDLING_NOT_RESULT_BLIND_FROZEN,PRE_R10_SUPPORTING_DESCRIPTIVE_RESULT_AWARE__NO_NEW_CONFIRMATORY_INFERENCE
30,E2_ROLLING__DT-RAMDE_TS2_FULL__VS__SHADE_ONLY,E2_ROLLING,DT-RAMDE_TS2_FULL,SHADE_ONLY,wall_seconds,EQUAL_CHARGED_WORK_TASK_PAIRS,160,160,1.0292849412615446,1.0361923176544159,0.9265019775813802,1.1019826470618257,1.5,AT_OR_BELOW_POINT_MARGIN,NOT_CONFIRMATORY__ZERO_DENOMINATOR_AND_FAILURE_HANDLING_NOT_RESULT_BLIND_FROZEN,PRE_R10_SUPPORTING_DESCRIPTIVE_RESULT_AWARE__NO_NEW_CONFIRMATORY_INFERENCE
30,E2_ROLLING__DT-RAMDE_TS2_FULL__VS__SHADE_ONLY,E2_ROLLING,DT-RAMDE_TS2_FULL,SHADE_ONLY,wall_seconds,BOTH_ALL_EVENTS_ACCEPTED_TASK_PAIRS,160,41,1.0371663090449399,1.0363600227280165,0.9814018707503902,1.073205314566646,1.5,AT_OR_BELOW_POINT_MARGIN,NOT_CONFIRMATORY__ZERO_DENOMINATOR_AND_FAILURE_HANDLING_NOT_RESULT_BLIND_FROZEN,PRE_R10_SUPPORTING_DESCRIPTIVE_RESULT_AWARE__NO_NEW_CONFIRMATORY_INFERENCE
30,E2_ROLLING__DT-RAMDE_TS2_FULL__VS__SHADE_ONLY,E2_ROLLING,DT-RAMDE_TS2_FULL,SHADE_ONLY,cpu_seconds,ALL_COMPLETED_TASK_PAIRS,160,160,1.0300170575037169,1.0314973945753214,0.92839626522325558,1.1102384258418048,,NOT_APPLICABLE,NOT_CONFIRMATORY__ZERO_DENOMINATOR_AND_FAILURE_HANDLING_NOT_RESULT_BLIND_FROZEN,PRE_R10_SUPPORTING_DESCRIPTIVE_RESULT_AWARE__NO_NEW_CONFIRMATORY_INFERENCE
30,E2_ROLLING__DT-RAMDE_TS2_FULL__VS__SHADE_ONLY,E2_ROLLING,DT-RAMDE_TS2_FULL,SHADE_ONLY,cpu_seconds,EQUAL_CHARGED_WORK_TASK_PAIRS,160,160,1.0300170575037169,1.0314973945753214,0.92839626522325558,1.1102384258418048,,NOT_APPLICABLE,NOT_CONFIRMATORY__ZERO_DENOMINATOR_AND_FAILURE_HANDLING_NOT_RESULT_BLIND_FROZEN,PRE_R10_SUPPORTING_DESCRIPTIVE_RESULT_AWARE__NO_NEW_CONFIRMATORY_INFERENCE
30,E2_ROLLING__DT-RAMDE_TS2_FULL__VS__SHADE_ONLY,E2_ROLLING,DT-RAMDE_TS2_FULL,SHADE_ONLY,cpu_seconds,BOTH_ALL_EVENTS_ACCEPTED_TASK_PAIRS,160,41,1.0395900911752451,1.0382493757705971,0.98907088729650361,1.0805732534705468,,NOT_APPLICABLE,NOT_CONFIRMATORY__ZERO_DENOMINATOR_AND_FAILURE_HANDLING_NOT_RESULT_BLIND_FROZEN,PRE_R10_SUPPORTING_DESCRIPTIVE_RESULT_AWARE__NO_NEW_CONFIRMATORY_INFERENCE
30,E2_ROLLING__DT-RAMDE_TS2_FULL__VS__SHADE_ONLY,E2_ROLLING,DT-RAMDE_TS2_FULL,SHADE_ONLY,peak_rss_bytes,ALL_COMPLETED_TASK_PAIRS,160,160,1.0177422068089199,1.018478258474528,0.98539283604532513,1.0528219971056441,2,AT_OR_BELOW_POINT_MARGIN,NOT_CONFIRMATORY__ZERO_DENOMINATOR_AND_FAILURE_HANDLING_NOT_RESULT_BLIND_FROZEN,PRE_R10_SUPPORTING_DESCRIPTIVE_RESULT_AWARE__NO_NEW_CONFIRMATORY_INFERENCE
30,E2_ROLLING__DT-RAMDE_TS2_FULL__VS__SHADE_ONLY,E2_ROLLING,DT-RAMDE_TS2_FULL,SHADE_ONLY,peak_rss_bytes,EQUAL_CHARGED_WORK_TASK_PAIRS,160,160,1.0177422068089199,1.018478258474528,0.98539283604532513,1.0528219971056441,2,AT_OR_BELOW_POINT_MARGIN,NOT_CONFIRMATORY__ZERO_DENOMINATOR_AND_FAILURE_HANDLING_NOT_RESULT_BLIND_FROZEN,PRE_R10_SUPPORTING_DESCRIPTIVE_RESULT_AWARE__NO_NEW_CONFIRMATORY_INFERENCE
30,E2_ROLLING__DT-RAMDE_TS2_FULL__VS__SHADE_ONLY,E2_ROLLING,DT-RAMDE_TS2_FULL,SHADE_ONLY,peak_rss_bytes,BOTH_ALL_EVENTS_ACCEPTED_TASK_PAIRS,160,41,1.0192888472332557,1.0202287193872046,0.99951282884053261,1.043038399195126,2,AT_OR_BELOW_POINT_MARGIN,NOT_CONFIRMATORY__ZERO_DENOMINATOR_AND_FAILURE_HANDLING_NOT_RESULT_BLIND_FROZEN,PRE_R10_SUPPORTING_DESCRIPTIVE_RESULT_AWARE__NO_NEW_CONFIRMATORY_INFERENCE
30,E2_ROLLING__DT-RAMDE_TS2_FULL__VS__SHADE_ONLY,E2_ROLLING,DT-RAMDE_TS2_FULL,SHADE_ONLY,output_bytes,ALL_COMPLETED_TASK_PAIRS,160,160,0.99996889813190082,0.99997189779828943,0.99887539748491394,1.0008282846976897,,NOT_APPLICABLE,NOT_CONFIRMATORY__ZERO_DENOMINATOR_AND_FAILURE_HANDLING_NOT_RESULT_BLIND_FROZEN,PRE_R10_SUPPORTING_DESCRIPTIVE_RESULT_AWARE__NO_NEW_CONFIRMATORY_INFERENCE
30,E2_ROLLING__DT-RAMDE_TS2_FULL__VS__SHADE_ONLY,E2_ROLLING,DT-RAMDE_TS2_FULL,SHADE_ONLY,output_bytes,EQUAL_CHARGED_WORK_TASK_PAIRS,160,160,0.99996889813190082,0.99997189779828943,0.99887539748491394,1.0008282846976897,,NOT_APPLICABLE,NOT_CONFIRMATORY__ZERO_DENOMINATOR_AND_FAILURE_HANDLING_NOT_RESULT_BLIND_FROZEN,PRE_R10_SUPPORTING_DESCRIPTIVE_RESULT_AWARE__NO_NEW_CONFIRMATORY_INFERENCE
30,E2_ROLLING__DT-RAMDE_TS2_FULL__VS__SHADE_ONLY,E2_ROLLING,DT-RAMDE_TS2_FULL,SHADE_ONLY,output_bytes,BOTH_ALL_EVENTS_ACCEPTED_TASK_PAIRS,160,41,0.9999755952931767,0.9999718899901161,0.99993747508064812,1.000024469022218,,NOT_APPLICABLE,NOT_CONFIRMATORY__ZERO_DENOMINATOR_AND_FAILURE_HANDLING_NOT_RESULT_BLIND_FROZEN,PRE_R10_SUPPORTING_DESCRIPTIVE_RESULT_AWARE__NO_NEW_CONFIRMATORY_INFERENCE
30,E2_ROLLING__DT-RAMDE_TS2_FULL__VS__SHADE_ONLY,E2_ROLLING,DT-RAMDE_TS2_FULL,SHADE_ONLY,charged_cfe,ALL_COMPLETED_TASK_PAIRS,160,160,1,1,1,1,,NOT_APPLICABLE,NOT_CONFIRMATORY__ZERO_DENOMINATOR_AND_FAILURE_HANDLING_NOT_RESULT_BLIND_FROZEN,PRE_R10_SUPPORTING_DESCRIPTIVE_RESULT_AWARE__NO_NEW_CONFIRMATORY_INFERENCE
30,E2_ROLLING__DT-RAMDE_TS2_FULL__VS__SHADE_ONLY,E2_ROLLING,DT-RAMDE_TS2_FULL,SHADE_ONLY,charged_cfe,EQUAL_CHARGED_WORK_TASK_PAIRS,160,160,1,1,1,1,,NOT_APPLICABLE,NOT_CONFIRMATORY__ZERO_DENOMINATOR_AND_FAILURE_HANDLING_NOT_RESULT_BLIND_FROZEN,PRE_R10_SUPPORTING_DESCRIPTIVE_RESULT_AWARE__NO_NEW_CONFIRMATORY_INFERENCE
30,E2_ROLLING__DT-RAMDE_TS2_FULL__VS__SHADE_ONLY,E2_ROLLING,DT-RAMDE_TS2_FULL,SHADE_ONLY,charged_cfe,BOTH_ALL_EVENTS_ACCEPTED_TASK_PAIRS,160,41,1,1,1,1,,NOT_APPLICABLE,NOT_CONFIRMATORY__ZERO_DENOMINATOR_AND_FAILURE_HANDLING_NOT_RESULT_BLIND_FROZEN,PRE_R10_SUPPORTING_DESCRIPTIVE_RESULT_AWARE__NO_NEW_CONFIRMATORY_INFERENCE
30,E2_ROLLING__DT-RAMDE_TS2_FULL__VS__SHADE_ONLY,E2_ROLLING,DT-RAMDE_TS2_FULL,SHADE_ONLY,charged_atomic_model_steps,ALL_COMPLETED_TASK_PAIRS,160,160,1,1,1,1,,NOT_APPLICABLE,NOT_CONFIRMATORY__ZERO_DENOMINATOR_AND_FAILURE_HANDLING_NOT_RESULT_BLIND_FROZEN,PRE_R10_SUPPORTING_DESCRIPTIVE_RESULT_AWARE__NO_NEW_CONFIRMATORY_INFERENCE
30,E2_ROLLING__DT-RAMDE_TS2_FULL__VS__SHADE_ONLY,E2_ROLLING,DT-RAMDE_TS2_FULL,SHADE_ONLY,charged_atomic_model_steps,EQUAL_CHARGED_WORK_TASK_PAIRS,160,160,1,1,1,1,,NOT_APPLICABLE,NOT_CONFIRMATORY__ZERO_DENOMINATOR_AND_FAILURE_HANDLING_NOT_RESULT_BLIND_FROZEN,PRE_R10_SUPPORTING_DESCRIPTIVE_RESULT_AWARE__NO_NEW_CONFIRMATORY_INFERENCE
30,E2_ROLLING__DT-RAMDE_TS2_FULL__VS__SHADE_ONLY,E2_ROLLING,DT-RAMDE_TS2_FULL,SHADE_ONLY,charged_atomic_model_steps,BOTH_ALL_EVENTS_ACCEPTED_TASK_PAIRS,160,41,1,1,1,1,,NOT_APPLICABLE,NOT_CONFIRMATORY__ZERO_DENOMINATOR_AND_FAILURE_HANDLING_NOT_RESULT_BLIND_FROZEN,PRE_R10_SUPPORTING_DESCRIPTIVE_RESULT_AWARE__NO_NEW_CONFIRMATORY_INFERENCE
