comparison_index,comparison_id,analysis_workload_id,endpoint_id,cluster_id,paired_task_count,cluster_effect,cluster_lower_bound,cluster_upper_bound,effect_direction,analysis_status
1,E1_STATIC__F22_MG_STATIC__VS__MATCHED_FIXED_DE_PARETO,E1_STATIC,FAILURE_RATE,LIRCMOP1,10,0,0,0,comparator_rate_minus_proposed_rate,PRE_R10_SUPPORTING_DESCRIPTIVE_RESULT_AWARE__NO_NEW_CONFIRMATORY_INFERENCE
1,E1_STATIC__F22_MG_STATIC__VS__MATCHED_FIXED_DE_PARETO,E1_STATIC,REJECT_SAFETY_FILTER,LIRCMOP1,10,0,0,0,comparator_rate_minus_proposed_rate,PRE_R10_SUPPORTING_DESCRIPTIVE_RESULT_AWARE__NO_NEW_CONFIRMATORY_INFERENCE
1,E1_STATIC__F22_MG_STATIC__VS__MATCHED_FIXED_DE_PARETO,E1_STATIC,REJECT_BUDGET_NO_FEASIBLE,LIRCMOP1,10,0,0,0,comparator_rate_minus_proposed_rate,PRE_R10_SUPPORTING_DESCRIPTIVE_RESULT_AWARE__NO_NEW_CONFIRMATORY_INFERENCE
1,E1_STATIC__F22_MG_STATIC__VS__MATCHED_FIXED_DE_PARETO,E1_STATIC,REJECT_NUMERICAL,LIRCMOP1,10,0,0,0,comparator_rate_minus_proposed_rate,PRE_R10_SUPPORTING_DESCRIPTIVE_RESULT_AWARE__NO_NEW_CONFIRMATORY_INFERENCE
1,E1_STATIC__F22_MG_STATIC__VS__MATCHED_FIXED_DE_PARETO,E1_STATIC,OTHER_NONACCEPTED,LIRCMOP1,10,0,0,0,comparator_rate_minus_proposed_rate,PRE_R10_SUPPORTING_DESCRIPTIVE_RESULT_AWARE__NO_NEW_CONFIRMATORY_INFERENCE
1,E1_STATIC__F22_MG_STATIC__VS__MATCHED_FIXED_DE_PARETO,E1_STATIC,FAILURE_RATE,LIRCMOP10,10,0,0,0,comparator_rate_minus_proposed_rate,PRE_R10_SUPPORTING_DESCRIPTIVE_RESULT_AWARE__NO_NEW_CONFIRMATORY_INFERENCE
1,E1_STATIC__F22_MG_STATIC__VS__MATCHED_FIXED_DE_PARETO,E1_STATIC,REJECT_SAFETY_FILTER,LIRCMOP10,10,0,0,0,comparator_rate_minus_proposed_rate,PRE_R10_SUPPORTING_DESCRIPTIVE_RESULT_AWARE__NO_NEW_CONFIRMATORY_INFERENCE
1,E1_STATIC__F22_MG_STATIC__VS__MATCHED_FIXED_DE_PARETO,E1_STATIC,REJECT_BUDGET_NO_FEASIBLE,LIRCMOP10,10,0,0,0,comparator_rate_minus_proposed_rate,PRE_R10_SUPPORTING_DESCRIPTIVE_RESULT_AWARE__NO_NEW_CONFIRMATORY_INFERENCE
1,E1_STATIC__F22_MG_STATIC__VS__MATCHED_FIXED_DE_PARETO,E1_STATIC,REJECT_NUMERICAL,LIRCMOP10,10,0,0,0,comparator_rate_minus_proposed_rate,PRE_R10_SUPPORTING_DESCRIPTIVE_RESULT_AWARE__NO_NEW_CONFIRMATORY_INFERENCE
1,E1_STATIC__F22_MG_STATIC__VS__MATCHED_FIXED_DE_PARETO,E1_STATIC,OTHER_NONACCEPTED,LIRCMOP10,10,0,0,0,comparator_rate_minus_proposed_rate,PRE_R10_SUPPORTING_DESCRIPTIVE_RESULT_AWARE__NO_NEW_CONFIRMATORY_INFERENCE
1,E1_STATIC__F22_MG_STATIC__VS__MATCHED_FIXED_DE_PARETO,E1_STATIC,FAILURE_RATE,LIRCMOP11,10,0,0,0,comparator_rate_minus_proposed_rate,PRE_R10_SUPPORTING_DESCRIPTIVE_RESULT_AWARE__NO_NEW_CONFIRMATORY_INFERENCE
1,E1_STATIC__F22_MG_STATIC__VS__MATCHED_FIXED_DE_PARETO,E1_STATIC,REJECT_SAFETY_FILTER,LIRCMOP11,10,0,0,0,comparator_rate_minus_proposed_rate,PRE_R10_SUPPORTING_DESCRIPTIVE_RESULT_AWARE__NO_NEW_CONFIRMATORY_INFERENCE
1,E1_STATIC__F22_MG_STATIC__VS__MATCHED_FIXED_DE_PARETO,E1_STATIC,REJECT_BUDGET_NO_FEASIBLE,LIRCMOP11,10,0,0,0,comparator_rate_minus_proposed_rate,PRE_R10_SUPPORTING_DESCRIPTIVE_RESULT_AWARE__NO_NEW_CONFIRMATORY_INFERENCE
1,E1_STATIC__F22_MG_STATIC__VS__MATCHED_FIXED_DE_PARETO,E1_STATIC,REJECT_NUMERICAL,LIRCMOP11,10,0,0,0,comparator_rate_minus_proposed_rate,PRE_R10_SUPPORTING_DESCRIPTIVE_RESULT_AWARE__NO_NEW_CONFIRMATORY_INFERENCE
1,E1_STATIC__F22_MG_STATIC__VS__MATCHED_FIXED_DE_PARETO,E1_STATIC,OTHER_NONACCEPTED,LIRCMOP11,10,0,0,0,comparator_rate_minus_proposed_rate,PRE_R10_SUPPORTING_DESCRIPTIVE_RESULT_AWARE__NO_NEW_CONFIRMATORY_INFERENCE
1,E1_STATIC__F22_MG_STATIC__VS__MATCHED_FIXED_DE_PARETO,E1_STATIC,FAILURE_RATE,LIRCMOP12,10,0,0,0,comparator_rate_minus_proposed_rate,PRE_R10_SUPPORTING_DESCRIPTIVE_RESULT_AWARE__NO_NEW_CONFIRMATORY_INFERENCE
1,E1_STATIC__F22_MG_STATIC__VS__MATCHED_FIXED_DE_PARETO,E1_STATIC,REJECT_SAFETY_FILTER,LIRCMOP12,10,0,0,0,comparator_rate_minus_proposed_rate,PRE_R10_SUPPORTING_DESCRIPTIVE_RESULT_AWARE__NO_NEW_CONFIRMATORY_INFERENCE
1,E1_STATIC__F22_MG_STATIC__VS__MATCHED_FIXED_DE_PARETO,E1_STATIC,REJECT_BUDGET_NO_FEASIBLE,LIRCMOP12,10,0,0,0,comparator_rate_minus_proposed_rate,PRE_R10_SUPPORTING_DESCRIPTIVE_RESULT_AWARE__NO_NEW_CONFIRMATORY_INFERENCE
1,E1_STATIC__F22_MG_STATIC__VS__MATCHED_FIXED_DE_PARETO,E1_STATIC,REJECT_NUMERICAL,LIRCMOP12,10,0,0,0,comparator_rate_minus_proposed_rate,PRE_R10_SUPPORTING_DESCRIPTIVE_RESULT_AWARE__NO_NEW_CONFIRMATORY_INFERENCE
1,E1_STATIC__F22_MG_STATIC__VS__MATCHED_FIXED_DE_PARETO,E1_STATIC,OTHER_NONACCEPTED,LIRCMOP12,10,0,0,0,comparator_rate_minus_proposed_rate,PRE_R10_SUPPORTING_DESCRIPTIVE_RESULT_AWARE__NO_NEW_CONFIRMATORY_INFERENCE
1,E1_STATIC__F22_MG_STATIC__VS__MATCHED_FIXED_DE_PARETO,E1_STATIC,FAILURE_RATE,LIRCMOP13,10,0,0,0,comparator_rate_minus_proposed_rate,PRE_R10_SUPPORTING_DESCRIPTIVE_RESULT_AWARE__NO_NEW_CONFIRMATORY_INFERENCE
1,E1_STATIC__F22_MG_STATIC__VS__MATCHED_FIXED_DE_PARETO,E1_STATIC,REJECT_SAFETY_FILTER,LIRCMOP13,10,0,0,0,comparator_rate_minus_proposed_rate,PRE_R10_SUPPORTING_DESCRIPTIVE_RESULT_AWARE__NO_NEW_CONFIRMATORY_INFERENCE
1,E1_STATIC__F22_MG_STATIC__VS__MATCHED_FIXED_DE_PARETO,E1_STATIC,REJECT_BUDGET_NO_FEASIBLE,LIRCMOP13,10,0,0,0,comparator_rate_minus_proposed_rate,PRE_R10_SUPPORTING_DESCRIPTIVE_RESULT_AWARE__NO_NEW_CONFIRMATORY_INFERENCE
1,E1_STATIC__F22_MG_STATIC__VS__MATCHED_FIXED_DE_PARETO,E1_STATIC,REJECT_NUMERICAL,LIRCMOP13,10,0,0,0,comparator_rate_minus_proposed_rate,PRE_R10_SUPPORTING_DESCRIPTIVE_RESULT_AWARE__NO_NEW_CONFIRMATORY_INFERENCE
1,E1_STATIC__F22_MG_STATIC__VS__MATCHED_FIXED_DE_PARETO,E1_STATIC,OTHER_NONACCEPTED,LIRCMOP13,10,0,0,0,comparator_rate_minus_proposed_rate,PRE_R10_SUPPORTING_DESCRIPTIVE_RESULT_AWARE__NO_NEW_CONFIRMATORY_INFERENCE
1,E1_STATIC__F22_MG_STATIC__VS__MATCHED_FIXED_DE_PARETO,E1_STATIC,FAILURE_RATE,LIRCMOP14,10,0,0,0,comparator_rate_minus_proposed_rate,PRE_R10_SUPPORTING_DESCRIPTIVE_RESULT_AWARE__NO_NEW_CONFIRMATORY_INFERENCE
1,E1_STATIC__F22_MG_STATIC__VS__MATCHED_FIXED_DE_PARETO,E1_STATIC,REJECT_SAFETY_FILTER,LIRCMOP14,10,0,0,0,comparator_rate_minus_proposed_rate,PRE_R10_SUPPORTING_DESCRIPTIVE_RESULT_AWARE__NO_NEW_CONFIRMATORY_INFERENCE
1,E1_STATIC__F22_MG_STATIC__VS__MATCHED_FIXED_DE_PARETO,E1_STATIC,REJECT_BUDGET_NO_FEASIBLE,LIRCMOP14,10,0,0,0,comparator_rate_minus_proposed_rate,PRE_R10_SUPPORTING_DESCRIPTIVE_RESULT_AWARE__NO_NEW_CONFIRMATORY_INFERENCE
1,E1_STATIC__F22_MG_STATIC__VS__MATCHED_FIXED_DE_PARETO,E1_STATIC,REJECT_NUMERICAL,LIRCMOP14,10,0,0,0,comparator_rate_minus_proposed_rate,PRE_R10_SUPPORTING_DESCRIPTIVE_RESULT_AWARE__NO_NEW_CONFIRMATORY_INFERENCE
1,E1_STATIC__F22_MG_STATIC__VS__MATCHED_FIXED_DE_PARETO,E1_STATIC,OTHER_NONACCEPTED,LIRCMOP14,10,0,0,0,comparator_rate_minus_proposed_rate,PRE_R10_SUPPORTING_DESCRIPTIVE_RESULT_AWARE__NO_NEW_CONFIRMATORY_INFERENCE
1,E1_STATIC__F22_MG_STATIC__VS__MATCHED_FIXED_DE_PARETO,E1_STATIC,FAILURE_RATE,LIRCMOP2,10,0,0,0,comparator_rate_minus_proposed_rate,PRE_R10_SUPPORTING_DESCRIPTIVE_RESULT_AWARE__NO_NEW_CONFIRMATORY_INFERENCE
1,E1_STATIC__F22_MG_STATIC__VS__MATCHED_FIXED_DE_PARETO,E1_STATIC,REJECT_SAFETY_FILTER,LIRCMOP2,10,0,0,0,comparator_rate_minus_proposed_rate,PRE_R10_SUPPORTING_DESCRIPTIVE_RESULT_AWARE__NO_NEW_CONFIRMATORY_INFERENCE
1,E1_STATIC__F22_MG_STATIC__VS__MATCHED_FIXED_DE_PARETO,E1_STATIC,REJECT_BUDGET_NO_FEASIBLE,LIRCMOP2,10,0,0,0,comparator_rate_minus_proposed_rate,PRE_R10_SUPPORTING_DESCRIPTIVE_RESULT_AWARE__NO_NEW_CONFIRMATORY_INFERENCE
1,E1_STATIC__F22_MG_STATIC__VS__MATCHED_FIXED_DE_PARETO,E1_STATIC,REJECT_NUMERICAL,LIRCMOP2,10,0,0,0,comparator_rate_minus_proposed_rate,PRE_R10_SUPPORTING_DESCRIPTIVE_RESULT_AWARE__NO_NEW_CONFIRMATORY_INFERENCE
1,E1_STATIC__F22_MG_STATIC__VS__MATCHED_FIXED_DE_PARETO,E1_STATIC,OTHER_NONACCEPTED,LIRCMOP2,10,0,0,0,comparator_rate_minus_proposed_rate,PRE_R10_SUPPORTING_DESCRIPTIVE_RESULT_AWARE__NO_NEW_CONFIRMATORY_INFERENCE
1,E1_STATIC__F22_MG_STATIC__VS__MATCHED_FIXED_DE_PARETO,E1_STATIC,FAILURE_RATE,LIRCMOP3,10,0,0,0,comparator_rate_minus_proposed_rate,PRE_R10_SUPPORTING_DESCRIPTIVE_RESULT_AWARE__NO_NEW_CONFIRMATORY_INFERENCE
1,E1_STATIC__F22_MG_STATIC__VS__MATCHED_FIXED_DE_PARETO,E1_STATIC,REJECT_SAFETY_FILTER,LIRCMOP3,10,0,0,0,comparator_rate_minus_proposed_rate,PRE_R10_SUPPORTING_DESCRIPTIVE_RESULT_AWARE__NO_NEW_CONFIRMATORY_INFERENCE
1,E1_STATIC__F22_MG_STATIC__VS__MATCHED_FIXED_DE_PARETO,E1_STATIC,REJECT_BUDGET_NO_FEASIBLE,LIRCMOP3,10,0,0,0,comparator_rate_minus_proposed_rate,PRE_R10_SUPPORTING_DESCRIPTIVE_RESULT_AWARE__NO_NEW_CONFIRMATORY_INFERENCE
1,E1_STATIC__F22_MG_STATIC__VS__MATCHED_FIXED_DE_PARETO,E1_STATIC,REJECT_NUMERICAL,LIRCMOP3,10,0,0,0,comparator_rate_minus_proposed_rate,PRE_R10_SUPPORTING_DESCRIPTIVE_RESULT_AWARE__NO_NEW_CONFIRMATORY_INFERENCE
1,E1_STATIC__F22_MG_STATIC__VS__MATCHED_FIXED_DE_PARETO,E1_STATIC,OTHER_NONACCEPTED,LIRCMOP3,10,0,0,0,comparator_rate_minus_proposed_rate,PRE_R10_SUPPORTING_DESCRIPTIVE_RESULT_AWARE__NO_NEW_CONFIRMATORY_INFERENCE
1,E1_STATIC__F22_MG_STATIC__VS__MATCHED_FIXED_DE_PARETO,E1_STATIC,FAILURE_RATE,LIRCMOP4,10,0,0,0,comparator_rate_minus_proposed_rate,PRE_R10_SUPPORTING_DESCRIPTIVE_RESULT_AWARE__NO_NEW_CONFIRMATORY_INFERENCE
1,E1_STATIC__F22_MG_STATIC__VS__MATCHED_FIXED_DE_PARETO,E1_STATIC,REJECT_SAFETY_FILTER,LIRCMOP4,10,0,0,0,comparator_rate_minus_proposed_rate,PRE_R10_SUPPORTING_DESCRIPTIVE_RESULT_AWARE__NO_NEW_CONFIRMATORY_INFERENCE
1,E1_STATIC__F22_MG_STATIC__VS__MATCHED_FIXED_DE_PARETO,E1_STATIC,REJECT_BUDGET_NO_FEASIBLE,LIRCMOP4,10,0,0,0,comparator_rate_minus_proposed_rate,PRE_R10_SUPPORTING_DESCRIPTIVE_RESULT_AWARE__NO_NEW_CONFIRMATORY_INFERENCE
1,E1_STATIC__F22_MG_STATIC__VS__MATCHED_FIXED_DE_PARETO,E1_STATIC,REJECT_NUMERICAL,LIRCMOP4,10,0,0,0,comparator_rate_minus_proposed_rate,PRE_R10_SUPPORTING_DESCRIPTIVE_RESULT_AWARE__NO_NEW_CONFIRMATORY_INFERENCE
1,E1_STATIC__F22_MG_STATIC__VS__MATCHED_FIXED_DE_PARETO,E1_STATIC,OTHER_NONACCEPTED,LIRCMOP4,10,0,0,0,comparator_rate_minus_proposed_rate,PRE_R10_SUPPORTING_DESCRIPTIVE_RESULT_AWARE__NO_NEW_CONFIRMATORY_INFERENCE
1,E1_STATIC__F22_MG_STATIC__VS__MATCHED_FIXED_DE_PARETO,E1_STATIC,FAILURE_RATE,LIRCMOP5,10,0,0,0,comparator_rate_minus_proposed_rate,PRE_R10_SUPPORTING_DESCRIPTIVE_RESULT_AWARE__NO_NEW_CONFIRMATORY_INFERENCE
1,E1_STATIC__F22_MG_STATIC__VS__MATCHED_FIXED_DE_PARETO,E1_STATIC,REJECT_SAFETY_FILTER,LIRCMOP5,10,0,0,0,comparator_rate_minus_proposed_rate,PRE_R10_SUPPORTING_DESCRIPTIVE_RESULT_AWARE__NO_NEW_CONFIRMATORY_INFERENCE
1,E1_STATIC__F22_MG_STATIC__VS__MATCHED_FIXED_DE_PARETO,E1_STATIC,REJECT_BUDGET_NO_FEASIBLE,LIRCMOP5,10,0,0,0,comparator_rate_minus_proposed_rate,PRE_R10_SUPPORTING_DESCRIPTIVE_RESULT_AWARE__NO_NEW_CONFIRMATORY_INFERENCE
1,E1_STATIC__F22_MG_STATIC__VS__MATCHED_FIXED_DE_PARETO,E1_STATIC,REJECT_NUMERICAL,LIRCMOP5,10,0,0,0,comparator_rate_minus_proposed_rate,PRE_R10_SUPPORTING_DESCRIPTIVE_RESULT_AWARE__NO_NEW_CONFIRMATORY_INFERENCE
1,E1_STATIC__F22_MG_STATIC__VS__MATCHED_FIXED_DE_PARETO,E1_STATIC,OTHER_NONACCEPTED,LIRCMOP5,10,0,0,0,comparator_rate_minus_proposed_rate,PRE_R10_SUPPORTING_DESCRIPTIVE_RESULT_AWARE__NO_NEW_CONFIRMATORY_INFERENCE
1,E1_STATIC__F22_MG_STATIC__VS__MATCHED_FIXED_DE_PARETO,E1_STATIC,FAILURE_RATE,LIRCMOP6,10,0,0,0,comparator_rate_minus_proposed_rate,PRE_R10_SUPPORTING_DESCRIPTIVE_RESULT_AWARE__NO_NEW_CONFIRMATORY_INFERENCE
1,E1_STATIC__F22_MG_STATIC__VS__MATCHED_FIXED_DE_PARETO,E1_STATIC,REJECT_SAFETY_FILTER,LIRCMOP6,10,0,0,0,comparator_rate_minus_proposed_rate,PRE_R10_SUPPORTING_DESCRIPTIVE_RESULT_AWARE__NO_NEW_CONFIRMATORY_INFERENCE
1,E1_STATIC__F22_MG_STATIC__VS__MATCHED_FIXED_DE_PARETO,E1_STATIC,REJECT_BUDGET_NO_FEASIBLE,LIRCMOP6,10,0,0,0,comparator_rate_minus_proposed_rate,PRE_R10_SUPPORTING_DESCRIPTIVE_RESULT_AWARE__NO_NEW_CONFIRMATORY_INFERENCE
1,E1_STATIC__F22_MG_STATIC__VS__MATCHED_FIXED_DE_PARETO,E1_STATIC,REJECT_NUMERICAL,LIRCMOP6,10,0,0,0,comparator_rate_minus_proposed_rate,PRE_R10_SUPPORTING_DESCRIPTIVE_RESULT_AWARE__NO_NEW_CONFIRMATORY_INFERENCE
1,E1_STATIC__F22_MG_STATIC__VS__MATCHED_FIXED_DE_PARETO,E1_STATIC,OTHER_NONACCEPTED,LIRCMOP6,10,0,0,0,comparator_rate_minus_proposed_rate,PRE_R10_SUPPORTING_DESCRIPTIVE_RESULT_AWARE__NO_NEW_CONFIRMATORY_INFERENCE
1,E1_STATIC__F22_MG_STATIC__VS__MATCHED_FIXED_DE_PARETO,E1_STATIC,FAILURE_RATE,LIRCMOP7,10,0,0,0,comparator_rate_minus_proposed_rate,PRE_R10_SUPPORTING_DESCRIPTIVE_RESULT_AWARE__NO_NEW_CONFIRMATORY_INFERENCE
1,E1_STATIC__F22_MG_STATIC__VS__MATCHED_FIXED_DE_PARETO,E1_STATIC,REJECT_SAFETY_FILTER,LIRCMOP7,10,0,0,0,comparator_rate_minus_proposed_rate,PRE_R10_SUPPORTING_DESCRIPTIVE_RESULT_AWARE__NO_NEW_CONFIRMATORY_INFERENCE
1,E1_STATIC__F22_MG_STATIC__VS__MATCHED_FIXED_DE_PARETO,E1_STATIC,REJECT_BUDGET_NO_FEASIBLE,LIRCMOP7,10,0,0,0,comparator_rate_minus_proposed_rate,PRE_R10_SUPPORTING_DESCRIPTIVE_RESULT_AWARE__NO_NEW_CONFIRMATORY_INFERENCE
1,E1_STATIC__F22_MG_STATIC__VS__MATCHED_FIXED_DE_PARETO,E1_STATIC,REJECT_NUMERICAL,LIRCMOP7,10,0,0,0,comparator_rate_minus_proposed_rate,PRE_R10_SUPPORTING_DESCRIPTIVE_RESULT_AWARE__NO_NEW_CONFIRMATORY_INFERENCE
1,E1_STATIC__F22_MG_STATIC__VS__MATCHED_FIXED_DE_PARETO,E1_STATIC,OTHER_NONACCEPTED,LIRCMOP7,10,0,0,0,comparator_rate_minus_proposed_rate,PRE_R10_SUPPORTING_DESCRIPTIVE_RESULT_AWARE__NO_NEW_CONFIRMATORY_INFERENCE
1,E1_STATIC__F22_MG_STATIC__VS__MATCHED_FIXED_DE_PARETO,E1_STATIC,FAILURE_RATE,LIRCMOP8,10,0,0,0,comparator_rate_minus_proposed_rate,PRE_R10_SUPPORTING_DESCRIPTIVE_RESULT_AWARE__NO_NEW_CONFIRMATORY_INFERENCE
1,E1_STATIC__F22_MG_STATIC__VS__MATCHED_FIXED_DE_PARETO,E1_STATIC,REJECT_SAFETY_FILTER,LIRCMOP8,10,0,0,0,comparator_rate_minus_proposed_rate,PRE_R10_SUPPORTING_DESCRIPTIVE_RESULT_AWARE__NO_NEW_CONFIRMATORY_INFERENCE
1,E1_STATIC__F22_MG_STATIC__VS__MATCHED_FIXED_DE_PARETO,E1_STATIC,REJECT_BUDGET_NO_FEASIBLE,LIRCMOP8,10,0,0,0,comparator_rate_minus_proposed_rate,PRE_R10_SUPPORTING_DESCRIPTIVE_RESULT_AWARE__NO_NEW_CONFIRMATORY_INFERENCE
1,E1_STATIC__F22_MG_STATIC__VS__MATCHED_FIXED_DE_PARETO,E1_STATIC,REJECT_NUMERICAL,LIRCMOP8,10,0,0,0,comparator_rate_minus_proposed_rate,PRE_R10_SUPPORTING_DESCRIPTIVE_RESULT_AWARE__NO_NEW_CONFIRMATORY_INFERENCE
1,E1_STATIC__F22_MG_STATIC__VS__MATCHED_FIXED_DE_PARETO,E1_STATIC,OTHER_NONACCEPTED,LIRCMOP8,10,0,0,0,comparator_rate_minus_proposed_rate,PRE_R10_SUPPORTING_DESCRIPTIVE_RESULT_AWARE__NO_NEW_CONFIRMATORY_INFERENCE
1,E1_STATIC__F22_MG_STATIC__VS__MATCHED_FIXED_DE_PARETO,E1_STATIC,FAILURE_RATE,LIRCMOP9,10,0,0,0,comparator_rate_minus_proposed_rate,PRE_R10_SUPPORTING_DESCRIPTIVE_RESULT_AWARE__NO_NEW_CONFIRMATORY_INFERENCE
1,E1_STATIC__F22_MG_STATIC__VS__MATCHED_FIXED_DE_PARETO,E1_STATIC,REJECT_SAFETY_FILTER,LIRCMOP9,10,0,0,0,comparator_rate_minus_proposed_rate,PRE_R10_SUPPORTING_DESCRIPTIVE_RESULT_AWARE__NO_NEW_CONFIRMATORY_INFERENCE
1,E1_STATIC__F22_MG_STATIC__VS__MATCHED_FIXED_DE_PARETO,E1_STATIC,REJECT_BUDGET_NO_FEASIBLE,LIRCMOP9,10,0,0,0,comparator_rate_minus_proposed_rate,PRE_R10_SUPPORTING_DESCRIPTIVE_RESULT_AWARE__NO_NEW_CONFIRMATORY_INFERENCE
1,E1_STATIC__F22_MG_STATIC__VS__MATCHED_FIXED_DE_PARETO,E1_STATIC,REJECT_NUMERICAL,LIRCMOP9,10,0,0,0,comparator_rate_minus_proposed_rate,PRE_R10_SUPPORTING_DESCRIPTIVE_RESULT_AWARE__NO_NEW_CONFIRMATORY_INFERENCE
1,E1_STATIC__F22_MG_STATIC__VS__MATCHED_FIXED_DE_PARETO,E1_STATIC,OTHER_NONACCEPTED,LIRCMOP9,10,0,0,0,comparator_rate_minus_proposed_rate,PRE_R10_SUPPORTING_DESCRIPTIVE_RESULT_AWARE__NO_NEW_CONFIRMATORY_INFERENCE
2,E1_STATIC__F22_MG_STATIC__VS__MATCHED_JDE_STYLE_PARETO,E1_STATIC,FAILURE_RATE,LIRCMOP1,10,0,0,0,comparator_rate_minus_proposed_rate,PRE_R10_SUPPORTING_DESCRIPTIVE_RESULT_AWARE__NO_NEW_CONFIRMATORY_INFERENCE
2,E1_STATIC__F22_MG_STATIC__VS__MATCHED_JDE_STYLE_PARETO,E1_STATIC,REJECT_SAFETY_FILTER,LIRCMOP1,10,0,0,0,comparator_rate_minus_proposed_rate,PRE_R10_SUPPORTING_DESCRIPTIVE_RESULT_AWARE__NO_NEW_CONFIRMATORY_INFERENCE
2,E1_STATIC__F22_MG_STATIC__VS__MATCHED_JDE_STYLE_PARETO,E1_STATIC,REJECT_BUDGET_NO_FEASIBLE,LIRCMOP1,10,0,0,0,comparator_rate_minus_proposed_rate,PRE_R10_SUPPORTING_DESCRIPTIVE_RESULT_AWARE__NO_NEW_CONFIRMATORY_INFERENCE
2,E1_STATIC__F22_MG_STATIC__VS__MATCHED_JDE_STYLE_PARETO,E1_STATIC,REJECT_NUMERICAL,LIRCMOP1,10,0,0,0,comparator_rate_minus_proposed_rate,PRE_R10_SUPPORTING_DESCRIPTIVE_RESULT_AWARE__NO_NEW_CONFIRMATORY_INFERENCE
2,E1_STATIC__F22_MG_STATIC__VS__MATCHED_JDE_STYLE_PARETO,E1_STATIC,OTHER_NONACCEPTED,LIRCMOP1,10,0,0,0,comparator_rate_minus_proposed_rate,PRE_R10_SUPPORTING_DESCRIPTIVE_RESULT_AWARE__NO_NEW_CONFIRMATORY_INFERENCE
2,E1_STATIC__F22_MG_STATIC__VS__MATCHED_JDE_STYLE_PARETO,E1_STATIC,FAILURE_RATE,LIRCMOP10,10,0,0,0,comparator_rate_minus_proposed_rate,PRE_R10_SUPPORTING_DESCRIPTIVE_RESULT_AWARE__NO_NEW_CONFIRMATORY_INFERENCE
2,E1_STATIC__F22_MG_STATIC__VS__MATCHED_JDE_STYLE_PARETO,E1_STATIC,REJECT_SAFETY_FILTER,LIRCMOP10,10,0,0,0,comparator_rate_minus_proposed_rate,PRE_R10_SUPPORTING_DESCRIPTIVE_RESULT_AWARE__NO_NEW_CONFIRMATORY_INFERENCE
2,E1_STATIC__F22_MG_STATIC__VS__MATCHED_JDE_STYLE_PARETO,E1_STATIC,REJECT_BUDGET_NO_FEASIBLE,LIRCMOP10,10,0,0,0,comparator_rate_minus_proposed_rate,PRE_R10_SUPPORTING_DESCRIPTIVE_RESULT_AWARE__NO_NEW_CONFIRMATORY_INFERENCE
2,E1_STATIC__F22_MG_STATIC__VS__MATCHED_JDE_STYLE_PARETO,E1_STATIC,REJECT_NUMERICAL,LIRCMOP10,10,0,0,0,comparator_rate_minus_proposed_rate,PRE_R10_SUPPORTING_DESCRIPTIVE_RESULT_AWARE__NO_NEW_CONFIRMATORY_INFERENCE
2,E1_STATIC__F22_MG_STATIC__VS__MATCHED_JDE_STYLE_PARETO,E1_STATIC,OTHER_NONACCEPTED,LIRCMOP10,10,0,0,0,comparator_rate_minus_proposed_rate,PRE_R10_SUPPORTING_DESCRIPTIVE_RESULT_AWARE__NO_NEW_CONFIRMATORY_INFERENCE
2,E1_STATIC__F22_MG_STATIC__VS__MATCHED_JDE_STYLE_PARETO,E1_STATIC,FAILURE_RATE,LIRCMOP11,10,0,0,0,comparator_rate_minus_proposed_rate,PRE_R10_SUPPORTING_DESCRIPTIVE_RESULT_AWARE__NO_NEW_CONFIRMATORY_INFERENCE
2,E1_STATIC__F22_MG_STATIC__VS__MATCHED_JDE_STYLE_PARETO,E1_STATIC,REJECT_SAFETY_FILTER,LIRCMOP11,10,0,0,0,comparator_rate_minus_proposed_rate,PRE_R10_SUPPORTING_DESCRIPTIVE_RESULT_AWARE__NO_NEW_CONFIRMATORY_INFERENCE
2,E1_STATIC__F22_MG_STATIC__VS__MATCHED_JDE_STYLE_PARETO,E1_STATIC,REJECT_BUDGET_NO_FEASIBLE,LIRCMOP11,10,0,0,0,comparator_rate_minus_proposed_rate,PRE_R10_SUPPORTING_DESCRIPTIVE_RESULT_AWARE__NO_NEW_CONFIRMATORY_INFERENCE
2,E1_STATIC__F22_MG_STATIC__VS__MATCHED_JDE_STYLE_PARETO,E1_STATIC,REJECT_NUMERICAL,LIRCMOP11,10,0,0,0,comparator_rate_minus_proposed_rate,PRE_R10_SUPPORTING_DESCRIPTIVE_RESULT_AWARE__NO_NEW_CONFIRMATORY_INFERENCE
2,E1_STATIC__F22_MG_STATIC__VS__MATCHED_JDE_STYLE_PARETO,E1_STATIC,OTHER_NONACCEPTED,LIRCMOP11,10,0,0,0,comparator_rate_minus_proposed_rate,PRE_R10_SUPPORTING_DESCRIPTIVE_RESULT_AWARE__NO_NEW_CONFIRMATORY_INFERENCE
2,E1_STATIC__F22_MG_STATIC__VS__MATCHED_JDE_STYLE_PARETO,E1_STATIC,FAILURE_RATE,LIRCMOP12,10,0,0,0,comparator_rate_minus_proposed_rate,PRE_R10_SUPPORTING_DESCRIPTIVE_RESULT_AWARE__NO_NEW_CONFIRMATORY_INFERENCE
2,E1_STATIC__F22_MG_STATIC__VS__MATCHED_JDE_STYLE_PARETO,E1_STATIC,REJECT_SAFETY_FILTER,LIRCMOP12,10,0,0,0,comparator_rate_minus_proposed_rate,PRE_R10_SUPPORTING_DESCRIPTIVE_RESULT_AWARE__NO_NEW_CONFIRMATORY_INFERENCE
2,E1_STATIC__F22_MG_STATIC__VS__MATCHED_JDE_STYLE_PARETO,E1_STATIC,REJECT_BUDGET_NO_FEASIBLE,LIRCMOP12,10,0,0,0,comparator_rate_minus_proposed_rate,PRE_R10_SUPPORTING_DESCRIPTIVE_RESULT_AWARE__NO_NEW_CONFIRMATORY_INFERENCE
2,E1_STATIC__F22_MG_STATIC__VS__MATCHED_JDE_STYLE_PARETO,E1_STATIC,REJECT_NUMERICAL,LIRCMOP12,10,0,0,0,comparator_rate_minus_proposed_rate,PRE_R10_SUPPORTING_DESCRIPTIVE_RESULT_AWARE__NO_NEW_CONFIRMATORY_INFERENCE
2,E1_STATIC__F22_MG_STATIC__VS__MATCHED_JDE_STYLE_PARETO,E1_STATIC,OTHER_NONACCEPTED,LIRCMOP12,10,0,0,0,comparator_rate_minus_proposed_rate,PRE_R10_SUPPORTING_DESCRIPTIVE_RESULT_AWARE__NO_NEW_CONFIRMATORY_INFERENCE
2,E1_STATIC__F22_MG_STATIC__VS__MATCHED_JDE_STYLE_PARETO,E1_STATIC,FAILURE_RATE,LIRCMOP13,10,0,0,0,comparator_rate_minus_proposed_rate,PRE_R10_SUPPORTING_DESCRIPTIVE_RESULT_AWARE__NO_NEW_CONFIRMATORY_INFERENCE
2,E1_STATIC__F22_MG_STATIC__VS__MATCHED_JDE_STYLE_PARETO,E1_STATIC,REJECT_SAFETY_FILTER,LIRCMOP13,10,0,0,0,comparator_rate_minus_proposed_rate,PRE_R10_SUPPORTING_DESCRIPTIVE_RESULT_AWARE__NO_NEW_CONFIRMATORY_INFERENCE
2,E1_STATIC__F22_MG_STATIC__VS__MATCHED_JDE_STYLE_PARETO,E1_STATIC,REJECT_BUDGET_NO_FEASIBLE,LIRCMOP13,10,0,0,0,comparator_rate_minus_proposed_rate,PRE_R10_SUPPORTING_DESCRIPTIVE_RESULT_AWARE__NO_NEW_CONFIRMATORY_INFERENCE
2,E1_STATIC__F22_MG_STATIC__VS__MATCHED_JDE_STYLE_PARETO,E1_STATIC,REJECT_NUMERICAL,LIRCMOP13,10,0,0,0,comparator_rate_minus_proposed_rate,PRE_R10_SUPPORTING_DESCRIPTIVE_RESULT_AWARE__NO_NEW_CONFIRMATORY_INFERENCE
2,E1_STATIC__F22_MG_STATIC__VS__MATCHED_JDE_STYLE_PARETO,E1_STATIC,OTHER_NONACCEPTED,LIRCMOP13,10,0,0,0,comparator_rate_minus_proposed_rate,PRE_R10_SUPPORTING_DESCRIPTIVE_RESULT_AWARE__NO_NEW_CONFIRMATORY_INFERENCE
2,E1_STATIC__F22_MG_STATIC__VS__MATCHED_JDE_STYLE_PARETO,E1_STATIC,FAILURE_RATE,LIRCMOP14,10,0,0,0,comparator_rate_minus_proposed_rate,PRE_R10_SUPPORTING_DESCRIPTIVE_RESULT_AWARE__NO_NEW_CONFIRMATORY_INFERENCE
2,E1_STATIC__F22_MG_STATIC__VS__MATCHED_JDE_STYLE_PARETO,E1_STATIC,REJECT_SAFETY_FILTER,LIRCMOP14,10,0,0,0,comparator_rate_minus_proposed_rate,PRE_R10_SUPPORTING_DESCRIPTIVE_RESULT_AWARE__NO_NEW_CONFIRMATORY_INFERENCE
2,E1_STATIC__F22_MG_STATIC__VS__MATCHED_JDE_STYLE_PARETO,E1_STATIC,REJECT_BUDGET_NO_FEASIBLE,LIRCMOP14,10,0,0,0,comparator_rate_minus_proposed_rate,PRE_R10_SUPPORTING_DESCRIPTIVE_RESULT_AWARE__NO_NEW_CONFIRMATORY_INFERENCE
2,E1_STATIC__F22_MG_STATIC__VS__MATCHED_JDE_STYLE_PARETO,E1_STATIC,REJECT_NUMERICAL,LIRCMOP14,10,0,0,0,comparator_rate_minus_proposed_rate,PRE_R10_SUPPORTING_DESCRIPTIVE_RESULT_AWARE__NO_NEW_CONFIRMATORY_INFERENCE
2,E1_STATIC__F22_MG_STATIC__VS__MATCHED_JDE_STYLE_PARETO,E1_STATIC,OTHER_NONACCEPTED,LIRCMOP14,10,0,0,0,comparator_rate_minus_proposed_rate,PRE_R10_SUPPORTING_DESCRIPTIVE_RESULT_AWARE__NO_NEW_CONFIRMATORY_INFERENCE
2,E1_STATIC__F22_MG_STATIC__VS__MATCHED_JDE_STYLE_PARETO,E1_STATIC,FAILURE_RATE,LIRCMOP2,10,0,0,0,comparator_rate_minus_proposed_rate,PRE_R10_SUPPORTING_DESCRIPTIVE_RESULT_AWARE__NO_NEW_CONFIRMATORY_INFERENCE
2,E1_STATIC__F22_MG_STATIC__VS__MATCHED_JDE_STYLE_PARETO,E1_STATIC,REJECT_SAFETY_FILTER,LIRCMOP2,10,0,0,0,comparator_rate_minus_proposed_rate,PRE_R10_SUPPORTING_DESCRIPTIVE_RESULT_AWARE__NO_NEW_CONFIRMATORY_INFERENCE
2,E1_STATIC__F22_MG_STATIC__VS__MATCHED_JDE_STYLE_PARETO,E1_STATIC,REJECT_BUDGET_NO_FEASIBLE,LIRCMOP2,10,0,0,0,comparator_rate_minus_proposed_rate,PRE_R10_SUPPORTING_DESCRIPTIVE_RESULT_AWARE__NO_NEW_CONFIRMATORY_INFERENCE
2,E1_STATIC__F22_MG_STATIC__VS__MATCHED_JDE_STYLE_PARETO,E1_STATIC,REJECT_NUMERICAL,LIRCMOP2,10,0,0,0,comparator_rate_minus_proposed_rate,PRE_R10_SUPPORTING_DESCRIPTIVE_RESULT_AWARE__NO_NEW_CONFIRMATORY_INFERENCE
2,E1_STATIC__F22_MG_STATIC__VS__MATCHED_JDE_STYLE_PARETO,E1_STATIC,OTHER_NONACCEPTED,LIRCMOP2,10,0,0,0,comparator_rate_minus_proposed_rate,PRE_R10_SUPPORTING_DESCRIPTIVE_RESULT_AWARE__NO_NEW_CONFIRMATORY_INFERENCE
2,E1_STATIC__F22_MG_STATIC__VS__MATCHED_JDE_STYLE_PARETO,E1_STATIC,FAILURE_RATE,LIRCMOP3,10,0,0,0,comparator_rate_minus_proposed_rate,PRE_R10_SUPPORTING_DESCRIPTIVE_RESULT_AWARE__NO_NEW_CONFIRMATORY_INFERENCE
2,E1_STATIC__F22_MG_STATIC__VS__MATCHED_JDE_STYLE_PARETO,E1_STATIC,REJECT_SAFETY_FILTER,LIRCMOP3,10,0,0,0,comparator_rate_minus_proposed_rate,PRE_R10_SUPPORTING_DESCRIPTIVE_RESULT_AWARE__NO_NEW_CONFIRMATORY_INFERENCE
2,E1_STATIC__F22_MG_STATIC__VS__MATCHED_JDE_STYLE_PARETO,E1_STATIC,REJECT_BUDGET_NO_FEASIBLE,LIRCMOP3,10,0,0,0,comparator_rate_minus_proposed_rate,PRE_R10_SUPPORTING_DESCRIPTIVE_RESULT_AWARE__NO_NEW_CONFIRMATORY_INFERENCE
2,E1_STATIC__F22_MG_STATIC__VS__MATCHED_JDE_STYLE_PARETO,E1_STATIC,REJECT_NUMERICAL,LIRCMOP3,10,0,0,0,comparator_rate_minus_proposed_rate,PRE_R10_SUPPORTING_DESCRIPTIVE_RESULT_AWARE__NO_NEW_CONFIRMATORY_INFERENCE
2,E1_STATIC__F22_MG_STATIC__VS__MATCHED_JDE_STYLE_PARETO,E1_STATIC,OTHER_NONACCEPTED,LIRCMOP3,10,0,0,0,comparator_rate_minus_proposed_rate,PRE_R10_SUPPORTING_DESCRIPTIVE_RESULT_AWARE__NO_NEW_CONFIRMATORY_INFERENCE
2,E1_STATIC__F22_MG_STATIC__VS__MATCHED_JDE_STYLE_PARETO,E1_STATIC,FAILURE_RATE,LIRCMOP4,10,0,0,0,comparator_rate_minus_proposed_rate,PRE_R10_SUPPORTING_DESCRIPTIVE_RESULT_AWARE__NO_NEW_CONFIRMATORY_INFERENCE
2,E1_STATIC__F22_MG_STATIC__VS__MATCHED_JDE_STYLE_PARETO,E1_STATIC,REJECT_SAFETY_FILTER,LIRCMOP4,10,0,0,0,comparator_rate_minus_proposed_rate,PRE_R10_SUPPORTING_DESCRIPTIVE_RESULT_AWARE__NO_NEW_CONFIRMATORY_INFERENCE
2,E1_STATIC__F22_MG_STATIC__VS__MATCHED_JDE_STYLE_PARETO,E1_STATIC,REJECT_BUDGET_NO_FEASIBLE,LIRCMOP4,10,0,0,0,comparator_rate_minus_proposed_rate,PRE_R10_SUPPORTING_DESCRIPTIVE_RESULT_AWARE__NO_NEW_CONFIRMATORY_INFERENCE
2,E1_STATIC__F22_MG_STATIC__VS__MATCHED_JDE_STYLE_PARETO,E1_STATIC,REJECT_NUMERICAL,LIRCMOP4,10,0,0,0,comparator_rate_minus_proposed_rate,PRE_R10_SUPPORTING_DESCRIPTIVE_RESULT_AWARE__NO_NEW_CONFIRMATORY_INFERENCE
2,E1_STATIC__F22_MG_STATIC__VS__MATCHED_JDE_STYLE_PARETO,E1_STATIC,OTHER_NONACCEPTED,LIRCMOP4,10,0,0,0,comparator_rate_minus_proposed_rate,PRE_R10_SUPPORTING_DESCRIPTIVE_RESULT_AWARE__NO_NEW_CONFIRMATORY_INFERENCE
2,E1_STATIC__F22_MG_STATIC__VS__MATCHED_JDE_STYLE_PARETO,E1_STATIC,FAILURE_RATE,LIRCMOP5,10,0,0,0,comparator_rate_minus_proposed_rate,PRE_R10_SUPPORTING_DESCRIPTIVE_RESULT_AWARE__NO_NEW_CONFIRMATORY_INFERENCE
2,E1_STATIC__F22_MG_STATIC__VS__MATCHED_JDE_STYLE_PARETO,E1_STATIC,REJECT_SAFETY_FILTER,LIRCMOP5,10,0,0,0,comparator_rate_minus_proposed_rate,PRE_R10_SUPPORTING_DESCRIPTIVE_RESULT_AWARE__NO_NEW_CONFIRMATORY_INFERENCE
2,E1_STATIC__F22_MG_STATIC__VS__MATCHED_JDE_STYLE_PARETO,E1_STATIC,REJECT_BUDGET_NO_FEASIBLE,LIRCMOP5,10,0,0,0,comparator_rate_minus_proposed_rate,PRE_R10_SUPPORTING_DESCRIPTIVE_RESULT_AWARE__NO_NEW_CONFIRMATORY_INFERENCE
2,E1_STATIC__F22_MG_STATIC__VS__MATCHED_JDE_STYLE_PARETO,E1_STATIC,REJECT_NUMERICAL,LIRCMOP5,10,0,0,0,comparator_rate_minus_proposed_rate,PRE_R10_SUPPORTING_DESCRIPTIVE_RESULT_AWARE__NO_NEW_CONFIRMATORY_INFERENCE
2,E1_STATIC__F22_MG_STATIC__VS__MATCHED_JDE_STYLE_PARETO,E1_STATIC,OTHER_NONACCEPTED,LIRCMOP5,10,0,0,0,comparator_rate_minus_proposed_rate,PRE_R10_SUPPORTING_DESCRIPTIVE_RESULT_AWARE__NO_NEW_CONFIRMATORY_INFERENCE
2,E1_STATIC__F22_MG_STATIC__VS__MATCHED_JDE_STYLE_PARETO,E1_STATIC,FAILURE_RATE,LIRCMOP6,10,0,0,0,comparator_rate_minus_proposed_rate,PRE_R10_SUPPORTING_DESCRIPTIVE_RESULT_AWARE__NO_NEW_CONFIRMATORY_INFERENCE
2,E1_STATIC__F22_MG_STATIC__VS__MATCHED_JDE_STYLE_PARETO,E1_STATIC,REJECT_SAFETY_FILTER,LIRCMOP6,10,0,0,0,comparator_rate_minus_proposed_rate,PRE_R10_SUPPORTING_DESCRIPTIVE_RESULT_AWARE__NO_NEW_CONFIRMATORY_INFERENCE
2,E1_STATIC__F22_MG_STATIC__VS__MATCHED_JDE_STYLE_PARETO,E1_STATIC,REJECT_BUDGET_NO_FEASIBLE,LIRCMOP6,10,0,0,0,comparator_rate_minus_proposed_rate,PRE_R10_SUPPORTING_DESCRIPTIVE_RESULT_AWARE__NO_NEW_CONFIRMATORY_INFERENCE
2,E1_STATIC__F22_MG_STATIC__VS__MATCHED_JDE_STYLE_PARETO,E1_STATIC,REJECT_NUMERICAL,LIRCMOP6,10,0,0,0,comparator_rate_minus_proposed_rate,PRE_R10_SUPPORTING_DESCRIPTIVE_RESULT_AWARE__NO_NEW_CONFIRMATORY_INFERENCE
2,E1_STATIC__F22_MG_STATIC__VS__MATCHED_JDE_STYLE_PARETO,E1_STATIC,OTHER_NONACCEPTED,LIRCMOP6,10,0,0,0,comparator_rate_minus_proposed_rate,PRE_R10_SUPPORTING_DESCRIPTIVE_RESULT_AWARE__NO_NEW_CONFIRMATORY_INFERENCE
2,E1_STATIC__F22_MG_STATIC__VS__MATCHED_JDE_STYLE_PARETO,E1_STATIC,FAILURE_RATE,LIRCMOP7,10,0,0,0,comparator_rate_minus_proposed_rate,PRE_R10_SUPPORTING_DESCRIPTIVE_RESULT_AWARE__NO_NEW_CONFIRMATORY_INFERENCE
2,E1_STATIC__F22_MG_STATIC__VS__MATCHED_JDE_STYLE_PARETO,E1_STATIC,REJECT_SAFETY_FILTER,LIRCMOP7,10,0,0,0,comparator_rate_minus_proposed_rate,PRE_R10_SUPPORTING_DESCRIPTIVE_RESULT_AWARE__NO_NEW_CONFIRMATORY_INFERENCE
2,E1_STATIC__F22_MG_STATIC__VS__MATCHED_JDE_STYLE_PARETO,E1_STATIC,REJECT_BUDGET_NO_FEASIBLE,LIRCMOP7,10,0,0,0,comparator_rate_minus_proposed_rate,PRE_R10_SUPPORTING_DESCRIPTIVE_RESULT_AWARE__NO_NEW_CONFIRMATORY_INFERENCE
2,E1_STATIC__F22_MG_STATIC__VS__MATCHED_JDE_STYLE_PARETO,E1_STATIC,REJECT_NUMERICAL,LIRCMOP7,10,0,0,0,comparator_rate_minus_proposed_rate,PRE_R10_SUPPORTING_DESCRIPTIVE_RESULT_AWARE__NO_NEW_CONFIRMATORY_INFERENCE
2,E1_STATIC__F22_MG_STATIC__VS__MATCHED_JDE_STYLE_PARETO,E1_STATIC,OTHER_NONACCEPTED,LIRCMOP7,10,0,0,0,comparator_rate_minus_proposed_rate,PRE_R10_SUPPORTING_DESCRIPTIVE_RESULT_AWARE__NO_NEW_CONFIRMATORY_INFERENCE
2,E1_STATIC__F22_MG_STATIC__VS__MATCHED_JDE_STYLE_PARETO,E1_STATIC,FAILURE_RATE,LIRCMOP8,10,0,0,0,comparator_rate_minus_proposed_rate,PRE_R10_SUPPORTING_DESCRIPTIVE_RESULT_AWARE__NO_NEW_CONFIRMATORY_INFERENCE
2,E1_STATIC__F22_MG_STATIC__VS__MATCHED_JDE_STYLE_PARETO,E1_STATIC,REJECT_SAFETY_FILTER,LIRCMOP8,10,0,0,0,comparator_rate_minus_proposed_rate,PRE_R10_SUPPORTING_DESCRIPTIVE_RESULT_AWARE__NO_NEW_CONFIRMATORY_INFERENCE
2,E1_STATIC__F22_MG_STATIC__VS__MATCHED_JDE_STYLE_PARETO,E1_STATIC,REJECT_BUDGET_NO_FEASIBLE,LIRCMOP8,10,0,0,0,comparator_rate_minus_proposed_rate,PRE_R10_SUPPORTING_DESCRIPTIVE_RESULT_AWARE__NO_NEW_CONFIRMATORY_INFERENCE
2,E1_STATIC__F22_MG_STATIC__VS__MATCHED_JDE_STYLE_PARETO,E1_STATIC,REJECT_NUMERICAL,LIRCMOP8,10,0,0,0,comparator_rate_minus_proposed_rate,PRE_R10_SUPPORTING_DESCRIPTIVE_RESULT_AWARE__NO_NEW_CONFIRMATORY_INFERENCE
2,E1_STATIC__F22_MG_STATIC__VS__MATCHED_JDE_STYLE_PARETO,E1_STATIC,OTHER_NONACCEPTED,LIRCMOP8,10,0,0,0,comparator_rate_minus_proposed_rate,PRE_R10_SUPPORTING_DESCRIPTIVE_RESULT_AWARE__NO_NEW_CONFIRMATORY_INFERENCE
2,E1_STATIC__F22_MG_STATIC__VS__MATCHED_JDE_STYLE_PARETO,E1_STATIC,FAILURE_RATE,LIRCMOP9,10,0,0,0,comparator_rate_minus_proposed_rate,PRE_R10_SUPPORTING_DESCRIPTIVE_RESULT_AWARE__NO_NEW_CONFIRMATORY_INFERENCE
2,E1_STATIC__F22_MG_STATIC__VS__MATCHED_JDE_STYLE_PARETO,E1_STATIC,REJECT_SAFETY_FILTER,LIRCMOP9,10,0,0,0,comparator_rate_minus_proposed_rate,PRE_R10_SUPPORTING_DESCRIPTIVE_RESULT_AWARE__NO_NEW_CONFIRMATORY_INFERENCE
2,E1_STATIC__F22_MG_STATIC__VS__MATCHED_JDE_STYLE_PARETO,E1_STATIC,REJECT_BUDGET_NO_FEASIBLE,LIRCMOP9,10,0,0,0,comparator_rate_minus_proposed_rate,PRE_R10_SUPPORTING_DESCRIPTIVE_RESULT_AWARE__NO_NEW_CONFIRMATORY_INFERENCE
2,E1_STATIC__F22_MG_STATIC__VS__MATCHED_JDE_STYLE_PARETO,E1_STATIC,REJECT_NUMERICAL,LIRCMOP9,10,0,0,0,comparator_rate_minus_proposed_rate,PRE_R10_SUPPORTING_DESCRIPTIVE_RESULT_AWARE__NO_NEW_CONFIRMATORY_INFERENCE
2,E1_STATIC__F22_MG_STATIC__VS__MATCHED_JDE_STYLE_PARETO,E1_STATIC,OTHER_NONACCEPTED,LIRCMOP9,10,0,0,0,comparator_rate_minus_proposed_rate,PRE_R10_SUPPORTING_DESCRIPTIVE_RESULT_AWARE__NO_NEW_CONFIRMATORY_INFERENCE
3,E1_STATIC__F22_MG_STATIC__VS__MATCHED_SHADE_STYLE_PARETO,E1_STATIC,FAILURE_RATE,LIRCMOP1,10,0,0,0,comparator_rate_minus_proposed_rate,PRE_R10_SUPPORTING_DESCRIPTIVE_RESULT_AWARE__NO_NEW_CONFIRMATORY_INFERENCE
3,E1_STATIC__F22_MG_STATIC__VS__MATCHED_SHADE_STYLE_PARETO,E1_STATIC,REJECT_SAFETY_FILTER,LIRCMOP1,10,0,0,0,comparator_rate_minus_proposed_rate,PRE_R10_SUPPORTING_DESCRIPTIVE_RESULT_AWARE__NO_NEW_CONFIRMATORY_INFERENCE
3,E1_STATIC__F22_MG_STATIC__VS__MATCHED_SHADE_STYLE_PARETO,E1_STATIC,REJECT_BUDGET_NO_FEASIBLE,LIRCMOP1,10,0,0,0,comparator_rate_minus_proposed_rate,PRE_R10_SUPPORTING_DESCRIPTIVE_RESULT_AWARE__NO_NEW_CONFIRMATORY_INFERENCE
3,E1_STATIC__F22_MG_STATIC__VS__MATCHED_SHADE_STYLE_PARETO,E1_STATIC,REJECT_NUMERICAL,LIRCMOP1,10,0,0,0,comparator_rate_minus_proposed_rate,PRE_R10_SUPPORTING_DESCRIPTIVE_RESULT_AWARE__NO_NEW_CONFIRMATORY_INFERENCE
3,E1_STATIC__F22_MG_STATIC__VS__MATCHED_SHADE_STYLE_PARETO,E1_STATIC,OTHER_NONACCEPTED,LIRCMOP1,10,0,0,0,comparator_rate_minus_proposed_rate,PRE_R10_SUPPORTING_DESCRIPTIVE_RESULT_AWARE__NO_NEW_CONFIRMATORY_INFERENCE
3,E1_STATIC__F22_MG_STATIC__VS__MATCHED_SHADE_STYLE_PARETO,E1_STATIC,FAILURE_RATE,LIRCMOP10,10,0,0,0,comparator_rate_minus_proposed_rate,PRE_R10_SUPPORTING_DESCRIPTIVE_RESULT_AWARE__NO_NEW_CONFIRMATORY_INFERENCE
3,E1_STATIC__F22_MG_STATIC__VS__MATCHED_SHADE_STYLE_PARETO,E1_STATIC,REJECT_SAFETY_FILTER,LIRCMOP10,10,0,0,0,comparator_rate_minus_proposed_rate,PRE_R10_SUPPORTING_DESCRIPTIVE_RESULT_AWARE__NO_NEW_CONFIRMATORY_INFERENCE
3,E1_STATIC__F22_MG_STATIC__VS__MATCHED_SHADE_STYLE_PARETO,E1_STATIC,REJECT_BUDGET_NO_FEASIBLE,LIRCMOP10,10,0,0,0,comparator_rate_minus_proposed_rate,PRE_R10_SUPPORTING_DESCRIPTIVE_RESULT_AWARE__NO_NEW_CONFIRMATORY_INFERENCE
3,E1_STATIC__F22_MG_STATIC__VS__MATCHED_SHADE_STYLE_PARETO,E1_STATIC,REJECT_NUMERICAL,LIRCMOP10,10,0,0,0,comparator_rate_minus_proposed_rate,PRE_R10_SUPPORTING_DESCRIPTIVE_RESULT_AWARE__NO_NEW_CONFIRMATORY_INFERENCE
3,E1_STATIC__F22_MG_STATIC__VS__MATCHED_SHADE_STYLE_PARETO,E1_STATIC,OTHER_NONACCEPTED,LIRCMOP10,10,0,0,0,comparator_rate_minus_proposed_rate,PRE_R10_SUPPORTING_DESCRIPTIVE_RESULT_AWARE__NO_NEW_CONFIRMATORY_INFERENCE
3,E1_STATIC__F22_MG_STATIC__VS__MATCHED_SHADE_STYLE_PARETO,E1_STATIC,FAILURE_RATE,LIRCMOP11,10,0,0,0,comparator_rate_minus_proposed_rate,PRE_R10_SUPPORTING_DESCRIPTIVE_RESULT_AWARE__NO_NEW_CONFIRMATORY_INFERENCE
3,E1_STATIC__F22_MG_STATIC__VS__MATCHED_SHADE_STYLE_PARETO,E1_STATIC,REJECT_SAFETY_FILTER,LIRCMOP11,10,0,0,0,comparator_rate_minus_proposed_rate,PRE_R10_SUPPORTING_DESCRIPTIVE_RESULT_AWARE__NO_NEW_CONFIRMATORY_INFERENCE
3,E1_STATIC__F22_MG_STATIC__VS__MATCHED_SHADE_STYLE_PARETO,E1_STATIC,REJECT_BUDGET_NO_FEASIBLE,LIRCMOP11,10,0,0,0,comparator_rate_minus_proposed_rate,PRE_R10_SUPPORTING_DESCRIPTIVE_RESULT_AWARE__NO_NEW_CONFIRMATORY_INFERENCE
3,E1_STATIC__F22_MG_STATIC__VS__MATCHED_SHADE_STYLE_PARETO,E1_STATIC,REJECT_NUMERICAL,LIRCMOP11,10,0,0,0,comparator_rate_minus_proposed_rate,PRE_R10_SUPPORTING_DESCRIPTIVE_RESULT_AWARE__NO_NEW_CONFIRMATORY_INFERENCE
3,E1_STATIC__F22_MG_STATIC__VS__MATCHED_SHADE_STYLE_PARETO,E1_STATIC,OTHER_NONACCEPTED,LIRCMOP11,10,0,0,0,comparator_rate_minus_proposed_rate,PRE_R10_SUPPORTING_DESCRIPTIVE_RESULT_AWARE__NO_NEW_CONFIRMATORY_INFERENCE
3,E1_STATIC__F22_MG_STATIC__VS__MATCHED_SHADE_STYLE_PARETO,E1_STATIC,FAILURE_RATE,LIRCMOP12,10,0,0,0,comparator_rate_minus_proposed_rate,PRE_R10_SUPPORTING_DESCRIPTIVE_RESULT_AWARE__NO_NEW_CONFIRMATORY_INFERENCE
3,E1_STATIC__F22_MG_STATIC__VS__MATCHED_SHADE_STYLE_PARETO,E1_STATIC,REJECT_SAFETY_FILTER,LIRCMOP12,10,0,0,0,comparator_rate_minus_proposed_rate,PRE_R10_SUPPORTING_DESCRIPTIVE_RESULT_AWARE__NO_NEW_CONFIRMATORY_INFERENCE
3,E1_STATIC__F22_MG_STATIC__VS__MATCHED_SHADE_STYLE_PARETO,E1_STATIC,REJECT_BUDGET_NO_FEASIBLE,LIRCMOP12,10,0,0,0,comparator_rate_minus_proposed_rate,PRE_R10_SUPPORTING_DESCRIPTIVE_RESULT_AWARE__NO_NEW_CONFIRMATORY_INFERENCE
3,E1_STATIC__F22_MG_STATIC__VS__MATCHED_SHADE_STYLE_PARETO,E1_STATIC,REJECT_NUMERICAL,LIRCMOP12,10,0,0,0,comparator_rate_minus_proposed_rate,PRE_R10_SUPPORTING_DESCRIPTIVE_RESULT_AWARE__NO_NEW_CONFIRMATORY_INFERENCE
3,E1_STATIC__F22_MG_STATIC__VS__MATCHED_SHADE_STYLE_PARETO,E1_STATIC,OTHER_NONACCEPTED,LIRCMOP12,10,0,0,0,comparator_rate_minus_proposed_rate,PRE_R10_SUPPORTING_DESCRIPTIVE_RESULT_AWARE__NO_NEW_CONFIRMATORY_INFERENCE
3,E1_STATIC__F22_MG_STATIC__VS__MATCHED_SHADE_STYLE_PARETO,E1_STATIC,FAILURE_RATE,LIRCMOP13,10,0,0,0,comparator_rate_minus_proposed_rate,PRE_R10_SUPPORTING_DESCRIPTIVE_RESULT_AWARE__NO_NEW_CONFIRMATORY_INFERENCE
3,E1_STATIC__F22_MG_STATIC__VS__MATCHED_SHADE_STYLE_PARETO,E1_STATIC,REJECT_SAFETY_FILTER,LIRCMOP13,10,0,0,0,comparator_rate_minus_proposed_rate,PRE_R10_SUPPORTING_DESCRIPTIVE_RESULT_AWARE__NO_NEW_CONFIRMATORY_INFERENCE
3,E1_STATIC__F22_MG_STATIC__VS__MATCHED_SHADE_STYLE_PARETO,E1_STATIC,REJECT_BUDGET_NO_FEASIBLE,LIRCMOP13,10,0,0,0,comparator_rate_minus_proposed_rate,PRE_R10_SUPPORTING_DESCRIPTIVE_RESULT_AWARE__NO_NEW_CONFIRMATORY_INFERENCE
3,E1_STATIC__F22_MG_STATIC__VS__MATCHED_SHADE_STYLE_PARETO,E1_STATIC,REJECT_NUMERICAL,LIRCMOP13,10,0,0,0,comparator_rate_minus_proposed_rate,PRE_R10_SUPPORTING_DESCRIPTIVE_RESULT_AWARE__NO_NEW_CONFIRMATORY_INFERENCE
3,E1_STATIC__F22_MG_STATIC__VS__MATCHED_SHADE_STYLE_PARETO,E1_STATIC,OTHER_NONACCEPTED,LIRCMOP13,10,0,0,0,comparator_rate_minus_proposed_rate,PRE_R10_SUPPORTING_DESCRIPTIVE_RESULT_AWARE__NO_NEW_CONFIRMATORY_INFERENCE
3,E1_STATIC__F22_MG_STATIC__VS__MATCHED_SHADE_STYLE_PARETO,E1_STATIC,FAILURE_RATE,LIRCMOP14,10,0,0,0,comparator_rate_minus_proposed_rate,PRE_R10_SUPPORTING_DESCRIPTIVE_RESULT_AWARE__NO_NEW_CONFIRMATORY_INFERENCE
3,E1_STATIC__F22_MG_STATIC__VS__MATCHED_SHADE_STYLE_PARETO,E1_STATIC,REJECT_SAFETY_FILTER,LIRCMOP14,10,0,0,0,comparator_rate_minus_proposed_rate,PRE_R10_SUPPORTING_DESCRIPTIVE_RESULT_AWARE__NO_NEW_CONFIRMATORY_INFERENCE
3,E1_STATIC__F22_MG_STATIC__VS__MATCHED_SHADE_STYLE_PARETO,E1_STATIC,REJECT_BUDGET_NO_FEASIBLE,LIRCMOP14,10,0,0,0,comparator_rate_minus_proposed_rate,PRE_R10_SUPPORTING_DESCRIPTIVE_RESULT_AWARE__NO_NEW_CONFIRMATORY_INFERENCE
3,E1_STATIC__F22_MG_STATIC__VS__MATCHED_SHADE_STYLE_PARETO,E1_STATIC,REJECT_NUMERICAL,LIRCMOP14,10,0,0,0,comparator_rate_minus_proposed_rate,PRE_R10_SUPPORTING_DESCRIPTIVE_RESULT_AWARE__NO_NEW_CONFIRMATORY_INFERENCE
3,E1_STATIC__F22_MG_STATIC__VS__MATCHED_SHADE_STYLE_PARETO,E1_STATIC,OTHER_NONACCEPTED,LIRCMOP14,10,0,0,0,comparator_rate_minus_proposed_rate,PRE_R10_SUPPORTING_DESCRIPTIVE_RESULT_AWARE__NO_NEW_CONFIRMATORY_INFERENCE
3,E1_STATIC__F22_MG_STATIC__VS__MATCHED_SHADE_STYLE_PARETO,E1_STATIC,FAILURE_RATE,LIRCMOP2,10,0,0,0,comparator_rate_minus_proposed_rate,PRE_R10_SUPPORTING_DESCRIPTIVE_RESULT_AWARE__NO_NEW_CONFIRMATORY_INFERENCE
3,E1_STATIC__F22_MG_STATIC__VS__MATCHED_SHADE_STYLE_PARETO,E1_STATIC,REJECT_SAFETY_FILTER,LIRCMOP2,10,0,0,0,comparator_rate_minus_proposed_rate,PRE_R10_SUPPORTING_DESCRIPTIVE_RESULT_AWARE__NO_NEW_CONFIRMATORY_INFERENCE
3,E1_STATIC__F22_MG_STATIC__VS__MATCHED_SHADE_STYLE_PARETO,E1_STATIC,REJECT_BUDGET_NO_FEASIBLE,LIRCMOP2,10,0,0,0,comparator_rate_minus_proposed_rate,PRE_R10_SUPPORTING_DESCRIPTIVE_RESULT_AWARE__NO_NEW_CONFIRMATORY_INFERENCE
3,E1_STATIC__F22_MG_STATIC__VS__MATCHED_SHADE_STYLE_PARETO,E1_STATIC,REJECT_NUMERICAL,LIRCMOP2,10,0,0,0,comparator_rate_minus_proposed_rate,PRE_R10_SUPPORTING_DESCRIPTIVE_RESULT_AWARE__NO_NEW_CONFIRMATORY_INFERENCE
3,E1_STATIC__F22_MG_STATIC__VS__MATCHED_SHADE_STYLE_PARETO,E1_STATIC,OTHER_NONACCEPTED,LIRCMOP2,10,0,0,0,comparator_rate_minus_proposed_rate,PRE_R10_SUPPORTING_DESCRIPTIVE_RESULT_AWARE__NO_NEW_CONFIRMATORY_INFERENCE
3,E1_STATIC__F22_MG_STATIC__VS__MATCHED_SHADE_STYLE_PARETO,E1_STATIC,FAILURE_RATE,LIRCMOP3,10,0,0,0,comparator_rate_minus_proposed_rate,PRE_R10_SUPPORTING_DESCRIPTIVE_RESULT_AWARE__NO_NEW_CONFIRMATORY_INFERENCE
3,E1_STATIC__F22_MG_STATIC__VS__MATCHED_SHADE_STYLE_PARETO,E1_STATIC,REJECT_SAFETY_FILTER,LIRCMOP3,10,0,0,0,comparator_rate_minus_proposed_rate,PRE_R10_SUPPORTING_DESCRIPTIVE_RESULT_AWARE__NO_NEW_CONFIRMATORY_INFERENCE
3,E1_STATIC__F22_MG_STATIC__VS__MATCHED_SHADE_STYLE_PARETO,E1_STATIC,REJECT_BUDGET_NO_FEASIBLE,LIRCMOP3,10,0,0,0,comparator_rate_minus_proposed_rate,PRE_R10_SUPPORTING_DESCRIPTIVE_RESULT_AWARE__NO_NEW_CONFIRMATORY_INFERENCE
3,E1_STATIC__F22_MG_STATIC__VS__MATCHED_SHADE_STYLE_PARETO,E1_STATIC,REJECT_NUMERICAL,LIRCMOP3,10,0,0,0,comparator_rate_minus_proposed_rate,PRE_R10_SUPPORTING_DESCRIPTIVE_RESULT_AWARE__NO_NEW_CONFIRMATORY_INFERENCE
3,E1_STATIC__F22_MG_STATIC__VS__MATCHED_SHADE_STYLE_PARETO,E1_STATIC,OTHER_NONACCEPTED,LIRCMOP3,10,0,0,0,comparator_rate_minus_proposed_rate,PRE_R10_SUPPORTING_DESCRIPTIVE_RESULT_AWARE__NO_NEW_CONFIRMATORY_INFERENCE
3,E1_STATIC__F22_MG_STATIC__VS__MATCHED_SHADE_STYLE_PARETO,E1_STATIC,FAILURE_RATE,LIRCMOP4,10,0,0,0,comparator_rate_minus_proposed_rate,PRE_R10_SUPPORTING_DESCRIPTIVE_RESULT_AWARE__NO_NEW_CONFIRMATORY_INFERENCE
3,E1_STATIC__F22_MG_STATIC__VS__MATCHED_SHADE_STYLE_PARETO,E1_STATIC,REJECT_SAFETY_FILTER,LIRCMOP4,10,0,0,0,comparator_rate_minus_proposed_rate,PRE_R10_SUPPORTING_DESCRIPTIVE_RESULT_AWARE__NO_NEW_CONFIRMATORY_INFERENCE
3,E1_STATIC__F22_MG_STATIC__VS__MATCHED_SHADE_STYLE_PARETO,E1_STATIC,REJECT_BUDGET_NO_FEASIBLE,LIRCMOP4,10,0,0,0,comparator_rate_minus_proposed_rate,PRE_R10_SUPPORTING_DESCRIPTIVE_RESULT_AWARE__NO_NEW_CONFIRMATORY_INFERENCE
3,E1_STATIC__F22_MG_STATIC__VS__MATCHED_SHADE_STYLE_PARETO,E1_STATIC,REJECT_NUMERICAL,LIRCMOP4,10,0,0,0,comparator_rate_minus_proposed_rate,PRE_R10_SUPPORTING_DESCRIPTIVE_RESULT_AWARE__NO_NEW_CONFIRMATORY_INFERENCE
3,E1_STATIC__F22_MG_STATIC__VS__MATCHED_SHADE_STYLE_PARETO,E1_STATIC,OTHER_NONACCEPTED,LIRCMOP4,10,0,0,0,comparator_rate_minus_proposed_rate,PRE_R10_SUPPORTING_DESCRIPTIVE_RESULT_AWARE__NO_NEW_CONFIRMATORY_INFERENCE
3,E1_STATIC__F22_MG_STATIC__VS__MATCHED_SHADE_STYLE_PARETO,E1_STATIC,FAILURE_RATE,LIRCMOP5,10,0,0,0,comparator_rate_minus_proposed_rate,PRE_R10_SUPPORTING_DESCRIPTIVE_RESULT_AWARE__NO_NEW_CONFIRMATORY_INFERENCE
3,E1_STATIC__F22_MG_STATIC__VS__MATCHED_SHADE_STYLE_PARETO,E1_STATIC,REJECT_SAFETY_FILTER,LIRCMOP5,10,0,0,0,comparator_rate_minus_proposed_rate,PRE_R10_SUPPORTING_DESCRIPTIVE_RESULT_AWARE__NO_NEW_CONFIRMATORY_INFERENCE
3,E1_STATIC__F22_MG_STATIC__VS__MATCHED_SHADE_STYLE_PARETO,E1_STATIC,REJECT_BUDGET_NO_FEASIBLE,LIRCMOP5,10,0,0,0,comparator_rate_minus_proposed_rate,PRE_R10_SUPPORTING_DESCRIPTIVE_RESULT_AWARE__NO_NEW_CONFIRMATORY_INFERENCE
3,E1_STATIC__F22_MG_STATIC__VS__MATCHED_SHADE_STYLE_PARETO,E1_STATIC,REJECT_NUMERICAL,LIRCMOP5,10,0,0,0,comparator_rate_minus_proposed_rate,PRE_R10_SUPPORTING_DESCRIPTIVE_RESULT_AWARE__NO_NEW_CONFIRMATORY_INFERENCE
3,E1_STATIC__F22_MG_STATIC__VS__MATCHED_SHADE_STYLE_PARETO,E1_STATIC,OTHER_NONACCEPTED,LIRCMOP5,10,0,0,0,comparator_rate_minus_proposed_rate,PRE_R10_SUPPORTING_DESCRIPTIVE_RESULT_AWARE__NO_NEW_CONFIRMATORY_INFERENCE
3,E1_STATIC__F22_MG_STATIC__VS__MATCHED_SHADE_STYLE_PARETO,E1_STATIC,FAILURE_RATE,LIRCMOP6,10,0,0,0,comparator_rate_minus_proposed_rate,PRE_R10_SUPPORTING_DESCRIPTIVE_RESULT_AWARE__NO_NEW_CONFIRMATORY_INFERENCE
3,E1_STATIC__F22_MG_STATIC__VS__MATCHED_SHADE_STYLE_PARETO,E1_STATIC,REJECT_SAFETY_FILTER,LIRCMOP6,10,0,0,0,comparator_rate_minus_proposed_rate,PRE_R10_SUPPORTING_DESCRIPTIVE_RESULT_AWARE__NO_NEW_CONFIRMATORY_INFERENCE
3,E1_STATIC__F22_MG_STATIC__VS__MATCHED_SHADE_STYLE_PARETO,E1_STATIC,REJECT_BUDGET_NO_FEASIBLE,LIRCMOP6,10,0,0,0,comparator_rate_minus_proposed_rate,PRE_R10_SUPPORTING_DESCRIPTIVE_RESULT_AWARE__NO_NEW_CONFIRMATORY_INFERENCE
3,E1_STATIC__F22_MG_STATIC__VS__MATCHED_SHADE_STYLE_PARETO,E1_STATIC,REJECT_NUMERICAL,LIRCMOP6,10,0,0,0,comparator_rate_minus_proposed_rate,PRE_R10_SUPPORTING_DESCRIPTIVE_RESULT_AWARE__NO_NEW_CONFIRMATORY_INFERENCE
3,E1_STATIC__F22_MG_STATIC__VS__MATCHED_SHADE_STYLE_PARETO,E1_STATIC,OTHER_NONACCEPTED,LIRCMOP6,10,0,0,0,comparator_rate_minus_proposed_rate,PRE_R10_SUPPORTING_DESCRIPTIVE_RESULT_AWARE__NO_NEW_CONFIRMATORY_INFERENCE
3,E1_STATIC__F22_MG_STATIC__VS__MATCHED_SHADE_STYLE_PARETO,E1_STATIC,FAILURE_RATE,LIRCMOP7,10,0,0,0,comparator_rate_minus_proposed_rate,PRE_R10_SUPPORTING_DESCRIPTIVE_RESULT_AWARE__NO_NEW_CONFIRMATORY_INFERENCE
3,E1_STATIC__F22_MG_STATIC__VS__MATCHED_SHADE_STYLE_PARETO,E1_STATIC,REJECT_SAFETY_FILTER,LIRCMOP7,10,0,0,0,comparator_rate_minus_proposed_rate,PRE_R10_SUPPORTING_DESCRIPTIVE_RESULT_AWARE__NO_NEW_CONFIRMATORY_INFERENCE
3,E1_STATIC__F22_MG_STATIC__VS__MATCHED_SHADE_STYLE_PARETO,E1_STATIC,REJECT_BUDGET_NO_FEASIBLE,LIRCMOP7,10,0,0,0,comparator_rate_minus_proposed_rate,PRE_R10_SUPPORTING_DESCRIPTIVE_RESULT_AWARE__NO_NEW_CONFIRMATORY_INFERENCE
3,E1_STATIC__F22_MG_STATIC__VS__MATCHED_SHADE_STYLE_PARETO,E1_STATIC,REJECT_NUMERICAL,LIRCMOP7,10,0,0,0,comparator_rate_minus_proposed_rate,PRE_R10_SUPPORTING_DESCRIPTIVE_RESULT_AWARE__NO_NEW_CONFIRMATORY_INFERENCE
3,E1_STATIC__F22_MG_STATIC__VS__MATCHED_SHADE_STYLE_PARETO,E1_STATIC,OTHER_NONACCEPTED,LIRCMOP7,10,0,0,0,comparator_rate_minus_proposed_rate,PRE_R10_SUPPORTING_DESCRIPTIVE_RESULT_AWARE__NO_NEW_CONFIRMATORY_INFERENCE
3,E1_STATIC__F22_MG_STATIC__VS__MATCHED_SHADE_STYLE_PARETO,E1_STATIC,FAILURE_RATE,LIRCMOP8,10,0,0,0,comparator_rate_minus_proposed_rate,PRE_R10_SUPPORTING_DESCRIPTIVE_RESULT_AWARE__NO_NEW_CONFIRMATORY_INFERENCE
3,E1_STATIC__F22_MG_STATIC__VS__MATCHED_SHADE_STYLE_PARETO,E1_STATIC,REJECT_SAFETY_FILTER,LIRCMOP8,10,0,0,0,comparator_rate_minus_proposed_rate,PRE_R10_SUPPORTING_DESCRIPTIVE_RESULT_AWARE__NO_NEW_CONFIRMATORY_INFERENCE
3,E1_STATIC__F22_MG_STATIC__VS__MATCHED_SHADE_STYLE_PARETO,E1_STATIC,REJECT_BUDGET_NO_FEASIBLE,LIRCMOP8,10,0,0,0,comparator_rate_minus_proposed_rate,PRE_R10_SUPPORTING_DESCRIPTIVE_RESULT_AWARE__NO_NEW_CONFIRMATORY_INFERENCE
3,E1_STATIC__F22_MG_STATIC__VS__MATCHED_SHADE_STYLE_PARETO,E1_STATIC,REJECT_NUMERICAL,LIRCMOP8,10,0,0,0,comparator_rate_minus_proposed_rate,PRE_R10_SUPPORTING_DESCRIPTIVE_RESULT_AWARE__NO_NEW_CONFIRMATORY_INFERENCE
3,E1_STATIC__F22_MG_STATIC__VS__MATCHED_SHADE_STYLE_PARETO,E1_STATIC,OTHER_NONACCEPTED,LIRCMOP8,10,0,0,0,comparator_rate_minus_proposed_rate,PRE_R10_SUPPORTING_DESCRIPTIVE_RESULT_AWARE__NO_NEW_CONFIRMATORY_INFERENCE
3,E1_STATIC__F22_MG_STATIC__VS__MATCHED_SHADE_STYLE_PARETO,E1_STATIC,FAILURE_RATE,LIRCMOP9,10,0,0,0,comparator_rate_minus_proposed_rate,PRE_R10_SUPPORTING_DESCRIPTIVE_RESULT_AWARE__NO_NEW_CONFIRMATORY_INFERENCE
3,E1_STATIC__F22_MG_STATIC__VS__MATCHED_SHADE_STYLE_PARETO,E1_STATIC,REJECT_SAFETY_FILTER,LIRCMOP9,10,0,0,0,comparator_rate_minus_proposed_rate,PRE_R10_SUPPORTING_DESCRIPTIVE_RESULT_AWARE__NO_NEW_CONFIRMATORY_INFERENCE
3,E1_STATIC__F22_MG_STATIC__VS__MATCHED_SHADE_STYLE_PARETO,E1_STATIC,REJECT_BUDGET_NO_FEASIBLE,LIRCMOP9,10,0,0,0,comparator_rate_minus_proposed_rate,PRE_R10_SUPPORTING_DESCRIPTIVE_RESULT_AWARE__NO_NEW_CONFIRMATORY_INFERENCE
3,E1_STATIC__F22_MG_STATIC__VS__MATCHED_SHADE_STYLE_PARETO,E1_STATIC,REJECT_NUMERICAL,LIRCMOP9,10,0,0,0,comparator_rate_minus_proposed_rate,PRE_R10_SUPPORTING_DESCRIPTIVE_RESULT_AWARE__NO_NEW_CONFIRMATORY_INFERENCE
3,E1_STATIC__F22_MG_STATIC__VS__MATCHED_SHADE_STYLE_PARETO,E1_STATIC,OTHER_NONACCEPTED,LIRCMOP9,10,0,0,0,comparator_rate_minus_proposed_rate,PRE_R10_SUPPORTING_DESCRIPTIVE_RESULT_AWARE__NO_NEW_CONFIRMATORY_INFERENCE
4,E1_STATIC__F22_MG_STATIC__VS__JMETALPY_1_7_GDE3_STANDARD_PARETO_DE,E1_STATIC,FAILURE_RATE,LIRCMOP1,10,0,0,0,comparator_rate_minus_proposed_rate,PRE_R10_SUPPORTING_DESCRIPTIVE_RESULT_AWARE__NO_NEW_CONFIRMATORY_INFERENCE
4,E1_STATIC__F22_MG_STATIC__VS__JMETALPY_1_7_GDE3_STANDARD_PARETO_DE,E1_STATIC,REJECT_SAFETY_FILTER,LIRCMOP1,10,0,0,0,comparator_rate_minus_proposed_rate,PRE_R10_SUPPORTING_DESCRIPTIVE_RESULT_AWARE__NO_NEW_CONFIRMATORY_INFERENCE
4,E1_STATIC__F22_MG_STATIC__VS__JMETALPY_1_7_GDE3_STANDARD_PARETO_DE,E1_STATIC,REJECT_BUDGET_NO_FEASIBLE,LIRCMOP1,10,0,0,0,comparator_rate_minus_proposed_rate,PRE_R10_SUPPORTING_DESCRIPTIVE_RESULT_AWARE__NO_NEW_CONFIRMATORY_INFERENCE
4,E1_STATIC__F22_MG_STATIC__VS__JMETALPY_1_7_GDE3_STANDARD_PARETO_DE,E1_STATIC,REJECT_NUMERICAL,LIRCMOP1,10,0,0,0,comparator_rate_minus_proposed_rate,PRE_R10_SUPPORTING_DESCRIPTIVE_RESULT_AWARE__NO_NEW_CONFIRMATORY_INFERENCE
4,E1_STATIC__F22_MG_STATIC__VS__JMETALPY_1_7_GDE3_STANDARD_PARETO_DE,E1_STATIC,OTHER_NONACCEPTED,LIRCMOP1,10,0,0,0,comparator_rate_minus_proposed_rate,PRE_R10_SUPPORTING_DESCRIPTIVE_RESULT_AWARE__NO_NEW_CONFIRMATORY_INFERENCE
4,E1_STATIC__F22_MG_STATIC__VS__JMETALPY_1_7_GDE3_STANDARD_PARETO_DE,E1_STATIC,FAILURE_RATE,LIRCMOP10,10,0,0,0,comparator_rate_minus_proposed_rate,PRE_R10_SUPPORTING_DESCRIPTIVE_RESULT_AWARE__NO_NEW_CONFIRMATORY_INFERENCE
4,E1_STATIC__F22_MG_STATIC__VS__JMETALPY_1_7_GDE3_STANDARD_PARETO_DE,E1_STATIC,REJECT_SAFETY_FILTER,LIRCMOP10,10,0,0,0,comparator_rate_minus_proposed_rate,PRE_R10_SUPPORTING_DESCRIPTIVE_RESULT_AWARE__NO_NEW_CONFIRMATORY_INFERENCE
4,E1_STATIC__F22_MG_STATIC__VS__JMETALPY_1_7_GDE3_STANDARD_PARETO_DE,E1_STATIC,REJECT_BUDGET_NO_FEASIBLE,LIRCMOP10,10,0,0,0,comparator_rate_minus_proposed_rate,PRE_R10_SUPPORTING_DESCRIPTIVE_RESULT_AWARE__NO_NEW_CONFIRMATORY_INFERENCE
4,E1_STATIC__F22_MG_STATIC__VS__JMETALPY_1_7_GDE3_STANDARD_PARETO_DE,E1_STATIC,REJECT_NUMERICAL,LIRCMOP10,10,0,0,0,comparator_rate_minus_proposed_rate,PRE_R10_SUPPORTING_DESCRIPTIVE_RESULT_AWARE__NO_NEW_CONFIRMATORY_INFERENCE
4,E1_STATIC__F22_MG_STATIC__VS__JMETALPY_1_7_GDE3_STANDARD_PARETO_DE,E1_STATIC,OTHER_NONACCEPTED,LIRCMOP10,10,0,0,0,comparator_rate_minus_proposed_rate,PRE_R10_SUPPORTING_DESCRIPTIVE_RESULT_AWARE__NO_NEW_CONFIRMATORY_INFERENCE
4,E1_STATIC__F22_MG_STATIC__VS__JMETALPY_1_7_GDE3_STANDARD_PARETO_DE,E1_STATIC,FAILURE_RATE,LIRCMOP11,10,0,0,0,comparator_rate_minus_proposed_rate,PRE_R10_SUPPORTING_DESCRIPTIVE_RESULT_AWARE__NO_NEW_CONFIRMATORY_INFERENCE
4,E1_STATIC__F22_MG_STATIC__VS__JMETALPY_1_7_GDE3_STANDARD_PARETO_DE,E1_STATIC,REJECT_SAFETY_FILTER,LIRCMOP11,10,0,0,0,comparator_rate_minus_proposed_rate,PRE_R10_SUPPORTING_DESCRIPTIVE_RESULT_AWARE__NO_NEW_CONFIRMATORY_INFERENCE
4,E1_STATIC__F22_MG_STATIC__VS__JMETALPY_1_7_GDE3_STANDARD_PARETO_DE,E1_STATIC,REJECT_BUDGET_NO_FEASIBLE,LIRCMOP11,10,0,0,0,comparator_rate_minus_proposed_rate,PRE_R10_SUPPORTING_DESCRIPTIVE_RESULT_AWARE__NO_NEW_CONFIRMATORY_INFERENCE
4,E1_STATIC__F22_MG_STATIC__VS__JMETALPY_1_7_GDE3_STANDARD_PARETO_DE,E1_STATIC,REJECT_NUMERICAL,LIRCMOP11,10,0,0,0,comparator_rate_minus_proposed_rate,PRE_R10_SUPPORTING_DESCRIPTIVE_RESULT_AWARE__NO_NEW_CONFIRMATORY_INFERENCE
4,E1_STATIC__F22_MG_STATIC__VS__JMETALPY_1_7_GDE3_STANDARD_PARETO_DE,E1_STATIC,OTHER_NONACCEPTED,LIRCMOP11,10,0,0,0,comparator_rate_minus_proposed_rate,PRE_R10_SUPPORTING_DESCRIPTIVE_RESULT_AWARE__NO_NEW_CONFIRMATORY_INFERENCE
4,E1_STATIC__F22_MG_STATIC__VS__JMETALPY_1_7_GDE3_STANDARD_PARETO_DE,E1_STATIC,FAILURE_RATE,LIRCMOP12,10,0,0,0,comparator_rate_minus_proposed_rate,PRE_R10_SUPPORTING_DESCRIPTIVE_RESULT_AWARE__NO_NEW_CONFIRMATORY_INFERENCE
4,E1_STATIC__F22_MG_STATIC__VS__JMETALPY_1_7_GDE3_STANDARD_PARETO_DE,E1_STATIC,REJECT_SAFETY_FILTER,LIRCMOP12,10,0,0,0,comparator_rate_minus_proposed_rate,PRE_R10_SUPPORTING_DESCRIPTIVE_RESULT_AWARE__NO_NEW_CONFIRMATORY_INFERENCE
4,E1_STATIC__F22_MG_STATIC__VS__JMETALPY_1_7_GDE3_STANDARD_PARETO_DE,E1_STATIC,REJECT_BUDGET_NO_FEASIBLE,LIRCMOP12,10,0,0,0,comparator_rate_minus_proposed_rate,PRE_R10_SUPPORTING_DESCRIPTIVE_RESULT_AWARE__NO_NEW_CONFIRMATORY_INFERENCE
4,E1_STATIC__F22_MG_STATIC__VS__JMETALPY_1_7_GDE3_STANDARD_PARETO_DE,E1_STATIC,REJECT_NUMERICAL,LIRCMOP12,10,0,0,0,comparator_rate_minus_proposed_rate,PRE_R10_SUPPORTING_DESCRIPTIVE_RESULT_AWARE__NO_NEW_CONFIRMATORY_INFERENCE
4,E1_STATIC__F22_MG_STATIC__VS__JMETALPY_1_7_GDE3_STANDARD_PARETO_DE,E1_STATIC,OTHER_NONACCEPTED,LIRCMOP12,10,0,0,0,comparator_rate_minus_proposed_rate,PRE_R10_SUPPORTING_DESCRIPTIVE_RESULT_AWARE__NO_NEW_CONFIRMATORY_INFERENCE
4,E1_STATIC__F22_MG_STATIC__VS__JMETALPY_1_7_GDE3_STANDARD_PARETO_DE,E1_STATIC,FAILURE_RATE,LIRCMOP13,10,0,0,0,comparator_rate_minus_proposed_rate,PRE_R10_SUPPORTING_DESCRIPTIVE_RESULT_AWARE__NO_NEW_CONFIRMATORY_INFERENCE
4,E1_STATIC__F22_MG_STATIC__VS__JMETALPY_1_7_GDE3_STANDARD_PARETO_DE,E1_STATIC,REJECT_SAFETY_FILTER,LIRCMOP13,10,0,0,0,comparator_rate_minus_proposed_rate,PRE_R10_SUPPORTING_DESCRIPTIVE_RESULT_AWARE__NO_NEW_CONFIRMATORY_INFERENCE
4,E1_STATIC__F22_MG_STATIC__VS__JMETALPY_1_7_GDE3_STANDARD_PARETO_DE,E1_STATIC,REJECT_BUDGET_NO_FEASIBLE,LIRCMOP13,10,0,0,0,comparator_rate_minus_proposed_rate,PRE_R10_SUPPORTING_DESCRIPTIVE_RESULT_AWARE__NO_NEW_CONFIRMATORY_INFERENCE
4,E1_STATIC__F22_MG_STATIC__VS__JMETALPY_1_7_GDE3_STANDARD_PARETO_DE,E1_STATIC,REJECT_NUMERICAL,LIRCMOP13,10,0,0,0,comparator_rate_minus_proposed_rate,PRE_R10_SUPPORTING_DESCRIPTIVE_RESULT_AWARE__NO_NEW_CONFIRMATORY_INFERENCE
4,E1_STATIC__F22_MG_STATIC__VS__JMETALPY_1_7_GDE3_STANDARD_PARETO_DE,E1_STATIC,OTHER_NONACCEPTED,LIRCMOP13,10,0,0,0,comparator_rate_minus_proposed_rate,PRE_R10_SUPPORTING_DESCRIPTIVE_RESULT_AWARE__NO_NEW_CONFIRMATORY_INFERENCE
4,E1_STATIC__F22_MG_STATIC__VS__JMETALPY_1_7_GDE3_STANDARD_PARETO_DE,E1_STATIC,FAILURE_RATE,LIRCMOP14,10,0,0,0,comparator_rate_minus_proposed_rate,PRE_R10_SUPPORTING_DESCRIPTIVE_RESULT_AWARE__NO_NEW_CONFIRMATORY_INFERENCE
4,E1_STATIC__F22_MG_STATIC__VS__JMETALPY_1_7_GDE3_STANDARD_PARETO_DE,E1_STATIC,REJECT_SAFETY_FILTER,LIRCMOP14,10,0,0,0,comparator_rate_minus_proposed_rate,PRE_R10_SUPPORTING_DESCRIPTIVE_RESULT_AWARE__NO_NEW_CONFIRMATORY_INFERENCE
4,E1_STATIC__F22_MG_STATIC__VS__JMETALPY_1_7_GDE3_STANDARD_PARETO_DE,E1_STATIC,REJECT_BUDGET_NO_FEASIBLE,LIRCMOP14,10,0,0,0,comparator_rate_minus_proposed_rate,PRE_R10_SUPPORTING_DESCRIPTIVE_RESULT_AWARE__NO_NEW_CONFIRMATORY_INFERENCE
4,E1_STATIC__F22_MG_STATIC__VS__JMETALPY_1_7_GDE3_STANDARD_PARETO_DE,E1_STATIC,REJECT_NUMERICAL,LIRCMOP14,10,0,0,0,comparator_rate_minus_proposed_rate,PRE_R10_SUPPORTING_DESCRIPTIVE_RESULT_AWARE__NO_NEW_CONFIRMATORY_INFERENCE
4,E1_STATIC__F22_MG_STATIC__VS__JMETALPY_1_7_GDE3_STANDARD_PARETO_DE,E1_STATIC,OTHER_NONACCEPTED,LIRCMOP14,10,0,0,0,comparator_rate_minus_proposed_rate,PRE_R10_SUPPORTING_DESCRIPTIVE_RESULT_AWARE__NO_NEW_CONFIRMATORY_INFERENCE
4,E1_STATIC__F22_MG_STATIC__VS__JMETALPY_1_7_GDE3_STANDARD_PARETO_DE,E1_STATIC,FAILURE_RATE,LIRCMOP2,10,0,0,0,comparator_rate_minus_proposed_rate,PRE_R10_SUPPORTING_DESCRIPTIVE_RESULT_AWARE__NO_NEW_CONFIRMATORY_INFERENCE
4,E1_STATIC__F22_MG_STATIC__VS__JMETALPY_1_7_GDE3_STANDARD_PARETO_DE,E1_STATIC,REJECT_SAFETY_FILTER,LIRCMOP2,10,0,0,0,comparator_rate_minus_proposed_rate,PRE_R10_SUPPORTING_DESCRIPTIVE_RESULT_AWARE__NO_NEW_CONFIRMATORY_INFERENCE
4,E1_STATIC__F22_MG_STATIC__VS__JMETALPY_1_7_GDE3_STANDARD_PARETO_DE,E1_STATIC,REJECT_BUDGET_NO_FEASIBLE,LIRCMOP2,10,0,0,0,comparator_rate_minus_proposed_rate,PRE_R10_SUPPORTING_DESCRIPTIVE_RESULT_AWARE__NO_NEW_CONFIRMATORY_INFERENCE
4,E1_STATIC__F22_MG_STATIC__VS__JMETALPY_1_7_GDE3_STANDARD_PARETO_DE,E1_STATIC,REJECT_NUMERICAL,LIRCMOP2,10,0,0,0,comparator_rate_minus_proposed_rate,PRE_R10_SUPPORTING_DESCRIPTIVE_RESULT_AWARE__NO_NEW_CONFIRMATORY_INFERENCE
4,E1_STATIC__F22_MG_STATIC__VS__JMETALPY_1_7_GDE3_STANDARD_PARETO_DE,E1_STATIC,OTHER_NONACCEPTED,LIRCMOP2,10,0,0,0,comparator_rate_minus_proposed_rate,PRE_R10_SUPPORTING_DESCRIPTIVE_RESULT_AWARE__NO_NEW_CONFIRMATORY_INFERENCE
4,E1_STATIC__F22_MG_STATIC__VS__JMETALPY_1_7_GDE3_STANDARD_PARETO_DE,E1_STATIC,FAILURE_RATE,LIRCMOP3,10,0,0,0,comparator_rate_minus_proposed_rate,PRE_R10_SUPPORTING_DESCRIPTIVE_RESULT_AWARE__NO_NEW_CONFIRMATORY_INFERENCE
4,E1_STATIC__F22_MG_STATIC__VS__JMETALPY_1_7_GDE3_STANDARD_PARETO_DE,E1_STATIC,REJECT_SAFETY_FILTER,LIRCMOP3,10,0,0,0,comparator_rate_minus_proposed_rate,PRE_R10_SUPPORTING_DESCRIPTIVE_RESULT_AWARE__NO_NEW_CONFIRMATORY_INFERENCE
4,E1_STATIC__F22_MG_STATIC__VS__JMETALPY_1_7_GDE3_STANDARD_PARETO_DE,E1_STATIC,REJECT_BUDGET_NO_FEASIBLE,LIRCMOP3,10,0,0,0,comparator_rate_minus_proposed_rate,PRE_R10_SUPPORTING_DESCRIPTIVE_RESULT_AWARE__NO_NEW_CONFIRMATORY_INFERENCE
4,E1_STATIC__F22_MG_STATIC__VS__JMETALPY_1_7_GDE3_STANDARD_PARETO_DE,E1_STATIC,REJECT_NUMERICAL,LIRCMOP3,10,0,0,0,comparator_rate_minus_proposed_rate,PRE_R10_SUPPORTING_DESCRIPTIVE_RESULT_AWARE__NO_NEW_CONFIRMATORY_INFERENCE
4,E1_STATIC__F22_MG_STATIC__VS__JMETALPY_1_7_GDE3_STANDARD_PARETO_DE,E1_STATIC,OTHER_NONACCEPTED,LIRCMOP3,10,0,0,0,comparator_rate_minus_proposed_rate,PRE_R10_SUPPORTING_DESCRIPTIVE_RESULT_AWARE__NO_NEW_CONFIRMATORY_INFERENCE
4,E1_STATIC__F22_MG_STATIC__VS__JMETALPY_1_7_GDE3_STANDARD_PARETO_DE,E1_STATIC,FAILURE_RATE,LIRCMOP4,10,0,0,0,comparator_rate_minus_proposed_rate,PRE_R10_SUPPORTING_DESCRIPTIVE_RESULT_AWARE__NO_NEW_CONFIRMATORY_INFERENCE
4,E1_STATIC__F22_MG_STATIC__VS__JMETALPY_1_7_GDE3_STANDARD_PARETO_DE,E1_STATIC,REJECT_SAFETY_FILTER,LIRCMOP4,10,0,0,0,comparator_rate_minus_proposed_rate,PRE_R10_SUPPORTING_DESCRIPTIVE_RESULT_AWARE__NO_NEW_CONFIRMATORY_INFERENCE
4,E1_STATIC__F22_MG_STATIC__VS__JMETALPY_1_7_GDE3_STANDARD_PARETO_DE,E1_STATIC,REJECT_BUDGET_NO_FEASIBLE,LIRCMOP4,10,0,0,0,comparator_rate_minus_proposed_rate,PRE_R10_SUPPORTING_DESCRIPTIVE_RESULT_AWARE__NO_NEW_CONFIRMATORY_INFERENCE
4,E1_STATIC__F22_MG_STATIC__VS__JMETALPY_1_7_GDE3_STANDARD_PARETO_DE,E1_STATIC,REJECT_NUMERICAL,LIRCMOP4,10,0,0,0,comparator_rate_minus_proposed_rate,PRE_R10_SUPPORTING_DESCRIPTIVE_RESULT_AWARE__NO_NEW_CONFIRMATORY_INFERENCE
4,E1_STATIC__F22_MG_STATIC__VS__JMETALPY_1_7_GDE3_STANDARD_PARETO_DE,E1_STATIC,OTHER_NONACCEPTED,LIRCMOP4,10,0,0,0,comparator_rate_minus_proposed_rate,PRE_R10_SUPPORTING_DESCRIPTIVE_RESULT_AWARE__NO_NEW_CONFIRMATORY_INFERENCE
4,E1_STATIC__F22_MG_STATIC__VS__JMETALPY_1_7_GDE3_STANDARD_PARETO_DE,E1_STATIC,FAILURE_RATE,LIRCMOP5,10,0,0,0,comparator_rate_minus_proposed_rate,PRE_R10_SUPPORTING_DESCRIPTIVE_RESULT_AWARE__NO_NEW_CONFIRMATORY_INFERENCE
4,E1_STATIC__F22_MG_STATIC__VS__JMETALPY_1_7_GDE3_STANDARD_PARETO_DE,E1_STATIC,REJECT_SAFETY_FILTER,LIRCMOP5,10,0,0,0,comparator_rate_minus_proposed_rate,PRE_R10_SUPPORTING_DESCRIPTIVE_RESULT_AWARE__NO_NEW_CONFIRMATORY_INFERENCE
4,E1_STATIC__F22_MG_STATIC__VS__JMETALPY_1_7_GDE3_STANDARD_PARETO_DE,E1_STATIC,REJECT_BUDGET_NO_FEASIBLE,LIRCMOP5,10,0,0,0,comparator_rate_minus_proposed_rate,PRE_R10_SUPPORTING_DESCRIPTIVE_RESULT_AWARE__NO_NEW_CONFIRMATORY_INFERENCE
4,E1_STATIC__F22_MG_STATIC__VS__JMETALPY_1_7_GDE3_STANDARD_PARETO_DE,E1_STATIC,REJECT_NUMERICAL,LIRCMOP5,10,0,0,0,comparator_rate_minus_proposed_rate,PRE_R10_SUPPORTING_DESCRIPTIVE_RESULT_AWARE__NO_NEW_CONFIRMATORY_INFERENCE
4,E1_STATIC__F22_MG_STATIC__VS__JMETALPY_1_7_GDE3_STANDARD_PARETO_DE,E1_STATIC,OTHER_NONACCEPTED,LIRCMOP5,10,0,0,0,comparator_rate_minus_proposed_rate,PRE_R10_SUPPORTING_DESCRIPTIVE_RESULT_AWARE__NO_NEW_CONFIRMATORY_INFERENCE
4,E1_STATIC__F22_MG_STATIC__VS__JMETALPY_1_7_GDE3_STANDARD_PARETO_DE,E1_STATIC,FAILURE_RATE,LIRCMOP6,10,0,0,0,comparator_rate_minus_proposed_rate,PRE_R10_SUPPORTING_DESCRIPTIVE_RESULT_AWARE__NO_NEW_CONFIRMATORY_INFERENCE
4,E1_STATIC__F22_MG_STATIC__VS__JMETALPY_1_7_GDE3_STANDARD_PARETO_DE,E1_STATIC,REJECT_SAFETY_FILTER,LIRCMOP6,10,0,0,0,comparator_rate_minus_proposed_rate,PRE_R10_SUPPORTING_DESCRIPTIVE_RESULT_AWARE__NO_NEW_CONFIRMATORY_INFERENCE
4,E1_STATIC__F22_MG_STATIC__VS__JMETALPY_1_7_GDE3_STANDARD_PARETO_DE,E1_STATIC,REJECT_BUDGET_NO_FEASIBLE,LIRCMOP6,10,0,0,0,comparator_rate_minus_proposed_rate,PRE_R10_SUPPORTING_DESCRIPTIVE_RESULT_AWARE__NO_NEW_CONFIRMATORY_INFERENCE
4,E1_STATIC__F22_MG_STATIC__VS__JMETALPY_1_7_GDE3_STANDARD_PARETO_DE,E1_STATIC,REJECT_NUMERICAL,LIRCMOP6,10,0,0,0,comparator_rate_minus_proposed_rate,PRE_R10_SUPPORTING_DESCRIPTIVE_RESULT_AWARE__NO_NEW_CONFIRMATORY_INFERENCE
4,E1_STATIC__F22_MG_STATIC__VS__JMETALPY_1_7_GDE3_STANDARD_PARETO_DE,E1_STATIC,OTHER_NONACCEPTED,LIRCMOP6,10,0,0,0,comparator_rate_minus_proposed_rate,PRE_R10_SUPPORTING_DESCRIPTIVE_RESULT_AWARE__NO_NEW_CONFIRMATORY_INFERENCE
4,E1_STATIC__F22_MG_STATIC__VS__JMETALPY_1_7_GDE3_STANDARD_PARETO_DE,E1_STATIC,FAILURE_RATE,LIRCMOP7,10,0,0,0,comparator_rate_minus_proposed_rate,PRE_R10_SUPPORTING_DESCRIPTIVE_RESULT_AWARE__NO_NEW_CONFIRMATORY_INFERENCE
4,E1_STATIC__F22_MG_STATIC__VS__JMETALPY_1_7_GDE3_STANDARD_PARETO_DE,E1_STATIC,REJECT_SAFETY_FILTER,LIRCMOP7,10,0,0,0,comparator_rate_minus_proposed_rate,PRE_R10_SUPPORTING_DESCRIPTIVE_RESULT_AWARE__NO_NEW_CONFIRMATORY_INFERENCE
4,E1_STATIC__F22_MG_STATIC__VS__JMETALPY_1_7_GDE3_STANDARD_PARETO_DE,E1_STATIC,REJECT_BUDGET_NO_FEASIBLE,LIRCMOP7,10,0,0,0,comparator_rate_minus_proposed_rate,PRE_R10_SUPPORTING_DESCRIPTIVE_RESULT_AWARE__NO_NEW_CONFIRMATORY_INFERENCE
4,E1_STATIC__F22_MG_STATIC__VS__JMETALPY_1_7_GDE3_STANDARD_PARETO_DE,E1_STATIC,REJECT_NUMERICAL,LIRCMOP7,10,0,0,0,comparator_rate_minus_proposed_rate,PRE_R10_SUPPORTING_DESCRIPTIVE_RESULT_AWARE__NO_NEW_CONFIRMATORY_INFERENCE
4,E1_STATIC__F22_MG_STATIC__VS__JMETALPY_1_7_GDE3_STANDARD_PARETO_DE,E1_STATIC,OTHER_NONACCEPTED,LIRCMOP7,10,0,0,0,comparator_rate_minus_proposed_rate,PRE_R10_SUPPORTING_DESCRIPTIVE_RESULT_AWARE__NO_NEW_CONFIRMATORY_INFERENCE
4,E1_STATIC__F22_MG_STATIC__VS__JMETALPY_1_7_GDE3_STANDARD_PARETO_DE,E1_STATIC,FAILURE_RATE,LIRCMOP8,10,0,0,0,comparator_rate_minus_proposed_rate,PRE_R10_SUPPORTING_DESCRIPTIVE_RESULT_AWARE__NO_NEW_CONFIRMATORY_INFERENCE
4,E1_STATIC__F22_MG_STATIC__VS__JMETALPY_1_7_GDE3_STANDARD_PARETO_DE,E1_STATIC,REJECT_SAFETY_FILTER,LIRCMOP8,10,0,0,0,comparator_rate_minus_proposed_rate,PRE_R10_SUPPORTING_DESCRIPTIVE_RESULT_AWARE__NO_NEW_CONFIRMATORY_INFERENCE
4,E1_STATIC__F22_MG_STATIC__VS__JMETALPY_1_7_GDE3_STANDARD_PARETO_DE,E1_STATIC,REJECT_BUDGET_NO_FEASIBLE,LIRCMOP8,10,0,0,0,comparator_rate_minus_proposed_rate,PRE_R10_SUPPORTING_DESCRIPTIVE_RESULT_AWARE__NO_NEW_CONFIRMATORY_INFERENCE
4,E1_STATIC__F22_MG_STATIC__VS__JMETALPY_1_7_GDE3_STANDARD_PARETO_DE,E1_STATIC,REJECT_NUMERICAL,LIRCMOP8,10,0,0,0,comparator_rate_minus_proposed_rate,PRE_R10_SUPPORTING_DESCRIPTIVE_RESULT_AWARE__NO_NEW_CONFIRMATORY_INFERENCE
4,E1_STATIC__F22_MG_STATIC__VS__JMETALPY_1_7_GDE3_STANDARD_PARETO_DE,E1_STATIC,OTHER_NONACCEPTED,LIRCMOP8,10,0,0,0,comparator_rate_minus_proposed_rate,PRE_R10_SUPPORTING_DESCRIPTIVE_RESULT_AWARE__NO_NEW_CONFIRMATORY_INFERENCE
4,E1_STATIC__F22_MG_STATIC__VS__JMETALPY_1_7_GDE3_STANDARD_PARETO_DE,E1_STATIC,FAILURE_RATE,LIRCMOP9,10,0,0,0,comparator_rate_minus_proposed_rate,PRE_R10_SUPPORTING_DESCRIPTIVE_RESULT_AWARE__NO_NEW_CONFIRMATORY_INFERENCE
4,E1_STATIC__F22_MG_STATIC__VS__JMETALPY_1_7_GDE3_STANDARD_PARETO_DE,E1_STATIC,REJECT_SAFETY_FILTER,LIRCMOP9,10,0,0,0,comparator_rate_minus_proposed_rate,PRE_R10_SUPPORTING_DESCRIPTIVE_RESULT_AWARE__NO_NEW_CONFIRMATORY_INFERENCE
4,E1_STATIC__F22_MG_STATIC__VS__JMETALPY_1_7_GDE3_STANDARD_PARETO_DE,E1_STATIC,REJECT_BUDGET_NO_FEASIBLE,LIRCMOP9,10,0,0,0,comparator_rate_minus_proposed_rate,PRE_R10_SUPPORTING_DESCRIPTIVE_RESULT_AWARE__NO_NEW_CONFIRMATORY_INFERENCE
4,E1_STATIC__F22_MG_STATIC__VS__JMETALPY_1_7_GDE3_STANDARD_PARETO_DE,E1_STATIC,REJECT_NUMERICAL,LIRCMOP9,10,0,0,0,comparator_rate_minus_proposed_rate,PRE_R10_SUPPORTING_DESCRIPTIVE_RESULT_AWARE__NO_NEW_CONFIRMATORY_INFERENCE
4,E1_STATIC__F22_MG_STATIC__VS__JMETALPY_1_7_GDE3_STANDARD_PARETO_DE,E1_STATIC,OTHER_NONACCEPTED,LIRCMOP9,10,0,0,0,comparator_rate_minus_proposed_rate,PRE_R10_SUPPORTING_DESCRIPTIVE_RESULT_AWARE__NO_NEW_CONFIRMATORY_INFERENCE
5,E1_STATIC__F22_MG_STATIC__VS__JMETALPY_1_7_NSGAII_STATIC_CMOEA,E1_STATIC,FAILURE_RATE,LIRCMOP1,10,0,0,0,comparator_rate_minus_proposed_rate,PRE_R10_SUPPORTING_DESCRIPTIVE_RESULT_AWARE__NO_NEW_CONFIRMATORY_INFERENCE
5,E1_STATIC__F22_MG_STATIC__VS__JMETALPY_1_7_NSGAII_STATIC_CMOEA,E1_STATIC,REJECT_SAFETY_FILTER,LIRCMOP1,10,0,0,0,comparator_rate_minus_proposed_rate,PRE_R10_SUPPORTING_DESCRIPTIVE_RESULT_AWARE__NO_NEW_CONFIRMATORY_INFERENCE
5,E1_STATIC__F22_MG_STATIC__VS__JMETALPY_1_7_NSGAII_STATIC_CMOEA,E1_STATIC,REJECT_BUDGET_NO_FEASIBLE,LIRCMOP1,10,0,0,0,comparator_rate_minus_proposed_rate,PRE_R10_SUPPORTING_DESCRIPTIVE_RESULT_AWARE__NO_NEW_CONFIRMATORY_INFERENCE
5,E1_STATIC__F22_MG_STATIC__VS__JMETALPY_1_7_NSGAII_STATIC_CMOEA,E1_STATIC,REJECT_NUMERICAL,LIRCMOP1,10,0,0,0,comparator_rate_minus_proposed_rate,PRE_R10_SUPPORTING_DESCRIPTIVE_RESULT_AWARE__NO_NEW_CONFIRMATORY_INFERENCE
5,E1_STATIC__F22_MG_STATIC__VS__JMETALPY_1_7_NSGAII_STATIC_CMOEA,E1_STATIC,OTHER_NONACCEPTED,LIRCMOP1,10,0,0,0,comparator_rate_minus_proposed_rate,PRE_R10_SUPPORTING_DESCRIPTIVE_RESULT_AWARE__NO_NEW_CONFIRMATORY_INFERENCE
5,E1_STATIC__F22_MG_STATIC__VS__JMETALPY_1_7_NSGAII_STATIC_CMOEA,E1_STATIC,FAILURE_RATE,LIRCMOP10,10,0,0,0,comparator_rate_minus_proposed_rate,PRE_R10_SUPPORTING_DESCRIPTIVE_RESULT_AWARE__NO_NEW_CONFIRMATORY_INFERENCE
5,E1_STATIC__F22_MG_STATIC__VS__JMETALPY_1_7_NSGAII_STATIC_CMOEA,E1_STATIC,REJECT_SAFETY_FILTER,LIRCMOP10,10,0,0,0,comparator_rate_minus_proposed_rate,PRE_R10_SUPPORTING_DESCRIPTIVE_RESULT_AWARE__NO_NEW_CONFIRMATORY_INFERENCE
5,E1_STATIC__F22_MG_STATIC__VS__JMETALPY_1_7_NSGAII_STATIC_CMOEA,E1_STATIC,REJECT_BUDGET_NO_FEASIBLE,LIRCMOP10,10,0,0,0,comparator_rate_minus_proposed_rate,PRE_R10_SUPPORTING_DESCRIPTIVE_RESULT_AWARE__NO_NEW_CONFIRMATORY_INFERENCE
5,E1_STATIC__F22_MG_STATIC__VS__JMETALPY_1_7_NSGAII_STATIC_CMOEA,E1_STATIC,REJECT_NUMERICAL,LIRCMOP10,10,0,0,0,comparator_rate_minus_proposed_rate,PRE_R10_SUPPORTING_DESCRIPTIVE_RESULT_AWARE__NO_NEW_CONFIRMATORY_INFERENCE
5,E1_STATIC__F22_MG_STATIC__VS__JMETALPY_1_7_NSGAII_STATIC_CMOEA,E1_STATIC,OTHER_NONACCEPTED,LIRCMOP10,10,0,0,0,comparator_rate_minus_proposed_rate,PRE_R10_SUPPORTING_DESCRIPTIVE_RESULT_AWARE__NO_NEW_CONFIRMATORY_INFERENCE
5,E1_STATIC__F22_MG_STATIC__VS__JMETALPY_1_7_NSGAII_STATIC_CMOEA,E1_STATIC,FAILURE_RATE,LIRCMOP11,10,0,0,0,comparator_rate_minus_proposed_rate,PRE_R10_SUPPORTING_DESCRIPTIVE_RESULT_AWARE__NO_NEW_CONFIRMATORY_INFERENCE
5,E1_STATIC__F22_MG_STATIC__VS__JMETALPY_1_7_NSGAII_STATIC_CMOEA,E1_STATIC,REJECT_SAFETY_FILTER,LIRCMOP11,10,0,0,0,comparator_rate_minus_proposed_rate,PRE_R10_SUPPORTING_DESCRIPTIVE_RESULT_AWARE__NO_NEW_CONFIRMATORY_INFERENCE
5,E1_STATIC__F22_MG_STATIC__VS__JMETALPY_1_7_NSGAII_STATIC_CMOEA,E1_STATIC,REJECT_BUDGET_NO_FEASIBLE,LIRCMOP11,10,0,0,0,comparator_rate_minus_proposed_rate,PRE_R10_SUPPORTING_DESCRIPTIVE_RESULT_AWARE__NO_NEW_CONFIRMATORY_INFERENCE
5,E1_STATIC__F22_MG_STATIC__VS__JMETALPY_1_7_NSGAII_STATIC_CMOEA,E1_STATIC,REJECT_NUMERICAL,LIRCMOP11,10,0,0,0,comparator_rate_minus_proposed_rate,PRE_R10_SUPPORTING_DESCRIPTIVE_RESULT_AWARE__NO_NEW_CONFIRMATORY_INFERENCE
5,E1_STATIC__F22_MG_STATIC__VS__JMETALPY_1_7_NSGAII_STATIC_CMOEA,E1_STATIC,OTHER_NONACCEPTED,LIRCMOP11,10,0,0,0,comparator_rate_minus_proposed_rate,PRE_R10_SUPPORTING_DESCRIPTIVE_RESULT_AWARE__NO_NEW_CONFIRMATORY_INFERENCE
5,E1_STATIC__F22_MG_STATIC__VS__JMETALPY_1_7_NSGAII_STATIC_CMOEA,E1_STATIC,FAILURE_RATE,LIRCMOP12,10,0,0,0,comparator_rate_minus_proposed_rate,PRE_R10_SUPPORTING_DESCRIPTIVE_RESULT_AWARE__NO_NEW_CONFIRMATORY_INFERENCE
5,E1_STATIC__F22_MG_STATIC__VS__JMETALPY_1_7_NSGAII_STATIC_CMOEA,E1_STATIC,REJECT_SAFETY_FILTER,LIRCMOP12,10,0,0,0,comparator_rate_minus_proposed_rate,PRE_R10_SUPPORTING_DESCRIPTIVE_RESULT_AWARE__NO_NEW_CONFIRMATORY_INFERENCE
5,E1_STATIC__F22_MG_STATIC__VS__JMETALPY_1_7_NSGAII_STATIC_CMOEA,E1_STATIC,REJECT_BUDGET_NO_FEASIBLE,LIRCMOP12,10,0,0,0,comparator_rate_minus_proposed_rate,PRE_R10_SUPPORTING_DESCRIPTIVE_RESULT_AWARE__NO_NEW_CONFIRMATORY_INFERENCE
5,E1_STATIC__F22_MG_STATIC__VS__JMETALPY_1_7_NSGAII_STATIC_CMOEA,E1_STATIC,REJECT_NUMERICAL,LIRCMOP12,10,0,0,0,comparator_rate_minus_proposed_rate,PRE_R10_SUPPORTING_DESCRIPTIVE_RESULT_AWARE__NO_NEW_CONFIRMATORY_INFERENCE
5,E1_STATIC__F22_MG_STATIC__VS__JMETALPY_1_7_NSGAII_STATIC_CMOEA,E1_STATIC,OTHER_NONACCEPTED,LIRCMOP12,10,0,0,0,comparator_rate_minus_proposed_rate,PRE_R10_SUPPORTING_DESCRIPTIVE_RESULT_AWARE__NO_NEW_CONFIRMATORY_INFERENCE
5,E1_STATIC__F22_MG_STATIC__VS__JMETALPY_1_7_NSGAII_STATIC_CMOEA,E1_STATIC,FAILURE_RATE,LIRCMOP13,10,0,0,0,comparator_rate_minus_proposed_rate,PRE_R10_SUPPORTING_DESCRIPTIVE_RESULT_AWARE__NO_NEW_CONFIRMATORY_INFERENCE
5,E1_STATIC__F22_MG_STATIC__VS__JMETALPY_1_7_NSGAII_STATIC_CMOEA,E1_STATIC,REJECT_SAFETY_FILTER,LIRCMOP13,10,0,0,0,comparator_rate_minus_proposed_rate,PRE_R10_SUPPORTING_DESCRIPTIVE_RESULT_AWARE__NO_NEW_CONFIRMATORY_INFERENCE
5,E1_STATIC__F22_MG_STATIC__VS__JMETALPY_1_7_NSGAII_STATIC_CMOEA,E1_STATIC,REJECT_BUDGET_NO_FEASIBLE,LIRCMOP13,10,0,0,0,comparator_rate_minus_proposed_rate,PRE_R10_SUPPORTING_DESCRIPTIVE_RESULT_AWARE__NO_NEW_CONFIRMATORY_INFERENCE
5,E1_STATIC__F22_MG_STATIC__VS__JMETALPY_1_7_NSGAII_STATIC_CMOEA,E1_STATIC,REJECT_NUMERICAL,LIRCMOP13,10,0,0,0,comparator_rate_minus_proposed_rate,PRE_R10_SUPPORTING_DESCRIPTIVE_RESULT_AWARE__NO_NEW_CONFIRMATORY_INFERENCE
5,E1_STATIC__F22_MG_STATIC__VS__JMETALPY_1_7_NSGAII_STATIC_CMOEA,E1_STATIC,OTHER_NONACCEPTED,LIRCMOP13,10,0,0,0,comparator_rate_minus_proposed_rate,PRE_R10_SUPPORTING_DESCRIPTIVE_RESULT_AWARE__NO_NEW_CONFIRMATORY_INFERENCE
5,E1_STATIC__F22_MG_STATIC__VS__JMETALPY_1_7_NSGAII_STATIC_CMOEA,E1_STATIC,FAILURE_RATE,LIRCMOP14,10,0,0,0,comparator_rate_minus_proposed_rate,PRE_R10_SUPPORTING_DESCRIPTIVE_RESULT_AWARE__NO_NEW_CONFIRMATORY_INFERENCE
5,E1_STATIC__F22_MG_STATIC__VS__JMETALPY_1_7_NSGAII_STATIC_CMOEA,E1_STATIC,REJECT_SAFETY_FILTER,LIRCMOP14,10,0,0,0,comparator_rate_minus_proposed_rate,PRE_R10_SUPPORTING_DESCRIPTIVE_RESULT_AWARE__NO_NEW_CONFIRMATORY_INFERENCE
5,E1_STATIC__F22_MG_STATIC__VS__JMETALPY_1_7_NSGAII_STATIC_CMOEA,E1_STATIC,REJECT_BUDGET_NO_FEASIBLE,LIRCMOP14,10,0,0,0,comparator_rate_minus_proposed_rate,PRE_R10_SUPPORTING_DESCRIPTIVE_RESULT_AWARE__NO_NEW_CONFIRMATORY_INFERENCE
5,E1_STATIC__F22_MG_STATIC__VS__JMETALPY_1_7_NSGAII_STATIC_CMOEA,E1_STATIC,REJECT_NUMERICAL,LIRCMOP14,10,0,0,0,comparator_rate_minus_proposed_rate,PRE_R10_SUPPORTING_DESCRIPTIVE_RESULT_AWARE__NO_NEW_CONFIRMATORY_INFERENCE
5,E1_STATIC__F22_MG_STATIC__VS__JMETALPY_1_7_NSGAII_STATIC_CMOEA,E1_STATIC,OTHER_NONACCEPTED,LIRCMOP14,10,0,0,0,comparator_rate_minus_proposed_rate,PRE_R10_SUPPORTING_DESCRIPTIVE_RESULT_AWARE__NO_NEW_CONFIRMATORY_INFERENCE
5,E1_STATIC__F22_MG_STATIC__VS__JMETALPY_1_7_NSGAII_STATIC_CMOEA,E1_STATIC,FAILURE_RATE,LIRCMOP2,10,0,0,0,comparator_rate_minus_proposed_rate,PRE_R10_SUPPORTING_DESCRIPTIVE_RESULT_AWARE__NO_NEW_CONFIRMATORY_INFERENCE
5,E1_STATIC__F22_MG_STATIC__VS__JMETALPY_1_7_NSGAII_STATIC_CMOEA,E1_STATIC,REJECT_SAFETY_FILTER,LIRCMOP2,10,0,0,0,comparator_rate_minus_proposed_rate,PRE_R10_SUPPORTING_DESCRIPTIVE_RESULT_AWARE__NO_NEW_CONFIRMATORY_INFERENCE
5,E1_STATIC__F22_MG_STATIC__VS__JMETALPY_1_7_NSGAII_STATIC_CMOEA,E1_STATIC,REJECT_BUDGET_NO_FEASIBLE,LIRCMOP2,10,0,0,0,comparator_rate_minus_proposed_rate,PRE_R10_SUPPORTING_DESCRIPTIVE_RESULT_AWARE__NO_NEW_CONFIRMATORY_INFERENCE
5,E1_STATIC__F22_MG_STATIC__VS__JMETALPY_1_7_NSGAII_STATIC_CMOEA,E1_STATIC,REJECT_NUMERICAL,LIRCMOP2,10,0,0,0,comparator_rate_minus_proposed_rate,PRE_R10_SUPPORTING_DESCRIPTIVE_RESULT_AWARE__NO_NEW_CONFIRMATORY_INFERENCE
5,E1_STATIC__F22_MG_STATIC__VS__JMETALPY_1_7_NSGAII_STATIC_CMOEA,E1_STATIC,OTHER_NONACCEPTED,LIRCMOP2,10,0,0,0,comparator_rate_minus_proposed_rate,PRE_R10_SUPPORTING_DESCRIPTIVE_RESULT_AWARE__NO_NEW_CONFIRMATORY_INFERENCE
5,E1_STATIC__F22_MG_STATIC__VS__JMETALPY_1_7_NSGAII_STATIC_CMOEA,E1_STATIC,FAILURE_RATE,LIRCMOP3,10,0,0,0,comparator_rate_minus_proposed_rate,PRE_R10_SUPPORTING_DESCRIPTIVE_RESULT_AWARE__NO_NEW_CONFIRMATORY_INFERENCE
5,E1_STATIC__F22_MG_STATIC__VS__JMETALPY_1_7_NSGAII_STATIC_CMOEA,E1_STATIC,REJECT_SAFETY_FILTER,LIRCMOP3,10,0,0,0,comparator_rate_minus_proposed_rate,PRE_R10_SUPPORTING_DESCRIPTIVE_RESULT_AWARE__NO_NEW_CONFIRMATORY_INFERENCE
5,E1_STATIC__F22_MG_STATIC__VS__JMETALPY_1_7_NSGAII_STATIC_CMOEA,E1_STATIC,REJECT_BUDGET_NO_FEASIBLE,LIRCMOP3,10,0,0,0,comparator_rate_minus_proposed_rate,PRE_R10_SUPPORTING_DESCRIPTIVE_RESULT_AWARE__NO_NEW_CONFIRMATORY_INFERENCE
5,E1_STATIC__F22_MG_STATIC__VS__JMETALPY_1_7_NSGAII_STATIC_CMOEA,E1_STATIC,REJECT_NUMERICAL,LIRCMOP3,10,0,0,0,comparator_rate_minus_proposed_rate,PRE_R10_SUPPORTING_DESCRIPTIVE_RESULT_AWARE__NO_NEW_CONFIRMATORY_INFERENCE
5,E1_STATIC__F22_MG_STATIC__VS__JMETALPY_1_7_NSGAII_STATIC_CMOEA,E1_STATIC,OTHER_NONACCEPTED,LIRCMOP3,10,0,0,0,comparator_rate_minus_proposed_rate,PRE_R10_SUPPORTING_DESCRIPTIVE_RESULT_AWARE__NO_NEW_CONFIRMATORY_INFERENCE
5,E1_STATIC__F22_MG_STATIC__VS__JMETALPY_1_7_NSGAII_STATIC_CMOEA,E1_STATIC,FAILURE_RATE,LIRCMOP4,10,0,0,0,comparator_rate_minus_proposed_rate,PRE_R10_SUPPORTING_DESCRIPTIVE_RESULT_AWARE__NO_NEW_CONFIRMATORY_INFERENCE
5,E1_STATIC__F22_MG_STATIC__VS__JMETALPY_1_7_NSGAII_STATIC_CMOEA,E1_STATIC,REJECT_SAFETY_FILTER,LIRCMOP4,10,0,0,0,comparator_rate_minus_proposed_rate,PRE_R10_SUPPORTING_DESCRIPTIVE_RESULT_AWARE__NO_NEW_CONFIRMATORY_INFERENCE
5,E1_STATIC__F22_MG_STATIC__VS__JMETALPY_1_7_NSGAII_STATIC_CMOEA,E1_STATIC,REJECT_BUDGET_NO_FEASIBLE,LIRCMOP4,10,0,0,0,comparator_rate_minus_proposed_rate,PRE_R10_SUPPORTING_DESCRIPTIVE_RESULT_AWARE__NO_NEW_CONFIRMATORY_INFERENCE
5,E1_STATIC__F22_MG_STATIC__VS__JMETALPY_1_7_NSGAII_STATIC_CMOEA,E1_STATIC,REJECT_NUMERICAL,LIRCMOP4,10,0,0,0,comparator_rate_minus_proposed_rate,PRE_R10_SUPPORTING_DESCRIPTIVE_RESULT_AWARE__NO_NEW_CONFIRMATORY_INFERENCE
5,E1_STATIC__F22_MG_STATIC__VS__JMETALPY_1_7_NSGAII_STATIC_CMOEA,E1_STATIC,OTHER_NONACCEPTED,LIRCMOP4,10,0,0,0,comparator_rate_minus_proposed_rate,PRE_R10_SUPPORTING_DESCRIPTIVE_RESULT_AWARE__NO_NEW_CONFIRMATORY_INFERENCE
5,E1_STATIC__F22_MG_STATIC__VS__JMETALPY_1_7_NSGAII_STATIC_CMOEA,E1_STATIC,FAILURE_RATE,LIRCMOP5,10,0,0,0,comparator_rate_minus_proposed_rate,PRE_R10_SUPPORTING_DESCRIPTIVE_RESULT_AWARE__NO_NEW_CONFIRMATORY_INFERENCE
5,E1_STATIC__F22_MG_STATIC__VS__JMETALPY_1_7_NSGAII_STATIC_CMOEA,E1_STATIC,REJECT_SAFETY_FILTER,LIRCMOP5,10,0,0,0,comparator_rate_minus_proposed_rate,PRE_R10_SUPPORTING_DESCRIPTIVE_RESULT_AWARE__NO_NEW_CONFIRMATORY_INFERENCE
5,E1_STATIC__F22_MG_STATIC__VS__JMETALPY_1_7_NSGAII_STATIC_CMOEA,E1_STATIC,REJECT_BUDGET_NO_FEASIBLE,LIRCMOP5,10,0,0,0,comparator_rate_minus_proposed_rate,PRE_R10_SUPPORTING_DESCRIPTIVE_RESULT_AWARE__NO_NEW_CONFIRMATORY_INFERENCE
5,E1_STATIC__F22_MG_STATIC__VS__JMETALPY_1_7_NSGAII_STATIC_CMOEA,E1_STATIC,REJECT_NUMERICAL,LIRCMOP5,10,0,0,0,comparator_rate_minus_proposed_rate,PRE_R10_SUPPORTING_DESCRIPTIVE_RESULT_AWARE__NO_NEW_CONFIRMATORY_INFERENCE
5,E1_STATIC__F22_MG_STATIC__VS__JMETALPY_1_7_NSGAII_STATIC_CMOEA,E1_STATIC,OTHER_NONACCEPTED,LIRCMOP5,10,0,0,0,comparator_rate_minus_proposed_rate,PRE_R10_SUPPORTING_DESCRIPTIVE_RESULT_AWARE__NO_NEW_CONFIRMATORY_INFERENCE
5,E1_STATIC__F22_MG_STATIC__VS__JMETALPY_1_7_NSGAII_STATIC_CMOEA,E1_STATIC,FAILURE_RATE,LIRCMOP6,10,0,0,0,comparator_rate_minus_proposed_rate,PRE_R10_SUPPORTING_DESCRIPTIVE_RESULT_AWARE__NO_NEW_CONFIRMATORY_INFERENCE
5,E1_STATIC__F22_MG_STATIC__VS__JMETALPY_1_7_NSGAII_STATIC_CMOEA,E1_STATIC,REJECT_SAFETY_FILTER,LIRCMOP6,10,0,0,0,comparator_rate_minus_proposed_rate,PRE_R10_SUPPORTING_DESCRIPTIVE_RESULT_AWARE__NO_NEW_CONFIRMATORY_INFERENCE
5,E1_STATIC__F22_MG_STATIC__VS__JMETALPY_1_7_NSGAII_STATIC_CMOEA,E1_STATIC,REJECT_BUDGET_NO_FEASIBLE,LIRCMOP6,10,0,0,0,comparator_rate_minus_proposed_rate,PRE_R10_SUPPORTING_DESCRIPTIVE_RESULT_AWARE__NO_NEW_CONFIRMATORY_INFERENCE
5,E1_STATIC__F22_MG_STATIC__VS__JMETALPY_1_7_NSGAII_STATIC_CMOEA,E1_STATIC,REJECT_NUMERICAL,LIRCMOP6,10,0,0,0,comparator_rate_minus_proposed_rate,PRE_R10_SUPPORTING_DESCRIPTIVE_RESULT_AWARE__NO_NEW_CONFIRMATORY_INFERENCE
5,E1_STATIC__F22_MG_STATIC__VS__JMETALPY_1_7_NSGAII_STATIC_CMOEA,E1_STATIC,OTHER_NONACCEPTED,LIRCMOP6,10,0,0,0,comparator_rate_minus_proposed_rate,PRE_R10_SUPPORTING_DESCRIPTIVE_RESULT_AWARE__NO_NEW_CONFIRMATORY_INFERENCE
5,E1_STATIC__F22_MG_STATIC__VS__JMETALPY_1_7_NSGAII_STATIC_CMOEA,E1_STATIC,FAILURE_RATE,LIRCMOP7,10,0,0,0,comparator_rate_minus_proposed_rate,PRE_R10_SUPPORTING_DESCRIPTIVE_RESULT_AWARE__NO_NEW_CONFIRMATORY_INFERENCE
5,E1_STATIC__F22_MG_STATIC__VS__JMETALPY_1_7_NSGAII_STATIC_CMOEA,E1_STATIC,REJECT_SAFETY_FILTER,LIRCMOP7,10,0,0,0,comparator_rate_minus_proposed_rate,PRE_R10_SUPPORTING_DESCRIPTIVE_RESULT_AWARE__NO_NEW_CONFIRMATORY_INFERENCE
5,E1_STATIC__F22_MG_STATIC__VS__JMETALPY_1_7_NSGAII_STATIC_CMOEA,E1_STATIC,REJECT_BUDGET_NO_FEASIBLE,LIRCMOP7,10,0,0,0,comparator_rate_minus_proposed_rate,PRE_R10_SUPPORTING_DESCRIPTIVE_RESULT_AWARE__NO_NEW_CONFIRMATORY_INFERENCE
5,E1_STATIC__F22_MG_STATIC__VS__JMETALPY_1_7_NSGAII_STATIC_CMOEA,E1_STATIC,REJECT_NUMERICAL,LIRCMOP7,10,0,0,0,comparator_rate_minus_proposed_rate,PRE_R10_SUPPORTING_DESCRIPTIVE_RESULT_AWARE__NO_NEW_CONFIRMATORY_INFERENCE
5,E1_STATIC__F22_MG_STATIC__VS__JMETALPY_1_7_NSGAII_STATIC_CMOEA,E1_STATIC,OTHER_NONACCEPTED,LIRCMOP7,10,0,0,0,comparator_rate_minus_proposed_rate,PRE_R10_SUPPORTING_DESCRIPTIVE_RESULT_AWARE__NO_NEW_CONFIRMATORY_INFERENCE
5,E1_STATIC__F22_MG_STATIC__VS__JMETALPY_1_7_NSGAII_STATIC_CMOEA,E1_STATIC,FAILURE_RATE,LIRCMOP8,10,0,0,0,comparator_rate_minus_proposed_rate,PRE_R10_SUPPORTING_DESCRIPTIVE_RESULT_AWARE__NO_NEW_CONFIRMATORY_INFERENCE
5,E1_STATIC__F22_MG_STATIC__VS__JMETALPY_1_7_NSGAII_STATIC_CMOEA,E1_STATIC,REJECT_SAFETY_FILTER,LIRCMOP8,10,0,0,0,comparator_rate_minus_proposed_rate,PRE_R10_SUPPORTING_DESCRIPTIVE_RESULT_AWARE__NO_NEW_CONFIRMATORY_INFERENCE
5,E1_STATIC__F22_MG_STATIC__VS__JMETALPY_1_7_NSGAII_STATIC_CMOEA,E1_STATIC,REJECT_BUDGET_NO_FEASIBLE,LIRCMOP8,10,0,0,0,comparator_rate_minus_proposed_rate,PRE_R10_SUPPORTING_DESCRIPTIVE_RESULT_AWARE__NO_NEW_CONFIRMATORY_INFERENCE
5,E1_STATIC__F22_MG_STATIC__VS__JMETALPY_1_7_NSGAII_STATIC_CMOEA,E1_STATIC,REJECT_NUMERICAL,LIRCMOP8,10,0,0,0,comparator_rate_minus_proposed_rate,PRE_R10_SUPPORTING_DESCRIPTIVE_RESULT_AWARE__NO_NEW_CONFIRMATORY_INFERENCE
5,E1_STATIC__F22_MG_STATIC__VS__JMETALPY_1_7_NSGAII_STATIC_CMOEA,E1_STATIC,OTHER_NONACCEPTED,LIRCMOP8,10,0,0,0,comparator_rate_minus_proposed_rate,PRE_R10_SUPPORTING_DESCRIPTIVE_RESULT_AWARE__NO_NEW_CONFIRMATORY_INFERENCE
5,E1_STATIC__F22_MG_STATIC__VS__JMETALPY_1_7_NSGAII_STATIC_CMOEA,E1_STATIC,FAILURE_RATE,LIRCMOP9,10,0,0,0,comparator_rate_minus_proposed_rate,PRE_R10_SUPPORTING_DESCRIPTIVE_RESULT_AWARE__NO_NEW_CONFIRMATORY_INFERENCE
5,E1_STATIC__F22_MG_STATIC__VS__JMETALPY_1_7_NSGAII_STATIC_CMOEA,E1_STATIC,REJECT_SAFETY_FILTER,LIRCMOP9,10,0,0,0,comparator_rate_minus_proposed_rate,PRE_R10_SUPPORTING_DESCRIPTIVE_RESULT_AWARE__NO_NEW_CONFIRMATORY_INFERENCE
5,E1_STATIC__F22_MG_STATIC__VS__JMETALPY_1_7_NSGAII_STATIC_CMOEA,E1_STATIC,REJECT_BUDGET_NO_FEASIBLE,LIRCMOP9,10,0,0,0,comparator_rate_minus_proposed_rate,PRE_R10_SUPPORTING_DESCRIPTIVE_RESULT_AWARE__NO_NEW_CONFIRMATORY_INFERENCE
5,E1_STATIC__F22_MG_STATIC__VS__JMETALPY_1_7_NSGAII_STATIC_CMOEA,E1_STATIC,REJECT_NUMERICAL,LIRCMOP9,10,0,0,0,comparator_rate_minus_proposed_rate,PRE_R10_SUPPORTING_DESCRIPTIVE_RESULT_AWARE__NO_NEW_CONFIRMATORY_INFERENCE
5,E1_STATIC__F22_MG_STATIC__VS__JMETALPY_1_7_NSGAII_STATIC_CMOEA,E1_STATIC,OTHER_NONACCEPTED,LIRCMOP9,10,0,0,0,comparator_rate_minus_proposed_rate,PRE_R10_SUPPORTING_DESCRIPTIVE_RESULT_AWARE__NO_NEW_CONFIRMATORY_INFERENCE
6,E1_DYNAMIC__DT-RAMDE_TS2_FULL__VS__MATCHED_FIXED_DE_PARETO,E1_DYNAMIC,FAILURE_RATE,CDF1,10,0,0,0,comparator_rate_minus_proposed_rate,PRE_R10_SUPPORTING_DESCRIPTIVE_RESULT_AWARE__NO_NEW_CONFIRMATORY_INFERENCE
6,E1_DYNAMIC__DT-RAMDE_TS2_FULL__VS__MATCHED_FIXED_DE_PARETO,E1_DYNAMIC,REJECT_SAFETY_FILTER,CDF1,10,0,0,0,comparator_rate_minus_proposed_rate,PRE_R10_SUPPORTING_DESCRIPTIVE_RESULT_AWARE__NO_NEW_CONFIRMATORY_INFERENCE
6,E1_DYNAMIC__DT-RAMDE_TS2_FULL__VS__MATCHED_FIXED_DE_PARETO,E1_DYNAMIC,REJECT_BUDGET_NO_FEASIBLE,CDF1,10,0,0,0,comparator_rate_minus_proposed_rate,PRE_R10_SUPPORTING_DESCRIPTIVE_RESULT_AWARE__NO_NEW_CONFIRMATORY_INFERENCE
6,E1_DYNAMIC__DT-RAMDE_TS2_FULL__VS__MATCHED_FIXED_DE_PARETO,E1_DYNAMIC,REJECT_NUMERICAL,CDF1,10,0,0,0,comparator_rate_minus_proposed_rate,PRE_R10_SUPPORTING_DESCRIPTIVE_RESULT_AWARE__NO_NEW_CONFIRMATORY_INFERENCE
6,E1_DYNAMIC__DT-RAMDE_TS2_FULL__VS__MATCHED_FIXED_DE_PARETO,E1_DYNAMIC,OTHER_NONACCEPTED,CDF1,10,0,0,0,comparator_rate_minus_proposed_rate,PRE_R10_SUPPORTING_DESCRIPTIVE_RESULT_AWARE__NO_NEW_CONFIRMATORY_INFERENCE
6,E1_DYNAMIC__DT-RAMDE_TS2_FULL__VS__MATCHED_FIXED_DE_PARETO,E1_DYNAMIC,FAILURE_RATE,CDF10,10,0,0,0,comparator_rate_minus_proposed_rate,PRE_R10_SUPPORTING_DESCRIPTIVE_RESULT_AWARE__NO_NEW_CONFIRMATORY_INFERENCE
6,E1_DYNAMIC__DT-RAMDE_TS2_FULL__VS__MATCHED_FIXED_DE_PARETO,E1_DYNAMIC,REJECT_SAFETY_FILTER,CDF10,10,0,0,0,comparator_rate_minus_proposed_rate,PRE_R10_SUPPORTING_DESCRIPTIVE_RESULT_AWARE__NO_NEW_CONFIRMATORY_INFERENCE
6,E1_DYNAMIC__DT-RAMDE_TS2_FULL__VS__MATCHED_FIXED_DE_PARETO,E1_DYNAMIC,REJECT_BUDGET_NO_FEASIBLE,CDF10,10,0,0,0,comparator_rate_minus_proposed_rate,PRE_R10_SUPPORTING_DESCRIPTIVE_RESULT_AWARE__NO_NEW_CONFIRMATORY_INFERENCE
6,E1_DYNAMIC__DT-RAMDE_TS2_FULL__VS__MATCHED_FIXED_DE_PARETO,E1_DYNAMIC,REJECT_NUMERICAL,CDF10,10,0,0,0,comparator_rate_minus_proposed_rate,PRE_R10_SUPPORTING_DESCRIPTIVE_RESULT_AWARE__NO_NEW_CONFIRMATORY_INFERENCE
6,E1_DYNAMIC__DT-RAMDE_TS2_FULL__VS__MATCHED_FIXED_DE_PARETO,E1_DYNAMIC,OTHER_NONACCEPTED,CDF10,10,0,0,0,comparator_rate_minus_proposed_rate,PRE_R10_SUPPORTING_DESCRIPTIVE_RESULT_AWARE__NO_NEW_CONFIRMATORY_INFERENCE
6,E1_DYNAMIC__DT-RAMDE_TS2_FULL__VS__MATCHED_FIXED_DE_PARETO,E1_DYNAMIC,FAILURE_RATE,CDF11,10,0,0,0,comparator_rate_minus_proposed_rate,PRE_R10_SUPPORTING_DESCRIPTIVE_RESULT_AWARE__NO_NEW_CONFIRMATORY_INFERENCE
6,E1_DYNAMIC__DT-RAMDE_TS2_FULL__VS__MATCHED_FIXED_DE_PARETO,E1_DYNAMIC,REJECT_SAFETY_FILTER,CDF11,10,0,0,0,comparator_rate_minus_proposed_rate,PRE_R10_SUPPORTING_DESCRIPTIVE_RESULT_AWARE__NO_NEW_CONFIRMATORY_INFERENCE
6,E1_DYNAMIC__DT-RAMDE_TS2_FULL__VS__MATCHED_FIXED_DE_PARETO,E1_DYNAMIC,REJECT_BUDGET_NO_FEASIBLE,CDF11,10,0,0,0,comparator_rate_minus_proposed_rate,PRE_R10_SUPPORTING_DESCRIPTIVE_RESULT_AWARE__NO_NEW_CONFIRMATORY_INFERENCE
6,E1_DYNAMIC__DT-RAMDE_TS2_FULL__VS__MATCHED_FIXED_DE_PARETO,E1_DYNAMIC,REJECT_NUMERICAL,CDF11,10,0,0,0,comparator_rate_minus_proposed_rate,PRE_R10_SUPPORTING_DESCRIPTIVE_RESULT_AWARE__NO_NEW_CONFIRMATORY_INFERENCE
6,E1_DYNAMIC__DT-RAMDE_TS2_FULL__VS__MATCHED_FIXED_DE_PARETO,E1_DYNAMIC,OTHER_NONACCEPTED,CDF11,10,0,0,0,comparator_rate_minus_proposed_rate,PRE_R10_SUPPORTING_DESCRIPTIVE_RESULT_AWARE__NO_NEW_CONFIRMATORY_INFERENCE
6,E1_DYNAMIC__DT-RAMDE_TS2_FULL__VS__MATCHED_FIXED_DE_PARETO,E1_DYNAMIC,FAILURE_RATE,CDF12,10,0,0,0,comparator_rate_minus_proposed_rate,PRE_R10_SUPPORTING_DESCRIPTIVE_RESULT_AWARE__NO_NEW_CONFIRMATORY_INFERENCE
6,E1_DYNAMIC__DT-RAMDE_TS2_FULL__VS__MATCHED_FIXED_DE_PARETO,E1_DYNAMIC,REJECT_SAFETY_FILTER,CDF12,10,0,0,0,comparator_rate_minus_proposed_rate,PRE_R10_SUPPORTING_DESCRIPTIVE_RESULT_AWARE__NO_NEW_CONFIRMATORY_INFERENCE
6,E1_DYNAMIC__DT-RAMDE_TS2_FULL__VS__MATCHED_FIXED_DE_PARETO,E1_DYNAMIC,REJECT_BUDGET_NO_FEASIBLE,CDF12,10,0,0,0,comparator_rate_minus_proposed_rate,PRE_R10_SUPPORTING_DESCRIPTIVE_RESULT_AWARE__NO_NEW_CONFIRMATORY_INFERENCE
6,E1_DYNAMIC__DT-RAMDE_TS2_FULL__VS__MATCHED_FIXED_DE_PARETO,E1_DYNAMIC,REJECT_NUMERICAL,CDF12,10,0,0,0,comparator_rate_minus_proposed_rate,PRE_R10_SUPPORTING_DESCRIPTIVE_RESULT_AWARE__NO_NEW_CONFIRMATORY_INFERENCE
6,E1_DYNAMIC__DT-RAMDE_TS2_FULL__VS__MATCHED_FIXED_DE_PARETO,E1_DYNAMIC,OTHER_NONACCEPTED,CDF12,10,0,0,0,comparator_rate_minus_proposed_rate,PRE_R10_SUPPORTING_DESCRIPTIVE_RESULT_AWARE__NO_NEW_CONFIRMATORY_INFERENCE
6,E1_DYNAMIC__DT-RAMDE_TS2_FULL__VS__MATCHED_FIXED_DE_PARETO,E1_DYNAMIC,FAILURE_RATE,CDF13,10,0,0,0,comparator_rate_minus_proposed_rate,PRE_R10_SUPPORTING_DESCRIPTIVE_RESULT_AWARE__NO_NEW_CONFIRMATORY_INFERENCE
6,E1_DYNAMIC__DT-RAMDE_TS2_FULL__VS__MATCHED_FIXED_DE_PARETO,E1_DYNAMIC,REJECT_SAFETY_FILTER,CDF13,10,0,0,0,comparator_rate_minus_proposed_rate,PRE_R10_SUPPORTING_DESCRIPTIVE_RESULT_AWARE__NO_NEW_CONFIRMATORY_INFERENCE
6,E1_DYNAMIC__DT-RAMDE_TS2_FULL__VS__MATCHED_FIXED_DE_PARETO,E1_DYNAMIC,REJECT_BUDGET_NO_FEASIBLE,CDF13,10,0,0,0,comparator_rate_minus_proposed_rate,PRE_R10_SUPPORTING_DESCRIPTIVE_RESULT_AWARE__NO_NEW_CONFIRMATORY_INFERENCE
6,E1_DYNAMIC__DT-RAMDE_TS2_FULL__VS__MATCHED_FIXED_DE_PARETO,E1_DYNAMIC,REJECT_NUMERICAL,CDF13,10,0,0,0,comparator_rate_minus_proposed_rate,PRE_R10_SUPPORTING_DESCRIPTIVE_RESULT_AWARE__NO_NEW_CONFIRMATORY_INFERENCE
6,E1_DYNAMIC__DT-RAMDE_TS2_FULL__VS__MATCHED_FIXED_DE_PARETO,E1_DYNAMIC,OTHER_NONACCEPTED,CDF13,10,0,0,0,comparator_rate_minus_proposed_rate,PRE_R10_SUPPORTING_DESCRIPTIVE_RESULT_AWARE__NO_NEW_CONFIRMATORY_INFERENCE
6,E1_DYNAMIC__DT-RAMDE_TS2_FULL__VS__MATCHED_FIXED_DE_PARETO,E1_DYNAMIC,FAILURE_RATE,CDF14,10,0,0,0,comparator_rate_minus_proposed_rate,PRE_R10_SUPPORTING_DESCRIPTIVE_RESULT_AWARE__NO_NEW_CONFIRMATORY_INFERENCE
6,E1_DYNAMIC__DT-RAMDE_TS2_FULL__VS__MATCHED_FIXED_DE_PARETO,E1_DYNAMIC,REJECT_SAFETY_FILTER,CDF14,10,0,0,0,comparator_rate_minus_proposed_rate,PRE_R10_SUPPORTING_DESCRIPTIVE_RESULT_AWARE__NO_NEW_CONFIRMATORY_INFERENCE
6,E1_DYNAMIC__DT-RAMDE_TS2_FULL__VS__MATCHED_FIXED_DE_PARETO,E1_DYNAMIC,REJECT_BUDGET_NO_FEASIBLE,CDF14,10,0,0,0,comparator_rate_minus_proposed_rate,PRE_R10_SUPPORTING_DESCRIPTIVE_RESULT_AWARE__NO_NEW_CONFIRMATORY_INFERENCE
6,E1_DYNAMIC__DT-RAMDE_TS2_FULL__VS__MATCHED_FIXED_DE_PARETO,E1_DYNAMIC,REJECT_NUMERICAL,CDF14,10,0,0,0,comparator_rate_minus_proposed_rate,PRE_R10_SUPPORTING_DESCRIPTIVE_RESULT_AWARE__NO_NEW_CONFIRMATORY_INFERENCE
6,E1_DYNAMIC__DT-RAMDE_TS2_FULL__VS__MATCHED_FIXED_DE_PARETO,E1_DYNAMIC,OTHER_NONACCEPTED,CDF14,10,0,0,0,comparator_rate_minus_proposed_rate,PRE_R10_SUPPORTING_DESCRIPTIVE_RESULT_AWARE__NO_NEW_CONFIRMATORY_INFERENCE
6,E1_DYNAMIC__DT-RAMDE_TS2_FULL__VS__MATCHED_FIXED_DE_PARETO,E1_DYNAMIC,FAILURE_RATE,CDF15,10,0,0,0,comparator_rate_minus_proposed_rate,PRE_R10_SUPPORTING_DESCRIPTIVE_RESULT_AWARE__NO_NEW_CONFIRMATORY_INFERENCE
6,E1_DYNAMIC__DT-RAMDE_TS2_FULL__VS__MATCHED_FIXED_DE_PARETO,E1_DYNAMIC,REJECT_SAFETY_FILTER,CDF15,10,0,0,0,comparator_rate_minus_proposed_rate,PRE_R10_SUPPORTING_DESCRIPTIVE_RESULT_AWARE__NO_NEW_CONFIRMATORY_INFERENCE
6,E1_DYNAMIC__DT-RAMDE_TS2_FULL__VS__MATCHED_FIXED_DE_PARETO,E1_DYNAMIC,REJECT_BUDGET_NO_FEASIBLE,CDF15,10,0,0,0,comparator_rate_minus_proposed_rate,PRE_R10_SUPPORTING_DESCRIPTIVE_RESULT_AWARE__NO_NEW_CONFIRMATORY_INFERENCE
6,E1_DYNAMIC__DT-RAMDE_TS2_FULL__VS__MATCHED_FIXED_DE_PARETO,E1_DYNAMIC,REJECT_NUMERICAL,CDF15,10,0,0,0,comparator_rate_minus_proposed_rate,PRE_R10_SUPPORTING_DESCRIPTIVE_RESULT_AWARE__NO_NEW_CONFIRMATORY_INFERENCE
6,E1_DYNAMIC__DT-RAMDE_TS2_FULL__VS__MATCHED_FIXED_DE_PARETO,E1_DYNAMIC,OTHER_NONACCEPTED,CDF15,10,0,0,0,comparator_rate_minus_proposed_rate,PRE_R10_SUPPORTING_DESCRIPTIVE_RESULT_AWARE__NO_NEW_CONFIRMATORY_INFERENCE
6,E1_DYNAMIC__DT-RAMDE_TS2_FULL__VS__MATCHED_FIXED_DE_PARETO,E1_DYNAMIC,FAILURE_RATE,CDF2,10,0,0,0,comparator_rate_minus_proposed_rate,PRE_R10_SUPPORTING_DESCRIPTIVE_RESULT_AWARE__NO_NEW_CONFIRMATORY_INFERENCE
6,E1_DYNAMIC__DT-RAMDE_TS2_FULL__VS__MATCHED_FIXED_DE_PARETO,E1_DYNAMIC,REJECT_SAFETY_FILTER,CDF2,10,0,0,0,comparator_rate_minus_proposed_rate,PRE_R10_SUPPORTING_DESCRIPTIVE_RESULT_AWARE__NO_NEW_CONFIRMATORY_INFERENCE
6,E1_DYNAMIC__DT-RAMDE_TS2_FULL__VS__MATCHED_FIXED_DE_PARETO,E1_DYNAMIC,REJECT_BUDGET_NO_FEASIBLE,CDF2,10,0,0,0,comparator_rate_minus_proposed_rate,PRE_R10_SUPPORTING_DESCRIPTIVE_RESULT_AWARE__NO_NEW_CONFIRMATORY_INFERENCE
6,E1_DYNAMIC__DT-RAMDE_TS2_FULL__VS__MATCHED_FIXED_DE_PARETO,E1_DYNAMIC,REJECT_NUMERICAL,CDF2,10,0,0,0,comparator_rate_minus_proposed_rate,PRE_R10_SUPPORTING_DESCRIPTIVE_RESULT_AWARE__NO_NEW_CONFIRMATORY_INFERENCE
6,E1_DYNAMIC__DT-RAMDE_TS2_FULL__VS__MATCHED_FIXED_DE_PARETO,E1_DYNAMIC,OTHER_NONACCEPTED,CDF2,10,0,0,0,comparator_rate_minus_proposed_rate,PRE_R10_SUPPORTING_DESCRIPTIVE_RESULT_AWARE__NO_NEW_CONFIRMATORY_INFERENCE
6,E1_DYNAMIC__DT-RAMDE_TS2_FULL__VS__MATCHED_FIXED_DE_PARETO,E1_DYNAMIC,FAILURE_RATE,CDF3,10,0,0,0,comparator_rate_minus_proposed_rate,PRE_R10_SUPPORTING_DESCRIPTIVE_RESULT_AWARE__NO_NEW_CONFIRMATORY_INFERENCE
6,E1_DYNAMIC__DT-RAMDE_TS2_FULL__VS__MATCHED_FIXED_DE_PARETO,E1_DYNAMIC,REJECT_SAFETY_FILTER,CDF3,10,0,0,0,comparator_rate_minus_proposed_rate,PRE_R10_SUPPORTING_DESCRIPTIVE_RESULT_AWARE__NO_NEW_CONFIRMATORY_INFERENCE
6,E1_DYNAMIC__DT-RAMDE_TS2_FULL__VS__MATCHED_FIXED_DE_PARETO,E1_DYNAMIC,REJECT_BUDGET_NO_FEASIBLE,CDF3,10,0,0,0,comparator_rate_minus_proposed_rate,PRE_R10_SUPPORTING_DESCRIPTIVE_RESULT_AWARE__NO_NEW_CONFIRMATORY_INFERENCE
6,E1_DYNAMIC__DT-RAMDE_TS2_FULL__VS__MATCHED_FIXED_DE_PARETO,E1_DYNAMIC,REJECT_NUMERICAL,CDF3,10,0,0,0,comparator_rate_minus_proposed_rate,PRE_R10_SUPPORTING_DESCRIPTIVE_RESULT_AWARE__NO_NEW_CONFIRMATORY_INFERENCE
6,E1_DYNAMIC__DT-RAMDE_TS2_FULL__VS__MATCHED_FIXED_DE_PARETO,E1_DYNAMIC,OTHER_NONACCEPTED,CDF3,10,0,0,0,comparator_rate_minus_proposed_rate,PRE_R10_SUPPORTING_DESCRIPTIVE_RESULT_AWARE__NO_NEW_CONFIRMATORY_INFERENCE
6,E1_DYNAMIC__DT-RAMDE_TS2_FULL__VS__MATCHED_FIXED_DE_PARETO,E1_DYNAMIC,FAILURE_RATE,CDF4,10,0,0,0,comparator_rate_minus_proposed_rate,PRE_R10_SUPPORTING_DESCRIPTIVE_RESULT_AWARE__NO_NEW_CONFIRMATORY_INFERENCE
6,E1_DYNAMIC__DT-RAMDE_TS2_FULL__VS__MATCHED_FIXED_DE_PARETO,E1_DYNAMIC,REJECT_SAFETY_FILTER,CDF4,10,0,0,0,comparator_rate_minus_proposed_rate,PRE_R10_SUPPORTING_DESCRIPTIVE_RESULT_AWARE__NO_NEW_CONFIRMATORY_INFERENCE
6,E1_DYNAMIC__DT-RAMDE_TS2_FULL__VS__MATCHED_FIXED_DE_PARETO,E1_DYNAMIC,REJECT_BUDGET_NO_FEASIBLE,CDF4,10,0,0,0,comparator_rate_minus_proposed_rate,PRE_R10_SUPPORTING_DESCRIPTIVE_RESULT_AWARE__NO_NEW_CONFIRMATORY_INFERENCE
6,E1_DYNAMIC__DT-RAMDE_TS2_FULL__VS__MATCHED_FIXED_DE_PARETO,E1_DYNAMIC,REJECT_NUMERICAL,CDF4,10,0,0,0,comparator_rate_minus_proposed_rate,PRE_R10_SUPPORTING_DESCRIPTIVE_RESULT_AWARE__NO_NEW_CONFIRMATORY_INFERENCE
6,E1_DYNAMIC__DT-RAMDE_TS2_FULL__VS__MATCHED_FIXED_DE_PARETO,E1_DYNAMIC,OTHER_NONACCEPTED,CDF4,10,0,0,0,comparator_rate_minus_proposed_rate,PRE_R10_SUPPORTING_DESCRIPTIVE_RESULT_AWARE__NO_NEW_CONFIRMATORY_INFERENCE
6,E1_DYNAMIC__DT-RAMDE_TS2_FULL__VS__MATCHED_FIXED_DE_PARETO,E1_DYNAMIC,FAILURE_RATE,CDF5,10,0,0,0,comparator_rate_minus_proposed_rate,PRE_R10_SUPPORTING_DESCRIPTIVE_RESULT_AWARE__NO_NEW_CONFIRMATORY_INFERENCE
6,E1_DYNAMIC__DT-RAMDE_TS2_FULL__VS__MATCHED_FIXED_DE_PARETO,E1_DYNAMIC,REJECT_SAFETY_FILTER,CDF5,10,0,0,0,comparator_rate_minus_proposed_rate,PRE_R10_SUPPORTING_DESCRIPTIVE_RESULT_AWARE__NO_NEW_CONFIRMATORY_INFERENCE
6,E1_DYNAMIC__DT-RAMDE_TS2_FULL__VS__MATCHED_FIXED_DE_PARETO,E1_DYNAMIC,REJECT_BUDGET_NO_FEASIBLE,CDF5,10,0,0,0,comparator_rate_minus_proposed_rate,PRE_R10_SUPPORTING_DESCRIPTIVE_RESULT_AWARE__NO_NEW_CONFIRMATORY_INFERENCE
6,E1_DYNAMIC__DT-RAMDE_TS2_FULL__VS__MATCHED_FIXED_DE_PARETO,E1_DYNAMIC,REJECT_NUMERICAL,CDF5,10,0,0,0,comparator_rate_minus_proposed_rate,PRE_R10_SUPPORTING_DESCRIPTIVE_RESULT_AWARE__NO_NEW_CONFIRMATORY_INFERENCE
6,E1_DYNAMIC__DT-RAMDE_TS2_FULL__VS__MATCHED_FIXED_DE_PARETO,E1_DYNAMIC,OTHER_NONACCEPTED,CDF5,10,0,0,0,comparator_rate_minus_proposed_rate,PRE_R10_SUPPORTING_DESCRIPTIVE_RESULT_AWARE__NO_NEW_CONFIRMATORY_INFERENCE
6,E1_DYNAMIC__DT-RAMDE_TS2_FULL__VS__MATCHED_FIXED_DE_PARETO,E1_DYNAMIC,FAILURE_RATE,CDF6,10,0,0,0,comparator_rate_minus_proposed_rate,PRE_R10_SUPPORTING_DESCRIPTIVE_RESULT_AWARE__NO_NEW_CONFIRMATORY_INFERENCE
6,E1_DYNAMIC__DT-RAMDE_TS2_FULL__VS__MATCHED_FIXED_DE_PARETO,E1_DYNAMIC,REJECT_SAFETY_FILTER,CDF6,10,0,0,0,comparator_rate_minus_proposed_rate,PRE_R10_SUPPORTING_DESCRIPTIVE_RESULT_AWARE__NO_NEW_CONFIRMATORY_INFERENCE
6,E1_DYNAMIC__DT-RAMDE_TS2_FULL__VS__MATCHED_FIXED_DE_PARETO,E1_DYNAMIC,REJECT_BUDGET_NO_FEASIBLE,CDF6,10,0,0,0,comparator_rate_minus_proposed_rate,PRE_R10_SUPPORTING_DESCRIPTIVE_RESULT_AWARE__NO_NEW_CONFIRMATORY_INFERENCE
6,E1_DYNAMIC__DT-RAMDE_TS2_FULL__VS__MATCHED_FIXED_DE_PARETO,E1_DYNAMIC,REJECT_NUMERICAL,CDF6,10,0,0,0,comparator_rate_minus_proposed_rate,PRE_R10_SUPPORTING_DESCRIPTIVE_RESULT_AWARE__NO_NEW_CONFIRMATORY_INFERENCE
6,E1_DYNAMIC__DT-RAMDE_TS2_FULL__VS__MATCHED_FIXED_DE_PARETO,E1_DYNAMIC,OTHER_NONACCEPTED,CDF6,10,0,0,0,comparator_rate_minus_proposed_rate,PRE_R10_SUPPORTING_DESCRIPTIVE_RESULT_AWARE__NO_NEW_CONFIRMATORY_INFERENCE
6,E1_DYNAMIC__DT-RAMDE_TS2_FULL__VS__MATCHED_FIXED_DE_PARETO,E1_DYNAMIC,FAILURE_RATE,CDF7,10,0,0,0,comparator_rate_minus_proposed_rate,PRE_R10_SUPPORTING_DESCRIPTIVE_RESULT_AWARE__NO_NEW_CONFIRMATORY_INFERENCE
6,E1_DYNAMIC__DT-RAMDE_TS2_FULL__VS__MATCHED_FIXED_DE_PARETO,E1_DYNAMIC,REJECT_SAFETY_FILTER,CDF7,10,0,0,0,comparator_rate_minus_proposed_rate,PRE_R10_SUPPORTING_DESCRIPTIVE_RESULT_AWARE__NO_NEW_CONFIRMATORY_INFERENCE
6,E1_DYNAMIC__DT-RAMDE_TS2_FULL__VS__MATCHED_FIXED_DE_PARETO,E1_DYNAMIC,REJECT_BUDGET_NO_FEASIBLE,CDF7,10,0,0,0,comparator_rate_minus_proposed_rate,PRE_R10_SUPPORTING_DESCRIPTIVE_RESULT_AWARE__NO_NEW_CONFIRMATORY_INFERENCE
6,E1_DYNAMIC__DT-RAMDE_TS2_FULL__VS__MATCHED_FIXED_DE_PARETO,E1_DYNAMIC,REJECT_NUMERICAL,CDF7,10,0,0,0,comparator_rate_minus_proposed_rate,PRE_R10_SUPPORTING_DESCRIPTIVE_RESULT_AWARE__NO_NEW_CONFIRMATORY_INFERENCE
6,E1_DYNAMIC__DT-RAMDE_TS2_FULL__VS__MATCHED_FIXED_DE_PARETO,E1_DYNAMIC,OTHER_NONACCEPTED,CDF7,10,0,0,0,comparator_rate_minus_proposed_rate,PRE_R10_SUPPORTING_DESCRIPTIVE_RESULT_AWARE__NO_NEW_CONFIRMATORY_INFERENCE
6,E1_DYNAMIC__DT-RAMDE_TS2_FULL__VS__MATCHED_FIXED_DE_PARETO,E1_DYNAMIC,FAILURE_RATE,CDF8,10,0,0,0,comparator_rate_minus_proposed_rate,PRE_R10_SUPPORTING_DESCRIPTIVE_RESULT_AWARE__NO_NEW_CONFIRMATORY_INFERENCE
6,E1_DYNAMIC__DT-RAMDE_TS2_FULL__VS__MATCHED_FIXED_DE_PARETO,E1_DYNAMIC,REJECT_SAFETY_FILTER,CDF8,10,0,0,0,comparator_rate_minus_proposed_rate,PRE_R10_SUPPORTING_DESCRIPTIVE_RESULT_AWARE__NO_NEW_CONFIRMATORY_INFERENCE
6,E1_DYNAMIC__DT-RAMDE_TS2_FULL__VS__MATCHED_FIXED_DE_PARETO,E1_DYNAMIC,REJECT_BUDGET_NO_FEASIBLE,CDF8,10,0,0,0,comparator_rate_minus_proposed_rate,PRE_R10_SUPPORTING_DESCRIPTIVE_RESULT_AWARE__NO_NEW_CONFIRMATORY_INFERENCE
6,E1_DYNAMIC__DT-RAMDE_TS2_FULL__VS__MATCHED_FIXED_DE_PARETO,E1_DYNAMIC,REJECT_NUMERICAL,CDF8,10,0,0,0,comparator_rate_minus_proposed_rate,PRE_R10_SUPPORTING_DESCRIPTIVE_RESULT_AWARE__NO_NEW_CONFIRMATORY_INFERENCE
6,E1_DYNAMIC__DT-RAMDE_TS2_FULL__VS__MATCHED_FIXED_DE_PARETO,E1_DYNAMIC,OTHER_NONACCEPTED,CDF8,10,0,0,0,comparator_rate_minus_proposed_rate,PRE_R10_SUPPORTING_DESCRIPTIVE_RESULT_AWARE__NO_NEW_CONFIRMATORY_INFERENCE
6,E1_DYNAMIC__DT-RAMDE_TS2_FULL__VS__MATCHED_FIXED_DE_PARETO,E1_DYNAMIC,FAILURE_RATE,CDF9,10,-0.37333333333333341,-0.37333333333333341,-0.37333333333333341,comparator_rate_minus_proposed_rate,PRE_R10_SUPPORTING_DESCRIPTIVE_RESULT_AWARE__NO_NEW_CONFIRMATORY_INFERENCE
6,E1_DYNAMIC__DT-RAMDE_TS2_FULL__VS__MATCHED_FIXED_DE_PARETO,E1_DYNAMIC,REJECT_SAFETY_FILTER,CDF9,10,0,0,0,comparator_rate_minus_proposed_rate,PRE_R10_SUPPORTING_DESCRIPTIVE_RESULT_AWARE__NO_NEW_CONFIRMATORY_INFERENCE
6,E1_DYNAMIC__DT-RAMDE_TS2_FULL__VS__MATCHED_FIXED_DE_PARETO,E1_DYNAMIC,REJECT_BUDGET_NO_FEASIBLE,CDF9,10,0.15499999999999997,0.15499999999999997,0.15499999999999997,comparator_rate_minus_proposed_rate,PRE_R10_SUPPORTING_DESCRIPTIVE_RESULT_AWARE__NO_NEW_CONFIRMATORY_INFERENCE
6,E1_DYNAMIC__DT-RAMDE_TS2_FULL__VS__MATCHED_FIXED_DE_PARETO,E1_DYNAMIC,REJECT_NUMERICAL,CDF9,10,-0.52833333333333332,-0.52833333333333332,-0.52833333333333332,comparator_rate_minus_proposed_rate,PRE_R10_SUPPORTING_DESCRIPTIVE_RESULT_AWARE__NO_NEW_CONFIRMATORY_INFERENCE
6,E1_DYNAMIC__DT-RAMDE_TS2_FULL__VS__MATCHED_FIXED_DE_PARETO,E1_DYNAMIC,OTHER_NONACCEPTED,CDF9,10,-5.551115123125783e-18,-5.551115123125783e-18,-5.551115123125783e-18,comparator_rate_minus_proposed_rate,PRE_R10_SUPPORTING_DESCRIPTIVE_RESULT_AWARE__NO_NEW_CONFIRMATORY_INFERENCE
7,E1_DYNAMIC__DT-RAMDE_TS2_FULL__VS__MATCHED_JDE_STYLE_PARETO,E1_DYNAMIC,FAILURE_RATE,CDF1,10,0,0,0,comparator_rate_minus_proposed_rate,PRE_R10_SUPPORTING_DESCRIPTIVE_RESULT_AWARE__NO_NEW_CONFIRMATORY_INFERENCE
7,E1_DYNAMIC__DT-RAMDE_TS2_FULL__VS__MATCHED_JDE_STYLE_PARETO,E1_DYNAMIC,REJECT_SAFETY_FILTER,CDF1,10,0,0,0,comparator_rate_minus_proposed_rate,PRE_R10_SUPPORTING_DESCRIPTIVE_RESULT_AWARE__NO_NEW_CONFIRMATORY_INFERENCE
7,E1_DYNAMIC__DT-RAMDE_TS2_FULL__VS__MATCHED_JDE_STYLE_PARETO,E1_DYNAMIC,REJECT_BUDGET_NO_FEASIBLE,CDF1,10,0,0,0,comparator_rate_minus_proposed_rate,PRE_R10_SUPPORTING_DESCRIPTIVE_RESULT_AWARE__NO_NEW_CONFIRMATORY_INFERENCE
7,E1_DYNAMIC__DT-RAMDE_TS2_FULL__VS__MATCHED_JDE_STYLE_PARETO,E1_DYNAMIC,REJECT_NUMERICAL,CDF1,10,0,0,0,comparator_rate_minus_proposed_rate,PRE_R10_SUPPORTING_DESCRIPTIVE_RESULT_AWARE__NO_NEW_CONFIRMATORY_INFERENCE
7,E1_DYNAMIC__DT-RAMDE_TS2_FULL__VS__MATCHED_JDE_STYLE_PARETO,E1_DYNAMIC,OTHER_NONACCEPTED,CDF1,10,0,0,0,comparator_rate_minus_proposed_rate,PRE_R10_SUPPORTING_DESCRIPTIVE_RESULT_AWARE__NO_NEW_CONFIRMATORY_INFERENCE
7,E1_DYNAMIC__DT-RAMDE_TS2_FULL__VS__MATCHED_JDE_STYLE_PARETO,E1_DYNAMIC,FAILURE_RATE,CDF10,10,0,0,0,comparator_rate_minus_proposed_rate,PRE_R10_SUPPORTING_DESCRIPTIVE_RESULT_AWARE__NO_NEW_CONFIRMATORY_INFERENCE
7,E1_DYNAMIC__DT-RAMDE_TS2_FULL__VS__MATCHED_JDE_STYLE_PARETO,E1_DYNAMIC,REJECT_SAFETY_FILTER,CDF10,10,0,0,0,comparator_rate_minus_proposed_rate,PRE_R10_SUPPORTING_DESCRIPTIVE_RESULT_AWARE__NO_NEW_CONFIRMATORY_INFERENCE
7,E1_DYNAMIC__DT-RAMDE_TS2_FULL__VS__MATCHED_JDE_STYLE_PARETO,E1_DYNAMIC,REJECT_BUDGET_NO_FEASIBLE,CDF10,10,0,0,0,comparator_rate_minus_proposed_rate,PRE_R10_SUPPORTING_DESCRIPTIVE_RESULT_AWARE__NO_NEW_CONFIRMATORY_INFERENCE
7,E1_DYNAMIC__DT-RAMDE_TS2_FULL__VS__MATCHED_JDE_STYLE_PARETO,E1_DYNAMIC,REJECT_NUMERICAL,CDF10,10,0,0,0,comparator_rate_minus_proposed_rate,PRE_R10_SUPPORTING_DESCRIPTIVE_RESULT_AWARE__NO_NEW_CONFIRMATORY_INFERENCE
7,E1_DYNAMIC__DT-RAMDE_TS2_FULL__VS__MATCHED_JDE_STYLE_PARETO,E1_DYNAMIC,OTHER_NONACCEPTED,CDF10,10,0,0,0,comparator_rate_minus_proposed_rate,PRE_R10_SUPPORTING_DESCRIPTIVE_RESULT_AWARE__NO_NEW_CONFIRMATORY_INFERENCE
7,E1_DYNAMIC__DT-RAMDE_TS2_FULL__VS__MATCHED_JDE_STYLE_PARETO,E1_DYNAMIC,FAILURE_RATE,CDF11,10,0,0,0,comparator_rate_minus_proposed_rate,PRE_R10_SUPPORTING_DESCRIPTIVE_RESULT_AWARE__NO_NEW_CONFIRMATORY_INFERENCE
7,E1_DYNAMIC__DT-RAMDE_TS2_FULL__VS__MATCHED_JDE_STYLE_PARETO,E1_DYNAMIC,REJECT_SAFETY_FILTER,CDF11,10,0,0,0,comparator_rate_minus_proposed_rate,PRE_R10_SUPPORTING_DESCRIPTIVE_RESULT_AWARE__NO_NEW_CONFIRMATORY_INFERENCE
7,E1_DYNAMIC__DT-RAMDE_TS2_FULL__VS__MATCHED_JDE_STYLE_PARETO,E1_DYNAMIC,REJECT_BUDGET_NO_FEASIBLE,CDF11,10,0,0,0,comparator_rate_minus_proposed_rate,PRE_R10_SUPPORTING_DESCRIPTIVE_RESULT_AWARE__NO_NEW_CONFIRMATORY_INFERENCE
7,E1_DYNAMIC__DT-RAMDE_TS2_FULL__VS__MATCHED_JDE_STYLE_PARETO,E1_DYNAMIC,REJECT_NUMERICAL,CDF11,10,0,0,0,comparator_rate_minus_proposed_rate,PRE_R10_SUPPORTING_DESCRIPTIVE_RESULT_AWARE__NO_NEW_CONFIRMATORY_INFERENCE
7,E1_DYNAMIC__DT-RAMDE_TS2_FULL__VS__MATCHED_JDE_STYLE_PARETO,E1_DYNAMIC,OTHER_NONACCEPTED,CDF11,10,0,0,0,comparator_rate_minus_proposed_rate,PRE_R10_SUPPORTING_DESCRIPTIVE_RESULT_AWARE__NO_NEW_CONFIRMATORY_INFERENCE
7,E1_DYNAMIC__DT-RAMDE_TS2_FULL__VS__MATCHED_JDE_STYLE_PARETO,E1_DYNAMIC,FAILURE_RATE,CDF12,10,0,0,0,comparator_rate_minus_proposed_rate,PRE_R10_SUPPORTING_DESCRIPTIVE_RESULT_AWARE__NO_NEW_CONFIRMATORY_INFERENCE
7,E1_DYNAMIC__DT-RAMDE_TS2_FULL__VS__MATCHED_JDE_STYLE_PARETO,E1_DYNAMIC,REJECT_SAFETY_FILTER,CDF12,10,0,0,0,comparator_rate_minus_proposed_rate,PRE_R10_SUPPORTING_DESCRIPTIVE_RESULT_AWARE__NO_NEW_CONFIRMATORY_INFERENCE
7,E1_DYNAMIC__DT-RAMDE_TS2_FULL__VS__MATCHED_JDE_STYLE_PARETO,E1_DYNAMIC,REJECT_BUDGET_NO_FEASIBLE,CDF12,10,0,0,0,comparator_rate_minus_proposed_rate,PRE_R10_SUPPORTING_DESCRIPTIVE_RESULT_AWARE__NO_NEW_CONFIRMATORY_INFERENCE
7,E1_DYNAMIC__DT-RAMDE_TS2_FULL__VS__MATCHED_JDE_STYLE_PARETO,E1_DYNAMIC,REJECT_NUMERICAL,CDF12,10,0,0,0,comparator_rate_minus_proposed_rate,PRE_R10_SUPPORTING_DESCRIPTIVE_RESULT_AWARE__NO_NEW_CONFIRMATORY_INFERENCE
7,E1_DYNAMIC__DT-RAMDE_TS2_FULL__VS__MATCHED_JDE_STYLE_PARETO,E1_DYNAMIC,OTHER_NONACCEPTED,CDF12,10,0,0,0,comparator_rate_minus_proposed_rate,PRE_R10_SUPPORTING_DESCRIPTIVE_RESULT_AWARE__NO_NEW_CONFIRMATORY_INFERENCE
7,E1_DYNAMIC__DT-RAMDE_TS2_FULL__VS__MATCHED_JDE_STYLE_PARETO,E1_DYNAMIC,FAILURE_RATE,CDF13,10,0,0,0,comparator_rate_minus_proposed_rate,PRE_R10_SUPPORTING_DESCRIPTIVE_RESULT_AWARE__NO_NEW_CONFIRMATORY_INFERENCE
7,E1_DYNAMIC__DT-RAMDE_TS2_FULL__VS__MATCHED_JDE_STYLE_PARETO,E1_DYNAMIC,REJECT_SAFETY_FILTER,CDF13,10,0,0,0,comparator_rate_minus_proposed_rate,PRE_R10_SUPPORTING_DESCRIPTIVE_RESULT_AWARE__NO_NEW_CONFIRMATORY_INFERENCE
7,E1_DYNAMIC__DT-RAMDE_TS2_FULL__VS__MATCHED_JDE_STYLE_PARETO,E1_DYNAMIC,REJECT_BUDGET_NO_FEASIBLE,CDF13,10,0,0,0,comparator_rate_minus_proposed_rate,PRE_R10_SUPPORTING_DESCRIPTIVE_RESULT_AWARE__NO_NEW_CONFIRMATORY_INFERENCE
7,E1_DYNAMIC__DT-RAMDE_TS2_FULL__VS__MATCHED_JDE_STYLE_PARETO,E1_DYNAMIC,REJECT_NUMERICAL,CDF13,10,0,0,0,comparator_rate_minus_proposed_rate,PRE_R10_SUPPORTING_DESCRIPTIVE_RESULT_AWARE__NO_NEW_CONFIRMATORY_INFERENCE
7,E1_DYNAMIC__DT-RAMDE_TS2_FULL__VS__MATCHED_JDE_STYLE_PARETO,E1_DYNAMIC,OTHER_NONACCEPTED,CDF13,10,0,0,0,comparator_rate_minus_proposed_rate,PRE_R10_SUPPORTING_DESCRIPTIVE_RESULT_AWARE__NO_NEW_CONFIRMATORY_INFERENCE
7,E1_DYNAMIC__DT-RAMDE_TS2_FULL__VS__MATCHED_JDE_STYLE_PARETO,E1_DYNAMIC,FAILURE_RATE,CDF14,10,0,0,0,comparator_rate_minus_proposed_rate,PRE_R10_SUPPORTING_DESCRIPTIVE_RESULT_AWARE__NO_NEW_CONFIRMATORY_INFERENCE
7,E1_DYNAMIC__DT-RAMDE_TS2_FULL__VS__MATCHED_JDE_STYLE_PARETO,E1_DYNAMIC,REJECT_SAFETY_FILTER,CDF14,10,0,0,0,comparator_rate_minus_proposed_rate,PRE_R10_SUPPORTING_DESCRIPTIVE_RESULT_AWARE__NO_NEW_CONFIRMATORY_INFERENCE
7,E1_DYNAMIC__DT-RAMDE_TS2_FULL__VS__MATCHED_JDE_STYLE_PARETO,E1_DYNAMIC,REJECT_BUDGET_NO_FEASIBLE,CDF14,10,0,0,0,comparator_rate_minus_proposed_rate,PRE_R10_SUPPORTING_DESCRIPTIVE_RESULT_AWARE__NO_NEW_CONFIRMATORY_INFERENCE
7,E1_DYNAMIC__DT-RAMDE_TS2_FULL__VS__MATCHED_JDE_STYLE_PARETO,E1_DYNAMIC,REJECT_NUMERICAL,CDF14,10,0,0,0,comparator_rate_minus_proposed_rate,PRE_R10_SUPPORTING_DESCRIPTIVE_RESULT_AWARE__NO_NEW_CONFIRMATORY_INFERENCE
7,E1_DYNAMIC__DT-RAMDE_TS2_FULL__VS__MATCHED_JDE_STYLE_PARETO,E1_DYNAMIC,OTHER_NONACCEPTED,CDF14,10,0,0,0,comparator_rate_minus_proposed_rate,PRE_R10_SUPPORTING_DESCRIPTIVE_RESULT_AWARE__NO_NEW_CONFIRMATORY_INFERENCE
7,E1_DYNAMIC__DT-RAMDE_TS2_FULL__VS__MATCHED_JDE_STYLE_PARETO,E1_DYNAMIC,FAILURE_RATE,CDF15,10,0,0,0,comparator_rate_minus_proposed_rate,PRE_R10_SUPPORTING_DESCRIPTIVE_RESULT_AWARE__NO_NEW_CONFIRMATORY_INFERENCE
7,E1_DYNAMIC__DT-RAMDE_TS2_FULL__VS__MATCHED_JDE_STYLE_PARETO,E1_DYNAMIC,REJECT_SAFETY_FILTER,CDF15,10,0,0,0,comparator_rate_minus_proposed_rate,PRE_R10_SUPPORTING_DESCRIPTIVE_RESULT_AWARE__NO_NEW_CONFIRMATORY_INFERENCE
7,E1_DYNAMIC__DT-RAMDE_TS2_FULL__VS__MATCHED_JDE_STYLE_PARETO,E1_DYNAMIC,REJECT_BUDGET_NO_FEASIBLE,CDF15,10,0,0,0,comparator_rate_minus_proposed_rate,PRE_R10_SUPPORTING_DESCRIPTIVE_RESULT_AWARE__NO_NEW_CONFIRMATORY_INFERENCE
7,E1_DYNAMIC__DT-RAMDE_TS2_FULL__VS__MATCHED_JDE_STYLE_PARETO,E1_DYNAMIC,REJECT_NUMERICAL,CDF15,10,0,0,0,comparator_rate_minus_proposed_rate,PRE_R10_SUPPORTING_DESCRIPTIVE_RESULT_AWARE__NO_NEW_CONFIRMATORY_INFERENCE
7,E1_DYNAMIC__DT-RAMDE_TS2_FULL__VS__MATCHED_JDE_STYLE_PARETO,E1_DYNAMIC,OTHER_NONACCEPTED,CDF15,10,0,0,0,comparator_rate_minus_proposed_rate,PRE_R10_SUPPORTING_DESCRIPTIVE_RESULT_AWARE__NO_NEW_CONFIRMATORY_INFERENCE
7,E1_DYNAMIC__DT-RAMDE_TS2_FULL__VS__MATCHED_JDE_STYLE_PARETO,E1_DYNAMIC,FAILURE_RATE,CDF2,10,0,0,0,comparator_rate_minus_proposed_rate,PRE_R10_SUPPORTING_DESCRIPTIVE_RESULT_AWARE__NO_NEW_CONFIRMATORY_INFERENCE
7,E1_DYNAMIC__DT-RAMDE_TS2_FULL__VS__MATCHED_JDE_STYLE_PARETO,E1_DYNAMIC,REJECT_SAFETY_FILTER,CDF2,10,0,0,0,comparator_rate_minus_proposed_rate,PRE_R10_SUPPORTING_DESCRIPTIVE_RESULT_AWARE__NO_NEW_CONFIRMATORY_INFERENCE
7,E1_DYNAMIC__DT-RAMDE_TS2_FULL__VS__MATCHED_JDE_STYLE_PARETO,E1_DYNAMIC,REJECT_BUDGET_NO_FEASIBLE,CDF2,10,0,0,0,comparator_rate_minus_proposed_rate,PRE_R10_SUPPORTING_DESCRIPTIVE_RESULT_AWARE__NO_NEW_CONFIRMATORY_INFERENCE
7,E1_DYNAMIC__DT-RAMDE_TS2_FULL__VS__MATCHED_JDE_STYLE_PARETO,E1_DYNAMIC,REJECT_NUMERICAL,CDF2,10,0,0,0,comparator_rate_minus_proposed_rate,PRE_R10_SUPPORTING_DESCRIPTIVE_RESULT_AWARE__NO_NEW_CONFIRMATORY_INFERENCE
7,E1_DYNAMIC__DT-RAMDE_TS2_FULL__VS__MATCHED_JDE_STYLE_PARETO,E1_DYNAMIC,OTHER_NONACCEPTED,CDF2,10,0,0,0,comparator_rate_minus_proposed_rate,PRE_R10_SUPPORTING_DESCRIPTIVE_RESULT_AWARE__NO_NEW_CONFIRMATORY_INFERENCE
7,E1_DYNAMIC__DT-RAMDE_TS2_FULL__VS__MATCHED_JDE_STYLE_PARETO,E1_DYNAMIC,FAILURE_RATE,CDF3,10,0,0,0,comparator_rate_minus_proposed_rate,PRE_R10_SUPPORTING_DESCRIPTIVE_RESULT_AWARE__NO_NEW_CONFIRMATORY_INFERENCE
7,E1_DYNAMIC__DT-RAMDE_TS2_FULL__VS__MATCHED_JDE_STYLE_PARETO,E1_DYNAMIC,REJECT_SAFETY_FILTER,CDF3,10,0,0,0,comparator_rate_minus_proposed_rate,PRE_R10_SUPPORTING_DESCRIPTIVE_RESULT_AWARE__NO_NEW_CONFIRMATORY_INFERENCE
7,E1_DYNAMIC__DT-RAMDE_TS2_FULL__VS__MATCHED_JDE_STYLE_PARETO,E1_DYNAMIC,REJECT_BUDGET_NO_FEASIBLE,CDF3,10,0,0,0,comparator_rate_minus_proposed_rate,PRE_R10_SUPPORTING_DESCRIPTIVE_RESULT_AWARE__NO_NEW_CONFIRMATORY_INFERENCE
7,E1_DYNAMIC__DT-RAMDE_TS2_FULL__VS__MATCHED_JDE_STYLE_PARETO,E1_DYNAMIC,REJECT_NUMERICAL,CDF3,10,0,0,0,comparator_rate_minus_proposed_rate,PRE_R10_SUPPORTING_DESCRIPTIVE_RESULT_AWARE__NO_NEW_CONFIRMATORY_INFERENCE
7,E1_DYNAMIC__DT-RAMDE_TS2_FULL__VS__MATCHED_JDE_STYLE_PARETO,E1_DYNAMIC,OTHER_NONACCEPTED,CDF3,10,0,0,0,comparator_rate_minus_proposed_rate,PRE_R10_SUPPORTING_DESCRIPTIVE_RESULT_AWARE__NO_NEW_CONFIRMATORY_INFERENCE
7,E1_DYNAMIC__DT-RAMDE_TS2_FULL__VS__MATCHED_JDE_STYLE_PARETO,E1_DYNAMIC,FAILURE_RATE,CDF4,10,0,0,0,comparator_rate_minus_proposed_rate,PRE_R10_SUPPORTING_DESCRIPTIVE_RESULT_AWARE__NO_NEW_CONFIRMATORY_INFERENCE
7,E1_DYNAMIC__DT-RAMDE_TS2_FULL__VS__MATCHED_JDE_STYLE_PARETO,E1_DYNAMIC,REJECT_SAFETY_FILTER,CDF4,10,0,0,0,comparator_rate_minus_proposed_rate,PRE_R10_SUPPORTING_DESCRIPTIVE_RESULT_AWARE__NO_NEW_CONFIRMATORY_INFERENCE
7,E1_DYNAMIC__DT-RAMDE_TS2_FULL__VS__MATCHED_JDE_STYLE_PARETO,E1_DYNAMIC,REJECT_BUDGET_NO_FEASIBLE,CDF4,10,0,0,0,comparator_rate_minus_proposed_rate,PRE_R10_SUPPORTING_DESCRIPTIVE_RESULT_AWARE__NO_NEW_CONFIRMATORY_INFERENCE
7,E1_DYNAMIC__DT-RAMDE_TS2_FULL__VS__MATCHED_JDE_STYLE_PARETO,E1_DYNAMIC,REJECT_NUMERICAL,CDF4,10,0,0,0,comparator_rate_minus_proposed_rate,PRE_R10_SUPPORTING_DESCRIPTIVE_RESULT_AWARE__NO_NEW_CONFIRMATORY_INFERENCE
7,E1_DYNAMIC__DT-RAMDE_TS2_FULL__VS__MATCHED_JDE_STYLE_PARETO,E1_DYNAMIC,OTHER_NONACCEPTED,CDF4,10,0,0,0,comparator_rate_minus_proposed_rate,PRE_R10_SUPPORTING_DESCRIPTIVE_RESULT_AWARE__NO_NEW_CONFIRMATORY_INFERENCE
7,E1_DYNAMIC__DT-RAMDE_TS2_FULL__VS__MATCHED_JDE_STYLE_PARETO,E1_DYNAMIC,FAILURE_RATE,CDF5,10,0,0,0,comparator_rate_minus_proposed_rate,PRE_R10_SUPPORTING_DESCRIPTIVE_RESULT_AWARE__NO_NEW_CONFIRMATORY_INFERENCE
7,E1_DYNAMIC__DT-RAMDE_TS2_FULL__VS__MATCHED_JDE_STYLE_PARETO,E1_DYNAMIC,REJECT_SAFETY_FILTER,CDF5,10,0,0,0,comparator_rate_minus_proposed_rate,PRE_R10_SUPPORTING_DESCRIPTIVE_RESULT_AWARE__NO_NEW_CONFIRMATORY_INFERENCE
7,E1_DYNAMIC__DT-RAMDE_TS2_FULL__VS__MATCHED_JDE_STYLE_PARETO,E1_DYNAMIC,REJECT_BUDGET_NO_FEASIBLE,CDF5,10,0,0,0,comparator_rate_minus_proposed_rate,PRE_R10_SUPPORTING_DESCRIPTIVE_RESULT_AWARE__NO_NEW_CONFIRMATORY_INFERENCE
7,E1_DYNAMIC__DT-RAMDE_TS2_FULL__VS__MATCHED_JDE_STYLE_PARETO,E1_DYNAMIC,REJECT_NUMERICAL,CDF5,10,0,0,0,comparator_rate_minus_proposed_rate,PRE_R10_SUPPORTING_DESCRIPTIVE_RESULT_AWARE__NO_NEW_CONFIRMATORY_INFERENCE
7,E1_DYNAMIC__DT-RAMDE_TS2_FULL__VS__MATCHED_JDE_STYLE_PARETO,E1_DYNAMIC,OTHER_NONACCEPTED,CDF5,10,0,0,0,comparator_rate_minus_proposed_rate,PRE_R10_SUPPORTING_DESCRIPTIVE_RESULT_AWARE__NO_NEW_CONFIRMATORY_INFERENCE
7,E1_DYNAMIC__DT-RAMDE_TS2_FULL__VS__MATCHED_JDE_STYLE_PARETO,E1_DYNAMIC,FAILURE_RATE,CDF6,10,0,0,0,comparator_rate_minus_proposed_rate,PRE_R10_SUPPORTING_DESCRIPTIVE_RESULT_AWARE__NO_NEW_CONFIRMATORY_INFERENCE
7,E1_DYNAMIC__DT-RAMDE_TS2_FULL__VS__MATCHED_JDE_STYLE_PARETO,E1_DYNAMIC,REJECT_SAFETY_FILTER,CDF6,10,0,0,0,comparator_rate_minus_proposed_rate,PRE_R10_SUPPORTING_DESCRIPTIVE_RESULT_AWARE__NO_NEW_CONFIRMATORY_INFERENCE
7,E1_DYNAMIC__DT-RAMDE_TS2_FULL__VS__MATCHED_JDE_STYLE_PARETO,E1_DYNAMIC,REJECT_BUDGET_NO_FEASIBLE,CDF6,10,0,0,0,comparator_rate_minus_proposed_rate,PRE_R10_SUPPORTING_DESCRIPTIVE_RESULT_AWARE__NO_NEW_CONFIRMATORY_INFERENCE
7,E1_DYNAMIC__DT-RAMDE_TS2_FULL__VS__MATCHED_JDE_STYLE_PARETO,E1_DYNAMIC,REJECT_NUMERICAL,CDF6,10,0,0,0,comparator_rate_minus_proposed_rate,PRE_R10_SUPPORTING_DESCRIPTIVE_RESULT_AWARE__NO_NEW_CONFIRMATORY_INFERENCE
7,E1_DYNAMIC__DT-RAMDE_TS2_FULL__VS__MATCHED_JDE_STYLE_PARETO,E1_DYNAMIC,OTHER_NONACCEPTED,CDF6,10,0,0,0,comparator_rate_minus_proposed_rate,PRE_R10_SUPPORTING_DESCRIPTIVE_RESULT_AWARE__NO_NEW_CONFIRMATORY_INFERENCE
7,E1_DYNAMIC__DT-RAMDE_TS2_FULL__VS__MATCHED_JDE_STYLE_PARETO,E1_DYNAMIC,FAILURE_RATE,CDF7,10,0,0,0,comparator_rate_minus_proposed_rate,PRE_R10_SUPPORTING_DESCRIPTIVE_RESULT_AWARE__NO_NEW_CONFIRMATORY_INFERENCE
7,E1_DYNAMIC__DT-RAMDE_TS2_FULL__VS__MATCHED_JDE_STYLE_PARETO,E1_DYNAMIC,REJECT_SAFETY_FILTER,CDF7,10,0,0,0,comparator_rate_minus_proposed_rate,PRE_R10_SUPPORTING_DESCRIPTIVE_RESULT_AWARE__NO_NEW_CONFIRMATORY_INFERENCE
7,E1_DYNAMIC__DT-RAMDE_TS2_FULL__VS__MATCHED_JDE_STYLE_PARETO,E1_DYNAMIC,REJECT_BUDGET_NO_FEASIBLE,CDF7,10,0,0,0,comparator_rate_minus_proposed_rate,PRE_R10_SUPPORTING_DESCRIPTIVE_RESULT_AWARE__NO_NEW_CONFIRMATORY_INFERENCE
7,E1_DYNAMIC__DT-RAMDE_TS2_FULL__VS__MATCHED_JDE_STYLE_PARETO,E1_DYNAMIC,REJECT_NUMERICAL,CDF7,10,0,0,0,comparator_rate_minus_proposed_rate,PRE_R10_SUPPORTING_DESCRIPTIVE_RESULT_AWARE__NO_NEW_CONFIRMATORY_INFERENCE
7,E1_DYNAMIC__DT-RAMDE_TS2_FULL__VS__MATCHED_JDE_STYLE_PARETO,E1_DYNAMIC,OTHER_NONACCEPTED,CDF7,10,0,0,0,comparator_rate_minus_proposed_rate,PRE_R10_SUPPORTING_DESCRIPTIVE_RESULT_AWARE__NO_NEW_CONFIRMATORY_INFERENCE
7,E1_DYNAMIC__DT-RAMDE_TS2_FULL__VS__MATCHED_JDE_STYLE_PARETO,E1_DYNAMIC,FAILURE_RATE,CDF8,10,0,0,0,comparator_rate_minus_proposed_rate,PRE_R10_SUPPORTING_DESCRIPTIVE_RESULT_AWARE__NO_NEW_CONFIRMATORY_INFERENCE
7,E1_DYNAMIC__DT-RAMDE_TS2_FULL__VS__MATCHED_JDE_STYLE_PARETO,E1_DYNAMIC,REJECT_SAFETY_FILTER,CDF8,10,0,0,0,comparator_rate_minus_proposed_rate,PRE_R10_SUPPORTING_DESCRIPTIVE_RESULT_AWARE__NO_NEW_CONFIRMATORY_INFERENCE
7,E1_DYNAMIC__DT-RAMDE_TS2_FULL__VS__MATCHED_JDE_STYLE_PARETO,E1_DYNAMIC,REJECT_BUDGET_NO_FEASIBLE,CDF8,10,0,0,0,comparator_rate_minus_proposed_rate,PRE_R10_SUPPORTING_DESCRIPTIVE_RESULT_AWARE__NO_NEW_CONFIRMATORY_INFERENCE
7,E1_DYNAMIC__DT-RAMDE_TS2_FULL__VS__MATCHED_JDE_STYLE_PARETO,E1_DYNAMIC,REJECT_NUMERICAL,CDF8,10,0,0,0,comparator_rate_minus_proposed_rate,PRE_R10_SUPPORTING_DESCRIPTIVE_RESULT_AWARE__NO_NEW_CONFIRMATORY_INFERENCE
7,E1_DYNAMIC__DT-RAMDE_TS2_FULL__VS__MATCHED_JDE_STYLE_PARETO,E1_DYNAMIC,OTHER_NONACCEPTED,CDF8,10,0,0,0,comparator_rate_minus_proposed_rate,PRE_R10_SUPPORTING_DESCRIPTIVE_RESULT_AWARE__NO_NEW_CONFIRMATORY_INFERENCE
7,E1_DYNAMIC__DT-RAMDE_TS2_FULL__VS__MATCHED_JDE_STYLE_PARETO,E1_DYNAMIC,FAILURE_RATE,CDF9,10,-0.37333333333333341,-0.37333333333333341,-0.37333333333333341,comparator_rate_minus_proposed_rate,PRE_R10_SUPPORTING_DESCRIPTIVE_RESULT_AWARE__NO_NEW_CONFIRMATORY_INFERENCE
7,E1_DYNAMIC__DT-RAMDE_TS2_FULL__VS__MATCHED_JDE_STYLE_PARETO,E1_DYNAMIC,REJECT_SAFETY_FILTER,CDF9,10,0,0,0,comparator_rate_minus_proposed_rate,PRE_R10_SUPPORTING_DESCRIPTIVE_RESULT_AWARE__NO_NEW_CONFIRMATORY_INFERENCE
7,E1_DYNAMIC__DT-RAMDE_TS2_FULL__VS__MATCHED_JDE_STYLE_PARETO,E1_DYNAMIC,REJECT_BUDGET_NO_FEASIBLE,CDF9,10,0.15499999999999997,0.15499999999999997,0.15499999999999997,comparator_rate_minus_proposed_rate,PRE_R10_SUPPORTING_DESCRIPTIVE_RESULT_AWARE__NO_NEW_CONFIRMATORY_INFERENCE
7,E1_DYNAMIC__DT-RAMDE_TS2_FULL__VS__MATCHED_JDE_STYLE_PARETO,E1_DYNAMIC,REJECT_NUMERICAL,CDF9,10,-0.52833333333333332,-0.52833333333333332,-0.52833333333333332,comparator_rate_minus_proposed_rate,PRE_R10_SUPPORTING_DESCRIPTIVE_RESULT_AWARE__NO_NEW_CONFIRMATORY_INFERENCE
7,E1_DYNAMIC__DT-RAMDE_TS2_FULL__VS__MATCHED_JDE_STYLE_PARETO,E1_DYNAMIC,OTHER_NONACCEPTED,CDF9,10,-5.551115123125783e-18,-5.551115123125783e-18,-5.551115123125783e-18,comparator_rate_minus_proposed_rate,PRE_R10_SUPPORTING_DESCRIPTIVE_RESULT_AWARE__NO_NEW_CONFIRMATORY_INFERENCE
8,E1_DYNAMIC__DT-RAMDE_TS2_FULL__VS__MATCHED_SHADE_STYLE_PARETO,E1_DYNAMIC,FAILURE_RATE,CDF1,10,0,0,0,comparator_rate_minus_proposed_rate,PRE_R10_SUPPORTING_DESCRIPTIVE_RESULT_AWARE__NO_NEW_CONFIRMATORY_INFERENCE
8,E1_DYNAMIC__DT-RAMDE_TS2_FULL__VS__MATCHED_SHADE_STYLE_PARETO,E1_DYNAMIC,REJECT_SAFETY_FILTER,CDF1,10,0,0,0,comparator_rate_minus_proposed_rate,PRE_R10_SUPPORTING_DESCRIPTIVE_RESULT_AWARE__NO_NEW_CONFIRMATORY_INFERENCE
8,E1_DYNAMIC__DT-RAMDE_TS2_FULL__VS__MATCHED_SHADE_STYLE_PARETO,E1_DYNAMIC,REJECT_BUDGET_NO_FEASIBLE,CDF1,10,0,0,0,comparator_rate_minus_proposed_rate,PRE_R10_SUPPORTING_DESCRIPTIVE_RESULT_AWARE__NO_NEW_CONFIRMATORY_INFERENCE
8,E1_DYNAMIC__DT-RAMDE_TS2_FULL__VS__MATCHED_SHADE_STYLE_PARETO,E1_DYNAMIC,REJECT_NUMERICAL,CDF1,10,0,0,0,comparator_rate_minus_proposed_rate,PRE_R10_SUPPORTING_DESCRIPTIVE_RESULT_AWARE__NO_NEW_CONFIRMATORY_INFERENCE
8,E1_DYNAMIC__DT-RAMDE_TS2_FULL__VS__MATCHED_SHADE_STYLE_PARETO,E1_DYNAMIC,OTHER_NONACCEPTED,CDF1,10,0,0,0,comparator_rate_minus_proposed_rate,PRE_R10_SUPPORTING_DESCRIPTIVE_RESULT_AWARE__NO_NEW_CONFIRMATORY_INFERENCE
8,E1_DYNAMIC__DT-RAMDE_TS2_FULL__VS__MATCHED_SHADE_STYLE_PARETO,E1_DYNAMIC,FAILURE_RATE,CDF10,10,0,0,0,comparator_rate_minus_proposed_rate,PRE_R10_SUPPORTING_DESCRIPTIVE_RESULT_AWARE__NO_NEW_CONFIRMATORY_INFERENCE
8,E1_DYNAMIC__DT-RAMDE_TS2_FULL__VS__MATCHED_SHADE_STYLE_PARETO,E1_DYNAMIC,REJECT_SAFETY_FILTER,CDF10,10,0,0,0,comparator_rate_minus_proposed_rate,PRE_R10_SUPPORTING_DESCRIPTIVE_RESULT_AWARE__NO_NEW_CONFIRMATORY_INFERENCE
8,E1_DYNAMIC__DT-RAMDE_TS2_FULL__VS__MATCHED_SHADE_STYLE_PARETO,E1_DYNAMIC,REJECT_BUDGET_NO_FEASIBLE,CDF10,10,0,0,0,comparator_rate_minus_proposed_rate,PRE_R10_SUPPORTING_DESCRIPTIVE_RESULT_AWARE__NO_NEW_CONFIRMATORY_INFERENCE
8,E1_DYNAMIC__DT-RAMDE_TS2_FULL__VS__MATCHED_SHADE_STYLE_PARETO,E1_DYNAMIC,REJECT_NUMERICAL,CDF10,10,0,0,0,comparator_rate_minus_proposed_rate,PRE_R10_SUPPORTING_DESCRIPTIVE_RESULT_AWARE__NO_NEW_CONFIRMATORY_INFERENCE
8,E1_DYNAMIC__DT-RAMDE_TS2_FULL__VS__MATCHED_SHADE_STYLE_PARETO,E1_DYNAMIC,OTHER_NONACCEPTED,CDF10,10,0,0,0,comparator_rate_minus_proposed_rate,PRE_R10_SUPPORTING_DESCRIPTIVE_RESULT_AWARE__NO_NEW_CONFIRMATORY_INFERENCE
8,E1_DYNAMIC__DT-RAMDE_TS2_FULL__VS__MATCHED_SHADE_STYLE_PARETO,E1_DYNAMIC,FAILURE_RATE,CDF11,10,0,0,0,comparator_rate_minus_proposed_rate,PRE_R10_SUPPORTING_DESCRIPTIVE_RESULT_AWARE__NO_NEW_CONFIRMATORY_INFERENCE
8,E1_DYNAMIC__DT-RAMDE_TS2_FULL__VS__MATCHED_SHADE_STYLE_PARETO,E1_DYNAMIC,REJECT_SAFETY_FILTER,CDF11,10,0,0,0,comparator_rate_minus_proposed_rate,PRE_R10_SUPPORTING_DESCRIPTIVE_RESULT_AWARE__NO_NEW_CONFIRMATORY_INFERENCE
8,E1_DYNAMIC__DT-RAMDE_TS2_FULL__VS__MATCHED_SHADE_STYLE_PARETO,E1_DYNAMIC,REJECT_BUDGET_NO_FEASIBLE,CDF11,10,0,0,0,comparator_rate_minus_proposed_rate,PRE_R10_SUPPORTING_DESCRIPTIVE_RESULT_AWARE__NO_NEW_CONFIRMATORY_INFERENCE
8,E1_DYNAMIC__DT-RAMDE_TS2_FULL__VS__MATCHED_SHADE_STYLE_PARETO,E1_DYNAMIC,REJECT_NUMERICAL,CDF11,10,0,0,0,comparator_rate_minus_proposed_rate,PRE_R10_SUPPORTING_DESCRIPTIVE_RESULT_AWARE__NO_NEW_CONFIRMATORY_INFERENCE
8,E1_DYNAMIC__DT-RAMDE_TS2_FULL__VS__MATCHED_SHADE_STYLE_PARETO,E1_DYNAMIC,OTHER_NONACCEPTED,CDF11,10,0,0,0,comparator_rate_minus_proposed_rate,PRE_R10_SUPPORTING_DESCRIPTIVE_RESULT_AWARE__NO_NEW_CONFIRMATORY_INFERENCE
8,E1_DYNAMIC__DT-RAMDE_TS2_FULL__VS__MATCHED_SHADE_STYLE_PARETO,E1_DYNAMIC,FAILURE_RATE,CDF12,10,0,0,0,comparator_rate_minus_proposed_rate,PRE_R10_SUPPORTING_DESCRIPTIVE_RESULT_AWARE__NO_NEW_CONFIRMATORY_INFERENCE
8,E1_DYNAMIC__DT-RAMDE_TS2_FULL__VS__MATCHED_SHADE_STYLE_PARETO,E1_DYNAMIC,REJECT_SAFETY_FILTER,CDF12,10,0,0,0,comparator_rate_minus_proposed_rate,PRE_R10_SUPPORTING_DESCRIPTIVE_RESULT_AWARE__NO_NEW_CONFIRMATORY_INFERENCE
8,E1_DYNAMIC__DT-RAMDE_TS2_FULL__VS__MATCHED_SHADE_STYLE_PARETO,E1_DYNAMIC,REJECT_BUDGET_NO_FEASIBLE,CDF12,10,0,0,0,comparator_rate_minus_proposed_rate,PRE_R10_SUPPORTING_DESCRIPTIVE_RESULT_AWARE__NO_NEW_CONFIRMATORY_INFERENCE
8,E1_DYNAMIC__DT-RAMDE_TS2_FULL__VS__MATCHED_SHADE_STYLE_PARETO,E1_DYNAMIC,REJECT_NUMERICAL,CDF12,10,0,0,0,comparator_rate_minus_proposed_rate,PRE_R10_SUPPORTING_DESCRIPTIVE_RESULT_AWARE__NO_NEW_CONFIRMATORY_INFERENCE
8,E1_DYNAMIC__DT-RAMDE_TS2_FULL__VS__MATCHED_SHADE_STYLE_PARETO,E1_DYNAMIC,OTHER_NONACCEPTED,CDF12,10,0,0,0,comparator_rate_minus_proposed_rate,PRE_R10_SUPPORTING_DESCRIPTIVE_RESULT_AWARE__NO_NEW_CONFIRMATORY_INFERENCE
8,E1_DYNAMIC__DT-RAMDE_TS2_FULL__VS__MATCHED_SHADE_STYLE_PARETO,E1_DYNAMIC,FAILURE_RATE,CDF13,10,0,0,0,comparator_rate_minus_proposed_rate,PRE_R10_SUPPORTING_DESCRIPTIVE_RESULT_AWARE__NO_NEW_CONFIRMATORY_INFERENCE
8,E1_DYNAMIC__DT-RAMDE_TS2_FULL__VS__MATCHED_SHADE_STYLE_PARETO,E1_DYNAMIC,REJECT_SAFETY_FILTER,CDF13,10,0,0,0,comparator_rate_minus_proposed_rate,PRE_R10_SUPPORTING_DESCRIPTIVE_RESULT_AWARE__NO_NEW_CONFIRMATORY_INFERENCE
8,E1_DYNAMIC__DT-RAMDE_TS2_FULL__VS__MATCHED_SHADE_STYLE_PARETO,E1_DYNAMIC,REJECT_BUDGET_NO_FEASIBLE,CDF13,10,0,0,0,comparator_rate_minus_proposed_rate,PRE_R10_SUPPORTING_DESCRIPTIVE_RESULT_AWARE__NO_NEW_CONFIRMATORY_INFERENCE
8,E1_DYNAMIC__DT-RAMDE_TS2_FULL__VS__MATCHED_SHADE_STYLE_PARETO,E1_DYNAMIC,REJECT_NUMERICAL,CDF13,10,0,0,0,comparator_rate_minus_proposed_rate,PRE_R10_SUPPORTING_DESCRIPTIVE_RESULT_AWARE__NO_NEW_CONFIRMATORY_INFERENCE
8,E1_DYNAMIC__DT-RAMDE_TS2_FULL__VS__MATCHED_SHADE_STYLE_PARETO,E1_DYNAMIC,OTHER_NONACCEPTED,CDF13,10,0,0,0,comparator_rate_minus_proposed_rate,PRE_R10_SUPPORTING_DESCRIPTIVE_RESULT_AWARE__NO_NEW_CONFIRMATORY_INFERENCE
8,E1_DYNAMIC__DT-RAMDE_TS2_FULL__VS__MATCHED_SHADE_STYLE_PARETO,E1_DYNAMIC,FAILURE_RATE,CDF14,10,0,0,0,comparator_rate_minus_proposed_rate,PRE_R10_SUPPORTING_DESCRIPTIVE_RESULT_AWARE__NO_NEW_CONFIRMATORY_INFERENCE
8,E1_DYNAMIC__DT-RAMDE_TS2_FULL__VS__MATCHED_SHADE_STYLE_PARETO,E1_DYNAMIC,REJECT_SAFETY_FILTER,CDF14,10,0,0,0,comparator_rate_minus_proposed_rate,PRE_R10_SUPPORTING_DESCRIPTIVE_RESULT_AWARE__NO_NEW_CONFIRMATORY_INFERENCE
8,E1_DYNAMIC__DT-RAMDE_TS2_FULL__VS__MATCHED_SHADE_STYLE_PARETO,E1_DYNAMIC,REJECT_BUDGET_NO_FEASIBLE,CDF14,10,0,0,0,comparator_rate_minus_proposed_rate,PRE_R10_SUPPORTING_DESCRIPTIVE_RESULT_AWARE__NO_NEW_CONFIRMATORY_INFERENCE
8,E1_DYNAMIC__DT-RAMDE_TS2_FULL__VS__MATCHED_SHADE_STYLE_PARETO,E1_DYNAMIC,REJECT_NUMERICAL,CDF14,10,0,0,0,comparator_rate_minus_proposed_rate,PRE_R10_SUPPORTING_DESCRIPTIVE_RESULT_AWARE__NO_NEW_CONFIRMATORY_INFERENCE
8,E1_DYNAMIC__DT-RAMDE_TS2_FULL__VS__MATCHED_SHADE_STYLE_PARETO,E1_DYNAMIC,OTHER_NONACCEPTED,CDF14,10,0,0,0,comparator_rate_minus_proposed_rate,PRE_R10_SUPPORTING_DESCRIPTIVE_RESULT_AWARE__NO_NEW_CONFIRMATORY_INFERENCE
8,E1_DYNAMIC__DT-RAMDE_TS2_FULL__VS__MATCHED_SHADE_STYLE_PARETO,E1_DYNAMIC,FAILURE_RATE,CDF15,10,0,0,0,comparator_rate_minus_proposed_rate,PRE_R10_SUPPORTING_DESCRIPTIVE_RESULT_AWARE__NO_NEW_CONFIRMATORY_INFERENCE
8,E1_DYNAMIC__DT-RAMDE_TS2_FULL__VS__MATCHED_SHADE_STYLE_PARETO,E1_DYNAMIC,REJECT_SAFETY_FILTER,CDF15,10,0,0,0,comparator_rate_minus_proposed_rate,PRE_R10_SUPPORTING_DESCRIPTIVE_RESULT_AWARE__NO_NEW_CONFIRMATORY_INFERENCE
8,E1_DYNAMIC__DT-RAMDE_TS2_FULL__VS__MATCHED_SHADE_STYLE_PARETO,E1_DYNAMIC,REJECT_BUDGET_NO_FEASIBLE,CDF15,10,0,0,0,comparator_rate_minus_proposed_rate,PRE_R10_SUPPORTING_DESCRIPTIVE_RESULT_AWARE__NO_NEW_CONFIRMATORY_INFERENCE
8,E1_DYNAMIC__DT-RAMDE_TS2_FULL__VS__MATCHED_SHADE_STYLE_PARETO,E1_DYNAMIC,REJECT_NUMERICAL,CDF15,10,0,0,0,comparator_rate_minus_proposed_rate,PRE_R10_SUPPORTING_DESCRIPTIVE_RESULT_AWARE__NO_NEW_CONFIRMATORY_INFERENCE
8,E1_DYNAMIC__DT-RAMDE_TS2_FULL__VS__MATCHED_SHADE_STYLE_PARETO,E1_DYNAMIC,OTHER_NONACCEPTED,CDF15,10,0,0,0,comparator_rate_minus_proposed_rate,PRE_R10_SUPPORTING_DESCRIPTIVE_RESULT_AWARE__NO_NEW_CONFIRMATORY_INFERENCE
8,E1_DYNAMIC__DT-RAMDE_TS2_FULL__VS__MATCHED_SHADE_STYLE_PARETO,E1_DYNAMIC,FAILURE_RATE,CDF2,10,0,0,0,comparator_rate_minus_proposed_rate,PRE_R10_SUPPORTING_DESCRIPTIVE_RESULT_AWARE__NO_NEW_CONFIRMATORY_INFERENCE
8,E1_DYNAMIC__DT-RAMDE_TS2_FULL__VS__MATCHED_SHADE_STYLE_PARETO,E1_DYNAMIC,REJECT_SAFETY_FILTER,CDF2,10,0,0,0,comparator_rate_minus_proposed_rate,PRE_R10_SUPPORTING_DESCRIPTIVE_RESULT_AWARE__NO_NEW_CONFIRMATORY_INFERENCE
8,E1_DYNAMIC__DT-RAMDE_TS2_FULL__VS__MATCHED_SHADE_STYLE_PARETO,E1_DYNAMIC,REJECT_BUDGET_NO_FEASIBLE,CDF2,10,0,0,0,comparator_rate_minus_proposed_rate,PRE_R10_SUPPORTING_DESCRIPTIVE_RESULT_AWARE__NO_NEW_CONFIRMATORY_INFERENCE
8,E1_DYNAMIC__DT-RAMDE_TS2_FULL__VS__MATCHED_SHADE_STYLE_PARETO,E1_DYNAMIC,REJECT_NUMERICAL,CDF2,10,0,0,0,comparator_rate_minus_proposed_rate,PRE_R10_SUPPORTING_DESCRIPTIVE_RESULT_AWARE__NO_NEW_CONFIRMATORY_INFERENCE
8,E1_DYNAMIC__DT-RAMDE_TS2_FULL__VS__MATCHED_SHADE_STYLE_PARETO,E1_DYNAMIC,OTHER_NONACCEPTED,CDF2,10,0,0,0,comparator_rate_minus_proposed_rate,PRE_R10_SUPPORTING_DESCRIPTIVE_RESULT_AWARE__NO_NEW_CONFIRMATORY_INFERENCE
8,E1_DYNAMIC__DT-RAMDE_TS2_FULL__VS__MATCHED_SHADE_STYLE_PARETO,E1_DYNAMIC,FAILURE_RATE,CDF3,10,0,0,0,comparator_rate_minus_proposed_rate,PRE_R10_SUPPORTING_DESCRIPTIVE_RESULT_AWARE__NO_NEW_CONFIRMATORY_INFERENCE
8,E1_DYNAMIC__DT-RAMDE_TS2_FULL__VS__MATCHED_SHADE_STYLE_PARETO,E1_DYNAMIC,REJECT_SAFETY_FILTER,CDF3,10,0,0,0,comparator_rate_minus_proposed_rate,PRE_R10_SUPPORTING_DESCRIPTIVE_RESULT_AWARE__NO_NEW_CONFIRMATORY_INFERENCE
8,E1_DYNAMIC__DT-RAMDE_TS2_FULL__VS__MATCHED_SHADE_STYLE_PARETO,E1_DYNAMIC,REJECT_BUDGET_NO_FEASIBLE,CDF3,10,0,0,0,comparator_rate_minus_proposed_rate,PRE_R10_SUPPORTING_DESCRIPTIVE_RESULT_AWARE__NO_NEW_CONFIRMATORY_INFERENCE
8,E1_DYNAMIC__DT-RAMDE_TS2_FULL__VS__MATCHED_SHADE_STYLE_PARETO,E1_DYNAMIC,REJECT_NUMERICAL,CDF3,10,0,0,0,comparator_rate_minus_proposed_rate,PRE_R10_SUPPORTING_DESCRIPTIVE_RESULT_AWARE__NO_NEW_CONFIRMATORY_INFERENCE
8,E1_DYNAMIC__DT-RAMDE_TS2_FULL__VS__MATCHED_SHADE_STYLE_PARETO,E1_DYNAMIC,OTHER_NONACCEPTED,CDF3,10,0,0,0,comparator_rate_minus_proposed_rate,PRE_R10_SUPPORTING_DESCRIPTIVE_RESULT_AWARE__NO_NEW_CONFIRMATORY_INFERENCE
8,E1_DYNAMIC__DT-RAMDE_TS2_FULL__VS__MATCHED_SHADE_STYLE_PARETO,E1_DYNAMIC,FAILURE_RATE,CDF4,10,0,0,0,comparator_rate_minus_proposed_rate,PRE_R10_SUPPORTING_DESCRIPTIVE_RESULT_AWARE__NO_NEW_CONFIRMATORY_INFERENCE
8,E1_DYNAMIC__DT-RAMDE_TS2_FULL__VS__MATCHED_SHADE_STYLE_PARETO,E1_DYNAMIC,REJECT_SAFETY_FILTER,CDF4,10,0,0,0,comparator_rate_minus_proposed_rate,PRE_R10_SUPPORTING_DESCRIPTIVE_RESULT_AWARE__NO_NEW_CONFIRMATORY_INFERENCE
8,E1_DYNAMIC__DT-RAMDE_TS2_FULL__VS__MATCHED_SHADE_STYLE_PARETO,E1_DYNAMIC,REJECT_BUDGET_NO_FEASIBLE,CDF4,10,0,0,0,comparator_rate_minus_proposed_rate,PRE_R10_SUPPORTING_DESCRIPTIVE_RESULT_AWARE__NO_NEW_CONFIRMATORY_INFERENCE
8,E1_DYNAMIC__DT-RAMDE_TS2_FULL__VS__MATCHED_SHADE_STYLE_PARETO,E1_DYNAMIC,REJECT_NUMERICAL,CDF4,10,0,0,0,comparator_rate_minus_proposed_rate,PRE_R10_SUPPORTING_DESCRIPTIVE_RESULT_AWARE__NO_NEW_CONFIRMATORY_INFERENCE
8,E1_DYNAMIC__DT-RAMDE_TS2_FULL__VS__MATCHED_SHADE_STYLE_PARETO,E1_DYNAMIC,OTHER_NONACCEPTED,CDF4,10,0,0,0,comparator_rate_minus_proposed_rate,PRE_R10_SUPPORTING_DESCRIPTIVE_RESULT_AWARE__NO_NEW_CONFIRMATORY_INFERENCE
8,E1_DYNAMIC__DT-RAMDE_TS2_FULL__VS__MATCHED_SHADE_STYLE_PARETO,E1_DYNAMIC,FAILURE_RATE,CDF5,10,0,0,0,comparator_rate_minus_proposed_rate,PRE_R10_SUPPORTING_DESCRIPTIVE_RESULT_AWARE__NO_NEW_CONFIRMATORY_INFERENCE
8,E1_DYNAMIC__DT-RAMDE_TS2_FULL__VS__MATCHED_SHADE_STYLE_PARETO,E1_DYNAMIC,REJECT_SAFETY_FILTER,CDF5,10,0,0,0,comparator_rate_minus_proposed_rate,PRE_R10_SUPPORTING_DESCRIPTIVE_RESULT_AWARE__NO_NEW_CONFIRMATORY_INFERENCE
8,E1_DYNAMIC__DT-RAMDE_TS2_FULL__VS__MATCHED_SHADE_STYLE_PARETO,E1_DYNAMIC,REJECT_BUDGET_NO_FEASIBLE,CDF5,10,0,0,0,comparator_rate_minus_proposed_rate,PRE_R10_SUPPORTING_DESCRIPTIVE_RESULT_AWARE__NO_NEW_CONFIRMATORY_INFERENCE
8,E1_DYNAMIC__DT-RAMDE_TS2_FULL__VS__MATCHED_SHADE_STYLE_PARETO,E1_DYNAMIC,REJECT_NUMERICAL,CDF5,10,0,0,0,comparator_rate_minus_proposed_rate,PRE_R10_SUPPORTING_DESCRIPTIVE_RESULT_AWARE__NO_NEW_CONFIRMATORY_INFERENCE
8,E1_DYNAMIC__DT-RAMDE_TS2_FULL__VS__MATCHED_SHADE_STYLE_PARETO,E1_DYNAMIC,OTHER_NONACCEPTED,CDF5,10,0,0,0,comparator_rate_minus_proposed_rate,PRE_R10_SUPPORTING_DESCRIPTIVE_RESULT_AWARE__NO_NEW_CONFIRMATORY_INFERENCE
8,E1_DYNAMIC__DT-RAMDE_TS2_FULL__VS__MATCHED_SHADE_STYLE_PARETO,E1_DYNAMIC,FAILURE_RATE,CDF6,10,0,0,0,comparator_rate_minus_proposed_rate,PRE_R10_SUPPORTING_DESCRIPTIVE_RESULT_AWARE__NO_NEW_CONFIRMATORY_INFERENCE
8,E1_DYNAMIC__DT-RAMDE_TS2_FULL__VS__MATCHED_SHADE_STYLE_PARETO,E1_DYNAMIC,REJECT_SAFETY_FILTER,CDF6,10,0,0,0,comparator_rate_minus_proposed_rate,PRE_R10_SUPPORTING_DESCRIPTIVE_RESULT_AWARE__NO_NEW_CONFIRMATORY_INFERENCE
8,E1_DYNAMIC__DT-RAMDE_TS2_FULL__VS__MATCHED_SHADE_STYLE_PARETO,E1_DYNAMIC,REJECT_BUDGET_NO_FEASIBLE,CDF6,10,0,0,0,comparator_rate_minus_proposed_rate,PRE_R10_SUPPORTING_DESCRIPTIVE_RESULT_AWARE__NO_NEW_CONFIRMATORY_INFERENCE
8,E1_DYNAMIC__DT-RAMDE_TS2_FULL__VS__MATCHED_SHADE_STYLE_PARETO,E1_DYNAMIC,REJECT_NUMERICAL,CDF6,10,0,0,0,comparator_rate_minus_proposed_rate,PRE_R10_SUPPORTING_DESCRIPTIVE_RESULT_AWARE__NO_NEW_CONFIRMATORY_INFERENCE
8,E1_DYNAMIC__DT-RAMDE_TS2_FULL__VS__MATCHED_SHADE_STYLE_PARETO,E1_DYNAMIC,OTHER_NONACCEPTED,CDF6,10,0,0,0,comparator_rate_minus_proposed_rate,PRE_R10_SUPPORTING_DESCRIPTIVE_RESULT_AWARE__NO_NEW_CONFIRMATORY_INFERENCE
8,E1_DYNAMIC__DT-RAMDE_TS2_FULL__VS__MATCHED_SHADE_STYLE_PARETO,E1_DYNAMIC,FAILURE_RATE,CDF7,10,0,0,0,comparator_rate_minus_proposed_rate,PRE_R10_SUPPORTING_DESCRIPTIVE_RESULT_AWARE__NO_NEW_CONFIRMATORY_INFERENCE
8,E1_DYNAMIC__DT-RAMDE_TS2_FULL__VS__MATCHED_SHADE_STYLE_PARETO,E1_DYNAMIC,REJECT_SAFETY_FILTER,CDF7,10,0,0,0,comparator_rate_minus_proposed_rate,PRE_R10_SUPPORTING_DESCRIPTIVE_RESULT_AWARE__NO_NEW_CONFIRMATORY_INFERENCE
8,E1_DYNAMIC__DT-RAMDE_TS2_FULL__VS__MATCHED_SHADE_STYLE_PARETO,E1_DYNAMIC,REJECT_BUDGET_NO_FEASIBLE,CDF7,10,0,0,0,comparator_rate_minus_proposed_rate,PRE_R10_SUPPORTING_DESCRIPTIVE_RESULT_AWARE__NO_NEW_CONFIRMATORY_INFERENCE
8,E1_DYNAMIC__DT-RAMDE_TS2_FULL__VS__MATCHED_SHADE_STYLE_PARETO,E1_DYNAMIC,REJECT_NUMERICAL,CDF7,10,0,0,0,comparator_rate_minus_proposed_rate,PRE_R10_SUPPORTING_DESCRIPTIVE_RESULT_AWARE__NO_NEW_CONFIRMATORY_INFERENCE
8,E1_DYNAMIC__DT-RAMDE_TS2_FULL__VS__MATCHED_SHADE_STYLE_PARETO,E1_DYNAMIC,OTHER_NONACCEPTED,CDF7,10,0,0,0,comparator_rate_minus_proposed_rate,PRE_R10_SUPPORTING_DESCRIPTIVE_RESULT_AWARE__NO_NEW_CONFIRMATORY_INFERENCE
8,E1_DYNAMIC__DT-RAMDE_TS2_FULL__VS__MATCHED_SHADE_STYLE_PARETO,E1_DYNAMIC,FAILURE_RATE,CDF8,10,0,0,0,comparator_rate_minus_proposed_rate,PRE_R10_SUPPORTING_DESCRIPTIVE_RESULT_AWARE__NO_NEW_CONFIRMATORY_INFERENCE
8,E1_DYNAMIC__DT-RAMDE_TS2_FULL__VS__MATCHED_SHADE_STYLE_PARETO,E1_DYNAMIC,REJECT_SAFETY_FILTER,CDF8,10,0,0,0,comparator_rate_minus_proposed_rate,PRE_R10_SUPPORTING_DESCRIPTIVE_RESULT_AWARE__NO_NEW_CONFIRMATORY_INFERENCE
8,E1_DYNAMIC__DT-RAMDE_TS2_FULL__VS__MATCHED_SHADE_STYLE_PARETO,E1_DYNAMIC,REJECT_BUDGET_NO_FEASIBLE,CDF8,10,0,0,0,comparator_rate_minus_proposed_rate,PRE_R10_SUPPORTING_DESCRIPTIVE_RESULT_AWARE__NO_NEW_CONFIRMATORY_INFERENCE
8,E1_DYNAMIC__DT-RAMDE_TS2_FULL__VS__MATCHED_SHADE_STYLE_PARETO,E1_DYNAMIC,REJECT_NUMERICAL,CDF8,10,0,0,0,comparator_rate_minus_proposed_rate,PRE_R10_SUPPORTING_DESCRIPTIVE_RESULT_AWARE__NO_NEW_CONFIRMATORY_INFERENCE
8,E1_DYNAMIC__DT-RAMDE_TS2_FULL__VS__MATCHED_SHADE_STYLE_PARETO,E1_DYNAMIC,OTHER_NONACCEPTED,CDF8,10,0,0,0,comparator_rate_minus_proposed_rate,PRE_R10_SUPPORTING_DESCRIPTIVE_RESULT_AWARE__NO_NEW_CONFIRMATORY_INFERENCE
8,E1_DYNAMIC__DT-RAMDE_TS2_FULL__VS__MATCHED_SHADE_STYLE_PARETO,E1_DYNAMIC,FAILURE_RATE,CDF9,10,-0.37333333333333341,-0.37333333333333341,-0.37333333333333341,comparator_rate_minus_proposed_rate,PRE_R10_SUPPORTING_DESCRIPTIVE_RESULT_AWARE__NO_NEW_CONFIRMATORY_INFERENCE
8,E1_DYNAMIC__DT-RAMDE_TS2_FULL__VS__MATCHED_SHADE_STYLE_PARETO,E1_DYNAMIC,REJECT_SAFETY_FILTER,CDF9,10,0,0,0,comparator_rate_minus_proposed_rate,PRE_R10_SUPPORTING_DESCRIPTIVE_RESULT_AWARE__NO_NEW_CONFIRMATORY_INFERENCE
8,E1_DYNAMIC__DT-RAMDE_TS2_FULL__VS__MATCHED_SHADE_STYLE_PARETO,E1_DYNAMIC,REJECT_BUDGET_NO_FEASIBLE,CDF9,10,0.15499999999999997,0.15499999999999997,0.15499999999999997,comparator_rate_minus_proposed_rate,PRE_R10_SUPPORTING_DESCRIPTIVE_RESULT_AWARE__NO_NEW_CONFIRMATORY_INFERENCE
8,E1_DYNAMIC__DT-RAMDE_TS2_FULL__VS__MATCHED_SHADE_STYLE_PARETO,E1_DYNAMIC,REJECT_NUMERICAL,CDF9,10,-0.52833333333333332,-0.52833333333333332,-0.52833333333333332,comparator_rate_minus_proposed_rate,PRE_R10_SUPPORTING_DESCRIPTIVE_RESULT_AWARE__NO_NEW_CONFIRMATORY_INFERENCE
8,E1_DYNAMIC__DT-RAMDE_TS2_FULL__VS__MATCHED_SHADE_STYLE_PARETO,E1_DYNAMIC,OTHER_NONACCEPTED,CDF9,10,-5.551115123125783e-18,-5.551115123125783e-18,-5.551115123125783e-18,comparator_rate_minus_proposed_rate,PRE_R10_SUPPORTING_DESCRIPTIVE_RESULT_AWARE__NO_NEW_CONFIRMATORY_INFERENCE
9,E1_DYNAMIC__DT-RAMDE_TS2_FULL__VS__JMETALPY_1_7_GDE3_STANDARD_PARETO_DE,E1_DYNAMIC,FAILURE_RATE,CDF1,10,0,0,0,comparator_rate_minus_proposed_rate,PRE_R10_SUPPORTING_DESCRIPTIVE_RESULT_AWARE__NO_NEW_CONFIRMATORY_INFERENCE
9,E1_DYNAMIC__DT-RAMDE_TS2_FULL__VS__JMETALPY_1_7_GDE3_STANDARD_PARETO_DE,E1_DYNAMIC,REJECT_SAFETY_FILTER,CDF1,10,0,0,0,comparator_rate_minus_proposed_rate,PRE_R10_SUPPORTING_DESCRIPTIVE_RESULT_AWARE__NO_NEW_CONFIRMATORY_INFERENCE
9,E1_DYNAMIC__DT-RAMDE_TS2_FULL__VS__JMETALPY_1_7_GDE3_STANDARD_PARETO_DE,E1_DYNAMIC,REJECT_BUDGET_NO_FEASIBLE,CDF1,10,0,0,0,comparator_rate_minus_proposed_rate,PRE_R10_SUPPORTING_DESCRIPTIVE_RESULT_AWARE__NO_NEW_CONFIRMATORY_INFERENCE
9,E1_DYNAMIC__DT-RAMDE_TS2_FULL__VS__JMETALPY_1_7_GDE3_STANDARD_PARETO_DE,E1_DYNAMIC,REJECT_NUMERICAL,CDF1,10,0,0,0,comparator_rate_minus_proposed_rate,PRE_R10_SUPPORTING_DESCRIPTIVE_RESULT_AWARE__NO_NEW_CONFIRMATORY_INFERENCE
9,E1_DYNAMIC__DT-RAMDE_TS2_FULL__VS__JMETALPY_1_7_GDE3_STANDARD_PARETO_DE,E1_DYNAMIC,OTHER_NONACCEPTED,CDF1,10,0,0,0,comparator_rate_minus_proposed_rate,PRE_R10_SUPPORTING_DESCRIPTIVE_RESULT_AWARE__NO_NEW_CONFIRMATORY_INFERENCE
9,E1_DYNAMIC__DT-RAMDE_TS2_FULL__VS__JMETALPY_1_7_GDE3_STANDARD_PARETO_DE,E1_DYNAMIC,FAILURE_RATE,CDF10,10,0,0,0,comparator_rate_minus_proposed_rate,PRE_R10_SUPPORTING_DESCRIPTIVE_RESULT_AWARE__NO_NEW_CONFIRMATORY_INFERENCE
9,E1_DYNAMIC__DT-RAMDE_TS2_FULL__VS__JMETALPY_1_7_GDE3_STANDARD_PARETO_DE,E1_DYNAMIC,REJECT_SAFETY_FILTER,CDF10,10,0,0,0,comparator_rate_minus_proposed_rate,PRE_R10_SUPPORTING_DESCRIPTIVE_RESULT_AWARE__NO_NEW_CONFIRMATORY_INFERENCE
9,E1_DYNAMIC__DT-RAMDE_TS2_FULL__VS__JMETALPY_1_7_GDE3_STANDARD_PARETO_DE,E1_DYNAMIC,REJECT_BUDGET_NO_FEASIBLE,CDF10,10,0,0,0,comparator_rate_minus_proposed_rate,PRE_R10_SUPPORTING_DESCRIPTIVE_RESULT_AWARE__NO_NEW_CONFIRMATORY_INFERENCE
9,E1_DYNAMIC__DT-RAMDE_TS2_FULL__VS__JMETALPY_1_7_GDE3_STANDARD_PARETO_DE,E1_DYNAMIC,REJECT_NUMERICAL,CDF10,10,0,0,0,comparator_rate_minus_proposed_rate,PRE_R10_SUPPORTING_DESCRIPTIVE_RESULT_AWARE__NO_NEW_CONFIRMATORY_INFERENCE
9,E1_DYNAMIC__DT-RAMDE_TS2_FULL__VS__JMETALPY_1_7_GDE3_STANDARD_PARETO_DE,E1_DYNAMIC,OTHER_NONACCEPTED,CDF10,10,0,0,0,comparator_rate_minus_proposed_rate,PRE_R10_SUPPORTING_DESCRIPTIVE_RESULT_AWARE__NO_NEW_CONFIRMATORY_INFERENCE
9,E1_DYNAMIC__DT-RAMDE_TS2_FULL__VS__JMETALPY_1_7_GDE3_STANDARD_PARETO_DE,E1_DYNAMIC,FAILURE_RATE,CDF11,10,0,0,0,comparator_rate_minus_proposed_rate,PRE_R10_SUPPORTING_DESCRIPTIVE_RESULT_AWARE__NO_NEW_CONFIRMATORY_INFERENCE
9,E1_DYNAMIC__DT-RAMDE_TS2_FULL__VS__JMETALPY_1_7_GDE3_STANDARD_PARETO_DE,E1_DYNAMIC,REJECT_SAFETY_FILTER,CDF11,10,0,0,0,comparator_rate_minus_proposed_rate,PRE_R10_SUPPORTING_DESCRIPTIVE_RESULT_AWARE__NO_NEW_CONFIRMATORY_INFERENCE
9,E1_DYNAMIC__DT-RAMDE_TS2_FULL__VS__JMETALPY_1_7_GDE3_STANDARD_PARETO_DE,E1_DYNAMIC,REJECT_BUDGET_NO_FEASIBLE,CDF11,10,0,0,0,comparator_rate_minus_proposed_rate,PRE_R10_SUPPORTING_DESCRIPTIVE_RESULT_AWARE__NO_NEW_CONFIRMATORY_INFERENCE
9,E1_DYNAMIC__DT-RAMDE_TS2_FULL__VS__JMETALPY_1_7_GDE3_STANDARD_PARETO_DE,E1_DYNAMIC,REJECT_NUMERICAL,CDF11,10,0,0,0,comparator_rate_minus_proposed_rate,PRE_R10_SUPPORTING_DESCRIPTIVE_RESULT_AWARE__NO_NEW_CONFIRMATORY_INFERENCE
9,E1_DYNAMIC__DT-RAMDE_TS2_FULL__VS__JMETALPY_1_7_GDE3_STANDARD_PARETO_DE,E1_DYNAMIC,OTHER_NONACCEPTED,CDF11,10,0,0,0,comparator_rate_minus_proposed_rate,PRE_R10_SUPPORTING_DESCRIPTIVE_RESULT_AWARE__NO_NEW_CONFIRMATORY_INFERENCE
9,E1_DYNAMIC__DT-RAMDE_TS2_FULL__VS__JMETALPY_1_7_GDE3_STANDARD_PARETO_DE,E1_DYNAMIC,FAILURE_RATE,CDF12,10,0,0,0,comparator_rate_minus_proposed_rate,PRE_R10_SUPPORTING_DESCRIPTIVE_RESULT_AWARE__NO_NEW_CONFIRMATORY_INFERENCE
9,E1_DYNAMIC__DT-RAMDE_TS2_FULL__VS__JMETALPY_1_7_GDE3_STANDARD_PARETO_DE,E1_DYNAMIC,REJECT_SAFETY_FILTER,CDF12,10,0,0,0,comparator_rate_minus_proposed_rate,PRE_R10_SUPPORTING_DESCRIPTIVE_RESULT_AWARE__NO_NEW_CONFIRMATORY_INFERENCE
9,E1_DYNAMIC__DT-RAMDE_TS2_FULL__VS__JMETALPY_1_7_GDE3_STANDARD_PARETO_DE,E1_DYNAMIC,REJECT_BUDGET_NO_FEASIBLE,CDF12,10,0,0,0,comparator_rate_minus_proposed_rate,PRE_R10_SUPPORTING_DESCRIPTIVE_RESULT_AWARE__NO_NEW_CONFIRMATORY_INFERENCE
9,E1_DYNAMIC__DT-RAMDE_TS2_FULL__VS__JMETALPY_1_7_GDE3_STANDARD_PARETO_DE,E1_DYNAMIC,REJECT_NUMERICAL,CDF12,10,0,0,0,comparator_rate_minus_proposed_rate,PRE_R10_SUPPORTING_DESCRIPTIVE_RESULT_AWARE__NO_NEW_CONFIRMATORY_INFERENCE
9,E1_DYNAMIC__DT-RAMDE_TS2_FULL__VS__JMETALPY_1_7_GDE3_STANDARD_PARETO_DE,E1_DYNAMIC,OTHER_NONACCEPTED,CDF12,10,0,0,0,comparator_rate_minus_proposed_rate,PRE_R10_SUPPORTING_DESCRIPTIVE_RESULT_AWARE__NO_NEW_CONFIRMATORY_INFERENCE
9,E1_DYNAMIC__DT-RAMDE_TS2_FULL__VS__JMETALPY_1_7_GDE3_STANDARD_PARETO_DE,E1_DYNAMIC,FAILURE_RATE,CDF13,10,0,0,0,comparator_rate_minus_proposed_rate,PRE_R10_SUPPORTING_DESCRIPTIVE_RESULT_AWARE__NO_NEW_CONFIRMATORY_INFERENCE
9,E1_DYNAMIC__DT-RAMDE_TS2_FULL__VS__JMETALPY_1_7_GDE3_STANDARD_PARETO_DE,E1_DYNAMIC,REJECT_SAFETY_FILTER,CDF13,10,0,0,0,comparator_rate_minus_proposed_rate,PRE_R10_SUPPORTING_DESCRIPTIVE_RESULT_AWARE__NO_NEW_CONFIRMATORY_INFERENCE
9,E1_DYNAMIC__DT-RAMDE_TS2_FULL__VS__JMETALPY_1_7_GDE3_STANDARD_PARETO_DE,E1_DYNAMIC,REJECT_BUDGET_NO_FEASIBLE,CDF13,10,0,0,0,comparator_rate_minus_proposed_rate,PRE_R10_SUPPORTING_DESCRIPTIVE_RESULT_AWARE__NO_NEW_CONFIRMATORY_INFERENCE
9,E1_DYNAMIC__DT-RAMDE_TS2_FULL__VS__JMETALPY_1_7_GDE3_STANDARD_PARETO_DE,E1_DYNAMIC,REJECT_NUMERICAL,CDF13,10,0,0,0,comparator_rate_minus_proposed_rate,PRE_R10_SUPPORTING_DESCRIPTIVE_RESULT_AWARE__NO_NEW_CONFIRMATORY_INFERENCE
9,E1_DYNAMIC__DT-RAMDE_TS2_FULL__VS__JMETALPY_1_7_GDE3_STANDARD_PARETO_DE,E1_DYNAMIC,OTHER_NONACCEPTED,CDF13,10,0,0,0,comparator_rate_minus_proposed_rate,PRE_R10_SUPPORTING_DESCRIPTIVE_RESULT_AWARE__NO_NEW_CONFIRMATORY_INFERENCE
9,E1_DYNAMIC__DT-RAMDE_TS2_FULL__VS__JMETALPY_1_7_GDE3_STANDARD_PARETO_DE,E1_DYNAMIC,FAILURE_RATE,CDF14,10,0,0,0,comparator_rate_minus_proposed_rate,PRE_R10_SUPPORTING_DESCRIPTIVE_RESULT_AWARE__NO_NEW_CONFIRMATORY_INFERENCE
9,E1_DYNAMIC__DT-RAMDE_TS2_FULL__VS__JMETALPY_1_7_GDE3_STANDARD_PARETO_DE,E1_DYNAMIC,REJECT_SAFETY_FILTER,CDF14,10,0,0,0,comparator_rate_minus_proposed_rate,PRE_R10_SUPPORTING_DESCRIPTIVE_RESULT_AWARE__NO_NEW_CONFIRMATORY_INFERENCE
9,E1_DYNAMIC__DT-RAMDE_TS2_FULL__VS__JMETALPY_1_7_GDE3_STANDARD_PARETO_DE,E1_DYNAMIC,REJECT_BUDGET_NO_FEASIBLE,CDF14,10,0,0,0,comparator_rate_minus_proposed_rate,PRE_R10_SUPPORTING_DESCRIPTIVE_RESULT_AWARE__NO_NEW_CONFIRMATORY_INFERENCE
9,E1_DYNAMIC__DT-RAMDE_TS2_FULL__VS__JMETALPY_1_7_GDE3_STANDARD_PARETO_DE,E1_DYNAMIC,REJECT_NUMERICAL,CDF14,10,0,0,0,comparator_rate_minus_proposed_rate,PRE_R10_SUPPORTING_DESCRIPTIVE_RESULT_AWARE__NO_NEW_CONFIRMATORY_INFERENCE
9,E1_DYNAMIC__DT-RAMDE_TS2_FULL__VS__JMETALPY_1_7_GDE3_STANDARD_PARETO_DE,E1_DYNAMIC,OTHER_NONACCEPTED,CDF14,10,0,0,0,comparator_rate_minus_proposed_rate,PRE_R10_SUPPORTING_DESCRIPTIVE_RESULT_AWARE__NO_NEW_CONFIRMATORY_INFERENCE
9,E1_DYNAMIC__DT-RAMDE_TS2_FULL__VS__JMETALPY_1_7_GDE3_STANDARD_PARETO_DE,E1_DYNAMIC,FAILURE_RATE,CDF15,10,0,0,0,comparator_rate_minus_proposed_rate,PRE_R10_SUPPORTING_DESCRIPTIVE_RESULT_AWARE__NO_NEW_CONFIRMATORY_INFERENCE
9,E1_DYNAMIC__DT-RAMDE_TS2_FULL__VS__JMETALPY_1_7_GDE3_STANDARD_PARETO_DE,E1_DYNAMIC,REJECT_SAFETY_FILTER,CDF15,10,0,0,0,comparator_rate_minus_proposed_rate,PRE_R10_SUPPORTING_DESCRIPTIVE_RESULT_AWARE__NO_NEW_CONFIRMATORY_INFERENCE
9,E1_DYNAMIC__DT-RAMDE_TS2_FULL__VS__JMETALPY_1_7_GDE3_STANDARD_PARETO_DE,E1_DYNAMIC,REJECT_BUDGET_NO_FEASIBLE,CDF15,10,0,0,0,comparator_rate_minus_proposed_rate,PRE_R10_SUPPORTING_DESCRIPTIVE_RESULT_AWARE__NO_NEW_CONFIRMATORY_INFERENCE
9,E1_DYNAMIC__DT-RAMDE_TS2_FULL__VS__JMETALPY_1_7_GDE3_STANDARD_PARETO_DE,E1_DYNAMIC,REJECT_NUMERICAL,CDF15,10,0,0,0,comparator_rate_minus_proposed_rate,PRE_R10_SUPPORTING_DESCRIPTIVE_RESULT_AWARE__NO_NEW_CONFIRMATORY_INFERENCE
9,E1_DYNAMIC__DT-RAMDE_TS2_FULL__VS__JMETALPY_1_7_GDE3_STANDARD_PARETO_DE,E1_DYNAMIC,OTHER_NONACCEPTED,CDF15,10,0,0,0,comparator_rate_minus_proposed_rate,PRE_R10_SUPPORTING_DESCRIPTIVE_RESULT_AWARE__NO_NEW_CONFIRMATORY_INFERENCE
9,E1_DYNAMIC__DT-RAMDE_TS2_FULL__VS__JMETALPY_1_7_GDE3_STANDARD_PARETO_DE,E1_DYNAMIC,FAILURE_RATE,CDF2,10,0,0,0,comparator_rate_minus_proposed_rate,PRE_R10_SUPPORTING_DESCRIPTIVE_RESULT_AWARE__NO_NEW_CONFIRMATORY_INFERENCE
9,E1_DYNAMIC__DT-RAMDE_TS2_FULL__VS__JMETALPY_1_7_GDE3_STANDARD_PARETO_DE,E1_DYNAMIC,REJECT_SAFETY_FILTER,CDF2,10,0,0,0,comparator_rate_minus_proposed_rate,PRE_R10_SUPPORTING_DESCRIPTIVE_RESULT_AWARE__NO_NEW_CONFIRMATORY_INFERENCE
9,E1_DYNAMIC__DT-RAMDE_TS2_FULL__VS__JMETALPY_1_7_GDE3_STANDARD_PARETO_DE,E1_DYNAMIC,REJECT_BUDGET_NO_FEASIBLE,CDF2,10,0,0,0,comparator_rate_minus_proposed_rate,PRE_R10_SUPPORTING_DESCRIPTIVE_RESULT_AWARE__NO_NEW_CONFIRMATORY_INFERENCE
9,E1_DYNAMIC__DT-RAMDE_TS2_FULL__VS__JMETALPY_1_7_GDE3_STANDARD_PARETO_DE,E1_DYNAMIC,REJECT_NUMERICAL,CDF2,10,0,0,0,comparator_rate_minus_proposed_rate,PRE_R10_SUPPORTING_DESCRIPTIVE_RESULT_AWARE__NO_NEW_CONFIRMATORY_INFERENCE
9,E1_DYNAMIC__DT-RAMDE_TS2_FULL__VS__JMETALPY_1_7_GDE3_STANDARD_PARETO_DE,E1_DYNAMIC,OTHER_NONACCEPTED,CDF2,10,0,0,0,comparator_rate_minus_proposed_rate,PRE_R10_SUPPORTING_DESCRIPTIVE_RESULT_AWARE__NO_NEW_CONFIRMATORY_INFERENCE
9,E1_DYNAMIC__DT-RAMDE_TS2_FULL__VS__JMETALPY_1_7_GDE3_STANDARD_PARETO_DE,E1_DYNAMIC,FAILURE_RATE,CDF3,10,0,0,0,comparator_rate_minus_proposed_rate,PRE_R10_SUPPORTING_DESCRIPTIVE_RESULT_AWARE__NO_NEW_CONFIRMATORY_INFERENCE
9,E1_DYNAMIC__DT-RAMDE_TS2_FULL__VS__JMETALPY_1_7_GDE3_STANDARD_PARETO_DE,E1_DYNAMIC,REJECT_SAFETY_FILTER,CDF3,10,0,0,0,comparator_rate_minus_proposed_rate,PRE_R10_SUPPORTING_DESCRIPTIVE_RESULT_AWARE__NO_NEW_CONFIRMATORY_INFERENCE
9,E1_DYNAMIC__DT-RAMDE_TS2_FULL__VS__JMETALPY_1_7_GDE3_STANDARD_PARETO_DE,E1_DYNAMIC,REJECT_BUDGET_NO_FEASIBLE,CDF3,10,0,0,0,comparator_rate_minus_proposed_rate,PRE_R10_SUPPORTING_DESCRIPTIVE_RESULT_AWARE__NO_NEW_CONFIRMATORY_INFERENCE
9,E1_DYNAMIC__DT-RAMDE_TS2_FULL__VS__JMETALPY_1_7_GDE3_STANDARD_PARETO_DE,E1_DYNAMIC,REJECT_NUMERICAL,CDF3,10,0,0,0,comparator_rate_minus_proposed_rate,PRE_R10_SUPPORTING_DESCRIPTIVE_RESULT_AWARE__NO_NEW_CONFIRMATORY_INFERENCE
9,E1_DYNAMIC__DT-RAMDE_TS2_FULL__VS__JMETALPY_1_7_GDE3_STANDARD_PARETO_DE,E1_DYNAMIC,OTHER_NONACCEPTED,CDF3,10,0,0,0,comparator_rate_minus_proposed_rate,PRE_R10_SUPPORTING_DESCRIPTIVE_RESULT_AWARE__NO_NEW_CONFIRMATORY_INFERENCE
9,E1_DYNAMIC__DT-RAMDE_TS2_FULL__VS__JMETALPY_1_7_GDE3_STANDARD_PARETO_DE,E1_DYNAMIC,FAILURE_RATE,CDF4,10,0,0,0,comparator_rate_minus_proposed_rate,PRE_R10_SUPPORTING_DESCRIPTIVE_RESULT_AWARE__NO_NEW_CONFIRMATORY_INFERENCE
9,E1_DYNAMIC__DT-RAMDE_TS2_FULL__VS__JMETALPY_1_7_GDE3_STANDARD_PARETO_DE,E1_DYNAMIC,REJECT_SAFETY_FILTER,CDF4,10,0,0,0,comparator_rate_minus_proposed_rate,PRE_R10_SUPPORTING_DESCRIPTIVE_RESULT_AWARE__NO_NEW_CONFIRMATORY_INFERENCE
9,E1_DYNAMIC__DT-RAMDE_TS2_FULL__VS__JMETALPY_1_7_GDE3_STANDARD_PARETO_DE,E1_DYNAMIC,REJECT_BUDGET_NO_FEASIBLE,CDF4,10,0,0,0,comparator_rate_minus_proposed_rate,PRE_R10_SUPPORTING_DESCRIPTIVE_RESULT_AWARE__NO_NEW_CONFIRMATORY_INFERENCE
9,E1_DYNAMIC__DT-RAMDE_TS2_FULL__VS__JMETALPY_1_7_GDE3_STANDARD_PARETO_DE,E1_DYNAMIC,REJECT_NUMERICAL,CDF4,10,0,0,0,comparator_rate_minus_proposed_rate,PRE_R10_SUPPORTING_DESCRIPTIVE_RESULT_AWARE__NO_NEW_CONFIRMATORY_INFERENCE
9,E1_DYNAMIC__DT-RAMDE_TS2_FULL__VS__JMETALPY_1_7_GDE3_STANDARD_PARETO_DE,E1_DYNAMIC,OTHER_NONACCEPTED,CDF4,10,0,0,0,comparator_rate_minus_proposed_rate,PRE_R10_SUPPORTING_DESCRIPTIVE_RESULT_AWARE__NO_NEW_CONFIRMATORY_INFERENCE
9,E1_DYNAMIC__DT-RAMDE_TS2_FULL__VS__JMETALPY_1_7_GDE3_STANDARD_PARETO_DE,E1_DYNAMIC,FAILURE_RATE,CDF5,10,0,0,0,comparator_rate_minus_proposed_rate,PRE_R10_SUPPORTING_DESCRIPTIVE_RESULT_AWARE__NO_NEW_CONFIRMATORY_INFERENCE
9,E1_DYNAMIC__DT-RAMDE_TS2_FULL__VS__JMETALPY_1_7_GDE3_STANDARD_PARETO_DE,E1_DYNAMIC,REJECT_SAFETY_FILTER,CDF5,10,0,0,0,comparator_rate_minus_proposed_rate,PRE_R10_SUPPORTING_DESCRIPTIVE_RESULT_AWARE__NO_NEW_CONFIRMATORY_INFERENCE
9,E1_DYNAMIC__DT-RAMDE_TS2_FULL__VS__JMETALPY_1_7_GDE3_STANDARD_PARETO_DE,E1_DYNAMIC,REJECT_BUDGET_NO_FEASIBLE,CDF5,10,0,0,0,comparator_rate_minus_proposed_rate,PRE_R10_SUPPORTING_DESCRIPTIVE_RESULT_AWARE__NO_NEW_CONFIRMATORY_INFERENCE
9,E1_DYNAMIC__DT-RAMDE_TS2_FULL__VS__JMETALPY_1_7_GDE3_STANDARD_PARETO_DE,E1_DYNAMIC,REJECT_NUMERICAL,CDF5,10,0,0,0,comparator_rate_minus_proposed_rate,PRE_R10_SUPPORTING_DESCRIPTIVE_RESULT_AWARE__NO_NEW_CONFIRMATORY_INFERENCE
9,E1_DYNAMIC__DT-RAMDE_TS2_FULL__VS__JMETALPY_1_7_GDE3_STANDARD_PARETO_DE,E1_DYNAMIC,OTHER_NONACCEPTED,CDF5,10,0,0,0,comparator_rate_minus_proposed_rate,PRE_R10_SUPPORTING_DESCRIPTIVE_RESULT_AWARE__NO_NEW_CONFIRMATORY_INFERENCE
9,E1_DYNAMIC__DT-RAMDE_TS2_FULL__VS__JMETALPY_1_7_GDE3_STANDARD_PARETO_DE,E1_DYNAMIC,FAILURE_RATE,CDF6,10,0,0,0,comparator_rate_minus_proposed_rate,PRE_R10_SUPPORTING_DESCRIPTIVE_RESULT_AWARE__NO_NEW_CONFIRMATORY_INFERENCE
9,E1_DYNAMIC__DT-RAMDE_TS2_FULL__VS__JMETALPY_1_7_GDE3_STANDARD_PARETO_DE,E1_DYNAMIC,REJECT_SAFETY_FILTER,CDF6,10,0,0,0,comparator_rate_minus_proposed_rate,PRE_R10_SUPPORTING_DESCRIPTIVE_RESULT_AWARE__NO_NEW_CONFIRMATORY_INFERENCE
9,E1_DYNAMIC__DT-RAMDE_TS2_FULL__VS__JMETALPY_1_7_GDE3_STANDARD_PARETO_DE,E1_DYNAMIC,REJECT_BUDGET_NO_FEASIBLE,CDF6,10,0,0,0,comparator_rate_minus_proposed_rate,PRE_R10_SUPPORTING_DESCRIPTIVE_RESULT_AWARE__NO_NEW_CONFIRMATORY_INFERENCE
9,E1_DYNAMIC__DT-RAMDE_TS2_FULL__VS__JMETALPY_1_7_GDE3_STANDARD_PARETO_DE,E1_DYNAMIC,REJECT_NUMERICAL,CDF6,10,0,0,0,comparator_rate_minus_proposed_rate,PRE_R10_SUPPORTING_DESCRIPTIVE_RESULT_AWARE__NO_NEW_CONFIRMATORY_INFERENCE
9,E1_DYNAMIC__DT-RAMDE_TS2_FULL__VS__JMETALPY_1_7_GDE3_STANDARD_PARETO_DE,E1_DYNAMIC,OTHER_NONACCEPTED,CDF6,10,0,0,0,comparator_rate_minus_proposed_rate,PRE_R10_SUPPORTING_DESCRIPTIVE_RESULT_AWARE__NO_NEW_CONFIRMATORY_INFERENCE
9,E1_DYNAMIC__DT-RAMDE_TS2_FULL__VS__JMETALPY_1_7_GDE3_STANDARD_PARETO_DE,E1_DYNAMIC,FAILURE_RATE,CDF7,10,0,0,0,comparator_rate_minus_proposed_rate,PRE_R10_SUPPORTING_DESCRIPTIVE_RESULT_AWARE__NO_NEW_CONFIRMATORY_INFERENCE
9,E1_DYNAMIC__DT-RAMDE_TS2_FULL__VS__JMETALPY_1_7_GDE3_STANDARD_PARETO_DE,E1_DYNAMIC,REJECT_SAFETY_FILTER,CDF7,10,0,0,0,comparator_rate_minus_proposed_rate,PRE_R10_SUPPORTING_DESCRIPTIVE_RESULT_AWARE__NO_NEW_CONFIRMATORY_INFERENCE
9,E1_DYNAMIC__DT-RAMDE_TS2_FULL__VS__JMETALPY_1_7_GDE3_STANDARD_PARETO_DE,E1_DYNAMIC,REJECT_BUDGET_NO_FEASIBLE,CDF7,10,0,0,0,comparator_rate_minus_proposed_rate,PRE_R10_SUPPORTING_DESCRIPTIVE_RESULT_AWARE__NO_NEW_CONFIRMATORY_INFERENCE
9,E1_DYNAMIC__DT-RAMDE_TS2_FULL__VS__JMETALPY_1_7_GDE3_STANDARD_PARETO_DE,E1_DYNAMIC,REJECT_NUMERICAL,CDF7,10,0,0,0,comparator_rate_minus_proposed_rate,PRE_R10_SUPPORTING_DESCRIPTIVE_RESULT_AWARE__NO_NEW_CONFIRMATORY_INFERENCE
9,E1_DYNAMIC__DT-RAMDE_TS2_FULL__VS__JMETALPY_1_7_GDE3_STANDARD_PARETO_DE,E1_DYNAMIC,OTHER_NONACCEPTED,CDF7,10,0,0,0,comparator_rate_minus_proposed_rate,PRE_R10_SUPPORTING_DESCRIPTIVE_RESULT_AWARE__NO_NEW_CONFIRMATORY_INFERENCE
9,E1_DYNAMIC__DT-RAMDE_TS2_FULL__VS__JMETALPY_1_7_GDE3_STANDARD_PARETO_DE,E1_DYNAMIC,FAILURE_RATE,CDF8,10,0,0,0,comparator_rate_minus_proposed_rate,PRE_R10_SUPPORTING_DESCRIPTIVE_RESULT_AWARE__NO_NEW_CONFIRMATORY_INFERENCE
9,E1_DYNAMIC__DT-RAMDE_TS2_FULL__VS__JMETALPY_1_7_GDE3_STANDARD_PARETO_DE,E1_DYNAMIC,REJECT_SAFETY_FILTER,CDF8,10,0,0,0,comparator_rate_minus_proposed_rate,PRE_R10_SUPPORTING_DESCRIPTIVE_RESULT_AWARE__NO_NEW_CONFIRMATORY_INFERENCE
9,E1_DYNAMIC__DT-RAMDE_TS2_FULL__VS__JMETALPY_1_7_GDE3_STANDARD_PARETO_DE,E1_DYNAMIC,REJECT_BUDGET_NO_FEASIBLE,CDF8,10,0,0,0,comparator_rate_minus_proposed_rate,PRE_R10_SUPPORTING_DESCRIPTIVE_RESULT_AWARE__NO_NEW_CONFIRMATORY_INFERENCE
9,E1_DYNAMIC__DT-RAMDE_TS2_FULL__VS__JMETALPY_1_7_GDE3_STANDARD_PARETO_DE,E1_DYNAMIC,REJECT_NUMERICAL,CDF8,10,0,0,0,comparator_rate_minus_proposed_rate,PRE_R10_SUPPORTING_DESCRIPTIVE_RESULT_AWARE__NO_NEW_CONFIRMATORY_INFERENCE
9,E1_DYNAMIC__DT-RAMDE_TS2_FULL__VS__JMETALPY_1_7_GDE3_STANDARD_PARETO_DE,E1_DYNAMIC,OTHER_NONACCEPTED,CDF8,10,0,0,0,comparator_rate_minus_proposed_rate,PRE_R10_SUPPORTING_DESCRIPTIVE_RESULT_AWARE__NO_NEW_CONFIRMATORY_INFERENCE
9,E1_DYNAMIC__DT-RAMDE_TS2_FULL__VS__JMETALPY_1_7_GDE3_STANDARD_PARETO_DE,E1_DYNAMIC,FAILURE_RATE,CDF9,10,-0.67500000000000004,-0.67500000000000004,-0.67500000000000004,comparator_rate_minus_proposed_rate,PRE_R10_SUPPORTING_DESCRIPTIVE_RESULT_AWARE__NO_NEW_CONFIRMATORY_INFERENCE
9,E1_DYNAMIC__DT-RAMDE_TS2_FULL__VS__JMETALPY_1_7_GDE3_STANDARD_PARETO_DE,E1_DYNAMIC,REJECT_SAFETY_FILTER,CDF9,10,0,0,0,comparator_rate_minus_proposed_rate,PRE_R10_SUPPORTING_DESCRIPTIVE_RESULT_AWARE__NO_NEW_CONFIRMATORY_INFERENCE
9,E1_DYNAMIC__DT-RAMDE_TS2_FULL__VS__JMETALPY_1_7_GDE3_STANDARD_PARETO_DE,E1_DYNAMIC,REJECT_BUDGET_NO_FEASIBLE,CDF9,10,0,0,0,comparator_rate_minus_proposed_rate,PRE_R10_SUPPORTING_DESCRIPTIVE_RESULT_AWARE__NO_NEW_CONFIRMATORY_INFERENCE
9,E1_DYNAMIC__DT-RAMDE_TS2_FULL__VS__JMETALPY_1_7_GDE3_STANDARD_PARETO_DE,E1_DYNAMIC,REJECT_NUMERICAL,CDF9,10,-0.67500000000000004,-0.67500000000000004,-0.67500000000000004,comparator_rate_minus_proposed_rate,PRE_R10_SUPPORTING_DESCRIPTIVE_RESULT_AWARE__NO_NEW_CONFIRMATORY_INFERENCE
9,E1_DYNAMIC__DT-RAMDE_TS2_FULL__VS__JMETALPY_1_7_GDE3_STANDARD_PARETO_DE,E1_DYNAMIC,OTHER_NONACCEPTED,CDF9,10,0,0,0,comparator_rate_minus_proposed_rate,PRE_R10_SUPPORTING_DESCRIPTIVE_RESULT_AWARE__NO_NEW_CONFIRMATORY_INFERENCE
10,E1_DYNAMIC__DT-RAMDE_TS2_FULL__VS__JMETALPY_1_7_NSGAII_DYNAMIC_RESTART_BRIDGE,E1_DYNAMIC,FAILURE_RATE,CDF1,10,0,0,0,comparator_rate_minus_proposed_rate,PRE_R10_SUPPORTING_DESCRIPTIVE_RESULT_AWARE__NO_NEW_CONFIRMATORY_INFERENCE
10,E1_DYNAMIC__DT-RAMDE_TS2_FULL__VS__JMETALPY_1_7_NSGAII_DYNAMIC_RESTART_BRIDGE,E1_DYNAMIC,REJECT_SAFETY_FILTER,CDF1,10,0,0,0,comparator_rate_minus_proposed_rate,PRE_R10_SUPPORTING_DESCRIPTIVE_RESULT_AWARE__NO_NEW_CONFIRMATORY_INFERENCE
10,E1_DYNAMIC__DT-RAMDE_TS2_FULL__VS__JMETALPY_1_7_NSGAII_DYNAMIC_RESTART_BRIDGE,E1_DYNAMIC,REJECT_BUDGET_NO_FEASIBLE,CDF1,10,0,0,0,comparator_rate_minus_proposed_rate,PRE_R10_SUPPORTING_DESCRIPTIVE_RESULT_AWARE__NO_NEW_CONFIRMATORY_INFERENCE
10,E1_DYNAMIC__DT-RAMDE_TS2_FULL__VS__JMETALPY_1_7_NSGAII_DYNAMIC_RESTART_BRIDGE,E1_DYNAMIC,REJECT_NUMERICAL,CDF1,10,0,0,0,comparator_rate_minus_proposed_rate,PRE_R10_SUPPORTING_DESCRIPTIVE_RESULT_AWARE__NO_NEW_CONFIRMATORY_INFERENCE
10,E1_DYNAMIC__DT-RAMDE_TS2_FULL__VS__JMETALPY_1_7_NSGAII_DYNAMIC_RESTART_BRIDGE,E1_DYNAMIC,OTHER_NONACCEPTED,CDF1,10,0,0,0,comparator_rate_minus_proposed_rate,PRE_R10_SUPPORTING_DESCRIPTIVE_RESULT_AWARE__NO_NEW_CONFIRMATORY_INFERENCE
10,E1_DYNAMIC__DT-RAMDE_TS2_FULL__VS__JMETALPY_1_7_NSGAII_DYNAMIC_RESTART_BRIDGE,E1_DYNAMIC,FAILURE_RATE,CDF10,10,0,0,0,comparator_rate_minus_proposed_rate,PRE_R10_SUPPORTING_DESCRIPTIVE_RESULT_AWARE__NO_NEW_CONFIRMATORY_INFERENCE
10,E1_DYNAMIC__DT-RAMDE_TS2_FULL__VS__JMETALPY_1_7_NSGAII_DYNAMIC_RESTART_BRIDGE,E1_DYNAMIC,REJECT_SAFETY_FILTER,CDF10,10,0,0,0,comparator_rate_minus_proposed_rate,PRE_R10_SUPPORTING_DESCRIPTIVE_RESULT_AWARE__NO_NEW_CONFIRMATORY_INFERENCE
10,E1_DYNAMIC__DT-RAMDE_TS2_FULL__VS__JMETALPY_1_7_NSGAII_DYNAMIC_RESTART_BRIDGE,E1_DYNAMIC,REJECT_BUDGET_NO_FEASIBLE,CDF10,10,0,0,0,comparator_rate_minus_proposed_rate,PRE_R10_SUPPORTING_DESCRIPTIVE_RESULT_AWARE__NO_NEW_CONFIRMATORY_INFERENCE
10,E1_DYNAMIC__DT-RAMDE_TS2_FULL__VS__JMETALPY_1_7_NSGAII_DYNAMIC_RESTART_BRIDGE,E1_DYNAMIC,REJECT_NUMERICAL,CDF10,10,0,0,0,comparator_rate_minus_proposed_rate,PRE_R10_SUPPORTING_DESCRIPTIVE_RESULT_AWARE__NO_NEW_CONFIRMATORY_INFERENCE
10,E1_DYNAMIC__DT-RAMDE_TS2_FULL__VS__JMETALPY_1_7_NSGAII_DYNAMIC_RESTART_BRIDGE,E1_DYNAMIC,OTHER_NONACCEPTED,CDF10,10,0,0,0,comparator_rate_minus_proposed_rate,PRE_R10_SUPPORTING_DESCRIPTIVE_RESULT_AWARE__NO_NEW_CONFIRMATORY_INFERENCE
10,E1_DYNAMIC__DT-RAMDE_TS2_FULL__VS__JMETALPY_1_7_NSGAII_DYNAMIC_RESTART_BRIDGE,E1_DYNAMIC,FAILURE_RATE,CDF11,10,0,0,0,comparator_rate_minus_proposed_rate,PRE_R10_SUPPORTING_DESCRIPTIVE_RESULT_AWARE__NO_NEW_CONFIRMATORY_INFERENCE
10,E1_DYNAMIC__DT-RAMDE_TS2_FULL__VS__JMETALPY_1_7_NSGAII_DYNAMIC_RESTART_BRIDGE,E1_DYNAMIC,REJECT_SAFETY_FILTER,CDF11,10,0,0,0,comparator_rate_minus_proposed_rate,PRE_R10_SUPPORTING_DESCRIPTIVE_RESULT_AWARE__NO_NEW_CONFIRMATORY_INFERENCE
10,E1_DYNAMIC__DT-RAMDE_TS2_FULL__VS__JMETALPY_1_7_NSGAII_DYNAMIC_RESTART_BRIDGE,E1_DYNAMIC,REJECT_BUDGET_NO_FEASIBLE,CDF11,10,0,0,0,comparator_rate_minus_proposed_rate,PRE_R10_SUPPORTING_DESCRIPTIVE_RESULT_AWARE__NO_NEW_CONFIRMATORY_INFERENCE
10,E1_DYNAMIC__DT-RAMDE_TS2_FULL__VS__JMETALPY_1_7_NSGAII_DYNAMIC_RESTART_BRIDGE,E1_DYNAMIC,REJECT_NUMERICAL,CDF11,10,0,0,0,comparator_rate_minus_proposed_rate,PRE_R10_SUPPORTING_DESCRIPTIVE_RESULT_AWARE__NO_NEW_CONFIRMATORY_INFERENCE
10,E1_DYNAMIC__DT-RAMDE_TS2_FULL__VS__JMETALPY_1_7_NSGAII_DYNAMIC_RESTART_BRIDGE,E1_DYNAMIC,OTHER_NONACCEPTED,CDF11,10,0,0,0,comparator_rate_minus_proposed_rate,PRE_R10_SUPPORTING_DESCRIPTIVE_RESULT_AWARE__NO_NEW_CONFIRMATORY_INFERENCE
10,E1_DYNAMIC__DT-RAMDE_TS2_FULL__VS__JMETALPY_1_7_NSGAII_DYNAMIC_RESTART_BRIDGE,E1_DYNAMIC,FAILURE_RATE,CDF12,10,0,0,0,comparator_rate_minus_proposed_rate,PRE_R10_SUPPORTING_DESCRIPTIVE_RESULT_AWARE__NO_NEW_CONFIRMATORY_INFERENCE
10,E1_DYNAMIC__DT-RAMDE_TS2_FULL__VS__JMETALPY_1_7_NSGAII_DYNAMIC_RESTART_BRIDGE,E1_DYNAMIC,REJECT_SAFETY_FILTER,CDF12,10,0,0,0,comparator_rate_minus_proposed_rate,PRE_R10_SUPPORTING_DESCRIPTIVE_RESULT_AWARE__NO_NEW_CONFIRMATORY_INFERENCE
10,E1_DYNAMIC__DT-RAMDE_TS2_FULL__VS__JMETALPY_1_7_NSGAII_DYNAMIC_RESTART_BRIDGE,E1_DYNAMIC,REJECT_BUDGET_NO_FEASIBLE,CDF12,10,0,0,0,comparator_rate_minus_proposed_rate,PRE_R10_SUPPORTING_DESCRIPTIVE_RESULT_AWARE__NO_NEW_CONFIRMATORY_INFERENCE
10,E1_DYNAMIC__DT-RAMDE_TS2_FULL__VS__JMETALPY_1_7_NSGAII_DYNAMIC_RESTART_BRIDGE,E1_DYNAMIC,REJECT_NUMERICAL,CDF12,10,0,0,0,comparator_rate_minus_proposed_rate,PRE_R10_SUPPORTING_DESCRIPTIVE_RESULT_AWARE__NO_NEW_CONFIRMATORY_INFERENCE
10,E1_DYNAMIC__DT-RAMDE_TS2_FULL__VS__JMETALPY_1_7_NSGAII_DYNAMIC_RESTART_BRIDGE,E1_DYNAMIC,OTHER_NONACCEPTED,CDF12,10,0,0,0,comparator_rate_minus_proposed_rate,PRE_R10_SUPPORTING_DESCRIPTIVE_RESULT_AWARE__NO_NEW_CONFIRMATORY_INFERENCE
10,E1_DYNAMIC__DT-RAMDE_TS2_FULL__VS__JMETALPY_1_7_NSGAII_DYNAMIC_RESTART_BRIDGE,E1_DYNAMIC,FAILURE_RATE,CDF13,10,0,0,0,comparator_rate_minus_proposed_rate,PRE_R10_SUPPORTING_DESCRIPTIVE_RESULT_AWARE__NO_NEW_CONFIRMATORY_INFERENCE
10,E1_DYNAMIC__DT-RAMDE_TS2_FULL__VS__JMETALPY_1_7_NSGAII_DYNAMIC_RESTART_BRIDGE,E1_DYNAMIC,REJECT_SAFETY_FILTER,CDF13,10,0,0,0,comparator_rate_minus_proposed_rate,PRE_R10_SUPPORTING_DESCRIPTIVE_RESULT_AWARE__NO_NEW_CONFIRMATORY_INFERENCE
10,E1_DYNAMIC__DT-RAMDE_TS2_FULL__VS__JMETALPY_1_7_NSGAII_DYNAMIC_RESTART_BRIDGE,E1_DYNAMIC,REJECT_BUDGET_NO_FEASIBLE,CDF13,10,0,0,0,comparator_rate_minus_proposed_rate,PRE_R10_SUPPORTING_DESCRIPTIVE_RESULT_AWARE__NO_NEW_CONFIRMATORY_INFERENCE
10,E1_DYNAMIC__DT-RAMDE_TS2_FULL__VS__JMETALPY_1_7_NSGAII_DYNAMIC_RESTART_BRIDGE,E1_DYNAMIC,REJECT_NUMERICAL,CDF13,10,0,0,0,comparator_rate_minus_proposed_rate,PRE_R10_SUPPORTING_DESCRIPTIVE_RESULT_AWARE__NO_NEW_CONFIRMATORY_INFERENCE
10,E1_DYNAMIC__DT-RAMDE_TS2_FULL__VS__JMETALPY_1_7_NSGAII_DYNAMIC_RESTART_BRIDGE,E1_DYNAMIC,OTHER_NONACCEPTED,CDF13,10,0,0,0,comparator_rate_minus_proposed_rate,PRE_R10_SUPPORTING_DESCRIPTIVE_RESULT_AWARE__NO_NEW_CONFIRMATORY_INFERENCE
10,E1_DYNAMIC__DT-RAMDE_TS2_FULL__VS__JMETALPY_1_7_NSGAII_DYNAMIC_RESTART_BRIDGE,E1_DYNAMIC,FAILURE_RATE,CDF14,10,0,0,0,comparator_rate_minus_proposed_rate,PRE_R10_SUPPORTING_DESCRIPTIVE_RESULT_AWARE__NO_NEW_CONFIRMATORY_INFERENCE
10,E1_DYNAMIC__DT-RAMDE_TS2_FULL__VS__JMETALPY_1_7_NSGAII_DYNAMIC_RESTART_BRIDGE,E1_DYNAMIC,REJECT_SAFETY_FILTER,CDF14,10,0,0,0,comparator_rate_minus_proposed_rate,PRE_R10_SUPPORTING_DESCRIPTIVE_RESULT_AWARE__NO_NEW_CONFIRMATORY_INFERENCE
10,E1_DYNAMIC__DT-RAMDE_TS2_FULL__VS__JMETALPY_1_7_NSGAII_DYNAMIC_RESTART_BRIDGE,E1_DYNAMIC,REJECT_BUDGET_NO_FEASIBLE,CDF14,10,0,0,0,comparator_rate_minus_proposed_rate,PRE_R10_SUPPORTING_DESCRIPTIVE_RESULT_AWARE__NO_NEW_CONFIRMATORY_INFERENCE
10,E1_DYNAMIC__DT-RAMDE_TS2_FULL__VS__JMETALPY_1_7_NSGAII_DYNAMIC_RESTART_BRIDGE,E1_DYNAMIC,REJECT_NUMERICAL,CDF14,10,0,0,0,comparator_rate_minus_proposed_rate,PRE_R10_SUPPORTING_DESCRIPTIVE_RESULT_AWARE__NO_NEW_CONFIRMATORY_INFERENCE
10,E1_DYNAMIC__DT-RAMDE_TS2_FULL__VS__JMETALPY_1_7_NSGAII_DYNAMIC_RESTART_BRIDGE,E1_DYNAMIC,OTHER_NONACCEPTED,CDF14,10,0,0,0,comparator_rate_minus_proposed_rate,PRE_R10_SUPPORTING_DESCRIPTIVE_RESULT_AWARE__NO_NEW_CONFIRMATORY_INFERENCE
10,E1_DYNAMIC__DT-RAMDE_TS2_FULL__VS__JMETALPY_1_7_NSGAII_DYNAMIC_RESTART_BRIDGE,E1_DYNAMIC,FAILURE_RATE,CDF15,10,0,0,0,comparator_rate_minus_proposed_rate,PRE_R10_SUPPORTING_DESCRIPTIVE_RESULT_AWARE__NO_NEW_CONFIRMATORY_INFERENCE
10,E1_DYNAMIC__DT-RAMDE_TS2_FULL__VS__JMETALPY_1_7_NSGAII_DYNAMIC_RESTART_BRIDGE,E1_DYNAMIC,REJECT_SAFETY_FILTER,CDF15,10,0,0,0,comparator_rate_minus_proposed_rate,PRE_R10_SUPPORTING_DESCRIPTIVE_RESULT_AWARE__NO_NEW_CONFIRMATORY_INFERENCE
10,E1_DYNAMIC__DT-RAMDE_TS2_FULL__VS__JMETALPY_1_7_NSGAII_DYNAMIC_RESTART_BRIDGE,E1_DYNAMIC,REJECT_BUDGET_NO_FEASIBLE,CDF15,10,0,0,0,comparator_rate_minus_proposed_rate,PRE_R10_SUPPORTING_DESCRIPTIVE_RESULT_AWARE__NO_NEW_CONFIRMATORY_INFERENCE
10,E1_DYNAMIC__DT-RAMDE_TS2_FULL__VS__JMETALPY_1_7_NSGAII_DYNAMIC_RESTART_BRIDGE,E1_DYNAMIC,REJECT_NUMERICAL,CDF15,10,0,0,0,comparator_rate_minus_proposed_rate,PRE_R10_SUPPORTING_DESCRIPTIVE_RESULT_AWARE__NO_NEW_CONFIRMATORY_INFERENCE
10,E1_DYNAMIC__DT-RAMDE_TS2_FULL__VS__JMETALPY_1_7_NSGAII_DYNAMIC_RESTART_BRIDGE,E1_DYNAMIC,OTHER_NONACCEPTED,CDF15,10,0,0,0,comparator_rate_minus_proposed_rate,PRE_R10_SUPPORTING_DESCRIPTIVE_RESULT_AWARE__NO_NEW_CONFIRMATORY_INFERENCE
10,E1_DYNAMIC__DT-RAMDE_TS2_FULL__VS__JMETALPY_1_7_NSGAII_DYNAMIC_RESTART_BRIDGE,E1_DYNAMIC,FAILURE_RATE,CDF2,10,0,0,0,comparator_rate_minus_proposed_rate,PRE_R10_SUPPORTING_DESCRIPTIVE_RESULT_AWARE__NO_NEW_CONFIRMATORY_INFERENCE
10,E1_DYNAMIC__DT-RAMDE_TS2_FULL__VS__JMETALPY_1_7_NSGAII_DYNAMIC_RESTART_BRIDGE,E1_DYNAMIC,REJECT_SAFETY_FILTER,CDF2,10,0,0,0,comparator_rate_minus_proposed_rate,PRE_R10_SUPPORTING_DESCRIPTIVE_RESULT_AWARE__NO_NEW_CONFIRMATORY_INFERENCE
10,E1_DYNAMIC__DT-RAMDE_TS2_FULL__VS__JMETALPY_1_7_NSGAII_DYNAMIC_RESTART_BRIDGE,E1_DYNAMIC,REJECT_BUDGET_NO_FEASIBLE,CDF2,10,0,0,0,comparator_rate_minus_proposed_rate,PRE_R10_SUPPORTING_DESCRIPTIVE_RESULT_AWARE__NO_NEW_CONFIRMATORY_INFERENCE
10,E1_DYNAMIC__DT-RAMDE_TS2_FULL__VS__JMETALPY_1_7_NSGAII_DYNAMIC_RESTART_BRIDGE,E1_DYNAMIC,REJECT_NUMERICAL,CDF2,10,0,0,0,comparator_rate_minus_proposed_rate,PRE_R10_SUPPORTING_DESCRIPTIVE_RESULT_AWARE__NO_NEW_CONFIRMATORY_INFERENCE
10,E1_DYNAMIC__DT-RAMDE_TS2_FULL__VS__JMETALPY_1_7_NSGAII_DYNAMIC_RESTART_BRIDGE,E1_DYNAMIC,OTHER_NONACCEPTED,CDF2,10,0,0,0,comparator_rate_minus_proposed_rate,PRE_R10_SUPPORTING_DESCRIPTIVE_RESULT_AWARE__NO_NEW_CONFIRMATORY_INFERENCE
10,E1_DYNAMIC__DT-RAMDE_TS2_FULL__VS__JMETALPY_1_7_NSGAII_DYNAMIC_RESTART_BRIDGE,E1_DYNAMIC,FAILURE_RATE,CDF3,10,0,0,0,comparator_rate_minus_proposed_rate,PRE_R10_SUPPORTING_DESCRIPTIVE_RESULT_AWARE__NO_NEW_CONFIRMATORY_INFERENCE
10,E1_DYNAMIC__DT-RAMDE_TS2_FULL__VS__JMETALPY_1_7_NSGAII_DYNAMIC_RESTART_BRIDGE,E1_DYNAMIC,REJECT_SAFETY_FILTER,CDF3,10,0,0,0,comparator_rate_minus_proposed_rate,PRE_R10_SUPPORTING_DESCRIPTIVE_RESULT_AWARE__NO_NEW_CONFIRMATORY_INFERENCE
10,E1_DYNAMIC__DT-RAMDE_TS2_FULL__VS__JMETALPY_1_7_NSGAII_DYNAMIC_RESTART_BRIDGE,E1_DYNAMIC,REJECT_BUDGET_NO_FEASIBLE,CDF3,10,0,0,0,comparator_rate_minus_proposed_rate,PRE_R10_SUPPORTING_DESCRIPTIVE_RESULT_AWARE__NO_NEW_CONFIRMATORY_INFERENCE
10,E1_DYNAMIC__DT-RAMDE_TS2_FULL__VS__JMETALPY_1_7_NSGAII_DYNAMIC_RESTART_BRIDGE,E1_DYNAMIC,REJECT_NUMERICAL,CDF3,10,0,0,0,comparator_rate_minus_proposed_rate,PRE_R10_SUPPORTING_DESCRIPTIVE_RESULT_AWARE__NO_NEW_CONFIRMATORY_INFERENCE
10,E1_DYNAMIC__DT-RAMDE_TS2_FULL__VS__JMETALPY_1_7_NSGAII_DYNAMIC_RESTART_BRIDGE,E1_DYNAMIC,OTHER_NONACCEPTED,CDF3,10,0,0,0,comparator_rate_minus_proposed_rate,PRE_R10_SUPPORTING_DESCRIPTIVE_RESULT_AWARE__NO_NEW_CONFIRMATORY_INFERENCE
10,E1_DYNAMIC__DT-RAMDE_TS2_FULL__VS__JMETALPY_1_7_NSGAII_DYNAMIC_RESTART_BRIDGE,E1_DYNAMIC,FAILURE_RATE,CDF4,10,0,0,0,comparator_rate_minus_proposed_rate,PRE_R10_SUPPORTING_DESCRIPTIVE_RESULT_AWARE__NO_NEW_CONFIRMATORY_INFERENCE
10,E1_DYNAMIC__DT-RAMDE_TS2_FULL__VS__JMETALPY_1_7_NSGAII_DYNAMIC_RESTART_BRIDGE,E1_DYNAMIC,REJECT_SAFETY_FILTER,CDF4,10,0,0,0,comparator_rate_minus_proposed_rate,PRE_R10_SUPPORTING_DESCRIPTIVE_RESULT_AWARE__NO_NEW_CONFIRMATORY_INFERENCE
10,E1_DYNAMIC__DT-RAMDE_TS2_FULL__VS__JMETALPY_1_7_NSGAII_DYNAMIC_RESTART_BRIDGE,E1_DYNAMIC,REJECT_BUDGET_NO_FEASIBLE,CDF4,10,0,0,0,comparator_rate_minus_proposed_rate,PRE_R10_SUPPORTING_DESCRIPTIVE_RESULT_AWARE__NO_NEW_CONFIRMATORY_INFERENCE
10,E1_DYNAMIC__DT-RAMDE_TS2_FULL__VS__JMETALPY_1_7_NSGAII_DYNAMIC_RESTART_BRIDGE,E1_DYNAMIC,REJECT_NUMERICAL,CDF4,10,0,0,0,comparator_rate_minus_proposed_rate,PRE_R10_SUPPORTING_DESCRIPTIVE_RESULT_AWARE__NO_NEW_CONFIRMATORY_INFERENCE
10,E1_DYNAMIC__DT-RAMDE_TS2_FULL__VS__JMETALPY_1_7_NSGAII_DYNAMIC_RESTART_BRIDGE,E1_DYNAMIC,OTHER_NONACCEPTED,CDF4,10,0,0,0,comparator_rate_minus_proposed_rate,PRE_R10_SUPPORTING_DESCRIPTIVE_RESULT_AWARE__NO_NEW_CONFIRMATORY_INFERENCE
10,E1_DYNAMIC__DT-RAMDE_TS2_FULL__VS__JMETALPY_1_7_NSGAII_DYNAMIC_RESTART_BRIDGE,E1_DYNAMIC,FAILURE_RATE,CDF5,10,0,0,0,comparator_rate_minus_proposed_rate,PRE_R10_SUPPORTING_DESCRIPTIVE_RESULT_AWARE__NO_NEW_CONFIRMATORY_INFERENCE
10,E1_DYNAMIC__DT-RAMDE_TS2_FULL__VS__JMETALPY_1_7_NSGAII_DYNAMIC_RESTART_BRIDGE,E1_DYNAMIC,REJECT_SAFETY_FILTER,CDF5,10,0,0,0,comparator_rate_minus_proposed_rate,PRE_R10_SUPPORTING_DESCRIPTIVE_RESULT_AWARE__NO_NEW_CONFIRMATORY_INFERENCE
10,E1_DYNAMIC__DT-RAMDE_TS2_FULL__VS__JMETALPY_1_7_NSGAII_DYNAMIC_RESTART_BRIDGE,E1_DYNAMIC,REJECT_BUDGET_NO_FEASIBLE,CDF5,10,0,0,0,comparator_rate_minus_proposed_rate,PRE_R10_SUPPORTING_DESCRIPTIVE_RESULT_AWARE__NO_NEW_CONFIRMATORY_INFERENCE
10,E1_DYNAMIC__DT-RAMDE_TS2_FULL__VS__JMETALPY_1_7_NSGAII_DYNAMIC_RESTART_BRIDGE,E1_DYNAMIC,REJECT_NUMERICAL,CDF5,10,0,0,0,comparator_rate_minus_proposed_rate,PRE_R10_SUPPORTING_DESCRIPTIVE_RESULT_AWARE__NO_NEW_CONFIRMATORY_INFERENCE
10,E1_DYNAMIC__DT-RAMDE_TS2_FULL__VS__JMETALPY_1_7_NSGAII_DYNAMIC_RESTART_BRIDGE,E1_DYNAMIC,OTHER_NONACCEPTED,CDF5,10,0,0,0,comparator_rate_minus_proposed_rate,PRE_R10_SUPPORTING_DESCRIPTIVE_RESULT_AWARE__NO_NEW_CONFIRMATORY_INFERENCE
10,E1_DYNAMIC__DT-RAMDE_TS2_FULL__VS__JMETALPY_1_7_NSGAII_DYNAMIC_RESTART_BRIDGE,E1_DYNAMIC,FAILURE_RATE,CDF6,10,0,0,0,comparator_rate_minus_proposed_rate,PRE_R10_SUPPORTING_DESCRIPTIVE_RESULT_AWARE__NO_NEW_CONFIRMATORY_INFERENCE
10,E1_DYNAMIC__DT-RAMDE_TS2_FULL__VS__JMETALPY_1_7_NSGAII_DYNAMIC_RESTART_BRIDGE,E1_DYNAMIC,REJECT_SAFETY_FILTER,CDF6,10,0,0,0,comparator_rate_minus_proposed_rate,PRE_R10_SUPPORTING_DESCRIPTIVE_RESULT_AWARE__NO_NEW_CONFIRMATORY_INFERENCE
10,E1_DYNAMIC__DT-RAMDE_TS2_FULL__VS__JMETALPY_1_7_NSGAII_DYNAMIC_RESTART_BRIDGE,E1_DYNAMIC,REJECT_BUDGET_NO_FEASIBLE,CDF6,10,0,0,0,comparator_rate_minus_proposed_rate,PRE_R10_SUPPORTING_DESCRIPTIVE_RESULT_AWARE__NO_NEW_CONFIRMATORY_INFERENCE
10,E1_DYNAMIC__DT-RAMDE_TS2_FULL__VS__JMETALPY_1_7_NSGAII_DYNAMIC_RESTART_BRIDGE,E1_DYNAMIC,REJECT_NUMERICAL,CDF6,10,0,0,0,comparator_rate_minus_proposed_rate,PRE_R10_SUPPORTING_DESCRIPTIVE_RESULT_AWARE__NO_NEW_CONFIRMATORY_INFERENCE
10,E1_DYNAMIC__DT-RAMDE_TS2_FULL__VS__JMETALPY_1_7_NSGAII_DYNAMIC_RESTART_BRIDGE,E1_DYNAMIC,OTHER_NONACCEPTED,CDF6,10,0,0,0,comparator_rate_minus_proposed_rate,PRE_R10_SUPPORTING_DESCRIPTIVE_RESULT_AWARE__NO_NEW_CONFIRMATORY_INFERENCE
10,E1_DYNAMIC__DT-RAMDE_TS2_FULL__VS__JMETALPY_1_7_NSGAII_DYNAMIC_RESTART_BRIDGE,E1_DYNAMIC,FAILURE_RATE,CDF7,10,0,0,0,comparator_rate_minus_proposed_rate,PRE_R10_SUPPORTING_DESCRIPTIVE_RESULT_AWARE__NO_NEW_CONFIRMATORY_INFERENCE
10,E1_DYNAMIC__DT-RAMDE_TS2_FULL__VS__JMETALPY_1_7_NSGAII_DYNAMIC_RESTART_BRIDGE,E1_DYNAMIC,REJECT_SAFETY_FILTER,CDF7,10,0,0,0,comparator_rate_minus_proposed_rate,PRE_R10_SUPPORTING_DESCRIPTIVE_RESULT_AWARE__NO_NEW_CONFIRMATORY_INFERENCE
10,E1_DYNAMIC__DT-RAMDE_TS2_FULL__VS__JMETALPY_1_7_NSGAII_DYNAMIC_RESTART_BRIDGE,E1_DYNAMIC,REJECT_BUDGET_NO_FEASIBLE,CDF7,10,0,0,0,comparator_rate_minus_proposed_rate,PRE_R10_SUPPORTING_DESCRIPTIVE_RESULT_AWARE__NO_NEW_CONFIRMATORY_INFERENCE
10,E1_DYNAMIC__DT-RAMDE_TS2_FULL__VS__JMETALPY_1_7_NSGAII_DYNAMIC_RESTART_BRIDGE,E1_DYNAMIC,REJECT_NUMERICAL,CDF7,10,0,0,0,comparator_rate_minus_proposed_rate,PRE_R10_SUPPORTING_DESCRIPTIVE_RESULT_AWARE__NO_NEW_CONFIRMATORY_INFERENCE
10,E1_DYNAMIC__DT-RAMDE_TS2_FULL__VS__JMETALPY_1_7_NSGAII_DYNAMIC_RESTART_BRIDGE,E1_DYNAMIC,OTHER_NONACCEPTED,CDF7,10,0,0,0,comparator_rate_minus_proposed_rate,PRE_R10_SUPPORTING_DESCRIPTIVE_RESULT_AWARE__NO_NEW_CONFIRMATORY_INFERENCE
10,E1_DYNAMIC__DT-RAMDE_TS2_FULL__VS__JMETALPY_1_7_NSGAII_DYNAMIC_RESTART_BRIDGE,E1_DYNAMIC,FAILURE_RATE,CDF8,10,0,0,0,comparator_rate_minus_proposed_rate,PRE_R10_SUPPORTING_DESCRIPTIVE_RESULT_AWARE__NO_NEW_CONFIRMATORY_INFERENCE
10,E1_DYNAMIC__DT-RAMDE_TS2_FULL__VS__JMETALPY_1_7_NSGAII_DYNAMIC_RESTART_BRIDGE,E1_DYNAMIC,REJECT_SAFETY_FILTER,CDF8,10,0,0,0,comparator_rate_minus_proposed_rate,PRE_R10_SUPPORTING_DESCRIPTIVE_RESULT_AWARE__NO_NEW_CONFIRMATORY_INFERENCE
10,E1_DYNAMIC__DT-RAMDE_TS2_FULL__VS__JMETALPY_1_7_NSGAII_DYNAMIC_RESTART_BRIDGE,E1_DYNAMIC,REJECT_BUDGET_NO_FEASIBLE,CDF8,10,0,0,0,comparator_rate_minus_proposed_rate,PRE_R10_SUPPORTING_DESCRIPTIVE_RESULT_AWARE__NO_NEW_CONFIRMATORY_INFERENCE
10,E1_DYNAMIC__DT-RAMDE_TS2_FULL__VS__JMETALPY_1_7_NSGAII_DYNAMIC_RESTART_BRIDGE,E1_DYNAMIC,REJECT_NUMERICAL,CDF8,10,0,0,0,comparator_rate_minus_proposed_rate,PRE_R10_SUPPORTING_DESCRIPTIVE_RESULT_AWARE__NO_NEW_CONFIRMATORY_INFERENCE
10,E1_DYNAMIC__DT-RAMDE_TS2_FULL__VS__JMETALPY_1_7_NSGAII_DYNAMIC_RESTART_BRIDGE,E1_DYNAMIC,OTHER_NONACCEPTED,CDF8,10,0,0,0,comparator_rate_minus_proposed_rate,PRE_R10_SUPPORTING_DESCRIPTIVE_RESULT_AWARE__NO_NEW_CONFIRMATORY_INFERENCE
10,E1_DYNAMIC__DT-RAMDE_TS2_FULL__VS__JMETALPY_1_7_NSGAII_DYNAMIC_RESTART_BRIDGE,E1_DYNAMIC,FAILURE_RATE,CDF9,10,-0.67500000000000004,-0.67500000000000004,-0.67500000000000004,comparator_rate_minus_proposed_rate,PRE_R10_SUPPORTING_DESCRIPTIVE_RESULT_AWARE__NO_NEW_CONFIRMATORY_INFERENCE
10,E1_DYNAMIC__DT-RAMDE_TS2_FULL__VS__JMETALPY_1_7_NSGAII_DYNAMIC_RESTART_BRIDGE,E1_DYNAMIC,REJECT_SAFETY_FILTER,CDF9,10,0,0,0,comparator_rate_minus_proposed_rate,PRE_R10_SUPPORTING_DESCRIPTIVE_RESULT_AWARE__NO_NEW_CONFIRMATORY_INFERENCE
10,E1_DYNAMIC__DT-RAMDE_TS2_FULL__VS__JMETALPY_1_7_NSGAII_DYNAMIC_RESTART_BRIDGE,E1_DYNAMIC,REJECT_BUDGET_NO_FEASIBLE,CDF9,10,0,0,0,comparator_rate_minus_proposed_rate,PRE_R10_SUPPORTING_DESCRIPTIVE_RESULT_AWARE__NO_NEW_CONFIRMATORY_INFERENCE
10,E1_DYNAMIC__DT-RAMDE_TS2_FULL__VS__JMETALPY_1_7_NSGAII_DYNAMIC_RESTART_BRIDGE,E1_DYNAMIC,REJECT_NUMERICAL,CDF9,10,-0.67500000000000004,-0.67500000000000004,-0.67500000000000004,comparator_rate_minus_proposed_rate,PRE_R10_SUPPORTING_DESCRIPTIVE_RESULT_AWARE__NO_NEW_CONFIRMATORY_INFERENCE
10,E1_DYNAMIC__DT-RAMDE_TS2_FULL__VS__JMETALPY_1_7_NSGAII_DYNAMIC_RESTART_BRIDGE,E1_DYNAMIC,OTHER_NONACCEPTED,CDF9,10,0,0,0,comparator_rate_minus_proposed_rate,PRE_R10_SUPPORTING_DESCRIPTIVE_RESULT_AWARE__NO_NEW_CONFIRMATORY_INFERENCE
11,E1_ROLLING__DT-RAMDE_TS2_FULL__VS__MATCHED_FIXED_DE_PARETO,E1_ROLLING,FAILURE_RATE,RR-INTERMITTENT/0,5,-0.25,-0.25,-0.25,comparator_rate_minus_proposed_rate,PRE_R10_SUPPORTING_DESCRIPTIVE_RESULT_AWARE__NO_NEW_CONFIRMATORY_INFERENCE
11,E1_ROLLING__DT-RAMDE_TS2_FULL__VS__MATCHED_FIXED_DE_PARETO,E1_ROLLING,REJECT_SAFETY_FILTER,RR-INTERMITTENT/0,5,-0.25,-0.25,-0.25,comparator_rate_minus_proposed_rate,PRE_R10_SUPPORTING_DESCRIPTIVE_RESULT_AWARE__NO_NEW_CONFIRMATORY_INFERENCE
11,E1_ROLLING__DT-RAMDE_TS2_FULL__VS__MATCHED_FIXED_DE_PARETO,E1_ROLLING,REJECT_BUDGET_NO_FEASIBLE,RR-INTERMITTENT/0,5,0,0,0,comparator_rate_minus_proposed_rate,PRE_R10_SUPPORTING_DESCRIPTIVE_RESULT_AWARE__NO_NEW_CONFIRMATORY_INFERENCE
11,E1_ROLLING__DT-RAMDE_TS2_FULL__VS__MATCHED_FIXED_DE_PARETO,E1_ROLLING,REJECT_NUMERICAL,RR-INTERMITTENT/0,5,0,0,0,comparator_rate_minus_proposed_rate,PRE_R10_SUPPORTING_DESCRIPTIVE_RESULT_AWARE__NO_NEW_CONFIRMATORY_INFERENCE
11,E1_ROLLING__DT-RAMDE_TS2_FULL__VS__MATCHED_FIXED_DE_PARETO,E1_ROLLING,OTHER_NONACCEPTED,RR-INTERMITTENT/0,5,0,0,0,comparator_rate_minus_proposed_rate,PRE_R10_SUPPORTING_DESCRIPTIVE_RESULT_AWARE__NO_NEW_CONFIRMATORY_INFERENCE
11,E1_ROLLING__DT-RAMDE_TS2_FULL__VS__MATCHED_FIXED_DE_PARETO,E1_ROLLING,FAILURE_RATE,RR-INTERMITTENT/1,5,-0.060000000000000012,-0.060000000000000012,-0.060000000000000012,comparator_rate_minus_proposed_rate,PRE_R10_SUPPORTING_DESCRIPTIVE_RESULT_AWARE__NO_NEW_CONFIRMATORY_INFERENCE
11,E1_ROLLING__DT-RAMDE_TS2_FULL__VS__MATCHED_FIXED_DE_PARETO,E1_ROLLING,REJECT_SAFETY_FILTER,RR-INTERMITTENT/1,5,-0.060000000000000012,-0.060000000000000012,-0.060000000000000012,comparator_rate_minus_proposed_rate,PRE_R10_SUPPORTING_DESCRIPTIVE_RESULT_AWARE__NO_NEW_CONFIRMATORY_INFERENCE
11,E1_ROLLING__DT-RAMDE_TS2_FULL__VS__MATCHED_FIXED_DE_PARETO,E1_ROLLING,REJECT_BUDGET_NO_FEASIBLE,RR-INTERMITTENT/1,5,0,0,0,comparator_rate_minus_proposed_rate,PRE_R10_SUPPORTING_DESCRIPTIVE_RESULT_AWARE__NO_NEW_CONFIRMATORY_INFERENCE
11,E1_ROLLING__DT-RAMDE_TS2_FULL__VS__MATCHED_FIXED_DE_PARETO,E1_ROLLING,REJECT_NUMERICAL,RR-INTERMITTENT/1,5,0,0,0,comparator_rate_minus_proposed_rate,PRE_R10_SUPPORTING_DESCRIPTIVE_RESULT_AWARE__NO_NEW_CONFIRMATORY_INFERENCE
11,E1_ROLLING__DT-RAMDE_TS2_FULL__VS__MATCHED_FIXED_DE_PARETO,E1_ROLLING,OTHER_NONACCEPTED,RR-INTERMITTENT/1,5,0,0,0,comparator_rate_minus_proposed_rate,PRE_R10_SUPPORTING_DESCRIPTIVE_RESULT_AWARE__NO_NEW_CONFIRMATORY_INFERENCE
11,E1_ROLLING__DT-RAMDE_TS2_FULL__VS__MATCHED_FIXED_DE_PARETO,E1_ROLLING,FAILURE_RATE,RR-INTERMITTENT/2,5,-0.070000000000000007,-0.070000000000000007,-0.070000000000000007,comparator_rate_minus_proposed_rate,PRE_R10_SUPPORTING_DESCRIPTIVE_RESULT_AWARE__NO_NEW_CONFIRMATORY_INFERENCE
11,E1_ROLLING__DT-RAMDE_TS2_FULL__VS__MATCHED_FIXED_DE_PARETO,E1_ROLLING,REJECT_SAFETY_FILTER,RR-INTERMITTENT/2,5,-0.070000000000000007,-0.070000000000000007,-0.070000000000000007,comparator_rate_minus_proposed_rate,PRE_R10_SUPPORTING_DESCRIPTIVE_RESULT_AWARE__NO_NEW_CONFIRMATORY_INFERENCE
11,E1_ROLLING__DT-RAMDE_TS2_FULL__VS__MATCHED_FIXED_DE_PARETO,E1_ROLLING,REJECT_BUDGET_NO_FEASIBLE,RR-INTERMITTENT/2,5,0,0,0,comparator_rate_minus_proposed_rate,PRE_R10_SUPPORTING_DESCRIPTIVE_RESULT_AWARE__NO_NEW_CONFIRMATORY_INFERENCE
11,E1_ROLLING__DT-RAMDE_TS2_FULL__VS__MATCHED_FIXED_DE_PARETO,E1_ROLLING,REJECT_NUMERICAL,RR-INTERMITTENT/2,5,0,0,0,comparator_rate_minus_proposed_rate,PRE_R10_SUPPORTING_DESCRIPTIVE_RESULT_AWARE__NO_NEW_CONFIRMATORY_INFERENCE
11,E1_ROLLING__DT-RAMDE_TS2_FULL__VS__MATCHED_FIXED_DE_PARETO,E1_ROLLING,OTHER_NONACCEPTED,RR-INTERMITTENT/2,5,0,0,0,comparator_rate_minus_proposed_rate,PRE_R10_SUPPORTING_DESCRIPTIVE_RESULT_AWARE__NO_NEW_CONFIRMATORY_INFERENCE
11,E1_ROLLING__DT-RAMDE_TS2_FULL__VS__MATCHED_FIXED_DE_PARETO,E1_ROLLING,FAILURE_RATE,RR-INTERMITTENT/3,5,-0.47000000000000003,-0.47000000000000003,-0.47000000000000003,comparator_rate_minus_proposed_rate,PRE_R10_SUPPORTING_DESCRIPTIVE_RESULT_AWARE__NO_NEW_CONFIRMATORY_INFERENCE
11,E1_ROLLING__DT-RAMDE_TS2_FULL__VS__MATCHED_FIXED_DE_PARETO,E1_ROLLING,REJECT_SAFETY_FILTER,RR-INTERMITTENT/3,5,-0.29999999999999999,-0.29999999999999999,-0.29999999999999999,comparator_rate_minus_proposed_rate,PRE_R10_SUPPORTING_DESCRIPTIVE_RESULT_AWARE__NO_NEW_CONFIRMATORY_INFERENCE
11,E1_ROLLING__DT-RAMDE_TS2_FULL__VS__MATCHED_FIXED_DE_PARETO,E1_ROLLING,REJECT_BUDGET_NO_FEASIBLE,RR-INTERMITTENT/3,5,-0.16999999999999998,-0.16999999999999998,-0.16999999999999998,comparator_rate_minus_proposed_rate,PRE_R10_SUPPORTING_DESCRIPTIVE_RESULT_AWARE__NO_NEW_CONFIRMATORY_INFERENCE
11,E1_ROLLING__DT-RAMDE_TS2_FULL__VS__MATCHED_FIXED_DE_PARETO,E1_ROLLING,REJECT_NUMERICAL,RR-INTERMITTENT/3,5,0,0,0,comparator_rate_minus_proposed_rate,PRE_R10_SUPPORTING_DESCRIPTIVE_RESULT_AWARE__NO_NEW_CONFIRMATORY_INFERENCE
11,E1_ROLLING__DT-RAMDE_TS2_FULL__VS__MATCHED_FIXED_DE_PARETO,E1_ROLLING,OTHER_NONACCEPTED,RR-INTERMITTENT/3,5,0,0,0,comparator_rate_minus_proposed_rate,PRE_R10_SUPPORTING_DESCRIPTIVE_RESULT_AWARE__NO_NEW_CONFIRMATORY_INFERENCE
11,E1_ROLLING__DT-RAMDE_TS2_FULL__VS__MATCHED_FIXED_DE_PARETO,E1_ROLLING,FAILURE_RATE,RR-INTERMITTENT/4,5,-0.089999999999999997,-0.089999999999999997,-0.089999999999999997,comparator_rate_minus_proposed_rate,PRE_R10_SUPPORTING_DESCRIPTIVE_RESULT_AWARE__NO_NEW_CONFIRMATORY_INFERENCE
11,E1_ROLLING__DT-RAMDE_TS2_FULL__VS__MATCHED_FIXED_DE_PARETO,E1_ROLLING,REJECT_SAFETY_FILTER,RR-INTERMITTENT/4,5,-0.089999999999999997,-0.089999999999999997,-0.089999999999999997,comparator_rate_minus_proposed_rate,PRE_R10_SUPPORTING_DESCRIPTIVE_RESULT_AWARE__NO_NEW_CONFIRMATORY_INFERENCE
11,E1_ROLLING__DT-RAMDE_TS2_FULL__VS__MATCHED_FIXED_DE_PARETO,E1_ROLLING,REJECT_BUDGET_NO_FEASIBLE,RR-INTERMITTENT/4,5,0,0,0,comparator_rate_minus_proposed_rate,PRE_R10_SUPPORTING_DESCRIPTIVE_RESULT_AWARE__NO_NEW_CONFIRMATORY_INFERENCE
11,E1_ROLLING__DT-RAMDE_TS2_FULL__VS__MATCHED_FIXED_DE_PARETO,E1_ROLLING,REJECT_NUMERICAL,RR-INTERMITTENT/4,5,0,0,0,comparator_rate_minus_proposed_rate,PRE_R10_SUPPORTING_DESCRIPTIVE_RESULT_AWARE__NO_NEW_CONFIRMATORY_INFERENCE
11,E1_ROLLING__DT-RAMDE_TS2_FULL__VS__MATCHED_FIXED_DE_PARETO,E1_ROLLING,OTHER_NONACCEPTED,RR-INTERMITTENT/4,5,0,0,0,comparator_rate_minus_proposed_rate,PRE_R10_SUPPORTING_DESCRIPTIVE_RESULT_AWARE__NO_NEW_CONFIRMATORY_INFERENCE
11,E1_ROLLING__DT-RAMDE_TS2_FULL__VS__MATCHED_FIXED_DE_PARETO,E1_ROLLING,FAILURE_RATE,RR-INTERMITTENT/5,5,-0.26000000000000001,-0.26000000000000001,-0.26000000000000001,comparator_rate_minus_proposed_rate,PRE_R10_SUPPORTING_DESCRIPTIVE_RESULT_AWARE__NO_NEW_CONFIRMATORY_INFERENCE
11,E1_ROLLING__DT-RAMDE_TS2_FULL__VS__MATCHED_FIXED_DE_PARETO,E1_ROLLING,REJECT_SAFETY_FILTER,RR-INTERMITTENT/5,5,-0.26000000000000001,-0.26000000000000001,-0.26000000000000001,comparator_rate_minus_proposed_rate,PRE_R10_SUPPORTING_DESCRIPTIVE_RESULT_AWARE__NO_NEW_CONFIRMATORY_INFERENCE
11,E1_ROLLING__DT-RAMDE_TS2_FULL__VS__MATCHED_FIXED_DE_PARETO,E1_ROLLING,REJECT_BUDGET_NO_FEASIBLE,RR-INTERMITTENT/5,5,0,0,0,comparator_rate_minus_proposed_rate,PRE_R10_SUPPORTING_DESCRIPTIVE_RESULT_AWARE__NO_NEW_CONFIRMATORY_INFERENCE
11,E1_ROLLING__DT-RAMDE_TS2_FULL__VS__MATCHED_FIXED_DE_PARETO,E1_ROLLING,REJECT_NUMERICAL,RR-INTERMITTENT/5,5,0,0,0,comparator_rate_minus_proposed_rate,PRE_R10_SUPPORTING_DESCRIPTIVE_RESULT_AWARE__NO_NEW_CONFIRMATORY_INFERENCE
11,E1_ROLLING__DT-RAMDE_TS2_FULL__VS__MATCHED_FIXED_DE_PARETO,E1_ROLLING,OTHER_NONACCEPTED,RR-INTERMITTENT/5,5,0,0,0,comparator_rate_minus_proposed_rate,PRE_R10_SUPPORTING_DESCRIPTIVE_RESULT_AWARE__NO_NEW_CONFIRMATORY_INFERENCE
11,E1_ROLLING__DT-RAMDE_TS2_FULL__VS__MATCHED_FIXED_DE_PARETO,E1_ROLLING,FAILURE_RATE,RR-INTERMITTENT/6,5,0,0,0,comparator_rate_minus_proposed_rate,PRE_R10_SUPPORTING_DESCRIPTIVE_RESULT_AWARE__NO_NEW_CONFIRMATORY_INFERENCE
11,E1_ROLLING__DT-RAMDE_TS2_FULL__VS__MATCHED_FIXED_DE_PARETO,E1_ROLLING,REJECT_SAFETY_FILTER,RR-INTERMITTENT/6,5,0,0,0,comparator_rate_minus_proposed_rate,PRE_R10_SUPPORTING_DESCRIPTIVE_RESULT_AWARE__NO_NEW_CONFIRMATORY_INFERENCE
11,E1_ROLLING__DT-RAMDE_TS2_FULL__VS__MATCHED_FIXED_DE_PARETO,E1_ROLLING,REJECT_BUDGET_NO_FEASIBLE,RR-INTERMITTENT/6,5,0,0,0,comparator_rate_minus_proposed_rate,PRE_R10_SUPPORTING_DESCRIPTIVE_RESULT_AWARE__NO_NEW_CONFIRMATORY_INFERENCE
11,E1_ROLLING__DT-RAMDE_TS2_FULL__VS__MATCHED_FIXED_DE_PARETO,E1_ROLLING,REJECT_NUMERICAL,RR-INTERMITTENT/6,5,0,0,0,comparator_rate_minus_proposed_rate,PRE_R10_SUPPORTING_DESCRIPTIVE_RESULT_AWARE__NO_NEW_CONFIRMATORY_INFERENCE
11,E1_ROLLING__DT-RAMDE_TS2_FULL__VS__MATCHED_FIXED_DE_PARETO,E1_ROLLING,OTHER_NONACCEPTED,RR-INTERMITTENT/6,5,0,0,0,comparator_rate_minus_proposed_rate,PRE_R10_SUPPORTING_DESCRIPTIVE_RESULT_AWARE__NO_NEW_CONFIRMATORY_INFERENCE
11,E1_ROLLING__DT-RAMDE_TS2_FULL__VS__MATCHED_FIXED_DE_PARETO,E1_ROLLING,FAILURE_RATE,RR-INTERMITTENT/7,5,-0.49000000000000005,-0.49000000000000005,-0.49000000000000005,comparator_rate_minus_proposed_rate,PRE_R10_SUPPORTING_DESCRIPTIVE_RESULT_AWARE__NO_NEW_CONFIRMATORY_INFERENCE
11,E1_ROLLING__DT-RAMDE_TS2_FULL__VS__MATCHED_FIXED_DE_PARETO,E1_ROLLING,REJECT_SAFETY_FILTER,RR-INTERMITTENT/7,5,-0.49000000000000005,-0.49000000000000005,-0.49000000000000005,comparator_rate_minus_proposed_rate,PRE_R10_SUPPORTING_DESCRIPTIVE_RESULT_AWARE__NO_NEW_CONFIRMATORY_INFERENCE
11,E1_ROLLING__DT-RAMDE_TS2_FULL__VS__MATCHED_FIXED_DE_PARETO,E1_ROLLING,REJECT_BUDGET_NO_FEASIBLE,RR-INTERMITTENT/7,5,0,0,0,comparator_rate_minus_proposed_rate,PRE_R10_SUPPORTING_DESCRIPTIVE_RESULT_AWARE__NO_NEW_CONFIRMATORY_INFERENCE
11,E1_ROLLING__DT-RAMDE_TS2_FULL__VS__MATCHED_FIXED_DE_PARETO,E1_ROLLING,REJECT_NUMERICAL,RR-INTERMITTENT/7,5,0,0,0,comparator_rate_minus_proposed_rate,PRE_R10_SUPPORTING_DESCRIPTIVE_RESULT_AWARE__NO_NEW_CONFIRMATORY_INFERENCE
11,E1_ROLLING__DT-RAMDE_TS2_FULL__VS__MATCHED_FIXED_DE_PARETO,E1_ROLLING,OTHER_NONACCEPTED,RR-INTERMITTENT/7,5,-2.2204460492503132e-17,-2.2204460492503132e-17,-2.2204460492503132e-17,comparator_rate_minus_proposed_rate,PRE_R10_SUPPORTING_DESCRIPTIVE_RESULT_AWARE__NO_NEW_CONFIRMATORY_INFERENCE
11,E1_ROLLING__DT-RAMDE_TS2_FULL__VS__MATCHED_FIXED_DE_PARETO,E1_ROLLING,FAILURE_RATE,RR-REJECTION/0,5,-0.23999999999999999,-0.23999999999999999,-0.23999999999999999,comparator_rate_minus_proposed_rate,PRE_R10_SUPPORTING_DESCRIPTIVE_RESULT_AWARE__NO_NEW_CONFIRMATORY_INFERENCE
11,E1_ROLLING__DT-RAMDE_TS2_FULL__VS__MATCHED_FIXED_DE_PARETO,E1_ROLLING,REJECT_SAFETY_FILTER,RR-REJECTION/0,5,-0.23999999999999999,-0.23999999999999999,-0.23999999999999999,comparator_rate_minus_proposed_rate,PRE_R10_SUPPORTING_DESCRIPTIVE_RESULT_AWARE__NO_NEW_CONFIRMATORY_INFERENCE
11,E1_ROLLING__DT-RAMDE_TS2_FULL__VS__MATCHED_FIXED_DE_PARETO,E1_ROLLING,REJECT_BUDGET_NO_FEASIBLE,RR-REJECTION/0,5,0,0,0,comparator_rate_minus_proposed_rate,PRE_R10_SUPPORTING_DESCRIPTIVE_RESULT_AWARE__NO_NEW_CONFIRMATORY_INFERENCE
11,E1_ROLLING__DT-RAMDE_TS2_FULL__VS__MATCHED_FIXED_DE_PARETO,E1_ROLLING,REJECT_NUMERICAL,RR-REJECTION/0,5,0,0,0,comparator_rate_minus_proposed_rate,PRE_R10_SUPPORTING_DESCRIPTIVE_RESULT_AWARE__NO_NEW_CONFIRMATORY_INFERENCE
11,E1_ROLLING__DT-RAMDE_TS2_FULL__VS__MATCHED_FIXED_DE_PARETO,E1_ROLLING,OTHER_NONACCEPTED,RR-REJECTION/0,5,0,0,0,comparator_rate_minus_proposed_rate,PRE_R10_SUPPORTING_DESCRIPTIVE_RESULT_AWARE__NO_NEW_CONFIRMATORY_INFERENCE
11,E1_ROLLING__DT-RAMDE_TS2_FULL__VS__MATCHED_FIXED_DE_PARETO,E1_ROLLING,FAILURE_RATE,RR-REJECTION/1,5,-0.10000000000000001,-0.10000000000000001,-0.10000000000000001,comparator_rate_minus_proposed_rate,PRE_R10_SUPPORTING_DESCRIPTIVE_RESULT_AWARE__NO_NEW_CONFIRMATORY_INFERENCE
11,E1_ROLLING__DT-RAMDE_TS2_FULL__VS__MATCHED_FIXED_DE_PARETO,E1_ROLLING,REJECT_SAFETY_FILTER,RR-REJECTION/1,5,-0.10000000000000001,-0.10000000000000001,-0.10000000000000001,comparator_rate_minus_proposed_rate,PRE_R10_SUPPORTING_DESCRIPTIVE_RESULT_AWARE__NO_NEW_CONFIRMATORY_INFERENCE
11,E1_ROLLING__DT-RAMDE_TS2_FULL__VS__MATCHED_FIXED_DE_PARETO,E1_ROLLING,REJECT_BUDGET_NO_FEASIBLE,RR-REJECTION/1,5,0,0,0,comparator_rate_minus_proposed_rate,PRE_R10_SUPPORTING_DESCRIPTIVE_RESULT_AWARE__NO_NEW_CONFIRMATORY_INFERENCE
11,E1_ROLLING__DT-RAMDE_TS2_FULL__VS__MATCHED_FIXED_DE_PARETO,E1_ROLLING,REJECT_NUMERICAL,RR-REJECTION/1,5,0,0,0,comparator_rate_minus_proposed_rate,PRE_R10_SUPPORTING_DESCRIPTIVE_RESULT_AWARE__NO_NEW_CONFIRMATORY_INFERENCE
11,E1_ROLLING__DT-RAMDE_TS2_FULL__VS__MATCHED_FIXED_DE_PARETO,E1_ROLLING,OTHER_NONACCEPTED,RR-REJECTION/1,5,0,0,0,comparator_rate_minus_proposed_rate,PRE_R10_SUPPORTING_DESCRIPTIVE_RESULT_AWARE__NO_NEW_CONFIRMATORY_INFERENCE
11,E1_ROLLING__DT-RAMDE_TS2_FULL__VS__MATCHED_FIXED_DE_PARETO,E1_ROLLING,FAILURE_RATE,RR-REJECTION/2,5,-0.45000000000000001,-0.45000000000000001,-0.45000000000000001,comparator_rate_minus_proposed_rate,PRE_R10_SUPPORTING_DESCRIPTIVE_RESULT_AWARE__NO_NEW_CONFIRMATORY_INFERENCE
11,E1_ROLLING__DT-RAMDE_TS2_FULL__VS__MATCHED_FIXED_DE_PARETO,E1_ROLLING,REJECT_SAFETY_FILTER,RR-REJECTION/2,5,-0.45000000000000001,-0.45000000000000001,-0.45000000000000001,comparator_rate_minus_proposed_rate,PRE_R10_SUPPORTING_DESCRIPTIVE_RESULT_AWARE__NO_NEW_CONFIRMATORY_INFERENCE
11,E1_ROLLING__DT-RAMDE_TS2_FULL__VS__MATCHED_FIXED_DE_PARETO,E1_ROLLING,REJECT_BUDGET_NO_FEASIBLE,RR-REJECTION/2,5,0,0,0,comparator_rate_minus_proposed_rate,PRE_R10_SUPPORTING_DESCRIPTIVE_RESULT_AWARE__NO_NEW_CONFIRMATORY_INFERENCE
11,E1_ROLLING__DT-RAMDE_TS2_FULL__VS__MATCHED_FIXED_DE_PARETO,E1_ROLLING,REJECT_NUMERICAL,RR-REJECTION/2,5,0,0,0,comparator_rate_minus_proposed_rate,PRE_R10_SUPPORTING_DESCRIPTIVE_RESULT_AWARE__NO_NEW_CONFIRMATORY_INFERENCE
11,E1_ROLLING__DT-RAMDE_TS2_FULL__VS__MATCHED_FIXED_DE_PARETO,E1_ROLLING,OTHER_NONACCEPTED,RR-REJECTION/2,5,0,0,0,comparator_rate_minus_proposed_rate,PRE_R10_SUPPORTING_DESCRIPTIVE_RESULT_AWARE__NO_NEW_CONFIRMATORY_INFERENCE
11,E1_ROLLING__DT-RAMDE_TS2_FULL__VS__MATCHED_FIXED_DE_PARETO,E1_ROLLING,FAILURE_RATE,RR-REJECTION/3,5,-0.040000000000000001,-0.040000000000000001,-0.040000000000000001,comparator_rate_minus_proposed_rate,PRE_R10_SUPPORTING_DESCRIPTIVE_RESULT_AWARE__NO_NEW_CONFIRMATORY_INFERENCE
11,E1_ROLLING__DT-RAMDE_TS2_FULL__VS__MATCHED_FIXED_DE_PARETO,E1_ROLLING,REJECT_SAFETY_FILTER,RR-REJECTION/3,5,-0.040000000000000001,-0.040000000000000001,-0.040000000000000001,comparator_rate_minus_proposed_rate,PRE_R10_SUPPORTING_DESCRIPTIVE_RESULT_AWARE__NO_NEW_CONFIRMATORY_INFERENCE
11,E1_ROLLING__DT-RAMDE_TS2_FULL__VS__MATCHED_FIXED_DE_PARETO,E1_ROLLING,REJECT_BUDGET_NO_FEASIBLE,RR-REJECTION/3,5,0,0,0,comparator_rate_minus_proposed_rate,PRE_R10_SUPPORTING_DESCRIPTIVE_RESULT_AWARE__NO_NEW_CONFIRMATORY_INFERENCE
11,E1_ROLLING__DT-RAMDE_TS2_FULL__VS__MATCHED_FIXED_DE_PARETO,E1_ROLLING,REJECT_NUMERICAL,RR-REJECTION/3,5,0,0,0,comparator_rate_minus_proposed_rate,PRE_R10_SUPPORTING_DESCRIPTIVE_RESULT_AWARE__NO_NEW_CONFIRMATORY_INFERENCE
11,E1_ROLLING__DT-RAMDE_TS2_FULL__VS__MATCHED_FIXED_DE_PARETO,E1_ROLLING,OTHER_NONACCEPTED,RR-REJECTION/3,5,0,0,0,comparator_rate_minus_proposed_rate,PRE_R10_SUPPORTING_DESCRIPTIVE_RESULT_AWARE__NO_NEW_CONFIRMATORY_INFERENCE
11,E1_ROLLING__DT-RAMDE_TS2_FULL__VS__MATCHED_FIXED_DE_PARETO,E1_ROLLING,FAILURE_RATE,RR-REJECTION/4,5,-0.050000000000000003,-0.050000000000000003,-0.050000000000000003,comparator_rate_minus_proposed_rate,PRE_R10_SUPPORTING_DESCRIPTIVE_RESULT_AWARE__NO_NEW_CONFIRMATORY_INFERENCE
11,E1_ROLLING__DT-RAMDE_TS2_FULL__VS__MATCHED_FIXED_DE_PARETO,E1_ROLLING,REJECT_SAFETY_FILTER,RR-REJECTION/4,5,-0.050000000000000003,-0.050000000000000003,-0.050000000000000003,comparator_rate_minus_proposed_rate,PRE_R10_SUPPORTING_DESCRIPTIVE_RESULT_AWARE__NO_NEW_CONFIRMATORY_INFERENCE
11,E1_ROLLING__DT-RAMDE_TS2_FULL__VS__MATCHED_FIXED_DE_PARETO,E1_ROLLING,REJECT_BUDGET_NO_FEASIBLE,RR-REJECTION/4,5,0,0,0,comparator_rate_minus_proposed_rate,PRE_R10_SUPPORTING_DESCRIPTIVE_RESULT_AWARE__NO_NEW_CONFIRMATORY_INFERENCE
11,E1_ROLLING__DT-RAMDE_TS2_FULL__VS__MATCHED_FIXED_DE_PARETO,E1_ROLLING,REJECT_NUMERICAL,RR-REJECTION/4,5,0,0,0,comparator_rate_minus_proposed_rate,PRE_R10_SUPPORTING_DESCRIPTIVE_RESULT_AWARE__NO_NEW_CONFIRMATORY_INFERENCE
11,E1_ROLLING__DT-RAMDE_TS2_FULL__VS__MATCHED_FIXED_DE_PARETO,E1_ROLLING,OTHER_NONACCEPTED,RR-REJECTION/4,5,0,0,0,comparator_rate_minus_proposed_rate,PRE_R10_SUPPORTING_DESCRIPTIVE_RESULT_AWARE__NO_NEW_CONFIRMATORY_INFERENCE
11,E1_ROLLING__DT-RAMDE_TS2_FULL__VS__MATCHED_FIXED_DE_PARETO,E1_ROLLING,FAILURE_RATE,RR-REJECTION/5,5,-0.089999999999999997,-0.089999999999999997,-0.089999999999999997,comparator_rate_minus_proposed_rate,PRE_R10_SUPPORTING_DESCRIPTIVE_RESULT_AWARE__NO_NEW_CONFIRMATORY_INFERENCE
11,E1_ROLLING__DT-RAMDE_TS2_FULL__VS__MATCHED_FIXED_DE_PARETO,E1_ROLLING,REJECT_SAFETY_FILTER,RR-REJECTION/5,5,-0.089999999999999997,-0.089999999999999997,-0.089999999999999997,comparator_rate_minus_proposed_rate,PRE_R10_SUPPORTING_DESCRIPTIVE_RESULT_AWARE__NO_NEW_CONFIRMATORY_INFERENCE
11,E1_ROLLING__DT-RAMDE_TS2_FULL__VS__MATCHED_FIXED_DE_PARETO,E1_ROLLING,REJECT_BUDGET_NO_FEASIBLE,RR-REJECTION/5,5,0,0,0,comparator_rate_minus_proposed_rate,PRE_R10_SUPPORTING_DESCRIPTIVE_RESULT_AWARE__NO_NEW_CONFIRMATORY_INFERENCE
11,E1_ROLLING__DT-RAMDE_TS2_FULL__VS__MATCHED_FIXED_DE_PARETO,E1_ROLLING,REJECT_NUMERICAL,RR-REJECTION/5,5,0,0,0,comparator_rate_minus_proposed_rate,PRE_R10_SUPPORTING_DESCRIPTIVE_RESULT_AWARE__NO_NEW_CONFIRMATORY_INFERENCE
11,E1_ROLLING__DT-RAMDE_TS2_FULL__VS__MATCHED_FIXED_DE_PARETO,E1_ROLLING,OTHER_NONACCEPTED,RR-REJECTION/5,5,0,0,0,comparator_rate_minus_proposed_rate,PRE_R10_SUPPORTING_DESCRIPTIVE_RESULT_AWARE__NO_NEW_CONFIRMATORY_INFERENCE
11,E1_ROLLING__DT-RAMDE_TS2_FULL__VS__MATCHED_FIXED_DE_PARETO,E1_ROLLING,FAILURE_RATE,RR-REJECTION/6,5,-0.02,-0.02,-0.02,comparator_rate_minus_proposed_rate,PRE_R10_SUPPORTING_DESCRIPTIVE_RESULT_AWARE__NO_NEW_CONFIRMATORY_INFERENCE
11,E1_ROLLING__DT-RAMDE_TS2_FULL__VS__MATCHED_FIXED_DE_PARETO,E1_ROLLING,REJECT_SAFETY_FILTER,RR-REJECTION/6,5,-0.02,-0.02,-0.02,comparator_rate_minus_proposed_rate,PRE_R10_SUPPORTING_DESCRIPTIVE_RESULT_AWARE__NO_NEW_CONFIRMATORY_INFERENCE
11,E1_ROLLING__DT-RAMDE_TS2_FULL__VS__MATCHED_FIXED_DE_PARETO,E1_ROLLING,REJECT_BUDGET_NO_FEASIBLE,RR-REJECTION/6,5,0,0,0,comparator_rate_minus_proposed_rate,PRE_R10_SUPPORTING_DESCRIPTIVE_RESULT_AWARE__NO_NEW_CONFIRMATORY_INFERENCE
11,E1_ROLLING__DT-RAMDE_TS2_FULL__VS__MATCHED_FIXED_DE_PARETO,E1_ROLLING,REJECT_NUMERICAL,RR-REJECTION/6,5,0,0,0,comparator_rate_minus_proposed_rate,PRE_R10_SUPPORTING_DESCRIPTIVE_RESULT_AWARE__NO_NEW_CONFIRMATORY_INFERENCE
11,E1_ROLLING__DT-RAMDE_TS2_FULL__VS__MATCHED_FIXED_DE_PARETO,E1_ROLLING,OTHER_NONACCEPTED,RR-REJECTION/6,5,0,0,0,comparator_rate_minus_proposed_rate,PRE_R10_SUPPORTING_DESCRIPTIVE_RESULT_AWARE__NO_NEW_CONFIRMATORY_INFERENCE
11,E1_ROLLING__DT-RAMDE_TS2_FULL__VS__MATCHED_FIXED_DE_PARETO,E1_ROLLING,FAILURE_RATE,RR-REJECTION/7,5,-0.23999999999999999,-0.23999999999999999,-0.23999999999999999,comparator_rate_minus_proposed_rate,PRE_R10_SUPPORTING_DESCRIPTIVE_RESULT_AWARE__NO_NEW_CONFIRMATORY_INFERENCE
11,E1_ROLLING__DT-RAMDE_TS2_FULL__VS__MATCHED_FIXED_DE_PARETO,E1_ROLLING,REJECT_SAFETY_FILTER,RR-REJECTION/7,5,-0.23999999999999999,-0.23999999999999999,-0.23999999999999999,comparator_rate_minus_proposed_rate,PRE_R10_SUPPORTING_DESCRIPTIVE_RESULT_AWARE__NO_NEW_CONFIRMATORY_INFERENCE
11,E1_ROLLING__DT-RAMDE_TS2_FULL__VS__MATCHED_FIXED_DE_PARETO,E1_ROLLING,REJECT_BUDGET_NO_FEASIBLE,RR-REJECTION/7,5,0,0,0,comparator_rate_minus_proposed_rate,PRE_R10_SUPPORTING_DESCRIPTIVE_RESULT_AWARE__NO_NEW_CONFIRMATORY_INFERENCE
11,E1_ROLLING__DT-RAMDE_TS2_FULL__VS__MATCHED_FIXED_DE_PARETO,E1_ROLLING,REJECT_NUMERICAL,RR-REJECTION/7,5,0,0,0,comparator_rate_minus_proposed_rate,PRE_R10_SUPPORTING_DESCRIPTIVE_RESULT_AWARE__NO_NEW_CONFIRMATORY_INFERENCE
11,E1_ROLLING__DT-RAMDE_TS2_FULL__VS__MATCHED_FIXED_DE_PARETO,E1_ROLLING,OTHER_NONACCEPTED,RR-REJECTION/7,5,0,0,0,comparator_rate_minus_proposed_rate,PRE_R10_SUPPORTING_DESCRIPTIVE_RESULT_AWARE__NO_NEW_CONFIRMATORY_INFERENCE
11,E1_ROLLING__DT-RAMDE_TS2_FULL__VS__MATCHED_FIXED_DE_PARETO,E1_ROLLING,FAILURE_RATE,RR-SHOCK/0,5,0,0,0,comparator_rate_minus_proposed_rate,PRE_R10_SUPPORTING_DESCRIPTIVE_RESULT_AWARE__NO_NEW_CONFIRMATORY_INFERENCE
11,E1_ROLLING__DT-RAMDE_TS2_FULL__VS__MATCHED_FIXED_DE_PARETO,E1_ROLLING,REJECT_SAFETY_FILTER,RR-SHOCK/0,5,0,0,0,comparator_rate_minus_proposed_rate,PRE_R10_SUPPORTING_DESCRIPTIVE_RESULT_AWARE__NO_NEW_CONFIRMATORY_INFERENCE
11,E1_ROLLING__DT-RAMDE_TS2_FULL__VS__MATCHED_FIXED_DE_PARETO,E1_ROLLING,REJECT_BUDGET_NO_FEASIBLE,RR-SHOCK/0,5,0,0,0,comparator_rate_minus_proposed_rate,PRE_R10_SUPPORTING_DESCRIPTIVE_RESULT_AWARE__NO_NEW_CONFIRMATORY_INFERENCE
11,E1_ROLLING__DT-RAMDE_TS2_FULL__VS__MATCHED_FIXED_DE_PARETO,E1_ROLLING,REJECT_NUMERICAL,RR-SHOCK/0,5,0,0,0,comparator_rate_minus_proposed_rate,PRE_R10_SUPPORTING_DESCRIPTIVE_RESULT_AWARE__NO_NEW_CONFIRMATORY_INFERENCE
11,E1_ROLLING__DT-RAMDE_TS2_FULL__VS__MATCHED_FIXED_DE_PARETO,E1_ROLLING,OTHER_NONACCEPTED,RR-SHOCK/0,5,0,0,0,comparator_rate_minus_proposed_rate,PRE_R10_SUPPORTING_DESCRIPTIVE_RESULT_AWARE__NO_NEW_CONFIRMATORY_INFERENCE
11,E1_ROLLING__DT-RAMDE_TS2_FULL__VS__MATCHED_FIXED_DE_PARETO,E1_ROLLING,FAILURE_RATE,RR-SHOCK/1,5,0,0,0,comparator_rate_minus_proposed_rate,PRE_R10_SUPPORTING_DESCRIPTIVE_RESULT_AWARE__NO_NEW_CONFIRMATORY_INFERENCE
11,E1_ROLLING__DT-RAMDE_TS2_FULL__VS__MATCHED_FIXED_DE_PARETO,E1_ROLLING,REJECT_SAFETY_FILTER,RR-SHOCK/1,5,0,0,0,comparator_rate_minus_proposed_rate,PRE_R10_SUPPORTING_DESCRIPTIVE_RESULT_AWARE__NO_NEW_CONFIRMATORY_INFERENCE
11,E1_ROLLING__DT-RAMDE_TS2_FULL__VS__MATCHED_FIXED_DE_PARETO,E1_ROLLING,REJECT_BUDGET_NO_FEASIBLE,RR-SHOCK/1,5,0,0,0,comparator_rate_minus_proposed_rate,PRE_R10_SUPPORTING_DESCRIPTIVE_RESULT_AWARE__NO_NEW_CONFIRMATORY_INFERENCE
11,E1_ROLLING__DT-RAMDE_TS2_FULL__VS__MATCHED_FIXED_DE_PARETO,E1_ROLLING,REJECT_NUMERICAL,RR-SHOCK/1,5,0,0,0,comparator_rate_minus_proposed_rate,PRE_R10_SUPPORTING_DESCRIPTIVE_RESULT_AWARE__NO_NEW_CONFIRMATORY_INFERENCE
11,E1_ROLLING__DT-RAMDE_TS2_FULL__VS__MATCHED_FIXED_DE_PARETO,E1_ROLLING,OTHER_NONACCEPTED,RR-SHOCK/1,5,0,0,0,comparator_rate_minus_proposed_rate,PRE_R10_SUPPORTING_DESCRIPTIVE_RESULT_AWARE__NO_NEW_CONFIRMATORY_INFERENCE
11,E1_ROLLING__DT-RAMDE_TS2_FULL__VS__MATCHED_FIXED_DE_PARETO,E1_ROLLING,FAILURE_RATE,RR-SHOCK/2,5,-0.069999999999999993,-0.069999999999999993,-0.069999999999999993,comparator_rate_minus_proposed_rate,PRE_R10_SUPPORTING_DESCRIPTIVE_RESULT_AWARE__NO_NEW_CONFIRMATORY_INFERENCE
11,E1_ROLLING__DT-RAMDE_TS2_FULL__VS__MATCHED_FIXED_DE_PARETO,E1_ROLLING,REJECT_SAFETY_FILTER,RR-SHOCK/2,5,-0.069999999999999993,-0.069999999999999993,-0.069999999999999993,comparator_rate_minus_proposed_rate,PRE_R10_SUPPORTING_DESCRIPTIVE_RESULT_AWARE__NO_NEW_CONFIRMATORY_INFERENCE
11,E1_ROLLING__DT-RAMDE_TS2_FULL__VS__MATCHED_FIXED_DE_PARETO,E1_ROLLING,REJECT_BUDGET_NO_FEASIBLE,RR-SHOCK/2,5,0,0,0,comparator_rate_minus_proposed_rate,PRE_R10_SUPPORTING_DESCRIPTIVE_RESULT_AWARE__NO_NEW_CONFIRMATORY_INFERENCE
11,E1_ROLLING__DT-RAMDE_TS2_FULL__VS__MATCHED_FIXED_DE_PARETO,E1_ROLLING,REJECT_NUMERICAL,RR-SHOCK/2,5,0,0,0,comparator_rate_minus_proposed_rate,PRE_R10_SUPPORTING_DESCRIPTIVE_RESULT_AWARE__NO_NEW_CONFIRMATORY_INFERENCE
11,E1_ROLLING__DT-RAMDE_TS2_FULL__VS__MATCHED_FIXED_DE_PARETO,E1_ROLLING,OTHER_NONACCEPTED,RR-SHOCK/2,5,0,0,0,comparator_rate_minus_proposed_rate,PRE_R10_SUPPORTING_DESCRIPTIVE_RESULT_AWARE__NO_NEW_CONFIRMATORY_INFERENCE
11,E1_ROLLING__DT-RAMDE_TS2_FULL__VS__MATCHED_FIXED_DE_PARETO,E1_ROLLING,FAILURE_RATE,RR-SHOCK/3,5,-0.48000000000000009,-0.48000000000000009,-0.48000000000000009,comparator_rate_minus_proposed_rate,PRE_R10_SUPPORTING_DESCRIPTIVE_RESULT_AWARE__NO_NEW_CONFIRMATORY_INFERENCE
11,E1_ROLLING__DT-RAMDE_TS2_FULL__VS__MATCHED_FIXED_DE_PARETO,E1_ROLLING,REJECT_SAFETY_FILTER,RR-SHOCK/3,5,-0.27999999999999997,-0.27999999999999997,-0.27999999999999997,comparator_rate_minus_proposed_rate,PRE_R10_SUPPORTING_DESCRIPTIVE_RESULT_AWARE__NO_NEW_CONFIRMATORY_INFERENCE
11,E1_ROLLING__DT-RAMDE_TS2_FULL__VS__MATCHED_FIXED_DE_PARETO,E1_ROLLING,REJECT_BUDGET_NO_FEASIBLE,RR-SHOCK/3,5,-0.20000000000000001,-0.20000000000000001,-0.20000000000000001,comparator_rate_minus_proposed_rate,PRE_R10_SUPPORTING_DESCRIPTIVE_RESULT_AWARE__NO_NEW_CONFIRMATORY_INFERENCE
11,E1_ROLLING__DT-RAMDE_TS2_FULL__VS__MATCHED_FIXED_DE_PARETO,E1_ROLLING,REJECT_NUMERICAL,RR-SHOCK/3,5,0,0,0,comparator_rate_minus_proposed_rate,PRE_R10_SUPPORTING_DESCRIPTIVE_RESULT_AWARE__NO_NEW_CONFIRMATORY_INFERENCE
11,E1_ROLLING__DT-RAMDE_TS2_FULL__VS__MATCHED_FIXED_DE_PARETO,E1_ROLLING,OTHER_NONACCEPTED,RR-SHOCK/3,5,0,0,0,comparator_rate_minus_proposed_rate,PRE_R10_SUPPORTING_DESCRIPTIVE_RESULT_AWARE__NO_NEW_CONFIRMATORY_INFERENCE
11,E1_ROLLING__DT-RAMDE_TS2_FULL__VS__MATCHED_FIXED_DE_PARETO,E1_ROLLING,FAILURE_RATE,RR-SHOCK/4,5,-0.089999999999999997,-0.089999999999999997,-0.089999999999999997,comparator_rate_minus_proposed_rate,PRE_R10_SUPPORTING_DESCRIPTIVE_RESULT_AWARE__NO_NEW_CONFIRMATORY_INFERENCE
11,E1_ROLLING__DT-RAMDE_TS2_FULL__VS__MATCHED_FIXED_DE_PARETO,E1_ROLLING,REJECT_SAFETY_FILTER,RR-SHOCK/4,5,-0.089999999999999997,-0.089999999999999997,-0.089999999999999997,comparator_rate_minus_proposed_rate,PRE_R10_SUPPORTING_DESCRIPTIVE_RESULT_AWARE__NO_NEW_CONFIRMATORY_INFERENCE
11,E1_ROLLING__DT-RAMDE_TS2_FULL__VS__MATCHED_FIXED_DE_PARETO,E1_ROLLING,REJECT_BUDGET_NO_FEASIBLE,RR-SHOCK/4,5,0,0,0,comparator_rate_minus_proposed_rate,PRE_R10_SUPPORTING_DESCRIPTIVE_RESULT_AWARE__NO_NEW_CONFIRMATORY_INFERENCE
11,E1_ROLLING__DT-RAMDE_TS2_FULL__VS__MATCHED_FIXED_DE_PARETO,E1_ROLLING,REJECT_NUMERICAL,RR-SHOCK/4,5,0,0,0,comparator_rate_minus_proposed_rate,PRE_R10_SUPPORTING_DESCRIPTIVE_RESULT_AWARE__NO_NEW_CONFIRMATORY_INFERENCE
11,E1_ROLLING__DT-RAMDE_TS2_FULL__VS__MATCHED_FIXED_DE_PARETO,E1_ROLLING,OTHER_NONACCEPTED,RR-SHOCK/4,5,0,0,0,comparator_rate_minus_proposed_rate,PRE_R10_SUPPORTING_DESCRIPTIVE_RESULT_AWARE__NO_NEW_CONFIRMATORY_INFERENCE
11,E1_ROLLING__DT-RAMDE_TS2_FULL__VS__MATCHED_FIXED_DE_PARETO,E1_ROLLING,FAILURE_RATE,RR-SHOCK/5,5,-0.26000000000000001,-0.26000000000000001,-0.26000000000000001,comparator_rate_minus_proposed_rate,PRE_R10_SUPPORTING_DESCRIPTIVE_RESULT_AWARE__NO_NEW_CONFIRMATORY_INFERENCE
11,E1_ROLLING__DT-RAMDE_TS2_FULL__VS__MATCHED_FIXED_DE_PARETO,E1_ROLLING,REJECT_SAFETY_FILTER,RR-SHOCK/5,5,-0.26000000000000001,-0.26000000000000001,-0.26000000000000001,comparator_rate_minus_proposed_rate,PRE_R10_SUPPORTING_DESCRIPTIVE_RESULT_AWARE__NO_NEW_CONFIRMATORY_INFERENCE
11,E1_ROLLING__DT-RAMDE_TS2_FULL__VS__MATCHED_FIXED_DE_PARETO,E1_ROLLING,REJECT_BUDGET_NO_FEASIBLE,RR-SHOCK/5,5,0,0,0,comparator_rate_minus_proposed_rate,PRE_R10_SUPPORTING_DESCRIPTIVE_RESULT_AWARE__NO_NEW_CONFIRMATORY_INFERENCE
11,E1_ROLLING__DT-RAMDE_TS2_FULL__VS__MATCHED_FIXED_DE_PARETO,E1_ROLLING,REJECT_NUMERICAL,RR-SHOCK/5,5,0,0,0,comparator_rate_minus_proposed_rate,PRE_R10_SUPPORTING_DESCRIPTIVE_RESULT_AWARE__NO_NEW_CONFIRMATORY_INFERENCE
11,E1_ROLLING__DT-RAMDE_TS2_FULL__VS__MATCHED_FIXED_DE_PARETO,E1_ROLLING,OTHER_NONACCEPTED,RR-SHOCK/5,5,-1.6653345369377347e-17,-1.6653345369377347e-17,-1.6653345369377347e-17,comparator_rate_minus_proposed_rate,PRE_R10_SUPPORTING_DESCRIPTIVE_RESULT_AWARE__NO_NEW_CONFIRMATORY_INFERENCE
11,E1_ROLLING__DT-RAMDE_TS2_FULL__VS__MATCHED_FIXED_DE_PARETO,E1_ROLLING,FAILURE_RATE,RR-SHOCK/6,5,-0.27999999999999997,-0.27999999999999997,-0.27999999999999997,comparator_rate_minus_proposed_rate,PRE_R10_SUPPORTING_DESCRIPTIVE_RESULT_AWARE__NO_NEW_CONFIRMATORY_INFERENCE
11,E1_ROLLING__DT-RAMDE_TS2_FULL__VS__MATCHED_FIXED_DE_PARETO,E1_ROLLING,REJECT_SAFETY_FILTER,RR-SHOCK/6,5,-0.21000000000000002,-0.21000000000000002,-0.21000000000000002,comparator_rate_minus_proposed_rate,PRE_R10_SUPPORTING_DESCRIPTIVE_RESULT_AWARE__NO_NEW_CONFIRMATORY_INFERENCE
11,E1_ROLLING__DT-RAMDE_TS2_FULL__VS__MATCHED_FIXED_DE_PARETO,E1_ROLLING,REJECT_BUDGET_NO_FEASIBLE,RR-SHOCK/6,5,-0.069999999999999993,-0.069999999999999993,-0.069999999999999993,comparator_rate_minus_proposed_rate,PRE_R10_SUPPORTING_DESCRIPTIVE_RESULT_AWARE__NO_NEW_CONFIRMATORY_INFERENCE
11,E1_ROLLING__DT-RAMDE_TS2_FULL__VS__MATCHED_FIXED_DE_PARETO,E1_ROLLING,REJECT_NUMERICAL,RR-SHOCK/6,5,0,0,0,comparator_rate_minus_proposed_rate,PRE_R10_SUPPORTING_DESCRIPTIVE_RESULT_AWARE__NO_NEW_CONFIRMATORY_INFERENCE
11,E1_ROLLING__DT-RAMDE_TS2_FULL__VS__MATCHED_FIXED_DE_PARETO,E1_ROLLING,OTHER_NONACCEPTED,RR-SHOCK/6,5,0,0,0,comparator_rate_minus_proposed_rate,PRE_R10_SUPPORTING_DESCRIPTIVE_RESULT_AWARE__NO_NEW_CONFIRMATORY_INFERENCE
11,E1_ROLLING__DT-RAMDE_TS2_FULL__VS__MATCHED_FIXED_DE_PARETO,E1_ROLLING,FAILURE_RATE,RR-SHOCK/7,5,0,0,0,comparator_rate_minus_proposed_rate,PRE_R10_SUPPORTING_DESCRIPTIVE_RESULT_AWARE__NO_NEW_CONFIRMATORY_INFERENCE
11,E1_ROLLING__DT-RAMDE_TS2_FULL__VS__MATCHED_FIXED_DE_PARETO,E1_ROLLING,REJECT_SAFETY_FILTER,RR-SHOCK/7,5,0,0,0,comparator_rate_minus_proposed_rate,PRE_R10_SUPPORTING_DESCRIPTIVE_RESULT_AWARE__NO_NEW_CONFIRMATORY_INFERENCE
11,E1_ROLLING__DT-RAMDE_TS2_FULL__VS__MATCHED_FIXED_DE_PARETO,E1_ROLLING,REJECT_BUDGET_NO_FEASIBLE,RR-SHOCK/7,5,0,0,0,comparator_rate_minus_proposed_rate,PRE_R10_SUPPORTING_DESCRIPTIVE_RESULT_AWARE__NO_NEW_CONFIRMATORY_INFERENCE
11,E1_ROLLING__DT-RAMDE_TS2_FULL__VS__MATCHED_FIXED_DE_PARETO,E1_ROLLING,REJECT_NUMERICAL,RR-SHOCK/7,5,0,0,0,comparator_rate_minus_proposed_rate,PRE_R10_SUPPORTING_DESCRIPTIVE_RESULT_AWARE__NO_NEW_CONFIRMATORY_INFERENCE
11,E1_ROLLING__DT-RAMDE_TS2_FULL__VS__MATCHED_FIXED_DE_PARETO,E1_ROLLING,OTHER_NONACCEPTED,RR-SHOCK/7,5,0,0,0,comparator_rate_minus_proposed_rate,PRE_R10_SUPPORTING_DESCRIPTIVE_RESULT_AWARE__NO_NEW_CONFIRMATORY_INFERENCE
11,E1_ROLLING__DT-RAMDE_TS2_FULL__VS__MATCHED_FIXED_DE_PARETO,E1_ROLLING,FAILURE_RATE,RR-SMOOTH/0,5,-0.02,-0.02,-0.02,comparator_rate_minus_proposed_rate,PRE_R10_SUPPORTING_DESCRIPTIVE_RESULT_AWARE__NO_NEW_CONFIRMATORY_INFERENCE
11,E1_ROLLING__DT-RAMDE_TS2_FULL__VS__MATCHED_FIXED_DE_PARETO,E1_ROLLING,REJECT_SAFETY_FILTER,RR-SMOOTH/0,5,-0.02,-0.02,-0.02,comparator_rate_minus_proposed_rate,PRE_R10_SUPPORTING_DESCRIPTIVE_RESULT_AWARE__NO_NEW_CONFIRMATORY_INFERENCE
11,E1_ROLLING__DT-RAMDE_TS2_FULL__VS__MATCHED_FIXED_DE_PARETO,E1_ROLLING,REJECT_BUDGET_NO_FEASIBLE,RR-SMOOTH/0,5,0,0,0,comparator_rate_minus_proposed_rate,PRE_R10_SUPPORTING_DESCRIPTIVE_RESULT_AWARE__NO_NEW_CONFIRMATORY_INFERENCE
11,E1_ROLLING__DT-RAMDE_TS2_FULL__VS__MATCHED_FIXED_DE_PARETO,E1_ROLLING,REJECT_NUMERICAL,RR-SMOOTH/0,5,0,0,0,comparator_rate_minus_proposed_rate,PRE_R10_SUPPORTING_DESCRIPTIVE_RESULT_AWARE__NO_NEW_CONFIRMATORY_INFERENCE
11,E1_ROLLING__DT-RAMDE_TS2_FULL__VS__MATCHED_FIXED_DE_PARETO,E1_ROLLING,OTHER_NONACCEPTED,RR-SMOOTH/0,5,0,0,0,comparator_rate_minus_proposed_rate,PRE_R10_SUPPORTING_DESCRIPTIVE_RESULT_AWARE__NO_NEW_CONFIRMATORY_INFERENCE
11,E1_ROLLING__DT-RAMDE_TS2_FULL__VS__MATCHED_FIXED_DE_PARETO,E1_ROLLING,FAILURE_RATE,RR-SMOOTH/1,5,-0.55999999999999994,-0.55999999999999994,-0.55999999999999994,comparator_rate_minus_proposed_rate,PRE_R10_SUPPORTING_DESCRIPTIVE_RESULT_AWARE__NO_NEW_CONFIRMATORY_INFERENCE
11,E1_ROLLING__DT-RAMDE_TS2_FULL__VS__MATCHED_FIXED_DE_PARETO,E1_ROLLING,REJECT_SAFETY_FILTER,RR-SMOOTH/1,5,-0.47999999999999998,-0.47999999999999998,-0.47999999999999998,comparator_rate_minus_proposed_rate,PRE_R10_SUPPORTING_DESCRIPTIVE_RESULT_AWARE__NO_NEW_CONFIRMATORY_INFERENCE
11,E1_ROLLING__DT-RAMDE_TS2_FULL__VS__MATCHED_FIXED_DE_PARETO,E1_ROLLING,REJECT_BUDGET_NO_FEASIBLE,RR-SMOOTH/1,5,-0.080000000000000002,-0.080000000000000002,-0.080000000000000002,comparator_rate_minus_proposed_rate,PRE_R10_SUPPORTING_DESCRIPTIVE_RESULT_AWARE__NO_NEW_CONFIRMATORY_INFERENCE
11,E1_ROLLING__DT-RAMDE_TS2_FULL__VS__MATCHED_FIXED_DE_PARETO,E1_ROLLING,REJECT_NUMERICAL,RR-SMOOTH/1,5,0,0,0,comparator_rate_minus_proposed_rate,PRE_R10_SUPPORTING_DESCRIPTIVE_RESULT_AWARE__NO_NEW_CONFIRMATORY_INFERENCE
11,E1_ROLLING__DT-RAMDE_TS2_FULL__VS__MATCHED_FIXED_DE_PARETO,E1_ROLLING,OTHER_NONACCEPTED,RR-SMOOTH/1,5,0,0,0,comparator_rate_minus_proposed_rate,PRE_R10_SUPPORTING_DESCRIPTIVE_RESULT_AWARE__NO_NEW_CONFIRMATORY_INFERENCE
11,E1_ROLLING__DT-RAMDE_TS2_FULL__VS__MATCHED_FIXED_DE_PARETO,E1_ROLLING,FAILURE_RATE,RR-SMOOTH/2,5,0,0,0,comparator_rate_minus_proposed_rate,PRE_R10_SUPPORTING_DESCRIPTIVE_RESULT_AWARE__NO_NEW_CONFIRMATORY_INFERENCE
11,E1_ROLLING__DT-RAMDE_TS2_FULL__VS__MATCHED_FIXED_DE_PARETO,E1_ROLLING,REJECT_SAFETY_FILTER,RR-SMOOTH/2,5,0,0,0,comparator_rate_minus_proposed_rate,PRE_R10_SUPPORTING_DESCRIPTIVE_RESULT_AWARE__NO_NEW_CONFIRMATORY_INFERENCE
11,E1_ROLLING__DT-RAMDE_TS2_FULL__VS__MATCHED_FIXED_DE_PARETO,E1_ROLLING,REJECT_BUDGET_NO_FEASIBLE,RR-SMOOTH/2,5,0,0,0,comparator_rate_minus_proposed_rate,PRE_R10_SUPPORTING_DESCRIPTIVE_RESULT_AWARE__NO_NEW_CONFIRMATORY_INFERENCE
11,E1_ROLLING__DT-RAMDE_TS2_FULL__VS__MATCHED_FIXED_DE_PARETO,E1_ROLLING,REJECT_NUMERICAL,RR-SMOOTH/2,5,0,0,0,comparator_rate_minus_proposed_rate,PRE_R10_SUPPORTING_DESCRIPTIVE_RESULT_AWARE__NO_NEW_CONFIRMATORY_INFERENCE
11,E1_ROLLING__DT-RAMDE_TS2_FULL__VS__MATCHED_FIXED_DE_PARETO,E1_ROLLING,OTHER_NONACCEPTED,RR-SMOOTH/2,5,0,0,0,comparator_rate_minus_proposed_rate,PRE_R10_SUPPORTING_DESCRIPTIVE_RESULT_AWARE__NO_NEW_CONFIRMATORY_INFERENCE
11,E1_ROLLING__DT-RAMDE_TS2_FULL__VS__MATCHED_FIXED_DE_PARETO,E1_ROLLING,FAILURE_RATE,RR-SMOOTH/3,5,-0.030000000000000006,-0.030000000000000006,-0.030000000000000006,comparator_rate_minus_proposed_rate,PRE_R10_SUPPORTING_DESCRIPTIVE_RESULT_AWARE__NO_NEW_CONFIRMATORY_INFERENCE
11,E1_ROLLING__DT-RAMDE_TS2_FULL__VS__MATCHED_FIXED_DE_PARETO,E1_ROLLING,REJECT_SAFETY_FILTER,RR-SMOOTH/3,5,-0.030000000000000006,-0.030000000000000006,-0.030000000000000006,comparator_rate_minus_proposed_rate,PRE_R10_SUPPORTING_DESCRIPTIVE_RESULT_AWARE__NO_NEW_CONFIRMATORY_INFERENCE
11,E1_ROLLING__DT-RAMDE_TS2_FULL__VS__MATCHED_FIXED_DE_PARETO,E1_ROLLING,REJECT_BUDGET_NO_FEASIBLE,RR-SMOOTH/3,5,0,0,0,comparator_rate_minus_proposed_rate,PRE_R10_SUPPORTING_DESCRIPTIVE_RESULT_AWARE__NO_NEW_CONFIRMATORY_INFERENCE
11,E1_ROLLING__DT-RAMDE_TS2_FULL__VS__MATCHED_FIXED_DE_PARETO,E1_ROLLING,REJECT_NUMERICAL,RR-SMOOTH/3,5,0,0,0,comparator_rate_minus_proposed_rate,PRE_R10_SUPPORTING_DESCRIPTIVE_RESULT_AWARE__NO_NEW_CONFIRMATORY_INFERENCE
11,E1_ROLLING__DT-RAMDE_TS2_FULL__VS__MATCHED_FIXED_DE_PARETO,E1_ROLLING,OTHER_NONACCEPTED,RR-SMOOTH/3,5,0,0,0,comparator_rate_minus_proposed_rate,PRE_R10_SUPPORTING_DESCRIPTIVE_RESULT_AWARE__NO_NEW_CONFIRMATORY_INFERENCE
11,E1_ROLLING__DT-RAMDE_TS2_FULL__VS__MATCHED_FIXED_DE_PARETO,E1_ROLLING,FAILURE_RATE,RR-SMOOTH/4,5,-0.3899999999999999,-0.3899999999999999,-0.3899999999999999,comparator_rate_minus_proposed_rate,PRE_R10_SUPPORTING_DESCRIPTIVE_RESULT_AWARE__NO_NEW_CONFIRMATORY_INFERENCE
11,E1_ROLLING__DT-RAMDE_TS2_FULL__VS__MATCHED_FIXED_DE_PARETO,E1_ROLLING,REJECT_SAFETY_FILTER,RR-SMOOTH/4,5,-0.29999999999999999,-0.29999999999999999,-0.29999999999999999,comparator_rate_minus_proposed_rate,PRE_R10_SUPPORTING_DESCRIPTIVE_RESULT_AWARE__NO_NEW_CONFIRMATORY_INFERENCE
11,E1_ROLLING__DT-RAMDE_TS2_FULL__VS__MATCHED_FIXED_DE_PARETO,E1_ROLLING,REJECT_BUDGET_NO_FEASIBLE,RR-SMOOTH/4,5,-0.089999999999999997,-0.089999999999999997,-0.089999999999999997,comparator_rate_minus_proposed_rate,PRE_R10_SUPPORTING_DESCRIPTIVE_RESULT_AWARE__NO_NEW_CONFIRMATORY_INFERENCE
11,E1_ROLLING__DT-RAMDE_TS2_FULL__VS__MATCHED_FIXED_DE_PARETO,E1_ROLLING,REJECT_NUMERICAL,RR-SMOOTH/4,5,0,0,0,comparator_rate_minus_proposed_rate,PRE_R10_SUPPORTING_DESCRIPTIVE_RESULT_AWARE__NO_NEW_CONFIRMATORY_INFERENCE
11,E1_ROLLING__DT-RAMDE_TS2_FULL__VS__MATCHED_FIXED_DE_PARETO,E1_ROLLING,OTHER_NONACCEPTED,RR-SMOOTH/4,5,2.2204460492503132e-17,2.2204460492503132e-17,2.2204460492503132e-17,comparator_rate_minus_proposed_rate,PRE_R10_SUPPORTING_DESCRIPTIVE_RESULT_AWARE__NO_NEW_CONFIRMATORY_INFERENCE
11,E1_ROLLING__DT-RAMDE_TS2_FULL__VS__MATCHED_FIXED_DE_PARETO,E1_ROLLING,FAILURE_RATE,RR-SMOOTH/5,5,-0.02,-0.02,-0.02,comparator_rate_minus_proposed_rate,PRE_R10_SUPPORTING_DESCRIPTIVE_RESULT_AWARE__NO_NEW_CONFIRMATORY_INFERENCE
11,E1_ROLLING__DT-RAMDE_TS2_FULL__VS__MATCHED_FIXED_DE_PARETO,E1_ROLLING,REJECT_SAFETY_FILTER,RR-SMOOTH/5,5,-0.02,-0.02,-0.02,comparator_rate_minus_proposed_rate,PRE_R10_SUPPORTING_DESCRIPTIVE_RESULT_AWARE__NO_NEW_CONFIRMATORY_INFERENCE
11,E1_ROLLING__DT-RAMDE_TS2_FULL__VS__MATCHED_FIXED_DE_PARETO,E1_ROLLING,REJECT_BUDGET_NO_FEASIBLE,RR-SMOOTH/5,5,0,0,0,comparator_rate_minus_proposed_rate,PRE_R10_SUPPORTING_DESCRIPTIVE_RESULT_AWARE__NO_NEW_CONFIRMATORY_INFERENCE
11,E1_ROLLING__DT-RAMDE_TS2_FULL__VS__MATCHED_FIXED_DE_PARETO,E1_ROLLING,REJECT_NUMERICAL,RR-SMOOTH/5,5,0,0,0,comparator_rate_minus_proposed_rate,PRE_R10_SUPPORTING_DESCRIPTIVE_RESULT_AWARE__NO_NEW_CONFIRMATORY_INFERENCE
11,E1_ROLLING__DT-RAMDE_TS2_FULL__VS__MATCHED_FIXED_DE_PARETO,E1_ROLLING,OTHER_NONACCEPTED,RR-SMOOTH/5,5,0,0,0,comparator_rate_minus_proposed_rate,PRE_R10_SUPPORTING_DESCRIPTIVE_RESULT_AWARE__NO_NEW_CONFIRMATORY_INFERENCE
11,E1_ROLLING__DT-RAMDE_TS2_FULL__VS__MATCHED_FIXED_DE_PARETO,E1_ROLLING,FAILURE_RATE,RR-SMOOTH/6,5,-0.55000000000000004,-0.55000000000000004,-0.55000000000000004,comparator_rate_minus_proposed_rate,PRE_R10_SUPPORTING_DESCRIPTIVE_RESULT_AWARE__NO_NEW_CONFIRMATORY_INFERENCE
11,E1_ROLLING__DT-RAMDE_TS2_FULL__VS__MATCHED_FIXED_DE_PARETO,E1_ROLLING,REJECT_SAFETY_FILTER,RR-SMOOTH/6,5,-0.32000000000000001,-0.32000000000000001,-0.32000000000000001,comparator_rate_minus_proposed_rate,PRE_R10_SUPPORTING_DESCRIPTIVE_RESULT_AWARE__NO_NEW_CONFIRMATORY_INFERENCE
11,E1_ROLLING__DT-RAMDE_TS2_FULL__VS__MATCHED_FIXED_DE_PARETO,E1_ROLLING,REJECT_BUDGET_NO_FEASIBLE,RR-SMOOTH/6,5,-0.22999999999999998,-0.22999999999999998,-0.22999999999999998,comparator_rate_minus_proposed_rate,PRE_R10_SUPPORTING_DESCRIPTIVE_RESULT_AWARE__NO_NEW_CONFIRMATORY_INFERENCE
11,E1_ROLLING__DT-RAMDE_TS2_FULL__VS__MATCHED_FIXED_DE_PARETO,E1_ROLLING,REJECT_NUMERICAL,RR-SMOOTH/6,5,0,0,0,comparator_rate_minus_proposed_rate,PRE_R10_SUPPORTING_DESCRIPTIVE_RESULT_AWARE__NO_NEW_CONFIRMATORY_INFERENCE
11,E1_ROLLING__DT-RAMDE_TS2_FULL__VS__MATCHED_FIXED_DE_PARETO,E1_ROLLING,OTHER_NONACCEPTED,RR-SMOOTH/6,5,0,0,0,comparator_rate_minus_proposed_rate,PRE_R10_SUPPORTING_DESCRIPTIVE_RESULT_AWARE__NO_NEW_CONFIRMATORY_INFERENCE
11,E1_ROLLING__DT-RAMDE_TS2_FULL__VS__MATCHED_FIXED_DE_PARETO,E1_ROLLING,FAILURE_RATE,RR-SMOOTH/7,5,-0.089999999999999997,-0.089999999999999997,-0.089999999999999997,comparator_rate_minus_proposed_rate,PRE_R10_SUPPORTING_DESCRIPTIVE_RESULT_AWARE__NO_NEW_CONFIRMATORY_INFERENCE
11,E1_ROLLING__DT-RAMDE_TS2_FULL__VS__MATCHED_FIXED_DE_PARETO,E1_ROLLING,REJECT_SAFETY_FILTER,RR-SMOOTH/7,5,-0.089999999999999997,-0.089999999999999997,-0.089999999999999997,comparator_rate_minus_proposed_rate,PRE_R10_SUPPORTING_DESCRIPTIVE_RESULT_AWARE__NO_NEW_CONFIRMATORY_INFERENCE
11,E1_ROLLING__DT-RAMDE_TS2_FULL__VS__MATCHED_FIXED_DE_PARETO,E1_ROLLING,REJECT_BUDGET_NO_FEASIBLE,RR-SMOOTH/7,5,0,0,0,comparator_rate_minus_proposed_rate,PRE_R10_SUPPORTING_DESCRIPTIVE_RESULT_AWARE__NO_NEW_CONFIRMATORY_INFERENCE
11,E1_ROLLING__DT-RAMDE_TS2_FULL__VS__MATCHED_FIXED_DE_PARETO,E1_ROLLING,REJECT_NUMERICAL,RR-SMOOTH/7,5,0,0,0,comparator_rate_minus_proposed_rate,PRE_R10_SUPPORTING_DESCRIPTIVE_RESULT_AWARE__NO_NEW_CONFIRMATORY_INFERENCE
11,E1_ROLLING__DT-RAMDE_TS2_FULL__VS__MATCHED_FIXED_DE_PARETO,E1_ROLLING,OTHER_NONACCEPTED,RR-SMOOTH/7,5,0,0,0,comparator_rate_minus_proposed_rate,PRE_R10_SUPPORTING_DESCRIPTIVE_RESULT_AWARE__NO_NEW_CONFIRMATORY_INFERENCE
12,E1_ROLLING__DT-RAMDE_TS2_FULL__VS__MATCHED_JDE_STYLE_PARETO,E1_ROLLING,FAILURE_RATE,RR-INTERMITTENT/0,5,-0.25,-0.25,-0.25,comparator_rate_minus_proposed_rate,PRE_R10_SUPPORTING_DESCRIPTIVE_RESULT_AWARE__NO_NEW_CONFIRMATORY_INFERENCE
12,E1_ROLLING__DT-RAMDE_TS2_FULL__VS__MATCHED_JDE_STYLE_PARETO,E1_ROLLING,REJECT_SAFETY_FILTER,RR-INTERMITTENT/0,5,-0.25,-0.25,-0.25,comparator_rate_minus_proposed_rate,PRE_R10_SUPPORTING_DESCRIPTIVE_RESULT_AWARE__NO_NEW_CONFIRMATORY_INFERENCE
12,E1_ROLLING__DT-RAMDE_TS2_FULL__VS__MATCHED_JDE_STYLE_PARETO,E1_ROLLING,REJECT_BUDGET_NO_FEASIBLE,RR-INTERMITTENT/0,5,0,0,0,comparator_rate_minus_proposed_rate,PRE_R10_SUPPORTING_DESCRIPTIVE_RESULT_AWARE__NO_NEW_CONFIRMATORY_INFERENCE
12,E1_ROLLING__DT-RAMDE_TS2_FULL__VS__MATCHED_JDE_STYLE_PARETO,E1_ROLLING,REJECT_NUMERICAL,RR-INTERMITTENT/0,5,0,0,0,comparator_rate_minus_proposed_rate,PRE_R10_SUPPORTING_DESCRIPTIVE_RESULT_AWARE__NO_NEW_CONFIRMATORY_INFERENCE
12,E1_ROLLING__DT-RAMDE_TS2_FULL__VS__MATCHED_JDE_STYLE_PARETO,E1_ROLLING,OTHER_NONACCEPTED,RR-INTERMITTENT/0,5,0,0,0,comparator_rate_minus_proposed_rate,PRE_R10_SUPPORTING_DESCRIPTIVE_RESULT_AWARE__NO_NEW_CONFIRMATORY_INFERENCE
12,E1_ROLLING__DT-RAMDE_TS2_FULL__VS__MATCHED_JDE_STYLE_PARETO,E1_ROLLING,FAILURE_RATE,RR-INTERMITTENT/1,5,-0.060000000000000012,-0.060000000000000012,-0.060000000000000012,comparator_rate_minus_proposed_rate,PRE_R10_SUPPORTING_DESCRIPTIVE_RESULT_AWARE__NO_NEW_CONFIRMATORY_INFERENCE
12,E1_ROLLING__DT-RAMDE_TS2_FULL__VS__MATCHED_JDE_STYLE_PARETO,E1_ROLLING,REJECT_SAFETY_FILTER,RR-INTERMITTENT/1,5,-0.060000000000000012,-0.060000000000000012,-0.060000000000000012,comparator_rate_minus_proposed_rate,PRE_R10_SUPPORTING_DESCRIPTIVE_RESULT_AWARE__NO_NEW_CONFIRMATORY_INFERENCE
12,E1_ROLLING__DT-RAMDE_TS2_FULL__VS__MATCHED_JDE_STYLE_PARETO,E1_ROLLING,REJECT_BUDGET_NO_FEASIBLE,RR-INTERMITTENT/1,5,0,0,0,comparator_rate_minus_proposed_rate,PRE_R10_SUPPORTING_DESCRIPTIVE_RESULT_AWARE__NO_NEW_CONFIRMATORY_INFERENCE
12,E1_ROLLING__DT-RAMDE_TS2_FULL__VS__MATCHED_JDE_STYLE_PARETO,E1_ROLLING,REJECT_NUMERICAL,RR-INTERMITTENT/1,5,0,0,0,comparator_rate_minus_proposed_rate,PRE_R10_SUPPORTING_DESCRIPTIVE_RESULT_AWARE__NO_NEW_CONFIRMATORY_INFERENCE
12,E1_ROLLING__DT-RAMDE_TS2_FULL__VS__MATCHED_JDE_STYLE_PARETO,E1_ROLLING,OTHER_NONACCEPTED,RR-INTERMITTENT/1,5,0,0,0,comparator_rate_minus_proposed_rate,PRE_R10_SUPPORTING_DESCRIPTIVE_RESULT_AWARE__NO_NEW_CONFIRMATORY_INFERENCE
12,E1_ROLLING__DT-RAMDE_TS2_FULL__VS__MATCHED_JDE_STYLE_PARETO,E1_ROLLING,FAILURE_RATE,RR-INTERMITTENT/2,5,-0.070000000000000007,-0.070000000000000007,-0.070000000000000007,comparator_rate_minus_proposed_rate,PRE_R10_SUPPORTING_DESCRIPTIVE_RESULT_AWARE__NO_NEW_CONFIRMATORY_INFERENCE
12,E1_ROLLING__DT-RAMDE_TS2_FULL__VS__MATCHED_JDE_STYLE_PARETO,E1_ROLLING,REJECT_SAFETY_FILTER,RR-INTERMITTENT/2,5,-0.070000000000000007,-0.070000000000000007,-0.070000000000000007,comparator_rate_minus_proposed_rate,PRE_R10_SUPPORTING_DESCRIPTIVE_RESULT_AWARE__NO_NEW_CONFIRMATORY_INFERENCE
12,E1_ROLLING__DT-RAMDE_TS2_FULL__VS__MATCHED_JDE_STYLE_PARETO,E1_ROLLING,REJECT_BUDGET_NO_FEASIBLE,RR-INTERMITTENT/2,5,0,0,0,comparator_rate_minus_proposed_rate,PRE_R10_SUPPORTING_DESCRIPTIVE_RESULT_AWARE__NO_NEW_CONFIRMATORY_INFERENCE
12,E1_ROLLING__DT-RAMDE_TS2_FULL__VS__MATCHED_JDE_STYLE_PARETO,E1_ROLLING,REJECT_NUMERICAL,RR-INTERMITTENT/2,5,0,0,0,comparator_rate_minus_proposed_rate,PRE_R10_SUPPORTING_DESCRIPTIVE_RESULT_AWARE__NO_NEW_CONFIRMATORY_INFERENCE
12,E1_ROLLING__DT-RAMDE_TS2_FULL__VS__MATCHED_JDE_STYLE_PARETO,E1_ROLLING,OTHER_NONACCEPTED,RR-INTERMITTENT/2,5,0,0,0,comparator_rate_minus_proposed_rate,PRE_R10_SUPPORTING_DESCRIPTIVE_RESULT_AWARE__NO_NEW_CONFIRMATORY_INFERENCE
12,E1_ROLLING__DT-RAMDE_TS2_FULL__VS__MATCHED_JDE_STYLE_PARETO,E1_ROLLING,FAILURE_RATE,RR-INTERMITTENT/3,5,-0.47000000000000003,-0.47000000000000003,-0.47000000000000003,comparator_rate_minus_proposed_rate,PRE_R10_SUPPORTING_DESCRIPTIVE_RESULT_AWARE__NO_NEW_CONFIRMATORY_INFERENCE
12,E1_ROLLING__DT-RAMDE_TS2_FULL__VS__MATCHED_JDE_STYLE_PARETO,E1_ROLLING,REJECT_SAFETY_FILTER,RR-INTERMITTENT/3,5,-0.29999999999999999,-0.29999999999999999,-0.29999999999999999,comparator_rate_minus_proposed_rate,PRE_R10_SUPPORTING_DESCRIPTIVE_RESULT_AWARE__NO_NEW_CONFIRMATORY_INFERENCE
12,E1_ROLLING__DT-RAMDE_TS2_FULL__VS__MATCHED_JDE_STYLE_PARETO,E1_ROLLING,REJECT_BUDGET_NO_FEASIBLE,RR-INTERMITTENT/3,5,-0.16999999999999998,-0.16999999999999998,-0.16999999999999998,comparator_rate_minus_proposed_rate,PRE_R10_SUPPORTING_DESCRIPTIVE_RESULT_AWARE__NO_NEW_CONFIRMATORY_INFERENCE
12,E1_ROLLING__DT-RAMDE_TS2_FULL__VS__MATCHED_JDE_STYLE_PARETO,E1_ROLLING,REJECT_NUMERICAL,RR-INTERMITTENT/3,5,0,0,0,comparator_rate_minus_proposed_rate,PRE_R10_SUPPORTING_DESCRIPTIVE_RESULT_AWARE__NO_NEW_CONFIRMATORY_INFERENCE
12,E1_ROLLING__DT-RAMDE_TS2_FULL__VS__MATCHED_JDE_STYLE_PARETO,E1_ROLLING,OTHER_NONACCEPTED,RR-INTERMITTENT/3,5,0,0,0,comparator_rate_minus_proposed_rate,PRE_R10_SUPPORTING_DESCRIPTIVE_RESULT_AWARE__NO_NEW_CONFIRMATORY_INFERENCE
12,E1_ROLLING__DT-RAMDE_TS2_FULL__VS__MATCHED_JDE_STYLE_PARETO,E1_ROLLING,FAILURE_RATE,RR-INTERMITTENT/4,5,-0.089999999999999997,-0.089999999999999997,-0.089999999999999997,comparator_rate_minus_proposed_rate,PRE_R10_SUPPORTING_DESCRIPTIVE_RESULT_AWARE__NO_NEW_CONFIRMATORY_INFERENCE
12,E1_ROLLING__DT-RAMDE_TS2_FULL__VS__MATCHED_JDE_STYLE_PARETO,E1_ROLLING,REJECT_SAFETY_FILTER,RR-INTERMITTENT/4,5,-0.089999999999999997,-0.089999999999999997,-0.089999999999999997,comparator_rate_minus_proposed_rate,PRE_R10_SUPPORTING_DESCRIPTIVE_RESULT_AWARE__NO_NEW_CONFIRMATORY_INFERENCE
12,E1_ROLLING__DT-RAMDE_TS2_FULL__VS__MATCHED_JDE_STYLE_PARETO,E1_ROLLING,REJECT_BUDGET_NO_FEASIBLE,RR-INTERMITTENT/4,5,0,0,0,comparator_rate_minus_proposed_rate,PRE_R10_SUPPORTING_DESCRIPTIVE_RESULT_AWARE__NO_NEW_CONFIRMATORY_INFERENCE
12,E1_ROLLING__DT-RAMDE_TS2_FULL__VS__MATCHED_JDE_STYLE_PARETO,E1_ROLLING,REJECT_NUMERICAL,RR-INTERMITTENT/4,5,0,0,0,comparator_rate_minus_proposed_rate,PRE_R10_SUPPORTING_DESCRIPTIVE_RESULT_AWARE__NO_NEW_CONFIRMATORY_INFERENCE
12,E1_ROLLING__DT-RAMDE_TS2_FULL__VS__MATCHED_JDE_STYLE_PARETO,E1_ROLLING,OTHER_NONACCEPTED,RR-INTERMITTENT/4,5,0,0,0,comparator_rate_minus_proposed_rate,PRE_R10_SUPPORTING_DESCRIPTIVE_RESULT_AWARE__NO_NEW_CONFIRMATORY_INFERENCE
12,E1_ROLLING__DT-RAMDE_TS2_FULL__VS__MATCHED_JDE_STYLE_PARETO,E1_ROLLING,FAILURE_RATE,RR-INTERMITTENT/5,5,-0.26000000000000001,-0.26000000000000001,-0.26000000000000001,comparator_rate_minus_proposed_rate,PRE_R10_SUPPORTING_DESCRIPTIVE_RESULT_AWARE__NO_NEW_CONFIRMATORY_INFERENCE
12,E1_ROLLING__DT-RAMDE_TS2_FULL__VS__MATCHED_JDE_STYLE_PARETO,E1_ROLLING,REJECT_SAFETY_FILTER,RR-INTERMITTENT/5,5,-0.26000000000000001,-0.26000000000000001,-0.26000000000000001,comparator_rate_minus_proposed_rate,PRE_R10_SUPPORTING_DESCRIPTIVE_RESULT_AWARE__NO_NEW_CONFIRMATORY_INFERENCE
12,E1_ROLLING__DT-RAMDE_TS2_FULL__VS__MATCHED_JDE_STYLE_PARETO,E1_ROLLING,REJECT_BUDGET_NO_FEASIBLE,RR-INTERMITTENT/5,5,0,0,0,comparator_rate_minus_proposed_rate,PRE_R10_SUPPORTING_DESCRIPTIVE_RESULT_AWARE__NO_NEW_CONFIRMATORY_INFERENCE
12,E1_ROLLING__DT-RAMDE_TS2_FULL__VS__MATCHED_JDE_STYLE_PARETO,E1_ROLLING,REJECT_NUMERICAL,RR-INTERMITTENT/5,5,0,0,0,comparator_rate_minus_proposed_rate,PRE_R10_SUPPORTING_DESCRIPTIVE_RESULT_AWARE__NO_NEW_CONFIRMATORY_INFERENCE
12,E1_ROLLING__DT-RAMDE_TS2_FULL__VS__MATCHED_JDE_STYLE_PARETO,E1_ROLLING,OTHER_NONACCEPTED,RR-INTERMITTENT/5,5,0,0,0,comparator_rate_minus_proposed_rate,PRE_R10_SUPPORTING_DESCRIPTIVE_RESULT_AWARE__NO_NEW_CONFIRMATORY_INFERENCE
12,E1_ROLLING__DT-RAMDE_TS2_FULL__VS__MATCHED_JDE_STYLE_PARETO,E1_ROLLING,FAILURE_RATE,RR-INTERMITTENT/6,5,0,0,0,comparator_rate_minus_proposed_rate,PRE_R10_SUPPORTING_DESCRIPTIVE_RESULT_AWARE__NO_NEW_CONFIRMATORY_INFERENCE
12,E1_ROLLING__DT-RAMDE_TS2_FULL__VS__MATCHED_JDE_STYLE_PARETO,E1_ROLLING,REJECT_SAFETY_FILTER,RR-INTERMITTENT/6,5,0,0,0,comparator_rate_minus_proposed_rate,PRE_R10_SUPPORTING_DESCRIPTIVE_RESULT_AWARE__NO_NEW_CONFIRMATORY_INFERENCE
12,E1_ROLLING__DT-RAMDE_TS2_FULL__VS__MATCHED_JDE_STYLE_PARETO,E1_ROLLING,REJECT_BUDGET_NO_FEASIBLE,RR-INTERMITTENT/6,5,0,0,0,comparator_rate_minus_proposed_rate,PRE_R10_SUPPORTING_DESCRIPTIVE_RESULT_AWARE__NO_NEW_CONFIRMATORY_INFERENCE
12,E1_ROLLING__DT-RAMDE_TS2_FULL__VS__MATCHED_JDE_STYLE_PARETO,E1_ROLLING,REJECT_NUMERICAL,RR-INTERMITTENT/6,5,0,0,0,comparator_rate_minus_proposed_rate,PRE_R10_SUPPORTING_DESCRIPTIVE_RESULT_AWARE__NO_NEW_CONFIRMATORY_INFERENCE
12,E1_ROLLING__DT-RAMDE_TS2_FULL__VS__MATCHED_JDE_STYLE_PARETO,E1_ROLLING,OTHER_NONACCEPTED,RR-INTERMITTENT/6,5,0,0,0,comparator_rate_minus_proposed_rate,PRE_R10_SUPPORTING_DESCRIPTIVE_RESULT_AWARE__NO_NEW_CONFIRMATORY_INFERENCE
12,E1_ROLLING__DT-RAMDE_TS2_FULL__VS__MATCHED_JDE_STYLE_PARETO,E1_ROLLING,FAILURE_RATE,RR-INTERMITTENT/7,5,-0.45000000000000007,-0.45000000000000007,-0.45000000000000007,comparator_rate_minus_proposed_rate,PRE_R10_SUPPORTING_DESCRIPTIVE_RESULT_AWARE__NO_NEW_CONFIRMATORY_INFERENCE
12,E1_ROLLING__DT-RAMDE_TS2_FULL__VS__MATCHED_JDE_STYLE_PARETO,E1_ROLLING,REJECT_SAFETY_FILTER,RR-INTERMITTENT/7,5,-0.45000000000000001,-0.45000000000000001,-0.45000000000000001,comparator_rate_minus_proposed_rate,PRE_R10_SUPPORTING_DESCRIPTIVE_RESULT_AWARE__NO_NEW_CONFIRMATORY_INFERENCE
12,E1_ROLLING__DT-RAMDE_TS2_FULL__VS__MATCHED_JDE_STYLE_PARETO,E1_ROLLING,REJECT_BUDGET_NO_FEASIBLE,RR-INTERMITTENT/7,5,0,0,0,comparator_rate_minus_proposed_rate,PRE_R10_SUPPORTING_DESCRIPTIVE_RESULT_AWARE__NO_NEW_CONFIRMATORY_INFERENCE
12,E1_ROLLING__DT-RAMDE_TS2_FULL__VS__MATCHED_JDE_STYLE_PARETO,E1_ROLLING,REJECT_NUMERICAL,RR-INTERMITTENT/7,5,0,0,0,comparator_rate_minus_proposed_rate,PRE_R10_SUPPORTING_DESCRIPTIVE_RESULT_AWARE__NO_NEW_CONFIRMATORY_INFERENCE
12,E1_ROLLING__DT-RAMDE_TS2_FULL__VS__MATCHED_JDE_STYLE_PARETO,E1_ROLLING,OTHER_NONACCEPTED,RR-INTERMITTENT/7,5,-2.2204460492503132e-17,-2.2204460492503132e-17,-2.2204460492503132e-17,comparator_rate_minus_proposed_rate,PRE_R10_SUPPORTING_DESCRIPTIVE_RESULT_AWARE__NO_NEW_CONFIRMATORY_INFERENCE
12,E1_ROLLING__DT-RAMDE_TS2_FULL__VS__MATCHED_JDE_STYLE_PARETO,E1_ROLLING,FAILURE_RATE,RR-REJECTION/0,5,-0.23999999999999999,-0.23999999999999999,-0.23999999999999999,comparator_rate_minus_proposed_rate,PRE_R10_SUPPORTING_DESCRIPTIVE_RESULT_AWARE__NO_NEW_CONFIRMATORY_INFERENCE
12,E1_ROLLING__DT-RAMDE_TS2_FULL__VS__MATCHED_JDE_STYLE_PARETO,E1_ROLLING,REJECT_SAFETY_FILTER,RR-REJECTION/0,5,-0.23999999999999999,-0.23999999999999999,-0.23999999999999999,comparator_rate_minus_proposed_rate,PRE_R10_SUPPORTING_DESCRIPTIVE_RESULT_AWARE__NO_NEW_CONFIRMATORY_INFERENCE
12,E1_ROLLING__DT-RAMDE_TS2_FULL__VS__MATCHED_JDE_STYLE_PARETO,E1_ROLLING,REJECT_BUDGET_NO_FEASIBLE,RR-REJECTION/0,5,0,0,0,comparator_rate_minus_proposed_rate,PRE_R10_SUPPORTING_DESCRIPTIVE_RESULT_AWARE__NO_NEW_CONFIRMATORY_INFERENCE
12,E1_ROLLING__DT-RAMDE_TS2_FULL__VS__MATCHED_JDE_STYLE_PARETO,E1_ROLLING,REJECT_NUMERICAL,RR-REJECTION/0,5,0,0,0,comparator_rate_minus_proposed_rate,PRE_R10_SUPPORTING_DESCRIPTIVE_RESULT_AWARE__NO_NEW_CONFIRMATORY_INFERENCE
12,E1_ROLLING__DT-RAMDE_TS2_FULL__VS__MATCHED_JDE_STYLE_PARETO,E1_ROLLING,OTHER_NONACCEPTED,RR-REJECTION/0,5,0,0,0,comparator_rate_minus_proposed_rate,PRE_R10_SUPPORTING_DESCRIPTIVE_RESULT_AWARE__NO_NEW_CONFIRMATORY_INFERENCE
12,E1_ROLLING__DT-RAMDE_TS2_FULL__VS__MATCHED_JDE_STYLE_PARETO,E1_ROLLING,FAILURE_RATE,RR-REJECTION/1,5,-0.070000000000000007,-0.070000000000000007,-0.070000000000000007,comparator_rate_minus_proposed_rate,PRE_R10_SUPPORTING_DESCRIPTIVE_RESULT_AWARE__NO_NEW_CONFIRMATORY_INFERENCE
12,E1_ROLLING__DT-RAMDE_TS2_FULL__VS__MATCHED_JDE_STYLE_PARETO,E1_ROLLING,REJECT_SAFETY_FILTER,RR-REJECTION/1,5,-0.070000000000000007,-0.070000000000000007,-0.070000000000000007,comparator_rate_minus_proposed_rate,PRE_R10_SUPPORTING_DESCRIPTIVE_RESULT_AWARE__NO_NEW_CONFIRMATORY_INFERENCE
12,E1_ROLLING__DT-RAMDE_TS2_FULL__VS__MATCHED_JDE_STYLE_PARETO,E1_ROLLING,REJECT_BUDGET_NO_FEASIBLE,RR-REJECTION/1,5,0,0,0,comparator_rate_minus_proposed_rate,PRE_R10_SUPPORTING_DESCRIPTIVE_RESULT_AWARE__NO_NEW_CONFIRMATORY_INFERENCE
12,E1_ROLLING__DT-RAMDE_TS2_FULL__VS__MATCHED_JDE_STYLE_PARETO,E1_ROLLING,REJECT_NUMERICAL,RR-REJECTION/1,5,0,0,0,comparator_rate_minus_proposed_rate,PRE_R10_SUPPORTING_DESCRIPTIVE_RESULT_AWARE__NO_NEW_CONFIRMATORY_INFERENCE
12,E1_ROLLING__DT-RAMDE_TS2_FULL__VS__MATCHED_JDE_STYLE_PARETO,E1_ROLLING,OTHER_NONACCEPTED,RR-REJECTION/1,5,0,0,0,comparator_rate_minus_proposed_rate,PRE_R10_SUPPORTING_DESCRIPTIVE_RESULT_AWARE__NO_NEW_CONFIRMATORY_INFERENCE
12,E1_ROLLING__DT-RAMDE_TS2_FULL__VS__MATCHED_JDE_STYLE_PARETO,E1_ROLLING,FAILURE_RATE,RR-REJECTION/2,5,-0.45000000000000001,-0.45000000000000001,-0.45000000000000001,comparator_rate_minus_proposed_rate,PRE_R10_SUPPORTING_DESCRIPTIVE_RESULT_AWARE__NO_NEW_CONFIRMATORY_INFERENCE
12,E1_ROLLING__DT-RAMDE_TS2_FULL__VS__MATCHED_JDE_STYLE_PARETO,E1_ROLLING,REJECT_SAFETY_FILTER,RR-REJECTION/2,5,-0.45000000000000001,-0.45000000000000001,-0.45000000000000001,comparator_rate_minus_proposed_rate,PRE_R10_SUPPORTING_DESCRIPTIVE_RESULT_AWARE__NO_NEW_CONFIRMATORY_INFERENCE
12,E1_ROLLING__DT-RAMDE_TS2_FULL__VS__MATCHED_JDE_STYLE_PARETO,E1_ROLLING,REJECT_BUDGET_NO_FEASIBLE,RR-REJECTION/2,5,0,0,0,comparator_rate_minus_proposed_rate,PRE_R10_SUPPORTING_DESCRIPTIVE_RESULT_AWARE__NO_NEW_CONFIRMATORY_INFERENCE
12,E1_ROLLING__DT-RAMDE_TS2_FULL__VS__MATCHED_JDE_STYLE_PARETO,E1_ROLLING,REJECT_NUMERICAL,RR-REJECTION/2,5,0,0,0,comparator_rate_minus_proposed_rate,PRE_R10_SUPPORTING_DESCRIPTIVE_RESULT_AWARE__NO_NEW_CONFIRMATORY_INFERENCE
12,E1_ROLLING__DT-RAMDE_TS2_FULL__VS__MATCHED_JDE_STYLE_PARETO,E1_ROLLING,OTHER_NONACCEPTED,RR-REJECTION/2,5,0,0,0,comparator_rate_minus_proposed_rate,PRE_R10_SUPPORTING_DESCRIPTIVE_RESULT_AWARE__NO_NEW_CONFIRMATORY_INFERENCE
12,E1_ROLLING__DT-RAMDE_TS2_FULL__VS__MATCHED_JDE_STYLE_PARETO,E1_ROLLING,FAILURE_RATE,RR-REJECTION/3,5,-0.040000000000000001,-0.040000000000000001,-0.040000000000000001,comparator_rate_minus_proposed_rate,PRE_R10_SUPPORTING_DESCRIPTIVE_RESULT_AWARE__NO_NEW_CONFIRMATORY_INFERENCE
12,E1_ROLLING__DT-RAMDE_TS2_FULL__VS__MATCHED_JDE_STYLE_PARETO,E1_ROLLING,REJECT_SAFETY_FILTER,RR-REJECTION/3,5,-0.040000000000000001,-0.040000000000000001,-0.040000000000000001,comparator_rate_minus_proposed_rate,PRE_R10_SUPPORTING_DESCRIPTIVE_RESULT_AWARE__NO_NEW_CONFIRMATORY_INFERENCE
12,E1_ROLLING__DT-RAMDE_TS2_FULL__VS__MATCHED_JDE_STYLE_PARETO,E1_ROLLING,REJECT_BUDGET_NO_FEASIBLE,RR-REJECTION/3,5,0,0,0,comparator_rate_minus_proposed_rate,PRE_R10_SUPPORTING_DESCRIPTIVE_RESULT_AWARE__NO_NEW_CONFIRMATORY_INFERENCE
12,E1_ROLLING__DT-RAMDE_TS2_FULL__VS__MATCHED_JDE_STYLE_PARETO,E1_ROLLING,REJECT_NUMERICAL,RR-REJECTION/3,5,0,0,0,comparator_rate_minus_proposed_rate,PRE_R10_SUPPORTING_DESCRIPTIVE_RESULT_AWARE__NO_NEW_CONFIRMATORY_INFERENCE
12,E1_ROLLING__DT-RAMDE_TS2_FULL__VS__MATCHED_JDE_STYLE_PARETO,E1_ROLLING,OTHER_NONACCEPTED,RR-REJECTION/3,5,0,0,0,comparator_rate_minus_proposed_rate,PRE_R10_SUPPORTING_DESCRIPTIVE_RESULT_AWARE__NO_NEW_CONFIRMATORY_INFERENCE
12,E1_ROLLING__DT-RAMDE_TS2_FULL__VS__MATCHED_JDE_STYLE_PARETO,E1_ROLLING,FAILURE_RATE,RR-REJECTION/4,5,-0.050000000000000003,-0.050000000000000003,-0.050000000000000003,comparator_rate_minus_proposed_rate,PRE_R10_SUPPORTING_DESCRIPTIVE_RESULT_AWARE__NO_NEW_CONFIRMATORY_INFERENCE
12,E1_ROLLING__DT-RAMDE_TS2_FULL__VS__MATCHED_JDE_STYLE_PARETO,E1_ROLLING,REJECT_SAFETY_FILTER,RR-REJECTION/4,5,-0.050000000000000003,-0.050000000000000003,-0.050000000000000003,comparator_rate_minus_proposed_rate,PRE_R10_SUPPORTING_DESCRIPTIVE_RESULT_AWARE__NO_NEW_CONFIRMATORY_INFERENCE
12,E1_ROLLING__DT-RAMDE_TS2_FULL__VS__MATCHED_JDE_STYLE_PARETO,E1_ROLLING,REJECT_BUDGET_NO_FEASIBLE,RR-REJECTION/4,5,0,0,0,comparator_rate_minus_proposed_rate,PRE_R10_SUPPORTING_DESCRIPTIVE_RESULT_AWARE__NO_NEW_CONFIRMATORY_INFERENCE
12,E1_ROLLING__DT-RAMDE_TS2_FULL__VS__MATCHED_JDE_STYLE_PARETO,E1_ROLLING,REJECT_NUMERICAL,RR-REJECTION/4,5,0,0,0,comparator_rate_minus_proposed_rate,PRE_R10_SUPPORTING_DESCRIPTIVE_RESULT_AWARE__NO_NEW_CONFIRMATORY_INFERENCE
12,E1_ROLLING__DT-RAMDE_TS2_FULL__VS__MATCHED_JDE_STYLE_PARETO,E1_ROLLING,OTHER_NONACCEPTED,RR-REJECTION/4,5,0,0,0,comparator_rate_minus_proposed_rate,PRE_R10_SUPPORTING_DESCRIPTIVE_RESULT_AWARE__NO_NEW_CONFIRMATORY_INFERENCE
12,E1_ROLLING__DT-RAMDE_TS2_FULL__VS__MATCHED_JDE_STYLE_PARETO,E1_ROLLING,FAILURE_RATE,RR-REJECTION/5,5,-0.089999999999999997,-0.089999999999999997,-0.089999999999999997,comparator_rate_minus_proposed_rate,PRE_R10_SUPPORTING_DESCRIPTIVE_RESULT_AWARE__NO_NEW_CONFIRMATORY_INFERENCE
12,E1_ROLLING__DT-RAMDE_TS2_FULL__VS__MATCHED_JDE_STYLE_PARETO,E1_ROLLING,REJECT_SAFETY_FILTER,RR-REJECTION/5,5,-0.089999999999999997,-0.089999999999999997,-0.089999999999999997,comparator_rate_minus_proposed_rate,PRE_R10_SUPPORTING_DESCRIPTIVE_RESULT_AWARE__NO_NEW_CONFIRMATORY_INFERENCE
12,E1_ROLLING__DT-RAMDE_TS2_FULL__VS__MATCHED_JDE_STYLE_PARETO,E1_ROLLING,REJECT_BUDGET_NO_FEASIBLE,RR-REJECTION/5,5,0,0,0,comparator_rate_minus_proposed_rate,PRE_R10_SUPPORTING_DESCRIPTIVE_RESULT_AWARE__NO_NEW_CONFIRMATORY_INFERENCE
12,E1_ROLLING__DT-RAMDE_TS2_FULL__VS__MATCHED_JDE_STYLE_PARETO,E1_ROLLING,REJECT_NUMERICAL,RR-REJECTION/5,5,0,0,0,comparator_rate_minus_proposed_rate,PRE_R10_SUPPORTING_DESCRIPTIVE_RESULT_AWARE__NO_NEW_CONFIRMATORY_INFERENCE
12,E1_ROLLING__DT-RAMDE_TS2_FULL__VS__MATCHED_JDE_STYLE_PARETO,E1_ROLLING,OTHER_NONACCEPTED,RR-REJECTION/5,5,0,0,0,comparator_rate_minus_proposed_rate,PRE_R10_SUPPORTING_DESCRIPTIVE_RESULT_AWARE__NO_NEW_CONFIRMATORY_INFERENCE
12,E1_ROLLING__DT-RAMDE_TS2_FULL__VS__MATCHED_JDE_STYLE_PARETO,E1_ROLLING,FAILURE_RATE,RR-REJECTION/6,5,-0.02,-0.02,-0.02,comparator_rate_minus_proposed_rate,PRE_R10_SUPPORTING_DESCRIPTIVE_RESULT_AWARE__NO_NEW_CONFIRMATORY_INFERENCE
12,E1_ROLLING__DT-RAMDE_TS2_FULL__VS__MATCHED_JDE_STYLE_PARETO,E1_ROLLING,REJECT_SAFETY_FILTER,RR-REJECTION/6,5,-0.02,-0.02,-0.02,comparator_rate_minus_proposed_rate,PRE_R10_SUPPORTING_DESCRIPTIVE_RESULT_AWARE__NO_NEW_CONFIRMATORY_INFERENCE
12,E1_ROLLING__DT-RAMDE_TS2_FULL__VS__MATCHED_JDE_STYLE_PARETO,E1_ROLLING,REJECT_BUDGET_NO_FEASIBLE,RR-REJECTION/6,5,0,0,0,comparator_rate_minus_proposed_rate,PRE_R10_SUPPORTING_DESCRIPTIVE_RESULT_AWARE__NO_NEW_CONFIRMATORY_INFERENCE
12,E1_ROLLING__DT-RAMDE_TS2_FULL__VS__MATCHED_JDE_STYLE_PARETO,E1_ROLLING,REJECT_NUMERICAL,RR-REJECTION/6,5,0,0,0,comparator_rate_minus_proposed_rate,PRE_R10_SUPPORTING_DESCRIPTIVE_RESULT_AWARE__NO_NEW_CONFIRMATORY_INFERENCE
12,E1_ROLLING__DT-RAMDE_TS2_FULL__VS__MATCHED_JDE_STYLE_PARETO,E1_ROLLING,OTHER_NONACCEPTED,RR-REJECTION/6,5,0,0,0,comparator_rate_minus_proposed_rate,PRE_R10_SUPPORTING_DESCRIPTIVE_RESULT_AWARE__NO_NEW_CONFIRMATORY_INFERENCE
12,E1_ROLLING__DT-RAMDE_TS2_FULL__VS__MATCHED_JDE_STYLE_PARETO,E1_ROLLING,FAILURE_RATE,RR-REJECTION/7,5,-0.23999999999999999,-0.23999999999999999,-0.23999999999999999,comparator_rate_minus_proposed_rate,PRE_R10_SUPPORTING_DESCRIPTIVE_RESULT_AWARE__NO_NEW_CONFIRMATORY_INFERENCE
12,E1_ROLLING__DT-RAMDE_TS2_FULL__VS__MATCHED_JDE_STYLE_PARETO,E1_ROLLING,REJECT_SAFETY_FILTER,RR-REJECTION/7,5,-0.23999999999999999,-0.23999999999999999,-0.23999999999999999,comparator_rate_minus_proposed_rate,PRE_R10_SUPPORTING_DESCRIPTIVE_RESULT_AWARE__NO_NEW_CONFIRMATORY_INFERENCE
12,E1_ROLLING__DT-RAMDE_TS2_FULL__VS__MATCHED_JDE_STYLE_PARETO,E1_ROLLING,REJECT_BUDGET_NO_FEASIBLE,RR-REJECTION/7,5,0,0,0,comparator_rate_minus_proposed_rate,PRE_R10_SUPPORTING_DESCRIPTIVE_RESULT_AWARE__NO_NEW_CONFIRMATORY_INFERENCE
12,E1_ROLLING__DT-RAMDE_TS2_FULL__VS__MATCHED_JDE_STYLE_PARETO,E1_ROLLING,REJECT_NUMERICAL,RR-REJECTION/7,5,0,0,0,comparator_rate_minus_proposed_rate,PRE_R10_SUPPORTING_DESCRIPTIVE_RESULT_AWARE__NO_NEW_CONFIRMATORY_INFERENCE
12,E1_ROLLING__DT-RAMDE_TS2_FULL__VS__MATCHED_JDE_STYLE_PARETO,E1_ROLLING,OTHER_NONACCEPTED,RR-REJECTION/7,5,0,0,0,comparator_rate_minus_proposed_rate,PRE_R10_SUPPORTING_DESCRIPTIVE_RESULT_AWARE__NO_NEW_CONFIRMATORY_INFERENCE
12,E1_ROLLING__DT-RAMDE_TS2_FULL__VS__MATCHED_JDE_STYLE_PARETO,E1_ROLLING,FAILURE_RATE,RR-SHOCK/0,5,0,0,0,comparator_rate_minus_proposed_rate,PRE_R10_SUPPORTING_DESCRIPTIVE_RESULT_AWARE__NO_NEW_CONFIRMATORY_INFERENCE
12,E1_ROLLING__DT-RAMDE_TS2_FULL__VS__MATCHED_JDE_STYLE_PARETO,E1_ROLLING,REJECT_SAFETY_FILTER,RR-SHOCK/0,5,0,0,0,comparator_rate_minus_proposed_rate,PRE_R10_SUPPORTING_DESCRIPTIVE_RESULT_AWARE__NO_NEW_CONFIRMATORY_INFERENCE
12,E1_ROLLING__DT-RAMDE_TS2_FULL__VS__MATCHED_JDE_STYLE_PARETO,E1_ROLLING,REJECT_BUDGET_NO_FEASIBLE,RR-SHOCK/0,5,0,0,0,comparator_rate_minus_proposed_rate,PRE_R10_SUPPORTING_DESCRIPTIVE_RESULT_AWARE__NO_NEW_CONFIRMATORY_INFERENCE
12,E1_ROLLING__DT-RAMDE_TS2_FULL__VS__MATCHED_JDE_STYLE_PARETO,E1_ROLLING,REJECT_NUMERICAL,RR-SHOCK/0,5,0,0,0,comparator_rate_minus_proposed_rate,PRE_R10_SUPPORTING_DESCRIPTIVE_RESULT_AWARE__NO_NEW_CONFIRMATORY_INFERENCE
12,E1_ROLLING__DT-RAMDE_TS2_FULL__VS__MATCHED_JDE_STYLE_PARETO,E1_ROLLING,OTHER_NONACCEPTED,RR-SHOCK/0,5,0,0,0,comparator_rate_minus_proposed_rate,PRE_R10_SUPPORTING_DESCRIPTIVE_RESULT_AWARE__NO_NEW_CONFIRMATORY_INFERENCE
12,E1_ROLLING__DT-RAMDE_TS2_FULL__VS__MATCHED_JDE_STYLE_PARETO,E1_ROLLING,FAILURE_RATE,RR-SHOCK/1,5,0,0,0,comparator_rate_minus_proposed_rate,PRE_R10_SUPPORTING_DESCRIPTIVE_RESULT_AWARE__NO_NEW_CONFIRMATORY_INFERENCE
12,E1_ROLLING__DT-RAMDE_TS2_FULL__VS__MATCHED_JDE_STYLE_PARETO,E1_ROLLING,REJECT_SAFETY_FILTER,RR-SHOCK/1,5,0,0,0,comparator_rate_minus_proposed_rate,PRE_R10_SUPPORTING_DESCRIPTIVE_RESULT_AWARE__NO_NEW_CONFIRMATORY_INFERENCE
12,E1_ROLLING__DT-RAMDE_TS2_FULL__VS__MATCHED_JDE_STYLE_PARETO,E1_ROLLING,REJECT_BUDGET_NO_FEASIBLE,RR-SHOCK/1,5,0,0,0,comparator_rate_minus_proposed_rate,PRE_R10_SUPPORTING_DESCRIPTIVE_RESULT_AWARE__NO_NEW_CONFIRMATORY_INFERENCE
12,E1_ROLLING__DT-RAMDE_TS2_FULL__VS__MATCHED_JDE_STYLE_PARETO,E1_ROLLING,REJECT_NUMERICAL,RR-SHOCK/1,5,0,0,0,comparator_rate_minus_proposed_rate,PRE_R10_SUPPORTING_DESCRIPTIVE_RESULT_AWARE__NO_NEW_CONFIRMATORY_INFERENCE
12,E1_ROLLING__DT-RAMDE_TS2_FULL__VS__MATCHED_JDE_STYLE_PARETO,E1_ROLLING,OTHER_NONACCEPTED,RR-SHOCK/1,5,0,0,0,comparator_rate_minus_proposed_rate,PRE_R10_SUPPORTING_DESCRIPTIVE_RESULT_AWARE__NO_NEW_CONFIRMATORY_INFERENCE
12,E1_ROLLING__DT-RAMDE_TS2_FULL__VS__MATCHED_JDE_STYLE_PARETO,E1_ROLLING,FAILURE_RATE,RR-SHOCK/2,5,-0.069999999999999993,-0.069999999999999993,-0.069999999999999993,comparator_rate_minus_proposed_rate,PRE_R10_SUPPORTING_DESCRIPTIVE_RESULT_AWARE__NO_NEW_CONFIRMATORY_INFERENCE
12,E1_ROLLING__DT-RAMDE_TS2_FULL__VS__MATCHED_JDE_STYLE_PARETO,E1_ROLLING,REJECT_SAFETY_FILTER,RR-SHOCK/2,5,-0.069999999999999993,-0.069999999999999993,-0.069999999999999993,comparator_rate_minus_proposed_rate,PRE_R10_SUPPORTING_DESCRIPTIVE_RESULT_AWARE__NO_NEW_CONFIRMATORY_INFERENCE
12,E1_ROLLING__DT-RAMDE_TS2_FULL__VS__MATCHED_JDE_STYLE_PARETO,E1_ROLLING,REJECT_BUDGET_NO_FEASIBLE,RR-SHOCK/2,5,0,0,0,comparator_rate_minus_proposed_rate,PRE_R10_SUPPORTING_DESCRIPTIVE_RESULT_AWARE__NO_NEW_CONFIRMATORY_INFERENCE
12,E1_ROLLING__DT-RAMDE_TS2_FULL__VS__MATCHED_JDE_STYLE_PARETO,E1_ROLLING,REJECT_NUMERICAL,RR-SHOCK/2,5,0,0,0,comparator_rate_minus_proposed_rate,PRE_R10_SUPPORTING_DESCRIPTIVE_RESULT_AWARE__NO_NEW_CONFIRMATORY_INFERENCE
12,E1_ROLLING__DT-RAMDE_TS2_FULL__VS__MATCHED_JDE_STYLE_PARETO,E1_ROLLING,OTHER_NONACCEPTED,RR-SHOCK/2,5,0,0,0,comparator_rate_minus_proposed_rate,PRE_R10_SUPPORTING_DESCRIPTIVE_RESULT_AWARE__NO_NEW_CONFIRMATORY_INFERENCE
12,E1_ROLLING__DT-RAMDE_TS2_FULL__VS__MATCHED_JDE_STYLE_PARETO,E1_ROLLING,FAILURE_RATE,RR-SHOCK/3,5,-0.3000000000000001,-0.3000000000000001,-0.3000000000000001,comparator_rate_minus_proposed_rate,PRE_R10_SUPPORTING_DESCRIPTIVE_RESULT_AWARE__NO_NEW_CONFIRMATORY_INFERENCE
12,E1_ROLLING__DT-RAMDE_TS2_FULL__VS__MATCHED_JDE_STYLE_PARETO,E1_ROLLING,REJECT_SAFETY_FILTER,RR-SHOCK/3,5,-0.22000000000000003,-0.22000000000000003,-0.22000000000000003,comparator_rate_minus_proposed_rate,PRE_R10_SUPPORTING_DESCRIPTIVE_RESULT_AWARE__NO_NEW_CONFIRMATORY_INFERENCE
12,E1_ROLLING__DT-RAMDE_TS2_FULL__VS__MATCHED_JDE_STYLE_PARETO,E1_ROLLING,REJECT_BUDGET_NO_FEASIBLE,RR-SHOCK/3,5,-0.080000000000000002,-0.080000000000000002,-0.080000000000000002,comparator_rate_minus_proposed_rate,PRE_R10_SUPPORTING_DESCRIPTIVE_RESULT_AWARE__NO_NEW_CONFIRMATORY_INFERENCE
12,E1_ROLLING__DT-RAMDE_TS2_FULL__VS__MATCHED_JDE_STYLE_PARETO,E1_ROLLING,REJECT_NUMERICAL,RR-SHOCK/3,5,0,0,0,comparator_rate_minus_proposed_rate,PRE_R10_SUPPORTING_DESCRIPTIVE_RESULT_AWARE__NO_NEW_CONFIRMATORY_INFERENCE
12,E1_ROLLING__DT-RAMDE_TS2_FULL__VS__MATCHED_JDE_STYLE_PARETO,E1_ROLLING,OTHER_NONACCEPTED,RR-SHOCK/3,5,-3.3306690738754695e-17,-3.3306690738754695e-17,-3.3306690738754695e-17,comparator_rate_minus_proposed_rate,PRE_R10_SUPPORTING_DESCRIPTIVE_RESULT_AWARE__NO_NEW_CONFIRMATORY_INFERENCE
12,E1_ROLLING__DT-RAMDE_TS2_FULL__VS__MATCHED_JDE_STYLE_PARETO,E1_ROLLING,FAILURE_RATE,RR-SHOCK/4,5,-0.089999999999999997,-0.089999999999999997,-0.089999999999999997,comparator_rate_minus_proposed_rate,PRE_R10_SUPPORTING_DESCRIPTIVE_RESULT_AWARE__NO_NEW_CONFIRMATORY_INFERENCE
12,E1_ROLLING__DT-RAMDE_TS2_FULL__VS__MATCHED_JDE_STYLE_PARETO,E1_ROLLING,REJECT_SAFETY_FILTER,RR-SHOCK/4,5,-0.089999999999999997,-0.089999999999999997,-0.089999999999999997,comparator_rate_minus_proposed_rate,PRE_R10_SUPPORTING_DESCRIPTIVE_RESULT_AWARE__NO_NEW_CONFIRMATORY_INFERENCE
12,E1_ROLLING__DT-RAMDE_TS2_FULL__VS__MATCHED_JDE_STYLE_PARETO,E1_ROLLING,REJECT_BUDGET_NO_FEASIBLE,RR-SHOCK/4,5,0,0,0,comparator_rate_minus_proposed_rate,PRE_R10_SUPPORTING_DESCRIPTIVE_RESULT_AWARE__NO_NEW_CONFIRMATORY_INFERENCE
12,E1_ROLLING__DT-RAMDE_TS2_FULL__VS__MATCHED_JDE_STYLE_PARETO,E1_ROLLING,REJECT_NUMERICAL,RR-SHOCK/4,5,0,0,0,comparator_rate_minus_proposed_rate,PRE_R10_SUPPORTING_DESCRIPTIVE_RESULT_AWARE__NO_NEW_CONFIRMATORY_INFERENCE
12,E1_ROLLING__DT-RAMDE_TS2_FULL__VS__MATCHED_JDE_STYLE_PARETO,E1_ROLLING,OTHER_NONACCEPTED,RR-SHOCK/4,5,0,0,0,comparator_rate_minus_proposed_rate,PRE_R10_SUPPORTING_DESCRIPTIVE_RESULT_AWARE__NO_NEW_CONFIRMATORY_INFERENCE
12,E1_ROLLING__DT-RAMDE_TS2_FULL__VS__MATCHED_JDE_STYLE_PARETO,E1_ROLLING,FAILURE_RATE,RR-SHOCK/5,5,-0.24999999999999997,-0.24999999999999997,-0.24999999999999997,comparator_rate_minus_proposed_rate,PRE_R10_SUPPORTING_DESCRIPTIVE_RESULT_AWARE__NO_NEW_CONFIRMATORY_INFERENCE
12,E1_ROLLING__DT-RAMDE_TS2_FULL__VS__MATCHED_JDE_STYLE_PARETO,E1_ROLLING,REJECT_SAFETY_FILTER,RR-SHOCK/5,5,-0.25,-0.25,-0.25,comparator_rate_minus_proposed_rate,PRE_R10_SUPPORTING_DESCRIPTIVE_RESULT_AWARE__NO_NEW_CONFIRMATORY_INFERENCE
12,E1_ROLLING__DT-RAMDE_TS2_FULL__VS__MATCHED_JDE_STYLE_PARETO,E1_ROLLING,REJECT_BUDGET_NO_FEASIBLE,RR-SHOCK/5,5,0,0,0,comparator_rate_minus_proposed_rate,PRE_R10_SUPPORTING_DESCRIPTIVE_RESULT_AWARE__NO_NEW_CONFIRMATORY_INFERENCE
12,E1_ROLLING__DT-RAMDE_TS2_FULL__VS__MATCHED_JDE_STYLE_PARETO,E1_ROLLING,REJECT_NUMERICAL,RR-SHOCK/5,5,0,0,0,comparator_rate_minus_proposed_rate,PRE_R10_SUPPORTING_DESCRIPTIVE_RESULT_AWARE__NO_NEW_CONFIRMATORY_INFERENCE
12,E1_ROLLING__DT-RAMDE_TS2_FULL__VS__MATCHED_JDE_STYLE_PARETO,E1_ROLLING,OTHER_NONACCEPTED,RR-SHOCK/5,5,-1.1102230246251566e-17,-1.1102230246251566e-17,-1.1102230246251566e-17,comparator_rate_minus_proposed_rate,PRE_R10_SUPPORTING_DESCRIPTIVE_RESULT_AWARE__NO_NEW_CONFIRMATORY_INFERENCE
12,E1_ROLLING__DT-RAMDE_TS2_FULL__VS__MATCHED_JDE_STYLE_PARETO,E1_ROLLING,FAILURE_RATE,RR-SHOCK/6,5,-0.27999999999999997,-0.27999999999999997,-0.27999999999999997,comparator_rate_minus_proposed_rate,PRE_R10_SUPPORTING_DESCRIPTIVE_RESULT_AWARE__NO_NEW_CONFIRMATORY_INFERENCE
12,E1_ROLLING__DT-RAMDE_TS2_FULL__VS__MATCHED_JDE_STYLE_PARETO,E1_ROLLING,REJECT_SAFETY_FILTER,RR-SHOCK/6,5,-0.21000000000000002,-0.21000000000000002,-0.21000000000000002,comparator_rate_minus_proposed_rate,PRE_R10_SUPPORTING_DESCRIPTIVE_RESULT_AWARE__NO_NEW_CONFIRMATORY_INFERENCE
12,E1_ROLLING__DT-RAMDE_TS2_FULL__VS__MATCHED_JDE_STYLE_PARETO,E1_ROLLING,REJECT_BUDGET_NO_FEASIBLE,RR-SHOCK/6,5,-0.069999999999999993,-0.069999999999999993,-0.069999999999999993,comparator_rate_minus_proposed_rate,PRE_R10_SUPPORTING_DESCRIPTIVE_RESULT_AWARE__NO_NEW_CONFIRMATORY_INFERENCE
12,E1_ROLLING__DT-RAMDE_TS2_FULL__VS__MATCHED_JDE_STYLE_PARETO,E1_ROLLING,REJECT_NUMERICAL,RR-SHOCK/6,5,0,0,0,comparator_rate_minus_proposed_rate,PRE_R10_SUPPORTING_DESCRIPTIVE_RESULT_AWARE__NO_NEW_CONFIRMATORY_INFERENCE
12,E1_ROLLING__DT-RAMDE_TS2_FULL__VS__MATCHED_JDE_STYLE_PARETO,E1_ROLLING,OTHER_NONACCEPTED,RR-SHOCK/6,5,0,0,0,comparator_rate_minus_proposed_rate,PRE_R10_SUPPORTING_DESCRIPTIVE_RESULT_AWARE__NO_NEW_CONFIRMATORY_INFERENCE
12,E1_ROLLING__DT-RAMDE_TS2_FULL__VS__MATCHED_JDE_STYLE_PARETO,E1_ROLLING,FAILURE_RATE,RR-SHOCK/7,5,0,0,0,comparator_rate_minus_proposed_rate,PRE_R10_SUPPORTING_DESCRIPTIVE_RESULT_AWARE__NO_NEW_CONFIRMATORY_INFERENCE
12,E1_ROLLING__DT-RAMDE_TS2_FULL__VS__MATCHED_JDE_STYLE_PARETO,E1_ROLLING,REJECT_SAFETY_FILTER,RR-SHOCK/7,5,0,0,0,comparator_rate_minus_proposed_rate,PRE_R10_SUPPORTING_DESCRIPTIVE_RESULT_AWARE__NO_NEW_CONFIRMATORY_INFERENCE
12,E1_ROLLING__DT-RAMDE_TS2_FULL__VS__MATCHED_JDE_STYLE_PARETO,E1_ROLLING,REJECT_BUDGET_NO_FEASIBLE,RR-SHOCK/7,5,0,0,0,comparator_rate_minus_proposed_rate,PRE_R10_SUPPORTING_DESCRIPTIVE_RESULT_AWARE__NO_NEW_CONFIRMATORY_INFERENCE
12,E1_ROLLING__DT-RAMDE_TS2_FULL__VS__MATCHED_JDE_STYLE_PARETO,E1_ROLLING,REJECT_NUMERICAL,RR-SHOCK/7,5,0,0,0,comparator_rate_minus_proposed_rate,PRE_R10_SUPPORTING_DESCRIPTIVE_RESULT_AWARE__NO_NEW_CONFIRMATORY_INFERENCE
12,E1_ROLLING__DT-RAMDE_TS2_FULL__VS__MATCHED_JDE_STYLE_PARETO,E1_ROLLING,OTHER_NONACCEPTED,RR-SHOCK/7,5,0,0,0,comparator_rate_minus_proposed_rate,PRE_R10_SUPPORTING_DESCRIPTIVE_RESULT_AWARE__NO_NEW_CONFIRMATORY_INFERENCE
12,E1_ROLLING__DT-RAMDE_TS2_FULL__VS__MATCHED_JDE_STYLE_PARETO,E1_ROLLING,FAILURE_RATE,RR-SMOOTH/0,5,-0.02,-0.02,-0.02,comparator_rate_minus_proposed_rate,PRE_R10_SUPPORTING_DESCRIPTIVE_RESULT_AWARE__NO_NEW_CONFIRMATORY_INFERENCE
12,E1_ROLLING__DT-RAMDE_TS2_FULL__VS__MATCHED_JDE_STYLE_PARETO,E1_ROLLING,REJECT_SAFETY_FILTER,RR-SMOOTH/0,5,-0.02,-0.02,-0.02,comparator_rate_minus_proposed_rate,PRE_R10_SUPPORTING_DESCRIPTIVE_RESULT_AWARE__NO_NEW_CONFIRMATORY_INFERENCE
12,E1_ROLLING__DT-RAMDE_TS2_FULL__VS__MATCHED_JDE_STYLE_PARETO,E1_ROLLING,REJECT_BUDGET_NO_FEASIBLE,RR-SMOOTH/0,5,0,0,0,comparator_rate_minus_proposed_rate,PRE_R10_SUPPORTING_DESCRIPTIVE_RESULT_AWARE__NO_NEW_CONFIRMATORY_INFERENCE
12,E1_ROLLING__DT-RAMDE_TS2_FULL__VS__MATCHED_JDE_STYLE_PARETO,E1_ROLLING,REJECT_NUMERICAL,RR-SMOOTH/0,5,0,0,0,comparator_rate_minus_proposed_rate,PRE_R10_SUPPORTING_DESCRIPTIVE_RESULT_AWARE__NO_NEW_CONFIRMATORY_INFERENCE
12,E1_ROLLING__DT-RAMDE_TS2_FULL__VS__MATCHED_JDE_STYLE_PARETO,E1_ROLLING,OTHER_NONACCEPTED,RR-SMOOTH/0,5,0,0,0,comparator_rate_minus_proposed_rate,PRE_R10_SUPPORTING_DESCRIPTIVE_RESULT_AWARE__NO_NEW_CONFIRMATORY_INFERENCE
12,E1_ROLLING__DT-RAMDE_TS2_FULL__VS__MATCHED_JDE_STYLE_PARETO,E1_ROLLING,FAILURE_RATE,RR-SMOOTH/1,5,-0.55999999999999994,-0.55999999999999994,-0.55999999999999994,comparator_rate_minus_proposed_rate,PRE_R10_SUPPORTING_DESCRIPTIVE_RESULT_AWARE__NO_NEW_CONFIRMATORY_INFERENCE
12,E1_ROLLING__DT-RAMDE_TS2_FULL__VS__MATCHED_JDE_STYLE_PARETO,E1_ROLLING,REJECT_SAFETY_FILTER,RR-SMOOTH/1,5,-0.47999999999999998,-0.47999999999999998,-0.47999999999999998,comparator_rate_minus_proposed_rate,PRE_R10_SUPPORTING_DESCRIPTIVE_RESULT_AWARE__NO_NEW_CONFIRMATORY_INFERENCE
12,E1_ROLLING__DT-RAMDE_TS2_FULL__VS__MATCHED_JDE_STYLE_PARETO,E1_ROLLING,REJECT_BUDGET_NO_FEASIBLE,RR-SMOOTH/1,5,-0.080000000000000002,-0.080000000000000002,-0.080000000000000002,comparator_rate_minus_proposed_rate,PRE_R10_SUPPORTING_DESCRIPTIVE_RESULT_AWARE__NO_NEW_CONFIRMATORY_INFERENCE
12,E1_ROLLING__DT-RAMDE_TS2_FULL__VS__MATCHED_JDE_STYLE_PARETO,E1_ROLLING,REJECT_NUMERICAL,RR-SMOOTH/1,5,0,0,0,comparator_rate_minus_proposed_rate,PRE_R10_SUPPORTING_DESCRIPTIVE_RESULT_AWARE__NO_NEW_CONFIRMATORY_INFERENCE
12,E1_ROLLING__DT-RAMDE_TS2_FULL__VS__MATCHED_JDE_STYLE_PARETO,E1_ROLLING,OTHER_NONACCEPTED,RR-SMOOTH/1,5,0,0,0,comparator_rate_minus_proposed_rate,PRE_R10_SUPPORTING_DESCRIPTIVE_RESULT_AWARE__NO_NEW_CONFIRMATORY_INFERENCE
12,E1_ROLLING__DT-RAMDE_TS2_FULL__VS__MATCHED_JDE_STYLE_PARETO,E1_ROLLING,FAILURE_RATE,RR-SMOOTH/2,5,0,0,0,comparator_rate_minus_proposed_rate,PRE_R10_SUPPORTING_DESCRIPTIVE_RESULT_AWARE__NO_NEW_CONFIRMATORY_INFERENCE
12,E1_ROLLING__DT-RAMDE_TS2_FULL__VS__MATCHED_JDE_STYLE_PARETO,E1_ROLLING,REJECT_SAFETY_FILTER,RR-SMOOTH/2,5,0,0,0,comparator_rate_minus_proposed_rate,PRE_R10_SUPPORTING_DESCRIPTIVE_RESULT_AWARE__NO_NEW_CONFIRMATORY_INFERENCE
12,E1_ROLLING__DT-RAMDE_TS2_FULL__VS__MATCHED_JDE_STYLE_PARETO,E1_ROLLING,REJECT_BUDGET_NO_FEASIBLE,RR-SMOOTH/2,5,0,0,0,comparator_rate_minus_proposed_rate,PRE_R10_SUPPORTING_DESCRIPTIVE_RESULT_AWARE__NO_NEW_CONFIRMATORY_INFERENCE
12,E1_ROLLING__DT-RAMDE_TS2_FULL__VS__MATCHED_JDE_STYLE_PARETO,E1_ROLLING,REJECT_NUMERICAL,RR-SMOOTH/2,5,0,0,0,comparator_rate_minus_proposed_rate,PRE_R10_SUPPORTING_DESCRIPTIVE_RESULT_AWARE__NO_NEW_CONFIRMATORY_INFERENCE
12,E1_ROLLING__DT-RAMDE_TS2_FULL__VS__MATCHED_JDE_STYLE_PARETO,E1_ROLLING,OTHER_NONACCEPTED,RR-SMOOTH/2,5,0,0,0,comparator_rate_minus_proposed_rate,PRE_R10_SUPPORTING_DESCRIPTIVE_RESULT_AWARE__NO_NEW_CONFIRMATORY_INFERENCE
12,E1_ROLLING__DT-RAMDE_TS2_FULL__VS__MATCHED_JDE_STYLE_PARETO,E1_ROLLING,FAILURE_RATE,RR-SMOOTH/3,5,-0.030000000000000006,-0.030000000000000006,-0.030000000000000006,comparator_rate_minus_proposed_rate,PRE_R10_SUPPORTING_DESCRIPTIVE_RESULT_AWARE__NO_NEW_CONFIRMATORY_INFERENCE
12,E1_ROLLING__DT-RAMDE_TS2_FULL__VS__MATCHED_JDE_STYLE_PARETO,E1_ROLLING,REJECT_SAFETY_FILTER,RR-SMOOTH/3,5,-0.030000000000000006,-0.030000000000000006,-0.030000000000000006,comparator_rate_minus_proposed_rate,PRE_R10_SUPPORTING_DESCRIPTIVE_RESULT_AWARE__NO_NEW_CONFIRMATORY_INFERENCE
12,E1_ROLLING__DT-RAMDE_TS2_FULL__VS__MATCHED_JDE_STYLE_PARETO,E1_ROLLING,REJECT_BUDGET_NO_FEASIBLE,RR-SMOOTH/3,5,0,0,0,comparator_rate_minus_proposed_rate,PRE_R10_SUPPORTING_DESCRIPTIVE_RESULT_AWARE__NO_NEW_CONFIRMATORY_INFERENCE
12,E1_ROLLING__DT-RAMDE_TS2_FULL__VS__MATCHED_JDE_STYLE_PARETO,E1_ROLLING,REJECT_NUMERICAL,RR-SMOOTH/3,5,0,0,0,comparator_rate_minus_proposed_rate,PRE_R10_SUPPORTING_DESCRIPTIVE_RESULT_AWARE__NO_NEW_CONFIRMATORY_INFERENCE
12,E1_ROLLING__DT-RAMDE_TS2_FULL__VS__MATCHED_JDE_STYLE_PARETO,E1_ROLLING,OTHER_NONACCEPTED,RR-SMOOTH/3,5,0,0,0,comparator_rate_minus_proposed_rate,PRE_R10_SUPPORTING_DESCRIPTIVE_RESULT_AWARE__NO_NEW_CONFIRMATORY_INFERENCE
12,E1_ROLLING__DT-RAMDE_TS2_FULL__VS__MATCHED_JDE_STYLE_PARETO,E1_ROLLING,FAILURE_RATE,RR-SMOOTH/4,5,-0.34999999999999992,-0.34999999999999992,-0.34999999999999992,comparator_rate_minus_proposed_rate,PRE_R10_SUPPORTING_DESCRIPTIVE_RESULT_AWARE__NO_NEW_CONFIRMATORY_INFERENCE
12,E1_ROLLING__DT-RAMDE_TS2_FULL__VS__MATCHED_JDE_STYLE_PARETO,E1_ROLLING,REJECT_SAFETY_FILTER,RR-SMOOTH/4,5,-0.26000000000000001,-0.26000000000000001,-0.26000000000000001,comparator_rate_minus_proposed_rate,PRE_R10_SUPPORTING_DESCRIPTIVE_RESULT_AWARE__NO_NEW_CONFIRMATORY_INFERENCE
12,E1_ROLLING__DT-RAMDE_TS2_FULL__VS__MATCHED_JDE_STYLE_PARETO,E1_ROLLING,REJECT_BUDGET_NO_FEASIBLE,RR-SMOOTH/4,5,-0.089999999999999997,-0.089999999999999997,-0.089999999999999997,comparator_rate_minus_proposed_rate,PRE_R10_SUPPORTING_DESCRIPTIVE_RESULT_AWARE__NO_NEW_CONFIRMATORY_INFERENCE
12,E1_ROLLING__DT-RAMDE_TS2_FULL__VS__MATCHED_JDE_STYLE_PARETO,E1_ROLLING,REJECT_NUMERICAL,RR-SMOOTH/4,5,0,0,0,comparator_rate_minus_proposed_rate,PRE_R10_SUPPORTING_DESCRIPTIVE_RESULT_AWARE__NO_NEW_CONFIRMATORY_INFERENCE
12,E1_ROLLING__DT-RAMDE_TS2_FULL__VS__MATCHED_JDE_STYLE_PARETO,E1_ROLLING,OTHER_NONACCEPTED,RR-SMOOTH/4,5,2.2204460492503132e-17,2.2204460492503132e-17,2.2204460492503132e-17,comparator_rate_minus_proposed_rate,PRE_R10_SUPPORTING_DESCRIPTIVE_RESULT_AWARE__NO_NEW_CONFIRMATORY_INFERENCE
12,E1_ROLLING__DT-RAMDE_TS2_FULL__VS__MATCHED_JDE_STYLE_PARETO,E1_ROLLING,FAILURE_RATE,RR-SMOOTH/5,5,-0.02,-0.02,-0.02,comparator_rate_minus_proposed_rate,PRE_R10_SUPPORTING_DESCRIPTIVE_RESULT_AWARE__NO_NEW_CONFIRMATORY_INFERENCE
12,E1_ROLLING__DT-RAMDE_TS2_FULL__VS__MATCHED_JDE_STYLE_PARETO,E1_ROLLING,REJECT_SAFETY_FILTER,RR-SMOOTH/5,5,-0.02,-0.02,-0.02,comparator_rate_minus_proposed_rate,PRE_R10_SUPPORTING_DESCRIPTIVE_RESULT_AWARE__NO_NEW_CONFIRMATORY_INFERENCE
12,E1_ROLLING__DT-RAMDE_TS2_FULL__VS__MATCHED_JDE_STYLE_PARETO,E1_ROLLING,REJECT_BUDGET_NO_FEASIBLE,RR-SMOOTH/5,5,0,0,0,comparator_rate_minus_proposed_rate,PRE_R10_SUPPORTING_DESCRIPTIVE_RESULT_AWARE__NO_NEW_CONFIRMATORY_INFERENCE
12,E1_ROLLING__DT-RAMDE_TS2_FULL__VS__MATCHED_JDE_STYLE_PARETO,E1_ROLLING,REJECT_NUMERICAL,RR-SMOOTH/5,5,0,0,0,comparator_rate_minus_proposed_rate,PRE_R10_SUPPORTING_DESCRIPTIVE_RESULT_AWARE__NO_NEW_CONFIRMATORY_INFERENCE
12,E1_ROLLING__DT-RAMDE_TS2_FULL__VS__MATCHED_JDE_STYLE_PARETO,E1_ROLLING,OTHER_NONACCEPTED,RR-SMOOTH/5,5,0,0,0,comparator_rate_minus_proposed_rate,PRE_R10_SUPPORTING_DESCRIPTIVE_RESULT_AWARE__NO_NEW_CONFIRMATORY_INFERENCE
12,E1_ROLLING__DT-RAMDE_TS2_FULL__VS__MATCHED_JDE_STYLE_PARETO,E1_ROLLING,FAILURE_RATE,RR-SMOOTH/6,5,-0.55000000000000004,-0.55000000000000004,-0.55000000000000004,comparator_rate_minus_proposed_rate,PRE_R10_SUPPORTING_DESCRIPTIVE_RESULT_AWARE__NO_NEW_CONFIRMATORY_INFERENCE
12,E1_ROLLING__DT-RAMDE_TS2_FULL__VS__MATCHED_JDE_STYLE_PARETO,E1_ROLLING,REJECT_SAFETY_FILTER,RR-SMOOTH/6,5,-0.32000000000000001,-0.32000000000000001,-0.32000000000000001,comparator_rate_minus_proposed_rate,PRE_R10_SUPPORTING_DESCRIPTIVE_RESULT_AWARE__NO_NEW_CONFIRMATORY_INFERENCE
12,E1_ROLLING__DT-RAMDE_TS2_FULL__VS__MATCHED_JDE_STYLE_PARETO,E1_ROLLING,REJECT_BUDGET_NO_FEASIBLE,RR-SMOOTH/6,5,-0.22999999999999998,-0.22999999999999998,-0.22999999999999998,comparator_rate_minus_proposed_rate,PRE_R10_SUPPORTING_DESCRIPTIVE_RESULT_AWARE__NO_NEW_CONFIRMATORY_INFERENCE
12,E1_ROLLING__DT-RAMDE_TS2_FULL__VS__MATCHED_JDE_STYLE_PARETO,E1_ROLLING,REJECT_NUMERICAL,RR-SMOOTH/6,5,0,0,0,comparator_rate_minus_proposed_rate,PRE_R10_SUPPORTING_DESCRIPTIVE_RESULT_AWARE__NO_NEW_CONFIRMATORY_INFERENCE
12,E1_ROLLING__DT-RAMDE_TS2_FULL__VS__MATCHED_JDE_STYLE_PARETO,E1_ROLLING,OTHER_NONACCEPTED,RR-SMOOTH/6,5,0,0,0,comparator_rate_minus_proposed_rate,PRE_R10_SUPPORTING_DESCRIPTIVE_RESULT_AWARE__NO_NEW_CONFIRMATORY_INFERENCE
12,E1_ROLLING__DT-RAMDE_TS2_FULL__VS__MATCHED_JDE_STYLE_PARETO,E1_ROLLING,FAILURE_RATE,RR-SMOOTH/7,5,-0.089999999999999997,-0.089999999999999997,-0.089999999999999997,comparator_rate_minus_proposed_rate,PRE_R10_SUPPORTING_DESCRIPTIVE_RESULT_AWARE__NO_NEW_CONFIRMATORY_INFERENCE
12,E1_ROLLING__DT-RAMDE_TS2_FULL__VS__MATCHED_JDE_STYLE_PARETO,E1_ROLLING,REJECT_SAFETY_FILTER,RR-SMOOTH/7,5,-0.089999999999999997,-0.089999999999999997,-0.089999999999999997,comparator_rate_minus_proposed_rate,PRE_R10_SUPPORTING_DESCRIPTIVE_RESULT_AWARE__NO_NEW_CONFIRMATORY_INFERENCE
12,E1_ROLLING__DT-RAMDE_TS2_FULL__VS__MATCHED_JDE_STYLE_PARETO,E1_ROLLING,REJECT_BUDGET_NO_FEASIBLE,RR-SMOOTH/7,5,0,0,0,comparator_rate_minus_proposed_rate,PRE_R10_SUPPORTING_DESCRIPTIVE_RESULT_AWARE__NO_NEW_CONFIRMATORY_INFERENCE
12,E1_ROLLING__DT-RAMDE_TS2_FULL__VS__MATCHED_JDE_STYLE_PARETO,E1_ROLLING,REJECT_NUMERICAL,RR-SMOOTH/7,5,0,0,0,comparator_rate_minus_proposed_rate,PRE_R10_SUPPORTING_DESCRIPTIVE_RESULT_AWARE__NO_NEW_CONFIRMATORY_INFERENCE
12,E1_ROLLING__DT-RAMDE_TS2_FULL__VS__MATCHED_JDE_STYLE_PARETO,E1_ROLLING,OTHER_NONACCEPTED,RR-SMOOTH/7,5,0,0,0,comparator_rate_minus_proposed_rate,PRE_R10_SUPPORTING_DESCRIPTIVE_RESULT_AWARE__NO_NEW_CONFIRMATORY_INFERENCE
13,E1_ROLLING__DT-RAMDE_TS2_FULL__VS__MATCHED_SHADE_STYLE_PARETO,E1_ROLLING,FAILURE_RATE,RR-INTERMITTENT/0,5,-0.25,-0.25,-0.25,comparator_rate_minus_proposed_rate,PRE_R10_SUPPORTING_DESCRIPTIVE_RESULT_AWARE__NO_NEW_CONFIRMATORY_INFERENCE
13,E1_ROLLING__DT-RAMDE_TS2_FULL__VS__MATCHED_SHADE_STYLE_PARETO,E1_ROLLING,REJECT_SAFETY_FILTER,RR-INTERMITTENT/0,5,-0.25,-0.25,-0.25,comparator_rate_minus_proposed_rate,PRE_R10_SUPPORTING_DESCRIPTIVE_RESULT_AWARE__NO_NEW_CONFIRMATORY_INFERENCE
13,E1_ROLLING__DT-RAMDE_TS2_FULL__VS__MATCHED_SHADE_STYLE_PARETO,E1_ROLLING,REJECT_BUDGET_NO_FEASIBLE,RR-INTERMITTENT/0,5,0,0,0,comparator_rate_minus_proposed_rate,PRE_R10_SUPPORTING_DESCRIPTIVE_RESULT_AWARE__NO_NEW_CONFIRMATORY_INFERENCE
13,E1_ROLLING__DT-RAMDE_TS2_FULL__VS__MATCHED_SHADE_STYLE_PARETO,E1_ROLLING,REJECT_NUMERICAL,RR-INTERMITTENT/0,5,0,0,0,comparator_rate_minus_proposed_rate,PRE_R10_SUPPORTING_DESCRIPTIVE_RESULT_AWARE__NO_NEW_CONFIRMATORY_INFERENCE
13,E1_ROLLING__DT-RAMDE_TS2_FULL__VS__MATCHED_SHADE_STYLE_PARETO,E1_ROLLING,OTHER_NONACCEPTED,RR-INTERMITTENT/0,5,0,0,0,comparator_rate_minus_proposed_rate,PRE_R10_SUPPORTING_DESCRIPTIVE_RESULT_AWARE__NO_NEW_CONFIRMATORY_INFERENCE
13,E1_ROLLING__DT-RAMDE_TS2_FULL__VS__MATCHED_SHADE_STYLE_PARETO,E1_ROLLING,FAILURE_RATE,RR-INTERMITTENT/1,5,-0.060000000000000012,-0.060000000000000012,-0.060000000000000012,comparator_rate_minus_proposed_rate,PRE_R10_SUPPORTING_DESCRIPTIVE_RESULT_AWARE__NO_NEW_CONFIRMATORY_INFERENCE
13,E1_ROLLING__DT-RAMDE_TS2_FULL__VS__MATCHED_SHADE_STYLE_PARETO,E1_ROLLING,REJECT_SAFETY_FILTER,RR-INTERMITTENT/1,5,-0.060000000000000012,-0.060000000000000012,-0.060000000000000012,comparator_rate_minus_proposed_rate,PRE_R10_SUPPORTING_DESCRIPTIVE_RESULT_AWARE__NO_NEW_CONFIRMATORY_INFERENCE
13,E1_ROLLING__DT-RAMDE_TS2_FULL__VS__MATCHED_SHADE_STYLE_PARETO,E1_ROLLING,REJECT_BUDGET_NO_FEASIBLE,RR-INTERMITTENT/1,5,0,0,0,comparator_rate_minus_proposed_rate,PRE_R10_SUPPORTING_DESCRIPTIVE_RESULT_AWARE__NO_NEW_CONFIRMATORY_INFERENCE
13,E1_ROLLING__DT-RAMDE_TS2_FULL__VS__MATCHED_SHADE_STYLE_PARETO,E1_ROLLING,REJECT_NUMERICAL,RR-INTERMITTENT/1,5,0,0,0,comparator_rate_minus_proposed_rate,PRE_R10_SUPPORTING_DESCRIPTIVE_RESULT_AWARE__NO_NEW_CONFIRMATORY_INFERENCE
13,E1_ROLLING__DT-RAMDE_TS2_FULL__VS__MATCHED_SHADE_STYLE_PARETO,E1_ROLLING,OTHER_NONACCEPTED,RR-INTERMITTENT/1,5,0,0,0,comparator_rate_minus_proposed_rate,PRE_R10_SUPPORTING_DESCRIPTIVE_RESULT_AWARE__NO_NEW_CONFIRMATORY_INFERENCE
13,E1_ROLLING__DT-RAMDE_TS2_FULL__VS__MATCHED_SHADE_STYLE_PARETO,E1_ROLLING,FAILURE_RATE,RR-INTERMITTENT/2,5,-0.070000000000000007,-0.070000000000000007,-0.070000000000000007,comparator_rate_minus_proposed_rate,PRE_R10_SUPPORTING_DESCRIPTIVE_RESULT_AWARE__NO_NEW_CONFIRMATORY_INFERENCE
13,E1_ROLLING__DT-RAMDE_TS2_FULL__VS__MATCHED_SHADE_STYLE_PARETO,E1_ROLLING,REJECT_SAFETY_FILTER,RR-INTERMITTENT/2,5,-0.070000000000000007,-0.070000000000000007,-0.070000000000000007,comparator_rate_minus_proposed_rate,PRE_R10_SUPPORTING_DESCRIPTIVE_RESULT_AWARE__NO_NEW_CONFIRMATORY_INFERENCE
13,E1_ROLLING__DT-RAMDE_TS2_FULL__VS__MATCHED_SHADE_STYLE_PARETO,E1_ROLLING,REJECT_BUDGET_NO_FEASIBLE,RR-INTERMITTENT/2,5,0,0,0,comparator_rate_minus_proposed_rate,PRE_R10_SUPPORTING_DESCRIPTIVE_RESULT_AWARE__NO_NEW_CONFIRMATORY_INFERENCE
13,E1_ROLLING__DT-RAMDE_TS2_FULL__VS__MATCHED_SHADE_STYLE_PARETO,E1_ROLLING,REJECT_NUMERICAL,RR-INTERMITTENT/2,5,0,0,0,comparator_rate_minus_proposed_rate,PRE_R10_SUPPORTING_DESCRIPTIVE_RESULT_AWARE__NO_NEW_CONFIRMATORY_INFERENCE
13,E1_ROLLING__DT-RAMDE_TS2_FULL__VS__MATCHED_SHADE_STYLE_PARETO,E1_ROLLING,OTHER_NONACCEPTED,RR-INTERMITTENT/2,5,0,0,0,comparator_rate_minus_proposed_rate,PRE_R10_SUPPORTING_DESCRIPTIVE_RESULT_AWARE__NO_NEW_CONFIRMATORY_INFERENCE
13,E1_ROLLING__DT-RAMDE_TS2_FULL__VS__MATCHED_SHADE_STYLE_PARETO,E1_ROLLING,FAILURE_RATE,RR-INTERMITTENT/3,5,-0.47000000000000003,-0.47000000000000003,-0.47000000000000003,comparator_rate_minus_proposed_rate,PRE_R10_SUPPORTING_DESCRIPTIVE_RESULT_AWARE__NO_NEW_CONFIRMATORY_INFERENCE
13,E1_ROLLING__DT-RAMDE_TS2_FULL__VS__MATCHED_SHADE_STYLE_PARETO,E1_ROLLING,REJECT_SAFETY_FILTER,RR-INTERMITTENT/3,5,-0.29999999999999999,-0.29999999999999999,-0.29999999999999999,comparator_rate_minus_proposed_rate,PRE_R10_SUPPORTING_DESCRIPTIVE_RESULT_AWARE__NO_NEW_CONFIRMATORY_INFERENCE
13,E1_ROLLING__DT-RAMDE_TS2_FULL__VS__MATCHED_SHADE_STYLE_PARETO,E1_ROLLING,REJECT_BUDGET_NO_FEASIBLE,RR-INTERMITTENT/3,5,-0.16999999999999998,-0.16999999999999998,-0.16999999999999998,comparator_rate_minus_proposed_rate,PRE_R10_SUPPORTING_DESCRIPTIVE_RESULT_AWARE__NO_NEW_CONFIRMATORY_INFERENCE
13,E1_ROLLING__DT-RAMDE_TS2_FULL__VS__MATCHED_SHADE_STYLE_PARETO,E1_ROLLING,REJECT_NUMERICAL,RR-INTERMITTENT/3,5,0,0,0,comparator_rate_minus_proposed_rate,PRE_R10_SUPPORTING_DESCRIPTIVE_RESULT_AWARE__NO_NEW_CONFIRMATORY_INFERENCE
13,E1_ROLLING__DT-RAMDE_TS2_FULL__VS__MATCHED_SHADE_STYLE_PARETO,E1_ROLLING,OTHER_NONACCEPTED,RR-INTERMITTENT/3,5,0,0,0,comparator_rate_minus_proposed_rate,PRE_R10_SUPPORTING_DESCRIPTIVE_RESULT_AWARE__NO_NEW_CONFIRMATORY_INFERENCE
13,E1_ROLLING__DT-RAMDE_TS2_FULL__VS__MATCHED_SHADE_STYLE_PARETO,E1_ROLLING,FAILURE_RATE,RR-INTERMITTENT/4,5,-0.089999999999999997,-0.089999999999999997,-0.089999999999999997,comparator_rate_minus_proposed_rate,PRE_R10_SUPPORTING_DESCRIPTIVE_RESULT_AWARE__NO_NEW_CONFIRMATORY_INFERENCE
13,E1_ROLLING__DT-RAMDE_TS2_FULL__VS__MATCHED_SHADE_STYLE_PARETO,E1_ROLLING,REJECT_SAFETY_FILTER,RR-INTERMITTENT/4,5,-0.089999999999999997,-0.089999999999999997,-0.089999999999999997,comparator_rate_minus_proposed_rate,PRE_R10_SUPPORTING_DESCRIPTIVE_RESULT_AWARE__NO_NEW_CONFIRMATORY_INFERENCE
13,E1_ROLLING__DT-RAMDE_TS2_FULL__VS__MATCHED_SHADE_STYLE_PARETO,E1_ROLLING,REJECT_BUDGET_NO_FEASIBLE,RR-INTERMITTENT/4,5,0,0,0,comparator_rate_minus_proposed_rate,PRE_R10_SUPPORTING_DESCRIPTIVE_RESULT_AWARE__NO_NEW_CONFIRMATORY_INFERENCE
13,E1_ROLLING__DT-RAMDE_TS2_FULL__VS__MATCHED_SHADE_STYLE_PARETO,E1_ROLLING,REJECT_NUMERICAL,RR-INTERMITTENT/4,5,0,0,0,comparator_rate_minus_proposed_rate,PRE_R10_SUPPORTING_DESCRIPTIVE_RESULT_AWARE__NO_NEW_CONFIRMATORY_INFERENCE
13,E1_ROLLING__DT-RAMDE_TS2_FULL__VS__MATCHED_SHADE_STYLE_PARETO,E1_ROLLING,OTHER_NONACCEPTED,RR-INTERMITTENT/4,5,0,0,0,comparator_rate_minus_proposed_rate,PRE_R10_SUPPORTING_DESCRIPTIVE_RESULT_AWARE__NO_NEW_CONFIRMATORY_INFERENCE
13,E1_ROLLING__DT-RAMDE_TS2_FULL__VS__MATCHED_SHADE_STYLE_PARETO,E1_ROLLING,FAILURE_RATE,RR-INTERMITTENT/5,5,-0.26000000000000001,-0.26000000000000001,-0.26000000000000001,comparator_rate_minus_proposed_rate,PRE_R10_SUPPORTING_DESCRIPTIVE_RESULT_AWARE__NO_NEW_CONFIRMATORY_INFERENCE
13,E1_ROLLING__DT-RAMDE_TS2_FULL__VS__MATCHED_SHADE_STYLE_PARETO,E1_ROLLING,REJECT_SAFETY_FILTER,RR-INTERMITTENT/5,5,-0.26000000000000001,-0.26000000000000001,-0.26000000000000001,comparator_rate_minus_proposed_rate,PRE_R10_SUPPORTING_DESCRIPTIVE_RESULT_AWARE__NO_NEW_CONFIRMATORY_INFERENCE
13,E1_ROLLING__DT-RAMDE_TS2_FULL__VS__MATCHED_SHADE_STYLE_PARETO,E1_ROLLING,REJECT_BUDGET_NO_FEASIBLE,RR-INTERMITTENT/5,5,0,0,0,comparator_rate_minus_proposed_rate,PRE_R10_SUPPORTING_DESCRIPTIVE_RESULT_AWARE__NO_NEW_CONFIRMATORY_INFERENCE
13,E1_ROLLING__DT-RAMDE_TS2_FULL__VS__MATCHED_SHADE_STYLE_PARETO,E1_ROLLING,REJECT_NUMERICAL,RR-INTERMITTENT/5,5,0,0,0,comparator_rate_minus_proposed_rate,PRE_R10_SUPPORTING_DESCRIPTIVE_RESULT_AWARE__NO_NEW_CONFIRMATORY_INFERENCE
13,E1_ROLLING__DT-RAMDE_TS2_FULL__VS__MATCHED_SHADE_STYLE_PARETO,E1_ROLLING,OTHER_NONACCEPTED,RR-INTERMITTENT/5,5,0,0,0,comparator_rate_minus_proposed_rate,PRE_R10_SUPPORTING_DESCRIPTIVE_RESULT_AWARE__NO_NEW_CONFIRMATORY_INFERENCE
13,E1_ROLLING__DT-RAMDE_TS2_FULL__VS__MATCHED_SHADE_STYLE_PARETO,E1_ROLLING,FAILURE_RATE,RR-INTERMITTENT/6,5,0,0,0,comparator_rate_minus_proposed_rate,PRE_R10_SUPPORTING_DESCRIPTIVE_RESULT_AWARE__NO_NEW_CONFIRMATORY_INFERENCE
13,E1_ROLLING__DT-RAMDE_TS2_FULL__VS__MATCHED_SHADE_STYLE_PARETO,E1_ROLLING,REJECT_SAFETY_FILTER,RR-INTERMITTENT/6,5,0,0,0,comparator_rate_minus_proposed_rate,PRE_R10_SUPPORTING_DESCRIPTIVE_RESULT_AWARE__NO_NEW_CONFIRMATORY_INFERENCE
13,E1_ROLLING__DT-RAMDE_TS2_FULL__VS__MATCHED_SHADE_STYLE_PARETO,E1_ROLLING,REJECT_BUDGET_NO_FEASIBLE,RR-INTERMITTENT/6,5,0,0,0,comparator_rate_minus_proposed_rate,PRE_R10_SUPPORTING_DESCRIPTIVE_RESULT_AWARE__NO_NEW_CONFIRMATORY_INFERENCE
13,E1_ROLLING__DT-RAMDE_TS2_FULL__VS__MATCHED_SHADE_STYLE_PARETO,E1_ROLLING,REJECT_NUMERICAL,RR-INTERMITTENT/6,5,0,0,0,comparator_rate_minus_proposed_rate,PRE_R10_SUPPORTING_DESCRIPTIVE_RESULT_AWARE__NO_NEW_CONFIRMATORY_INFERENCE
13,E1_ROLLING__DT-RAMDE_TS2_FULL__VS__MATCHED_SHADE_STYLE_PARETO,E1_ROLLING,OTHER_NONACCEPTED,RR-INTERMITTENT/6,5,0,0,0,comparator_rate_minus_proposed_rate,PRE_R10_SUPPORTING_DESCRIPTIVE_RESULT_AWARE__NO_NEW_CONFIRMATORY_INFERENCE
13,E1_ROLLING__DT-RAMDE_TS2_FULL__VS__MATCHED_SHADE_STYLE_PARETO,E1_ROLLING,FAILURE_RATE,RR-INTERMITTENT/7,5,-0.49000000000000005,-0.49000000000000005,-0.49000000000000005,comparator_rate_minus_proposed_rate,PRE_R10_SUPPORTING_DESCRIPTIVE_RESULT_AWARE__NO_NEW_CONFIRMATORY_INFERENCE
13,E1_ROLLING__DT-RAMDE_TS2_FULL__VS__MATCHED_SHADE_STYLE_PARETO,E1_ROLLING,REJECT_SAFETY_FILTER,RR-INTERMITTENT/7,5,-0.49000000000000005,-0.49000000000000005,-0.49000000000000005,comparator_rate_minus_proposed_rate,PRE_R10_SUPPORTING_DESCRIPTIVE_RESULT_AWARE__NO_NEW_CONFIRMATORY_INFERENCE
13,E1_ROLLING__DT-RAMDE_TS2_FULL__VS__MATCHED_SHADE_STYLE_PARETO,E1_ROLLING,REJECT_BUDGET_NO_FEASIBLE,RR-INTERMITTENT/7,5,0,0,0,comparator_rate_minus_proposed_rate,PRE_R10_SUPPORTING_DESCRIPTIVE_RESULT_AWARE__NO_NEW_CONFIRMATORY_INFERENCE
13,E1_ROLLING__DT-RAMDE_TS2_FULL__VS__MATCHED_SHADE_STYLE_PARETO,E1_ROLLING,REJECT_NUMERICAL,RR-INTERMITTENT/7,5,0,0,0,comparator_rate_minus_proposed_rate,PRE_R10_SUPPORTING_DESCRIPTIVE_RESULT_AWARE__NO_NEW_CONFIRMATORY_INFERENCE
13,E1_ROLLING__DT-RAMDE_TS2_FULL__VS__MATCHED_SHADE_STYLE_PARETO,E1_ROLLING,OTHER_NONACCEPTED,RR-INTERMITTENT/7,5,-2.2204460492503132e-17,-2.2204460492503132e-17,-2.2204460492503132e-17,comparator_rate_minus_proposed_rate,PRE_R10_SUPPORTING_DESCRIPTIVE_RESULT_AWARE__NO_NEW_CONFIRMATORY_INFERENCE
13,E1_ROLLING__DT-RAMDE_TS2_FULL__VS__MATCHED_SHADE_STYLE_PARETO,E1_ROLLING,FAILURE_RATE,RR-REJECTION/0,5,-0.23999999999999999,-0.23999999999999999,-0.23999999999999999,comparator_rate_minus_proposed_rate,PRE_R10_SUPPORTING_DESCRIPTIVE_RESULT_AWARE__NO_NEW_CONFIRMATORY_INFERENCE
13,E1_ROLLING__DT-RAMDE_TS2_FULL__VS__MATCHED_SHADE_STYLE_PARETO,E1_ROLLING,REJECT_SAFETY_FILTER,RR-REJECTION/0,5,-0.23999999999999999,-0.23999999999999999,-0.23999999999999999,comparator_rate_minus_proposed_rate,PRE_R10_SUPPORTING_DESCRIPTIVE_RESULT_AWARE__NO_NEW_CONFIRMATORY_INFERENCE
13,E1_ROLLING__DT-RAMDE_TS2_FULL__VS__MATCHED_SHADE_STYLE_PARETO,E1_ROLLING,REJECT_BUDGET_NO_FEASIBLE,RR-REJECTION/0,5,0,0,0,comparator_rate_minus_proposed_rate,PRE_R10_SUPPORTING_DESCRIPTIVE_RESULT_AWARE__NO_NEW_CONFIRMATORY_INFERENCE
13,E1_ROLLING__DT-RAMDE_TS2_FULL__VS__MATCHED_SHADE_STYLE_PARETO,E1_ROLLING,REJECT_NUMERICAL,RR-REJECTION/0,5,0,0,0,comparator_rate_minus_proposed_rate,PRE_R10_SUPPORTING_DESCRIPTIVE_RESULT_AWARE__NO_NEW_CONFIRMATORY_INFERENCE
13,E1_ROLLING__DT-RAMDE_TS2_FULL__VS__MATCHED_SHADE_STYLE_PARETO,E1_ROLLING,OTHER_NONACCEPTED,RR-REJECTION/0,5,0,0,0,comparator_rate_minus_proposed_rate,PRE_R10_SUPPORTING_DESCRIPTIVE_RESULT_AWARE__NO_NEW_CONFIRMATORY_INFERENCE
13,E1_ROLLING__DT-RAMDE_TS2_FULL__VS__MATCHED_SHADE_STYLE_PARETO,E1_ROLLING,FAILURE_RATE,RR-REJECTION/1,5,-0.10000000000000001,-0.10000000000000001,-0.10000000000000001,comparator_rate_minus_proposed_rate,PRE_R10_SUPPORTING_DESCRIPTIVE_RESULT_AWARE__NO_NEW_CONFIRMATORY_INFERENCE
13,E1_ROLLING__DT-RAMDE_TS2_FULL__VS__MATCHED_SHADE_STYLE_PARETO,E1_ROLLING,REJECT_SAFETY_FILTER,RR-REJECTION/1,5,-0.10000000000000001,-0.10000000000000001,-0.10000000000000001,comparator_rate_minus_proposed_rate,PRE_R10_SUPPORTING_DESCRIPTIVE_RESULT_AWARE__NO_NEW_CONFIRMATORY_INFERENCE
13,E1_ROLLING__DT-RAMDE_TS2_FULL__VS__MATCHED_SHADE_STYLE_PARETO,E1_ROLLING,REJECT_BUDGET_NO_FEASIBLE,RR-REJECTION/1,5,0,0,0,comparator_rate_minus_proposed_rate,PRE_R10_SUPPORTING_DESCRIPTIVE_RESULT_AWARE__NO_NEW_CONFIRMATORY_INFERENCE
13,E1_ROLLING__DT-RAMDE_TS2_FULL__VS__MATCHED_SHADE_STYLE_PARETO,E1_ROLLING,REJECT_NUMERICAL,RR-REJECTION/1,5,0,0,0,comparator_rate_minus_proposed_rate,PRE_R10_SUPPORTING_DESCRIPTIVE_RESULT_AWARE__NO_NEW_CONFIRMATORY_INFERENCE
13,E1_ROLLING__DT-RAMDE_TS2_FULL__VS__MATCHED_SHADE_STYLE_PARETO,E1_ROLLING,OTHER_NONACCEPTED,RR-REJECTION/1,5,0,0,0,comparator_rate_minus_proposed_rate,PRE_R10_SUPPORTING_DESCRIPTIVE_RESULT_AWARE__NO_NEW_CONFIRMATORY_INFERENCE
13,E1_ROLLING__DT-RAMDE_TS2_FULL__VS__MATCHED_SHADE_STYLE_PARETO,E1_ROLLING,FAILURE_RATE,RR-REJECTION/2,5,-0.45000000000000001,-0.45000000000000001,-0.45000000000000001,comparator_rate_minus_proposed_rate,PRE_R10_SUPPORTING_DESCRIPTIVE_RESULT_AWARE__NO_NEW_CONFIRMATORY_INFERENCE
13,E1_ROLLING__DT-RAMDE_TS2_FULL__VS__MATCHED_SHADE_STYLE_PARETO,E1_ROLLING,REJECT_SAFETY_FILTER,RR-REJECTION/2,5,-0.45000000000000001,-0.45000000000000001,-0.45000000000000001,comparator_rate_minus_proposed_rate,PRE_R10_SUPPORTING_DESCRIPTIVE_RESULT_AWARE__NO_NEW_CONFIRMATORY_INFERENCE
13,E1_ROLLING__DT-RAMDE_TS2_FULL__VS__MATCHED_SHADE_STYLE_PARETO,E1_ROLLING,REJECT_BUDGET_NO_FEASIBLE,RR-REJECTION/2,5,0,0,0,comparator_rate_minus_proposed_rate,PRE_R10_SUPPORTING_DESCRIPTIVE_RESULT_AWARE__NO_NEW_CONFIRMATORY_INFERENCE
13,E1_ROLLING__DT-RAMDE_TS2_FULL__VS__MATCHED_SHADE_STYLE_PARETO,E1_ROLLING,REJECT_NUMERICAL,RR-REJECTION/2,5,0,0,0,comparator_rate_minus_proposed_rate,PRE_R10_SUPPORTING_DESCRIPTIVE_RESULT_AWARE__NO_NEW_CONFIRMATORY_INFERENCE
13,E1_ROLLING__DT-RAMDE_TS2_FULL__VS__MATCHED_SHADE_STYLE_PARETO,E1_ROLLING,OTHER_NONACCEPTED,RR-REJECTION/2,5,0,0,0,comparator_rate_minus_proposed_rate,PRE_R10_SUPPORTING_DESCRIPTIVE_RESULT_AWARE__NO_NEW_CONFIRMATORY_INFERENCE
13,E1_ROLLING__DT-RAMDE_TS2_FULL__VS__MATCHED_SHADE_STYLE_PARETO,E1_ROLLING,FAILURE_RATE,RR-REJECTION/3,5,-0.040000000000000001,-0.040000000000000001,-0.040000000000000001,comparator_rate_minus_proposed_rate,PRE_R10_SUPPORTING_DESCRIPTIVE_RESULT_AWARE__NO_NEW_CONFIRMATORY_INFERENCE
13,E1_ROLLING__DT-RAMDE_TS2_FULL__VS__MATCHED_SHADE_STYLE_PARETO,E1_ROLLING,REJECT_SAFETY_FILTER,RR-REJECTION/3,5,-0.040000000000000001,-0.040000000000000001,-0.040000000000000001,comparator_rate_minus_proposed_rate,PRE_R10_SUPPORTING_DESCRIPTIVE_RESULT_AWARE__NO_NEW_CONFIRMATORY_INFERENCE
13,E1_ROLLING__DT-RAMDE_TS2_FULL__VS__MATCHED_SHADE_STYLE_PARETO,E1_ROLLING,REJECT_BUDGET_NO_FEASIBLE,RR-REJECTION/3,5,0,0,0,comparator_rate_minus_proposed_rate,PRE_R10_SUPPORTING_DESCRIPTIVE_RESULT_AWARE__NO_NEW_CONFIRMATORY_INFERENCE
13,E1_ROLLING__DT-RAMDE_TS2_FULL__VS__MATCHED_SHADE_STYLE_PARETO,E1_ROLLING,REJECT_NUMERICAL,RR-REJECTION/3,5,0,0,0,comparator_rate_minus_proposed_rate,PRE_R10_SUPPORTING_DESCRIPTIVE_RESULT_AWARE__NO_NEW_CONFIRMATORY_INFERENCE
13,E1_ROLLING__DT-RAMDE_TS2_FULL__VS__MATCHED_SHADE_STYLE_PARETO,E1_ROLLING,OTHER_NONACCEPTED,RR-REJECTION/3,5,0,0,0,comparator_rate_minus_proposed_rate,PRE_R10_SUPPORTING_DESCRIPTIVE_RESULT_AWARE__NO_NEW_CONFIRMATORY_INFERENCE
13,E1_ROLLING__DT-RAMDE_TS2_FULL__VS__MATCHED_SHADE_STYLE_PARETO,E1_ROLLING,FAILURE_RATE,RR-REJECTION/4,5,-0.050000000000000003,-0.050000000000000003,-0.050000000000000003,comparator_rate_minus_proposed_rate,PRE_R10_SUPPORTING_DESCRIPTIVE_RESULT_AWARE__NO_NEW_CONFIRMATORY_INFERENCE
13,E1_ROLLING__DT-RAMDE_TS2_FULL__VS__MATCHED_SHADE_STYLE_PARETO,E1_ROLLING,REJECT_SAFETY_FILTER,RR-REJECTION/4,5,-0.050000000000000003,-0.050000000000000003,-0.050000000000000003,comparator_rate_minus_proposed_rate,PRE_R10_SUPPORTING_DESCRIPTIVE_RESULT_AWARE__NO_NEW_CONFIRMATORY_INFERENCE
13,E1_ROLLING__DT-RAMDE_TS2_FULL__VS__MATCHED_SHADE_STYLE_PARETO,E1_ROLLING,REJECT_BUDGET_NO_FEASIBLE,RR-REJECTION/4,5,0,0,0,comparator_rate_minus_proposed_rate,PRE_R10_SUPPORTING_DESCRIPTIVE_RESULT_AWARE__NO_NEW_CONFIRMATORY_INFERENCE
13,E1_ROLLING__DT-RAMDE_TS2_FULL__VS__MATCHED_SHADE_STYLE_PARETO,E1_ROLLING,REJECT_NUMERICAL,RR-REJECTION/4,5,0,0,0,comparator_rate_minus_proposed_rate,PRE_R10_SUPPORTING_DESCRIPTIVE_RESULT_AWARE__NO_NEW_CONFIRMATORY_INFERENCE
13,E1_ROLLING__DT-RAMDE_TS2_FULL__VS__MATCHED_SHADE_STYLE_PARETO,E1_ROLLING,OTHER_NONACCEPTED,RR-REJECTION/4,5,0,0,0,comparator_rate_minus_proposed_rate,PRE_R10_SUPPORTING_DESCRIPTIVE_RESULT_AWARE__NO_NEW_CONFIRMATORY_INFERENCE
13,E1_ROLLING__DT-RAMDE_TS2_FULL__VS__MATCHED_SHADE_STYLE_PARETO,E1_ROLLING,FAILURE_RATE,RR-REJECTION/5,5,-0.089999999999999997,-0.089999999999999997,-0.089999999999999997,comparator_rate_minus_proposed_rate,PRE_R10_SUPPORTING_DESCRIPTIVE_RESULT_AWARE__NO_NEW_CONFIRMATORY_INFERENCE
13,E1_ROLLING__DT-RAMDE_TS2_FULL__VS__MATCHED_SHADE_STYLE_PARETO,E1_ROLLING,REJECT_SAFETY_FILTER,RR-REJECTION/5,5,-0.089999999999999997,-0.089999999999999997,-0.089999999999999997,comparator_rate_minus_proposed_rate,PRE_R10_SUPPORTING_DESCRIPTIVE_RESULT_AWARE__NO_NEW_CONFIRMATORY_INFERENCE
13,E1_ROLLING__DT-RAMDE_TS2_FULL__VS__MATCHED_SHADE_STYLE_PARETO,E1_ROLLING,REJECT_BUDGET_NO_FEASIBLE,RR-REJECTION/5,5,0,0,0,comparator_rate_minus_proposed_rate,PRE_R10_SUPPORTING_DESCRIPTIVE_RESULT_AWARE__NO_NEW_CONFIRMATORY_INFERENCE
13,E1_ROLLING__DT-RAMDE_TS2_FULL__VS__MATCHED_SHADE_STYLE_PARETO,E1_ROLLING,REJECT_NUMERICAL,RR-REJECTION/5,5,0,0,0,comparator_rate_minus_proposed_rate,PRE_R10_SUPPORTING_DESCRIPTIVE_RESULT_AWARE__NO_NEW_CONFIRMATORY_INFERENCE
13,E1_ROLLING__DT-RAMDE_TS2_FULL__VS__MATCHED_SHADE_STYLE_PARETO,E1_ROLLING,OTHER_NONACCEPTED,RR-REJECTION/5,5,0,0,0,comparator_rate_minus_proposed_rate,PRE_R10_SUPPORTING_DESCRIPTIVE_RESULT_AWARE__NO_NEW_CONFIRMATORY_INFERENCE
13,E1_ROLLING__DT-RAMDE_TS2_FULL__VS__MATCHED_SHADE_STYLE_PARETO,E1_ROLLING,FAILURE_RATE,RR-REJECTION/6,5,-0.02,-0.02,-0.02,comparator_rate_minus_proposed_rate,PRE_R10_SUPPORTING_DESCRIPTIVE_RESULT_AWARE__NO_NEW_CONFIRMATORY_INFERENCE
13,E1_ROLLING__DT-RAMDE_TS2_FULL__VS__MATCHED_SHADE_STYLE_PARETO,E1_ROLLING,REJECT_SAFETY_FILTER,RR-REJECTION/6,5,-0.02,-0.02,-0.02,comparator_rate_minus_proposed_rate,PRE_R10_SUPPORTING_DESCRIPTIVE_RESULT_AWARE__NO_NEW_CONFIRMATORY_INFERENCE
13,E1_ROLLING__DT-RAMDE_TS2_FULL__VS__MATCHED_SHADE_STYLE_PARETO,E1_ROLLING,REJECT_BUDGET_NO_FEASIBLE,RR-REJECTION/6,5,0,0,0,comparator_rate_minus_proposed_rate,PRE_R10_SUPPORTING_DESCRIPTIVE_RESULT_AWARE__NO_NEW_CONFIRMATORY_INFERENCE
13,E1_ROLLING__DT-RAMDE_TS2_FULL__VS__MATCHED_SHADE_STYLE_PARETO,E1_ROLLING,REJECT_NUMERICAL,RR-REJECTION/6,5,0,0,0,comparator_rate_minus_proposed_rate,PRE_R10_SUPPORTING_DESCRIPTIVE_RESULT_AWARE__NO_NEW_CONFIRMATORY_INFERENCE
13,E1_ROLLING__DT-RAMDE_TS2_FULL__VS__MATCHED_SHADE_STYLE_PARETO,E1_ROLLING,OTHER_NONACCEPTED,RR-REJECTION/6,5,0,0,0,comparator_rate_minus_proposed_rate,PRE_R10_SUPPORTING_DESCRIPTIVE_RESULT_AWARE__NO_NEW_CONFIRMATORY_INFERENCE
13,E1_ROLLING__DT-RAMDE_TS2_FULL__VS__MATCHED_SHADE_STYLE_PARETO,E1_ROLLING,FAILURE_RATE,RR-REJECTION/7,5,-0.23999999999999999,-0.23999999999999999,-0.23999999999999999,comparator_rate_minus_proposed_rate,PRE_R10_SUPPORTING_DESCRIPTIVE_RESULT_AWARE__NO_NEW_CONFIRMATORY_INFERENCE
13,E1_ROLLING__DT-RAMDE_TS2_FULL__VS__MATCHED_SHADE_STYLE_PARETO,E1_ROLLING,REJECT_SAFETY_FILTER,RR-REJECTION/7,5,-0.23999999999999999,-0.23999999999999999,-0.23999999999999999,comparator_rate_minus_proposed_rate,PRE_R10_SUPPORTING_DESCRIPTIVE_RESULT_AWARE__NO_NEW_CONFIRMATORY_INFERENCE
13,E1_ROLLING__DT-RAMDE_TS2_FULL__VS__MATCHED_SHADE_STYLE_PARETO,E1_ROLLING,REJECT_BUDGET_NO_FEASIBLE,RR-REJECTION/7,5,0,0,0,comparator_rate_minus_proposed_rate,PRE_R10_SUPPORTING_DESCRIPTIVE_RESULT_AWARE__NO_NEW_CONFIRMATORY_INFERENCE
13,E1_ROLLING__DT-RAMDE_TS2_FULL__VS__MATCHED_SHADE_STYLE_PARETO,E1_ROLLING,REJECT_NUMERICAL,RR-REJECTION/7,5,0,0,0,comparator_rate_minus_proposed_rate,PRE_R10_SUPPORTING_DESCRIPTIVE_RESULT_AWARE__NO_NEW_CONFIRMATORY_INFERENCE
13,E1_ROLLING__DT-RAMDE_TS2_FULL__VS__MATCHED_SHADE_STYLE_PARETO,E1_ROLLING,OTHER_NONACCEPTED,RR-REJECTION/7,5,0,0,0,comparator_rate_minus_proposed_rate,PRE_R10_SUPPORTING_DESCRIPTIVE_RESULT_AWARE__NO_NEW_CONFIRMATORY_INFERENCE
13,E1_ROLLING__DT-RAMDE_TS2_FULL__VS__MATCHED_SHADE_STYLE_PARETO,E1_ROLLING,FAILURE_RATE,RR-SHOCK/0,5,0,0,0,comparator_rate_minus_proposed_rate,PRE_R10_SUPPORTING_DESCRIPTIVE_RESULT_AWARE__NO_NEW_CONFIRMATORY_INFERENCE
13,E1_ROLLING__DT-RAMDE_TS2_FULL__VS__MATCHED_SHADE_STYLE_PARETO,E1_ROLLING,REJECT_SAFETY_FILTER,RR-SHOCK/0,5,0,0,0,comparator_rate_minus_proposed_rate,PRE_R10_SUPPORTING_DESCRIPTIVE_RESULT_AWARE__NO_NEW_CONFIRMATORY_INFERENCE
13,E1_ROLLING__DT-RAMDE_TS2_FULL__VS__MATCHED_SHADE_STYLE_PARETO,E1_ROLLING,REJECT_BUDGET_NO_FEASIBLE,RR-SHOCK/0,5,0,0,0,comparator_rate_minus_proposed_rate,PRE_R10_SUPPORTING_DESCRIPTIVE_RESULT_AWARE__NO_NEW_CONFIRMATORY_INFERENCE
13,E1_ROLLING__DT-RAMDE_TS2_FULL__VS__MATCHED_SHADE_STYLE_PARETO,E1_ROLLING,REJECT_NUMERICAL,RR-SHOCK/0,5,0,0,0,comparator_rate_minus_proposed_rate,PRE_R10_SUPPORTING_DESCRIPTIVE_RESULT_AWARE__NO_NEW_CONFIRMATORY_INFERENCE
13,E1_ROLLING__DT-RAMDE_TS2_FULL__VS__MATCHED_SHADE_STYLE_PARETO,E1_ROLLING,OTHER_NONACCEPTED,RR-SHOCK/0,5,0,0,0,comparator_rate_minus_proposed_rate,PRE_R10_SUPPORTING_DESCRIPTIVE_RESULT_AWARE__NO_NEW_CONFIRMATORY_INFERENCE
13,E1_ROLLING__DT-RAMDE_TS2_FULL__VS__MATCHED_SHADE_STYLE_PARETO,E1_ROLLING,FAILURE_RATE,RR-SHOCK/1,5,0,0,0,comparator_rate_minus_proposed_rate,PRE_R10_SUPPORTING_DESCRIPTIVE_RESULT_AWARE__NO_NEW_CONFIRMATORY_INFERENCE
13,E1_ROLLING__DT-RAMDE_TS2_FULL__VS__MATCHED_SHADE_STYLE_PARETO,E1_ROLLING,REJECT_SAFETY_FILTER,RR-SHOCK/1,5,0,0,0,comparator_rate_minus_proposed_rate,PRE_R10_SUPPORTING_DESCRIPTIVE_RESULT_AWARE__NO_NEW_CONFIRMATORY_INFERENCE
13,E1_ROLLING__DT-RAMDE_TS2_FULL__VS__MATCHED_SHADE_STYLE_PARETO,E1_ROLLING,REJECT_BUDGET_NO_FEASIBLE,RR-SHOCK/1,5,0,0,0,comparator_rate_minus_proposed_rate,PRE_R10_SUPPORTING_DESCRIPTIVE_RESULT_AWARE__NO_NEW_CONFIRMATORY_INFERENCE
13,E1_ROLLING__DT-RAMDE_TS2_FULL__VS__MATCHED_SHADE_STYLE_PARETO,E1_ROLLING,REJECT_NUMERICAL,RR-SHOCK/1,5,0,0,0,comparator_rate_minus_proposed_rate,PRE_R10_SUPPORTING_DESCRIPTIVE_RESULT_AWARE__NO_NEW_CONFIRMATORY_INFERENCE
13,E1_ROLLING__DT-RAMDE_TS2_FULL__VS__MATCHED_SHADE_STYLE_PARETO,E1_ROLLING,OTHER_NONACCEPTED,RR-SHOCK/1,5,0,0,0,comparator_rate_minus_proposed_rate,PRE_R10_SUPPORTING_DESCRIPTIVE_RESULT_AWARE__NO_NEW_CONFIRMATORY_INFERENCE
13,E1_ROLLING__DT-RAMDE_TS2_FULL__VS__MATCHED_SHADE_STYLE_PARETO,E1_ROLLING,FAILURE_RATE,RR-SHOCK/2,5,-0.069999999999999993,-0.069999999999999993,-0.069999999999999993,comparator_rate_minus_proposed_rate,PRE_R10_SUPPORTING_DESCRIPTIVE_RESULT_AWARE__NO_NEW_CONFIRMATORY_INFERENCE
13,E1_ROLLING__DT-RAMDE_TS2_FULL__VS__MATCHED_SHADE_STYLE_PARETO,E1_ROLLING,REJECT_SAFETY_FILTER,RR-SHOCK/2,5,-0.069999999999999993,-0.069999999999999993,-0.069999999999999993,comparator_rate_minus_proposed_rate,PRE_R10_SUPPORTING_DESCRIPTIVE_RESULT_AWARE__NO_NEW_CONFIRMATORY_INFERENCE
13,E1_ROLLING__DT-RAMDE_TS2_FULL__VS__MATCHED_SHADE_STYLE_PARETO,E1_ROLLING,REJECT_BUDGET_NO_FEASIBLE,RR-SHOCK/2,5,0,0,0,comparator_rate_minus_proposed_rate,PRE_R10_SUPPORTING_DESCRIPTIVE_RESULT_AWARE__NO_NEW_CONFIRMATORY_INFERENCE
13,E1_ROLLING__DT-RAMDE_TS2_FULL__VS__MATCHED_SHADE_STYLE_PARETO,E1_ROLLING,REJECT_NUMERICAL,RR-SHOCK/2,5,0,0,0,comparator_rate_minus_proposed_rate,PRE_R10_SUPPORTING_DESCRIPTIVE_RESULT_AWARE__NO_NEW_CONFIRMATORY_INFERENCE
13,E1_ROLLING__DT-RAMDE_TS2_FULL__VS__MATCHED_SHADE_STYLE_PARETO,E1_ROLLING,OTHER_NONACCEPTED,RR-SHOCK/2,5,0,0,0,comparator_rate_minus_proposed_rate,PRE_R10_SUPPORTING_DESCRIPTIVE_RESULT_AWARE__NO_NEW_CONFIRMATORY_INFERENCE
13,E1_ROLLING__DT-RAMDE_TS2_FULL__VS__MATCHED_SHADE_STYLE_PARETO,E1_ROLLING,FAILURE_RATE,RR-SHOCK/3,5,-0.48000000000000009,-0.48000000000000009,-0.48000000000000009,comparator_rate_minus_proposed_rate,PRE_R10_SUPPORTING_DESCRIPTIVE_RESULT_AWARE__NO_NEW_CONFIRMATORY_INFERENCE
13,E1_ROLLING__DT-RAMDE_TS2_FULL__VS__MATCHED_SHADE_STYLE_PARETO,E1_ROLLING,REJECT_SAFETY_FILTER,RR-SHOCK/3,5,-0.27999999999999997,-0.27999999999999997,-0.27999999999999997,comparator_rate_minus_proposed_rate,PRE_R10_SUPPORTING_DESCRIPTIVE_RESULT_AWARE__NO_NEW_CONFIRMATORY_INFERENCE
13,E1_ROLLING__DT-RAMDE_TS2_FULL__VS__MATCHED_SHADE_STYLE_PARETO,E1_ROLLING,REJECT_BUDGET_NO_FEASIBLE,RR-SHOCK/3,5,-0.20000000000000001,-0.20000000000000001,-0.20000000000000001,comparator_rate_minus_proposed_rate,PRE_R10_SUPPORTING_DESCRIPTIVE_RESULT_AWARE__NO_NEW_CONFIRMATORY_INFERENCE
13,E1_ROLLING__DT-RAMDE_TS2_FULL__VS__MATCHED_SHADE_STYLE_PARETO,E1_ROLLING,REJECT_NUMERICAL,RR-SHOCK/3,5,0,0,0,comparator_rate_minus_proposed_rate,PRE_R10_SUPPORTING_DESCRIPTIVE_RESULT_AWARE__NO_NEW_CONFIRMATORY_INFERENCE
13,E1_ROLLING__DT-RAMDE_TS2_FULL__VS__MATCHED_SHADE_STYLE_PARETO,E1_ROLLING,OTHER_NONACCEPTED,RR-SHOCK/3,5,0,0,0,comparator_rate_minus_proposed_rate,PRE_R10_SUPPORTING_DESCRIPTIVE_RESULT_AWARE__NO_NEW_CONFIRMATORY_INFERENCE
13,E1_ROLLING__DT-RAMDE_TS2_FULL__VS__MATCHED_SHADE_STYLE_PARETO,E1_ROLLING,FAILURE_RATE,RR-SHOCK/4,5,-0.089999999999999997,-0.089999999999999997,-0.089999999999999997,comparator_rate_minus_proposed_rate,PRE_R10_SUPPORTING_DESCRIPTIVE_RESULT_AWARE__NO_NEW_CONFIRMATORY_INFERENCE
13,E1_ROLLING__DT-RAMDE_TS2_FULL__VS__MATCHED_SHADE_STYLE_PARETO,E1_ROLLING,REJECT_SAFETY_FILTER,RR-SHOCK/4,5,-0.089999999999999997,-0.089999999999999997,-0.089999999999999997,comparator_rate_minus_proposed_rate,PRE_R10_SUPPORTING_DESCRIPTIVE_RESULT_AWARE__NO_NEW_CONFIRMATORY_INFERENCE
13,E1_ROLLING__DT-RAMDE_TS2_FULL__VS__MATCHED_SHADE_STYLE_PARETO,E1_ROLLING,REJECT_BUDGET_NO_FEASIBLE,RR-SHOCK/4,5,0,0,0,comparator_rate_minus_proposed_rate,PRE_R10_SUPPORTING_DESCRIPTIVE_RESULT_AWARE__NO_NEW_CONFIRMATORY_INFERENCE
13,E1_ROLLING__DT-RAMDE_TS2_FULL__VS__MATCHED_SHADE_STYLE_PARETO,E1_ROLLING,REJECT_NUMERICAL,RR-SHOCK/4,5,0,0,0,comparator_rate_minus_proposed_rate,PRE_R10_SUPPORTING_DESCRIPTIVE_RESULT_AWARE__NO_NEW_CONFIRMATORY_INFERENCE
13,E1_ROLLING__DT-RAMDE_TS2_FULL__VS__MATCHED_SHADE_STYLE_PARETO,E1_ROLLING,OTHER_NONACCEPTED,RR-SHOCK/4,5,0,0,0,comparator_rate_minus_proposed_rate,PRE_R10_SUPPORTING_DESCRIPTIVE_RESULT_AWARE__NO_NEW_CONFIRMATORY_INFERENCE
13,E1_ROLLING__DT-RAMDE_TS2_FULL__VS__MATCHED_SHADE_STYLE_PARETO,E1_ROLLING,FAILURE_RATE,RR-SHOCK/5,5,-0.26000000000000001,-0.26000000000000001,-0.26000000000000001,comparator_rate_minus_proposed_rate,PRE_R10_SUPPORTING_DESCRIPTIVE_RESULT_AWARE__NO_NEW_CONFIRMATORY_INFERENCE
13,E1_ROLLING__DT-RAMDE_TS2_FULL__VS__MATCHED_SHADE_STYLE_PARETO,E1_ROLLING,REJECT_SAFETY_FILTER,RR-SHOCK/5,5,-0.26000000000000001,-0.26000000000000001,-0.26000000000000001,comparator_rate_minus_proposed_rate,PRE_R10_SUPPORTING_DESCRIPTIVE_RESULT_AWARE__NO_NEW_CONFIRMATORY_INFERENCE
13,E1_ROLLING__DT-RAMDE_TS2_FULL__VS__MATCHED_SHADE_STYLE_PARETO,E1_ROLLING,REJECT_BUDGET_NO_FEASIBLE,RR-SHOCK/5,5,0,0,0,comparator_rate_minus_proposed_rate,PRE_R10_SUPPORTING_DESCRIPTIVE_RESULT_AWARE__NO_NEW_CONFIRMATORY_INFERENCE
13,E1_ROLLING__DT-RAMDE_TS2_FULL__VS__MATCHED_SHADE_STYLE_PARETO,E1_ROLLING,REJECT_NUMERICAL,RR-SHOCK/5,5,0,0,0,comparator_rate_minus_proposed_rate,PRE_R10_SUPPORTING_DESCRIPTIVE_RESULT_AWARE__NO_NEW_CONFIRMATORY_INFERENCE
13,E1_ROLLING__DT-RAMDE_TS2_FULL__VS__MATCHED_SHADE_STYLE_PARETO,E1_ROLLING,OTHER_NONACCEPTED,RR-SHOCK/5,5,-1.6653345369377347e-17,-1.6653345369377347e-17,-1.6653345369377347e-17,comparator_rate_minus_proposed_rate,PRE_R10_SUPPORTING_DESCRIPTIVE_RESULT_AWARE__NO_NEW_CONFIRMATORY_INFERENCE
13,E1_ROLLING__DT-RAMDE_TS2_FULL__VS__MATCHED_SHADE_STYLE_PARETO,E1_ROLLING,FAILURE_RATE,RR-SHOCK/6,5,-0.27999999999999997,-0.27999999999999997,-0.27999999999999997,comparator_rate_minus_proposed_rate,PRE_R10_SUPPORTING_DESCRIPTIVE_RESULT_AWARE__NO_NEW_CONFIRMATORY_INFERENCE
13,E1_ROLLING__DT-RAMDE_TS2_FULL__VS__MATCHED_SHADE_STYLE_PARETO,E1_ROLLING,REJECT_SAFETY_FILTER,RR-SHOCK/6,5,-0.21000000000000002,-0.21000000000000002,-0.21000000000000002,comparator_rate_minus_proposed_rate,PRE_R10_SUPPORTING_DESCRIPTIVE_RESULT_AWARE__NO_NEW_CONFIRMATORY_INFERENCE
13,E1_ROLLING__DT-RAMDE_TS2_FULL__VS__MATCHED_SHADE_STYLE_PARETO,E1_ROLLING,REJECT_BUDGET_NO_FEASIBLE,RR-SHOCK/6,5,-0.069999999999999993,-0.069999999999999993,-0.069999999999999993,comparator_rate_minus_proposed_rate,PRE_R10_SUPPORTING_DESCRIPTIVE_RESULT_AWARE__NO_NEW_CONFIRMATORY_INFERENCE
13,E1_ROLLING__DT-RAMDE_TS2_FULL__VS__MATCHED_SHADE_STYLE_PARETO,E1_ROLLING,REJECT_NUMERICAL,RR-SHOCK/6,5,0,0,0,comparator_rate_minus_proposed_rate,PRE_R10_SUPPORTING_DESCRIPTIVE_RESULT_AWARE__NO_NEW_CONFIRMATORY_INFERENCE
13,E1_ROLLING__DT-RAMDE_TS2_FULL__VS__MATCHED_SHADE_STYLE_PARETO,E1_ROLLING,OTHER_NONACCEPTED,RR-SHOCK/6,5,0,0,0,comparator_rate_minus_proposed_rate,PRE_R10_SUPPORTING_DESCRIPTIVE_RESULT_AWARE__NO_NEW_CONFIRMATORY_INFERENCE
13,E1_ROLLING__DT-RAMDE_TS2_FULL__VS__MATCHED_SHADE_STYLE_PARETO,E1_ROLLING,FAILURE_RATE,RR-SHOCK/7,5,0,0,0,comparator_rate_minus_proposed_rate,PRE_R10_SUPPORTING_DESCRIPTIVE_RESULT_AWARE__NO_NEW_CONFIRMATORY_INFERENCE
13,E1_ROLLING__DT-RAMDE_TS2_FULL__VS__MATCHED_SHADE_STYLE_PARETO,E1_ROLLING,REJECT_SAFETY_FILTER,RR-SHOCK/7,5,0,0,0,comparator_rate_minus_proposed_rate,PRE_R10_SUPPORTING_DESCRIPTIVE_RESULT_AWARE__NO_NEW_CONFIRMATORY_INFERENCE
13,E1_ROLLING__DT-RAMDE_TS2_FULL__VS__MATCHED_SHADE_STYLE_PARETO,E1_ROLLING,REJECT_BUDGET_NO_FEASIBLE,RR-SHOCK/7,5,0,0,0,comparator_rate_minus_proposed_rate,PRE_R10_SUPPORTING_DESCRIPTIVE_RESULT_AWARE__NO_NEW_CONFIRMATORY_INFERENCE
13,E1_ROLLING__DT-RAMDE_TS2_FULL__VS__MATCHED_SHADE_STYLE_PARETO,E1_ROLLING,REJECT_NUMERICAL,RR-SHOCK/7,5,0,0,0,comparator_rate_minus_proposed_rate,PRE_R10_SUPPORTING_DESCRIPTIVE_RESULT_AWARE__NO_NEW_CONFIRMATORY_INFERENCE
13,E1_ROLLING__DT-RAMDE_TS2_FULL__VS__MATCHED_SHADE_STYLE_PARETO,E1_ROLLING,OTHER_NONACCEPTED,RR-SHOCK/7,5,0,0,0,comparator_rate_minus_proposed_rate,PRE_R10_SUPPORTING_DESCRIPTIVE_RESULT_AWARE__NO_NEW_CONFIRMATORY_INFERENCE
13,E1_ROLLING__DT-RAMDE_TS2_FULL__VS__MATCHED_SHADE_STYLE_PARETO,E1_ROLLING,FAILURE_RATE,RR-SMOOTH/0,5,-0.02,-0.02,-0.02,comparator_rate_minus_proposed_rate,PRE_R10_SUPPORTING_DESCRIPTIVE_RESULT_AWARE__NO_NEW_CONFIRMATORY_INFERENCE
13,E1_ROLLING__DT-RAMDE_TS2_FULL__VS__MATCHED_SHADE_STYLE_PARETO,E1_ROLLING,REJECT_SAFETY_FILTER,RR-SMOOTH/0,5,-0.02,-0.02,-0.02,comparator_rate_minus_proposed_rate,PRE_R10_SUPPORTING_DESCRIPTIVE_RESULT_AWARE__NO_NEW_CONFIRMATORY_INFERENCE
13,E1_ROLLING__DT-RAMDE_TS2_FULL__VS__MATCHED_SHADE_STYLE_PARETO,E1_ROLLING,REJECT_BUDGET_NO_FEASIBLE,RR-SMOOTH/0,5,0,0,0,comparator_rate_minus_proposed_rate,PRE_R10_SUPPORTING_DESCRIPTIVE_RESULT_AWARE__NO_NEW_CONFIRMATORY_INFERENCE
13,E1_ROLLING__DT-RAMDE_TS2_FULL__VS__MATCHED_SHADE_STYLE_PARETO,E1_ROLLING,REJECT_NUMERICAL,RR-SMOOTH/0,5,0,0,0,comparator_rate_minus_proposed_rate,PRE_R10_SUPPORTING_DESCRIPTIVE_RESULT_AWARE__NO_NEW_CONFIRMATORY_INFERENCE
13,E1_ROLLING__DT-RAMDE_TS2_FULL__VS__MATCHED_SHADE_STYLE_PARETO,E1_ROLLING,OTHER_NONACCEPTED,RR-SMOOTH/0,5,0,0,0,comparator_rate_minus_proposed_rate,PRE_R10_SUPPORTING_DESCRIPTIVE_RESULT_AWARE__NO_NEW_CONFIRMATORY_INFERENCE
13,E1_ROLLING__DT-RAMDE_TS2_FULL__VS__MATCHED_SHADE_STYLE_PARETO,E1_ROLLING,FAILURE_RATE,RR-SMOOTH/1,5,-0.55999999999999994,-0.55999999999999994,-0.55999999999999994,comparator_rate_minus_proposed_rate,PRE_R10_SUPPORTING_DESCRIPTIVE_RESULT_AWARE__NO_NEW_CONFIRMATORY_INFERENCE
13,E1_ROLLING__DT-RAMDE_TS2_FULL__VS__MATCHED_SHADE_STYLE_PARETO,E1_ROLLING,REJECT_SAFETY_FILTER,RR-SMOOTH/1,5,-0.47999999999999998,-0.47999999999999998,-0.47999999999999998,comparator_rate_minus_proposed_rate,PRE_R10_SUPPORTING_DESCRIPTIVE_RESULT_AWARE__NO_NEW_CONFIRMATORY_INFERENCE
13,E1_ROLLING__DT-RAMDE_TS2_FULL__VS__MATCHED_SHADE_STYLE_PARETO,E1_ROLLING,REJECT_BUDGET_NO_FEASIBLE,RR-SMOOTH/1,5,-0.080000000000000002,-0.080000000000000002,-0.080000000000000002,comparator_rate_minus_proposed_rate,PRE_R10_SUPPORTING_DESCRIPTIVE_RESULT_AWARE__NO_NEW_CONFIRMATORY_INFERENCE
13,E1_ROLLING__DT-RAMDE_TS2_FULL__VS__MATCHED_SHADE_STYLE_PARETO,E1_ROLLING,REJECT_NUMERICAL,RR-SMOOTH/1,5,0,0,0,comparator_rate_minus_proposed_rate,PRE_R10_SUPPORTING_DESCRIPTIVE_RESULT_AWARE__NO_NEW_CONFIRMATORY_INFERENCE
13,E1_ROLLING__DT-RAMDE_TS2_FULL__VS__MATCHED_SHADE_STYLE_PARETO,E1_ROLLING,OTHER_NONACCEPTED,RR-SMOOTH/1,5,0,0,0,comparator_rate_minus_proposed_rate,PRE_R10_SUPPORTING_DESCRIPTIVE_RESULT_AWARE__NO_NEW_CONFIRMATORY_INFERENCE
13,E1_ROLLING__DT-RAMDE_TS2_FULL__VS__MATCHED_SHADE_STYLE_PARETO,E1_ROLLING,FAILURE_RATE,RR-SMOOTH/2,5,0,0,0,comparator_rate_minus_proposed_rate,PRE_R10_SUPPORTING_DESCRIPTIVE_RESULT_AWARE__NO_NEW_CONFIRMATORY_INFERENCE
13,E1_ROLLING__DT-RAMDE_TS2_FULL__VS__MATCHED_SHADE_STYLE_PARETO,E1_ROLLING,REJECT_SAFETY_FILTER,RR-SMOOTH/2,5,0,0,0,comparator_rate_minus_proposed_rate,PRE_R10_SUPPORTING_DESCRIPTIVE_RESULT_AWARE__NO_NEW_CONFIRMATORY_INFERENCE
13,E1_ROLLING__DT-RAMDE_TS2_FULL__VS__MATCHED_SHADE_STYLE_PARETO,E1_ROLLING,REJECT_BUDGET_NO_FEASIBLE,RR-SMOOTH/2,5,0,0,0,comparator_rate_minus_proposed_rate,PRE_R10_SUPPORTING_DESCRIPTIVE_RESULT_AWARE__NO_NEW_CONFIRMATORY_INFERENCE
13,E1_ROLLING__DT-RAMDE_TS2_FULL__VS__MATCHED_SHADE_STYLE_PARETO,E1_ROLLING,REJECT_NUMERICAL,RR-SMOOTH/2,5,0,0,0,comparator_rate_minus_proposed_rate,PRE_R10_SUPPORTING_DESCRIPTIVE_RESULT_AWARE__NO_NEW_CONFIRMATORY_INFERENCE
13,E1_ROLLING__DT-RAMDE_TS2_FULL__VS__MATCHED_SHADE_STYLE_PARETO,E1_ROLLING,OTHER_NONACCEPTED,RR-SMOOTH/2,5,0,0,0,comparator_rate_minus_proposed_rate,PRE_R10_SUPPORTING_DESCRIPTIVE_RESULT_AWARE__NO_NEW_CONFIRMATORY_INFERENCE
13,E1_ROLLING__DT-RAMDE_TS2_FULL__VS__MATCHED_SHADE_STYLE_PARETO,E1_ROLLING,FAILURE_RATE,RR-SMOOTH/3,5,-0.030000000000000006,-0.030000000000000006,-0.030000000000000006,comparator_rate_minus_proposed_rate,PRE_R10_SUPPORTING_DESCRIPTIVE_RESULT_AWARE__NO_NEW_CONFIRMATORY_INFERENCE
13,E1_ROLLING__DT-RAMDE_TS2_FULL__VS__MATCHED_SHADE_STYLE_PARETO,E1_ROLLING,REJECT_SAFETY_FILTER,RR-SMOOTH/3,5,-0.030000000000000006,-0.030000000000000006,-0.030000000000000006,comparator_rate_minus_proposed_rate,PRE_R10_SUPPORTING_DESCRIPTIVE_RESULT_AWARE__NO_NEW_CONFIRMATORY_INFERENCE
13,E1_ROLLING__DT-RAMDE_TS2_FULL__VS__MATCHED_SHADE_STYLE_PARETO,E1_ROLLING,REJECT_BUDGET_NO_FEASIBLE,RR-SMOOTH/3,5,0,0,0,comparator_rate_minus_proposed_rate,PRE_R10_SUPPORTING_DESCRIPTIVE_RESULT_AWARE__NO_NEW_CONFIRMATORY_INFERENCE
13,E1_ROLLING__DT-RAMDE_TS2_FULL__VS__MATCHED_SHADE_STYLE_PARETO,E1_ROLLING,REJECT_NUMERICAL,RR-SMOOTH/3,5,0,0,0,comparator_rate_minus_proposed_rate,PRE_R10_SUPPORTING_DESCRIPTIVE_RESULT_AWARE__NO_NEW_CONFIRMATORY_INFERENCE
13,E1_ROLLING__DT-RAMDE_TS2_FULL__VS__MATCHED_SHADE_STYLE_PARETO,E1_ROLLING,OTHER_NONACCEPTED,RR-SMOOTH/3,5,0,0,0,comparator_rate_minus_proposed_rate,PRE_R10_SUPPORTING_DESCRIPTIVE_RESULT_AWARE__NO_NEW_CONFIRMATORY_INFERENCE
13,E1_ROLLING__DT-RAMDE_TS2_FULL__VS__MATCHED_SHADE_STYLE_PARETO,E1_ROLLING,FAILURE_RATE,RR-SMOOTH/4,5,-0.3899999999999999,-0.3899999999999999,-0.3899999999999999,comparator_rate_minus_proposed_rate,PRE_R10_SUPPORTING_DESCRIPTIVE_RESULT_AWARE__NO_NEW_CONFIRMATORY_INFERENCE
13,E1_ROLLING__DT-RAMDE_TS2_FULL__VS__MATCHED_SHADE_STYLE_PARETO,E1_ROLLING,REJECT_SAFETY_FILTER,RR-SMOOTH/4,5,-0.29999999999999999,-0.29999999999999999,-0.29999999999999999,comparator_rate_minus_proposed_rate,PRE_R10_SUPPORTING_DESCRIPTIVE_RESULT_AWARE__NO_NEW_CONFIRMATORY_INFERENCE
13,E1_ROLLING__DT-RAMDE_TS2_FULL__VS__MATCHED_SHADE_STYLE_PARETO,E1_ROLLING,REJECT_BUDGET_NO_FEASIBLE,RR-SMOOTH/4,5,-0.089999999999999997,-0.089999999999999997,-0.089999999999999997,comparator_rate_minus_proposed_rate,PRE_R10_SUPPORTING_DESCRIPTIVE_RESULT_AWARE__NO_NEW_CONFIRMATORY_INFERENCE
13,E1_ROLLING__DT-RAMDE_TS2_FULL__VS__MATCHED_SHADE_STYLE_PARETO,E1_ROLLING,REJECT_NUMERICAL,RR-SMOOTH/4,5,0,0,0,comparator_rate_minus_proposed_rate,PRE_R10_SUPPORTING_DESCRIPTIVE_RESULT_AWARE__NO_NEW_CONFIRMATORY_INFERENCE
13,E1_ROLLING__DT-RAMDE_TS2_FULL__VS__MATCHED_SHADE_STYLE_PARETO,E1_ROLLING,OTHER_NONACCEPTED,RR-SMOOTH/4,5,2.2204460492503132e-17,2.2204460492503132e-17,2.2204460492503132e-17,comparator_rate_minus_proposed_rate,PRE_R10_SUPPORTING_DESCRIPTIVE_RESULT_AWARE__NO_NEW_CONFIRMATORY_INFERENCE
13,E1_ROLLING__DT-RAMDE_TS2_FULL__VS__MATCHED_SHADE_STYLE_PARETO,E1_ROLLING,FAILURE_RATE,RR-SMOOTH/5,5,-0.02,-0.02,-0.02,comparator_rate_minus_proposed_rate,PRE_R10_SUPPORTING_DESCRIPTIVE_RESULT_AWARE__NO_NEW_CONFIRMATORY_INFERENCE
13,E1_ROLLING__DT-RAMDE_TS2_FULL__VS__MATCHED_SHADE_STYLE_PARETO,E1_ROLLING,REJECT_SAFETY_FILTER,RR-SMOOTH/5,5,-0.02,-0.02,-0.02,comparator_rate_minus_proposed_rate,PRE_R10_SUPPORTING_DESCRIPTIVE_RESULT_AWARE__NO_NEW_CONFIRMATORY_INFERENCE
13,E1_ROLLING__DT-RAMDE_TS2_FULL__VS__MATCHED_SHADE_STYLE_PARETO,E1_ROLLING,REJECT_BUDGET_NO_FEASIBLE,RR-SMOOTH/5,5,0,0,0,comparator_rate_minus_proposed_rate,PRE_R10_SUPPORTING_DESCRIPTIVE_RESULT_AWARE__NO_NEW_CONFIRMATORY_INFERENCE
13,E1_ROLLING__DT-RAMDE_TS2_FULL__VS__MATCHED_SHADE_STYLE_PARETO,E1_ROLLING,REJECT_NUMERICAL,RR-SMOOTH/5,5,0,0,0,comparator_rate_minus_proposed_rate,PRE_R10_SUPPORTING_DESCRIPTIVE_RESULT_AWARE__NO_NEW_CONFIRMATORY_INFERENCE
13,E1_ROLLING__DT-RAMDE_TS2_FULL__VS__MATCHED_SHADE_STYLE_PARETO,E1_ROLLING,OTHER_NONACCEPTED,RR-SMOOTH/5,5,0,0,0,comparator_rate_minus_proposed_rate,PRE_R10_SUPPORTING_DESCRIPTIVE_RESULT_AWARE__NO_NEW_CONFIRMATORY_INFERENCE
13,E1_ROLLING__DT-RAMDE_TS2_FULL__VS__MATCHED_SHADE_STYLE_PARETO,E1_ROLLING,FAILURE_RATE,RR-SMOOTH/6,5,-0.55000000000000004,-0.55000000000000004,-0.55000000000000004,comparator_rate_minus_proposed_rate,PRE_R10_SUPPORTING_DESCRIPTIVE_RESULT_AWARE__NO_NEW_CONFIRMATORY_INFERENCE
13,E1_ROLLING__DT-RAMDE_TS2_FULL__VS__MATCHED_SHADE_STYLE_PARETO,E1_ROLLING,REJECT_SAFETY_FILTER,RR-SMOOTH/6,5,-0.32000000000000001,-0.32000000000000001,-0.32000000000000001,comparator_rate_minus_proposed_rate,PRE_R10_SUPPORTING_DESCRIPTIVE_RESULT_AWARE__NO_NEW_CONFIRMATORY_INFERENCE
13,E1_ROLLING__DT-RAMDE_TS2_FULL__VS__MATCHED_SHADE_STYLE_PARETO,E1_ROLLING,REJECT_BUDGET_NO_FEASIBLE,RR-SMOOTH/6,5,-0.22999999999999998,-0.22999999999999998,-0.22999999999999998,comparator_rate_minus_proposed_rate,PRE_R10_SUPPORTING_DESCRIPTIVE_RESULT_AWARE__NO_NEW_CONFIRMATORY_INFERENCE
13,E1_ROLLING__DT-RAMDE_TS2_FULL__VS__MATCHED_SHADE_STYLE_PARETO,E1_ROLLING,REJECT_NUMERICAL,RR-SMOOTH/6,5,0,0,0,comparator_rate_minus_proposed_rate,PRE_R10_SUPPORTING_DESCRIPTIVE_RESULT_AWARE__NO_NEW_CONFIRMATORY_INFERENCE
13,E1_ROLLING__DT-RAMDE_TS2_FULL__VS__MATCHED_SHADE_STYLE_PARETO,E1_ROLLING,OTHER_NONACCEPTED,RR-SMOOTH/6,5,0,0,0,comparator_rate_minus_proposed_rate,PRE_R10_SUPPORTING_DESCRIPTIVE_RESULT_AWARE__NO_NEW_CONFIRMATORY_INFERENCE
13,E1_ROLLING__DT-RAMDE_TS2_FULL__VS__MATCHED_SHADE_STYLE_PARETO,E1_ROLLING,FAILURE_RATE,RR-SMOOTH/7,5,-0.089999999999999997,-0.089999999999999997,-0.089999999999999997,comparator_rate_minus_proposed_rate,PRE_R10_SUPPORTING_DESCRIPTIVE_RESULT_AWARE__NO_NEW_CONFIRMATORY_INFERENCE
13,E1_ROLLING__DT-RAMDE_TS2_FULL__VS__MATCHED_SHADE_STYLE_PARETO,E1_ROLLING,REJECT_SAFETY_FILTER,RR-SMOOTH/7,5,-0.089999999999999997,-0.089999999999999997,-0.089999999999999997,comparator_rate_minus_proposed_rate,PRE_R10_SUPPORTING_DESCRIPTIVE_RESULT_AWARE__NO_NEW_CONFIRMATORY_INFERENCE
13,E1_ROLLING__DT-RAMDE_TS2_FULL__VS__MATCHED_SHADE_STYLE_PARETO,E1_ROLLING,REJECT_BUDGET_NO_FEASIBLE,RR-SMOOTH/7,5,0,0,0,comparator_rate_minus_proposed_rate,PRE_R10_SUPPORTING_DESCRIPTIVE_RESULT_AWARE__NO_NEW_CONFIRMATORY_INFERENCE
13,E1_ROLLING__DT-RAMDE_TS2_FULL__VS__MATCHED_SHADE_STYLE_PARETO,E1_ROLLING,REJECT_NUMERICAL,RR-SMOOTH/7,5,0,0,0,comparator_rate_minus_proposed_rate,PRE_R10_SUPPORTING_DESCRIPTIVE_RESULT_AWARE__NO_NEW_CONFIRMATORY_INFERENCE
13,E1_ROLLING__DT-RAMDE_TS2_FULL__VS__MATCHED_SHADE_STYLE_PARETO,E1_ROLLING,OTHER_NONACCEPTED,RR-SMOOTH/7,5,0,0,0,comparator_rate_minus_proposed_rate,PRE_R10_SUPPORTING_DESCRIPTIVE_RESULT_AWARE__NO_NEW_CONFIRMATORY_INFERENCE
14,E1_ROLLING__DT-RAMDE_TS2_FULL__VS__JMETALPY_1_7_GDE3_STANDARD_PARETO_DE,E1_ROLLING,FAILURE_RATE,RR-INTERMITTENT/0,5,-0.25,-0.25,-0.25,comparator_rate_minus_proposed_rate,PRE_R10_SUPPORTING_DESCRIPTIVE_RESULT_AWARE__NO_NEW_CONFIRMATORY_INFERENCE
14,E1_ROLLING__DT-RAMDE_TS2_FULL__VS__JMETALPY_1_7_GDE3_STANDARD_PARETO_DE,E1_ROLLING,REJECT_SAFETY_FILTER,RR-INTERMITTENT/0,5,-0.25,-0.25,-0.25,comparator_rate_minus_proposed_rate,PRE_R10_SUPPORTING_DESCRIPTIVE_RESULT_AWARE__NO_NEW_CONFIRMATORY_INFERENCE
14,E1_ROLLING__DT-RAMDE_TS2_FULL__VS__JMETALPY_1_7_GDE3_STANDARD_PARETO_DE,E1_ROLLING,REJECT_BUDGET_NO_FEASIBLE,RR-INTERMITTENT/0,5,0,0,0,comparator_rate_minus_proposed_rate,PRE_R10_SUPPORTING_DESCRIPTIVE_RESULT_AWARE__NO_NEW_CONFIRMATORY_INFERENCE
14,E1_ROLLING__DT-RAMDE_TS2_FULL__VS__JMETALPY_1_7_GDE3_STANDARD_PARETO_DE,E1_ROLLING,REJECT_NUMERICAL,RR-INTERMITTENT/0,5,0,0,0,comparator_rate_minus_proposed_rate,PRE_R10_SUPPORTING_DESCRIPTIVE_RESULT_AWARE__NO_NEW_CONFIRMATORY_INFERENCE
14,E1_ROLLING__DT-RAMDE_TS2_FULL__VS__JMETALPY_1_7_GDE3_STANDARD_PARETO_DE,E1_ROLLING,OTHER_NONACCEPTED,RR-INTERMITTENT/0,5,0,0,0,comparator_rate_minus_proposed_rate,PRE_R10_SUPPORTING_DESCRIPTIVE_RESULT_AWARE__NO_NEW_CONFIRMATORY_INFERENCE
14,E1_ROLLING__DT-RAMDE_TS2_FULL__VS__JMETALPY_1_7_GDE3_STANDARD_PARETO_DE,E1_ROLLING,FAILURE_RATE,RR-INTERMITTENT/1,5,-0.060000000000000012,-0.060000000000000012,-0.060000000000000012,comparator_rate_minus_proposed_rate,PRE_R10_SUPPORTING_DESCRIPTIVE_RESULT_AWARE__NO_NEW_CONFIRMATORY_INFERENCE
14,E1_ROLLING__DT-RAMDE_TS2_FULL__VS__JMETALPY_1_7_GDE3_STANDARD_PARETO_DE,E1_ROLLING,REJECT_SAFETY_FILTER,RR-INTERMITTENT/1,5,-0.060000000000000012,-0.060000000000000012,-0.060000000000000012,comparator_rate_minus_proposed_rate,PRE_R10_SUPPORTING_DESCRIPTIVE_RESULT_AWARE__NO_NEW_CONFIRMATORY_INFERENCE
14,E1_ROLLING__DT-RAMDE_TS2_FULL__VS__JMETALPY_1_7_GDE3_STANDARD_PARETO_DE,E1_ROLLING,REJECT_BUDGET_NO_FEASIBLE,RR-INTERMITTENT/1,5,0,0,0,comparator_rate_minus_proposed_rate,PRE_R10_SUPPORTING_DESCRIPTIVE_RESULT_AWARE__NO_NEW_CONFIRMATORY_INFERENCE
14,E1_ROLLING__DT-RAMDE_TS2_FULL__VS__JMETALPY_1_7_GDE3_STANDARD_PARETO_DE,E1_ROLLING,REJECT_NUMERICAL,RR-INTERMITTENT/1,5,0,0,0,comparator_rate_minus_proposed_rate,PRE_R10_SUPPORTING_DESCRIPTIVE_RESULT_AWARE__NO_NEW_CONFIRMATORY_INFERENCE
14,E1_ROLLING__DT-RAMDE_TS2_FULL__VS__JMETALPY_1_7_GDE3_STANDARD_PARETO_DE,E1_ROLLING,OTHER_NONACCEPTED,RR-INTERMITTENT/1,5,0,0,0,comparator_rate_minus_proposed_rate,PRE_R10_SUPPORTING_DESCRIPTIVE_RESULT_AWARE__NO_NEW_CONFIRMATORY_INFERENCE
14,E1_ROLLING__DT-RAMDE_TS2_FULL__VS__JMETALPY_1_7_GDE3_STANDARD_PARETO_DE,E1_ROLLING,FAILURE_RATE,RR-INTERMITTENT/2,5,-0.070000000000000007,-0.070000000000000007,-0.070000000000000007,comparator_rate_minus_proposed_rate,PRE_R10_SUPPORTING_DESCRIPTIVE_RESULT_AWARE__NO_NEW_CONFIRMATORY_INFERENCE
14,E1_ROLLING__DT-RAMDE_TS2_FULL__VS__JMETALPY_1_7_GDE3_STANDARD_PARETO_DE,E1_ROLLING,REJECT_SAFETY_FILTER,RR-INTERMITTENT/2,5,-0.070000000000000007,-0.070000000000000007,-0.070000000000000007,comparator_rate_minus_proposed_rate,PRE_R10_SUPPORTING_DESCRIPTIVE_RESULT_AWARE__NO_NEW_CONFIRMATORY_INFERENCE
14,E1_ROLLING__DT-RAMDE_TS2_FULL__VS__JMETALPY_1_7_GDE3_STANDARD_PARETO_DE,E1_ROLLING,REJECT_BUDGET_NO_FEASIBLE,RR-INTERMITTENT/2,5,0,0,0,comparator_rate_minus_proposed_rate,PRE_R10_SUPPORTING_DESCRIPTIVE_RESULT_AWARE__NO_NEW_CONFIRMATORY_INFERENCE
14,E1_ROLLING__DT-RAMDE_TS2_FULL__VS__JMETALPY_1_7_GDE3_STANDARD_PARETO_DE,E1_ROLLING,REJECT_NUMERICAL,RR-INTERMITTENT/2,5,0,0,0,comparator_rate_minus_proposed_rate,PRE_R10_SUPPORTING_DESCRIPTIVE_RESULT_AWARE__NO_NEW_CONFIRMATORY_INFERENCE
14,E1_ROLLING__DT-RAMDE_TS2_FULL__VS__JMETALPY_1_7_GDE3_STANDARD_PARETO_DE,E1_ROLLING,OTHER_NONACCEPTED,RR-INTERMITTENT/2,5,0,0,0,comparator_rate_minus_proposed_rate,PRE_R10_SUPPORTING_DESCRIPTIVE_RESULT_AWARE__NO_NEW_CONFIRMATORY_INFERENCE
14,E1_ROLLING__DT-RAMDE_TS2_FULL__VS__JMETALPY_1_7_GDE3_STANDARD_PARETO_DE,E1_ROLLING,FAILURE_RATE,RR-INTERMITTENT/3,5,-0.47000000000000003,-0.47000000000000003,-0.47000000000000003,comparator_rate_minus_proposed_rate,PRE_R10_SUPPORTING_DESCRIPTIVE_RESULT_AWARE__NO_NEW_CONFIRMATORY_INFERENCE
14,E1_ROLLING__DT-RAMDE_TS2_FULL__VS__JMETALPY_1_7_GDE3_STANDARD_PARETO_DE,E1_ROLLING,REJECT_SAFETY_FILTER,RR-INTERMITTENT/3,5,-0.29999999999999999,-0.29999999999999999,-0.29999999999999999,comparator_rate_minus_proposed_rate,PRE_R10_SUPPORTING_DESCRIPTIVE_RESULT_AWARE__NO_NEW_CONFIRMATORY_INFERENCE
14,E1_ROLLING__DT-RAMDE_TS2_FULL__VS__JMETALPY_1_7_GDE3_STANDARD_PARETO_DE,E1_ROLLING,REJECT_BUDGET_NO_FEASIBLE,RR-INTERMITTENT/3,5,-0.16999999999999998,-0.16999999999999998,-0.16999999999999998,comparator_rate_minus_proposed_rate,PRE_R10_SUPPORTING_DESCRIPTIVE_RESULT_AWARE__NO_NEW_CONFIRMATORY_INFERENCE
14,E1_ROLLING__DT-RAMDE_TS2_FULL__VS__JMETALPY_1_7_GDE3_STANDARD_PARETO_DE,E1_ROLLING,REJECT_NUMERICAL,RR-INTERMITTENT/3,5,0,0,0,comparator_rate_minus_proposed_rate,PRE_R10_SUPPORTING_DESCRIPTIVE_RESULT_AWARE__NO_NEW_CONFIRMATORY_INFERENCE
14,E1_ROLLING__DT-RAMDE_TS2_FULL__VS__JMETALPY_1_7_GDE3_STANDARD_PARETO_DE,E1_ROLLING,OTHER_NONACCEPTED,RR-INTERMITTENT/3,5,0,0,0,comparator_rate_minus_proposed_rate,PRE_R10_SUPPORTING_DESCRIPTIVE_RESULT_AWARE__NO_NEW_CONFIRMATORY_INFERENCE
14,E1_ROLLING__DT-RAMDE_TS2_FULL__VS__JMETALPY_1_7_GDE3_STANDARD_PARETO_DE,E1_ROLLING,FAILURE_RATE,RR-INTERMITTENT/4,5,-0.089999999999999997,-0.089999999999999997,-0.089999999999999997,comparator_rate_minus_proposed_rate,PRE_R10_SUPPORTING_DESCRIPTIVE_RESULT_AWARE__NO_NEW_CONFIRMATORY_INFERENCE
14,E1_ROLLING__DT-RAMDE_TS2_FULL__VS__JMETALPY_1_7_GDE3_STANDARD_PARETO_DE,E1_ROLLING,REJECT_SAFETY_FILTER,RR-INTERMITTENT/4,5,-0.089999999999999997,-0.089999999999999997,-0.089999999999999997,comparator_rate_minus_proposed_rate,PRE_R10_SUPPORTING_DESCRIPTIVE_RESULT_AWARE__NO_NEW_CONFIRMATORY_INFERENCE
14,E1_ROLLING__DT-RAMDE_TS2_FULL__VS__JMETALPY_1_7_GDE3_STANDARD_PARETO_DE,E1_ROLLING,REJECT_BUDGET_NO_FEASIBLE,RR-INTERMITTENT/4,5,0,0,0,comparator_rate_minus_proposed_rate,PRE_R10_SUPPORTING_DESCRIPTIVE_RESULT_AWARE__NO_NEW_CONFIRMATORY_INFERENCE
14,E1_ROLLING__DT-RAMDE_TS2_FULL__VS__JMETALPY_1_7_GDE3_STANDARD_PARETO_DE,E1_ROLLING,REJECT_NUMERICAL,RR-INTERMITTENT/4,5,0,0,0,comparator_rate_minus_proposed_rate,PRE_R10_SUPPORTING_DESCRIPTIVE_RESULT_AWARE__NO_NEW_CONFIRMATORY_INFERENCE
14,E1_ROLLING__DT-RAMDE_TS2_FULL__VS__JMETALPY_1_7_GDE3_STANDARD_PARETO_DE,E1_ROLLING,OTHER_NONACCEPTED,RR-INTERMITTENT/4,5,0,0,0,comparator_rate_minus_proposed_rate,PRE_R10_SUPPORTING_DESCRIPTIVE_RESULT_AWARE__NO_NEW_CONFIRMATORY_INFERENCE
14,E1_ROLLING__DT-RAMDE_TS2_FULL__VS__JMETALPY_1_7_GDE3_STANDARD_PARETO_DE,E1_ROLLING,FAILURE_RATE,RR-INTERMITTENT/5,5,-0.26000000000000001,-0.26000000000000001,-0.26000000000000001,comparator_rate_minus_proposed_rate,PRE_R10_SUPPORTING_DESCRIPTIVE_RESULT_AWARE__NO_NEW_CONFIRMATORY_INFERENCE
14,E1_ROLLING__DT-RAMDE_TS2_FULL__VS__JMETALPY_1_7_GDE3_STANDARD_PARETO_DE,E1_ROLLING,REJECT_SAFETY_FILTER,RR-INTERMITTENT/5,5,-0.26000000000000001,-0.26000000000000001,-0.26000000000000001,comparator_rate_minus_proposed_rate,PRE_R10_SUPPORTING_DESCRIPTIVE_RESULT_AWARE__NO_NEW_CONFIRMATORY_INFERENCE
14,E1_ROLLING__DT-RAMDE_TS2_FULL__VS__JMETALPY_1_7_GDE3_STANDARD_PARETO_DE,E1_ROLLING,REJECT_BUDGET_NO_FEASIBLE,RR-INTERMITTENT/5,5,0,0,0,comparator_rate_minus_proposed_rate,PRE_R10_SUPPORTING_DESCRIPTIVE_RESULT_AWARE__NO_NEW_CONFIRMATORY_INFERENCE
14,E1_ROLLING__DT-RAMDE_TS2_FULL__VS__JMETALPY_1_7_GDE3_STANDARD_PARETO_DE,E1_ROLLING,REJECT_NUMERICAL,RR-INTERMITTENT/5,5,0,0,0,comparator_rate_minus_proposed_rate,PRE_R10_SUPPORTING_DESCRIPTIVE_RESULT_AWARE__NO_NEW_CONFIRMATORY_INFERENCE
14,E1_ROLLING__DT-RAMDE_TS2_FULL__VS__JMETALPY_1_7_GDE3_STANDARD_PARETO_DE,E1_ROLLING,OTHER_NONACCEPTED,RR-INTERMITTENT/5,5,0,0,0,comparator_rate_minus_proposed_rate,PRE_R10_SUPPORTING_DESCRIPTIVE_RESULT_AWARE__NO_NEW_CONFIRMATORY_INFERENCE
14,E1_ROLLING__DT-RAMDE_TS2_FULL__VS__JMETALPY_1_7_GDE3_STANDARD_PARETO_DE,E1_ROLLING,FAILURE_RATE,RR-INTERMITTENT/6,5,0,0,0,comparator_rate_minus_proposed_rate,PRE_R10_SUPPORTING_DESCRIPTIVE_RESULT_AWARE__NO_NEW_CONFIRMATORY_INFERENCE
14,E1_ROLLING__DT-RAMDE_TS2_FULL__VS__JMETALPY_1_7_GDE3_STANDARD_PARETO_DE,E1_ROLLING,REJECT_SAFETY_FILTER,RR-INTERMITTENT/6,5,0,0,0,comparator_rate_minus_proposed_rate,PRE_R10_SUPPORTING_DESCRIPTIVE_RESULT_AWARE__NO_NEW_CONFIRMATORY_INFERENCE
14,E1_ROLLING__DT-RAMDE_TS2_FULL__VS__JMETALPY_1_7_GDE3_STANDARD_PARETO_DE,E1_ROLLING,REJECT_BUDGET_NO_FEASIBLE,RR-INTERMITTENT/6,5,0,0,0,comparator_rate_minus_proposed_rate,PRE_R10_SUPPORTING_DESCRIPTIVE_RESULT_AWARE__NO_NEW_CONFIRMATORY_INFERENCE
14,E1_ROLLING__DT-RAMDE_TS2_FULL__VS__JMETALPY_1_7_GDE3_STANDARD_PARETO_DE,E1_ROLLING,REJECT_NUMERICAL,RR-INTERMITTENT/6,5,0,0,0,comparator_rate_minus_proposed_rate,PRE_R10_SUPPORTING_DESCRIPTIVE_RESULT_AWARE__NO_NEW_CONFIRMATORY_INFERENCE
14,E1_ROLLING__DT-RAMDE_TS2_FULL__VS__JMETALPY_1_7_GDE3_STANDARD_PARETO_DE,E1_ROLLING,OTHER_NONACCEPTED,RR-INTERMITTENT/6,5,0,0,0,comparator_rate_minus_proposed_rate,PRE_R10_SUPPORTING_DESCRIPTIVE_RESULT_AWARE__NO_NEW_CONFIRMATORY_INFERENCE
14,E1_ROLLING__DT-RAMDE_TS2_FULL__VS__JMETALPY_1_7_GDE3_STANDARD_PARETO_DE,E1_ROLLING,FAILURE_RATE,RR-INTERMITTENT/7,5,-0.49000000000000005,-0.49000000000000005,-0.49000000000000005,comparator_rate_minus_proposed_rate,PRE_R10_SUPPORTING_DESCRIPTIVE_RESULT_AWARE__NO_NEW_CONFIRMATORY_INFERENCE
14,E1_ROLLING__DT-RAMDE_TS2_FULL__VS__JMETALPY_1_7_GDE3_STANDARD_PARETO_DE,E1_ROLLING,REJECT_SAFETY_FILTER,RR-INTERMITTENT/7,5,-0.49000000000000005,-0.49000000000000005,-0.49000000000000005,comparator_rate_minus_proposed_rate,PRE_R10_SUPPORTING_DESCRIPTIVE_RESULT_AWARE__NO_NEW_CONFIRMATORY_INFERENCE
14,E1_ROLLING__DT-RAMDE_TS2_FULL__VS__JMETALPY_1_7_GDE3_STANDARD_PARETO_DE,E1_ROLLING,REJECT_BUDGET_NO_FEASIBLE,RR-INTERMITTENT/7,5,0,0,0,comparator_rate_minus_proposed_rate,PRE_R10_SUPPORTING_DESCRIPTIVE_RESULT_AWARE__NO_NEW_CONFIRMATORY_INFERENCE
14,E1_ROLLING__DT-RAMDE_TS2_FULL__VS__JMETALPY_1_7_GDE3_STANDARD_PARETO_DE,E1_ROLLING,REJECT_NUMERICAL,RR-INTERMITTENT/7,5,0,0,0,comparator_rate_minus_proposed_rate,PRE_R10_SUPPORTING_DESCRIPTIVE_RESULT_AWARE__NO_NEW_CONFIRMATORY_INFERENCE
14,E1_ROLLING__DT-RAMDE_TS2_FULL__VS__JMETALPY_1_7_GDE3_STANDARD_PARETO_DE,E1_ROLLING,OTHER_NONACCEPTED,RR-INTERMITTENT/7,5,-2.2204460492503132e-17,-2.2204460492503132e-17,-2.2204460492503132e-17,comparator_rate_minus_proposed_rate,PRE_R10_SUPPORTING_DESCRIPTIVE_RESULT_AWARE__NO_NEW_CONFIRMATORY_INFERENCE
14,E1_ROLLING__DT-RAMDE_TS2_FULL__VS__JMETALPY_1_7_GDE3_STANDARD_PARETO_DE,E1_ROLLING,FAILURE_RATE,RR-REJECTION/0,5,-0.23999999999999999,-0.23999999999999999,-0.23999999999999999,comparator_rate_minus_proposed_rate,PRE_R10_SUPPORTING_DESCRIPTIVE_RESULT_AWARE__NO_NEW_CONFIRMATORY_INFERENCE
14,E1_ROLLING__DT-RAMDE_TS2_FULL__VS__JMETALPY_1_7_GDE3_STANDARD_PARETO_DE,E1_ROLLING,REJECT_SAFETY_FILTER,RR-REJECTION/0,5,-0.23999999999999999,-0.23999999999999999,-0.23999999999999999,comparator_rate_minus_proposed_rate,PRE_R10_SUPPORTING_DESCRIPTIVE_RESULT_AWARE__NO_NEW_CONFIRMATORY_INFERENCE
14,E1_ROLLING__DT-RAMDE_TS2_FULL__VS__JMETALPY_1_7_GDE3_STANDARD_PARETO_DE,E1_ROLLING,REJECT_BUDGET_NO_FEASIBLE,RR-REJECTION/0,5,0,0,0,comparator_rate_minus_proposed_rate,PRE_R10_SUPPORTING_DESCRIPTIVE_RESULT_AWARE__NO_NEW_CONFIRMATORY_INFERENCE
14,E1_ROLLING__DT-RAMDE_TS2_FULL__VS__JMETALPY_1_7_GDE3_STANDARD_PARETO_DE,E1_ROLLING,REJECT_NUMERICAL,RR-REJECTION/0,5,0,0,0,comparator_rate_minus_proposed_rate,PRE_R10_SUPPORTING_DESCRIPTIVE_RESULT_AWARE__NO_NEW_CONFIRMATORY_INFERENCE
14,E1_ROLLING__DT-RAMDE_TS2_FULL__VS__JMETALPY_1_7_GDE3_STANDARD_PARETO_DE,E1_ROLLING,OTHER_NONACCEPTED,RR-REJECTION/0,5,0,0,0,comparator_rate_minus_proposed_rate,PRE_R10_SUPPORTING_DESCRIPTIVE_RESULT_AWARE__NO_NEW_CONFIRMATORY_INFERENCE
14,E1_ROLLING__DT-RAMDE_TS2_FULL__VS__JMETALPY_1_7_GDE3_STANDARD_PARETO_DE,E1_ROLLING,FAILURE_RATE,RR-REJECTION/1,5,-0.10000000000000001,-0.10000000000000001,-0.10000000000000001,comparator_rate_minus_proposed_rate,PRE_R10_SUPPORTING_DESCRIPTIVE_RESULT_AWARE__NO_NEW_CONFIRMATORY_INFERENCE
14,E1_ROLLING__DT-RAMDE_TS2_FULL__VS__JMETALPY_1_7_GDE3_STANDARD_PARETO_DE,E1_ROLLING,REJECT_SAFETY_FILTER,RR-REJECTION/1,5,-0.10000000000000001,-0.10000000000000001,-0.10000000000000001,comparator_rate_minus_proposed_rate,PRE_R10_SUPPORTING_DESCRIPTIVE_RESULT_AWARE__NO_NEW_CONFIRMATORY_INFERENCE
14,E1_ROLLING__DT-RAMDE_TS2_FULL__VS__JMETALPY_1_7_GDE3_STANDARD_PARETO_DE,E1_ROLLING,REJECT_BUDGET_NO_FEASIBLE,RR-REJECTION/1,5,0,0,0,comparator_rate_minus_proposed_rate,PRE_R10_SUPPORTING_DESCRIPTIVE_RESULT_AWARE__NO_NEW_CONFIRMATORY_INFERENCE
14,E1_ROLLING__DT-RAMDE_TS2_FULL__VS__JMETALPY_1_7_GDE3_STANDARD_PARETO_DE,E1_ROLLING,REJECT_NUMERICAL,RR-REJECTION/1,5,0,0,0,comparator_rate_minus_proposed_rate,PRE_R10_SUPPORTING_DESCRIPTIVE_RESULT_AWARE__NO_NEW_CONFIRMATORY_INFERENCE
14,E1_ROLLING__DT-RAMDE_TS2_FULL__VS__JMETALPY_1_7_GDE3_STANDARD_PARETO_DE,E1_ROLLING,OTHER_NONACCEPTED,RR-REJECTION/1,5,0,0,0,comparator_rate_minus_proposed_rate,PRE_R10_SUPPORTING_DESCRIPTIVE_RESULT_AWARE__NO_NEW_CONFIRMATORY_INFERENCE
14,E1_ROLLING__DT-RAMDE_TS2_FULL__VS__JMETALPY_1_7_GDE3_STANDARD_PARETO_DE,E1_ROLLING,FAILURE_RATE,RR-REJECTION/2,5,-0.45000000000000001,-0.45000000000000001,-0.45000000000000001,comparator_rate_minus_proposed_rate,PRE_R10_SUPPORTING_DESCRIPTIVE_RESULT_AWARE__NO_NEW_CONFIRMATORY_INFERENCE
14,E1_ROLLING__DT-RAMDE_TS2_FULL__VS__JMETALPY_1_7_GDE3_STANDARD_PARETO_DE,E1_ROLLING,REJECT_SAFETY_FILTER,RR-REJECTION/2,5,-0.45000000000000001,-0.45000000000000001,-0.45000000000000001,comparator_rate_minus_proposed_rate,PRE_R10_SUPPORTING_DESCRIPTIVE_RESULT_AWARE__NO_NEW_CONFIRMATORY_INFERENCE
14,E1_ROLLING__DT-RAMDE_TS2_FULL__VS__JMETALPY_1_7_GDE3_STANDARD_PARETO_DE,E1_ROLLING,REJECT_BUDGET_NO_FEASIBLE,RR-REJECTION/2,5,0,0,0,comparator_rate_minus_proposed_rate,PRE_R10_SUPPORTING_DESCRIPTIVE_RESULT_AWARE__NO_NEW_CONFIRMATORY_INFERENCE
14,E1_ROLLING__DT-RAMDE_TS2_FULL__VS__JMETALPY_1_7_GDE3_STANDARD_PARETO_DE,E1_ROLLING,REJECT_NUMERICAL,RR-REJECTION/2,5,0,0,0,comparator_rate_minus_proposed_rate,PRE_R10_SUPPORTING_DESCRIPTIVE_RESULT_AWARE__NO_NEW_CONFIRMATORY_INFERENCE
14,E1_ROLLING__DT-RAMDE_TS2_FULL__VS__JMETALPY_1_7_GDE3_STANDARD_PARETO_DE,E1_ROLLING,OTHER_NONACCEPTED,RR-REJECTION/2,5,0,0,0,comparator_rate_minus_proposed_rate,PRE_R10_SUPPORTING_DESCRIPTIVE_RESULT_AWARE__NO_NEW_CONFIRMATORY_INFERENCE
14,E1_ROLLING__DT-RAMDE_TS2_FULL__VS__JMETALPY_1_7_GDE3_STANDARD_PARETO_DE,E1_ROLLING,FAILURE_RATE,RR-REJECTION/3,5,-0.040000000000000001,-0.040000000000000001,-0.040000000000000001,comparator_rate_minus_proposed_rate,PRE_R10_SUPPORTING_DESCRIPTIVE_RESULT_AWARE__NO_NEW_CONFIRMATORY_INFERENCE
14,E1_ROLLING__DT-RAMDE_TS2_FULL__VS__JMETALPY_1_7_GDE3_STANDARD_PARETO_DE,E1_ROLLING,REJECT_SAFETY_FILTER,RR-REJECTION/3,5,-0.040000000000000001,-0.040000000000000001,-0.040000000000000001,comparator_rate_minus_proposed_rate,PRE_R10_SUPPORTING_DESCRIPTIVE_RESULT_AWARE__NO_NEW_CONFIRMATORY_INFERENCE
14,E1_ROLLING__DT-RAMDE_TS2_FULL__VS__JMETALPY_1_7_GDE3_STANDARD_PARETO_DE,E1_ROLLING,REJECT_BUDGET_NO_FEASIBLE,RR-REJECTION/3,5,0,0,0,comparator_rate_minus_proposed_rate,PRE_R10_SUPPORTING_DESCRIPTIVE_RESULT_AWARE__NO_NEW_CONFIRMATORY_INFERENCE
14,E1_ROLLING__DT-RAMDE_TS2_FULL__VS__JMETALPY_1_7_GDE3_STANDARD_PARETO_DE,E1_ROLLING,REJECT_NUMERICAL,RR-REJECTION/3,5,0,0,0,comparator_rate_minus_proposed_rate,PRE_R10_SUPPORTING_DESCRIPTIVE_RESULT_AWARE__NO_NEW_CONFIRMATORY_INFERENCE
14,E1_ROLLING__DT-RAMDE_TS2_FULL__VS__JMETALPY_1_7_GDE3_STANDARD_PARETO_DE,E1_ROLLING,OTHER_NONACCEPTED,RR-REJECTION/3,5,0,0,0,comparator_rate_minus_proposed_rate,PRE_R10_SUPPORTING_DESCRIPTIVE_RESULT_AWARE__NO_NEW_CONFIRMATORY_INFERENCE
14,E1_ROLLING__DT-RAMDE_TS2_FULL__VS__JMETALPY_1_7_GDE3_STANDARD_PARETO_DE,E1_ROLLING,FAILURE_RATE,RR-REJECTION/4,5,-0.050000000000000003,-0.050000000000000003,-0.050000000000000003,comparator_rate_minus_proposed_rate,PRE_R10_SUPPORTING_DESCRIPTIVE_RESULT_AWARE__NO_NEW_CONFIRMATORY_INFERENCE
14,E1_ROLLING__DT-RAMDE_TS2_FULL__VS__JMETALPY_1_7_GDE3_STANDARD_PARETO_DE,E1_ROLLING,REJECT_SAFETY_FILTER,RR-REJECTION/4,5,-0.050000000000000003,-0.050000000000000003,-0.050000000000000003,comparator_rate_minus_proposed_rate,PRE_R10_SUPPORTING_DESCRIPTIVE_RESULT_AWARE__NO_NEW_CONFIRMATORY_INFERENCE
14,E1_ROLLING__DT-RAMDE_TS2_FULL__VS__JMETALPY_1_7_GDE3_STANDARD_PARETO_DE,E1_ROLLING,REJECT_BUDGET_NO_FEASIBLE,RR-REJECTION/4,5,0,0,0,comparator_rate_minus_proposed_rate,PRE_R10_SUPPORTING_DESCRIPTIVE_RESULT_AWARE__NO_NEW_CONFIRMATORY_INFERENCE
14,E1_ROLLING__DT-RAMDE_TS2_FULL__VS__JMETALPY_1_7_GDE3_STANDARD_PARETO_DE,E1_ROLLING,REJECT_NUMERICAL,RR-REJECTION/4,5,0,0,0,comparator_rate_minus_proposed_rate,PRE_R10_SUPPORTING_DESCRIPTIVE_RESULT_AWARE__NO_NEW_CONFIRMATORY_INFERENCE
14,E1_ROLLING__DT-RAMDE_TS2_FULL__VS__JMETALPY_1_7_GDE3_STANDARD_PARETO_DE,E1_ROLLING,OTHER_NONACCEPTED,RR-REJECTION/4,5,0,0,0,comparator_rate_minus_proposed_rate,PRE_R10_SUPPORTING_DESCRIPTIVE_RESULT_AWARE__NO_NEW_CONFIRMATORY_INFERENCE
14,E1_ROLLING__DT-RAMDE_TS2_FULL__VS__JMETALPY_1_7_GDE3_STANDARD_PARETO_DE,E1_ROLLING,FAILURE_RATE,RR-REJECTION/5,5,-0.089999999999999997,-0.089999999999999997,-0.089999999999999997,comparator_rate_minus_proposed_rate,PRE_R10_SUPPORTING_DESCRIPTIVE_RESULT_AWARE__NO_NEW_CONFIRMATORY_INFERENCE
14,E1_ROLLING__DT-RAMDE_TS2_FULL__VS__JMETALPY_1_7_GDE3_STANDARD_PARETO_DE,E1_ROLLING,REJECT_SAFETY_FILTER,RR-REJECTION/5,5,-0.089999999999999997,-0.089999999999999997,-0.089999999999999997,comparator_rate_minus_proposed_rate,PRE_R10_SUPPORTING_DESCRIPTIVE_RESULT_AWARE__NO_NEW_CONFIRMATORY_INFERENCE
14,E1_ROLLING__DT-RAMDE_TS2_FULL__VS__JMETALPY_1_7_GDE3_STANDARD_PARETO_DE,E1_ROLLING,REJECT_BUDGET_NO_FEASIBLE,RR-REJECTION/5,5,0,0,0,comparator_rate_minus_proposed_rate,PRE_R10_SUPPORTING_DESCRIPTIVE_RESULT_AWARE__NO_NEW_CONFIRMATORY_INFERENCE
14,E1_ROLLING__DT-RAMDE_TS2_FULL__VS__JMETALPY_1_7_GDE3_STANDARD_PARETO_DE,E1_ROLLING,REJECT_NUMERICAL,RR-REJECTION/5,5,0,0,0,comparator_rate_minus_proposed_rate,PRE_R10_SUPPORTING_DESCRIPTIVE_RESULT_AWARE__NO_NEW_CONFIRMATORY_INFERENCE
14,E1_ROLLING__DT-RAMDE_TS2_FULL__VS__JMETALPY_1_7_GDE3_STANDARD_PARETO_DE,E1_ROLLING,OTHER_NONACCEPTED,RR-REJECTION/5,5,0,0,0,comparator_rate_minus_proposed_rate,PRE_R10_SUPPORTING_DESCRIPTIVE_RESULT_AWARE__NO_NEW_CONFIRMATORY_INFERENCE
14,E1_ROLLING__DT-RAMDE_TS2_FULL__VS__JMETALPY_1_7_GDE3_STANDARD_PARETO_DE,E1_ROLLING,FAILURE_RATE,RR-REJECTION/6,5,-0.02,-0.02,-0.02,comparator_rate_minus_proposed_rate,PRE_R10_SUPPORTING_DESCRIPTIVE_RESULT_AWARE__NO_NEW_CONFIRMATORY_INFERENCE
14,E1_ROLLING__DT-RAMDE_TS2_FULL__VS__JMETALPY_1_7_GDE3_STANDARD_PARETO_DE,E1_ROLLING,REJECT_SAFETY_FILTER,RR-REJECTION/6,5,-0.02,-0.02,-0.02,comparator_rate_minus_proposed_rate,PRE_R10_SUPPORTING_DESCRIPTIVE_RESULT_AWARE__NO_NEW_CONFIRMATORY_INFERENCE
14,E1_ROLLING__DT-RAMDE_TS2_FULL__VS__JMETALPY_1_7_GDE3_STANDARD_PARETO_DE,E1_ROLLING,REJECT_BUDGET_NO_FEASIBLE,RR-REJECTION/6,5,0,0,0,comparator_rate_minus_proposed_rate,PRE_R10_SUPPORTING_DESCRIPTIVE_RESULT_AWARE__NO_NEW_CONFIRMATORY_INFERENCE
14,E1_ROLLING__DT-RAMDE_TS2_FULL__VS__JMETALPY_1_7_GDE3_STANDARD_PARETO_DE,E1_ROLLING,REJECT_NUMERICAL,RR-REJECTION/6,5,0,0,0,comparator_rate_minus_proposed_rate,PRE_R10_SUPPORTING_DESCRIPTIVE_RESULT_AWARE__NO_NEW_CONFIRMATORY_INFERENCE
14,E1_ROLLING__DT-RAMDE_TS2_FULL__VS__JMETALPY_1_7_GDE3_STANDARD_PARETO_DE,E1_ROLLING,OTHER_NONACCEPTED,RR-REJECTION/6,5,0,0,0,comparator_rate_minus_proposed_rate,PRE_R10_SUPPORTING_DESCRIPTIVE_RESULT_AWARE__NO_NEW_CONFIRMATORY_INFERENCE
14,E1_ROLLING__DT-RAMDE_TS2_FULL__VS__JMETALPY_1_7_GDE3_STANDARD_PARETO_DE,E1_ROLLING,FAILURE_RATE,RR-REJECTION/7,5,-0.23999999999999999,-0.23999999999999999,-0.23999999999999999,comparator_rate_minus_proposed_rate,PRE_R10_SUPPORTING_DESCRIPTIVE_RESULT_AWARE__NO_NEW_CONFIRMATORY_INFERENCE
14,E1_ROLLING__DT-RAMDE_TS2_FULL__VS__JMETALPY_1_7_GDE3_STANDARD_PARETO_DE,E1_ROLLING,REJECT_SAFETY_FILTER,RR-REJECTION/7,5,-0.23999999999999999,-0.23999999999999999,-0.23999999999999999,comparator_rate_minus_proposed_rate,PRE_R10_SUPPORTING_DESCRIPTIVE_RESULT_AWARE__NO_NEW_CONFIRMATORY_INFERENCE
14,E1_ROLLING__DT-RAMDE_TS2_FULL__VS__JMETALPY_1_7_GDE3_STANDARD_PARETO_DE,E1_ROLLING,REJECT_BUDGET_NO_FEASIBLE,RR-REJECTION/7,5,0,0,0,comparator_rate_minus_proposed_rate,PRE_R10_SUPPORTING_DESCRIPTIVE_RESULT_AWARE__NO_NEW_CONFIRMATORY_INFERENCE
14,E1_ROLLING__DT-RAMDE_TS2_FULL__VS__JMETALPY_1_7_GDE3_STANDARD_PARETO_DE,E1_ROLLING,REJECT_NUMERICAL,RR-REJECTION/7,5,0,0,0,comparator_rate_minus_proposed_rate,PRE_R10_SUPPORTING_DESCRIPTIVE_RESULT_AWARE__NO_NEW_CONFIRMATORY_INFERENCE
14,E1_ROLLING__DT-RAMDE_TS2_FULL__VS__JMETALPY_1_7_GDE3_STANDARD_PARETO_DE,E1_ROLLING,OTHER_NONACCEPTED,RR-REJECTION/7,5,0,0,0,comparator_rate_minus_proposed_rate,PRE_R10_SUPPORTING_DESCRIPTIVE_RESULT_AWARE__NO_NEW_CONFIRMATORY_INFERENCE
14,E1_ROLLING__DT-RAMDE_TS2_FULL__VS__JMETALPY_1_7_GDE3_STANDARD_PARETO_DE,E1_ROLLING,FAILURE_RATE,RR-SHOCK/0,5,0,0,0,comparator_rate_minus_proposed_rate,PRE_R10_SUPPORTING_DESCRIPTIVE_RESULT_AWARE__NO_NEW_CONFIRMATORY_INFERENCE
14,E1_ROLLING__DT-RAMDE_TS2_FULL__VS__JMETALPY_1_7_GDE3_STANDARD_PARETO_DE,E1_ROLLING,REJECT_SAFETY_FILTER,RR-SHOCK/0,5,0,0,0,comparator_rate_minus_proposed_rate,PRE_R10_SUPPORTING_DESCRIPTIVE_RESULT_AWARE__NO_NEW_CONFIRMATORY_INFERENCE
14,E1_ROLLING__DT-RAMDE_TS2_FULL__VS__JMETALPY_1_7_GDE3_STANDARD_PARETO_DE,E1_ROLLING,REJECT_BUDGET_NO_FEASIBLE,RR-SHOCK/0,5,0,0,0,comparator_rate_minus_proposed_rate,PRE_R10_SUPPORTING_DESCRIPTIVE_RESULT_AWARE__NO_NEW_CONFIRMATORY_INFERENCE
14,E1_ROLLING__DT-RAMDE_TS2_FULL__VS__JMETALPY_1_7_GDE3_STANDARD_PARETO_DE,E1_ROLLING,REJECT_NUMERICAL,RR-SHOCK/0,5,0,0,0,comparator_rate_minus_proposed_rate,PRE_R10_SUPPORTING_DESCRIPTIVE_RESULT_AWARE__NO_NEW_CONFIRMATORY_INFERENCE
14,E1_ROLLING__DT-RAMDE_TS2_FULL__VS__JMETALPY_1_7_GDE3_STANDARD_PARETO_DE,E1_ROLLING,OTHER_NONACCEPTED,RR-SHOCK/0,5,0,0,0,comparator_rate_minus_proposed_rate,PRE_R10_SUPPORTING_DESCRIPTIVE_RESULT_AWARE__NO_NEW_CONFIRMATORY_INFERENCE
14,E1_ROLLING__DT-RAMDE_TS2_FULL__VS__JMETALPY_1_7_GDE3_STANDARD_PARETO_DE,E1_ROLLING,FAILURE_RATE,RR-SHOCK/1,5,0,0,0,comparator_rate_minus_proposed_rate,PRE_R10_SUPPORTING_DESCRIPTIVE_RESULT_AWARE__NO_NEW_CONFIRMATORY_INFERENCE
14,E1_ROLLING__DT-RAMDE_TS2_FULL__VS__JMETALPY_1_7_GDE3_STANDARD_PARETO_DE,E1_ROLLING,REJECT_SAFETY_FILTER,RR-SHOCK/1,5,0,0,0,comparator_rate_minus_proposed_rate,PRE_R10_SUPPORTING_DESCRIPTIVE_RESULT_AWARE__NO_NEW_CONFIRMATORY_INFERENCE
14,E1_ROLLING__DT-RAMDE_TS2_FULL__VS__JMETALPY_1_7_GDE3_STANDARD_PARETO_DE,E1_ROLLING,REJECT_BUDGET_NO_FEASIBLE,RR-SHOCK/1,5,0,0,0,comparator_rate_minus_proposed_rate,PRE_R10_SUPPORTING_DESCRIPTIVE_RESULT_AWARE__NO_NEW_CONFIRMATORY_INFERENCE
14,E1_ROLLING__DT-RAMDE_TS2_FULL__VS__JMETALPY_1_7_GDE3_STANDARD_PARETO_DE,E1_ROLLING,REJECT_NUMERICAL,RR-SHOCK/1,5,0,0,0,comparator_rate_minus_proposed_rate,PRE_R10_SUPPORTING_DESCRIPTIVE_RESULT_AWARE__NO_NEW_CONFIRMATORY_INFERENCE
14,E1_ROLLING__DT-RAMDE_TS2_FULL__VS__JMETALPY_1_7_GDE3_STANDARD_PARETO_DE,E1_ROLLING,OTHER_NONACCEPTED,RR-SHOCK/1,5,0,0,0,comparator_rate_minus_proposed_rate,PRE_R10_SUPPORTING_DESCRIPTIVE_RESULT_AWARE__NO_NEW_CONFIRMATORY_INFERENCE
14,E1_ROLLING__DT-RAMDE_TS2_FULL__VS__JMETALPY_1_7_GDE3_STANDARD_PARETO_DE,E1_ROLLING,FAILURE_RATE,RR-SHOCK/2,5,-0.069999999999999993,-0.069999999999999993,-0.069999999999999993,comparator_rate_minus_proposed_rate,PRE_R10_SUPPORTING_DESCRIPTIVE_RESULT_AWARE__NO_NEW_CONFIRMATORY_INFERENCE
14,E1_ROLLING__DT-RAMDE_TS2_FULL__VS__JMETALPY_1_7_GDE3_STANDARD_PARETO_DE,E1_ROLLING,REJECT_SAFETY_FILTER,RR-SHOCK/2,5,-0.069999999999999993,-0.069999999999999993,-0.069999999999999993,comparator_rate_minus_proposed_rate,PRE_R10_SUPPORTING_DESCRIPTIVE_RESULT_AWARE__NO_NEW_CONFIRMATORY_INFERENCE
14,E1_ROLLING__DT-RAMDE_TS2_FULL__VS__JMETALPY_1_7_GDE3_STANDARD_PARETO_DE,E1_ROLLING,REJECT_BUDGET_NO_FEASIBLE,RR-SHOCK/2,5,0,0,0,comparator_rate_minus_proposed_rate,PRE_R10_SUPPORTING_DESCRIPTIVE_RESULT_AWARE__NO_NEW_CONFIRMATORY_INFERENCE
14,E1_ROLLING__DT-RAMDE_TS2_FULL__VS__JMETALPY_1_7_GDE3_STANDARD_PARETO_DE,E1_ROLLING,REJECT_NUMERICAL,RR-SHOCK/2,5,0,0,0,comparator_rate_minus_proposed_rate,PRE_R10_SUPPORTING_DESCRIPTIVE_RESULT_AWARE__NO_NEW_CONFIRMATORY_INFERENCE
14,E1_ROLLING__DT-RAMDE_TS2_FULL__VS__JMETALPY_1_7_GDE3_STANDARD_PARETO_DE,E1_ROLLING,OTHER_NONACCEPTED,RR-SHOCK/2,5,0,0,0,comparator_rate_minus_proposed_rate,PRE_R10_SUPPORTING_DESCRIPTIVE_RESULT_AWARE__NO_NEW_CONFIRMATORY_INFERENCE
14,E1_ROLLING__DT-RAMDE_TS2_FULL__VS__JMETALPY_1_7_GDE3_STANDARD_PARETO_DE,E1_ROLLING,FAILURE_RATE,RR-SHOCK/3,5,-0.48000000000000009,-0.48000000000000009,-0.48000000000000009,comparator_rate_minus_proposed_rate,PRE_R10_SUPPORTING_DESCRIPTIVE_RESULT_AWARE__NO_NEW_CONFIRMATORY_INFERENCE
14,E1_ROLLING__DT-RAMDE_TS2_FULL__VS__JMETALPY_1_7_GDE3_STANDARD_PARETO_DE,E1_ROLLING,REJECT_SAFETY_FILTER,RR-SHOCK/3,5,-0.27999999999999997,-0.27999999999999997,-0.27999999999999997,comparator_rate_minus_proposed_rate,PRE_R10_SUPPORTING_DESCRIPTIVE_RESULT_AWARE__NO_NEW_CONFIRMATORY_INFERENCE
14,E1_ROLLING__DT-RAMDE_TS2_FULL__VS__JMETALPY_1_7_GDE3_STANDARD_PARETO_DE,E1_ROLLING,REJECT_BUDGET_NO_FEASIBLE,RR-SHOCK/3,5,-0.20000000000000001,-0.20000000000000001,-0.20000000000000001,comparator_rate_minus_proposed_rate,PRE_R10_SUPPORTING_DESCRIPTIVE_RESULT_AWARE__NO_NEW_CONFIRMATORY_INFERENCE
14,E1_ROLLING__DT-RAMDE_TS2_FULL__VS__JMETALPY_1_7_GDE3_STANDARD_PARETO_DE,E1_ROLLING,REJECT_NUMERICAL,RR-SHOCK/3,5,0,0,0,comparator_rate_minus_proposed_rate,PRE_R10_SUPPORTING_DESCRIPTIVE_RESULT_AWARE__NO_NEW_CONFIRMATORY_INFERENCE
14,E1_ROLLING__DT-RAMDE_TS2_FULL__VS__JMETALPY_1_7_GDE3_STANDARD_PARETO_DE,E1_ROLLING,OTHER_NONACCEPTED,RR-SHOCK/3,5,0,0,0,comparator_rate_minus_proposed_rate,PRE_R10_SUPPORTING_DESCRIPTIVE_RESULT_AWARE__NO_NEW_CONFIRMATORY_INFERENCE
14,E1_ROLLING__DT-RAMDE_TS2_FULL__VS__JMETALPY_1_7_GDE3_STANDARD_PARETO_DE,E1_ROLLING,FAILURE_RATE,RR-SHOCK/4,5,-0.089999999999999997,-0.089999999999999997,-0.089999999999999997,comparator_rate_minus_proposed_rate,PRE_R10_SUPPORTING_DESCRIPTIVE_RESULT_AWARE__NO_NEW_CONFIRMATORY_INFERENCE
14,E1_ROLLING__DT-RAMDE_TS2_FULL__VS__JMETALPY_1_7_GDE3_STANDARD_PARETO_DE,E1_ROLLING,REJECT_SAFETY_FILTER,RR-SHOCK/4,5,-0.089999999999999997,-0.089999999999999997,-0.089999999999999997,comparator_rate_minus_proposed_rate,PRE_R10_SUPPORTING_DESCRIPTIVE_RESULT_AWARE__NO_NEW_CONFIRMATORY_INFERENCE
14,E1_ROLLING__DT-RAMDE_TS2_FULL__VS__JMETALPY_1_7_GDE3_STANDARD_PARETO_DE,E1_ROLLING,REJECT_BUDGET_NO_FEASIBLE,RR-SHOCK/4,5,0,0,0,comparator_rate_minus_proposed_rate,PRE_R10_SUPPORTING_DESCRIPTIVE_RESULT_AWARE__NO_NEW_CONFIRMATORY_INFERENCE
14,E1_ROLLING__DT-RAMDE_TS2_FULL__VS__JMETALPY_1_7_GDE3_STANDARD_PARETO_DE,E1_ROLLING,REJECT_NUMERICAL,RR-SHOCK/4,5,0,0,0,comparator_rate_minus_proposed_rate,PRE_R10_SUPPORTING_DESCRIPTIVE_RESULT_AWARE__NO_NEW_CONFIRMATORY_INFERENCE
14,E1_ROLLING__DT-RAMDE_TS2_FULL__VS__JMETALPY_1_7_GDE3_STANDARD_PARETO_DE,E1_ROLLING,OTHER_NONACCEPTED,RR-SHOCK/4,5,0,0,0,comparator_rate_minus_proposed_rate,PRE_R10_SUPPORTING_DESCRIPTIVE_RESULT_AWARE__NO_NEW_CONFIRMATORY_INFERENCE
14,E1_ROLLING__DT-RAMDE_TS2_FULL__VS__JMETALPY_1_7_GDE3_STANDARD_PARETO_DE,E1_ROLLING,FAILURE_RATE,RR-SHOCK/5,5,-0.26000000000000001,-0.26000000000000001,-0.26000000000000001,comparator_rate_minus_proposed_rate,PRE_R10_SUPPORTING_DESCRIPTIVE_RESULT_AWARE__NO_NEW_CONFIRMATORY_INFERENCE
14,E1_ROLLING__DT-RAMDE_TS2_FULL__VS__JMETALPY_1_7_GDE3_STANDARD_PARETO_DE,E1_ROLLING,REJECT_SAFETY_FILTER,RR-SHOCK/5,5,-0.26000000000000001,-0.26000000000000001,-0.26000000000000001,comparator_rate_minus_proposed_rate,PRE_R10_SUPPORTING_DESCRIPTIVE_RESULT_AWARE__NO_NEW_CONFIRMATORY_INFERENCE
14,E1_ROLLING__DT-RAMDE_TS2_FULL__VS__JMETALPY_1_7_GDE3_STANDARD_PARETO_DE,E1_ROLLING,REJECT_BUDGET_NO_FEASIBLE,RR-SHOCK/5,5,0,0,0,comparator_rate_minus_proposed_rate,PRE_R10_SUPPORTING_DESCRIPTIVE_RESULT_AWARE__NO_NEW_CONFIRMATORY_INFERENCE
14,E1_ROLLING__DT-RAMDE_TS2_FULL__VS__JMETALPY_1_7_GDE3_STANDARD_PARETO_DE,E1_ROLLING,REJECT_NUMERICAL,RR-SHOCK/5,5,0,0,0,comparator_rate_minus_proposed_rate,PRE_R10_SUPPORTING_DESCRIPTIVE_RESULT_AWARE__NO_NEW_CONFIRMATORY_INFERENCE
14,E1_ROLLING__DT-RAMDE_TS2_FULL__VS__JMETALPY_1_7_GDE3_STANDARD_PARETO_DE,E1_ROLLING,OTHER_NONACCEPTED,RR-SHOCK/5,5,-1.6653345369377347e-17,-1.6653345369377347e-17,-1.6653345369377347e-17,comparator_rate_minus_proposed_rate,PRE_R10_SUPPORTING_DESCRIPTIVE_RESULT_AWARE__NO_NEW_CONFIRMATORY_INFERENCE
14,E1_ROLLING__DT-RAMDE_TS2_FULL__VS__JMETALPY_1_7_GDE3_STANDARD_PARETO_DE,E1_ROLLING,FAILURE_RATE,RR-SHOCK/6,5,-0.27999999999999997,-0.27999999999999997,-0.27999999999999997,comparator_rate_minus_proposed_rate,PRE_R10_SUPPORTING_DESCRIPTIVE_RESULT_AWARE__NO_NEW_CONFIRMATORY_INFERENCE
14,E1_ROLLING__DT-RAMDE_TS2_FULL__VS__JMETALPY_1_7_GDE3_STANDARD_PARETO_DE,E1_ROLLING,REJECT_SAFETY_FILTER,RR-SHOCK/6,5,-0.21000000000000002,-0.21000000000000002,-0.21000000000000002,comparator_rate_minus_proposed_rate,PRE_R10_SUPPORTING_DESCRIPTIVE_RESULT_AWARE__NO_NEW_CONFIRMATORY_INFERENCE
14,E1_ROLLING__DT-RAMDE_TS2_FULL__VS__JMETALPY_1_7_GDE3_STANDARD_PARETO_DE,E1_ROLLING,REJECT_BUDGET_NO_FEASIBLE,RR-SHOCK/6,5,-0.069999999999999993,-0.069999999999999993,-0.069999999999999993,comparator_rate_minus_proposed_rate,PRE_R10_SUPPORTING_DESCRIPTIVE_RESULT_AWARE__NO_NEW_CONFIRMATORY_INFERENCE
14,E1_ROLLING__DT-RAMDE_TS2_FULL__VS__JMETALPY_1_7_GDE3_STANDARD_PARETO_DE,E1_ROLLING,REJECT_NUMERICAL,RR-SHOCK/6,5,0,0,0,comparator_rate_minus_proposed_rate,PRE_R10_SUPPORTING_DESCRIPTIVE_RESULT_AWARE__NO_NEW_CONFIRMATORY_INFERENCE
14,E1_ROLLING__DT-RAMDE_TS2_FULL__VS__JMETALPY_1_7_GDE3_STANDARD_PARETO_DE,E1_ROLLING,OTHER_NONACCEPTED,RR-SHOCK/6,5,0,0,0,comparator_rate_minus_proposed_rate,PRE_R10_SUPPORTING_DESCRIPTIVE_RESULT_AWARE__NO_NEW_CONFIRMATORY_INFERENCE
14,E1_ROLLING__DT-RAMDE_TS2_FULL__VS__JMETALPY_1_7_GDE3_STANDARD_PARETO_DE,E1_ROLLING,FAILURE_RATE,RR-SHOCK/7,5,0,0,0,comparator_rate_minus_proposed_rate,PRE_R10_SUPPORTING_DESCRIPTIVE_RESULT_AWARE__NO_NEW_CONFIRMATORY_INFERENCE
14,E1_ROLLING__DT-RAMDE_TS2_FULL__VS__JMETALPY_1_7_GDE3_STANDARD_PARETO_DE,E1_ROLLING,REJECT_SAFETY_FILTER,RR-SHOCK/7,5,0,0,0,comparator_rate_minus_proposed_rate,PRE_R10_SUPPORTING_DESCRIPTIVE_RESULT_AWARE__NO_NEW_CONFIRMATORY_INFERENCE
14,E1_ROLLING__DT-RAMDE_TS2_FULL__VS__JMETALPY_1_7_GDE3_STANDARD_PARETO_DE,E1_ROLLING,REJECT_BUDGET_NO_FEASIBLE,RR-SHOCK/7,5,0,0,0,comparator_rate_minus_proposed_rate,PRE_R10_SUPPORTING_DESCRIPTIVE_RESULT_AWARE__NO_NEW_CONFIRMATORY_INFERENCE
14,E1_ROLLING__DT-RAMDE_TS2_FULL__VS__JMETALPY_1_7_GDE3_STANDARD_PARETO_DE,E1_ROLLING,REJECT_NUMERICAL,RR-SHOCK/7,5,0,0,0,comparator_rate_minus_proposed_rate,PRE_R10_SUPPORTING_DESCRIPTIVE_RESULT_AWARE__NO_NEW_CONFIRMATORY_INFERENCE
14,E1_ROLLING__DT-RAMDE_TS2_FULL__VS__JMETALPY_1_7_GDE3_STANDARD_PARETO_DE,E1_ROLLING,OTHER_NONACCEPTED,RR-SHOCK/7,5,0,0,0,comparator_rate_minus_proposed_rate,PRE_R10_SUPPORTING_DESCRIPTIVE_RESULT_AWARE__NO_NEW_CONFIRMATORY_INFERENCE
14,E1_ROLLING__DT-RAMDE_TS2_FULL__VS__JMETALPY_1_7_GDE3_STANDARD_PARETO_DE,E1_ROLLING,FAILURE_RATE,RR-SMOOTH/0,5,-0.02,-0.02,-0.02,comparator_rate_minus_proposed_rate,PRE_R10_SUPPORTING_DESCRIPTIVE_RESULT_AWARE__NO_NEW_CONFIRMATORY_INFERENCE
14,E1_ROLLING__DT-RAMDE_TS2_FULL__VS__JMETALPY_1_7_GDE3_STANDARD_PARETO_DE,E1_ROLLING,REJECT_SAFETY_FILTER,RR-SMOOTH/0,5,-0.02,-0.02,-0.02,comparator_rate_minus_proposed_rate,PRE_R10_SUPPORTING_DESCRIPTIVE_RESULT_AWARE__NO_NEW_CONFIRMATORY_INFERENCE
14,E1_ROLLING__DT-RAMDE_TS2_FULL__VS__JMETALPY_1_7_GDE3_STANDARD_PARETO_DE,E1_ROLLING,REJECT_BUDGET_NO_FEASIBLE,RR-SMOOTH/0,5,0,0,0,comparator_rate_minus_proposed_rate,PRE_R10_SUPPORTING_DESCRIPTIVE_RESULT_AWARE__NO_NEW_CONFIRMATORY_INFERENCE
14,E1_ROLLING__DT-RAMDE_TS2_FULL__VS__JMETALPY_1_7_GDE3_STANDARD_PARETO_DE,E1_ROLLING,REJECT_NUMERICAL,RR-SMOOTH/0,5,0,0,0,comparator_rate_minus_proposed_rate,PRE_R10_SUPPORTING_DESCRIPTIVE_RESULT_AWARE__NO_NEW_CONFIRMATORY_INFERENCE
14,E1_ROLLING__DT-RAMDE_TS2_FULL__VS__JMETALPY_1_7_GDE3_STANDARD_PARETO_DE,E1_ROLLING,OTHER_NONACCEPTED,RR-SMOOTH/0,5,0,0,0,comparator_rate_minus_proposed_rate,PRE_R10_SUPPORTING_DESCRIPTIVE_RESULT_AWARE__NO_NEW_CONFIRMATORY_INFERENCE
14,E1_ROLLING__DT-RAMDE_TS2_FULL__VS__JMETALPY_1_7_GDE3_STANDARD_PARETO_DE,E1_ROLLING,FAILURE_RATE,RR-SMOOTH/1,5,-0.55999999999999994,-0.55999999999999994,-0.55999999999999994,comparator_rate_minus_proposed_rate,PRE_R10_SUPPORTING_DESCRIPTIVE_RESULT_AWARE__NO_NEW_CONFIRMATORY_INFERENCE
14,E1_ROLLING__DT-RAMDE_TS2_FULL__VS__JMETALPY_1_7_GDE3_STANDARD_PARETO_DE,E1_ROLLING,REJECT_SAFETY_FILTER,RR-SMOOTH/1,5,-0.47999999999999998,-0.47999999999999998,-0.47999999999999998,comparator_rate_minus_proposed_rate,PRE_R10_SUPPORTING_DESCRIPTIVE_RESULT_AWARE__NO_NEW_CONFIRMATORY_INFERENCE
14,E1_ROLLING__DT-RAMDE_TS2_FULL__VS__JMETALPY_1_7_GDE3_STANDARD_PARETO_DE,E1_ROLLING,REJECT_BUDGET_NO_FEASIBLE,RR-SMOOTH/1,5,-0.080000000000000002,-0.080000000000000002,-0.080000000000000002,comparator_rate_minus_proposed_rate,PRE_R10_SUPPORTING_DESCRIPTIVE_RESULT_AWARE__NO_NEW_CONFIRMATORY_INFERENCE
14,E1_ROLLING__DT-RAMDE_TS2_FULL__VS__JMETALPY_1_7_GDE3_STANDARD_PARETO_DE,E1_ROLLING,REJECT_NUMERICAL,RR-SMOOTH/1,5,0,0,0,comparator_rate_minus_proposed_rate,PRE_R10_SUPPORTING_DESCRIPTIVE_RESULT_AWARE__NO_NEW_CONFIRMATORY_INFERENCE
14,E1_ROLLING__DT-RAMDE_TS2_FULL__VS__JMETALPY_1_7_GDE3_STANDARD_PARETO_DE,E1_ROLLING,OTHER_NONACCEPTED,RR-SMOOTH/1,5,0,0,0,comparator_rate_minus_proposed_rate,PRE_R10_SUPPORTING_DESCRIPTIVE_RESULT_AWARE__NO_NEW_CONFIRMATORY_INFERENCE
14,E1_ROLLING__DT-RAMDE_TS2_FULL__VS__JMETALPY_1_7_GDE3_STANDARD_PARETO_DE,E1_ROLLING,FAILURE_RATE,RR-SMOOTH/2,5,0,0,0,comparator_rate_minus_proposed_rate,PRE_R10_SUPPORTING_DESCRIPTIVE_RESULT_AWARE__NO_NEW_CONFIRMATORY_INFERENCE
14,E1_ROLLING__DT-RAMDE_TS2_FULL__VS__JMETALPY_1_7_GDE3_STANDARD_PARETO_DE,E1_ROLLING,REJECT_SAFETY_FILTER,RR-SMOOTH/2,5,0,0,0,comparator_rate_minus_proposed_rate,PRE_R10_SUPPORTING_DESCRIPTIVE_RESULT_AWARE__NO_NEW_CONFIRMATORY_INFERENCE
14,E1_ROLLING__DT-RAMDE_TS2_FULL__VS__JMETALPY_1_7_GDE3_STANDARD_PARETO_DE,E1_ROLLING,REJECT_BUDGET_NO_FEASIBLE,RR-SMOOTH/2,5,0,0,0,comparator_rate_minus_proposed_rate,PRE_R10_SUPPORTING_DESCRIPTIVE_RESULT_AWARE__NO_NEW_CONFIRMATORY_INFERENCE
14,E1_ROLLING__DT-RAMDE_TS2_FULL__VS__JMETALPY_1_7_GDE3_STANDARD_PARETO_DE,E1_ROLLING,REJECT_NUMERICAL,RR-SMOOTH/2,5,0,0,0,comparator_rate_minus_proposed_rate,PRE_R10_SUPPORTING_DESCRIPTIVE_RESULT_AWARE__NO_NEW_CONFIRMATORY_INFERENCE
14,E1_ROLLING__DT-RAMDE_TS2_FULL__VS__JMETALPY_1_7_GDE3_STANDARD_PARETO_DE,E1_ROLLING,OTHER_NONACCEPTED,RR-SMOOTH/2,5,0,0,0,comparator_rate_minus_proposed_rate,PRE_R10_SUPPORTING_DESCRIPTIVE_RESULT_AWARE__NO_NEW_CONFIRMATORY_INFERENCE
14,E1_ROLLING__DT-RAMDE_TS2_FULL__VS__JMETALPY_1_7_GDE3_STANDARD_PARETO_DE,E1_ROLLING,FAILURE_RATE,RR-SMOOTH/3,5,-0.030000000000000006,-0.030000000000000006,-0.030000000000000006,comparator_rate_minus_proposed_rate,PRE_R10_SUPPORTING_DESCRIPTIVE_RESULT_AWARE__NO_NEW_CONFIRMATORY_INFERENCE
14,E1_ROLLING__DT-RAMDE_TS2_FULL__VS__JMETALPY_1_7_GDE3_STANDARD_PARETO_DE,E1_ROLLING,REJECT_SAFETY_FILTER,RR-SMOOTH/3,5,-0.030000000000000006,-0.030000000000000006,-0.030000000000000006,comparator_rate_minus_proposed_rate,PRE_R10_SUPPORTING_DESCRIPTIVE_RESULT_AWARE__NO_NEW_CONFIRMATORY_INFERENCE
14,E1_ROLLING__DT-RAMDE_TS2_FULL__VS__JMETALPY_1_7_GDE3_STANDARD_PARETO_DE,E1_ROLLING,REJECT_BUDGET_NO_FEASIBLE,RR-SMOOTH/3,5,0,0,0,comparator_rate_minus_proposed_rate,PRE_R10_SUPPORTING_DESCRIPTIVE_RESULT_AWARE__NO_NEW_CONFIRMATORY_INFERENCE
14,E1_ROLLING__DT-RAMDE_TS2_FULL__VS__JMETALPY_1_7_GDE3_STANDARD_PARETO_DE,E1_ROLLING,REJECT_NUMERICAL,RR-SMOOTH/3,5,0,0,0,comparator_rate_minus_proposed_rate,PRE_R10_SUPPORTING_DESCRIPTIVE_RESULT_AWARE__NO_NEW_CONFIRMATORY_INFERENCE
14,E1_ROLLING__DT-RAMDE_TS2_FULL__VS__JMETALPY_1_7_GDE3_STANDARD_PARETO_DE,E1_ROLLING,OTHER_NONACCEPTED,RR-SMOOTH/3,5,0,0,0,comparator_rate_minus_proposed_rate,PRE_R10_SUPPORTING_DESCRIPTIVE_RESULT_AWARE__NO_NEW_CONFIRMATORY_INFERENCE
14,E1_ROLLING__DT-RAMDE_TS2_FULL__VS__JMETALPY_1_7_GDE3_STANDARD_PARETO_DE,E1_ROLLING,FAILURE_RATE,RR-SMOOTH/4,5,-0.3899999999999999,-0.3899999999999999,-0.3899999999999999,comparator_rate_minus_proposed_rate,PRE_R10_SUPPORTING_DESCRIPTIVE_RESULT_AWARE__NO_NEW_CONFIRMATORY_INFERENCE
14,E1_ROLLING__DT-RAMDE_TS2_FULL__VS__JMETALPY_1_7_GDE3_STANDARD_PARETO_DE,E1_ROLLING,REJECT_SAFETY_FILTER,RR-SMOOTH/4,5,-0.29999999999999999,-0.29999999999999999,-0.29999999999999999,comparator_rate_minus_proposed_rate,PRE_R10_SUPPORTING_DESCRIPTIVE_RESULT_AWARE__NO_NEW_CONFIRMATORY_INFERENCE
14,E1_ROLLING__DT-RAMDE_TS2_FULL__VS__JMETALPY_1_7_GDE3_STANDARD_PARETO_DE,E1_ROLLING,REJECT_BUDGET_NO_FEASIBLE,RR-SMOOTH/4,5,-0.089999999999999997,-0.089999999999999997,-0.089999999999999997,comparator_rate_minus_proposed_rate,PRE_R10_SUPPORTING_DESCRIPTIVE_RESULT_AWARE__NO_NEW_CONFIRMATORY_INFERENCE
14,E1_ROLLING__DT-RAMDE_TS2_FULL__VS__JMETALPY_1_7_GDE3_STANDARD_PARETO_DE,E1_ROLLING,REJECT_NUMERICAL,RR-SMOOTH/4,5,0,0,0,comparator_rate_minus_proposed_rate,PRE_R10_SUPPORTING_DESCRIPTIVE_RESULT_AWARE__NO_NEW_CONFIRMATORY_INFERENCE
14,E1_ROLLING__DT-RAMDE_TS2_FULL__VS__JMETALPY_1_7_GDE3_STANDARD_PARETO_DE,E1_ROLLING,OTHER_NONACCEPTED,RR-SMOOTH/4,5,2.2204460492503132e-17,2.2204460492503132e-17,2.2204460492503132e-17,comparator_rate_minus_proposed_rate,PRE_R10_SUPPORTING_DESCRIPTIVE_RESULT_AWARE__NO_NEW_CONFIRMATORY_INFERENCE
14,E1_ROLLING__DT-RAMDE_TS2_FULL__VS__JMETALPY_1_7_GDE3_STANDARD_PARETO_DE,E1_ROLLING,FAILURE_RATE,RR-SMOOTH/5,5,-0.02,-0.02,-0.02,comparator_rate_minus_proposed_rate,PRE_R10_SUPPORTING_DESCRIPTIVE_RESULT_AWARE__NO_NEW_CONFIRMATORY_INFERENCE
14,E1_ROLLING__DT-RAMDE_TS2_FULL__VS__JMETALPY_1_7_GDE3_STANDARD_PARETO_DE,E1_ROLLING,REJECT_SAFETY_FILTER,RR-SMOOTH/5,5,-0.02,-0.02,-0.02,comparator_rate_minus_proposed_rate,PRE_R10_SUPPORTING_DESCRIPTIVE_RESULT_AWARE__NO_NEW_CONFIRMATORY_INFERENCE
14,E1_ROLLING__DT-RAMDE_TS2_FULL__VS__JMETALPY_1_7_GDE3_STANDARD_PARETO_DE,E1_ROLLING,REJECT_BUDGET_NO_FEASIBLE,RR-SMOOTH/5,5,0,0,0,comparator_rate_minus_proposed_rate,PRE_R10_SUPPORTING_DESCRIPTIVE_RESULT_AWARE__NO_NEW_CONFIRMATORY_INFERENCE
14,E1_ROLLING__DT-RAMDE_TS2_FULL__VS__JMETALPY_1_7_GDE3_STANDARD_PARETO_DE,E1_ROLLING,REJECT_NUMERICAL,RR-SMOOTH/5,5,0,0,0,comparator_rate_minus_proposed_rate,PRE_R10_SUPPORTING_DESCRIPTIVE_RESULT_AWARE__NO_NEW_CONFIRMATORY_INFERENCE
14,E1_ROLLING__DT-RAMDE_TS2_FULL__VS__JMETALPY_1_7_GDE3_STANDARD_PARETO_DE,E1_ROLLING,OTHER_NONACCEPTED,RR-SMOOTH/5,5,0,0,0,comparator_rate_minus_proposed_rate,PRE_R10_SUPPORTING_DESCRIPTIVE_RESULT_AWARE__NO_NEW_CONFIRMATORY_INFERENCE
14,E1_ROLLING__DT-RAMDE_TS2_FULL__VS__JMETALPY_1_7_GDE3_STANDARD_PARETO_DE,E1_ROLLING,FAILURE_RATE,RR-SMOOTH/6,5,-0.55000000000000004,-0.55000000000000004,-0.55000000000000004,comparator_rate_minus_proposed_rate,PRE_R10_SUPPORTING_DESCRIPTIVE_RESULT_AWARE__NO_NEW_CONFIRMATORY_INFERENCE
14,E1_ROLLING__DT-RAMDE_TS2_FULL__VS__JMETALPY_1_7_GDE3_STANDARD_PARETO_DE,E1_ROLLING,REJECT_SAFETY_FILTER,RR-SMOOTH/6,5,-0.32000000000000001,-0.32000000000000001,-0.32000000000000001,comparator_rate_minus_proposed_rate,PRE_R10_SUPPORTING_DESCRIPTIVE_RESULT_AWARE__NO_NEW_CONFIRMATORY_INFERENCE
14,E1_ROLLING__DT-RAMDE_TS2_FULL__VS__JMETALPY_1_7_GDE3_STANDARD_PARETO_DE,E1_ROLLING,REJECT_BUDGET_NO_FEASIBLE,RR-SMOOTH/6,5,-0.22999999999999998,-0.22999999999999998,-0.22999999999999998,comparator_rate_minus_proposed_rate,PRE_R10_SUPPORTING_DESCRIPTIVE_RESULT_AWARE__NO_NEW_CONFIRMATORY_INFERENCE
14,E1_ROLLING__DT-RAMDE_TS2_FULL__VS__JMETALPY_1_7_GDE3_STANDARD_PARETO_DE,E1_ROLLING,REJECT_NUMERICAL,RR-SMOOTH/6,5,0,0,0,comparator_rate_minus_proposed_rate,PRE_R10_SUPPORTING_DESCRIPTIVE_RESULT_AWARE__NO_NEW_CONFIRMATORY_INFERENCE
14,E1_ROLLING__DT-RAMDE_TS2_FULL__VS__JMETALPY_1_7_GDE3_STANDARD_PARETO_DE,E1_ROLLING,OTHER_NONACCEPTED,RR-SMOOTH/6,5,0,0,0,comparator_rate_minus_proposed_rate,PRE_R10_SUPPORTING_DESCRIPTIVE_RESULT_AWARE__NO_NEW_CONFIRMATORY_INFERENCE
14,E1_ROLLING__DT-RAMDE_TS2_FULL__VS__JMETALPY_1_7_GDE3_STANDARD_PARETO_DE,E1_ROLLING,FAILURE_RATE,RR-SMOOTH/7,5,-0.089999999999999997,-0.089999999999999997,-0.089999999999999997,comparator_rate_minus_proposed_rate,PRE_R10_SUPPORTING_DESCRIPTIVE_RESULT_AWARE__NO_NEW_CONFIRMATORY_INFERENCE
14,E1_ROLLING__DT-RAMDE_TS2_FULL__VS__JMETALPY_1_7_GDE3_STANDARD_PARETO_DE,E1_ROLLING,REJECT_SAFETY_FILTER,RR-SMOOTH/7,5,-0.089999999999999997,-0.089999999999999997,-0.089999999999999997,comparator_rate_minus_proposed_rate,PRE_R10_SUPPORTING_DESCRIPTIVE_RESULT_AWARE__NO_NEW_CONFIRMATORY_INFERENCE
14,E1_ROLLING__DT-RAMDE_TS2_FULL__VS__JMETALPY_1_7_GDE3_STANDARD_PARETO_DE,E1_ROLLING,REJECT_BUDGET_NO_FEASIBLE,RR-SMOOTH/7,5,0,0,0,comparator_rate_minus_proposed_rate,PRE_R10_SUPPORTING_DESCRIPTIVE_RESULT_AWARE__NO_NEW_CONFIRMATORY_INFERENCE
14,E1_ROLLING__DT-RAMDE_TS2_FULL__VS__JMETALPY_1_7_GDE3_STANDARD_PARETO_DE,E1_ROLLING,REJECT_NUMERICAL,RR-SMOOTH/7,5,0,0,0,comparator_rate_minus_proposed_rate,PRE_R10_SUPPORTING_DESCRIPTIVE_RESULT_AWARE__NO_NEW_CONFIRMATORY_INFERENCE
14,E1_ROLLING__DT-RAMDE_TS2_FULL__VS__JMETALPY_1_7_GDE3_STANDARD_PARETO_DE,E1_ROLLING,OTHER_NONACCEPTED,RR-SMOOTH/7,5,0,0,0,comparator_rate_minus_proposed_rate,PRE_R10_SUPPORTING_DESCRIPTIVE_RESULT_AWARE__NO_NEW_CONFIRMATORY_INFERENCE
15,E1_ROLLING__DT-RAMDE_TS2_FULL__VS__JMETALPY_1_7_NSGAII_DYNAMIC_RESTART_BRIDGE,E1_ROLLING,FAILURE_RATE,RR-INTERMITTENT/0,5,-0.25,-0.25,-0.25,comparator_rate_minus_proposed_rate,PRE_R10_SUPPORTING_DESCRIPTIVE_RESULT_AWARE__NO_NEW_CONFIRMATORY_INFERENCE
15,E1_ROLLING__DT-RAMDE_TS2_FULL__VS__JMETALPY_1_7_NSGAII_DYNAMIC_RESTART_BRIDGE,E1_ROLLING,REJECT_SAFETY_FILTER,RR-INTERMITTENT/0,5,-0.25,-0.25,-0.25,comparator_rate_minus_proposed_rate,PRE_R10_SUPPORTING_DESCRIPTIVE_RESULT_AWARE__NO_NEW_CONFIRMATORY_INFERENCE
15,E1_ROLLING__DT-RAMDE_TS2_FULL__VS__JMETALPY_1_7_NSGAII_DYNAMIC_RESTART_BRIDGE,E1_ROLLING,REJECT_BUDGET_NO_FEASIBLE,RR-INTERMITTENT/0,5,0,0,0,comparator_rate_minus_proposed_rate,PRE_R10_SUPPORTING_DESCRIPTIVE_RESULT_AWARE__NO_NEW_CONFIRMATORY_INFERENCE
15,E1_ROLLING__DT-RAMDE_TS2_FULL__VS__JMETALPY_1_7_NSGAII_DYNAMIC_RESTART_BRIDGE,E1_ROLLING,REJECT_NUMERICAL,RR-INTERMITTENT/0,5,0,0,0,comparator_rate_minus_proposed_rate,PRE_R10_SUPPORTING_DESCRIPTIVE_RESULT_AWARE__NO_NEW_CONFIRMATORY_INFERENCE
15,E1_ROLLING__DT-RAMDE_TS2_FULL__VS__JMETALPY_1_7_NSGAII_DYNAMIC_RESTART_BRIDGE,E1_ROLLING,OTHER_NONACCEPTED,RR-INTERMITTENT/0,5,0,0,0,comparator_rate_minus_proposed_rate,PRE_R10_SUPPORTING_DESCRIPTIVE_RESULT_AWARE__NO_NEW_CONFIRMATORY_INFERENCE
15,E1_ROLLING__DT-RAMDE_TS2_FULL__VS__JMETALPY_1_7_NSGAII_DYNAMIC_RESTART_BRIDGE,E1_ROLLING,FAILURE_RATE,RR-INTERMITTENT/1,5,-0.020000000000000011,-0.020000000000000011,-0.020000000000000011,comparator_rate_minus_proposed_rate,PRE_R10_SUPPORTING_DESCRIPTIVE_RESULT_AWARE__NO_NEW_CONFIRMATORY_INFERENCE
15,E1_ROLLING__DT-RAMDE_TS2_FULL__VS__JMETALPY_1_7_NSGAII_DYNAMIC_RESTART_BRIDGE,E1_ROLLING,REJECT_SAFETY_FILTER,RR-INTERMITTENT/1,5,-0.02,-0.02,-0.02,comparator_rate_minus_proposed_rate,PRE_R10_SUPPORTING_DESCRIPTIVE_RESULT_AWARE__NO_NEW_CONFIRMATORY_INFERENCE
15,E1_ROLLING__DT-RAMDE_TS2_FULL__VS__JMETALPY_1_7_NSGAII_DYNAMIC_RESTART_BRIDGE,E1_ROLLING,REJECT_BUDGET_NO_FEASIBLE,RR-INTERMITTENT/1,5,0,0,0,comparator_rate_minus_proposed_rate,PRE_R10_SUPPORTING_DESCRIPTIVE_RESULT_AWARE__NO_NEW_CONFIRMATORY_INFERENCE
15,E1_ROLLING__DT-RAMDE_TS2_FULL__VS__JMETALPY_1_7_NSGAII_DYNAMIC_RESTART_BRIDGE,E1_ROLLING,REJECT_NUMERICAL,RR-INTERMITTENT/1,5,0,0,0,comparator_rate_minus_proposed_rate,PRE_R10_SUPPORTING_DESCRIPTIVE_RESULT_AWARE__NO_NEW_CONFIRMATORY_INFERENCE
15,E1_ROLLING__DT-RAMDE_TS2_FULL__VS__JMETALPY_1_7_NSGAII_DYNAMIC_RESTART_BRIDGE,E1_ROLLING,OTHER_NONACCEPTED,RR-INTERMITTENT/1,5,0,0,0,comparator_rate_minus_proposed_rate,PRE_R10_SUPPORTING_DESCRIPTIVE_RESULT_AWARE__NO_NEW_CONFIRMATORY_INFERENCE
15,E1_ROLLING__DT-RAMDE_TS2_FULL__VS__JMETALPY_1_7_NSGAII_DYNAMIC_RESTART_BRIDGE,E1_ROLLING,FAILURE_RATE,RR-INTERMITTENT/2,5,-0.070000000000000007,-0.070000000000000007,-0.070000000000000007,comparator_rate_minus_proposed_rate,PRE_R10_SUPPORTING_DESCRIPTIVE_RESULT_AWARE__NO_NEW_CONFIRMATORY_INFERENCE
15,E1_ROLLING__DT-RAMDE_TS2_FULL__VS__JMETALPY_1_7_NSGAII_DYNAMIC_RESTART_BRIDGE,E1_ROLLING,REJECT_SAFETY_FILTER,RR-INTERMITTENT/2,5,-0.070000000000000007,-0.070000000000000007,-0.070000000000000007,comparator_rate_minus_proposed_rate,PRE_R10_SUPPORTING_DESCRIPTIVE_RESULT_AWARE__NO_NEW_CONFIRMATORY_INFERENCE
15,E1_ROLLING__DT-RAMDE_TS2_FULL__VS__JMETALPY_1_7_NSGAII_DYNAMIC_RESTART_BRIDGE,E1_ROLLING,REJECT_BUDGET_NO_FEASIBLE,RR-INTERMITTENT/2,5,0,0,0,comparator_rate_minus_proposed_rate,PRE_R10_SUPPORTING_DESCRIPTIVE_RESULT_AWARE__NO_NEW_CONFIRMATORY_INFERENCE
15,E1_ROLLING__DT-RAMDE_TS2_FULL__VS__JMETALPY_1_7_NSGAII_DYNAMIC_RESTART_BRIDGE,E1_ROLLING,REJECT_NUMERICAL,RR-INTERMITTENT/2,5,0,0,0,comparator_rate_minus_proposed_rate,PRE_R10_SUPPORTING_DESCRIPTIVE_RESULT_AWARE__NO_NEW_CONFIRMATORY_INFERENCE
15,E1_ROLLING__DT-RAMDE_TS2_FULL__VS__JMETALPY_1_7_NSGAII_DYNAMIC_RESTART_BRIDGE,E1_ROLLING,OTHER_NONACCEPTED,RR-INTERMITTENT/2,5,0,0,0,comparator_rate_minus_proposed_rate,PRE_R10_SUPPORTING_DESCRIPTIVE_RESULT_AWARE__NO_NEW_CONFIRMATORY_INFERENCE
15,E1_ROLLING__DT-RAMDE_TS2_FULL__VS__JMETALPY_1_7_NSGAII_DYNAMIC_RESTART_BRIDGE,E1_ROLLING,FAILURE_RATE,RR-INTERMITTENT/3,5,-0.47000000000000003,-0.47000000000000003,-0.47000000000000003,comparator_rate_minus_proposed_rate,PRE_R10_SUPPORTING_DESCRIPTIVE_RESULT_AWARE__NO_NEW_CONFIRMATORY_INFERENCE
15,E1_ROLLING__DT-RAMDE_TS2_FULL__VS__JMETALPY_1_7_NSGAII_DYNAMIC_RESTART_BRIDGE,E1_ROLLING,REJECT_SAFETY_FILTER,RR-INTERMITTENT/3,5,-0.29999999999999999,-0.29999999999999999,-0.29999999999999999,comparator_rate_minus_proposed_rate,PRE_R10_SUPPORTING_DESCRIPTIVE_RESULT_AWARE__NO_NEW_CONFIRMATORY_INFERENCE
15,E1_ROLLING__DT-RAMDE_TS2_FULL__VS__JMETALPY_1_7_NSGAII_DYNAMIC_RESTART_BRIDGE,E1_ROLLING,REJECT_BUDGET_NO_FEASIBLE,RR-INTERMITTENT/3,5,-0.16999999999999998,-0.16999999999999998,-0.16999999999999998,comparator_rate_minus_proposed_rate,PRE_R10_SUPPORTING_DESCRIPTIVE_RESULT_AWARE__NO_NEW_CONFIRMATORY_INFERENCE
15,E1_ROLLING__DT-RAMDE_TS2_FULL__VS__JMETALPY_1_7_NSGAII_DYNAMIC_RESTART_BRIDGE,E1_ROLLING,REJECT_NUMERICAL,RR-INTERMITTENT/3,5,0,0,0,comparator_rate_minus_proposed_rate,PRE_R10_SUPPORTING_DESCRIPTIVE_RESULT_AWARE__NO_NEW_CONFIRMATORY_INFERENCE
15,E1_ROLLING__DT-RAMDE_TS2_FULL__VS__JMETALPY_1_7_NSGAII_DYNAMIC_RESTART_BRIDGE,E1_ROLLING,OTHER_NONACCEPTED,RR-INTERMITTENT/3,5,0,0,0,comparator_rate_minus_proposed_rate,PRE_R10_SUPPORTING_DESCRIPTIVE_RESULT_AWARE__NO_NEW_CONFIRMATORY_INFERENCE
15,E1_ROLLING__DT-RAMDE_TS2_FULL__VS__JMETALPY_1_7_NSGAII_DYNAMIC_RESTART_BRIDGE,E1_ROLLING,FAILURE_RATE,RR-INTERMITTENT/4,5,-0.089999999999999997,-0.089999999999999997,-0.089999999999999997,comparator_rate_minus_proposed_rate,PRE_R10_SUPPORTING_DESCRIPTIVE_RESULT_AWARE__NO_NEW_CONFIRMATORY_INFERENCE
15,E1_ROLLING__DT-RAMDE_TS2_FULL__VS__JMETALPY_1_7_NSGAII_DYNAMIC_RESTART_BRIDGE,E1_ROLLING,REJECT_SAFETY_FILTER,RR-INTERMITTENT/4,5,-0.089999999999999997,-0.089999999999999997,-0.089999999999999997,comparator_rate_minus_proposed_rate,PRE_R10_SUPPORTING_DESCRIPTIVE_RESULT_AWARE__NO_NEW_CONFIRMATORY_INFERENCE
15,E1_ROLLING__DT-RAMDE_TS2_FULL__VS__JMETALPY_1_7_NSGAII_DYNAMIC_RESTART_BRIDGE,E1_ROLLING,REJECT_BUDGET_NO_FEASIBLE,RR-INTERMITTENT/4,5,0,0,0,comparator_rate_minus_proposed_rate,PRE_R10_SUPPORTING_DESCRIPTIVE_RESULT_AWARE__NO_NEW_CONFIRMATORY_INFERENCE
15,E1_ROLLING__DT-RAMDE_TS2_FULL__VS__JMETALPY_1_7_NSGAII_DYNAMIC_RESTART_BRIDGE,E1_ROLLING,REJECT_NUMERICAL,RR-INTERMITTENT/4,5,0,0,0,comparator_rate_minus_proposed_rate,PRE_R10_SUPPORTING_DESCRIPTIVE_RESULT_AWARE__NO_NEW_CONFIRMATORY_INFERENCE
15,E1_ROLLING__DT-RAMDE_TS2_FULL__VS__JMETALPY_1_7_NSGAII_DYNAMIC_RESTART_BRIDGE,E1_ROLLING,OTHER_NONACCEPTED,RR-INTERMITTENT/4,5,0,0,0,comparator_rate_minus_proposed_rate,PRE_R10_SUPPORTING_DESCRIPTIVE_RESULT_AWARE__NO_NEW_CONFIRMATORY_INFERENCE
15,E1_ROLLING__DT-RAMDE_TS2_FULL__VS__JMETALPY_1_7_NSGAII_DYNAMIC_RESTART_BRIDGE,E1_ROLLING,FAILURE_RATE,RR-INTERMITTENT/5,5,-0.26000000000000001,-0.26000000000000001,-0.26000000000000001,comparator_rate_minus_proposed_rate,PRE_R10_SUPPORTING_DESCRIPTIVE_RESULT_AWARE__NO_NEW_CONFIRMATORY_INFERENCE
15,E1_ROLLING__DT-RAMDE_TS2_FULL__VS__JMETALPY_1_7_NSGAII_DYNAMIC_RESTART_BRIDGE,E1_ROLLING,REJECT_SAFETY_FILTER,RR-INTERMITTENT/5,5,-0.26000000000000001,-0.26000000000000001,-0.26000000000000001,comparator_rate_minus_proposed_rate,PRE_R10_SUPPORTING_DESCRIPTIVE_RESULT_AWARE__NO_NEW_CONFIRMATORY_INFERENCE
15,E1_ROLLING__DT-RAMDE_TS2_FULL__VS__JMETALPY_1_7_NSGAII_DYNAMIC_RESTART_BRIDGE,E1_ROLLING,REJECT_BUDGET_NO_FEASIBLE,RR-INTERMITTENT/5,5,0,0,0,comparator_rate_minus_proposed_rate,PRE_R10_SUPPORTING_DESCRIPTIVE_RESULT_AWARE__NO_NEW_CONFIRMATORY_INFERENCE
15,E1_ROLLING__DT-RAMDE_TS2_FULL__VS__JMETALPY_1_7_NSGAII_DYNAMIC_RESTART_BRIDGE,E1_ROLLING,REJECT_NUMERICAL,RR-INTERMITTENT/5,5,0,0,0,comparator_rate_minus_proposed_rate,PRE_R10_SUPPORTING_DESCRIPTIVE_RESULT_AWARE__NO_NEW_CONFIRMATORY_INFERENCE
15,E1_ROLLING__DT-RAMDE_TS2_FULL__VS__JMETALPY_1_7_NSGAII_DYNAMIC_RESTART_BRIDGE,E1_ROLLING,OTHER_NONACCEPTED,RR-INTERMITTENT/5,5,0,0,0,comparator_rate_minus_proposed_rate,PRE_R10_SUPPORTING_DESCRIPTIVE_RESULT_AWARE__NO_NEW_CONFIRMATORY_INFERENCE
15,E1_ROLLING__DT-RAMDE_TS2_FULL__VS__JMETALPY_1_7_NSGAII_DYNAMIC_RESTART_BRIDGE,E1_ROLLING,FAILURE_RATE,RR-INTERMITTENT/6,5,0,0,0,comparator_rate_minus_proposed_rate,PRE_R10_SUPPORTING_DESCRIPTIVE_RESULT_AWARE__NO_NEW_CONFIRMATORY_INFERENCE
15,E1_ROLLING__DT-RAMDE_TS2_FULL__VS__JMETALPY_1_7_NSGAII_DYNAMIC_RESTART_BRIDGE,E1_ROLLING,REJECT_SAFETY_FILTER,RR-INTERMITTENT/6,5,0,0,0,comparator_rate_minus_proposed_rate,PRE_R10_SUPPORTING_DESCRIPTIVE_RESULT_AWARE__NO_NEW_CONFIRMATORY_INFERENCE
15,E1_ROLLING__DT-RAMDE_TS2_FULL__VS__JMETALPY_1_7_NSGAII_DYNAMIC_RESTART_BRIDGE,E1_ROLLING,REJECT_BUDGET_NO_FEASIBLE,RR-INTERMITTENT/6,5,0,0,0,comparator_rate_minus_proposed_rate,PRE_R10_SUPPORTING_DESCRIPTIVE_RESULT_AWARE__NO_NEW_CONFIRMATORY_INFERENCE
15,E1_ROLLING__DT-RAMDE_TS2_FULL__VS__JMETALPY_1_7_NSGAII_DYNAMIC_RESTART_BRIDGE,E1_ROLLING,REJECT_NUMERICAL,RR-INTERMITTENT/6,5,0,0,0,comparator_rate_minus_proposed_rate,PRE_R10_SUPPORTING_DESCRIPTIVE_RESULT_AWARE__NO_NEW_CONFIRMATORY_INFERENCE
15,E1_ROLLING__DT-RAMDE_TS2_FULL__VS__JMETALPY_1_7_NSGAII_DYNAMIC_RESTART_BRIDGE,E1_ROLLING,OTHER_NONACCEPTED,RR-INTERMITTENT/6,5,0,0,0,comparator_rate_minus_proposed_rate,PRE_R10_SUPPORTING_DESCRIPTIVE_RESULT_AWARE__NO_NEW_CONFIRMATORY_INFERENCE
15,E1_ROLLING__DT-RAMDE_TS2_FULL__VS__JMETALPY_1_7_NSGAII_DYNAMIC_RESTART_BRIDGE,E1_ROLLING,FAILURE_RATE,RR-INTERMITTENT/7,5,-0.37,-0.37,-0.37,comparator_rate_minus_proposed_rate,PRE_R10_SUPPORTING_DESCRIPTIVE_RESULT_AWARE__NO_NEW_CONFIRMATORY_INFERENCE
15,E1_ROLLING__DT-RAMDE_TS2_FULL__VS__JMETALPY_1_7_NSGAII_DYNAMIC_RESTART_BRIDGE,E1_ROLLING,REJECT_SAFETY_FILTER,RR-INTERMITTENT/7,5,-0.37,-0.37,-0.37,comparator_rate_minus_proposed_rate,PRE_R10_SUPPORTING_DESCRIPTIVE_RESULT_AWARE__NO_NEW_CONFIRMATORY_INFERENCE
15,E1_ROLLING__DT-RAMDE_TS2_FULL__VS__JMETALPY_1_7_NSGAII_DYNAMIC_RESTART_BRIDGE,E1_ROLLING,REJECT_BUDGET_NO_FEASIBLE,RR-INTERMITTENT/7,5,0,0,0,comparator_rate_minus_proposed_rate,PRE_R10_SUPPORTING_DESCRIPTIVE_RESULT_AWARE__NO_NEW_CONFIRMATORY_INFERENCE
15,E1_ROLLING__DT-RAMDE_TS2_FULL__VS__JMETALPY_1_7_NSGAII_DYNAMIC_RESTART_BRIDGE,E1_ROLLING,REJECT_NUMERICAL,RR-INTERMITTENT/7,5,0,0,0,comparator_rate_minus_proposed_rate,PRE_R10_SUPPORTING_DESCRIPTIVE_RESULT_AWARE__NO_NEW_CONFIRMATORY_INFERENCE
15,E1_ROLLING__DT-RAMDE_TS2_FULL__VS__JMETALPY_1_7_NSGAII_DYNAMIC_RESTART_BRIDGE,E1_ROLLING,OTHER_NONACCEPTED,RR-INTERMITTENT/7,5,-1.1102230246251566e-17,-1.1102230246251566e-17,-1.1102230246251566e-17,comparator_rate_minus_proposed_rate,PRE_R10_SUPPORTING_DESCRIPTIVE_RESULT_AWARE__NO_NEW_CONFIRMATORY_INFERENCE
15,E1_ROLLING__DT-RAMDE_TS2_FULL__VS__JMETALPY_1_7_NSGAII_DYNAMIC_RESTART_BRIDGE,E1_ROLLING,FAILURE_RATE,RR-REJECTION/0,5,-0.23999999999999999,-0.23999999999999999,-0.23999999999999999,comparator_rate_minus_proposed_rate,PRE_R10_SUPPORTING_DESCRIPTIVE_RESULT_AWARE__NO_NEW_CONFIRMATORY_INFERENCE
15,E1_ROLLING__DT-RAMDE_TS2_FULL__VS__JMETALPY_1_7_NSGAII_DYNAMIC_RESTART_BRIDGE,E1_ROLLING,REJECT_SAFETY_FILTER,RR-REJECTION/0,5,-0.23999999999999999,-0.23999999999999999,-0.23999999999999999,comparator_rate_minus_proposed_rate,PRE_R10_SUPPORTING_DESCRIPTIVE_RESULT_AWARE__NO_NEW_CONFIRMATORY_INFERENCE
15,E1_ROLLING__DT-RAMDE_TS2_FULL__VS__JMETALPY_1_7_NSGAII_DYNAMIC_RESTART_BRIDGE,E1_ROLLING,REJECT_BUDGET_NO_FEASIBLE,RR-REJECTION/0,5,0,0,0,comparator_rate_minus_proposed_rate,PRE_R10_SUPPORTING_DESCRIPTIVE_RESULT_AWARE__NO_NEW_CONFIRMATORY_INFERENCE
15,E1_ROLLING__DT-RAMDE_TS2_FULL__VS__JMETALPY_1_7_NSGAII_DYNAMIC_RESTART_BRIDGE,E1_ROLLING,REJECT_NUMERICAL,RR-REJECTION/0,5,0,0,0,comparator_rate_minus_proposed_rate,PRE_R10_SUPPORTING_DESCRIPTIVE_RESULT_AWARE__NO_NEW_CONFIRMATORY_INFERENCE
15,E1_ROLLING__DT-RAMDE_TS2_FULL__VS__JMETALPY_1_7_NSGAII_DYNAMIC_RESTART_BRIDGE,E1_ROLLING,OTHER_NONACCEPTED,RR-REJECTION/0,5,0,0,0,comparator_rate_minus_proposed_rate,PRE_R10_SUPPORTING_DESCRIPTIVE_RESULT_AWARE__NO_NEW_CONFIRMATORY_INFERENCE
15,E1_ROLLING__DT-RAMDE_TS2_FULL__VS__JMETALPY_1_7_NSGAII_DYNAMIC_RESTART_BRIDGE,E1_ROLLING,FAILURE_RATE,RR-REJECTION/1,5,-0.020000000000000004,-0.020000000000000004,-0.020000000000000004,comparator_rate_minus_proposed_rate,PRE_R10_SUPPORTING_DESCRIPTIVE_RESULT_AWARE__NO_NEW_CONFIRMATORY_INFERENCE
15,E1_ROLLING__DT-RAMDE_TS2_FULL__VS__JMETALPY_1_7_NSGAII_DYNAMIC_RESTART_BRIDGE,E1_ROLLING,REJECT_SAFETY_FILTER,RR-REJECTION/1,5,-0.02,-0.02,-0.02,comparator_rate_minus_proposed_rate,PRE_R10_SUPPORTING_DESCRIPTIVE_RESULT_AWARE__NO_NEW_CONFIRMATORY_INFERENCE
15,E1_ROLLING__DT-RAMDE_TS2_FULL__VS__JMETALPY_1_7_NSGAII_DYNAMIC_RESTART_BRIDGE,E1_ROLLING,REJECT_BUDGET_NO_FEASIBLE,RR-REJECTION/1,5,0,0,0,comparator_rate_minus_proposed_rate,PRE_R10_SUPPORTING_DESCRIPTIVE_RESULT_AWARE__NO_NEW_CONFIRMATORY_INFERENCE
15,E1_ROLLING__DT-RAMDE_TS2_FULL__VS__JMETALPY_1_7_NSGAII_DYNAMIC_RESTART_BRIDGE,E1_ROLLING,REJECT_NUMERICAL,RR-REJECTION/1,5,0,0,0,comparator_rate_minus_proposed_rate,PRE_R10_SUPPORTING_DESCRIPTIVE_RESULT_AWARE__NO_NEW_CONFIRMATORY_INFERENCE
15,E1_ROLLING__DT-RAMDE_TS2_FULL__VS__JMETALPY_1_7_NSGAII_DYNAMIC_RESTART_BRIDGE,E1_ROLLING,OTHER_NONACCEPTED,RR-REJECTION/1,5,0,0,0,comparator_rate_minus_proposed_rate,PRE_R10_SUPPORTING_DESCRIPTIVE_RESULT_AWARE__NO_NEW_CONFIRMATORY_INFERENCE
15,E1_ROLLING__DT-RAMDE_TS2_FULL__VS__JMETALPY_1_7_NSGAII_DYNAMIC_RESTART_BRIDGE,E1_ROLLING,FAILURE_RATE,RR-REJECTION/2,5,-0.41000000000000003,-0.41000000000000003,-0.41000000000000003,comparator_rate_minus_proposed_rate,PRE_R10_SUPPORTING_DESCRIPTIVE_RESULT_AWARE__NO_NEW_CONFIRMATORY_INFERENCE
15,E1_ROLLING__DT-RAMDE_TS2_FULL__VS__JMETALPY_1_7_NSGAII_DYNAMIC_RESTART_BRIDGE,E1_ROLLING,REJECT_SAFETY_FILTER,RR-REJECTION/2,5,-0.40999999999999998,-0.40999999999999998,-0.40999999999999998,comparator_rate_minus_proposed_rate,PRE_R10_SUPPORTING_DESCRIPTIVE_RESULT_AWARE__NO_NEW_CONFIRMATORY_INFERENCE
15,E1_ROLLING__DT-RAMDE_TS2_FULL__VS__JMETALPY_1_7_NSGAII_DYNAMIC_RESTART_BRIDGE,E1_ROLLING,REJECT_BUDGET_NO_FEASIBLE,RR-REJECTION/2,5,0,0,0,comparator_rate_minus_proposed_rate,PRE_R10_SUPPORTING_DESCRIPTIVE_RESULT_AWARE__NO_NEW_CONFIRMATORY_INFERENCE
15,E1_ROLLING__DT-RAMDE_TS2_FULL__VS__JMETALPY_1_7_NSGAII_DYNAMIC_RESTART_BRIDGE,E1_ROLLING,REJECT_NUMERICAL,RR-REJECTION/2,5,0,0,0,comparator_rate_minus_proposed_rate,PRE_R10_SUPPORTING_DESCRIPTIVE_RESULT_AWARE__NO_NEW_CONFIRMATORY_INFERENCE
15,E1_ROLLING__DT-RAMDE_TS2_FULL__VS__JMETALPY_1_7_NSGAII_DYNAMIC_RESTART_BRIDGE,E1_ROLLING,OTHER_NONACCEPTED,RR-REJECTION/2,5,0,0,0,comparator_rate_minus_proposed_rate,PRE_R10_SUPPORTING_DESCRIPTIVE_RESULT_AWARE__NO_NEW_CONFIRMATORY_INFERENCE
15,E1_ROLLING__DT-RAMDE_TS2_FULL__VS__JMETALPY_1_7_NSGAII_DYNAMIC_RESTART_BRIDGE,E1_ROLLING,FAILURE_RATE,RR-REJECTION/3,5,-0.040000000000000001,-0.040000000000000001,-0.040000000000000001,comparator_rate_minus_proposed_rate,PRE_R10_SUPPORTING_DESCRIPTIVE_RESULT_AWARE__NO_NEW_CONFIRMATORY_INFERENCE
15,E1_ROLLING__DT-RAMDE_TS2_FULL__VS__JMETALPY_1_7_NSGAII_DYNAMIC_RESTART_BRIDGE,E1_ROLLING,REJECT_SAFETY_FILTER,RR-REJECTION/3,5,-0.040000000000000001,-0.040000000000000001,-0.040000000000000001,comparator_rate_minus_proposed_rate,PRE_R10_SUPPORTING_DESCRIPTIVE_RESULT_AWARE__NO_NEW_CONFIRMATORY_INFERENCE
15,E1_ROLLING__DT-RAMDE_TS2_FULL__VS__JMETALPY_1_7_NSGAII_DYNAMIC_RESTART_BRIDGE,E1_ROLLING,REJECT_BUDGET_NO_FEASIBLE,RR-REJECTION/3,5,0,0,0,comparator_rate_minus_proposed_rate,PRE_R10_SUPPORTING_DESCRIPTIVE_RESULT_AWARE__NO_NEW_CONFIRMATORY_INFERENCE
15,E1_ROLLING__DT-RAMDE_TS2_FULL__VS__JMETALPY_1_7_NSGAII_DYNAMIC_RESTART_BRIDGE,E1_ROLLING,REJECT_NUMERICAL,RR-REJECTION/3,5,0,0,0,comparator_rate_minus_proposed_rate,PRE_R10_SUPPORTING_DESCRIPTIVE_RESULT_AWARE__NO_NEW_CONFIRMATORY_INFERENCE
15,E1_ROLLING__DT-RAMDE_TS2_FULL__VS__JMETALPY_1_7_NSGAII_DYNAMIC_RESTART_BRIDGE,E1_ROLLING,OTHER_NONACCEPTED,RR-REJECTION/3,5,0,0,0,comparator_rate_minus_proposed_rate,PRE_R10_SUPPORTING_DESCRIPTIVE_RESULT_AWARE__NO_NEW_CONFIRMATORY_INFERENCE
15,E1_ROLLING__DT-RAMDE_TS2_FULL__VS__JMETALPY_1_7_NSGAII_DYNAMIC_RESTART_BRIDGE,E1_ROLLING,FAILURE_RATE,RR-REJECTION/4,5,-0.040000000000000001,-0.040000000000000001,-0.040000000000000001,comparator_rate_minus_proposed_rate,PRE_R10_SUPPORTING_DESCRIPTIVE_RESULT_AWARE__NO_NEW_CONFIRMATORY_INFERENCE
15,E1_ROLLING__DT-RAMDE_TS2_FULL__VS__JMETALPY_1_7_NSGAII_DYNAMIC_RESTART_BRIDGE,E1_ROLLING,REJECT_SAFETY_FILTER,RR-REJECTION/4,5,-0.040000000000000001,-0.040000000000000001,-0.040000000000000001,comparator_rate_minus_proposed_rate,PRE_R10_SUPPORTING_DESCRIPTIVE_RESULT_AWARE__NO_NEW_CONFIRMATORY_INFERENCE
15,E1_ROLLING__DT-RAMDE_TS2_FULL__VS__JMETALPY_1_7_NSGAII_DYNAMIC_RESTART_BRIDGE,E1_ROLLING,REJECT_BUDGET_NO_FEASIBLE,RR-REJECTION/4,5,0,0,0,comparator_rate_minus_proposed_rate,PRE_R10_SUPPORTING_DESCRIPTIVE_RESULT_AWARE__NO_NEW_CONFIRMATORY_INFERENCE
15,E1_ROLLING__DT-RAMDE_TS2_FULL__VS__JMETALPY_1_7_NSGAII_DYNAMIC_RESTART_BRIDGE,E1_ROLLING,REJECT_NUMERICAL,RR-REJECTION/4,5,0,0,0,comparator_rate_minus_proposed_rate,PRE_R10_SUPPORTING_DESCRIPTIVE_RESULT_AWARE__NO_NEW_CONFIRMATORY_INFERENCE
15,E1_ROLLING__DT-RAMDE_TS2_FULL__VS__JMETALPY_1_7_NSGAII_DYNAMIC_RESTART_BRIDGE,E1_ROLLING,OTHER_NONACCEPTED,RR-REJECTION/4,5,0,0,0,comparator_rate_minus_proposed_rate,PRE_R10_SUPPORTING_DESCRIPTIVE_RESULT_AWARE__NO_NEW_CONFIRMATORY_INFERENCE
15,E1_ROLLING__DT-RAMDE_TS2_FULL__VS__JMETALPY_1_7_NSGAII_DYNAMIC_RESTART_BRIDGE,E1_ROLLING,FAILURE_RATE,RR-REJECTION/5,5,-0.089999999999999997,-0.089999999999999997,-0.089999999999999997,comparator_rate_minus_proposed_rate,PRE_R10_SUPPORTING_DESCRIPTIVE_RESULT_AWARE__NO_NEW_CONFIRMATORY_INFERENCE
15,E1_ROLLING__DT-RAMDE_TS2_FULL__VS__JMETALPY_1_7_NSGAII_DYNAMIC_RESTART_BRIDGE,E1_ROLLING,REJECT_SAFETY_FILTER,RR-REJECTION/5,5,-0.089999999999999997,-0.089999999999999997,-0.089999999999999997,comparator_rate_minus_proposed_rate,PRE_R10_SUPPORTING_DESCRIPTIVE_RESULT_AWARE__NO_NEW_CONFIRMATORY_INFERENCE
15,E1_ROLLING__DT-RAMDE_TS2_FULL__VS__JMETALPY_1_7_NSGAII_DYNAMIC_RESTART_BRIDGE,E1_ROLLING,REJECT_BUDGET_NO_FEASIBLE,RR-REJECTION/5,5,0,0,0,comparator_rate_minus_proposed_rate,PRE_R10_SUPPORTING_DESCRIPTIVE_RESULT_AWARE__NO_NEW_CONFIRMATORY_INFERENCE
15,E1_ROLLING__DT-RAMDE_TS2_FULL__VS__JMETALPY_1_7_NSGAII_DYNAMIC_RESTART_BRIDGE,E1_ROLLING,REJECT_NUMERICAL,RR-REJECTION/5,5,0,0,0,comparator_rate_minus_proposed_rate,PRE_R10_SUPPORTING_DESCRIPTIVE_RESULT_AWARE__NO_NEW_CONFIRMATORY_INFERENCE
15,E1_ROLLING__DT-RAMDE_TS2_FULL__VS__JMETALPY_1_7_NSGAII_DYNAMIC_RESTART_BRIDGE,E1_ROLLING,OTHER_NONACCEPTED,RR-REJECTION/5,5,0,0,0,comparator_rate_minus_proposed_rate,PRE_R10_SUPPORTING_DESCRIPTIVE_RESULT_AWARE__NO_NEW_CONFIRMATORY_INFERENCE
15,E1_ROLLING__DT-RAMDE_TS2_FULL__VS__JMETALPY_1_7_NSGAII_DYNAMIC_RESTART_BRIDGE,E1_ROLLING,FAILURE_RATE,RR-REJECTION/6,5,-0.02,-0.02,-0.02,comparator_rate_minus_proposed_rate,PRE_R10_SUPPORTING_DESCRIPTIVE_RESULT_AWARE__NO_NEW_CONFIRMATORY_INFERENCE
15,E1_ROLLING__DT-RAMDE_TS2_FULL__VS__JMETALPY_1_7_NSGAII_DYNAMIC_RESTART_BRIDGE,E1_ROLLING,REJECT_SAFETY_FILTER,RR-REJECTION/6,5,-0.02,-0.02,-0.02,comparator_rate_minus_proposed_rate,PRE_R10_SUPPORTING_DESCRIPTIVE_RESULT_AWARE__NO_NEW_CONFIRMATORY_INFERENCE
15,E1_ROLLING__DT-RAMDE_TS2_FULL__VS__JMETALPY_1_7_NSGAII_DYNAMIC_RESTART_BRIDGE,E1_ROLLING,REJECT_BUDGET_NO_FEASIBLE,RR-REJECTION/6,5,0,0,0,comparator_rate_minus_proposed_rate,PRE_R10_SUPPORTING_DESCRIPTIVE_RESULT_AWARE__NO_NEW_CONFIRMATORY_INFERENCE
15,E1_ROLLING__DT-RAMDE_TS2_FULL__VS__JMETALPY_1_7_NSGAII_DYNAMIC_RESTART_BRIDGE,E1_ROLLING,REJECT_NUMERICAL,RR-REJECTION/6,5,0,0,0,comparator_rate_minus_proposed_rate,PRE_R10_SUPPORTING_DESCRIPTIVE_RESULT_AWARE__NO_NEW_CONFIRMATORY_INFERENCE
15,E1_ROLLING__DT-RAMDE_TS2_FULL__VS__JMETALPY_1_7_NSGAII_DYNAMIC_RESTART_BRIDGE,E1_ROLLING,OTHER_NONACCEPTED,RR-REJECTION/6,5,0,0,0,comparator_rate_minus_proposed_rate,PRE_R10_SUPPORTING_DESCRIPTIVE_RESULT_AWARE__NO_NEW_CONFIRMATORY_INFERENCE
15,E1_ROLLING__DT-RAMDE_TS2_FULL__VS__JMETALPY_1_7_NSGAII_DYNAMIC_RESTART_BRIDGE,E1_ROLLING,FAILURE_RATE,RR-REJECTION/7,5,-0.23999999999999999,-0.23999999999999999,-0.23999999999999999,comparator_rate_minus_proposed_rate,PRE_R10_SUPPORTING_DESCRIPTIVE_RESULT_AWARE__NO_NEW_CONFIRMATORY_INFERENCE
15,E1_ROLLING__DT-RAMDE_TS2_FULL__VS__JMETALPY_1_7_NSGAII_DYNAMIC_RESTART_BRIDGE,E1_ROLLING,REJECT_SAFETY_FILTER,RR-REJECTION/7,5,-0.23999999999999999,-0.23999999999999999,-0.23999999999999999,comparator_rate_minus_proposed_rate,PRE_R10_SUPPORTING_DESCRIPTIVE_RESULT_AWARE__NO_NEW_CONFIRMATORY_INFERENCE
15,E1_ROLLING__DT-RAMDE_TS2_FULL__VS__JMETALPY_1_7_NSGAII_DYNAMIC_RESTART_BRIDGE,E1_ROLLING,REJECT_BUDGET_NO_FEASIBLE,RR-REJECTION/7,5,0,0,0,comparator_rate_minus_proposed_rate,PRE_R10_SUPPORTING_DESCRIPTIVE_RESULT_AWARE__NO_NEW_CONFIRMATORY_INFERENCE
15,E1_ROLLING__DT-RAMDE_TS2_FULL__VS__JMETALPY_1_7_NSGAII_DYNAMIC_RESTART_BRIDGE,E1_ROLLING,REJECT_NUMERICAL,RR-REJECTION/7,5,0,0,0,comparator_rate_minus_proposed_rate,PRE_R10_SUPPORTING_DESCRIPTIVE_RESULT_AWARE__NO_NEW_CONFIRMATORY_INFERENCE
15,E1_ROLLING__DT-RAMDE_TS2_FULL__VS__JMETALPY_1_7_NSGAII_DYNAMIC_RESTART_BRIDGE,E1_ROLLING,OTHER_NONACCEPTED,RR-REJECTION/7,5,0,0,0,comparator_rate_minus_proposed_rate,PRE_R10_SUPPORTING_DESCRIPTIVE_RESULT_AWARE__NO_NEW_CONFIRMATORY_INFERENCE
15,E1_ROLLING__DT-RAMDE_TS2_FULL__VS__JMETALPY_1_7_NSGAII_DYNAMIC_RESTART_BRIDGE,E1_ROLLING,FAILURE_RATE,RR-SHOCK/0,5,0,0,0,comparator_rate_minus_proposed_rate,PRE_R10_SUPPORTING_DESCRIPTIVE_RESULT_AWARE__NO_NEW_CONFIRMATORY_INFERENCE
15,E1_ROLLING__DT-RAMDE_TS2_FULL__VS__JMETALPY_1_7_NSGAII_DYNAMIC_RESTART_BRIDGE,E1_ROLLING,REJECT_SAFETY_FILTER,RR-SHOCK/0,5,0,0,0,comparator_rate_minus_proposed_rate,PRE_R10_SUPPORTING_DESCRIPTIVE_RESULT_AWARE__NO_NEW_CONFIRMATORY_INFERENCE
15,E1_ROLLING__DT-RAMDE_TS2_FULL__VS__JMETALPY_1_7_NSGAII_DYNAMIC_RESTART_BRIDGE,E1_ROLLING,REJECT_BUDGET_NO_FEASIBLE,RR-SHOCK/0,5,0,0,0,comparator_rate_minus_proposed_rate,PRE_R10_SUPPORTING_DESCRIPTIVE_RESULT_AWARE__NO_NEW_CONFIRMATORY_INFERENCE
15,E1_ROLLING__DT-RAMDE_TS2_FULL__VS__JMETALPY_1_7_NSGAII_DYNAMIC_RESTART_BRIDGE,E1_ROLLING,REJECT_NUMERICAL,RR-SHOCK/0,5,0,0,0,comparator_rate_minus_proposed_rate,PRE_R10_SUPPORTING_DESCRIPTIVE_RESULT_AWARE__NO_NEW_CONFIRMATORY_INFERENCE
15,E1_ROLLING__DT-RAMDE_TS2_FULL__VS__JMETALPY_1_7_NSGAII_DYNAMIC_RESTART_BRIDGE,E1_ROLLING,OTHER_NONACCEPTED,RR-SHOCK/0,5,0,0,0,comparator_rate_minus_proposed_rate,PRE_R10_SUPPORTING_DESCRIPTIVE_RESULT_AWARE__NO_NEW_CONFIRMATORY_INFERENCE
15,E1_ROLLING__DT-RAMDE_TS2_FULL__VS__JMETALPY_1_7_NSGAII_DYNAMIC_RESTART_BRIDGE,E1_ROLLING,FAILURE_RATE,RR-SHOCK/1,5,0,0,0,comparator_rate_minus_proposed_rate,PRE_R10_SUPPORTING_DESCRIPTIVE_RESULT_AWARE__NO_NEW_CONFIRMATORY_INFERENCE
15,E1_ROLLING__DT-RAMDE_TS2_FULL__VS__JMETALPY_1_7_NSGAII_DYNAMIC_RESTART_BRIDGE,E1_ROLLING,REJECT_SAFETY_FILTER,RR-SHOCK/1,5,0,0,0,comparator_rate_minus_proposed_rate,PRE_R10_SUPPORTING_DESCRIPTIVE_RESULT_AWARE__NO_NEW_CONFIRMATORY_INFERENCE
15,E1_ROLLING__DT-RAMDE_TS2_FULL__VS__JMETALPY_1_7_NSGAII_DYNAMIC_RESTART_BRIDGE,E1_ROLLING,REJECT_BUDGET_NO_FEASIBLE,RR-SHOCK/1,5,0,0,0,comparator_rate_minus_proposed_rate,PRE_R10_SUPPORTING_DESCRIPTIVE_RESULT_AWARE__NO_NEW_CONFIRMATORY_INFERENCE
15,E1_ROLLING__DT-RAMDE_TS2_FULL__VS__JMETALPY_1_7_NSGAII_DYNAMIC_RESTART_BRIDGE,E1_ROLLING,REJECT_NUMERICAL,RR-SHOCK/1,5,0,0,0,comparator_rate_minus_proposed_rate,PRE_R10_SUPPORTING_DESCRIPTIVE_RESULT_AWARE__NO_NEW_CONFIRMATORY_INFERENCE
15,E1_ROLLING__DT-RAMDE_TS2_FULL__VS__JMETALPY_1_7_NSGAII_DYNAMIC_RESTART_BRIDGE,E1_ROLLING,OTHER_NONACCEPTED,RR-SHOCK/1,5,0,0,0,comparator_rate_minus_proposed_rate,PRE_R10_SUPPORTING_DESCRIPTIVE_RESULT_AWARE__NO_NEW_CONFIRMATORY_INFERENCE
15,E1_ROLLING__DT-RAMDE_TS2_FULL__VS__JMETALPY_1_7_NSGAII_DYNAMIC_RESTART_BRIDGE,E1_ROLLING,FAILURE_RATE,RR-SHOCK/2,5,-0.069999999999999993,-0.069999999999999993,-0.069999999999999993,comparator_rate_minus_proposed_rate,PRE_R10_SUPPORTING_DESCRIPTIVE_RESULT_AWARE__NO_NEW_CONFIRMATORY_INFERENCE
15,E1_ROLLING__DT-RAMDE_TS2_FULL__VS__JMETALPY_1_7_NSGAII_DYNAMIC_RESTART_BRIDGE,E1_ROLLING,REJECT_SAFETY_FILTER,RR-SHOCK/2,5,-0.069999999999999993,-0.069999999999999993,-0.069999999999999993,comparator_rate_minus_proposed_rate,PRE_R10_SUPPORTING_DESCRIPTIVE_RESULT_AWARE__NO_NEW_CONFIRMATORY_INFERENCE
15,E1_ROLLING__DT-RAMDE_TS2_FULL__VS__JMETALPY_1_7_NSGAII_DYNAMIC_RESTART_BRIDGE,E1_ROLLING,REJECT_BUDGET_NO_FEASIBLE,RR-SHOCK/2,5,0,0,0,comparator_rate_minus_proposed_rate,PRE_R10_SUPPORTING_DESCRIPTIVE_RESULT_AWARE__NO_NEW_CONFIRMATORY_INFERENCE
15,E1_ROLLING__DT-RAMDE_TS2_FULL__VS__JMETALPY_1_7_NSGAII_DYNAMIC_RESTART_BRIDGE,E1_ROLLING,REJECT_NUMERICAL,RR-SHOCK/2,5,0,0,0,comparator_rate_minus_proposed_rate,PRE_R10_SUPPORTING_DESCRIPTIVE_RESULT_AWARE__NO_NEW_CONFIRMATORY_INFERENCE
15,E1_ROLLING__DT-RAMDE_TS2_FULL__VS__JMETALPY_1_7_NSGAII_DYNAMIC_RESTART_BRIDGE,E1_ROLLING,OTHER_NONACCEPTED,RR-SHOCK/2,5,0,0,0,comparator_rate_minus_proposed_rate,PRE_R10_SUPPORTING_DESCRIPTIVE_RESULT_AWARE__NO_NEW_CONFIRMATORY_INFERENCE
15,E1_ROLLING__DT-RAMDE_TS2_FULL__VS__JMETALPY_1_7_NSGAII_DYNAMIC_RESTART_BRIDGE,E1_ROLLING,FAILURE_RATE,RR-SHOCK/3,5,-0.12000000000000011,-0.12000000000000011,-0.12000000000000011,comparator_rate_minus_proposed_rate,PRE_R10_SUPPORTING_DESCRIPTIVE_RESULT_AWARE__NO_NEW_CONFIRMATORY_INFERENCE
15,E1_ROLLING__DT-RAMDE_TS2_FULL__VS__JMETALPY_1_7_NSGAII_DYNAMIC_RESTART_BRIDGE,E1_ROLLING,REJECT_SAFETY_FILTER,RR-SHOCK/3,5,-0.12000000000000002,-0.12000000000000002,-0.12000000000000002,comparator_rate_minus_proposed_rate,PRE_R10_SUPPORTING_DESCRIPTIVE_RESULT_AWARE__NO_NEW_CONFIRMATORY_INFERENCE
15,E1_ROLLING__DT-RAMDE_TS2_FULL__VS__JMETALPY_1_7_NSGAII_DYNAMIC_RESTART_BRIDGE,E1_ROLLING,REJECT_BUDGET_NO_FEASIBLE,RR-SHOCK/3,5,0,0,0,comparator_rate_minus_proposed_rate,PRE_R10_SUPPORTING_DESCRIPTIVE_RESULT_AWARE__NO_NEW_CONFIRMATORY_INFERENCE
15,E1_ROLLING__DT-RAMDE_TS2_FULL__VS__JMETALPY_1_7_NSGAII_DYNAMIC_RESTART_BRIDGE,E1_ROLLING,REJECT_NUMERICAL,RR-SHOCK/3,5,0,0,0,comparator_rate_minus_proposed_rate,PRE_R10_SUPPORTING_DESCRIPTIVE_RESULT_AWARE__NO_NEW_CONFIRMATORY_INFERENCE
15,E1_ROLLING__DT-RAMDE_TS2_FULL__VS__JMETALPY_1_7_NSGAII_DYNAMIC_RESTART_BRIDGE,E1_ROLLING,OTHER_NONACCEPTED,RR-SHOCK/3,5,-1.1102230246251566e-17,-1.1102230246251566e-17,-1.1102230246251566e-17,comparator_rate_minus_proposed_rate,PRE_R10_SUPPORTING_DESCRIPTIVE_RESULT_AWARE__NO_NEW_CONFIRMATORY_INFERENCE
15,E1_ROLLING__DT-RAMDE_TS2_FULL__VS__JMETALPY_1_7_NSGAII_DYNAMIC_RESTART_BRIDGE,E1_ROLLING,FAILURE_RATE,RR-SHOCK/4,5,-0.080000000000000002,-0.080000000000000002,-0.080000000000000002,comparator_rate_minus_proposed_rate,PRE_R10_SUPPORTING_DESCRIPTIVE_RESULT_AWARE__NO_NEW_CONFIRMATORY_INFERENCE
15,E1_ROLLING__DT-RAMDE_TS2_FULL__VS__JMETALPY_1_7_NSGAII_DYNAMIC_RESTART_BRIDGE,E1_ROLLING,REJECT_SAFETY_FILTER,RR-SHOCK/4,5,-0.079999999999999988,-0.079999999999999988,-0.079999999999999988,comparator_rate_minus_proposed_rate,PRE_R10_SUPPORTING_DESCRIPTIVE_RESULT_AWARE__NO_NEW_CONFIRMATORY_INFERENCE
15,E1_ROLLING__DT-RAMDE_TS2_FULL__VS__JMETALPY_1_7_NSGAII_DYNAMIC_RESTART_BRIDGE,E1_ROLLING,REJECT_BUDGET_NO_FEASIBLE,RR-SHOCK/4,5,0,0,0,comparator_rate_minus_proposed_rate,PRE_R10_SUPPORTING_DESCRIPTIVE_RESULT_AWARE__NO_NEW_CONFIRMATORY_INFERENCE
15,E1_ROLLING__DT-RAMDE_TS2_FULL__VS__JMETALPY_1_7_NSGAII_DYNAMIC_RESTART_BRIDGE,E1_ROLLING,REJECT_NUMERICAL,RR-SHOCK/4,5,0,0,0,comparator_rate_minus_proposed_rate,PRE_R10_SUPPORTING_DESCRIPTIVE_RESULT_AWARE__NO_NEW_CONFIRMATORY_INFERENCE
15,E1_ROLLING__DT-RAMDE_TS2_FULL__VS__JMETALPY_1_7_NSGAII_DYNAMIC_RESTART_BRIDGE,E1_ROLLING,OTHER_NONACCEPTED,RR-SHOCK/4,5,0,0,0,comparator_rate_minus_proposed_rate,PRE_R10_SUPPORTING_DESCRIPTIVE_RESULT_AWARE__NO_NEW_CONFIRMATORY_INFERENCE
15,E1_ROLLING__DT-RAMDE_TS2_FULL__VS__JMETALPY_1_7_NSGAII_DYNAMIC_RESTART_BRIDGE,E1_ROLLING,FAILURE_RATE,RR-SHOCK/5,5,-0.16999999999999998,-0.16999999999999998,-0.16999999999999998,comparator_rate_minus_proposed_rate,PRE_R10_SUPPORTING_DESCRIPTIVE_RESULT_AWARE__NO_NEW_CONFIRMATORY_INFERENCE
15,E1_ROLLING__DT-RAMDE_TS2_FULL__VS__JMETALPY_1_7_NSGAII_DYNAMIC_RESTART_BRIDGE,E1_ROLLING,REJECT_SAFETY_FILTER,RR-SHOCK/5,5,-0.19,-0.19,-0.19,comparator_rate_minus_proposed_rate,PRE_R10_SUPPORTING_DESCRIPTIVE_RESULT_AWARE__NO_NEW_CONFIRMATORY_INFERENCE
15,E1_ROLLING__DT-RAMDE_TS2_FULL__VS__JMETALPY_1_7_NSGAII_DYNAMIC_RESTART_BRIDGE,E1_ROLLING,REJECT_BUDGET_NO_FEASIBLE,RR-SHOCK/5,5,0.019999999999999997,0.019999999999999997,0.019999999999999997,comparator_rate_minus_proposed_rate,PRE_R10_SUPPORTING_DESCRIPTIVE_RESULT_AWARE__NO_NEW_CONFIRMATORY_INFERENCE
15,E1_ROLLING__DT-RAMDE_TS2_FULL__VS__JMETALPY_1_7_NSGAII_DYNAMIC_RESTART_BRIDGE,E1_ROLLING,REJECT_NUMERICAL,RR-SHOCK/5,5,0,0,0,comparator_rate_minus_proposed_rate,PRE_R10_SUPPORTING_DESCRIPTIVE_RESULT_AWARE__NO_NEW_CONFIRMATORY_INFERENCE
15,E1_ROLLING__DT-RAMDE_TS2_FULL__VS__JMETALPY_1_7_NSGAII_DYNAMIC_RESTART_BRIDGE,E1_ROLLING,OTHER_NONACCEPTED,RR-SHOCK/5,5,-1.6653345369377347e-17,-1.6653345369377347e-17,-1.6653345369377347e-17,comparator_rate_minus_proposed_rate,PRE_R10_SUPPORTING_DESCRIPTIVE_RESULT_AWARE__NO_NEW_CONFIRMATORY_INFERENCE
15,E1_ROLLING__DT-RAMDE_TS2_FULL__VS__JMETALPY_1_7_NSGAII_DYNAMIC_RESTART_BRIDGE,E1_ROLLING,FAILURE_RATE,RR-SHOCK/6,5,-0.23999999999999996,-0.23999999999999996,-0.23999999999999996,comparator_rate_minus_proposed_rate,PRE_R10_SUPPORTING_DESCRIPTIVE_RESULT_AWARE__NO_NEW_CONFIRMATORY_INFERENCE
15,E1_ROLLING__DT-RAMDE_TS2_FULL__VS__JMETALPY_1_7_NSGAII_DYNAMIC_RESTART_BRIDGE,E1_ROLLING,REJECT_SAFETY_FILTER,RR-SHOCK/6,5,-0.16999999999999998,-0.16999999999999998,-0.16999999999999998,comparator_rate_minus_proposed_rate,PRE_R10_SUPPORTING_DESCRIPTIVE_RESULT_AWARE__NO_NEW_CONFIRMATORY_INFERENCE
15,E1_ROLLING__DT-RAMDE_TS2_FULL__VS__JMETALPY_1_7_NSGAII_DYNAMIC_RESTART_BRIDGE,E1_ROLLING,REJECT_BUDGET_NO_FEASIBLE,RR-SHOCK/6,5,-0.069999999999999993,-0.069999999999999993,-0.069999999999999993,comparator_rate_minus_proposed_rate,PRE_R10_SUPPORTING_DESCRIPTIVE_RESULT_AWARE__NO_NEW_CONFIRMATORY_INFERENCE
15,E1_ROLLING__DT-RAMDE_TS2_FULL__VS__JMETALPY_1_7_NSGAII_DYNAMIC_RESTART_BRIDGE,E1_ROLLING,REJECT_NUMERICAL,RR-SHOCK/6,5,0,0,0,comparator_rate_minus_proposed_rate,PRE_R10_SUPPORTING_DESCRIPTIVE_RESULT_AWARE__NO_NEW_CONFIRMATORY_INFERENCE
15,E1_ROLLING__DT-RAMDE_TS2_FULL__VS__JMETALPY_1_7_NSGAII_DYNAMIC_RESTART_BRIDGE,E1_ROLLING,OTHER_NONACCEPTED,RR-SHOCK/6,5,0,0,0,comparator_rate_minus_proposed_rate,PRE_R10_SUPPORTING_DESCRIPTIVE_RESULT_AWARE__NO_NEW_CONFIRMATORY_INFERENCE
15,E1_ROLLING__DT-RAMDE_TS2_FULL__VS__JMETALPY_1_7_NSGAII_DYNAMIC_RESTART_BRIDGE,E1_ROLLING,FAILURE_RATE,RR-SHOCK/7,5,0,0,0,comparator_rate_minus_proposed_rate,PRE_R10_SUPPORTING_DESCRIPTIVE_RESULT_AWARE__NO_NEW_CONFIRMATORY_INFERENCE
15,E1_ROLLING__DT-RAMDE_TS2_FULL__VS__JMETALPY_1_7_NSGAII_DYNAMIC_RESTART_BRIDGE,E1_ROLLING,REJECT_SAFETY_FILTER,RR-SHOCK/7,5,0,0,0,comparator_rate_minus_proposed_rate,PRE_R10_SUPPORTING_DESCRIPTIVE_RESULT_AWARE__NO_NEW_CONFIRMATORY_INFERENCE
15,E1_ROLLING__DT-RAMDE_TS2_FULL__VS__JMETALPY_1_7_NSGAII_DYNAMIC_RESTART_BRIDGE,E1_ROLLING,REJECT_BUDGET_NO_FEASIBLE,RR-SHOCK/7,5,0,0,0,comparator_rate_minus_proposed_rate,PRE_R10_SUPPORTING_DESCRIPTIVE_RESULT_AWARE__NO_NEW_CONFIRMATORY_INFERENCE
15,E1_ROLLING__DT-RAMDE_TS2_FULL__VS__JMETALPY_1_7_NSGAII_DYNAMIC_RESTART_BRIDGE,E1_ROLLING,REJECT_NUMERICAL,RR-SHOCK/7,5,0,0,0,comparator_rate_minus_proposed_rate,PRE_R10_SUPPORTING_DESCRIPTIVE_RESULT_AWARE__NO_NEW_CONFIRMATORY_INFERENCE
15,E1_ROLLING__DT-RAMDE_TS2_FULL__VS__JMETALPY_1_7_NSGAII_DYNAMIC_RESTART_BRIDGE,E1_ROLLING,OTHER_NONACCEPTED,RR-SHOCK/7,5,0,0,0,comparator_rate_minus_proposed_rate,PRE_R10_SUPPORTING_DESCRIPTIVE_RESULT_AWARE__NO_NEW_CONFIRMATORY_INFERENCE
15,E1_ROLLING__DT-RAMDE_TS2_FULL__VS__JMETALPY_1_7_NSGAII_DYNAMIC_RESTART_BRIDGE,E1_ROLLING,FAILURE_RATE,RR-SMOOTH/0,5,-0.02,-0.02,-0.02,comparator_rate_minus_proposed_rate,PRE_R10_SUPPORTING_DESCRIPTIVE_RESULT_AWARE__NO_NEW_CONFIRMATORY_INFERENCE
15,E1_ROLLING__DT-RAMDE_TS2_FULL__VS__JMETALPY_1_7_NSGAII_DYNAMIC_RESTART_BRIDGE,E1_ROLLING,REJECT_SAFETY_FILTER,RR-SMOOTH/0,5,-0.02,-0.02,-0.02,comparator_rate_minus_proposed_rate,PRE_R10_SUPPORTING_DESCRIPTIVE_RESULT_AWARE__NO_NEW_CONFIRMATORY_INFERENCE
15,E1_ROLLING__DT-RAMDE_TS2_FULL__VS__JMETALPY_1_7_NSGAII_DYNAMIC_RESTART_BRIDGE,E1_ROLLING,REJECT_BUDGET_NO_FEASIBLE,RR-SMOOTH/0,5,0,0,0,comparator_rate_minus_proposed_rate,PRE_R10_SUPPORTING_DESCRIPTIVE_RESULT_AWARE__NO_NEW_CONFIRMATORY_INFERENCE
15,E1_ROLLING__DT-RAMDE_TS2_FULL__VS__JMETALPY_1_7_NSGAII_DYNAMIC_RESTART_BRIDGE,E1_ROLLING,REJECT_NUMERICAL,RR-SMOOTH/0,5,0,0,0,comparator_rate_minus_proposed_rate,PRE_R10_SUPPORTING_DESCRIPTIVE_RESULT_AWARE__NO_NEW_CONFIRMATORY_INFERENCE
15,E1_ROLLING__DT-RAMDE_TS2_FULL__VS__JMETALPY_1_7_NSGAII_DYNAMIC_RESTART_BRIDGE,E1_ROLLING,OTHER_NONACCEPTED,RR-SMOOTH/0,5,0,0,0,comparator_rate_minus_proposed_rate,PRE_R10_SUPPORTING_DESCRIPTIVE_RESULT_AWARE__NO_NEW_CONFIRMATORY_INFERENCE
15,E1_ROLLING__DT-RAMDE_TS2_FULL__VS__JMETALPY_1_7_NSGAII_DYNAMIC_RESTART_BRIDGE,E1_ROLLING,FAILURE_RATE,RR-SMOOTH/1,5,-0.55999999999999994,-0.55999999999999994,-0.55999999999999994,comparator_rate_minus_proposed_rate,PRE_R10_SUPPORTING_DESCRIPTIVE_RESULT_AWARE__NO_NEW_CONFIRMATORY_INFERENCE
15,E1_ROLLING__DT-RAMDE_TS2_FULL__VS__JMETALPY_1_7_NSGAII_DYNAMIC_RESTART_BRIDGE,E1_ROLLING,REJECT_SAFETY_FILTER,RR-SMOOTH/1,5,-0.47999999999999998,-0.47999999999999998,-0.47999999999999998,comparator_rate_minus_proposed_rate,PRE_R10_SUPPORTING_DESCRIPTIVE_RESULT_AWARE__NO_NEW_CONFIRMATORY_INFERENCE
15,E1_ROLLING__DT-RAMDE_TS2_FULL__VS__JMETALPY_1_7_NSGAII_DYNAMIC_RESTART_BRIDGE,E1_ROLLING,REJECT_BUDGET_NO_FEASIBLE,RR-SMOOTH/1,5,-0.080000000000000002,-0.080000000000000002,-0.080000000000000002,comparator_rate_minus_proposed_rate,PRE_R10_SUPPORTING_DESCRIPTIVE_RESULT_AWARE__NO_NEW_CONFIRMATORY_INFERENCE
15,E1_ROLLING__DT-RAMDE_TS2_FULL__VS__JMETALPY_1_7_NSGAII_DYNAMIC_RESTART_BRIDGE,E1_ROLLING,REJECT_NUMERICAL,RR-SMOOTH/1,5,0,0,0,comparator_rate_minus_proposed_rate,PRE_R10_SUPPORTING_DESCRIPTIVE_RESULT_AWARE__NO_NEW_CONFIRMATORY_INFERENCE
15,E1_ROLLING__DT-RAMDE_TS2_FULL__VS__JMETALPY_1_7_NSGAII_DYNAMIC_RESTART_BRIDGE,E1_ROLLING,OTHER_NONACCEPTED,RR-SMOOTH/1,5,0,0,0,comparator_rate_minus_proposed_rate,PRE_R10_SUPPORTING_DESCRIPTIVE_RESULT_AWARE__NO_NEW_CONFIRMATORY_INFERENCE
15,E1_ROLLING__DT-RAMDE_TS2_FULL__VS__JMETALPY_1_7_NSGAII_DYNAMIC_RESTART_BRIDGE,E1_ROLLING,FAILURE_RATE,RR-SMOOTH/2,5,0,0,0,comparator_rate_minus_proposed_rate,PRE_R10_SUPPORTING_DESCRIPTIVE_RESULT_AWARE__NO_NEW_CONFIRMATORY_INFERENCE
15,E1_ROLLING__DT-RAMDE_TS2_FULL__VS__JMETALPY_1_7_NSGAII_DYNAMIC_RESTART_BRIDGE,E1_ROLLING,REJECT_SAFETY_FILTER,RR-SMOOTH/2,5,0,0,0,comparator_rate_minus_proposed_rate,PRE_R10_SUPPORTING_DESCRIPTIVE_RESULT_AWARE__NO_NEW_CONFIRMATORY_INFERENCE
15,E1_ROLLING__DT-RAMDE_TS2_FULL__VS__JMETALPY_1_7_NSGAII_DYNAMIC_RESTART_BRIDGE,E1_ROLLING,REJECT_BUDGET_NO_FEASIBLE,RR-SMOOTH/2,5,0,0,0,comparator_rate_minus_proposed_rate,PRE_R10_SUPPORTING_DESCRIPTIVE_RESULT_AWARE__NO_NEW_CONFIRMATORY_INFERENCE
15,E1_ROLLING__DT-RAMDE_TS2_FULL__VS__JMETALPY_1_7_NSGAII_DYNAMIC_RESTART_BRIDGE,E1_ROLLING,REJECT_NUMERICAL,RR-SMOOTH/2,5,0,0,0,comparator_rate_minus_proposed_rate,PRE_R10_SUPPORTING_DESCRIPTIVE_RESULT_AWARE__NO_NEW_CONFIRMATORY_INFERENCE
15,E1_ROLLING__DT-RAMDE_TS2_FULL__VS__JMETALPY_1_7_NSGAII_DYNAMIC_RESTART_BRIDGE,E1_ROLLING,OTHER_NONACCEPTED,RR-SMOOTH/2,5,0,0,0,comparator_rate_minus_proposed_rate,PRE_R10_SUPPORTING_DESCRIPTIVE_RESULT_AWARE__NO_NEW_CONFIRMATORY_INFERENCE
15,E1_ROLLING__DT-RAMDE_TS2_FULL__VS__JMETALPY_1_7_NSGAII_DYNAMIC_RESTART_BRIDGE,E1_ROLLING,FAILURE_RATE,RR-SMOOTH/3,5,-0.030000000000000006,-0.030000000000000006,-0.030000000000000006,comparator_rate_minus_proposed_rate,PRE_R10_SUPPORTING_DESCRIPTIVE_RESULT_AWARE__NO_NEW_CONFIRMATORY_INFERENCE
15,E1_ROLLING__DT-RAMDE_TS2_FULL__VS__JMETALPY_1_7_NSGAII_DYNAMIC_RESTART_BRIDGE,E1_ROLLING,REJECT_SAFETY_FILTER,RR-SMOOTH/3,5,-0.030000000000000006,-0.030000000000000006,-0.030000000000000006,comparator_rate_minus_proposed_rate,PRE_R10_SUPPORTING_DESCRIPTIVE_RESULT_AWARE__NO_NEW_CONFIRMATORY_INFERENCE
15,E1_ROLLING__DT-RAMDE_TS2_FULL__VS__JMETALPY_1_7_NSGAII_DYNAMIC_RESTART_BRIDGE,E1_ROLLING,REJECT_BUDGET_NO_FEASIBLE,RR-SMOOTH/3,5,0,0,0,comparator_rate_minus_proposed_rate,PRE_R10_SUPPORTING_DESCRIPTIVE_RESULT_AWARE__NO_NEW_CONFIRMATORY_INFERENCE
15,E1_ROLLING__DT-RAMDE_TS2_FULL__VS__JMETALPY_1_7_NSGAII_DYNAMIC_RESTART_BRIDGE,E1_ROLLING,REJECT_NUMERICAL,RR-SMOOTH/3,5,0,0,0,comparator_rate_minus_proposed_rate,PRE_R10_SUPPORTING_DESCRIPTIVE_RESULT_AWARE__NO_NEW_CONFIRMATORY_INFERENCE
15,E1_ROLLING__DT-RAMDE_TS2_FULL__VS__JMETALPY_1_7_NSGAII_DYNAMIC_RESTART_BRIDGE,E1_ROLLING,OTHER_NONACCEPTED,RR-SMOOTH/3,5,0,0,0,comparator_rate_minus_proposed_rate,PRE_R10_SUPPORTING_DESCRIPTIVE_RESULT_AWARE__NO_NEW_CONFIRMATORY_INFERENCE
15,E1_ROLLING__DT-RAMDE_TS2_FULL__VS__JMETALPY_1_7_NSGAII_DYNAMIC_RESTART_BRIDGE,E1_ROLLING,FAILURE_RATE,RR-SMOOTH/4,5,-0.27999999999999992,-0.27999999999999992,-0.27999999999999992,comparator_rate_minus_proposed_rate,PRE_R10_SUPPORTING_DESCRIPTIVE_RESULT_AWARE__NO_NEW_CONFIRMATORY_INFERENCE
15,E1_ROLLING__DT-RAMDE_TS2_FULL__VS__JMETALPY_1_7_NSGAII_DYNAMIC_RESTART_BRIDGE,E1_ROLLING,REJECT_SAFETY_FILTER,RR-SMOOTH/4,5,-0.22999999999999998,-0.22999999999999998,-0.22999999999999998,comparator_rate_minus_proposed_rate,PRE_R10_SUPPORTING_DESCRIPTIVE_RESULT_AWARE__NO_NEW_CONFIRMATORY_INFERENCE
15,E1_ROLLING__DT-RAMDE_TS2_FULL__VS__JMETALPY_1_7_NSGAII_DYNAMIC_RESTART_BRIDGE,E1_ROLLING,REJECT_BUDGET_NO_FEASIBLE,RR-SMOOTH/4,5,-0.05000000000000001,-0.05000000000000001,-0.05000000000000001,comparator_rate_minus_proposed_rate,PRE_R10_SUPPORTING_DESCRIPTIVE_RESULT_AWARE__NO_NEW_CONFIRMATORY_INFERENCE
15,E1_ROLLING__DT-RAMDE_TS2_FULL__VS__JMETALPY_1_7_NSGAII_DYNAMIC_RESTART_BRIDGE,E1_ROLLING,REJECT_NUMERICAL,RR-SMOOTH/4,5,0,0,0,comparator_rate_minus_proposed_rate,PRE_R10_SUPPORTING_DESCRIPTIVE_RESULT_AWARE__NO_NEW_CONFIRMATORY_INFERENCE
15,E1_ROLLING__DT-RAMDE_TS2_FULL__VS__JMETALPY_1_7_NSGAII_DYNAMIC_RESTART_BRIDGE,E1_ROLLING,OTHER_NONACCEPTED,RR-SMOOTH/4,5,3.3306690738754701e-17,3.3306690738754701e-17,3.3306690738754701e-17,comparator_rate_minus_proposed_rate,PRE_R10_SUPPORTING_DESCRIPTIVE_RESULT_AWARE__NO_NEW_CONFIRMATORY_INFERENCE
15,E1_ROLLING__DT-RAMDE_TS2_FULL__VS__JMETALPY_1_7_NSGAII_DYNAMIC_RESTART_BRIDGE,E1_ROLLING,FAILURE_RATE,RR-SMOOTH/5,5,-0.02,-0.02,-0.02,comparator_rate_minus_proposed_rate,PRE_R10_SUPPORTING_DESCRIPTIVE_RESULT_AWARE__NO_NEW_CONFIRMATORY_INFERENCE
15,E1_ROLLING__DT-RAMDE_TS2_FULL__VS__JMETALPY_1_7_NSGAII_DYNAMIC_RESTART_BRIDGE,E1_ROLLING,REJECT_SAFETY_FILTER,RR-SMOOTH/5,5,-0.02,-0.02,-0.02,comparator_rate_minus_proposed_rate,PRE_R10_SUPPORTING_DESCRIPTIVE_RESULT_AWARE__NO_NEW_CONFIRMATORY_INFERENCE
15,E1_ROLLING__DT-RAMDE_TS2_FULL__VS__JMETALPY_1_7_NSGAII_DYNAMIC_RESTART_BRIDGE,E1_ROLLING,REJECT_BUDGET_NO_FEASIBLE,RR-SMOOTH/5,5,0,0,0,comparator_rate_minus_proposed_rate,PRE_R10_SUPPORTING_DESCRIPTIVE_RESULT_AWARE__NO_NEW_CONFIRMATORY_INFERENCE
15,E1_ROLLING__DT-RAMDE_TS2_FULL__VS__JMETALPY_1_7_NSGAII_DYNAMIC_RESTART_BRIDGE,E1_ROLLING,REJECT_NUMERICAL,RR-SMOOTH/5,5,0,0,0,comparator_rate_minus_proposed_rate,PRE_R10_SUPPORTING_DESCRIPTIVE_RESULT_AWARE__NO_NEW_CONFIRMATORY_INFERENCE
15,E1_ROLLING__DT-RAMDE_TS2_FULL__VS__JMETALPY_1_7_NSGAII_DYNAMIC_RESTART_BRIDGE,E1_ROLLING,OTHER_NONACCEPTED,RR-SMOOTH/5,5,0,0,0,comparator_rate_minus_proposed_rate,PRE_R10_SUPPORTING_DESCRIPTIVE_RESULT_AWARE__NO_NEW_CONFIRMATORY_INFERENCE
15,E1_ROLLING__DT-RAMDE_TS2_FULL__VS__JMETALPY_1_7_NSGAII_DYNAMIC_RESTART_BRIDGE,E1_ROLLING,FAILURE_RATE,RR-SMOOTH/6,5,-0.55000000000000004,-0.55000000000000004,-0.55000000000000004,comparator_rate_minus_proposed_rate,PRE_R10_SUPPORTING_DESCRIPTIVE_RESULT_AWARE__NO_NEW_CONFIRMATORY_INFERENCE
15,E1_ROLLING__DT-RAMDE_TS2_FULL__VS__JMETALPY_1_7_NSGAII_DYNAMIC_RESTART_BRIDGE,E1_ROLLING,REJECT_SAFETY_FILTER,RR-SMOOTH/6,5,-0.32000000000000001,-0.32000000000000001,-0.32000000000000001,comparator_rate_minus_proposed_rate,PRE_R10_SUPPORTING_DESCRIPTIVE_RESULT_AWARE__NO_NEW_CONFIRMATORY_INFERENCE
15,E1_ROLLING__DT-RAMDE_TS2_FULL__VS__JMETALPY_1_7_NSGAII_DYNAMIC_RESTART_BRIDGE,E1_ROLLING,REJECT_BUDGET_NO_FEASIBLE,RR-SMOOTH/6,5,-0.22999999999999998,-0.22999999999999998,-0.22999999999999998,comparator_rate_minus_proposed_rate,PRE_R10_SUPPORTING_DESCRIPTIVE_RESULT_AWARE__NO_NEW_CONFIRMATORY_INFERENCE
15,E1_ROLLING__DT-RAMDE_TS2_FULL__VS__JMETALPY_1_7_NSGAII_DYNAMIC_RESTART_BRIDGE,E1_ROLLING,REJECT_NUMERICAL,RR-SMOOTH/6,5,0,0,0,comparator_rate_minus_proposed_rate,PRE_R10_SUPPORTING_DESCRIPTIVE_RESULT_AWARE__NO_NEW_CONFIRMATORY_INFERENCE
15,E1_ROLLING__DT-RAMDE_TS2_FULL__VS__JMETALPY_1_7_NSGAII_DYNAMIC_RESTART_BRIDGE,E1_ROLLING,OTHER_NONACCEPTED,RR-SMOOTH/6,5,0,0,0,comparator_rate_minus_proposed_rate,PRE_R10_SUPPORTING_DESCRIPTIVE_RESULT_AWARE__NO_NEW_CONFIRMATORY_INFERENCE
15,E1_ROLLING__DT-RAMDE_TS2_FULL__VS__JMETALPY_1_7_NSGAII_DYNAMIC_RESTART_BRIDGE,E1_ROLLING,FAILURE_RATE,RR-SMOOTH/7,5,-0.089999999999999997,-0.089999999999999997,-0.089999999999999997,comparator_rate_minus_proposed_rate,PRE_R10_SUPPORTING_DESCRIPTIVE_RESULT_AWARE__NO_NEW_CONFIRMATORY_INFERENCE
15,E1_ROLLING__DT-RAMDE_TS2_FULL__VS__JMETALPY_1_7_NSGAII_DYNAMIC_RESTART_BRIDGE,E1_ROLLING,REJECT_SAFETY_FILTER,RR-SMOOTH/7,5,-0.089999999999999997,-0.089999999999999997,-0.089999999999999997,comparator_rate_minus_proposed_rate,PRE_R10_SUPPORTING_DESCRIPTIVE_RESULT_AWARE__NO_NEW_CONFIRMATORY_INFERENCE
15,E1_ROLLING__DT-RAMDE_TS2_FULL__VS__JMETALPY_1_7_NSGAII_DYNAMIC_RESTART_BRIDGE,E1_ROLLING,REJECT_BUDGET_NO_FEASIBLE,RR-SMOOTH/7,5,0,0,0,comparator_rate_minus_proposed_rate,PRE_R10_SUPPORTING_DESCRIPTIVE_RESULT_AWARE__NO_NEW_CONFIRMATORY_INFERENCE
15,E1_ROLLING__DT-RAMDE_TS2_FULL__VS__JMETALPY_1_7_NSGAII_DYNAMIC_RESTART_BRIDGE,E1_ROLLING,REJECT_NUMERICAL,RR-SMOOTH/7,5,0,0,0,comparator_rate_minus_proposed_rate,PRE_R10_SUPPORTING_DESCRIPTIVE_RESULT_AWARE__NO_NEW_CONFIRMATORY_INFERENCE
15,E1_ROLLING__DT-RAMDE_TS2_FULL__VS__JMETALPY_1_7_NSGAII_DYNAMIC_RESTART_BRIDGE,E1_ROLLING,OTHER_NONACCEPTED,RR-SMOOTH/7,5,0,0,0,comparator_rate_minus_proposed_rate,PRE_R10_SUPPORTING_DESCRIPTIVE_RESULT_AWARE__NO_NEW_CONFIRMATORY_INFERENCE
16,E2_DYNAMIC__DT-RAMDE_TS2_FULL__VS__NO_CROSS_EVENT_MEMORY,E2_DYNAMIC,FAILURE_RATE,CDF1,10,0,0,0,comparator_rate_minus_proposed_rate,PRE_R10_SUPPORTING_DESCRIPTIVE_RESULT_AWARE__NO_NEW_CONFIRMATORY_INFERENCE
16,E2_DYNAMIC__DT-RAMDE_TS2_FULL__VS__NO_CROSS_EVENT_MEMORY,E2_DYNAMIC,REJECT_SAFETY_FILTER,CDF1,10,0,0,0,comparator_rate_minus_proposed_rate,PRE_R10_SUPPORTING_DESCRIPTIVE_RESULT_AWARE__NO_NEW_CONFIRMATORY_INFERENCE
16,E2_DYNAMIC__DT-RAMDE_TS2_FULL__VS__NO_CROSS_EVENT_MEMORY,E2_DYNAMIC,REJECT_BUDGET_NO_FEASIBLE,CDF1,10,0,0,0,comparator_rate_minus_proposed_rate,PRE_R10_SUPPORTING_DESCRIPTIVE_RESULT_AWARE__NO_NEW_CONFIRMATORY_INFERENCE
16,E2_DYNAMIC__DT-RAMDE_TS2_FULL__VS__NO_CROSS_EVENT_MEMORY,E2_DYNAMIC,REJECT_NUMERICAL,CDF1,10,0,0,0,comparator_rate_minus_proposed_rate,PRE_R10_SUPPORTING_DESCRIPTIVE_RESULT_AWARE__NO_NEW_CONFIRMATORY_INFERENCE
16,E2_DYNAMIC__DT-RAMDE_TS2_FULL__VS__NO_CROSS_EVENT_MEMORY,E2_DYNAMIC,OTHER_NONACCEPTED,CDF1,10,0,0,0,comparator_rate_minus_proposed_rate,PRE_R10_SUPPORTING_DESCRIPTIVE_RESULT_AWARE__NO_NEW_CONFIRMATORY_INFERENCE
16,E2_DYNAMIC__DT-RAMDE_TS2_FULL__VS__NO_CROSS_EVENT_MEMORY,E2_DYNAMIC,FAILURE_RATE,CDF10,10,0,0,0,comparator_rate_minus_proposed_rate,PRE_R10_SUPPORTING_DESCRIPTIVE_RESULT_AWARE__NO_NEW_CONFIRMATORY_INFERENCE
16,E2_DYNAMIC__DT-RAMDE_TS2_FULL__VS__NO_CROSS_EVENT_MEMORY,E2_DYNAMIC,REJECT_SAFETY_FILTER,CDF10,10,0,0,0,comparator_rate_minus_proposed_rate,PRE_R10_SUPPORTING_DESCRIPTIVE_RESULT_AWARE__NO_NEW_CONFIRMATORY_INFERENCE
16,E2_DYNAMIC__DT-RAMDE_TS2_FULL__VS__NO_CROSS_EVENT_MEMORY,E2_DYNAMIC,REJECT_BUDGET_NO_FEASIBLE,CDF10,10,0,0,0,comparator_rate_minus_proposed_rate,PRE_R10_SUPPORTING_DESCRIPTIVE_RESULT_AWARE__NO_NEW_CONFIRMATORY_INFERENCE
16,E2_DYNAMIC__DT-RAMDE_TS2_FULL__VS__NO_CROSS_EVENT_MEMORY,E2_DYNAMIC,REJECT_NUMERICAL,CDF10,10,0,0,0,comparator_rate_minus_proposed_rate,PRE_R10_SUPPORTING_DESCRIPTIVE_RESULT_AWARE__NO_NEW_CONFIRMATORY_INFERENCE
16,E2_DYNAMIC__DT-RAMDE_TS2_FULL__VS__NO_CROSS_EVENT_MEMORY,E2_DYNAMIC,OTHER_NONACCEPTED,CDF10,10,0,0,0,comparator_rate_minus_proposed_rate,PRE_R10_SUPPORTING_DESCRIPTIVE_RESULT_AWARE__NO_NEW_CONFIRMATORY_INFERENCE
16,E2_DYNAMIC__DT-RAMDE_TS2_FULL__VS__NO_CROSS_EVENT_MEMORY,E2_DYNAMIC,FAILURE_RATE,CDF11,10,0,0,0,comparator_rate_minus_proposed_rate,PRE_R10_SUPPORTING_DESCRIPTIVE_RESULT_AWARE__NO_NEW_CONFIRMATORY_INFERENCE
16,E2_DYNAMIC__DT-RAMDE_TS2_FULL__VS__NO_CROSS_EVENT_MEMORY,E2_DYNAMIC,REJECT_SAFETY_FILTER,CDF11,10,0,0,0,comparator_rate_minus_proposed_rate,PRE_R10_SUPPORTING_DESCRIPTIVE_RESULT_AWARE__NO_NEW_CONFIRMATORY_INFERENCE
16,E2_DYNAMIC__DT-RAMDE_TS2_FULL__VS__NO_CROSS_EVENT_MEMORY,E2_DYNAMIC,REJECT_BUDGET_NO_FEASIBLE,CDF11,10,0,0,0,comparator_rate_minus_proposed_rate,PRE_R10_SUPPORTING_DESCRIPTIVE_RESULT_AWARE__NO_NEW_CONFIRMATORY_INFERENCE
16,E2_DYNAMIC__DT-RAMDE_TS2_FULL__VS__NO_CROSS_EVENT_MEMORY,E2_DYNAMIC,REJECT_NUMERICAL,CDF11,10,0,0,0,comparator_rate_minus_proposed_rate,PRE_R10_SUPPORTING_DESCRIPTIVE_RESULT_AWARE__NO_NEW_CONFIRMATORY_INFERENCE
16,E2_DYNAMIC__DT-RAMDE_TS2_FULL__VS__NO_CROSS_EVENT_MEMORY,E2_DYNAMIC,OTHER_NONACCEPTED,CDF11,10,0,0,0,comparator_rate_minus_proposed_rate,PRE_R10_SUPPORTING_DESCRIPTIVE_RESULT_AWARE__NO_NEW_CONFIRMATORY_INFERENCE
16,E2_DYNAMIC__DT-RAMDE_TS2_FULL__VS__NO_CROSS_EVENT_MEMORY,E2_DYNAMIC,FAILURE_RATE,CDF12,10,0,0,0,comparator_rate_minus_proposed_rate,PRE_R10_SUPPORTING_DESCRIPTIVE_RESULT_AWARE__NO_NEW_CONFIRMATORY_INFERENCE
16,E2_DYNAMIC__DT-RAMDE_TS2_FULL__VS__NO_CROSS_EVENT_MEMORY,E2_DYNAMIC,REJECT_SAFETY_FILTER,CDF12,10,0,0,0,comparator_rate_minus_proposed_rate,PRE_R10_SUPPORTING_DESCRIPTIVE_RESULT_AWARE__NO_NEW_CONFIRMATORY_INFERENCE
16,E2_DYNAMIC__DT-RAMDE_TS2_FULL__VS__NO_CROSS_EVENT_MEMORY,E2_DYNAMIC,REJECT_BUDGET_NO_FEASIBLE,CDF12,10,0,0,0,comparator_rate_minus_proposed_rate,PRE_R10_SUPPORTING_DESCRIPTIVE_RESULT_AWARE__NO_NEW_CONFIRMATORY_INFERENCE
16,E2_DYNAMIC__DT-RAMDE_TS2_FULL__VS__NO_CROSS_EVENT_MEMORY,E2_DYNAMIC,REJECT_NUMERICAL,CDF12,10,0,0,0,comparator_rate_minus_proposed_rate,PRE_R10_SUPPORTING_DESCRIPTIVE_RESULT_AWARE__NO_NEW_CONFIRMATORY_INFERENCE
16,E2_DYNAMIC__DT-RAMDE_TS2_FULL__VS__NO_CROSS_EVENT_MEMORY,E2_DYNAMIC,OTHER_NONACCEPTED,CDF12,10,0,0,0,comparator_rate_minus_proposed_rate,PRE_R10_SUPPORTING_DESCRIPTIVE_RESULT_AWARE__NO_NEW_CONFIRMATORY_INFERENCE
16,E2_DYNAMIC__DT-RAMDE_TS2_FULL__VS__NO_CROSS_EVENT_MEMORY,E2_DYNAMIC,FAILURE_RATE,CDF13,10,0,0,0,comparator_rate_minus_proposed_rate,PRE_R10_SUPPORTING_DESCRIPTIVE_RESULT_AWARE__NO_NEW_CONFIRMATORY_INFERENCE
16,E2_DYNAMIC__DT-RAMDE_TS2_FULL__VS__NO_CROSS_EVENT_MEMORY,E2_DYNAMIC,REJECT_SAFETY_FILTER,CDF13,10,0,0,0,comparator_rate_minus_proposed_rate,PRE_R10_SUPPORTING_DESCRIPTIVE_RESULT_AWARE__NO_NEW_CONFIRMATORY_INFERENCE
16,E2_DYNAMIC__DT-RAMDE_TS2_FULL__VS__NO_CROSS_EVENT_MEMORY,E2_DYNAMIC,REJECT_BUDGET_NO_FEASIBLE,CDF13,10,0,0,0,comparator_rate_minus_proposed_rate,PRE_R10_SUPPORTING_DESCRIPTIVE_RESULT_AWARE__NO_NEW_CONFIRMATORY_INFERENCE
16,E2_DYNAMIC__DT-RAMDE_TS2_FULL__VS__NO_CROSS_EVENT_MEMORY,E2_DYNAMIC,REJECT_NUMERICAL,CDF13,10,0,0,0,comparator_rate_minus_proposed_rate,PRE_R10_SUPPORTING_DESCRIPTIVE_RESULT_AWARE__NO_NEW_CONFIRMATORY_INFERENCE
16,E2_DYNAMIC__DT-RAMDE_TS2_FULL__VS__NO_CROSS_EVENT_MEMORY,E2_DYNAMIC,OTHER_NONACCEPTED,CDF13,10,0,0,0,comparator_rate_minus_proposed_rate,PRE_R10_SUPPORTING_DESCRIPTIVE_RESULT_AWARE__NO_NEW_CONFIRMATORY_INFERENCE
16,E2_DYNAMIC__DT-RAMDE_TS2_FULL__VS__NO_CROSS_EVENT_MEMORY,E2_DYNAMIC,FAILURE_RATE,CDF14,10,0,0,0,comparator_rate_minus_proposed_rate,PRE_R10_SUPPORTING_DESCRIPTIVE_RESULT_AWARE__NO_NEW_CONFIRMATORY_INFERENCE
16,E2_DYNAMIC__DT-RAMDE_TS2_FULL__VS__NO_CROSS_EVENT_MEMORY,E2_DYNAMIC,REJECT_SAFETY_FILTER,CDF14,10,0,0,0,comparator_rate_minus_proposed_rate,PRE_R10_SUPPORTING_DESCRIPTIVE_RESULT_AWARE__NO_NEW_CONFIRMATORY_INFERENCE
16,E2_DYNAMIC__DT-RAMDE_TS2_FULL__VS__NO_CROSS_EVENT_MEMORY,E2_DYNAMIC,REJECT_BUDGET_NO_FEASIBLE,CDF14,10,0,0,0,comparator_rate_minus_proposed_rate,PRE_R10_SUPPORTING_DESCRIPTIVE_RESULT_AWARE__NO_NEW_CONFIRMATORY_INFERENCE
16,E2_DYNAMIC__DT-RAMDE_TS2_FULL__VS__NO_CROSS_EVENT_MEMORY,E2_DYNAMIC,REJECT_NUMERICAL,CDF14,10,0,0,0,comparator_rate_minus_proposed_rate,PRE_R10_SUPPORTING_DESCRIPTIVE_RESULT_AWARE__NO_NEW_CONFIRMATORY_INFERENCE
16,E2_DYNAMIC__DT-RAMDE_TS2_FULL__VS__NO_CROSS_EVENT_MEMORY,E2_DYNAMIC,OTHER_NONACCEPTED,CDF14,10,0,0,0,comparator_rate_minus_proposed_rate,PRE_R10_SUPPORTING_DESCRIPTIVE_RESULT_AWARE__NO_NEW_CONFIRMATORY_INFERENCE
16,E2_DYNAMIC__DT-RAMDE_TS2_FULL__VS__NO_CROSS_EVENT_MEMORY,E2_DYNAMIC,FAILURE_RATE,CDF15,10,0,0,0,comparator_rate_minus_proposed_rate,PRE_R10_SUPPORTING_DESCRIPTIVE_RESULT_AWARE__NO_NEW_CONFIRMATORY_INFERENCE
16,E2_DYNAMIC__DT-RAMDE_TS2_FULL__VS__NO_CROSS_EVENT_MEMORY,E2_DYNAMIC,REJECT_SAFETY_FILTER,CDF15,10,0,0,0,comparator_rate_minus_proposed_rate,PRE_R10_SUPPORTING_DESCRIPTIVE_RESULT_AWARE__NO_NEW_CONFIRMATORY_INFERENCE
16,E2_DYNAMIC__DT-RAMDE_TS2_FULL__VS__NO_CROSS_EVENT_MEMORY,E2_DYNAMIC,REJECT_BUDGET_NO_FEASIBLE,CDF15,10,0,0,0,comparator_rate_minus_proposed_rate,PRE_R10_SUPPORTING_DESCRIPTIVE_RESULT_AWARE__NO_NEW_CONFIRMATORY_INFERENCE
16,E2_DYNAMIC__DT-RAMDE_TS2_FULL__VS__NO_CROSS_EVENT_MEMORY,E2_DYNAMIC,REJECT_NUMERICAL,CDF15,10,0,0,0,comparator_rate_minus_proposed_rate,PRE_R10_SUPPORTING_DESCRIPTIVE_RESULT_AWARE__NO_NEW_CONFIRMATORY_INFERENCE
16,E2_DYNAMIC__DT-RAMDE_TS2_FULL__VS__NO_CROSS_EVENT_MEMORY,E2_DYNAMIC,OTHER_NONACCEPTED,CDF15,10,0,0,0,comparator_rate_minus_proposed_rate,PRE_R10_SUPPORTING_DESCRIPTIVE_RESULT_AWARE__NO_NEW_CONFIRMATORY_INFERENCE
16,E2_DYNAMIC__DT-RAMDE_TS2_FULL__VS__NO_CROSS_EVENT_MEMORY,E2_DYNAMIC,FAILURE_RATE,CDF2,10,0,0,0,comparator_rate_minus_proposed_rate,PRE_R10_SUPPORTING_DESCRIPTIVE_RESULT_AWARE__NO_NEW_CONFIRMATORY_INFERENCE
16,E2_DYNAMIC__DT-RAMDE_TS2_FULL__VS__NO_CROSS_EVENT_MEMORY,E2_DYNAMIC,REJECT_SAFETY_FILTER,CDF2,10,0,0,0,comparator_rate_minus_proposed_rate,PRE_R10_SUPPORTING_DESCRIPTIVE_RESULT_AWARE__NO_NEW_CONFIRMATORY_INFERENCE
16,E2_DYNAMIC__DT-RAMDE_TS2_FULL__VS__NO_CROSS_EVENT_MEMORY,E2_DYNAMIC,REJECT_BUDGET_NO_FEASIBLE,CDF2,10,0,0,0,comparator_rate_minus_proposed_rate,PRE_R10_SUPPORTING_DESCRIPTIVE_RESULT_AWARE__NO_NEW_CONFIRMATORY_INFERENCE
16,E2_DYNAMIC__DT-RAMDE_TS2_FULL__VS__NO_CROSS_EVENT_MEMORY,E2_DYNAMIC,REJECT_NUMERICAL,CDF2,10,0,0,0,comparator_rate_minus_proposed_rate,PRE_R10_SUPPORTING_DESCRIPTIVE_RESULT_AWARE__NO_NEW_CONFIRMATORY_INFERENCE
16,E2_DYNAMIC__DT-RAMDE_TS2_FULL__VS__NO_CROSS_EVENT_MEMORY,E2_DYNAMIC,OTHER_NONACCEPTED,CDF2,10,0,0,0,comparator_rate_minus_proposed_rate,PRE_R10_SUPPORTING_DESCRIPTIVE_RESULT_AWARE__NO_NEW_CONFIRMATORY_INFERENCE
16,E2_DYNAMIC__DT-RAMDE_TS2_FULL__VS__NO_CROSS_EVENT_MEMORY,E2_DYNAMIC,FAILURE_RATE,CDF3,10,0,0,0,comparator_rate_minus_proposed_rate,PRE_R10_SUPPORTING_DESCRIPTIVE_RESULT_AWARE__NO_NEW_CONFIRMATORY_INFERENCE
16,E2_DYNAMIC__DT-RAMDE_TS2_FULL__VS__NO_CROSS_EVENT_MEMORY,E2_DYNAMIC,REJECT_SAFETY_FILTER,CDF3,10,0,0,0,comparator_rate_minus_proposed_rate,PRE_R10_SUPPORTING_DESCRIPTIVE_RESULT_AWARE__NO_NEW_CONFIRMATORY_INFERENCE
16,E2_DYNAMIC__DT-RAMDE_TS2_FULL__VS__NO_CROSS_EVENT_MEMORY,E2_DYNAMIC,REJECT_BUDGET_NO_FEASIBLE,CDF3,10,0,0,0,comparator_rate_minus_proposed_rate,PRE_R10_SUPPORTING_DESCRIPTIVE_RESULT_AWARE__NO_NEW_CONFIRMATORY_INFERENCE
16,E2_DYNAMIC__DT-RAMDE_TS2_FULL__VS__NO_CROSS_EVENT_MEMORY,E2_DYNAMIC,REJECT_NUMERICAL,CDF3,10,0,0,0,comparator_rate_minus_proposed_rate,PRE_R10_SUPPORTING_DESCRIPTIVE_RESULT_AWARE__NO_NEW_CONFIRMATORY_INFERENCE
16,E2_DYNAMIC__DT-RAMDE_TS2_FULL__VS__NO_CROSS_EVENT_MEMORY,E2_DYNAMIC,OTHER_NONACCEPTED,CDF3,10,0,0,0,comparator_rate_minus_proposed_rate,PRE_R10_SUPPORTING_DESCRIPTIVE_RESULT_AWARE__NO_NEW_CONFIRMATORY_INFERENCE
16,E2_DYNAMIC__DT-RAMDE_TS2_FULL__VS__NO_CROSS_EVENT_MEMORY,E2_DYNAMIC,FAILURE_RATE,CDF4,10,0,0,0,comparator_rate_minus_proposed_rate,PRE_R10_SUPPORTING_DESCRIPTIVE_RESULT_AWARE__NO_NEW_CONFIRMATORY_INFERENCE
16,E2_DYNAMIC__DT-RAMDE_TS2_FULL__VS__NO_CROSS_EVENT_MEMORY,E2_DYNAMIC,REJECT_SAFETY_FILTER,CDF4,10,0,0,0,comparator_rate_minus_proposed_rate,PRE_R10_SUPPORTING_DESCRIPTIVE_RESULT_AWARE__NO_NEW_CONFIRMATORY_INFERENCE
16,E2_DYNAMIC__DT-RAMDE_TS2_FULL__VS__NO_CROSS_EVENT_MEMORY,E2_DYNAMIC,REJECT_BUDGET_NO_FEASIBLE,CDF4,10,0,0,0,comparator_rate_minus_proposed_rate,PRE_R10_SUPPORTING_DESCRIPTIVE_RESULT_AWARE__NO_NEW_CONFIRMATORY_INFERENCE
16,E2_DYNAMIC__DT-RAMDE_TS2_FULL__VS__NO_CROSS_EVENT_MEMORY,E2_DYNAMIC,REJECT_NUMERICAL,CDF4,10,0,0,0,comparator_rate_minus_proposed_rate,PRE_R10_SUPPORTING_DESCRIPTIVE_RESULT_AWARE__NO_NEW_CONFIRMATORY_INFERENCE
16,E2_DYNAMIC__DT-RAMDE_TS2_FULL__VS__NO_CROSS_EVENT_MEMORY,E2_DYNAMIC,OTHER_NONACCEPTED,CDF4,10,0,0,0,comparator_rate_minus_proposed_rate,PRE_R10_SUPPORTING_DESCRIPTIVE_RESULT_AWARE__NO_NEW_CONFIRMATORY_INFERENCE
16,E2_DYNAMIC__DT-RAMDE_TS2_FULL__VS__NO_CROSS_EVENT_MEMORY,E2_DYNAMIC,FAILURE_RATE,CDF5,10,0,0,0,comparator_rate_minus_proposed_rate,PRE_R10_SUPPORTING_DESCRIPTIVE_RESULT_AWARE__NO_NEW_CONFIRMATORY_INFERENCE
16,E2_DYNAMIC__DT-RAMDE_TS2_FULL__VS__NO_CROSS_EVENT_MEMORY,E2_DYNAMIC,REJECT_SAFETY_FILTER,CDF5,10,0,0,0,comparator_rate_minus_proposed_rate,PRE_R10_SUPPORTING_DESCRIPTIVE_RESULT_AWARE__NO_NEW_CONFIRMATORY_INFERENCE
16,E2_DYNAMIC__DT-RAMDE_TS2_FULL__VS__NO_CROSS_EVENT_MEMORY,E2_DYNAMIC,REJECT_BUDGET_NO_FEASIBLE,CDF5,10,0,0,0,comparator_rate_minus_proposed_rate,PRE_R10_SUPPORTING_DESCRIPTIVE_RESULT_AWARE__NO_NEW_CONFIRMATORY_INFERENCE
16,E2_DYNAMIC__DT-RAMDE_TS2_FULL__VS__NO_CROSS_EVENT_MEMORY,E2_DYNAMIC,REJECT_NUMERICAL,CDF5,10,0,0,0,comparator_rate_minus_proposed_rate,PRE_R10_SUPPORTING_DESCRIPTIVE_RESULT_AWARE__NO_NEW_CONFIRMATORY_INFERENCE
16,E2_DYNAMIC__DT-RAMDE_TS2_FULL__VS__NO_CROSS_EVENT_MEMORY,E2_DYNAMIC,OTHER_NONACCEPTED,CDF5,10,0,0,0,comparator_rate_minus_proposed_rate,PRE_R10_SUPPORTING_DESCRIPTIVE_RESULT_AWARE__NO_NEW_CONFIRMATORY_INFERENCE
16,E2_DYNAMIC__DT-RAMDE_TS2_FULL__VS__NO_CROSS_EVENT_MEMORY,E2_DYNAMIC,FAILURE_RATE,CDF6,10,0,0,0,comparator_rate_minus_proposed_rate,PRE_R10_SUPPORTING_DESCRIPTIVE_RESULT_AWARE__NO_NEW_CONFIRMATORY_INFERENCE
16,E2_DYNAMIC__DT-RAMDE_TS2_FULL__VS__NO_CROSS_EVENT_MEMORY,E2_DYNAMIC,REJECT_SAFETY_FILTER,CDF6,10,0,0,0,comparator_rate_minus_proposed_rate,PRE_R10_SUPPORTING_DESCRIPTIVE_RESULT_AWARE__NO_NEW_CONFIRMATORY_INFERENCE
16,E2_DYNAMIC__DT-RAMDE_TS2_FULL__VS__NO_CROSS_EVENT_MEMORY,E2_DYNAMIC,REJECT_BUDGET_NO_FEASIBLE,CDF6,10,0,0,0,comparator_rate_minus_proposed_rate,PRE_R10_SUPPORTING_DESCRIPTIVE_RESULT_AWARE__NO_NEW_CONFIRMATORY_INFERENCE
16,E2_DYNAMIC__DT-RAMDE_TS2_FULL__VS__NO_CROSS_EVENT_MEMORY,E2_DYNAMIC,REJECT_NUMERICAL,CDF6,10,0,0,0,comparator_rate_minus_proposed_rate,PRE_R10_SUPPORTING_DESCRIPTIVE_RESULT_AWARE__NO_NEW_CONFIRMATORY_INFERENCE
16,E2_DYNAMIC__DT-RAMDE_TS2_FULL__VS__NO_CROSS_EVENT_MEMORY,E2_DYNAMIC,OTHER_NONACCEPTED,CDF6,10,0,0,0,comparator_rate_minus_proposed_rate,PRE_R10_SUPPORTING_DESCRIPTIVE_RESULT_AWARE__NO_NEW_CONFIRMATORY_INFERENCE
16,E2_DYNAMIC__DT-RAMDE_TS2_FULL__VS__NO_CROSS_EVENT_MEMORY,E2_DYNAMIC,FAILURE_RATE,CDF7,10,0,0,0,comparator_rate_minus_proposed_rate,PRE_R10_SUPPORTING_DESCRIPTIVE_RESULT_AWARE__NO_NEW_CONFIRMATORY_INFERENCE
16,E2_DYNAMIC__DT-RAMDE_TS2_FULL__VS__NO_CROSS_EVENT_MEMORY,E2_DYNAMIC,REJECT_SAFETY_FILTER,CDF7,10,0,0,0,comparator_rate_minus_proposed_rate,PRE_R10_SUPPORTING_DESCRIPTIVE_RESULT_AWARE__NO_NEW_CONFIRMATORY_INFERENCE
16,E2_DYNAMIC__DT-RAMDE_TS2_FULL__VS__NO_CROSS_EVENT_MEMORY,E2_DYNAMIC,REJECT_BUDGET_NO_FEASIBLE,CDF7,10,0,0,0,comparator_rate_minus_proposed_rate,PRE_R10_SUPPORTING_DESCRIPTIVE_RESULT_AWARE__NO_NEW_CONFIRMATORY_INFERENCE
16,E2_DYNAMIC__DT-RAMDE_TS2_FULL__VS__NO_CROSS_EVENT_MEMORY,E2_DYNAMIC,REJECT_NUMERICAL,CDF7,10,0,0,0,comparator_rate_minus_proposed_rate,PRE_R10_SUPPORTING_DESCRIPTIVE_RESULT_AWARE__NO_NEW_CONFIRMATORY_INFERENCE
16,E2_DYNAMIC__DT-RAMDE_TS2_FULL__VS__NO_CROSS_EVENT_MEMORY,E2_DYNAMIC,OTHER_NONACCEPTED,CDF7,10,0,0,0,comparator_rate_minus_proposed_rate,PRE_R10_SUPPORTING_DESCRIPTIVE_RESULT_AWARE__NO_NEW_CONFIRMATORY_INFERENCE
16,E2_DYNAMIC__DT-RAMDE_TS2_FULL__VS__NO_CROSS_EVENT_MEMORY,E2_DYNAMIC,FAILURE_RATE,CDF8,10,0,0,0,comparator_rate_minus_proposed_rate,PRE_R10_SUPPORTING_DESCRIPTIVE_RESULT_AWARE__NO_NEW_CONFIRMATORY_INFERENCE
16,E2_DYNAMIC__DT-RAMDE_TS2_FULL__VS__NO_CROSS_EVENT_MEMORY,E2_DYNAMIC,REJECT_SAFETY_FILTER,CDF8,10,0,0,0,comparator_rate_minus_proposed_rate,PRE_R10_SUPPORTING_DESCRIPTIVE_RESULT_AWARE__NO_NEW_CONFIRMATORY_INFERENCE
16,E2_DYNAMIC__DT-RAMDE_TS2_FULL__VS__NO_CROSS_EVENT_MEMORY,E2_DYNAMIC,REJECT_BUDGET_NO_FEASIBLE,CDF8,10,0,0,0,comparator_rate_minus_proposed_rate,PRE_R10_SUPPORTING_DESCRIPTIVE_RESULT_AWARE__NO_NEW_CONFIRMATORY_INFERENCE
16,E2_DYNAMIC__DT-RAMDE_TS2_FULL__VS__NO_CROSS_EVENT_MEMORY,E2_DYNAMIC,REJECT_NUMERICAL,CDF8,10,0,0,0,comparator_rate_minus_proposed_rate,PRE_R10_SUPPORTING_DESCRIPTIVE_RESULT_AWARE__NO_NEW_CONFIRMATORY_INFERENCE
16,E2_DYNAMIC__DT-RAMDE_TS2_FULL__VS__NO_CROSS_EVENT_MEMORY,E2_DYNAMIC,OTHER_NONACCEPTED,CDF8,10,0,0,0,comparator_rate_minus_proposed_rate,PRE_R10_SUPPORTING_DESCRIPTIVE_RESULT_AWARE__NO_NEW_CONFIRMATORY_INFERENCE
16,E2_DYNAMIC__DT-RAMDE_TS2_FULL__VS__NO_CROSS_EVENT_MEMORY,E2_DYNAMIC,FAILURE_RATE,CDF9,10,0,0,0,comparator_rate_minus_proposed_rate,PRE_R10_SUPPORTING_DESCRIPTIVE_RESULT_AWARE__NO_NEW_CONFIRMATORY_INFERENCE
16,E2_DYNAMIC__DT-RAMDE_TS2_FULL__VS__NO_CROSS_EVENT_MEMORY,E2_DYNAMIC,REJECT_SAFETY_FILTER,CDF9,10,0,0,0,comparator_rate_minus_proposed_rate,PRE_R10_SUPPORTING_DESCRIPTIVE_RESULT_AWARE__NO_NEW_CONFIRMATORY_INFERENCE
16,E2_DYNAMIC__DT-RAMDE_TS2_FULL__VS__NO_CROSS_EVENT_MEMORY,E2_DYNAMIC,REJECT_BUDGET_NO_FEASIBLE,CDF9,10,0,0,0,comparator_rate_minus_proposed_rate,PRE_R10_SUPPORTING_DESCRIPTIVE_RESULT_AWARE__NO_NEW_CONFIRMATORY_INFERENCE
16,E2_DYNAMIC__DT-RAMDE_TS2_FULL__VS__NO_CROSS_EVENT_MEMORY,E2_DYNAMIC,REJECT_NUMERICAL,CDF9,10,0,0,0,comparator_rate_minus_proposed_rate,PRE_R10_SUPPORTING_DESCRIPTIVE_RESULT_AWARE__NO_NEW_CONFIRMATORY_INFERENCE
16,E2_DYNAMIC__DT-RAMDE_TS2_FULL__VS__NO_CROSS_EVENT_MEMORY,E2_DYNAMIC,OTHER_NONACCEPTED,CDF9,10,0,0,0,comparator_rate_minus_proposed_rate,PRE_R10_SUPPORTING_DESCRIPTIVE_RESULT_AWARE__NO_NEW_CONFIRMATORY_INFERENCE
17,E2_DYNAMIC__DT-RAMDE_TS2_FULL__VS__NO_REJECTION_CREDIT,E2_DYNAMIC,FAILURE_RATE,CDF1,10,0,0,0,comparator_rate_minus_proposed_rate,PRE_R10_SUPPORTING_DESCRIPTIVE_RESULT_AWARE__NO_NEW_CONFIRMATORY_INFERENCE
17,E2_DYNAMIC__DT-RAMDE_TS2_FULL__VS__NO_REJECTION_CREDIT,E2_DYNAMIC,REJECT_SAFETY_FILTER,CDF1,10,0,0,0,comparator_rate_minus_proposed_rate,PRE_R10_SUPPORTING_DESCRIPTIVE_RESULT_AWARE__NO_NEW_CONFIRMATORY_INFERENCE
17,E2_DYNAMIC__DT-RAMDE_TS2_FULL__VS__NO_REJECTION_CREDIT,E2_DYNAMIC,REJECT_BUDGET_NO_FEASIBLE,CDF1,10,0,0,0,comparator_rate_minus_proposed_rate,PRE_R10_SUPPORTING_DESCRIPTIVE_RESULT_AWARE__NO_NEW_CONFIRMATORY_INFERENCE
17,E2_DYNAMIC__DT-RAMDE_TS2_FULL__VS__NO_REJECTION_CREDIT,E2_DYNAMIC,REJECT_NUMERICAL,CDF1,10,0,0,0,comparator_rate_minus_proposed_rate,PRE_R10_SUPPORTING_DESCRIPTIVE_RESULT_AWARE__NO_NEW_CONFIRMATORY_INFERENCE
17,E2_DYNAMIC__DT-RAMDE_TS2_FULL__VS__NO_REJECTION_CREDIT,E2_DYNAMIC,OTHER_NONACCEPTED,CDF1,10,0,0,0,comparator_rate_minus_proposed_rate,PRE_R10_SUPPORTING_DESCRIPTIVE_RESULT_AWARE__NO_NEW_CONFIRMATORY_INFERENCE
17,E2_DYNAMIC__DT-RAMDE_TS2_FULL__VS__NO_REJECTION_CREDIT,E2_DYNAMIC,FAILURE_RATE,CDF10,10,0,0,0,comparator_rate_minus_proposed_rate,PRE_R10_SUPPORTING_DESCRIPTIVE_RESULT_AWARE__NO_NEW_CONFIRMATORY_INFERENCE
17,E2_DYNAMIC__DT-RAMDE_TS2_FULL__VS__NO_REJECTION_CREDIT,E2_DYNAMIC,REJECT_SAFETY_FILTER,CDF10,10,0,0,0,comparator_rate_minus_proposed_rate,PRE_R10_SUPPORTING_DESCRIPTIVE_RESULT_AWARE__NO_NEW_CONFIRMATORY_INFERENCE
17,E2_DYNAMIC__DT-RAMDE_TS2_FULL__VS__NO_REJECTION_CREDIT,E2_DYNAMIC,REJECT_BUDGET_NO_FEASIBLE,CDF10,10,0,0,0,comparator_rate_minus_proposed_rate,PRE_R10_SUPPORTING_DESCRIPTIVE_RESULT_AWARE__NO_NEW_CONFIRMATORY_INFERENCE
17,E2_DYNAMIC__DT-RAMDE_TS2_FULL__VS__NO_REJECTION_CREDIT,E2_DYNAMIC,REJECT_NUMERICAL,CDF10,10,0,0,0,comparator_rate_minus_proposed_rate,PRE_R10_SUPPORTING_DESCRIPTIVE_RESULT_AWARE__NO_NEW_CONFIRMATORY_INFERENCE
17,E2_DYNAMIC__DT-RAMDE_TS2_FULL__VS__NO_REJECTION_CREDIT,E2_DYNAMIC,OTHER_NONACCEPTED,CDF10,10,0,0,0,comparator_rate_minus_proposed_rate,PRE_R10_SUPPORTING_DESCRIPTIVE_RESULT_AWARE__NO_NEW_CONFIRMATORY_INFERENCE
17,E2_DYNAMIC__DT-RAMDE_TS2_FULL__VS__NO_REJECTION_CREDIT,E2_DYNAMIC,FAILURE_RATE,CDF11,10,0,0,0,comparator_rate_minus_proposed_rate,PRE_R10_SUPPORTING_DESCRIPTIVE_RESULT_AWARE__NO_NEW_CONFIRMATORY_INFERENCE
17,E2_DYNAMIC__DT-RAMDE_TS2_FULL__VS__NO_REJECTION_CREDIT,E2_DYNAMIC,REJECT_SAFETY_FILTER,CDF11,10,0,0,0,comparator_rate_minus_proposed_rate,PRE_R10_SUPPORTING_DESCRIPTIVE_RESULT_AWARE__NO_NEW_CONFIRMATORY_INFERENCE
17,E2_DYNAMIC__DT-RAMDE_TS2_FULL__VS__NO_REJECTION_CREDIT,E2_DYNAMIC,REJECT_BUDGET_NO_FEASIBLE,CDF11,10,0,0,0,comparator_rate_minus_proposed_rate,PRE_R10_SUPPORTING_DESCRIPTIVE_RESULT_AWARE__NO_NEW_CONFIRMATORY_INFERENCE
17,E2_DYNAMIC__DT-RAMDE_TS2_FULL__VS__NO_REJECTION_CREDIT,E2_DYNAMIC,REJECT_NUMERICAL,CDF11,10,0,0,0,comparator_rate_minus_proposed_rate,PRE_R10_SUPPORTING_DESCRIPTIVE_RESULT_AWARE__NO_NEW_CONFIRMATORY_INFERENCE
17,E2_DYNAMIC__DT-RAMDE_TS2_FULL__VS__NO_REJECTION_CREDIT,E2_DYNAMIC,OTHER_NONACCEPTED,CDF11,10,0,0,0,comparator_rate_minus_proposed_rate,PRE_R10_SUPPORTING_DESCRIPTIVE_RESULT_AWARE__NO_NEW_CONFIRMATORY_INFERENCE
17,E2_DYNAMIC__DT-RAMDE_TS2_FULL__VS__NO_REJECTION_CREDIT,E2_DYNAMIC,FAILURE_RATE,CDF12,10,0,0,0,comparator_rate_minus_proposed_rate,PRE_R10_SUPPORTING_DESCRIPTIVE_RESULT_AWARE__NO_NEW_CONFIRMATORY_INFERENCE
17,E2_DYNAMIC__DT-RAMDE_TS2_FULL__VS__NO_REJECTION_CREDIT,E2_DYNAMIC,REJECT_SAFETY_FILTER,CDF12,10,0,0,0,comparator_rate_minus_proposed_rate,PRE_R10_SUPPORTING_DESCRIPTIVE_RESULT_AWARE__NO_NEW_CONFIRMATORY_INFERENCE
17,E2_DYNAMIC__DT-RAMDE_TS2_FULL__VS__NO_REJECTION_CREDIT,E2_DYNAMIC,REJECT_BUDGET_NO_FEASIBLE,CDF12,10,0,0,0,comparator_rate_minus_proposed_rate,PRE_R10_SUPPORTING_DESCRIPTIVE_RESULT_AWARE__NO_NEW_CONFIRMATORY_INFERENCE
17,E2_DYNAMIC__DT-RAMDE_TS2_FULL__VS__NO_REJECTION_CREDIT,E2_DYNAMIC,REJECT_NUMERICAL,CDF12,10,0,0,0,comparator_rate_minus_proposed_rate,PRE_R10_SUPPORTING_DESCRIPTIVE_RESULT_AWARE__NO_NEW_CONFIRMATORY_INFERENCE
17,E2_DYNAMIC__DT-RAMDE_TS2_FULL__VS__NO_REJECTION_CREDIT,E2_DYNAMIC,OTHER_NONACCEPTED,CDF12,10,0,0,0,comparator_rate_minus_proposed_rate,PRE_R10_SUPPORTING_DESCRIPTIVE_RESULT_AWARE__NO_NEW_CONFIRMATORY_INFERENCE
17,E2_DYNAMIC__DT-RAMDE_TS2_FULL__VS__NO_REJECTION_CREDIT,E2_DYNAMIC,FAILURE_RATE,CDF13,10,0,0,0,comparator_rate_minus_proposed_rate,PRE_R10_SUPPORTING_DESCRIPTIVE_RESULT_AWARE__NO_NEW_CONFIRMATORY_INFERENCE
17,E2_DYNAMIC__DT-RAMDE_TS2_FULL__VS__NO_REJECTION_CREDIT,E2_DYNAMIC,REJECT_SAFETY_FILTER,CDF13,10,0,0,0,comparator_rate_minus_proposed_rate,PRE_R10_SUPPORTING_DESCRIPTIVE_RESULT_AWARE__NO_NEW_CONFIRMATORY_INFERENCE
17,E2_DYNAMIC__DT-RAMDE_TS2_FULL__VS__NO_REJECTION_CREDIT,E2_DYNAMIC,REJECT_BUDGET_NO_FEASIBLE,CDF13,10,0,0,0,comparator_rate_minus_proposed_rate,PRE_R10_SUPPORTING_DESCRIPTIVE_RESULT_AWARE__NO_NEW_CONFIRMATORY_INFERENCE
17,E2_DYNAMIC__DT-RAMDE_TS2_FULL__VS__NO_REJECTION_CREDIT,E2_DYNAMIC,REJECT_NUMERICAL,CDF13,10,0,0,0,comparator_rate_minus_proposed_rate,PRE_R10_SUPPORTING_DESCRIPTIVE_RESULT_AWARE__NO_NEW_CONFIRMATORY_INFERENCE
17,E2_DYNAMIC__DT-RAMDE_TS2_FULL__VS__NO_REJECTION_CREDIT,E2_DYNAMIC,OTHER_NONACCEPTED,CDF13,10,0,0,0,comparator_rate_minus_proposed_rate,PRE_R10_SUPPORTING_DESCRIPTIVE_RESULT_AWARE__NO_NEW_CONFIRMATORY_INFERENCE
17,E2_DYNAMIC__DT-RAMDE_TS2_FULL__VS__NO_REJECTION_CREDIT,E2_DYNAMIC,FAILURE_RATE,CDF14,10,0,0,0,comparator_rate_minus_proposed_rate,PRE_R10_SUPPORTING_DESCRIPTIVE_RESULT_AWARE__NO_NEW_CONFIRMATORY_INFERENCE
17,E2_DYNAMIC__DT-RAMDE_TS2_FULL__VS__NO_REJECTION_CREDIT,E2_DYNAMIC,REJECT_SAFETY_FILTER,CDF14,10,0,0,0,comparator_rate_minus_proposed_rate,PRE_R10_SUPPORTING_DESCRIPTIVE_RESULT_AWARE__NO_NEW_CONFIRMATORY_INFERENCE
17,E2_DYNAMIC__DT-RAMDE_TS2_FULL__VS__NO_REJECTION_CREDIT,E2_DYNAMIC,REJECT_BUDGET_NO_FEASIBLE,CDF14,10,0,0,0,comparator_rate_minus_proposed_rate,PRE_R10_SUPPORTING_DESCRIPTIVE_RESULT_AWARE__NO_NEW_CONFIRMATORY_INFERENCE
17,E2_DYNAMIC__DT-RAMDE_TS2_FULL__VS__NO_REJECTION_CREDIT,E2_DYNAMIC,REJECT_NUMERICAL,CDF14,10,0,0,0,comparator_rate_minus_proposed_rate,PRE_R10_SUPPORTING_DESCRIPTIVE_RESULT_AWARE__NO_NEW_CONFIRMATORY_INFERENCE
17,E2_DYNAMIC__DT-RAMDE_TS2_FULL__VS__NO_REJECTION_CREDIT,E2_DYNAMIC,OTHER_NONACCEPTED,CDF14,10,0,0,0,comparator_rate_minus_proposed_rate,PRE_R10_SUPPORTING_DESCRIPTIVE_RESULT_AWARE__NO_NEW_CONFIRMATORY_INFERENCE
17,E2_DYNAMIC__DT-RAMDE_TS2_FULL__VS__NO_REJECTION_CREDIT,E2_DYNAMIC,FAILURE_RATE,CDF15,10,0,0,0,comparator_rate_minus_proposed_rate,PRE_R10_SUPPORTING_DESCRIPTIVE_RESULT_AWARE__NO_NEW_CONFIRMATORY_INFERENCE
17,E2_DYNAMIC__DT-RAMDE_TS2_FULL__VS__NO_REJECTION_CREDIT,E2_DYNAMIC,REJECT_SAFETY_FILTER,CDF15,10,0,0,0,comparator_rate_minus_proposed_rate,PRE_R10_SUPPORTING_DESCRIPTIVE_RESULT_AWARE__NO_NEW_CONFIRMATORY_INFERENCE
17,E2_DYNAMIC__DT-RAMDE_TS2_FULL__VS__NO_REJECTION_CREDIT,E2_DYNAMIC,REJECT_BUDGET_NO_FEASIBLE,CDF15,10,0,0,0,comparator_rate_minus_proposed_rate,PRE_R10_SUPPORTING_DESCRIPTIVE_RESULT_AWARE__NO_NEW_CONFIRMATORY_INFERENCE
17,E2_DYNAMIC__DT-RAMDE_TS2_FULL__VS__NO_REJECTION_CREDIT,E2_DYNAMIC,REJECT_NUMERICAL,CDF15,10,0,0,0,comparator_rate_minus_proposed_rate,PRE_R10_SUPPORTING_DESCRIPTIVE_RESULT_AWARE__NO_NEW_CONFIRMATORY_INFERENCE
17,E2_DYNAMIC__DT-RAMDE_TS2_FULL__VS__NO_REJECTION_CREDIT,E2_DYNAMIC,OTHER_NONACCEPTED,CDF15,10,0,0,0,comparator_rate_minus_proposed_rate,PRE_R10_SUPPORTING_DESCRIPTIVE_RESULT_AWARE__NO_NEW_CONFIRMATORY_INFERENCE
17,E2_DYNAMIC__DT-RAMDE_TS2_FULL__VS__NO_REJECTION_CREDIT,E2_DYNAMIC,FAILURE_RATE,CDF2,10,0,0,0,comparator_rate_minus_proposed_rate,PRE_R10_SUPPORTING_DESCRIPTIVE_RESULT_AWARE__NO_NEW_CONFIRMATORY_INFERENCE
17,E2_DYNAMIC__DT-RAMDE_TS2_FULL__VS__NO_REJECTION_CREDIT,E2_DYNAMIC,REJECT_SAFETY_FILTER,CDF2,10,0,0,0,comparator_rate_minus_proposed_rate,PRE_R10_SUPPORTING_DESCRIPTIVE_RESULT_AWARE__NO_NEW_CONFIRMATORY_INFERENCE
17,E2_DYNAMIC__DT-RAMDE_TS2_FULL__VS__NO_REJECTION_CREDIT,E2_DYNAMIC,REJECT_BUDGET_NO_FEASIBLE,CDF2,10,0,0,0,comparator_rate_minus_proposed_rate,PRE_R10_SUPPORTING_DESCRIPTIVE_RESULT_AWARE__NO_NEW_CONFIRMATORY_INFERENCE
17,E2_DYNAMIC__DT-RAMDE_TS2_FULL__VS__NO_REJECTION_CREDIT,E2_DYNAMIC,REJECT_NUMERICAL,CDF2,10,0,0,0,comparator_rate_minus_proposed_rate,PRE_R10_SUPPORTING_DESCRIPTIVE_RESULT_AWARE__NO_NEW_CONFIRMATORY_INFERENCE
17,E2_DYNAMIC__DT-RAMDE_TS2_FULL__VS__NO_REJECTION_CREDIT,E2_DYNAMIC,OTHER_NONACCEPTED,CDF2,10,0,0,0,comparator_rate_minus_proposed_rate,PRE_R10_SUPPORTING_DESCRIPTIVE_RESULT_AWARE__NO_NEW_CONFIRMATORY_INFERENCE
17,E2_DYNAMIC__DT-RAMDE_TS2_FULL__VS__NO_REJECTION_CREDIT,E2_DYNAMIC,FAILURE_RATE,CDF3,10,0,0,0,comparator_rate_minus_proposed_rate,PRE_R10_SUPPORTING_DESCRIPTIVE_RESULT_AWARE__NO_NEW_CONFIRMATORY_INFERENCE
17,E2_DYNAMIC__DT-RAMDE_TS2_FULL__VS__NO_REJECTION_CREDIT,E2_DYNAMIC,REJECT_SAFETY_FILTER,CDF3,10,0,0,0,comparator_rate_minus_proposed_rate,PRE_R10_SUPPORTING_DESCRIPTIVE_RESULT_AWARE__NO_NEW_CONFIRMATORY_INFERENCE
17,E2_DYNAMIC__DT-RAMDE_TS2_FULL__VS__NO_REJECTION_CREDIT,E2_DYNAMIC,REJECT_BUDGET_NO_FEASIBLE,CDF3,10,0,0,0,comparator_rate_minus_proposed_rate,PRE_R10_SUPPORTING_DESCRIPTIVE_RESULT_AWARE__NO_NEW_CONFIRMATORY_INFERENCE
17,E2_DYNAMIC__DT-RAMDE_TS2_FULL__VS__NO_REJECTION_CREDIT,E2_DYNAMIC,REJECT_NUMERICAL,CDF3,10,0,0,0,comparator_rate_minus_proposed_rate,PRE_R10_SUPPORTING_DESCRIPTIVE_RESULT_AWARE__NO_NEW_CONFIRMATORY_INFERENCE
17,E2_DYNAMIC__DT-RAMDE_TS2_FULL__VS__NO_REJECTION_CREDIT,E2_DYNAMIC,OTHER_NONACCEPTED,CDF3,10,0,0,0,comparator_rate_minus_proposed_rate,PRE_R10_SUPPORTING_DESCRIPTIVE_RESULT_AWARE__NO_NEW_CONFIRMATORY_INFERENCE
17,E2_DYNAMIC__DT-RAMDE_TS2_FULL__VS__NO_REJECTION_CREDIT,E2_DYNAMIC,FAILURE_RATE,CDF4,10,0,0,0,comparator_rate_minus_proposed_rate,PRE_R10_SUPPORTING_DESCRIPTIVE_RESULT_AWARE__NO_NEW_CONFIRMATORY_INFERENCE
17,E2_DYNAMIC__DT-RAMDE_TS2_FULL__VS__NO_REJECTION_CREDIT,E2_DYNAMIC,REJECT_SAFETY_FILTER,CDF4,10,0,0,0,comparator_rate_minus_proposed_rate,PRE_R10_SUPPORTING_DESCRIPTIVE_RESULT_AWARE__NO_NEW_CONFIRMATORY_INFERENCE
17,E2_DYNAMIC__DT-RAMDE_TS2_FULL__VS__NO_REJECTION_CREDIT,E2_DYNAMIC,REJECT_BUDGET_NO_FEASIBLE,CDF4,10,0,0,0,comparator_rate_minus_proposed_rate,PRE_R10_SUPPORTING_DESCRIPTIVE_RESULT_AWARE__NO_NEW_CONFIRMATORY_INFERENCE
17,E2_DYNAMIC__DT-RAMDE_TS2_FULL__VS__NO_REJECTION_CREDIT,E2_DYNAMIC,REJECT_NUMERICAL,CDF4,10,0,0,0,comparator_rate_minus_proposed_rate,PRE_R10_SUPPORTING_DESCRIPTIVE_RESULT_AWARE__NO_NEW_CONFIRMATORY_INFERENCE
17,E2_DYNAMIC__DT-RAMDE_TS2_FULL__VS__NO_REJECTION_CREDIT,E2_DYNAMIC,OTHER_NONACCEPTED,CDF4,10,0,0,0,comparator_rate_minus_proposed_rate,PRE_R10_SUPPORTING_DESCRIPTIVE_RESULT_AWARE__NO_NEW_CONFIRMATORY_INFERENCE
17,E2_DYNAMIC__DT-RAMDE_TS2_FULL__VS__NO_REJECTION_CREDIT,E2_DYNAMIC,FAILURE_RATE,CDF5,10,0,0,0,comparator_rate_minus_proposed_rate,PRE_R10_SUPPORTING_DESCRIPTIVE_RESULT_AWARE__NO_NEW_CONFIRMATORY_INFERENCE
17,E2_DYNAMIC__DT-RAMDE_TS2_FULL__VS__NO_REJECTION_CREDIT,E2_DYNAMIC,REJECT_SAFETY_FILTER,CDF5,10,0,0,0,comparator_rate_minus_proposed_rate,PRE_R10_SUPPORTING_DESCRIPTIVE_RESULT_AWARE__NO_NEW_CONFIRMATORY_INFERENCE
17,E2_DYNAMIC__DT-RAMDE_TS2_FULL__VS__NO_REJECTION_CREDIT,E2_DYNAMIC,REJECT_BUDGET_NO_FEASIBLE,CDF5,10,0,0,0,comparator_rate_minus_proposed_rate,PRE_R10_SUPPORTING_DESCRIPTIVE_RESULT_AWARE__NO_NEW_CONFIRMATORY_INFERENCE
17,E2_DYNAMIC__DT-RAMDE_TS2_FULL__VS__NO_REJECTION_CREDIT,E2_DYNAMIC,REJECT_NUMERICAL,CDF5,10,0,0,0,comparator_rate_minus_proposed_rate,PRE_R10_SUPPORTING_DESCRIPTIVE_RESULT_AWARE__NO_NEW_CONFIRMATORY_INFERENCE
17,E2_DYNAMIC__DT-RAMDE_TS2_FULL__VS__NO_REJECTION_CREDIT,E2_DYNAMIC,OTHER_NONACCEPTED,CDF5,10,0,0,0,comparator_rate_minus_proposed_rate,PRE_R10_SUPPORTING_DESCRIPTIVE_RESULT_AWARE__NO_NEW_CONFIRMATORY_INFERENCE
17,E2_DYNAMIC__DT-RAMDE_TS2_FULL__VS__NO_REJECTION_CREDIT,E2_DYNAMIC,FAILURE_RATE,CDF6,10,0,0,0,comparator_rate_minus_proposed_rate,PRE_R10_SUPPORTING_DESCRIPTIVE_RESULT_AWARE__NO_NEW_CONFIRMATORY_INFERENCE
17,E2_DYNAMIC__DT-RAMDE_TS2_FULL__VS__NO_REJECTION_CREDIT,E2_DYNAMIC,REJECT_SAFETY_FILTER,CDF6,10,0,0,0,comparator_rate_minus_proposed_rate,PRE_R10_SUPPORTING_DESCRIPTIVE_RESULT_AWARE__NO_NEW_CONFIRMATORY_INFERENCE
17,E2_DYNAMIC__DT-RAMDE_TS2_FULL__VS__NO_REJECTION_CREDIT,E2_DYNAMIC,REJECT_BUDGET_NO_FEASIBLE,CDF6,10,0,0,0,comparator_rate_minus_proposed_rate,PRE_R10_SUPPORTING_DESCRIPTIVE_RESULT_AWARE__NO_NEW_CONFIRMATORY_INFERENCE
17,E2_DYNAMIC__DT-RAMDE_TS2_FULL__VS__NO_REJECTION_CREDIT,E2_DYNAMIC,REJECT_NUMERICAL,CDF6,10,0,0,0,comparator_rate_minus_proposed_rate,PRE_R10_SUPPORTING_DESCRIPTIVE_RESULT_AWARE__NO_NEW_CONFIRMATORY_INFERENCE
17,E2_DYNAMIC__DT-RAMDE_TS2_FULL__VS__NO_REJECTION_CREDIT,E2_DYNAMIC,OTHER_NONACCEPTED,CDF6,10,0,0,0,comparator_rate_minus_proposed_rate,PRE_R10_SUPPORTING_DESCRIPTIVE_RESULT_AWARE__NO_NEW_CONFIRMATORY_INFERENCE
17,E2_DYNAMIC__DT-RAMDE_TS2_FULL__VS__NO_REJECTION_CREDIT,E2_DYNAMIC,FAILURE_RATE,CDF7,10,0,0,0,comparator_rate_minus_proposed_rate,PRE_R10_SUPPORTING_DESCRIPTIVE_RESULT_AWARE__NO_NEW_CONFIRMATORY_INFERENCE
17,E2_DYNAMIC__DT-RAMDE_TS2_FULL__VS__NO_REJECTION_CREDIT,E2_DYNAMIC,REJECT_SAFETY_FILTER,CDF7,10,0,0,0,comparator_rate_minus_proposed_rate,PRE_R10_SUPPORTING_DESCRIPTIVE_RESULT_AWARE__NO_NEW_CONFIRMATORY_INFERENCE
17,E2_DYNAMIC__DT-RAMDE_TS2_FULL__VS__NO_REJECTION_CREDIT,E2_DYNAMIC,REJECT_BUDGET_NO_FEASIBLE,CDF7,10,0,0,0,comparator_rate_minus_proposed_rate,PRE_R10_SUPPORTING_DESCRIPTIVE_RESULT_AWARE__NO_NEW_CONFIRMATORY_INFERENCE
17,E2_DYNAMIC__DT-RAMDE_TS2_FULL__VS__NO_REJECTION_CREDIT,E2_DYNAMIC,REJECT_NUMERICAL,CDF7,10,0,0,0,comparator_rate_minus_proposed_rate,PRE_R10_SUPPORTING_DESCRIPTIVE_RESULT_AWARE__NO_NEW_CONFIRMATORY_INFERENCE
17,E2_DYNAMIC__DT-RAMDE_TS2_FULL__VS__NO_REJECTION_CREDIT,E2_DYNAMIC,OTHER_NONACCEPTED,CDF7,10,0,0,0,comparator_rate_minus_proposed_rate,PRE_R10_SUPPORTING_DESCRIPTIVE_RESULT_AWARE__NO_NEW_CONFIRMATORY_INFERENCE
17,E2_DYNAMIC__DT-RAMDE_TS2_FULL__VS__NO_REJECTION_CREDIT,E2_DYNAMIC,FAILURE_RATE,CDF8,10,0,0,0,comparator_rate_minus_proposed_rate,PRE_R10_SUPPORTING_DESCRIPTIVE_RESULT_AWARE__NO_NEW_CONFIRMATORY_INFERENCE
17,E2_DYNAMIC__DT-RAMDE_TS2_FULL__VS__NO_REJECTION_CREDIT,E2_DYNAMIC,REJECT_SAFETY_FILTER,CDF8,10,0,0,0,comparator_rate_minus_proposed_rate,PRE_R10_SUPPORTING_DESCRIPTIVE_RESULT_AWARE__NO_NEW_CONFIRMATORY_INFERENCE
17,E2_DYNAMIC__DT-RAMDE_TS2_FULL__VS__NO_REJECTION_CREDIT,E2_DYNAMIC,REJECT_BUDGET_NO_FEASIBLE,CDF8,10,0,0,0,comparator_rate_minus_proposed_rate,PRE_R10_SUPPORTING_DESCRIPTIVE_RESULT_AWARE__NO_NEW_CONFIRMATORY_INFERENCE
17,E2_DYNAMIC__DT-RAMDE_TS2_FULL__VS__NO_REJECTION_CREDIT,E2_DYNAMIC,REJECT_NUMERICAL,CDF8,10,0,0,0,comparator_rate_minus_proposed_rate,PRE_R10_SUPPORTING_DESCRIPTIVE_RESULT_AWARE__NO_NEW_CONFIRMATORY_INFERENCE
17,E2_DYNAMIC__DT-RAMDE_TS2_FULL__VS__NO_REJECTION_CREDIT,E2_DYNAMIC,OTHER_NONACCEPTED,CDF8,10,0,0,0,comparator_rate_minus_proposed_rate,PRE_R10_SUPPORTING_DESCRIPTIVE_RESULT_AWARE__NO_NEW_CONFIRMATORY_INFERENCE
17,E2_DYNAMIC__DT-RAMDE_TS2_FULL__VS__NO_REJECTION_CREDIT,E2_DYNAMIC,FAILURE_RATE,CDF9,10,0,0,0,comparator_rate_minus_proposed_rate,PRE_R10_SUPPORTING_DESCRIPTIVE_RESULT_AWARE__NO_NEW_CONFIRMATORY_INFERENCE
17,E2_DYNAMIC__DT-RAMDE_TS2_FULL__VS__NO_REJECTION_CREDIT,E2_DYNAMIC,REJECT_SAFETY_FILTER,CDF9,10,0,0,0,comparator_rate_minus_proposed_rate,PRE_R10_SUPPORTING_DESCRIPTIVE_RESULT_AWARE__NO_NEW_CONFIRMATORY_INFERENCE
17,E2_DYNAMIC__DT-RAMDE_TS2_FULL__VS__NO_REJECTION_CREDIT,E2_DYNAMIC,REJECT_BUDGET_NO_FEASIBLE,CDF9,10,0,0,0,comparator_rate_minus_proposed_rate,PRE_R10_SUPPORTING_DESCRIPTIVE_RESULT_AWARE__NO_NEW_CONFIRMATORY_INFERENCE
17,E2_DYNAMIC__DT-RAMDE_TS2_FULL__VS__NO_REJECTION_CREDIT,E2_DYNAMIC,REJECT_NUMERICAL,CDF9,10,0,0,0,comparator_rate_minus_proposed_rate,PRE_R10_SUPPORTING_DESCRIPTIVE_RESULT_AWARE__NO_NEW_CONFIRMATORY_INFERENCE
17,E2_DYNAMIC__DT-RAMDE_TS2_FULL__VS__NO_REJECTION_CREDIT,E2_DYNAMIC,OTHER_NONACCEPTED,CDF9,10,0,0,0,comparator_rate_minus_proposed_rate,PRE_R10_SUPPORTING_DESCRIPTIVE_RESULT_AWARE__NO_NEW_CONFIRMATORY_INFERENCE
18,E2_DYNAMIC__DT-RAMDE_TS2_FULL__VS__NO_MEMORY_RESET_GATE,E2_DYNAMIC,FAILURE_RATE,CDF1,10,0,0,0,comparator_rate_minus_proposed_rate,PRE_R10_SUPPORTING_DESCRIPTIVE_RESULT_AWARE__NO_NEW_CONFIRMATORY_INFERENCE
18,E2_DYNAMIC__DT-RAMDE_TS2_FULL__VS__NO_MEMORY_RESET_GATE,E2_DYNAMIC,REJECT_SAFETY_FILTER,CDF1,10,0,0,0,comparator_rate_minus_proposed_rate,PRE_R10_SUPPORTING_DESCRIPTIVE_RESULT_AWARE__NO_NEW_CONFIRMATORY_INFERENCE
18,E2_DYNAMIC__DT-RAMDE_TS2_FULL__VS__NO_MEMORY_RESET_GATE,E2_DYNAMIC,REJECT_BUDGET_NO_FEASIBLE,CDF1,10,0,0,0,comparator_rate_minus_proposed_rate,PRE_R10_SUPPORTING_DESCRIPTIVE_RESULT_AWARE__NO_NEW_CONFIRMATORY_INFERENCE
18,E2_DYNAMIC__DT-RAMDE_TS2_FULL__VS__NO_MEMORY_RESET_GATE,E2_DYNAMIC,REJECT_NUMERICAL,CDF1,10,0,0,0,comparator_rate_minus_proposed_rate,PRE_R10_SUPPORTING_DESCRIPTIVE_RESULT_AWARE__NO_NEW_CONFIRMATORY_INFERENCE
18,E2_DYNAMIC__DT-RAMDE_TS2_FULL__VS__NO_MEMORY_RESET_GATE,E2_DYNAMIC,OTHER_NONACCEPTED,CDF1,10,0,0,0,comparator_rate_minus_proposed_rate,PRE_R10_SUPPORTING_DESCRIPTIVE_RESULT_AWARE__NO_NEW_CONFIRMATORY_INFERENCE
18,E2_DYNAMIC__DT-RAMDE_TS2_FULL__VS__NO_MEMORY_RESET_GATE,E2_DYNAMIC,FAILURE_RATE,CDF10,10,0,0,0,comparator_rate_minus_proposed_rate,PRE_R10_SUPPORTING_DESCRIPTIVE_RESULT_AWARE__NO_NEW_CONFIRMATORY_INFERENCE
18,E2_DYNAMIC__DT-RAMDE_TS2_FULL__VS__NO_MEMORY_RESET_GATE,E2_DYNAMIC,REJECT_SAFETY_FILTER,CDF10,10,0,0,0,comparator_rate_minus_proposed_rate,PRE_R10_SUPPORTING_DESCRIPTIVE_RESULT_AWARE__NO_NEW_CONFIRMATORY_INFERENCE
18,E2_DYNAMIC__DT-RAMDE_TS2_FULL__VS__NO_MEMORY_RESET_GATE,E2_DYNAMIC,REJECT_BUDGET_NO_FEASIBLE,CDF10,10,0,0,0,comparator_rate_minus_proposed_rate,PRE_R10_SUPPORTING_DESCRIPTIVE_RESULT_AWARE__NO_NEW_CONFIRMATORY_INFERENCE
18,E2_DYNAMIC__DT-RAMDE_TS2_FULL__VS__NO_MEMORY_RESET_GATE,E2_DYNAMIC,REJECT_NUMERICAL,CDF10,10,0,0,0,comparator_rate_minus_proposed_rate,PRE_R10_SUPPORTING_DESCRIPTIVE_RESULT_AWARE__NO_NEW_CONFIRMATORY_INFERENCE
18,E2_DYNAMIC__DT-RAMDE_TS2_FULL__VS__NO_MEMORY_RESET_GATE,E2_DYNAMIC,OTHER_NONACCEPTED,CDF10,10,0,0,0,comparator_rate_minus_proposed_rate,PRE_R10_SUPPORTING_DESCRIPTIVE_RESULT_AWARE__NO_NEW_CONFIRMATORY_INFERENCE
18,E2_DYNAMIC__DT-RAMDE_TS2_FULL__VS__NO_MEMORY_RESET_GATE,E2_DYNAMIC,FAILURE_RATE,CDF11,10,0,0,0,comparator_rate_minus_proposed_rate,PRE_R10_SUPPORTING_DESCRIPTIVE_RESULT_AWARE__NO_NEW_CONFIRMATORY_INFERENCE
18,E2_DYNAMIC__DT-RAMDE_TS2_FULL__VS__NO_MEMORY_RESET_GATE,E2_DYNAMIC,REJECT_SAFETY_FILTER,CDF11,10,0,0,0,comparator_rate_minus_proposed_rate,PRE_R10_SUPPORTING_DESCRIPTIVE_RESULT_AWARE__NO_NEW_CONFIRMATORY_INFERENCE
18,E2_DYNAMIC__DT-RAMDE_TS2_FULL__VS__NO_MEMORY_RESET_GATE,E2_DYNAMIC,REJECT_BUDGET_NO_FEASIBLE,CDF11,10,0,0,0,comparator_rate_minus_proposed_rate,PRE_R10_SUPPORTING_DESCRIPTIVE_RESULT_AWARE__NO_NEW_CONFIRMATORY_INFERENCE
18,E2_DYNAMIC__DT-RAMDE_TS2_FULL__VS__NO_MEMORY_RESET_GATE,E2_DYNAMIC,REJECT_NUMERICAL,CDF11,10,0,0,0,comparator_rate_minus_proposed_rate,PRE_R10_SUPPORTING_DESCRIPTIVE_RESULT_AWARE__NO_NEW_CONFIRMATORY_INFERENCE
18,E2_DYNAMIC__DT-RAMDE_TS2_FULL__VS__NO_MEMORY_RESET_GATE,E2_DYNAMIC,OTHER_NONACCEPTED,CDF11,10,0,0,0,comparator_rate_minus_proposed_rate,PRE_R10_SUPPORTING_DESCRIPTIVE_RESULT_AWARE__NO_NEW_CONFIRMATORY_INFERENCE
18,E2_DYNAMIC__DT-RAMDE_TS2_FULL__VS__NO_MEMORY_RESET_GATE,E2_DYNAMIC,FAILURE_RATE,CDF12,10,0,0,0,comparator_rate_minus_proposed_rate,PRE_R10_SUPPORTING_DESCRIPTIVE_RESULT_AWARE__NO_NEW_CONFIRMATORY_INFERENCE
18,E2_DYNAMIC__DT-RAMDE_TS2_FULL__VS__NO_MEMORY_RESET_GATE,E2_DYNAMIC,REJECT_SAFETY_FILTER,CDF12,10,0,0,0,comparator_rate_minus_proposed_rate,PRE_R10_SUPPORTING_DESCRIPTIVE_RESULT_AWARE__NO_NEW_CONFIRMATORY_INFERENCE
18,E2_DYNAMIC__DT-RAMDE_TS2_FULL__VS__NO_MEMORY_RESET_GATE,E2_DYNAMIC,REJECT_BUDGET_NO_FEASIBLE,CDF12,10,0,0,0,comparator_rate_minus_proposed_rate,PRE_R10_SUPPORTING_DESCRIPTIVE_RESULT_AWARE__NO_NEW_CONFIRMATORY_INFERENCE
18,E2_DYNAMIC__DT-RAMDE_TS2_FULL__VS__NO_MEMORY_RESET_GATE,E2_DYNAMIC,REJECT_NUMERICAL,CDF12,10,0,0,0,comparator_rate_minus_proposed_rate,PRE_R10_SUPPORTING_DESCRIPTIVE_RESULT_AWARE__NO_NEW_CONFIRMATORY_INFERENCE
18,E2_DYNAMIC__DT-RAMDE_TS2_FULL__VS__NO_MEMORY_RESET_GATE,E2_DYNAMIC,OTHER_NONACCEPTED,CDF12,10,0,0,0,comparator_rate_minus_proposed_rate,PRE_R10_SUPPORTING_DESCRIPTIVE_RESULT_AWARE__NO_NEW_CONFIRMATORY_INFERENCE
18,E2_DYNAMIC__DT-RAMDE_TS2_FULL__VS__NO_MEMORY_RESET_GATE,E2_DYNAMIC,FAILURE_RATE,CDF13,10,0,0,0,comparator_rate_minus_proposed_rate,PRE_R10_SUPPORTING_DESCRIPTIVE_RESULT_AWARE__NO_NEW_CONFIRMATORY_INFERENCE
18,E2_DYNAMIC__DT-RAMDE_TS2_FULL__VS__NO_MEMORY_RESET_GATE,E2_DYNAMIC,REJECT_SAFETY_FILTER,CDF13,10,0,0,0,comparator_rate_minus_proposed_rate,PRE_R10_SUPPORTING_DESCRIPTIVE_RESULT_AWARE__NO_NEW_CONFIRMATORY_INFERENCE
18,E2_DYNAMIC__DT-RAMDE_TS2_FULL__VS__NO_MEMORY_RESET_GATE,E2_DYNAMIC,REJECT_BUDGET_NO_FEASIBLE,CDF13,10,0,0,0,comparator_rate_minus_proposed_rate,PRE_R10_SUPPORTING_DESCRIPTIVE_RESULT_AWARE__NO_NEW_CONFIRMATORY_INFERENCE
18,E2_DYNAMIC__DT-RAMDE_TS2_FULL__VS__NO_MEMORY_RESET_GATE,E2_DYNAMIC,REJECT_NUMERICAL,CDF13,10,0,0,0,comparator_rate_minus_proposed_rate,PRE_R10_SUPPORTING_DESCRIPTIVE_RESULT_AWARE__NO_NEW_CONFIRMATORY_INFERENCE
18,E2_DYNAMIC__DT-RAMDE_TS2_FULL__VS__NO_MEMORY_RESET_GATE,E2_DYNAMIC,OTHER_NONACCEPTED,CDF13,10,0,0,0,comparator_rate_minus_proposed_rate,PRE_R10_SUPPORTING_DESCRIPTIVE_RESULT_AWARE__NO_NEW_CONFIRMATORY_INFERENCE
18,E2_DYNAMIC__DT-RAMDE_TS2_FULL__VS__NO_MEMORY_RESET_GATE,E2_DYNAMIC,FAILURE_RATE,CDF14,10,0,0,0,comparator_rate_minus_proposed_rate,PRE_R10_SUPPORTING_DESCRIPTIVE_RESULT_AWARE__NO_NEW_CONFIRMATORY_INFERENCE
18,E2_DYNAMIC__DT-RAMDE_TS2_FULL__VS__NO_MEMORY_RESET_GATE,E2_DYNAMIC,REJECT_SAFETY_FILTER,CDF14,10,0,0,0,comparator_rate_minus_proposed_rate,PRE_R10_SUPPORTING_DESCRIPTIVE_RESULT_AWARE__NO_NEW_CONFIRMATORY_INFERENCE
18,E2_DYNAMIC__DT-RAMDE_TS2_FULL__VS__NO_MEMORY_RESET_GATE,E2_DYNAMIC,REJECT_BUDGET_NO_FEASIBLE,CDF14,10,0,0,0,comparator_rate_minus_proposed_rate,PRE_R10_SUPPORTING_DESCRIPTIVE_RESULT_AWARE__NO_NEW_CONFIRMATORY_INFERENCE
18,E2_DYNAMIC__DT-RAMDE_TS2_FULL__VS__NO_MEMORY_RESET_GATE,E2_DYNAMIC,REJECT_NUMERICAL,CDF14,10,0,0,0,comparator_rate_minus_proposed_rate,PRE_R10_SUPPORTING_DESCRIPTIVE_RESULT_AWARE__NO_NEW_CONFIRMATORY_INFERENCE
18,E2_DYNAMIC__DT-RAMDE_TS2_FULL__VS__NO_MEMORY_RESET_GATE,E2_DYNAMIC,OTHER_NONACCEPTED,CDF14,10,0,0,0,comparator_rate_minus_proposed_rate,PRE_R10_SUPPORTING_DESCRIPTIVE_RESULT_AWARE__NO_NEW_CONFIRMATORY_INFERENCE
18,E2_DYNAMIC__DT-RAMDE_TS2_FULL__VS__NO_MEMORY_RESET_GATE,E2_DYNAMIC,FAILURE_RATE,CDF15,10,0,0,0,comparator_rate_minus_proposed_rate,PRE_R10_SUPPORTING_DESCRIPTIVE_RESULT_AWARE__NO_NEW_CONFIRMATORY_INFERENCE
18,E2_DYNAMIC__DT-RAMDE_TS2_FULL__VS__NO_MEMORY_RESET_GATE,E2_DYNAMIC,REJECT_SAFETY_FILTER,CDF15,10,0,0,0,comparator_rate_minus_proposed_rate,PRE_R10_SUPPORTING_DESCRIPTIVE_RESULT_AWARE__NO_NEW_CONFIRMATORY_INFERENCE
18,E2_DYNAMIC__DT-RAMDE_TS2_FULL__VS__NO_MEMORY_RESET_GATE,E2_DYNAMIC,REJECT_BUDGET_NO_FEASIBLE,CDF15,10,0,0,0,comparator_rate_minus_proposed_rate,PRE_R10_SUPPORTING_DESCRIPTIVE_RESULT_AWARE__NO_NEW_CONFIRMATORY_INFERENCE
18,E2_DYNAMIC__DT-RAMDE_TS2_FULL__VS__NO_MEMORY_RESET_GATE,E2_DYNAMIC,REJECT_NUMERICAL,CDF15,10,0,0,0,comparator_rate_minus_proposed_rate,PRE_R10_SUPPORTING_DESCRIPTIVE_RESULT_AWARE__NO_NEW_CONFIRMATORY_INFERENCE
18,E2_DYNAMIC__DT-RAMDE_TS2_FULL__VS__NO_MEMORY_RESET_GATE,E2_DYNAMIC,OTHER_NONACCEPTED,CDF15,10,0,0,0,comparator_rate_minus_proposed_rate,PRE_R10_SUPPORTING_DESCRIPTIVE_RESULT_AWARE__NO_NEW_CONFIRMATORY_INFERENCE
18,E2_DYNAMIC__DT-RAMDE_TS2_FULL__VS__NO_MEMORY_RESET_GATE,E2_DYNAMIC,FAILURE_RATE,CDF2,10,0,0,0,comparator_rate_minus_proposed_rate,PRE_R10_SUPPORTING_DESCRIPTIVE_RESULT_AWARE__NO_NEW_CONFIRMATORY_INFERENCE
18,E2_DYNAMIC__DT-RAMDE_TS2_FULL__VS__NO_MEMORY_RESET_GATE,E2_DYNAMIC,REJECT_SAFETY_FILTER,CDF2,10,0,0,0,comparator_rate_minus_proposed_rate,PRE_R10_SUPPORTING_DESCRIPTIVE_RESULT_AWARE__NO_NEW_CONFIRMATORY_INFERENCE
18,E2_DYNAMIC__DT-RAMDE_TS2_FULL__VS__NO_MEMORY_RESET_GATE,E2_DYNAMIC,REJECT_BUDGET_NO_FEASIBLE,CDF2,10,0,0,0,comparator_rate_minus_proposed_rate,PRE_R10_SUPPORTING_DESCRIPTIVE_RESULT_AWARE__NO_NEW_CONFIRMATORY_INFERENCE
18,E2_DYNAMIC__DT-RAMDE_TS2_FULL__VS__NO_MEMORY_RESET_GATE,E2_DYNAMIC,REJECT_NUMERICAL,CDF2,10,0,0,0,comparator_rate_minus_proposed_rate,PRE_R10_SUPPORTING_DESCRIPTIVE_RESULT_AWARE__NO_NEW_CONFIRMATORY_INFERENCE
18,E2_DYNAMIC__DT-RAMDE_TS2_FULL__VS__NO_MEMORY_RESET_GATE,E2_DYNAMIC,OTHER_NONACCEPTED,CDF2,10,0,0,0,comparator_rate_minus_proposed_rate,PRE_R10_SUPPORTING_DESCRIPTIVE_RESULT_AWARE__NO_NEW_CONFIRMATORY_INFERENCE
18,E2_DYNAMIC__DT-RAMDE_TS2_FULL__VS__NO_MEMORY_RESET_GATE,E2_DYNAMIC,FAILURE_RATE,CDF3,10,0,0,0,comparator_rate_minus_proposed_rate,PRE_R10_SUPPORTING_DESCRIPTIVE_RESULT_AWARE__NO_NEW_CONFIRMATORY_INFERENCE
18,E2_DYNAMIC__DT-RAMDE_TS2_FULL__VS__NO_MEMORY_RESET_GATE,E2_DYNAMIC,REJECT_SAFETY_FILTER,CDF3,10,0,0,0,comparator_rate_minus_proposed_rate,PRE_R10_SUPPORTING_DESCRIPTIVE_RESULT_AWARE__NO_NEW_CONFIRMATORY_INFERENCE
18,E2_DYNAMIC__DT-RAMDE_TS2_FULL__VS__NO_MEMORY_RESET_GATE,E2_DYNAMIC,REJECT_BUDGET_NO_FEASIBLE,CDF3,10,0,0,0,comparator_rate_minus_proposed_rate,PRE_R10_SUPPORTING_DESCRIPTIVE_RESULT_AWARE__NO_NEW_CONFIRMATORY_INFERENCE
18,E2_DYNAMIC__DT-RAMDE_TS2_FULL__VS__NO_MEMORY_RESET_GATE,E2_DYNAMIC,REJECT_NUMERICAL,CDF3,10,0,0,0,comparator_rate_minus_proposed_rate,PRE_R10_SUPPORTING_DESCRIPTIVE_RESULT_AWARE__NO_NEW_CONFIRMATORY_INFERENCE
18,E2_DYNAMIC__DT-RAMDE_TS2_FULL__VS__NO_MEMORY_RESET_GATE,E2_DYNAMIC,OTHER_NONACCEPTED,CDF3,10,0,0,0,comparator_rate_minus_proposed_rate,PRE_R10_SUPPORTING_DESCRIPTIVE_RESULT_AWARE__NO_NEW_CONFIRMATORY_INFERENCE
18,E2_DYNAMIC__DT-RAMDE_TS2_FULL__VS__NO_MEMORY_RESET_GATE,E2_DYNAMIC,FAILURE_RATE,CDF4,10,0,0,0,comparator_rate_minus_proposed_rate,PRE_R10_SUPPORTING_DESCRIPTIVE_RESULT_AWARE__NO_NEW_CONFIRMATORY_INFERENCE
18,E2_DYNAMIC__DT-RAMDE_TS2_FULL__VS__NO_MEMORY_RESET_GATE,E2_DYNAMIC,REJECT_SAFETY_FILTER,CDF4,10,0,0,0,comparator_rate_minus_proposed_rate,PRE_R10_SUPPORTING_DESCRIPTIVE_RESULT_AWARE__NO_NEW_CONFIRMATORY_INFERENCE
18,E2_DYNAMIC__DT-RAMDE_TS2_FULL__VS__NO_MEMORY_RESET_GATE,E2_DYNAMIC,REJECT_BUDGET_NO_FEASIBLE,CDF4,10,0,0,0,comparator_rate_minus_proposed_rate,PRE_R10_SUPPORTING_DESCRIPTIVE_RESULT_AWARE__NO_NEW_CONFIRMATORY_INFERENCE
18,E2_DYNAMIC__DT-RAMDE_TS2_FULL__VS__NO_MEMORY_RESET_GATE,E2_DYNAMIC,REJECT_NUMERICAL,CDF4,10,0,0,0,comparator_rate_minus_proposed_rate,PRE_R10_SUPPORTING_DESCRIPTIVE_RESULT_AWARE__NO_NEW_CONFIRMATORY_INFERENCE
18,E2_DYNAMIC__DT-RAMDE_TS2_FULL__VS__NO_MEMORY_RESET_GATE,E2_DYNAMIC,OTHER_NONACCEPTED,CDF4,10,0,0,0,comparator_rate_minus_proposed_rate,PRE_R10_SUPPORTING_DESCRIPTIVE_RESULT_AWARE__NO_NEW_CONFIRMATORY_INFERENCE
18,E2_DYNAMIC__DT-RAMDE_TS2_FULL__VS__NO_MEMORY_RESET_GATE,E2_DYNAMIC,FAILURE_RATE,CDF5,10,0,0,0,comparator_rate_minus_proposed_rate,PRE_R10_SUPPORTING_DESCRIPTIVE_RESULT_AWARE__NO_NEW_CONFIRMATORY_INFERENCE
18,E2_DYNAMIC__DT-RAMDE_TS2_FULL__VS__NO_MEMORY_RESET_GATE,E2_DYNAMIC,REJECT_SAFETY_FILTER,CDF5,10,0,0,0,comparator_rate_minus_proposed_rate,PRE_R10_SUPPORTING_DESCRIPTIVE_RESULT_AWARE__NO_NEW_CONFIRMATORY_INFERENCE
18,E2_DYNAMIC__DT-RAMDE_TS2_FULL__VS__NO_MEMORY_RESET_GATE,E2_DYNAMIC,REJECT_BUDGET_NO_FEASIBLE,CDF5,10,0,0,0,comparator_rate_minus_proposed_rate,PRE_R10_SUPPORTING_DESCRIPTIVE_RESULT_AWARE__NO_NEW_CONFIRMATORY_INFERENCE
18,E2_DYNAMIC__DT-RAMDE_TS2_FULL__VS__NO_MEMORY_RESET_GATE,E2_DYNAMIC,REJECT_NUMERICAL,CDF5,10,0,0,0,comparator_rate_minus_proposed_rate,PRE_R10_SUPPORTING_DESCRIPTIVE_RESULT_AWARE__NO_NEW_CONFIRMATORY_INFERENCE
18,E2_DYNAMIC__DT-RAMDE_TS2_FULL__VS__NO_MEMORY_RESET_GATE,E2_DYNAMIC,OTHER_NONACCEPTED,CDF5,10,0,0,0,comparator_rate_minus_proposed_rate,PRE_R10_SUPPORTING_DESCRIPTIVE_RESULT_AWARE__NO_NEW_CONFIRMATORY_INFERENCE
18,E2_DYNAMIC__DT-RAMDE_TS2_FULL__VS__NO_MEMORY_RESET_GATE,E2_DYNAMIC,FAILURE_RATE,CDF6,10,0,0,0,comparator_rate_minus_proposed_rate,PRE_R10_SUPPORTING_DESCRIPTIVE_RESULT_AWARE__NO_NEW_CONFIRMATORY_INFERENCE
18,E2_DYNAMIC__DT-RAMDE_TS2_FULL__VS__NO_MEMORY_RESET_GATE,E2_DYNAMIC,REJECT_SAFETY_FILTER,CDF6,10,0,0,0,comparator_rate_minus_proposed_rate,PRE_R10_SUPPORTING_DESCRIPTIVE_RESULT_AWARE__NO_NEW_CONFIRMATORY_INFERENCE
18,E2_DYNAMIC__DT-RAMDE_TS2_FULL__VS__NO_MEMORY_RESET_GATE,E2_DYNAMIC,REJECT_BUDGET_NO_FEASIBLE,CDF6,10,0,0,0,comparator_rate_minus_proposed_rate,PRE_R10_SUPPORTING_DESCRIPTIVE_RESULT_AWARE__NO_NEW_CONFIRMATORY_INFERENCE
18,E2_DYNAMIC__DT-RAMDE_TS2_FULL__VS__NO_MEMORY_RESET_GATE,E2_DYNAMIC,REJECT_NUMERICAL,CDF6,10,0,0,0,comparator_rate_minus_proposed_rate,PRE_R10_SUPPORTING_DESCRIPTIVE_RESULT_AWARE__NO_NEW_CONFIRMATORY_INFERENCE
18,E2_DYNAMIC__DT-RAMDE_TS2_FULL__VS__NO_MEMORY_RESET_GATE,E2_DYNAMIC,OTHER_NONACCEPTED,CDF6,10,0,0,0,comparator_rate_minus_proposed_rate,PRE_R10_SUPPORTING_DESCRIPTIVE_RESULT_AWARE__NO_NEW_CONFIRMATORY_INFERENCE
18,E2_DYNAMIC__DT-RAMDE_TS2_FULL__VS__NO_MEMORY_RESET_GATE,E2_DYNAMIC,FAILURE_RATE,CDF7,10,0,0,0,comparator_rate_minus_proposed_rate,PRE_R10_SUPPORTING_DESCRIPTIVE_RESULT_AWARE__NO_NEW_CONFIRMATORY_INFERENCE
18,E2_DYNAMIC__DT-RAMDE_TS2_FULL__VS__NO_MEMORY_RESET_GATE,E2_DYNAMIC,REJECT_SAFETY_FILTER,CDF7,10,0,0,0,comparator_rate_minus_proposed_rate,PRE_R10_SUPPORTING_DESCRIPTIVE_RESULT_AWARE__NO_NEW_CONFIRMATORY_INFERENCE
18,E2_DYNAMIC__DT-RAMDE_TS2_FULL__VS__NO_MEMORY_RESET_GATE,E2_DYNAMIC,REJECT_BUDGET_NO_FEASIBLE,CDF7,10,0,0,0,comparator_rate_minus_proposed_rate,PRE_R10_SUPPORTING_DESCRIPTIVE_RESULT_AWARE__NO_NEW_CONFIRMATORY_INFERENCE
18,E2_DYNAMIC__DT-RAMDE_TS2_FULL__VS__NO_MEMORY_RESET_GATE,E2_DYNAMIC,REJECT_NUMERICAL,CDF7,10,0,0,0,comparator_rate_minus_proposed_rate,PRE_R10_SUPPORTING_DESCRIPTIVE_RESULT_AWARE__NO_NEW_CONFIRMATORY_INFERENCE
18,E2_DYNAMIC__DT-RAMDE_TS2_FULL__VS__NO_MEMORY_RESET_GATE,E2_DYNAMIC,OTHER_NONACCEPTED,CDF7,10,0,0,0,comparator_rate_minus_proposed_rate,PRE_R10_SUPPORTING_DESCRIPTIVE_RESULT_AWARE__NO_NEW_CONFIRMATORY_INFERENCE
18,E2_DYNAMIC__DT-RAMDE_TS2_FULL__VS__NO_MEMORY_RESET_GATE,E2_DYNAMIC,FAILURE_RATE,CDF8,10,0,0,0,comparator_rate_minus_proposed_rate,PRE_R10_SUPPORTING_DESCRIPTIVE_RESULT_AWARE__NO_NEW_CONFIRMATORY_INFERENCE
18,E2_DYNAMIC__DT-RAMDE_TS2_FULL__VS__NO_MEMORY_RESET_GATE,E2_DYNAMIC,REJECT_SAFETY_FILTER,CDF8,10,0,0,0,comparator_rate_minus_proposed_rate,PRE_R10_SUPPORTING_DESCRIPTIVE_RESULT_AWARE__NO_NEW_CONFIRMATORY_INFERENCE
18,E2_DYNAMIC__DT-RAMDE_TS2_FULL__VS__NO_MEMORY_RESET_GATE,E2_DYNAMIC,REJECT_BUDGET_NO_FEASIBLE,CDF8,10,0,0,0,comparator_rate_minus_proposed_rate,PRE_R10_SUPPORTING_DESCRIPTIVE_RESULT_AWARE__NO_NEW_CONFIRMATORY_INFERENCE
18,E2_DYNAMIC__DT-RAMDE_TS2_FULL__VS__NO_MEMORY_RESET_GATE,E2_DYNAMIC,REJECT_NUMERICAL,CDF8,10,0,0,0,comparator_rate_minus_proposed_rate,PRE_R10_SUPPORTING_DESCRIPTIVE_RESULT_AWARE__NO_NEW_CONFIRMATORY_INFERENCE
18,E2_DYNAMIC__DT-RAMDE_TS2_FULL__VS__NO_MEMORY_RESET_GATE,E2_DYNAMIC,OTHER_NONACCEPTED,CDF8,10,0,0,0,comparator_rate_minus_proposed_rate,PRE_R10_SUPPORTING_DESCRIPTIVE_RESULT_AWARE__NO_NEW_CONFIRMATORY_INFERENCE
18,E2_DYNAMIC__DT-RAMDE_TS2_FULL__VS__NO_MEMORY_RESET_GATE,E2_DYNAMIC,FAILURE_RATE,CDF9,10,0,0,0,comparator_rate_minus_proposed_rate,PRE_R10_SUPPORTING_DESCRIPTIVE_RESULT_AWARE__NO_NEW_CONFIRMATORY_INFERENCE
18,E2_DYNAMIC__DT-RAMDE_TS2_FULL__VS__NO_MEMORY_RESET_GATE,E2_DYNAMIC,REJECT_SAFETY_FILTER,CDF9,10,0,0,0,comparator_rate_minus_proposed_rate,PRE_R10_SUPPORTING_DESCRIPTIVE_RESULT_AWARE__NO_NEW_CONFIRMATORY_INFERENCE
18,E2_DYNAMIC__DT-RAMDE_TS2_FULL__VS__NO_MEMORY_RESET_GATE,E2_DYNAMIC,REJECT_BUDGET_NO_FEASIBLE,CDF9,10,0,0,0,comparator_rate_minus_proposed_rate,PRE_R10_SUPPORTING_DESCRIPTIVE_RESULT_AWARE__NO_NEW_CONFIRMATORY_INFERENCE
18,E2_DYNAMIC__DT-RAMDE_TS2_FULL__VS__NO_MEMORY_RESET_GATE,E2_DYNAMIC,REJECT_NUMERICAL,CDF9,10,0,0,0,comparator_rate_minus_proposed_rate,PRE_R10_SUPPORTING_DESCRIPTIVE_RESULT_AWARE__NO_NEW_CONFIRMATORY_INFERENCE
18,E2_DYNAMIC__DT-RAMDE_TS2_FULL__VS__NO_MEMORY_RESET_GATE,E2_DYNAMIC,OTHER_NONACCEPTED,CDF9,10,0,0,0,comparator_rate_minus_proposed_rate,PRE_R10_SUPPORTING_DESCRIPTIVE_RESULT_AWARE__NO_NEW_CONFIRMATORY_INFERENCE
19,E2_DYNAMIC__DT-RAMDE_TS2_FULL__VS__NO_LINEAGE_CREDIT,E2_DYNAMIC,FAILURE_RATE,CDF1,10,0,0,0,comparator_rate_minus_proposed_rate,PRE_R10_SUPPORTING_DESCRIPTIVE_RESULT_AWARE__NO_NEW_CONFIRMATORY_INFERENCE
19,E2_DYNAMIC__DT-RAMDE_TS2_FULL__VS__NO_LINEAGE_CREDIT,E2_DYNAMIC,REJECT_SAFETY_FILTER,CDF1,10,0,0,0,comparator_rate_minus_proposed_rate,PRE_R10_SUPPORTING_DESCRIPTIVE_RESULT_AWARE__NO_NEW_CONFIRMATORY_INFERENCE
19,E2_DYNAMIC__DT-RAMDE_TS2_FULL__VS__NO_LINEAGE_CREDIT,E2_DYNAMIC,REJECT_BUDGET_NO_FEASIBLE,CDF1,10,0,0,0,comparator_rate_minus_proposed_rate,PRE_R10_SUPPORTING_DESCRIPTIVE_RESULT_AWARE__NO_NEW_CONFIRMATORY_INFERENCE
19,E2_DYNAMIC__DT-RAMDE_TS2_FULL__VS__NO_LINEAGE_CREDIT,E2_DYNAMIC,REJECT_NUMERICAL,CDF1,10,0,0,0,comparator_rate_minus_proposed_rate,PRE_R10_SUPPORTING_DESCRIPTIVE_RESULT_AWARE__NO_NEW_CONFIRMATORY_INFERENCE
19,E2_DYNAMIC__DT-RAMDE_TS2_FULL__VS__NO_LINEAGE_CREDIT,E2_DYNAMIC,OTHER_NONACCEPTED,CDF1,10,0,0,0,comparator_rate_minus_proposed_rate,PRE_R10_SUPPORTING_DESCRIPTIVE_RESULT_AWARE__NO_NEW_CONFIRMATORY_INFERENCE
19,E2_DYNAMIC__DT-RAMDE_TS2_FULL__VS__NO_LINEAGE_CREDIT,E2_DYNAMIC,FAILURE_RATE,CDF10,10,0,0,0,comparator_rate_minus_proposed_rate,PRE_R10_SUPPORTING_DESCRIPTIVE_RESULT_AWARE__NO_NEW_CONFIRMATORY_INFERENCE
19,E2_DYNAMIC__DT-RAMDE_TS2_FULL__VS__NO_LINEAGE_CREDIT,E2_DYNAMIC,REJECT_SAFETY_FILTER,CDF10,10,0,0,0,comparator_rate_minus_proposed_rate,PRE_R10_SUPPORTING_DESCRIPTIVE_RESULT_AWARE__NO_NEW_CONFIRMATORY_INFERENCE
19,E2_DYNAMIC__DT-RAMDE_TS2_FULL__VS__NO_LINEAGE_CREDIT,E2_DYNAMIC,REJECT_BUDGET_NO_FEASIBLE,CDF10,10,0,0,0,comparator_rate_minus_proposed_rate,PRE_R10_SUPPORTING_DESCRIPTIVE_RESULT_AWARE__NO_NEW_CONFIRMATORY_INFERENCE
19,E2_DYNAMIC__DT-RAMDE_TS2_FULL__VS__NO_LINEAGE_CREDIT,E2_DYNAMIC,REJECT_NUMERICAL,CDF10,10,0,0,0,comparator_rate_minus_proposed_rate,PRE_R10_SUPPORTING_DESCRIPTIVE_RESULT_AWARE__NO_NEW_CONFIRMATORY_INFERENCE
19,E2_DYNAMIC__DT-RAMDE_TS2_FULL__VS__NO_LINEAGE_CREDIT,E2_DYNAMIC,OTHER_NONACCEPTED,CDF10,10,0,0,0,comparator_rate_minus_proposed_rate,PRE_R10_SUPPORTING_DESCRIPTIVE_RESULT_AWARE__NO_NEW_CONFIRMATORY_INFERENCE
19,E2_DYNAMIC__DT-RAMDE_TS2_FULL__VS__NO_LINEAGE_CREDIT,E2_DYNAMIC,FAILURE_RATE,CDF11,10,0,0,0,comparator_rate_minus_proposed_rate,PRE_R10_SUPPORTING_DESCRIPTIVE_RESULT_AWARE__NO_NEW_CONFIRMATORY_INFERENCE
19,E2_DYNAMIC__DT-RAMDE_TS2_FULL__VS__NO_LINEAGE_CREDIT,E2_DYNAMIC,REJECT_SAFETY_FILTER,CDF11,10,0,0,0,comparator_rate_minus_proposed_rate,PRE_R10_SUPPORTING_DESCRIPTIVE_RESULT_AWARE__NO_NEW_CONFIRMATORY_INFERENCE
19,E2_DYNAMIC__DT-RAMDE_TS2_FULL__VS__NO_LINEAGE_CREDIT,E2_DYNAMIC,REJECT_BUDGET_NO_FEASIBLE,CDF11,10,0,0,0,comparator_rate_minus_proposed_rate,PRE_R10_SUPPORTING_DESCRIPTIVE_RESULT_AWARE__NO_NEW_CONFIRMATORY_INFERENCE
19,E2_DYNAMIC__DT-RAMDE_TS2_FULL__VS__NO_LINEAGE_CREDIT,E2_DYNAMIC,REJECT_NUMERICAL,CDF11,10,0,0,0,comparator_rate_minus_proposed_rate,PRE_R10_SUPPORTING_DESCRIPTIVE_RESULT_AWARE__NO_NEW_CONFIRMATORY_INFERENCE
19,E2_DYNAMIC__DT-RAMDE_TS2_FULL__VS__NO_LINEAGE_CREDIT,E2_DYNAMIC,OTHER_NONACCEPTED,CDF11,10,0,0,0,comparator_rate_minus_proposed_rate,PRE_R10_SUPPORTING_DESCRIPTIVE_RESULT_AWARE__NO_NEW_CONFIRMATORY_INFERENCE
19,E2_DYNAMIC__DT-RAMDE_TS2_FULL__VS__NO_LINEAGE_CREDIT,E2_DYNAMIC,FAILURE_RATE,CDF12,10,0,0,0,comparator_rate_minus_proposed_rate,PRE_R10_SUPPORTING_DESCRIPTIVE_RESULT_AWARE__NO_NEW_CONFIRMATORY_INFERENCE
19,E2_DYNAMIC__DT-RAMDE_TS2_FULL__VS__NO_LINEAGE_CREDIT,E2_DYNAMIC,REJECT_SAFETY_FILTER,CDF12,10,0,0,0,comparator_rate_minus_proposed_rate,PRE_R10_SUPPORTING_DESCRIPTIVE_RESULT_AWARE__NO_NEW_CONFIRMATORY_INFERENCE
19,E2_DYNAMIC__DT-RAMDE_TS2_FULL__VS__NO_LINEAGE_CREDIT,E2_DYNAMIC,REJECT_BUDGET_NO_FEASIBLE,CDF12,10,0,0,0,comparator_rate_minus_proposed_rate,PRE_R10_SUPPORTING_DESCRIPTIVE_RESULT_AWARE__NO_NEW_CONFIRMATORY_INFERENCE
19,E2_DYNAMIC__DT-RAMDE_TS2_FULL__VS__NO_LINEAGE_CREDIT,E2_DYNAMIC,REJECT_NUMERICAL,CDF12,10,0,0,0,comparator_rate_minus_proposed_rate,PRE_R10_SUPPORTING_DESCRIPTIVE_RESULT_AWARE__NO_NEW_CONFIRMATORY_INFERENCE
19,E2_DYNAMIC__DT-RAMDE_TS2_FULL__VS__NO_LINEAGE_CREDIT,E2_DYNAMIC,OTHER_NONACCEPTED,CDF12,10,0,0,0,comparator_rate_minus_proposed_rate,PRE_R10_SUPPORTING_DESCRIPTIVE_RESULT_AWARE__NO_NEW_CONFIRMATORY_INFERENCE
19,E2_DYNAMIC__DT-RAMDE_TS2_FULL__VS__NO_LINEAGE_CREDIT,E2_DYNAMIC,FAILURE_RATE,CDF13,10,0,0,0,comparator_rate_minus_proposed_rate,PRE_R10_SUPPORTING_DESCRIPTIVE_RESULT_AWARE__NO_NEW_CONFIRMATORY_INFERENCE
19,E2_DYNAMIC__DT-RAMDE_TS2_FULL__VS__NO_LINEAGE_CREDIT,E2_DYNAMIC,REJECT_SAFETY_FILTER,CDF13,10,0,0,0,comparator_rate_minus_proposed_rate,PRE_R10_SUPPORTING_DESCRIPTIVE_RESULT_AWARE__NO_NEW_CONFIRMATORY_INFERENCE
19,E2_DYNAMIC__DT-RAMDE_TS2_FULL__VS__NO_LINEAGE_CREDIT,E2_DYNAMIC,REJECT_BUDGET_NO_FEASIBLE,CDF13,10,0,0,0,comparator_rate_minus_proposed_rate,PRE_R10_SUPPORTING_DESCRIPTIVE_RESULT_AWARE__NO_NEW_CONFIRMATORY_INFERENCE
19,E2_DYNAMIC__DT-RAMDE_TS2_FULL__VS__NO_LINEAGE_CREDIT,E2_DYNAMIC,REJECT_NUMERICAL,CDF13,10,0,0,0,comparator_rate_minus_proposed_rate,PRE_R10_SUPPORTING_DESCRIPTIVE_RESULT_AWARE__NO_NEW_CONFIRMATORY_INFERENCE
19,E2_DYNAMIC__DT-RAMDE_TS2_FULL__VS__NO_LINEAGE_CREDIT,E2_DYNAMIC,OTHER_NONACCEPTED,CDF13,10,0,0,0,comparator_rate_minus_proposed_rate,PRE_R10_SUPPORTING_DESCRIPTIVE_RESULT_AWARE__NO_NEW_CONFIRMATORY_INFERENCE
19,E2_DYNAMIC__DT-RAMDE_TS2_FULL__VS__NO_LINEAGE_CREDIT,E2_DYNAMIC,FAILURE_RATE,CDF14,10,0,0,0,comparator_rate_minus_proposed_rate,PRE_R10_SUPPORTING_DESCRIPTIVE_RESULT_AWARE__NO_NEW_CONFIRMATORY_INFERENCE
19,E2_DYNAMIC__DT-RAMDE_TS2_FULL__VS__NO_LINEAGE_CREDIT,E2_DYNAMIC,REJECT_SAFETY_FILTER,CDF14,10,0,0,0,comparator_rate_minus_proposed_rate,PRE_R10_SUPPORTING_DESCRIPTIVE_RESULT_AWARE__NO_NEW_CONFIRMATORY_INFERENCE
19,E2_DYNAMIC__DT-RAMDE_TS2_FULL__VS__NO_LINEAGE_CREDIT,E2_DYNAMIC,REJECT_BUDGET_NO_FEASIBLE,CDF14,10,0,0,0,comparator_rate_minus_proposed_rate,PRE_R10_SUPPORTING_DESCRIPTIVE_RESULT_AWARE__NO_NEW_CONFIRMATORY_INFERENCE
19,E2_DYNAMIC__DT-RAMDE_TS2_FULL__VS__NO_LINEAGE_CREDIT,E2_DYNAMIC,REJECT_NUMERICAL,CDF14,10,0,0,0,comparator_rate_minus_proposed_rate,PRE_R10_SUPPORTING_DESCRIPTIVE_RESULT_AWARE__NO_NEW_CONFIRMATORY_INFERENCE
19,E2_DYNAMIC__DT-RAMDE_TS2_FULL__VS__NO_LINEAGE_CREDIT,E2_DYNAMIC,OTHER_NONACCEPTED,CDF14,10,0,0,0,comparator_rate_minus_proposed_rate,PRE_R10_SUPPORTING_DESCRIPTIVE_RESULT_AWARE__NO_NEW_CONFIRMATORY_INFERENCE
19,E2_DYNAMIC__DT-RAMDE_TS2_FULL__VS__NO_LINEAGE_CREDIT,E2_DYNAMIC,FAILURE_RATE,CDF15,10,0,0,0,comparator_rate_minus_proposed_rate,PRE_R10_SUPPORTING_DESCRIPTIVE_RESULT_AWARE__NO_NEW_CONFIRMATORY_INFERENCE
19,E2_DYNAMIC__DT-RAMDE_TS2_FULL__VS__NO_LINEAGE_CREDIT,E2_DYNAMIC,REJECT_SAFETY_FILTER,CDF15,10,0,0,0,comparator_rate_minus_proposed_rate,PRE_R10_SUPPORTING_DESCRIPTIVE_RESULT_AWARE__NO_NEW_CONFIRMATORY_INFERENCE
19,E2_DYNAMIC__DT-RAMDE_TS2_FULL__VS__NO_LINEAGE_CREDIT,E2_DYNAMIC,REJECT_BUDGET_NO_FEASIBLE,CDF15,10,0,0,0,comparator_rate_minus_proposed_rate,PRE_R10_SUPPORTING_DESCRIPTIVE_RESULT_AWARE__NO_NEW_CONFIRMATORY_INFERENCE
19,E2_DYNAMIC__DT-RAMDE_TS2_FULL__VS__NO_LINEAGE_CREDIT,E2_DYNAMIC,REJECT_NUMERICAL,CDF15,10,0,0,0,comparator_rate_minus_proposed_rate,PRE_R10_SUPPORTING_DESCRIPTIVE_RESULT_AWARE__NO_NEW_CONFIRMATORY_INFERENCE
19,E2_DYNAMIC__DT-RAMDE_TS2_FULL__VS__NO_LINEAGE_CREDIT,E2_DYNAMIC,OTHER_NONACCEPTED,CDF15,10,0,0,0,comparator_rate_minus_proposed_rate,PRE_R10_SUPPORTING_DESCRIPTIVE_RESULT_AWARE__NO_NEW_CONFIRMATORY_INFERENCE
19,E2_DYNAMIC__DT-RAMDE_TS2_FULL__VS__NO_LINEAGE_CREDIT,E2_DYNAMIC,FAILURE_RATE,CDF2,10,0,0,0,comparator_rate_minus_proposed_rate,PRE_R10_SUPPORTING_DESCRIPTIVE_RESULT_AWARE__NO_NEW_CONFIRMATORY_INFERENCE
19,E2_DYNAMIC__DT-RAMDE_TS2_FULL__VS__NO_LINEAGE_CREDIT,E2_DYNAMIC,REJECT_SAFETY_FILTER,CDF2,10,0,0,0,comparator_rate_minus_proposed_rate,PRE_R10_SUPPORTING_DESCRIPTIVE_RESULT_AWARE__NO_NEW_CONFIRMATORY_INFERENCE
19,E2_DYNAMIC__DT-RAMDE_TS2_FULL__VS__NO_LINEAGE_CREDIT,E2_DYNAMIC,REJECT_BUDGET_NO_FEASIBLE,CDF2,10,0,0,0,comparator_rate_minus_proposed_rate,PRE_R10_SUPPORTING_DESCRIPTIVE_RESULT_AWARE__NO_NEW_CONFIRMATORY_INFERENCE
19,E2_DYNAMIC__DT-RAMDE_TS2_FULL__VS__NO_LINEAGE_CREDIT,E2_DYNAMIC,REJECT_NUMERICAL,CDF2,10,0,0,0,comparator_rate_minus_proposed_rate,PRE_R10_SUPPORTING_DESCRIPTIVE_RESULT_AWARE__NO_NEW_CONFIRMATORY_INFERENCE
19,E2_DYNAMIC__DT-RAMDE_TS2_FULL__VS__NO_LINEAGE_CREDIT,E2_DYNAMIC,OTHER_NONACCEPTED,CDF2,10,0,0,0,comparator_rate_minus_proposed_rate,PRE_R10_SUPPORTING_DESCRIPTIVE_RESULT_AWARE__NO_NEW_CONFIRMATORY_INFERENCE
19,E2_DYNAMIC__DT-RAMDE_TS2_FULL__VS__NO_LINEAGE_CREDIT,E2_DYNAMIC,FAILURE_RATE,CDF3,10,0,0,0,comparator_rate_minus_proposed_rate,PRE_R10_SUPPORTING_DESCRIPTIVE_RESULT_AWARE__NO_NEW_CONFIRMATORY_INFERENCE
19,E2_DYNAMIC__DT-RAMDE_TS2_FULL__VS__NO_LINEAGE_CREDIT,E2_DYNAMIC,REJECT_SAFETY_FILTER,CDF3,10,0,0,0,comparator_rate_minus_proposed_rate,PRE_R10_SUPPORTING_DESCRIPTIVE_RESULT_AWARE__NO_NEW_CONFIRMATORY_INFERENCE
19,E2_DYNAMIC__DT-RAMDE_TS2_FULL__VS__NO_LINEAGE_CREDIT,E2_DYNAMIC,REJECT_BUDGET_NO_FEASIBLE,CDF3,10,0,0,0,comparator_rate_minus_proposed_rate,PRE_R10_SUPPORTING_DESCRIPTIVE_RESULT_AWARE__NO_NEW_CONFIRMATORY_INFERENCE
19,E2_DYNAMIC__DT-RAMDE_TS2_FULL__VS__NO_LINEAGE_CREDIT,E2_DYNAMIC,REJECT_NUMERICAL,CDF3,10,0,0,0,comparator_rate_minus_proposed_rate,PRE_R10_SUPPORTING_DESCRIPTIVE_RESULT_AWARE__NO_NEW_CONFIRMATORY_INFERENCE
19,E2_DYNAMIC__DT-RAMDE_TS2_FULL__VS__NO_LINEAGE_CREDIT,E2_DYNAMIC,OTHER_NONACCEPTED,CDF3,10,0,0,0,comparator_rate_minus_proposed_rate,PRE_R10_SUPPORTING_DESCRIPTIVE_RESULT_AWARE__NO_NEW_CONFIRMATORY_INFERENCE
19,E2_DYNAMIC__DT-RAMDE_TS2_FULL__VS__NO_LINEAGE_CREDIT,E2_DYNAMIC,FAILURE_RATE,CDF4,10,0,0,0,comparator_rate_minus_proposed_rate,PRE_R10_SUPPORTING_DESCRIPTIVE_RESULT_AWARE__NO_NEW_CONFIRMATORY_INFERENCE
19,E2_DYNAMIC__DT-RAMDE_TS2_FULL__VS__NO_LINEAGE_CREDIT,E2_DYNAMIC,REJECT_SAFETY_FILTER,CDF4,10,0,0,0,comparator_rate_minus_proposed_rate,PRE_R10_SUPPORTING_DESCRIPTIVE_RESULT_AWARE__NO_NEW_CONFIRMATORY_INFERENCE
19,E2_DYNAMIC__DT-RAMDE_TS2_FULL__VS__NO_LINEAGE_CREDIT,E2_DYNAMIC,REJECT_BUDGET_NO_FEASIBLE,CDF4,10,0,0,0,comparator_rate_minus_proposed_rate,PRE_R10_SUPPORTING_DESCRIPTIVE_RESULT_AWARE__NO_NEW_CONFIRMATORY_INFERENCE
19,E2_DYNAMIC__DT-RAMDE_TS2_FULL__VS__NO_LINEAGE_CREDIT,E2_DYNAMIC,REJECT_NUMERICAL,CDF4,10,0,0,0,comparator_rate_minus_proposed_rate,PRE_R10_SUPPORTING_DESCRIPTIVE_RESULT_AWARE__NO_NEW_CONFIRMATORY_INFERENCE
19,E2_DYNAMIC__DT-RAMDE_TS2_FULL__VS__NO_LINEAGE_CREDIT,E2_DYNAMIC,OTHER_NONACCEPTED,CDF4,10,0,0,0,comparator_rate_minus_proposed_rate,PRE_R10_SUPPORTING_DESCRIPTIVE_RESULT_AWARE__NO_NEW_CONFIRMATORY_INFERENCE
19,E2_DYNAMIC__DT-RAMDE_TS2_FULL__VS__NO_LINEAGE_CREDIT,E2_DYNAMIC,FAILURE_RATE,CDF5,10,0,0,0,comparator_rate_minus_proposed_rate,PRE_R10_SUPPORTING_DESCRIPTIVE_RESULT_AWARE__NO_NEW_CONFIRMATORY_INFERENCE
19,E2_DYNAMIC__DT-RAMDE_TS2_FULL__VS__NO_LINEAGE_CREDIT,E2_DYNAMIC,REJECT_SAFETY_FILTER,CDF5,10,0,0,0,comparator_rate_minus_proposed_rate,PRE_R10_SUPPORTING_DESCRIPTIVE_RESULT_AWARE__NO_NEW_CONFIRMATORY_INFERENCE
19,E2_DYNAMIC__DT-RAMDE_TS2_FULL__VS__NO_LINEAGE_CREDIT,E2_DYNAMIC,REJECT_BUDGET_NO_FEASIBLE,CDF5,10,0,0,0,comparator_rate_minus_proposed_rate,PRE_R10_SUPPORTING_DESCRIPTIVE_RESULT_AWARE__NO_NEW_CONFIRMATORY_INFERENCE
19,E2_DYNAMIC__DT-RAMDE_TS2_FULL__VS__NO_LINEAGE_CREDIT,E2_DYNAMIC,REJECT_NUMERICAL,CDF5,10,0,0,0,comparator_rate_minus_proposed_rate,PRE_R10_SUPPORTING_DESCRIPTIVE_RESULT_AWARE__NO_NEW_CONFIRMATORY_INFERENCE
19,E2_DYNAMIC__DT-RAMDE_TS2_FULL__VS__NO_LINEAGE_CREDIT,E2_DYNAMIC,OTHER_NONACCEPTED,CDF5,10,0,0,0,comparator_rate_minus_proposed_rate,PRE_R10_SUPPORTING_DESCRIPTIVE_RESULT_AWARE__NO_NEW_CONFIRMATORY_INFERENCE
19,E2_DYNAMIC__DT-RAMDE_TS2_FULL__VS__NO_LINEAGE_CREDIT,E2_DYNAMIC,FAILURE_RATE,CDF6,10,0,0,0,comparator_rate_minus_proposed_rate,PRE_R10_SUPPORTING_DESCRIPTIVE_RESULT_AWARE__NO_NEW_CONFIRMATORY_INFERENCE
19,E2_DYNAMIC__DT-RAMDE_TS2_FULL__VS__NO_LINEAGE_CREDIT,E2_DYNAMIC,REJECT_SAFETY_FILTER,CDF6,10,0,0,0,comparator_rate_minus_proposed_rate,PRE_R10_SUPPORTING_DESCRIPTIVE_RESULT_AWARE__NO_NEW_CONFIRMATORY_INFERENCE
19,E2_DYNAMIC__DT-RAMDE_TS2_FULL__VS__NO_LINEAGE_CREDIT,E2_DYNAMIC,REJECT_BUDGET_NO_FEASIBLE,CDF6,10,0,0,0,comparator_rate_minus_proposed_rate,PRE_R10_SUPPORTING_DESCRIPTIVE_RESULT_AWARE__NO_NEW_CONFIRMATORY_INFERENCE
19,E2_DYNAMIC__DT-RAMDE_TS2_FULL__VS__NO_LINEAGE_CREDIT,E2_DYNAMIC,REJECT_NUMERICAL,CDF6,10,0,0,0,comparator_rate_minus_proposed_rate,PRE_R10_SUPPORTING_DESCRIPTIVE_RESULT_AWARE__NO_NEW_CONFIRMATORY_INFERENCE
19,E2_DYNAMIC__DT-RAMDE_TS2_FULL__VS__NO_LINEAGE_CREDIT,E2_DYNAMIC,OTHER_NONACCEPTED,CDF6,10,0,0,0,comparator_rate_minus_proposed_rate,PRE_R10_SUPPORTING_DESCRIPTIVE_RESULT_AWARE__NO_NEW_CONFIRMATORY_INFERENCE
19,E2_DYNAMIC__DT-RAMDE_TS2_FULL__VS__NO_LINEAGE_CREDIT,E2_DYNAMIC,FAILURE_RATE,CDF7,10,0,0,0,comparator_rate_minus_proposed_rate,PRE_R10_SUPPORTING_DESCRIPTIVE_RESULT_AWARE__NO_NEW_CONFIRMATORY_INFERENCE
19,E2_DYNAMIC__DT-RAMDE_TS2_FULL__VS__NO_LINEAGE_CREDIT,E2_DYNAMIC,REJECT_SAFETY_FILTER,CDF7,10,0,0,0,comparator_rate_minus_proposed_rate,PRE_R10_SUPPORTING_DESCRIPTIVE_RESULT_AWARE__NO_NEW_CONFIRMATORY_INFERENCE
19,E2_DYNAMIC__DT-RAMDE_TS2_FULL__VS__NO_LINEAGE_CREDIT,E2_DYNAMIC,REJECT_BUDGET_NO_FEASIBLE,CDF7,10,0,0,0,comparator_rate_minus_proposed_rate,PRE_R10_SUPPORTING_DESCRIPTIVE_RESULT_AWARE__NO_NEW_CONFIRMATORY_INFERENCE
19,E2_DYNAMIC__DT-RAMDE_TS2_FULL__VS__NO_LINEAGE_CREDIT,E2_DYNAMIC,REJECT_NUMERICAL,CDF7,10,0,0,0,comparator_rate_minus_proposed_rate,PRE_R10_SUPPORTING_DESCRIPTIVE_RESULT_AWARE__NO_NEW_CONFIRMATORY_INFERENCE
19,E2_DYNAMIC__DT-RAMDE_TS2_FULL__VS__NO_LINEAGE_CREDIT,E2_DYNAMIC,OTHER_NONACCEPTED,CDF7,10,0,0,0,comparator_rate_minus_proposed_rate,PRE_R10_SUPPORTING_DESCRIPTIVE_RESULT_AWARE__NO_NEW_CONFIRMATORY_INFERENCE
19,E2_DYNAMIC__DT-RAMDE_TS2_FULL__VS__NO_LINEAGE_CREDIT,E2_DYNAMIC,FAILURE_RATE,CDF8,10,0,0,0,comparator_rate_minus_proposed_rate,PRE_R10_SUPPORTING_DESCRIPTIVE_RESULT_AWARE__NO_NEW_CONFIRMATORY_INFERENCE
19,E2_DYNAMIC__DT-RAMDE_TS2_FULL__VS__NO_LINEAGE_CREDIT,E2_DYNAMIC,REJECT_SAFETY_FILTER,CDF8,10,0,0,0,comparator_rate_minus_proposed_rate,PRE_R10_SUPPORTING_DESCRIPTIVE_RESULT_AWARE__NO_NEW_CONFIRMATORY_INFERENCE
19,E2_DYNAMIC__DT-RAMDE_TS2_FULL__VS__NO_LINEAGE_CREDIT,E2_DYNAMIC,REJECT_BUDGET_NO_FEASIBLE,CDF8,10,0,0,0,comparator_rate_minus_proposed_rate,PRE_R10_SUPPORTING_DESCRIPTIVE_RESULT_AWARE__NO_NEW_CONFIRMATORY_INFERENCE
19,E2_DYNAMIC__DT-RAMDE_TS2_FULL__VS__NO_LINEAGE_CREDIT,E2_DYNAMIC,REJECT_NUMERICAL,CDF8,10,0,0,0,comparator_rate_minus_proposed_rate,PRE_R10_SUPPORTING_DESCRIPTIVE_RESULT_AWARE__NO_NEW_CONFIRMATORY_INFERENCE
19,E2_DYNAMIC__DT-RAMDE_TS2_FULL__VS__NO_LINEAGE_CREDIT,E2_DYNAMIC,OTHER_NONACCEPTED,CDF8,10,0,0,0,comparator_rate_minus_proposed_rate,PRE_R10_SUPPORTING_DESCRIPTIVE_RESULT_AWARE__NO_NEW_CONFIRMATORY_INFERENCE
19,E2_DYNAMIC__DT-RAMDE_TS2_FULL__VS__NO_LINEAGE_CREDIT,E2_DYNAMIC,FAILURE_RATE,CDF9,10,0,0,0,comparator_rate_minus_proposed_rate,PRE_R10_SUPPORTING_DESCRIPTIVE_RESULT_AWARE__NO_NEW_CONFIRMATORY_INFERENCE
19,E2_DYNAMIC__DT-RAMDE_TS2_FULL__VS__NO_LINEAGE_CREDIT,E2_DYNAMIC,REJECT_SAFETY_FILTER,CDF9,10,0,0,0,comparator_rate_minus_proposed_rate,PRE_R10_SUPPORTING_DESCRIPTIVE_RESULT_AWARE__NO_NEW_CONFIRMATORY_INFERENCE
19,E2_DYNAMIC__DT-RAMDE_TS2_FULL__VS__NO_LINEAGE_CREDIT,E2_DYNAMIC,REJECT_BUDGET_NO_FEASIBLE,CDF9,10,0,0,0,comparator_rate_minus_proposed_rate,PRE_R10_SUPPORTING_DESCRIPTIVE_RESULT_AWARE__NO_NEW_CONFIRMATORY_INFERENCE
19,E2_DYNAMIC__DT-RAMDE_TS2_FULL__VS__NO_LINEAGE_CREDIT,E2_DYNAMIC,REJECT_NUMERICAL,CDF9,10,0,0,0,comparator_rate_minus_proposed_rate,PRE_R10_SUPPORTING_DESCRIPTIVE_RESULT_AWARE__NO_NEW_CONFIRMATORY_INFERENCE
19,E2_DYNAMIC__DT-RAMDE_TS2_FULL__VS__NO_LINEAGE_CREDIT,E2_DYNAMIC,OTHER_NONACCEPTED,CDF9,10,0,0,0,comparator_rate_minus_proposed_rate,PRE_R10_SUPPORTING_DESCRIPTIVE_RESULT_AWARE__NO_NEW_CONFIRMATORY_INFERENCE
20,E2_DYNAMIC__DT-RAMDE_TS2_FULL__VS__CROSS_EVENT_WARM_START_ONLY,E2_DYNAMIC,FAILURE_RATE,CDF1,10,0,0,0,comparator_rate_minus_proposed_rate,PRE_R10_SUPPORTING_DESCRIPTIVE_RESULT_AWARE__NO_NEW_CONFIRMATORY_INFERENCE
20,E2_DYNAMIC__DT-RAMDE_TS2_FULL__VS__CROSS_EVENT_WARM_START_ONLY,E2_DYNAMIC,REJECT_SAFETY_FILTER,CDF1,10,0,0,0,comparator_rate_minus_proposed_rate,PRE_R10_SUPPORTING_DESCRIPTIVE_RESULT_AWARE__NO_NEW_CONFIRMATORY_INFERENCE
20,E2_DYNAMIC__DT-RAMDE_TS2_FULL__VS__CROSS_EVENT_WARM_START_ONLY,E2_DYNAMIC,REJECT_BUDGET_NO_FEASIBLE,CDF1,10,0,0,0,comparator_rate_minus_proposed_rate,PRE_R10_SUPPORTING_DESCRIPTIVE_RESULT_AWARE__NO_NEW_CONFIRMATORY_INFERENCE
20,E2_DYNAMIC__DT-RAMDE_TS2_FULL__VS__CROSS_EVENT_WARM_START_ONLY,E2_DYNAMIC,REJECT_NUMERICAL,CDF1,10,0,0,0,comparator_rate_minus_proposed_rate,PRE_R10_SUPPORTING_DESCRIPTIVE_RESULT_AWARE__NO_NEW_CONFIRMATORY_INFERENCE
20,E2_DYNAMIC__DT-RAMDE_TS2_FULL__VS__CROSS_EVENT_WARM_START_ONLY,E2_DYNAMIC,OTHER_NONACCEPTED,CDF1,10,0,0,0,comparator_rate_minus_proposed_rate,PRE_R10_SUPPORTING_DESCRIPTIVE_RESULT_AWARE__NO_NEW_CONFIRMATORY_INFERENCE
20,E2_DYNAMIC__DT-RAMDE_TS2_FULL__VS__CROSS_EVENT_WARM_START_ONLY,E2_DYNAMIC,FAILURE_RATE,CDF10,10,0,0,0,comparator_rate_minus_proposed_rate,PRE_R10_SUPPORTING_DESCRIPTIVE_RESULT_AWARE__NO_NEW_CONFIRMATORY_INFERENCE
20,E2_DYNAMIC__DT-RAMDE_TS2_FULL__VS__CROSS_EVENT_WARM_START_ONLY,E2_DYNAMIC,REJECT_SAFETY_FILTER,CDF10,10,0,0,0,comparator_rate_minus_proposed_rate,PRE_R10_SUPPORTING_DESCRIPTIVE_RESULT_AWARE__NO_NEW_CONFIRMATORY_INFERENCE
20,E2_DYNAMIC__DT-RAMDE_TS2_FULL__VS__CROSS_EVENT_WARM_START_ONLY,E2_DYNAMIC,REJECT_BUDGET_NO_FEASIBLE,CDF10,10,0,0,0,comparator_rate_minus_proposed_rate,PRE_R10_SUPPORTING_DESCRIPTIVE_RESULT_AWARE__NO_NEW_CONFIRMATORY_INFERENCE
20,E2_DYNAMIC__DT-RAMDE_TS2_FULL__VS__CROSS_EVENT_WARM_START_ONLY,E2_DYNAMIC,REJECT_NUMERICAL,CDF10,10,0,0,0,comparator_rate_minus_proposed_rate,PRE_R10_SUPPORTING_DESCRIPTIVE_RESULT_AWARE__NO_NEW_CONFIRMATORY_INFERENCE
20,E2_DYNAMIC__DT-RAMDE_TS2_FULL__VS__CROSS_EVENT_WARM_START_ONLY,E2_DYNAMIC,OTHER_NONACCEPTED,CDF10,10,0,0,0,comparator_rate_minus_proposed_rate,PRE_R10_SUPPORTING_DESCRIPTIVE_RESULT_AWARE__NO_NEW_CONFIRMATORY_INFERENCE
20,E2_DYNAMIC__DT-RAMDE_TS2_FULL__VS__CROSS_EVENT_WARM_START_ONLY,E2_DYNAMIC,FAILURE_RATE,CDF11,10,0,0,0,comparator_rate_minus_proposed_rate,PRE_R10_SUPPORTING_DESCRIPTIVE_RESULT_AWARE__NO_NEW_CONFIRMATORY_INFERENCE
20,E2_DYNAMIC__DT-RAMDE_TS2_FULL__VS__CROSS_EVENT_WARM_START_ONLY,E2_DYNAMIC,REJECT_SAFETY_FILTER,CDF11,10,0,0,0,comparator_rate_minus_proposed_rate,PRE_R10_SUPPORTING_DESCRIPTIVE_RESULT_AWARE__NO_NEW_CONFIRMATORY_INFERENCE
20,E2_DYNAMIC__DT-RAMDE_TS2_FULL__VS__CROSS_EVENT_WARM_START_ONLY,E2_DYNAMIC,REJECT_BUDGET_NO_FEASIBLE,CDF11,10,0,0,0,comparator_rate_minus_proposed_rate,PRE_R10_SUPPORTING_DESCRIPTIVE_RESULT_AWARE__NO_NEW_CONFIRMATORY_INFERENCE
20,E2_DYNAMIC__DT-RAMDE_TS2_FULL__VS__CROSS_EVENT_WARM_START_ONLY,E2_DYNAMIC,REJECT_NUMERICAL,CDF11,10,0,0,0,comparator_rate_minus_proposed_rate,PRE_R10_SUPPORTING_DESCRIPTIVE_RESULT_AWARE__NO_NEW_CONFIRMATORY_INFERENCE
20,E2_DYNAMIC__DT-RAMDE_TS2_FULL__VS__CROSS_EVENT_WARM_START_ONLY,E2_DYNAMIC,OTHER_NONACCEPTED,CDF11,10,0,0,0,comparator_rate_minus_proposed_rate,PRE_R10_SUPPORTING_DESCRIPTIVE_RESULT_AWARE__NO_NEW_CONFIRMATORY_INFERENCE
20,E2_DYNAMIC__DT-RAMDE_TS2_FULL__VS__CROSS_EVENT_WARM_START_ONLY,E2_DYNAMIC,FAILURE_RATE,CDF12,10,0,0,0,comparator_rate_minus_proposed_rate,PRE_R10_SUPPORTING_DESCRIPTIVE_RESULT_AWARE__NO_NEW_CONFIRMATORY_INFERENCE
20,E2_DYNAMIC__DT-RAMDE_TS2_FULL__VS__CROSS_EVENT_WARM_START_ONLY,E2_DYNAMIC,REJECT_SAFETY_FILTER,CDF12,10,0,0,0,comparator_rate_minus_proposed_rate,PRE_R10_SUPPORTING_DESCRIPTIVE_RESULT_AWARE__NO_NEW_CONFIRMATORY_INFERENCE
20,E2_DYNAMIC__DT-RAMDE_TS2_FULL__VS__CROSS_EVENT_WARM_START_ONLY,E2_DYNAMIC,REJECT_BUDGET_NO_FEASIBLE,CDF12,10,0,0,0,comparator_rate_minus_proposed_rate,PRE_R10_SUPPORTING_DESCRIPTIVE_RESULT_AWARE__NO_NEW_CONFIRMATORY_INFERENCE
20,E2_DYNAMIC__DT-RAMDE_TS2_FULL__VS__CROSS_EVENT_WARM_START_ONLY,E2_DYNAMIC,REJECT_NUMERICAL,CDF12,10,0,0,0,comparator_rate_minus_proposed_rate,PRE_R10_SUPPORTING_DESCRIPTIVE_RESULT_AWARE__NO_NEW_CONFIRMATORY_INFERENCE
20,E2_DYNAMIC__DT-RAMDE_TS2_FULL__VS__CROSS_EVENT_WARM_START_ONLY,E2_DYNAMIC,OTHER_NONACCEPTED,CDF12,10,0,0,0,comparator_rate_minus_proposed_rate,PRE_R10_SUPPORTING_DESCRIPTIVE_RESULT_AWARE__NO_NEW_CONFIRMATORY_INFERENCE
20,E2_DYNAMIC__DT-RAMDE_TS2_FULL__VS__CROSS_EVENT_WARM_START_ONLY,E2_DYNAMIC,FAILURE_RATE,CDF13,10,0,0,0,comparator_rate_minus_proposed_rate,PRE_R10_SUPPORTING_DESCRIPTIVE_RESULT_AWARE__NO_NEW_CONFIRMATORY_INFERENCE
20,E2_DYNAMIC__DT-RAMDE_TS2_FULL__VS__CROSS_EVENT_WARM_START_ONLY,E2_DYNAMIC,REJECT_SAFETY_FILTER,CDF13,10,0,0,0,comparator_rate_minus_proposed_rate,PRE_R10_SUPPORTING_DESCRIPTIVE_RESULT_AWARE__NO_NEW_CONFIRMATORY_INFERENCE
20,E2_DYNAMIC__DT-RAMDE_TS2_FULL__VS__CROSS_EVENT_WARM_START_ONLY,E2_DYNAMIC,REJECT_BUDGET_NO_FEASIBLE,CDF13,10,0,0,0,comparator_rate_minus_proposed_rate,PRE_R10_SUPPORTING_DESCRIPTIVE_RESULT_AWARE__NO_NEW_CONFIRMATORY_INFERENCE
20,E2_DYNAMIC__DT-RAMDE_TS2_FULL__VS__CROSS_EVENT_WARM_START_ONLY,E2_DYNAMIC,REJECT_NUMERICAL,CDF13,10,0,0,0,comparator_rate_minus_proposed_rate,PRE_R10_SUPPORTING_DESCRIPTIVE_RESULT_AWARE__NO_NEW_CONFIRMATORY_INFERENCE
20,E2_DYNAMIC__DT-RAMDE_TS2_FULL__VS__CROSS_EVENT_WARM_START_ONLY,E2_DYNAMIC,OTHER_NONACCEPTED,CDF13,10,0,0,0,comparator_rate_minus_proposed_rate,PRE_R10_SUPPORTING_DESCRIPTIVE_RESULT_AWARE__NO_NEW_CONFIRMATORY_INFERENCE
20,E2_DYNAMIC__DT-RAMDE_TS2_FULL__VS__CROSS_EVENT_WARM_START_ONLY,E2_DYNAMIC,FAILURE_RATE,CDF14,10,0,0,0,comparator_rate_minus_proposed_rate,PRE_R10_SUPPORTING_DESCRIPTIVE_RESULT_AWARE__NO_NEW_CONFIRMATORY_INFERENCE
20,E2_DYNAMIC__DT-RAMDE_TS2_FULL__VS__CROSS_EVENT_WARM_START_ONLY,E2_DYNAMIC,REJECT_SAFETY_FILTER,CDF14,10,0,0,0,comparator_rate_minus_proposed_rate,PRE_R10_SUPPORTING_DESCRIPTIVE_RESULT_AWARE__NO_NEW_CONFIRMATORY_INFERENCE
20,E2_DYNAMIC__DT-RAMDE_TS2_FULL__VS__CROSS_EVENT_WARM_START_ONLY,E2_DYNAMIC,REJECT_BUDGET_NO_FEASIBLE,CDF14,10,0,0,0,comparator_rate_minus_proposed_rate,PRE_R10_SUPPORTING_DESCRIPTIVE_RESULT_AWARE__NO_NEW_CONFIRMATORY_INFERENCE
20,E2_DYNAMIC__DT-RAMDE_TS2_FULL__VS__CROSS_EVENT_WARM_START_ONLY,E2_DYNAMIC,REJECT_NUMERICAL,CDF14,10,0,0,0,comparator_rate_minus_proposed_rate,PRE_R10_SUPPORTING_DESCRIPTIVE_RESULT_AWARE__NO_NEW_CONFIRMATORY_INFERENCE
20,E2_DYNAMIC__DT-RAMDE_TS2_FULL__VS__CROSS_EVENT_WARM_START_ONLY,E2_DYNAMIC,OTHER_NONACCEPTED,CDF14,10,0,0,0,comparator_rate_minus_proposed_rate,PRE_R10_SUPPORTING_DESCRIPTIVE_RESULT_AWARE__NO_NEW_CONFIRMATORY_INFERENCE
20,E2_DYNAMIC__DT-RAMDE_TS2_FULL__VS__CROSS_EVENT_WARM_START_ONLY,E2_DYNAMIC,FAILURE_RATE,CDF15,10,0,0,0,comparator_rate_minus_proposed_rate,PRE_R10_SUPPORTING_DESCRIPTIVE_RESULT_AWARE__NO_NEW_CONFIRMATORY_INFERENCE
20,E2_DYNAMIC__DT-RAMDE_TS2_FULL__VS__CROSS_EVENT_WARM_START_ONLY,E2_DYNAMIC,REJECT_SAFETY_FILTER,CDF15,10,0,0,0,comparator_rate_minus_proposed_rate,PRE_R10_SUPPORTING_DESCRIPTIVE_RESULT_AWARE__NO_NEW_CONFIRMATORY_INFERENCE
20,E2_DYNAMIC__DT-RAMDE_TS2_FULL__VS__CROSS_EVENT_WARM_START_ONLY,E2_DYNAMIC,REJECT_BUDGET_NO_FEASIBLE,CDF15,10,0,0,0,comparator_rate_minus_proposed_rate,PRE_R10_SUPPORTING_DESCRIPTIVE_RESULT_AWARE__NO_NEW_CONFIRMATORY_INFERENCE
20,E2_DYNAMIC__DT-RAMDE_TS2_FULL__VS__CROSS_EVENT_WARM_START_ONLY,E2_DYNAMIC,REJECT_NUMERICAL,CDF15,10,0,0,0,comparator_rate_minus_proposed_rate,PRE_R10_SUPPORTING_DESCRIPTIVE_RESULT_AWARE__NO_NEW_CONFIRMATORY_INFERENCE
20,E2_DYNAMIC__DT-RAMDE_TS2_FULL__VS__CROSS_EVENT_WARM_START_ONLY,E2_DYNAMIC,OTHER_NONACCEPTED,CDF15,10,0,0,0,comparator_rate_minus_proposed_rate,PRE_R10_SUPPORTING_DESCRIPTIVE_RESULT_AWARE__NO_NEW_CONFIRMATORY_INFERENCE
20,E2_DYNAMIC__DT-RAMDE_TS2_FULL__VS__CROSS_EVENT_WARM_START_ONLY,E2_DYNAMIC,FAILURE_RATE,CDF2,10,0,0,0,comparator_rate_minus_proposed_rate,PRE_R10_SUPPORTING_DESCRIPTIVE_RESULT_AWARE__NO_NEW_CONFIRMATORY_INFERENCE
20,E2_DYNAMIC__DT-RAMDE_TS2_FULL__VS__CROSS_EVENT_WARM_START_ONLY,E2_DYNAMIC,REJECT_SAFETY_FILTER,CDF2,10,0,0,0,comparator_rate_minus_proposed_rate,PRE_R10_SUPPORTING_DESCRIPTIVE_RESULT_AWARE__NO_NEW_CONFIRMATORY_INFERENCE
20,E2_DYNAMIC__DT-RAMDE_TS2_FULL__VS__CROSS_EVENT_WARM_START_ONLY,E2_DYNAMIC,REJECT_BUDGET_NO_FEASIBLE,CDF2,10,0,0,0,comparator_rate_minus_proposed_rate,PRE_R10_SUPPORTING_DESCRIPTIVE_RESULT_AWARE__NO_NEW_CONFIRMATORY_INFERENCE
20,E2_DYNAMIC__DT-RAMDE_TS2_FULL__VS__CROSS_EVENT_WARM_START_ONLY,E2_DYNAMIC,REJECT_NUMERICAL,CDF2,10,0,0,0,comparator_rate_minus_proposed_rate,PRE_R10_SUPPORTING_DESCRIPTIVE_RESULT_AWARE__NO_NEW_CONFIRMATORY_INFERENCE
20,E2_DYNAMIC__DT-RAMDE_TS2_FULL__VS__CROSS_EVENT_WARM_START_ONLY,E2_DYNAMIC,OTHER_NONACCEPTED,CDF2,10,0,0,0,comparator_rate_minus_proposed_rate,PRE_R10_SUPPORTING_DESCRIPTIVE_RESULT_AWARE__NO_NEW_CONFIRMATORY_INFERENCE
20,E2_DYNAMIC__DT-RAMDE_TS2_FULL__VS__CROSS_EVENT_WARM_START_ONLY,E2_DYNAMIC,FAILURE_RATE,CDF3,10,0,0,0,comparator_rate_minus_proposed_rate,PRE_R10_SUPPORTING_DESCRIPTIVE_RESULT_AWARE__NO_NEW_CONFIRMATORY_INFERENCE
20,E2_DYNAMIC__DT-RAMDE_TS2_FULL__VS__CROSS_EVENT_WARM_START_ONLY,E2_DYNAMIC,REJECT_SAFETY_FILTER,CDF3,10,0,0,0,comparator_rate_minus_proposed_rate,PRE_R10_SUPPORTING_DESCRIPTIVE_RESULT_AWARE__NO_NEW_CONFIRMATORY_INFERENCE
20,E2_DYNAMIC__DT-RAMDE_TS2_FULL__VS__CROSS_EVENT_WARM_START_ONLY,E2_DYNAMIC,REJECT_BUDGET_NO_FEASIBLE,CDF3,10,0,0,0,comparator_rate_minus_proposed_rate,PRE_R10_SUPPORTING_DESCRIPTIVE_RESULT_AWARE__NO_NEW_CONFIRMATORY_INFERENCE
20,E2_DYNAMIC__DT-RAMDE_TS2_FULL__VS__CROSS_EVENT_WARM_START_ONLY,E2_DYNAMIC,REJECT_NUMERICAL,CDF3,10,0,0,0,comparator_rate_minus_proposed_rate,PRE_R10_SUPPORTING_DESCRIPTIVE_RESULT_AWARE__NO_NEW_CONFIRMATORY_INFERENCE
20,E2_DYNAMIC__DT-RAMDE_TS2_FULL__VS__CROSS_EVENT_WARM_START_ONLY,E2_DYNAMIC,OTHER_NONACCEPTED,CDF3,10,0,0,0,comparator_rate_minus_proposed_rate,PRE_R10_SUPPORTING_DESCRIPTIVE_RESULT_AWARE__NO_NEW_CONFIRMATORY_INFERENCE
20,E2_DYNAMIC__DT-RAMDE_TS2_FULL__VS__CROSS_EVENT_WARM_START_ONLY,E2_DYNAMIC,FAILURE_RATE,CDF4,10,0,0,0,comparator_rate_minus_proposed_rate,PRE_R10_SUPPORTING_DESCRIPTIVE_RESULT_AWARE__NO_NEW_CONFIRMATORY_INFERENCE
20,E2_DYNAMIC__DT-RAMDE_TS2_FULL__VS__CROSS_EVENT_WARM_START_ONLY,E2_DYNAMIC,REJECT_SAFETY_FILTER,CDF4,10,0,0,0,comparator_rate_minus_proposed_rate,PRE_R10_SUPPORTING_DESCRIPTIVE_RESULT_AWARE__NO_NEW_CONFIRMATORY_INFERENCE
20,E2_DYNAMIC__DT-RAMDE_TS2_FULL__VS__CROSS_EVENT_WARM_START_ONLY,E2_DYNAMIC,REJECT_BUDGET_NO_FEASIBLE,CDF4,10,0,0,0,comparator_rate_minus_proposed_rate,PRE_R10_SUPPORTING_DESCRIPTIVE_RESULT_AWARE__NO_NEW_CONFIRMATORY_INFERENCE
20,E2_DYNAMIC__DT-RAMDE_TS2_FULL__VS__CROSS_EVENT_WARM_START_ONLY,E2_DYNAMIC,REJECT_NUMERICAL,CDF4,10,0,0,0,comparator_rate_minus_proposed_rate,PRE_R10_SUPPORTING_DESCRIPTIVE_RESULT_AWARE__NO_NEW_CONFIRMATORY_INFERENCE
20,E2_DYNAMIC__DT-RAMDE_TS2_FULL__VS__CROSS_EVENT_WARM_START_ONLY,E2_DYNAMIC,OTHER_NONACCEPTED,CDF4,10,0,0,0,comparator_rate_minus_proposed_rate,PRE_R10_SUPPORTING_DESCRIPTIVE_RESULT_AWARE__NO_NEW_CONFIRMATORY_INFERENCE
20,E2_DYNAMIC__DT-RAMDE_TS2_FULL__VS__CROSS_EVENT_WARM_START_ONLY,E2_DYNAMIC,FAILURE_RATE,CDF5,10,0,0,0,comparator_rate_minus_proposed_rate,PRE_R10_SUPPORTING_DESCRIPTIVE_RESULT_AWARE__NO_NEW_CONFIRMATORY_INFERENCE
20,E2_DYNAMIC__DT-RAMDE_TS2_FULL__VS__CROSS_EVENT_WARM_START_ONLY,E2_DYNAMIC,REJECT_SAFETY_FILTER,CDF5,10,0,0,0,comparator_rate_minus_proposed_rate,PRE_R10_SUPPORTING_DESCRIPTIVE_RESULT_AWARE__NO_NEW_CONFIRMATORY_INFERENCE
20,E2_DYNAMIC__DT-RAMDE_TS2_FULL__VS__CROSS_EVENT_WARM_START_ONLY,E2_DYNAMIC,REJECT_BUDGET_NO_FEASIBLE,CDF5,10,0,0,0,comparator_rate_minus_proposed_rate,PRE_R10_SUPPORTING_DESCRIPTIVE_RESULT_AWARE__NO_NEW_CONFIRMATORY_INFERENCE
20,E2_DYNAMIC__DT-RAMDE_TS2_FULL__VS__CROSS_EVENT_WARM_START_ONLY,E2_DYNAMIC,REJECT_NUMERICAL,CDF5,10,0,0,0,comparator_rate_minus_proposed_rate,PRE_R10_SUPPORTING_DESCRIPTIVE_RESULT_AWARE__NO_NEW_CONFIRMATORY_INFERENCE
20,E2_DYNAMIC__DT-RAMDE_TS2_FULL__VS__CROSS_EVENT_WARM_START_ONLY,E2_DYNAMIC,OTHER_NONACCEPTED,CDF5,10,0,0,0,comparator_rate_minus_proposed_rate,PRE_R10_SUPPORTING_DESCRIPTIVE_RESULT_AWARE__NO_NEW_CONFIRMATORY_INFERENCE
20,E2_DYNAMIC__DT-RAMDE_TS2_FULL__VS__CROSS_EVENT_WARM_START_ONLY,E2_DYNAMIC,FAILURE_RATE,CDF6,10,0,0,0,comparator_rate_minus_proposed_rate,PRE_R10_SUPPORTING_DESCRIPTIVE_RESULT_AWARE__NO_NEW_CONFIRMATORY_INFERENCE
20,E2_DYNAMIC__DT-RAMDE_TS2_FULL__VS__CROSS_EVENT_WARM_START_ONLY,E2_DYNAMIC,REJECT_SAFETY_FILTER,CDF6,10,0,0,0,comparator_rate_minus_proposed_rate,PRE_R10_SUPPORTING_DESCRIPTIVE_RESULT_AWARE__NO_NEW_CONFIRMATORY_INFERENCE
20,E2_DYNAMIC__DT-RAMDE_TS2_FULL__VS__CROSS_EVENT_WARM_START_ONLY,E2_DYNAMIC,REJECT_BUDGET_NO_FEASIBLE,CDF6,10,0,0,0,comparator_rate_minus_proposed_rate,PRE_R10_SUPPORTING_DESCRIPTIVE_RESULT_AWARE__NO_NEW_CONFIRMATORY_INFERENCE
20,E2_DYNAMIC__DT-RAMDE_TS2_FULL__VS__CROSS_EVENT_WARM_START_ONLY,E2_DYNAMIC,REJECT_NUMERICAL,CDF6,10,0,0,0,comparator_rate_minus_proposed_rate,PRE_R10_SUPPORTING_DESCRIPTIVE_RESULT_AWARE__NO_NEW_CONFIRMATORY_INFERENCE
20,E2_DYNAMIC__DT-RAMDE_TS2_FULL__VS__CROSS_EVENT_WARM_START_ONLY,E2_DYNAMIC,OTHER_NONACCEPTED,CDF6,10,0,0,0,comparator_rate_minus_proposed_rate,PRE_R10_SUPPORTING_DESCRIPTIVE_RESULT_AWARE__NO_NEW_CONFIRMATORY_INFERENCE
20,E2_DYNAMIC__DT-RAMDE_TS2_FULL__VS__CROSS_EVENT_WARM_START_ONLY,E2_DYNAMIC,FAILURE_RATE,CDF7,10,0,0,0,comparator_rate_minus_proposed_rate,PRE_R10_SUPPORTING_DESCRIPTIVE_RESULT_AWARE__NO_NEW_CONFIRMATORY_INFERENCE
20,E2_DYNAMIC__DT-RAMDE_TS2_FULL__VS__CROSS_EVENT_WARM_START_ONLY,E2_DYNAMIC,REJECT_SAFETY_FILTER,CDF7,10,0,0,0,comparator_rate_minus_proposed_rate,PRE_R10_SUPPORTING_DESCRIPTIVE_RESULT_AWARE__NO_NEW_CONFIRMATORY_INFERENCE
20,E2_DYNAMIC__DT-RAMDE_TS2_FULL__VS__CROSS_EVENT_WARM_START_ONLY,E2_DYNAMIC,REJECT_BUDGET_NO_FEASIBLE,CDF7,10,0,0,0,comparator_rate_minus_proposed_rate,PRE_R10_SUPPORTING_DESCRIPTIVE_RESULT_AWARE__NO_NEW_CONFIRMATORY_INFERENCE
20,E2_DYNAMIC__DT-RAMDE_TS2_FULL__VS__CROSS_EVENT_WARM_START_ONLY,E2_DYNAMIC,REJECT_NUMERICAL,CDF7,10,0,0,0,comparator_rate_minus_proposed_rate,PRE_R10_SUPPORTING_DESCRIPTIVE_RESULT_AWARE__NO_NEW_CONFIRMATORY_INFERENCE
20,E2_DYNAMIC__DT-RAMDE_TS2_FULL__VS__CROSS_EVENT_WARM_START_ONLY,E2_DYNAMIC,OTHER_NONACCEPTED,CDF7,10,0,0,0,comparator_rate_minus_proposed_rate,PRE_R10_SUPPORTING_DESCRIPTIVE_RESULT_AWARE__NO_NEW_CONFIRMATORY_INFERENCE
20,E2_DYNAMIC__DT-RAMDE_TS2_FULL__VS__CROSS_EVENT_WARM_START_ONLY,E2_DYNAMIC,FAILURE_RATE,CDF8,10,0,0,0,comparator_rate_minus_proposed_rate,PRE_R10_SUPPORTING_DESCRIPTIVE_RESULT_AWARE__NO_NEW_CONFIRMATORY_INFERENCE
20,E2_DYNAMIC__DT-RAMDE_TS2_FULL__VS__CROSS_EVENT_WARM_START_ONLY,E2_DYNAMIC,REJECT_SAFETY_FILTER,CDF8,10,0,0,0,comparator_rate_minus_proposed_rate,PRE_R10_SUPPORTING_DESCRIPTIVE_RESULT_AWARE__NO_NEW_CONFIRMATORY_INFERENCE
20,E2_DYNAMIC__DT-RAMDE_TS2_FULL__VS__CROSS_EVENT_WARM_START_ONLY,E2_DYNAMIC,REJECT_BUDGET_NO_FEASIBLE,CDF8,10,0,0,0,comparator_rate_minus_proposed_rate,PRE_R10_SUPPORTING_DESCRIPTIVE_RESULT_AWARE__NO_NEW_CONFIRMATORY_INFERENCE
20,E2_DYNAMIC__DT-RAMDE_TS2_FULL__VS__CROSS_EVENT_WARM_START_ONLY,E2_DYNAMIC,REJECT_NUMERICAL,CDF8,10,0,0,0,comparator_rate_minus_proposed_rate,PRE_R10_SUPPORTING_DESCRIPTIVE_RESULT_AWARE__NO_NEW_CONFIRMATORY_INFERENCE
20,E2_DYNAMIC__DT-RAMDE_TS2_FULL__VS__CROSS_EVENT_WARM_START_ONLY,E2_DYNAMIC,OTHER_NONACCEPTED,CDF8,10,0,0,0,comparator_rate_minus_proposed_rate,PRE_R10_SUPPORTING_DESCRIPTIVE_RESULT_AWARE__NO_NEW_CONFIRMATORY_INFERENCE
20,E2_DYNAMIC__DT-RAMDE_TS2_FULL__VS__CROSS_EVENT_WARM_START_ONLY,E2_DYNAMIC,FAILURE_RATE,CDF9,10,0,0,0,comparator_rate_minus_proposed_rate,PRE_R10_SUPPORTING_DESCRIPTIVE_RESULT_AWARE__NO_NEW_CONFIRMATORY_INFERENCE
20,E2_DYNAMIC__DT-RAMDE_TS2_FULL__VS__CROSS_EVENT_WARM_START_ONLY,E2_DYNAMIC,REJECT_SAFETY_FILTER,CDF9,10,0,0,0,comparator_rate_minus_proposed_rate,PRE_R10_SUPPORTING_DESCRIPTIVE_RESULT_AWARE__NO_NEW_CONFIRMATORY_INFERENCE
20,E2_DYNAMIC__DT-RAMDE_TS2_FULL__VS__CROSS_EVENT_WARM_START_ONLY,E2_DYNAMIC,REJECT_BUDGET_NO_FEASIBLE,CDF9,10,0,0,0,comparator_rate_minus_proposed_rate,PRE_R10_SUPPORTING_DESCRIPTIVE_RESULT_AWARE__NO_NEW_CONFIRMATORY_INFERENCE
20,E2_DYNAMIC__DT-RAMDE_TS2_FULL__VS__CROSS_EVENT_WARM_START_ONLY,E2_DYNAMIC,REJECT_NUMERICAL,CDF9,10,0,0,0,comparator_rate_minus_proposed_rate,PRE_R10_SUPPORTING_DESCRIPTIVE_RESULT_AWARE__NO_NEW_CONFIRMATORY_INFERENCE
20,E2_DYNAMIC__DT-RAMDE_TS2_FULL__VS__CROSS_EVENT_WARM_START_ONLY,E2_DYNAMIC,OTHER_NONACCEPTED,CDF9,10,0,0,0,comparator_rate_minus_proposed_rate,PRE_R10_SUPPORTING_DESCRIPTIVE_RESULT_AWARE__NO_NEW_CONFIRMATORY_INFERENCE
21,E2_DYNAMIC__DT-RAMDE_TS2_FULL__VS__CROSS_EVENT_MEMORY_ONLY,E2_DYNAMIC,FAILURE_RATE,CDF1,10,0,0,0,comparator_rate_minus_proposed_rate,PRE_R10_SUPPORTING_DESCRIPTIVE_RESULT_AWARE__NO_NEW_CONFIRMATORY_INFERENCE
21,E2_DYNAMIC__DT-RAMDE_TS2_FULL__VS__CROSS_EVENT_MEMORY_ONLY,E2_DYNAMIC,REJECT_SAFETY_FILTER,CDF1,10,0,0,0,comparator_rate_minus_proposed_rate,PRE_R10_SUPPORTING_DESCRIPTIVE_RESULT_AWARE__NO_NEW_CONFIRMATORY_INFERENCE
21,E2_DYNAMIC__DT-RAMDE_TS2_FULL__VS__CROSS_EVENT_MEMORY_ONLY,E2_DYNAMIC,REJECT_BUDGET_NO_FEASIBLE,CDF1,10,0,0,0,comparator_rate_minus_proposed_rate,PRE_R10_SUPPORTING_DESCRIPTIVE_RESULT_AWARE__NO_NEW_CONFIRMATORY_INFERENCE
21,E2_DYNAMIC__DT-RAMDE_TS2_FULL__VS__CROSS_EVENT_MEMORY_ONLY,E2_DYNAMIC,REJECT_NUMERICAL,CDF1,10,0,0,0,comparator_rate_minus_proposed_rate,PRE_R10_SUPPORTING_DESCRIPTIVE_RESULT_AWARE__NO_NEW_CONFIRMATORY_INFERENCE
21,E2_DYNAMIC__DT-RAMDE_TS2_FULL__VS__CROSS_EVENT_MEMORY_ONLY,E2_DYNAMIC,OTHER_NONACCEPTED,CDF1,10,0,0,0,comparator_rate_minus_proposed_rate,PRE_R10_SUPPORTING_DESCRIPTIVE_RESULT_AWARE__NO_NEW_CONFIRMATORY_INFERENCE
21,E2_DYNAMIC__DT-RAMDE_TS2_FULL__VS__CROSS_EVENT_MEMORY_ONLY,E2_DYNAMIC,FAILURE_RATE,CDF10,10,0,0,0,comparator_rate_minus_proposed_rate,PRE_R10_SUPPORTING_DESCRIPTIVE_RESULT_AWARE__NO_NEW_CONFIRMATORY_INFERENCE
21,E2_DYNAMIC__DT-RAMDE_TS2_FULL__VS__CROSS_EVENT_MEMORY_ONLY,E2_DYNAMIC,REJECT_SAFETY_FILTER,CDF10,10,0,0,0,comparator_rate_minus_proposed_rate,PRE_R10_SUPPORTING_DESCRIPTIVE_RESULT_AWARE__NO_NEW_CONFIRMATORY_INFERENCE
21,E2_DYNAMIC__DT-RAMDE_TS2_FULL__VS__CROSS_EVENT_MEMORY_ONLY,E2_DYNAMIC,REJECT_BUDGET_NO_FEASIBLE,CDF10,10,0,0,0,comparator_rate_minus_proposed_rate,PRE_R10_SUPPORTING_DESCRIPTIVE_RESULT_AWARE__NO_NEW_CONFIRMATORY_INFERENCE
21,E2_DYNAMIC__DT-RAMDE_TS2_FULL__VS__CROSS_EVENT_MEMORY_ONLY,E2_DYNAMIC,REJECT_NUMERICAL,CDF10,10,0,0,0,comparator_rate_minus_proposed_rate,PRE_R10_SUPPORTING_DESCRIPTIVE_RESULT_AWARE__NO_NEW_CONFIRMATORY_INFERENCE
21,E2_DYNAMIC__DT-RAMDE_TS2_FULL__VS__CROSS_EVENT_MEMORY_ONLY,E2_DYNAMIC,OTHER_NONACCEPTED,CDF10,10,0,0,0,comparator_rate_minus_proposed_rate,PRE_R10_SUPPORTING_DESCRIPTIVE_RESULT_AWARE__NO_NEW_CONFIRMATORY_INFERENCE
21,E2_DYNAMIC__DT-RAMDE_TS2_FULL__VS__CROSS_EVENT_MEMORY_ONLY,E2_DYNAMIC,FAILURE_RATE,CDF11,10,0,0,0,comparator_rate_minus_proposed_rate,PRE_R10_SUPPORTING_DESCRIPTIVE_RESULT_AWARE__NO_NEW_CONFIRMATORY_INFERENCE
21,E2_DYNAMIC__DT-RAMDE_TS2_FULL__VS__CROSS_EVENT_MEMORY_ONLY,E2_DYNAMIC,REJECT_SAFETY_FILTER,CDF11,10,0,0,0,comparator_rate_minus_proposed_rate,PRE_R10_SUPPORTING_DESCRIPTIVE_RESULT_AWARE__NO_NEW_CONFIRMATORY_INFERENCE
21,E2_DYNAMIC__DT-RAMDE_TS2_FULL__VS__CROSS_EVENT_MEMORY_ONLY,E2_DYNAMIC,REJECT_BUDGET_NO_FEASIBLE,CDF11,10,0,0,0,comparator_rate_minus_proposed_rate,PRE_R10_SUPPORTING_DESCRIPTIVE_RESULT_AWARE__NO_NEW_CONFIRMATORY_INFERENCE
21,E2_DYNAMIC__DT-RAMDE_TS2_FULL__VS__CROSS_EVENT_MEMORY_ONLY,E2_DYNAMIC,REJECT_NUMERICAL,CDF11,10,0,0,0,comparator_rate_minus_proposed_rate,PRE_R10_SUPPORTING_DESCRIPTIVE_RESULT_AWARE__NO_NEW_CONFIRMATORY_INFERENCE
21,E2_DYNAMIC__DT-RAMDE_TS2_FULL__VS__CROSS_EVENT_MEMORY_ONLY,E2_DYNAMIC,OTHER_NONACCEPTED,CDF11,10,0,0,0,comparator_rate_minus_proposed_rate,PRE_R10_SUPPORTING_DESCRIPTIVE_RESULT_AWARE__NO_NEW_CONFIRMATORY_INFERENCE
21,E2_DYNAMIC__DT-RAMDE_TS2_FULL__VS__CROSS_EVENT_MEMORY_ONLY,E2_DYNAMIC,FAILURE_RATE,CDF12,10,0,0,0,comparator_rate_minus_proposed_rate,PRE_R10_SUPPORTING_DESCRIPTIVE_RESULT_AWARE__NO_NEW_CONFIRMATORY_INFERENCE
21,E2_DYNAMIC__DT-RAMDE_TS2_FULL__VS__CROSS_EVENT_MEMORY_ONLY,E2_DYNAMIC,REJECT_SAFETY_FILTER,CDF12,10,0,0,0,comparator_rate_minus_proposed_rate,PRE_R10_SUPPORTING_DESCRIPTIVE_RESULT_AWARE__NO_NEW_CONFIRMATORY_INFERENCE
21,E2_DYNAMIC__DT-RAMDE_TS2_FULL__VS__CROSS_EVENT_MEMORY_ONLY,E2_DYNAMIC,REJECT_BUDGET_NO_FEASIBLE,CDF12,10,0,0,0,comparator_rate_minus_proposed_rate,PRE_R10_SUPPORTING_DESCRIPTIVE_RESULT_AWARE__NO_NEW_CONFIRMATORY_INFERENCE
21,E2_DYNAMIC__DT-RAMDE_TS2_FULL__VS__CROSS_EVENT_MEMORY_ONLY,E2_DYNAMIC,REJECT_NUMERICAL,CDF12,10,0,0,0,comparator_rate_minus_proposed_rate,PRE_R10_SUPPORTING_DESCRIPTIVE_RESULT_AWARE__NO_NEW_CONFIRMATORY_INFERENCE
21,E2_DYNAMIC__DT-RAMDE_TS2_FULL__VS__CROSS_EVENT_MEMORY_ONLY,E2_DYNAMIC,OTHER_NONACCEPTED,CDF12,10,0,0,0,comparator_rate_minus_proposed_rate,PRE_R10_SUPPORTING_DESCRIPTIVE_RESULT_AWARE__NO_NEW_CONFIRMATORY_INFERENCE
21,E2_DYNAMIC__DT-RAMDE_TS2_FULL__VS__CROSS_EVENT_MEMORY_ONLY,E2_DYNAMIC,FAILURE_RATE,CDF13,10,0,0,0,comparator_rate_minus_proposed_rate,PRE_R10_SUPPORTING_DESCRIPTIVE_RESULT_AWARE__NO_NEW_CONFIRMATORY_INFERENCE
21,E2_DYNAMIC__DT-RAMDE_TS2_FULL__VS__CROSS_EVENT_MEMORY_ONLY,E2_DYNAMIC,REJECT_SAFETY_FILTER,CDF13,10,0,0,0,comparator_rate_minus_proposed_rate,PRE_R10_SUPPORTING_DESCRIPTIVE_RESULT_AWARE__NO_NEW_CONFIRMATORY_INFERENCE
21,E2_DYNAMIC__DT-RAMDE_TS2_FULL__VS__CROSS_EVENT_MEMORY_ONLY,E2_DYNAMIC,REJECT_BUDGET_NO_FEASIBLE,CDF13,10,0,0,0,comparator_rate_minus_proposed_rate,PRE_R10_SUPPORTING_DESCRIPTIVE_RESULT_AWARE__NO_NEW_CONFIRMATORY_INFERENCE
21,E2_DYNAMIC__DT-RAMDE_TS2_FULL__VS__CROSS_EVENT_MEMORY_ONLY,E2_DYNAMIC,REJECT_NUMERICAL,CDF13,10,0,0,0,comparator_rate_minus_proposed_rate,PRE_R10_SUPPORTING_DESCRIPTIVE_RESULT_AWARE__NO_NEW_CONFIRMATORY_INFERENCE
21,E2_DYNAMIC__DT-RAMDE_TS2_FULL__VS__CROSS_EVENT_MEMORY_ONLY,E2_DYNAMIC,OTHER_NONACCEPTED,CDF13,10,0,0,0,comparator_rate_minus_proposed_rate,PRE_R10_SUPPORTING_DESCRIPTIVE_RESULT_AWARE__NO_NEW_CONFIRMATORY_INFERENCE
21,E2_DYNAMIC__DT-RAMDE_TS2_FULL__VS__CROSS_EVENT_MEMORY_ONLY,E2_DYNAMIC,FAILURE_RATE,CDF14,10,0,0,0,comparator_rate_minus_proposed_rate,PRE_R10_SUPPORTING_DESCRIPTIVE_RESULT_AWARE__NO_NEW_CONFIRMATORY_INFERENCE
21,E2_DYNAMIC__DT-RAMDE_TS2_FULL__VS__CROSS_EVENT_MEMORY_ONLY,E2_DYNAMIC,REJECT_SAFETY_FILTER,CDF14,10,0,0,0,comparator_rate_minus_proposed_rate,PRE_R10_SUPPORTING_DESCRIPTIVE_RESULT_AWARE__NO_NEW_CONFIRMATORY_INFERENCE
21,E2_DYNAMIC__DT-RAMDE_TS2_FULL__VS__CROSS_EVENT_MEMORY_ONLY,E2_DYNAMIC,REJECT_BUDGET_NO_FEASIBLE,CDF14,10,0,0,0,comparator_rate_minus_proposed_rate,PRE_R10_SUPPORTING_DESCRIPTIVE_RESULT_AWARE__NO_NEW_CONFIRMATORY_INFERENCE
21,E2_DYNAMIC__DT-RAMDE_TS2_FULL__VS__CROSS_EVENT_MEMORY_ONLY,E2_DYNAMIC,REJECT_NUMERICAL,CDF14,10,0,0,0,comparator_rate_minus_proposed_rate,PRE_R10_SUPPORTING_DESCRIPTIVE_RESULT_AWARE__NO_NEW_CONFIRMATORY_INFERENCE
21,E2_DYNAMIC__DT-RAMDE_TS2_FULL__VS__CROSS_EVENT_MEMORY_ONLY,E2_DYNAMIC,OTHER_NONACCEPTED,CDF14,10,0,0,0,comparator_rate_minus_proposed_rate,PRE_R10_SUPPORTING_DESCRIPTIVE_RESULT_AWARE__NO_NEW_CONFIRMATORY_INFERENCE
21,E2_DYNAMIC__DT-RAMDE_TS2_FULL__VS__CROSS_EVENT_MEMORY_ONLY,E2_DYNAMIC,FAILURE_RATE,CDF15,10,0,0,0,comparator_rate_minus_proposed_rate,PRE_R10_SUPPORTING_DESCRIPTIVE_RESULT_AWARE__NO_NEW_CONFIRMATORY_INFERENCE
21,E2_DYNAMIC__DT-RAMDE_TS2_FULL__VS__CROSS_EVENT_MEMORY_ONLY,E2_DYNAMIC,REJECT_SAFETY_FILTER,CDF15,10,0,0,0,comparator_rate_minus_proposed_rate,PRE_R10_SUPPORTING_DESCRIPTIVE_RESULT_AWARE__NO_NEW_CONFIRMATORY_INFERENCE
21,E2_DYNAMIC__DT-RAMDE_TS2_FULL__VS__CROSS_EVENT_MEMORY_ONLY,E2_DYNAMIC,REJECT_BUDGET_NO_FEASIBLE,CDF15,10,0,0,0,comparator_rate_minus_proposed_rate,PRE_R10_SUPPORTING_DESCRIPTIVE_RESULT_AWARE__NO_NEW_CONFIRMATORY_INFERENCE
21,E2_DYNAMIC__DT-RAMDE_TS2_FULL__VS__CROSS_EVENT_MEMORY_ONLY,E2_DYNAMIC,REJECT_NUMERICAL,CDF15,10,0,0,0,comparator_rate_minus_proposed_rate,PRE_R10_SUPPORTING_DESCRIPTIVE_RESULT_AWARE__NO_NEW_CONFIRMATORY_INFERENCE
21,E2_DYNAMIC__DT-RAMDE_TS2_FULL__VS__CROSS_EVENT_MEMORY_ONLY,E2_DYNAMIC,OTHER_NONACCEPTED,CDF15,10,0,0,0,comparator_rate_minus_proposed_rate,PRE_R10_SUPPORTING_DESCRIPTIVE_RESULT_AWARE__NO_NEW_CONFIRMATORY_INFERENCE
21,E2_DYNAMIC__DT-RAMDE_TS2_FULL__VS__CROSS_EVENT_MEMORY_ONLY,E2_DYNAMIC,FAILURE_RATE,CDF2,10,0,0,0,comparator_rate_minus_proposed_rate,PRE_R10_SUPPORTING_DESCRIPTIVE_RESULT_AWARE__NO_NEW_CONFIRMATORY_INFERENCE
21,E2_DYNAMIC__DT-RAMDE_TS2_FULL__VS__CROSS_EVENT_MEMORY_ONLY,E2_DYNAMIC,REJECT_SAFETY_FILTER,CDF2,10,0,0,0,comparator_rate_minus_proposed_rate,PRE_R10_SUPPORTING_DESCRIPTIVE_RESULT_AWARE__NO_NEW_CONFIRMATORY_INFERENCE
21,E2_DYNAMIC__DT-RAMDE_TS2_FULL__VS__CROSS_EVENT_MEMORY_ONLY,E2_DYNAMIC,REJECT_BUDGET_NO_FEASIBLE,CDF2,10,0,0,0,comparator_rate_minus_proposed_rate,PRE_R10_SUPPORTING_DESCRIPTIVE_RESULT_AWARE__NO_NEW_CONFIRMATORY_INFERENCE
21,E2_DYNAMIC__DT-RAMDE_TS2_FULL__VS__CROSS_EVENT_MEMORY_ONLY,E2_DYNAMIC,REJECT_NUMERICAL,CDF2,10,0,0,0,comparator_rate_minus_proposed_rate,PRE_R10_SUPPORTING_DESCRIPTIVE_RESULT_AWARE__NO_NEW_CONFIRMATORY_INFERENCE
21,E2_DYNAMIC__DT-RAMDE_TS2_FULL__VS__CROSS_EVENT_MEMORY_ONLY,E2_DYNAMIC,OTHER_NONACCEPTED,CDF2,10,0,0,0,comparator_rate_minus_proposed_rate,PRE_R10_SUPPORTING_DESCRIPTIVE_RESULT_AWARE__NO_NEW_CONFIRMATORY_INFERENCE
21,E2_DYNAMIC__DT-RAMDE_TS2_FULL__VS__CROSS_EVENT_MEMORY_ONLY,E2_DYNAMIC,FAILURE_RATE,CDF3,10,0,0,0,comparator_rate_minus_proposed_rate,PRE_R10_SUPPORTING_DESCRIPTIVE_RESULT_AWARE__NO_NEW_CONFIRMATORY_INFERENCE
21,E2_DYNAMIC__DT-RAMDE_TS2_FULL__VS__CROSS_EVENT_MEMORY_ONLY,E2_DYNAMIC,REJECT_SAFETY_FILTER,CDF3,10,0,0,0,comparator_rate_minus_proposed_rate,PRE_R10_SUPPORTING_DESCRIPTIVE_RESULT_AWARE__NO_NEW_CONFIRMATORY_INFERENCE
21,E2_DYNAMIC__DT-RAMDE_TS2_FULL__VS__CROSS_EVENT_MEMORY_ONLY,E2_DYNAMIC,REJECT_BUDGET_NO_FEASIBLE,CDF3,10,0,0,0,comparator_rate_minus_proposed_rate,PRE_R10_SUPPORTING_DESCRIPTIVE_RESULT_AWARE__NO_NEW_CONFIRMATORY_INFERENCE
21,E2_DYNAMIC__DT-RAMDE_TS2_FULL__VS__CROSS_EVENT_MEMORY_ONLY,E2_DYNAMIC,REJECT_NUMERICAL,CDF3,10,0,0,0,comparator_rate_minus_proposed_rate,PRE_R10_SUPPORTING_DESCRIPTIVE_RESULT_AWARE__NO_NEW_CONFIRMATORY_INFERENCE
21,E2_DYNAMIC__DT-RAMDE_TS2_FULL__VS__CROSS_EVENT_MEMORY_ONLY,E2_DYNAMIC,OTHER_NONACCEPTED,CDF3,10,0,0,0,comparator_rate_minus_proposed_rate,PRE_R10_SUPPORTING_DESCRIPTIVE_RESULT_AWARE__NO_NEW_CONFIRMATORY_INFERENCE
21,E2_DYNAMIC__DT-RAMDE_TS2_FULL__VS__CROSS_EVENT_MEMORY_ONLY,E2_DYNAMIC,FAILURE_RATE,CDF4,10,0,0,0,comparator_rate_minus_proposed_rate,PRE_R10_SUPPORTING_DESCRIPTIVE_RESULT_AWARE__NO_NEW_CONFIRMATORY_INFERENCE
21,E2_DYNAMIC__DT-RAMDE_TS2_FULL__VS__CROSS_EVENT_MEMORY_ONLY,E2_DYNAMIC,REJECT_SAFETY_FILTER,CDF4,10,0,0,0,comparator_rate_minus_proposed_rate,PRE_R10_SUPPORTING_DESCRIPTIVE_RESULT_AWARE__NO_NEW_CONFIRMATORY_INFERENCE
21,E2_DYNAMIC__DT-RAMDE_TS2_FULL__VS__CROSS_EVENT_MEMORY_ONLY,E2_DYNAMIC,REJECT_BUDGET_NO_FEASIBLE,CDF4,10,0,0,0,comparator_rate_minus_proposed_rate,PRE_R10_SUPPORTING_DESCRIPTIVE_RESULT_AWARE__NO_NEW_CONFIRMATORY_INFERENCE
21,E2_DYNAMIC__DT-RAMDE_TS2_FULL__VS__CROSS_EVENT_MEMORY_ONLY,E2_DYNAMIC,REJECT_NUMERICAL,CDF4,10,0,0,0,comparator_rate_minus_proposed_rate,PRE_R10_SUPPORTING_DESCRIPTIVE_RESULT_AWARE__NO_NEW_CONFIRMATORY_INFERENCE
21,E2_DYNAMIC__DT-RAMDE_TS2_FULL__VS__CROSS_EVENT_MEMORY_ONLY,E2_DYNAMIC,OTHER_NONACCEPTED,CDF4,10,0,0,0,comparator_rate_minus_proposed_rate,PRE_R10_SUPPORTING_DESCRIPTIVE_RESULT_AWARE__NO_NEW_CONFIRMATORY_INFERENCE
21,E2_DYNAMIC__DT-RAMDE_TS2_FULL__VS__CROSS_EVENT_MEMORY_ONLY,E2_DYNAMIC,FAILURE_RATE,CDF5,10,0,0,0,comparator_rate_minus_proposed_rate,PRE_R10_SUPPORTING_DESCRIPTIVE_RESULT_AWARE__NO_NEW_CONFIRMATORY_INFERENCE
21,E2_DYNAMIC__DT-RAMDE_TS2_FULL__VS__CROSS_EVENT_MEMORY_ONLY,E2_DYNAMIC,REJECT_SAFETY_FILTER,CDF5,10,0,0,0,comparator_rate_minus_proposed_rate,PRE_R10_SUPPORTING_DESCRIPTIVE_RESULT_AWARE__NO_NEW_CONFIRMATORY_INFERENCE
21,E2_DYNAMIC__DT-RAMDE_TS2_FULL__VS__CROSS_EVENT_MEMORY_ONLY,E2_DYNAMIC,REJECT_BUDGET_NO_FEASIBLE,CDF5,10,0,0,0,comparator_rate_minus_proposed_rate,PRE_R10_SUPPORTING_DESCRIPTIVE_RESULT_AWARE__NO_NEW_CONFIRMATORY_INFERENCE
21,E2_DYNAMIC__DT-RAMDE_TS2_FULL__VS__CROSS_EVENT_MEMORY_ONLY,E2_DYNAMIC,REJECT_NUMERICAL,CDF5,10,0,0,0,comparator_rate_minus_proposed_rate,PRE_R10_SUPPORTING_DESCRIPTIVE_RESULT_AWARE__NO_NEW_CONFIRMATORY_INFERENCE
21,E2_DYNAMIC__DT-RAMDE_TS2_FULL__VS__CROSS_EVENT_MEMORY_ONLY,E2_DYNAMIC,OTHER_NONACCEPTED,CDF5,10,0,0,0,comparator_rate_minus_proposed_rate,PRE_R10_SUPPORTING_DESCRIPTIVE_RESULT_AWARE__NO_NEW_CONFIRMATORY_INFERENCE
21,E2_DYNAMIC__DT-RAMDE_TS2_FULL__VS__CROSS_EVENT_MEMORY_ONLY,E2_DYNAMIC,FAILURE_RATE,CDF6,10,0,0,0,comparator_rate_minus_proposed_rate,PRE_R10_SUPPORTING_DESCRIPTIVE_RESULT_AWARE__NO_NEW_CONFIRMATORY_INFERENCE
21,E2_DYNAMIC__DT-RAMDE_TS2_FULL__VS__CROSS_EVENT_MEMORY_ONLY,E2_DYNAMIC,REJECT_SAFETY_FILTER,CDF6,10,0,0,0,comparator_rate_minus_proposed_rate,PRE_R10_SUPPORTING_DESCRIPTIVE_RESULT_AWARE__NO_NEW_CONFIRMATORY_INFERENCE
21,E2_DYNAMIC__DT-RAMDE_TS2_FULL__VS__CROSS_EVENT_MEMORY_ONLY,E2_DYNAMIC,REJECT_BUDGET_NO_FEASIBLE,CDF6,10,0,0,0,comparator_rate_minus_proposed_rate,PRE_R10_SUPPORTING_DESCRIPTIVE_RESULT_AWARE__NO_NEW_CONFIRMATORY_INFERENCE
21,E2_DYNAMIC__DT-RAMDE_TS2_FULL__VS__CROSS_EVENT_MEMORY_ONLY,E2_DYNAMIC,REJECT_NUMERICAL,CDF6,10,0,0,0,comparator_rate_minus_proposed_rate,PRE_R10_SUPPORTING_DESCRIPTIVE_RESULT_AWARE__NO_NEW_CONFIRMATORY_INFERENCE
21,E2_DYNAMIC__DT-RAMDE_TS2_FULL__VS__CROSS_EVENT_MEMORY_ONLY,E2_DYNAMIC,OTHER_NONACCEPTED,CDF6,10,0,0,0,comparator_rate_minus_proposed_rate,PRE_R10_SUPPORTING_DESCRIPTIVE_RESULT_AWARE__NO_NEW_CONFIRMATORY_INFERENCE
21,E2_DYNAMIC__DT-RAMDE_TS2_FULL__VS__CROSS_EVENT_MEMORY_ONLY,E2_DYNAMIC,FAILURE_RATE,CDF7,10,0,0,0,comparator_rate_minus_proposed_rate,PRE_R10_SUPPORTING_DESCRIPTIVE_RESULT_AWARE__NO_NEW_CONFIRMATORY_INFERENCE
21,E2_DYNAMIC__DT-RAMDE_TS2_FULL__VS__CROSS_EVENT_MEMORY_ONLY,E2_DYNAMIC,REJECT_SAFETY_FILTER,CDF7,10,0,0,0,comparator_rate_minus_proposed_rate,PRE_R10_SUPPORTING_DESCRIPTIVE_RESULT_AWARE__NO_NEW_CONFIRMATORY_INFERENCE
21,E2_DYNAMIC__DT-RAMDE_TS2_FULL__VS__CROSS_EVENT_MEMORY_ONLY,E2_DYNAMIC,REJECT_BUDGET_NO_FEASIBLE,CDF7,10,0,0,0,comparator_rate_minus_proposed_rate,PRE_R10_SUPPORTING_DESCRIPTIVE_RESULT_AWARE__NO_NEW_CONFIRMATORY_INFERENCE
21,E2_DYNAMIC__DT-RAMDE_TS2_FULL__VS__CROSS_EVENT_MEMORY_ONLY,E2_DYNAMIC,REJECT_NUMERICAL,CDF7,10,0,0,0,comparator_rate_minus_proposed_rate,PRE_R10_SUPPORTING_DESCRIPTIVE_RESULT_AWARE__NO_NEW_CONFIRMATORY_INFERENCE
21,E2_DYNAMIC__DT-RAMDE_TS2_FULL__VS__CROSS_EVENT_MEMORY_ONLY,E2_DYNAMIC,OTHER_NONACCEPTED,CDF7,10,0,0,0,comparator_rate_minus_proposed_rate,PRE_R10_SUPPORTING_DESCRIPTIVE_RESULT_AWARE__NO_NEW_CONFIRMATORY_INFERENCE
21,E2_DYNAMIC__DT-RAMDE_TS2_FULL__VS__CROSS_EVENT_MEMORY_ONLY,E2_DYNAMIC,FAILURE_RATE,CDF8,10,0,0,0,comparator_rate_minus_proposed_rate,PRE_R10_SUPPORTING_DESCRIPTIVE_RESULT_AWARE__NO_NEW_CONFIRMATORY_INFERENCE
21,E2_DYNAMIC__DT-RAMDE_TS2_FULL__VS__CROSS_EVENT_MEMORY_ONLY,E2_DYNAMIC,REJECT_SAFETY_FILTER,CDF8,10,0,0,0,comparator_rate_minus_proposed_rate,PRE_R10_SUPPORTING_DESCRIPTIVE_RESULT_AWARE__NO_NEW_CONFIRMATORY_INFERENCE
21,E2_DYNAMIC__DT-RAMDE_TS2_FULL__VS__CROSS_EVENT_MEMORY_ONLY,E2_DYNAMIC,REJECT_BUDGET_NO_FEASIBLE,CDF8,10,0,0,0,comparator_rate_minus_proposed_rate,PRE_R10_SUPPORTING_DESCRIPTIVE_RESULT_AWARE__NO_NEW_CONFIRMATORY_INFERENCE
21,E2_DYNAMIC__DT-RAMDE_TS2_FULL__VS__CROSS_EVENT_MEMORY_ONLY,E2_DYNAMIC,REJECT_NUMERICAL,CDF8,10,0,0,0,comparator_rate_minus_proposed_rate,PRE_R10_SUPPORTING_DESCRIPTIVE_RESULT_AWARE__NO_NEW_CONFIRMATORY_INFERENCE
21,E2_DYNAMIC__DT-RAMDE_TS2_FULL__VS__CROSS_EVENT_MEMORY_ONLY,E2_DYNAMIC,OTHER_NONACCEPTED,CDF8,10,0,0,0,comparator_rate_minus_proposed_rate,PRE_R10_SUPPORTING_DESCRIPTIVE_RESULT_AWARE__NO_NEW_CONFIRMATORY_INFERENCE
21,E2_DYNAMIC__DT-RAMDE_TS2_FULL__VS__CROSS_EVENT_MEMORY_ONLY,E2_DYNAMIC,FAILURE_RATE,CDF9,10,0,0,0,comparator_rate_minus_proposed_rate,PRE_R10_SUPPORTING_DESCRIPTIVE_RESULT_AWARE__NO_NEW_CONFIRMATORY_INFERENCE
21,E2_DYNAMIC__DT-RAMDE_TS2_FULL__VS__CROSS_EVENT_MEMORY_ONLY,E2_DYNAMIC,REJECT_SAFETY_FILTER,CDF9,10,0,0,0,comparator_rate_minus_proposed_rate,PRE_R10_SUPPORTING_DESCRIPTIVE_RESULT_AWARE__NO_NEW_CONFIRMATORY_INFERENCE
21,E2_DYNAMIC__DT-RAMDE_TS2_FULL__VS__CROSS_EVENT_MEMORY_ONLY,E2_DYNAMIC,REJECT_BUDGET_NO_FEASIBLE,CDF9,10,0,0,0,comparator_rate_minus_proposed_rate,PRE_R10_SUPPORTING_DESCRIPTIVE_RESULT_AWARE__NO_NEW_CONFIRMATORY_INFERENCE
21,E2_DYNAMIC__DT-RAMDE_TS2_FULL__VS__CROSS_EVENT_MEMORY_ONLY,E2_DYNAMIC,REJECT_NUMERICAL,CDF9,10,0,0,0,comparator_rate_minus_proposed_rate,PRE_R10_SUPPORTING_DESCRIPTIVE_RESULT_AWARE__NO_NEW_CONFIRMATORY_INFERENCE
21,E2_DYNAMIC__DT-RAMDE_TS2_FULL__VS__CROSS_EVENT_MEMORY_ONLY,E2_DYNAMIC,OTHER_NONACCEPTED,CDF9,10,0,0,0,comparator_rate_minus_proposed_rate,PRE_R10_SUPPORTING_DESCRIPTIVE_RESULT_AWARE__NO_NEW_CONFIRMATORY_INFERENCE
22,E2_DYNAMIC__DT-RAMDE_TS2_FULL__VS__SHADE_ONLY,E2_DYNAMIC,FAILURE_RATE,CDF1,10,0,0,0,comparator_rate_minus_proposed_rate,PRE_R10_SUPPORTING_DESCRIPTIVE_RESULT_AWARE__NO_NEW_CONFIRMATORY_INFERENCE
22,E2_DYNAMIC__DT-RAMDE_TS2_FULL__VS__SHADE_ONLY,E2_DYNAMIC,REJECT_SAFETY_FILTER,CDF1,10,0,0,0,comparator_rate_minus_proposed_rate,PRE_R10_SUPPORTING_DESCRIPTIVE_RESULT_AWARE__NO_NEW_CONFIRMATORY_INFERENCE
22,E2_DYNAMIC__DT-RAMDE_TS2_FULL__VS__SHADE_ONLY,E2_DYNAMIC,REJECT_BUDGET_NO_FEASIBLE,CDF1,10,0,0,0,comparator_rate_minus_proposed_rate,PRE_R10_SUPPORTING_DESCRIPTIVE_RESULT_AWARE__NO_NEW_CONFIRMATORY_INFERENCE
22,E2_DYNAMIC__DT-RAMDE_TS2_FULL__VS__SHADE_ONLY,E2_DYNAMIC,REJECT_NUMERICAL,CDF1,10,0,0,0,comparator_rate_minus_proposed_rate,PRE_R10_SUPPORTING_DESCRIPTIVE_RESULT_AWARE__NO_NEW_CONFIRMATORY_INFERENCE
22,E2_DYNAMIC__DT-RAMDE_TS2_FULL__VS__SHADE_ONLY,E2_DYNAMIC,OTHER_NONACCEPTED,CDF1,10,0,0,0,comparator_rate_minus_proposed_rate,PRE_R10_SUPPORTING_DESCRIPTIVE_RESULT_AWARE__NO_NEW_CONFIRMATORY_INFERENCE
22,E2_DYNAMIC__DT-RAMDE_TS2_FULL__VS__SHADE_ONLY,E2_DYNAMIC,FAILURE_RATE,CDF10,10,0,0,0,comparator_rate_minus_proposed_rate,PRE_R10_SUPPORTING_DESCRIPTIVE_RESULT_AWARE__NO_NEW_CONFIRMATORY_INFERENCE
22,E2_DYNAMIC__DT-RAMDE_TS2_FULL__VS__SHADE_ONLY,E2_DYNAMIC,REJECT_SAFETY_FILTER,CDF10,10,0,0,0,comparator_rate_minus_proposed_rate,PRE_R10_SUPPORTING_DESCRIPTIVE_RESULT_AWARE__NO_NEW_CONFIRMATORY_INFERENCE
22,E2_DYNAMIC__DT-RAMDE_TS2_FULL__VS__SHADE_ONLY,E2_DYNAMIC,REJECT_BUDGET_NO_FEASIBLE,CDF10,10,0,0,0,comparator_rate_minus_proposed_rate,PRE_R10_SUPPORTING_DESCRIPTIVE_RESULT_AWARE__NO_NEW_CONFIRMATORY_INFERENCE
22,E2_DYNAMIC__DT-RAMDE_TS2_FULL__VS__SHADE_ONLY,E2_DYNAMIC,REJECT_NUMERICAL,CDF10,10,0,0,0,comparator_rate_minus_proposed_rate,PRE_R10_SUPPORTING_DESCRIPTIVE_RESULT_AWARE__NO_NEW_CONFIRMATORY_INFERENCE
22,E2_DYNAMIC__DT-RAMDE_TS2_FULL__VS__SHADE_ONLY,E2_DYNAMIC,OTHER_NONACCEPTED,CDF10,10,0,0,0,comparator_rate_minus_proposed_rate,PRE_R10_SUPPORTING_DESCRIPTIVE_RESULT_AWARE__NO_NEW_CONFIRMATORY_INFERENCE
22,E2_DYNAMIC__DT-RAMDE_TS2_FULL__VS__SHADE_ONLY,E2_DYNAMIC,FAILURE_RATE,CDF11,10,0,0,0,comparator_rate_minus_proposed_rate,PRE_R10_SUPPORTING_DESCRIPTIVE_RESULT_AWARE__NO_NEW_CONFIRMATORY_INFERENCE
22,E2_DYNAMIC__DT-RAMDE_TS2_FULL__VS__SHADE_ONLY,E2_DYNAMIC,REJECT_SAFETY_FILTER,CDF11,10,0,0,0,comparator_rate_minus_proposed_rate,PRE_R10_SUPPORTING_DESCRIPTIVE_RESULT_AWARE__NO_NEW_CONFIRMATORY_INFERENCE
22,E2_DYNAMIC__DT-RAMDE_TS2_FULL__VS__SHADE_ONLY,E2_DYNAMIC,REJECT_BUDGET_NO_FEASIBLE,CDF11,10,0,0,0,comparator_rate_minus_proposed_rate,PRE_R10_SUPPORTING_DESCRIPTIVE_RESULT_AWARE__NO_NEW_CONFIRMATORY_INFERENCE
22,E2_DYNAMIC__DT-RAMDE_TS2_FULL__VS__SHADE_ONLY,E2_DYNAMIC,REJECT_NUMERICAL,CDF11,10,0,0,0,comparator_rate_minus_proposed_rate,PRE_R10_SUPPORTING_DESCRIPTIVE_RESULT_AWARE__NO_NEW_CONFIRMATORY_INFERENCE
22,E2_DYNAMIC__DT-RAMDE_TS2_FULL__VS__SHADE_ONLY,E2_DYNAMIC,OTHER_NONACCEPTED,CDF11,10,0,0,0,comparator_rate_minus_proposed_rate,PRE_R10_SUPPORTING_DESCRIPTIVE_RESULT_AWARE__NO_NEW_CONFIRMATORY_INFERENCE
22,E2_DYNAMIC__DT-RAMDE_TS2_FULL__VS__SHADE_ONLY,E2_DYNAMIC,FAILURE_RATE,CDF12,10,0,0,0,comparator_rate_minus_proposed_rate,PRE_R10_SUPPORTING_DESCRIPTIVE_RESULT_AWARE__NO_NEW_CONFIRMATORY_INFERENCE
22,E2_DYNAMIC__DT-RAMDE_TS2_FULL__VS__SHADE_ONLY,E2_DYNAMIC,REJECT_SAFETY_FILTER,CDF12,10,0,0,0,comparator_rate_minus_proposed_rate,PRE_R10_SUPPORTING_DESCRIPTIVE_RESULT_AWARE__NO_NEW_CONFIRMATORY_INFERENCE
22,E2_DYNAMIC__DT-RAMDE_TS2_FULL__VS__SHADE_ONLY,E2_DYNAMIC,REJECT_BUDGET_NO_FEASIBLE,CDF12,10,0,0,0,comparator_rate_minus_proposed_rate,PRE_R10_SUPPORTING_DESCRIPTIVE_RESULT_AWARE__NO_NEW_CONFIRMATORY_INFERENCE
22,E2_DYNAMIC__DT-RAMDE_TS2_FULL__VS__SHADE_ONLY,E2_DYNAMIC,REJECT_NUMERICAL,CDF12,10,0,0,0,comparator_rate_minus_proposed_rate,PRE_R10_SUPPORTING_DESCRIPTIVE_RESULT_AWARE__NO_NEW_CONFIRMATORY_INFERENCE
22,E2_DYNAMIC__DT-RAMDE_TS2_FULL__VS__SHADE_ONLY,E2_DYNAMIC,OTHER_NONACCEPTED,CDF12,10,0,0,0,comparator_rate_minus_proposed_rate,PRE_R10_SUPPORTING_DESCRIPTIVE_RESULT_AWARE__NO_NEW_CONFIRMATORY_INFERENCE
22,E2_DYNAMIC__DT-RAMDE_TS2_FULL__VS__SHADE_ONLY,E2_DYNAMIC,FAILURE_RATE,CDF13,10,0,0,0,comparator_rate_minus_proposed_rate,PRE_R10_SUPPORTING_DESCRIPTIVE_RESULT_AWARE__NO_NEW_CONFIRMATORY_INFERENCE
22,E2_DYNAMIC__DT-RAMDE_TS2_FULL__VS__SHADE_ONLY,E2_DYNAMIC,REJECT_SAFETY_FILTER,CDF13,10,0,0,0,comparator_rate_minus_proposed_rate,PRE_R10_SUPPORTING_DESCRIPTIVE_RESULT_AWARE__NO_NEW_CONFIRMATORY_INFERENCE
22,E2_DYNAMIC__DT-RAMDE_TS2_FULL__VS__SHADE_ONLY,E2_DYNAMIC,REJECT_BUDGET_NO_FEASIBLE,CDF13,10,0,0,0,comparator_rate_minus_proposed_rate,PRE_R10_SUPPORTING_DESCRIPTIVE_RESULT_AWARE__NO_NEW_CONFIRMATORY_INFERENCE
22,E2_DYNAMIC__DT-RAMDE_TS2_FULL__VS__SHADE_ONLY,E2_DYNAMIC,REJECT_NUMERICAL,CDF13,10,0,0,0,comparator_rate_minus_proposed_rate,PRE_R10_SUPPORTING_DESCRIPTIVE_RESULT_AWARE__NO_NEW_CONFIRMATORY_INFERENCE
22,E2_DYNAMIC__DT-RAMDE_TS2_FULL__VS__SHADE_ONLY,E2_DYNAMIC,OTHER_NONACCEPTED,CDF13,10,0,0,0,comparator_rate_minus_proposed_rate,PRE_R10_SUPPORTING_DESCRIPTIVE_RESULT_AWARE__NO_NEW_CONFIRMATORY_INFERENCE
22,E2_DYNAMIC__DT-RAMDE_TS2_FULL__VS__SHADE_ONLY,E2_DYNAMIC,FAILURE_RATE,CDF14,10,0,0,0,comparator_rate_minus_proposed_rate,PRE_R10_SUPPORTING_DESCRIPTIVE_RESULT_AWARE__NO_NEW_CONFIRMATORY_INFERENCE
22,E2_DYNAMIC__DT-RAMDE_TS2_FULL__VS__SHADE_ONLY,E2_DYNAMIC,REJECT_SAFETY_FILTER,CDF14,10,0,0,0,comparator_rate_minus_proposed_rate,PRE_R10_SUPPORTING_DESCRIPTIVE_RESULT_AWARE__NO_NEW_CONFIRMATORY_INFERENCE
22,E2_DYNAMIC__DT-RAMDE_TS2_FULL__VS__SHADE_ONLY,E2_DYNAMIC,REJECT_BUDGET_NO_FEASIBLE,CDF14,10,0,0,0,comparator_rate_minus_proposed_rate,PRE_R10_SUPPORTING_DESCRIPTIVE_RESULT_AWARE__NO_NEW_CONFIRMATORY_INFERENCE
22,E2_DYNAMIC__DT-RAMDE_TS2_FULL__VS__SHADE_ONLY,E2_DYNAMIC,REJECT_NUMERICAL,CDF14,10,0,0,0,comparator_rate_minus_proposed_rate,PRE_R10_SUPPORTING_DESCRIPTIVE_RESULT_AWARE__NO_NEW_CONFIRMATORY_INFERENCE
22,E2_DYNAMIC__DT-RAMDE_TS2_FULL__VS__SHADE_ONLY,E2_DYNAMIC,OTHER_NONACCEPTED,CDF14,10,0,0,0,comparator_rate_minus_proposed_rate,PRE_R10_SUPPORTING_DESCRIPTIVE_RESULT_AWARE__NO_NEW_CONFIRMATORY_INFERENCE
22,E2_DYNAMIC__DT-RAMDE_TS2_FULL__VS__SHADE_ONLY,E2_DYNAMIC,FAILURE_RATE,CDF15,10,0,0,0,comparator_rate_minus_proposed_rate,PRE_R10_SUPPORTING_DESCRIPTIVE_RESULT_AWARE__NO_NEW_CONFIRMATORY_INFERENCE
22,E2_DYNAMIC__DT-RAMDE_TS2_FULL__VS__SHADE_ONLY,E2_DYNAMIC,REJECT_SAFETY_FILTER,CDF15,10,0,0,0,comparator_rate_minus_proposed_rate,PRE_R10_SUPPORTING_DESCRIPTIVE_RESULT_AWARE__NO_NEW_CONFIRMATORY_INFERENCE
22,E2_DYNAMIC__DT-RAMDE_TS2_FULL__VS__SHADE_ONLY,E2_DYNAMIC,REJECT_BUDGET_NO_FEASIBLE,CDF15,10,0,0,0,comparator_rate_minus_proposed_rate,PRE_R10_SUPPORTING_DESCRIPTIVE_RESULT_AWARE__NO_NEW_CONFIRMATORY_INFERENCE
22,E2_DYNAMIC__DT-RAMDE_TS2_FULL__VS__SHADE_ONLY,E2_DYNAMIC,REJECT_NUMERICAL,CDF15,10,0,0,0,comparator_rate_minus_proposed_rate,PRE_R10_SUPPORTING_DESCRIPTIVE_RESULT_AWARE__NO_NEW_CONFIRMATORY_INFERENCE
22,E2_DYNAMIC__DT-RAMDE_TS2_FULL__VS__SHADE_ONLY,E2_DYNAMIC,OTHER_NONACCEPTED,CDF15,10,0,0,0,comparator_rate_minus_proposed_rate,PRE_R10_SUPPORTING_DESCRIPTIVE_RESULT_AWARE__NO_NEW_CONFIRMATORY_INFERENCE
22,E2_DYNAMIC__DT-RAMDE_TS2_FULL__VS__SHADE_ONLY,E2_DYNAMIC,FAILURE_RATE,CDF2,10,0,0,0,comparator_rate_minus_proposed_rate,PRE_R10_SUPPORTING_DESCRIPTIVE_RESULT_AWARE__NO_NEW_CONFIRMATORY_INFERENCE
22,E2_DYNAMIC__DT-RAMDE_TS2_FULL__VS__SHADE_ONLY,E2_DYNAMIC,REJECT_SAFETY_FILTER,CDF2,10,0,0,0,comparator_rate_minus_proposed_rate,PRE_R10_SUPPORTING_DESCRIPTIVE_RESULT_AWARE__NO_NEW_CONFIRMATORY_INFERENCE
22,E2_DYNAMIC__DT-RAMDE_TS2_FULL__VS__SHADE_ONLY,E2_DYNAMIC,REJECT_BUDGET_NO_FEASIBLE,CDF2,10,0,0,0,comparator_rate_minus_proposed_rate,PRE_R10_SUPPORTING_DESCRIPTIVE_RESULT_AWARE__NO_NEW_CONFIRMATORY_INFERENCE
22,E2_DYNAMIC__DT-RAMDE_TS2_FULL__VS__SHADE_ONLY,E2_DYNAMIC,REJECT_NUMERICAL,CDF2,10,0,0,0,comparator_rate_minus_proposed_rate,PRE_R10_SUPPORTING_DESCRIPTIVE_RESULT_AWARE__NO_NEW_CONFIRMATORY_INFERENCE
22,E2_DYNAMIC__DT-RAMDE_TS2_FULL__VS__SHADE_ONLY,E2_DYNAMIC,OTHER_NONACCEPTED,CDF2,10,0,0,0,comparator_rate_minus_proposed_rate,PRE_R10_SUPPORTING_DESCRIPTIVE_RESULT_AWARE__NO_NEW_CONFIRMATORY_INFERENCE
22,E2_DYNAMIC__DT-RAMDE_TS2_FULL__VS__SHADE_ONLY,E2_DYNAMIC,FAILURE_RATE,CDF3,10,0,0,0,comparator_rate_minus_proposed_rate,PRE_R10_SUPPORTING_DESCRIPTIVE_RESULT_AWARE__NO_NEW_CONFIRMATORY_INFERENCE
22,E2_DYNAMIC__DT-RAMDE_TS2_FULL__VS__SHADE_ONLY,E2_DYNAMIC,REJECT_SAFETY_FILTER,CDF3,10,0,0,0,comparator_rate_minus_proposed_rate,PRE_R10_SUPPORTING_DESCRIPTIVE_RESULT_AWARE__NO_NEW_CONFIRMATORY_INFERENCE
22,E2_DYNAMIC__DT-RAMDE_TS2_FULL__VS__SHADE_ONLY,E2_DYNAMIC,REJECT_BUDGET_NO_FEASIBLE,CDF3,10,0,0,0,comparator_rate_minus_proposed_rate,PRE_R10_SUPPORTING_DESCRIPTIVE_RESULT_AWARE__NO_NEW_CONFIRMATORY_INFERENCE
22,E2_DYNAMIC__DT-RAMDE_TS2_FULL__VS__SHADE_ONLY,E2_DYNAMIC,REJECT_NUMERICAL,CDF3,10,0,0,0,comparator_rate_minus_proposed_rate,PRE_R10_SUPPORTING_DESCRIPTIVE_RESULT_AWARE__NO_NEW_CONFIRMATORY_INFERENCE
22,E2_DYNAMIC__DT-RAMDE_TS2_FULL__VS__SHADE_ONLY,E2_DYNAMIC,OTHER_NONACCEPTED,CDF3,10,0,0,0,comparator_rate_minus_proposed_rate,PRE_R10_SUPPORTING_DESCRIPTIVE_RESULT_AWARE__NO_NEW_CONFIRMATORY_INFERENCE
22,E2_DYNAMIC__DT-RAMDE_TS2_FULL__VS__SHADE_ONLY,E2_DYNAMIC,FAILURE_RATE,CDF4,10,0,0,0,comparator_rate_minus_proposed_rate,PRE_R10_SUPPORTING_DESCRIPTIVE_RESULT_AWARE__NO_NEW_CONFIRMATORY_INFERENCE
22,E2_DYNAMIC__DT-RAMDE_TS2_FULL__VS__SHADE_ONLY,E2_DYNAMIC,REJECT_SAFETY_FILTER,CDF4,10,0,0,0,comparator_rate_minus_proposed_rate,PRE_R10_SUPPORTING_DESCRIPTIVE_RESULT_AWARE__NO_NEW_CONFIRMATORY_INFERENCE
22,E2_DYNAMIC__DT-RAMDE_TS2_FULL__VS__SHADE_ONLY,E2_DYNAMIC,REJECT_BUDGET_NO_FEASIBLE,CDF4,10,0,0,0,comparator_rate_minus_proposed_rate,PRE_R10_SUPPORTING_DESCRIPTIVE_RESULT_AWARE__NO_NEW_CONFIRMATORY_INFERENCE
22,E2_DYNAMIC__DT-RAMDE_TS2_FULL__VS__SHADE_ONLY,E2_DYNAMIC,REJECT_NUMERICAL,CDF4,10,0,0,0,comparator_rate_minus_proposed_rate,PRE_R10_SUPPORTING_DESCRIPTIVE_RESULT_AWARE__NO_NEW_CONFIRMATORY_INFERENCE
22,E2_DYNAMIC__DT-RAMDE_TS2_FULL__VS__SHADE_ONLY,E2_DYNAMIC,OTHER_NONACCEPTED,CDF4,10,0,0,0,comparator_rate_minus_proposed_rate,PRE_R10_SUPPORTING_DESCRIPTIVE_RESULT_AWARE__NO_NEW_CONFIRMATORY_INFERENCE
22,E2_DYNAMIC__DT-RAMDE_TS2_FULL__VS__SHADE_ONLY,E2_DYNAMIC,FAILURE_RATE,CDF5,10,0,0,0,comparator_rate_minus_proposed_rate,PRE_R10_SUPPORTING_DESCRIPTIVE_RESULT_AWARE__NO_NEW_CONFIRMATORY_INFERENCE
22,E2_DYNAMIC__DT-RAMDE_TS2_FULL__VS__SHADE_ONLY,E2_DYNAMIC,REJECT_SAFETY_FILTER,CDF5,10,0,0,0,comparator_rate_minus_proposed_rate,PRE_R10_SUPPORTING_DESCRIPTIVE_RESULT_AWARE__NO_NEW_CONFIRMATORY_INFERENCE
22,E2_DYNAMIC__DT-RAMDE_TS2_FULL__VS__SHADE_ONLY,E2_DYNAMIC,REJECT_BUDGET_NO_FEASIBLE,CDF5,10,0,0,0,comparator_rate_minus_proposed_rate,PRE_R10_SUPPORTING_DESCRIPTIVE_RESULT_AWARE__NO_NEW_CONFIRMATORY_INFERENCE
22,E2_DYNAMIC__DT-RAMDE_TS2_FULL__VS__SHADE_ONLY,E2_DYNAMIC,REJECT_NUMERICAL,CDF5,10,0,0,0,comparator_rate_minus_proposed_rate,PRE_R10_SUPPORTING_DESCRIPTIVE_RESULT_AWARE__NO_NEW_CONFIRMATORY_INFERENCE
22,E2_DYNAMIC__DT-RAMDE_TS2_FULL__VS__SHADE_ONLY,E2_DYNAMIC,OTHER_NONACCEPTED,CDF5,10,0,0,0,comparator_rate_minus_proposed_rate,PRE_R10_SUPPORTING_DESCRIPTIVE_RESULT_AWARE__NO_NEW_CONFIRMATORY_INFERENCE
22,E2_DYNAMIC__DT-RAMDE_TS2_FULL__VS__SHADE_ONLY,E2_DYNAMIC,FAILURE_RATE,CDF6,10,0,0,0,comparator_rate_minus_proposed_rate,PRE_R10_SUPPORTING_DESCRIPTIVE_RESULT_AWARE__NO_NEW_CONFIRMATORY_INFERENCE
22,E2_DYNAMIC__DT-RAMDE_TS2_FULL__VS__SHADE_ONLY,E2_DYNAMIC,REJECT_SAFETY_FILTER,CDF6,10,0,0,0,comparator_rate_minus_proposed_rate,PRE_R10_SUPPORTING_DESCRIPTIVE_RESULT_AWARE__NO_NEW_CONFIRMATORY_INFERENCE
22,E2_DYNAMIC__DT-RAMDE_TS2_FULL__VS__SHADE_ONLY,E2_DYNAMIC,REJECT_BUDGET_NO_FEASIBLE,CDF6,10,0,0,0,comparator_rate_minus_proposed_rate,PRE_R10_SUPPORTING_DESCRIPTIVE_RESULT_AWARE__NO_NEW_CONFIRMATORY_INFERENCE
22,E2_DYNAMIC__DT-RAMDE_TS2_FULL__VS__SHADE_ONLY,E2_DYNAMIC,REJECT_NUMERICAL,CDF6,10,0,0,0,comparator_rate_minus_proposed_rate,PRE_R10_SUPPORTING_DESCRIPTIVE_RESULT_AWARE__NO_NEW_CONFIRMATORY_INFERENCE
22,E2_DYNAMIC__DT-RAMDE_TS2_FULL__VS__SHADE_ONLY,E2_DYNAMIC,OTHER_NONACCEPTED,CDF6,10,0,0,0,comparator_rate_minus_proposed_rate,PRE_R10_SUPPORTING_DESCRIPTIVE_RESULT_AWARE__NO_NEW_CONFIRMATORY_INFERENCE
22,E2_DYNAMIC__DT-RAMDE_TS2_FULL__VS__SHADE_ONLY,E2_DYNAMIC,FAILURE_RATE,CDF7,10,0,0,0,comparator_rate_minus_proposed_rate,PRE_R10_SUPPORTING_DESCRIPTIVE_RESULT_AWARE__NO_NEW_CONFIRMATORY_INFERENCE
22,E2_DYNAMIC__DT-RAMDE_TS2_FULL__VS__SHADE_ONLY,E2_DYNAMIC,REJECT_SAFETY_FILTER,CDF7,10,0,0,0,comparator_rate_minus_proposed_rate,PRE_R10_SUPPORTING_DESCRIPTIVE_RESULT_AWARE__NO_NEW_CONFIRMATORY_INFERENCE
22,E2_DYNAMIC__DT-RAMDE_TS2_FULL__VS__SHADE_ONLY,E2_DYNAMIC,REJECT_BUDGET_NO_FEASIBLE,CDF7,10,0,0,0,comparator_rate_minus_proposed_rate,PRE_R10_SUPPORTING_DESCRIPTIVE_RESULT_AWARE__NO_NEW_CONFIRMATORY_INFERENCE
22,E2_DYNAMIC__DT-RAMDE_TS2_FULL__VS__SHADE_ONLY,E2_DYNAMIC,REJECT_NUMERICAL,CDF7,10,0,0,0,comparator_rate_minus_proposed_rate,PRE_R10_SUPPORTING_DESCRIPTIVE_RESULT_AWARE__NO_NEW_CONFIRMATORY_INFERENCE
22,E2_DYNAMIC__DT-RAMDE_TS2_FULL__VS__SHADE_ONLY,E2_DYNAMIC,OTHER_NONACCEPTED,CDF7,10,0,0,0,comparator_rate_minus_proposed_rate,PRE_R10_SUPPORTING_DESCRIPTIVE_RESULT_AWARE__NO_NEW_CONFIRMATORY_INFERENCE
22,E2_DYNAMIC__DT-RAMDE_TS2_FULL__VS__SHADE_ONLY,E2_DYNAMIC,FAILURE_RATE,CDF8,10,0,0,0,comparator_rate_minus_proposed_rate,PRE_R10_SUPPORTING_DESCRIPTIVE_RESULT_AWARE__NO_NEW_CONFIRMATORY_INFERENCE
22,E2_DYNAMIC__DT-RAMDE_TS2_FULL__VS__SHADE_ONLY,E2_DYNAMIC,REJECT_SAFETY_FILTER,CDF8,10,0,0,0,comparator_rate_minus_proposed_rate,PRE_R10_SUPPORTING_DESCRIPTIVE_RESULT_AWARE__NO_NEW_CONFIRMATORY_INFERENCE
22,E2_DYNAMIC__DT-RAMDE_TS2_FULL__VS__SHADE_ONLY,E2_DYNAMIC,REJECT_BUDGET_NO_FEASIBLE,CDF8,10,0,0,0,comparator_rate_minus_proposed_rate,PRE_R10_SUPPORTING_DESCRIPTIVE_RESULT_AWARE__NO_NEW_CONFIRMATORY_INFERENCE
22,E2_DYNAMIC__DT-RAMDE_TS2_FULL__VS__SHADE_ONLY,E2_DYNAMIC,REJECT_NUMERICAL,CDF8,10,0,0,0,comparator_rate_minus_proposed_rate,PRE_R10_SUPPORTING_DESCRIPTIVE_RESULT_AWARE__NO_NEW_CONFIRMATORY_INFERENCE
22,E2_DYNAMIC__DT-RAMDE_TS2_FULL__VS__SHADE_ONLY,E2_DYNAMIC,OTHER_NONACCEPTED,CDF8,10,0,0,0,comparator_rate_minus_proposed_rate,PRE_R10_SUPPORTING_DESCRIPTIVE_RESULT_AWARE__NO_NEW_CONFIRMATORY_INFERENCE
22,E2_DYNAMIC__DT-RAMDE_TS2_FULL__VS__SHADE_ONLY,E2_DYNAMIC,FAILURE_RATE,CDF9,10,0,0,0,comparator_rate_minus_proposed_rate,PRE_R10_SUPPORTING_DESCRIPTIVE_RESULT_AWARE__NO_NEW_CONFIRMATORY_INFERENCE
22,E2_DYNAMIC__DT-RAMDE_TS2_FULL__VS__SHADE_ONLY,E2_DYNAMIC,REJECT_SAFETY_FILTER,CDF9,10,0,0,0,comparator_rate_minus_proposed_rate,PRE_R10_SUPPORTING_DESCRIPTIVE_RESULT_AWARE__NO_NEW_CONFIRMATORY_INFERENCE
22,E2_DYNAMIC__DT-RAMDE_TS2_FULL__VS__SHADE_ONLY,E2_DYNAMIC,REJECT_BUDGET_NO_FEASIBLE,CDF9,10,0,0,0,comparator_rate_minus_proposed_rate,PRE_R10_SUPPORTING_DESCRIPTIVE_RESULT_AWARE__NO_NEW_CONFIRMATORY_INFERENCE
22,E2_DYNAMIC__DT-RAMDE_TS2_FULL__VS__SHADE_ONLY,E2_DYNAMIC,REJECT_NUMERICAL,CDF9,10,0,0,0,comparator_rate_minus_proposed_rate,PRE_R10_SUPPORTING_DESCRIPTIVE_RESULT_AWARE__NO_NEW_CONFIRMATORY_INFERENCE
22,E2_DYNAMIC__DT-RAMDE_TS2_FULL__VS__SHADE_ONLY,E2_DYNAMIC,OTHER_NONACCEPTED,CDF9,10,0,0,0,comparator_rate_minus_proposed_rate,PRE_R10_SUPPORTING_DESCRIPTIVE_RESULT_AWARE__NO_NEW_CONFIRMATORY_INFERENCE
23,E2_ROLLING__DT-RAMDE_TS2_FULL__VS__NO_CROSS_EVENT_MEMORY,E2_ROLLING,FAILURE_RATE,RR-INTERMITTENT/0,5,-0.20999999999999999,-0.20999999999999999,-0.20999999999999999,comparator_rate_minus_proposed_rate,PRE_R10_SUPPORTING_DESCRIPTIVE_RESULT_AWARE__NO_NEW_CONFIRMATORY_INFERENCE
23,E2_ROLLING__DT-RAMDE_TS2_FULL__VS__NO_CROSS_EVENT_MEMORY,E2_ROLLING,REJECT_SAFETY_FILTER,RR-INTERMITTENT/0,5,-0.21000000000000002,-0.21000000000000002,-0.21000000000000002,comparator_rate_minus_proposed_rate,PRE_R10_SUPPORTING_DESCRIPTIVE_RESULT_AWARE__NO_NEW_CONFIRMATORY_INFERENCE
23,E2_ROLLING__DT-RAMDE_TS2_FULL__VS__NO_CROSS_EVENT_MEMORY,E2_ROLLING,REJECT_BUDGET_NO_FEASIBLE,RR-INTERMITTENT/0,5,0,0,0,comparator_rate_minus_proposed_rate,PRE_R10_SUPPORTING_DESCRIPTIVE_RESULT_AWARE__NO_NEW_CONFIRMATORY_INFERENCE
23,E2_ROLLING__DT-RAMDE_TS2_FULL__VS__NO_CROSS_EVENT_MEMORY,E2_ROLLING,REJECT_NUMERICAL,RR-INTERMITTENT/0,5,0,0,0,comparator_rate_minus_proposed_rate,PRE_R10_SUPPORTING_DESCRIPTIVE_RESULT_AWARE__NO_NEW_CONFIRMATORY_INFERENCE
23,E2_ROLLING__DT-RAMDE_TS2_FULL__VS__NO_CROSS_EVENT_MEMORY,E2_ROLLING,OTHER_NONACCEPTED,RR-INTERMITTENT/0,5,0,0,0,comparator_rate_minus_proposed_rate,PRE_R10_SUPPORTING_DESCRIPTIVE_RESULT_AWARE__NO_NEW_CONFIRMATORY_INFERENCE
23,E2_ROLLING__DT-RAMDE_TS2_FULL__VS__NO_CROSS_EVENT_MEMORY,E2_ROLLING,FAILURE_RATE,RR-INTERMITTENT/1,5,0,0,0,comparator_rate_minus_proposed_rate,PRE_R10_SUPPORTING_DESCRIPTIVE_RESULT_AWARE__NO_NEW_CONFIRMATORY_INFERENCE
23,E2_ROLLING__DT-RAMDE_TS2_FULL__VS__NO_CROSS_EVENT_MEMORY,E2_ROLLING,REJECT_SAFETY_FILTER,RR-INTERMITTENT/1,5,0,0,0,comparator_rate_minus_proposed_rate,PRE_R10_SUPPORTING_DESCRIPTIVE_RESULT_AWARE__NO_NEW_CONFIRMATORY_INFERENCE
23,E2_ROLLING__DT-RAMDE_TS2_FULL__VS__NO_CROSS_EVENT_MEMORY,E2_ROLLING,REJECT_BUDGET_NO_FEASIBLE,RR-INTERMITTENT/1,5,0,0,0,comparator_rate_minus_proposed_rate,PRE_R10_SUPPORTING_DESCRIPTIVE_RESULT_AWARE__NO_NEW_CONFIRMATORY_INFERENCE
23,E2_ROLLING__DT-RAMDE_TS2_FULL__VS__NO_CROSS_EVENT_MEMORY,E2_ROLLING,REJECT_NUMERICAL,RR-INTERMITTENT/1,5,0,0,0,comparator_rate_minus_proposed_rate,PRE_R10_SUPPORTING_DESCRIPTIVE_RESULT_AWARE__NO_NEW_CONFIRMATORY_INFERENCE
23,E2_ROLLING__DT-RAMDE_TS2_FULL__VS__NO_CROSS_EVENT_MEMORY,E2_ROLLING,OTHER_NONACCEPTED,RR-INTERMITTENT/1,5,0,0,0,comparator_rate_minus_proposed_rate,PRE_R10_SUPPORTING_DESCRIPTIVE_RESULT_AWARE__NO_NEW_CONFIRMATORY_INFERENCE
23,E2_ROLLING__DT-RAMDE_TS2_FULL__VS__NO_CROSS_EVENT_MEMORY,E2_ROLLING,FAILURE_RATE,RR-INTERMITTENT/2,5,-0.030000000000000006,-0.030000000000000006,-0.030000000000000006,comparator_rate_minus_proposed_rate,PRE_R10_SUPPORTING_DESCRIPTIVE_RESULT_AWARE__NO_NEW_CONFIRMATORY_INFERENCE
23,E2_ROLLING__DT-RAMDE_TS2_FULL__VS__NO_CROSS_EVENT_MEMORY,E2_ROLLING,REJECT_SAFETY_FILTER,RR-INTERMITTENT/2,5,-0.030000000000000006,-0.030000000000000006,-0.030000000000000006,comparator_rate_minus_proposed_rate,PRE_R10_SUPPORTING_DESCRIPTIVE_RESULT_AWARE__NO_NEW_CONFIRMATORY_INFERENCE
23,E2_ROLLING__DT-RAMDE_TS2_FULL__VS__NO_CROSS_EVENT_MEMORY,E2_ROLLING,REJECT_BUDGET_NO_FEASIBLE,RR-INTERMITTENT/2,5,0,0,0,comparator_rate_minus_proposed_rate,PRE_R10_SUPPORTING_DESCRIPTIVE_RESULT_AWARE__NO_NEW_CONFIRMATORY_INFERENCE
23,E2_ROLLING__DT-RAMDE_TS2_FULL__VS__NO_CROSS_EVENT_MEMORY,E2_ROLLING,REJECT_NUMERICAL,RR-INTERMITTENT/2,5,0,0,0,comparator_rate_minus_proposed_rate,PRE_R10_SUPPORTING_DESCRIPTIVE_RESULT_AWARE__NO_NEW_CONFIRMATORY_INFERENCE
23,E2_ROLLING__DT-RAMDE_TS2_FULL__VS__NO_CROSS_EVENT_MEMORY,E2_ROLLING,OTHER_NONACCEPTED,RR-INTERMITTENT/2,5,0,0,0,comparator_rate_minus_proposed_rate,PRE_R10_SUPPORTING_DESCRIPTIVE_RESULT_AWARE__NO_NEW_CONFIRMATORY_INFERENCE
23,E2_ROLLING__DT-RAMDE_TS2_FULL__VS__NO_CROSS_EVENT_MEMORY,E2_ROLLING,FAILURE_RATE,RR-INTERMITTENT/3,5,-0.21000000000000002,-0.21000000000000002,-0.21000000000000002,comparator_rate_minus_proposed_rate,PRE_R10_SUPPORTING_DESCRIPTIVE_RESULT_AWARE__NO_NEW_CONFIRMATORY_INFERENCE
23,E2_ROLLING__DT-RAMDE_TS2_FULL__VS__NO_CROSS_EVENT_MEMORY,E2_ROLLING,REJECT_SAFETY_FILTER,RR-INTERMITTENT/3,5,-0.059999999999999998,-0.059999999999999998,-0.059999999999999998,comparator_rate_minus_proposed_rate,PRE_R10_SUPPORTING_DESCRIPTIVE_RESULT_AWARE__NO_NEW_CONFIRMATORY_INFERENCE
23,E2_ROLLING__DT-RAMDE_TS2_FULL__VS__NO_CROSS_EVENT_MEMORY,E2_ROLLING,REJECT_BUDGET_NO_FEASIBLE,RR-INTERMITTENT/3,5,-0.14999999999999999,-0.14999999999999999,-0.14999999999999999,comparator_rate_minus_proposed_rate,PRE_R10_SUPPORTING_DESCRIPTIVE_RESULT_AWARE__NO_NEW_CONFIRMATORY_INFERENCE
23,E2_ROLLING__DT-RAMDE_TS2_FULL__VS__NO_CROSS_EVENT_MEMORY,E2_ROLLING,REJECT_NUMERICAL,RR-INTERMITTENT/3,5,0,0,0,comparator_rate_minus_proposed_rate,PRE_R10_SUPPORTING_DESCRIPTIVE_RESULT_AWARE__NO_NEW_CONFIRMATORY_INFERENCE
23,E2_ROLLING__DT-RAMDE_TS2_FULL__VS__NO_CROSS_EVENT_MEMORY,E2_ROLLING,OTHER_NONACCEPTED,RR-INTERMITTENT/3,5,0,0,0,comparator_rate_minus_proposed_rate,PRE_R10_SUPPORTING_DESCRIPTIVE_RESULT_AWARE__NO_NEW_CONFIRMATORY_INFERENCE
23,E2_ROLLING__DT-RAMDE_TS2_FULL__VS__NO_CROSS_EVENT_MEMORY,E2_ROLLING,FAILURE_RATE,RR-INTERMITTENT/4,5,-0.069999999999999993,-0.069999999999999993,-0.069999999999999993,comparator_rate_minus_proposed_rate,PRE_R10_SUPPORTING_DESCRIPTIVE_RESULT_AWARE__NO_NEW_CONFIRMATORY_INFERENCE
23,E2_ROLLING__DT-RAMDE_TS2_FULL__VS__NO_CROSS_EVENT_MEMORY,E2_ROLLING,REJECT_SAFETY_FILTER,RR-INTERMITTENT/4,5,-0.069999999999999993,-0.069999999999999993,-0.069999999999999993,comparator_rate_minus_proposed_rate,PRE_R10_SUPPORTING_DESCRIPTIVE_RESULT_AWARE__NO_NEW_CONFIRMATORY_INFERENCE
23,E2_ROLLING__DT-RAMDE_TS2_FULL__VS__NO_CROSS_EVENT_MEMORY,E2_ROLLING,REJECT_BUDGET_NO_FEASIBLE,RR-INTERMITTENT/4,5,0,0,0,comparator_rate_minus_proposed_rate,PRE_R10_SUPPORTING_DESCRIPTIVE_RESULT_AWARE__NO_NEW_CONFIRMATORY_INFERENCE
23,E2_ROLLING__DT-RAMDE_TS2_FULL__VS__NO_CROSS_EVENT_MEMORY,E2_ROLLING,REJECT_NUMERICAL,RR-INTERMITTENT/4,5,0,0,0,comparator_rate_minus_proposed_rate,PRE_R10_SUPPORTING_DESCRIPTIVE_RESULT_AWARE__NO_NEW_CONFIRMATORY_INFERENCE
23,E2_ROLLING__DT-RAMDE_TS2_FULL__VS__NO_CROSS_EVENT_MEMORY,E2_ROLLING,OTHER_NONACCEPTED,RR-INTERMITTENT/4,5,0,0,0,comparator_rate_minus_proposed_rate,PRE_R10_SUPPORTING_DESCRIPTIVE_RESULT_AWARE__NO_NEW_CONFIRMATORY_INFERENCE
23,E2_ROLLING__DT-RAMDE_TS2_FULL__VS__NO_CROSS_EVENT_MEMORY,E2_ROLLING,FAILURE_RATE,RR-INTERMITTENT/5,5,-0.19,-0.19,-0.19,comparator_rate_minus_proposed_rate,PRE_R10_SUPPORTING_DESCRIPTIVE_RESULT_AWARE__NO_NEW_CONFIRMATORY_INFERENCE
23,E2_ROLLING__DT-RAMDE_TS2_FULL__VS__NO_CROSS_EVENT_MEMORY,E2_ROLLING,REJECT_SAFETY_FILTER,RR-INTERMITTENT/5,5,-0.19,-0.19,-0.19,comparator_rate_minus_proposed_rate,PRE_R10_SUPPORTING_DESCRIPTIVE_RESULT_AWARE__NO_NEW_CONFIRMATORY_INFERENCE
23,E2_ROLLING__DT-RAMDE_TS2_FULL__VS__NO_CROSS_EVENT_MEMORY,E2_ROLLING,REJECT_BUDGET_NO_FEASIBLE,RR-INTERMITTENT/5,5,0,0,0,comparator_rate_minus_proposed_rate,PRE_R10_SUPPORTING_DESCRIPTIVE_RESULT_AWARE__NO_NEW_CONFIRMATORY_INFERENCE
23,E2_ROLLING__DT-RAMDE_TS2_FULL__VS__NO_CROSS_EVENT_MEMORY,E2_ROLLING,REJECT_NUMERICAL,RR-INTERMITTENT/5,5,0,0,0,comparator_rate_minus_proposed_rate,PRE_R10_SUPPORTING_DESCRIPTIVE_RESULT_AWARE__NO_NEW_CONFIRMATORY_INFERENCE
23,E2_ROLLING__DT-RAMDE_TS2_FULL__VS__NO_CROSS_EVENT_MEMORY,E2_ROLLING,OTHER_NONACCEPTED,RR-INTERMITTENT/5,5,0,0,0,comparator_rate_minus_proposed_rate,PRE_R10_SUPPORTING_DESCRIPTIVE_RESULT_AWARE__NO_NEW_CONFIRMATORY_INFERENCE
23,E2_ROLLING__DT-RAMDE_TS2_FULL__VS__NO_CROSS_EVENT_MEMORY,E2_ROLLING,FAILURE_RATE,RR-INTERMITTENT/6,5,0,0,0,comparator_rate_minus_proposed_rate,PRE_R10_SUPPORTING_DESCRIPTIVE_RESULT_AWARE__NO_NEW_CONFIRMATORY_INFERENCE
23,E2_ROLLING__DT-RAMDE_TS2_FULL__VS__NO_CROSS_EVENT_MEMORY,E2_ROLLING,REJECT_SAFETY_FILTER,RR-INTERMITTENT/6,5,0,0,0,comparator_rate_minus_proposed_rate,PRE_R10_SUPPORTING_DESCRIPTIVE_RESULT_AWARE__NO_NEW_CONFIRMATORY_INFERENCE
23,E2_ROLLING__DT-RAMDE_TS2_FULL__VS__NO_CROSS_EVENT_MEMORY,E2_ROLLING,REJECT_BUDGET_NO_FEASIBLE,RR-INTERMITTENT/6,5,0,0,0,comparator_rate_minus_proposed_rate,PRE_R10_SUPPORTING_DESCRIPTIVE_RESULT_AWARE__NO_NEW_CONFIRMATORY_INFERENCE
23,E2_ROLLING__DT-RAMDE_TS2_FULL__VS__NO_CROSS_EVENT_MEMORY,E2_ROLLING,REJECT_NUMERICAL,RR-INTERMITTENT/6,5,0,0,0,comparator_rate_minus_proposed_rate,PRE_R10_SUPPORTING_DESCRIPTIVE_RESULT_AWARE__NO_NEW_CONFIRMATORY_INFERENCE
23,E2_ROLLING__DT-RAMDE_TS2_FULL__VS__NO_CROSS_EVENT_MEMORY,E2_ROLLING,OTHER_NONACCEPTED,RR-INTERMITTENT/6,5,0,0,0,comparator_rate_minus_proposed_rate,PRE_R10_SUPPORTING_DESCRIPTIVE_RESULT_AWARE__NO_NEW_CONFIRMATORY_INFERENCE
23,E2_ROLLING__DT-RAMDE_TS2_FULL__VS__NO_CROSS_EVENT_MEMORY,E2_ROLLING,FAILURE_RATE,RR-INTERMITTENT/7,5,-0.13000000000000012,-0.13000000000000012,-0.13000000000000012,comparator_rate_minus_proposed_rate,PRE_R10_SUPPORTING_DESCRIPTIVE_RESULT_AWARE__NO_NEW_CONFIRMATORY_INFERENCE
23,E2_ROLLING__DT-RAMDE_TS2_FULL__VS__NO_CROSS_EVENT_MEMORY,E2_ROLLING,REJECT_SAFETY_FILTER,RR-INTERMITTENT/7,5,-0.13,-0.13,-0.13,comparator_rate_minus_proposed_rate,PRE_R10_SUPPORTING_DESCRIPTIVE_RESULT_AWARE__NO_NEW_CONFIRMATORY_INFERENCE
23,E2_ROLLING__DT-RAMDE_TS2_FULL__VS__NO_CROSS_EVENT_MEMORY,E2_ROLLING,REJECT_BUDGET_NO_FEASIBLE,RR-INTERMITTENT/7,5,0,0,0,comparator_rate_minus_proposed_rate,PRE_R10_SUPPORTING_DESCRIPTIVE_RESULT_AWARE__NO_NEW_CONFIRMATORY_INFERENCE
23,E2_ROLLING__DT-RAMDE_TS2_FULL__VS__NO_CROSS_EVENT_MEMORY,E2_ROLLING,REJECT_NUMERICAL,RR-INTERMITTENT/7,5,0,0,0,comparator_rate_minus_proposed_rate,PRE_R10_SUPPORTING_DESCRIPTIVE_RESULT_AWARE__NO_NEW_CONFIRMATORY_INFERENCE
23,E2_ROLLING__DT-RAMDE_TS2_FULL__VS__NO_CROSS_EVENT_MEMORY,E2_ROLLING,OTHER_NONACCEPTED,RR-INTERMITTENT/7,5,0,0,0,comparator_rate_minus_proposed_rate,PRE_R10_SUPPORTING_DESCRIPTIVE_RESULT_AWARE__NO_NEW_CONFIRMATORY_INFERENCE
23,E2_ROLLING__DT-RAMDE_TS2_FULL__VS__NO_CROSS_EVENT_MEMORY,E2_ROLLING,FAILURE_RATE,RR-REJECTION/0,5,-0.029999999999999971,-0.029999999999999971,-0.029999999999999971,comparator_rate_minus_proposed_rate,PRE_R10_SUPPORTING_DESCRIPTIVE_RESULT_AWARE__NO_NEW_CONFIRMATORY_INFERENCE
23,E2_ROLLING__DT-RAMDE_TS2_FULL__VS__NO_CROSS_EVENT_MEMORY,E2_ROLLING,REJECT_SAFETY_FILTER,RR-REJECTION/0,5,-0.030000000000000006,-0.030000000000000006,-0.030000000000000006,comparator_rate_minus_proposed_rate,PRE_R10_SUPPORTING_DESCRIPTIVE_RESULT_AWARE__NO_NEW_CONFIRMATORY_INFERENCE
23,E2_ROLLING__DT-RAMDE_TS2_FULL__VS__NO_CROSS_EVENT_MEMORY,E2_ROLLING,REJECT_BUDGET_NO_FEASIBLE,RR-REJECTION/0,5,0,0,0,comparator_rate_minus_proposed_rate,PRE_R10_SUPPORTING_DESCRIPTIVE_RESULT_AWARE__NO_NEW_CONFIRMATORY_INFERENCE
23,E2_ROLLING__DT-RAMDE_TS2_FULL__VS__NO_CROSS_EVENT_MEMORY,E2_ROLLING,REJECT_NUMERICAL,RR-REJECTION/0,5,0,0,0,comparator_rate_minus_proposed_rate,PRE_R10_SUPPORTING_DESCRIPTIVE_RESULT_AWARE__NO_NEW_CONFIRMATORY_INFERENCE
23,E2_ROLLING__DT-RAMDE_TS2_FULL__VS__NO_CROSS_EVENT_MEMORY,E2_ROLLING,OTHER_NONACCEPTED,RR-REJECTION/0,5,0,0,0,comparator_rate_minus_proposed_rate,PRE_R10_SUPPORTING_DESCRIPTIVE_RESULT_AWARE__NO_NEW_CONFIRMATORY_INFERENCE
23,E2_ROLLING__DT-RAMDE_TS2_FULL__VS__NO_CROSS_EVENT_MEMORY,E2_ROLLING,FAILURE_RATE,RR-REJECTION/1,5,-0.020000000000000004,-0.020000000000000004,-0.020000000000000004,comparator_rate_minus_proposed_rate,PRE_R10_SUPPORTING_DESCRIPTIVE_RESULT_AWARE__NO_NEW_CONFIRMATORY_INFERENCE
23,E2_ROLLING__DT-RAMDE_TS2_FULL__VS__NO_CROSS_EVENT_MEMORY,E2_ROLLING,REJECT_SAFETY_FILTER,RR-REJECTION/1,5,-0.02,-0.02,-0.02,comparator_rate_minus_proposed_rate,PRE_R10_SUPPORTING_DESCRIPTIVE_RESULT_AWARE__NO_NEW_CONFIRMATORY_INFERENCE
23,E2_ROLLING__DT-RAMDE_TS2_FULL__VS__NO_CROSS_EVENT_MEMORY,E2_ROLLING,REJECT_BUDGET_NO_FEASIBLE,RR-REJECTION/1,5,0,0,0,comparator_rate_minus_proposed_rate,PRE_R10_SUPPORTING_DESCRIPTIVE_RESULT_AWARE__NO_NEW_CONFIRMATORY_INFERENCE
23,E2_ROLLING__DT-RAMDE_TS2_FULL__VS__NO_CROSS_EVENT_MEMORY,E2_ROLLING,REJECT_NUMERICAL,RR-REJECTION/1,5,0,0,0,comparator_rate_minus_proposed_rate,PRE_R10_SUPPORTING_DESCRIPTIVE_RESULT_AWARE__NO_NEW_CONFIRMATORY_INFERENCE
23,E2_ROLLING__DT-RAMDE_TS2_FULL__VS__NO_CROSS_EVENT_MEMORY,E2_ROLLING,OTHER_NONACCEPTED,RR-REJECTION/1,5,0,0,0,comparator_rate_minus_proposed_rate,PRE_R10_SUPPORTING_DESCRIPTIVE_RESULT_AWARE__NO_NEW_CONFIRMATORY_INFERENCE
23,E2_ROLLING__DT-RAMDE_TS2_FULL__VS__NO_CROSS_EVENT_MEMORY,E2_ROLLING,FAILURE_RATE,RR-REJECTION/2,5,-0.020000000000000018,-0.020000000000000018,-0.020000000000000018,comparator_rate_minus_proposed_rate,PRE_R10_SUPPORTING_DESCRIPTIVE_RESULT_AWARE__NO_NEW_CONFIRMATORY_INFERENCE
23,E2_ROLLING__DT-RAMDE_TS2_FULL__VS__NO_CROSS_EVENT_MEMORY,E2_ROLLING,REJECT_SAFETY_FILTER,RR-REJECTION/2,5,-0.019999999999999997,-0.019999999999999997,-0.019999999999999997,comparator_rate_minus_proposed_rate,PRE_R10_SUPPORTING_DESCRIPTIVE_RESULT_AWARE__NO_NEW_CONFIRMATORY_INFERENCE
23,E2_ROLLING__DT-RAMDE_TS2_FULL__VS__NO_CROSS_EVENT_MEMORY,E2_ROLLING,REJECT_BUDGET_NO_FEASIBLE,RR-REJECTION/2,5,0,0,0,comparator_rate_minus_proposed_rate,PRE_R10_SUPPORTING_DESCRIPTIVE_RESULT_AWARE__NO_NEW_CONFIRMATORY_INFERENCE
23,E2_ROLLING__DT-RAMDE_TS2_FULL__VS__NO_CROSS_EVENT_MEMORY,E2_ROLLING,REJECT_NUMERICAL,RR-REJECTION/2,5,0,0,0,comparator_rate_minus_proposed_rate,PRE_R10_SUPPORTING_DESCRIPTIVE_RESULT_AWARE__NO_NEW_CONFIRMATORY_INFERENCE
23,E2_ROLLING__DT-RAMDE_TS2_FULL__VS__NO_CROSS_EVENT_MEMORY,E2_ROLLING,OTHER_NONACCEPTED,RR-REJECTION/2,5,0,0,0,comparator_rate_minus_proposed_rate,PRE_R10_SUPPORTING_DESCRIPTIVE_RESULT_AWARE__NO_NEW_CONFIRMATORY_INFERENCE
23,E2_ROLLING__DT-RAMDE_TS2_FULL__VS__NO_CROSS_EVENT_MEMORY,E2_ROLLING,FAILURE_RATE,RR-REJECTION/3,5,0.060000000000000005,0.060000000000000005,0.060000000000000005,comparator_rate_minus_proposed_rate,PRE_R10_SUPPORTING_DESCRIPTIVE_RESULT_AWARE__NO_NEW_CONFIRMATORY_INFERENCE
23,E2_ROLLING__DT-RAMDE_TS2_FULL__VS__NO_CROSS_EVENT_MEMORY,E2_ROLLING,REJECT_SAFETY_FILTER,RR-REJECTION/3,5,0.059999999999999984,0.059999999999999984,0.059999999999999984,comparator_rate_minus_proposed_rate,PRE_R10_SUPPORTING_DESCRIPTIVE_RESULT_AWARE__NO_NEW_CONFIRMATORY_INFERENCE
23,E2_ROLLING__DT-RAMDE_TS2_FULL__VS__NO_CROSS_EVENT_MEMORY,E2_ROLLING,REJECT_BUDGET_NO_FEASIBLE,RR-REJECTION/3,5,0,0,0,comparator_rate_minus_proposed_rate,PRE_R10_SUPPORTING_DESCRIPTIVE_RESULT_AWARE__NO_NEW_CONFIRMATORY_INFERENCE
23,E2_ROLLING__DT-RAMDE_TS2_FULL__VS__NO_CROSS_EVENT_MEMORY,E2_ROLLING,REJECT_NUMERICAL,RR-REJECTION/3,5,0,0,0,comparator_rate_minus_proposed_rate,PRE_R10_SUPPORTING_DESCRIPTIVE_RESULT_AWARE__NO_NEW_CONFIRMATORY_INFERENCE
23,E2_ROLLING__DT-RAMDE_TS2_FULL__VS__NO_CROSS_EVENT_MEMORY,E2_ROLLING,OTHER_NONACCEPTED,RR-REJECTION/3,5,0,0,0,comparator_rate_minus_proposed_rate,PRE_R10_SUPPORTING_DESCRIPTIVE_RESULT_AWARE__NO_NEW_CONFIRMATORY_INFERENCE
23,E2_ROLLING__DT-RAMDE_TS2_FULL__VS__NO_CROSS_EVENT_MEMORY,E2_ROLLING,FAILURE_RATE,RR-REJECTION/4,5,-0.019999999999999997,-0.019999999999999997,-0.019999999999999997,comparator_rate_minus_proposed_rate,PRE_R10_SUPPORTING_DESCRIPTIVE_RESULT_AWARE__NO_NEW_CONFIRMATORY_INFERENCE
23,E2_ROLLING__DT-RAMDE_TS2_FULL__VS__NO_CROSS_EVENT_MEMORY,E2_ROLLING,REJECT_SAFETY_FILTER,RR-REJECTION/4,5,-0.02,-0.02,-0.02,comparator_rate_minus_proposed_rate,PRE_R10_SUPPORTING_DESCRIPTIVE_RESULT_AWARE__NO_NEW_CONFIRMATORY_INFERENCE
23,E2_ROLLING__DT-RAMDE_TS2_FULL__VS__NO_CROSS_EVENT_MEMORY,E2_ROLLING,REJECT_BUDGET_NO_FEASIBLE,RR-REJECTION/4,5,0,0,0,comparator_rate_minus_proposed_rate,PRE_R10_SUPPORTING_DESCRIPTIVE_RESULT_AWARE__NO_NEW_CONFIRMATORY_INFERENCE
23,E2_ROLLING__DT-RAMDE_TS2_FULL__VS__NO_CROSS_EVENT_MEMORY,E2_ROLLING,REJECT_NUMERICAL,RR-REJECTION/4,5,0,0,0,comparator_rate_minus_proposed_rate,PRE_R10_SUPPORTING_DESCRIPTIVE_RESULT_AWARE__NO_NEW_CONFIRMATORY_INFERENCE
23,E2_ROLLING__DT-RAMDE_TS2_FULL__VS__NO_CROSS_EVENT_MEMORY,E2_ROLLING,OTHER_NONACCEPTED,RR-REJECTION/4,5,0,0,0,comparator_rate_minus_proposed_rate,PRE_R10_SUPPORTING_DESCRIPTIVE_RESULT_AWARE__NO_NEW_CONFIRMATORY_INFERENCE
23,E2_ROLLING__DT-RAMDE_TS2_FULL__VS__NO_CROSS_EVENT_MEMORY,E2_ROLLING,FAILURE_RATE,RR-REJECTION/5,5,0.059999999999999998,0.059999999999999998,0.059999999999999998,comparator_rate_minus_proposed_rate,PRE_R10_SUPPORTING_DESCRIPTIVE_RESULT_AWARE__NO_NEW_CONFIRMATORY_INFERENCE
23,E2_ROLLING__DT-RAMDE_TS2_FULL__VS__NO_CROSS_EVENT_MEMORY,E2_ROLLING,REJECT_SAFETY_FILTER,RR-REJECTION/5,5,0.059999999999999998,0.059999999999999998,0.059999999999999998,comparator_rate_minus_proposed_rate,PRE_R10_SUPPORTING_DESCRIPTIVE_RESULT_AWARE__NO_NEW_CONFIRMATORY_INFERENCE
23,E2_ROLLING__DT-RAMDE_TS2_FULL__VS__NO_CROSS_EVENT_MEMORY,E2_ROLLING,REJECT_BUDGET_NO_FEASIBLE,RR-REJECTION/5,5,0,0,0,comparator_rate_minus_proposed_rate,PRE_R10_SUPPORTING_DESCRIPTIVE_RESULT_AWARE__NO_NEW_CONFIRMATORY_INFERENCE
23,E2_ROLLING__DT-RAMDE_TS2_FULL__VS__NO_CROSS_EVENT_MEMORY,E2_ROLLING,REJECT_NUMERICAL,RR-REJECTION/5,5,0,0,0,comparator_rate_minus_proposed_rate,PRE_R10_SUPPORTING_DESCRIPTIVE_RESULT_AWARE__NO_NEW_CONFIRMATORY_INFERENCE
23,E2_ROLLING__DT-RAMDE_TS2_FULL__VS__NO_CROSS_EVENT_MEMORY,E2_ROLLING,OTHER_NONACCEPTED,RR-REJECTION/5,5,0,0,0,comparator_rate_minus_proposed_rate,PRE_R10_SUPPORTING_DESCRIPTIVE_RESULT_AWARE__NO_NEW_CONFIRMATORY_INFERENCE
23,E2_ROLLING__DT-RAMDE_TS2_FULL__VS__NO_CROSS_EVENT_MEMORY,E2_ROLLING,FAILURE_RATE,RR-REJECTION/6,5,-0.01,-0.01,-0.01,comparator_rate_minus_proposed_rate,PRE_R10_SUPPORTING_DESCRIPTIVE_RESULT_AWARE__NO_NEW_CONFIRMATORY_INFERENCE
23,E2_ROLLING__DT-RAMDE_TS2_FULL__VS__NO_CROSS_EVENT_MEMORY,E2_ROLLING,REJECT_SAFETY_FILTER,RR-REJECTION/6,5,-0.01,-0.01,-0.01,comparator_rate_minus_proposed_rate,PRE_R10_SUPPORTING_DESCRIPTIVE_RESULT_AWARE__NO_NEW_CONFIRMATORY_INFERENCE
23,E2_ROLLING__DT-RAMDE_TS2_FULL__VS__NO_CROSS_EVENT_MEMORY,E2_ROLLING,REJECT_BUDGET_NO_FEASIBLE,RR-REJECTION/6,5,0,0,0,comparator_rate_minus_proposed_rate,PRE_R10_SUPPORTING_DESCRIPTIVE_RESULT_AWARE__NO_NEW_CONFIRMATORY_INFERENCE
23,E2_ROLLING__DT-RAMDE_TS2_FULL__VS__NO_CROSS_EVENT_MEMORY,E2_ROLLING,REJECT_NUMERICAL,RR-REJECTION/6,5,0,0,0,comparator_rate_minus_proposed_rate,PRE_R10_SUPPORTING_DESCRIPTIVE_RESULT_AWARE__NO_NEW_CONFIRMATORY_INFERENCE
23,E2_ROLLING__DT-RAMDE_TS2_FULL__VS__NO_CROSS_EVENT_MEMORY,E2_ROLLING,OTHER_NONACCEPTED,RR-REJECTION/6,5,0,0,0,comparator_rate_minus_proposed_rate,PRE_R10_SUPPORTING_DESCRIPTIVE_RESULT_AWARE__NO_NEW_CONFIRMATORY_INFERENCE
23,E2_ROLLING__DT-RAMDE_TS2_FULL__VS__NO_CROSS_EVENT_MEMORY,E2_ROLLING,FAILURE_RATE,RR-REJECTION/7,5,-0.019999999999999962,-0.019999999999999962,-0.019999999999999962,comparator_rate_minus_proposed_rate,PRE_R10_SUPPORTING_DESCRIPTIVE_RESULT_AWARE__NO_NEW_CONFIRMATORY_INFERENCE
23,E2_ROLLING__DT-RAMDE_TS2_FULL__VS__NO_CROSS_EVENT_MEMORY,E2_ROLLING,REJECT_SAFETY_FILTER,RR-REJECTION/7,5,-0.019999999999999997,-0.019999999999999997,-0.019999999999999997,comparator_rate_minus_proposed_rate,PRE_R10_SUPPORTING_DESCRIPTIVE_RESULT_AWARE__NO_NEW_CONFIRMATORY_INFERENCE
23,E2_ROLLING__DT-RAMDE_TS2_FULL__VS__NO_CROSS_EVENT_MEMORY,E2_ROLLING,REJECT_BUDGET_NO_FEASIBLE,RR-REJECTION/7,5,0,0,0,comparator_rate_minus_proposed_rate,PRE_R10_SUPPORTING_DESCRIPTIVE_RESULT_AWARE__NO_NEW_CONFIRMATORY_INFERENCE
23,E2_ROLLING__DT-RAMDE_TS2_FULL__VS__NO_CROSS_EVENT_MEMORY,E2_ROLLING,REJECT_NUMERICAL,RR-REJECTION/7,5,0,0,0,comparator_rate_minus_proposed_rate,PRE_R10_SUPPORTING_DESCRIPTIVE_RESULT_AWARE__NO_NEW_CONFIRMATORY_INFERENCE
23,E2_ROLLING__DT-RAMDE_TS2_FULL__VS__NO_CROSS_EVENT_MEMORY,E2_ROLLING,OTHER_NONACCEPTED,RR-REJECTION/7,5,0,0,0,comparator_rate_minus_proposed_rate,PRE_R10_SUPPORTING_DESCRIPTIVE_RESULT_AWARE__NO_NEW_CONFIRMATORY_INFERENCE
23,E2_ROLLING__DT-RAMDE_TS2_FULL__VS__NO_CROSS_EVENT_MEMORY,E2_ROLLING,FAILURE_RATE,RR-SHOCK/0,5,0,0,0,comparator_rate_minus_proposed_rate,PRE_R10_SUPPORTING_DESCRIPTIVE_RESULT_AWARE__NO_NEW_CONFIRMATORY_INFERENCE
23,E2_ROLLING__DT-RAMDE_TS2_FULL__VS__NO_CROSS_EVENT_MEMORY,E2_ROLLING,REJECT_SAFETY_FILTER,RR-SHOCK/0,5,0,0,0,comparator_rate_minus_proposed_rate,PRE_R10_SUPPORTING_DESCRIPTIVE_RESULT_AWARE__NO_NEW_CONFIRMATORY_INFERENCE
23,E2_ROLLING__DT-RAMDE_TS2_FULL__VS__NO_CROSS_EVENT_MEMORY,E2_ROLLING,REJECT_BUDGET_NO_FEASIBLE,RR-SHOCK/0,5,0,0,0,comparator_rate_minus_proposed_rate,PRE_R10_SUPPORTING_DESCRIPTIVE_RESULT_AWARE__NO_NEW_CONFIRMATORY_INFERENCE
23,E2_ROLLING__DT-RAMDE_TS2_FULL__VS__NO_CROSS_EVENT_MEMORY,E2_ROLLING,REJECT_NUMERICAL,RR-SHOCK/0,5,0,0,0,comparator_rate_minus_proposed_rate,PRE_R10_SUPPORTING_DESCRIPTIVE_RESULT_AWARE__NO_NEW_CONFIRMATORY_INFERENCE
23,E2_ROLLING__DT-RAMDE_TS2_FULL__VS__NO_CROSS_EVENT_MEMORY,E2_ROLLING,OTHER_NONACCEPTED,RR-SHOCK/0,5,0,0,0,comparator_rate_minus_proposed_rate,PRE_R10_SUPPORTING_DESCRIPTIVE_RESULT_AWARE__NO_NEW_CONFIRMATORY_INFERENCE
23,E2_ROLLING__DT-RAMDE_TS2_FULL__VS__NO_CROSS_EVENT_MEMORY,E2_ROLLING,FAILURE_RATE,RR-SHOCK/1,5,0,0,0,comparator_rate_minus_proposed_rate,PRE_R10_SUPPORTING_DESCRIPTIVE_RESULT_AWARE__NO_NEW_CONFIRMATORY_INFERENCE
23,E2_ROLLING__DT-RAMDE_TS2_FULL__VS__NO_CROSS_EVENT_MEMORY,E2_ROLLING,REJECT_SAFETY_FILTER,RR-SHOCK/1,5,0,0,0,comparator_rate_minus_proposed_rate,PRE_R10_SUPPORTING_DESCRIPTIVE_RESULT_AWARE__NO_NEW_CONFIRMATORY_INFERENCE
23,E2_ROLLING__DT-RAMDE_TS2_FULL__VS__NO_CROSS_EVENT_MEMORY,E2_ROLLING,REJECT_BUDGET_NO_FEASIBLE,RR-SHOCK/1,5,0,0,0,comparator_rate_minus_proposed_rate,PRE_R10_SUPPORTING_DESCRIPTIVE_RESULT_AWARE__NO_NEW_CONFIRMATORY_INFERENCE
23,E2_ROLLING__DT-RAMDE_TS2_FULL__VS__NO_CROSS_EVENT_MEMORY,E2_ROLLING,REJECT_NUMERICAL,RR-SHOCK/1,5,0,0,0,comparator_rate_minus_proposed_rate,PRE_R10_SUPPORTING_DESCRIPTIVE_RESULT_AWARE__NO_NEW_CONFIRMATORY_INFERENCE
23,E2_ROLLING__DT-RAMDE_TS2_FULL__VS__NO_CROSS_EVENT_MEMORY,E2_ROLLING,OTHER_NONACCEPTED,RR-SHOCK/1,5,0,0,0,comparator_rate_minus_proposed_rate,PRE_R10_SUPPORTING_DESCRIPTIVE_RESULT_AWARE__NO_NEW_CONFIRMATORY_INFERENCE
23,E2_ROLLING__DT-RAMDE_TS2_FULL__VS__NO_CROSS_EVENT_MEMORY,E2_ROLLING,FAILURE_RATE,RR-SHOCK/2,5,0.020000000000000004,0.020000000000000004,0.020000000000000004,comparator_rate_minus_proposed_rate,PRE_R10_SUPPORTING_DESCRIPTIVE_RESULT_AWARE__NO_NEW_CONFIRMATORY_INFERENCE
23,E2_ROLLING__DT-RAMDE_TS2_FULL__VS__NO_CROSS_EVENT_MEMORY,E2_ROLLING,REJECT_SAFETY_FILTER,RR-SHOCK/2,5,0.02,0.02,0.02,comparator_rate_minus_proposed_rate,PRE_R10_SUPPORTING_DESCRIPTIVE_RESULT_AWARE__NO_NEW_CONFIRMATORY_INFERENCE
23,E2_ROLLING__DT-RAMDE_TS2_FULL__VS__NO_CROSS_EVENT_MEMORY,E2_ROLLING,REJECT_BUDGET_NO_FEASIBLE,RR-SHOCK/2,5,0,0,0,comparator_rate_minus_proposed_rate,PRE_R10_SUPPORTING_DESCRIPTIVE_RESULT_AWARE__NO_NEW_CONFIRMATORY_INFERENCE
23,E2_ROLLING__DT-RAMDE_TS2_FULL__VS__NO_CROSS_EVENT_MEMORY,E2_ROLLING,REJECT_NUMERICAL,RR-SHOCK/2,5,0,0,0,comparator_rate_minus_proposed_rate,PRE_R10_SUPPORTING_DESCRIPTIVE_RESULT_AWARE__NO_NEW_CONFIRMATORY_INFERENCE
23,E2_ROLLING__DT-RAMDE_TS2_FULL__VS__NO_CROSS_EVENT_MEMORY,E2_ROLLING,OTHER_NONACCEPTED,RR-SHOCK/2,5,0,0,0,comparator_rate_minus_proposed_rate,PRE_R10_SUPPORTING_DESCRIPTIVE_RESULT_AWARE__NO_NEW_CONFIRMATORY_INFERENCE
23,E2_ROLLING__DT-RAMDE_TS2_FULL__VS__NO_CROSS_EVENT_MEMORY,E2_ROLLING,FAILURE_RATE,RR-SHOCK/3,5,-0.020000000000000129,-0.020000000000000129,-0.020000000000000129,comparator_rate_minus_proposed_rate,PRE_R10_SUPPORTING_DESCRIPTIVE_RESULT_AWARE__NO_NEW_CONFIRMATORY_INFERENCE
23,E2_ROLLING__DT-RAMDE_TS2_FULL__VS__NO_CROSS_EVENT_MEMORY,E2_ROLLING,REJECT_SAFETY_FILTER,RR-SHOCK/3,5,-0.020000000000000011,-0.020000000000000011,-0.020000000000000011,comparator_rate_minus_proposed_rate,PRE_R10_SUPPORTING_DESCRIPTIVE_RESULT_AWARE__NO_NEW_CONFIRMATORY_INFERENCE
23,E2_ROLLING__DT-RAMDE_TS2_FULL__VS__NO_CROSS_EVENT_MEMORY,E2_ROLLING,REJECT_BUDGET_NO_FEASIBLE,RR-SHOCK/3,5,0,0,0,comparator_rate_minus_proposed_rate,PRE_R10_SUPPORTING_DESCRIPTIVE_RESULT_AWARE__NO_NEW_CONFIRMATORY_INFERENCE
23,E2_ROLLING__DT-RAMDE_TS2_FULL__VS__NO_CROSS_EVENT_MEMORY,E2_ROLLING,REJECT_NUMERICAL,RR-SHOCK/3,5,0,0,0,comparator_rate_minus_proposed_rate,PRE_R10_SUPPORTING_DESCRIPTIVE_RESULT_AWARE__NO_NEW_CONFIRMATORY_INFERENCE
23,E2_ROLLING__DT-RAMDE_TS2_FULL__VS__NO_CROSS_EVENT_MEMORY,E2_ROLLING,OTHER_NONACCEPTED,RR-SHOCK/3,5,0,0,0,comparator_rate_minus_proposed_rate,PRE_R10_SUPPORTING_DESCRIPTIVE_RESULT_AWARE__NO_NEW_CONFIRMATORY_INFERENCE
23,E2_ROLLING__DT-RAMDE_TS2_FULL__VS__NO_CROSS_EVENT_MEMORY,E2_ROLLING,FAILURE_RATE,RR-SHOCK/4,5,0.049999999999999989,0.049999999999999989,0.049999999999999989,comparator_rate_minus_proposed_rate,PRE_R10_SUPPORTING_DESCRIPTIVE_RESULT_AWARE__NO_NEW_CONFIRMATORY_INFERENCE
23,E2_ROLLING__DT-RAMDE_TS2_FULL__VS__NO_CROSS_EVENT_MEMORY,E2_ROLLING,REJECT_SAFETY_FILTER,RR-SHOCK/4,5,0.050000000000000003,0.050000000000000003,0.050000000000000003,comparator_rate_minus_proposed_rate,PRE_R10_SUPPORTING_DESCRIPTIVE_RESULT_AWARE__NO_NEW_CONFIRMATORY_INFERENCE
23,E2_ROLLING__DT-RAMDE_TS2_FULL__VS__NO_CROSS_EVENT_MEMORY,E2_ROLLING,REJECT_BUDGET_NO_FEASIBLE,RR-SHOCK/4,5,0,0,0,comparator_rate_minus_proposed_rate,PRE_R10_SUPPORTING_DESCRIPTIVE_RESULT_AWARE__NO_NEW_CONFIRMATORY_INFERENCE
23,E2_ROLLING__DT-RAMDE_TS2_FULL__VS__NO_CROSS_EVENT_MEMORY,E2_ROLLING,REJECT_NUMERICAL,RR-SHOCK/4,5,0,0,0,comparator_rate_minus_proposed_rate,PRE_R10_SUPPORTING_DESCRIPTIVE_RESULT_AWARE__NO_NEW_CONFIRMATORY_INFERENCE
23,E2_ROLLING__DT-RAMDE_TS2_FULL__VS__NO_CROSS_EVENT_MEMORY,E2_ROLLING,OTHER_NONACCEPTED,RR-SHOCK/4,5,0,0,0,comparator_rate_minus_proposed_rate,PRE_R10_SUPPORTING_DESCRIPTIVE_RESULT_AWARE__NO_NEW_CONFIRMATORY_INFERENCE
23,E2_ROLLING__DT-RAMDE_TS2_FULL__VS__NO_CROSS_EVENT_MEMORY,E2_ROLLING,FAILURE_RATE,RR-SHOCK/5,5,0,0,0,comparator_rate_minus_proposed_rate,PRE_R10_SUPPORTING_DESCRIPTIVE_RESULT_AWARE__NO_NEW_CONFIRMATORY_INFERENCE
23,E2_ROLLING__DT-RAMDE_TS2_FULL__VS__NO_CROSS_EVENT_MEMORY,E2_ROLLING,REJECT_SAFETY_FILTER,RR-SHOCK/5,5,-1.1102230246251566e-17,-1.1102230246251566e-17,-1.1102230246251566e-17,comparator_rate_minus_proposed_rate,PRE_R10_SUPPORTING_DESCRIPTIVE_RESULT_AWARE__NO_NEW_CONFIRMATORY_INFERENCE
23,E2_ROLLING__DT-RAMDE_TS2_FULL__VS__NO_CROSS_EVENT_MEMORY,E2_ROLLING,REJECT_BUDGET_NO_FEASIBLE,RR-SHOCK/5,5,0,0,0,comparator_rate_minus_proposed_rate,PRE_R10_SUPPORTING_DESCRIPTIVE_RESULT_AWARE__NO_NEW_CONFIRMATORY_INFERENCE
23,E2_ROLLING__DT-RAMDE_TS2_FULL__VS__NO_CROSS_EVENT_MEMORY,E2_ROLLING,REJECT_NUMERICAL,RR-SHOCK/5,5,0,0,0,comparator_rate_minus_proposed_rate,PRE_R10_SUPPORTING_DESCRIPTIVE_RESULT_AWARE__NO_NEW_CONFIRMATORY_INFERENCE
23,E2_ROLLING__DT-RAMDE_TS2_FULL__VS__NO_CROSS_EVENT_MEMORY,E2_ROLLING,OTHER_NONACCEPTED,RR-SHOCK/5,5,2.2204460492503132e-17,2.2204460492503132e-17,2.2204460492503132e-17,comparator_rate_minus_proposed_rate,PRE_R10_SUPPORTING_DESCRIPTIVE_RESULT_AWARE__NO_NEW_CONFIRMATORY_INFERENCE
23,E2_ROLLING__DT-RAMDE_TS2_FULL__VS__NO_CROSS_EVENT_MEMORY,E2_ROLLING,FAILURE_RATE,RR-SHOCK/6,5,0.26000000000000006,0.26000000000000006,0.26000000000000006,comparator_rate_minus_proposed_rate,PRE_R10_SUPPORTING_DESCRIPTIVE_RESULT_AWARE__NO_NEW_CONFIRMATORY_INFERENCE
23,E2_ROLLING__DT-RAMDE_TS2_FULL__VS__NO_CROSS_EVENT_MEMORY,E2_ROLLING,REJECT_SAFETY_FILTER,RR-SHOCK/6,5,0.16,0.16,0.16,comparator_rate_minus_proposed_rate,PRE_R10_SUPPORTING_DESCRIPTIVE_RESULT_AWARE__NO_NEW_CONFIRMATORY_INFERENCE
23,E2_ROLLING__DT-RAMDE_TS2_FULL__VS__NO_CROSS_EVENT_MEMORY,E2_ROLLING,REJECT_BUDGET_NO_FEASIBLE,RR-SHOCK/6,5,0.10000000000000001,0.10000000000000001,0.10000000000000001,comparator_rate_minus_proposed_rate,PRE_R10_SUPPORTING_DESCRIPTIVE_RESULT_AWARE__NO_NEW_CONFIRMATORY_INFERENCE
23,E2_ROLLING__DT-RAMDE_TS2_FULL__VS__NO_CROSS_EVENT_MEMORY,E2_ROLLING,REJECT_NUMERICAL,RR-SHOCK/6,5,0,0,0,comparator_rate_minus_proposed_rate,PRE_R10_SUPPORTING_DESCRIPTIVE_RESULT_AWARE__NO_NEW_CONFIRMATORY_INFERENCE
23,E2_ROLLING__DT-RAMDE_TS2_FULL__VS__NO_CROSS_EVENT_MEMORY,E2_ROLLING,OTHER_NONACCEPTED,RR-SHOCK/6,5,0,0,0,comparator_rate_minus_proposed_rate,PRE_R10_SUPPORTING_DESCRIPTIVE_RESULT_AWARE__NO_NEW_CONFIRMATORY_INFERENCE
23,E2_ROLLING__DT-RAMDE_TS2_FULL__VS__NO_CROSS_EVENT_MEMORY,E2_ROLLING,FAILURE_RATE,RR-SHOCK/7,5,0,0,0,comparator_rate_minus_proposed_rate,PRE_R10_SUPPORTING_DESCRIPTIVE_RESULT_AWARE__NO_NEW_CONFIRMATORY_INFERENCE
23,E2_ROLLING__DT-RAMDE_TS2_FULL__VS__NO_CROSS_EVENT_MEMORY,E2_ROLLING,REJECT_SAFETY_FILTER,RR-SHOCK/7,5,0,0,0,comparator_rate_minus_proposed_rate,PRE_R10_SUPPORTING_DESCRIPTIVE_RESULT_AWARE__NO_NEW_CONFIRMATORY_INFERENCE
23,E2_ROLLING__DT-RAMDE_TS2_FULL__VS__NO_CROSS_EVENT_MEMORY,E2_ROLLING,REJECT_BUDGET_NO_FEASIBLE,RR-SHOCK/7,5,0,0,0,comparator_rate_minus_proposed_rate,PRE_R10_SUPPORTING_DESCRIPTIVE_RESULT_AWARE__NO_NEW_CONFIRMATORY_INFERENCE
23,E2_ROLLING__DT-RAMDE_TS2_FULL__VS__NO_CROSS_EVENT_MEMORY,E2_ROLLING,REJECT_NUMERICAL,RR-SHOCK/7,5,0,0,0,comparator_rate_minus_proposed_rate,PRE_R10_SUPPORTING_DESCRIPTIVE_RESULT_AWARE__NO_NEW_CONFIRMATORY_INFERENCE
23,E2_ROLLING__DT-RAMDE_TS2_FULL__VS__NO_CROSS_EVENT_MEMORY,E2_ROLLING,OTHER_NONACCEPTED,RR-SHOCK/7,5,0,0,0,comparator_rate_minus_proposed_rate,PRE_R10_SUPPORTING_DESCRIPTIVE_RESULT_AWARE__NO_NEW_CONFIRMATORY_INFERENCE
23,E2_ROLLING__DT-RAMDE_TS2_FULL__VS__NO_CROSS_EVENT_MEMORY,E2_ROLLING,FAILURE_RATE,RR-SMOOTH/0,5,0,0,0,comparator_rate_minus_proposed_rate,PRE_R10_SUPPORTING_DESCRIPTIVE_RESULT_AWARE__NO_NEW_CONFIRMATORY_INFERENCE
23,E2_ROLLING__DT-RAMDE_TS2_FULL__VS__NO_CROSS_EVENT_MEMORY,E2_ROLLING,REJECT_SAFETY_FILTER,RR-SMOOTH/0,5,0,0,0,comparator_rate_minus_proposed_rate,PRE_R10_SUPPORTING_DESCRIPTIVE_RESULT_AWARE__NO_NEW_CONFIRMATORY_INFERENCE
23,E2_ROLLING__DT-RAMDE_TS2_FULL__VS__NO_CROSS_EVENT_MEMORY,E2_ROLLING,REJECT_BUDGET_NO_FEASIBLE,RR-SMOOTH/0,5,0,0,0,comparator_rate_minus_proposed_rate,PRE_R10_SUPPORTING_DESCRIPTIVE_RESULT_AWARE__NO_NEW_CONFIRMATORY_INFERENCE
23,E2_ROLLING__DT-RAMDE_TS2_FULL__VS__NO_CROSS_EVENT_MEMORY,E2_ROLLING,REJECT_NUMERICAL,RR-SMOOTH/0,5,0,0,0,comparator_rate_minus_proposed_rate,PRE_R10_SUPPORTING_DESCRIPTIVE_RESULT_AWARE__NO_NEW_CONFIRMATORY_INFERENCE
23,E2_ROLLING__DT-RAMDE_TS2_FULL__VS__NO_CROSS_EVENT_MEMORY,E2_ROLLING,OTHER_NONACCEPTED,RR-SMOOTH/0,5,0,0,0,comparator_rate_minus_proposed_rate,PRE_R10_SUPPORTING_DESCRIPTIVE_RESULT_AWARE__NO_NEW_CONFIRMATORY_INFERENCE
23,E2_ROLLING__DT-RAMDE_TS2_FULL__VS__NO_CROSS_EVENT_MEMORY,E2_ROLLING,FAILURE_RATE,RR-SMOOTH/1,5,-0.099999999999999978,-0.099999999999999978,-0.099999999999999978,comparator_rate_minus_proposed_rate,PRE_R10_SUPPORTING_DESCRIPTIVE_RESULT_AWARE__NO_NEW_CONFIRMATORY_INFERENCE
23,E2_ROLLING__DT-RAMDE_TS2_FULL__VS__NO_CROSS_EVENT_MEMORY,E2_ROLLING,REJECT_SAFETY_FILTER,RR-SMOOTH/1,5,-0.18999999999999997,-0.18999999999999997,-0.18999999999999997,comparator_rate_minus_proposed_rate,PRE_R10_SUPPORTING_DESCRIPTIVE_RESULT_AWARE__NO_NEW_CONFIRMATORY_INFERENCE
23,E2_ROLLING__DT-RAMDE_TS2_FULL__VS__NO_CROSS_EVENT_MEMORY,E2_ROLLING,REJECT_BUDGET_NO_FEASIBLE,RR-SMOOTH/1,5,0.089999999999999997,0.089999999999999997,0.089999999999999997,comparator_rate_minus_proposed_rate,PRE_R10_SUPPORTING_DESCRIPTIVE_RESULT_AWARE__NO_NEW_CONFIRMATORY_INFERENCE
23,E2_ROLLING__DT-RAMDE_TS2_FULL__VS__NO_CROSS_EVENT_MEMORY,E2_ROLLING,REJECT_NUMERICAL,RR-SMOOTH/1,5,0,0,0,comparator_rate_minus_proposed_rate,PRE_R10_SUPPORTING_DESCRIPTIVE_RESULT_AWARE__NO_NEW_CONFIRMATORY_INFERENCE
23,E2_ROLLING__DT-RAMDE_TS2_FULL__VS__NO_CROSS_EVENT_MEMORY,E2_ROLLING,OTHER_NONACCEPTED,RR-SMOOTH/1,5,-2.2204460492503132e-17,-2.2204460492503132e-17,-2.2204460492503132e-17,comparator_rate_minus_proposed_rate,PRE_R10_SUPPORTING_DESCRIPTIVE_RESULT_AWARE__NO_NEW_CONFIRMATORY_INFERENCE
23,E2_ROLLING__DT-RAMDE_TS2_FULL__VS__NO_CROSS_EVENT_MEMORY,E2_ROLLING,FAILURE_RATE,RR-SMOOTH/2,5,0,0,0,comparator_rate_minus_proposed_rate,PRE_R10_SUPPORTING_DESCRIPTIVE_RESULT_AWARE__NO_NEW_CONFIRMATORY_INFERENCE
23,E2_ROLLING__DT-RAMDE_TS2_FULL__VS__NO_CROSS_EVENT_MEMORY,E2_ROLLING,REJECT_SAFETY_FILTER,RR-SMOOTH/2,5,0,0,0,comparator_rate_minus_proposed_rate,PRE_R10_SUPPORTING_DESCRIPTIVE_RESULT_AWARE__NO_NEW_CONFIRMATORY_INFERENCE
23,E2_ROLLING__DT-RAMDE_TS2_FULL__VS__NO_CROSS_EVENT_MEMORY,E2_ROLLING,REJECT_BUDGET_NO_FEASIBLE,RR-SMOOTH/2,5,0,0,0,comparator_rate_minus_proposed_rate,PRE_R10_SUPPORTING_DESCRIPTIVE_RESULT_AWARE__NO_NEW_CONFIRMATORY_INFERENCE
23,E2_ROLLING__DT-RAMDE_TS2_FULL__VS__NO_CROSS_EVENT_MEMORY,E2_ROLLING,REJECT_NUMERICAL,RR-SMOOTH/2,5,0,0,0,comparator_rate_minus_proposed_rate,PRE_R10_SUPPORTING_DESCRIPTIVE_RESULT_AWARE__NO_NEW_CONFIRMATORY_INFERENCE
23,E2_ROLLING__DT-RAMDE_TS2_FULL__VS__NO_CROSS_EVENT_MEMORY,E2_ROLLING,OTHER_NONACCEPTED,RR-SMOOTH/2,5,0,0,0,comparator_rate_minus_proposed_rate,PRE_R10_SUPPORTING_DESCRIPTIVE_RESULT_AWARE__NO_NEW_CONFIRMATORY_INFERENCE
23,E2_ROLLING__DT-RAMDE_TS2_FULL__VS__NO_CROSS_EVENT_MEMORY,E2_ROLLING,FAILURE_RATE,RR-SMOOTH/3,5,0,0,0,comparator_rate_minus_proposed_rate,PRE_R10_SUPPORTING_DESCRIPTIVE_RESULT_AWARE__NO_NEW_CONFIRMATORY_INFERENCE
23,E2_ROLLING__DT-RAMDE_TS2_FULL__VS__NO_CROSS_EVENT_MEMORY,E2_ROLLING,REJECT_SAFETY_FILTER,RR-SMOOTH/3,5,0,0,0,comparator_rate_minus_proposed_rate,PRE_R10_SUPPORTING_DESCRIPTIVE_RESULT_AWARE__NO_NEW_CONFIRMATORY_INFERENCE
23,E2_ROLLING__DT-RAMDE_TS2_FULL__VS__NO_CROSS_EVENT_MEMORY,E2_ROLLING,REJECT_BUDGET_NO_FEASIBLE,RR-SMOOTH/3,5,0,0,0,comparator_rate_minus_proposed_rate,PRE_R10_SUPPORTING_DESCRIPTIVE_RESULT_AWARE__NO_NEW_CONFIRMATORY_INFERENCE
23,E2_ROLLING__DT-RAMDE_TS2_FULL__VS__NO_CROSS_EVENT_MEMORY,E2_ROLLING,REJECT_NUMERICAL,RR-SMOOTH/3,5,0,0,0,comparator_rate_minus_proposed_rate,PRE_R10_SUPPORTING_DESCRIPTIVE_RESULT_AWARE__NO_NEW_CONFIRMATORY_INFERENCE
23,E2_ROLLING__DT-RAMDE_TS2_FULL__VS__NO_CROSS_EVENT_MEMORY,E2_ROLLING,OTHER_NONACCEPTED,RR-SMOOTH/3,5,0,0,0,comparator_rate_minus_proposed_rate,PRE_R10_SUPPORTING_DESCRIPTIVE_RESULT_AWARE__NO_NEW_CONFIRMATORY_INFERENCE
23,E2_ROLLING__DT-RAMDE_TS2_FULL__VS__NO_CROSS_EVENT_MEMORY,E2_ROLLING,FAILURE_RATE,RR-SMOOTH/4,5,-0.089999999999999858,-0.089999999999999858,-0.089999999999999858,comparator_rate_minus_proposed_rate,PRE_R10_SUPPORTING_DESCRIPTIVE_RESULT_AWARE__NO_NEW_CONFIRMATORY_INFERENCE
23,E2_ROLLING__DT-RAMDE_TS2_FULL__VS__NO_CROSS_EVENT_MEMORY,E2_ROLLING,REJECT_SAFETY_FILTER,RR-SMOOTH/4,5,-0.010000000000000009,-0.010000000000000009,-0.010000000000000009,comparator_rate_minus_proposed_rate,PRE_R10_SUPPORTING_DESCRIPTIVE_RESULT_AWARE__NO_NEW_CONFIRMATORY_INFERENCE
23,E2_ROLLING__DT-RAMDE_TS2_FULL__VS__NO_CROSS_EVENT_MEMORY,E2_ROLLING,REJECT_BUDGET_NO_FEASIBLE,RR-SMOOTH/4,5,-0.080000000000000002,-0.080000000000000002,-0.080000000000000002,comparator_rate_minus_proposed_rate,PRE_R10_SUPPORTING_DESCRIPTIVE_RESULT_AWARE__NO_NEW_CONFIRMATORY_INFERENCE
23,E2_ROLLING__DT-RAMDE_TS2_FULL__VS__NO_CROSS_EVENT_MEMORY,E2_ROLLING,REJECT_NUMERICAL,RR-SMOOTH/4,5,0,0,0,comparator_rate_minus_proposed_rate,PRE_R10_SUPPORTING_DESCRIPTIVE_RESULT_AWARE__NO_NEW_CONFIRMATORY_INFERENCE
23,E2_ROLLING__DT-RAMDE_TS2_FULL__VS__NO_CROSS_EVENT_MEMORY,E2_ROLLING,OTHER_NONACCEPTED,RR-SMOOTH/4,5,2.2204460492503132e-17,2.2204460492503132e-17,2.2204460492503132e-17,comparator_rate_minus_proposed_rate,PRE_R10_SUPPORTING_DESCRIPTIVE_RESULT_AWARE__NO_NEW_CONFIRMATORY_INFERENCE
23,E2_ROLLING__DT-RAMDE_TS2_FULL__VS__NO_CROSS_EVENT_MEMORY,E2_ROLLING,FAILURE_RATE,RR-SMOOTH/5,5,0.040000000000000008,0.040000000000000008,0.040000000000000008,comparator_rate_minus_proposed_rate,PRE_R10_SUPPORTING_DESCRIPTIVE_RESULT_AWARE__NO_NEW_CONFIRMATORY_INFERENCE
23,E2_ROLLING__DT-RAMDE_TS2_FULL__VS__NO_CROSS_EVENT_MEMORY,E2_ROLLING,REJECT_SAFETY_FILTER,RR-SMOOTH/5,5,0.040000000000000001,0.040000000000000001,0.040000000000000001,comparator_rate_minus_proposed_rate,PRE_R10_SUPPORTING_DESCRIPTIVE_RESULT_AWARE__NO_NEW_CONFIRMATORY_INFERENCE
23,E2_ROLLING__DT-RAMDE_TS2_FULL__VS__NO_CROSS_EVENT_MEMORY,E2_ROLLING,REJECT_BUDGET_NO_FEASIBLE,RR-SMOOTH/5,5,0,0,0,comparator_rate_minus_proposed_rate,PRE_R10_SUPPORTING_DESCRIPTIVE_RESULT_AWARE__NO_NEW_CONFIRMATORY_INFERENCE
23,E2_ROLLING__DT-RAMDE_TS2_FULL__VS__NO_CROSS_EVENT_MEMORY,E2_ROLLING,REJECT_NUMERICAL,RR-SMOOTH/5,5,0,0,0,comparator_rate_minus_proposed_rate,PRE_R10_SUPPORTING_DESCRIPTIVE_RESULT_AWARE__NO_NEW_CONFIRMATORY_INFERENCE
23,E2_ROLLING__DT-RAMDE_TS2_FULL__VS__NO_CROSS_EVENT_MEMORY,E2_ROLLING,OTHER_NONACCEPTED,RR-SMOOTH/5,5,0,0,0,comparator_rate_minus_proposed_rate,PRE_R10_SUPPORTING_DESCRIPTIVE_RESULT_AWARE__NO_NEW_CONFIRMATORY_INFERENCE
23,E2_ROLLING__DT-RAMDE_TS2_FULL__VS__NO_CROSS_EVENT_MEMORY,E2_ROLLING,FAILURE_RATE,RR-SMOOTH/6,5,0.25,0.25,0.25,comparator_rate_minus_proposed_rate,PRE_R10_SUPPORTING_DESCRIPTIVE_RESULT_AWARE__NO_NEW_CONFIRMATORY_INFERENCE
23,E2_ROLLING__DT-RAMDE_TS2_FULL__VS__NO_CROSS_EVENT_MEMORY,E2_ROLLING,REJECT_SAFETY_FILTER,RR-SMOOTH/6,5,0.060000000000000012,0.060000000000000012,0.060000000000000012,comparator_rate_minus_proposed_rate,PRE_R10_SUPPORTING_DESCRIPTIVE_RESULT_AWARE__NO_NEW_CONFIRMATORY_INFERENCE
23,E2_ROLLING__DT-RAMDE_TS2_FULL__VS__NO_CROSS_EVENT_MEMORY,E2_ROLLING,REJECT_BUDGET_NO_FEASIBLE,RR-SMOOTH/6,5,0.19,0.19,0.19,comparator_rate_minus_proposed_rate,PRE_R10_SUPPORTING_DESCRIPTIVE_RESULT_AWARE__NO_NEW_CONFIRMATORY_INFERENCE
23,E2_ROLLING__DT-RAMDE_TS2_FULL__VS__NO_CROSS_EVENT_MEMORY,E2_ROLLING,REJECT_NUMERICAL,RR-SMOOTH/6,5,0,0,0,comparator_rate_minus_proposed_rate,PRE_R10_SUPPORTING_DESCRIPTIVE_RESULT_AWARE__NO_NEW_CONFIRMATORY_INFERENCE
23,E2_ROLLING__DT-RAMDE_TS2_FULL__VS__NO_CROSS_EVENT_MEMORY,E2_ROLLING,OTHER_NONACCEPTED,RR-SMOOTH/6,5,-2.2204460492503132e-17,-2.2204460492503132e-17,-2.2204460492503132e-17,comparator_rate_minus_proposed_rate,PRE_R10_SUPPORTING_DESCRIPTIVE_RESULT_AWARE__NO_NEW_CONFIRMATORY_INFERENCE
23,E2_ROLLING__DT-RAMDE_TS2_FULL__VS__NO_CROSS_EVENT_MEMORY,E2_ROLLING,FAILURE_RATE,RR-SMOOTH/7,5,-0.009999999999999995,-0.009999999999999995,-0.009999999999999995,comparator_rate_minus_proposed_rate,PRE_R10_SUPPORTING_DESCRIPTIVE_RESULT_AWARE__NO_NEW_CONFIRMATORY_INFERENCE
23,E2_ROLLING__DT-RAMDE_TS2_FULL__VS__NO_CROSS_EVENT_MEMORY,E2_ROLLING,REJECT_SAFETY_FILTER,RR-SMOOTH/7,5,-0.01,-0.01,-0.01,comparator_rate_minus_proposed_rate,PRE_R10_SUPPORTING_DESCRIPTIVE_RESULT_AWARE__NO_NEW_CONFIRMATORY_INFERENCE
23,E2_ROLLING__DT-RAMDE_TS2_FULL__VS__NO_CROSS_EVENT_MEMORY,E2_ROLLING,REJECT_BUDGET_NO_FEASIBLE,RR-SMOOTH/7,5,0,0,0,comparator_rate_minus_proposed_rate,PRE_R10_SUPPORTING_DESCRIPTIVE_RESULT_AWARE__NO_NEW_CONFIRMATORY_INFERENCE
23,E2_ROLLING__DT-RAMDE_TS2_FULL__VS__NO_CROSS_EVENT_MEMORY,E2_ROLLING,REJECT_NUMERICAL,RR-SMOOTH/7,5,0,0,0,comparator_rate_minus_proposed_rate,PRE_R10_SUPPORTING_DESCRIPTIVE_RESULT_AWARE__NO_NEW_CONFIRMATORY_INFERENCE
23,E2_ROLLING__DT-RAMDE_TS2_FULL__VS__NO_CROSS_EVENT_MEMORY,E2_ROLLING,OTHER_NONACCEPTED,RR-SMOOTH/7,5,0,0,0,comparator_rate_minus_proposed_rate,PRE_R10_SUPPORTING_DESCRIPTIVE_RESULT_AWARE__NO_NEW_CONFIRMATORY_INFERENCE
24,E2_ROLLING__DT-RAMDE_TS2_FULL__VS__NO_EXECUTION_FEEDBACK,E2_ROLLING,FAILURE_RATE,RR-INTERMITTENT/0,5,-0.12,-0.12,-0.12,comparator_rate_minus_proposed_rate,PRE_R10_SUPPORTING_DESCRIPTIVE_RESULT_AWARE__NO_NEW_CONFIRMATORY_INFERENCE
24,E2_ROLLING__DT-RAMDE_TS2_FULL__VS__NO_EXECUTION_FEEDBACK,E2_ROLLING,REJECT_SAFETY_FILTER,RR-INTERMITTENT/0,5,-0.14999999999999999,-0.14999999999999999,-0.14999999999999999,comparator_rate_minus_proposed_rate,PRE_R10_SUPPORTING_DESCRIPTIVE_RESULT_AWARE__NO_NEW_CONFIRMATORY_INFERENCE
24,E2_ROLLING__DT-RAMDE_TS2_FULL__VS__NO_EXECUTION_FEEDBACK,E2_ROLLING,REJECT_BUDGET_NO_FEASIBLE,RR-INTERMITTENT/0,5,0.029999999999999999,0.029999999999999999,0.029999999999999999,comparator_rate_minus_proposed_rate,PRE_R10_SUPPORTING_DESCRIPTIVE_RESULT_AWARE__NO_NEW_CONFIRMATORY_INFERENCE
24,E2_ROLLING__DT-RAMDE_TS2_FULL__VS__NO_EXECUTION_FEEDBACK,E2_ROLLING,REJECT_NUMERICAL,RR-INTERMITTENT/0,5,0,0,0,comparator_rate_minus_proposed_rate,PRE_R10_SUPPORTING_DESCRIPTIVE_RESULT_AWARE__NO_NEW_CONFIRMATORY_INFERENCE
24,E2_ROLLING__DT-RAMDE_TS2_FULL__VS__NO_EXECUTION_FEEDBACK,E2_ROLLING,OTHER_NONACCEPTED,RR-INTERMITTENT/0,5,0,0,0,comparator_rate_minus_proposed_rate,PRE_R10_SUPPORTING_DESCRIPTIVE_RESULT_AWARE__NO_NEW_CONFIRMATORY_INFERENCE
24,E2_ROLLING__DT-RAMDE_TS2_FULL__VS__NO_EXECUTION_FEEDBACK,E2_ROLLING,FAILURE_RATE,RR-INTERMITTENT/1,5,0,0,0,comparator_rate_minus_proposed_rate,PRE_R10_SUPPORTING_DESCRIPTIVE_RESULT_AWARE__NO_NEW_CONFIRMATORY_INFERENCE
24,E2_ROLLING__DT-RAMDE_TS2_FULL__VS__NO_EXECUTION_FEEDBACK,E2_ROLLING,REJECT_SAFETY_FILTER,RR-INTERMITTENT/1,5,0,0,0,comparator_rate_minus_proposed_rate,PRE_R10_SUPPORTING_DESCRIPTIVE_RESULT_AWARE__NO_NEW_CONFIRMATORY_INFERENCE
24,E2_ROLLING__DT-RAMDE_TS2_FULL__VS__NO_EXECUTION_FEEDBACK,E2_ROLLING,REJECT_BUDGET_NO_FEASIBLE,RR-INTERMITTENT/1,5,0,0,0,comparator_rate_minus_proposed_rate,PRE_R10_SUPPORTING_DESCRIPTIVE_RESULT_AWARE__NO_NEW_CONFIRMATORY_INFERENCE
24,E2_ROLLING__DT-RAMDE_TS2_FULL__VS__NO_EXECUTION_FEEDBACK,E2_ROLLING,REJECT_NUMERICAL,RR-INTERMITTENT/1,5,0,0,0,comparator_rate_minus_proposed_rate,PRE_R10_SUPPORTING_DESCRIPTIVE_RESULT_AWARE__NO_NEW_CONFIRMATORY_INFERENCE
24,E2_ROLLING__DT-RAMDE_TS2_FULL__VS__NO_EXECUTION_FEEDBACK,E2_ROLLING,OTHER_NONACCEPTED,RR-INTERMITTENT/1,5,0,0,0,comparator_rate_minus_proposed_rate,PRE_R10_SUPPORTING_DESCRIPTIVE_RESULT_AWARE__NO_NEW_CONFIRMATORY_INFERENCE
24,E2_ROLLING__DT-RAMDE_TS2_FULL__VS__NO_EXECUTION_FEEDBACK,E2_ROLLING,FAILURE_RATE,RR-INTERMITTENT/2,5,0.14000000000000001,0.14000000000000001,0.14000000000000001,comparator_rate_minus_proposed_rate,PRE_R10_SUPPORTING_DESCRIPTIVE_RESULT_AWARE__NO_NEW_CONFIRMATORY_INFERENCE
24,E2_ROLLING__DT-RAMDE_TS2_FULL__VS__NO_EXECUTION_FEEDBACK,E2_ROLLING,REJECT_SAFETY_FILTER,RR-INTERMITTENT/2,5,0.13999999999999999,0.13999999999999999,0.13999999999999999,comparator_rate_minus_proposed_rate,PRE_R10_SUPPORTING_DESCRIPTIVE_RESULT_AWARE__NO_NEW_CONFIRMATORY_INFERENCE
24,E2_ROLLING__DT-RAMDE_TS2_FULL__VS__NO_EXECUTION_FEEDBACK,E2_ROLLING,REJECT_BUDGET_NO_FEASIBLE,RR-INTERMITTENT/2,5,0,0,0,comparator_rate_minus_proposed_rate,PRE_R10_SUPPORTING_DESCRIPTIVE_RESULT_AWARE__NO_NEW_CONFIRMATORY_INFERENCE
24,E2_ROLLING__DT-RAMDE_TS2_FULL__VS__NO_EXECUTION_FEEDBACK,E2_ROLLING,REJECT_NUMERICAL,RR-INTERMITTENT/2,5,0,0,0,comparator_rate_minus_proposed_rate,PRE_R10_SUPPORTING_DESCRIPTIVE_RESULT_AWARE__NO_NEW_CONFIRMATORY_INFERENCE
24,E2_ROLLING__DT-RAMDE_TS2_FULL__VS__NO_EXECUTION_FEEDBACK,E2_ROLLING,OTHER_NONACCEPTED,RR-INTERMITTENT/2,5,0,0,0,comparator_rate_minus_proposed_rate,PRE_R10_SUPPORTING_DESCRIPTIVE_RESULT_AWARE__NO_NEW_CONFIRMATORY_INFERENCE
24,E2_ROLLING__DT-RAMDE_TS2_FULL__VS__NO_EXECUTION_FEEDBACK,E2_ROLLING,FAILURE_RATE,RR-INTERMITTENT/3,5,-0.080000000000000016,-0.080000000000000016,-0.080000000000000016,comparator_rate_minus_proposed_rate,PRE_R10_SUPPORTING_DESCRIPTIVE_RESULT_AWARE__NO_NEW_CONFIRMATORY_INFERENCE
24,E2_ROLLING__DT-RAMDE_TS2_FULL__VS__NO_EXECUTION_FEEDBACK,E2_ROLLING,REJECT_SAFETY_FILTER,RR-INTERMITTENT/3,5,-0.0099999999999999915,-0.0099999999999999915,-0.0099999999999999915,comparator_rate_minus_proposed_rate,PRE_R10_SUPPORTING_DESCRIPTIVE_RESULT_AWARE__NO_NEW_CONFIRMATORY_INFERENCE
24,E2_ROLLING__DT-RAMDE_TS2_FULL__VS__NO_EXECUTION_FEEDBACK,E2_ROLLING,REJECT_BUDGET_NO_FEASIBLE,RR-INTERMITTENT/3,5,-0.069999999999999993,-0.069999999999999993,-0.069999999999999993,comparator_rate_minus_proposed_rate,PRE_R10_SUPPORTING_DESCRIPTIVE_RESULT_AWARE__NO_NEW_CONFIRMATORY_INFERENCE
24,E2_ROLLING__DT-RAMDE_TS2_FULL__VS__NO_EXECUTION_FEEDBACK,E2_ROLLING,REJECT_NUMERICAL,RR-INTERMITTENT/3,5,0,0,0,comparator_rate_minus_proposed_rate,PRE_R10_SUPPORTING_DESCRIPTIVE_RESULT_AWARE__NO_NEW_CONFIRMATORY_INFERENCE
24,E2_ROLLING__DT-RAMDE_TS2_FULL__VS__NO_EXECUTION_FEEDBACK,E2_ROLLING,OTHER_NONACCEPTED,RR-INTERMITTENT/3,5,-2.2204460492503132e-17,-2.2204460492503132e-17,-2.2204460492503132e-17,comparator_rate_minus_proposed_rate,PRE_R10_SUPPORTING_DESCRIPTIVE_RESULT_AWARE__NO_NEW_CONFIRMATORY_INFERENCE
24,E2_ROLLING__DT-RAMDE_TS2_FULL__VS__NO_EXECUTION_FEEDBACK,E2_ROLLING,FAILURE_RATE,RR-INTERMITTENT/4,5,-0.009999999999999995,-0.009999999999999995,-0.009999999999999995,comparator_rate_minus_proposed_rate,PRE_R10_SUPPORTING_DESCRIPTIVE_RESULT_AWARE__NO_NEW_CONFIRMATORY_INFERENCE
24,E2_ROLLING__DT-RAMDE_TS2_FULL__VS__NO_EXECUTION_FEEDBACK,E2_ROLLING,REJECT_SAFETY_FILTER,RR-INTERMITTENT/4,5,-0.009999999999999995,-0.009999999999999995,-0.009999999999999995,comparator_rate_minus_proposed_rate,PRE_R10_SUPPORTING_DESCRIPTIVE_RESULT_AWARE__NO_NEW_CONFIRMATORY_INFERENCE
24,E2_ROLLING__DT-RAMDE_TS2_FULL__VS__NO_EXECUTION_FEEDBACK,E2_ROLLING,REJECT_BUDGET_NO_FEASIBLE,RR-INTERMITTENT/4,5,0,0,0,comparator_rate_minus_proposed_rate,PRE_R10_SUPPORTING_DESCRIPTIVE_RESULT_AWARE__NO_NEW_CONFIRMATORY_INFERENCE
24,E2_ROLLING__DT-RAMDE_TS2_FULL__VS__NO_EXECUTION_FEEDBACK,E2_ROLLING,REJECT_NUMERICAL,RR-INTERMITTENT/4,5,0,0,0,comparator_rate_minus_proposed_rate,PRE_R10_SUPPORTING_DESCRIPTIVE_RESULT_AWARE__NO_NEW_CONFIRMATORY_INFERENCE
24,E2_ROLLING__DT-RAMDE_TS2_FULL__VS__NO_EXECUTION_FEEDBACK,E2_ROLLING,OTHER_NONACCEPTED,RR-INTERMITTENT/4,5,0,0,0,comparator_rate_minus_proposed_rate,PRE_R10_SUPPORTING_DESCRIPTIVE_RESULT_AWARE__NO_NEW_CONFIRMATORY_INFERENCE
24,E2_ROLLING__DT-RAMDE_TS2_FULL__VS__NO_EXECUTION_FEEDBACK,E2_ROLLING,FAILURE_RATE,RR-INTERMITTENT/5,5,-0.16,-0.16,-0.16,comparator_rate_minus_proposed_rate,PRE_R10_SUPPORTING_DESCRIPTIVE_RESULT_AWARE__NO_NEW_CONFIRMATORY_INFERENCE
24,E2_ROLLING__DT-RAMDE_TS2_FULL__VS__NO_EXECUTION_FEEDBACK,E2_ROLLING,REJECT_SAFETY_FILTER,RR-INTERMITTENT/5,5,-0.16,-0.16,-0.16,comparator_rate_minus_proposed_rate,PRE_R10_SUPPORTING_DESCRIPTIVE_RESULT_AWARE__NO_NEW_CONFIRMATORY_INFERENCE
24,E2_ROLLING__DT-RAMDE_TS2_FULL__VS__NO_EXECUTION_FEEDBACK,E2_ROLLING,REJECT_BUDGET_NO_FEASIBLE,RR-INTERMITTENT/5,5,0,0,0,comparator_rate_minus_proposed_rate,PRE_R10_SUPPORTING_DESCRIPTIVE_RESULT_AWARE__NO_NEW_CONFIRMATORY_INFERENCE
24,E2_ROLLING__DT-RAMDE_TS2_FULL__VS__NO_EXECUTION_FEEDBACK,E2_ROLLING,REJECT_NUMERICAL,RR-INTERMITTENT/5,5,0,0,0,comparator_rate_minus_proposed_rate,PRE_R10_SUPPORTING_DESCRIPTIVE_RESULT_AWARE__NO_NEW_CONFIRMATORY_INFERENCE
24,E2_ROLLING__DT-RAMDE_TS2_FULL__VS__NO_EXECUTION_FEEDBACK,E2_ROLLING,OTHER_NONACCEPTED,RR-INTERMITTENT/5,5,0,0,0,comparator_rate_minus_proposed_rate,PRE_R10_SUPPORTING_DESCRIPTIVE_RESULT_AWARE__NO_NEW_CONFIRMATORY_INFERENCE
24,E2_ROLLING__DT-RAMDE_TS2_FULL__VS__NO_EXECUTION_FEEDBACK,E2_ROLLING,FAILURE_RATE,RR-INTERMITTENT/6,5,0,0,0,comparator_rate_minus_proposed_rate,PRE_R10_SUPPORTING_DESCRIPTIVE_RESULT_AWARE__NO_NEW_CONFIRMATORY_INFERENCE
24,E2_ROLLING__DT-RAMDE_TS2_FULL__VS__NO_EXECUTION_FEEDBACK,E2_ROLLING,REJECT_SAFETY_FILTER,RR-INTERMITTENT/6,5,0,0,0,comparator_rate_minus_proposed_rate,PRE_R10_SUPPORTING_DESCRIPTIVE_RESULT_AWARE__NO_NEW_CONFIRMATORY_INFERENCE
24,E2_ROLLING__DT-RAMDE_TS2_FULL__VS__NO_EXECUTION_FEEDBACK,E2_ROLLING,REJECT_BUDGET_NO_FEASIBLE,RR-INTERMITTENT/6,5,0,0,0,comparator_rate_minus_proposed_rate,PRE_R10_SUPPORTING_DESCRIPTIVE_RESULT_AWARE__NO_NEW_CONFIRMATORY_INFERENCE
24,E2_ROLLING__DT-RAMDE_TS2_FULL__VS__NO_EXECUTION_FEEDBACK,E2_ROLLING,REJECT_NUMERICAL,RR-INTERMITTENT/6,5,0,0,0,comparator_rate_minus_proposed_rate,PRE_R10_SUPPORTING_DESCRIPTIVE_RESULT_AWARE__NO_NEW_CONFIRMATORY_INFERENCE
24,E2_ROLLING__DT-RAMDE_TS2_FULL__VS__NO_EXECUTION_FEEDBACK,E2_ROLLING,OTHER_NONACCEPTED,RR-INTERMITTENT/6,5,0,0,0,comparator_rate_minus_proposed_rate,PRE_R10_SUPPORTING_DESCRIPTIVE_RESULT_AWARE__NO_NEW_CONFIRMATORY_INFERENCE
24,E2_ROLLING__DT-RAMDE_TS2_FULL__VS__NO_EXECUTION_FEEDBACK,E2_ROLLING,FAILURE_RATE,RR-INTERMITTENT/7,5,-0.10000000000000009,-0.10000000000000009,-0.10000000000000009,comparator_rate_minus_proposed_rate,PRE_R10_SUPPORTING_DESCRIPTIVE_RESULT_AWARE__NO_NEW_CONFIRMATORY_INFERENCE
24,E2_ROLLING__DT-RAMDE_TS2_FULL__VS__NO_EXECUTION_FEEDBACK,E2_ROLLING,REJECT_SAFETY_FILTER,RR-INTERMITTENT/7,5,-0.099999999999999992,-0.099999999999999992,-0.099999999999999992,comparator_rate_minus_proposed_rate,PRE_R10_SUPPORTING_DESCRIPTIVE_RESULT_AWARE__NO_NEW_CONFIRMATORY_INFERENCE
24,E2_ROLLING__DT-RAMDE_TS2_FULL__VS__NO_EXECUTION_FEEDBACK,E2_ROLLING,REJECT_BUDGET_NO_FEASIBLE,RR-INTERMITTENT/7,5,0,0,0,comparator_rate_minus_proposed_rate,PRE_R10_SUPPORTING_DESCRIPTIVE_RESULT_AWARE__NO_NEW_CONFIRMATORY_INFERENCE
24,E2_ROLLING__DT-RAMDE_TS2_FULL__VS__NO_EXECUTION_FEEDBACK,E2_ROLLING,REJECT_NUMERICAL,RR-INTERMITTENT/7,5,0,0,0,comparator_rate_minus_proposed_rate,PRE_R10_SUPPORTING_DESCRIPTIVE_RESULT_AWARE__NO_NEW_CONFIRMATORY_INFERENCE
24,E2_ROLLING__DT-RAMDE_TS2_FULL__VS__NO_EXECUTION_FEEDBACK,E2_ROLLING,OTHER_NONACCEPTED,RR-INTERMITTENT/7,5,-2.2204460492503132e-17,-2.2204460492503132e-17,-2.2204460492503132e-17,comparator_rate_minus_proposed_rate,PRE_R10_SUPPORTING_DESCRIPTIVE_RESULT_AWARE__NO_NEW_CONFIRMATORY_INFERENCE
24,E2_ROLLING__DT-RAMDE_TS2_FULL__VS__NO_EXECUTION_FEEDBACK,E2_ROLLING,FAILURE_RATE,RR-REJECTION/0,5,-0.049999999999999989,-0.049999999999999989,-0.049999999999999989,comparator_rate_minus_proposed_rate,PRE_R10_SUPPORTING_DESCRIPTIVE_RESULT_AWARE__NO_NEW_CONFIRMATORY_INFERENCE
24,E2_ROLLING__DT-RAMDE_TS2_FULL__VS__NO_EXECUTION_FEEDBACK,E2_ROLLING,REJECT_SAFETY_FILTER,RR-REJECTION/0,5,-0.050000000000000003,-0.050000000000000003,-0.050000000000000003,comparator_rate_minus_proposed_rate,PRE_R10_SUPPORTING_DESCRIPTIVE_RESULT_AWARE__NO_NEW_CONFIRMATORY_INFERENCE
24,E2_ROLLING__DT-RAMDE_TS2_FULL__VS__NO_EXECUTION_FEEDBACK,E2_ROLLING,REJECT_BUDGET_NO_FEASIBLE,RR-REJECTION/0,5,0,0,0,comparator_rate_minus_proposed_rate,PRE_R10_SUPPORTING_DESCRIPTIVE_RESULT_AWARE__NO_NEW_CONFIRMATORY_INFERENCE
24,E2_ROLLING__DT-RAMDE_TS2_FULL__VS__NO_EXECUTION_FEEDBACK,E2_ROLLING,REJECT_NUMERICAL,RR-REJECTION/0,5,0,0,0,comparator_rate_minus_proposed_rate,PRE_R10_SUPPORTING_DESCRIPTIVE_RESULT_AWARE__NO_NEW_CONFIRMATORY_INFERENCE
24,E2_ROLLING__DT-RAMDE_TS2_FULL__VS__NO_EXECUTION_FEEDBACK,E2_ROLLING,OTHER_NONACCEPTED,RR-REJECTION/0,5,0,0,0,comparator_rate_minus_proposed_rate,PRE_R10_SUPPORTING_DESCRIPTIVE_RESULT_AWARE__NO_NEW_CONFIRMATORY_INFERENCE
24,E2_ROLLING__DT-RAMDE_TS2_FULL__VS__NO_EXECUTION_FEEDBACK,E2_ROLLING,FAILURE_RATE,RR-REJECTION/1,5,0.01999999999999999,0.01999999999999999,0.01999999999999999,comparator_rate_minus_proposed_rate,PRE_R10_SUPPORTING_DESCRIPTIVE_RESULT_AWARE__NO_NEW_CONFIRMATORY_INFERENCE
24,E2_ROLLING__DT-RAMDE_TS2_FULL__VS__NO_EXECUTION_FEEDBACK,E2_ROLLING,REJECT_SAFETY_FILTER,RR-REJECTION/1,5,0.019999999999999997,0.019999999999999997,0.019999999999999997,comparator_rate_minus_proposed_rate,PRE_R10_SUPPORTING_DESCRIPTIVE_RESULT_AWARE__NO_NEW_CONFIRMATORY_INFERENCE
24,E2_ROLLING__DT-RAMDE_TS2_FULL__VS__NO_EXECUTION_FEEDBACK,E2_ROLLING,REJECT_BUDGET_NO_FEASIBLE,RR-REJECTION/1,5,0,0,0,comparator_rate_minus_proposed_rate,PRE_R10_SUPPORTING_DESCRIPTIVE_RESULT_AWARE__NO_NEW_CONFIRMATORY_INFERENCE
24,E2_ROLLING__DT-RAMDE_TS2_FULL__VS__NO_EXECUTION_FEEDBACK,E2_ROLLING,REJECT_NUMERICAL,RR-REJECTION/1,5,0,0,0,comparator_rate_minus_proposed_rate,PRE_R10_SUPPORTING_DESCRIPTIVE_RESULT_AWARE__NO_NEW_CONFIRMATORY_INFERENCE
24,E2_ROLLING__DT-RAMDE_TS2_FULL__VS__NO_EXECUTION_FEEDBACK,E2_ROLLING,OTHER_NONACCEPTED,RR-REJECTION/1,5,0,0,0,comparator_rate_minus_proposed_rate,PRE_R10_SUPPORTING_DESCRIPTIVE_RESULT_AWARE__NO_NEW_CONFIRMATORY_INFERENCE
24,E2_ROLLING__DT-RAMDE_TS2_FULL__VS__NO_EXECUTION_FEEDBACK,E2_ROLLING,FAILURE_RATE,RR-REJECTION/2,5,-0.0099999999999999534,-0.0099999999999999534,-0.0099999999999999534,comparator_rate_minus_proposed_rate,PRE_R10_SUPPORTING_DESCRIPTIVE_RESULT_AWARE__NO_NEW_CONFIRMATORY_INFERENCE
24,E2_ROLLING__DT-RAMDE_TS2_FULL__VS__NO_EXECUTION_FEEDBACK,E2_ROLLING,REJECT_SAFETY_FILTER,RR-REJECTION/2,5,-0.0099999999999999985,-0.0099999999999999985,-0.0099999999999999985,comparator_rate_minus_proposed_rate,PRE_R10_SUPPORTING_DESCRIPTIVE_RESULT_AWARE__NO_NEW_CONFIRMATORY_INFERENCE
24,E2_ROLLING__DT-RAMDE_TS2_FULL__VS__NO_EXECUTION_FEEDBACK,E2_ROLLING,REJECT_BUDGET_NO_FEASIBLE,RR-REJECTION/2,5,0,0,0,comparator_rate_minus_proposed_rate,PRE_R10_SUPPORTING_DESCRIPTIVE_RESULT_AWARE__NO_NEW_CONFIRMATORY_INFERENCE
24,E2_ROLLING__DT-RAMDE_TS2_FULL__VS__NO_EXECUTION_FEEDBACK,E2_ROLLING,REJECT_NUMERICAL,RR-REJECTION/2,5,0,0,0,comparator_rate_minus_proposed_rate,PRE_R10_SUPPORTING_DESCRIPTIVE_RESULT_AWARE__NO_NEW_CONFIRMATORY_INFERENCE
24,E2_ROLLING__DT-RAMDE_TS2_FULL__VS__NO_EXECUTION_FEEDBACK,E2_ROLLING,OTHER_NONACCEPTED,RR-REJECTION/2,5,0,0,0,comparator_rate_minus_proposed_rate,PRE_R10_SUPPORTING_DESCRIPTIVE_RESULT_AWARE__NO_NEW_CONFIRMATORY_INFERENCE
24,E2_ROLLING__DT-RAMDE_TS2_FULL__VS__NO_EXECUTION_FEEDBACK,E2_ROLLING,FAILURE_RATE,RR-REJECTION/3,5,0.019999999999999997,0.019999999999999997,0.019999999999999997,comparator_rate_minus_proposed_rate,PRE_R10_SUPPORTING_DESCRIPTIVE_RESULT_AWARE__NO_NEW_CONFIRMATORY_INFERENCE
24,E2_ROLLING__DT-RAMDE_TS2_FULL__VS__NO_EXECUTION_FEEDBACK,E2_ROLLING,REJECT_SAFETY_FILTER,RR-REJECTION/3,5,0.019999999999999997,0.019999999999999997,0.019999999999999997,comparator_rate_minus_proposed_rate,PRE_R10_SUPPORTING_DESCRIPTIVE_RESULT_AWARE__NO_NEW_CONFIRMATORY_INFERENCE
24,E2_ROLLING__DT-RAMDE_TS2_FULL__VS__NO_EXECUTION_FEEDBACK,E2_ROLLING,REJECT_BUDGET_NO_FEASIBLE,RR-REJECTION/3,5,0,0,0,comparator_rate_minus_proposed_rate,PRE_R10_SUPPORTING_DESCRIPTIVE_RESULT_AWARE__NO_NEW_CONFIRMATORY_INFERENCE
24,E2_ROLLING__DT-RAMDE_TS2_FULL__VS__NO_EXECUTION_FEEDBACK,E2_ROLLING,REJECT_NUMERICAL,RR-REJECTION/3,5,0,0,0,comparator_rate_minus_proposed_rate,PRE_R10_SUPPORTING_DESCRIPTIVE_RESULT_AWARE__NO_NEW_CONFIRMATORY_INFERENCE
24,E2_ROLLING__DT-RAMDE_TS2_FULL__VS__NO_EXECUTION_FEEDBACK,E2_ROLLING,OTHER_NONACCEPTED,RR-REJECTION/3,5,0,0,0,comparator_rate_minus_proposed_rate,PRE_R10_SUPPORTING_DESCRIPTIVE_RESULT_AWARE__NO_NEW_CONFIRMATORY_INFERENCE
24,E2_ROLLING__DT-RAMDE_TS2_FULL__VS__NO_EXECUTION_FEEDBACK,E2_ROLLING,FAILURE_RATE,RR-REJECTION/4,5,0.099999999999999992,0.099999999999999992,0.099999999999999992,comparator_rate_minus_proposed_rate,PRE_R10_SUPPORTING_DESCRIPTIVE_RESULT_AWARE__NO_NEW_CONFIRMATORY_INFERENCE
24,E2_ROLLING__DT-RAMDE_TS2_FULL__VS__NO_EXECUTION_FEEDBACK,E2_ROLLING,REJECT_SAFETY_FILTER,RR-REJECTION/4,5,0.099999999999999992,0.099999999999999992,0.099999999999999992,comparator_rate_minus_proposed_rate,PRE_R10_SUPPORTING_DESCRIPTIVE_RESULT_AWARE__NO_NEW_CONFIRMATORY_INFERENCE
24,E2_ROLLING__DT-RAMDE_TS2_FULL__VS__NO_EXECUTION_FEEDBACK,E2_ROLLING,REJECT_BUDGET_NO_FEASIBLE,RR-REJECTION/4,5,0,0,0,comparator_rate_minus_proposed_rate,PRE_R10_SUPPORTING_DESCRIPTIVE_RESULT_AWARE__NO_NEW_CONFIRMATORY_INFERENCE
24,E2_ROLLING__DT-RAMDE_TS2_FULL__VS__NO_EXECUTION_FEEDBACK,E2_ROLLING,REJECT_NUMERICAL,RR-REJECTION/4,5,0,0,0,comparator_rate_minus_proposed_rate,PRE_R10_SUPPORTING_DESCRIPTIVE_RESULT_AWARE__NO_NEW_CONFIRMATORY_INFERENCE
24,E2_ROLLING__DT-RAMDE_TS2_FULL__VS__NO_EXECUTION_FEEDBACK,E2_ROLLING,OTHER_NONACCEPTED,RR-REJECTION/4,5,0,0,0,comparator_rate_minus_proposed_rate,PRE_R10_SUPPORTING_DESCRIPTIVE_RESULT_AWARE__NO_NEW_CONFIRMATORY_INFERENCE
24,E2_ROLLING__DT-RAMDE_TS2_FULL__VS__NO_EXECUTION_FEEDBACK,E2_ROLLING,FAILURE_RATE,RR-REJECTION/5,5,0.040000000000000008,0.040000000000000008,0.040000000000000008,comparator_rate_minus_proposed_rate,PRE_R10_SUPPORTING_DESCRIPTIVE_RESULT_AWARE__NO_NEW_CONFIRMATORY_INFERENCE
24,E2_ROLLING__DT-RAMDE_TS2_FULL__VS__NO_EXECUTION_FEEDBACK,E2_ROLLING,REJECT_SAFETY_FILTER,RR-REJECTION/5,5,0.039999999999999994,0.039999999999999994,0.039999999999999994,comparator_rate_minus_proposed_rate,PRE_R10_SUPPORTING_DESCRIPTIVE_RESULT_AWARE__NO_NEW_CONFIRMATORY_INFERENCE
24,E2_ROLLING__DT-RAMDE_TS2_FULL__VS__NO_EXECUTION_FEEDBACK,E2_ROLLING,REJECT_BUDGET_NO_FEASIBLE,RR-REJECTION/5,5,0,0,0,comparator_rate_minus_proposed_rate,PRE_R10_SUPPORTING_DESCRIPTIVE_RESULT_AWARE__NO_NEW_CONFIRMATORY_INFERENCE
24,E2_ROLLING__DT-RAMDE_TS2_FULL__VS__NO_EXECUTION_FEEDBACK,E2_ROLLING,REJECT_NUMERICAL,RR-REJECTION/5,5,0,0,0,comparator_rate_minus_proposed_rate,PRE_R10_SUPPORTING_DESCRIPTIVE_RESULT_AWARE__NO_NEW_CONFIRMATORY_INFERENCE
24,E2_ROLLING__DT-RAMDE_TS2_FULL__VS__NO_EXECUTION_FEEDBACK,E2_ROLLING,OTHER_NONACCEPTED,RR-REJECTION/5,5,0,0,0,comparator_rate_minus_proposed_rate,PRE_R10_SUPPORTING_DESCRIPTIVE_RESULT_AWARE__NO_NEW_CONFIRMATORY_INFERENCE
24,E2_ROLLING__DT-RAMDE_TS2_FULL__VS__NO_EXECUTION_FEEDBACK,E2_ROLLING,FAILURE_RATE,RR-REJECTION/6,5,0,0,0,comparator_rate_minus_proposed_rate,PRE_R10_SUPPORTING_DESCRIPTIVE_RESULT_AWARE__NO_NEW_CONFIRMATORY_INFERENCE
24,E2_ROLLING__DT-RAMDE_TS2_FULL__VS__NO_EXECUTION_FEEDBACK,E2_ROLLING,REJECT_SAFETY_FILTER,RR-REJECTION/6,5,0,0,0,comparator_rate_minus_proposed_rate,PRE_R10_SUPPORTING_DESCRIPTIVE_RESULT_AWARE__NO_NEW_CONFIRMATORY_INFERENCE
24,E2_ROLLING__DT-RAMDE_TS2_FULL__VS__NO_EXECUTION_FEEDBACK,E2_ROLLING,REJECT_BUDGET_NO_FEASIBLE,RR-REJECTION/6,5,0,0,0,comparator_rate_minus_proposed_rate,PRE_R10_SUPPORTING_DESCRIPTIVE_RESULT_AWARE__NO_NEW_CONFIRMATORY_INFERENCE
24,E2_ROLLING__DT-RAMDE_TS2_FULL__VS__NO_EXECUTION_FEEDBACK,E2_ROLLING,REJECT_NUMERICAL,RR-REJECTION/6,5,0,0,0,comparator_rate_minus_proposed_rate,PRE_R10_SUPPORTING_DESCRIPTIVE_RESULT_AWARE__NO_NEW_CONFIRMATORY_INFERENCE
24,E2_ROLLING__DT-RAMDE_TS2_FULL__VS__NO_EXECUTION_FEEDBACK,E2_ROLLING,OTHER_NONACCEPTED,RR-REJECTION/6,5,0,0,0,comparator_rate_minus_proposed_rate,PRE_R10_SUPPORTING_DESCRIPTIVE_RESULT_AWARE__NO_NEW_CONFIRMATORY_INFERENCE
24,E2_ROLLING__DT-RAMDE_TS2_FULL__VS__NO_EXECUTION_FEEDBACK,E2_ROLLING,FAILURE_RATE,RR-REJECTION/7,5,0.15000000000000002,0.15000000000000002,0.15000000000000002,comparator_rate_minus_proposed_rate,PRE_R10_SUPPORTING_DESCRIPTIVE_RESULT_AWARE__NO_NEW_CONFIRMATORY_INFERENCE
24,E2_ROLLING__DT-RAMDE_TS2_FULL__VS__NO_EXECUTION_FEEDBACK,E2_ROLLING,REJECT_SAFETY_FILTER,RR-REJECTION/7,5,0.14999999999999999,0.14999999999999999,0.14999999999999999,comparator_rate_minus_proposed_rate,PRE_R10_SUPPORTING_DESCRIPTIVE_RESULT_AWARE__NO_NEW_CONFIRMATORY_INFERENCE
24,E2_ROLLING__DT-RAMDE_TS2_FULL__VS__NO_EXECUTION_FEEDBACK,E2_ROLLING,REJECT_BUDGET_NO_FEASIBLE,RR-REJECTION/7,5,0,0,0,comparator_rate_minus_proposed_rate,PRE_R10_SUPPORTING_DESCRIPTIVE_RESULT_AWARE__NO_NEW_CONFIRMATORY_INFERENCE
24,E2_ROLLING__DT-RAMDE_TS2_FULL__VS__NO_EXECUTION_FEEDBACK,E2_ROLLING,REJECT_NUMERICAL,RR-REJECTION/7,5,0,0,0,comparator_rate_minus_proposed_rate,PRE_R10_SUPPORTING_DESCRIPTIVE_RESULT_AWARE__NO_NEW_CONFIRMATORY_INFERENCE
24,E2_ROLLING__DT-RAMDE_TS2_FULL__VS__NO_EXECUTION_FEEDBACK,E2_ROLLING,OTHER_NONACCEPTED,RR-REJECTION/7,5,0,0,0,comparator_rate_minus_proposed_rate,PRE_R10_SUPPORTING_DESCRIPTIVE_RESULT_AWARE__NO_NEW_CONFIRMATORY_INFERENCE
24,E2_ROLLING__DT-RAMDE_TS2_FULL__VS__NO_EXECUTION_FEEDBACK,E2_ROLLING,FAILURE_RATE,RR-SHOCK/0,5,0,0,0,comparator_rate_minus_proposed_rate,PRE_R10_SUPPORTING_DESCRIPTIVE_RESULT_AWARE__NO_NEW_CONFIRMATORY_INFERENCE
24,E2_ROLLING__DT-RAMDE_TS2_FULL__VS__NO_EXECUTION_FEEDBACK,E2_ROLLING,REJECT_SAFETY_FILTER,RR-SHOCK/0,5,0,0,0,comparator_rate_minus_proposed_rate,PRE_R10_SUPPORTING_DESCRIPTIVE_RESULT_AWARE__NO_NEW_CONFIRMATORY_INFERENCE
24,E2_ROLLING__DT-RAMDE_TS2_FULL__VS__NO_EXECUTION_FEEDBACK,E2_ROLLING,REJECT_BUDGET_NO_FEASIBLE,RR-SHOCK/0,5,0,0,0,comparator_rate_minus_proposed_rate,PRE_R10_SUPPORTING_DESCRIPTIVE_RESULT_AWARE__NO_NEW_CONFIRMATORY_INFERENCE
24,E2_ROLLING__DT-RAMDE_TS2_FULL__VS__NO_EXECUTION_FEEDBACK,E2_ROLLING,REJECT_NUMERICAL,RR-SHOCK/0,5,0,0,0,comparator_rate_minus_proposed_rate,PRE_R10_SUPPORTING_DESCRIPTIVE_RESULT_AWARE__NO_NEW_CONFIRMATORY_INFERENCE
24,E2_ROLLING__DT-RAMDE_TS2_FULL__VS__NO_EXECUTION_FEEDBACK,E2_ROLLING,OTHER_NONACCEPTED,RR-SHOCK/0,5,0,0,0,comparator_rate_minus_proposed_rate,PRE_R10_SUPPORTING_DESCRIPTIVE_RESULT_AWARE__NO_NEW_CONFIRMATORY_INFERENCE
24,E2_ROLLING__DT-RAMDE_TS2_FULL__VS__NO_EXECUTION_FEEDBACK,E2_ROLLING,FAILURE_RATE,RR-SHOCK/1,5,0.01,0.01,0.01,comparator_rate_minus_proposed_rate,PRE_R10_SUPPORTING_DESCRIPTIVE_RESULT_AWARE__NO_NEW_CONFIRMATORY_INFERENCE
24,E2_ROLLING__DT-RAMDE_TS2_FULL__VS__NO_EXECUTION_FEEDBACK,E2_ROLLING,REJECT_SAFETY_FILTER,RR-SHOCK/1,5,0.01,0.01,0.01,comparator_rate_minus_proposed_rate,PRE_R10_SUPPORTING_DESCRIPTIVE_RESULT_AWARE__NO_NEW_CONFIRMATORY_INFERENCE
24,E2_ROLLING__DT-RAMDE_TS2_FULL__VS__NO_EXECUTION_FEEDBACK,E2_ROLLING,REJECT_BUDGET_NO_FEASIBLE,RR-SHOCK/1,5,0,0,0,comparator_rate_minus_proposed_rate,PRE_R10_SUPPORTING_DESCRIPTIVE_RESULT_AWARE__NO_NEW_CONFIRMATORY_INFERENCE
24,E2_ROLLING__DT-RAMDE_TS2_FULL__VS__NO_EXECUTION_FEEDBACK,E2_ROLLING,REJECT_NUMERICAL,RR-SHOCK/1,5,0,0,0,comparator_rate_minus_proposed_rate,PRE_R10_SUPPORTING_DESCRIPTIVE_RESULT_AWARE__NO_NEW_CONFIRMATORY_INFERENCE
24,E2_ROLLING__DT-RAMDE_TS2_FULL__VS__NO_EXECUTION_FEEDBACK,E2_ROLLING,OTHER_NONACCEPTED,RR-SHOCK/1,5,0,0,0,comparator_rate_minus_proposed_rate,PRE_R10_SUPPORTING_DESCRIPTIVE_RESULT_AWARE__NO_NEW_CONFIRMATORY_INFERENCE
24,E2_ROLLING__DT-RAMDE_TS2_FULL__VS__NO_EXECUTION_FEEDBACK,E2_ROLLING,FAILURE_RATE,RR-SHOCK/2,5,0.020000000000000004,0.020000000000000004,0.020000000000000004,comparator_rate_minus_proposed_rate,PRE_R10_SUPPORTING_DESCRIPTIVE_RESULT_AWARE__NO_NEW_CONFIRMATORY_INFERENCE
24,E2_ROLLING__DT-RAMDE_TS2_FULL__VS__NO_EXECUTION_FEEDBACK,E2_ROLLING,REJECT_SAFETY_FILTER,RR-SHOCK/2,5,0.019999999999999997,0.019999999999999997,0.019999999999999997,comparator_rate_minus_proposed_rate,PRE_R10_SUPPORTING_DESCRIPTIVE_RESULT_AWARE__NO_NEW_CONFIRMATORY_INFERENCE
24,E2_ROLLING__DT-RAMDE_TS2_FULL__VS__NO_EXECUTION_FEEDBACK,E2_ROLLING,REJECT_BUDGET_NO_FEASIBLE,RR-SHOCK/2,5,0,0,0,comparator_rate_minus_proposed_rate,PRE_R10_SUPPORTING_DESCRIPTIVE_RESULT_AWARE__NO_NEW_CONFIRMATORY_INFERENCE
24,E2_ROLLING__DT-RAMDE_TS2_FULL__VS__NO_EXECUTION_FEEDBACK,E2_ROLLING,REJECT_NUMERICAL,RR-SHOCK/2,5,0,0,0,comparator_rate_minus_proposed_rate,PRE_R10_SUPPORTING_DESCRIPTIVE_RESULT_AWARE__NO_NEW_CONFIRMATORY_INFERENCE
24,E2_ROLLING__DT-RAMDE_TS2_FULL__VS__NO_EXECUTION_FEEDBACK,E2_ROLLING,OTHER_NONACCEPTED,RR-SHOCK/2,5,0,0,0,comparator_rate_minus_proposed_rate,PRE_R10_SUPPORTING_DESCRIPTIVE_RESULT_AWARE__NO_NEW_CONFIRMATORY_INFERENCE
24,E2_ROLLING__DT-RAMDE_TS2_FULL__VS__NO_EXECUTION_FEEDBACK,E2_ROLLING,FAILURE_RATE,RR-SHOCK/3,5,0.099999999999999867,0.099999999999999867,0.099999999999999867,comparator_rate_minus_proposed_rate,PRE_R10_SUPPORTING_DESCRIPTIVE_RESULT_AWARE__NO_NEW_CONFIRMATORY_INFERENCE
24,E2_ROLLING__DT-RAMDE_TS2_FULL__VS__NO_EXECUTION_FEEDBACK,E2_ROLLING,REJECT_SAFETY_FILTER,RR-SHOCK/3,5,0.10000000000000001,0.10000000000000001,0.10000000000000001,comparator_rate_minus_proposed_rate,PRE_R10_SUPPORTING_DESCRIPTIVE_RESULT_AWARE__NO_NEW_CONFIRMATORY_INFERENCE
24,E2_ROLLING__DT-RAMDE_TS2_FULL__VS__NO_EXECUTION_FEEDBACK,E2_ROLLING,REJECT_BUDGET_NO_FEASIBLE,RR-SHOCK/3,5,0,0,0,comparator_rate_minus_proposed_rate,PRE_R10_SUPPORTING_DESCRIPTIVE_RESULT_AWARE__NO_NEW_CONFIRMATORY_INFERENCE
24,E2_ROLLING__DT-RAMDE_TS2_FULL__VS__NO_EXECUTION_FEEDBACK,E2_ROLLING,REJECT_NUMERICAL,RR-SHOCK/3,5,0,0,0,comparator_rate_minus_proposed_rate,PRE_R10_SUPPORTING_DESCRIPTIVE_RESULT_AWARE__NO_NEW_CONFIRMATORY_INFERENCE
24,E2_ROLLING__DT-RAMDE_TS2_FULL__VS__NO_EXECUTION_FEEDBACK,E2_ROLLING,OTHER_NONACCEPTED,RR-SHOCK/3,5,-4.4408920985006264e-17,-4.4408920985006264e-17,-4.4408920985006264e-17,comparator_rate_minus_proposed_rate,PRE_R10_SUPPORTING_DESCRIPTIVE_RESULT_AWARE__NO_NEW_CONFIRMATORY_INFERENCE
24,E2_ROLLING__DT-RAMDE_TS2_FULL__VS__NO_EXECUTION_FEEDBACK,E2_ROLLING,FAILURE_RATE,RR-SHOCK/4,5,0.029999999999999999,0.029999999999999999,0.029999999999999999,comparator_rate_minus_proposed_rate,PRE_R10_SUPPORTING_DESCRIPTIVE_RESULT_AWARE__NO_NEW_CONFIRMATORY_INFERENCE
24,E2_ROLLING__DT-RAMDE_TS2_FULL__VS__NO_EXECUTION_FEEDBACK,E2_ROLLING,REJECT_SAFETY_FILTER,RR-SHOCK/4,5,0.030000000000000006,0.030000000000000006,0.030000000000000006,comparator_rate_minus_proposed_rate,PRE_R10_SUPPORTING_DESCRIPTIVE_RESULT_AWARE__NO_NEW_CONFIRMATORY_INFERENCE
24,E2_ROLLING__DT-RAMDE_TS2_FULL__VS__NO_EXECUTION_FEEDBACK,E2_ROLLING,REJECT_BUDGET_NO_FEASIBLE,RR-SHOCK/4,5,0,0,0,comparator_rate_minus_proposed_rate,PRE_R10_SUPPORTING_DESCRIPTIVE_RESULT_AWARE__NO_NEW_CONFIRMATORY_INFERENCE
24,E2_ROLLING__DT-RAMDE_TS2_FULL__VS__NO_EXECUTION_FEEDBACK,E2_ROLLING,REJECT_NUMERICAL,RR-SHOCK/4,5,0,0,0,comparator_rate_minus_proposed_rate,PRE_R10_SUPPORTING_DESCRIPTIVE_RESULT_AWARE__NO_NEW_CONFIRMATORY_INFERENCE
24,E2_ROLLING__DT-RAMDE_TS2_FULL__VS__NO_EXECUTION_FEEDBACK,E2_ROLLING,OTHER_NONACCEPTED,RR-SHOCK/4,5,0,0,0,comparator_rate_minus_proposed_rate,PRE_R10_SUPPORTING_DESCRIPTIVE_RESULT_AWARE__NO_NEW_CONFIRMATORY_INFERENCE
24,E2_ROLLING__DT-RAMDE_TS2_FULL__VS__NO_EXECUTION_FEEDBACK,E2_ROLLING,FAILURE_RATE,RR-SHOCK/5,5,0.060000000000000053,0.060000000000000053,0.060000000000000053,comparator_rate_minus_proposed_rate,PRE_R10_SUPPORTING_DESCRIPTIVE_RESULT_AWARE__NO_NEW_CONFIRMATORY_INFERENCE
24,E2_ROLLING__DT-RAMDE_TS2_FULL__VS__NO_EXECUTION_FEEDBACK,E2_ROLLING,REJECT_SAFETY_FILTER,RR-SHOCK/5,5,0.059999999999999998,0.059999999999999998,0.059999999999999998,comparator_rate_minus_proposed_rate,PRE_R10_SUPPORTING_DESCRIPTIVE_RESULT_AWARE__NO_NEW_CONFIRMATORY_INFERENCE
24,E2_ROLLING__DT-RAMDE_TS2_FULL__VS__NO_EXECUTION_FEEDBACK,E2_ROLLING,REJECT_BUDGET_NO_FEASIBLE,RR-SHOCK/5,5,0,0,0,comparator_rate_minus_proposed_rate,PRE_R10_SUPPORTING_DESCRIPTIVE_RESULT_AWARE__NO_NEW_CONFIRMATORY_INFERENCE
24,E2_ROLLING__DT-RAMDE_TS2_FULL__VS__NO_EXECUTION_FEEDBACK,E2_ROLLING,REJECT_NUMERICAL,RR-SHOCK/5,5,0,0,0,comparator_rate_minus_proposed_rate,PRE_R10_SUPPORTING_DESCRIPTIVE_RESULT_AWARE__NO_NEW_CONFIRMATORY_INFERENCE
24,E2_ROLLING__DT-RAMDE_TS2_FULL__VS__NO_EXECUTION_FEEDBACK,E2_ROLLING,OTHER_NONACCEPTED,RR-SHOCK/5,5,2.2204460492503132e-17,2.2204460492503132e-17,2.2204460492503132e-17,comparator_rate_minus_proposed_rate,PRE_R10_SUPPORTING_DESCRIPTIVE_RESULT_AWARE__NO_NEW_CONFIRMATORY_INFERENCE
24,E2_ROLLING__DT-RAMDE_TS2_FULL__VS__NO_EXECUTION_FEEDBACK,E2_ROLLING,FAILURE_RATE,RR-SHOCK/6,5,0.22000000000000003,0.22000000000000003,0.22000000000000003,comparator_rate_minus_proposed_rate,PRE_R10_SUPPORTING_DESCRIPTIVE_RESULT_AWARE__NO_NEW_CONFIRMATORY_INFERENCE
24,E2_ROLLING__DT-RAMDE_TS2_FULL__VS__NO_EXECUTION_FEEDBACK,E2_ROLLING,REJECT_SAFETY_FILTER,RR-SHOCK/6,5,0.16000000000000003,0.16000000000000003,0.16000000000000003,comparator_rate_minus_proposed_rate,PRE_R10_SUPPORTING_DESCRIPTIVE_RESULT_AWARE__NO_NEW_CONFIRMATORY_INFERENCE
24,E2_ROLLING__DT-RAMDE_TS2_FULL__VS__NO_EXECUTION_FEEDBACK,E2_ROLLING,REJECT_BUDGET_NO_FEASIBLE,RR-SHOCK/6,5,0.060000000000000012,0.060000000000000012,0.060000000000000012,comparator_rate_minus_proposed_rate,PRE_R10_SUPPORTING_DESCRIPTIVE_RESULT_AWARE__NO_NEW_CONFIRMATORY_INFERENCE
24,E2_ROLLING__DT-RAMDE_TS2_FULL__VS__NO_EXECUTION_FEEDBACK,E2_ROLLING,REJECT_NUMERICAL,RR-SHOCK/6,5,0,0,0,comparator_rate_minus_proposed_rate,PRE_R10_SUPPORTING_DESCRIPTIVE_RESULT_AWARE__NO_NEW_CONFIRMATORY_INFERENCE
24,E2_ROLLING__DT-RAMDE_TS2_FULL__VS__NO_EXECUTION_FEEDBACK,E2_ROLLING,OTHER_NONACCEPTED,RR-SHOCK/6,5,-8.8817841970012528e-17,-8.8817841970012528e-17,-8.8817841970012528e-17,comparator_rate_minus_proposed_rate,PRE_R10_SUPPORTING_DESCRIPTIVE_RESULT_AWARE__NO_NEW_CONFIRMATORY_INFERENCE
24,E2_ROLLING__DT-RAMDE_TS2_FULL__VS__NO_EXECUTION_FEEDBACK,E2_ROLLING,FAILURE_RATE,RR-SHOCK/7,5,0,0,0,comparator_rate_minus_proposed_rate,PRE_R10_SUPPORTING_DESCRIPTIVE_RESULT_AWARE__NO_NEW_CONFIRMATORY_INFERENCE
24,E2_ROLLING__DT-RAMDE_TS2_FULL__VS__NO_EXECUTION_FEEDBACK,E2_ROLLING,REJECT_SAFETY_FILTER,RR-SHOCK/7,5,0,0,0,comparator_rate_minus_proposed_rate,PRE_R10_SUPPORTING_DESCRIPTIVE_RESULT_AWARE__NO_NEW_CONFIRMATORY_INFERENCE
24,E2_ROLLING__DT-RAMDE_TS2_FULL__VS__NO_EXECUTION_FEEDBACK,E2_ROLLING,REJECT_BUDGET_NO_FEASIBLE,RR-SHOCK/7,5,0,0,0,comparator_rate_minus_proposed_rate,PRE_R10_SUPPORTING_DESCRIPTIVE_RESULT_AWARE__NO_NEW_CONFIRMATORY_INFERENCE
24,E2_ROLLING__DT-RAMDE_TS2_FULL__VS__NO_EXECUTION_FEEDBACK,E2_ROLLING,REJECT_NUMERICAL,RR-SHOCK/7,5,0,0,0,comparator_rate_minus_proposed_rate,PRE_R10_SUPPORTING_DESCRIPTIVE_RESULT_AWARE__NO_NEW_CONFIRMATORY_INFERENCE
24,E2_ROLLING__DT-RAMDE_TS2_FULL__VS__NO_EXECUTION_FEEDBACK,E2_ROLLING,OTHER_NONACCEPTED,RR-SHOCK/7,5,0,0,0,comparator_rate_minus_proposed_rate,PRE_R10_SUPPORTING_DESCRIPTIVE_RESULT_AWARE__NO_NEW_CONFIRMATORY_INFERENCE
24,E2_ROLLING__DT-RAMDE_TS2_FULL__VS__NO_EXECUTION_FEEDBACK,E2_ROLLING,FAILURE_RATE,RR-SMOOTH/0,5,0.14000000000000001,0.14000000000000001,0.14000000000000001,comparator_rate_minus_proposed_rate,PRE_R10_SUPPORTING_DESCRIPTIVE_RESULT_AWARE__NO_NEW_CONFIRMATORY_INFERENCE
24,E2_ROLLING__DT-RAMDE_TS2_FULL__VS__NO_EXECUTION_FEEDBACK,E2_ROLLING,REJECT_SAFETY_FILTER,RR-SMOOTH/0,5,0.13999999999999999,0.13999999999999999,0.13999999999999999,comparator_rate_minus_proposed_rate,PRE_R10_SUPPORTING_DESCRIPTIVE_RESULT_AWARE__NO_NEW_CONFIRMATORY_INFERENCE
24,E2_ROLLING__DT-RAMDE_TS2_FULL__VS__NO_EXECUTION_FEEDBACK,E2_ROLLING,REJECT_BUDGET_NO_FEASIBLE,RR-SMOOTH/0,5,0,0,0,comparator_rate_minus_proposed_rate,PRE_R10_SUPPORTING_DESCRIPTIVE_RESULT_AWARE__NO_NEW_CONFIRMATORY_INFERENCE
24,E2_ROLLING__DT-RAMDE_TS2_FULL__VS__NO_EXECUTION_FEEDBACK,E2_ROLLING,REJECT_NUMERICAL,RR-SMOOTH/0,5,0,0,0,comparator_rate_minus_proposed_rate,PRE_R10_SUPPORTING_DESCRIPTIVE_RESULT_AWARE__NO_NEW_CONFIRMATORY_INFERENCE
24,E2_ROLLING__DT-RAMDE_TS2_FULL__VS__NO_EXECUTION_FEEDBACK,E2_ROLLING,OTHER_NONACCEPTED,RR-SMOOTH/0,5,0,0,0,comparator_rate_minus_proposed_rate,PRE_R10_SUPPORTING_DESCRIPTIVE_RESULT_AWARE__NO_NEW_CONFIRMATORY_INFERENCE
24,E2_ROLLING__DT-RAMDE_TS2_FULL__VS__NO_EXECUTION_FEEDBACK,E2_ROLLING,FAILURE_RATE,RR-SMOOTH/1,5,0.01000000000000012,0.01000000000000012,0.01000000000000012,comparator_rate_minus_proposed_rate,PRE_R10_SUPPORTING_DESCRIPTIVE_RESULT_AWARE__NO_NEW_CONFIRMATORY_INFERENCE
24,E2_ROLLING__DT-RAMDE_TS2_FULL__VS__NO_EXECUTION_FEEDBACK,E2_ROLLING,REJECT_SAFETY_FILTER,RR-SMOOTH/1,5,0,0,0,comparator_rate_minus_proposed_rate,PRE_R10_SUPPORTING_DESCRIPTIVE_RESULT_AWARE__NO_NEW_CONFIRMATORY_INFERENCE
24,E2_ROLLING__DT-RAMDE_TS2_FULL__VS__NO_EXECUTION_FEEDBACK,E2_ROLLING,REJECT_BUDGET_NO_FEASIBLE,RR-SMOOTH/1,5,0.0099999999999999985,0.0099999999999999985,0.0099999999999999985,comparator_rate_minus_proposed_rate,PRE_R10_SUPPORTING_DESCRIPTIVE_RESULT_AWARE__NO_NEW_CONFIRMATORY_INFERENCE
24,E2_ROLLING__DT-RAMDE_TS2_FULL__VS__NO_EXECUTION_FEEDBACK,E2_ROLLING,REJECT_NUMERICAL,RR-SMOOTH/1,5,0,0,0,comparator_rate_minus_proposed_rate,PRE_R10_SUPPORTING_DESCRIPTIVE_RESULT_AWARE__NO_NEW_CONFIRMATORY_INFERENCE
24,E2_ROLLING__DT-RAMDE_TS2_FULL__VS__NO_EXECUTION_FEEDBACK,E2_ROLLING,OTHER_NONACCEPTED,RR-SMOOTH/1,5,0,0,0,comparator_rate_minus_proposed_rate,PRE_R10_SUPPORTING_DESCRIPTIVE_RESULT_AWARE__NO_NEW_CONFIRMATORY_INFERENCE
24,E2_ROLLING__DT-RAMDE_TS2_FULL__VS__NO_EXECUTION_FEEDBACK,E2_ROLLING,FAILURE_RATE,RR-SMOOTH/2,5,0,0,0,comparator_rate_minus_proposed_rate,PRE_R10_SUPPORTING_DESCRIPTIVE_RESULT_AWARE__NO_NEW_CONFIRMATORY_INFERENCE
24,E2_ROLLING__DT-RAMDE_TS2_FULL__VS__NO_EXECUTION_FEEDBACK,E2_ROLLING,REJECT_SAFETY_FILTER,RR-SMOOTH/2,5,0,0,0,comparator_rate_minus_proposed_rate,PRE_R10_SUPPORTING_DESCRIPTIVE_RESULT_AWARE__NO_NEW_CONFIRMATORY_INFERENCE
24,E2_ROLLING__DT-RAMDE_TS2_FULL__VS__NO_EXECUTION_FEEDBACK,E2_ROLLING,REJECT_BUDGET_NO_FEASIBLE,RR-SMOOTH/2,5,0,0,0,comparator_rate_minus_proposed_rate,PRE_R10_SUPPORTING_DESCRIPTIVE_RESULT_AWARE__NO_NEW_CONFIRMATORY_INFERENCE
24,E2_ROLLING__DT-RAMDE_TS2_FULL__VS__NO_EXECUTION_FEEDBACK,E2_ROLLING,REJECT_NUMERICAL,RR-SMOOTH/2,5,0,0,0,comparator_rate_minus_proposed_rate,PRE_R10_SUPPORTING_DESCRIPTIVE_RESULT_AWARE__NO_NEW_CONFIRMATORY_INFERENCE
24,E2_ROLLING__DT-RAMDE_TS2_FULL__VS__NO_EXECUTION_FEEDBACK,E2_ROLLING,OTHER_NONACCEPTED,RR-SMOOTH/2,5,0,0,0,comparator_rate_minus_proposed_rate,PRE_R10_SUPPORTING_DESCRIPTIVE_RESULT_AWARE__NO_NEW_CONFIRMATORY_INFERENCE
24,E2_ROLLING__DT-RAMDE_TS2_FULL__VS__NO_EXECUTION_FEEDBACK,E2_ROLLING,FAILURE_RATE,RR-SMOOTH/3,5,-0.030000000000000006,-0.030000000000000006,-0.030000000000000006,comparator_rate_minus_proposed_rate,PRE_R10_SUPPORTING_DESCRIPTIVE_RESULT_AWARE__NO_NEW_CONFIRMATORY_INFERENCE
24,E2_ROLLING__DT-RAMDE_TS2_FULL__VS__NO_EXECUTION_FEEDBACK,E2_ROLLING,REJECT_SAFETY_FILTER,RR-SMOOTH/3,5,-0.030000000000000006,-0.030000000000000006,-0.030000000000000006,comparator_rate_minus_proposed_rate,PRE_R10_SUPPORTING_DESCRIPTIVE_RESULT_AWARE__NO_NEW_CONFIRMATORY_INFERENCE
24,E2_ROLLING__DT-RAMDE_TS2_FULL__VS__NO_EXECUTION_FEEDBACK,E2_ROLLING,REJECT_BUDGET_NO_FEASIBLE,RR-SMOOTH/3,5,0,0,0,comparator_rate_minus_proposed_rate,PRE_R10_SUPPORTING_DESCRIPTIVE_RESULT_AWARE__NO_NEW_CONFIRMATORY_INFERENCE
24,E2_ROLLING__DT-RAMDE_TS2_FULL__VS__NO_EXECUTION_FEEDBACK,E2_ROLLING,REJECT_NUMERICAL,RR-SMOOTH/3,5,0,0,0,comparator_rate_minus_proposed_rate,PRE_R10_SUPPORTING_DESCRIPTIVE_RESULT_AWARE__NO_NEW_CONFIRMATORY_INFERENCE
24,E2_ROLLING__DT-RAMDE_TS2_FULL__VS__NO_EXECUTION_FEEDBACK,E2_ROLLING,OTHER_NONACCEPTED,RR-SMOOTH/3,5,0,0,0,comparator_rate_minus_proposed_rate,PRE_R10_SUPPORTING_DESCRIPTIVE_RESULT_AWARE__NO_NEW_CONFIRMATORY_INFERENCE
24,E2_ROLLING__DT-RAMDE_TS2_FULL__VS__NO_EXECUTION_FEEDBACK,E2_ROLLING,FAILURE_RATE,RR-SMOOTH/4,5,-0.029999999999999805,-0.029999999999999805,-0.029999999999999805,comparator_rate_minus_proposed_rate,PRE_R10_SUPPORTING_DESCRIPTIVE_RESULT_AWARE__NO_NEW_CONFIRMATORY_INFERENCE
24,E2_ROLLING__DT-RAMDE_TS2_FULL__VS__NO_EXECUTION_FEEDBACK,E2_ROLLING,REJECT_SAFETY_FILTER,RR-SMOOTH/4,5,-1.1102230246251566e-17,-1.1102230246251566e-17,-1.1102230246251566e-17,comparator_rate_minus_proposed_rate,PRE_R10_SUPPORTING_DESCRIPTIVE_RESULT_AWARE__NO_NEW_CONFIRMATORY_INFERENCE
24,E2_ROLLING__DT-RAMDE_TS2_FULL__VS__NO_EXECUTION_FEEDBACK,E2_ROLLING,REJECT_BUDGET_NO_FEASIBLE,RR-SMOOTH/4,5,-0.030000000000000006,-0.030000000000000006,-0.030000000000000006,comparator_rate_minus_proposed_rate,PRE_R10_SUPPORTING_DESCRIPTIVE_RESULT_AWARE__NO_NEW_CONFIRMATORY_INFERENCE
24,E2_ROLLING__DT-RAMDE_TS2_FULL__VS__NO_EXECUTION_FEEDBACK,E2_ROLLING,REJECT_NUMERICAL,RR-SMOOTH/4,5,0,0,0,comparator_rate_minus_proposed_rate,PRE_R10_SUPPORTING_DESCRIPTIVE_RESULT_AWARE__NO_NEW_CONFIRMATORY_INFERENCE
24,E2_ROLLING__DT-RAMDE_TS2_FULL__VS__NO_EXECUTION_FEEDBACK,E2_ROLLING,OTHER_NONACCEPTED,RR-SMOOTH/4,5,6.6613381477509402e-17,6.6613381477509402e-17,6.6613381477509402e-17,comparator_rate_minus_proposed_rate,PRE_R10_SUPPORTING_DESCRIPTIVE_RESULT_AWARE__NO_NEW_CONFIRMATORY_INFERENCE
24,E2_ROLLING__DT-RAMDE_TS2_FULL__VS__NO_EXECUTION_FEEDBACK,E2_ROLLING,FAILURE_RATE,RR-SMOOTH/5,5,0.069999999999999993,0.069999999999999993,0.069999999999999993,comparator_rate_minus_proposed_rate,PRE_R10_SUPPORTING_DESCRIPTIVE_RESULT_AWARE__NO_NEW_CONFIRMATORY_INFERENCE
24,E2_ROLLING__DT-RAMDE_TS2_FULL__VS__NO_EXECUTION_FEEDBACK,E2_ROLLING,REJECT_SAFETY_FILTER,RR-SMOOTH/5,5,0.069999999999999993,0.069999999999999993,0.069999999999999993,comparator_rate_minus_proposed_rate,PRE_R10_SUPPORTING_DESCRIPTIVE_RESULT_AWARE__NO_NEW_CONFIRMATORY_INFERENCE
24,E2_ROLLING__DT-RAMDE_TS2_FULL__VS__NO_EXECUTION_FEEDBACK,E2_ROLLING,REJECT_BUDGET_NO_FEASIBLE,RR-SMOOTH/5,5,0,0,0,comparator_rate_minus_proposed_rate,PRE_R10_SUPPORTING_DESCRIPTIVE_RESULT_AWARE__NO_NEW_CONFIRMATORY_INFERENCE
24,E2_ROLLING__DT-RAMDE_TS2_FULL__VS__NO_EXECUTION_FEEDBACK,E2_ROLLING,REJECT_NUMERICAL,RR-SMOOTH/5,5,0,0,0,comparator_rate_minus_proposed_rate,PRE_R10_SUPPORTING_DESCRIPTIVE_RESULT_AWARE__NO_NEW_CONFIRMATORY_INFERENCE
24,E2_ROLLING__DT-RAMDE_TS2_FULL__VS__NO_EXECUTION_FEEDBACK,E2_ROLLING,OTHER_NONACCEPTED,RR-SMOOTH/5,5,0,0,0,comparator_rate_minus_proposed_rate,PRE_R10_SUPPORTING_DESCRIPTIVE_RESULT_AWARE__NO_NEW_CONFIRMATORY_INFERENCE
24,E2_ROLLING__DT-RAMDE_TS2_FULL__VS__NO_EXECUTION_FEEDBACK,E2_ROLLING,FAILURE_RATE,RR-SMOOTH/6,5,0.18999999999999995,0.18999999999999995,0.18999999999999995,comparator_rate_minus_proposed_rate,PRE_R10_SUPPORTING_DESCRIPTIVE_RESULT_AWARE__NO_NEW_CONFIRMATORY_INFERENCE
24,E2_ROLLING__DT-RAMDE_TS2_FULL__VS__NO_EXECUTION_FEEDBACK,E2_ROLLING,REJECT_SAFETY_FILTER,RR-SMOOTH/6,5,0.16,0.16,0.16,comparator_rate_minus_proposed_rate,PRE_R10_SUPPORTING_DESCRIPTIVE_RESULT_AWARE__NO_NEW_CONFIRMATORY_INFERENCE
24,E2_ROLLING__DT-RAMDE_TS2_FULL__VS__NO_EXECUTION_FEEDBACK,E2_ROLLING,REJECT_BUDGET_NO_FEASIBLE,RR-SMOOTH/6,5,0.030000000000000006,0.030000000000000006,0.030000000000000006,comparator_rate_minus_proposed_rate,PRE_R10_SUPPORTING_DESCRIPTIVE_RESULT_AWARE__NO_NEW_CONFIRMATORY_INFERENCE
24,E2_ROLLING__DT-RAMDE_TS2_FULL__VS__NO_EXECUTION_FEEDBACK,E2_ROLLING,REJECT_NUMERICAL,RR-SMOOTH/6,5,0,0,0,comparator_rate_minus_proposed_rate,PRE_R10_SUPPORTING_DESCRIPTIVE_RESULT_AWARE__NO_NEW_CONFIRMATORY_INFERENCE
24,E2_ROLLING__DT-RAMDE_TS2_FULL__VS__NO_EXECUTION_FEEDBACK,E2_ROLLING,OTHER_NONACCEPTED,RR-SMOOTH/6,5,0,0,0,comparator_rate_minus_proposed_rate,PRE_R10_SUPPORTING_DESCRIPTIVE_RESULT_AWARE__NO_NEW_CONFIRMATORY_INFERENCE
24,E2_ROLLING__DT-RAMDE_TS2_FULL__VS__NO_EXECUTION_FEEDBACK,E2_ROLLING,FAILURE_RATE,RR-SMOOTH/7,5,0.010000000000000009,0.010000000000000009,0.010000000000000009,comparator_rate_minus_proposed_rate,PRE_R10_SUPPORTING_DESCRIPTIVE_RESULT_AWARE__NO_NEW_CONFIRMATORY_INFERENCE
24,E2_ROLLING__DT-RAMDE_TS2_FULL__VS__NO_EXECUTION_FEEDBACK,E2_ROLLING,REJECT_SAFETY_FILTER,RR-SMOOTH/7,5,0.0099999999999999985,0.0099999999999999985,0.0099999999999999985,comparator_rate_minus_proposed_rate,PRE_R10_SUPPORTING_DESCRIPTIVE_RESULT_AWARE__NO_NEW_CONFIRMATORY_INFERENCE
24,E2_ROLLING__DT-RAMDE_TS2_FULL__VS__NO_EXECUTION_FEEDBACK,E2_ROLLING,REJECT_BUDGET_NO_FEASIBLE,RR-SMOOTH/7,5,0,0,0,comparator_rate_minus_proposed_rate,PRE_R10_SUPPORTING_DESCRIPTIVE_RESULT_AWARE__NO_NEW_CONFIRMATORY_INFERENCE
24,E2_ROLLING__DT-RAMDE_TS2_FULL__VS__NO_EXECUTION_FEEDBACK,E2_ROLLING,REJECT_NUMERICAL,RR-SMOOTH/7,5,0,0,0,comparator_rate_minus_proposed_rate,PRE_R10_SUPPORTING_DESCRIPTIVE_RESULT_AWARE__NO_NEW_CONFIRMATORY_INFERENCE
24,E2_ROLLING__DT-RAMDE_TS2_FULL__VS__NO_EXECUTION_FEEDBACK,E2_ROLLING,OTHER_NONACCEPTED,RR-SMOOTH/7,5,0,0,0,comparator_rate_minus_proposed_rate,PRE_R10_SUPPORTING_DESCRIPTIVE_RESULT_AWARE__NO_NEW_CONFIRMATORY_INFERENCE
25,E2_ROLLING__DT-RAMDE_TS2_FULL__VS__NO_REJECTION_CREDIT,E2_ROLLING,FAILURE_RATE,RR-INTERMITTENT/0,5,-0.10000000000000001,-0.10000000000000001,-0.10000000000000001,comparator_rate_minus_proposed_rate,PRE_R10_SUPPORTING_DESCRIPTIVE_RESULT_AWARE__NO_NEW_CONFIRMATORY_INFERENCE
25,E2_ROLLING__DT-RAMDE_TS2_FULL__VS__NO_REJECTION_CREDIT,E2_ROLLING,REJECT_SAFETY_FILTER,RR-INTERMITTENT/0,5,-0.10000000000000001,-0.10000000000000001,-0.10000000000000001,comparator_rate_minus_proposed_rate,PRE_R10_SUPPORTING_DESCRIPTIVE_RESULT_AWARE__NO_NEW_CONFIRMATORY_INFERENCE
25,E2_ROLLING__DT-RAMDE_TS2_FULL__VS__NO_REJECTION_CREDIT,E2_ROLLING,REJECT_BUDGET_NO_FEASIBLE,RR-INTERMITTENT/0,5,0,0,0,comparator_rate_minus_proposed_rate,PRE_R10_SUPPORTING_DESCRIPTIVE_RESULT_AWARE__NO_NEW_CONFIRMATORY_INFERENCE
25,E2_ROLLING__DT-RAMDE_TS2_FULL__VS__NO_REJECTION_CREDIT,E2_ROLLING,REJECT_NUMERICAL,RR-INTERMITTENT/0,5,0,0,0,comparator_rate_minus_proposed_rate,PRE_R10_SUPPORTING_DESCRIPTIVE_RESULT_AWARE__NO_NEW_CONFIRMATORY_INFERENCE
25,E2_ROLLING__DT-RAMDE_TS2_FULL__VS__NO_REJECTION_CREDIT,E2_ROLLING,OTHER_NONACCEPTED,RR-INTERMITTENT/0,5,0,0,0,comparator_rate_minus_proposed_rate,PRE_R10_SUPPORTING_DESCRIPTIVE_RESULT_AWARE__NO_NEW_CONFIRMATORY_INFERENCE
25,E2_ROLLING__DT-RAMDE_TS2_FULL__VS__NO_REJECTION_CREDIT,E2_ROLLING,FAILURE_RATE,RR-INTERMITTENT/1,5,-0.010000000000000009,-0.010000000000000009,-0.010000000000000009,comparator_rate_minus_proposed_rate,PRE_R10_SUPPORTING_DESCRIPTIVE_RESULT_AWARE__NO_NEW_CONFIRMATORY_INFERENCE
25,E2_ROLLING__DT-RAMDE_TS2_FULL__VS__NO_REJECTION_CREDIT,E2_ROLLING,REJECT_SAFETY_FILTER,RR-INTERMITTENT/1,5,-0.01,-0.01,-0.01,comparator_rate_minus_proposed_rate,PRE_R10_SUPPORTING_DESCRIPTIVE_RESULT_AWARE__NO_NEW_CONFIRMATORY_INFERENCE
25,E2_ROLLING__DT-RAMDE_TS2_FULL__VS__NO_REJECTION_CREDIT,E2_ROLLING,REJECT_BUDGET_NO_FEASIBLE,RR-INTERMITTENT/1,5,0,0,0,comparator_rate_minus_proposed_rate,PRE_R10_SUPPORTING_DESCRIPTIVE_RESULT_AWARE__NO_NEW_CONFIRMATORY_INFERENCE
25,E2_ROLLING__DT-RAMDE_TS2_FULL__VS__NO_REJECTION_CREDIT,E2_ROLLING,REJECT_NUMERICAL,RR-INTERMITTENT/1,5,0,0,0,comparator_rate_minus_proposed_rate,PRE_R10_SUPPORTING_DESCRIPTIVE_RESULT_AWARE__NO_NEW_CONFIRMATORY_INFERENCE
25,E2_ROLLING__DT-RAMDE_TS2_FULL__VS__NO_REJECTION_CREDIT,E2_ROLLING,OTHER_NONACCEPTED,RR-INTERMITTENT/1,5,0,0,0,comparator_rate_minus_proposed_rate,PRE_R10_SUPPORTING_DESCRIPTIVE_RESULT_AWARE__NO_NEW_CONFIRMATORY_INFERENCE
25,E2_ROLLING__DT-RAMDE_TS2_FULL__VS__NO_REJECTION_CREDIT,E2_ROLLING,FAILURE_RATE,RR-INTERMITTENT/2,5,-1.3877787807814457e-17,-1.3877787807814457e-17,-1.3877787807814457e-17,comparator_rate_minus_proposed_rate,PRE_R10_SUPPORTING_DESCRIPTIVE_RESULT_AWARE__NO_NEW_CONFIRMATORY_INFERENCE
25,E2_ROLLING__DT-RAMDE_TS2_FULL__VS__NO_REJECTION_CREDIT,E2_ROLLING,REJECT_SAFETY_FILTER,RR-INTERMITTENT/2,5,-5.551115123125783e-18,-5.551115123125783e-18,-5.551115123125783e-18,comparator_rate_minus_proposed_rate,PRE_R10_SUPPORTING_DESCRIPTIVE_RESULT_AWARE__NO_NEW_CONFIRMATORY_INFERENCE
25,E2_ROLLING__DT-RAMDE_TS2_FULL__VS__NO_REJECTION_CREDIT,E2_ROLLING,REJECT_BUDGET_NO_FEASIBLE,RR-INTERMITTENT/2,5,0,0,0,comparator_rate_minus_proposed_rate,PRE_R10_SUPPORTING_DESCRIPTIVE_RESULT_AWARE__NO_NEW_CONFIRMATORY_INFERENCE
25,E2_ROLLING__DT-RAMDE_TS2_FULL__VS__NO_REJECTION_CREDIT,E2_ROLLING,REJECT_NUMERICAL,RR-INTERMITTENT/2,5,0,0,0,comparator_rate_minus_proposed_rate,PRE_R10_SUPPORTING_DESCRIPTIVE_RESULT_AWARE__NO_NEW_CONFIRMATORY_INFERENCE
25,E2_ROLLING__DT-RAMDE_TS2_FULL__VS__NO_REJECTION_CREDIT,E2_ROLLING,OTHER_NONACCEPTED,RR-INTERMITTENT/2,5,0,0,0,comparator_rate_minus_proposed_rate,PRE_R10_SUPPORTING_DESCRIPTIVE_RESULT_AWARE__NO_NEW_CONFIRMATORY_INFERENCE
25,E2_ROLLING__DT-RAMDE_TS2_FULL__VS__NO_REJECTION_CREDIT,E2_ROLLING,FAILURE_RATE,RR-INTERMITTENT/3,5,-0.10000000000000003,-0.10000000000000003,-0.10000000000000003,comparator_rate_minus_proposed_rate,PRE_R10_SUPPORTING_DESCRIPTIVE_RESULT_AWARE__NO_NEW_CONFIRMATORY_INFERENCE
25,E2_ROLLING__DT-RAMDE_TS2_FULL__VS__NO_REJECTION_CREDIT,E2_ROLLING,REJECT_SAFETY_FILTER,RR-INTERMITTENT/3,5,0.020000000000000007,0.020000000000000007,0.020000000000000007,comparator_rate_minus_proposed_rate,PRE_R10_SUPPORTING_DESCRIPTIVE_RESULT_AWARE__NO_NEW_CONFIRMATORY_INFERENCE
25,E2_ROLLING__DT-RAMDE_TS2_FULL__VS__NO_REJECTION_CREDIT,E2_ROLLING,REJECT_BUDGET_NO_FEASIBLE,RR-INTERMITTENT/3,5,-0.12,-0.12,-0.12,comparator_rate_minus_proposed_rate,PRE_R10_SUPPORTING_DESCRIPTIVE_RESULT_AWARE__NO_NEW_CONFIRMATORY_INFERENCE
25,E2_ROLLING__DT-RAMDE_TS2_FULL__VS__NO_REJECTION_CREDIT,E2_ROLLING,REJECT_NUMERICAL,RR-INTERMITTENT/3,5,0,0,0,comparator_rate_minus_proposed_rate,PRE_R10_SUPPORTING_DESCRIPTIVE_RESULT_AWARE__NO_NEW_CONFIRMATORY_INFERENCE
25,E2_ROLLING__DT-RAMDE_TS2_FULL__VS__NO_REJECTION_CREDIT,E2_ROLLING,OTHER_NONACCEPTED,RR-INTERMITTENT/3,5,-2.2204460492503132e-17,-2.2204460492503132e-17,-2.2204460492503132e-17,comparator_rate_minus_proposed_rate,PRE_R10_SUPPORTING_DESCRIPTIVE_RESULT_AWARE__NO_NEW_CONFIRMATORY_INFERENCE
25,E2_ROLLING__DT-RAMDE_TS2_FULL__VS__NO_REJECTION_CREDIT,E2_ROLLING,FAILURE_RATE,RR-INTERMITTENT/4,5,-0.029999999999999985,-0.029999999999999985,-0.029999999999999985,comparator_rate_minus_proposed_rate,PRE_R10_SUPPORTING_DESCRIPTIVE_RESULT_AWARE__NO_NEW_CONFIRMATORY_INFERENCE
25,E2_ROLLING__DT-RAMDE_TS2_FULL__VS__NO_REJECTION_CREDIT,E2_ROLLING,REJECT_SAFETY_FILTER,RR-INTERMITTENT/4,5,-0.029999999999999992,-0.029999999999999992,-0.029999999999999992,comparator_rate_minus_proposed_rate,PRE_R10_SUPPORTING_DESCRIPTIVE_RESULT_AWARE__NO_NEW_CONFIRMATORY_INFERENCE
25,E2_ROLLING__DT-RAMDE_TS2_FULL__VS__NO_REJECTION_CREDIT,E2_ROLLING,REJECT_BUDGET_NO_FEASIBLE,RR-INTERMITTENT/4,5,0,0,0,comparator_rate_minus_proposed_rate,PRE_R10_SUPPORTING_DESCRIPTIVE_RESULT_AWARE__NO_NEW_CONFIRMATORY_INFERENCE
25,E2_ROLLING__DT-RAMDE_TS2_FULL__VS__NO_REJECTION_CREDIT,E2_ROLLING,REJECT_NUMERICAL,RR-INTERMITTENT/4,5,0,0,0,comparator_rate_minus_proposed_rate,PRE_R10_SUPPORTING_DESCRIPTIVE_RESULT_AWARE__NO_NEW_CONFIRMATORY_INFERENCE
25,E2_ROLLING__DT-RAMDE_TS2_FULL__VS__NO_REJECTION_CREDIT,E2_ROLLING,OTHER_NONACCEPTED,RR-INTERMITTENT/4,5,0,0,0,comparator_rate_minus_proposed_rate,PRE_R10_SUPPORTING_DESCRIPTIVE_RESULT_AWARE__NO_NEW_CONFIRMATORY_INFERENCE
25,E2_ROLLING__DT-RAMDE_TS2_FULL__VS__NO_REJECTION_CREDIT,E2_ROLLING,FAILURE_RATE,RR-INTERMITTENT/5,5,-0.010000000000000009,-0.010000000000000009,-0.010000000000000009,comparator_rate_minus_proposed_rate,PRE_R10_SUPPORTING_DESCRIPTIVE_RESULT_AWARE__NO_NEW_CONFIRMATORY_INFERENCE
25,E2_ROLLING__DT-RAMDE_TS2_FULL__VS__NO_REJECTION_CREDIT,E2_ROLLING,REJECT_SAFETY_FILTER,RR-INTERMITTENT/5,5,-0.010000000000000004,-0.010000000000000004,-0.010000000000000004,comparator_rate_minus_proposed_rate,PRE_R10_SUPPORTING_DESCRIPTIVE_RESULT_AWARE__NO_NEW_CONFIRMATORY_INFERENCE
25,E2_ROLLING__DT-RAMDE_TS2_FULL__VS__NO_REJECTION_CREDIT,E2_ROLLING,REJECT_BUDGET_NO_FEASIBLE,RR-INTERMITTENT/5,5,0,0,0,comparator_rate_minus_proposed_rate,PRE_R10_SUPPORTING_DESCRIPTIVE_RESULT_AWARE__NO_NEW_CONFIRMATORY_INFERENCE
25,E2_ROLLING__DT-RAMDE_TS2_FULL__VS__NO_REJECTION_CREDIT,E2_ROLLING,REJECT_NUMERICAL,RR-INTERMITTENT/5,5,0,0,0,comparator_rate_minus_proposed_rate,PRE_R10_SUPPORTING_DESCRIPTIVE_RESULT_AWARE__NO_NEW_CONFIRMATORY_INFERENCE
25,E2_ROLLING__DT-RAMDE_TS2_FULL__VS__NO_REJECTION_CREDIT,E2_ROLLING,OTHER_NONACCEPTED,RR-INTERMITTENT/5,5,0,0,0,comparator_rate_minus_proposed_rate,PRE_R10_SUPPORTING_DESCRIPTIVE_RESULT_AWARE__NO_NEW_CONFIRMATORY_INFERENCE
25,E2_ROLLING__DT-RAMDE_TS2_FULL__VS__NO_REJECTION_CREDIT,E2_ROLLING,FAILURE_RATE,RR-INTERMITTENT/6,5,0,0,0,comparator_rate_minus_proposed_rate,PRE_R10_SUPPORTING_DESCRIPTIVE_RESULT_AWARE__NO_NEW_CONFIRMATORY_INFERENCE
25,E2_ROLLING__DT-RAMDE_TS2_FULL__VS__NO_REJECTION_CREDIT,E2_ROLLING,REJECT_SAFETY_FILTER,RR-INTERMITTENT/6,5,0,0,0,comparator_rate_minus_proposed_rate,PRE_R10_SUPPORTING_DESCRIPTIVE_RESULT_AWARE__NO_NEW_CONFIRMATORY_INFERENCE
25,E2_ROLLING__DT-RAMDE_TS2_FULL__VS__NO_REJECTION_CREDIT,E2_ROLLING,REJECT_BUDGET_NO_FEASIBLE,RR-INTERMITTENT/6,5,0,0,0,comparator_rate_minus_proposed_rate,PRE_R10_SUPPORTING_DESCRIPTIVE_RESULT_AWARE__NO_NEW_CONFIRMATORY_INFERENCE
25,E2_ROLLING__DT-RAMDE_TS2_FULL__VS__NO_REJECTION_CREDIT,E2_ROLLING,REJECT_NUMERICAL,RR-INTERMITTENT/6,5,0,0,0,comparator_rate_minus_proposed_rate,PRE_R10_SUPPORTING_DESCRIPTIVE_RESULT_AWARE__NO_NEW_CONFIRMATORY_INFERENCE
25,E2_ROLLING__DT-RAMDE_TS2_FULL__VS__NO_REJECTION_CREDIT,E2_ROLLING,OTHER_NONACCEPTED,RR-INTERMITTENT/6,5,0,0,0,comparator_rate_minus_proposed_rate,PRE_R10_SUPPORTING_DESCRIPTIVE_RESULT_AWARE__NO_NEW_CONFIRMATORY_INFERENCE
25,E2_ROLLING__DT-RAMDE_TS2_FULL__VS__NO_REJECTION_CREDIT,E2_ROLLING,FAILURE_RATE,RR-INTERMITTENT/7,5,-0.050000000000000044,-0.050000000000000044,-0.050000000000000044,comparator_rate_minus_proposed_rate,PRE_R10_SUPPORTING_DESCRIPTIVE_RESULT_AWARE__NO_NEW_CONFIRMATORY_INFERENCE
25,E2_ROLLING__DT-RAMDE_TS2_FULL__VS__NO_REJECTION_CREDIT,E2_ROLLING,REJECT_SAFETY_FILTER,RR-INTERMITTENT/7,5,-0.050000000000000003,-0.050000000000000003,-0.050000000000000003,comparator_rate_minus_proposed_rate,PRE_R10_SUPPORTING_DESCRIPTIVE_RESULT_AWARE__NO_NEW_CONFIRMATORY_INFERENCE
25,E2_ROLLING__DT-RAMDE_TS2_FULL__VS__NO_REJECTION_CREDIT,E2_ROLLING,REJECT_BUDGET_NO_FEASIBLE,RR-INTERMITTENT/7,5,0,0,0,comparator_rate_minus_proposed_rate,PRE_R10_SUPPORTING_DESCRIPTIVE_RESULT_AWARE__NO_NEW_CONFIRMATORY_INFERENCE
25,E2_ROLLING__DT-RAMDE_TS2_FULL__VS__NO_REJECTION_CREDIT,E2_ROLLING,REJECT_NUMERICAL,RR-INTERMITTENT/7,5,0,0,0,comparator_rate_minus_proposed_rate,PRE_R10_SUPPORTING_DESCRIPTIVE_RESULT_AWARE__NO_NEW_CONFIRMATORY_INFERENCE
25,E2_ROLLING__DT-RAMDE_TS2_FULL__VS__NO_REJECTION_CREDIT,E2_ROLLING,OTHER_NONACCEPTED,RR-INTERMITTENT/7,5,0,0,0,comparator_rate_minus_proposed_rate,PRE_R10_SUPPORTING_DESCRIPTIVE_RESULT_AWARE__NO_NEW_CONFIRMATORY_INFERENCE
25,E2_ROLLING__DT-RAMDE_TS2_FULL__VS__NO_REJECTION_CREDIT,E2_ROLLING,FAILURE_RATE,RR-REJECTION/0,5,-0.059999999999999998,-0.059999999999999998,-0.059999999999999998,comparator_rate_minus_proposed_rate,PRE_R10_SUPPORTING_DESCRIPTIVE_RESULT_AWARE__NO_NEW_CONFIRMATORY_INFERENCE
25,E2_ROLLING__DT-RAMDE_TS2_FULL__VS__NO_REJECTION_CREDIT,E2_ROLLING,REJECT_SAFETY_FILTER,RR-REJECTION/0,5,-0.059999999999999998,-0.059999999999999998,-0.059999999999999998,comparator_rate_minus_proposed_rate,PRE_R10_SUPPORTING_DESCRIPTIVE_RESULT_AWARE__NO_NEW_CONFIRMATORY_INFERENCE
25,E2_ROLLING__DT-RAMDE_TS2_FULL__VS__NO_REJECTION_CREDIT,E2_ROLLING,REJECT_BUDGET_NO_FEASIBLE,RR-REJECTION/0,5,0,0,0,comparator_rate_minus_proposed_rate,PRE_R10_SUPPORTING_DESCRIPTIVE_RESULT_AWARE__NO_NEW_CONFIRMATORY_INFERENCE
25,E2_ROLLING__DT-RAMDE_TS2_FULL__VS__NO_REJECTION_CREDIT,E2_ROLLING,REJECT_NUMERICAL,RR-REJECTION/0,5,0,0,0,comparator_rate_minus_proposed_rate,PRE_R10_SUPPORTING_DESCRIPTIVE_RESULT_AWARE__NO_NEW_CONFIRMATORY_INFERENCE
25,E2_ROLLING__DT-RAMDE_TS2_FULL__VS__NO_REJECTION_CREDIT,E2_ROLLING,OTHER_NONACCEPTED,RR-REJECTION/0,5,0,0,0,comparator_rate_minus_proposed_rate,PRE_R10_SUPPORTING_DESCRIPTIVE_RESULT_AWARE__NO_NEW_CONFIRMATORY_INFERENCE
25,E2_ROLLING__DT-RAMDE_TS2_FULL__VS__NO_REJECTION_CREDIT,E2_ROLLING,FAILURE_RATE,RR-REJECTION/1,5,-0.020000000000000004,-0.020000000000000004,-0.020000000000000004,comparator_rate_minus_proposed_rate,PRE_R10_SUPPORTING_DESCRIPTIVE_RESULT_AWARE__NO_NEW_CONFIRMATORY_INFERENCE
25,E2_ROLLING__DT-RAMDE_TS2_FULL__VS__NO_REJECTION_CREDIT,E2_ROLLING,REJECT_SAFETY_FILTER,RR-REJECTION/1,5,-0.02,-0.02,-0.02,comparator_rate_minus_proposed_rate,PRE_R10_SUPPORTING_DESCRIPTIVE_RESULT_AWARE__NO_NEW_CONFIRMATORY_INFERENCE
25,E2_ROLLING__DT-RAMDE_TS2_FULL__VS__NO_REJECTION_CREDIT,E2_ROLLING,REJECT_BUDGET_NO_FEASIBLE,RR-REJECTION/1,5,0,0,0,comparator_rate_minus_proposed_rate,PRE_R10_SUPPORTING_DESCRIPTIVE_RESULT_AWARE__NO_NEW_CONFIRMATORY_INFERENCE
25,E2_ROLLING__DT-RAMDE_TS2_FULL__VS__NO_REJECTION_CREDIT,E2_ROLLING,REJECT_NUMERICAL,RR-REJECTION/1,5,0,0,0,comparator_rate_minus_proposed_rate,PRE_R10_SUPPORTING_DESCRIPTIVE_RESULT_AWARE__NO_NEW_CONFIRMATORY_INFERENCE
25,E2_ROLLING__DT-RAMDE_TS2_FULL__VS__NO_REJECTION_CREDIT,E2_ROLLING,OTHER_NONACCEPTED,RR-REJECTION/1,5,0,0,0,comparator_rate_minus_proposed_rate,PRE_R10_SUPPORTING_DESCRIPTIVE_RESULT_AWARE__NO_NEW_CONFIRMATORY_INFERENCE
25,E2_ROLLING__DT-RAMDE_TS2_FULL__VS__NO_REJECTION_CREDIT,E2_ROLLING,FAILURE_RATE,RR-REJECTION/2,5,0,0,0,comparator_rate_minus_proposed_rate,PRE_R10_SUPPORTING_DESCRIPTIVE_RESULT_AWARE__NO_NEW_CONFIRMATORY_INFERENCE
25,E2_ROLLING__DT-RAMDE_TS2_FULL__VS__NO_REJECTION_CREDIT,E2_ROLLING,REJECT_SAFETY_FILTER,RR-REJECTION/2,5,0,0,0,comparator_rate_minus_proposed_rate,PRE_R10_SUPPORTING_DESCRIPTIVE_RESULT_AWARE__NO_NEW_CONFIRMATORY_INFERENCE
25,E2_ROLLING__DT-RAMDE_TS2_FULL__VS__NO_REJECTION_CREDIT,E2_ROLLING,REJECT_BUDGET_NO_FEASIBLE,RR-REJECTION/2,5,0,0,0,comparator_rate_minus_proposed_rate,PRE_R10_SUPPORTING_DESCRIPTIVE_RESULT_AWARE__NO_NEW_CONFIRMATORY_INFERENCE
25,E2_ROLLING__DT-RAMDE_TS2_FULL__VS__NO_REJECTION_CREDIT,E2_ROLLING,REJECT_NUMERICAL,RR-REJECTION/2,5,0,0,0,comparator_rate_minus_proposed_rate,PRE_R10_SUPPORTING_DESCRIPTIVE_RESULT_AWARE__NO_NEW_CONFIRMATORY_INFERENCE
25,E2_ROLLING__DT-RAMDE_TS2_FULL__VS__NO_REJECTION_CREDIT,E2_ROLLING,OTHER_NONACCEPTED,RR-REJECTION/2,5,0,0,0,comparator_rate_minus_proposed_rate,PRE_R10_SUPPORTING_DESCRIPTIVE_RESULT_AWARE__NO_NEW_CONFIRMATORY_INFERENCE
25,E2_ROLLING__DT-RAMDE_TS2_FULL__VS__NO_REJECTION_CREDIT,E2_ROLLING,FAILURE_RATE,RR-REJECTION/3,5,0.079999999999999988,0.079999999999999988,0.079999999999999988,comparator_rate_minus_proposed_rate,PRE_R10_SUPPORTING_DESCRIPTIVE_RESULT_AWARE__NO_NEW_CONFIRMATORY_INFERENCE
25,E2_ROLLING__DT-RAMDE_TS2_FULL__VS__NO_REJECTION_CREDIT,E2_ROLLING,REJECT_SAFETY_FILTER,RR-REJECTION/3,5,0.059999999999999998,0.059999999999999998,0.059999999999999998,comparator_rate_minus_proposed_rate,PRE_R10_SUPPORTING_DESCRIPTIVE_RESULT_AWARE__NO_NEW_CONFIRMATORY_INFERENCE
25,E2_ROLLING__DT-RAMDE_TS2_FULL__VS__NO_REJECTION_CREDIT,E2_ROLLING,REJECT_BUDGET_NO_FEASIBLE,RR-REJECTION/3,5,0.02,0.02,0.02,comparator_rate_minus_proposed_rate,PRE_R10_SUPPORTING_DESCRIPTIVE_RESULT_AWARE__NO_NEW_CONFIRMATORY_INFERENCE
25,E2_ROLLING__DT-RAMDE_TS2_FULL__VS__NO_REJECTION_CREDIT,E2_ROLLING,REJECT_NUMERICAL,RR-REJECTION/3,5,0,0,0,comparator_rate_minus_proposed_rate,PRE_R10_SUPPORTING_DESCRIPTIVE_RESULT_AWARE__NO_NEW_CONFIRMATORY_INFERENCE
25,E2_ROLLING__DT-RAMDE_TS2_FULL__VS__NO_REJECTION_CREDIT,E2_ROLLING,OTHER_NONACCEPTED,RR-REJECTION/3,5,-1.1102230246251566e-17,-1.1102230246251566e-17,-1.1102230246251566e-17,comparator_rate_minus_proposed_rate,PRE_R10_SUPPORTING_DESCRIPTIVE_RESULT_AWARE__NO_NEW_CONFIRMATORY_INFERENCE
25,E2_ROLLING__DT-RAMDE_TS2_FULL__VS__NO_REJECTION_CREDIT,E2_ROLLING,FAILURE_RATE,RR-REJECTION/4,5,0,0,0,comparator_rate_minus_proposed_rate,PRE_R10_SUPPORTING_DESCRIPTIVE_RESULT_AWARE__NO_NEW_CONFIRMATORY_INFERENCE
25,E2_ROLLING__DT-RAMDE_TS2_FULL__VS__NO_REJECTION_CREDIT,E2_ROLLING,REJECT_SAFETY_FILTER,RR-REJECTION/4,5,0,0,0,comparator_rate_minus_proposed_rate,PRE_R10_SUPPORTING_DESCRIPTIVE_RESULT_AWARE__NO_NEW_CONFIRMATORY_INFERENCE
25,E2_ROLLING__DT-RAMDE_TS2_FULL__VS__NO_REJECTION_CREDIT,E2_ROLLING,REJECT_BUDGET_NO_FEASIBLE,RR-REJECTION/4,5,0,0,0,comparator_rate_minus_proposed_rate,PRE_R10_SUPPORTING_DESCRIPTIVE_RESULT_AWARE__NO_NEW_CONFIRMATORY_INFERENCE
25,E2_ROLLING__DT-RAMDE_TS2_FULL__VS__NO_REJECTION_CREDIT,E2_ROLLING,REJECT_NUMERICAL,RR-REJECTION/4,5,0,0,0,comparator_rate_minus_proposed_rate,PRE_R10_SUPPORTING_DESCRIPTIVE_RESULT_AWARE__NO_NEW_CONFIRMATORY_INFERENCE
25,E2_ROLLING__DT-RAMDE_TS2_FULL__VS__NO_REJECTION_CREDIT,E2_ROLLING,OTHER_NONACCEPTED,RR-REJECTION/4,5,0,0,0,comparator_rate_minus_proposed_rate,PRE_R10_SUPPORTING_DESCRIPTIVE_RESULT_AWARE__NO_NEW_CONFIRMATORY_INFERENCE
25,E2_ROLLING__DT-RAMDE_TS2_FULL__VS__NO_REJECTION_CREDIT,E2_ROLLING,FAILURE_RATE,RR-REJECTION/5,5,0.049999999999999989,0.049999999999999989,0.049999999999999989,comparator_rate_minus_proposed_rate,PRE_R10_SUPPORTING_DESCRIPTIVE_RESULT_AWARE__NO_NEW_CONFIRMATORY_INFERENCE
25,E2_ROLLING__DT-RAMDE_TS2_FULL__VS__NO_REJECTION_CREDIT,E2_ROLLING,REJECT_SAFETY_FILTER,RR-REJECTION/5,5,0.050000000000000003,0.050000000000000003,0.050000000000000003,comparator_rate_minus_proposed_rate,PRE_R10_SUPPORTING_DESCRIPTIVE_RESULT_AWARE__NO_NEW_CONFIRMATORY_INFERENCE
25,E2_ROLLING__DT-RAMDE_TS2_FULL__VS__NO_REJECTION_CREDIT,E2_ROLLING,REJECT_BUDGET_NO_FEASIBLE,RR-REJECTION/5,5,0,0,0,comparator_rate_minus_proposed_rate,PRE_R10_SUPPORTING_DESCRIPTIVE_RESULT_AWARE__NO_NEW_CONFIRMATORY_INFERENCE
25,E2_ROLLING__DT-RAMDE_TS2_FULL__VS__NO_REJECTION_CREDIT,E2_ROLLING,REJECT_NUMERICAL,RR-REJECTION/5,5,0,0,0,comparator_rate_minus_proposed_rate,PRE_R10_SUPPORTING_DESCRIPTIVE_RESULT_AWARE__NO_NEW_CONFIRMATORY_INFERENCE
25,E2_ROLLING__DT-RAMDE_TS2_FULL__VS__NO_REJECTION_CREDIT,E2_ROLLING,OTHER_NONACCEPTED,RR-REJECTION/5,5,0,0,0,comparator_rate_minus_proposed_rate,PRE_R10_SUPPORTING_DESCRIPTIVE_RESULT_AWARE__NO_NEW_CONFIRMATORY_INFERENCE
25,E2_ROLLING__DT-RAMDE_TS2_FULL__VS__NO_REJECTION_CREDIT,E2_ROLLING,FAILURE_RATE,RR-REJECTION/6,5,-0.01,-0.01,-0.01,comparator_rate_minus_proposed_rate,PRE_R10_SUPPORTING_DESCRIPTIVE_RESULT_AWARE__NO_NEW_CONFIRMATORY_INFERENCE
25,E2_ROLLING__DT-RAMDE_TS2_FULL__VS__NO_REJECTION_CREDIT,E2_ROLLING,REJECT_SAFETY_FILTER,RR-REJECTION/6,5,-0.01,-0.01,-0.01,comparator_rate_minus_proposed_rate,PRE_R10_SUPPORTING_DESCRIPTIVE_RESULT_AWARE__NO_NEW_CONFIRMATORY_INFERENCE
25,E2_ROLLING__DT-RAMDE_TS2_FULL__VS__NO_REJECTION_CREDIT,E2_ROLLING,REJECT_BUDGET_NO_FEASIBLE,RR-REJECTION/6,5,0,0,0,comparator_rate_minus_proposed_rate,PRE_R10_SUPPORTING_DESCRIPTIVE_RESULT_AWARE__NO_NEW_CONFIRMATORY_INFERENCE
25,E2_ROLLING__DT-RAMDE_TS2_FULL__VS__NO_REJECTION_CREDIT,E2_ROLLING,REJECT_NUMERICAL,RR-REJECTION/6,5,0,0,0,comparator_rate_minus_proposed_rate,PRE_R10_SUPPORTING_DESCRIPTIVE_RESULT_AWARE__NO_NEW_CONFIRMATORY_INFERENCE
25,E2_ROLLING__DT-RAMDE_TS2_FULL__VS__NO_REJECTION_CREDIT,E2_ROLLING,OTHER_NONACCEPTED,RR-REJECTION/6,5,0,0,0,comparator_rate_minus_proposed_rate,PRE_R10_SUPPORTING_DESCRIPTIVE_RESULT_AWARE__NO_NEW_CONFIRMATORY_INFERENCE
25,E2_ROLLING__DT-RAMDE_TS2_FULL__VS__NO_REJECTION_CREDIT,E2_ROLLING,FAILURE_RATE,RR-REJECTION/7,5,0.14000000000000001,0.14000000000000001,0.14000000000000001,comparator_rate_minus_proposed_rate,PRE_R10_SUPPORTING_DESCRIPTIVE_RESULT_AWARE__NO_NEW_CONFIRMATORY_INFERENCE
25,E2_ROLLING__DT-RAMDE_TS2_FULL__VS__NO_REJECTION_CREDIT,E2_ROLLING,REJECT_SAFETY_FILTER,RR-REJECTION/7,5,0.14000000000000001,0.14000000000000001,0.14000000000000001,comparator_rate_minus_proposed_rate,PRE_R10_SUPPORTING_DESCRIPTIVE_RESULT_AWARE__NO_NEW_CONFIRMATORY_INFERENCE
25,E2_ROLLING__DT-RAMDE_TS2_FULL__VS__NO_REJECTION_CREDIT,E2_ROLLING,REJECT_BUDGET_NO_FEASIBLE,RR-REJECTION/7,5,0,0,0,comparator_rate_minus_proposed_rate,PRE_R10_SUPPORTING_DESCRIPTIVE_RESULT_AWARE__NO_NEW_CONFIRMATORY_INFERENCE
25,E2_ROLLING__DT-RAMDE_TS2_FULL__VS__NO_REJECTION_CREDIT,E2_ROLLING,REJECT_NUMERICAL,RR-REJECTION/7,5,0,0,0,comparator_rate_minus_proposed_rate,PRE_R10_SUPPORTING_DESCRIPTIVE_RESULT_AWARE__NO_NEW_CONFIRMATORY_INFERENCE
25,E2_ROLLING__DT-RAMDE_TS2_FULL__VS__NO_REJECTION_CREDIT,E2_ROLLING,OTHER_NONACCEPTED,RR-REJECTION/7,5,0,0,0,comparator_rate_minus_proposed_rate,PRE_R10_SUPPORTING_DESCRIPTIVE_RESULT_AWARE__NO_NEW_CONFIRMATORY_INFERENCE
25,E2_ROLLING__DT-RAMDE_TS2_FULL__VS__NO_REJECTION_CREDIT,E2_ROLLING,FAILURE_RATE,RR-SHOCK/0,5,0,0,0,comparator_rate_minus_proposed_rate,PRE_R10_SUPPORTING_DESCRIPTIVE_RESULT_AWARE__NO_NEW_CONFIRMATORY_INFERENCE
25,E2_ROLLING__DT-RAMDE_TS2_FULL__VS__NO_REJECTION_CREDIT,E2_ROLLING,REJECT_SAFETY_FILTER,RR-SHOCK/0,5,0,0,0,comparator_rate_minus_proposed_rate,PRE_R10_SUPPORTING_DESCRIPTIVE_RESULT_AWARE__NO_NEW_CONFIRMATORY_INFERENCE
25,E2_ROLLING__DT-RAMDE_TS2_FULL__VS__NO_REJECTION_CREDIT,E2_ROLLING,REJECT_BUDGET_NO_FEASIBLE,RR-SHOCK/0,5,0,0,0,comparator_rate_minus_proposed_rate,PRE_R10_SUPPORTING_DESCRIPTIVE_RESULT_AWARE__NO_NEW_CONFIRMATORY_INFERENCE
25,E2_ROLLING__DT-RAMDE_TS2_FULL__VS__NO_REJECTION_CREDIT,E2_ROLLING,REJECT_NUMERICAL,RR-SHOCK/0,5,0,0,0,comparator_rate_minus_proposed_rate,PRE_R10_SUPPORTING_DESCRIPTIVE_RESULT_AWARE__NO_NEW_CONFIRMATORY_INFERENCE
25,E2_ROLLING__DT-RAMDE_TS2_FULL__VS__NO_REJECTION_CREDIT,E2_ROLLING,OTHER_NONACCEPTED,RR-SHOCK/0,5,0,0,0,comparator_rate_minus_proposed_rate,PRE_R10_SUPPORTING_DESCRIPTIVE_RESULT_AWARE__NO_NEW_CONFIRMATORY_INFERENCE
25,E2_ROLLING__DT-RAMDE_TS2_FULL__VS__NO_REJECTION_CREDIT,E2_ROLLING,FAILURE_RATE,RR-SHOCK/1,5,0.01,0.01,0.01,comparator_rate_minus_proposed_rate,PRE_R10_SUPPORTING_DESCRIPTIVE_RESULT_AWARE__NO_NEW_CONFIRMATORY_INFERENCE
25,E2_ROLLING__DT-RAMDE_TS2_FULL__VS__NO_REJECTION_CREDIT,E2_ROLLING,REJECT_SAFETY_FILTER,RR-SHOCK/1,5,0.01,0.01,0.01,comparator_rate_minus_proposed_rate,PRE_R10_SUPPORTING_DESCRIPTIVE_RESULT_AWARE__NO_NEW_CONFIRMATORY_INFERENCE
25,E2_ROLLING__DT-RAMDE_TS2_FULL__VS__NO_REJECTION_CREDIT,E2_ROLLING,REJECT_BUDGET_NO_FEASIBLE,RR-SHOCK/1,5,0,0,0,comparator_rate_minus_proposed_rate,PRE_R10_SUPPORTING_DESCRIPTIVE_RESULT_AWARE__NO_NEW_CONFIRMATORY_INFERENCE
25,E2_ROLLING__DT-RAMDE_TS2_FULL__VS__NO_REJECTION_CREDIT,E2_ROLLING,REJECT_NUMERICAL,RR-SHOCK/1,5,0,0,0,comparator_rate_minus_proposed_rate,PRE_R10_SUPPORTING_DESCRIPTIVE_RESULT_AWARE__NO_NEW_CONFIRMATORY_INFERENCE
25,E2_ROLLING__DT-RAMDE_TS2_FULL__VS__NO_REJECTION_CREDIT,E2_ROLLING,OTHER_NONACCEPTED,RR-SHOCK/1,5,0,0,0,comparator_rate_minus_proposed_rate,PRE_R10_SUPPORTING_DESCRIPTIVE_RESULT_AWARE__NO_NEW_CONFIRMATORY_INFERENCE
25,E2_ROLLING__DT-RAMDE_TS2_FULL__VS__NO_REJECTION_CREDIT,E2_ROLLING,FAILURE_RATE,RR-SHOCK/2,5,0.090000000000000011,0.090000000000000011,0.090000000000000011,comparator_rate_minus_proposed_rate,PRE_R10_SUPPORTING_DESCRIPTIVE_RESULT_AWARE__NO_NEW_CONFIRMATORY_INFERENCE
25,E2_ROLLING__DT-RAMDE_TS2_FULL__VS__NO_REJECTION_CREDIT,E2_ROLLING,REJECT_SAFETY_FILTER,RR-SHOCK/2,5,0.089999999999999997,0.089999999999999997,0.089999999999999997,comparator_rate_minus_proposed_rate,PRE_R10_SUPPORTING_DESCRIPTIVE_RESULT_AWARE__NO_NEW_CONFIRMATORY_INFERENCE
25,E2_ROLLING__DT-RAMDE_TS2_FULL__VS__NO_REJECTION_CREDIT,E2_ROLLING,REJECT_BUDGET_NO_FEASIBLE,RR-SHOCK/2,5,0,0,0,comparator_rate_minus_proposed_rate,PRE_R10_SUPPORTING_DESCRIPTIVE_RESULT_AWARE__NO_NEW_CONFIRMATORY_INFERENCE
25,E2_ROLLING__DT-RAMDE_TS2_FULL__VS__NO_REJECTION_CREDIT,E2_ROLLING,REJECT_NUMERICAL,RR-SHOCK/2,5,0,0,0,comparator_rate_minus_proposed_rate,PRE_R10_SUPPORTING_DESCRIPTIVE_RESULT_AWARE__NO_NEW_CONFIRMATORY_INFERENCE
25,E2_ROLLING__DT-RAMDE_TS2_FULL__VS__NO_REJECTION_CREDIT,E2_ROLLING,OTHER_NONACCEPTED,RR-SHOCK/2,5,0,0,0,comparator_rate_minus_proposed_rate,PRE_R10_SUPPORTING_DESCRIPTIVE_RESULT_AWARE__NO_NEW_CONFIRMATORY_INFERENCE
25,E2_ROLLING__DT-RAMDE_TS2_FULL__VS__NO_REJECTION_CREDIT,E2_ROLLING,FAILURE_RATE,RR-SHOCK/3,5,0.19999999999999984,0.19999999999999984,0.19999999999999984,comparator_rate_minus_proposed_rate,PRE_R10_SUPPORTING_DESCRIPTIVE_RESULT_AWARE__NO_NEW_CONFIRMATORY_INFERENCE
25,E2_ROLLING__DT-RAMDE_TS2_FULL__VS__NO_REJECTION_CREDIT,E2_ROLLING,REJECT_SAFETY_FILTER,RR-SHOCK/3,5,0.20000000000000001,0.20000000000000001,0.20000000000000001,comparator_rate_minus_proposed_rate,PRE_R10_SUPPORTING_DESCRIPTIVE_RESULT_AWARE__NO_NEW_CONFIRMATORY_INFERENCE
25,E2_ROLLING__DT-RAMDE_TS2_FULL__VS__NO_REJECTION_CREDIT,E2_ROLLING,REJECT_BUDGET_NO_FEASIBLE,RR-SHOCK/3,5,0,0,0,comparator_rate_minus_proposed_rate,PRE_R10_SUPPORTING_DESCRIPTIVE_RESULT_AWARE__NO_NEW_CONFIRMATORY_INFERENCE
25,E2_ROLLING__DT-RAMDE_TS2_FULL__VS__NO_REJECTION_CREDIT,E2_ROLLING,REJECT_NUMERICAL,RR-SHOCK/3,5,0,0,0,comparator_rate_minus_proposed_rate,PRE_R10_SUPPORTING_DESCRIPTIVE_RESULT_AWARE__NO_NEW_CONFIRMATORY_INFERENCE
25,E2_ROLLING__DT-RAMDE_TS2_FULL__VS__NO_REJECTION_CREDIT,E2_ROLLING,OTHER_NONACCEPTED,RR-SHOCK/3,5,-4.4408920985006264e-17,-4.4408920985006264e-17,-4.4408920985006264e-17,comparator_rate_minus_proposed_rate,PRE_R10_SUPPORTING_DESCRIPTIVE_RESULT_AWARE__NO_NEW_CONFIRMATORY_INFERENCE
25,E2_ROLLING__DT-RAMDE_TS2_FULL__VS__NO_REJECTION_CREDIT,E2_ROLLING,FAILURE_RATE,RR-SHOCK/4,5,0.040000000000000008,0.040000000000000008,0.040000000000000008,comparator_rate_minus_proposed_rate,PRE_R10_SUPPORTING_DESCRIPTIVE_RESULT_AWARE__NO_NEW_CONFIRMATORY_INFERENCE
25,E2_ROLLING__DT-RAMDE_TS2_FULL__VS__NO_REJECTION_CREDIT,E2_ROLLING,REJECT_SAFETY_FILTER,RR-SHOCK/4,5,0.040000000000000001,0.040000000000000001,0.040000000000000001,comparator_rate_minus_proposed_rate,PRE_R10_SUPPORTING_DESCRIPTIVE_RESULT_AWARE__NO_NEW_CONFIRMATORY_INFERENCE
25,E2_ROLLING__DT-RAMDE_TS2_FULL__VS__NO_REJECTION_CREDIT,E2_ROLLING,REJECT_BUDGET_NO_FEASIBLE,RR-SHOCK/4,5,0,0,0,comparator_rate_minus_proposed_rate,PRE_R10_SUPPORTING_DESCRIPTIVE_RESULT_AWARE__NO_NEW_CONFIRMATORY_INFERENCE
25,E2_ROLLING__DT-RAMDE_TS2_FULL__VS__NO_REJECTION_CREDIT,E2_ROLLING,REJECT_NUMERICAL,RR-SHOCK/4,5,0,0,0,comparator_rate_minus_proposed_rate,PRE_R10_SUPPORTING_DESCRIPTIVE_RESULT_AWARE__NO_NEW_CONFIRMATORY_INFERENCE
25,E2_ROLLING__DT-RAMDE_TS2_FULL__VS__NO_REJECTION_CREDIT,E2_ROLLING,OTHER_NONACCEPTED,RR-SHOCK/4,5,0,0,0,comparator_rate_minus_proposed_rate,PRE_R10_SUPPORTING_DESCRIPTIVE_RESULT_AWARE__NO_NEW_CONFIRMATORY_INFERENCE
25,E2_ROLLING__DT-RAMDE_TS2_FULL__VS__NO_REJECTION_CREDIT,E2_ROLLING,FAILURE_RATE,RR-SHOCK/5,5,0.049999999999999989,0.049999999999999989,0.049999999999999989,comparator_rate_minus_proposed_rate,PRE_R10_SUPPORTING_DESCRIPTIVE_RESULT_AWARE__NO_NEW_CONFIRMATORY_INFERENCE
25,E2_ROLLING__DT-RAMDE_TS2_FULL__VS__NO_REJECTION_CREDIT,E2_ROLLING,REJECT_SAFETY_FILTER,RR-SHOCK/5,5,0.049999999999999989,0.049999999999999989,0.049999999999999989,comparator_rate_minus_proposed_rate,PRE_R10_SUPPORTING_DESCRIPTIVE_RESULT_AWARE__NO_NEW_CONFIRMATORY_INFERENCE
25,E2_ROLLING__DT-RAMDE_TS2_FULL__VS__NO_REJECTION_CREDIT,E2_ROLLING,REJECT_BUDGET_NO_FEASIBLE,RR-SHOCK/5,5,0,0,0,comparator_rate_minus_proposed_rate,PRE_R10_SUPPORTING_DESCRIPTIVE_RESULT_AWARE__NO_NEW_CONFIRMATORY_INFERENCE
25,E2_ROLLING__DT-RAMDE_TS2_FULL__VS__NO_REJECTION_CREDIT,E2_ROLLING,REJECT_NUMERICAL,RR-SHOCK/5,5,0,0,0,comparator_rate_minus_proposed_rate,PRE_R10_SUPPORTING_DESCRIPTIVE_RESULT_AWARE__NO_NEW_CONFIRMATORY_INFERENCE
25,E2_ROLLING__DT-RAMDE_TS2_FULL__VS__NO_REJECTION_CREDIT,E2_ROLLING,OTHER_NONACCEPTED,RR-SHOCK/5,5,3.3306690738754701e-17,3.3306690738754701e-17,3.3306690738754701e-17,comparator_rate_minus_proposed_rate,PRE_R10_SUPPORTING_DESCRIPTIVE_RESULT_AWARE__NO_NEW_CONFIRMATORY_INFERENCE
25,E2_ROLLING__DT-RAMDE_TS2_FULL__VS__NO_REJECTION_CREDIT,E2_ROLLING,FAILURE_RATE,RR-SHOCK/6,5,0.23000000000000004,0.23000000000000004,0.23000000000000004,comparator_rate_minus_proposed_rate,PRE_R10_SUPPORTING_DESCRIPTIVE_RESULT_AWARE__NO_NEW_CONFIRMATORY_INFERENCE
25,E2_ROLLING__DT-RAMDE_TS2_FULL__VS__NO_REJECTION_CREDIT,E2_ROLLING,REJECT_SAFETY_FILTER,RR-SHOCK/6,5,0.16,0.16,0.16,comparator_rate_minus_proposed_rate,PRE_R10_SUPPORTING_DESCRIPTIVE_RESULT_AWARE__NO_NEW_CONFIRMATORY_INFERENCE
25,E2_ROLLING__DT-RAMDE_TS2_FULL__VS__NO_REJECTION_CREDIT,E2_ROLLING,REJECT_BUDGET_NO_FEASIBLE,RR-SHOCK/6,5,0.070000000000000007,0.070000000000000007,0.070000000000000007,comparator_rate_minus_proposed_rate,PRE_R10_SUPPORTING_DESCRIPTIVE_RESULT_AWARE__NO_NEW_CONFIRMATORY_INFERENCE
25,E2_ROLLING__DT-RAMDE_TS2_FULL__VS__NO_REJECTION_CREDIT,E2_ROLLING,REJECT_NUMERICAL,RR-SHOCK/6,5,0,0,0,comparator_rate_minus_proposed_rate,PRE_R10_SUPPORTING_DESCRIPTIVE_RESULT_AWARE__NO_NEW_CONFIRMATORY_INFERENCE
25,E2_ROLLING__DT-RAMDE_TS2_FULL__VS__NO_REJECTION_CREDIT,E2_ROLLING,OTHER_NONACCEPTED,RR-SHOCK/6,5,0,0,0,comparator_rate_minus_proposed_rate,PRE_R10_SUPPORTING_DESCRIPTIVE_RESULT_AWARE__NO_NEW_CONFIRMATORY_INFERENCE
25,E2_ROLLING__DT-RAMDE_TS2_FULL__VS__NO_REJECTION_CREDIT,E2_ROLLING,FAILURE_RATE,RR-SHOCK/7,5,0,0,0,comparator_rate_minus_proposed_rate,PRE_R10_SUPPORTING_DESCRIPTIVE_RESULT_AWARE__NO_NEW_CONFIRMATORY_INFERENCE
25,E2_ROLLING__DT-RAMDE_TS2_FULL__VS__NO_REJECTION_CREDIT,E2_ROLLING,REJECT_SAFETY_FILTER,RR-SHOCK/7,5,0,0,0,comparator_rate_minus_proposed_rate,PRE_R10_SUPPORTING_DESCRIPTIVE_RESULT_AWARE__NO_NEW_CONFIRMATORY_INFERENCE
25,E2_ROLLING__DT-RAMDE_TS2_FULL__VS__NO_REJECTION_CREDIT,E2_ROLLING,REJECT_BUDGET_NO_FEASIBLE,RR-SHOCK/7,5,0,0,0,comparator_rate_minus_proposed_rate,PRE_R10_SUPPORTING_DESCRIPTIVE_RESULT_AWARE__NO_NEW_CONFIRMATORY_INFERENCE
25,E2_ROLLING__DT-RAMDE_TS2_FULL__VS__NO_REJECTION_CREDIT,E2_ROLLING,REJECT_NUMERICAL,RR-SHOCK/7,5,0,0,0,comparator_rate_minus_proposed_rate,PRE_R10_SUPPORTING_DESCRIPTIVE_RESULT_AWARE__NO_NEW_CONFIRMATORY_INFERENCE
25,E2_ROLLING__DT-RAMDE_TS2_FULL__VS__NO_REJECTION_CREDIT,E2_ROLLING,OTHER_NONACCEPTED,RR-SHOCK/7,5,0,0,0,comparator_rate_minus_proposed_rate,PRE_R10_SUPPORTING_DESCRIPTIVE_RESULT_AWARE__NO_NEW_CONFIRMATORY_INFERENCE
25,E2_ROLLING__DT-RAMDE_TS2_FULL__VS__NO_REJECTION_CREDIT,E2_ROLLING,FAILURE_RATE,RR-SMOOTH/0,5,0.010000000000000005,0.010000000000000005,0.010000000000000005,comparator_rate_minus_proposed_rate,PRE_R10_SUPPORTING_DESCRIPTIVE_RESULT_AWARE__NO_NEW_CONFIRMATORY_INFERENCE
25,E2_ROLLING__DT-RAMDE_TS2_FULL__VS__NO_REJECTION_CREDIT,E2_ROLLING,REJECT_SAFETY_FILTER,RR-SMOOTH/0,5,0.01,0.01,0.01,comparator_rate_minus_proposed_rate,PRE_R10_SUPPORTING_DESCRIPTIVE_RESULT_AWARE__NO_NEW_CONFIRMATORY_INFERENCE
25,E2_ROLLING__DT-RAMDE_TS2_FULL__VS__NO_REJECTION_CREDIT,E2_ROLLING,REJECT_BUDGET_NO_FEASIBLE,RR-SMOOTH/0,5,0,0,0,comparator_rate_minus_proposed_rate,PRE_R10_SUPPORTING_DESCRIPTIVE_RESULT_AWARE__NO_NEW_CONFIRMATORY_INFERENCE
25,E2_ROLLING__DT-RAMDE_TS2_FULL__VS__NO_REJECTION_CREDIT,E2_ROLLING,REJECT_NUMERICAL,RR-SMOOTH/0,5,0,0,0,comparator_rate_minus_proposed_rate,PRE_R10_SUPPORTING_DESCRIPTIVE_RESULT_AWARE__NO_NEW_CONFIRMATORY_INFERENCE
25,E2_ROLLING__DT-RAMDE_TS2_FULL__VS__NO_REJECTION_CREDIT,E2_ROLLING,OTHER_NONACCEPTED,RR-SMOOTH/0,5,0,0,0,comparator_rate_minus_proposed_rate,PRE_R10_SUPPORTING_DESCRIPTIVE_RESULT_AWARE__NO_NEW_CONFIRMATORY_INFERENCE
25,E2_ROLLING__DT-RAMDE_TS2_FULL__VS__NO_REJECTION_CREDIT,E2_ROLLING,FAILURE_RATE,RR-SMOOTH/1,5,0.25,0.25,0.25,comparator_rate_minus_proposed_rate,PRE_R10_SUPPORTING_DESCRIPTIVE_RESULT_AWARE__NO_NEW_CONFIRMATORY_INFERENCE
25,E2_ROLLING__DT-RAMDE_TS2_FULL__VS__NO_REJECTION_CREDIT,E2_ROLLING,REJECT_SAFETY_FILTER,RR-SMOOTH/1,5,0.060000000000000019,0.060000000000000019,0.060000000000000019,comparator_rate_minus_proposed_rate,PRE_R10_SUPPORTING_DESCRIPTIVE_RESULT_AWARE__NO_NEW_CONFIRMATORY_INFERENCE
25,E2_ROLLING__DT-RAMDE_TS2_FULL__VS__NO_REJECTION_CREDIT,E2_ROLLING,REJECT_BUDGET_NO_FEASIBLE,RR-SMOOTH/1,5,0.19,0.19,0.19,comparator_rate_minus_proposed_rate,PRE_R10_SUPPORTING_DESCRIPTIVE_RESULT_AWARE__NO_NEW_CONFIRMATORY_INFERENCE
25,E2_ROLLING__DT-RAMDE_TS2_FULL__VS__NO_REJECTION_CREDIT,E2_ROLLING,REJECT_NUMERICAL,RR-SMOOTH/1,5,0,0,0,comparator_rate_minus_proposed_rate,PRE_R10_SUPPORTING_DESCRIPTIVE_RESULT_AWARE__NO_NEW_CONFIRMATORY_INFERENCE
25,E2_ROLLING__DT-RAMDE_TS2_FULL__VS__NO_REJECTION_CREDIT,E2_ROLLING,OTHER_NONACCEPTED,RR-SMOOTH/1,5,0,0,0,comparator_rate_minus_proposed_rate,PRE_R10_SUPPORTING_DESCRIPTIVE_RESULT_AWARE__NO_NEW_CONFIRMATORY_INFERENCE
25,E2_ROLLING__DT-RAMDE_TS2_FULL__VS__NO_REJECTION_CREDIT,E2_ROLLING,FAILURE_RATE,RR-SMOOTH/2,5,0,0,0,comparator_rate_minus_proposed_rate,PRE_R10_SUPPORTING_DESCRIPTIVE_RESULT_AWARE__NO_NEW_CONFIRMATORY_INFERENCE
25,E2_ROLLING__DT-RAMDE_TS2_FULL__VS__NO_REJECTION_CREDIT,E2_ROLLING,REJECT_SAFETY_FILTER,RR-SMOOTH/2,5,0,0,0,comparator_rate_minus_proposed_rate,PRE_R10_SUPPORTING_DESCRIPTIVE_RESULT_AWARE__NO_NEW_CONFIRMATORY_INFERENCE
25,E2_ROLLING__DT-RAMDE_TS2_FULL__VS__NO_REJECTION_CREDIT,E2_ROLLING,REJECT_BUDGET_NO_FEASIBLE,RR-SMOOTH/2,5,0,0,0,comparator_rate_minus_proposed_rate,PRE_R10_SUPPORTING_DESCRIPTIVE_RESULT_AWARE__NO_NEW_CONFIRMATORY_INFERENCE
25,E2_ROLLING__DT-RAMDE_TS2_FULL__VS__NO_REJECTION_CREDIT,E2_ROLLING,REJECT_NUMERICAL,RR-SMOOTH/2,5,0,0,0,comparator_rate_minus_proposed_rate,PRE_R10_SUPPORTING_DESCRIPTIVE_RESULT_AWARE__NO_NEW_CONFIRMATORY_INFERENCE
25,E2_ROLLING__DT-RAMDE_TS2_FULL__VS__NO_REJECTION_CREDIT,E2_ROLLING,OTHER_NONACCEPTED,RR-SMOOTH/2,5,0,0,0,comparator_rate_minus_proposed_rate,PRE_R10_SUPPORTING_DESCRIPTIVE_RESULT_AWARE__NO_NEW_CONFIRMATORY_INFERENCE
25,E2_ROLLING__DT-RAMDE_TS2_FULL__VS__NO_REJECTION_CREDIT,E2_ROLLING,FAILURE_RATE,RR-SMOOTH/3,5,0.019999999999999997,0.019999999999999997,0.019999999999999997,comparator_rate_minus_proposed_rate,PRE_R10_SUPPORTING_DESCRIPTIVE_RESULT_AWARE__NO_NEW_CONFIRMATORY_INFERENCE
25,E2_ROLLING__DT-RAMDE_TS2_FULL__VS__NO_REJECTION_CREDIT,E2_ROLLING,REJECT_SAFETY_FILTER,RR-SMOOTH/3,5,0.02,0.02,0.02,comparator_rate_minus_proposed_rate,PRE_R10_SUPPORTING_DESCRIPTIVE_RESULT_AWARE__NO_NEW_CONFIRMATORY_INFERENCE
25,E2_ROLLING__DT-RAMDE_TS2_FULL__VS__NO_REJECTION_CREDIT,E2_ROLLING,REJECT_BUDGET_NO_FEASIBLE,RR-SMOOTH/3,5,0,0,0,comparator_rate_minus_proposed_rate,PRE_R10_SUPPORTING_DESCRIPTIVE_RESULT_AWARE__NO_NEW_CONFIRMATORY_INFERENCE
25,E2_ROLLING__DT-RAMDE_TS2_FULL__VS__NO_REJECTION_CREDIT,E2_ROLLING,REJECT_NUMERICAL,RR-SMOOTH/3,5,0,0,0,comparator_rate_minus_proposed_rate,PRE_R10_SUPPORTING_DESCRIPTIVE_RESULT_AWARE__NO_NEW_CONFIRMATORY_INFERENCE
25,E2_ROLLING__DT-RAMDE_TS2_FULL__VS__NO_REJECTION_CREDIT,E2_ROLLING,OTHER_NONACCEPTED,RR-SMOOTH/3,5,0,0,0,comparator_rate_minus_proposed_rate,PRE_R10_SUPPORTING_DESCRIPTIVE_RESULT_AWARE__NO_NEW_CONFIRMATORY_INFERENCE
25,E2_ROLLING__DT-RAMDE_TS2_FULL__VS__NO_REJECTION_CREDIT,E2_ROLLING,FAILURE_RATE,RR-SMOOTH/4,5,-0.0099999999999998979,-0.0099999999999998979,-0.0099999999999998979,comparator_rate_minus_proposed_rate,PRE_R10_SUPPORTING_DESCRIPTIVE_RESULT_AWARE__NO_NEW_CONFIRMATORY_INFERENCE
25,E2_ROLLING__DT-RAMDE_TS2_FULL__VS__NO_REJECTION_CREDIT,E2_ROLLING,REJECT_SAFETY_FILTER,RR-SMOOTH/4,5,0,0,0,comparator_rate_minus_proposed_rate,PRE_R10_SUPPORTING_DESCRIPTIVE_RESULT_AWARE__NO_NEW_CONFIRMATORY_INFERENCE
25,E2_ROLLING__DT-RAMDE_TS2_FULL__VS__NO_REJECTION_CREDIT,E2_ROLLING,REJECT_BUDGET_NO_FEASIBLE,RR-SMOOTH/4,5,-0.010000000000000019,-0.010000000000000019,-0.010000000000000019,comparator_rate_minus_proposed_rate,PRE_R10_SUPPORTING_DESCRIPTIVE_RESULT_AWARE__NO_NEW_CONFIRMATORY_INFERENCE
25,E2_ROLLING__DT-RAMDE_TS2_FULL__VS__NO_REJECTION_CREDIT,E2_ROLLING,REJECT_NUMERICAL,RR-SMOOTH/4,5,0,0,0,comparator_rate_minus_proposed_rate,PRE_R10_SUPPORTING_DESCRIPTIVE_RESULT_AWARE__NO_NEW_CONFIRMATORY_INFERENCE
25,E2_ROLLING__DT-RAMDE_TS2_FULL__VS__NO_REJECTION_CREDIT,E2_ROLLING,OTHER_NONACCEPTED,RR-SMOOTH/4,5,6.6613381477509402e-17,6.6613381477509402e-17,6.6613381477509402e-17,comparator_rate_minus_proposed_rate,PRE_R10_SUPPORTING_DESCRIPTIVE_RESULT_AWARE__NO_NEW_CONFIRMATORY_INFERENCE
25,E2_ROLLING__DT-RAMDE_TS2_FULL__VS__NO_REJECTION_CREDIT,E2_ROLLING,FAILURE_RATE,RR-SMOOTH/5,5,0.17000000000000001,0.17000000000000001,0.17000000000000001,comparator_rate_minus_proposed_rate,PRE_R10_SUPPORTING_DESCRIPTIVE_RESULT_AWARE__NO_NEW_CONFIRMATORY_INFERENCE
25,E2_ROLLING__DT-RAMDE_TS2_FULL__VS__NO_REJECTION_CREDIT,E2_ROLLING,REJECT_SAFETY_FILTER,RR-SMOOTH/5,5,0.17000000000000001,0.17000000000000001,0.17000000000000001,comparator_rate_minus_proposed_rate,PRE_R10_SUPPORTING_DESCRIPTIVE_RESULT_AWARE__NO_NEW_CONFIRMATORY_INFERENCE
25,E2_ROLLING__DT-RAMDE_TS2_FULL__VS__NO_REJECTION_CREDIT,E2_ROLLING,REJECT_BUDGET_NO_FEASIBLE,RR-SMOOTH/5,5,0,0,0,comparator_rate_minus_proposed_rate,PRE_R10_SUPPORTING_DESCRIPTIVE_RESULT_AWARE__NO_NEW_CONFIRMATORY_INFERENCE
25,E2_ROLLING__DT-RAMDE_TS2_FULL__VS__NO_REJECTION_CREDIT,E2_ROLLING,REJECT_NUMERICAL,RR-SMOOTH/5,5,0,0,0,comparator_rate_minus_proposed_rate,PRE_R10_SUPPORTING_DESCRIPTIVE_RESULT_AWARE__NO_NEW_CONFIRMATORY_INFERENCE
25,E2_ROLLING__DT-RAMDE_TS2_FULL__VS__NO_REJECTION_CREDIT,E2_ROLLING,OTHER_NONACCEPTED,RR-SMOOTH/5,5,0,0,0,comparator_rate_minus_proposed_rate,PRE_R10_SUPPORTING_DESCRIPTIVE_RESULT_AWARE__NO_NEW_CONFIRMATORY_INFERENCE
25,E2_ROLLING__DT-RAMDE_TS2_FULL__VS__NO_REJECTION_CREDIT,E2_ROLLING,FAILURE_RATE,RR-SMOOTH/6,5,-0.10000000000000003,-0.10000000000000003,-0.10000000000000003,comparator_rate_minus_proposed_rate,PRE_R10_SUPPORTING_DESCRIPTIVE_RESULT_AWARE__NO_NEW_CONFIRMATORY_INFERENCE
25,E2_ROLLING__DT-RAMDE_TS2_FULL__VS__NO_REJECTION_CREDIT,E2_ROLLING,REJECT_SAFETY_FILTER,RR-SMOOTH/6,5,-0.019999999999999983,-0.019999999999999983,-0.019999999999999983,comparator_rate_minus_proposed_rate,PRE_R10_SUPPORTING_DESCRIPTIVE_RESULT_AWARE__NO_NEW_CONFIRMATORY_INFERENCE
25,E2_ROLLING__DT-RAMDE_TS2_FULL__VS__NO_REJECTION_CREDIT,E2_ROLLING,REJECT_BUDGET_NO_FEASIBLE,RR-SMOOTH/6,5,-0.080000000000000002,-0.080000000000000002,-0.080000000000000002,comparator_rate_minus_proposed_rate,PRE_R10_SUPPORTING_DESCRIPTIVE_RESULT_AWARE__NO_NEW_CONFIRMATORY_INFERENCE
25,E2_ROLLING__DT-RAMDE_TS2_FULL__VS__NO_REJECTION_CREDIT,E2_ROLLING,REJECT_NUMERICAL,RR-SMOOTH/6,5,0,0,0,comparator_rate_minus_proposed_rate,PRE_R10_SUPPORTING_DESCRIPTIVE_RESULT_AWARE__NO_NEW_CONFIRMATORY_INFERENCE
25,E2_ROLLING__DT-RAMDE_TS2_FULL__VS__NO_REJECTION_CREDIT,E2_ROLLING,OTHER_NONACCEPTED,RR-SMOOTH/6,5,0,0,0,comparator_rate_minus_proposed_rate,PRE_R10_SUPPORTING_DESCRIPTIVE_RESULT_AWARE__NO_NEW_CONFIRMATORY_INFERENCE
25,E2_ROLLING__DT-RAMDE_TS2_FULL__VS__NO_REJECTION_CREDIT,E2_ROLLING,FAILURE_RATE,RR-SMOOTH/7,5,0.020000000000000018,0.020000000000000018,0.020000000000000018,comparator_rate_minus_proposed_rate,PRE_R10_SUPPORTING_DESCRIPTIVE_RESULT_AWARE__NO_NEW_CONFIRMATORY_INFERENCE
25,E2_ROLLING__DT-RAMDE_TS2_FULL__VS__NO_REJECTION_CREDIT,E2_ROLLING,REJECT_SAFETY_FILTER,RR-SMOOTH/7,5,0.019999999999999997,0.019999999999999997,0.019999999999999997,comparator_rate_minus_proposed_rate,PRE_R10_SUPPORTING_DESCRIPTIVE_RESULT_AWARE__NO_NEW_CONFIRMATORY_INFERENCE
25,E2_ROLLING__DT-RAMDE_TS2_FULL__VS__NO_REJECTION_CREDIT,E2_ROLLING,REJECT_BUDGET_NO_FEASIBLE,RR-SMOOTH/7,5,0,0,0,comparator_rate_minus_proposed_rate,PRE_R10_SUPPORTING_DESCRIPTIVE_RESULT_AWARE__NO_NEW_CONFIRMATORY_INFERENCE
25,E2_ROLLING__DT-RAMDE_TS2_FULL__VS__NO_REJECTION_CREDIT,E2_ROLLING,REJECT_NUMERICAL,RR-SMOOTH/7,5,0,0,0,comparator_rate_minus_proposed_rate,PRE_R10_SUPPORTING_DESCRIPTIVE_RESULT_AWARE__NO_NEW_CONFIRMATORY_INFERENCE
25,E2_ROLLING__DT-RAMDE_TS2_FULL__VS__NO_REJECTION_CREDIT,E2_ROLLING,OTHER_NONACCEPTED,RR-SMOOTH/7,5,0,0,0,comparator_rate_minus_proposed_rate,PRE_R10_SUPPORTING_DESCRIPTIVE_RESULT_AWARE__NO_NEW_CONFIRMATORY_INFERENCE
26,E2_ROLLING__DT-RAMDE_TS2_FULL__VS__NO_MEMORY_RESET_GATE,E2_ROLLING,FAILURE_RATE,RR-INTERMITTENT/0,5,0.029999999999999971,0.029999999999999971,0.029999999999999971,comparator_rate_minus_proposed_rate,PRE_R10_SUPPORTING_DESCRIPTIVE_RESULT_AWARE__NO_NEW_CONFIRMATORY_INFERENCE
26,E2_ROLLING__DT-RAMDE_TS2_FULL__VS__NO_MEMORY_RESET_GATE,E2_ROLLING,REJECT_SAFETY_FILTER,RR-INTERMITTENT/0,5,0.030000000000000006,0.030000000000000006,0.030000000000000006,comparator_rate_minus_proposed_rate,PRE_R10_SUPPORTING_DESCRIPTIVE_RESULT_AWARE__NO_NEW_CONFIRMATORY_INFERENCE
26,E2_ROLLING__DT-RAMDE_TS2_FULL__VS__NO_MEMORY_RESET_GATE,E2_ROLLING,REJECT_BUDGET_NO_FEASIBLE,RR-INTERMITTENT/0,5,0,0,0,comparator_rate_minus_proposed_rate,PRE_R10_SUPPORTING_DESCRIPTIVE_RESULT_AWARE__NO_NEW_CONFIRMATORY_INFERENCE
26,E2_ROLLING__DT-RAMDE_TS2_FULL__VS__NO_MEMORY_RESET_GATE,E2_ROLLING,REJECT_NUMERICAL,RR-INTERMITTENT/0,5,0,0,0,comparator_rate_minus_proposed_rate,PRE_R10_SUPPORTING_DESCRIPTIVE_RESULT_AWARE__NO_NEW_CONFIRMATORY_INFERENCE
26,E2_ROLLING__DT-RAMDE_TS2_FULL__VS__NO_MEMORY_RESET_GATE,E2_ROLLING,OTHER_NONACCEPTED,RR-INTERMITTENT/0,5,0,0,0,comparator_rate_minus_proposed_rate,PRE_R10_SUPPORTING_DESCRIPTIVE_RESULT_AWARE__NO_NEW_CONFIRMATORY_INFERENCE
26,E2_ROLLING__DT-RAMDE_TS2_FULL__VS__NO_MEMORY_RESET_GATE,E2_ROLLING,FAILURE_RATE,RR-INTERMITTENT/1,5,-0.010000000000000009,-0.010000000000000009,-0.010000000000000009,comparator_rate_minus_proposed_rate,PRE_R10_SUPPORTING_DESCRIPTIVE_RESULT_AWARE__NO_NEW_CONFIRMATORY_INFERENCE
26,E2_ROLLING__DT-RAMDE_TS2_FULL__VS__NO_MEMORY_RESET_GATE,E2_ROLLING,REJECT_SAFETY_FILTER,RR-INTERMITTENT/1,5,-0.01,-0.01,-0.01,comparator_rate_minus_proposed_rate,PRE_R10_SUPPORTING_DESCRIPTIVE_RESULT_AWARE__NO_NEW_CONFIRMATORY_INFERENCE
26,E2_ROLLING__DT-RAMDE_TS2_FULL__VS__NO_MEMORY_RESET_GATE,E2_ROLLING,REJECT_BUDGET_NO_FEASIBLE,RR-INTERMITTENT/1,5,0,0,0,comparator_rate_minus_proposed_rate,PRE_R10_SUPPORTING_DESCRIPTIVE_RESULT_AWARE__NO_NEW_CONFIRMATORY_INFERENCE
26,E2_ROLLING__DT-RAMDE_TS2_FULL__VS__NO_MEMORY_RESET_GATE,E2_ROLLING,REJECT_NUMERICAL,RR-INTERMITTENT/1,5,0,0,0,comparator_rate_minus_proposed_rate,PRE_R10_SUPPORTING_DESCRIPTIVE_RESULT_AWARE__NO_NEW_CONFIRMATORY_INFERENCE
26,E2_ROLLING__DT-RAMDE_TS2_FULL__VS__NO_MEMORY_RESET_GATE,E2_ROLLING,OTHER_NONACCEPTED,RR-INTERMITTENT/1,5,0,0,0,comparator_rate_minus_proposed_rate,PRE_R10_SUPPORTING_DESCRIPTIVE_RESULT_AWARE__NO_NEW_CONFIRMATORY_INFERENCE
26,E2_ROLLING__DT-RAMDE_TS2_FULL__VS__NO_MEMORY_RESET_GATE,E2_ROLLING,FAILURE_RATE,RR-INTERMITTENT/2,5,0.049999999999999989,0.049999999999999989,0.049999999999999989,comparator_rate_minus_proposed_rate,PRE_R10_SUPPORTING_DESCRIPTIVE_RESULT_AWARE__NO_NEW_CONFIRMATORY_INFERENCE
26,E2_ROLLING__DT-RAMDE_TS2_FULL__VS__NO_MEMORY_RESET_GATE,E2_ROLLING,REJECT_SAFETY_FILTER,RR-INTERMITTENT/2,5,0.049999999999999989,0.049999999999999989,0.049999999999999989,comparator_rate_minus_proposed_rate,PRE_R10_SUPPORTING_DESCRIPTIVE_RESULT_AWARE__NO_NEW_CONFIRMATORY_INFERENCE
26,E2_ROLLING__DT-RAMDE_TS2_FULL__VS__NO_MEMORY_RESET_GATE,E2_ROLLING,REJECT_BUDGET_NO_FEASIBLE,RR-INTERMITTENT/2,5,0,0,0,comparator_rate_minus_proposed_rate,PRE_R10_SUPPORTING_DESCRIPTIVE_RESULT_AWARE__NO_NEW_CONFIRMATORY_INFERENCE
26,E2_ROLLING__DT-RAMDE_TS2_FULL__VS__NO_MEMORY_RESET_GATE,E2_ROLLING,REJECT_NUMERICAL,RR-INTERMITTENT/2,5,0,0,0,comparator_rate_minus_proposed_rate,PRE_R10_SUPPORTING_DESCRIPTIVE_RESULT_AWARE__NO_NEW_CONFIRMATORY_INFERENCE
26,E2_ROLLING__DT-RAMDE_TS2_FULL__VS__NO_MEMORY_RESET_GATE,E2_ROLLING,OTHER_NONACCEPTED,RR-INTERMITTENT/2,5,0,0,0,comparator_rate_minus_proposed_rate,PRE_R10_SUPPORTING_DESCRIPTIVE_RESULT_AWARE__NO_NEW_CONFIRMATORY_INFERENCE
26,E2_ROLLING__DT-RAMDE_TS2_FULL__VS__NO_MEMORY_RESET_GATE,E2_ROLLING,FAILURE_RATE,RR-INTERMITTENT/3,5,0.13999999999999996,0.13999999999999996,0.13999999999999996,comparator_rate_minus_proposed_rate,PRE_R10_SUPPORTING_DESCRIPTIVE_RESULT_AWARE__NO_NEW_CONFIRMATORY_INFERENCE
26,E2_ROLLING__DT-RAMDE_TS2_FULL__VS__NO_MEMORY_RESET_GATE,E2_ROLLING,REJECT_SAFETY_FILTER,RR-INTERMITTENT/3,5,0.17999999999999999,0.17999999999999999,0.17999999999999999,comparator_rate_minus_proposed_rate,PRE_R10_SUPPORTING_DESCRIPTIVE_RESULT_AWARE__NO_NEW_CONFIRMATORY_INFERENCE
26,E2_ROLLING__DT-RAMDE_TS2_FULL__VS__NO_MEMORY_RESET_GATE,E2_ROLLING,REJECT_BUDGET_NO_FEASIBLE,RR-INTERMITTENT/3,5,-0.040000000000000001,-0.040000000000000001,-0.040000000000000001,comparator_rate_minus_proposed_rate,PRE_R10_SUPPORTING_DESCRIPTIVE_RESULT_AWARE__NO_NEW_CONFIRMATORY_INFERENCE
26,E2_ROLLING__DT-RAMDE_TS2_FULL__VS__NO_MEMORY_RESET_GATE,E2_ROLLING,REJECT_NUMERICAL,RR-INTERMITTENT/3,5,0,0,0,comparator_rate_minus_proposed_rate,PRE_R10_SUPPORTING_DESCRIPTIVE_RESULT_AWARE__NO_NEW_CONFIRMATORY_INFERENCE
26,E2_ROLLING__DT-RAMDE_TS2_FULL__VS__NO_MEMORY_RESET_GATE,E2_ROLLING,OTHER_NONACCEPTED,RR-INTERMITTENT/3,5,-4.4408920985006264e-17,-4.4408920985006264e-17,-4.4408920985006264e-17,comparator_rate_minus_proposed_rate,PRE_R10_SUPPORTING_DESCRIPTIVE_RESULT_AWARE__NO_NEW_CONFIRMATORY_INFERENCE
26,E2_ROLLING__DT-RAMDE_TS2_FULL__VS__NO_MEMORY_RESET_GATE,E2_ROLLING,FAILURE_RATE,RR-INTERMITTENT/4,5,-0.009999999999999995,-0.009999999999999995,-0.009999999999999995,comparator_rate_minus_proposed_rate,PRE_R10_SUPPORTING_DESCRIPTIVE_RESULT_AWARE__NO_NEW_CONFIRMATORY_INFERENCE
26,E2_ROLLING__DT-RAMDE_TS2_FULL__VS__NO_MEMORY_RESET_GATE,E2_ROLLING,REJECT_SAFETY_FILTER,RR-INTERMITTENT/4,5,-0.0099999999999999985,-0.0099999999999999985,-0.0099999999999999985,comparator_rate_minus_proposed_rate,PRE_R10_SUPPORTING_DESCRIPTIVE_RESULT_AWARE__NO_NEW_CONFIRMATORY_INFERENCE
26,E2_ROLLING__DT-RAMDE_TS2_FULL__VS__NO_MEMORY_RESET_GATE,E2_ROLLING,REJECT_BUDGET_NO_FEASIBLE,RR-INTERMITTENT/4,5,0,0,0,comparator_rate_minus_proposed_rate,PRE_R10_SUPPORTING_DESCRIPTIVE_RESULT_AWARE__NO_NEW_CONFIRMATORY_INFERENCE
26,E2_ROLLING__DT-RAMDE_TS2_FULL__VS__NO_MEMORY_RESET_GATE,E2_ROLLING,REJECT_NUMERICAL,RR-INTERMITTENT/4,5,0,0,0,comparator_rate_minus_proposed_rate,PRE_R10_SUPPORTING_DESCRIPTIVE_RESULT_AWARE__NO_NEW_CONFIRMATORY_INFERENCE
26,E2_ROLLING__DT-RAMDE_TS2_FULL__VS__NO_MEMORY_RESET_GATE,E2_ROLLING,OTHER_NONACCEPTED,RR-INTERMITTENT/4,5,0,0,0,comparator_rate_minus_proposed_rate,PRE_R10_SUPPORTING_DESCRIPTIVE_RESULT_AWARE__NO_NEW_CONFIRMATORY_INFERENCE
26,E2_ROLLING__DT-RAMDE_TS2_FULL__VS__NO_MEMORY_RESET_GATE,E2_ROLLING,FAILURE_RATE,RR-INTERMITTENT/5,5,-0.030000000000000027,-0.030000000000000027,-0.030000000000000027,comparator_rate_minus_proposed_rate,PRE_R10_SUPPORTING_DESCRIPTIVE_RESULT_AWARE__NO_NEW_CONFIRMATORY_INFERENCE
26,E2_ROLLING__DT-RAMDE_TS2_FULL__VS__NO_MEMORY_RESET_GATE,E2_ROLLING,REJECT_SAFETY_FILTER,RR-INTERMITTENT/5,5,-0.040000000000000008,-0.040000000000000008,-0.040000000000000008,comparator_rate_minus_proposed_rate,PRE_R10_SUPPORTING_DESCRIPTIVE_RESULT_AWARE__NO_NEW_CONFIRMATORY_INFERENCE
26,E2_ROLLING__DT-RAMDE_TS2_FULL__VS__NO_MEMORY_RESET_GATE,E2_ROLLING,REJECT_BUDGET_NO_FEASIBLE,RR-INTERMITTENT/5,5,0.01,0.01,0.01,comparator_rate_minus_proposed_rate,PRE_R10_SUPPORTING_DESCRIPTIVE_RESULT_AWARE__NO_NEW_CONFIRMATORY_INFERENCE
26,E2_ROLLING__DT-RAMDE_TS2_FULL__VS__NO_MEMORY_RESET_GATE,E2_ROLLING,REJECT_NUMERICAL,RR-INTERMITTENT/5,5,0,0,0,comparator_rate_minus_proposed_rate,PRE_R10_SUPPORTING_DESCRIPTIVE_RESULT_AWARE__NO_NEW_CONFIRMATORY_INFERENCE
26,E2_ROLLING__DT-RAMDE_TS2_FULL__VS__NO_MEMORY_RESET_GATE,E2_ROLLING,OTHER_NONACCEPTED,RR-INTERMITTENT/5,5,0,0,0,comparator_rate_minus_proposed_rate,PRE_R10_SUPPORTING_DESCRIPTIVE_RESULT_AWARE__NO_NEW_CONFIRMATORY_INFERENCE
26,E2_ROLLING__DT-RAMDE_TS2_FULL__VS__NO_MEMORY_RESET_GATE,E2_ROLLING,FAILURE_RATE,RR-INTERMITTENT/6,5,0,0,0,comparator_rate_minus_proposed_rate,PRE_R10_SUPPORTING_DESCRIPTIVE_RESULT_AWARE__NO_NEW_CONFIRMATORY_INFERENCE
26,E2_ROLLING__DT-RAMDE_TS2_FULL__VS__NO_MEMORY_RESET_GATE,E2_ROLLING,REJECT_SAFETY_FILTER,RR-INTERMITTENT/6,5,0,0,0,comparator_rate_minus_proposed_rate,PRE_R10_SUPPORTING_DESCRIPTIVE_RESULT_AWARE__NO_NEW_CONFIRMATORY_INFERENCE
26,E2_ROLLING__DT-RAMDE_TS2_FULL__VS__NO_MEMORY_RESET_GATE,E2_ROLLING,REJECT_BUDGET_NO_FEASIBLE,RR-INTERMITTENT/6,5,0,0,0,comparator_rate_minus_proposed_rate,PRE_R10_SUPPORTING_DESCRIPTIVE_RESULT_AWARE__NO_NEW_CONFIRMATORY_INFERENCE
26,E2_ROLLING__DT-RAMDE_TS2_FULL__VS__NO_MEMORY_RESET_GATE,E2_ROLLING,REJECT_NUMERICAL,RR-INTERMITTENT/6,5,0,0,0,comparator_rate_minus_proposed_rate,PRE_R10_SUPPORTING_DESCRIPTIVE_RESULT_AWARE__NO_NEW_CONFIRMATORY_INFERENCE
26,E2_ROLLING__DT-RAMDE_TS2_FULL__VS__NO_MEMORY_RESET_GATE,E2_ROLLING,OTHER_NONACCEPTED,RR-INTERMITTENT/6,5,0,0,0,comparator_rate_minus_proposed_rate,PRE_R10_SUPPORTING_DESCRIPTIVE_RESULT_AWARE__NO_NEW_CONFIRMATORY_INFERENCE
26,E2_ROLLING__DT-RAMDE_TS2_FULL__VS__NO_MEMORY_RESET_GATE,E2_ROLLING,FAILURE_RATE,RR-INTERMITTENT/7,5,0.029999999999999916,0.029999999999999916,0.029999999999999916,comparator_rate_minus_proposed_rate,PRE_R10_SUPPORTING_DESCRIPTIVE_RESULT_AWARE__NO_NEW_CONFIRMATORY_INFERENCE
26,E2_ROLLING__DT-RAMDE_TS2_FULL__VS__NO_MEMORY_RESET_GATE,E2_ROLLING,REJECT_SAFETY_FILTER,RR-INTERMITTENT/7,5,0.029999999999999992,0.029999999999999992,0.029999999999999992,comparator_rate_minus_proposed_rate,PRE_R10_SUPPORTING_DESCRIPTIVE_RESULT_AWARE__NO_NEW_CONFIRMATORY_INFERENCE
26,E2_ROLLING__DT-RAMDE_TS2_FULL__VS__NO_MEMORY_RESET_GATE,E2_ROLLING,REJECT_BUDGET_NO_FEASIBLE,RR-INTERMITTENT/7,5,0,0,0,comparator_rate_minus_proposed_rate,PRE_R10_SUPPORTING_DESCRIPTIVE_RESULT_AWARE__NO_NEW_CONFIRMATORY_INFERENCE
26,E2_ROLLING__DT-RAMDE_TS2_FULL__VS__NO_MEMORY_RESET_GATE,E2_ROLLING,REJECT_NUMERICAL,RR-INTERMITTENT/7,5,0,0,0,comparator_rate_minus_proposed_rate,PRE_R10_SUPPORTING_DESCRIPTIVE_RESULT_AWARE__NO_NEW_CONFIRMATORY_INFERENCE
26,E2_ROLLING__DT-RAMDE_TS2_FULL__VS__NO_MEMORY_RESET_GATE,E2_ROLLING,OTHER_NONACCEPTED,RR-INTERMITTENT/7,5,4.4408920985006258e-17,4.4408920985006258e-17,4.4408920985006258e-17,comparator_rate_minus_proposed_rate,PRE_R10_SUPPORTING_DESCRIPTIVE_RESULT_AWARE__NO_NEW_CONFIRMATORY_INFERENCE
26,E2_ROLLING__DT-RAMDE_TS2_FULL__VS__NO_MEMORY_RESET_GATE,E2_ROLLING,FAILURE_RATE,RR-REJECTION/0,5,0.020000000000000018,0.020000000000000018,0.020000000000000018,comparator_rate_minus_proposed_rate,PRE_R10_SUPPORTING_DESCRIPTIVE_RESULT_AWARE__NO_NEW_CONFIRMATORY_INFERENCE
26,E2_ROLLING__DT-RAMDE_TS2_FULL__VS__NO_MEMORY_RESET_GATE,E2_ROLLING,REJECT_SAFETY_FILTER,RR-REJECTION/0,5,0.019999999999999997,0.019999999999999997,0.019999999999999997,comparator_rate_minus_proposed_rate,PRE_R10_SUPPORTING_DESCRIPTIVE_RESULT_AWARE__NO_NEW_CONFIRMATORY_INFERENCE
26,E2_ROLLING__DT-RAMDE_TS2_FULL__VS__NO_MEMORY_RESET_GATE,E2_ROLLING,REJECT_BUDGET_NO_FEASIBLE,RR-REJECTION/0,5,0,0,0,comparator_rate_minus_proposed_rate,PRE_R10_SUPPORTING_DESCRIPTIVE_RESULT_AWARE__NO_NEW_CONFIRMATORY_INFERENCE
26,E2_ROLLING__DT-RAMDE_TS2_FULL__VS__NO_MEMORY_RESET_GATE,E2_ROLLING,REJECT_NUMERICAL,RR-REJECTION/0,5,0,0,0,comparator_rate_minus_proposed_rate,PRE_R10_SUPPORTING_DESCRIPTIVE_RESULT_AWARE__NO_NEW_CONFIRMATORY_INFERENCE
26,E2_ROLLING__DT-RAMDE_TS2_FULL__VS__NO_MEMORY_RESET_GATE,E2_ROLLING,OTHER_NONACCEPTED,RR-REJECTION/0,5,0,0,0,comparator_rate_minus_proposed_rate,PRE_R10_SUPPORTING_DESCRIPTIVE_RESULT_AWARE__NO_NEW_CONFIRMATORY_INFERENCE
26,E2_ROLLING__DT-RAMDE_TS2_FULL__VS__NO_MEMORY_RESET_GATE,E2_ROLLING,FAILURE_RATE,RR-REJECTION/1,5,-0.010000000000000009,-0.010000000000000009,-0.010000000000000009,comparator_rate_minus_proposed_rate,PRE_R10_SUPPORTING_DESCRIPTIVE_RESULT_AWARE__NO_NEW_CONFIRMATORY_INFERENCE
26,E2_ROLLING__DT-RAMDE_TS2_FULL__VS__NO_MEMORY_RESET_GATE,E2_ROLLING,REJECT_SAFETY_FILTER,RR-REJECTION/1,5,-0.010000000000000004,-0.010000000000000004,-0.010000000000000004,comparator_rate_minus_proposed_rate,PRE_R10_SUPPORTING_DESCRIPTIVE_RESULT_AWARE__NO_NEW_CONFIRMATORY_INFERENCE
26,E2_ROLLING__DT-RAMDE_TS2_FULL__VS__NO_MEMORY_RESET_GATE,E2_ROLLING,REJECT_BUDGET_NO_FEASIBLE,RR-REJECTION/1,5,0,0,0,comparator_rate_minus_proposed_rate,PRE_R10_SUPPORTING_DESCRIPTIVE_RESULT_AWARE__NO_NEW_CONFIRMATORY_INFERENCE
26,E2_ROLLING__DT-RAMDE_TS2_FULL__VS__NO_MEMORY_RESET_GATE,E2_ROLLING,REJECT_NUMERICAL,RR-REJECTION/1,5,0,0,0,comparator_rate_minus_proposed_rate,PRE_R10_SUPPORTING_DESCRIPTIVE_RESULT_AWARE__NO_NEW_CONFIRMATORY_INFERENCE
26,E2_ROLLING__DT-RAMDE_TS2_FULL__VS__NO_MEMORY_RESET_GATE,E2_ROLLING,OTHER_NONACCEPTED,RR-REJECTION/1,5,0,0,0,comparator_rate_minus_proposed_rate,PRE_R10_SUPPORTING_DESCRIPTIVE_RESULT_AWARE__NO_NEW_CONFIRMATORY_INFERENCE
26,E2_ROLLING__DT-RAMDE_TS2_FULL__VS__NO_MEMORY_RESET_GATE,E2_ROLLING,FAILURE_RATE,RR-REJECTION/2,5,0,0,0,comparator_rate_minus_proposed_rate,PRE_R10_SUPPORTING_DESCRIPTIVE_RESULT_AWARE__NO_NEW_CONFIRMATORY_INFERENCE
26,E2_ROLLING__DT-RAMDE_TS2_FULL__VS__NO_MEMORY_RESET_GATE,E2_ROLLING,REJECT_SAFETY_FILTER,RR-REJECTION/2,5,0,0,0,comparator_rate_minus_proposed_rate,PRE_R10_SUPPORTING_DESCRIPTIVE_RESULT_AWARE__NO_NEW_CONFIRMATORY_INFERENCE
26,E2_ROLLING__DT-RAMDE_TS2_FULL__VS__NO_MEMORY_RESET_GATE,E2_ROLLING,REJECT_BUDGET_NO_FEASIBLE,RR-REJECTION/2,5,0,0,0,comparator_rate_minus_proposed_rate,PRE_R10_SUPPORTING_DESCRIPTIVE_RESULT_AWARE__NO_NEW_CONFIRMATORY_INFERENCE
26,E2_ROLLING__DT-RAMDE_TS2_FULL__VS__NO_MEMORY_RESET_GATE,E2_ROLLING,REJECT_NUMERICAL,RR-REJECTION/2,5,0,0,0,comparator_rate_minus_proposed_rate,PRE_R10_SUPPORTING_DESCRIPTIVE_RESULT_AWARE__NO_NEW_CONFIRMATORY_INFERENCE
26,E2_ROLLING__DT-RAMDE_TS2_FULL__VS__NO_MEMORY_RESET_GATE,E2_ROLLING,OTHER_NONACCEPTED,RR-REJECTION/2,5,0,0,0,comparator_rate_minus_proposed_rate,PRE_R10_SUPPORTING_DESCRIPTIVE_RESULT_AWARE__NO_NEW_CONFIRMATORY_INFERENCE
26,E2_ROLLING__DT-RAMDE_TS2_FULL__VS__NO_MEMORY_RESET_GATE,E2_ROLLING,FAILURE_RATE,RR-REJECTION/3,5,0.12999999999999998,0.12999999999999998,0.12999999999999998,comparator_rate_minus_proposed_rate,PRE_R10_SUPPORTING_DESCRIPTIVE_RESULT_AWARE__NO_NEW_CONFIRMATORY_INFERENCE
26,E2_ROLLING__DT-RAMDE_TS2_FULL__VS__NO_MEMORY_RESET_GATE,E2_ROLLING,REJECT_SAFETY_FILTER,RR-REJECTION/3,5,0.12999999999999998,0.12999999999999998,0.12999999999999998,comparator_rate_minus_proposed_rate,PRE_R10_SUPPORTING_DESCRIPTIVE_RESULT_AWARE__NO_NEW_CONFIRMATORY_INFERENCE
26,E2_ROLLING__DT-RAMDE_TS2_FULL__VS__NO_MEMORY_RESET_GATE,E2_ROLLING,REJECT_BUDGET_NO_FEASIBLE,RR-REJECTION/3,5,0,0,0,comparator_rate_minus_proposed_rate,PRE_R10_SUPPORTING_DESCRIPTIVE_RESULT_AWARE__NO_NEW_CONFIRMATORY_INFERENCE
26,E2_ROLLING__DT-RAMDE_TS2_FULL__VS__NO_MEMORY_RESET_GATE,E2_ROLLING,REJECT_NUMERICAL,RR-REJECTION/3,5,0,0,0,comparator_rate_minus_proposed_rate,PRE_R10_SUPPORTING_DESCRIPTIVE_RESULT_AWARE__NO_NEW_CONFIRMATORY_INFERENCE
26,E2_ROLLING__DT-RAMDE_TS2_FULL__VS__NO_MEMORY_RESET_GATE,E2_ROLLING,OTHER_NONACCEPTED,RR-REJECTION/3,5,0,0,0,comparator_rate_minus_proposed_rate,PRE_R10_SUPPORTING_DESCRIPTIVE_RESULT_AWARE__NO_NEW_CONFIRMATORY_INFERENCE
26,E2_ROLLING__DT-RAMDE_TS2_FULL__VS__NO_MEMORY_RESET_GATE,E2_ROLLING,FAILURE_RATE,RR-REJECTION/4,5,0.11,0.11,0.11,comparator_rate_minus_proposed_rate,PRE_R10_SUPPORTING_DESCRIPTIVE_RESULT_AWARE__NO_NEW_CONFIRMATORY_INFERENCE
26,E2_ROLLING__DT-RAMDE_TS2_FULL__VS__NO_MEMORY_RESET_GATE,E2_ROLLING,REJECT_SAFETY_FILTER,RR-REJECTION/4,5,0.11000000000000001,0.11000000000000001,0.11000000000000001,comparator_rate_minus_proposed_rate,PRE_R10_SUPPORTING_DESCRIPTIVE_RESULT_AWARE__NO_NEW_CONFIRMATORY_INFERENCE
26,E2_ROLLING__DT-RAMDE_TS2_FULL__VS__NO_MEMORY_RESET_GATE,E2_ROLLING,REJECT_BUDGET_NO_FEASIBLE,RR-REJECTION/4,5,0,0,0,comparator_rate_minus_proposed_rate,PRE_R10_SUPPORTING_DESCRIPTIVE_RESULT_AWARE__NO_NEW_CONFIRMATORY_INFERENCE
26,E2_ROLLING__DT-RAMDE_TS2_FULL__VS__NO_MEMORY_RESET_GATE,E2_ROLLING,REJECT_NUMERICAL,RR-REJECTION/4,5,0,0,0,comparator_rate_minus_proposed_rate,PRE_R10_SUPPORTING_DESCRIPTIVE_RESULT_AWARE__NO_NEW_CONFIRMATORY_INFERENCE
26,E2_ROLLING__DT-RAMDE_TS2_FULL__VS__NO_MEMORY_RESET_GATE,E2_ROLLING,OTHER_NONACCEPTED,RR-REJECTION/4,5,0,0,0,comparator_rate_minus_proposed_rate,PRE_R10_SUPPORTING_DESCRIPTIVE_RESULT_AWARE__NO_NEW_CONFIRMATORY_INFERENCE
26,E2_ROLLING__DT-RAMDE_TS2_FULL__VS__NO_MEMORY_RESET_GATE,E2_ROLLING,FAILURE_RATE,RR-REJECTION/5,5,0.079999999999999988,0.079999999999999988,0.079999999999999988,comparator_rate_minus_proposed_rate,PRE_R10_SUPPORTING_DESCRIPTIVE_RESULT_AWARE__NO_NEW_CONFIRMATORY_INFERENCE
26,E2_ROLLING__DT-RAMDE_TS2_FULL__VS__NO_MEMORY_RESET_GATE,E2_ROLLING,REJECT_SAFETY_FILTER,RR-REJECTION/5,5,0.079999999999999988,0.079999999999999988,0.079999999999999988,comparator_rate_minus_proposed_rate,PRE_R10_SUPPORTING_DESCRIPTIVE_RESULT_AWARE__NO_NEW_CONFIRMATORY_INFERENCE
26,E2_ROLLING__DT-RAMDE_TS2_FULL__VS__NO_MEMORY_RESET_GATE,E2_ROLLING,REJECT_BUDGET_NO_FEASIBLE,RR-REJECTION/5,5,0,0,0,comparator_rate_minus_proposed_rate,PRE_R10_SUPPORTING_DESCRIPTIVE_RESULT_AWARE__NO_NEW_CONFIRMATORY_INFERENCE
26,E2_ROLLING__DT-RAMDE_TS2_FULL__VS__NO_MEMORY_RESET_GATE,E2_ROLLING,REJECT_NUMERICAL,RR-REJECTION/5,5,0,0,0,comparator_rate_minus_proposed_rate,PRE_R10_SUPPORTING_DESCRIPTIVE_RESULT_AWARE__NO_NEW_CONFIRMATORY_INFERENCE
26,E2_ROLLING__DT-RAMDE_TS2_FULL__VS__NO_MEMORY_RESET_GATE,E2_ROLLING,OTHER_NONACCEPTED,RR-REJECTION/5,5,0,0,0,comparator_rate_minus_proposed_rate,PRE_R10_SUPPORTING_DESCRIPTIVE_RESULT_AWARE__NO_NEW_CONFIRMATORY_INFERENCE
26,E2_ROLLING__DT-RAMDE_TS2_FULL__VS__NO_MEMORY_RESET_GATE,E2_ROLLING,FAILURE_RATE,RR-REJECTION/6,5,0.059999999999999998,0.059999999999999998,0.059999999999999998,comparator_rate_minus_proposed_rate,PRE_R10_SUPPORTING_DESCRIPTIVE_RESULT_AWARE__NO_NEW_CONFIRMATORY_INFERENCE
26,E2_ROLLING__DT-RAMDE_TS2_FULL__VS__NO_MEMORY_RESET_GATE,E2_ROLLING,REJECT_SAFETY_FILTER,RR-REJECTION/6,5,0.060000000000000012,0.060000000000000012,0.060000000000000012,comparator_rate_minus_proposed_rate,PRE_R10_SUPPORTING_DESCRIPTIVE_RESULT_AWARE__NO_NEW_CONFIRMATORY_INFERENCE
26,E2_ROLLING__DT-RAMDE_TS2_FULL__VS__NO_MEMORY_RESET_GATE,E2_ROLLING,REJECT_BUDGET_NO_FEASIBLE,RR-REJECTION/6,5,0,0,0,comparator_rate_minus_proposed_rate,PRE_R10_SUPPORTING_DESCRIPTIVE_RESULT_AWARE__NO_NEW_CONFIRMATORY_INFERENCE
26,E2_ROLLING__DT-RAMDE_TS2_FULL__VS__NO_MEMORY_RESET_GATE,E2_ROLLING,REJECT_NUMERICAL,RR-REJECTION/6,5,0,0,0,comparator_rate_minus_proposed_rate,PRE_R10_SUPPORTING_DESCRIPTIVE_RESULT_AWARE__NO_NEW_CONFIRMATORY_INFERENCE
26,E2_ROLLING__DT-RAMDE_TS2_FULL__VS__NO_MEMORY_RESET_GATE,E2_ROLLING,OTHER_NONACCEPTED,RR-REJECTION/6,5,0,0,0,comparator_rate_minus_proposed_rate,PRE_R10_SUPPORTING_DESCRIPTIVE_RESULT_AWARE__NO_NEW_CONFIRMATORY_INFERENCE
26,E2_ROLLING__DT-RAMDE_TS2_FULL__VS__NO_MEMORY_RESET_GATE,E2_ROLLING,FAILURE_RATE,RR-REJECTION/7,5,0.059999999999999998,0.059999999999999998,0.059999999999999998,comparator_rate_minus_proposed_rate,PRE_R10_SUPPORTING_DESCRIPTIVE_RESULT_AWARE__NO_NEW_CONFIRMATORY_INFERENCE
26,E2_ROLLING__DT-RAMDE_TS2_FULL__VS__NO_MEMORY_RESET_GATE,E2_ROLLING,REJECT_SAFETY_FILTER,RR-REJECTION/7,5,0.060000000000000012,0.060000000000000012,0.060000000000000012,comparator_rate_minus_proposed_rate,PRE_R10_SUPPORTING_DESCRIPTIVE_RESULT_AWARE__NO_NEW_CONFIRMATORY_INFERENCE
26,E2_ROLLING__DT-RAMDE_TS2_FULL__VS__NO_MEMORY_RESET_GATE,E2_ROLLING,REJECT_BUDGET_NO_FEASIBLE,RR-REJECTION/7,5,0,0,0,comparator_rate_minus_proposed_rate,PRE_R10_SUPPORTING_DESCRIPTIVE_RESULT_AWARE__NO_NEW_CONFIRMATORY_INFERENCE
26,E2_ROLLING__DT-RAMDE_TS2_FULL__VS__NO_MEMORY_RESET_GATE,E2_ROLLING,REJECT_NUMERICAL,RR-REJECTION/7,5,0,0,0,comparator_rate_minus_proposed_rate,PRE_R10_SUPPORTING_DESCRIPTIVE_RESULT_AWARE__NO_NEW_CONFIRMATORY_INFERENCE
26,E2_ROLLING__DT-RAMDE_TS2_FULL__VS__NO_MEMORY_RESET_GATE,E2_ROLLING,OTHER_NONACCEPTED,RR-REJECTION/7,5,0,0,0,comparator_rate_minus_proposed_rate,PRE_R10_SUPPORTING_DESCRIPTIVE_RESULT_AWARE__NO_NEW_CONFIRMATORY_INFERENCE
26,E2_ROLLING__DT-RAMDE_TS2_FULL__VS__NO_MEMORY_RESET_GATE,E2_ROLLING,FAILURE_RATE,RR-SHOCK/0,5,0,0,0,comparator_rate_minus_proposed_rate,PRE_R10_SUPPORTING_DESCRIPTIVE_RESULT_AWARE__NO_NEW_CONFIRMATORY_INFERENCE
26,E2_ROLLING__DT-RAMDE_TS2_FULL__VS__NO_MEMORY_RESET_GATE,E2_ROLLING,REJECT_SAFETY_FILTER,RR-SHOCK/0,5,0,0,0,comparator_rate_minus_proposed_rate,PRE_R10_SUPPORTING_DESCRIPTIVE_RESULT_AWARE__NO_NEW_CONFIRMATORY_INFERENCE
26,E2_ROLLING__DT-RAMDE_TS2_FULL__VS__NO_MEMORY_RESET_GATE,E2_ROLLING,REJECT_BUDGET_NO_FEASIBLE,RR-SHOCK/0,5,0,0,0,comparator_rate_minus_proposed_rate,PRE_R10_SUPPORTING_DESCRIPTIVE_RESULT_AWARE__NO_NEW_CONFIRMATORY_INFERENCE
26,E2_ROLLING__DT-RAMDE_TS2_FULL__VS__NO_MEMORY_RESET_GATE,E2_ROLLING,REJECT_NUMERICAL,RR-SHOCK/0,5,0,0,0,comparator_rate_minus_proposed_rate,PRE_R10_SUPPORTING_DESCRIPTIVE_RESULT_AWARE__NO_NEW_CONFIRMATORY_INFERENCE
26,E2_ROLLING__DT-RAMDE_TS2_FULL__VS__NO_MEMORY_RESET_GATE,E2_ROLLING,OTHER_NONACCEPTED,RR-SHOCK/0,5,0,0,0,comparator_rate_minus_proposed_rate,PRE_R10_SUPPORTING_DESCRIPTIVE_RESULT_AWARE__NO_NEW_CONFIRMATORY_INFERENCE
26,E2_ROLLING__DT-RAMDE_TS2_FULL__VS__NO_MEMORY_RESET_GATE,E2_ROLLING,FAILURE_RATE,RR-SHOCK/1,5,0,0,0,comparator_rate_minus_proposed_rate,PRE_R10_SUPPORTING_DESCRIPTIVE_RESULT_AWARE__NO_NEW_CONFIRMATORY_INFERENCE
26,E2_ROLLING__DT-RAMDE_TS2_FULL__VS__NO_MEMORY_RESET_GATE,E2_ROLLING,REJECT_SAFETY_FILTER,RR-SHOCK/1,5,0,0,0,comparator_rate_minus_proposed_rate,PRE_R10_SUPPORTING_DESCRIPTIVE_RESULT_AWARE__NO_NEW_CONFIRMATORY_INFERENCE
26,E2_ROLLING__DT-RAMDE_TS2_FULL__VS__NO_MEMORY_RESET_GATE,E2_ROLLING,REJECT_BUDGET_NO_FEASIBLE,RR-SHOCK/1,5,0,0,0,comparator_rate_minus_proposed_rate,PRE_R10_SUPPORTING_DESCRIPTIVE_RESULT_AWARE__NO_NEW_CONFIRMATORY_INFERENCE
26,E2_ROLLING__DT-RAMDE_TS2_FULL__VS__NO_MEMORY_RESET_GATE,E2_ROLLING,REJECT_NUMERICAL,RR-SHOCK/1,5,0,0,0,comparator_rate_minus_proposed_rate,PRE_R10_SUPPORTING_DESCRIPTIVE_RESULT_AWARE__NO_NEW_CONFIRMATORY_INFERENCE
26,E2_ROLLING__DT-RAMDE_TS2_FULL__VS__NO_MEMORY_RESET_GATE,E2_ROLLING,OTHER_NONACCEPTED,RR-SHOCK/1,5,0,0,0,comparator_rate_minus_proposed_rate,PRE_R10_SUPPORTING_DESCRIPTIVE_RESULT_AWARE__NO_NEW_CONFIRMATORY_INFERENCE
26,E2_ROLLING__DT-RAMDE_TS2_FULL__VS__NO_MEMORY_RESET_GATE,E2_ROLLING,FAILURE_RATE,RR-SHOCK/2,5,0.10000000000000002,0.10000000000000002,0.10000000000000002,comparator_rate_minus_proposed_rate,PRE_R10_SUPPORTING_DESCRIPTIVE_RESULT_AWARE__NO_NEW_CONFIRMATORY_INFERENCE
26,E2_ROLLING__DT-RAMDE_TS2_FULL__VS__NO_MEMORY_RESET_GATE,E2_ROLLING,REJECT_SAFETY_FILTER,RR-SHOCK/2,5,0.10000000000000001,0.10000000000000001,0.10000000000000001,comparator_rate_minus_proposed_rate,PRE_R10_SUPPORTING_DESCRIPTIVE_RESULT_AWARE__NO_NEW_CONFIRMATORY_INFERENCE
26,E2_ROLLING__DT-RAMDE_TS2_FULL__VS__NO_MEMORY_RESET_GATE,E2_ROLLING,REJECT_BUDGET_NO_FEASIBLE,RR-SHOCK/2,5,0,0,0,comparator_rate_minus_proposed_rate,PRE_R10_SUPPORTING_DESCRIPTIVE_RESULT_AWARE__NO_NEW_CONFIRMATORY_INFERENCE
26,E2_ROLLING__DT-RAMDE_TS2_FULL__VS__NO_MEMORY_RESET_GATE,E2_ROLLING,REJECT_NUMERICAL,RR-SHOCK/2,5,0,0,0,comparator_rate_minus_proposed_rate,PRE_R10_SUPPORTING_DESCRIPTIVE_RESULT_AWARE__NO_NEW_CONFIRMATORY_INFERENCE
26,E2_ROLLING__DT-RAMDE_TS2_FULL__VS__NO_MEMORY_RESET_GATE,E2_ROLLING,OTHER_NONACCEPTED,RR-SHOCK/2,5,0,0,0,comparator_rate_minus_proposed_rate,PRE_R10_SUPPORTING_DESCRIPTIVE_RESULT_AWARE__NO_NEW_CONFIRMATORY_INFERENCE
26,E2_ROLLING__DT-RAMDE_TS2_FULL__VS__NO_MEMORY_RESET_GATE,E2_ROLLING,FAILURE_RATE,RR-SHOCK/3,5,0.12999999999999989,0.12999999999999989,0.12999999999999989,comparator_rate_minus_proposed_rate,PRE_R10_SUPPORTING_DESCRIPTIVE_RESULT_AWARE__NO_NEW_CONFIRMATORY_INFERENCE
26,E2_ROLLING__DT-RAMDE_TS2_FULL__VS__NO_MEMORY_RESET_GATE,E2_ROLLING,REJECT_SAFETY_FILTER,RR-SHOCK/3,5,0.13,0.13,0.13,comparator_rate_minus_proposed_rate,PRE_R10_SUPPORTING_DESCRIPTIVE_RESULT_AWARE__NO_NEW_CONFIRMATORY_INFERENCE
26,E2_ROLLING__DT-RAMDE_TS2_FULL__VS__NO_MEMORY_RESET_GATE,E2_ROLLING,REJECT_BUDGET_NO_FEASIBLE,RR-SHOCK/3,5,0,0,0,comparator_rate_minus_proposed_rate,PRE_R10_SUPPORTING_DESCRIPTIVE_RESULT_AWARE__NO_NEW_CONFIRMATORY_INFERENCE
26,E2_ROLLING__DT-RAMDE_TS2_FULL__VS__NO_MEMORY_RESET_GATE,E2_ROLLING,REJECT_NUMERICAL,RR-SHOCK/3,5,0,0,0,comparator_rate_minus_proposed_rate,PRE_R10_SUPPORTING_DESCRIPTIVE_RESULT_AWARE__NO_NEW_CONFIRMATORY_INFERENCE
26,E2_ROLLING__DT-RAMDE_TS2_FULL__VS__NO_MEMORY_RESET_GATE,E2_ROLLING,OTHER_NONACCEPTED,RR-SHOCK/3,5,-4.4408920985006264e-17,-4.4408920985006264e-17,-4.4408920985006264e-17,comparator_rate_minus_proposed_rate,PRE_R10_SUPPORTING_DESCRIPTIVE_RESULT_AWARE__NO_NEW_CONFIRMATORY_INFERENCE
26,E2_ROLLING__DT-RAMDE_TS2_FULL__VS__NO_MEMORY_RESET_GATE,E2_ROLLING,FAILURE_RATE,RR-SHOCK/4,5,-0.029999999999999985,-0.029999999999999985,-0.029999999999999985,comparator_rate_minus_proposed_rate,PRE_R10_SUPPORTING_DESCRIPTIVE_RESULT_AWARE__NO_NEW_CONFIRMATORY_INFERENCE
26,E2_ROLLING__DT-RAMDE_TS2_FULL__VS__NO_MEMORY_RESET_GATE,E2_ROLLING,REJECT_SAFETY_FILTER,RR-SHOCK/4,5,-0.029999999999999992,-0.029999999999999992,-0.029999999999999992,comparator_rate_minus_proposed_rate,PRE_R10_SUPPORTING_DESCRIPTIVE_RESULT_AWARE__NO_NEW_CONFIRMATORY_INFERENCE
26,E2_ROLLING__DT-RAMDE_TS2_FULL__VS__NO_MEMORY_RESET_GATE,E2_ROLLING,REJECT_BUDGET_NO_FEASIBLE,RR-SHOCK/4,5,0,0,0,comparator_rate_minus_proposed_rate,PRE_R10_SUPPORTING_DESCRIPTIVE_RESULT_AWARE__NO_NEW_CONFIRMATORY_INFERENCE
26,E2_ROLLING__DT-RAMDE_TS2_FULL__VS__NO_MEMORY_RESET_GATE,E2_ROLLING,REJECT_NUMERICAL,RR-SHOCK/4,5,0,0,0,comparator_rate_minus_proposed_rate,PRE_R10_SUPPORTING_DESCRIPTIVE_RESULT_AWARE__NO_NEW_CONFIRMATORY_INFERENCE
26,E2_ROLLING__DT-RAMDE_TS2_FULL__VS__NO_MEMORY_RESET_GATE,E2_ROLLING,OTHER_NONACCEPTED,RR-SHOCK/4,5,0,0,0,comparator_rate_minus_proposed_rate,PRE_R10_SUPPORTING_DESCRIPTIVE_RESULT_AWARE__NO_NEW_CONFIRMATORY_INFERENCE
26,E2_ROLLING__DT-RAMDE_TS2_FULL__VS__NO_MEMORY_RESET_GATE,E2_ROLLING,FAILURE_RATE,RR-SHOCK/5,5,0.060000000000000053,0.060000000000000053,0.060000000000000053,comparator_rate_minus_proposed_rate,PRE_R10_SUPPORTING_DESCRIPTIVE_RESULT_AWARE__NO_NEW_CONFIRMATORY_INFERENCE
26,E2_ROLLING__DT-RAMDE_TS2_FULL__VS__NO_MEMORY_RESET_GATE,E2_ROLLING,REJECT_SAFETY_FILTER,RR-SHOCK/5,5,0.060000000000000012,0.060000000000000012,0.060000000000000012,comparator_rate_minus_proposed_rate,PRE_R10_SUPPORTING_DESCRIPTIVE_RESULT_AWARE__NO_NEW_CONFIRMATORY_INFERENCE
26,E2_ROLLING__DT-RAMDE_TS2_FULL__VS__NO_MEMORY_RESET_GATE,E2_ROLLING,REJECT_BUDGET_NO_FEASIBLE,RR-SHOCK/5,5,0,0,0,comparator_rate_minus_proposed_rate,PRE_R10_SUPPORTING_DESCRIPTIVE_RESULT_AWARE__NO_NEW_CONFIRMATORY_INFERENCE
26,E2_ROLLING__DT-RAMDE_TS2_FULL__VS__NO_MEMORY_RESET_GATE,E2_ROLLING,REJECT_NUMERICAL,RR-SHOCK/5,5,0,0,0,comparator_rate_minus_proposed_rate,PRE_R10_SUPPORTING_DESCRIPTIVE_RESULT_AWARE__NO_NEW_CONFIRMATORY_INFERENCE
26,E2_ROLLING__DT-RAMDE_TS2_FULL__VS__NO_MEMORY_RESET_GATE,E2_ROLLING,OTHER_NONACCEPTED,RR-SHOCK/5,5,1.1102230246251566e-17,1.1102230246251566e-17,1.1102230246251566e-17,comparator_rate_minus_proposed_rate,PRE_R10_SUPPORTING_DESCRIPTIVE_RESULT_AWARE__NO_NEW_CONFIRMATORY_INFERENCE
26,E2_ROLLING__DT-RAMDE_TS2_FULL__VS__NO_MEMORY_RESET_GATE,E2_ROLLING,FAILURE_RATE,RR-SHOCK/6,5,0.41000000000000009,0.41000000000000009,0.41000000000000009,comparator_rate_minus_proposed_rate,PRE_R10_SUPPORTING_DESCRIPTIVE_RESULT_AWARE__NO_NEW_CONFIRMATORY_INFERENCE
26,E2_ROLLING__DT-RAMDE_TS2_FULL__VS__NO_MEMORY_RESET_GATE,E2_ROLLING,REJECT_SAFETY_FILTER,RR-SHOCK/6,5,0.26000000000000001,0.26000000000000001,0.26000000000000001,comparator_rate_minus_proposed_rate,PRE_R10_SUPPORTING_DESCRIPTIVE_RESULT_AWARE__NO_NEW_CONFIRMATORY_INFERENCE
26,E2_ROLLING__DT-RAMDE_TS2_FULL__VS__NO_MEMORY_RESET_GATE,E2_ROLLING,REJECT_BUDGET_NO_FEASIBLE,RR-SHOCK/6,5,0.14999999999999999,0.14999999999999999,0.14999999999999999,comparator_rate_minus_proposed_rate,PRE_R10_SUPPORTING_DESCRIPTIVE_RESULT_AWARE__NO_NEW_CONFIRMATORY_INFERENCE
26,E2_ROLLING__DT-RAMDE_TS2_FULL__VS__NO_MEMORY_RESET_GATE,E2_ROLLING,REJECT_NUMERICAL,RR-SHOCK/6,5,0,0,0,comparator_rate_minus_proposed_rate,PRE_R10_SUPPORTING_DESCRIPTIVE_RESULT_AWARE__NO_NEW_CONFIRMATORY_INFERENCE
26,E2_ROLLING__DT-RAMDE_TS2_FULL__VS__NO_MEMORY_RESET_GATE,E2_ROLLING,OTHER_NONACCEPTED,RR-SHOCK/6,5,0,0,0,comparator_rate_minus_proposed_rate,PRE_R10_SUPPORTING_DESCRIPTIVE_RESULT_AWARE__NO_NEW_CONFIRMATORY_INFERENCE
26,E2_ROLLING__DT-RAMDE_TS2_FULL__VS__NO_MEMORY_RESET_GATE,E2_ROLLING,FAILURE_RATE,RR-SHOCK/7,5,0,0,0,comparator_rate_minus_proposed_rate,PRE_R10_SUPPORTING_DESCRIPTIVE_RESULT_AWARE__NO_NEW_CONFIRMATORY_INFERENCE
26,E2_ROLLING__DT-RAMDE_TS2_FULL__VS__NO_MEMORY_RESET_GATE,E2_ROLLING,REJECT_SAFETY_FILTER,RR-SHOCK/7,5,0,0,0,comparator_rate_minus_proposed_rate,PRE_R10_SUPPORTING_DESCRIPTIVE_RESULT_AWARE__NO_NEW_CONFIRMATORY_INFERENCE
26,E2_ROLLING__DT-RAMDE_TS2_FULL__VS__NO_MEMORY_RESET_GATE,E2_ROLLING,REJECT_BUDGET_NO_FEASIBLE,RR-SHOCK/7,5,0,0,0,comparator_rate_minus_proposed_rate,PRE_R10_SUPPORTING_DESCRIPTIVE_RESULT_AWARE__NO_NEW_CONFIRMATORY_INFERENCE
26,E2_ROLLING__DT-RAMDE_TS2_FULL__VS__NO_MEMORY_RESET_GATE,E2_ROLLING,REJECT_NUMERICAL,RR-SHOCK/7,5,0,0,0,comparator_rate_minus_proposed_rate,PRE_R10_SUPPORTING_DESCRIPTIVE_RESULT_AWARE__NO_NEW_CONFIRMATORY_INFERENCE
26,E2_ROLLING__DT-RAMDE_TS2_FULL__VS__NO_MEMORY_RESET_GATE,E2_ROLLING,OTHER_NONACCEPTED,RR-SHOCK/7,5,0,0,0,comparator_rate_minus_proposed_rate,PRE_R10_SUPPORTING_DESCRIPTIVE_RESULT_AWARE__NO_NEW_CONFIRMATORY_INFERENCE
26,E2_ROLLING__DT-RAMDE_TS2_FULL__VS__NO_MEMORY_RESET_GATE,E2_ROLLING,FAILURE_RATE,RR-SMOOTH/0,5,0.059999999999999998,0.059999999999999998,0.059999999999999998,comparator_rate_minus_proposed_rate,PRE_R10_SUPPORTING_DESCRIPTIVE_RESULT_AWARE__NO_NEW_CONFIRMATORY_INFERENCE
26,E2_ROLLING__DT-RAMDE_TS2_FULL__VS__NO_MEMORY_RESET_GATE,E2_ROLLING,REJECT_SAFETY_FILTER,RR-SMOOTH/0,5,0.050000000000000003,0.050000000000000003,0.050000000000000003,comparator_rate_minus_proposed_rate,PRE_R10_SUPPORTING_DESCRIPTIVE_RESULT_AWARE__NO_NEW_CONFIRMATORY_INFERENCE
26,E2_ROLLING__DT-RAMDE_TS2_FULL__VS__NO_MEMORY_RESET_GATE,E2_ROLLING,REJECT_BUDGET_NO_FEASIBLE,RR-SMOOTH/0,5,0.01,0.01,0.01,comparator_rate_minus_proposed_rate,PRE_R10_SUPPORTING_DESCRIPTIVE_RESULT_AWARE__NO_NEW_CONFIRMATORY_INFERENCE
26,E2_ROLLING__DT-RAMDE_TS2_FULL__VS__NO_MEMORY_RESET_GATE,E2_ROLLING,REJECT_NUMERICAL,RR-SMOOTH/0,5,0,0,0,comparator_rate_minus_proposed_rate,PRE_R10_SUPPORTING_DESCRIPTIVE_RESULT_AWARE__NO_NEW_CONFIRMATORY_INFERENCE
26,E2_ROLLING__DT-RAMDE_TS2_FULL__VS__NO_MEMORY_RESET_GATE,E2_ROLLING,OTHER_NONACCEPTED,RR-SMOOTH/0,5,0,0,0,comparator_rate_minus_proposed_rate,PRE_R10_SUPPORTING_DESCRIPTIVE_RESULT_AWARE__NO_NEW_CONFIRMATORY_INFERENCE
26,E2_ROLLING__DT-RAMDE_TS2_FULL__VS__NO_MEMORY_RESET_GATE,E2_ROLLING,FAILURE_RATE,RR-SMOOTH/1,5,0.060000000000000053,0.060000000000000053,0.060000000000000053,comparator_rate_minus_proposed_rate,PRE_R10_SUPPORTING_DESCRIPTIVE_RESULT_AWARE__NO_NEW_CONFIRMATORY_INFERENCE
26,E2_ROLLING__DT-RAMDE_TS2_FULL__VS__NO_MEMORY_RESET_GATE,E2_ROLLING,REJECT_SAFETY_FILTER,RR-SMOOTH/1,5,0.050000000000000031,0.050000000000000031,0.050000000000000031,comparator_rate_minus_proposed_rate,PRE_R10_SUPPORTING_DESCRIPTIVE_RESULT_AWARE__NO_NEW_CONFIRMATORY_INFERENCE
26,E2_ROLLING__DT-RAMDE_TS2_FULL__VS__NO_MEMORY_RESET_GATE,E2_ROLLING,REJECT_BUDGET_NO_FEASIBLE,RR-SMOOTH/1,5,0.0099999999999999985,0.0099999999999999985,0.0099999999999999985,comparator_rate_minus_proposed_rate,PRE_R10_SUPPORTING_DESCRIPTIVE_RESULT_AWARE__NO_NEW_CONFIRMATORY_INFERENCE
26,E2_ROLLING__DT-RAMDE_TS2_FULL__VS__NO_MEMORY_RESET_GATE,E2_ROLLING,REJECT_NUMERICAL,RR-SMOOTH/1,5,0,0,0,comparator_rate_minus_proposed_rate,PRE_R10_SUPPORTING_DESCRIPTIVE_RESULT_AWARE__NO_NEW_CONFIRMATORY_INFERENCE
26,E2_ROLLING__DT-RAMDE_TS2_FULL__VS__NO_MEMORY_RESET_GATE,E2_ROLLING,OTHER_NONACCEPTED,RR-SMOOTH/1,5,0,0,0,comparator_rate_minus_proposed_rate,PRE_R10_SUPPORTING_DESCRIPTIVE_RESULT_AWARE__NO_NEW_CONFIRMATORY_INFERENCE
26,E2_ROLLING__DT-RAMDE_TS2_FULL__VS__NO_MEMORY_RESET_GATE,E2_ROLLING,FAILURE_RATE,RR-SMOOTH/2,5,0.01,0.01,0.01,comparator_rate_minus_proposed_rate,PRE_R10_SUPPORTING_DESCRIPTIVE_RESULT_AWARE__NO_NEW_CONFIRMATORY_INFERENCE
26,E2_ROLLING__DT-RAMDE_TS2_FULL__VS__NO_MEMORY_RESET_GATE,E2_ROLLING,REJECT_SAFETY_FILTER,RR-SMOOTH/2,5,0.01,0.01,0.01,comparator_rate_minus_proposed_rate,PRE_R10_SUPPORTING_DESCRIPTIVE_RESULT_AWARE__NO_NEW_CONFIRMATORY_INFERENCE
26,E2_ROLLING__DT-RAMDE_TS2_FULL__VS__NO_MEMORY_RESET_GATE,E2_ROLLING,REJECT_BUDGET_NO_FEASIBLE,RR-SMOOTH/2,5,0,0,0,comparator_rate_minus_proposed_rate,PRE_R10_SUPPORTING_DESCRIPTIVE_RESULT_AWARE__NO_NEW_CONFIRMATORY_INFERENCE
26,E2_ROLLING__DT-RAMDE_TS2_FULL__VS__NO_MEMORY_RESET_GATE,E2_ROLLING,REJECT_NUMERICAL,RR-SMOOTH/2,5,0,0,0,comparator_rate_minus_proposed_rate,PRE_R10_SUPPORTING_DESCRIPTIVE_RESULT_AWARE__NO_NEW_CONFIRMATORY_INFERENCE
26,E2_ROLLING__DT-RAMDE_TS2_FULL__VS__NO_MEMORY_RESET_GATE,E2_ROLLING,OTHER_NONACCEPTED,RR-SMOOTH/2,5,0,0,0,comparator_rate_minus_proposed_rate,PRE_R10_SUPPORTING_DESCRIPTIVE_RESULT_AWARE__NO_NEW_CONFIRMATORY_INFERENCE
26,E2_ROLLING__DT-RAMDE_TS2_FULL__VS__NO_MEMORY_RESET_GATE,E2_ROLLING,FAILURE_RATE,RR-SMOOTH/3,5,0.049999999999999996,0.049999999999999996,0.049999999999999996,comparator_rate_minus_proposed_rate,PRE_R10_SUPPORTING_DESCRIPTIVE_RESULT_AWARE__NO_NEW_CONFIRMATORY_INFERENCE
26,E2_ROLLING__DT-RAMDE_TS2_FULL__VS__NO_MEMORY_RESET_GATE,E2_ROLLING,REJECT_SAFETY_FILTER,RR-SMOOTH/3,5,0.050000000000000003,0.050000000000000003,0.050000000000000003,comparator_rate_minus_proposed_rate,PRE_R10_SUPPORTING_DESCRIPTIVE_RESULT_AWARE__NO_NEW_CONFIRMATORY_INFERENCE
26,E2_ROLLING__DT-RAMDE_TS2_FULL__VS__NO_MEMORY_RESET_GATE,E2_ROLLING,REJECT_BUDGET_NO_FEASIBLE,RR-SMOOTH/3,5,0,0,0,comparator_rate_minus_proposed_rate,PRE_R10_SUPPORTING_DESCRIPTIVE_RESULT_AWARE__NO_NEW_CONFIRMATORY_INFERENCE
26,E2_ROLLING__DT-RAMDE_TS2_FULL__VS__NO_MEMORY_RESET_GATE,E2_ROLLING,REJECT_NUMERICAL,RR-SMOOTH/3,5,0,0,0,comparator_rate_minus_proposed_rate,PRE_R10_SUPPORTING_DESCRIPTIVE_RESULT_AWARE__NO_NEW_CONFIRMATORY_INFERENCE
26,E2_ROLLING__DT-RAMDE_TS2_FULL__VS__NO_MEMORY_RESET_GATE,E2_ROLLING,OTHER_NONACCEPTED,RR-SMOOTH/3,5,0,0,0,comparator_rate_minus_proposed_rate,PRE_R10_SUPPORTING_DESCRIPTIVE_RESULT_AWARE__NO_NEW_CONFIRMATORY_INFERENCE
26,E2_ROLLING__DT-RAMDE_TS2_FULL__VS__NO_MEMORY_RESET_GATE,E2_ROLLING,FAILURE_RATE,RR-SMOOTH/4,5,0.070000000000000062,0.070000000000000062,0.070000000000000062,comparator_rate_minus_proposed_rate,PRE_R10_SUPPORTING_DESCRIPTIVE_RESULT_AWARE__NO_NEW_CONFIRMATORY_INFERENCE
26,E2_ROLLING__DT-RAMDE_TS2_FULL__VS__NO_MEMORY_RESET_GATE,E2_ROLLING,REJECT_SAFETY_FILTER,RR-SMOOTH/4,5,0.039999999999999994,0.039999999999999994,0.039999999999999994,comparator_rate_minus_proposed_rate,PRE_R10_SUPPORTING_DESCRIPTIVE_RESULT_AWARE__NO_NEW_CONFIRMATORY_INFERENCE
26,E2_ROLLING__DT-RAMDE_TS2_FULL__VS__NO_MEMORY_RESET_GATE,E2_ROLLING,REJECT_BUDGET_NO_FEASIBLE,RR-SMOOTH/4,5,0.029999999999999982,0.029999999999999982,0.029999999999999982,comparator_rate_minus_proposed_rate,PRE_R10_SUPPORTING_DESCRIPTIVE_RESULT_AWARE__NO_NEW_CONFIRMATORY_INFERENCE
26,E2_ROLLING__DT-RAMDE_TS2_FULL__VS__NO_MEMORY_RESET_GATE,E2_ROLLING,REJECT_NUMERICAL,RR-SMOOTH/4,5,0,0,0,comparator_rate_minus_proposed_rate,PRE_R10_SUPPORTING_DESCRIPTIVE_RESULT_AWARE__NO_NEW_CONFIRMATORY_INFERENCE
26,E2_ROLLING__DT-RAMDE_TS2_FULL__VS__NO_MEMORY_RESET_GATE,E2_ROLLING,OTHER_NONACCEPTED,RR-SMOOTH/4,5,8.8817841970012528e-17,8.8817841970012528e-17,8.8817841970012528e-17,comparator_rate_minus_proposed_rate,PRE_R10_SUPPORTING_DESCRIPTIVE_RESULT_AWARE__NO_NEW_CONFIRMATORY_INFERENCE
26,E2_ROLLING__DT-RAMDE_TS2_FULL__VS__NO_MEMORY_RESET_GATE,E2_ROLLING,FAILURE_RATE,RR-SMOOTH/5,5,0.13,0.13,0.13,comparator_rate_minus_proposed_rate,PRE_R10_SUPPORTING_DESCRIPTIVE_RESULT_AWARE__NO_NEW_CONFIRMATORY_INFERENCE
26,E2_ROLLING__DT-RAMDE_TS2_FULL__VS__NO_MEMORY_RESET_GATE,E2_ROLLING,REJECT_SAFETY_FILTER,RR-SMOOTH/5,5,0.13,0.13,0.13,comparator_rate_minus_proposed_rate,PRE_R10_SUPPORTING_DESCRIPTIVE_RESULT_AWARE__NO_NEW_CONFIRMATORY_INFERENCE
26,E2_ROLLING__DT-RAMDE_TS2_FULL__VS__NO_MEMORY_RESET_GATE,E2_ROLLING,REJECT_BUDGET_NO_FEASIBLE,RR-SMOOTH/5,5,0,0,0,comparator_rate_minus_proposed_rate,PRE_R10_SUPPORTING_DESCRIPTIVE_RESULT_AWARE__NO_NEW_CONFIRMATORY_INFERENCE
26,E2_ROLLING__DT-RAMDE_TS2_FULL__VS__NO_MEMORY_RESET_GATE,E2_ROLLING,REJECT_NUMERICAL,RR-SMOOTH/5,5,0,0,0,comparator_rate_minus_proposed_rate,PRE_R10_SUPPORTING_DESCRIPTIVE_RESULT_AWARE__NO_NEW_CONFIRMATORY_INFERENCE
26,E2_ROLLING__DT-RAMDE_TS2_FULL__VS__NO_MEMORY_RESET_GATE,E2_ROLLING,OTHER_NONACCEPTED,RR-SMOOTH/5,5,0,0,0,comparator_rate_minus_proposed_rate,PRE_R10_SUPPORTING_DESCRIPTIVE_RESULT_AWARE__NO_NEW_CONFIRMATORY_INFERENCE
26,E2_ROLLING__DT-RAMDE_TS2_FULL__VS__NO_MEMORY_RESET_GATE,E2_ROLLING,FAILURE_RATE,RR-SMOOTH/6,5,0.18999999999999995,0.18999999999999995,0.18999999999999995,comparator_rate_minus_proposed_rate,PRE_R10_SUPPORTING_DESCRIPTIVE_RESULT_AWARE__NO_NEW_CONFIRMATORY_INFERENCE
26,E2_ROLLING__DT-RAMDE_TS2_FULL__VS__NO_MEMORY_RESET_GATE,E2_ROLLING,REJECT_SAFETY_FILTER,RR-SMOOTH/6,5,0.21000000000000002,0.21000000000000002,0.21000000000000002,comparator_rate_minus_proposed_rate,PRE_R10_SUPPORTING_DESCRIPTIVE_RESULT_AWARE__NO_NEW_CONFIRMATORY_INFERENCE
26,E2_ROLLING__DT-RAMDE_TS2_FULL__VS__NO_MEMORY_RESET_GATE,E2_ROLLING,REJECT_BUDGET_NO_FEASIBLE,RR-SMOOTH/6,5,-0.02,-0.02,-0.02,comparator_rate_minus_proposed_rate,PRE_R10_SUPPORTING_DESCRIPTIVE_RESULT_AWARE__NO_NEW_CONFIRMATORY_INFERENCE
26,E2_ROLLING__DT-RAMDE_TS2_FULL__VS__NO_MEMORY_RESET_GATE,E2_ROLLING,REJECT_NUMERICAL,RR-SMOOTH/6,5,0,0,0,comparator_rate_minus_proposed_rate,PRE_R10_SUPPORTING_DESCRIPTIVE_RESULT_AWARE__NO_NEW_CONFIRMATORY_INFERENCE
26,E2_ROLLING__DT-RAMDE_TS2_FULL__VS__NO_MEMORY_RESET_GATE,E2_ROLLING,OTHER_NONACCEPTED,RR-SMOOTH/6,5,0,0,0,comparator_rate_minus_proposed_rate,PRE_R10_SUPPORTING_DESCRIPTIVE_RESULT_AWARE__NO_NEW_CONFIRMATORY_INFERENCE
26,E2_ROLLING__DT-RAMDE_TS2_FULL__VS__NO_MEMORY_RESET_GATE,E2_ROLLING,FAILURE_RATE,RR-SMOOTH/7,5,0.049999999999999989,0.049999999999999989,0.049999999999999989,comparator_rate_minus_proposed_rate,PRE_R10_SUPPORTING_DESCRIPTIVE_RESULT_AWARE__NO_NEW_CONFIRMATORY_INFERENCE
26,E2_ROLLING__DT-RAMDE_TS2_FULL__VS__NO_MEMORY_RESET_GATE,E2_ROLLING,REJECT_SAFETY_FILTER,RR-SMOOTH/7,5,0.050000000000000003,0.050000000000000003,0.050000000000000003,comparator_rate_minus_proposed_rate,PRE_R10_SUPPORTING_DESCRIPTIVE_RESULT_AWARE__NO_NEW_CONFIRMATORY_INFERENCE
26,E2_ROLLING__DT-RAMDE_TS2_FULL__VS__NO_MEMORY_RESET_GATE,E2_ROLLING,REJECT_BUDGET_NO_FEASIBLE,RR-SMOOTH/7,5,0,0,0,comparator_rate_minus_proposed_rate,PRE_R10_SUPPORTING_DESCRIPTIVE_RESULT_AWARE__NO_NEW_CONFIRMATORY_INFERENCE
26,E2_ROLLING__DT-RAMDE_TS2_FULL__VS__NO_MEMORY_RESET_GATE,E2_ROLLING,REJECT_NUMERICAL,RR-SMOOTH/7,5,0,0,0,comparator_rate_minus_proposed_rate,PRE_R10_SUPPORTING_DESCRIPTIVE_RESULT_AWARE__NO_NEW_CONFIRMATORY_INFERENCE
26,E2_ROLLING__DT-RAMDE_TS2_FULL__VS__NO_MEMORY_RESET_GATE,E2_ROLLING,OTHER_NONACCEPTED,RR-SMOOTH/7,5,0,0,0,comparator_rate_minus_proposed_rate,PRE_R10_SUPPORTING_DESCRIPTIVE_RESULT_AWARE__NO_NEW_CONFIRMATORY_INFERENCE
27,E2_ROLLING__DT-RAMDE_TS2_FULL__VS__NO_LINEAGE_CREDIT,E2_ROLLING,FAILURE_RATE,RR-INTERMITTENT/0,5,-0.029999999999999971,-0.029999999999999971,-0.029999999999999971,comparator_rate_minus_proposed_rate,PRE_R10_SUPPORTING_DESCRIPTIVE_RESULT_AWARE__NO_NEW_CONFIRMATORY_INFERENCE
27,E2_ROLLING__DT-RAMDE_TS2_FULL__VS__NO_LINEAGE_CREDIT,E2_ROLLING,REJECT_SAFETY_FILTER,RR-INTERMITTENT/0,5,-0.029999999999999999,-0.029999999999999999,-0.029999999999999999,comparator_rate_minus_proposed_rate,PRE_R10_SUPPORTING_DESCRIPTIVE_RESULT_AWARE__NO_NEW_CONFIRMATORY_INFERENCE
27,E2_ROLLING__DT-RAMDE_TS2_FULL__VS__NO_LINEAGE_CREDIT,E2_ROLLING,REJECT_BUDGET_NO_FEASIBLE,RR-INTERMITTENT/0,5,0,0,0,comparator_rate_minus_proposed_rate,PRE_R10_SUPPORTING_DESCRIPTIVE_RESULT_AWARE__NO_NEW_CONFIRMATORY_INFERENCE
27,E2_ROLLING__DT-RAMDE_TS2_FULL__VS__NO_LINEAGE_CREDIT,E2_ROLLING,REJECT_NUMERICAL,RR-INTERMITTENT/0,5,0,0,0,comparator_rate_minus_proposed_rate,PRE_R10_SUPPORTING_DESCRIPTIVE_RESULT_AWARE__NO_NEW_CONFIRMATORY_INFERENCE
27,E2_ROLLING__DT-RAMDE_TS2_FULL__VS__NO_LINEAGE_CREDIT,E2_ROLLING,OTHER_NONACCEPTED,RR-INTERMITTENT/0,5,0,0,0,comparator_rate_minus_proposed_rate,PRE_R10_SUPPORTING_DESCRIPTIVE_RESULT_AWARE__NO_NEW_CONFIRMATORY_INFERENCE
27,E2_ROLLING__DT-RAMDE_TS2_FULL__VS__NO_LINEAGE_CREDIT,E2_ROLLING,FAILURE_RATE,RR-INTERMITTENT/1,5,-0.010000000000000009,-0.010000000000000009,-0.010000000000000009,comparator_rate_minus_proposed_rate,PRE_R10_SUPPORTING_DESCRIPTIVE_RESULT_AWARE__NO_NEW_CONFIRMATORY_INFERENCE
27,E2_ROLLING__DT-RAMDE_TS2_FULL__VS__NO_LINEAGE_CREDIT,E2_ROLLING,REJECT_SAFETY_FILTER,RR-INTERMITTENT/1,5,-0.01,-0.01,-0.01,comparator_rate_minus_proposed_rate,PRE_R10_SUPPORTING_DESCRIPTIVE_RESULT_AWARE__NO_NEW_CONFIRMATORY_INFERENCE
27,E2_ROLLING__DT-RAMDE_TS2_FULL__VS__NO_LINEAGE_CREDIT,E2_ROLLING,REJECT_BUDGET_NO_FEASIBLE,RR-INTERMITTENT/1,5,0,0,0,comparator_rate_minus_proposed_rate,PRE_R10_SUPPORTING_DESCRIPTIVE_RESULT_AWARE__NO_NEW_CONFIRMATORY_INFERENCE
27,E2_ROLLING__DT-RAMDE_TS2_FULL__VS__NO_LINEAGE_CREDIT,E2_ROLLING,REJECT_NUMERICAL,RR-INTERMITTENT/1,5,0,0,0,comparator_rate_minus_proposed_rate,PRE_R10_SUPPORTING_DESCRIPTIVE_RESULT_AWARE__NO_NEW_CONFIRMATORY_INFERENCE
27,E2_ROLLING__DT-RAMDE_TS2_FULL__VS__NO_LINEAGE_CREDIT,E2_ROLLING,OTHER_NONACCEPTED,RR-INTERMITTENT/1,5,0,0,0,comparator_rate_minus_proposed_rate,PRE_R10_SUPPORTING_DESCRIPTIVE_RESULT_AWARE__NO_NEW_CONFIRMATORY_INFERENCE
27,E2_ROLLING__DT-RAMDE_TS2_FULL__VS__NO_LINEAGE_CREDIT,E2_ROLLING,FAILURE_RATE,RR-INTERMITTENT/2,5,0.009999999999999995,0.009999999999999995,0.009999999999999995,comparator_rate_minus_proposed_rate,PRE_R10_SUPPORTING_DESCRIPTIVE_RESULT_AWARE__NO_NEW_CONFIRMATORY_INFERENCE
27,E2_ROLLING__DT-RAMDE_TS2_FULL__VS__NO_LINEAGE_CREDIT,E2_ROLLING,REJECT_SAFETY_FILTER,RR-INTERMITTENT/2,5,0.009999999999999995,0.009999999999999995,0.009999999999999995,comparator_rate_minus_proposed_rate,PRE_R10_SUPPORTING_DESCRIPTIVE_RESULT_AWARE__NO_NEW_CONFIRMATORY_INFERENCE
27,E2_ROLLING__DT-RAMDE_TS2_FULL__VS__NO_LINEAGE_CREDIT,E2_ROLLING,REJECT_BUDGET_NO_FEASIBLE,RR-INTERMITTENT/2,5,0,0,0,comparator_rate_minus_proposed_rate,PRE_R10_SUPPORTING_DESCRIPTIVE_RESULT_AWARE__NO_NEW_CONFIRMATORY_INFERENCE
27,E2_ROLLING__DT-RAMDE_TS2_FULL__VS__NO_LINEAGE_CREDIT,E2_ROLLING,REJECT_NUMERICAL,RR-INTERMITTENT/2,5,0,0,0,comparator_rate_minus_proposed_rate,PRE_R10_SUPPORTING_DESCRIPTIVE_RESULT_AWARE__NO_NEW_CONFIRMATORY_INFERENCE
27,E2_ROLLING__DT-RAMDE_TS2_FULL__VS__NO_LINEAGE_CREDIT,E2_ROLLING,OTHER_NONACCEPTED,RR-INTERMITTENT/2,5,0,0,0,comparator_rate_minus_proposed_rate,PRE_R10_SUPPORTING_DESCRIPTIVE_RESULT_AWARE__NO_NEW_CONFIRMATORY_INFERENCE
27,E2_ROLLING__DT-RAMDE_TS2_FULL__VS__NO_LINEAGE_CREDIT,E2_ROLLING,FAILURE_RATE,RR-INTERMITTENT/3,5,0.069999999999999896,0.069999999999999896,0.069999999999999896,comparator_rate_minus_proposed_rate,PRE_R10_SUPPORTING_DESCRIPTIVE_RESULT_AWARE__NO_NEW_CONFIRMATORY_INFERENCE
27,E2_ROLLING__DT-RAMDE_TS2_FULL__VS__NO_LINEAGE_CREDIT,E2_ROLLING,REJECT_SAFETY_FILTER,RR-INTERMITTENT/3,5,0.13000000000000003,0.13000000000000003,0.13000000000000003,comparator_rate_minus_proposed_rate,PRE_R10_SUPPORTING_DESCRIPTIVE_RESULT_AWARE__NO_NEW_CONFIRMATORY_INFERENCE
27,E2_ROLLING__DT-RAMDE_TS2_FULL__VS__NO_LINEAGE_CREDIT,E2_ROLLING,REJECT_BUDGET_NO_FEASIBLE,RR-INTERMITTENT/3,5,-0.060000000000000012,-0.060000000000000012,-0.060000000000000012,comparator_rate_minus_proposed_rate,PRE_R10_SUPPORTING_DESCRIPTIVE_RESULT_AWARE__NO_NEW_CONFIRMATORY_INFERENCE
27,E2_ROLLING__DT-RAMDE_TS2_FULL__VS__NO_LINEAGE_CREDIT,E2_ROLLING,REJECT_NUMERICAL,RR-INTERMITTENT/3,5,0,0,0,comparator_rate_minus_proposed_rate,PRE_R10_SUPPORTING_DESCRIPTIVE_RESULT_AWARE__NO_NEW_CONFIRMATORY_INFERENCE
27,E2_ROLLING__DT-RAMDE_TS2_FULL__VS__NO_LINEAGE_CREDIT,E2_ROLLING,OTHER_NONACCEPTED,RR-INTERMITTENT/3,5,-4.4408920985006264e-17,-4.4408920985006264e-17,-4.4408920985006264e-17,comparator_rate_minus_proposed_rate,PRE_R10_SUPPORTING_DESCRIPTIVE_RESULT_AWARE__NO_NEW_CONFIRMATORY_INFERENCE
27,E2_ROLLING__DT-RAMDE_TS2_FULL__VS__NO_LINEAGE_CREDIT,E2_ROLLING,FAILURE_RATE,RR-INTERMITTENT/4,5,-0.039999999999999994,-0.039999999999999994,-0.039999999999999994,comparator_rate_minus_proposed_rate,PRE_R10_SUPPORTING_DESCRIPTIVE_RESULT_AWARE__NO_NEW_CONFIRMATORY_INFERENCE
27,E2_ROLLING__DT-RAMDE_TS2_FULL__VS__NO_LINEAGE_CREDIT,E2_ROLLING,REJECT_SAFETY_FILTER,RR-INTERMITTENT/4,5,-0.040000000000000001,-0.040000000000000001,-0.040000000000000001,comparator_rate_minus_proposed_rate,PRE_R10_SUPPORTING_DESCRIPTIVE_RESULT_AWARE__NO_NEW_CONFIRMATORY_INFERENCE
27,E2_ROLLING__DT-RAMDE_TS2_FULL__VS__NO_LINEAGE_CREDIT,E2_ROLLING,REJECT_BUDGET_NO_FEASIBLE,RR-INTERMITTENT/4,5,0,0,0,comparator_rate_minus_proposed_rate,PRE_R10_SUPPORTING_DESCRIPTIVE_RESULT_AWARE__NO_NEW_CONFIRMATORY_INFERENCE
27,E2_ROLLING__DT-RAMDE_TS2_FULL__VS__NO_LINEAGE_CREDIT,E2_ROLLING,REJECT_NUMERICAL,RR-INTERMITTENT/4,5,0,0,0,comparator_rate_minus_proposed_rate,PRE_R10_SUPPORTING_DESCRIPTIVE_RESULT_AWARE__NO_NEW_CONFIRMATORY_INFERENCE
27,E2_ROLLING__DT-RAMDE_TS2_FULL__VS__NO_LINEAGE_CREDIT,E2_ROLLING,OTHER_NONACCEPTED,RR-INTERMITTENT/4,5,0,0,0,comparator_rate_minus_proposed_rate,PRE_R10_SUPPORTING_DESCRIPTIVE_RESULT_AWARE__NO_NEW_CONFIRMATORY_INFERENCE
27,E2_ROLLING__DT-RAMDE_TS2_FULL__VS__NO_LINEAGE_CREDIT,E2_ROLLING,FAILURE_RATE,RR-INTERMITTENT/5,5,-0.14999999999999999,-0.14999999999999999,-0.14999999999999999,comparator_rate_minus_proposed_rate,PRE_R10_SUPPORTING_DESCRIPTIVE_RESULT_AWARE__NO_NEW_CONFIRMATORY_INFERENCE
27,E2_ROLLING__DT-RAMDE_TS2_FULL__VS__NO_LINEAGE_CREDIT,E2_ROLLING,REJECT_SAFETY_FILTER,RR-INTERMITTENT/5,5,-0.14999999999999999,-0.14999999999999999,-0.14999999999999999,comparator_rate_minus_proposed_rate,PRE_R10_SUPPORTING_DESCRIPTIVE_RESULT_AWARE__NO_NEW_CONFIRMATORY_INFERENCE
27,E2_ROLLING__DT-RAMDE_TS2_FULL__VS__NO_LINEAGE_CREDIT,E2_ROLLING,REJECT_BUDGET_NO_FEASIBLE,RR-INTERMITTENT/5,5,0,0,0,comparator_rate_minus_proposed_rate,PRE_R10_SUPPORTING_DESCRIPTIVE_RESULT_AWARE__NO_NEW_CONFIRMATORY_INFERENCE
27,E2_ROLLING__DT-RAMDE_TS2_FULL__VS__NO_LINEAGE_CREDIT,E2_ROLLING,REJECT_NUMERICAL,RR-INTERMITTENT/5,5,0,0,0,comparator_rate_minus_proposed_rate,PRE_R10_SUPPORTING_DESCRIPTIVE_RESULT_AWARE__NO_NEW_CONFIRMATORY_INFERENCE
27,E2_ROLLING__DT-RAMDE_TS2_FULL__VS__NO_LINEAGE_CREDIT,E2_ROLLING,OTHER_NONACCEPTED,RR-INTERMITTENT/5,5,0,0,0,comparator_rate_minus_proposed_rate,PRE_R10_SUPPORTING_DESCRIPTIVE_RESULT_AWARE__NO_NEW_CONFIRMATORY_INFERENCE
27,E2_ROLLING__DT-RAMDE_TS2_FULL__VS__NO_LINEAGE_CREDIT,E2_ROLLING,FAILURE_RATE,RR-INTERMITTENT/6,5,0,0,0,comparator_rate_minus_proposed_rate,PRE_R10_SUPPORTING_DESCRIPTIVE_RESULT_AWARE__NO_NEW_CONFIRMATORY_INFERENCE
27,E2_ROLLING__DT-RAMDE_TS2_FULL__VS__NO_LINEAGE_CREDIT,E2_ROLLING,REJECT_SAFETY_FILTER,RR-INTERMITTENT/6,5,0,0,0,comparator_rate_minus_proposed_rate,PRE_R10_SUPPORTING_DESCRIPTIVE_RESULT_AWARE__NO_NEW_CONFIRMATORY_INFERENCE
27,E2_ROLLING__DT-RAMDE_TS2_FULL__VS__NO_LINEAGE_CREDIT,E2_ROLLING,REJECT_BUDGET_NO_FEASIBLE,RR-INTERMITTENT/6,5,0,0,0,comparator_rate_minus_proposed_rate,PRE_R10_SUPPORTING_DESCRIPTIVE_RESULT_AWARE__NO_NEW_CONFIRMATORY_INFERENCE
27,E2_ROLLING__DT-RAMDE_TS2_FULL__VS__NO_LINEAGE_CREDIT,E2_ROLLING,REJECT_NUMERICAL,RR-INTERMITTENT/6,5,0,0,0,comparator_rate_minus_proposed_rate,PRE_R10_SUPPORTING_DESCRIPTIVE_RESULT_AWARE__NO_NEW_CONFIRMATORY_INFERENCE
27,E2_ROLLING__DT-RAMDE_TS2_FULL__VS__NO_LINEAGE_CREDIT,E2_ROLLING,OTHER_NONACCEPTED,RR-INTERMITTENT/6,5,0,0,0,comparator_rate_minus_proposed_rate,PRE_R10_SUPPORTING_DESCRIPTIVE_RESULT_AWARE__NO_NEW_CONFIRMATORY_INFERENCE
27,E2_ROLLING__DT-RAMDE_TS2_FULL__VS__NO_LINEAGE_CREDIT,E2_ROLLING,FAILURE_RATE,RR-INTERMITTENT/7,5,-0.1100000000000001,-0.1100000000000001,-0.1100000000000001,comparator_rate_minus_proposed_rate,PRE_R10_SUPPORTING_DESCRIPTIVE_RESULT_AWARE__NO_NEW_CONFIRMATORY_INFERENCE
27,E2_ROLLING__DT-RAMDE_TS2_FULL__VS__NO_LINEAGE_CREDIT,E2_ROLLING,REJECT_SAFETY_FILTER,RR-INTERMITTENT/7,5,-0.11000000000000001,-0.11000000000000001,-0.11000000000000001,comparator_rate_minus_proposed_rate,PRE_R10_SUPPORTING_DESCRIPTIVE_RESULT_AWARE__NO_NEW_CONFIRMATORY_INFERENCE
27,E2_ROLLING__DT-RAMDE_TS2_FULL__VS__NO_LINEAGE_CREDIT,E2_ROLLING,REJECT_BUDGET_NO_FEASIBLE,RR-INTERMITTENT/7,5,0,0,0,comparator_rate_minus_proposed_rate,PRE_R10_SUPPORTING_DESCRIPTIVE_RESULT_AWARE__NO_NEW_CONFIRMATORY_INFERENCE
27,E2_ROLLING__DT-RAMDE_TS2_FULL__VS__NO_LINEAGE_CREDIT,E2_ROLLING,REJECT_NUMERICAL,RR-INTERMITTENT/7,5,0,0,0,comparator_rate_minus_proposed_rate,PRE_R10_SUPPORTING_DESCRIPTIVE_RESULT_AWARE__NO_NEW_CONFIRMATORY_INFERENCE
27,E2_ROLLING__DT-RAMDE_TS2_FULL__VS__NO_LINEAGE_CREDIT,E2_ROLLING,OTHER_NONACCEPTED,RR-INTERMITTENT/7,5,-2.2204460492503132e-17,-2.2204460492503132e-17,-2.2204460492503132e-17,comparator_rate_minus_proposed_rate,PRE_R10_SUPPORTING_DESCRIPTIVE_RESULT_AWARE__NO_NEW_CONFIRMATORY_INFERENCE
27,E2_ROLLING__DT-RAMDE_TS2_FULL__VS__NO_LINEAGE_CREDIT,E2_ROLLING,FAILURE_RATE,RR-REJECTION/0,5,-0.070000000000000007,-0.070000000000000007,-0.070000000000000007,comparator_rate_minus_proposed_rate,PRE_R10_SUPPORTING_DESCRIPTIVE_RESULT_AWARE__NO_NEW_CONFIRMATORY_INFERENCE
27,E2_ROLLING__DT-RAMDE_TS2_FULL__VS__NO_LINEAGE_CREDIT,E2_ROLLING,REJECT_SAFETY_FILTER,RR-REJECTION/0,5,-0.069999999999999993,-0.069999999999999993,-0.069999999999999993,comparator_rate_minus_proposed_rate,PRE_R10_SUPPORTING_DESCRIPTIVE_RESULT_AWARE__NO_NEW_CONFIRMATORY_INFERENCE
27,E2_ROLLING__DT-RAMDE_TS2_FULL__VS__NO_LINEAGE_CREDIT,E2_ROLLING,REJECT_BUDGET_NO_FEASIBLE,RR-REJECTION/0,5,0,0,0,comparator_rate_minus_proposed_rate,PRE_R10_SUPPORTING_DESCRIPTIVE_RESULT_AWARE__NO_NEW_CONFIRMATORY_INFERENCE
27,E2_ROLLING__DT-RAMDE_TS2_FULL__VS__NO_LINEAGE_CREDIT,E2_ROLLING,REJECT_NUMERICAL,RR-REJECTION/0,5,0,0,0,comparator_rate_minus_proposed_rate,PRE_R10_SUPPORTING_DESCRIPTIVE_RESULT_AWARE__NO_NEW_CONFIRMATORY_INFERENCE
27,E2_ROLLING__DT-RAMDE_TS2_FULL__VS__NO_LINEAGE_CREDIT,E2_ROLLING,OTHER_NONACCEPTED,RR-REJECTION/0,5,0,0,0,comparator_rate_minus_proposed_rate,PRE_R10_SUPPORTING_DESCRIPTIVE_RESULT_AWARE__NO_NEW_CONFIRMATORY_INFERENCE
27,E2_ROLLING__DT-RAMDE_TS2_FULL__VS__NO_LINEAGE_CREDIT,E2_ROLLING,FAILURE_RATE,RR-REJECTION/1,5,0,0,0,comparator_rate_minus_proposed_rate,PRE_R10_SUPPORTING_DESCRIPTIVE_RESULT_AWARE__NO_NEW_CONFIRMATORY_INFERENCE
27,E2_ROLLING__DT-RAMDE_TS2_FULL__VS__NO_LINEAGE_CREDIT,E2_ROLLING,REJECT_SAFETY_FILTER,RR-REJECTION/1,5,0,0,0,comparator_rate_minus_proposed_rate,PRE_R10_SUPPORTING_DESCRIPTIVE_RESULT_AWARE__NO_NEW_CONFIRMATORY_INFERENCE
27,E2_ROLLING__DT-RAMDE_TS2_FULL__VS__NO_LINEAGE_CREDIT,E2_ROLLING,REJECT_BUDGET_NO_FEASIBLE,RR-REJECTION/1,5,0,0,0,comparator_rate_minus_proposed_rate,PRE_R10_SUPPORTING_DESCRIPTIVE_RESULT_AWARE__NO_NEW_CONFIRMATORY_INFERENCE
27,E2_ROLLING__DT-RAMDE_TS2_FULL__VS__NO_LINEAGE_CREDIT,E2_ROLLING,REJECT_NUMERICAL,RR-REJECTION/1,5,0,0,0,comparator_rate_minus_proposed_rate,PRE_R10_SUPPORTING_DESCRIPTIVE_RESULT_AWARE__NO_NEW_CONFIRMATORY_INFERENCE
27,E2_ROLLING__DT-RAMDE_TS2_FULL__VS__NO_LINEAGE_CREDIT,E2_ROLLING,OTHER_NONACCEPTED,RR-REJECTION/1,5,0,0,0,comparator_rate_minus_proposed_rate,PRE_R10_SUPPORTING_DESCRIPTIVE_RESULT_AWARE__NO_NEW_CONFIRMATORY_INFERENCE
27,E2_ROLLING__DT-RAMDE_TS2_FULL__VS__NO_LINEAGE_CREDIT,E2_ROLLING,FAILURE_RATE,RR-REJECTION/2,5,0,0,0,comparator_rate_minus_proposed_rate,PRE_R10_SUPPORTING_DESCRIPTIVE_RESULT_AWARE__NO_NEW_CONFIRMATORY_INFERENCE
27,E2_ROLLING__DT-RAMDE_TS2_FULL__VS__NO_LINEAGE_CREDIT,E2_ROLLING,REJECT_SAFETY_FILTER,RR-REJECTION/2,5,0,0,0,comparator_rate_minus_proposed_rate,PRE_R10_SUPPORTING_DESCRIPTIVE_RESULT_AWARE__NO_NEW_CONFIRMATORY_INFERENCE
27,E2_ROLLING__DT-RAMDE_TS2_FULL__VS__NO_LINEAGE_CREDIT,E2_ROLLING,REJECT_BUDGET_NO_FEASIBLE,RR-REJECTION/2,5,0,0,0,comparator_rate_minus_proposed_rate,PRE_R10_SUPPORTING_DESCRIPTIVE_RESULT_AWARE__NO_NEW_CONFIRMATORY_INFERENCE
27,E2_ROLLING__DT-RAMDE_TS2_FULL__VS__NO_LINEAGE_CREDIT,E2_ROLLING,REJECT_NUMERICAL,RR-REJECTION/2,5,0,0,0,comparator_rate_minus_proposed_rate,PRE_R10_SUPPORTING_DESCRIPTIVE_RESULT_AWARE__NO_NEW_CONFIRMATORY_INFERENCE
27,E2_ROLLING__DT-RAMDE_TS2_FULL__VS__NO_LINEAGE_CREDIT,E2_ROLLING,OTHER_NONACCEPTED,RR-REJECTION/2,5,0,0,0,comparator_rate_minus_proposed_rate,PRE_R10_SUPPORTING_DESCRIPTIVE_RESULT_AWARE__NO_NEW_CONFIRMATORY_INFERENCE
27,E2_ROLLING__DT-RAMDE_TS2_FULL__VS__NO_LINEAGE_CREDIT,E2_ROLLING,FAILURE_RATE,RR-REJECTION/3,5,-0.029999999999999999,-0.029999999999999999,-0.029999999999999999,comparator_rate_minus_proposed_rate,PRE_R10_SUPPORTING_DESCRIPTIVE_RESULT_AWARE__NO_NEW_CONFIRMATORY_INFERENCE
27,E2_ROLLING__DT-RAMDE_TS2_FULL__VS__NO_LINEAGE_CREDIT,E2_ROLLING,REJECT_SAFETY_FILTER,RR-REJECTION/3,5,-0.030000000000000006,-0.030000000000000006,-0.030000000000000006,comparator_rate_minus_proposed_rate,PRE_R10_SUPPORTING_DESCRIPTIVE_RESULT_AWARE__NO_NEW_CONFIRMATORY_INFERENCE
27,E2_ROLLING__DT-RAMDE_TS2_FULL__VS__NO_LINEAGE_CREDIT,E2_ROLLING,REJECT_BUDGET_NO_FEASIBLE,RR-REJECTION/3,5,0,0,0,comparator_rate_minus_proposed_rate,PRE_R10_SUPPORTING_DESCRIPTIVE_RESULT_AWARE__NO_NEW_CONFIRMATORY_INFERENCE
27,E2_ROLLING__DT-RAMDE_TS2_FULL__VS__NO_LINEAGE_CREDIT,E2_ROLLING,REJECT_NUMERICAL,RR-REJECTION/3,5,0,0,0,comparator_rate_minus_proposed_rate,PRE_R10_SUPPORTING_DESCRIPTIVE_RESULT_AWARE__NO_NEW_CONFIRMATORY_INFERENCE
27,E2_ROLLING__DT-RAMDE_TS2_FULL__VS__NO_LINEAGE_CREDIT,E2_ROLLING,OTHER_NONACCEPTED,RR-REJECTION/3,5,0,0,0,comparator_rate_minus_proposed_rate,PRE_R10_SUPPORTING_DESCRIPTIVE_RESULT_AWARE__NO_NEW_CONFIRMATORY_INFERENCE
27,E2_ROLLING__DT-RAMDE_TS2_FULL__VS__NO_LINEAGE_CREDIT,E2_ROLLING,FAILURE_RATE,RR-REJECTION/4,5,0.039999999999999994,0.039999999999999994,0.039999999999999994,comparator_rate_minus_proposed_rate,PRE_R10_SUPPORTING_DESCRIPTIVE_RESULT_AWARE__NO_NEW_CONFIRMATORY_INFERENCE
27,E2_ROLLING__DT-RAMDE_TS2_FULL__VS__NO_LINEAGE_CREDIT,E2_ROLLING,REJECT_SAFETY_FILTER,RR-REJECTION/4,5,0.039999999999999994,0.039999999999999994,0.039999999999999994,comparator_rate_minus_proposed_rate,PRE_R10_SUPPORTING_DESCRIPTIVE_RESULT_AWARE__NO_NEW_CONFIRMATORY_INFERENCE
27,E2_ROLLING__DT-RAMDE_TS2_FULL__VS__NO_LINEAGE_CREDIT,E2_ROLLING,REJECT_BUDGET_NO_FEASIBLE,RR-REJECTION/4,5,0,0,0,comparator_rate_minus_proposed_rate,PRE_R10_SUPPORTING_DESCRIPTIVE_RESULT_AWARE__NO_NEW_CONFIRMATORY_INFERENCE
27,E2_ROLLING__DT-RAMDE_TS2_FULL__VS__NO_LINEAGE_CREDIT,E2_ROLLING,REJECT_NUMERICAL,RR-REJECTION/4,5,0,0,0,comparator_rate_minus_proposed_rate,PRE_R10_SUPPORTING_DESCRIPTIVE_RESULT_AWARE__NO_NEW_CONFIRMATORY_INFERENCE
27,E2_ROLLING__DT-RAMDE_TS2_FULL__VS__NO_LINEAGE_CREDIT,E2_ROLLING,OTHER_NONACCEPTED,RR-REJECTION/4,5,0,0,0,comparator_rate_minus_proposed_rate,PRE_R10_SUPPORTING_DESCRIPTIVE_RESULT_AWARE__NO_NEW_CONFIRMATORY_INFERENCE
27,E2_ROLLING__DT-RAMDE_TS2_FULL__VS__NO_LINEAGE_CREDIT,E2_ROLLING,FAILURE_RATE,RR-REJECTION/5,5,-0.009999999999999995,-0.009999999999999995,-0.009999999999999995,comparator_rate_minus_proposed_rate,PRE_R10_SUPPORTING_DESCRIPTIVE_RESULT_AWARE__NO_NEW_CONFIRMATORY_INFERENCE
27,E2_ROLLING__DT-RAMDE_TS2_FULL__VS__NO_LINEAGE_CREDIT,E2_ROLLING,REJECT_SAFETY_FILTER,RR-REJECTION/5,5,-0.010000000000000004,-0.010000000000000004,-0.010000000000000004,comparator_rate_minus_proposed_rate,PRE_R10_SUPPORTING_DESCRIPTIVE_RESULT_AWARE__NO_NEW_CONFIRMATORY_INFERENCE
27,E2_ROLLING__DT-RAMDE_TS2_FULL__VS__NO_LINEAGE_CREDIT,E2_ROLLING,REJECT_BUDGET_NO_FEASIBLE,RR-REJECTION/5,5,0,0,0,comparator_rate_minus_proposed_rate,PRE_R10_SUPPORTING_DESCRIPTIVE_RESULT_AWARE__NO_NEW_CONFIRMATORY_INFERENCE
27,E2_ROLLING__DT-RAMDE_TS2_FULL__VS__NO_LINEAGE_CREDIT,E2_ROLLING,REJECT_NUMERICAL,RR-REJECTION/5,5,0,0,0,comparator_rate_minus_proposed_rate,PRE_R10_SUPPORTING_DESCRIPTIVE_RESULT_AWARE__NO_NEW_CONFIRMATORY_INFERENCE
27,E2_ROLLING__DT-RAMDE_TS2_FULL__VS__NO_LINEAGE_CREDIT,E2_ROLLING,OTHER_NONACCEPTED,RR-REJECTION/5,5,0,0,0,comparator_rate_minus_proposed_rate,PRE_R10_SUPPORTING_DESCRIPTIVE_RESULT_AWARE__NO_NEW_CONFIRMATORY_INFERENCE
27,E2_ROLLING__DT-RAMDE_TS2_FULL__VS__NO_LINEAGE_CREDIT,E2_ROLLING,FAILURE_RATE,RR-REJECTION/6,5,0.010000000000000005,0.010000000000000005,0.010000000000000005,comparator_rate_minus_proposed_rate,PRE_R10_SUPPORTING_DESCRIPTIVE_RESULT_AWARE__NO_NEW_CONFIRMATORY_INFERENCE
27,E2_ROLLING__DT-RAMDE_TS2_FULL__VS__NO_LINEAGE_CREDIT,E2_ROLLING,REJECT_SAFETY_FILTER,RR-REJECTION/6,5,0.01,0.01,0.01,comparator_rate_minus_proposed_rate,PRE_R10_SUPPORTING_DESCRIPTIVE_RESULT_AWARE__NO_NEW_CONFIRMATORY_INFERENCE
27,E2_ROLLING__DT-RAMDE_TS2_FULL__VS__NO_LINEAGE_CREDIT,E2_ROLLING,REJECT_BUDGET_NO_FEASIBLE,RR-REJECTION/6,5,0,0,0,comparator_rate_minus_proposed_rate,PRE_R10_SUPPORTING_DESCRIPTIVE_RESULT_AWARE__NO_NEW_CONFIRMATORY_INFERENCE
27,E2_ROLLING__DT-RAMDE_TS2_FULL__VS__NO_LINEAGE_CREDIT,E2_ROLLING,REJECT_NUMERICAL,RR-REJECTION/6,5,0,0,0,comparator_rate_minus_proposed_rate,PRE_R10_SUPPORTING_DESCRIPTIVE_RESULT_AWARE__NO_NEW_CONFIRMATORY_INFERENCE
27,E2_ROLLING__DT-RAMDE_TS2_FULL__VS__NO_LINEAGE_CREDIT,E2_ROLLING,OTHER_NONACCEPTED,RR-REJECTION/6,5,0,0,0,comparator_rate_minus_proposed_rate,PRE_R10_SUPPORTING_DESCRIPTIVE_RESULT_AWARE__NO_NEW_CONFIRMATORY_INFERENCE
27,E2_ROLLING__DT-RAMDE_TS2_FULL__VS__NO_LINEAGE_CREDIT,E2_ROLLING,FAILURE_RATE,RR-REJECTION/7,5,0.029999999999999971,0.029999999999999971,0.029999999999999971,comparator_rate_minus_proposed_rate,PRE_R10_SUPPORTING_DESCRIPTIVE_RESULT_AWARE__NO_NEW_CONFIRMATORY_INFERENCE
27,E2_ROLLING__DT-RAMDE_TS2_FULL__VS__NO_LINEAGE_CREDIT,E2_ROLLING,REJECT_SAFETY_FILTER,RR-REJECTION/7,5,0.029999999999999992,0.029999999999999992,0.029999999999999992,comparator_rate_minus_proposed_rate,PRE_R10_SUPPORTING_DESCRIPTIVE_RESULT_AWARE__NO_NEW_CONFIRMATORY_INFERENCE
27,E2_ROLLING__DT-RAMDE_TS2_FULL__VS__NO_LINEAGE_CREDIT,E2_ROLLING,REJECT_BUDGET_NO_FEASIBLE,RR-REJECTION/7,5,0,0,0,comparator_rate_minus_proposed_rate,PRE_R10_SUPPORTING_DESCRIPTIVE_RESULT_AWARE__NO_NEW_CONFIRMATORY_INFERENCE
27,E2_ROLLING__DT-RAMDE_TS2_FULL__VS__NO_LINEAGE_CREDIT,E2_ROLLING,REJECT_NUMERICAL,RR-REJECTION/7,5,0,0,0,comparator_rate_minus_proposed_rate,PRE_R10_SUPPORTING_DESCRIPTIVE_RESULT_AWARE__NO_NEW_CONFIRMATORY_INFERENCE
27,E2_ROLLING__DT-RAMDE_TS2_FULL__VS__NO_LINEAGE_CREDIT,E2_ROLLING,OTHER_NONACCEPTED,RR-REJECTION/7,5,0,0,0,comparator_rate_minus_proposed_rate,PRE_R10_SUPPORTING_DESCRIPTIVE_RESULT_AWARE__NO_NEW_CONFIRMATORY_INFERENCE
27,E2_ROLLING__DT-RAMDE_TS2_FULL__VS__NO_LINEAGE_CREDIT,E2_ROLLING,FAILURE_RATE,RR-SHOCK/0,5,0,0,0,comparator_rate_minus_proposed_rate,PRE_R10_SUPPORTING_DESCRIPTIVE_RESULT_AWARE__NO_NEW_CONFIRMATORY_INFERENCE
27,E2_ROLLING__DT-RAMDE_TS2_FULL__VS__NO_LINEAGE_CREDIT,E2_ROLLING,REJECT_SAFETY_FILTER,RR-SHOCK/0,5,0,0,0,comparator_rate_minus_proposed_rate,PRE_R10_SUPPORTING_DESCRIPTIVE_RESULT_AWARE__NO_NEW_CONFIRMATORY_INFERENCE
27,E2_ROLLING__DT-RAMDE_TS2_FULL__VS__NO_LINEAGE_CREDIT,E2_ROLLING,REJECT_BUDGET_NO_FEASIBLE,RR-SHOCK/0,5,0,0,0,comparator_rate_minus_proposed_rate,PRE_R10_SUPPORTING_DESCRIPTIVE_RESULT_AWARE__NO_NEW_CONFIRMATORY_INFERENCE
27,E2_ROLLING__DT-RAMDE_TS2_FULL__VS__NO_LINEAGE_CREDIT,E2_ROLLING,REJECT_NUMERICAL,RR-SHOCK/0,5,0,0,0,comparator_rate_minus_proposed_rate,PRE_R10_SUPPORTING_DESCRIPTIVE_RESULT_AWARE__NO_NEW_CONFIRMATORY_INFERENCE
27,E2_ROLLING__DT-RAMDE_TS2_FULL__VS__NO_LINEAGE_CREDIT,E2_ROLLING,OTHER_NONACCEPTED,RR-SHOCK/0,5,0,0,0,comparator_rate_minus_proposed_rate,PRE_R10_SUPPORTING_DESCRIPTIVE_RESULT_AWARE__NO_NEW_CONFIRMATORY_INFERENCE
27,E2_ROLLING__DT-RAMDE_TS2_FULL__VS__NO_LINEAGE_CREDIT,E2_ROLLING,FAILURE_RATE,RR-SHOCK/1,5,0,0,0,comparator_rate_minus_proposed_rate,PRE_R10_SUPPORTING_DESCRIPTIVE_RESULT_AWARE__NO_NEW_CONFIRMATORY_INFERENCE
27,E2_ROLLING__DT-RAMDE_TS2_FULL__VS__NO_LINEAGE_CREDIT,E2_ROLLING,REJECT_SAFETY_FILTER,RR-SHOCK/1,5,0,0,0,comparator_rate_minus_proposed_rate,PRE_R10_SUPPORTING_DESCRIPTIVE_RESULT_AWARE__NO_NEW_CONFIRMATORY_INFERENCE
27,E2_ROLLING__DT-RAMDE_TS2_FULL__VS__NO_LINEAGE_CREDIT,E2_ROLLING,REJECT_BUDGET_NO_FEASIBLE,RR-SHOCK/1,5,0,0,0,comparator_rate_minus_proposed_rate,PRE_R10_SUPPORTING_DESCRIPTIVE_RESULT_AWARE__NO_NEW_CONFIRMATORY_INFERENCE
27,E2_ROLLING__DT-RAMDE_TS2_FULL__VS__NO_LINEAGE_CREDIT,E2_ROLLING,REJECT_NUMERICAL,RR-SHOCK/1,5,0,0,0,comparator_rate_minus_proposed_rate,PRE_R10_SUPPORTING_DESCRIPTIVE_RESULT_AWARE__NO_NEW_CONFIRMATORY_INFERENCE
27,E2_ROLLING__DT-RAMDE_TS2_FULL__VS__NO_LINEAGE_CREDIT,E2_ROLLING,OTHER_NONACCEPTED,RR-SHOCK/1,5,0,0,0,comparator_rate_minus_proposed_rate,PRE_R10_SUPPORTING_DESCRIPTIVE_RESULT_AWARE__NO_NEW_CONFIRMATORY_INFERENCE
27,E2_ROLLING__DT-RAMDE_TS2_FULL__VS__NO_LINEAGE_CREDIT,E2_ROLLING,FAILURE_RATE,RR-SHOCK/2,5,0.030000000000000013,0.030000000000000013,0.030000000000000013,comparator_rate_minus_proposed_rate,PRE_R10_SUPPORTING_DESCRIPTIVE_RESULT_AWARE__NO_NEW_CONFIRMATORY_INFERENCE
27,E2_ROLLING__DT-RAMDE_TS2_FULL__VS__NO_LINEAGE_CREDIT,E2_ROLLING,REJECT_SAFETY_FILTER,RR-SHOCK/2,5,0.030000000000000006,0.030000000000000006,0.030000000000000006,comparator_rate_minus_proposed_rate,PRE_R10_SUPPORTING_DESCRIPTIVE_RESULT_AWARE__NO_NEW_CONFIRMATORY_INFERENCE
27,E2_ROLLING__DT-RAMDE_TS2_FULL__VS__NO_LINEAGE_CREDIT,E2_ROLLING,REJECT_BUDGET_NO_FEASIBLE,RR-SHOCK/2,5,0,0,0,comparator_rate_minus_proposed_rate,PRE_R10_SUPPORTING_DESCRIPTIVE_RESULT_AWARE__NO_NEW_CONFIRMATORY_INFERENCE
27,E2_ROLLING__DT-RAMDE_TS2_FULL__VS__NO_LINEAGE_CREDIT,E2_ROLLING,REJECT_NUMERICAL,RR-SHOCK/2,5,0,0,0,comparator_rate_minus_proposed_rate,PRE_R10_SUPPORTING_DESCRIPTIVE_RESULT_AWARE__NO_NEW_CONFIRMATORY_INFERENCE
27,E2_ROLLING__DT-RAMDE_TS2_FULL__VS__NO_LINEAGE_CREDIT,E2_ROLLING,OTHER_NONACCEPTED,RR-SHOCK/2,5,0,0,0,comparator_rate_minus_proposed_rate,PRE_R10_SUPPORTING_DESCRIPTIVE_RESULT_AWARE__NO_NEW_CONFIRMATORY_INFERENCE
27,E2_ROLLING__DT-RAMDE_TS2_FULL__VS__NO_LINEAGE_CREDIT,E2_ROLLING,FAILURE_RATE,RR-SHOCK/3,5,0.029999999999999916,0.029999999999999916,0.029999999999999916,comparator_rate_minus_proposed_rate,PRE_R10_SUPPORTING_DESCRIPTIVE_RESULT_AWARE__NO_NEW_CONFIRMATORY_INFERENCE
27,E2_ROLLING__DT-RAMDE_TS2_FULL__VS__NO_LINEAGE_CREDIT,E2_ROLLING,REJECT_SAFETY_FILTER,RR-SHOCK/3,5,0.029999999999999982,0.029999999999999982,0.029999999999999982,comparator_rate_minus_proposed_rate,PRE_R10_SUPPORTING_DESCRIPTIVE_RESULT_AWARE__NO_NEW_CONFIRMATORY_INFERENCE
27,E2_ROLLING__DT-RAMDE_TS2_FULL__VS__NO_LINEAGE_CREDIT,E2_ROLLING,REJECT_BUDGET_NO_FEASIBLE,RR-SHOCK/3,5,0,0,0,comparator_rate_minus_proposed_rate,PRE_R10_SUPPORTING_DESCRIPTIVE_RESULT_AWARE__NO_NEW_CONFIRMATORY_INFERENCE
27,E2_ROLLING__DT-RAMDE_TS2_FULL__VS__NO_LINEAGE_CREDIT,E2_ROLLING,REJECT_NUMERICAL,RR-SHOCK/3,5,0,0,0,comparator_rate_minus_proposed_rate,PRE_R10_SUPPORTING_DESCRIPTIVE_RESULT_AWARE__NO_NEW_CONFIRMATORY_INFERENCE
27,E2_ROLLING__DT-RAMDE_TS2_FULL__VS__NO_LINEAGE_CREDIT,E2_ROLLING,OTHER_NONACCEPTED,RR-SHOCK/3,5,0,0,0,comparator_rate_minus_proposed_rate,PRE_R10_SUPPORTING_DESCRIPTIVE_RESULT_AWARE__NO_NEW_CONFIRMATORY_INFERENCE
27,E2_ROLLING__DT-RAMDE_TS2_FULL__VS__NO_LINEAGE_CREDIT,E2_ROLLING,FAILURE_RATE,RR-SHOCK/4,5,-0.049999999999999996,-0.049999999999999996,-0.049999999999999996,comparator_rate_minus_proposed_rate,PRE_R10_SUPPORTING_DESCRIPTIVE_RESULT_AWARE__NO_NEW_CONFIRMATORY_INFERENCE
27,E2_ROLLING__DT-RAMDE_TS2_FULL__VS__NO_LINEAGE_CREDIT,E2_ROLLING,REJECT_SAFETY_FILTER,RR-SHOCK/4,5,-0.050000000000000003,-0.050000000000000003,-0.050000000000000003,comparator_rate_minus_proposed_rate,PRE_R10_SUPPORTING_DESCRIPTIVE_RESULT_AWARE__NO_NEW_CONFIRMATORY_INFERENCE
27,E2_ROLLING__DT-RAMDE_TS2_FULL__VS__NO_LINEAGE_CREDIT,E2_ROLLING,REJECT_BUDGET_NO_FEASIBLE,RR-SHOCK/4,5,0,0,0,comparator_rate_minus_proposed_rate,PRE_R10_SUPPORTING_DESCRIPTIVE_RESULT_AWARE__NO_NEW_CONFIRMATORY_INFERENCE
27,E2_ROLLING__DT-RAMDE_TS2_FULL__VS__NO_LINEAGE_CREDIT,E2_ROLLING,REJECT_NUMERICAL,RR-SHOCK/4,5,0,0,0,comparator_rate_minus_proposed_rate,PRE_R10_SUPPORTING_DESCRIPTIVE_RESULT_AWARE__NO_NEW_CONFIRMATORY_INFERENCE
27,E2_ROLLING__DT-RAMDE_TS2_FULL__VS__NO_LINEAGE_CREDIT,E2_ROLLING,OTHER_NONACCEPTED,RR-SHOCK/4,5,0,0,0,comparator_rate_minus_proposed_rate,PRE_R10_SUPPORTING_DESCRIPTIVE_RESULT_AWARE__NO_NEW_CONFIRMATORY_INFERENCE
27,E2_ROLLING__DT-RAMDE_TS2_FULL__VS__NO_LINEAGE_CREDIT,E2_ROLLING,FAILURE_RATE,RR-SHOCK/5,5,0.049999999999999989,0.049999999999999989,0.049999999999999989,comparator_rate_minus_proposed_rate,PRE_R10_SUPPORTING_DESCRIPTIVE_RESULT_AWARE__NO_NEW_CONFIRMATORY_INFERENCE
27,E2_ROLLING__DT-RAMDE_TS2_FULL__VS__NO_LINEAGE_CREDIT,E2_ROLLING,REJECT_SAFETY_FILTER,RR-SHOCK/5,5,0.049999999999999989,0.049999999999999989,0.049999999999999989,comparator_rate_minus_proposed_rate,PRE_R10_SUPPORTING_DESCRIPTIVE_RESULT_AWARE__NO_NEW_CONFIRMATORY_INFERENCE
27,E2_ROLLING__DT-RAMDE_TS2_FULL__VS__NO_LINEAGE_CREDIT,E2_ROLLING,REJECT_BUDGET_NO_FEASIBLE,RR-SHOCK/5,5,0,0,0,comparator_rate_minus_proposed_rate,PRE_R10_SUPPORTING_DESCRIPTIVE_RESULT_AWARE__NO_NEW_CONFIRMATORY_INFERENCE
27,E2_ROLLING__DT-RAMDE_TS2_FULL__VS__NO_LINEAGE_CREDIT,E2_ROLLING,REJECT_NUMERICAL,RR-SHOCK/5,5,0,0,0,comparator_rate_minus_proposed_rate,PRE_R10_SUPPORTING_DESCRIPTIVE_RESULT_AWARE__NO_NEW_CONFIRMATORY_INFERENCE
27,E2_ROLLING__DT-RAMDE_TS2_FULL__VS__NO_LINEAGE_CREDIT,E2_ROLLING,OTHER_NONACCEPTED,RR-SHOCK/5,5,3.3306690738754701e-17,3.3306690738754701e-17,3.3306690738754701e-17,comparator_rate_minus_proposed_rate,PRE_R10_SUPPORTING_DESCRIPTIVE_RESULT_AWARE__NO_NEW_CONFIRMATORY_INFERENCE
27,E2_ROLLING__DT-RAMDE_TS2_FULL__VS__NO_LINEAGE_CREDIT,E2_ROLLING,FAILURE_RATE,RR-SHOCK/6,5,0.14000000000000007,0.14000000000000007,0.14000000000000007,comparator_rate_minus_proposed_rate,PRE_R10_SUPPORTING_DESCRIPTIVE_RESULT_AWARE__NO_NEW_CONFIRMATORY_INFERENCE
27,E2_ROLLING__DT-RAMDE_TS2_FULL__VS__NO_LINEAGE_CREDIT,E2_ROLLING,REJECT_SAFETY_FILTER,RR-SHOCK/6,5,0.12,0.12,0.12,comparator_rate_minus_proposed_rate,PRE_R10_SUPPORTING_DESCRIPTIVE_RESULT_AWARE__NO_NEW_CONFIRMATORY_INFERENCE
27,E2_ROLLING__DT-RAMDE_TS2_FULL__VS__NO_LINEAGE_CREDIT,E2_ROLLING,REJECT_BUDGET_NO_FEASIBLE,RR-SHOCK/6,5,0.02,0.02,0.02,comparator_rate_minus_proposed_rate,PRE_R10_SUPPORTING_DESCRIPTIVE_RESULT_AWARE__NO_NEW_CONFIRMATORY_INFERENCE
27,E2_ROLLING__DT-RAMDE_TS2_FULL__VS__NO_LINEAGE_CREDIT,E2_ROLLING,REJECT_NUMERICAL,RR-SHOCK/6,5,0,0,0,comparator_rate_minus_proposed_rate,PRE_R10_SUPPORTING_DESCRIPTIVE_RESULT_AWARE__NO_NEW_CONFIRMATORY_INFERENCE
27,E2_ROLLING__DT-RAMDE_TS2_FULL__VS__NO_LINEAGE_CREDIT,E2_ROLLING,OTHER_NONACCEPTED,RR-SHOCK/6,5,1.1102230246251566e-17,1.1102230246251566e-17,1.1102230246251566e-17,comparator_rate_minus_proposed_rate,PRE_R10_SUPPORTING_DESCRIPTIVE_RESULT_AWARE__NO_NEW_CONFIRMATORY_INFERENCE
27,E2_ROLLING__DT-RAMDE_TS2_FULL__VS__NO_LINEAGE_CREDIT,E2_ROLLING,FAILURE_RATE,RR-SHOCK/7,5,0,0,0,comparator_rate_minus_proposed_rate,PRE_R10_SUPPORTING_DESCRIPTIVE_RESULT_AWARE__NO_NEW_CONFIRMATORY_INFERENCE
27,E2_ROLLING__DT-RAMDE_TS2_FULL__VS__NO_LINEAGE_CREDIT,E2_ROLLING,REJECT_SAFETY_FILTER,RR-SHOCK/7,5,0,0,0,comparator_rate_minus_proposed_rate,PRE_R10_SUPPORTING_DESCRIPTIVE_RESULT_AWARE__NO_NEW_CONFIRMATORY_INFERENCE
27,E2_ROLLING__DT-RAMDE_TS2_FULL__VS__NO_LINEAGE_CREDIT,E2_ROLLING,REJECT_BUDGET_NO_FEASIBLE,RR-SHOCK/7,5,0,0,0,comparator_rate_minus_proposed_rate,PRE_R10_SUPPORTING_DESCRIPTIVE_RESULT_AWARE__NO_NEW_CONFIRMATORY_INFERENCE
27,E2_ROLLING__DT-RAMDE_TS2_FULL__VS__NO_LINEAGE_CREDIT,E2_ROLLING,REJECT_NUMERICAL,RR-SHOCK/7,5,0,0,0,comparator_rate_minus_proposed_rate,PRE_R10_SUPPORTING_DESCRIPTIVE_RESULT_AWARE__NO_NEW_CONFIRMATORY_INFERENCE
27,E2_ROLLING__DT-RAMDE_TS2_FULL__VS__NO_LINEAGE_CREDIT,E2_ROLLING,OTHER_NONACCEPTED,RR-SHOCK/7,5,0,0,0,comparator_rate_minus_proposed_rate,PRE_R10_SUPPORTING_DESCRIPTIVE_RESULT_AWARE__NO_NEW_CONFIRMATORY_INFERENCE
27,E2_ROLLING__DT-RAMDE_TS2_FULL__VS__NO_LINEAGE_CREDIT,E2_ROLLING,FAILURE_RATE,RR-SMOOTH/0,5,0.02,0.02,0.02,comparator_rate_minus_proposed_rate,PRE_R10_SUPPORTING_DESCRIPTIVE_RESULT_AWARE__NO_NEW_CONFIRMATORY_INFERENCE
27,E2_ROLLING__DT-RAMDE_TS2_FULL__VS__NO_LINEAGE_CREDIT,E2_ROLLING,REJECT_SAFETY_FILTER,RR-SMOOTH/0,5,0.02,0.02,0.02,comparator_rate_minus_proposed_rate,PRE_R10_SUPPORTING_DESCRIPTIVE_RESULT_AWARE__NO_NEW_CONFIRMATORY_INFERENCE
27,E2_ROLLING__DT-RAMDE_TS2_FULL__VS__NO_LINEAGE_CREDIT,E2_ROLLING,REJECT_BUDGET_NO_FEASIBLE,RR-SMOOTH/0,5,0,0,0,comparator_rate_minus_proposed_rate,PRE_R10_SUPPORTING_DESCRIPTIVE_RESULT_AWARE__NO_NEW_CONFIRMATORY_INFERENCE
27,E2_ROLLING__DT-RAMDE_TS2_FULL__VS__NO_LINEAGE_CREDIT,E2_ROLLING,REJECT_NUMERICAL,RR-SMOOTH/0,5,0,0,0,comparator_rate_minus_proposed_rate,PRE_R10_SUPPORTING_DESCRIPTIVE_RESULT_AWARE__NO_NEW_CONFIRMATORY_INFERENCE
27,E2_ROLLING__DT-RAMDE_TS2_FULL__VS__NO_LINEAGE_CREDIT,E2_ROLLING,OTHER_NONACCEPTED,RR-SMOOTH/0,5,0,0,0,comparator_rate_minus_proposed_rate,PRE_R10_SUPPORTING_DESCRIPTIVE_RESULT_AWARE__NO_NEW_CONFIRMATORY_INFERENCE
27,E2_ROLLING__DT-RAMDE_TS2_FULL__VS__NO_LINEAGE_CREDIT,E2_ROLLING,FAILURE_RATE,RR-SMOOTH/1,5,-0.0099999999999998979,-0.0099999999999998979,-0.0099999999999998979,comparator_rate_minus_proposed_rate,PRE_R10_SUPPORTING_DESCRIPTIVE_RESULT_AWARE__NO_NEW_CONFIRMATORY_INFERENCE
27,E2_ROLLING__DT-RAMDE_TS2_FULL__VS__NO_LINEAGE_CREDIT,E2_ROLLING,REJECT_SAFETY_FILTER,RR-SMOOTH/1,5,-0.10999999999999996,-0.10999999999999996,-0.10999999999999996,comparator_rate_minus_proposed_rate,PRE_R10_SUPPORTING_DESCRIPTIVE_RESULT_AWARE__NO_NEW_CONFIRMATORY_INFERENCE
27,E2_ROLLING__DT-RAMDE_TS2_FULL__VS__NO_LINEAGE_CREDIT,E2_ROLLING,REJECT_BUDGET_NO_FEASIBLE,RR-SMOOTH/1,5,0.10000000000000001,0.10000000000000001,0.10000000000000001,comparator_rate_minus_proposed_rate,PRE_R10_SUPPORTING_DESCRIPTIVE_RESULT_AWARE__NO_NEW_CONFIRMATORY_INFERENCE
27,E2_ROLLING__DT-RAMDE_TS2_FULL__VS__NO_LINEAGE_CREDIT,E2_ROLLING,REJECT_NUMERICAL,RR-SMOOTH/1,5,0,0,0,comparator_rate_minus_proposed_rate,PRE_R10_SUPPORTING_DESCRIPTIVE_RESULT_AWARE__NO_NEW_CONFIRMATORY_INFERENCE
27,E2_ROLLING__DT-RAMDE_TS2_FULL__VS__NO_LINEAGE_CREDIT,E2_ROLLING,OTHER_NONACCEPTED,RR-SMOOTH/1,5,0,0,0,comparator_rate_minus_proposed_rate,PRE_R10_SUPPORTING_DESCRIPTIVE_RESULT_AWARE__NO_NEW_CONFIRMATORY_INFERENCE
27,E2_ROLLING__DT-RAMDE_TS2_FULL__VS__NO_LINEAGE_CREDIT,E2_ROLLING,FAILURE_RATE,RR-SMOOTH/2,5,0,0,0,comparator_rate_minus_proposed_rate,PRE_R10_SUPPORTING_DESCRIPTIVE_RESULT_AWARE__NO_NEW_CONFIRMATORY_INFERENCE
27,E2_ROLLING__DT-RAMDE_TS2_FULL__VS__NO_LINEAGE_CREDIT,E2_ROLLING,REJECT_SAFETY_FILTER,RR-SMOOTH/2,5,0,0,0,comparator_rate_minus_proposed_rate,PRE_R10_SUPPORTING_DESCRIPTIVE_RESULT_AWARE__NO_NEW_CONFIRMATORY_INFERENCE
27,E2_ROLLING__DT-RAMDE_TS2_FULL__VS__NO_LINEAGE_CREDIT,E2_ROLLING,REJECT_BUDGET_NO_FEASIBLE,RR-SMOOTH/2,5,0,0,0,comparator_rate_minus_proposed_rate,PRE_R10_SUPPORTING_DESCRIPTIVE_RESULT_AWARE__NO_NEW_CONFIRMATORY_INFERENCE
27,E2_ROLLING__DT-RAMDE_TS2_FULL__VS__NO_LINEAGE_CREDIT,E2_ROLLING,REJECT_NUMERICAL,RR-SMOOTH/2,5,0,0,0,comparator_rate_minus_proposed_rate,PRE_R10_SUPPORTING_DESCRIPTIVE_RESULT_AWARE__NO_NEW_CONFIRMATORY_INFERENCE
27,E2_ROLLING__DT-RAMDE_TS2_FULL__VS__NO_LINEAGE_CREDIT,E2_ROLLING,OTHER_NONACCEPTED,RR-SMOOTH/2,5,0,0,0,comparator_rate_minus_proposed_rate,PRE_R10_SUPPORTING_DESCRIPTIVE_RESULT_AWARE__NO_NEW_CONFIRMATORY_INFERENCE
27,E2_ROLLING__DT-RAMDE_TS2_FULL__VS__NO_LINEAGE_CREDIT,E2_ROLLING,FAILURE_RATE,RR-SMOOTH/3,5,-0.010000000000000005,-0.010000000000000005,-0.010000000000000005,comparator_rate_minus_proposed_rate,PRE_R10_SUPPORTING_DESCRIPTIVE_RESULT_AWARE__NO_NEW_CONFIRMATORY_INFERENCE
27,E2_ROLLING__DT-RAMDE_TS2_FULL__VS__NO_LINEAGE_CREDIT,E2_ROLLING,REJECT_SAFETY_FILTER,RR-SMOOTH/3,5,-0.01,-0.01,-0.01,comparator_rate_minus_proposed_rate,PRE_R10_SUPPORTING_DESCRIPTIVE_RESULT_AWARE__NO_NEW_CONFIRMATORY_INFERENCE
27,E2_ROLLING__DT-RAMDE_TS2_FULL__VS__NO_LINEAGE_CREDIT,E2_ROLLING,REJECT_BUDGET_NO_FEASIBLE,RR-SMOOTH/3,5,0,0,0,comparator_rate_minus_proposed_rate,PRE_R10_SUPPORTING_DESCRIPTIVE_RESULT_AWARE__NO_NEW_CONFIRMATORY_INFERENCE
27,E2_ROLLING__DT-RAMDE_TS2_FULL__VS__NO_LINEAGE_CREDIT,E2_ROLLING,REJECT_NUMERICAL,RR-SMOOTH/3,5,0,0,0,comparator_rate_minus_proposed_rate,PRE_R10_SUPPORTING_DESCRIPTIVE_RESULT_AWARE__NO_NEW_CONFIRMATORY_INFERENCE
27,E2_ROLLING__DT-RAMDE_TS2_FULL__VS__NO_LINEAGE_CREDIT,E2_ROLLING,OTHER_NONACCEPTED,RR-SMOOTH/3,5,0,0,0,comparator_rate_minus_proposed_rate,PRE_R10_SUPPORTING_DESCRIPTIVE_RESULT_AWARE__NO_NEW_CONFIRMATORY_INFERENCE
27,E2_ROLLING__DT-RAMDE_TS2_FULL__VS__NO_LINEAGE_CREDIT,E2_ROLLING,FAILURE_RATE,RR-SMOOTH/4,5,0.01000000000000012,0.01000000000000012,0.01000000000000012,comparator_rate_minus_proposed_rate,PRE_R10_SUPPORTING_DESCRIPTIVE_RESULT_AWARE__NO_NEW_CONFIRMATORY_INFERENCE
27,E2_ROLLING__DT-RAMDE_TS2_FULL__VS__NO_LINEAGE_CREDIT,E2_ROLLING,REJECT_SAFETY_FILTER,RR-SMOOTH/4,5,0.029999999999999992,0.029999999999999992,0.029999999999999992,comparator_rate_minus_proposed_rate,PRE_R10_SUPPORTING_DESCRIPTIVE_RESULT_AWARE__NO_NEW_CONFIRMATORY_INFERENCE
27,E2_ROLLING__DT-RAMDE_TS2_FULL__VS__NO_LINEAGE_CREDIT,E2_ROLLING,REJECT_BUDGET_NO_FEASIBLE,RR-SMOOTH/4,5,-0.020000000000000007,-0.020000000000000007,-0.020000000000000007,comparator_rate_minus_proposed_rate,PRE_R10_SUPPORTING_DESCRIPTIVE_RESULT_AWARE__NO_NEW_CONFIRMATORY_INFERENCE
27,E2_ROLLING__DT-RAMDE_TS2_FULL__VS__NO_LINEAGE_CREDIT,E2_ROLLING,REJECT_NUMERICAL,RR-SMOOTH/4,5,0,0,0,comparator_rate_minus_proposed_rate,PRE_R10_SUPPORTING_DESCRIPTIVE_RESULT_AWARE__NO_NEW_CONFIRMATORY_INFERENCE
27,E2_ROLLING__DT-RAMDE_TS2_FULL__VS__NO_LINEAGE_CREDIT,E2_ROLLING,OTHER_NONACCEPTED,RR-SMOOTH/4,5,6.6613381477509402e-17,6.6613381477509402e-17,6.6613381477509402e-17,comparator_rate_minus_proposed_rate,PRE_R10_SUPPORTING_DESCRIPTIVE_RESULT_AWARE__NO_NEW_CONFIRMATORY_INFERENCE
27,E2_ROLLING__DT-RAMDE_TS2_FULL__VS__NO_LINEAGE_CREDIT,E2_ROLLING,FAILURE_RATE,RR-SMOOTH/5,5,0.069999999999999993,0.069999999999999993,0.069999999999999993,comparator_rate_minus_proposed_rate,PRE_R10_SUPPORTING_DESCRIPTIVE_RESULT_AWARE__NO_NEW_CONFIRMATORY_INFERENCE
27,E2_ROLLING__DT-RAMDE_TS2_FULL__VS__NO_LINEAGE_CREDIT,E2_ROLLING,REJECT_SAFETY_FILTER,RR-SMOOTH/5,5,0.069999999999999993,0.069999999999999993,0.069999999999999993,comparator_rate_minus_proposed_rate,PRE_R10_SUPPORTING_DESCRIPTIVE_RESULT_AWARE__NO_NEW_CONFIRMATORY_INFERENCE
27,E2_ROLLING__DT-RAMDE_TS2_FULL__VS__NO_LINEAGE_CREDIT,E2_ROLLING,REJECT_BUDGET_NO_FEASIBLE,RR-SMOOTH/5,5,0,0,0,comparator_rate_minus_proposed_rate,PRE_R10_SUPPORTING_DESCRIPTIVE_RESULT_AWARE__NO_NEW_CONFIRMATORY_INFERENCE
27,E2_ROLLING__DT-RAMDE_TS2_FULL__VS__NO_LINEAGE_CREDIT,E2_ROLLING,REJECT_NUMERICAL,RR-SMOOTH/5,5,0,0,0,comparator_rate_minus_proposed_rate,PRE_R10_SUPPORTING_DESCRIPTIVE_RESULT_AWARE__NO_NEW_CONFIRMATORY_INFERENCE
27,E2_ROLLING__DT-RAMDE_TS2_FULL__VS__NO_LINEAGE_CREDIT,E2_ROLLING,OTHER_NONACCEPTED,RR-SMOOTH/5,5,0,0,0,comparator_rate_minus_proposed_rate,PRE_R10_SUPPORTING_DESCRIPTIVE_RESULT_AWARE__NO_NEW_CONFIRMATORY_INFERENCE
27,E2_ROLLING__DT-RAMDE_TS2_FULL__VS__NO_LINEAGE_CREDIT,E2_ROLLING,FAILURE_RATE,RR-SMOOTH/6,5,-0.030000000000000027,-0.030000000000000027,-0.030000000000000027,comparator_rate_minus_proposed_rate,PRE_R10_SUPPORTING_DESCRIPTIVE_RESULT_AWARE__NO_NEW_CONFIRMATORY_INFERENCE
27,E2_ROLLING__DT-RAMDE_TS2_FULL__VS__NO_LINEAGE_CREDIT,E2_ROLLING,REJECT_SAFETY_FILTER,RR-SMOOTH/6,5,0.020000000000000018,0.020000000000000018,0.020000000000000018,comparator_rate_minus_proposed_rate,PRE_R10_SUPPORTING_DESCRIPTIVE_RESULT_AWARE__NO_NEW_CONFIRMATORY_INFERENCE
27,E2_ROLLING__DT-RAMDE_TS2_FULL__VS__NO_LINEAGE_CREDIT,E2_ROLLING,REJECT_BUDGET_NO_FEASIBLE,RR-SMOOTH/6,5,-0.050000000000000003,-0.050000000000000003,-0.050000000000000003,comparator_rate_minus_proposed_rate,PRE_R10_SUPPORTING_DESCRIPTIVE_RESULT_AWARE__NO_NEW_CONFIRMATORY_INFERENCE
27,E2_ROLLING__DT-RAMDE_TS2_FULL__VS__NO_LINEAGE_CREDIT,E2_ROLLING,REJECT_NUMERICAL,RR-SMOOTH/6,5,0,0,0,comparator_rate_minus_proposed_rate,PRE_R10_SUPPORTING_DESCRIPTIVE_RESULT_AWARE__NO_NEW_CONFIRMATORY_INFERENCE
27,E2_ROLLING__DT-RAMDE_TS2_FULL__VS__NO_LINEAGE_CREDIT,E2_ROLLING,OTHER_NONACCEPTED,RR-SMOOTH/6,5,-2.2204460492503132e-17,-2.2204460492503132e-17,-2.2204460492503132e-17,comparator_rate_minus_proposed_rate,PRE_R10_SUPPORTING_DESCRIPTIVE_RESULT_AWARE__NO_NEW_CONFIRMATORY_INFERENCE
27,E2_ROLLING__DT-RAMDE_TS2_FULL__VS__NO_LINEAGE_CREDIT,E2_ROLLING,FAILURE_RATE,RR-SMOOTH/7,5,0.020000000000000018,0.020000000000000018,0.020000000000000018,comparator_rate_minus_proposed_rate,PRE_R10_SUPPORTING_DESCRIPTIVE_RESULT_AWARE__NO_NEW_CONFIRMATORY_INFERENCE
27,E2_ROLLING__DT-RAMDE_TS2_FULL__VS__NO_LINEAGE_CREDIT,E2_ROLLING,REJECT_SAFETY_FILTER,RR-SMOOTH/7,5,0.02,0.02,0.02,comparator_rate_minus_proposed_rate,PRE_R10_SUPPORTING_DESCRIPTIVE_RESULT_AWARE__NO_NEW_CONFIRMATORY_INFERENCE
27,E2_ROLLING__DT-RAMDE_TS2_FULL__VS__NO_LINEAGE_CREDIT,E2_ROLLING,REJECT_BUDGET_NO_FEASIBLE,RR-SMOOTH/7,5,0,0,0,comparator_rate_minus_proposed_rate,PRE_R10_SUPPORTING_DESCRIPTIVE_RESULT_AWARE__NO_NEW_CONFIRMATORY_INFERENCE
27,E2_ROLLING__DT-RAMDE_TS2_FULL__VS__NO_LINEAGE_CREDIT,E2_ROLLING,REJECT_NUMERICAL,RR-SMOOTH/7,5,0,0,0,comparator_rate_minus_proposed_rate,PRE_R10_SUPPORTING_DESCRIPTIVE_RESULT_AWARE__NO_NEW_CONFIRMATORY_INFERENCE
27,E2_ROLLING__DT-RAMDE_TS2_FULL__VS__NO_LINEAGE_CREDIT,E2_ROLLING,OTHER_NONACCEPTED,RR-SMOOTH/7,5,0,0,0,comparator_rate_minus_proposed_rate,PRE_R10_SUPPORTING_DESCRIPTIVE_RESULT_AWARE__NO_NEW_CONFIRMATORY_INFERENCE
28,E2_ROLLING__DT-RAMDE_TS2_FULL__VS__CROSS_EVENT_WARM_START_ONLY,E2_ROLLING,FAILURE_RATE,RR-INTERMITTENT/0,5,-0.020000000000000018,-0.020000000000000018,-0.020000000000000018,comparator_rate_minus_proposed_rate,PRE_R10_SUPPORTING_DESCRIPTIVE_RESULT_AWARE__NO_NEW_CONFIRMATORY_INFERENCE
28,E2_ROLLING__DT-RAMDE_TS2_FULL__VS__CROSS_EVENT_WARM_START_ONLY,E2_ROLLING,REJECT_SAFETY_FILTER,RR-INTERMITTENT/0,5,-0.040000000000000001,-0.040000000000000001,-0.040000000000000001,comparator_rate_minus_proposed_rate,PRE_R10_SUPPORTING_DESCRIPTIVE_RESULT_AWARE__NO_NEW_CONFIRMATORY_INFERENCE
28,E2_ROLLING__DT-RAMDE_TS2_FULL__VS__CROSS_EVENT_WARM_START_ONLY,E2_ROLLING,REJECT_BUDGET_NO_FEASIBLE,RR-INTERMITTENT/0,5,0.02,0.02,0.02,comparator_rate_minus_proposed_rate,PRE_R10_SUPPORTING_DESCRIPTIVE_RESULT_AWARE__NO_NEW_CONFIRMATORY_INFERENCE
28,E2_ROLLING__DT-RAMDE_TS2_FULL__VS__CROSS_EVENT_WARM_START_ONLY,E2_ROLLING,REJECT_NUMERICAL,RR-INTERMITTENT/0,5,0,0,0,comparator_rate_minus_proposed_rate,PRE_R10_SUPPORTING_DESCRIPTIVE_RESULT_AWARE__NO_NEW_CONFIRMATORY_INFERENCE
28,E2_ROLLING__DT-RAMDE_TS2_FULL__VS__CROSS_EVENT_WARM_START_ONLY,E2_ROLLING,OTHER_NONACCEPTED,RR-INTERMITTENT/0,5,0,0,0,comparator_rate_minus_proposed_rate,PRE_R10_SUPPORTING_DESCRIPTIVE_RESULT_AWARE__NO_NEW_CONFIRMATORY_INFERENCE
28,E2_ROLLING__DT-RAMDE_TS2_FULL__VS__CROSS_EVENT_WARM_START_ONLY,E2_ROLLING,FAILURE_RATE,RR-INTERMITTENT/1,5,-0.010000000000000009,-0.010000000000000009,-0.010000000000000009,comparator_rate_minus_proposed_rate,PRE_R10_SUPPORTING_DESCRIPTIVE_RESULT_AWARE__NO_NEW_CONFIRMATORY_INFERENCE
28,E2_ROLLING__DT-RAMDE_TS2_FULL__VS__CROSS_EVENT_WARM_START_ONLY,E2_ROLLING,REJECT_SAFETY_FILTER,RR-INTERMITTENT/1,5,-0.01,-0.01,-0.01,comparator_rate_minus_proposed_rate,PRE_R10_SUPPORTING_DESCRIPTIVE_RESULT_AWARE__NO_NEW_CONFIRMATORY_INFERENCE
28,E2_ROLLING__DT-RAMDE_TS2_FULL__VS__CROSS_EVENT_WARM_START_ONLY,E2_ROLLING,REJECT_BUDGET_NO_FEASIBLE,RR-INTERMITTENT/1,5,0,0,0,comparator_rate_minus_proposed_rate,PRE_R10_SUPPORTING_DESCRIPTIVE_RESULT_AWARE__NO_NEW_CONFIRMATORY_INFERENCE
28,E2_ROLLING__DT-RAMDE_TS2_FULL__VS__CROSS_EVENT_WARM_START_ONLY,E2_ROLLING,REJECT_NUMERICAL,RR-INTERMITTENT/1,5,0,0,0,comparator_rate_minus_proposed_rate,PRE_R10_SUPPORTING_DESCRIPTIVE_RESULT_AWARE__NO_NEW_CONFIRMATORY_INFERENCE
28,E2_ROLLING__DT-RAMDE_TS2_FULL__VS__CROSS_EVENT_WARM_START_ONLY,E2_ROLLING,OTHER_NONACCEPTED,RR-INTERMITTENT/1,5,0,0,0,comparator_rate_minus_proposed_rate,PRE_R10_SUPPORTING_DESCRIPTIVE_RESULT_AWARE__NO_NEW_CONFIRMATORY_INFERENCE
28,E2_ROLLING__DT-RAMDE_TS2_FULL__VS__CROSS_EVENT_WARM_START_ONLY,E2_ROLLING,FAILURE_RATE,RR-INTERMITTENT/2,5,-0.030000000000000006,-0.030000000000000006,-0.030000000000000006,comparator_rate_minus_proposed_rate,PRE_R10_SUPPORTING_DESCRIPTIVE_RESULT_AWARE__NO_NEW_CONFIRMATORY_INFERENCE
28,E2_ROLLING__DT-RAMDE_TS2_FULL__VS__CROSS_EVENT_WARM_START_ONLY,E2_ROLLING,REJECT_SAFETY_FILTER,RR-INTERMITTENT/2,5,-0.030000000000000006,-0.030000000000000006,-0.030000000000000006,comparator_rate_minus_proposed_rate,PRE_R10_SUPPORTING_DESCRIPTIVE_RESULT_AWARE__NO_NEW_CONFIRMATORY_INFERENCE
28,E2_ROLLING__DT-RAMDE_TS2_FULL__VS__CROSS_EVENT_WARM_START_ONLY,E2_ROLLING,REJECT_BUDGET_NO_FEASIBLE,RR-INTERMITTENT/2,5,0,0,0,comparator_rate_minus_proposed_rate,PRE_R10_SUPPORTING_DESCRIPTIVE_RESULT_AWARE__NO_NEW_CONFIRMATORY_INFERENCE
28,E2_ROLLING__DT-RAMDE_TS2_FULL__VS__CROSS_EVENT_WARM_START_ONLY,E2_ROLLING,REJECT_NUMERICAL,RR-INTERMITTENT/2,5,0,0,0,comparator_rate_minus_proposed_rate,PRE_R10_SUPPORTING_DESCRIPTIVE_RESULT_AWARE__NO_NEW_CONFIRMATORY_INFERENCE
28,E2_ROLLING__DT-RAMDE_TS2_FULL__VS__CROSS_EVENT_WARM_START_ONLY,E2_ROLLING,OTHER_NONACCEPTED,RR-INTERMITTENT/2,5,0,0,0,comparator_rate_minus_proposed_rate,PRE_R10_SUPPORTING_DESCRIPTIVE_RESULT_AWARE__NO_NEW_CONFIRMATORY_INFERENCE
28,E2_ROLLING__DT-RAMDE_TS2_FULL__VS__CROSS_EVENT_WARM_START_ONLY,E2_ROLLING,FAILURE_RATE,RR-INTERMITTENT/3,5,-0.11000000000000004,-0.11000000000000004,-0.11000000000000004,comparator_rate_minus_proposed_rate,PRE_R10_SUPPORTING_DESCRIPTIVE_RESULT_AWARE__NO_NEW_CONFIRMATORY_INFERENCE
28,E2_ROLLING__DT-RAMDE_TS2_FULL__VS__CROSS_EVENT_WARM_START_ONLY,E2_ROLLING,REJECT_SAFETY_FILTER,RR-INTERMITTENT/3,5,0.030000000000000016,0.030000000000000016,0.030000000000000016,comparator_rate_minus_proposed_rate,PRE_R10_SUPPORTING_DESCRIPTIVE_RESULT_AWARE__NO_NEW_CONFIRMATORY_INFERENCE
28,E2_ROLLING__DT-RAMDE_TS2_FULL__VS__CROSS_EVENT_WARM_START_ONLY,E2_ROLLING,REJECT_BUDGET_NO_FEASIBLE,RR-INTERMITTENT/3,5,-0.13999999999999999,-0.13999999999999999,-0.13999999999999999,comparator_rate_minus_proposed_rate,PRE_R10_SUPPORTING_DESCRIPTIVE_RESULT_AWARE__NO_NEW_CONFIRMATORY_INFERENCE
28,E2_ROLLING__DT-RAMDE_TS2_FULL__VS__CROSS_EVENT_WARM_START_ONLY,E2_ROLLING,REJECT_NUMERICAL,RR-INTERMITTENT/3,5,0,0,0,comparator_rate_minus_proposed_rate,PRE_R10_SUPPORTING_DESCRIPTIVE_RESULT_AWARE__NO_NEW_CONFIRMATORY_INFERENCE
28,E2_ROLLING__DT-RAMDE_TS2_FULL__VS__CROSS_EVENT_WARM_START_ONLY,E2_ROLLING,OTHER_NONACCEPTED,RR-INTERMITTENT/3,5,-2.2204460492503132e-17,-2.2204460492503132e-17,-2.2204460492503132e-17,comparator_rate_minus_proposed_rate,PRE_R10_SUPPORTING_DESCRIPTIVE_RESULT_AWARE__NO_NEW_CONFIRMATORY_INFERENCE
28,E2_ROLLING__DT-RAMDE_TS2_FULL__VS__CROSS_EVENT_WARM_START_ONLY,E2_ROLLING,FAILURE_RATE,RR-INTERMITTENT/4,5,-0.039999999999999994,-0.039999999999999994,-0.039999999999999994,comparator_rate_minus_proposed_rate,PRE_R10_SUPPORTING_DESCRIPTIVE_RESULT_AWARE__NO_NEW_CONFIRMATORY_INFERENCE
28,E2_ROLLING__DT-RAMDE_TS2_FULL__VS__CROSS_EVENT_WARM_START_ONLY,E2_ROLLING,REJECT_SAFETY_FILTER,RR-INTERMITTENT/4,5,-0.040000000000000001,-0.040000000000000001,-0.040000000000000001,comparator_rate_minus_proposed_rate,PRE_R10_SUPPORTING_DESCRIPTIVE_RESULT_AWARE__NO_NEW_CONFIRMATORY_INFERENCE
28,E2_ROLLING__DT-RAMDE_TS2_FULL__VS__CROSS_EVENT_WARM_START_ONLY,E2_ROLLING,REJECT_BUDGET_NO_FEASIBLE,RR-INTERMITTENT/4,5,0,0,0,comparator_rate_minus_proposed_rate,PRE_R10_SUPPORTING_DESCRIPTIVE_RESULT_AWARE__NO_NEW_CONFIRMATORY_INFERENCE
28,E2_ROLLING__DT-RAMDE_TS2_FULL__VS__CROSS_EVENT_WARM_START_ONLY,E2_ROLLING,REJECT_NUMERICAL,RR-INTERMITTENT/4,5,0,0,0,comparator_rate_minus_proposed_rate,PRE_R10_SUPPORTING_DESCRIPTIVE_RESULT_AWARE__NO_NEW_CONFIRMATORY_INFERENCE
28,E2_ROLLING__DT-RAMDE_TS2_FULL__VS__CROSS_EVENT_WARM_START_ONLY,E2_ROLLING,OTHER_NONACCEPTED,RR-INTERMITTENT/4,5,0,0,0,comparator_rate_minus_proposed_rate,PRE_R10_SUPPORTING_DESCRIPTIVE_RESULT_AWARE__NO_NEW_CONFIRMATORY_INFERENCE
28,E2_ROLLING__DT-RAMDE_TS2_FULL__VS__CROSS_EVENT_WARM_START_ONLY,E2_ROLLING,FAILURE_RATE,RR-INTERMITTENT/5,5,-0.17999999999999999,-0.17999999999999999,-0.17999999999999999,comparator_rate_minus_proposed_rate,PRE_R10_SUPPORTING_DESCRIPTIVE_RESULT_AWARE__NO_NEW_CONFIRMATORY_INFERENCE
28,E2_ROLLING__DT-RAMDE_TS2_FULL__VS__CROSS_EVENT_WARM_START_ONLY,E2_ROLLING,REJECT_SAFETY_FILTER,RR-INTERMITTENT/5,5,-0.17999999999999999,-0.17999999999999999,-0.17999999999999999,comparator_rate_minus_proposed_rate,PRE_R10_SUPPORTING_DESCRIPTIVE_RESULT_AWARE__NO_NEW_CONFIRMATORY_INFERENCE
28,E2_ROLLING__DT-RAMDE_TS2_FULL__VS__CROSS_EVENT_WARM_START_ONLY,E2_ROLLING,REJECT_BUDGET_NO_FEASIBLE,RR-INTERMITTENT/5,5,0,0,0,comparator_rate_minus_proposed_rate,PRE_R10_SUPPORTING_DESCRIPTIVE_RESULT_AWARE__NO_NEW_CONFIRMATORY_INFERENCE
28,E2_ROLLING__DT-RAMDE_TS2_FULL__VS__CROSS_EVENT_WARM_START_ONLY,E2_ROLLING,REJECT_NUMERICAL,RR-INTERMITTENT/5,5,0,0,0,comparator_rate_minus_proposed_rate,PRE_R10_SUPPORTING_DESCRIPTIVE_RESULT_AWARE__NO_NEW_CONFIRMATORY_INFERENCE
28,E2_ROLLING__DT-RAMDE_TS2_FULL__VS__CROSS_EVENT_WARM_START_ONLY,E2_ROLLING,OTHER_NONACCEPTED,RR-INTERMITTENT/5,5,0,0,0,comparator_rate_minus_proposed_rate,PRE_R10_SUPPORTING_DESCRIPTIVE_RESULT_AWARE__NO_NEW_CONFIRMATORY_INFERENCE
28,E2_ROLLING__DT-RAMDE_TS2_FULL__VS__CROSS_EVENT_WARM_START_ONLY,E2_ROLLING,FAILURE_RATE,RR-INTERMITTENT/6,5,0.01,0.01,0.01,comparator_rate_minus_proposed_rate,PRE_R10_SUPPORTING_DESCRIPTIVE_RESULT_AWARE__NO_NEW_CONFIRMATORY_INFERENCE
28,E2_ROLLING__DT-RAMDE_TS2_FULL__VS__CROSS_EVENT_WARM_START_ONLY,E2_ROLLING,REJECT_SAFETY_FILTER,RR-INTERMITTENT/6,5,0.01,0.01,0.01,comparator_rate_minus_proposed_rate,PRE_R10_SUPPORTING_DESCRIPTIVE_RESULT_AWARE__NO_NEW_CONFIRMATORY_INFERENCE
28,E2_ROLLING__DT-RAMDE_TS2_FULL__VS__CROSS_EVENT_WARM_START_ONLY,E2_ROLLING,REJECT_BUDGET_NO_FEASIBLE,RR-INTERMITTENT/6,5,0,0,0,comparator_rate_minus_proposed_rate,PRE_R10_SUPPORTING_DESCRIPTIVE_RESULT_AWARE__NO_NEW_CONFIRMATORY_INFERENCE
28,E2_ROLLING__DT-RAMDE_TS2_FULL__VS__CROSS_EVENT_WARM_START_ONLY,E2_ROLLING,REJECT_NUMERICAL,RR-INTERMITTENT/6,5,0,0,0,comparator_rate_minus_proposed_rate,PRE_R10_SUPPORTING_DESCRIPTIVE_RESULT_AWARE__NO_NEW_CONFIRMATORY_INFERENCE
28,E2_ROLLING__DT-RAMDE_TS2_FULL__VS__CROSS_EVENT_WARM_START_ONLY,E2_ROLLING,OTHER_NONACCEPTED,RR-INTERMITTENT/6,5,0,0,0,comparator_rate_minus_proposed_rate,PRE_R10_SUPPORTING_DESCRIPTIVE_RESULT_AWARE__NO_NEW_CONFIRMATORY_INFERENCE
28,E2_ROLLING__DT-RAMDE_TS2_FULL__VS__CROSS_EVENT_WARM_START_ONLY,E2_ROLLING,FAILURE_RATE,RR-INTERMITTENT/7,5,-0.050000000000000044,-0.050000000000000044,-0.050000000000000044,comparator_rate_minus_proposed_rate,PRE_R10_SUPPORTING_DESCRIPTIVE_RESULT_AWARE__NO_NEW_CONFIRMATORY_INFERENCE
28,E2_ROLLING__DT-RAMDE_TS2_FULL__VS__CROSS_EVENT_WARM_START_ONLY,E2_ROLLING,REJECT_SAFETY_FILTER,RR-INTERMITTENT/7,5,-0.050000000000000003,-0.050000000000000003,-0.050000000000000003,comparator_rate_minus_proposed_rate,PRE_R10_SUPPORTING_DESCRIPTIVE_RESULT_AWARE__NO_NEW_CONFIRMATORY_INFERENCE
28,E2_ROLLING__DT-RAMDE_TS2_FULL__VS__CROSS_EVENT_WARM_START_ONLY,E2_ROLLING,REJECT_BUDGET_NO_FEASIBLE,RR-INTERMITTENT/7,5,0,0,0,comparator_rate_minus_proposed_rate,PRE_R10_SUPPORTING_DESCRIPTIVE_RESULT_AWARE__NO_NEW_CONFIRMATORY_INFERENCE
28,E2_ROLLING__DT-RAMDE_TS2_FULL__VS__CROSS_EVENT_WARM_START_ONLY,E2_ROLLING,REJECT_NUMERICAL,RR-INTERMITTENT/7,5,0,0,0,comparator_rate_minus_proposed_rate,PRE_R10_SUPPORTING_DESCRIPTIVE_RESULT_AWARE__NO_NEW_CONFIRMATORY_INFERENCE
28,E2_ROLLING__DT-RAMDE_TS2_FULL__VS__CROSS_EVENT_WARM_START_ONLY,E2_ROLLING,OTHER_NONACCEPTED,RR-INTERMITTENT/7,5,0,0,0,comparator_rate_minus_proposed_rate,PRE_R10_SUPPORTING_DESCRIPTIVE_RESULT_AWARE__NO_NEW_CONFIRMATORY_INFERENCE
28,E2_ROLLING__DT-RAMDE_TS2_FULL__VS__CROSS_EVENT_WARM_START_ONLY,E2_ROLLING,FAILURE_RATE,RR-REJECTION/0,5,-0.019999999999999962,-0.019999999999999962,-0.019999999999999962,comparator_rate_minus_proposed_rate,PRE_R10_SUPPORTING_DESCRIPTIVE_RESULT_AWARE__NO_NEW_CONFIRMATORY_INFERENCE
28,E2_ROLLING__DT-RAMDE_TS2_FULL__VS__CROSS_EVENT_WARM_START_ONLY,E2_ROLLING,REJECT_SAFETY_FILTER,RR-REJECTION/0,5,-0.019999999999999997,-0.019999999999999997,-0.019999999999999997,comparator_rate_minus_proposed_rate,PRE_R10_SUPPORTING_DESCRIPTIVE_RESULT_AWARE__NO_NEW_CONFIRMATORY_INFERENCE
28,E2_ROLLING__DT-RAMDE_TS2_FULL__VS__CROSS_EVENT_WARM_START_ONLY,E2_ROLLING,REJECT_BUDGET_NO_FEASIBLE,RR-REJECTION/0,5,0,0,0,comparator_rate_minus_proposed_rate,PRE_R10_SUPPORTING_DESCRIPTIVE_RESULT_AWARE__NO_NEW_CONFIRMATORY_INFERENCE
28,E2_ROLLING__DT-RAMDE_TS2_FULL__VS__CROSS_EVENT_WARM_START_ONLY,E2_ROLLING,REJECT_NUMERICAL,RR-REJECTION/0,5,0,0,0,comparator_rate_minus_proposed_rate,PRE_R10_SUPPORTING_DESCRIPTIVE_RESULT_AWARE__NO_NEW_CONFIRMATORY_INFERENCE
28,E2_ROLLING__DT-RAMDE_TS2_FULL__VS__CROSS_EVENT_WARM_START_ONLY,E2_ROLLING,OTHER_NONACCEPTED,RR-REJECTION/0,5,0,0,0,comparator_rate_minus_proposed_rate,PRE_R10_SUPPORTING_DESCRIPTIVE_RESULT_AWARE__NO_NEW_CONFIRMATORY_INFERENCE
28,E2_ROLLING__DT-RAMDE_TS2_FULL__VS__CROSS_EVENT_WARM_START_ONLY,E2_ROLLING,FAILURE_RATE,RR-REJECTION/1,5,0,0,0,comparator_rate_minus_proposed_rate,PRE_R10_SUPPORTING_DESCRIPTIVE_RESULT_AWARE__NO_NEW_CONFIRMATORY_INFERENCE
28,E2_ROLLING__DT-RAMDE_TS2_FULL__VS__CROSS_EVENT_WARM_START_ONLY,E2_ROLLING,REJECT_SAFETY_FILTER,RR-REJECTION/1,5,0,0,0,comparator_rate_minus_proposed_rate,PRE_R10_SUPPORTING_DESCRIPTIVE_RESULT_AWARE__NO_NEW_CONFIRMATORY_INFERENCE
28,E2_ROLLING__DT-RAMDE_TS2_FULL__VS__CROSS_EVENT_WARM_START_ONLY,E2_ROLLING,REJECT_BUDGET_NO_FEASIBLE,RR-REJECTION/1,5,0,0,0,comparator_rate_minus_proposed_rate,PRE_R10_SUPPORTING_DESCRIPTIVE_RESULT_AWARE__NO_NEW_CONFIRMATORY_INFERENCE
28,E2_ROLLING__DT-RAMDE_TS2_FULL__VS__CROSS_EVENT_WARM_START_ONLY,E2_ROLLING,REJECT_NUMERICAL,RR-REJECTION/1,5,0,0,0,comparator_rate_minus_proposed_rate,PRE_R10_SUPPORTING_DESCRIPTIVE_RESULT_AWARE__NO_NEW_CONFIRMATORY_INFERENCE
28,E2_ROLLING__DT-RAMDE_TS2_FULL__VS__CROSS_EVENT_WARM_START_ONLY,E2_ROLLING,OTHER_NONACCEPTED,RR-REJECTION/1,5,0,0,0,comparator_rate_minus_proposed_rate,PRE_R10_SUPPORTING_DESCRIPTIVE_RESULT_AWARE__NO_NEW_CONFIRMATORY_INFERENCE
28,E2_ROLLING__DT-RAMDE_TS2_FULL__VS__CROSS_EVENT_WARM_START_ONLY,E2_ROLLING,FAILURE_RATE,RR-REJECTION/2,5,0,0,0,comparator_rate_minus_proposed_rate,PRE_R10_SUPPORTING_DESCRIPTIVE_RESULT_AWARE__NO_NEW_CONFIRMATORY_INFERENCE
28,E2_ROLLING__DT-RAMDE_TS2_FULL__VS__CROSS_EVENT_WARM_START_ONLY,E2_ROLLING,REJECT_SAFETY_FILTER,RR-REJECTION/2,5,0,0,0,comparator_rate_minus_proposed_rate,PRE_R10_SUPPORTING_DESCRIPTIVE_RESULT_AWARE__NO_NEW_CONFIRMATORY_INFERENCE
28,E2_ROLLING__DT-RAMDE_TS2_FULL__VS__CROSS_EVENT_WARM_START_ONLY,E2_ROLLING,REJECT_BUDGET_NO_FEASIBLE,RR-REJECTION/2,5,0,0,0,comparator_rate_minus_proposed_rate,PRE_R10_SUPPORTING_DESCRIPTIVE_RESULT_AWARE__NO_NEW_CONFIRMATORY_INFERENCE
28,E2_ROLLING__DT-RAMDE_TS2_FULL__VS__CROSS_EVENT_WARM_START_ONLY,E2_ROLLING,REJECT_NUMERICAL,RR-REJECTION/2,5,0,0,0,comparator_rate_minus_proposed_rate,PRE_R10_SUPPORTING_DESCRIPTIVE_RESULT_AWARE__NO_NEW_CONFIRMATORY_INFERENCE
28,E2_ROLLING__DT-RAMDE_TS2_FULL__VS__CROSS_EVENT_WARM_START_ONLY,E2_ROLLING,OTHER_NONACCEPTED,RR-REJECTION/2,5,0,0,0,comparator_rate_minus_proposed_rate,PRE_R10_SUPPORTING_DESCRIPTIVE_RESULT_AWARE__NO_NEW_CONFIRMATORY_INFERENCE
28,E2_ROLLING__DT-RAMDE_TS2_FULL__VS__CROSS_EVENT_WARM_START_ONLY,E2_ROLLING,FAILURE_RATE,RR-REJECTION/3,5,0.31,0.31,0.31,comparator_rate_minus_proposed_rate,PRE_R10_SUPPORTING_DESCRIPTIVE_RESULT_AWARE__NO_NEW_CONFIRMATORY_INFERENCE
28,E2_ROLLING__DT-RAMDE_TS2_FULL__VS__CROSS_EVENT_WARM_START_ONLY,E2_ROLLING,REJECT_SAFETY_FILTER,RR-REJECTION/3,5,0.31,0.31,0.31,comparator_rate_minus_proposed_rate,PRE_R10_SUPPORTING_DESCRIPTIVE_RESULT_AWARE__NO_NEW_CONFIRMATORY_INFERENCE
28,E2_ROLLING__DT-RAMDE_TS2_FULL__VS__CROSS_EVENT_WARM_START_ONLY,E2_ROLLING,REJECT_BUDGET_NO_FEASIBLE,RR-REJECTION/3,5,0,0,0,comparator_rate_minus_proposed_rate,PRE_R10_SUPPORTING_DESCRIPTIVE_RESULT_AWARE__NO_NEW_CONFIRMATORY_INFERENCE
28,E2_ROLLING__DT-RAMDE_TS2_FULL__VS__CROSS_EVENT_WARM_START_ONLY,E2_ROLLING,REJECT_NUMERICAL,RR-REJECTION/3,5,0,0,0,comparator_rate_minus_proposed_rate,PRE_R10_SUPPORTING_DESCRIPTIVE_RESULT_AWARE__NO_NEW_CONFIRMATORY_INFERENCE
28,E2_ROLLING__DT-RAMDE_TS2_FULL__VS__CROSS_EVENT_WARM_START_ONLY,E2_ROLLING,OTHER_NONACCEPTED,RR-REJECTION/3,5,0,0,0,comparator_rate_minus_proposed_rate,PRE_R10_SUPPORTING_DESCRIPTIVE_RESULT_AWARE__NO_NEW_CONFIRMATORY_INFERENCE
28,E2_ROLLING__DT-RAMDE_TS2_FULL__VS__CROSS_EVENT_WARM_START_ONLY,E2_ROLLING,FAILURE_RATE,RR-REJECTION/4,5,0.13,0.13,0.13,comparator_rate_minus_proposed_rate,PRE_R10_SUPPORTING_DESCRIPTIVE_RESULT_AWARE__NO_NEW_CONFIRMATORY_INFERENCE
28,E2_ROLLING__DT-RAMDE_TS2_FULL__VS__CROSS_EVENT_WARM_START_ONLY,E2_ROLLING,REJECT_SAFETY_FILTER,RR-REJECTION/4,5,0.13,0.13,0.13,comparator_rate_minus_proposed_rate,PRE_R10_SUPPORTING_DESCRIPTIVE_RESULT_AWARE__NO_NEW_CONFIRMATORY_INFERENCE
28,E2_ROLLING__DT-RAMDE_TS2_FULL__VS__CROSS_EVENT_WARM_START_ONLY,E2_ROLLING,REJECT_BUDGET_NO_FEASIBLE,RR-REJECTION/4,5,0,0,0,comparator_rate_minus_proposed_rate,PRE_R10_SUPPORTING_DESCRIPTIVE_RESULT_AWARE__NO_NEW_CONFIRMATORY_INFERENCE
28,E2_ROLLING__DT-RAMDE_TS2_FULL__VS__CROSS_EVENT_WARM_START_ONLY,E2_ROLLING,REJECT_NUMERICAL,RR-REJECTION/4,5,0,0,0,comparator_rate_minus_proposed_rate,PRE_R10_SUPPORTING_DESCRIPTIVE_RESULT_AWARE__NO_NEW_CONFIRMATORY_INFERENCE
28,E2_ROLLING__DT-RAMDE_TS2_FULL__VS__CROSS_EVENT_WARM_START_ONLY,E2_ROLLING,OTHER_NONACCEPTED,RR-REJECTION/4,5,0,0,0,comparator_rate_minus_proposed_rate,PRE_R10_SUPPORTING_DESCRIPTIVE_RESULT_AWARE__NO_NEW_CONFIRMATORY_INFERENCE
28,E2_ROLLING__DT-RAMDE_TS2_FULL__VS__CROSS_EVENT_WARM_START_ONLY,E2_ROLLING,FAILURE_RATE,RR-REJECTION/5,5,0.089999999999999997,0.089999999999999997,0.089999999999999997,comparator_rate_minus_proposed_rate,PRE_R10_SUPPORTING_DESCRIPTIVE_RESULT_AWARE__NO_NEW_CONFIRMATORY_INFERENCE
28,E2_ROLLING__DT-RAMDE_TS2_FULL__VS__CROSS_EVENT_WARM_START_ONLY,E2_ROLLING,REJECT_SAFETY_FILTER,RR-REJECTION/5,5,0.089999999999999997,0.089999999999999997,0.089999999999999997,comparator_rate_minus_proposed_rate,PRE_R10_SUPPORTING_DESCRIPTIVE_RESULT_AWARE__NO_NEW_CONFIRMATORY_INFERENCE
28,E2_ROLLING__DT-RAMDE_TS2_FULL__VS__CROSS_EVENT_WARM_START_ONLY,E2_ROLLING,REJECT_BUDGET_NO_FEASIBLE,RR-REJECTION/5,5,0,0,0,comparator_rate_minus_proposed_rate,PRE_R10_SUPPORTING_DESCRIPTIVE_RESULT_AWARE__NO_NEW_CONFIRMATORY_INFERENCE
28,E2_ROLLING__DT-RAMDE_TS2_FULL__VS__CROSS_EVENT_WARM_START_ONLY,E2_ROLLING,REJECT_NUMERICAL,RR-REJECTION/5,5,0,0,0,comparator_rate_minus_proposed_rate,PRE_R10_SUPPORTING_DESCRIPTIVE_RESULT_AWARE__NO_NEW_CONFIRMATORY_INFERENCE
28,E2_ROLLING__DT-RAMDE_TS2_FULL__VS__CROSS_EVENT_WARM_START_ONLY,E2_ROLLING,OTHER_NONACCEPTED,RR-REJECTION/5,5,0,0,0,comparator_rate_minus_proposed_rate,PRE_R10_SUPPORTING_DESCRIPTIVE_RESULT_AWARE__NO_NEW_CONFIRMATORY_INFERENCE
28,E2_ROLLING__DT-RAMDE_TS2_FULL__VS__CROSS_EVENT_WARM_START_ONLY,E2_ROLLING,FAILURE_RATE,RR-REJECTION/6,5,-0.01,-0.01,-0.01,comparator_rate_minus_proposed_rate,PRE_R10_SUPPORTING_DESCRIPTIVE_RESULT_AWARE__NO_NEW_CONFIRMATORY_INFERENCE
28,E2_ROLLING__DT-RAMDE_TS2_FULL__VS__CROSS_EVENT_WARM_START_ONLY,E2_ROLLING,REJECT_SAFETY_FILTER,RR-REJECTION/6,5,-0.01,-0.01,-0.01,comparator_rate_minus_proposed_rate,PRE_R10_SUPPORTING_DESCRIPTIVE_RESULT_AWARE__NO_NEW_CONFIRMATORY_INFERENCE
28,E2_ROLLING__DT-RAMDE_TS2_FULL__VS__CROSS_EVENT_WARM_START_ONLY,E2_ROLLING,REJECT_BUDGET_NO_FEASIBLE,RR-REJECTION/6,5,0,0,0,comparator_rate_minus_proposed_rate,PRE_R10_SUPPORTING_DESCRIPTIVE_RESULT_AWARE__NO_NEW_CONFIRMATORY_INFERENCE
28,E2_ROLLING__DT-RAMDE_TS2_FULL__VS__CROSS_EVENT_WARM_START_ONLY,E2_ROLLING,REJECT_NUMERICAL,RR-REJECTION/6,5,0,0,0,comparator_rate_minus_proposed_rate,PRE_R10_SUPPORTING_DESCRIPTIVE_RESULT_AWARE__NO_NEW_CONFIRMATORY_INFERENCE
28,E2_ROLLING__DT-RAMDE_TS2_FULL__VS__CROSS_EVENT_WARM_START_ONLY,E2_ROLLING,OTHER_NONACCEPTED,RR-REJECTION/6,5,0,0,0,comparator_rate_minus_proposed_rate,PRE_R10_SUPPORTING_DESCRIPTIVE_RESULT_AWARE__NO_NEW_CONFIRMATORY_INFERENCE
28,E2_ROLLING__DT-RAMDE_TS2_FULL__VS__CROSS_EVENT_WARM_START_ONLY,E2_ROLLING,FAILURE_RATE,RR-REJECTION/7,5,0.18000000000000005,0.18000000000000005,0.18000000000000005,comparator_rate_minus_proposed_rate,PRE_R10_SUPPORTING_DESCRIPTIVE_RESULT_AWARE__NO_NEW_CONFIRMATORY_INFERENCE
28,E2_ROLLING__DT-RAMDE_TS2_FULL__VS__CROSS_EVENT_WARM_START_ONLY,E2_ROLLING,REJECT_SAFETY_FILTER,RR-REJECTION/7,5,0.17999999999999999,0.17999999999999999,0.17999999999999999,comparator_rate_minus_proposed_rate,PRE_R10_SUPPORTING_DESCRIPTIVE_RESULT_AWARE__NO_NEW_CONFIRMATORY_INFERENCE
28,E2_ROLLING__DT-RAMDE_TS2_FULL__VS__CROSS_EVENT_WARM_START_ONLY,E2_ROLLING,REJECT_BUDGET_NO_FEASIBLE,RR-REJECTION/7,5,0,0,0,comparator_rate_minus_proposed_rate,PRE_R10_SUPPORTING_DESCRIPTIVE_RESULT_AWARE__NO_NEW_CONFIRMATORY_INFERENCE
28,E2_ROLLING__DT-RAMDE_TS2_FULL__VS__CROSS_EVENT_WARM_START_ONLY,E2_ROLLING,REJECT_NUMERICAL,RR-REJECTION/7,5,0,0,0,comparator_rate_minus_proposed_rate,PRE_R10_SUPPORTING_DESCRIPTIVE_RESULT_AWARE__NO_NEW_CONFIRMATORY_INFERENCE
28,E2_ROLLING__DT-RAMDE_TS2_FULL__VS__CROSS_EVENT_WARM_START_ONLY,E2_ROLLING,OTHER_NONACCEPTED,RR-REJECTION/7,5,0,0,0,comparator_rate_minus_proposed_rate,PRE_R10_SUPPORTING_DESCRIPTIVE_RESULT_AWARE__NO_NEW_CONFIRMATORY_INFERENCE
28,E2_ROLLING__DT-RAMDE_TS2_FULL__VS__CROSS_EVENT_WARM_START_ONLY,E2_ROLLING,FAILURE_RATE,RR-SHOCK/0,5,0,0,0,comparator_rate_minus_proposed_rate,PRE_R10_SUPPORTING_DESCRIPTIVE_RESULT_AWARE__NO_NEW_CONFIRMATORY_INFERENCE
28,E2_ROLLING__DT-RAMDE_TS2_FULL__VS__CROSS_EVENT_WARM_START_ONLY,E2_ROLLING,REJECT_SAFETY_FILTER,RR-SHOCK/0,5,0,0,0,comparator_rate_minus_proposed_rate,PRE_R10_SUPPORTING_DESCRIPTIVE_RESULT_AWARE__NO_NEW_CONFIRMATORY_INFERENCE
28,E2_ROLLING__DT-RAMDE_TS2_FULL__VS__CROSS_EVENT_WARM_START_ONLY,E2_ROLLING,REJECT_BUDGET_NO_FEASIBLE,RR-SHOCK/0,5,0,0,0,comparator_rate_minus_proposed_rate,PRE_R10_SUPPORTING_DESCRIPTIVE_RESULT_AWARE__NO_NEW_CONFIRMATORY_INFERENCE
28,E2_ROLLING__DT-RAMDE_TS2_FULL__VS__CROSS_EVENT_WARM_START_ONLY,E2_ROLLING,REJECT_NUMERICAL,RR-SHOCK/0,5,0,0,0,comparator_rate_minus_proposed_rate,PRE_R10_SUPPORTING_DESCRIPTIVE_RESULT_AWARE__NO_NEW_CONFIRMATORY_INFERENCE
28,E2_ROLLING__DT-RAMDE_TS2_FULL__VS__CROSS_EVENT_WARM_START_ONLY,E2_ROLLING,OTHER_NONACCEPTED,RR-SHOCK/0,5,0,0,0,comparator_rate_minus_proposed_rate,PRE_R10_SUPPORTING_DESCRIPTIVE_RESULT_AWARE__NO_NEW_CONFIRMATORY_INFERENCE
28,E2_ROLLING__DT-RAMDE_TS2_FULL__VS__CROSS_EVENT_WARM_START_ONLY,E2_ROLLING,FAILURE_RATE,RR-SHOCK/1,5,0,0,0,comparator_rate_minus_proposed_rate,PRE_R10_SUPPORTING_DESCRIPTIVE_RESULT_AWARE__NO_NEW_CONFIRMATORY_INFERENCE
28,E2_ROLLING__DT-RAMDE_TS2_FULL__VS__CROSS_EVENT_WARM_START_ONLY,E2_ROLLING,REJECT_SAFETY_FILTER,RR-SHOCK/1,5,0,0,0,comparator_rate_minus_proposed_rate,PRE_R10_SUPPORTING_DESCRIPTIVE_RESULT_AWARE__NO_NEW_CONFIRMATORY_INFERENCE
28,E2_ROLLING__DT-RAMDE_TS2_FULL__VS__CROSS_EVENT_WARM_START_ONLY,E2_ROLLING,REJECT_BUDGET_NO_FEASIBLE,RR-SHOCK/1,5,0,0,0,comparator_rate_minus_proposed_rate,PRE_R10_SUPPORTING_DESCRIPTIVE_RESULT_AWARE__NO_NEW_CONFIRMATORY_INFERENCE
28,E2_ROLLING__DT-RAMDE_TS2_FULL__VS__CROSS_EVENT_WARM_START_ONLY,E2_ROLLING,REJECT_NUMERICAL,RR-SHOCK/1,5,0,0,0,comparator_rate_minus_proposed_rate,PRE_R10_SUPPORTING_DESCRIPTIVE_RESULT_AWARE__NO_NEW_CONFIRMATORY_INFERENCE
28,E2_ROLLING__DT-RAMDE_TS2_FULL__VS__CROSS_EVENT_WARM_START_ONLY,E2_ROLLING,OTHER_NONACCEPTED,RR-SHOCK/1,5,0,0,0,comparator_rate_minus_proposed_rate,PRE_R10_SUPPORTING_DESCRIPTIVE_RESULT_AWARE__NO_NEW_CONFIRMATORY_INFERENCE
28,E2_ROLLING__DT-RAMDE_TS2_FULL__VS__CROSS_EVENT_WARM_START_ONLY,E2_ROLLING,FAILURE_RATE,RR-SHOCK/2,5,-0.01999999999999999,-0.01999999999999999,-0.01999999999999999,comparator_rate_minus_proposed_rate,PRE_R10_SUPPORTING_DESCRIPTIVE_RESULT_AWARE__NO_NEW_CONFIRMATORY_INFERENCE
28,E2_ROLLING__DT-RAMDE_TS2_FULL__VS__CROSS_EVENT_WARM_START_ONLY,E2_ROLLING,REJECT_SAFETY_FILTER,RR-SHOCK/2,5,-0.019999999999999997,-0.019999999999999997,-0.019999999999999997,comparator_rate_minus_proposed_rate,PRE_R10_SUPPORTING_DESCRIPTIVE_RESULT_AWARE__NO_NEW_CONFIRMATORY_INFERENCE
28,E2_ROLLING__DT-RAMDE_TS2_FULL__VS__CROSS_EVENT_WARM_START_ONLY,E2_ROLLING,REJECT_BUDGET_NO_FEASIBLE,RR-SHOCK/2,5,0,0,0,comparator_rate_minus_proposed_rate,PRE_R10_SUPPORTING_DESCRIPTIVE_RESULT_AWARE__NO_NEW_CONFIRMATORY_INFERENCE
28,E2_ROLLING__DT-RAMDE_TS2_FULL__VS__CROSS_EVENT_WARM_START_ONLY,E2_ROLLING,REJECT_NUMERICAL,RR-SHOCK/2,5,0,0,0,comparator_rate_minus_proposed_rate,PRE_R10_SUPPORTING_DESCRIPTIVE_RESULT_AWARE__NO_NEW_CONFIRMATORY_INFERENCE
28,E2_ROLLING__DT-RAMDE_TS2_FULL__VS__CROSS_EVENT_WARM_START_ONLY,E2_ROLLING,OTHER_NONACCEPTED,RR-SHOCK/2,5,0,0,0,comparator_rate_minus_proposed_rate,PRE_R10_SUPPORTING_DESCRIPTIVE_RESULT_AWARE__NO_NEW_CONFIRMATORY_INFERENCE
28,E2_ROLLING__DT-RAMDE_TS2_FULL__VS__CROSS_EVENT_WARM_START_ONLY,E2_ROLLING,FAILURE_RATE,RR-SHOCK/3,5,0.10999999999999999,0.10999999999999999,0.10999999999999999,comparator_rate_minus_proposed_rate,PRE_R10_SUPPORTING_DESCRIPTIVE_RESULT_AWARE__NO_NEW_CONFIRMATORY_INFERENCE
28,E2_ROLLING__DT-RAMDE_TS2_FULL__VS__CROSS_EVENT_WARM_START_ONLY,E2_ROLLING,REJECT_SAFETY_FILTER,RR-SHOCK/3,5,0.11000000000000001,0.11000000000000001,0.11000000000000001,comparator_rate_minus_proposed_rate,PRE_R10_SUPPORTING_DESCRIPTIVE_RESULT_AWARE__NO_NEW_CONFIRMATORY_INFERENCE
28,E2_ROLLING__DT-RAMDE_TS2_FULL__VS__CROSS_EVENT_WARM_START_ONLY,E2_ROLLING,REJECT_BUDGET_NO_FEASIBLE,RR-SHOCK/3,5,0,0,0,comparator_rate_minus_proposed_rate,PRE_R10_SUPPORTING_DESCRIPTIVE_RESULT_AWARE__NO_NEW_CONFIRMATORY_INFERENCE
28,E2_ROLLING__DT-RAMDE_TS2_FULL__VS__CROSS_EVENT_WARM_START_ONLY,E2_ROLLING,REJECT_NUMERICAL,RR-SHOCK/3,5,0,0,0,comparator_rate_minus_proposed_rate,PRE_R10_SUPPORTING_DESCRIPTIVE_RESULT_AWARE__NO_NEW_CONFIRMATORY_INFERENCE
28,E2_ROLLING__DT-RAMDE_TS2_FULL__VS__CROSS_EVENT_WARM_START_ONLY,E2_ROLLING,OTHER_NONACCEPTED,RR-SHOCK/3,5,-4.4408920985006264e-17,-4.4408920985006264e-17,-4.4408920985006264e-17,comparator_rate_minus_proposed_rate,PRE_R10_SUPPORTING_DESCRIPTIVE_RESULT_AWARE__NO_NEW_CONFIRMATORY_INFERENCE
28,E2_ROLLING__DT-RAMDE_TS2_FULL__VS__CROSS_EVENT_WARM_START_ONLY,E2_ROLLING,FAILURE_RATE,RR-SHOCK/4,5,-0.009999999999999995,-0.009999999999999995,-0.009999999999999995,comparator_rate_minus_proposed_rate,PRE_R10_SUPPORTING_DESCRIPTIVE_RESULT_AWARE__NO_NEW_CONFIRMATORY_INFERENCE
28,E2_ROLLING__DT-RAMDE_TS2_FULL__VS__CROSS_EVENT_WARM_START_ONLY,E2_ROLLING,REJECT_SAFETY_FILTER,RR-SHOCK/4,5,-0.0099999999999999915,-0.0099999999999999915,-0.0099999999999999915,comparator_rate_minus_proposed_rate,PRE_R10_SUPPORTING_DESCRIPTIVE_RESULT_AWARE__NO_NEW_CONFIRMATORY_INFERENCE
28,E2_ROLLING__DT-RAMDE_TS2_FULL__VS__CROSS_EVENT_WARM_START_ONLY,E2_ROLLING,REJECT_BUDGET_NO_FEASIBLE,RR-SHOCK/4,5,0,0,0,comparator_rate_minus_proposed_rate,PRE_R10_SUPPORTING_DESCRIPTIVE_RESULT_AWARE__NO_NEW_CONFIRMATORY_INFERENCE
28,E2_ROLLING__DT-RAMDE_TS2_FULL__VS__CROSS_EVENT_WARM_START_ONLY,E2_ROLLING,REJECT_NUMERICAL,RR-SHOCK/4,5,0,0,0,comparator_rate_minus_proposed_rate,PRE_R10_SUPPORTING_DESCRIPTIVE_RESULT_AWARE__NO_NEW_CONFIRMATORY_INFERENCE
28,E2_ROLLING__DT-RAMDE_TS2_FULL__VS__CROSS_EVENT_WARM_START_ONLY,E2_ROLLING,OTHER_NONACCEPTED,RR-SHOCK/4,5,0,0,0,comparator_rate_minus_proposed_rate,PRE_R10_SUPPORTING_DESCRIPTIVE_RESULT_AWARE__NO_NEW_CONFIRMATORY_INFERENCE
28,E2_ROLLING__DT-RAMDE_TS2_FULL__VS__CROSS_EVENT_WARM_START_ONLY,E2_ROLLING,FAILURE_RATE,RR-SHOCK/5,5,0.080000000000000071,0.080000000000000071,0.080000000000000071,comparator_rate_minus_proposed_rate,PRE_R10_SUPPORTING_DESCRIPTIVE_RESULT_AWARE__NO_NEW_CONFIRMATORY_INFERENCE
28,E2_ROLLING__DT-RAMDE_TS2_FULL__VS__CROSS_EVENT_WARM_START_ONLY,E2_ROLLING,REJECT_SAFETY_FILTER,RR-SHOCK/5,5,0.079999999999999988,0.079999999999999988,0.079999999999999988,comparator_rate_minus_proposed_rate,PRE_R10_SUPPORTING_DESCRIPTIVE_RESULT_AWARE__NO_NEW_CONFIRMATORY_INFERENCE
28,E2_ROLLING__DT-RAMDE_TS2_FULL__VS__CROSS_EVENT_WARM_START_ONLY,E2_ROLLING,REJECT_BUDGET_NO_FEASIBLE,RR-SHOCK/5,5,0,0,0,comparator_rate_minus_proposed_rate,PRE_R10_SUPPORTING_DESCRIPTIVE_RESULT_AWARE__NO_NEW_CONFIRMATORY_INFERENCE
28,E2_ROLLING__DT-RAMDE_TS2_FULL__VS__CROSS_EVENT_WARM_START_ONLY,E2_ROLLING,REJECT_NUMERICAL,RR-SHOCK/5,5,0,0,0,comparator_rate_minus_proposed_rate,PRE_R10_SUPPORTING_DESCRIPTIVE_RESULT_AWARE__NO_NEW_CONFIRMATORY_INFERENCE
28,E2_ROLLING__DT-RAMDE_TS2_FULL__VS__CROSS_EVENT_WARM_START_ONLY,E2_ROLLING,OTHER_NONACCEPTED,RR-SHOCK/5,5,3.3306690738754701e-17,3.3306690738754701e-17,3.3306690738754701e-17,comparator_rate_minus_proposed_rate,PRE_R10_SUPPORTING_DESCRIPTIVE_RESULT_AWARE__NO_NEW_CONFIRMATORY_INFERENCE
28,E2_ROLLING__DT-RAMDE_TS2_FULL__VS__CROSS_EVENT_WARM_START_ONLY,E2_ROLLING,FAILURE_RATE,RR-SHOCK/6,5,0.20999999999999996,0.20999999999999996,0.20999999999999996,comparator_rate_minus_proposed_rate,PRE_R10_SUPPORTING_DESCRIPTIVE_RESULT_AWARE__NO_NEW_CONFIRMATORY_INFERENCE
28,E2_ROLLING__DT-RAMDE_TS2_FULL__VS__CROSS_EVENT_WARM_START_ONLY,E2_ROLLING,REJECT_SAFETY_FILTER,RR-SHOCK/6,5,0.11000000000000001,0.11000000000000001,0.11000000000000001,comparator_rate_minus_proposed_rate,PRE_R10_SUPPORTING_DESCRIPTIVE_RESULT_AWARE__NO_NEW_CONFIRMATORY_INFERENCE
28,E2_ROLLING__DT-RAMDE_TS2_FULL__VS__CROSS_EVENT_WARM_START_ONLY,E2_ROLLING,REJECT_BUDGET_NO_FEASIBLE,RR-SHOCK/6,5,0.10000000000000001,0.10000000000000001,0.10000000000000001,comparator_rate_minus_proposed_rate,PRE_R10_SUPPORTING_DESCRIPTIVE_RESULT_AWARE__NO_NEW_CONFIRMATORY_INFERENCE
28,E2_ROLLING__DT-RAMDE_TS2_FULL__VS__CROSS_EVENT_WARM_START_ONLY,E2_ROLLING,REJECT_NUMERICAL,RR-SHOCK/6,5,0,0,0,comparator_rate_minus_proposed_rate,PRE_R10_SUPPORTING_DESCRIPTIVE_RESULT_AWARE__NO_NEW_CONFIRMATORY_INFERENCE
28,E2_ROLLING__DT-RAMDE_TS2_FULL__VS__CROSS_EVENT_WARM_START_ONLY,E2_ROLLING,OTHER_NONACCEPTED,RR-SHOCK/6,5,-2.2204460492503132e-17,-2.2204460492503132e-17,-2.2204460492503132e-17,comparator_rate_minus_proposed_rate,PRE_R10_SUPPORTING_DESCRIPTIVE_RESULT_AWARE__NO_NEW_CONFIRMATORY_INFERENCE
28,E2_ROLLING__DT-RAMDE_TS2_FULL__VS__CROSS_EVENT_WARM_START_ONLY,E2_ROLLING,FAILURE_RATE,RR-SHOCK/7,5,0,0,0,comparator_rate_minus_proposed_rate,PRE_R10_SUPPORTING_DESCRIPTIVE_RESULT_AWARE__NO_NEW_CONFIRMATORY_INFERENCE
28,E2_ROLLING__DT-RAMDE_TS2_FULL__VS__CROSS_EVENT_WARM_START_ONLY,E2_ROLLING,REJECT_SAFETY_FILTER,RR-SHOCK/7,5,0,0,0,comparator_rate_minus_proposed_rate,PRE_R10_SUPPORTING_DESCRIPTIVE_RESULT_AWARE__NO_NEW_CONFIRMATORY_INFERENCE
28,E2_ROLLING__DT-RAMDE_TS2_FULL__VS__CROSS_EVENT_WARM_START_ONLY,E2_ROLLING,REJECT_BUDGET_NO_FEASIBLE,RR-SHOCK/7,5,0,0,0,comparator_rate_minus_proposed_rate,PRE_R10_SUPPORTING_DESCRIPTIVE_RESULT_AWARE__NO_NEW_CONFIRMATORY_INFERENCE
28,E2_ROLLING__DT-RAMDE_TS2_FULL__VS__CROSS_EVENT_WARM_START_ONLY,E2_ROLLING,REJECT_NUMERICAL,RR-SHOCK/7,5,0,0,0,comparator_rate_minus_proposed_rate,PRE_R10_SUPPORTING_DESCRIPTIVE_RESULT_AWARE__NO_NEW_CONFIRMATORY_INFERENCE
28,E2_ROLLING__DT-RAMDE_TS2_FULL__VS__CROSS_EVENT_WARM_START_ONLY,E2_ROLLING,OTHER_NONACCEPTED,RR-SHOCK/7,5,0,0,0,comparator_rate_minus_proposed_rate,PRE_R10_SUPPORTING_DESCRIPTIVE_RESULT_AWARE__NO_NEW_CONFIRMATORY_INFERENCE
28,E2_ROLLING__DT-RAMDE_TS2_FULL__VS__CROSS_EVENT_WARM_START_ONLY,E2_ROLLING,FAILURE_RATE,RR-SMOOTH/0,5,0.030000000000000002,0.030000000000000002,0.030000000000000002,comparator_rate_minus_proposed_rate,PRE_R10_SUPPORTING_DESCRIPTIVE_RESULT_AWARE__NO_NEW_CONFIRMATORY_INFERENCE
28,E2_ROLLING__DT-RAMDE_TS2_FULL__VS__CROSS_EVENT_WARM_START_ONLY,E2_ROLLING,REJECT_SAFETY_FILTER,RR-SMOOTH/0,5,0.030000000000000006,0.030000000000000006,0.030000000000000006,comparator_rate_minus_proposed_rate,PRE_R10_SUPPORTING_DESCRIPTIVE_RESULT_AWARE__NO_NEW_CONFIRMATORY_INFERENCE
28,E2_ROLLING__DT-RAMDE_TS2_FULL__VS__CROSS_EVENT_WARM_START_ONLY,E2_ROLLING,REJECT_BUDGET_NO_FEASIBLE,RR-SMOOTH/0,5,0,0,0,comparator_rate_minus_proposed_rate,PRE_R10_SUPPORTING_DESCRIPTIVE_RESULT_AWARE__NO_NEW_CONFIRMATORY_INFERENCE
28,E2_ROLLING__DT-RAMDE_TS2_FULL__VS__CROSS_EVENT_WARM_START_ONLY,E2_ROLLING,REJECT_NUMERICAL,RR-SMOOTH/0,5,0,0,0,comparator_rate_minus_proposed_rate,PRE_R10_SUPPORTING_DESCRIPTIVE_RESULT_AWARE__NO_NEW_CONFIRMATORY_INFERENCE
28,E2_ROLLING__DT-RAMDE_TS2_FULL__VS__CROSS_EVENT_WARM_START_ONLY,E2_ROLLING,OTHER_NONACCEPTED,RR-SMOOTH/0,5,0,0,0,comparator_rate_minus_proposed_rate,PRE_R10_SUPPORTING_DESCRIPTIVE_RESULT_AWARE__NO_NEW_CONFIRMATORY_INFERENCE
28,E2_ROLLING__DT-RAMDE_TS2_FULL__VS__CROSS_EVENT_WARM_START_ONLY,E2_ROLLING,FAILURE_RATE,RR-SMOOTH/1,5,-0.020000000000000018,-0.020000000000000018,-0.020000000000000018,comparator_rate_minus_proposed_rate,PRE_R10_SUPPORTING_DESCRIPTIVE_RESULT_AWARE__NO_NEW_CONFIRMATORY_INFERENCE
28,E2_ROLLING__DT-RAMDE_TS2_FULL__VS__CROSS_EVENT_WARM_START_ONLY,E2_ROLLING,REJECT_SAFETY_FILTER,RR-SMOOTH/1,5,-0.10999999999999999,-0.10999999999999999,-0.10999999999999999,comparator_rate_minus_proposed_rate,PRE_R10_SUPPORTING_DESCRIPTIVE_RESULT_AWARE__NO_NEW_CONFIRMATORY_INFERENCE
28,E2_ROLLING__DT-RAMDE_TS2_FULL__VS__CROSS_EVENT_WARM_START_ONLY,E2_ROLLING,REJECT_BUDGET_NO_FEASIBLE,RR-SMOOTH/1,5,0.089999999999999997,0.089999999999999997,0.089999999999999997,comparator_rate_minus_proposed_rate,PRE_R10_SUPPORTING_DESCRIPTIVE_RESULT_AWARE__NO_NEW_CONFIRMATORY_INFERENCE
28,E2_ROLLING__DT-RAMDE_TS2_FULL__VS__CROSS_EVENT_WARM_START_ONLY,E2_ROLLING,REJECT_NUMERICAL,RR-SMOOTH/1,5,0,0,0,comparator_rate_minus_proposed_rate,PRE_R10_SUPPORTING_DESCRIPTIVE_RESULT_AWARE__NO_NEW_CONFIRMATORY_INFERENCE
28,E2_ROLLING__DT-RAMDE_TS2_FULL__VS__CROSS_EVENT_WARM_START_ONLY,E2_ROLLING,OTHER_NONACCEPTED,RR-SMOOTH/1,5,-2.2204460492503132e-17,-2.2204460492503132e-17,-2.2204460492503132e-17,comparator_rate_minus_proposed_rate,PRE_R10_SUPPORTING_DESCRIPTIVE_RESULT_AWARE__NO_NEW_CONFIRMATORY_INFERENCE
28,E2_ROLLING__DT-RAMDE_TS2_FULL__VS__CROSS_EVENT_WARM_START_ONLY,E2_ROLLING,FAILURE_RATE,RR-SMOOTH/2,5,0,0,0,comparator_rate_minus_proposed_rate,PRE_R10_SUPPORTING_DESCRIPTIVE_RESULT_AWARE__NO_NEW_CONFIRMATORY_INFERENCE
28,E2_ROLLING__DT-RAMDE_TS2_FULL__VS__CROSS_EVENT_WARM_START_ONLY,E2_ROLLING,REJECT_SAFETY_FILTER,RR-SMOOTH/2,5,0,0,0,comparator_rate_minus_proposed_rate,PRE_R10_SUPPORTING_DESCRIPTIVE_RESULT_AWARE__NO_NEW_CONFIRMATORY_INFERENCE
28,E2_ROLLING__DT-RAMDE_TS2_FULL__VS__CROSS_EVENT_WARM_START_ONLY,E2_ROLLING,REJECT_BUDGET_NO_FEASIBLE,RR-SMOOTH/2,5,0,0,0,comparator_rate_minus_proposed_rate,PRE_R10_SUPPORTING_DESCRIPTIVE_RESULT_AWARE__NO_NEW_CONFIRMATORY_INFERENCE
28,E2_ROLLING__DT-RAMDE_TS2_FULL__VS__CROSS_EVENT_WARM_START_ONLY,E2_ROLLING,REJECT_NUMERICAL,RR-SMOOTH/2,5,0,0,0,comparator_rate_minus_proposed_rate,PRE_R10_SUPPORTING_DESCRIPTIVE_RESULT_AWARE__NO_NEW_CONFIRMATORY_INFERENCE
28,E2_ROLLING__DT-RAMDE_TS2_FULL__VS__CROSS_EVENT_WARM_START_ONLY,E2_ROLLING,OTHER_NONACCEPTED,RR-SMOOTH/2,5,0,0,0,comparator_rate_minus_proposed_rate,PRE_R10_SUPPORTING_DESCRIPTIVE_RESULT_AWARE__NO_NEW_CONFIRMATORY_INFERENCE
28,E2_ROLLING__DT-RAMDE_TS2_FULL__VS__CROSS_EVENT_WARM_START_ONLY,E2_ROLLING,FAILURE_RATE,RR-SMOOTH/3,5,-0.010000000000000005,-0.010000000000000005,-0.010000000000000005,comparator_rate_minus_proposed_rate,PRE_R10_SUPPORTING_DESCRIPTIVE_RESULT_AWARE__NO_NEW_CONFIRMATORY_INFERENCE
28,E2_ROLLING__DT-RAMDE_TS2_FULL__VS__CROSS_EVENT_WARM_START_ONLY,E2_ROLLING,REJECT_SAFETY_FILTER,RR-SMOOTH/3,5,-0.01,-0.01,-0.01,comparator_rate_minus_proposed_rate,PRE_R10_SUPPORTING_DESCRIPTIVE_RESULT_AWARE__NO_NEW_CONFIRMATORY_INFERENCE
28,E2_ROLLING__DT-RAMDE_TS2_FULL__VS__CROSS_EVENT_WARM_START_ONLY,E2_ROLLING,REJECT_BUDGET_NO_FEASIBLE,RR-SMOOTH/3,5,0,0,0,comparator_rate_minus_proposed_rate,PRE_R10_SUPPORTING_DESCRIPTIVE_RESULT_AWARE__NO_NEW_CONFIRMATORY_INFERENCE
28,E2_ROLLING__DT-RAMDE_TS2_FULL__VS__CROSS_EVENT_WARM_START_ONLY,E2_ROLLING,REJECT_NUMERICAL,RR-SMOOTH/3,5,0,0,0,comparator_rate_minus_proposed_rate,PRE_R10_SUPPORTING_DESCRIPTIVE_RESULT_AWARE__NO_NEW_CONFIRMATORY_INFERENCE
28,E2_ROLLING__DT-RAMDE_TS2_FULL__VS__CROSS_EVENT_WARM_START_ONLY,E2_ROLLING,OTHER_NONACCEPTED,RR-SMOOTH/3,5,0,0,0,comparator_rate_minus_proposed_rate,PRE_R10_SUPPORTING_DESCRIPTIVE_RESULT_AWARE__NO_NEW_CONFIRMATORY_INFERENCE
28,E2_ROLLING__DT-RAMDE_TS2_FULL__VS__CROSS_EVENT_WARM_START_ONLY,E2_ROLLING,FAILURE_RATE,RR-SMOOTH/4,5,0.01000000000000012,0.01000000000000012,0.01000000000000012,comparator_rate_minus_proposed_rate,PRE_R10_SUPPORTING_DESCRIPTIVE_RESULT_AWARE__NO_NEW_CONFIRMATORY_INFERENCE
28,E2_ROLLING__DT-RAMDE_TS2_FULL__VS__CROSS_EVENT_WARM_START_ONLY,E2_ROLLING,REJECT_SAFETY_FILTER,RR-SMOOTH/4,5,0.0099999999999999863,0.0099999999999999863,0.0099999999999999863,comparator_rate_minus_proposed_rate,PRE_R10_SUPPORTING_DESCRIPTIVE_RESULT_AWARE__NO_NEW_CONFIRMATORY_INFERENCE
28,E2_ROLLING__DT-RAMDE_TS2_FULL__VS__CROSS_EVENT_WARM_START_ONLY,E2_ROLLING,REJECT_BUDGET_NO_FEASIBLE,RR-SMOOTH/4,5,-2.2204460492503132e-17,-2.2204460492503132e-17,-2.2204460492503132e-17,comparator_rate_minus_proposed_rate,PRE_R10_SUPPORTING_DESCRIPTIVE_RESULT_AWARE__NO_NEW_CONFIRMATORY_INFERENCE
28,E2_ROLLING__DT-RAMDE_TS2_FULL__VS__CROSS_EVENT_WARM_START_ONLY,E2_ROLLING,REJECT_NUMERICAL,RR-SMOOTH/4,5,0,0,0,comparator_rate_minus_proposed_rate,PRE_R10_SUPPORTING_DESCRIPTIVE_RESULT_AWARE__NO_NEW_CONFIRMATORY_INFERENCE
28,E2_ROLLING__DT-RAMDE_TS2_FULL__VS__CROSS_EVENT_WARM_START_ONLY,E2_ROLLING,OTHER_NONACCEPTED,RR-SMOOTH/4,5,8.8817841970012528e-17,8.8817841970012528e-17,8.8817841970012528e-17,comparator_rate_minus_proposed_rate,PRE_R10_SUPPORTING_DESCRIPTIVE_RESULT_AWARE__NO_NEW_CONFIRMATORY_INFERENCE
28,E2_ROLLING__DT-RAMDE_TS2_FULL__VS__CROSS_EVENT_WARM_START_ONLY,E2_ROLLING,FAILURE_RATE,RR-SMOOTH/5,5,0.080000000000000002,0.080000000000000002,0.080000000000000002,comparator_rate_minus_proposed_rate,PRE_R10_SUPPORTING_DESCRIPTIVE_RESULT_AWARE__NO_NEW_CONFIRMATORY_INFERENCE
28,E2_ROLLING__DT-RAMDE_TS2_FULL__VS__CROSS_EVENT_WARM_START_ONLY,E2_ROLLING,REJECT_SAFETY_FILTER,RR-SMOOTH/5,5,0.080000000000000002,0.080000000000000002,0.080000000000000002,comparator_rate_minus_proposed_rate,PRE_R10_SUPPORTING_DESCRIPTIVE_RESULT_AWARE__NO_NEW_CONFIRMATORY_INFERENCE
28,E2_ROLLING__DT-RAMDE_TS2_FULL__VS__CROSS_EVENT_WARM_START_ONLY,E2_ROLLING,REJECT_BUDGET_NO_FEASIBLE,RR-SMOOTH/5,5,0,0,0,comparator_rate_minus_proposed_rate,PRE_R10_SUPPORTING_DESCRIPTIVE_RESULT_AWARE__NO_NEW_CONFIRMATORY_INFERENCE
28,E2_ROLLING__DT-RAMDE_TS2_FULL__VS__CROSS_EVENT_WARM_START_ONLY,E2_ROLLING,REJECT_NUMERICAL,RR-SMOOTH/5,5,0,0,0,comparator_rate_minus_proposed_rate,PRE_R10_SUPPORTING_DESCRIPTIVE_RESULT_AWARE__NO_NEW_CONFIRMATORY_INFERENCE
28,E2_ROLLING__DT-RAMDE_TS2_FULL__VS__CROSS_EVENT_WARM_START_ONLY,E2_ROLLING,OTHER_NONACCEPTED,RR-SMOOTH/5,5,0,0,0,comparator_rate_minus_proposed_rate,PRE_R10_SUPPORTING_DESCRIPTIVE_RESULT_AWARE__NO_NEW_CONFIRMATORY_INFERENCE
28,E2_ROLLING__DT-RAMDE_TS2_FULL__VS__CROSS_EVENT_WARM_START_ONLY,E2_ROLLING,FAILURE_RATE,RR-SMOOTH/6,5,0.18000000000000005,0.18000000000000005,0.18000000000000005,comparator_rate_minus_proposed_rate,PRE_R10_SUPPORTING_DESCRIPTIVE_RESULT_AWARE__NO_NEW_CONFIRMATORY_INFERENCE
28,E2_ROLLING__DT-RAMDE_TS2_FULL__VS__CROSS_EVENT_WARM_START_ONLY,E2_ROLLING,REJECT_SAFETY_FILTER,RR-SMOOTH/6,5,0.16,0.16,0.16,comparator_rate_minus_proposed_rate,PRE_R10_SUPPORTING_DESCRIPTIVE_RESULT_AWARE__NO_NEW_CONFIRMATORY_INFERENCE
28,E2_ROLLING__DT-RAMDE_TS2_FULL__VS__CROSS_EVENT_WARM_START_ONLY,E2_ROLLING,REJECT_BUDGET_NO_FEASIBLE,RR-SMOOTH/6,5,0.020000000000000007,0.020000000000000007,0.020000000000000007,comparator_rate_minus_proposed_rate,PRE_R10_SUPPORTING_DESCRIPTIVE_RESULT_AWARE__NO_NEW_CONFIRMATORY_INFERENCE
28,E2_ROLLING__DT-RAMDE_TS2_FULL__VS__CROSS_EVENT_WARM_START_ONLY,E2_ROLLING,REJECT_NUMERICAL,RR-SMOOTH/6,5,0,0,0,comparator_rate_minus_proposed_rate,PRE_R10_SUPPORTING_DESCRIPTIVE_RESULT_AWARE__NO_NEW_CONFIRMATORY_INFERENCE
28,E2_ROLLING__DT-RAMDE_TS2_FULL__VS__CROSS_EVENT_WARM_START_ONLY,E2_ROLLING,OTHER_NONACCEPTED,RR-SMOOTH/6,5,0,0,0,comparator_rate_minus_proposed_rate,PRE_R10_SUPPORTING_DESCRIPTIVE_RESULT_AWARE__NO_NEW_CONFIRMATORY_INFERENCE
28,E2_ROLLING__DT-RAMDE_TS2_FULL__VS__CROSS_EVENT_WARM_START_ONLY,E2_ROLLING,FAILURE_RATE,RR-SMOOTH/7,5,0.059999999999999998,0.059999999999999998,0.059999999999999998,comparator_rate_minus_proposed_rate,PRE_R10_SUPPORTING_DESCRIPTIVE_RESULT_AWARE__NO_NEW_CONFIRMATORY_INFERENCE
28,E2_ROLLING__DT-RAMDE_TS2_FULL__VS__CROSS_EVENT_WARM_START_ONLY,E2_ROLLING,REJECT_SAFETY_FILTER,RR-SMOOTH/7,5,0.059999999999999984,0.059999999999999984,0.059999999999999984,comparator_rate_minus_proposed_rate,PRE_R10_SUPPORTING_DESCRIPTIVE_RESULT_AWARE__NO_NEW_CONFIRMATORY_INFERENCE
28,E2_ROLLING__DT-RAMDE_TS2_FULL__VS__CROSS_EVENT_WARM_START_ONLY,E2_ROLLING,REJECT_BUDGET_NO_FEASIBLE,RR-SMOOTH/7,5,0,0,0,comparator_rate_minus_proposed_rate,PRE_R10_SUPPORTING_DESCRIPTIVE_RESULT_AWARE__NO_NEW_CONFIRMATORY_INFERENCE
28,E2_ROLLING__DT-RAMDE_TS2_FULL__VS__CROSS_EVENT_WARM_START_ONLY,E2_ROLLING,REJECT_NUMERICAL,RR-SMOOTH/7,5,0,0,0,comparator_rate_minus_proposed_rate,PRE_R10_SUPPORTING_DESCRIPTIVE_RESULT_AWARE__NO_NEW_CONFIRMATORY_INFERENCE
28,E2_ROLLING__DT-RAMDE_TS2_FULL__VS__CROSS_EVENT_WARM_START_ONLY,E2_ROLLING,OTHER_NONACCEPTED,RR-SMOOTH/7,5,0,0,0,comparator_rate_minus_proposed_rate,PRE_R10_SUPPORTING_DESCRIPTIVE_RESULT_AWARE__NO_NEW_CONFIRMATORY_INFERENCE
29,E2_ROLLING__DT-RAMDE_TS2_FULL__VS__CROSS_EVENT_MEMORY_ONLY,E2_ROLLING,FAILURE_RATE,RR-INTERMITTENT/0,5,-0.14999999999999999,-0.14999999999999999,-0.14999999999999999,comparator_rate_minus_proposed_rate,PRE_R10_SUPPORTING_DESCRIPTIVE_RESULT_AWARE__NO_NEW_CONFIRMATORY_INFERENCE
29,E2_ROLLING__DT-RAMDE_TS2_FULL__VS__CROSS_EVENT_MEMORY_ONLY,E2_ROLLING,REJECT_SAFETY_FILTER,RR-INTERMITTENT/0,5,-0.14999999999999999,-0.14999999999999999,-0.14999999999999999,comparator_rate_minus_proposed_rate,PRE_R10_SUPPORTING_DESCRIPTIVE_RESULT_AWARE__NO_NEW_CONFIRMATORY_INFERENCE
29,E2_ROLLING__DT-RAMDE_TS2_FULL__VS__CROSS_EVENT_MEMORY_ONLY,E2_ROLLING,REJECT_BUDGET_NO_FEASIBLE,RR-INTERMITTENT/0,5,0,0,0,comparator_rate_minus_proposed_rate,PRE_R10_SUPPORTING_DESCRIPTIVE_RESULT_AWARE__NO_NEW_CONFIRMATORY_INFERENCE
29,E2_ROLLING__DT-RAMDE_TS2_FULL__VS__CROSS_EVENT_MEMORY_ONLY,E2_ROLLING,REJECT_NUMERICAL,RR-INTERMITTENT/0,5,0,0,0,comparator_rate_minus_proposed_rate,PRE_R10_SUPPORTING_DESCRIPTIVE_RESULT_AWARE__NO_NEW_CONFIRMATORY_INFERENCE
29,E2_ROLLING__DT-RAMDE_TS2_FULL__VS__CROSS_EVENT_MEMORY_ONLY,E2_ROLLING,OTHER_NONACCEPTED,RR-INTERMITTENT/0,5,0,0,0,comparator_rate_minus_proposed_rate,PRE_R10_SUPPORTING_DESCRIPTIVE_RESULT_AWARE__NO_NEW_CONFIRMATORY_INFERENCE
29,E2_ROLLING__DT-RAMDE_TS2_FULL__VS__CROSS_EVENT_MEMORY_ONLY,E2_ROLLING,FAILURE_RATE,RR-INTERMITTENT/1,5,-0.030000000000000006,-0.030000000000000006,-0.030000000000000006,comparator_rate_minus_proposed_rate,PRE_R10_SUPPORTING_DESCRIPTIVE_RESULT_AWARE__NO_NEW_CONFIRMATORY_INFERENCE
29,E2_ROLLING__DT-RAMDE_TS2_FULL__VS__CROSS_EVENT_MEMORY_ONLY,E2_ROLLING,REJECT_SAFETY_FILTER,RR-INTERMITTENT/1,5,-0.030000000000000006,-0.030000000000000006,-0.030000000000000006,comparator_rate_minus_proposed_rate,PRE_R10_SUPPORTING_DESCRIPTIVE_RESULT_AWARE__NO_NEW_CONFIRMATORY_INFERENCE
29,E2_ROLLING__DT-RAMDE_TS2_FULL__VS__CROSS_EVENT_MEMORY_ONLY,E2_ROLLING,REJECT_BUDGET_NO_FEASIBLE,RR-INTERMITTENT/1,5,0,0,0,comparator_rate_minus_proposed_rate,PRE_R10_SUPPORTING_DESCRIPTIVE_RESULT_AWARE__NO_NEW_CONFIRMATORY_INFERENCE
29,E2_ROLLING__DT-RAMDE_TS2_FULL__VS__CROSS_EVENT_MEMORY_ONLY,E2_ROLLING,REJECT_NUMERICAL,RR-INTERMITTENT/1,5,0,0,0,comparator_rate_minus_proposed_rate,PRE_R10_SUPPORTING_DESCRIPTIVE_RESULT_AWARE__NO_NEW_CONFIRMATORY_INFERENCE
29,E2_ROLLING__DT-RAMDE_TS2_FULL__VS__CROSS_EVENT_MEMORY_ONLY,E2_ROLLING,OTHER_NONACCEPTED,RR-INTERMITTENT/1,5,0,0,0,comparator_rate_minus_proposed_rate,PRE_R10_SUPPORTING_DESCRIPTIVE_RESULT_AWARE__NO_NEW_CONFIRMATORY_INFERENCE
29,E2_ROLLING__DT-RAMDE_TS2_FULL__VS__CROSS_EVENT_MEMORY_ONLY,E2_ROLLING,FAILURE_RATE,RR-INTERMITTENT/2,5,-0.020000000000000004,-0.020000000000000004,-0.020000000000000004,comparator_rate_minus_proposed_rate,PRE_R10_SUPPORTING_DESCRIPTIVE_RESULT_AWARE__NO_NEW_CONFIRMATORY_INFERENCE
29,E2_ROLLING__DT-RAMDE_TS2_FULL__VS__CROSS_EVENT_MEMORY_ONLY,E2_ROLLING,REJECT_SAFETY_FILTER,RR-INTERMITTENT/2,5,-0.020000000000000004,-0.020000000000000004,-0.020000000000000004,comparator_rate_minus_proposed_rate,PRE_R10_SUPPORTING_DESCRIPTIVE_RESULT_AWARE__NO_NEW_CONFIRMATORY_INFERENCE
29,E2_ROLLING__DT-RAMDE_TS2_FULL__VS__CROSS_EVENT_MEMORY_ONLY,E2_ROLLING,REJECT_BUDGET_NO_FEASIBLE,RR-INTERMITTENT/2,5,0,0,0,comparator_rate_minus_proposed_rate,PRE_R10_SUPPORTING_DESCRIPTIVE_RESULT_AWARE__NO_NEW_CONFIRMATORY_INFERENCE
29,E2_ROLLING__DT-RAMDE_TS2_FULL__VS__CROSS_EVENT_MEMORY_ONLY,E2_ROLLING,REJECT_NUMERICAL,RR-INTERMITTENT/2,5,0,0,0,comparator_rate_minus_proposed_rate,PRE_R10_SUPPORTING_DESCRIPTIVE_RESULT_AWARE__NO_NEW_CONFIRMATORY_INFERENCE
29,E2_ROLLING__DT-RAMDE_TS2_FULL__VS__CROSS_EVENT_MEMORY_ONLY,E2_ROLLING,OTHER_NONACCEPTED,RR-INTERMITTENT/2,5,0,0,0,comparator_rate_minus_proposed_rate,PRE_R10_SUPPORTING_DESCRIPTIVE_RESULT_AWARE__NO_NEW_CONFIRMATORY_INFERENCE
29,E2_ROLLING__DT-RAMDE_TS2_FULL__VS__CROSS_EVENT_MEMORY_ONLY,E2_ROLLING,FAILURE_RATE,RR-INTERMITTENT/3,5,-0.32000000000000006,-0.32000000000000006,-0.32000000000000006,comparator_rate_minus_proposed_rate,PRE_R10_SUPPORTING_DESCRIPTIVE_RESULT_AWARE__NO_NEW_CONFIRMATORY_INFERENCE
29,E2_ROLLING__DT-RAMDE_TS2_FULL__VS__CROSS_EVENT_MEMORY_ONLY,E2_ROLLING,REJECT_SAFETY_FILTER,RR-INTERMITTENT/3,5,-0.16999999999999998,-0.16999999999999998,-0.16999999999999998,comparator_rate_minus_proposed_rate,PRE_R10_SUPPORTING_DESCRIPTIVE_RESULT_AWARE__NO_NEW_CONFIRMATORY_INFERENCE
29,E2_ROLLING__DT-RAMDE_TS2_FULL__VS__CROSS_EVENT_MEMORY_ONLY,E2_ROLLING,REJECT_BUDGET_NO_FEASIBLE,RR-INTERMITTENT/3,5,-0.14999999999999999,-0.14999999999999999,-0.14999999999999999,comparator_rate_minus_proposed_rate,PRE_R10_SUPPORTING_DESCRIPTIVE_RESULT_AWARE__NO_NEW_CONFIRMATORY_INFERENCE
29,E2_ROLLING__DT-RAMDE_TS2_FULL__VS__CROSS_EVENT_MEMORY_ONLY,E2_ROLLING,REJECT_NUMERICAL,RR-INTERMITTENT/3,5,0,0,0,comparator_rate_minus_proposed_rate,PRE_R10_SUPPORTING_DESCRIPTIVE_RESULT_AWARE__NO_NEW_CONFIRMATORY_INFERENCE
29,E2_ROLLING__DT-RAMDE_TS2_FULL__VS__CROSS_EVENT_MEMORY_ONLY,E2_ROLLING,OTHER_NONACCEPTED,RR-INTERMITTENT/3,5,0,0,0,comparator_rate_minus_proposed_rate,PRE_R10_SUPPORTING_DESCRIPTIVE_RESULT_AWARE__NO_NEW_CONFIRMATORY_INFERENCE
29,E2_ROLLING__DT-RAMDE_TS2_FULL__VS__CROSS_EVENT_MEMORY_ONLY,E2_ROLLING,FAILURE_RATE,RR-INTERMITTENT/4,5,-0.089999999999999997,-0.089999999999999997,-0.089999999999999997,comparator_rate_minus_proposed_rate,PRE_R10_SUPPORTING_DESCRIPTIVE_RESULT_AWARE__NO_NEW_CONFIRMATORY_INFERENCE
29,E2_ROLLING__DT-RAMDE_TS2_FULL__VS__CROSS_EVENT_MEMORY_ONLY,E2_ROLLING,REJECT_SAFETY_FILTER,RR-INTERMITTENT/4,5,-0.089999999999999997,-0.089999999999999997,-0.089999999999999997,comparator_rate_minus_proposed_rate,PRE_R10_SUPPORTING_DESCRIPTIVE_RESULT_AWARE__NO_NEW_CONFIRMATORY_INFERENCE
29,E2_ROLLING__DT-RAMDE_TS2_FULL__VS__CROSS_EVENT_MEMORY_ONLY,E2_ROLLING,REJECT_BUDGET_NO_FEASIBLE,RR-INTERMITTENT/4,5,0,0,0,comparator_rate_minus_proposed_rate,PRE_R10_SUPPORTING_DESCRIPTIVE_RESULT_AWARE__NO_NEW_CONFIRMATORY_INFERENCE
29,E2_ROLLING__DT-RAMDE_TS2_FULL__VS__CROSS_EVENT_MEMORY_ONLY,E2_ROLLING,REJECT_NUMERICAL,RR-INTERMITTENT/4,5,0,0,0,comparator_rate_minus_proposed_rate,PRE_R10_SUPPORTING_DESCRIPTIVE_RESULT_AWARE__NO_NEW_CONFIRMATORY_INFERENCE
29,E2_ROLLING__DT-RAMDE_TS2_FULL__VS__CROSS_EVENT_MEMORY_ONLY,E2_ROLLING,OTHER_NONACCEPTED,RR-INTERMITTENT/4,5,0,0,0,comparator_rate_minus_proposed_rate,PRE_R10_SUPPORTING_DESCRIPTIVE_RESULT_AWARE__NO_NEW_CONFIRMATORY_INFERENCE
29,E2_ROLLING__DT-RAMDE_TS2_FULL__VS__CROSS_EVENT_MEMORY_ONLY,E2_ROLLING,FAILURE_RATE,RR-INTERMITTENT/5,5,-0.070000000000000007,-0.070000000000000007,-0.070000000000000007,comparator_rate_minus_proposed_rate,PRE_R10_SUPPORTING_DESCRIPTIVE_RESULT_AWARE__NO_NEW_CONFIRMATORY_INFERENCE
29,E2_ROLLING__DT-RAMDE_TS2_FULL__VS__CROSS_EVENT_MEMORY_ONLY,E2_ROLLING,REJECT_SAFETY_FILTER,RR-INTERMITTENT/5,5,-0.069999999999999993,-0.069999999999999993,-0.069999999999999993,comparator_rate_minus_proposed_rate,PRE_R10_SUPPORTING_DESCRIPTIVE_RESULT_AWARE__NO_NEW_CONFIRMATORY_INFERENCE
29,E2_ROLLING__DT-RAMDE_TS2_FULL__VS__CROSS_EVENT_MEMORY_ONLY,E2_ROLLING,REJECT_BUDGET_NO_FEASIBLE,RR-INTERMITTENT/5,5,0,0,0,comparator_rate_minus_proposed_rate,PRE_R10_SUPPORTING_DESCRIPTIVE_RESULT_AWARE__NO_NEW_CONFIRMATORY_INFERENCE
29,E2_ROLLING__DT-RAMDE_TS2_FULL__VS__CROSS_EVENT_MEMORY_ONLY,E2_ROLLING,REJECT_NUMERICAL,RR-INTERMITTENT/5,5,0,0,0,comparator_rate_minus_proposed_rate,PRE_R10_SUPPORTING_DESCRIPTIVE_RESULT_AWARE__NO_NEW_CONFIRMATORY_INFERENCE
29,E2_ROLLING__DT-RAMDE_TS2_FULL__VS__CROSS_EVENT_MEMORY_ONLY,E2_ROLLING,OTHER_NONACCEPTED,RR-INTERMITTENT/5,5,0,0,0,comparator_rate_minus_proposed_rate,PRE_R10_SUPPORTING_DESCRIPTIVE_RESULT_AWARE__NO_NEW_CONFIRMATORY_INFERENCE
29,E2_ROLLING__DT-RAMDE_TS2_FULL__VS__CROSS_EVENT_MEMORY_ONLY,E2_ROLLING,FAILURE_RATE,RR-INTERMITTENT/6,5,0,0,0,comparator_rate_minus_proposed_rate,PRE_R10_SUPPORTING_DESCRIPTIVE_RESULT_AWARE__NO_NEW_CONFIRMATORY_INFERENCE
29,E2_ROLLING__DT-RAMDE_TS2_FULL__VS__CROSS_EVENT_MEMORY_ONLY,E2_ROLLING,REJECT_SAFETY_FILTER,RR-INTERMITTENT/6,5,0,0,0,comparator_rate_minus_proposed_rate,PRE_R10_SUPPORTING_DESCRIPTIVE_RESULT_AWARE__NO_NEW_CONFIRMATORY_INFERENCE
29,E2_ROLLING__DT-RAMDE_TS2_FULL__VS__CROSS_EVENT_MEMORY_ONLY,E2_ROLLING,REJECT_BUDGET_NO_FEASIBLE,RR-INTERMITTENT/6,5,0,0,0,comparator_rate_minus_proposed_rate,PRE_R10_SUPPORTING_DESCRIPTIVE_RESULT_AWARE__NO_NEW_CONFIRMATORY_INFERENCE
29,E2_ROLLING__DT-RAMDE_TS2_FULL__VS__CROSS_EVENT_MEMORY_ONLY,E2_ROLLING,REJECT_NUMERICAL,RR-INTERMITTENT/6,5,0,0,0,comparator_rate_minus_proposed_rate,PRE_R10_SUPPORTING_DESCRIPTIVE_RESULT_AWARE__NO_NEW_CONFIRMATORY_INFERENCE
29,E2_ROLLING__DT-RAMDE_TS2_FULL__VS__CROSS_EVENT_MEMORY_ONLY,E2_ROLLING,OTHER_NONACCEPTED,RR-INTERMITTENT/6,5,0,0,0,comparator_rate_minus_proposed_rate,PRE_R10_SUPPORTING_DESCRIPTIVE_RESULT_AWARE__NO_NEW_CONFIRMATORY_INFERENCE
29,E2_ROLLING__DT-RAMDE_TS2_FULL__VS__CROSS_EVENT_MEMORY_ONLY,E2_ROLLING,FAILURE_RATE,RR-INTERMITTENT/7,5,-0.1100000000000001,-0.1100000000000001,-0.1100000000000001,comparator_rate_minus_proposed_rate,PRE_R10_SUPPORTING_DESCRIPTIVE_RESULT_AWARE__NO_NEW_CONFIRMATORY_INFERENCE
29,E2_ROLLING__DT-RAMDE_TS2_FULL__VS__CROSS_EVENT_MEMORY_ONLY,E2_ROLLING,REJECT_SAFETY_FILTER,RR-INTERMITTENT/7,5,-0.11000000000000001,-0.11000000000000001,-0.11000000000000001,comparator_rate_minus_proposed_rate,PRE_R10_SUPPORTING_DESCRIPTIVE_RESULT_AWARE__NO_NEW_CONFIRMATORY_INFERENCE
29,E2_ROLLING__DT-RAMDE_TS2_FULL__VS__CROSS_EVENT_MEMORY_ONLY,E2_ROLLING,REJECT_BUDGET_NO_FEASIBLE,RR-INTERMITTENT/7,5,0,0,0,comparator_rate_minus_proposed_rate,PRE_R10_SUPPORTING_DESCRIPTIVE_RESULT_AWARE__NO_NEW_CONFIRMATORY_INFERENCE
29,E2_ROLLING__DT-RAMDE_TS2_FULL__VS__CROSS_EVENT_MEMORY_ONLY,E2_ROLLING,REJECT_NUMERICAL,RR-INTERMITTENT/7,5,0,0,0,comparator_rate_minus_proposed_rate,PRE_R10_SUPPORTING_DESCRIPTIVE_RESULT_AWARE__NO_NEW_CONFIRMATORY_INFERENCE
29,E2_ROLLING__DT-RAMDE_TS2_FULL__VS__CROSS_EVENT_MEMORY_ONLY,E2_ROLLING,OTHER_NONACCEPTED,RR-INTERMITTENT/7,5,-2.2204460492503132e-17,-2.2204460492503132e-17,-2.2204460492503132e-17,comparator_rate_minus_proposed_rate,PRE_R10_SUPPORTING_DESCRIPTIVE_RESULT_AWARE__NO_NEW_CONFIRMATORY_INFERENCE
29,E2_ROLLING__DT-RAMDE_TS2_FULL__VS__CROSS_EVENT_MEMORY_ONLY,E2_ROLLING,FAILURE_RATE,RR-REJECTION/0,5,-0.03999999999999998,-0.03999999999999998,-0.03999999999999998,comparator_rate_minus_proposed_rate,PRE_R10_SUPPORTING_DESCRIPTIVE_RESULT_AWARE__NO_NEW_CONFIRMATORY_INFERENCE
29,E2_ROLLING__DT-RAMDE_TS2_FULL__VS__CROSS_EVENT_MEMORY_ONLY,E2_ROLLING,REJECT_SAFETY_FILTER,RR-REJECTION/0,5,-0.039999999999999994,-0.039999999999999994,-0.039999999999999994,comparator_rate_minus_proposed_rate,PRE_R10_SUPPORTING_DESCRIPTIVE_RESULT_AWARE__NO_NEW_CONFIRMATORY_INFERENCE
29,E2_ROLLING__DT-RAMDE_TS2_FULL__VS__CROSS_EVENT_MEMORY_ONLY,E2_ROLLING,REJECT_BUDGET_NO_FEASIBLE,RR-REJECTION/0,5,0,0,0,comparator_rate_minus_proposed_rate,PRE_R10_SUPPORTING_DESCRIPTIVE_RESULT_AWARE__NO_NEW_CONFIRMATORY_INFERENCE
29,E2_ROLLING__DT-RAMDE_TS2_FULL__VS__CROSS_EVENT_MEMORY_ONLY,E2_ROLLING,REJECT_NUMERICAL,RR-REJECTION/0,5,0,0,0,comparator_rate_minus_proposed_rate,PRE_R10_SUPPORTING_DESCRIPTIVE_RESULT_AWARE__NO_NEW_CONFIRMATORY_INFERENCE
29,E2_ROLLING__DT-RAMDE_TS2_FULL__VS__CROSS_EVENT_MEMORY_ONLY,E2_ROLLING,OTHER_NONACCEPTED,RR-REJECTION/0,5,0,0,0,comparator_rate_minus_proposed_rate,PRE_R10_SUPPORTING_DESCRIPTIVE_RESULT_AWARE__NO_NEW_CONFIRMATORY_INFERENCE
29,E2_ROLLING__DT-RAMDE_TS2_FULL__VS__CROSS_EVENT_MEMORY_ONLY,E2_ROLLING,FAILURE_RATE,RR-REJECTION/1,5,-0.020000000000000004,-0.020000000000000004,-0.020000000000000004,comparator_rate_minus_proposed_rate,PRE_R10_SUPPORTING_DESCRIPTIVE_RESULT_AWARE__NO_NEW_CONFIRMATORY_INFERENCE
29,E2_ROLLING__DT-RAMDE_TS2_FULL__VS__CROSS_EVENT_MEMORY_ONLY,E2_ROLLING,REJECT_SAFETY_FILTER,RR-REJECTION/1,5,-0.02,-0.02,-0.02,comparator_rate_minus_proposed_rate,PRE_R10_SUPPORTING_DESCRIPTIVE_RESULT_AWARE__NO_NEW_CONFIRMATORY_INFERENCE
29,E2_ROLLING__DT-RAMDE_TS2_FULL__VS__CROSS_EVENT_MEMORY_ONLY,E2_ROLLING,REJECT_BUDGET_NO_FEASIBLE,RR-REJECTION/1,5,0,0,0,comparator_rate_minus_proposed_rate,PRE_R10_SUPPORTING_DESCRIPTIVE_RESULT_AWARE__NO_NEW_CONFIRMATORY_INFERENCE
29,E2_ROLLING__DT-RAMDE_TS2_FULL__VS__CROSS_EVENT_MEMORY_ONLY,E2_ROLLING,REJECT_NUMERICAL,RR-REJECTION/1,5,0,0,0,comparator_rate_minus_proposed_rate,PRE_R10_SUPPORTING_DESCRIPTIVE_RESULT_AWARE__NO_NEW_CONFIRMATORY_INFERENCE
29,E2_ROLLING__DT-RAMDE_TS2_FULL__VS__CROSS_EVENT_MEMORY_ONLY,E2_ROLLING,OTHER_NONACCEPTED,RR-REJECTION/1,5,0,0,0,comparator_rate_minus_proposed_rate,PRE_R10_SUPPORTING_DESCRIPTIVE_RESULT_AWARE__NO_NEW_CONFIRMATORY_INFERENCE
29,E2_ROLLING__DT-RAMDE_TS2_FULL__VS__CROSS_EVENT_MEMORY_ONLY,E2_ROLLING,FAILURE_RATE,RR-REJECTION/2,5,-0.0099999999999999534,-0.0099999999999999534,-0.0099999999999999534,comparator_rate_minus_proposed_rate,PRE_R10_SUPPORTING_DESCRIPTIVE_RESULT_AWARE__NO_NEW_CONFIRMATORY_INFERENCE
29,E2_ROLLING__DT-RAMDE_TS2_FULL__VS__CROSS_EVENT_MEMORY_ONLY,E2_ROLLING,REJECT_SAFETY_FILTER,RR-REJECTION/2,5,-0.0099999999999999985,-0.0099999999999999985,-0.0099999999999999985,comparator_rate_minus_proposed_rate,PRE_R10_SUPPORTING_DESCRIPTIVE_RESULT_AWARE__NO_NEW_CONFIRMATORY_INFERENCE
29,E2_ROLLING__DT-RAMDE_TS2_FULL__VS__CROSS_EVENT_MEMORY_ONLY,E2_ROLLING,REJECT_BUDGET_NO_FEASIBLE,RR-REJECTION/2,5,0,0,0,comparator_rate_minus_proposed_rate,PRE_R10_SUPPORTING_DESCRIPTIVE_RESULT_AWARE__NO_NEW_CONFIRMATORY_INFERENCE
29,E2_ROLLING__DT-RAMDE_TS2_FULL__VS__CROSS_EVENT_MEMORY_ONLY,E2_ROLLING,REJECT_NUMERICAL,RR-REJECTION/2,5,0,0,0,comparator_rate_minus_proposed_rate,PRE_R10_SUPPORTING_DESCRIPTIVE_RESULT_AWARE__NO_NEW_CONFIRMATORY_INFERENCE
29,E2_ROLLING__DT-RAMDE_TS2_FULL__VS__CROSS_EVENT_MEMORY_ONLY,E2_ROLLING,OTHER_NONACCEPTED,RR-REJECTION/2,5,0,0,0,comparator_rate_minus_proposed_rate,PRE_R10_SUPPORTING_DESCRIPTIVE_RESULT_AWARE__NO_NEW_CONFIRMATORY_INFERENCE
29,E2_ROLLING__DT-RAMDE_TS2_FULL__VS__CROSS_EVENT_MEMORY_ONLY,E2_ROLLING,FAILURE_RATE,RR-REJECTION/3,5,-0.010000000000000002,-0.010000000000000002,-0.010000000000000002,comparator_rate_minus_proposed_rate,PRE_R10_SUPPORTING_DESCRIPTIVE_RESULT_AWARE__NO_NEW_CONFIRMATORY_INFERENCE
29,E2_ROLLING__DT-RAMDE_TS2_FULL__VS__CROSS_EVENT_MEMORY_ONLY,E2_ROLLING,REJECT_SAFETY_FILTER,RR-REJECTION/3,5,-0.010000000000000004,-0.010000000000000004,-0.010000000000000004,comparator_rate_minus_proposed_rate,PRE_R10_SUPPORTING_DESCRIPTIVE_RESULT_AWARE__NO_NEW_CONFIRMATORY_INFERENCE
29,E2_ROLLING__DT-RAMDE_TS2_FULL__VS__CROSS_EVENT_MEMORY_ONLY,E2_ROLLING,REJECT_BUDGET_NO_FEASIBLE,RR-REJECTION/3,5,0,0,0,comparator_rate_minus_proposed_rate,PRE_R10_SUPPORTING_DESCRIPTIVE_RESULT_AWARE__NO_NEW_CONFIRMATORY_INFERENCE
29,E2_ROLLING__DT-RAMDE_TS2_FULL__VS__CROSS_EVENT_MEMORY_ONLY,E2_ROLLING,REJECT_NUMERICAL,RR-REJECTION/3,5,0,0,0,comparator_rate_minus_proposed_rate,PRE_R10_SUPPORTING_DESCRIPTIVE_RESULT_AWARE__NO_NEW_CONFIRMATORY_INFERENCE
29,E2_ROLLING__DT-RAMDE_TS2_FULL__VS__CROSS_EVENT_MEMORY_ONLY,E2_ROLLING,OTHER_NONACCEPTED,RR-REJECTION/3,5,0,0,0,comparator_rate_minus_proposed_rate,PRE_R10_SUPPORTING_DESCRIPTIVE_RESULT_AWARE__NO_NEW_CONFIRMATORY_INFERENCE
29,E2_ROLLING__DT-RAMDE_TS2_FULL__VS__CROSS_EVENT_MEMORY_ONLY,E2_ROLLING,FAILURE_RATE,RR-REJECTION/4,5,0.080000000000000002,0.080000000000000002,0.080000000000000002,comparator_rate_minus_proposed_rate,PRE_R10_SUPPORTING_DESCRIPTIVE_RESULT_AWARE__NO_NEW_CONFIRMATORY_INFERENCE
29,E2_ROLLING__DT-RAMDE_TS2_FULL__VS__CROSS_EVENT_MEMORY_ONLY,E2_ROLLING,REJECT_SAFETY_FILTER,RR-REJECTION/4,5,0.080000000000000002,0.080000000000000002,0.080000000000000002,comparator_rate_minus_proposed_rate,PRE_R10_SUPPORTING_DESCRIPTIVE_RESULT_AWARE__NO_NEW_CONFIRMATORY_INFERENCE
29,E2_ROLLING__DT-RAMDE_TS2_FULL__VS__CROSS_EVENT_MEMORY_ONLY,E2_ROLLING,REJECT_BUDGET_NO_FEASIBLE,RR-REJECTION/4,5,0,0,0,comparator_rate_minus_proposed_rate,PRE_R10_SUPPORTING_DESCRIPTIVE_RESULT_AWARE__NO_NEW_CONFIRMATORY_INFERENCE
29,E2_ROLLING__DT-RAMDE_TS2_FULL__VS__CROSS_EVENT_MEMORY_ONLY,E2_ROLLING,REJECT_NUMERICAL,RR-REJECTION/4,5,0,0,0,comparator_rate_minus_proposed_rate,PRE_R10_SUPPORTING_DESCRIPTIVE_RESULT_AWARE__NO_NEW_CONFIRMATORY_INFERENCE
29,E2_ROLLING__DT-RAMDE_TS2_FULL__VS__CROSS_EVENT_MEMORY_ONLY,E2_ROLLING,OTHER_NONACCEPTED,RR-REJECTION/4,5,0,0,0,comparator_rate_minus_proposed_rate,PRE_R10_SUPPORTING_DESCRIPTIVE_RESULT_AWARE__NO_NEW_CONFIRMATORY_INFERENCE
29,E2_ROLLING__DT-RAMDE_TS2_FULL__VS__CROSS_EVENT_MEMORY_ONLY,E2_ROLLING,FAILURE_RATE,RR-REJECTION/5,5,0,0,0,comparator_rate_minus_proposed_rate,PRE_R10_SUPPORTING_DESCRIPTIVE_RESULT_AWARE__NO_NEW_CONFIRMATORY_INFERENCE
29,E2_ROLLING__DT-RAMDE_TS2_FULL__VS__CROSS_EVENT_MEMORY_ONLY,E2_ROLLING,REJECT_SAFETY_FILTER,RR-REJECTION/5,5,0,0,0,comparator_rate_minus_proposed_rate,PRE_R10_SUPPORTING_DESCRIPTIVE_RESULT_AWARE__NO_NEW_CONFIRMATORY_INFERENCE
29,E2_ROLLING__DT-RAMDE_TS2_FULL__VS__CROSS_EVENT_MEMORY_ONLY,E2_ROLLING,REJECT_BUDGET_NO_FEASIBLE,RR-REJECTION/5,5,0,0,0,comparator_rate_minus_proposed_rate,PRE_R10_SUPPORTING_DESCRIPTIVE_RESULT_AWARE__NO_NEW_CONFIRMATORY_INFERENCE
29,E2_ROLLING__DT-RAMDE_TS2_FULL__VS__CROSS_EVENT_MEMORY_ONLY,E2_ROLLING,REJECT_NUMERICAL,RR-REJECTION/5,5,0,0,0,comparator_rate_minus_proposed_rate,PRE_R10_SUPPORTING_DESCRIPTIVE_RESULT_AWARE__NO_NEW_CONFIRMATORY_INFERENCE
29,E2_ROLLING__DT-RAMDE_TS2_FULL__VS__CROSS_EVENT_MEMORY_ONLY,E2_ROLLING,OTHER_NONACCEPTED,RR-REJECTION/5,5,0,0,0,comparator_rate_minus_proposed_rate,PRE_R10_SUPPORTING_DESCRIPTIVE_RESULT_AWARE__NO_NEW_CONFIRMATORY_INFERENCE
29,E2_ROLLING__DT-RAMDE_TS2_FULL__VS__CROSS_EVENT_MEMORY_ONLY,E2_ROLLING,FAILURE_RATE,RR-REJECTION/6,5,0,0,0,comparator_rate_minus_proposed_rate,PRE_R10_SUPPORTING_DESCRIPTIVE_RESULT_AWARE__NO_NEW_CONFIRMATORY_INFERENCE
29,E2_ROLLING__DT-RAMDE_TS2_FULL__VS__CROSS_EVENT_MEMORY_ONLY,E2_ROLLING,REJECT_SAFETY_FILTER,RR-REJECTION/6,5,0,0,0,comparator_rate_minus_proposed_rate,PRE_R10_SUPPORTING_DESCRIPTIVE_RESULT_AWARE__NO_NEW_CONFIRMATORY_INFERENCE
29,E2_ROLLING__DT-RAMDE_TS2_FULL__VS__CROSS_EVENT_MEMORY_ONLY,E2_ROLLING,REJECT_BUDGET_NO_FEASIBLE,RR-REJECTION/6,5,0,0,0,comparator_rate_minus_proposed_rate,PRE_R10_SUPPORTING_DESCRIPTIVE_RESULT_AWARE__NO_NEW_CONFIRMATORY_INFERENCE
29,E2_ROLLING__DT-RAMDE_TS2_FULL__VS__CROSS_EVENT_MEMORY_ONLY,E2_ROLLING,REJECT_NUMERICAL,RR-REJECTION/6,5,0,0,0,comparator_rate_minus_proposed_rate,PRE_R10_SUPPORTING_DESCRIPTIVE_RESULT_AWARE__NO_NEW_CONFIRMATORY_INFERENCE
29,E2_ROLLING__DT-RAMDE_TS2_FULL__VS__CROSS_EVENT_MEMORY_ONLY,E2_ROLLING,OTHER_NONACCEPTED,RR-REJECTION/6,5,0,0,0,comparator_rate_minus_proposed_rate,PRE_R10_SUPPORTING_DESCRIPTIVE_RESULT_AWARE__NO_NEW_CONFIRMATORY_INFERENCE
29,E2_ROLLING__DT-RAMDE_TS2_FULL__VS__CROSS_EVENT_MEMORY_ONLY,E2_ROLLING,FAILURE_RATE,RR-REJECTION/7,5,0.069999999999999951,0.069999999999999951,0.069999999999999951,comparator_rate_minus_proposed_rate,PRE_R10_SUPPORTING_DESCRIPTIVE_RESULT_AWARE__NO_NEW_CONFIRMATORY_INFERENCE
29,E2_ROLLING__DT-RAMDE_TS2_FULL__VS__CROSS_EVENT_MEMORY_ONLY,E2_ROLLING,REJECT_SAFETY_FILTER,RR-REJECTION/7,5,0.069999999999999993,0.069999999999999993,0.069999999999999993,comparator_rate_minus_proposed_rate,PRE_R10_SUPPORTING_DESCRIPTIVE_RESULT_AWARE__NO_NEW_CONFIRMATORY_INFERENCE
29,E2_ROLLING__DT-RAMDE_TS2_FULL__VS__CROSS_EVENT_MEMORY_ONLY,E2_ROLLING,REJECT_BUDGET_NO_FEASIBLE,RR-REJECTION/7,5,0,0,0,comparator_rate_minus_proposed_rate,PRE_R10_SUPPORTING_DESCRIPTIVE_RESULT_AWARE__NO_NEW_CONFIRMATORY_INFERENCE
29,E2_ROLLING__DT-RAMDE_TS2_FULL__VS__CROSS_EVENT_MEMORY_ONLY,E2_ROLLING,REJECT_NUMERICAL,RR-REJECTION/7,5,0,0,0,comparator_rate_minus_proposed_rate,PRE_R10_SUPPORTING_DESCRIPTIVE_RESULT_AWARE__NO_NEW_CONFIRMATORY_INFERENCE
29,E2_ROLLING__DT-RAMDE_TS2_FULL__VS__CROSS_EVENT_MEMORY_ONLY,E2_ROLLING,OTHER_NONACCEPTED,RR-REJECTION/7,5,0,0,0,comparator_rate_minus_proposed_rate,PRE_R10_SUPPORTING_DESCRIPTIVE_RESULT_AWARE__NO_NEW_CONFIRMATORY_INFERENCE
29,E2_ROLLING__DT-RAMDE_TS2_FULL__VS__CROSS_EVENT_MEMORY_ONLY,E2_ROLLING,FAILURE_RATE,RR-SHOCK/0,5,0,0,0,comparator_rate_minus_proposed_rate,PRE_R10_SUPPORTING_DESCRIPTIVE_RESULT_AWARE__NO_NEW_CONFIRMATORY_INFERENCE
29,E2_ROLLING__DT-RAMDE_TS2_FULL__VS__CROSS_EVENT_MEMORY_ONLY,E2_ROLLING,REJECT_SAFETY_FILTER,RR-SHOCK/0,5,0,0,0,comparator_rate_minus_proposed_rate,PRE_R10_SUPPORTING_DESCRIPTIVE_RESULT_AWARE__NO_NEW_CONFIRMATORY_INFERENCE
29,E2_ROLLING__DT-RAMDE_TS2_FULL__VS__CROSS_EVENT_MEMORY_ONLY,E2_ROLLING,REJECT_BUDGET_NO_FEASIBLE,RR-SHOCK/0,5,0,0,0,comparator_rate_minus_proposed_rate,PRE_R10_SUPPORTING_DESCRIPTIVE_RESULT_AWARE__NO_NEW_CONFIRMATORY_INFERENCE
29,E2_ROLLING__DT-RAMDE_TS2_FULL__VS__CROSS_EVENT_MEMORY_ONLY,E2_ROLLING,REJECT_NUMERICAL,RR-SHOCK/0,5,0,0,0,comparator_rate_minus_proposed_rate,PRE_R10_SUPPORTING_DESCRIPTIVE_RESULT_AWARE__NO_NEW_CONFIRMATORY_INFERENCE
29,E2_ROLLING__DT-RAMDE_TS2_FULL__VS__CROSS_EVENT_MEMORY_ONLY,E2_ROLLING,OTHER_NONACCEPTED,RR-SHOCK/0,5,0,0,0,comparator_rate_minus_proposed_rate,PRE_R10_SUPPORTING_DESCRIPTIVE_RESULT_AWARE__NO_NEW_CONFIRMATORY_INFERENCE
29,E2_ROLLING__DT-RAMDE_TS2_FULL__VS__CROSS_EVENT_MEMORY_ONLY,E2_ROLLING,FAILURE_RATE,RR-SHOCK/1,5,0,0,0,comparator_rate_minus_proposed_rate,PRE_R10_SUPPORTING_DESCRIPTIVE_RESULT_AWARE__NO_NEW_CONFIRMATORY_INFERENCE
29,E2_ROLLING__DT-RAMDE_TS2_FULL__VS__CROSS_EVENT_MEMORY_ONLY,E2_ROLLING,REJECT_SAFETY_FILTER,RR-SHOCK/1,5,0,0,0,comparator_rate_minus_proposed_rate,PRE_R10_SUPPORTING_DESCRIPTIVE_RESULT_AWARE__NO_NEW_CONFIRMATORY_INFERENCE
29,E2_ROLLING__DT-RAMDE_TS2_FULL__VS__CROSS_EVENT_MEMORY_ONLY,E2_ROLLING,REJECT_BUDGET_NO_FEASIBLE,RR-SHOCK/1,5,0,0,0,comparator_rate_minus_proposed_rate,PRE_R10_SUPPORTING_DESCRIPTIVE_RESULT_AWARE__NO_NEW_CONFIRMATORY_INFERENCE
29,E2_ROLLING__DT-RAMDE_TS2_FULL__VS__CROSS_EVENT_MEMORY_ONLY,E2_ROLLING,REJECT_NUMERICAL,RR-SHOCK/1,5,0,0,0,comparator_rate_minus_proposed_rate,PRE_R10_SUPPORTING_DESCRIPTIVE_RESULT_AWARE__NO_NEW_CONFIRMATORY_INFERENCE
29,E2_ROLLING__DT-RAMDE_TS2_FULL__VS__CROSS_EVENT_MEMORY_ONLY,E2_ROLLING,OTHER_NONACCEPTED,RR-SHOCK/1,5,0,0,0,comparator_rate_minus_proposed_rate,PRE_R10_SUPPORTING_DESCRIPTIVE_RESULT_AWARE__NO_NEW_CONFIRMATORY_INFERENCE
29,E2_ROLLING__DT-RAMDE_TS2_FULL__VS__CROSS_EVENT_MEMORY_ONLY,E2_ROLLING,FAILURE_RATE,RR-SHOCK/2,5,0.080000000000000002,0.080000000000000002,0.080000000000000002,comparator_rate_minus_proposed_rate,PRE_R10_SUPPORTING_DESCRIPTIVE_RESULT_AWARE__NO_NEW_CONFIRMATORY_INFERENCE
29,E2_ROLLING__DT-RAMDE_TS2_FULL__VS__CROSS_EVENT_MEMORY_ONLY,E2_ROLLING,REJECT_SAFETY_FILTER,RR-SHOCK/2,5,0.080000000000000002,0.080000000000000002,0.080000000000000002,comparator_rate_minus_proposed_rate,PRE_R10_SUPPORTING_DESCRIPTIVE_RESULT_AWARE__NO_NEW_CONFIRMATORY_INFERENCE
29,E2_ROLLING__DT-RAMDE_TS2_FULL__VS__CROSS_EVENT_MEMORY_ONLY,E2_ROLLING,REJECT_BUDGET_NO_FEASIBLE,RR-SHOCK/2,5,0,0,0,comparator_rate_minus_proposed_rate,PRE_R10_SUPPORTING_DESCRIPTIVE_RESULT_AWARE__NO_NEW_CONFIRMATORY_INFERENCE
29,E2_ROLLING__DT-RAMDE_TS2_FULL__VS__CROSS_EVENT_MEMORY_ONLY,E2_ROLLING,REJECT_NUMERICAL,RR-SHOCK/2,5,0,0,0,comparator_rate_minus_proposed_rate,PRE_R10_SUPPORTING_DESCRIPTIVE_RESULT_AWARE__NO_NEW_CONFIRMATORY_INFERENCE
29,E2_ROLLING__DT-RAMDE_TS2_FULL__VS__CROSS_EVENT_MEMORY_ONLY,E2_ROLLING,OTHER_NONACCEPTED,RR-SHOCK/2,5,0,0,0,comparator_rate_minus_proposed_rate,PRE_R10_SUPPORTING_DESCRIPTIVE_RESULT_AWARE__NO_NEW_CONFIRMATORY_INFERENCE
29,E2_ROLLING__DT-RAMDE_TS2_FULL__VS__CROSS_EVENT_MEMORY_ONLY,E2_ROLLING,FAILURE_RATE,RR-SHOCK/3,5,-0.030000000000000082,-0.030000000000000082,-0.030000000000000082,comparator_rate_minus_proposed_rate,PRE_R10_SUPPORTING_DESCRIPTIVE_RESULT_AWARE__NO_NEW_CONFIRMATORY_INFERENCE
29,E2_ROLLING__DT-RAMDE_TS2_FULL__VS__CROSS_EVENT_MEMORY_ONLY,E2_ROLLING,REJECT_SAFETY_FILTER,RR-SHOCK/3,5,-0.029999999999999999,-0.029999999999999999,-0.029999999999999999,comparator_rate_minus_proposed_rate,PRE_R10_SUPPORTING_DESCRIPTIVE_RESULT_AWARE__NO_NEW_CONFIRMATORY_INFERENCE
29,E2_ROLLING__DT-RAMDE_TS2_FULL__VS__CROSS_EVENT_MEMORY_ONLY,E2_ROLLING,REJECT_BUDGET_NO_FEASIBLE,RR-SHOCK/3,5,0,0,0,comparator_rate_minus_proposed_rate,PRE_R10_SUPPORTING_DESCRIPTIVE_RESULT_AWARE__NO_NEW_CONFIRMATORY_INFERENCE
29,E2_ROLLING__DT-RAMDE_TS2_FULL__VS__CROSS_EVENT_MEMORY_ONLY,E2_ROLLING,REJECT_NUMERICAL,RR-SHOCK/3,5,0,0,0,comparator_rate_minus_proposed_rate,PRE_R10_SUPPORTING_DESCRIPTIVE_RESULT_AWARE__NO_NEW_CONFIRMATORY_INFERENCE
29,E2_ROLLING__DT-RAMDE_TS2_FULL__VS__CROSS_EVENT_MEMORY_ONLY,E2_ROLLING,OTHER_NONACCEPTED,RR-SHOCK/3,5,-3.3306690738754695e-17,-3.3306690738754695e-17,-3.3306690738754695e-17,comparator_rate_minus_proposed_rate,PRE_R10_SUPPORTING_DESCRIPTIVE_RESULT_AWARE__NO_NEW_CONFIRMATORY_INFERENCE
29,E2_ROLLING__DT-RAMDE_TS2_FULL__VS__CROSS_EVENT_MEMORY_ONLY,E2_ROLLING,FAILURE_RATE,RR-SHOCK/4,5,0,0,0,comparator_rate_minus_proposed_rate,PRE_R10_SUPPORTING_DESCRIPTIVE_RESULT_AWARE__NO_NEW_CONFIRMATORY_INFERENCE
29,E2_ROLLING__DT-RAMDE_TS2_FULL__VS__CROSS_EVENT_MEMORY_ONLY,E2_ROLLING,REJECT_SAFETY_FILTER,RR-SHOCK/4,5,2.7755575615628915e-18,2.7755575615628915e-18,2.7755575615628915e-18,comparator_rate_minus_proposed_rate,PRE_R10_SUPPORTING_DESCRIPTIVE_RESULT_AWARE__NO_NEW_CONFIRMATORY_INFERENCE
29,E2_ROLLING__DT-RAMDE_TS2_FULL__VS__CROSS_EVENT_MEMORY_ONLY,E2_ROLLING,REJECT_BUDGET_NO_FEASIBLE,RR-SHOCK/4,5,0,0,0,comparator_rate_minus_proposed_rate,PRE_R10_SUPPORTING_DESCRIPTIVE_RESULT_AWARE__NO_NEW_CONFIRMATORY_INFERENCE
29,E2_ROLLING__DT-RAMDE_TS2_FULL__VS__CROSS_EVENT_MEMORY_ONLY,E2_ROLLING,REJECT_NUMERICAL,RR-SHOCK/4,5,0,0,0,comparator_rate_minus_proposed_rate,PRE_R10_SUPPORTING_DESCRIPTIVE_RESULT_AWARE__NO_NEW_CONFIRMATORY_INFERENCE
29,E2_ROLLING__DT-RAMDE_TS2_FULL__VS__CROSS_EVENT_MEMORY_ONLY,E2_ROLLING,OTHER_NONACCEPTED,RR-SHOCK/4,5,0,0,0,comparator_rate_minus_proposed_rate,PRE_R10_SUPPORTING_DESCRIPTIVE_RESULT_AWARE__NO_NEW_CONFIRMATORY_INFERENCE
29,E2_ROLLING__DT-RAMDE_TS2_FULL__VS__CROSS_EVENT_MEMORY_ONLY,E2_ROLLING,FAILURE_RATE,RR-SHOCK/5,5,0.090000000000000024,0.090000000000000024,0.090000000000000024,comparator_rate_minus_proposed_rate,PRE_R10_SUPPORTING_DESCRIPTIVE_RESULT_AWARE__NO_NEW_CONFIRMATORY_INFERENCE
29,E2_ROLLING__DT-RAMDE_TS2_FULL__VS__CROSS_EVENT_MEMORY_ONLY,E2_ROLLING,REJECT_SAFETY_FILTER,RR-SHOCK/5,5,0.090000000000000011,0.090000000000000011,0.090000000000000011,comparator_rate_minus_proposed_rate,PRE_R10_SUPPORTING_DESCRIPTIVE_RESULT_AWARE__NO_NEW_CONFIRMATORY_INFERENCE
29,E2_ROLLING__DT-RAMDE_TS2_FULL__VS__CROSS_EVENT_MEMORY_ONLY,E2_ROLLING,REJECT_BUDGET_NO_FEASIBLE,RR-SHOCK/5,5,0,0,0,comparator_rate_minus_proposed_rate,PRE_R10_SUPPORTING_DESCRIPTIVE_RESULT_AWARE__NO_NEW_CONFIRMATORY_INFERENCE
29,E2_ROLLING__DT-RAMDE_TS2_FULL__VS__CROSS_EVENT_MEMORY_ONLY,E2_ROLLING,REJECT_NUMERICAL,RR-SHOCK/5,5,0,0,0,comparator_rate_minus_proposed_rate,PRE_R10_SUPPORTING_DESCRIPTIVE_RESULT_AWARE__NO_NEW_CONFIRMATORY_INFERENCE
29,E2_ROLLING__DT-RAMDE_TS2_FULL__VS__CROSS_EVENT_MEMORY_ONLY,E2_ROLLING,OTHER_NONACCEPTED,RR-SHOCK/5,5,1.1102230246251566e-17,1.1102230246251566e-17,1.1102230246251566e-17,comparator_rate_minus_proposed_rate,PRE_R10_SUPPORTING_DESCRIPTIVE_RESULT_AWARE__NO_NEW_CONFIRMATORY_INFERENCE
29,E2_ROLLING__DT-RAMDE_TS2_FULL__VS__CROSS_EVENT_MEMORY_ONLY,E2_ROLLING,FAILURE_RATE,RR-SHOCK/6,5,-0.03999999999999998,-0.03999999999999998,-0.03999999999999998,comparator_rate_minus_proposed_rate,PRE_R10_SUPPORTING_DESCRIPTIVE_RESULT_AWARE__NO_NEW_CONFIRMATORY_INFERENCE
29,E2_ROLLING__DT-RAMDE_TS2_FULL__VS__CROSS_EVENT_MEMORY_ONLY,E2_ROLLING,REJECT_SAFETY_FILTER,RR-SHOCK/6,5,-0.020000000000000011,-0.020000000000000011,-0.020000000000000011,comparator_rate_minus_proposed_rate,PRE_R10_SUPPORTING_DESCRIPTIVE_RESULT_AWARE__NO_NEW_CONFIRMATORY_INFERENCE
29,E2_ROLLING__DT-RAMDE_TS2_FULL__VS__CROSS_EVENT_MEMORY_ONLY,E2_ROLLING,REJECT_BUDGET_NO_FEASIBLE,RR-SHOCK/6,5,-0.019999999999999997,-0.019999999999999997,-0.019999999999999997,comparator_rate_minus_proposed_rate,PRE_R10_SUPPORTING_DESCRIPTIVE_RESULT_AWARE__NO_NEW_CONFIRMATORY_INFERENCE
29,E2_ROLLING__DT-RAMDE_TS2_FULL__VS__CROSS_EVENT_MEMORY_ONLY,E2_ROLLING,REJECT_NUMERICAL,RR-SHOCK/6,5,0,0,0,comparator_rate_minus_proposed_rate,PRE_R10_SUPPORTING_DESCRIPTIVE_RESULT_AWARE__NO_NEW_CONFIRMATORY_INFERENCE
29,E2_ROLLING__DT-RAMDE_TS2_FULL__VS__CROSS_EVENT_MEMORY_ONLY,E2_ROLLING,OTHER_NONACCEPTED,RR-SHOCK/6,5,0,0,0,comparator_rate_minus_proposed_rate,PRE_R10_SUPPORTING_DESCRIPTIVE_RESULT_AWARE__NO_NEW_CONFIRMATORY_INFERENCE
29,E2_ROLLING__DT-RAMDE_TS2_FULL__VS__CROSS_EVENT_MEMORY_ONLY,E2_ROLLING,FAILURE_RATE,RR-SHOCK/7,5,0,0,0,comparator_rate_minus_proposed_rate,PRE_R10_SUPPORTING_DESCRIPTIVE_RESULT_AWARE__NO_NEW_CONFIRMATORY_INFERENCE
29,E2_ROLLING__DT-RAMDE_TS2_FULL__VS__CROSS_EVENT_MEMORY_ONLY,E2_ROLLING,REJECT_SAFETY_FILTER,RR-SHOCK/7,5,0,0,0,comparator_rate_minus_proposed_rate,PRE_R10_SUPPORTING_DESCRIPTIVE_RESULT_AWARE__NO_NEW_CONFIRMATORY_INFERENCE
29,E2_ROLLING__DT-RAMDE_TS2_FULL__VS__CROSS_EVENT_MEMORY_ONLY,E2_ROLLING,REJECT_BUDGET_NO_FEASIBLE,RR-SHOCK/7,5,0,0,0,comparator_rate_minus_proposed_rate,PRE_R10_SUPPORTING_DESCRIPTIVE_RESULT_AWARE__NO_NEW_CONFIRMATORY_INFERENCE
29,E2_ROLLING__DT-RAMDE_TS2_FULL__VS__CROSS_EVENT_MEMORY_ONLY,E2_ROLLING,REJECT_NUMERICAL,RR-SHOCK/7,5,0,0,0,comparator_rate_minus_proposed_rate,PRE_R10_SUPPORTING_DESCRIPTIVE_RESULT_AWARE__NO_NEW_CONFIRMATORY_INFERENCE
29,E2_ROLLING__DT-RAMDE_TS2_FULL__VS__CROSS_EVENT_MEMORY_ONLY,E2_ROLLING,OTHER_NONACCEPTED,RR-SHOCK/7,5,0,0,0,comparator_rate_minus_proposed_rate,PRE_R10_SUPPORTING_DESCRIPTIVE_RESULT_AWARE__NO_NEW_CONFIRMATORY_INFERENCE
29,E2_ROLLING__DT-RAMDE_TS2_FULL__VS__CROSS_EVENT_MEMORY_ONLY,E2_ROLLING,FAILURE_RATE,RR-SMOOTH/0,5,-0.02,-0.02,-0.02,comparator_rate_minus_proposed_rate,PRE_R10_SUPPORTING_DESCRIPTIVE_RESULT_AWARE__NO_NEW_CONFIRMATORY_INFERENCE
29,E2_ROLLING__DT-RAMDE_TS2_FULL__VS__CROSS_EVENT_MEMORY_ONLY,E2_ROLLING,REJECT_SAFETY_FILTER,RR-SMOOTH/0,5,-0.02,-0.02,-0.02,comparator_rate_minus_proposed_rate,PRE_R10_SUPPORTING_DESCRIPTIVE_RESULT_AWARE__NO_NEW_CONFIRMATORY_INFERENCE
29,E2_ROLLING__DT-RAMDE_TS2_FULL__VS__CROSS_EVENT_MEMORY_ONLY,E2_ROLLING,REJECT_BUDGET_NO_FEASIBLE,RR-SMOOTH/0,5,0,0,0,comparator_rate_minus_proposed_rate,PRE_R10_SUPPORTING_DESCRIPTIVE_RESULT_AWARE__NO_NEW_CONFIRMATORY_INFERENCE
29,E2_ROLLING__DT-RAMDE_TS2_FULL__VS__CROSS_EVENT_MEMORY_ONLY,E2_ROLLING,REJECT_NUMERICAL,RR-SMOOTH/0,5,0,0,0,comparator_rate_minus_proposed_rate,PRE_R10_SUPPORTING_DESCRIPTIVE_RESULT_AWARE__NO_NEW_CONFIRMATORY_INFERENCE
29,E2_ROLLING__DT-RAMDE_TS2_FULL__VS__CROSS_EVENT_MEMORY_ONLY,E2_ROLLING,OTHER_NONACCEPTED,RR-SMOOTH/0,5,0,0,0,comparator_rate_minus_proposed_rate,PRE_R10_SUPPORTING_DESCRIPTIVE_RESULT_AWARE__NO_NEW_CONFIRMATORY_INFERENCE
29,E2_ROLLING__DT-RAMDE_TS2_FULL__VS__CROSS_EVENT_MEMORY_ONLY,E2_ROLLING,FAILURE_RATE,RR-SMOOTH/1,5,0.29000000000000004,0.29000000000000004,0.29000000000000004,comparator_rate_minus_proposed_rate,PRE_R10_SUPPORTING_DESCRIPTIVE_RESULT_AWARE__NO_NEW_CONFIRMATORY_INFERENCE
29,E2_ROLLING__DT-RAMDE_TS2_FULL__VS__CROSS_EVENT_MEMORY_ONLY,E2_ROLLING,REJECT_SAFETY_FILTER,RR-SMOOTH/1,5,0.10000000000000005,0.10000000000000005,0.10000000000000005,comparator_rate_minus_proposed_rate,PRE_R10_SUPPORTING_DESCRIPTIVE_RESULT_AWARE__NO_NEW_CONFIRMATORY_INFERENCE
29,E2_ROLLING__DT-RAMDE_TS2_FULL__VS__CROSS_EVENT_MEMORY_ONLY,E2_ROLLING,REJECT_BUDGET_NO_FEASIBLE,RR-SMOOTH/1,5,0.19,0.19,0.19,comparator_rate_minus_proposed_rate,PRE_R10_SUPPORTING_DESCRIPTIVE_RESULT_AWARE__NO_NEW_CONFIRMATORY_INFERENCE
29,E2_ROLLING__DT-RAMDE_TS2_FULL__VS__CROSS_EVENT_MEMORY_ONLY,E2_ROLLING,REJECT_NUMERICAL,RR-SMOOTH/1,5,0,0,0,comparator_rate_minus_proposed_rate,PRE_R10_SUPPORTING_DESCRIPTIVE_RESULT_AWARE__NO_NEW_CONFIRMATORY_INFERENCE
29,E2_ROLLING__DT-RAMDE_TS2_FULL__VS__CROSS_EVENT_MEMORY_ONLY,E2_ROLLING,OTHER_NONACCEPTED,RR-SMOOTH/1,5,0,0,0,comparator_rate_minus_proposed_rate,PRE_R10_SUPPORTING_DESCRIPTIVE_RESULT_AWARE__NO_NEW_CONFIRMATORY_INFERENCE
29,E2_ROLLING__DT-RAMDE_TS2_FULL__VS__CROSS_EVENT_MEMORY_ONLY,E2_ROLLING,FAILURE_RATE,RR-SMOOTH/2,5,0,0,0,comparator_rate_minus_proposed_rate,PRE_R10_SUPPORTING_DESCRIPTIVE_RESULT_AWARE__NO_NEW_CONFIRMATORY_INFERENCE
29,E2_ROLLING__DT-RAMDE_TS2_FULL__VS__CROSS_EVENT_MEMORY_ONLY,E2_ROLLING,REJECT_SAFETY_FILTER,RR-SMOOTH/2,5,0,0,0,comparator_rate_minus_proposed_rate,PRE_R10_SUPPORTING_DESCRIPTIVE_RESULT_AWARE__NO_NEW_CONFIRMATORY_INFERENCE
29,E2_ROLLING__DT-RAMDE_TS2_FULL__VS__CROSS_EVENT_MEMORY_ONLY,E2_ROLLING,REJECT_BUDGET_NO_FEASIBLE,RR-SMOOTH/2,5,0,0,0,comparator_rate_minus_proposed_rate,PRE_R10_SUPPORTING_DESCRIPTIVE_RESULT_AWARE__NO_NEW_CONFIRMATORY_INFERENCE
29,E2_ROLLING__DT-RAMDE_TS2_FULL__VS__CROSS_EVENT_MEMORY_ONLY,E2_ROLLING,REJECT_NUMERICAL,RR-SMOOTH/2,5,0,0,0,comparator_rate_minus_proposed_rate,PRE_R10_SUPPORTING_DESCRIPTIVE_RESULT_AWARE__NO_NEW_CONFIRMATORY_INFERENCE
29,E2_ROLLING__DT-RAMDE_TS2_FULL__VS__CROSS_EVENT_MEMORY_ONLY,E2_ROLLING,OTHER_NONACCEPTED,RR-SMOOTH/2,5,0,0,0,comparator_rate_minus_proposed_rate,PRE_R10_SUPPORTING_DESCRIPTIVE_RESULT_AWARE__NO_NEW_CONFIRMATORY_INFERENCE
29,E2_ROLLING__DT-RAMDE_TS2_FULL__VS__CROSS_EVENT_MEMORY_ONLY,E2_ROLLING,FAILURE_RATE,RR-SMOOTH/3,5,0.019999999999999997,0.019999999999999997,0.019999999999999997,comparator_rate_minus_proposed_rate,PRE_R10_SUPPORTING_DESCRIPTIVE_RESULT_AWARE__NO_NEW_CONFIRMATORY_INFERENCE
29,E2_ROLLING__DT-RAMDE_TS2_FULL__VS__CROSS_EVENT_MEMORY_ONLY,E2_ROLLING,REJECT_SAFETY_FILTER,RR-SMOOTH/3,5,0.02,0.02,0.02,comparator_rate_minus_proposed_rate,PRE_R10_SUPPORTING_DESCRIPTIVE_RESULT_AWARE__NO_NEW_CONFIRMATORY_INFERENCE
29,E2_ROLLING__DT-RAMDE_TS2_FULL__VS__CROSS_EVENT_MEMORY_ONLY,E2_ROLLING,REJECT_BUDGET_NO_FEASIBLE,RR-SMOOTH/3,5,0,0,0,comparator_rate_minus_proposed_rate,PRE_R10_SUPPORTING_DESCRIPTIVE_RESULT_AWARE__NO_NEW_CONFIRMATORY_INFERENCE
29,E2_ROLLING__DT-RAMDE_TS2_FULL__VS__CROSS_EVENT_MEMORY_ONLY,E2_ROLLING,REJECT_NUMERICAL,RR-SMOOTH/3,5,0,0,0,comparator_rate_minus_proposed_rate,PRE_R10_SUPPORTING_DESCRIPTIVE_RESULT_AWARE__NO_NEW_CONFIRMATORY_INFERENCE
29,E2_ROLLING__DT-RAMDE_TS2_FULL__VS__CROSS_EVENT_MEMORY_ONLY,E2_ROLLING,OTHER_NONACCEPTED,RR-SMOOTH/3,5,0,0,0,comparator_rate_minus_proposed_rate,PRE_R10_SUPPORTING_DESCRIPTIVE_RESULT_AWARE__NO_NEW_CONFIRMATORY_INFERENCE
29,E2_ROLLING__DT-RAMDE_TS2_FULL__VS__CROSS_EVENT_MEMORY_ONLY,E2_ROLLING,FAILURE_RATE,RR-SMOOTH/4,5,-0.039999999999999925,-0.039999999999999925,-0.039999999999999925,comparator_rate_minus_proposed_rate,PRE_R10_SUPPORTING_DESCRIPTIVE_RESULT_AWARE__NO_NEW_CONFIRMATORY_INFERENCE
29,E2_ROLLING__DT-RAMDE_TS2_FULL__VS__CROSS_EVENT_MEMORY_ONLY,E2_ROLLING,REJECT_SAFETY_FILTER,RR-SMOOTH/4,5,-0.029999999999999999,-0.029999999999999999,-0.029999999999999999,comparator_rate_minus_proposed_rate,PRE_R10_SUPPORTING_DESCRIPTIVE_RESULT_AWARE__NO_NEW_CONFIRMATORY_INFERENCE
29,E2_ROLLING__DT-RAMDE_TS2_FULL__VS__CROSS_EVENT_MEMORY_ONLY,E2_ROLLING,REJECT_BUDGET_NO_FEASIBLE,RR-SMOOTH/4,5,-0.010000000000000009,-0.010000000000000009,-0.010000000000000009,comparator_rate_minus_proposed_rate,PRE_R10_SUPPORTING_DESCRIPTIVE_RESULT_AWARE__NO_NEW_CONFIRMATORY_INFERENCE
29,E2_ROLLING__DT-RAMDE_TS2_FULL__VS__CROSS_EVENT_MEMORY_ONLY,E2_ROLLING,REJECT_NUMERICAL,RR-SMOOTH/4,5,0,0,0,comparator_rate_minus_proposed_rate,PRE_R10_SUPPORTING_DESCRIPTIVE_RESULT_AWARE__NO_NEW_CONFIRMATORY_INFERENCE
29,E2_ROLLING__DT-RAMDE_TS2_FULL__VS__CROSS_EVENT_MEMORY_ONLY,E2_ROLLING,OTHER_NONACCEPTED,RR-SMOOTH/4,5,6.6613381477509402e-17,6.6613381477509402e-17,6.6613381477509402e-17,comparator_rate_minus_proposed_rate,PRE_R10_SUPPORTING_DESCRIPTIVE_RESULT_AWARE__NO_NEW_CONFIRMATORY_INFERENCE
29,E2_ROLLING__DT-RAMDE_TS2_FULL__VS__CROSS_EVENT_MEMORY_ONLY,E2_ROLLING,FAILURE_RATE,RR-SMOOTH/5,5,0.099999999999999992,0.099999999999999992,0.099999999999999992,comparator_rate_minus_proposed_rate,PRE_R10_SUPPORTING_DESCRIPTIVE_RESULT_AWARE__NO_NEW_CONFIRMATORY_INFERENCE
29,E2_ROLLING__DT-RAMDE_TS2_FULL__VS__CROSS_EVENT_MEMORY_ONLY,E2_ROLLING,REJECT_SAFETY_FILTER,RR-SMOOTH/5,5,0.10000000000000001,0.10000000000000001,0.10000000000000001,comparator_rate_minus_proposed_rate,PRE_R10_SUPPORTING_DESCRIPTIVE_RESULT_AWARE__NO_NEW_CONFIRMATORY_INFERENCE
29,E2_ROLLING__DT-RAMDE_TS2_FULL__VS__CROSS_EVENT_MEMORY_ONLY,E2_ROLLING,REJECT_BUDGET_NO_FEASIBLE,RR-SMOOTH/5,5,0,0,0,comparator_rate_minus_proposed_rate,PRE_R10_SUPPORTING_DESCRIPTIVE_RESULT_AWARE__NO_NEW_CONFIRMATORY_INFERENCE
29,E2_ROLLING__DT-RAMDE_TS2_FULL__VS__CROSS_EVENT_MEMORY_ONLY,E2_ROLLING,REJECT_NUMERICAL,RR-SMOOTH/5,5,0,0,0,comparator_rate_minus_proposed_rate,PRE_R10_SUPPORTING_DESCRIPTIVE_RESULT_AWARE__NO_NEW_CONFIRMATORY_INFERENCE
29,E2_ROLLING__DT-RAMDE_TS2_FULL__VS__CROSS_EVENT_MEMORY_ONLY,E2_ROLLING,OTHER_NONACCEPTED,RR-SMOOTH/5,5,0,0,0,comparator_rate_minus_proposed_rate,PRE_R10_SUPPORTING_DESCRIPTIVE_RESULT_AWARE__NO_NEW_CONFIRMATORY_INFERENCE
29,E2_ROLLING__DT-RAMDE_TS2_FULL__VS__CROSS_EVENT_MEMORY_ONLY,E2_ROLLING,FAILURE_RATE,RR-SMOOTH/6,5,0.020000000000000018,0.020000000000000018,0.020000000000000018,comparator_rate_minus_proposed_rate,PRE_R10_SUPPORTING_DESCRIPTIVE_RESULT_AWARE__NO_NEW_CONFIRMATORY_INFERENCE
29,E2_ROLLING__DT-RAMDE_TS2_FULL__VS__CROSS_EVENT_MEMORY_ONLY,E2_ROLLING,REJECT_SAFETY_FILTER,RR-SMOOTH/6,5,0.020000000000000007,0.020000000000000007,0.020000000000000007,comparator_rate_minus_proposed_rate,PRE_R10_SUPPORTING_DESCRIPTIVE_RESULT_AWARE__NO_NEW_CONFIRMATORY_INFERENCE
29,E2_ROLLING__DT-RAMDE_TS2_FULL__VS__CROSS_EVENT_MEMORY_ONLY,E2_ROLLING,REJECT_BUDGET_NO_FEASIBLE,RR-SMOOTH/6,5,0,0,0,comparator_rate_minus_proposed_rate,PRE_R10_SUPPORTING_DESCRIPTIVE_RESULT_AWARE__NO_NEW_CONFIRMATORY_INFERENCE
29,E2_ROLLING__DT-RAMDE_TS2_FULL__VS__CROSS_EVENT_MEMORY_ONLY,E2_ROLLING,REJECT_NUMERICAL,RR-SMOOTH/6,5,0,0,0,comparator_rate_minus_proposed_rate,PRE_R10_SUPPORTING_DESCRIPTIVE_RESULT_AWARE__NO_NEW_CONFIRMATORY_INFERENCE
29,E2_ROLLING__DT-RAMDE_TS2_FULL__VS__CROSS_EVENT_MEMORY_ONLY,E2_ROLLING,OTHER_NONACCEPTED,RR-SMOOTH/6,5,-2.2204460492503132e-17,-2.2204460492503132e-17,-2.2204460492503132e-17,comparator_rate_minus_proposed_rate,PRE_R10_SUPPORTING_DESCRIPTIVE_RESULT_AWARE__NO_NEW_CONFIRMATORY_INFERENCE
29,E2_ROLLING__DT-RAMDE_TS2_FULL__VS__CROSS_EVENT_MEMORY_ONLY,E2_ROLLING,FAILURE_RATE,RR-SMOOTH/7,5,0,0,0,comparator_rate_minus_proposed_rate,PRE_R10_SUPPORTING_DESCRIPTIVE_RESULT_AWARE__NO_NEW_CONFIRMATORY_INFERENCE
29,E2_ROLLING__DT-RAMDE_TS2_FULL__VS__CROSS_EVENT_MEMORY_ONLY,E2_ROLLING,REJECT_SAFETY_FILTER,RR-SMOOTH/7,5,0,0,0,comparator_rate_minus_proposed_rate,PRE_R10_SUPPORTING_DESCRIPTIVE_RESULT_AWARE__NO_NEW_CONFIRMATORY_INFERENCE
29,E2_ROLLING__DT-RAMDE_TS2_FULL__VS__CROSS_EVENT_MEMORY_ONLY,E2_ROLLING,REJECT_BUDGET_NO_FEASIBLE,RR-SMOOTH/7,5,0,0,0,comparator_rate_minus_proposed_rate,PRE_R10_SUPPORTING_DESCRIPTIVE_RESULT_AWARE__NO_NEW_CONFIRMATORY_INFERENCE
29,E2_ROLLING__DT-RAMDE_TS2_FULL__VS__CROSS_EVENT_MEMORY_ONLY,E2_ROLLING,REJECT_NUMERICAL,RR-SMOOTH/7,5,0,0,0,comparator_rate_minus_proposed_rate,PRE_R10_SUPPORTING_DESCRIPTIVE_RESULT_AWARE__NO_NEW_CONFIRMATORY_INFERENCE
29,E2_ROLLING__DT-RAMDE_TS2_FULL__VS__CROSS_EVENT_MEMORY_ONLY,E2_ROLLING,OTHER_NONACCEPTED,RR-SMOOTH/7,5,0,0,0,comparator_rate_minus_proposed_rate,PRE_R10_SUPPORTING_DESCRIPTIVE_RESULT_AWARE__NO_NEW_CONFIRMATORY_INFERENCE
30,E2_ROLLING__DT-RAMDE_TS2_FULL__VS__SHADE_ONLY,E2_ROLLING,FAILURE_RATE,RR-INTERMITTENT/0,5,-0.16,-0.16,-0.16,comparator_rate_minus_proposed_rate,PRE_R10_SUPPORTING_DESCRIPTIVE_RESULT_AWARE__NO_NEW_CONFIRMATORY_INFERENCE
30,E2_ROLLING__DT-RAMDE_TS2_FULL__VS__SHADE_ONLY,E2_ROLLING,REJECT_SAFETY_FILTER,RR-INTERMITTENT/0,5,-0.16,-0.16,-0.16,comparator_rate_minus_proposed_rate,PRE_R10_SUPPORTING_DESCRIPTIVE_RESULT_AWARE__NO_NEW_CONFIRMATORY_INFERENCE
30,E2_ROLLING__DT-RAMDE_TS2_FULL__VS__SHADE_ONLY,E2_ROLLING,REJECT_BUDGET_NO_FEASIBLE,RR-INTERMITTENT/0,5,0,0,0,comparator_rate_minus_proposed_rate,PRE_R10_SUPPORTING_DESCRIPTIVE_RESULT_AWARE__NO_NEW_CONFIRMATORY_INFERENCE
30,E2_ROLLING__DT-RAMDE_TS2_FULL__VS__SHADE_ONLY,E2_ROLLING,REJECT_NUMERICAL,RR-INTERMITTENT/0,5,0,0,0,comparator_rate_minus_proposed_rate,PRE_R10_SUPPORTING_DESCRIPTIVE_RESULT_AWARE__NO_NEW_CONFIRMATORY_INFERENCE
30,E2_ROLLING__DT-RAMDE_TS2_FULL__VS__SHADE_ONLY,E2_ROLLING,OTHER_NONACCEPTED,RR-INTERMITTENT/0,5,0,0,0,comparator_rate_minus_proposed_rate,PRE_R10_SUPPORTING_DESCRIPTIVE_RESULT_AWARE__NO_NEW_CONFIRMATORY_INFERENCE
30,E2_ROLLING__DT-RAMDE_TS2_FULL__VS__SHADE_ONLY,E2_ROLLING,FAILURE_RATE,RR-INTERMITTENT/1,5,0,0,0,comparator_rate_minus_proposed_rate,PRE_R10_SUPPORTING_DESCRIPTIVE_RESULT_AWARE__NO_NEW_CONFIRMATORY_INFERENCE
30,E2_ROLLING__DT-RAMDE_TS2_FULL__VS__SHADE_ONLY,E2_ROLLING,REJECT_SAFETY_FILTER,RR-INTERMITTENT/1,5,0,0,0,comparator_rate_minus_proposed_rate,PRE_R10_SUPPORTING_DESCRIPTIVE_RESULT_AWARE__NO_NEW_CONFIRMATORY_INFERENCE
30,E2_ROLLING__DT-RAMDE_TS2_FULL__VS__SHADE_ONLY,E2_ROLLING,REJECT_BUDGET_NO_FEASIBLE,RR-INTERMITTENT/1,5,0,0,0,comparator_rate_minus_proposed_rate,PRE_R10_SUPPORTING_DESCRIPTIVE_RESULT_AWARE__NO_NEW_CONFIRMATORY_INFERENCE
30,E2_ROLLING__DT-RAMDE_TS2_FULL__VS__SHADE_ONLY,E2_ROLLING,REJECT_NUMERICAL,RR-INTERMITTENT/1,5,0,0,0,comparator_rate_minus_proposed_rate,PRE_R10_SUPPORTING_DESCRIPTIVE_RESULT_AWARE__NO_NEW_CONFIRMATORY_INFERENCE
30,E2_ROLLING__DT-RAMDE_TS2_FULL__VS__SHADE_ONLY,E2_ROLLING,OTHER_NONACCEPTED,RR-INTERMITTENT/1,5,0,0,0,comparator_rate_minus_proposed_rate,PRE_R10_SUPPORTING_DESCRIPTIVE_RESULT_AWARE__NO_NEW_CONFIRMATORY_INFERENCE
30,E2_ROLLING__DT-RAMDE_TS2_FULL__VS__SHADE_ONLY,E2_ROLLING,FAILURE_RATE,RR-INTERMITTENT/2,5,0.040000000000000008,0.040000000000000008,0.040000000000000008,comparator_rate_minus_proposed_rate,PRE_R10_SUPPORTING_DESCRIPTIVE_RESULT_AWARE__NO_NEW_CONFIRMATORY_INFERENCE
30,E2_ROLLING__DT-RAMDE_TS2_FULL__VS__SHADE_ONLY,E2_ROLLING,REJECT_SAFETY_FILTER,RR-INTERMITTENT/2,5,0.039999999999999994,0.039999999999999994,0.039999999999999994,comparator_rate_minus_proposed_rate,PRE_R10_SUPPORTING_DESCRIPTIVE_RESULT_AWARE__NO_NEW_CONFIRMATORY_INFERENCE
30,E2_ROLLING__DT-RAMDE_TS2_FULL__VS__SHADE_ONLY,E2_ROLLING,REJECT_BUDGET_NO_FEASIBLE,RR-INTERMITTENT/2,5,0,0,0,comparator_rate_minus_proposed_rate,PRE_R10_SUPPORTING_DESCRIPTIVE_RESULT_AWARE__NO_NEW_CONFIRMATORY_INFERENCE
30,E2_ROLLING__DT-RAMDE_TS2_FULL__VS__SHADE_ONLY,E2_ROLLING,REJECT_NUMERICAL,RR-INTERMITTENT/2,5,0,0,0,comparator_rate_minus_proposed_rate,PRE_R10_SUPPORTING_DESCRIPTIVE_RESULT_AWARE__NO_NEW_CONFIRMATORY_INFERENCE
30,E2_ROLLING__DT-RAMDE_TS2_FULL__VS__SHADE_ONLY,E2_ROLLING,OTHER_NONACCEPTED,RR-INTERMITTENT/2,5,0,0,0,comparator_rate_minus_proposed_rate,PRE_R10_SUPPORTING_DESCRIPTIVE_RESULT_AWARE__NO_NEW_CONFIRMATORY_INFERENCE
30,E2_ROLLING__DT-RAMDE_TS2_FULL__VS__SHADE_ONLY,E2_ROLLING,FAILURE_RATE,RR-INTERMITTENT/3,5,-0.42000000000000004,-0.42000000000000004,-0.42000000000000004,comparator_rate_minus_proposed_rate,PRE_R10_SUPPORTING_DESCRIPTIVE_RESULT_AWARE__NO_NEW_CONFIRMATORY_INFERENCE
30,E2_ROLLING__DT-RAMDE_TS2_FULL__VS__SHADE_ONLY,E2_ROLLING,REJECT_SAFETY_FILTER,RR-INTERMITTENT/3,5,-0.25,-0.25,-0.25,comparator_rate_minus_proposed_rate,PRE_R10_SUPPORTING_DESCRIPTIVE_RESULT_AWARE__NO_NEW_CONFIRMATORY_INFERENCE
30,E2_ROLLING__DT-RAMDE_TS2_FULL__VS__SHADE_ONLY,E2_ROLLING,REJECT_BUDGET_NO_FEASIBLE,RR-INTERMITTENT/3,5,-0.16999999999999998,-0.16999999999999998,-0.16999999999999998,comparator_rate_minus_proposed_rate,PRE_R10_SUPPORTING_DESCRIPTIVE_RESULT_AWARE__NO_NEW_CONFIRMATORY_INFERENCE
30,E2_ROLLING__DT-RAMDE_TS2_FULL__VS__SHADE_ONLY,E2_ROLLING,REJECT_NUMERICAL,RR-INTERMITTENT/3,5,0,0,0,comparator_rate_minus_proposed_rate,PRE_R10_SUPPORTING_DESCRIPTIVE_RESULT_AWARE__NO_NEW_CONFIRMATORY_INFERENCE
30,E2_ROLLING__DT-RAMDE_TS2_FULL__VS__SHADE_ONLY,E2_ROLLING,OTHER_NONACCEPTED,RR-INTERMITTENT/3,5,0,0,0,comparator_rate_minus_proposed_rate,PRE_R10_SUPPORTING_DESCRIPTIVE_RESULT_AWARE__NO_NEW_CONFIRMATORY_INFERENCE
30,E2_ROLLING__DT-RAMDE_TS2_FULL__VS__SHADE_ONLY,E2_ROLLING,FAILURE_RATE,RR-INTERMITTENT/4,5,-0.049999999999999996,-0.049999999999999996,-0.049999999999999996,comparator_rate_minus_proposed_rate,PRE_R10_SUPPORTING_DESCRIPTIVE_RESULT_AWARE__NO_NEW_CONFIRMATORY_INFERENCE
30,E2_ROLLING__DT-RAMDE_TS2_FULL__VS__SHADE_ONLY,E2_ROLLING,REJECT_SAFETY_FILTER,RR-INTERMITTENT/4,5,-0.050000000000000003,-0.050000000000000003,-0.050000000000000003,comparator_rate_minus_proposed_rate,PRE_R10_SUPPORTING_DESCRIPTIVE_RESULT_AWARE__NO_NEW_CONFIRMATORY_INFERENCE
30,E2_ROLLING__DT-RAMDE_TS2_FULL__VS__SHADE_ONLY,E2_ROLLING,REJECT_BUDGET_NO_FEASIBLE,RR-INTERMITTENT/4,5,0,0,0,comparator_rate_minus_proposed_rate,PRE_R10_SUPPORTING_DESCRIPTIVE_RESULT_AWARE__NO_NEW_CONFIRMATORY_INFERENCE
30,E2_ROLLING__DT-RAMDE_TS2_FULL__VS__SHADE_ONLY,E2_ROLLING,REJECT_NUMERICAL,RR-INTERMITTENT/4,5,0,0,0,comparator_rate_minus_proposed_rate,PRE_R10_SUPPORTING_DESCRIPTIVE_RESULT_AWARE__NO_NEW_CONFIRMATORY_INFERENCE
30,E2_ROLLING__DT-RAMDE_TS2_FULL__VS__SHADE_ONLY,E2_ROLLING,OTHER_NONACCEPTED,RR-INTERMITTENT/4,5,0,0,0,comparator_rate_minus_proposed_rate,PRE_R10_SUPPORTING_DESCRIPTIVE_RESULT_AWARE__NO_NEW_CONFIRMATORY_INFERENCE
30,E2_ROLLING__DT-RAMDE_TS2_FULL__VS__SHADE_ONLY,E2_ROLLING,FAILURE_RATE,RR-INTERMITTENT/5,5,-0.10000000000000001,-0.10000000000000001,-0.10000000000000001,comparator_rate_minus_proposed_rate,PRE_R10_SUPPORTING_DESCRIPTIVE_RESULT_AWARE__NO_NEW_CONFIRMATORY_INFERENCE
30,E2_ROLLING__DT-RAMDE_TS2_FULL__VS__SHADE_ONLY,E2_ROLLING,REJECT_SAFETY_FILTER,RR-INTERMITTENT/5,5,-0.10000000000000001,-0.10000000000000001,-0.10000000000000001,comparator_rate_minus_proposed_rate,PRE_R10_SUPPORTING_DESCRIPTIVE_RESULT_AWARE__NO_NEW_CONFIRMATORY_INFERENCE
30,E2_ROLLING__DT-RAMDE_TS2_FULL__VS__SHADE_ONLY,E2_ROLLING,REJECT_BUDGET_NO_FEASIBLE,RR-INTERMITTENT/5,5,0,0,0,comparator_rate_minus_proposed_rate,PRE_R10_SUPPORTING_DESCRIPTIVE_RESULT_AWARE__NO_NEW_CONFIRMATORY_INFERENCE
30,E2_ROLLING__DT-RAMDE_TS2_FULL__VS__SHADE_ONLY,E2_ROLLING,REJECT_NUMERICAL,RR-INTERMITTENT/5,5,0,0,0,comparator_rate_minus_proposed_rate,PRE_R10_SUPPORTING_DESCRIPTIVE_RESULT_AWARE__NO_NEW_CONFIRMATORY_INFERENCE
30,E2_ROLLING__DT-RAMDE_TS2_FULL__VS__SHADE_ONLY,E2_ROLLING,OTHER_NONACCEPTED,RR-INTERMITTENT/5,5,0,0,0,comparator_rate_minus_proposed_rate,PRE_R10_SUPPORTING_DESCRIPTIVE_RESULT_AWARE__NO_NEW_CONFIRMATORY_INFERENCE
30,E2_ROLLING__DT-RAMDE_TS2_FULL__VS__SHADE_ONLY,E2_ROLLING,FAILURE_RATE,RR-INTERMITTENT/6,5,0,0,0,comparator_rate_minus_proposed_rate,PRE_R10_SUPPORTING_DESCRIPTIVE_RESULT_AWARE__NO_NEW_CONFIRMATORY_INFERENCE
30,E2_ROLLING__DT-RAMDE_TS2_FULL__VS__SHADE_ONLY,E2_ROLLING,REJECT_SAFETY_FILTER,RR-INTERMITTENT/6,5,0,0,0,comparator_rate_minus_proposed_rate,PRE_R10_SUPPORTING_DESCRIPTIVE_RESULT_AWARE__NO_NEW_CONFIRMATORY_INFERENCE
30,E2_ROLLING__DT-RAMDE_TS2_FULL__VS__SHADE_ONLY,E2_ROLLING,REJECT_BUDGET_NO_FEASIBLE,RR-INTERMITTENT/6,5,0,0,0,comparator_rate_minus_proposed_rate,PRE_R10_SUPPORTING_DESCRIPTIVE_RESULT_AWARE__NO_NEW_CONFIRMATORY_INFERENCE
30,E2_ROLLING__DT-RAMDE_TS2_FULL__VS__SHADE_ONLY,E2_ROLLING,REJECT_NUMERICAL,RR-INTERMITTENT/6,5,0,0,0,comparator_rate_minus_proposed_rate,PRE_R10_SUPPORTING_DESCRIPTIVE_RESULT_AWARE__NO_NEW_CONFIRMATORY_INFERENCE
30,E2_ROLLING__DT-RAMDE_TS2_FULL__VS__SHADE_ONLY,E2_ROLLING,OTHER_NONACCEPTED,RR-INTERMITTENT/6,5,0,0,0,comparator_rate_minus_proposed_rate,PRE_R10_SUPPORTING_DESCRIPTIVE_RESULT_AWARE__NO_NEW_CONFIRMATORY_INFERENCE
30,E2_ROLLING__DT-RAMDE_TS2_FULL__VS__SHADE_ONLY,E2_ROLLING,FAILURE_RATE,RR-INTERMITTENT/7,5,-0.060000000000000053,-0.060000000000000053,-0.060000000000000053,comparator_rate_minus_proposed_rate,PRE_R10_SUPPORTING_DESCRIPTIVE_RESULT_AWARE__NO_NEW_CONFIRMATORY_INFERENCE
30,E2_ROLLING__DT-RAMDE_TS2_FULL__VS__SHADE_ONLY,E2_ROLLING,REJECT_SAFETY_FILTER,RR-INTERMITTENT/7,5,-0.059999999999999984,-0.059999999999999984,-0.059999999999999984,comparator_rate_minus_proposed_rate,PRE_R10_SUPPORTING_DESCRIPTIVE_RESULT_AWARE__NO_NEW_CONFIRMATORY_INFERENCE
30,E2_ROLLING__DT-RAMDE_TS2_FULL__VS__SHADE_ONLY,E2_ROLLING,REJECT_BUDGET_NO_FEASIBLE,RR-INTERMITTENT/7,5,0,0,0,comparator_rate_minus_proposed_rate,PRE_R10_SUPPORTING_DESCRIPTIVE_RESULT_AWARE__NO_NEW_CONFIRMATORY_INFERENCE
30,E2_ROLLING__DT-RAMDE_TS2_FULL__VS__SHADE_ONLY,E2_ROLLING,REJECT_NUMERICAL,RR-INTERMITTENT/7,5,0,0,0,comparator_rate_minus_proposed_rate,PRE_R10_SUPPORTING_DESCRIPTIVE_RESULT_AWARE__NO_NEW_CONFIRMATORY_INFERENCE
30,E2_ROLLING__DT-RAMDE_TS2_FULL__VS__SHADE_ONLY,E2_ROLLING,OTHER_NONACCEPTED,RR-INTERMITTENT/7,5,-2.2204460492503132e-17,-2.2204460492503132e-17,-2.2204460492503132e-17,comparator_rate_minus_proposed_rate,PRE_R10_SUPPORTING_DESCRIPTIVE_RESULT_AWARE__NO_NEW_CONFIRMATORY_INFERENCE
30,E2_ROLLING__DT-RAMDE_TS2_FULL__VS__SHADE_ONLY,E2_ROLLING,FAILURE_RATE,RR-REJECTION/0,5,-0.079999999999999988,-0.079999999999999988,-0.079999999999999988,comparator_rate_minus_proposed_rate,PRE_R10_SUPPORTING_DESCRIPTIVE_RESULT_AWARE__NO_NEW_CONFIRMATORY_INFERENCE
30,E2_ROLLING__DT-RAMDE_TS2_FULL__VS__SHADE_ONLY,E2_ROLLING,REJECT_SAFETY_FILTER,RR-REJECTION/0,5,-0.080000000000000002,-0.080000000000000002,-0.080000000000000002,comparator_rate_minus_proposed_rate,PRE_R10_SUPPORTING_DESCRIPTIVE_RESULT_AWARE__NO_NEW_CONFIRMATORY_INFERENCE
30,E2_ROLLING__DT-RAMDE_TS2_FULL__VS__SHADE_ONLY,E2_ROLLING,REJECT_BUDGET_NO_FEASIBLE,RR-REJECTION/0,5,0,0,0,comparator_rate_minus_proposed_rate,PRE_R10_SUPPORTING_DESCRIPTIVE_RESULT_AWARE__NO_NEW_CONFIRMATORY_INFERENCE
30,E2_ROLLING__DT-RAMDE_TS2_FULL__VS__SHADE_ONLY,E2_ROLLING,REJECT_NUMERICAL,RR-REJECTION/0,5,0,0,0,comparator_rate_minus_proposed_rate,PRE_R10_SUPPORTING_DESCRIPTIVE_RESULT_AWARE__NO_NEW_CONFIRMATORY_INFERENCE
30,E2_ROLLING__DT-RAMDE_TS2_FULL__VS__SHADE_ONLY,E2_ROLLING,OTHER_NONACCEPTED,RR-REJECTION/0,5,0,0,0,comparator_rate_minus_proposed_rate,PRE_R10_SUPPORTING_DESCRIPTIVE_RESULT_AWARE__NO_NEW_CONFIRMATORY_INFERENCE
30,E2_ROLLING__DT-RAMDE_TS2_FULL__VS__SHADE_ONLY,E2_ROLLING,FAILURE_RATE,RR-REJECTION/1,5,-0.030000000000000013,-0.030000000000000013,-0.030000000000000013,comparator_rate_minus_proposed_rate,PRE_R10_SUPPORTING_DESCRIPTIVE_RESULT_AWARE__NO_NEW_CONFIRMATORY_INFERENCE
30,E2_ROLLING__DT-RAMDE_TS2_FULL__VS__SHADE_ONLY,E2_ROLLING,REJECT_SAFETY_FILTER,RR-REJECTION/1,5,-0.030000000000000006,-0.030000000000000006,-0.030000000000000006,comparator_rate_minus_proposed_rate,PRE_R10_SUPPORTING_DESCRIPTIVE_RESULT_AWARE__NO_NEW_CONFIRMATORY_INFERENCE
30,E2_ROLLING__DT-RAMDE_TS2_FULL__VS__SHADE_ONLY,E2_ROLLING,REJECT_BUDGET_NO_FEASIBLE,RR-REJECTION/1,5,0,0,0,comparator_rate_minus_proposed_rate,PRE_R10_SUPPORTING_DESCRIPTIVE_RESULT_AWARE__NO_NEW_CONFIRMATORY_INFERENCE
30,E2_ROLLING__DT-RAMDE_TS2_FULL__VS__SHADE_ONLY,E2_ROLLING,REJECT_NUMERICAL,RR-REJECTION/1,5,0,0,0,comparator_rate_minus_proposed_rate,PRE_R10_SUPPORTING_DESCRIPTIVE_RESULT_AWARE__NO_NEW_CONFIRMATORY_INFERENCE
30,E2_ROLLING__DT-RAMDE_TS2_FULL__VS__SHADE_ONLY,E2_ROLLING,OTHER_NONACCEPTED,RR-REJECTION/1,5,0,0,0,comparator_rate_minus_proposed_rate,PRE_R10_SUPPORTING_DESCRIPTIVE_RESULT_AWARE__NO_NEW_CONFIRMATORY_INFERENCE
30,E2_ROLLING__DT-RAMDE_TS2_FULL__VS__SHADE_ONLY,E2_ROLLING,FAILURE_RATE,RR-REJECTION/2,5,0,0,0,comparator_rate_minus_proposed_rate,PRE_R10_SUPPORTING_DESCRIPTIVE_RESULT_AWARE__NO_NEW_CONFIRMATORY_INFERENCE
30,E2_ROLLING__DT-RAMDE_TS2_FULL__VS__SHADE_ONLY,E2_ROLLING,REJECT_SAFETY_FILTER,RR-REJECTION/2,5,0,0,0,comparator_rate_minus_proposed_rate,PRE_R10_SUPPORTING_DESCRIPTIVE_RESULT_AWARE__NO_NEW_CONFIRMATORY_INFERENCE
30,E2_ROLLING__DT-RAMDE_TS2_FULL__VS__SHADE_ONLY,E2_ROLLING,REJECT_BUDGET_NO_FEASIBLE,RR-REJECTION/2,5,0,0,0,comparator_rate_minus_proposed_rate,PRE_R10_SUPPORTING_DESCRIPTIVE_RESULT_AWARE__NO_NEW_CONFIRMATORY_INFERENCE
30,E2_ROLLING__DT-RAMDE_TS2_FULL__VS__SHADE_ONLY,E2_ROLLING,REJECT_NUMERICAL,RR-REJECTION/2,5,0,0,0,comparator_rate_minus_proposed_rate,PRE_R10_SUPPORTING_DESCRIPTIVE_RESULT_AWARE__NO_NEW_CONFIRMATORY_INFERENCE
30,E2_ROLLING__DT-RAMDE_TS2_FULL__VS__SHADE_ONLY,E2_ROLLING,OTHER_NONACCEPTED,RR-REJECTION/2,5,0,0,0,comparator_rate_minus_proposed_rate,PRE_R10_SUPPORTING_DESCRIPTIVE_RESULT_AWARE__NO_NEW_CONFIRMATORY_INFERENCE
30,E2_ROLLING__DT-RAMDE_TS2_FULL__VS__SHADE_ONLY,E2_ROLLING,FAILURE_RATE,RR-REJECTION/3,5,0.029999999999999992,0.029999999999999992,0.029999999999999992,comparator_rate_minus_proposed_rate,PRE_R10_SUPPORTING_DESCRIPTIVE_RESULT_AWARE__NO_NEW_CONFIRMATORY_INFERENCE
30,E2_ROLLING__DT-RAMDE_TS2_FULL__VS__SHADE_ONLY,E2_ROLLING,REJECT_SAFETY_FILTER,RR-REJECTION/3,5,0.02,0.02,0.02,comparator_rate_minus_proposed_rate,PRE_R10_SUPPORTING_DESCRIPTIVE_RESULT_AWARE__NO_NEW_CONFIRMATORY_INFERENCE
30,E2_ROLLING__DT-RAMDE_TS2_FULL__VS__SHADE_ONLY,E2_ROLLING,REJECT_BUDGET_NO_FEASIBLE,RR-REJECTION/3,5,0.01,0.01,0.01,comparator_rate_minus_proposed_rate,PRE_R10_SUPPORTING_DESCRIPTIVE_RESULT_AWARE__NO_NEW_CONFIRMATORY_INFERENCE
30,E2_ROLLING__DT-RAMDE_TS2_FULL__VS__SHADE_ONLY,E2_ROLLING,REJECT_NUMERICAL,RR-REJECTION/3,5,0,0,0,comparator_rate_minus_proposed_rate,PRE_R10_SUPPORTING_DESCRIPTIVE_RESULT_AWARE__NO_NEW_CONFIRMATORY_INFERENCE
30,E2_ROLLING__DT-RAMDE_TS2_FULL__VS__SHADE_ONLY,E2_ROLLING,OTHER_NONACCEPTED,RR-REJECTION/3,5,0,0,0,comparator_rate_minus_proposed_rate,PRE_R10_SUPPORTING_DESCRIPTIVE_RESULT_AWARE__NO_NEW_CONFIRMATORY_INFERENCE
30,E2_ROLLING__DT-RAMDE_TS2_FULL__VS__SHADE_ONLY,E2_ROLLING,FAILURE_RATE,RR-REJECTION/4,5,0.029999999999999985,0.029999999999999985,0.029999999999999985,comparator_rate_minus_proposed_rate,PRE_R10_SUPPORTING_DESCRIPTIVE_RESULT_AWARE__NO_NEW_CONFIRMATORY_INFERENCE
30,E2_ROLLING__DT-RAMDE_TS2_FULL__VS__SHADE_ONLY,E2_ROLLING,REJECT_SAFETY_FILTER,RR-REJECTION/4,5,0.029999999999999992,0.029999999999999992,0.029999999999999992,comparator_rate_minus_proposed_rate,PRE_R10_SUPPORTING_DESCRIPTIVE_RESULT_AWARE__NO_NEW_CONFIRMATORY_INFERENCE
30,E2_ROLLING__DT-RAMDE_TS2_FULL__VS__SHADE_ONLY,E2_ROLLING,REJECT_BUDGET_NO_FEASIBLE,RR-REJECTION/4,5,0,0,0,comparator_rate_minus_proposed_rate,PRE_R10_SUPPORTING_DESCRIPTIVE_RESULT_AWARE__NO_NEW_CONFIRMATORY_INFERENCE
30,E2_ROLLING__DT-RAMDE_TS2_FULL__VS__SHADE_ONLY,E2_ROLLING,REJECT_NUMERICAL,RR-REJECTION/4,5,0,0,0,comparator_rate_minus_proposed_rate,PRE_R10_SUPPORTING_DESCRIPTIVE_RESULT_AWARE__NO_NEW_CONFIRMATORY_INFERENCE
30,E2_ROLLING__DT-RAMDE_TS2_FULL__VS__SHADE_ONLY,E2_ROLLING,OTHER_NONACCEPTED,RR-REJECTION/4,5,0,0,0,comparator_rate_minus_proposed_rate,PRE_R10_SUPPORTING_DESCRIPTIVE_RESULT_AWARE__NO_NEW_CONFIRMATORY_INFERENCE
30,E2_ROLLING__DT-RAMDE_TS2_FULL__VS__SHADE_ONLY,E2_ROLLING,FAILURE_RATE,RR-REJECTION/5,5,0,0,0,comparator_rate_minus_proposed_rate,PRE_R10_SUPPORTING_DESCRIPTIVE_RESULT_AWARE__NO_NEW_CONFIRMATORY_INFERENCE
30,E2_ROLLING__DT-RAMDE_TS2_FULL__VS__SHADE_ONLY,E2_ROLLING,REJECT_SAFETY_FILTER,RR-REJECTION/5,5,0,0,0,comparator_rate_minus_proposed_rate,PRE_R10_SUPPORTING_DESCRIPTIVE_RESULT_AWARE__NO_NEW_CONFIRMATORY_INFERENCE
30,E2_ROLLING__DT-RAMDE_TS2_FULL__VS__SHADE_ONLY,E2_ROLLING,REJECT_BUDGET_NO_FEASIBLE,RR-REJECTION/5,5,0,0,0,comparator_rate_minus_proposed_rate,PRE_R10_SUPPORTING_DESCRIPTIVE_RESULT_AWARE__NO_NEW_CONFIRMATORY_INFERENCE
30,E2_ROLLING__DT-RAMDE_TS2_FULL__VS__SHADE_ONLY,E2_ROLLING,REJECT_NUMERICAL,RR-REJECTION/5,5,0,0,0,comparator_rate_minus_proposed_rate,PRE_R10_SUPPORTING_DESCRIPTIVE_RESULT_AWARE__NO_NEW_CONFIRMATORY_INFERENCE
30,E2_ROLLING__DT-RAMDE_TS2_FULL__VS__SHADE_ONLY,E2_ROLLING,OTHER_NONACCEPTED,RR-REJECTION/5,5,0,0,0,comparator_rate_minus_proposed_rate,PRE_R10_SUPPORTING_DESCRIPTIVE_RESULT_AWARE__NO_NEW_CONFIRMATORY_INFERENCE
30,E2_ROLLING__DT-RAMDE_TS2_FULL__VS__SHADE_ONLY,E2_ROLLING,FAILURE_RATE,RR-REJECTION/6,5,-0.02,-0.02,-0.02,comparator_rate_minus_proposed_rate,PRE_R10_SUPPORTING_DESCRIPTIVE_RESULT_AWARE__NO_NEW_CONFIRMATORY_INFERENCE
30,E2_ROLLING__DT-RAMDE_TS2_FULL__VS__SHADE_ONLY,E2_ROLLING,REJECT_SAFETY_FILTER,RR-REJECTION/6,5,-0.02,-0.02,-0.02,comparator_rate_minus_proposed_rate,PRE_R10_SUPPORTING_DESCRIPTIVE_RESULT_AWARE__NO_NEW_CONFIRMATORY_INFERENCE
30,E2_ROLLING__DT-RAMDE_TS2_FULL__VS__SHADE_ONLY,E2_ROLLING,REJECT_BUDGET_NO_FEASIBLE,RR-REJECTION/6,5,0,0,0,comparator_rate_minus_proposed_rate,PRE_R10_SUPPORTING_DESCRIPTIVE_RESULT_AWARE__NO_NEW_CONFIRMATORY_INFERENCE
30,E2_ROLLING__DT-RAMDE_TS2_FULL__VS__SHADE_ONLY,E2_ROLLING,REJECT_NUMERICAL,RR-REJECTION/6,5,0,0,0,comparator_rate_minus_proposed_rate,PRE_R10_SUPPORTING_DESCRIPTIVE_RESULT_AWARE__NO_NEW_CONFIRMATORY_INFERENCE
30,E2_ROLLING__DT-RAMDE_TS2_FULL__VS__SHADE_ONLY,E2_ROLLING,OTHER_NONACCEPTED,RR-REJECTION/6,5,0,0,0,comparator_rate_minus_proposed_rate,PRE_R10_SUPPORTING_DESCRIPTIVE_RESULT_AWARE__NO_NEW_CONFIRMATORY_INFERENCE
30,E2_ROLLING__DT-RAMDE_TS2_FULL__VS__SHADE_ONLY,E2_ROLLING,FAILURE_RATE,RR-REJECTION/7,5,-0.03999999999999998,-0.03999999999999998,-0.03999999999999998,comparator_rate_minus_proposed_rate,PRE_R10_SUPPORTING_DESCRIPTIVE_RESULT_AWARE__NO_NEW_CONFIRMATORY_INFERENCE
30,E2_ROLLING__DT-RAMDE_TS2_FULL__VS__SHADE_ONLY,E2_ROLLING,REJECT_SAFETY_FILTER,RR-REJECTION/7,5,-0.039999999999999987,-0.039999999999999987,-0.039999999999999987,comparator_rate_minus_proposed_rate,PRE_R10_SUPPORTING_DESCRIPTIVE_RESULT_AWARE__NO_NEW_CONFIRMATORY_INFERENCE
30,E2_ROLLING__DT-RAMDE_TS2_FULL__VS__SHADE_ONLY,E2_ROLLING,REJECT_BUDGET_NO_FEASIBLE,RR-REJECTION/7,5,0,0,0,comparator_rate_minus_proposed_rate,PRE_R10_SUPPORTING_DESCRIPTIVE_RESULT_AWARE__NO_NEW_CONFIRMATORY_INFERENCE
30,E2_ROLLING__DT-RAMDE_TS2_FULL__VS__SHADE_ONLY,E2_ROLLING,REJECT_NUMERICAL,RR-REJECTION/7,5,0,0,0,comparator_rate_minus_proposed_rate,PRE_R10_SUPPORTING_DESCRIPTIVE_RESULT_AWARE__NO_NEW_CONFIRMATORY_INFERENCE
30,E2_ROLLING__DT-RAMDE_TS2_FULL__VS__SHADE_ONLY,E2_ROLLING,OTHER_NONACCEPTED,RR-REJECTION/7,5,0,0,0,comparator_rate_minus_proposed_rate,PRE_R10_SUPPORTING_DESCRIPTIVE_RESULT_AWARE__NO_NEW_CONFIRMATORY_INFERENCE
30,E2_ROLLING__DT-RAMDE_TS2_FULL__VS__SHADE_ONLY,E2_ROLLING,FAILURE_RATE,RR-SHOCK/0,5,0,0,0,comparator_rate_minus_proposed_rate,PRE_R10_SUPPORTING_DESCRIPTIVE_RESULT_AWARE__NO_NEW_CONFIRMATORY_INFERENCE
30,E2_ROLLING__DT-RAMDE_TS2_FULL__VS__SHADE_ONLY,E2_ROLLING,REJECT_SAFETY_FILTER,RR-SHOCK/0,5,0,0,0,comparator_rate_minus_proposed_rate,PRE_R10_SUPPORTING_DESCRIPTIVE_RESULT_AWARE__NO_NEW_CONFIRMATORY_INFERENCE
30,E2_ROLLING__DT-RAMDE_TS2_FULL__VS__SHADE_ONLY,E2_ROLLING,REJECT_BUDGET_NO_FEASIBLE,RR-SHOCK/0,5,0,0,0,comparator_rate_minus_proposed_rate,PRE_R10_SUPPORTING_DESCRIPTIVE_RESULT_AWARE__NO_NEW_CONFIRMATORY_INFERENCE
30,E2_ROLLING__DT-RAMDE_TS2_FULL__VS__SHADE_ONLY,E2_ROLLING,REJECT_NUMERICAL,RR-SHOCK/0,5,0,0,0,comparator_rate_minus_proposed_rate,PRE_R10_SUPPORTING_DESCRIPTIVE_RESULT_AWARE__NO_NEW_CONFIRMATORY_INFERENCE
30,E2_ROLLING__DT-RAMDE_TS2_FULL__VS__SHADE_ONLY,E2_ROLLING,OTHER_NONACCEPTED,RR-SHOCK/0,5,0,0,0,comparator_rate_minus_proposed_rate,PRE_R10_SUPPORTING_DESCRIPTIVE_RESULT_AWARE__NO_NEW_CONFIRMATORY_INFERENCE
30,E2_ROLLING__DT-RAMDE_TS2_FULL__VS__SHADE_ONLY,E2_ROLLING,FAILURE_RATE,RR-SHOCK/1,5,0,0,0,comparator_rate_minus_proposed_rate,PRE_R10_SUPPORTING_DESCRIPTIVE_RESULT_AWARE__NO_NEW_CONFIRMATORY_INFERENCE
30,E2_ROLLING__DT-RAMDE_TS2_FULL__VS__SHADE_ONLY,E2_ROLLING,REJECT_SAFETY_FILTER,RR-SHOCK/1,5,0,0,0,comparator_rate_minus_proposed_rate,PRE_R10_SUPPORTING_DESCRIPTIVE_RESULT_AWARE__NO_NEW_CONFIRMATORY_INFERENCE
30,E2_ROLLING__DT-RAMDE_TS2_FULL__VS__SHADE_ONLY,E2_ROLLING,REJECT_BUDGET_NO_FEASIBLE,RR-SHOCK/1,5,0,0,0,comparator_rate_minus_proposed_rate,PRE_R10_SUPPORTING_DESCRIPTIVE_RESULT_AWARE__NO_NEW_CONFIRMATORY_INFERENCE
30,E2_ROLLING__DT-RAMDE_TS2_FULL__VS__SHADE_ONLY,E2_ROLLING,REJECT_NUMERICAL,RR-SHOCK/1,5,0,0,0,comparator_rate_minus_proposed_rate,PRE_R10_SUPPORTING_DESCRIPTIVE_RESULT_AWARE__NO_NEW_CONFIRMATORY_INFERENCE
30,E2_ROLLING__DT-RAMDE_TS2_FULL__VS__SHADE_ONLY,E2_ROLLING,OTHER_NONACCEPTED,RR-SHOCK/1,5,0,0,0,comparator_rate_minus_proposed_rate,PRE_R10_SUPPORTING_DESCRIPTIVE_RESULT_AWARE__NO_NEW_CONFIRMATORY_INFERENCE
30,E2_ROLLING__DT-RAMDE_TS2_FULL__VS__SHADE_ONLY,E2_ROLLING,FAILURE_RATE,RR-SHOCK/2,5,-0.0099999999999999811,-0.0099999999999999811,-0.0099999999999999811,comparator_rate_minus_proposed_rate,PRE_R10_SUPPORTING_DESCRIPTIVE_RESULT_AWARE__NO_NEW_CONFIRMATORY_INFERENCE
30,E2_ROLLING__DT-RAMDE_TS2_FULL__VS__SHADE_ONLY,E2_ROLLING,REJECT_SAFETY_FILTER,RR-SHOCK/2,5,-0.01,-0.01,-0.01,comparator_rate_minus_proposed_rate,PRE_R10_SUPPORTING_DESCRIPTIVE_RESULT_AWARE__NO_NEW_CONFIRMATORY_INFERENCE
30,E2_ROLLING__DT-RAMDE_TS2_FULL__VS__SHADE_ONLY,E2_ROLLING,REJECT_BUDGET_NO_FEASIBLE,RR-SHOCK/2,5,0,0,0,comparator_rate_minus_proposed_rate,PRE_R10_SUPPORTING_DESCRIPTIVE_RESULT_AWARE__NO_NEW_CONFIRMATORY_INFERENCE
30,E2_ROLLING__DT-RAMDE_TS2_FULL__VS__SHADE_ONLY,E2_ROLLING,REJECT_NUMERICAL,RR-SHOCK/2,5,0,0,0,comparator_rate_minus_proposed_rate,PRE_R10_SUPPORTING_DESCRIPTIVE_RESULT_AWARE__NO_NEW_CONFIRMATORY_INFERENCE
30,E2_ROLLING__DT-RAMDE_TS2_FULL__VS__SHADE_ONLY,E2_ROLLING,OTHER_NONACCEPTED,RR-SHOCK/2,5,0,0,0,comparator_rate_minus_proposed_rate,PRE_R10_SUPPORTING_DESCRIPTIVE_RESULT_AWARE__NO_NEW_CONFIRMATORY_INFERENCE
30,E2_ROLLING__DT-RAMDE_TS2_FULL__VS__SHADE_ONLY,E2_ROLLING,FAILURE_RATE,RR-SHOCK/3,5,-0.010000000000000064,-0.010000000000000064,-0.010000000000000064,comparator_rate_minus_proposed_rate,PRE_R10_SUPPORTING_DESCRIPTIVE_RESULT_AWARE__NO_NEW_CONFIRMATORY_INFERENCE
30,E2_ROLLING__DT-RAMDE_TS2_FULL__VS__SHADE_ONLY,E2_ROLLING,REJECT_SAFETY_FILTER,RR-SHOCK/3,5,-0.0099999999999999985,-0.0099999999999999985,-0.0099999999999999985,comparator_rate_minus_proposed_rate,PRE_R10_SUPPORTING_DESCRIPTIVE_RESULT_AWARE__NO_NEW_CONFIRMATORY_INFERENCE
30,E2_ROLLING__DT-RAMDE_TS2_FULL__VS__SHADE_ONLY,E2_ROLLING,REJECT_BUDGET_NO_FEASIBLE,RR-SHOCK/3,5,0,0,0,comparator_rate_minus_proposed_rate,PRE_R10_SUPPORTING_DESCRIPTIVE_RESULT_AWARE__NO_NEW_CONFIRMATORY_INFERENCE
30,E2_ROLLING__DT-RAMDE_TS2_FULL__VS__SHADE_ONLY,E2_ROLLING,REJECT_NUMERICAL,RR-SHOCK/3,5,0,0,0,comparator_rate_minus_proposed_rate,PRE_R10_SUPPORTING_DESCRIPTIVE_RESULT_AWARE__NO_NEW_CONFIRMATORY_INFERENCE
30,E2_ROLLING__DT-RAMDE_TS2_FULL__VS__SHADE_ONLY,E2_ROLLING,OTHER_NONACCEPTED,RR-SHOCK/3,5,-2.2204460492503132e-17,-2.2204460492503132e-17,-2.2204460492503132e-17,comparator_rate_minus_proposed_rate,PRE_R10_SUPPORTING_DESCRIPTIVE_RESULT_AWARE__NO_NEW_CONFIRMATORY_INFERENCE
30,E2_ROLLING__DT-RAMDE_TS2_FULL__VS__SHADE_ONLY,E2_ROLLING,FAILURE_RATE,RR-SHOCK/4,5,0.020000000000000018,0.020000000000000018,0.020000000000000018,comparator_rate_minus_proposed_rate,PRE_R10_SUPPORTING_DESCRIPTIVE_RESULT_AWARE__NO_NEW_CONFIRMATORY_INFERENCE
30,E2_ROLLING__DT-RAMDE_TS2_FULL__VS__SHADE_ONLY,E2_ROLLING,REJECT_SAFETY_FILTER,RR-SHOCK/4,5,0.02,0.02,0.02,comparator_rate_minus_proposed_rate,PRE_R10_SUPPORTING_DESCRIPTIVE_RESULT_AWARE__NO_NEW_CONFIRMATORY_INFERENCE
30,E2_ROLLING__DT-RAMDE_TS2_FULL__VS__SHADE_ONLY,E2_ROLLING,REJECT_BUDGET_NO_FEASIBLE,RR-SHOCK/4,5,0,0,0,comparator_rate_minus_proposed_rate,PRE_R10_SUPPORTING_DESCRIPTIVE_RESULT_AWARE__NO_NEW_CONFIRMATORY_INFERENCE
30,E2_ROLLING__DT-RAMDE_TS2_FULL__VS__SHADE_ONLY,E2_ROLLING,REJECT_NUMERICAL,RR-SHOCK/4,5,0,0,0,comparator_rate_minus_proposed_rate,PRE_R10_SUPPORTING_DESCRIPTIVE_RESULT_AWARE__NO_NEW_CONFIRMATORY_INFERENCE
30,E2_ROLLING__DT-RAMDE_TS2_FULL__VS__SHADE_ONLY,E2_ROLLING,OTHER_NONACCEPTED,RR-SHOCK/4,5,0,0,0,comparator_rate_minus_proposed_rate,PRE_R10_SUPPORTING_DESCRIPTIVE_RESULT_AWARE__NO_NEW_CONFIRMATORY_INFERENCE
30,E2_ROLLING__DT-RAMDE_TS2_FULL__VS__SHADE_ONLY,E2_ROLLING,FAILURE_RATE,RR-SHOCK/5,5,0.049999999999999989,0.049999999999999989,0.049999999999999989,comparator_rate_minus_proposed_rate,PRE_R10_SUPPORTING_DESCRIPTIVE_RESULT_AWARE__NO_NEW_CONFIRMATORY_INFERENCE
30,E2_ROLLING__DT-RAMDE_TS2_FULL__VS__SHADE_ONLY,E2_ROLLING,REJECT_SAFETY_FILTER,RR-SHOCK/5,5,0.049999999999999989,0.049999999999999989,0.049999999999999989,comparator_rate_minus_proposed_rate,PRE_R10_SUPPORTING_DESCRIPTIVE_RESULT_AWARE__NO_NEW_CONFIRMATORY_INFERENCE
30,E2_ROLLING__DT-RAMDE_TS2_FULL__VS__SHADE_ONLY,E2_ROLLING,REJECT_BUDGET_NO_FEASIBLE,RR-SHOCK/5,5,0,0,0,comparator_rate_minus_proposed_rate,PRE_R10_SUPPORTING_DESCRIPTIVE_RESULT_AWARE__NO_NEW_CONFIRMATORY_INFERENCE
30,E2_ROLLING__DT-RAMDE_TS2_FULL__VS__SHADE_ONLY,E2_ROLLING,REJECT_NUMERICAL,RR-SHOCK/5,5,0,0,0,comparator_rate_minus_proposed_rate,PRE_R10_SUPPORTING_DESCRIPTIVE_RESULT_AWARE__NO_NEW_CONFIRMATORY_INFERENCE
30,E2_ROLLING__DT-RAMDE_TS2_FULL__VS__SHADE_ONLY,E2_ROLLING,OTHER_NONACCEPTED,RR-SHOCK/5,5,3.3306690738754701e-17,3.3306690738754701e-17,3.3306690738754701e-17,comparator_rate_minus_proposed_rate,PRE_R10_SUPPORTING_DESCRIPTIVE_RESULT_AWARE__NO_NEW_CONFIRMATORY_INFERENCE
30,E2_ROLLING__DT-RAMDE_TS2_FULL__VS__SHADE_ONLY,E2_ROLLING,FAILURE_RATE,RR-SHOCK/6,5,0.36000000000000004,0.36000000000000004,0.36000000000000004,comparator_rate_minus_proposed_rate,PRE_R10_SUPPORTING_DESCRIPTIVE_RESULT_AWARE__NO_NEW_CONFIRMATORY_INFERENCE
30,E2_ROLLING__DT-RAMDE_TS2_FULL__VS__SHADE_ONLY,E2_ROLLING,REJECT_SAFETY_FILTER,RR-SHOCK/6,5,0.23000000000000004,0.23000000000000004,0.23000000000000004,comparator_rate_minus_proposed_rate,PRE_R10_SUPPORTING_DESCRIPTIVE_RESULT_AWARE__NO_NEW_CONFIRMATORY_INFERENCE
30,E2_ROLLING__DT-RAMDE_TS2_FULL__VS__SHADE_ONLY,E2_ROLLING,REJECT_BUDGET_NO_FEASIBLE,RR-SHOCK/6,5,0.13,0.13,0.13,comparator_rate_minus_proposed_rate,PRE_R10_SUPPORTING_DESCRIPTIVE_RESULT_AWARE__NO_NEW_CONFIRMATORY_INFERENCE
30,E2_ROLLING__DT-RAMDE_TS2_FULL__VS__SHADE_ONLY,E2_ROLLING,REJECT_NUMERICAL,RR-SHOCK/6,5,0,0,0,comparator_rate_minus_proposed_rate,PRE_R10_SUPPORTING_DESCRIPTIVE_RESULT_AWARE__NO_NEW_CONFIRMATORY_INFERENCE
30,E2_ROLLING__DT-RAMDE_TS2_FULL__VS__SHADE_ONLY,E2_ROLLING,OTHER_NONACCEPTED,RR-SHOCK/6,5,1.1102230246251566e-17,1.1102230246251566e-17,1.1102230246251566e-17,comparator_rate_minus_proposed_rate,PRE_R10_SUPPORTING_DESCRIPTIVE_RESULT_AWARE__NO_NEW_CONFIRMATORY_INFERENCE
30,E2_ROLLING__DT-RAMDE_TS2_FULL__VS__SHADE_ONLY,E2_ROLLING,FAILURE_RATE,RR-SHOCK/7,5,0,0,0,comparator_rate_minus_proposed_rate,PRE_R10_SUPPORTING_DESCRIPTIVE_RESULT_AWARE__NO_NEW_CONFIRMATORY_INFERENCE
30,E2_ROLLING__DT-RAMDE_TS2_FULL__VS__SHADE_ONLY,E2_ROLLING,REJECT_SAFETY_FILTER,RR-SHOCK/7,5,0,0,0,comparator_rate_minus_proposed_rate,PRE_R10_SUPPORTING_DESCRIPTIVE_RESULT_AWARE__NO_NEW_CONFIRMATORY_INFERENCE
30,E2_ROLLING__DT-RAMDE_TS2_FULL__VS__SHADE_ONLY,E2_ROLLING,REJECT_BUDGET_NO_FEASIBLE,RR-SHOCK/7,5,0,0,0,comparator_rate_minus_proposed_rate,PRE_R10_SUPPORTING_DESCRIPTIVE_RESULT_AWARE__NO_NEW_CONFIRMATORY_INFERENCE
30,E2_ROLLING__DT-RAMDE_TS2_FULL__VS__SHADE_ONLY,E2_ROLLING,REJECT_NUMERICAL,RR-SHOCK/7,5,0,0,0,comparator_rate_minus_proposed_rate,PRE_R10_SUPPORTING_DESCRIPTIVE_RESULT_AWARE__NO_NEW_CONFIRMATORY_INFERENCE
30,E2_ROLLING__DT-RAMDE_TS2_FULL__VS__SHADE_ONLY,E2_ROLLING,OTHER_NONACCEPTED,RR-SHOCK/7,5,0,0,0,comparator_rate_minus_proposed_rate,PRE_R10_SUPPORTING_DESCRIPTIVE_RESULT_AWARE__NO_NEW_CONFIRMATORY_INFERENCE
30,E2_ROLLING__DT-RAMDE_TS2_FULL__VS__SHADE_ONLY,E2_ROLLING,FAILURE_RATE,RR-SMOOTH/0,5,-0.02,-0.02,-0.02,comparator_rate_minus_proposed_rate,PRE_R10_SUPPORTING_DESCRIPTIVE_RESULT_AWARE__NO_NEW_CONFIRMATORY_INFERENCE
30,E2_ROLLING__DT-RAMDE_TS2_FULL__VS__SHADE_ONLY,E2_ROLLING,REJECT_SAFETY_FILTER,RR-SMOOTH/0,5,-0.02,-0.02,-0.02,comparator_rate_minus_proposed_rate,PRE_R10_SUPPORTING_DESCRIPTIVE_RESULT_AWARE__NO_NEW_CONFIRMATORY_INFERENCE
30,E2_ROLLING__DT-RAMDE_TS2_FULL__VS__SHADE_ONLY,E2_ROLLING,REJECT_BUDGET_NO_FEASIBLE,RR-SMOOTH/0,5,0,0,0,comparator_rate_minus_proposed_rate,PRE_R10_SUPPORTING_DESCRIPTIVE_RESULT_AWARE__NO_NEW_CONFIRMATORY_INFERENCE
30,E2_ROLLING__DT-RAMDE_TS2_FULL__VS__SHADE_ONLY,E2_ROLLING,REJECT_NUMERICAL,RR-SMOOTH/0,5,0,0,0,comparator_rate_minus_proposed_rate,PRE_R10_SUPPORTING_DESCRIPTIVE_RESULT_AWARE__NO_NEW_CONFIRMATORY_INFERENCE
30,E2_ROLLING__DT-RAMDE_TS2_FULL__VS__SHADE_ONLY,E2_ROLLING,OTHER_NONACCEPTED,RR-SMOOTH/0,5,0,0,0,comparator_rate_minus_proposed_rate,PRE_R10_SUPPORTING_DESCRIPTIVE_RESULT_AWARE__NO_NEW_CONFIRMATORY_INFERENCE
30,E2_ROLLING__DT-RAMDE_TS2_FULL__VS__SHADE_ONLY,E2_ROLLING,FAILURE_RATE,RR-SMOOTH/1,5,-0.1399999999999999,-0.1399999999999999,-0.1399999999999999,comparator_rate_minus_proposed_rate,PRE_R10_SUPPORTING_DESCRIPTIVE_RESULT_AWARE__NO_NEW_CONFIRMATORY_INFERENCE
30,E2_ROLLING__DT-RAMDE_TS2_FULL__VS__SHADE_ONLY,E2_ROLLING,REJECT_SAFETY_FILTER,RR-SMOOTH/1,5,-0.14999999999999999,-0.14999999999999999,-0.14999999999999999,comparator_rate_minus_proposed_rate,PRE_R10_SUPPORTING_DESCRIPTIVE_RESULT_AWARE__NO_NEW_CONFIRMATORY_INFERENCE
30,E2_ROLLING__DT-RAMDE_TS2_FULL__VS__SHADE_ONLY,E2_ROLLING,REJECT_BUDGET_NO_FEASIBLE,RR-SMOOTH/1,5,0.0099999999999999985,0.0099999999999999985,0.0099999999999999985,comparator_rate_minus_proposed_rate,PRE_R10_SUPPORTING_DESCRIPTIVE_RESULT_AWARE__NO_NEW_CONFIRMATORY_INFERENCE
30,E2_ROLLING__DT-RAMDE_TS2_FULL__VS__SHADE_ONLY,E2_ROLLING,REJECT_NUMERICAL,RR-SMOOTH/1,5,0,0,0,comparator_rate_minus_proposed_rate,PRE_R10_SUPPORTING_DESCRIPTIVE_RESULT_AWARE__NO_NEW_CONFIRMATORY_INFERENCE
30,E2_ROLLING__DT-RAMDE_TS2_FULL__VS__SHADE_ONLY,E2_ROLLING,OTHER_NONACCEPTED,RR-SMOOTH/1,5,0,0,0,comparator_rate_minus_proposed_rate,PRE_R10_SUPPORTING_DESCRIPTIVE_RESULT_AWARE__NO_NEW_CONFIRMATORY_INFERENCE
30,E2_ROLLING__DT-RAMDE_TS2_FULL__VS__SHADE_ONLY,E2_ROLLING,FAILURE_RATE,RR-SMOOTH/2,5,0,0,0,comparator_rate_minus_proposed_rate,PRE_R10_SUPPORTING_DESCRIPTIVE_RESULT_AWARE__NO_NEW_CONFIRMATORY_INFERENCE
30,E2_ROLLING__DT-RAMDE_TS2_FULL__VS__SHADE_ONLY,E2_ROLLING,REJECT_SAFETY_FILTER,RR-SMOOTH/2,5,0,0,0,comparator_rate_minus_proposed_rate,PRE_R10_SUPPORTING_DESCRIPTIVE_RESULT_AWARE__NO_NEW_CONFIRMATORY_INFERENCE
30,E2_ROLLING__DT-RAMDE_TS2_FULL__VS__SHADE_ONLY,E2_ROLLING,REJECT_BUDGET_NO_FEASIBLE,RR-SMOOTH/2,5,0,0,0,comparator_rate_minus_proposed_rate,PRE_R10_SUPPORTING_DESCRIPTIVE_RESULT_AWARE__NO_NEW_CONFIRMATORY_INFERENCE
30,E2_ROLLING__DT-RAMDE_TS2_FULL__VS__SHADE_ONLY,E2_ROLLING,REJECT_NUMERICAL,RR-SMOOTH/2,5,0,0,0,comparator_rate_minus_proposed_rate,PRE_R10_SUPPORTING_DESCRIPTIVE_RESULT_AWARE__NO_NEW_CONFIRMATORY_INFERENCE
30,E2_ROLLING__DT-RAMDE_TS2_FULL__VS__SHADE_ONLY,E2_ROLLING,OTHER_NONACCEPTED,RR-SMOOTH/2,5,0,0,0,comparator_rate_minus_proposed_rate,PRE_R10_SUPPORTING_DESCRIPTIVE_RESULT_AWARE__NO_NEW_CONFIRMATORY_INFERENCE
30,E2_ROLLING__DT-RAMDE_TS2_FULL__VS__SHADE_ONLY,E2_ROLLING,FAILURE_RATE,RR-SMOOTH/3,5,0.009999999999999995,0.009999999999999995,0.009999999999999995,comparator_rate_minus_proposed_rate,PRE_R10_SUPPORTING_DESCRIPTIVE_RESULT_AWARE__NO_NEW_CONFIRMATORY_INFERENCE
30,E2_ROLLING__DT-RAMDE_TS2_FULL__VS__SHADE_ONLY,E2_ROLLING,REJECT_SAFETY_FILTER,RR-SMOOTH/3,5,0.01,0.01,0.01,comparator_rate_minus_proposed_rate,PRE_R10_SUPPORTING_DESCRIPTIVE_RESULT_AWARE__NO_NEW_CONFIRMATORY_INFERENCE
30,E2_ROLLING__DT-RAMDE_TS2_FULL__VS__SHADE_ONLY,E2_ROLLING,REJECT_BUDGET_NO_FEASIBLE,RR-SMOOTH/3,5,0,0,0,comparator_rate_minus_proposed_rate,PRE_R10_SUPPORTING_DESCRIPTIVE_RESULT_AWARE__NO_NEW_CONFIRMATORY_INFERENCE
30,E2_ROLLING__DT-RAMDE_TS2_FULL__VS__SHADE_ONLY,E2_ROLLING,REJECT_NUMERICAL,RR-SMOOTH/3,5,0,0,0,comparator_rate_minus_proposed_rate,PRE_R10_SUPPORTING_DESCRIPTIVE_RESULT_AWARE__NO_NEW_CONFIRMATORY_INFERENCE
30,E2_ROLLING__DT-RAMDE_TS2_FULL__VS__SHADE_ONLY,E2_ROLLING,OTHER_NONACCEPTED,RR-SMOOTH/3,5,0,0,0,comparator_rate_minus_proposed_rate,PRE_R10_SUPPORTING_DESCRIPTIVE_RESULT_AWARE__NO_NEW_CONFIRMATORY_INFERENCE
30,E2_ROLLING__DT-RAMDE_TS2_FULL__VS__SHADE_ONLY,E2_ROLLING,FAILURE_RATE,RR-SMOOTH/4,5,0.070000000000000062,0.070000000000000062,0.070000000000000062,comparator_rate_minus_proposed_rate,PRE_R10_SUPPORTING_DESCRIPTIVE_RESULT_AWARE__NO_NEW_CONFIRMATORY_INFERENCE
30,E2_ROLLING__DT-RAMDE_TS2_FULL__VS__SHADE_ONLY,E2_ROLLING,REJECT_SAFETY_FILTER,RR-SMOOTH/4,5,0.049999999999999989,0.049999999999999989,0.049999999999999989,comparator_rate_minus_proposed_rate,PRE_R10_SUPPORTING_DESCRIPTIVE_RESULT_AWARE__NO_NEW_CONFIRMATORY_INFERENCE
30,E2_ROLLING__DT-RAMDE_TS2_FULL__VS__SHADE_ONLY,E2_ROLLING,REJECT_BUDGET_NO_FEASIBLE,RR-SMOOTH/4,5,0.019999999999999997,0.019999999999999997,0.019999999999999997,comparator_rate_minus_proposed_rate,PRE_R10_SUPPORTING_DESCRIPTIVE_RESULT_AWARE__NO_NEW_CONFIRMATORY_INFERENCE
30,E2_ROLLING__DT-RAMDE_TS2_FULL__VS__SHADE_ONLY,E2_ROLLING,REJECT_NUMERICAL,RR-SMOOTH/4,5,0,0,0,comparator_rate_minus_proposed_rate,PRE_R10_SUPPORTING_DESCRIPTIVE_RESULT_AWARE__NO_NEW_CONFIRMATORY_INFERENCE
30,E2_ROLLING__DT-RAMDE_TS2_FULL__VS__SHADE_ONLY,E2_ROLLING,OTHER_NONACCEPTED,RR-SMOOTH/4,5,4.4408920985006264e-17,4.4408920985006264e-17,4.4408920985006264e-17,comparator_rate_minus_proposed_rate,PRE_R10_SUPPORTING_DESCRIPTIVE_RESULT_AWARE__NO_NEW_CONFIRMATORY_INFERENCE
30,E2_ROLLING__DT-RAMDE_TS2_FULL__VS__SHADE_ONLY,E2_ROLLING,FAILURE_RATE,RR-SMOOTH/5,5,0.14000000000000001,0.14000000000000001,0.14000000000000001,comparator_rate_minus_proposed_rate,PRE_R10_SUPPORTING_DESCRIPTIVE_RESULT_AWARE__NO_NEW_CONFIRMATORY_INFERENCE
30,E2_ROLLING__DT-RAMDE_TS2_FULL__VS__SHADE_ONLY,E2_ROLLING,REJECT_SAFETY_FILTER,RR-SMOOTH/5,5,0.14000000000000001,0.14000000000000001,0.14000000000000001,comparator_rate_minus_proposed_rate,PRE_R10_SUPPORTING_DESCRIPTIVE_RESULT_AWARE__NO_NEW_CONFIRMATORY_INFERENCE
30,E2_ROLLING__DT-RAMDE_TS2_FULL__VS__SHADE_ONLY,E2_ROLLING,REJECT_BUDGET_NO_FEASIBLE,RR-SMOOTH/5,5,0,0,0,comparator_rate_minus_proposed_rate,PRE_R10_SUPPORTING_DESCRIPTIVE_RESULT_AWARE__NO_NEW_CONFIRMATORY_INFERENCE
30,E2_ROLLING__DT-RAMDE_TS2_FULL__VS__SHADE_ONLY,E2_ROLLING,REJECT_NUMERICAL,RR-SMOOTH/5,5,0,0,0,comparator_rate_minus_proposed_rate,PRE_R10_SUPPORTING_DESCRIPTIVE_RESULT_AWARE__NO_NEW_CONFIRMATORY_INFERENCE
30,E2_ROLLING__DT-RAMDE_TS2_FULL__VS__SHADE_ONLY,E2_ROLLING,OTHER_NONACCEPTED,RR-SMOOTH/5,5,0,0,0,comparator_rate_minus_proposed_rate,PRE_R10_SUPPORTING_DESCRIPTIVE_RESULT_AWARE__NO_NEW_CONFIRMATORY_INFERENCE
30,E2_ROLLING__DT-RAMDE_TS2_FULL__VS__SHADE_ONLY,E2_ROLLING,FAILURE_RATE,RR-SMOOTH/6,5,-0.26000000000000006,-0.26000000000000006,-0.26000000000000006,comparator_rate_minus_proposed_rate,PRE_R10_SUPPORTING_DESCRIPTIVE_RESULT_AWARE__NO_NEW_CONFIRMATORY_INFERENCE
30,E2_ROLLING__DT-RAMDE_TS2_FULL__VS__SHADE_ONLY,E2_ROLLING,REJECT_SAFETY_FILTER,RR-SMOOTH/6,5,-0.13999999999999999,-0.13999999999999999,-0.13999999999999999,comparator_rate_minus_proposed_rate,PRE_R10_SUPPORTING_DESCRIPTIVE_RESULT_AWARE__NO_NEW_CONFIRMATORY_INFERENCE
30,E2_ROLLING__DT-RAMDE_TS2_FULL__VS__SHADE_ONLY,E2_ROLLING,REJECT_BUDGET_NO_FEASIBLE,RR-SMOOTH/6,5,-0.12,-0.12,-0.12,comparator_rate_minus_proposed_rate,PRE_R10_SUPPORTING_DESCRIPTIVE_RESULT_AWARE__NO_NEW_CONFIRMATORY_INFERENCE
30,E2_ROLLING__DT-RAMDE_TS2_FULL__VS__SHADE_ONLY,E2_ROLLING,REJECT_NUMERICAL,RR-SMOOTH/6,5,0,0,0,comparator_rate_minus_proposed_rate,PRE_R10_SUPPORTING_DESCRIPTIVE_RESULT_AWARE__NO_NEW_CONFIRMATORY_INFERENCE
30,E2_ROLLING__DT-RAMDE_TS2_FULL__VS__SHADE_ONLY,E2_ROLLING,OTHER_NONACCEPTED,RR-SMOOTH/6,5,0,0,0,comparator_rate_minus_proposed_rate,PRE_R10_SUPPORTING_DESCRIPTIVE_RESULT_AWARE__NO_NEW_CONFIRMATORY_INFERENCE
30,E2_ROLLING__DT-RAMDE_TS2_FULL__VS__SHADE_ONLY,E2_ROLLING,FAILURE_RATE,RR-SMOOTH/7,5,0.059999999999999998,0.059999999999999998,0.059999999999999998,comparator_rate_minus_proposed_rate,PRE_R10_SUPPORTING_DESCRIPTIVE_RESULT_AWARE__NO_NEW_CONFIRMATORY_INFERENCE
30,E2_ROLLING__DT-RAMDE_TS2_FULL__VS__SHADE_ONLY,E2_ROLLING,REJECT_SAFETY_FILTER,RR-SMOOTH/7,5,0.059999999999999998,0.059999999999999998,0.059999999999999998,comparator_rate_minus_proposed_rate,PRE_R10_SUPPORTING_DESCRIPTIVE_RESULT_AWARE__NO_NEW_CONFIRMATORY_INFERENCE
30,E2_ROLLING__DT-RAMDE_TS2_FULL__VS__SHADE_ONLY,E2_ROLLING,REJECT_BUDGET_NO_FEASIBLE,RR-SMOOTH/7,5,0,0,0,comparator_rate_minus_proposed_rate,PRE_R10_SUPPORTING_DESCRIPTIVE_RESULT_AWARE__NO_NEW_CONFIRMATORY_INFERENCE
30,E2_ROLLING__DT-RAMDE_TS2_FULL__VS__SHADE_ONLY,E2_ROLLING,REJECT_NUMERICAL,RR-SMOOTH/7,5,0,0,0,comparator_rate_minus_proposed_rate,PRE_R10_SUPPORTING_DESCRIPTIVE_RESULT_AWARE__NO_NEW_CONFIRMATORY_INFERENCE
30,E2_ROLLING__DT-RAMDE_TS2_FULL__VS__SHADE_ONLY,E2_ROLLING,OTHER_NONACCEPTED,RR-SMOOTH/7,5,0,0,0,comparator_rate_minus_proposed_rate,PRE_R10_SUPPORTING_DESCRIPTIVE_RESULT_AWARE__NO_NEW_CONFIRMATORY_INFERENCE
6,E1_DYNAMIC__DT-RAMDE_TS2_FULL__VS__MATCHED_FIXED_DE_PARETO,E1_DYNAMIC,POST_EXECUTION_HARD_VIOLATION_RATE,CDF1,10,,-1,1,comparator_rate_minus_proposed_rate,PRE_R10_SUPPORTING_DESCRIPTIVE_RESULT_AWARE__NO_NEW_CONFIRMATORY_INFERENCE
6,E1_DYNAMIC__DT-RAMDE_TS2_FULL__VS__MATCHED_FIXED_DE_PARETO,E1_DYNAMIC,POST_EXECUTION_HARD_VIOLATION_RATE,CDF10,10,,-1,1,comparator_rate_minus_proposed_rate,PRE_R10_SUPPORTING_DESCRIPTIVE_RESULT_AWARE__NO_NEW_CONFIRMATORY_INFERENCE
6,E1_DYNAMIC__DT-RAMDE_TS2_FULL__VS__MATCHED_FIXED_DE_PARETO,E1_DYNAMIC,POST_EXECUTION_HARD_VIOLATION_RATE,CDF11,10,,-1,1,comparator_rate_minus_proposed_rate,PRE_R10_SUPPORTING_DESCRIPTIVE_RESULT_AWARE__NO_NEW_CONFIRMATORY_INFERENCE
6,E1_DYNAMIC__DT-RAMDE_TS2_FULL__VS__MATCHED_FIXED_DE_PARETO,E1_DYNAMIC,POST_EXECUTION_HARD_VIOLATION_RATE,CDF12,10,,-1,1,comparator_rate_minus_proposed_rate,PRE_R10_SUPPORTING_DESCRIPTIVE_RESULT_AWARE__NO_NEW_CONFIRMATORY_INFERENCE
6,E1_DYNAMIC__DT-RAMDE_TS2_FULL__VS__MATCHED_FIXED_DE_PARETO,E1_DYNAMIC,POST_EXECUTION_HARD_VIOLATION_RATE,CDF13,10,,-1,1,comparator_rate_minus_proposed_rate,PRE_R10_SUPPORTING_DESCRIPTIVE_RESULT_AWARE__NO_NEW_CONFIRMATORY_INFERENCE
6,E1_DYNAMIC__DT-RAMDE_TS2_FULL__VS__MATCHED_FIXED_DE_PARETO,E1_DYNAMIC,POST_EXECUTION_HARD_VIOLATION_RATE,CDF14,10,,-1,1,comparator_rate_minus_proposed_rate,PRE_R10_SUPPORTING_DESCRIPTIVE_RESULT_AWARE__NO_NEW_CONFIRMATORY_INFERENCE
6,E1_DYNAMIC__DT-RAMDE_TS2_FULL__VS__MATCHED_FIXED_DE_PARETO,E1_DYNAMIC,POST_EXECUTION_HARD_VIOLATION_RATE,CDF15,10,,-1,1,comparator_rate_minus_proposed_rate,PRE_R10_SUPPORTING_DESCRIPTIVE_RESULT_AWARE__NO_NEW_CONFIRMATORY_INFERENCE
6,E1_DYNAMIC__DT-RAMDE_TS2_FULL__VS__MATCHED_FIXED_DE_PARETO,E1_DYNAMIC,POST_EXECUTION_HARD_VIOLATION_RATE,CDF2,10,,-1,1,comparator_rate_minus_proposed_rate,PRE_R10_SUPPORTING_DESCRIPTIVE_RESULT_AWARE__NO_NEW_CONFIRMATORY_INFERENCE
6,E1_DYNAMIC__DT-RAMDE_TS2_FULL__VS__MATCHED_FIXED_DE_PARETO,E1_DYNAMIC,POST_EXECUTION_HARD_VIOLATION_RATE,CDF3,10,,-1,1,comparator_rate_minus_proposed_rate,PRE_R10_SUPPORTING_DESCRIPTIVE_RESULT_AWARE__NO_NEW_CONFIRMATORY_INFERENCE
6,E1_DYNAMIC__DT-RAMDE_TS2_FULL__VS__MATCHED_FIXED_DE_PARETO,E1_DYNAMIC,POST_EXECUTION_HARD_VIOLATION_RATE,CDF4,10,,-1,1,comparator_rate_minus_proposed_rate,PRE_R10_SUPPORTING_DESCRIPTIVE_RESULT_AWARE__NO_NEW_CONFIRMATORY_INFERENCE
6,E1_DYNAMIC__DT-RAMDE_TS2_FULL__VS__MATCHED_FIXED_DE_PARETO,E1_DYNAMIC,POST_EXECUTION_HARD_VIOLATION_RATE,CDF5,10,,-1,1,comparator_rate_minus_proposed_rate,PRE_R10_SUPPORTING_DESCRIPTIVE_RESULT_AWARE__NO_NEW_CONFIRMATORY_INFERENCE
6,E1_DYNAMIC__DT-RAMDE_TS2_FULL__VS__MATCHED_FIXED_DE_PARETO,E1_DYNAMIC,POST_EXECUTION_HARD_VIOLATION_RATE,CDF6,10,,-1,1,comparator_rate_minus_proposed_rate,PRE_R10_SUPPORTING_DESCRIPTIVE_RESULT_AWARE__NO_NEW_CONFIRMATORY_INFERENCE
6,E1_DYNAMIC__DT-RAMDE_TS2_FULL__VS__MATCHED_FIXED_DE_PARETO,E1_DYNAMIC,POST_EXECUTION_HARD_VIOLATION_RATE,CDF7,10,,-1,1,comparator_rate_minus_proposed_rate,PRE_R10_SUPPORTING_DESCRIPTIVE_RESULT_AWARE__NO_NEW_CONFIRMATORY_INFERENCE
6,E1_DYNAMIC__DT-RAMDE_TS2_FULL__VS__MATCHED_FIXED_DE_PARETO,E1_DYNAMIC,POST_EXECUTION_HARD_VIOLATION_RATE,CDF8,10,,-1,1,comparator_rate_minus_proposed_rate,PRE_R10_SUPPORTING_DESCRIPTIVE_RESULT_AWARE__NO_NEW_CONFIRMATORY_INFERENCE
6,E1_DYNAMIC__DT-RAMDE_TS2_FULL__VS__MATCHED_FIXED_DE_PARETO,E1_DYNAMIC,POST_EXECUTION_HARD_VIOLATION_RATE,CDF9,10,,-1,1,comparator_rate_minus_proposed_rate,PRE_R10_SUPPORTING_DESCRIPTIVE_RESULT_AWARE__NO_NEW_CONFIRMATORY_INFERENCE
7,E1_DYNAMIC__DT-RAMDE_TS2_FULL__VS__MATCHED_JDE_STYLE_PARETO,E1_DYNAMIC,POST_EXECUTION_HARD_VIOLATION_RATE,CDF1,10,,-1,1,comparator_rate_minus_proposed_rate,PRE_R10_SUPPORTING_DESCRIPTIVE_RESULT_AWARE__NO_NEW_CONFIRMATORY_INFERENCE
7,E1_DYNAMIC__DT-RAMDE_TS2_FULL__VS__MATCHED_JDE_STYLE_PARETO,E1_DYNAMIC,POST_EXECUTION_HARD_VIOLATION_RATE,CDF10,10,,-1,1,comparator_rate_minus_proposed_rate,PRE_R10_SUPPORTING_DESCRIPTIVE_RESULT_AWARE__NO_NEW_CONFIRMATORY_INFERENCE
7,E1_DYNAMIC__DT-RAMDE_TS2_FULL__VS__MATCHED_JDE_STYLE_PARETO,E1_DYNAMIC,POST_EXECUTION_HARD_VIOLATION_RATE,CDF11,10,,-1,1,comparator_rate_minus_proposed_rate,PRE_R10_SUPPORTING_DESCRIPTIVE_RESULT_AWARE__NO_NEW_CONFIRMATORY_INFERENCE
7,E1_DYNAMIC__DT-RAMDE_TS2_FULL__VS__MATCHED_JDE_STYLE_PARETO,E1_DYNAMIC,POST_EXECUTION_HARD_VIOLATION_RATE,CDF12,10,,-1,1,comparator_rate_minus_proposed_rate,PRE_R10_SUPPORTING_DESCRIPTIVE_RESULT_AWARE__NO_NEW_CONFIRMATORY_INFERENCE
7,E1_DYNAMIC__DT-RAMDE_TS2_FULL__VS__MATCHED_JDE_STYLE_PARETO,E1_DYNAMIC,POST_EXECUTION_HARD_VIOLATION_RATE,CDF13,10,,-1,1,comparator_rate_minus_proposed_rate,PRE_R10_SUPPORTING_DESCRIPTIVE_RESULT_AWARE__NO_NEW_CONFIRMATORY_INFERENCE
7,E1_DYNAMIC__DT-RAMDE_TS2_FULL__VS__MATCHED_JDE_STYLE_PARETO,E1_DYNAMIC,POST_EXECUTION_HARD_VIOLATION_RATE,CDF14,10,,-1,1,comparator_rate_minus_proposed_rate,PRE_R10_SUPPORTING_DESCRIPTIVE_RESULT_AWARE__NO_NEW_CONFIRMATORY_INFERENCE
7,E1_DYNAMIC__DT-RAMDE_TS2_FULL__VS__MATCHED_JDE_STYLE_PARETO,E1_DYNAMIC,POST_EXECUTION_HARD_VIOLATION_RATE,CDF15,10,,-1,1,comparator_rate_minus_proposed_rate,PRE_R10_SUPPORTING_DESCRIPTIVE_RESULT_AWARE__NO_NEW_CONFIRMATORY_INFERENCE
7,E1_DYNAMIC__DT-RAMDE_TS2_FULL__VS__MATCHED_JDE_STYLE_PARETO,E1_DYNAMIC,POST_EXECUTION_HARD_VIOLATION_RATE,CDF2,10,,-1,1,comparator_rate_minus_proposed_rate,PRE_R10_SUPPORTING_DESCRIPTIVE_RESULT_AWARE__NO_NEW_CONFIRMATORY_INFERENCE
7,E1_DYNAMIC__DT-RAMDE_TS2_FULL__VS__MATCHED_JDE_STYLE_PARETO,E1_DYNAMIC,POST_EXECUTION_HARD_VIOLATION_RATE,CDF3,10,,-1,1,comparator_rate_minus_proposed_rate,PRE_R10_SUPPORTING_DESCRIPTIVE_RESULT_AWARE__NO_NEW_CONFIRMATORY_INFERENCE
7,E1_DYNAMIC__DT-RAMDE_TS2_FULL__VS__MATCHED_JDE_STYLE_PARETO,E1_DYNAMIC,POST_EXECUTION_HARD_VIOLATION_RATE,CDF4,10,,-1,1,comparator_rate_minus_proposed_rate,PRE_R10_SUPPORTING_DESCRIPTIVE_RESULT_AWARE__NO_NEW_CONFIRMATORY_INFERENCE
7,E1_DYNAMIC__DT-RAMDE_TS2_FULL__VS__MATCHED_JDE_STYLE_PARETO,E1_DYNAMIC,POST_EXECUTION_HARD_VIOLATION_RATE,CDF5,10,,-1,1,comparator_rate_minus_proposed_rate,PRE_R10_SUPPORTING_DESCRIPTIVE_RESULT_AWARE__NO_NEW_CONFIRMATORY_INFERENCE
7,E1_DYNAMIC__DT-RAMDE_TS2_FULL__VS__MATCHED_JDE_STYLE_PARETO,E1_DYNAMIC,POST_EXECUTION_HARD_VIOLATION_RATE,CDF6,10,,-1,1,comparator_rate_minus_proposed_rate,PRE_R10_SUPPORTING_DESCRIPTIVE_RESULT_AWARE__NO_NEW_CONFIRMATORY_INFERENCE
7,E1_DYNAMIC__DT-RAMDE_TS2_FULL__VS__MATCHED_JDE_STYLE_PARETO,E1_DYNAMIC,POST_EXECUTION_HARD_VIOLATION_RATE,CDF7,10,,-1,1,comparator_rate_minus_proposed_rate,PRE_R10_SUPPORTING_DESCRIPTIVE_RESULT_AWARE__NO_NEW_CONFIRMATORY_INFERENCE
7,E1_DYNAMIC__DT-RAMDE_TS2_FULL__VS__MATCHED_JDE_STYLE_PARETO,E1_DYNAMIC,POST_EXECUTION_HARD_VIOLATION_RATE,CDF8,10,,-1,1,comparator_rate_minus_proposed_rate,PRE_R10_SUPPORTING_DESCRIPTIVE_RESULT_AWARE__NO_NEW_CONFIRMATORY_INFERENCE
7,E1_DYNAMIC__DT-RAMDE_TS2_FULL__VS__MATCHED_JDE_STYLE_PARETO,E1_DYNAMIC,POST_EXECUTION_HARD_VIOLATION_RATE,CDF9,10,,-1,1,comparator_rate_minus_proposed_rate,PRE_R10_SUPPORTING_DESCRIPTIVE_RESULT_AWARE__NO_NEW_CONFIRMATORY_INFERENCE
8,E1_DYNAMIC__DT-RAMDE_TS2_FULL__VS__MATCHED_SHADE_STYLE_PARETO,E1_DYNAMIC,POST_EXECUTION_HARD_VIOLATION_RATE,CDF1,10,,-1,1,comparator_rate_minus_proposed_rate,PRE_R10_SUPPORTING_DESCRIPTIVE_RESULT_AWARE__NO_NEW_CONFIRMATORY_INFERENCE
8,E1_DYNAMIC__DT-RAMDE_TS2_FULL__VS__MATCHED_SHADE_STYLE_PARETO,E1_DYNAMIC,POST_EXECUTION_HARD_VIOLATION_RATE,CDF10,10,,-1,1,comparator_rate_minus_proposed_rate,PRE_R10_SUPPORTING_DESCRIPTIVE_RESULT_AWARE__NO_NEW_CONFIRMATORY_INFERENCE
8,E1_DYNAMIC__DT-RAMDE_TS2_FULL__VS__MATCHED_SHADE_STYLE_PARETO,E1_DYNAMIC,POST_EXECUTION_HARD_VIOLATION_RATE,CDF11,10,,-1,1,comparator_rate_minus_proposed_rate,PRE_R10_SUPPORTING_DESCRIPTIVE_RESULT_AWARE__NO_NEW_CONFIRMATORY_INFERENCE
8,E1_DYNAMIC__DT-RAMDE_TS2_FULL__VS__MATCHED_SHADE_STYLE_PARETO,E1_DYNAMIC,POST_EXECUTION_HARD_VIOLATION_RATE,CDF12,10,,-1,1,comparator_rate_minus_proposed_rate,PRE_R10_SUPPORTING_DESCRIPTIVE_RESULT_AWARE__NO_NEW_CONFIRMATORY_INFERENCE
8,E1_DYNAMIC__DT-RAMDE_TS2_FULL__VS__MATCHED_SHADE_STYLE_PARETO,E1_DYNAMIC,POST_EXECUTION_HARD_VIOLATION_RATE,CDF13,10,,-1,1,comparator_rate_minus_proposed_rate,PRE_R10_SUPPORTING_DESCRIPTIVE_RESULT_AWARE__NO_NEW_CONFIRMATORY_INFERENCE
8,E1_DYNAMIC__DT-RAMDE_TS2_FULL__VS__MATCHED_SHADE_STYLE_PARETO,E1_DYNAMIC,POST_EXECUTION_HARD_VIOLATION_RATE,CDF14,10,,-1,1,comparator_rate_minus_proposed_rate,PRE_R10_SUPPORTING_DESCRIPTIVE_RESULT_AWARE__NO_NEW_CONFIRMATORY_INFERENCE
8,E1_DYNAMIC__DT-RAMDE_TS2_FULL__VS__MATCHED_SHADE_STYLE_PARETO,E1_DYNAMIC,POST_EXECUTION_HARD_VIOLATION_RATE,CDF15,10,,-1,1,comparator_rate_minus_proposed_rate,PRE_R10_SUPPORTING_DESCRIPTIVE_RESULT_AWARE__NO_NEW_CONFIRMATORY_INFERENCE
8,E1_DYNAMIC__DT-RAMDE_TS2_FULL__VS__MATCHED_SHADE_STYLE_PARETO,E1_DYNAMIC,POST_EXECUTION_HARD_VIOLATION_RATE,CDF2,10,,-1,1,comparator_rate_minus_proposed_rate,PRE_R10_SUPPORTING_DESCRIPTIVE_RESULT_AWARE__NO_NEW_CONFIRMATORY_INFERENCE
8,E1_DYNAMIC__DT-RAMDE_TS2_FULL__VS__MATCHED_SHADE_STYLE_PARETO,E1_DYNAMIC,POST_EXECUTION_HARD_VIOLATION_RATE,CDF3,10,,-1,1,comparator_rate_minus_proposed_rate,PRE_R10_SUPPORTING_DESCRIPTIVE_RESULT_AWARE__NO_NEW_CONFIRMATORY_INFERENCE
8,E1_DYNAMIC__DT-RAMDE_TS2_FULL__VS__MATCHED_SHADE_STYLE_PARETO,E1_DYNAMIC,POST_EXECUTION_HARD_VIOLATION_RATE,CDF4,10,,-1,1,comparator_rate_minus_proposed_rate,PRE_R10_SUPPORTING_DESCRIPTIVE_RESULT_AWARE__NO_NEW_CONFIRMATORY_INFERENCE
8,E1_DYNAMIC__DT-RAMDE_TS2_FULL__VS__MATCHED_SHADE_STYLE_PARETO,E1_DYNAMIC,POST_EXECUTION_HARD_VIOLATION_RATE,CDF5,10,,-1,1,comparator_rate_minus_proposed_rate,PRE_R10_SUPPORTING_DESCRIPTIVE_RESULT_AWARE__NO_NEW_CONFIRMATORY_INFERENCE
8,E1_DYNAMIC__DT-RAMDE_TS2_FULL__VS__MATCHED_SHADE_STYLE_PARETO,E1_DYNAMIC,POST_EXECUTION_HARD_VIOLATION_RATE,CDF6,10,,-1,1,comparator_rate_minus_proposed_rate,PRE_R10_SUPPORTING_DESCRIPTIVE_RESULT_AWARE__NO_NEW_CONFIRMATORY_INFERENCE
8,E1_DYNAMIC__DT-RAMDE_TS2_FULL__VS__MATCHED_SHADE_STYLE_PARETO,E1_DYNAMIC,POST_EXECUTION_HARD_VIOLATION_RATE,CDF7,10,,-1,1,comparator_rate_minus_proposed_rate,PRE_R10_SUPPORTING_DESCRIPTIVE_RESULT_AWARE__NO_NEW_CONFIRMATORY_INFERENCE
8,E1_DYNAMIC__DT-RAMDE_TS2_FULL__VS__MATCHED_SHADE_STYLE_PARETO,E1_DYNAMIC,POST_EXECUTION_HARD_VIOLATION_RATE,CDF8,10,,-1,1,comparator_rate_minus_proposed_rate,PRE_R10_SUPPORTING_DESCRIPTIVE_RESULT_AWARE__NO_NEW_CONFIRMATORY_INFERENCE
8,E1_DYNAMIC__DT-RAMDE_TS2_FULL__VS__MATCHED_SHADE_STYLE_PARETO,E1_DYNAMIC,POST_EXECUTION_HARD_VIOLATION_RATE,CDF9,10,,-1,1,comparator_rate_minus_proposed_rate,PRE_R10_SUPPORTING_DESCRIPTIVE_RESULT_AWARE__NO_NEW_CONFIRMATORY_INFERENCE
9,E1_DYNAMIC__DT-RAMDE_TS2_FULL__VS__JMETALPY_1_7_GDE3_STANDARD_PARETO_DE,E1_DYNAMIC,POST_EXECUTION_HARD_VIOLATION_RATE,CDF1,10,,-1,1,comparator_rate_minus_proposed_rate,PRE_R10_SUPPORTING_DESCRIPTIVE_RESULT_AWARE__NO_NEW_CONFIRMATORY_INFERENCE
9,E1_DYNAMIC__DT-RAMDE_TS2_FULL__VS__JMETALPY_1_7_GDE3_STANDARD_PARETO_DE,E1_DYNAMIC,POST_EXECUTION_HARD_VIOLATION_RATE,CDF10,10,,-1,1,comparator_rate_minus_proposed_rate,PRE_R10_SUPPORTING_DESCRIPTIVE_RESULT_AWARE__NO_NEW_CONFIRMATORY_INFERENCE
9,E1_DYNAMIC__DT-RAMDE_TS2_FULL__VS__JMETALPY_1_7_GDE3_STANDARD_PARETO_DE,E1_DYNAMIC,POST_EXECUTION_HARD_VIOLATION_RATE,CDF11,10,,-1,1,comparator_rate_minus_proposed_rate,PRE_R10_SUPPORTING_DESCRIPTIVE_RESULT_AWARE__NO_NEW_CONFIRMATORY_INFERENCE
9,E1_DYNAMIC__DT-RAMDE_TS2_FULL__VS__JMETALPY_1_7_GDE3_STANDARD_PARETO_DE,E1_DYNAMIC,POST_EXECUTION_HARD_VIOLATION_RATE,CDF12,10,,-1,1,comparator_rate_minus_proposed_rate,PRE_R10_SUPPORTING_DESCRIPTIVE_RESULT_AWARE__NO_NEW_CONFIRMATORY_INFERENCE
9,E1_DYNAMIC__DT-RAMDE_TS2_FULL__VS__JMETALPY_1_7_GDE3_STANDARD_PARETO_DE,E1_DYNAMIC,POST_EXECUTION_HARD_VIOLATION_RATE,CDF13,10,,-1,1,comparator_rate_minus_proposed_rate,PRE_R10_SUPPORTING_DESCRIPTIVE_RESULT_AWARE__NO_NEW_CONFIRMATORY_INFERENCE
9,E1_DYNAMIC__DT-RAMDE_TS2_FULL__VS__JMETALPY_1_7_GDE3_STANDARD_PARETO_DE,E1_DYNAMIC,POST_EXECUTION_HARD_VIOLATION_RATE,CDF14,10,,-1,1,comparator_rate_minus_proposed_rate,PRE_R10_SUPPORTING_DESCRIPTIVE_RESULT_AWARE__NO_NEW_CONFIRMATORY_INFERENCE
9,E1_DYNAMIC__DT-RAMDE_TS2_FULL__VS__JMETALPY_1_7_GDE3_STANDARD_PARETO_DE,E1_DYNAMIC,POST_EXECUTION_HARD_VIOLATION_RATE,CDF15,10,,-1,1,comparator_rate_minus_proposed_rate,PRE_R10_SUPPORTING_DESCRIPTIVE_RESULT_AWARE__NO_NEW_CONFIRMATORY_INFERENCE
9,E1_DYNAMIC__DT-RAMDE_TS2_FULL__VS__JMETALPY_1_7_GDE3_STANDARD_PARETO_DE,E1_DYNAMIC,POST_EXECUTION_HARD_VIOLATION_RATE,CDF2,10,,-1,1,comparator_rate_minus_proposed_rate,PRE_R10_SUPPORTING_DESCRIPTIVE_RESULT_AWARE__NO_NEW_CONFIRMATORY_INFERENCE
9,E1_DYNAMIC__DT-RAMDE_TS2_FULL__VS__JMETALPY_1_7_GDE3_STANDARD_PARETO_DE,E1_DYNAMIC,POST_EXECUTION_HARD_VIOLATION_RATE,CDF3,10,,-1,1,comparator_rate_minus_proposed_rate,PRE_R10_SUPPORTING_DESCRIPTIVE_RESULT_AWARE__NO_NEW_CONFIRMATORY_INFERENCE
9,E1_DYNAMIC__DT-RAMDE_TS2_FULL__VS__JMETALPY_1_7_GDE3_STANDARD_PARETO_DE,E1_DYNAMIC,POST_EXECUTION_HARD_VIOLATION_RATE,CDF4,10,,-1,1,comparator_rate_minus_proposed_rate,PRE_R10_SUPPORTING_DESCRIPTIVE_RESULT_AWARE__NO_NEW_CONFIRMATORY_INFERENCE
9,E1_DYNAMIC__DT-RAMDE_TS2_FULL__VS__JMETALPY_1_7_GDE3_STANDARD_PARETO_DE,E1_DYNAMIC,POST_EXECUTION_HARD_VIOLATION_RATE,CDF5,10,,-1,1,comparator_rate_minus_proposed_rate,PRE_R10_SUPPORTING_DESCRIPTIVE_RESULT_AWARE__NO_NEW_CONFIRMATORY_INFERENCE
9,E1_DYNAMIC__DT-RAMDE_TS2_FULL__VS__JMETALPY_1_7_GDE3_STANDARD_PARETO_DE,E1_DYNAMIC,POST_EXECUTION_HARD_VIOLATION_RATE,CDF6,10,,-1,1,comparator_rate_minus_proposed_rate,PRE_R10_SUPPORTING_DESCRIPTIVE_RESULT_AWARE__NO_NEW_CONFIRMATORY_INFERENCE
9,E1_DYNAMIC__DT-RAMDE_TS2_FULL__VS__JMETALPY_1_7_GDE3_STANDARD_PARETO_DE,E1_DYNAMIC,POST_EXECUTION_HARD_VIOLATION_RATE,CDF7,10,,-1,1,comparator_rate_minus_proposed_rate,PRE_R10_SUPPORTING_DESCRIPTIVE_RESULT_AWARE__NO_NEW_CONFIRMATORY_INFERENCE
9,E1_DYNAMIC__DT-RAMDE_TS2_FULL__VS__JMETALPY_1_7_GDE3_STANDARD_PARETO_DE,E1_DYNAMIC,POST_EXECUTION_HARD_VIOLATION_RATE,CDF8,10,,-1,1,comparator_rate_minus_proposed_rate,PRE_R10_SUPPORTING_DESCRIPTIVE_RESULT_AWARE__NO_NEW_CONFIRMATORY_INFERENCE
9,E1_DYNAMIC__DT-RAMDE_TS2_FULL__VS__JMETALPY_1_7_GDE3_STANDARD_PARETO_DE,E1_DYNAMIC,POST_EXECUTION_HARD_VIOLATION_RATE,CDF9,10,,-1,1,comparator_rate_minus_proposed_rate,PRE_R10_SUPPORTING_DESCRIPTIVE_RESULT_AWARE__NO_NEW_CONFIRMATORY_INFERENCE
10,E1_DYNAMIC__DT-RAMDE_TS2_FULL__VS__JMETALPY_1_7_NSGAII_DYNAMIC_RESTART_BRIDGE,E1_DYNAMIC,POST_EXECUTION_HARD_VIOLATION_RATE,CDF1,10,,-1,1,comparator_rate_minus_proposed_rate,PRE_R10_SUPPORTING_DESCRIPTIVE_RESULT_AWARE__NO_NEW_CONFIRMATORY_INFERENCE
10,E1_DYNAMIC__DT-RAMDE_TS2_FULL__VS__JMETALPY_1_7_NSGAII_DYNAMIC_RESTART_BRIDGE,E1_DYNAMIC,POST_EXECUTION_HARD_VIOLATION_RATE,CDF10,10,,-1,1,comparator_rate_minus_proposed_rate,PRE_R10_SUPPORTING_DESCRIPTIVE_RESULT_AWARE__NO_NEW_CONFIRMATORY_INFERENCE
10,E1_DYNAMIC__DT-RAMDE_TS2_FULL__VS__JMETALPY_1_7_NSGAII_DYNAMIC_RESTART_BRIDGE,E1_DYNAMIC,POST_EXECUTION_HARD_VIOLATION_RATE,CDF11,10,,-1,1,comparator_rate_minus_proposed_rate,PRE_R10_SUPPORTING_DESCRIPTIVE_RESULT_AWARE__NO_NEW_CONFIRMATORY_INFERENCE
10,E1_DYNAMIC__DT-RAMDE_TS2_FULL__VS__JMETALPY_1_7_NSGAII_DYNAMIC_RESTART_BRIDGE,E1_DYNAMIC,POST_EXECUTION_HARD_VIOLATION_RATE,CDF12,10,,-1,1,comparator_rate_minus_proposed_rate,PRE_R10_SUPPORTING_DESCRIPTIVE_RESULT_AWARE__NO_NEW_CONFIRMATORY_INFERENCE
10,E1_DYNAMIC__DT-RAMDE_TS2_FULL__VS__JMETALPY_1_7_NSGAII_DYNAMIC_RESTART_BRIDGE,E1_DYNAMIC,POST_EXECUTION_HARD_VIOLATION_RATE,CDF13,10,,-1,1,comparator_rate_minus_proposed_rate,PRE_R10_SUPPORTING_DESCRIPTIVE_RESULT_AWARE__NO_NEW_CONFIRMATORY_INFERENCE
10,E1_DYNAMIC__DT-RAMDE_TS2_FULL__VS__JMETALPY_1_7_NSGAII_DYNAMIC_RESTART_BRIDGE,E1_DYNAMIC,POST_EXECUTION_HARD_VIOLATION_RATE,CDF14,10,,-1,1,comparator_rate_minus_proposed_rate,PRE_R10_SUPPORTING_DESCRIPTIVE_RESULT_AWARE__NO_NEW_CONFIRMATORY_INFERENCE
10,E1_DYNAMIC__DT-RAMDE_TS2_FULL__VS__JMETALPY_1_7_NSGAII_DYNAMIC_RESTART_BRIDGE,E1_DYNAMIC,POST_EXECUTION_HARD_VIOLATION_RATE,CDF15,10,,-1,1,comparator_rate_minus_proposed_rate,PRE_R10_SUPPORTING_DESCRIPTIVE_RESULT_AWARE__NO_NEW_CONFIRMATORY_INFERENCE
10,E1_DYNAMIC__DT-RAMDE_TS2_FULL__VS__JMETALPY_1_7_NSGAII_DYNAMIC_RESTART_BRIDGE,E1_DYNAMIC,POST_EXECUTION_HARD_VIOLATION_RATE,CDF2,10,,-1,1,comparator_rate_minus_proposed_rate,PRE_R10_SUPPORTING_DESCRIPTIVE_RESULT_AWARE__NO_NEW_CONFIRMATORY_INFERENCE
10,E1_DYNAMIC__DT-RAMDE_TS2_FULL__VS__JMETALPY_1_7_NSGAII_DYNAMIC_RESTART_BRIDGE,E1_DYNAMIC,POST_EXECUTION_HARD_VIOLATION_RATE,CDF3,10,,-1,1,comparator_rate_minus_proposed_rate,PRE_R10_SUPPORTING_DESCRIPTIVE_RESULT_AWARE__NO_NEW_CONFIRMATORY_INFERENCE
10,E1_DYNAMIC__DT-RAMDE_TS2_FULL__VS__JMETALPY_1_7_NSGAII_DYNAMIC_RESTART_BRIDGE,E1_DYNAMIC,POST_EXECUTION_HARD_VIOLATION_RATE,CDF4,10,,-1,1,comparator_rate_minus_proposed_rate,PRE_R10_SUPPORTING_DESCRIPTIVE_RESULT_AWARE__NO_NEW_CONFIRMATORY_INFERENCE
10,E1_DYNAMIC__DT-RAMDE_TS2_FULL__VS__JMETALPY_1_7_NSGAII_DYNAMIC_RESTART_BRIDGE,E1_DYNAMIC,POST_EXECUTION_HARD_VIOLATION_RATE,CDF5,10,,-1,1,comparator_rate_minus_proposed_rate,PRE_R10_SUPPORTING_DESCRIPTIVE_RESULT_AWARE__NO_NEW_CONFIRMATORY_INFERENCE
10,E1_DYNAMIC__DT-RAMDE_TS2_FULL__VS__JMETALPY_1_7_NSGAII_DYNAMIC_RESTART_BRIDGE,E1_DYNAMIC,POST_EXECUTION_HARD_VIOLATION_RATE,CDF6,10,,-1,1,comparator_rate_minus_proposed_rate,PRE_R10_SUPPORTING_DESCRIPTIVE_RESULT_AWARE__NO_NEW_CONFIRMATORY_INFERENCE
10,E1_DYNAMIC__DT-RAMDE_TS2_FULL__VS__JMETALPY_1_7_NSGAII_DYNAMIC_RESTART_BRIDGE,E1_DYNAMIC,POST_EXECUTION_HARD_VIOLATION_RATE,CDF7,10,,-1,1,comparator_rate_minus_proposed_rate,PRE_R10_SUPPORTING_DESCRIPTIVE_RESULT_AWARE__NO_NEW_CONFIRMATORY_INFERENCE
10,E1_DYNAMIC__DT-RAMDE_TS2_FULL__VS__JMETALPY_1_7_NSGAII_DYNAMIC_RESTART_BRIDGE,E1_DYNAMIC,POST_EXECUTION_HARD_VIOLATION_RATE,CDF8,10,,-1,1,comparator_rate_minus_proposed_rate,PRE_R10_SUPPORTING_DESCRIPTIVE_RESULT_AWARE__NO_NEW_CONFIRMATORY_INFERENCE
10,E1_DYNAMIC__DT-RAMDE_TS2_FULL__VS__JMETALPY_1_7_NSGAII_DYNAMIC_RESTART_BRIDGE,E1_DYNAMIC,POST_EXECUTION_HARD_VIOLATION_RATE,CDF9,10,,-1,1,comparator_rate_minus_proposed_rate,PRE_R10_SUPPORTING_DESCRIPTIVE_RESULT_AWARE__NO_NEW_CONFIRMATORY_INFERENCE
11,E1_ROLLING__DT-RAMDE_TS2_FULL__VS__MATCHED_FIXED_DE_PARETO,E1_ROLLING,POST_EXECUTION_HARD_VIOLATION_RATE,RR-INTERMITTENT/0,5,,-0.59000000000000008,0.25,comparator_rate_minus_proposed_rate,PRE_R10_SUPPORTING_DESCRIPTIVE_RESULT_AWARE__NO_NEW_CONFIRMATORY_INFERENCE
11,E1_ROLLING__DT-RAMDE_TS2_FULL__VS__MATCHED_FIXED_DE_PARETO,E1_ROLLING,POST_EXECUTION_HARD_VIOLATION_RATE,RR-INTERMITTENT/1,5,,-0.21000000000000002,0.15000000000000002,comparator_rate_minus_proposed_rate,PRE_R10_SUPPORTING_DESCRIPTIVE_RESULT_AWARE__NO_NEW_CONFIRMATORY_INFERENCE
11,E1_ROLLING__DT-RAMDE_TS2_FULL__VS__MATCHED_FIXED_DE_PARETO,E1_ROLLING,POST_EXECUTION_HARD_VIOLATION_RATE,RR-INTERMITTENT/2,5,,-0.38,0.34999999999999998,comparator_rate_minus_proposed_rate,PRE_R10_SUPPORTING_DESCRIPTIVE_RESULT_AWARE__NO_NEW_CONFIRMATORY_INFERENCE
11,E1_ROLLING__DT-RAMDE_TS2_FULL__VS__MATCHED_FIXED_DE_PARETO,E1_ROLLING,POST_EXECUTION_HARD_VIOLATION_RATE,RR-INTERMITTENT/3,5,,-0.69999999999999996,0.32000000000000001,comparator_rate_minus_proposed_rate,PRE_R10_SUPPORTING_DESCRIPTIVE_RESULT_AWARE__NO_NEW_CONFIRMATORY_INFERENCE
11,E1_ROLLING__DT-RAMDE_TS2_FULL__VS__MATCHED_FIXED_DE_PARETO,E1_ROLLING,POST_EXECUTION_HARD_VIOLATION_RATE,RR-INTERMITTENT/4,5,,-0.35999999999999999,0.22999999999999998,comparator_rate_minus_proposed_rate,PRE_R10_SUPPORTING_DESCRIPTIVE_RESULT_AWARE__NO_NEW_CONFIRMATORY_INFERENCE
11,E1_ROLLING__DT-RAMDE_TS2_FULL__VS__MATCHED_FIXED_DE_PARETO,E1_ROLLING,POST_EXECUTION_HARD_VIOLATION_RATE,RR-INTERMITTENT/5,5,,-0.39000000000000001,0.12,comparator_rate_minus_proposed_rate,PRE_R10_SUPPORTING_DESCRIPTIVE_RESULT_AWARE__NO_NEW_CONFIRMATORY_INFERENCE
11,E1_ROLLING__DT-RAMDE_TS2_FULL__VS__MATCHED_FIXED_DE_PARETO,E1_ROLLING,POST_EXECUTION_HARD_VIOLATION_RATE,RR-INTERMITTENT/6,5,,-0.20000000000000001,0.20000000000000001,comparator_rate_minus_proposed_rate,PRE_R10_SUPPORTING_DESCRIPTIVE_RESULT_AWARE__NO_NEW_CONFIRMATORY_INFERENCE
11,E1_ROLLING__DT-RAMDE_TS2_FULL__VS__MATCHED_FIXED_DE_PARETO,E1_ROLLING,POST_EXECUTION_HARD_VIOLATION_RATE,RR-INTERMITTENT/7,5,,-0.88000000000000012,0.45000000000000001,comparator_rate_minus_proposed_rate,PRE_R10_SUPPORTING_DESCRIPTIVE_RESULT_AWARE__NO_NEW_CONFIRMATORY_INFERENCE
11,E1_ROLLING__DT-RAMDE_TS2_FULL__VS__MATCHED_FIXED_DE_PARETO,E1_ROLLING,POST_EXECUTION_HARD_VIOLATION_RATE,RR-REJECTION/0,5,,-0.22999999999999998,0.01,comparator_rate_minus_proposed_rate,PRE_R10_SUPPORTING_DESCRIPTIVE_RESULT_AWARE__NO_NEW_CONFIRMATORY_INFERENCE
11,E1_ROLLING__DT-RAMDE_TS2_FULL__VS__MATCHED_FIXED_DE_PARETO,E1_ROLLING,POST_EXECUTION_HARD_VIOLATION_RATE,RR-REJECTION/1,5,,-0.089999999999999997,0.01,comparator_rate_minus_proposed_rate,PRE_R10_SUPPORTING_DESCRIPTIVE_RESULT_AWARE__NO_NEW_CONFIRMATORY_INFERENCE
11,E1_ROLLING__DT-RAMDE_TS2_FULL__VS__MATCHED_FIXED_DE_PARETO,E1_ROLLING,POST_EXECUTION_HARD_VIOLATION_RATE,RR-REJECTION/2,5,,-0.45000000000000001,0,comparator_rate_minus_proposed_rate,PRE_R10_SUPPORTING_DESCRIPTIVE_RESULT_AWARE__NO_NEW_CONFIRMATORY_INFERENCE
11,E1_ROLLING__DT-RAMDE_TS2_FULL__VS__MATCHED_FIXED_DE_PARETO,E1_ROLLING,POST_EXECUTION_HARD_VIOLATION_RATE,RR-REJECTION/3,5,0,-0.059999999999999998,-0.02,comparator_rate_minus_proposed_rate,PRE_R10_SUPPORTING_DESCRIPTIVE_RESULT_AWARE__NO_NEW_CONFIRMATORY_INFERENCE
11,E1_ROLLING__DT-RAMDE_TS2_FULL__VS__MATCHED_FIXED_DE_PARETO,E1_ROLLING,POST_EXECUTION_HARD_VIOLATION_RATE,RR-REJECTION/4,5,0,-0.050000000000000003,0,comparator_rate_minus_proposed_rate,PRE_R10_SUPPORTING_DESCRIPTIVE_RESULT_AWARE__NO_NEW_CONFIRMATORY_INFERENCE
11,E1_ROLLING__DT-RAMDE_TS2_FULL__VS__MATCHED_FIXED_DE_PARETO,E1_ROLLING,POST_EXECUTION_HARD_VIOLATION_RATE,RR-REJECTION/5,5,,-0.13,-0.040000000000000001,comparator_rate_minus_proposed_rate,PRE_R10_SUPPORTING_DESCRIPTIVE_RESULT_AWARE__NO_NEW_CONFIRMATORY_INFERENCE
11,E1_ROLLING__DT-RAMDE_TS2_FULL__VS__MATCHED_FIXED_DE_PARETO,E1_ROLLING,POST_EXECUTION_HARD_VIOLATION_RATE,RR-REJECTION/6,5,-0.033333333333333333,-0.040000000000000001,-0.02,comparator_rate_minus_proposed_rate,PRE_R10_SUPPORTING_DESCRIPTIVE_RESULT_AWARE__NO_NEW_CONFIRMATORY_INFERENCE
11,E1_ROLLING__DT-RAMDE_TS2_FULL__VS__MATCHED_FIXED_DE_PARETO,E1_ROLLING,POST_EXECUTION_HARD_VIOLATION_RATE,RR-REJECTION/7,5,,-0.23999999999999999,0,comparator_rate_minus_proposed_rate,PRE_R10_SUPPORTING_DESCRIPTIVE_RESULT_AWARE__NO_NEW_CONFIRMATORY_INFERENCE
11,E1_ROLLING__DT-RAMDE_TS2_FULL__VS__MATCHED_FIXED_DE_PARETO,E1_ROLLING,POST_EXECUTION_HARD_VIOLATION_RATE,RR-SHOCK/0,5,0,0,0,comparator_rate_minus_proposed_rate,PRE_R10_SUPPORTING_DESCRIPTIVE_RESULT_AWARE__NO_NEW_CONFIRMATORY_INFERENCE
11,E1_ROLLING__DT-RAMDE_TS2_FULL__VS__MATCHED_FIXED_DE_PARETO,E1_ROLLING,POST_EXECUTION_HARD_VIOLATION_RATE,RR-SHOCK/1,5,0,0,0,comparator_rate_minus_proposed_rate,PRE_R10_SUPPORTING_DESCRIPTIVE_RESULT_AWARE__NO_NEW_CONFIRMATORY_INFERENCE
11,E1_ROLLING__DT-RAMDE_TS2_FULL__VS__MATCHED_FIXED_DE_PARETO,E1_ROLLING,POST_EXECUTION_HARD_VIOLATION_RATE,RR-SHOCK/2,5,-0.033333333333333333,-0.080000000000000002,-0.01,comparator_rate_minus_proposed_rate,PRE_R10_SUPPORTING_DESCRIPTIVE_RESULT_AWARE__NO_NEW_CONFIRMATORY_INFERENCE
11,E1_ROLLING__DT-RAMDE_TS2_FULL__VS__MATCHED_FIXED_DE_PARETO,E1_ROLLING,POST_EXECUTION_HARD_VIOLATION_RATE,RR-SHOCK/3,5,,-0.54000000000000004,-0.060000000000000012,comparator_rate_minus_proposed_rate,PRE_R10_SUPPORTING_DESCRIPTIVE_RESULT_AWARE__NO_NEW_CONFIRMATORY_INFERENCE
11,E1_ROLLING__DT-RAMDE_TS2_FULL__VS__MATCHED_FIXED_DE_PARETO,E1_ROLLING,POST_EXECUTION_HARD_VIOLATION_RATE,RR-SHOCK/4,5,0.05000000000000001,-0.099999999999999992,-0.01,comparator_rate_minus_proposed_rate,PRE_R10_SUPPORTING_DESCRIPTIVE_RESULT_AWARE__NO_NEW_CONFIRMATORY_INFERENCE
11,E1_ROLLING__DT-RAMDE_TS2_FULL__VS__MATCHED_FIXED_DE_PARETO,E1_ROLLING,POST_EXECUTION_HARD_VIOLATION_RATE,RR-SHOCK/5,5,,-0.35999999999999999,0.20000000000000001,comparator_rate_minus_proposed_rate,PRE_R10_SUPPORTING_DESCRIPTIVE_RESULT_AWARE__NO_NEW_CONFIRMATORY_INFERENCE
11,E1_ROLLING__DT-RAMDE_TS2_FULL__VS__MATCHED_FIXED_DE_PARETO,E1_ROLLING,POST_EXECUTION_HARD_VIOLATION_RATE,RR-SHOCK/6,5,,-0.32999999999999996,-0.050000000000000003,comparator_rate_minus_proposed_rate,PRE_R10_SUPPORTING_DESCRIPTIVE_RESULT_AWARE__NO_NEW_CONFIRMATORY_INFERENCE
11,E1_ROLLING__DT-RAMDE_TS2_FULL__VS__MATCHED_FIXED_DE_PARETO,E1_ROLLING,POST_EXECUTION_HARD_VIOLATION_RATE,RR-SHOCK/7,5,0,0,0,comparator_rate_minus_proposed_rate,PRE_R10_SUPPORTING_DESCRIPTIVE_RESULT_AWARE__NO_NEW_CONFIRMATORY_INFERENCE
11,E1_ROLLING__DT-RAMDE_TS2_FULL__VS__MATCHED_FIXED_DE_PARETO,E1_ROLLING,POST_EXECUTION_HARD_VIOLATION_RATE,RR-SMOOTH/0,5,0,-0.080000000000000002,-0.059999999999999998,comparator_rate_minus_proposed_rate,PRE_R10_SUPPORTING_DESCRIPTIVE_RESULT_AWARE__NO_NEW_CONFIRMATORY_INFERENCE
11,E1_ROLLING__DT-RAMDE_TS2_FULL__VS__MATCHED_FIXED_DE_PARETO,E1_ROLLING,POST_EXECUTION_HARD_VIOLATION_RATE,RR-SMOOTH/1,5,,-0.55000000000000004,0.01,comparator_rate_minus_proposed_rate,PRE_R10_SUPPORTING_DESCRIPTIVE_RESULT_AWARE__NO_NEW_CONFIRMATORY_INFERENCE
11,E1_ROLLING__DT-RAMDE_TS2_FULL__VS__MATCHED_FIXED_DE_PARETO,E1_ROLLING,POST_EXECUTION_HARD_VIOLATION_RATE,RR-SMOOTH/2,5,0,0,0,comparator_rate_minus_proposed_rate,PRE_R10_SUPPORTING_DESCRIPTIVE_RESULT_AWARE__NO_NEW_CONFIRMATORY_INFERENCE
11,E1_ROLLING__DT-RAMDE_TS2_FULL__VS__MATCHED_FIXED_DE_PARETO,E1_ROLLING,POST_EXECUTION_HARD_VIOLATION_RATE,RR-SMOOTH/3,5,-0.033333333333333333,-0.060000000000000012,-0.030000000000000006,comparator_rate_minus_proposed_rate,PRE_R10_SUPPORTING_DESCRIPTIVE_RESULT_AWARE__NO_NEW_CONFIRMATORY_INFERENCE
11,E1_ROLLING__DT-RAMDE_TS2_FULL__VS__MATCHED_FIXED_DE_PARETO,E1_ROLLING,POST_EXECUTION_HARD_VIOLATION_RATE,RR-SMOOTH/4,5,,-0.61999999999999988,0.27000000000000002,comparator_rate_minus_proposed_rate,PRE_R10_SUPPORTING_DESCRIPTIVE_RESULT_AWARE__NO_NEW_CONFIRMATORY_INFERENCE
11,E1_ROLLING__DT-RAMDE_TS2_FULL__VS__MATCHED_FIXED_DE_PARETO,E1_ROLLING,POST_EXECUTION_HARD_VIOLATION_RATE,RR-SMOOTH/5,5,-0.049999999999999996,-0.059999999999999998,-0.040000000000000001,comparator_rate_minus_proposed_rate,PRE_R10_SUPPORTING_DESCRIPTIVE_RESULT_AWARE__NO_NEW_CONFIRMATORY_INFERENCE
11,E1_ROLLING__DT-RAMDE_TS2_FULL__VS__MATCHED_FIXED_DE_PARETO,E1_ROLLING,POST_EXECUTION_HARD_VIOLATION_RATE,RR-SMOOTH/6,5,0.025000000000000001,-0.48999999999999994,0.060000000000000012,comparator_rate_minus_proposed_rate,PRE_R10_SUPPORTING_DESCRIPTIVE_RESULT_AWARE__NO_NEW_CONFIRMATORY_INFERENCE
11,E1_ROLLING__DT-RAMDE_TS2_FULL__VS__MATCHED_FIXED_DE_PARETO,E1_ROLLING,POST_EXECUTION_HARD_VIOLATION_RATE,RR-SMOOTH/7,5,,-0.13,-0.040000000000000001,comparator_rate_minus_proposed_rate,PRE_R10_SUPPORTING_DESCRIPTIVE_RESULT_AWARE__NO_NEW_CONFIRMATORY_INFERENCE
12,E1_ROLLING__DT-RAMDE_TS2_FULL__VS__MATCHED_JDE_STYLE_PARETO,E1_ROLLING,POST_EXECUTION_HARD_VIOLATION_RATE,RR-INTERMITTENT/0,5,,-0.53000000000000003,0.31,comparator_rate_minus_proposed_rate,PRE_R10_SUPPORTING_DESCRIPTIVE_RESULT_AWARE__NO_NEW_CONFIRMATORY_INFERENCE
12,E1_ROLLING__DT-RAMDE_TS2_FULL__VS__MATCHED_JDE_STYLE_PARETO,E1_ROLLING,POST_EXECUTION_HARD_VIOLATION_RATE,RR-INTERMITTENT/1,5,,-0.22000000000000003,0.14000000000000001,comparator_rate_minus_proposed_rate,PRE_R10_SUPPORTING_DESCRIPTIVE_RESULT_AWARE__NO_NEW_CONFIRMATORY_INFERENCE
12,E1_ROLLING__DT-RAMDE_TS2_FULL__VS__MATCHED_JDE_STYLE_PARETO,E1_ROLLING,POST_EXECUTION_HARD_VIOLATION_RATE,RR-INTERMITTENT/2,5,,-0.38,0.34999999999999998,comparator_rate_minus_proposed_rate,PRE_R10_SUPPORTING_DESCRIPTIVE_RESULT_AWARE__NO_NEW_CONFIRMATORY_INFERENCE
12,E1_ROLLING__DT-RAMDE_TS2_FULL__VS__MATCHED_JDE_STYLE_PARETO,E1_ROLLING,POST_EXECUTION_HARD_VIOLATION_RATE,RR-INTERMITTENT/3,5,,-0.69999999999999996,0.31999999999999995,comparator_rate_minus_proposed_rate,PRE_R10_SUPPORTING_DESCRIPTIVE_RESULT_AWARE__NO_NEW_CONFIRMATORY_INFERENCE
12,E1_ROLLING__DT-RAMDE_TS2_FULL__VS__MATCHED_JDE_STYLE_PARETO,E1_ROLLING,POST_EXECUTION_HARD_VIOLATION_RATE,RR-INTERMITTENT/4,5,,-0.34000000000000002,0.25,comparator_rate_minus_proposed_rate,PRE_R10_SUPPORTING_DESCRIPTIVE_RESULT_AWARE__NO_NEW_CONFIRMATORY_INFERENCE
12,E1_ROLLING__DT-RAMDE_TS2_FULL__VS__MATCHED_JDE_STYLE_PARETO,E1_ROLLING,POST_EXECUTION_HARD_VIOLATION_RATE,RR-INTERMITTENT/5,5,,-0.34999999999999998,0.16,comparator_rate_minus_proposed_rate,PRE_R10_SUPPORTING_DESCRIPTIVE_RESULT_AWARE__NO_NEW_CONFIRMATORY_INFERENCE
12,E1_ROLLING__DT-RAMDE_TS2_FULL__VS__MATCHED_JDE_STYLE_PARETO,E1_ROLLING,POST_EXECUTION_HARD_VIOLATION_RATE,RR-INTERMITTENT/6,5,,-0.20000000000000001,0.20000000000000001,comparator_rate_minus_proposed_rate,PRE_R10_SUPPORTING_DESCRIPTIVE_RESULT_AWARE__NO_NEW_CONFIRMATORY_INFERENCE
12,E1_ROLLING__DT-RAMDE_TS2_FULL__VS__MATCHED_JDE_STYLE_PARETO,E1_ROLLING,POST_EXECUTION_HARD_VIOLATION_RATE,RR-INTERMITTENT/7,5,,-0.85999999999999999,0.51000000000000001,comparator_rate_minus_proposed_rate,PRE_R10_SUPPORTING_DESCRIPTIVE_RESULT_AWARE__NO_NEW_CONFIRMATORY_INFERENCE
12,E1_ROLLING__DT-RAMDE_TS2_FULL__VS__MATCHED_JDE_STYLE_PARETO,E1_ROLLING,POST_EXECUTION_HARD_VIOLATION_RATE,RR-REJECTION/0,5,,-0.19,0.050000000000000003,comparator_rate_minus_proposed_rate,PRE_R10_SUPPORTING_DESCRIPTIVE_RESULT_AWARE__NO_NEW_CONFIRMATORY_INFERENCE
12,E1_ROLLING__DT-RAMDE_TS2_FULL__VS__MATCHED_JDE_STYLE_PARETO,E1_ROLLING,POST_EXECUTION_HARD_VIOLATION_RATE,RR-REJECTION/1,5,,-0.11000000000000001,0.02,comparator_rate_minus_proposed_rate,PRE_R10_SUPPORTING_DESCRIPTIVE_RESULT_AWARE__NO_NEW_CONFIRMATORY_INFERENCE
12,E1_ROLLING__DT-RAMDE_TS2_FULL__VS__MATCHED_JDE_STYLE_PARETO,E1_ROLLING,POST_EXECUTION_HARD_VIOLATION_RATE,RR-REJECTION/2,5,,-0.45000000000000001,0,comparator_rate_minus_proposed_rate,PRE_R10_SUPPORTING_DESCRIPTIVE_RESULT_AWARE__NO_NEW_CONFIRMATORY_INFERENCE
12,E1_ROLLING__DT-RAMDE_TS2_FULL__VS__MATCHED_JDE_STYLE_PARETO,E1_ROLLING,POST_EXECUTION_HARD_VIOLATION_RATE,RR-REJECTION/3,5,0.025000000000000001,-0.029999999999999999,0.01,comparator_rate_minus_proposed_rate,PRE_R10_SUPPORTING_DESCRIPTIVE_RESULT_AWARE__NO_NEW_CONFIRMATORY_INFERENCE
12,E1_ROLLING__DT-RAMDE_TS2_FULL__VS__MATCHED_JDE_STYLE_PARETO,E1_ROLLING,POST_EXECUTION_HARD_VIOLATION_RATE,RR-REJECTION/4,5,0,-0.050000000000000003,0,comparator_rate_minus_proposed_rate,PRE_R10_SUPPORTING_DESCRIPTIVE_RESULT_AWARE__NO_NEW_CONFIRMATORY_INFERENCE
12,E1_ROLLING__DT-RAMDE_TS2_FULL__VS__MATCHED_JDE_STYLE_PARETO,E1_ROLLING,POST_EXECUTION_HARD_VIOLATION_RATE,RR-REJECTION/5,5,,-0.10000000000000001,-0.01,comparator_rate_minus_proposed_rate,PRE_R10_SUPPORTING_DESCRIPTIVE_RESULT_AWARE__NO_NEW_CONFIRMATORY_INFERENCE
12,E1_ROLLING__DT-RAMDE_TS2_FULL__VS__MATCHED_JDE_STYLE_PARETO,E1_ROLLING,POST_EXECUTION_HARD_VIOLATION_RATE,RR-REJECTION/6,5,-0.033333333333333333,-0.040000000000000001,-0.02,comparator_rate_minus_proposed_rate,PRE_R10_SUPPORTING_DESCRIPTIVE_RESULT_AWARE__NO_NEW_CONFIRMATORY_INFERENCE
12,E1_ROLLING__DT-RAMDE_TS2_FULL__VS__MATCHED_JDE_STYLE_PARETO,E1_ROLLING,POST_EXECUTION_HARD_VIOLATION_RATE,RR-REJECTION/7,5,,-0.23999999999999999,0,comparator_rate_minus_proposed_rate,PRE_R10_SUPPORTING_DESCRIPTIVE_RESULT_AWARE__NO_NEW_CONFIRMATORY_INFERENCE
12,E1_ROLLING__DT-RAMDE_TS2_FULL__VS__MATCHED_JDE_STYLE_PARETO,E1_ROLLING,POST_EXECUTION_HARD_VIOLATION_RATE,RR-SHOCK/0,5,0,0,0,comparator_rate_minus_proposed_rate,PRE_R10_SUPPORTING_DESCRIPTIVE_RESULT_AWARE__NO_NEW_CONFIRMATORY_INFERENCE
12,E1_ROLLING__DT-RAMDE_TS2_FULL__VS__MATCHED_JDE_STYLE_PARETO,E1_ROLLING,POST_EXECUTION_HARD_VIOLATION_RATE,RR-SHOCK/1,5,0,0,0,comparator_rate_minus_proposed_rate,PRE_R10_SUPPORTING_DESCRIPTIVE_RESULT_AWARE__NO_NEW_CONFIRMATORY_INFERENCE
12,E1_ROLLING__DT-RAMDE_TS2_FULL__VS__MATCHED_JDE_STYLE_PARETO,E1_ROLLING,POST_EXECUTION_HARD_VIOLATION_RATE,RR-SHOCK/2,5,-0.033333333333333333,-0.060000000000000012,0.01,comparator_rate_minus_proposed_rate,PRE_R10_SUPPORTING_DESCRIPTIVE_RESULT_AWARE__NO_NEW_CONFIRMATORY_INFERENCE
12,E1_ROLLING__DT-RAMDE_TS2_FULL__VS__MATCHED_JDE_STYLE_PARETO,E1_ROLLING,POST_EXECUTION_HARD_VIOLATION_RATE,RR-SHOCK/3,5,,-0.47999999999999998,0.17999999999999999,comparator_rate_minus_proposed_rate,PRE_R10_SUPPORTING_DESCRIPTIVE_RESULT_AWARE__NO_NEW_CONFIRMATORY_INFERENCE
12,E1_ROLLING__DT-RAMDE_TS2_FULL__VS__MATCHED_JDE_STYLE_PARETO,E1_ROLLING,POST_EXECUTION_HARD_VIOLATION_RATE,RR-SHOCK/4,5,0.083333333333333329,-0.049999999999999996,0.039999999999999994,comparator_rate_minus_proposed_rate,PRE_R10_SUPPORTING_DESCRIPTIVE_RESULT_AWARE__NO_NEW_CONFIRMATORY_INFERENCE
12,E1_ROLLING__DT-RAMDE_TS2_FULL__VS__MATCHED_JDE_STYLE_PARETO,E1_ROLLING,POST_EXECUTION_HARD_VIOLATION_RATE,RR-SHOCK/5,5,,-0.31999999999999995,0.25,comparator_rate_minus_proposed_rate,PRE_R10_SUPPORTING_DESCRIPTIVE_RESULT_AWARE__NO_NEW_CONFIRMATORY_INFERENCE
12,E1_ROLLING__DT-RAMDE_TS2_FULL__VS__MATCHED_JDE_STYLE_PARETO,E1_ROLLING,POST_EXECUTION_HARD_VIOLATION_RATE,RR-SHOCK/6,5,,-0.27999999999999997,-5.551115123125783e-18,comparator_rate_minus_proposed_rate,PRE_R10_SUPPORTING_DESCRIPTIVE_RESULT_AWARE__NO_NEW_CONFIRMATORY_INFERENCE
12,E1_ROLLING__DT-RAMDE_TS2_FULL__VS__MATCHED_JDE_STYLE_PARETO,E1_ROLLING,POST_EXECUTION_HARD_VIOLATION_RATE,RR-SHOCK/7,5,0,0,0,comparator_rate_minus_proposed_rate,PRE_R10_SUPPORTING_DESCRIPTIVE_RESULT_AWARE__NO_NEW_CONFIRMATORY_INFERENCE
12,E1_ROLLING__DT-RAMDE_TS2_FULL__VS__MATCHED_JDE_STYLE_PARETO,E1_ROLLING,POST_EXECUTION_HARD_VIOLATION_RATE,RR-SMOOTH/0,5,0,-0.050000000000000003,-0.029999999999999992,comparator_rate_minus_proposed_rate,PRE_R10_SUPPORTING_DESCRIPTIVE_RESULT_AWARE__NO_NEW_CONFIRMATORY_INFERENCE
12,E1_ROLLING__DT-RAMDE_TS2_FULL__VS__MATCHED_JDE_STYLE_PARETO,E1_ROLLING,POST_EXECUTION_HARD_VIOLATION_RATE,RR-SMOOTH/1,5,,-0.54000000000000004,0.02,comparator_rate_minus_proposed_rate,PRE_R10_SUPPORTING_DESCRIPTIVE_RESULT_AWARE__NO_NEW_CONFIRMATORY_INFERENCE
12,E1_ROLLING__DT-RAMDE_TS2_FULL__VS__MATCHED_JDE_STYLE_PARETO,E1_ROLLING,POST_EXECUTION_HARD_VIOLATION_RATE,RR-SMOOTH/2,5,0,0,0,comparator_rate_minus_proposed_rate,PRE_R10_SUPPORTING_DESCRIPTIVE_RESULT_AWARE__NO_NEW_CONFIRMATORY_INFERENCE
12,E1_ROLLING__DT-RAMDE_TS2_FULL__VS__MATCHED_JDE_STYLE_PARETO,E1_ROLLING,POST_EXECUTION_HARD_VIOLATION_RATE,RR-SMOOTH/3,5,-0.033333333333333333,-0.050000000000000003,-0.02,comparator_rate_minus_proposed_rate,PRE_R10_SUPPORTING_DESCRIPTIVE_RESULT_AWARE__NO_NEW_CONFIRMATORY_INFERENCE
12,E1_ROLLING__DT-RAMDE_TS2_FULL__VS__MATCHED_JDE_STYLE_PARETO,E1_ROLLING,POST_EXECUTION_HARD_VIOLATION_RATE,RR-SMOOTH/4,5,,-0.59999999999999998,0.33000000000000002,comparator_rate_minus_proposed_rate,PRE_R10_SUPPORTING_DESCRIPTIVE_RESULT_AWARE__NO_NEW_CONFIRMATORY_INFERENCE
12,E1_ROLLING__DT-RAMDE_TS2_FULL__VS__MATCHED_JDE_STYLE_PARETO,E1_ROLLING,POST_EXECUTION_HARD_VIOLATION_RATE,RR-SMOOTH/5,5,-0.016666666666666663,-0.029999999999999999,-0.0099999999999999985,comparator_rate_minus_proposed_rate,PRE_R10_SUPPORTING_DESCRIPTIVE_RESULT_AWARE__NO_NEW_CONFIRMATORY_INFERENCE
12,E1_ROLLING__DT-RAMDE_TS2_FULL__VS__MATCHED_JDE_STYLE_PARETO,E1_ROLLING,POST_EXECUTION_HARD_VIOLATION_RATE,RR-SMOOTH/6,5,0.025000000000000001,-0.51000000000000001,0.040000000000000001,comparator_rate_minus_proposed_rate,PRE_R10_SUPPORTING_DESCRIPTIVE_RESULT_AWARE__NO_NEW_CONFIRMATORY_INFERENCE
12,E1_ROLLING__DT-RAMDE_TS2_FULL__VS__MATCHED_JDE_STYLE_PARETO,E1_ROLLING,POST_EXECUTION_HARD_VIOLATION_RATE,RR-SMOOTH/7,5,,-0.069999999999999993,0.02,comparator_rate_minus_proposed_rate,PRE_R10_SUPPORTING_DESCRIPTIVE_RESULT_AWARE__NO_NEW_CONFIRMATORY_INFERENCE
13,E1_ROLLING__DT-RAMDE_TS2_FULL__VS__MATCHED_SHADE_STYLE_PARETO,E1_ROLLING,POST_EXECUTION_HARD_VIOLATION_RATE,RR-INTERMITTENT/0,5,,-0.59000000000000008,0.25,comparator_rate_minus_proposed_rate,PRE_R10_SUPPORTING_DESCRIPTIVE_RESULT_AWARE__NO_NEW_CONFIRMATORY_INFERENCE
13,E1_ROLLING__DT-RAMDE_TS2_FULL__VS__MATCHED_SHADE_STYLE_PARETO,E1_ROLLING,POST_EXECUTION_HARD_VIOLATION_RATE,RR-INTERMITTENT/1,5,,-0.22000000000000003,0.14000000000000001,comparator_rate_minus_proposed_rate,PRE_R10_SUPPORTING_DESCRIPTIVE_RESULT_AWARE__NO_NEW_CONFIRMATORY_INFERENCE
13,E1_ROLLING__DT-RAMDE_TS2_FULL__VS__MATCHED_SHADE_STYLE_PARETO,E1_ROLLING,POST_EXECUTION_HARD_VIOLATION_RATE,RR-INTERMITTENT/2,5,,-0.38,0.34999999999999998,comparator_rate_minus_proposed_rate,PRE_R10_SUPPORTING_DESCRIPTIVE_RESULT_AWARE__NO_NEW_CONFIRMATORY_INFERENCE
13,E1_ROLLING__DT-RAMDE_TS2_FULL__VS__MATCHED_SHADE_STYLE_PARETO,E1_ROLLING,POST_EXECUTION_HARD_VIOLATION_RATE,RR-INTERMITTENT/3,5,,-0.69000000000000006,0.32999999999999996,comparator_rate_minus_proposed_rate,PRE_R10_SUPPORTING_DESCRIPTIVE_RESULT_AWARE__NO_NEW_CONFIRMATORY_INFERENCE
13,E1_ROLLING__DT-RAMDE_TS2_FULL__VS__MATCHED_SHADE_STYLE_PARETO,E1_ROLLING,POST_EXECUTION_HARD_VIOLATION_RATE,RR-INTERMITTENT/4,5,,-0.35999999999999999,0.22999999999999998,comparator_rate_minus_proposed_rate,PRE_R10_SUPPORTING_DESCRIPTIVE_RESULT_AWARE__NO_NEW_CONFIRMATORY_INFERENCE
13,E1_ROLLING__DT-RAMDE_TS2_FULL__VS__MATCHED_SHADE_STYLE_PARETO,E1_ROLLING,POST_EXECUTION_HARD_VIOLATION_RATE,RR-INTERMITTENT/5,5,,-0.38,0.13,comparator_rate_minus_proposed_rate,PRE_R10_SUPPORTING_DESCRIPTIVE_RESULT_AWARE__NO_NEW_CONFIRMATORY_INFERENCE
13,E1_ROLLING__DT-RAMDE_TS2_FULL__VS__MATCHED_SHADE_STYLE_PARETO,E1_ROLLING,POST_EXECUTION_HARD_VIOLATION_RATE,RR-INTERMITTENT/6,5,,-0.20000000000000001,0.20000000000000001,comparator_rate_minus_proposed_rate,PRE_R10_SUPPORTING_DESCRIPTIVE_RESULT_AWARE__NO_NEW_CONFIRMATORY_INFERENCE
13,E1_ROLLING__DT-RAMDE_TS2_FULL__VS__MATCHED_SHADE_STYLE_PARETO,E1_ROLLING,POST_EXECUTION_HARD_VIOLATION_RATE,RR-INTERMITTENT/7,5,,-0.89000000000000001,0.44000000000000006,comparator_rate_minus_proposed_rate,PRE_R10_SUPPORTING_DESCRIPTIVE_RESULT_AWARE__NO_NEW_CONFIRMATORY_INFERENCE
13,E1_ROLLING__DT-RAMDE_TS2_FULL__VS__MATCHED_SHADE_STYLE_PARETO,E1_ROLLING,POST_EXECUTION_HARD_VIOLATION_RATE,RR-REJECTION/0,5,,-0.22000000000000003,0.02,comparator_rate_minus_proposed_rate,PRE_R10_SUPPORTING_DESCRIPTIVE_RESULT_AWARE__NO_NEW_CONFIRMATORY_INFERENCE
13,E1_ROLLING__DT-RAMDE_TS2_FULL__VS__MATCHED_SHADE_STYLE_PARETO,E1_ROLLING,POST_EXECUTION_HARD_VIOLATION_RATE,RR-REJECTION/1,5,,-0.10000000000000001,0,comparator_rate_minus_proposed_rate,PRE_R10_SUPPORTING_DESCRIPTIVE_RESULT_AWARE__NO_NEW_CONFIRMATORY_INFERENCE
13,E1_ROLLING__DT-RAMDE_TS2_FULL__VS__MATCHED_SHADE_STYLE_PARETO,E1_ROLLING,POST_EXECUTION_HARD_VIOLATION_RATE,RR-REJECTION/2,5,,-0.45000000000000001,0,comparator_rate_minus_proposed_rate,PRE_R10_SUPPORTING_DESCRIPTIVE_RESULT_AWARE__NO_NEW_CONFIRMATORY_INFERENCE
13,E1_ROLLING__DT-RAMDE_TS2_FULL__VS__MATCHED_SHADE_STYLE_PARETO,E1_ROLLING,POST_EXECUTION_HARD_VIOLATION_RATE,RR-REJECTION/3,5,0.012500000000000001,-0.050000000000000003,-0.01,comparator_rate_minus_proposed_rate,PRE_R10_SUPPORTING_DESCRIPTIVE_RESULT_AWARE__NO_NEW_CONFIRMATORY_INFERENCE
13,E1_ROLLING__DT-RAMDE_TS2_FULL__VS__MATCHED_SHADE_STYLE_PARETO,E1_ROLLING,POST_EXECUTION_HARD_VIOLATION_RATE,RR-REJECTION/4,5,0,-0.050000000000000003,0,comparator_rate_minus_proposed_rate,PRE_R10_SUPPORTING_DESCRIPTIVE_RESULT_AWARE__NO_NEW_CONFIRMATORY_INFERENCE
13,E1_ROLLING__DT-RAMDE_TS2_FULL__VS__MATCHED_SHADE_STYLE_PARETO,E1_ROLLING,POST_EXECUTION_HARD_VIOLATION_RATE,RR-REJECTION/5,5,,-0.10000000000000001,-0.01,comparator_rate_minus_proposed_rate,PRE_R10_SUPPORTING_DESCRIPTIVE_RESULT_AWARE__NO_NEW_CONFIRMATORY_INFERENCE
13,E1_ROLLING__DT-RAMDE_TS2_FULL__VS__MATCHED_SHADE_STYLE_PARETO,E1_ROLLING,POST_EXECUTION_HARD_VIOLATION_RATE,RR-REJECTION/6,5,-0.033333333333333333,-0.040000000000000001,-0.02,comparator_rate_minus_proposed_rate,PRE_R10_SUPPORTING_DESCRIPTIVE_RESULT_AWARE__NO_NEW_CONFIRMATORY_INFERENCE
13,E1_ROLLING__DT-RAMDE_TS2_FULL__VS__MATCHED_SHADE_STYLE_PARETO,E1_ROLLING,POST_EXECUTION_HARD_VIOLATION_RATE,RR-REJECTION/7,5,,-0.22999999999999998,0.01,comparator_rate_minus_proposed_rate,PRE_R10_SUPPORTING_DESCRIPTIVE_RESULT_AWARE__NO_NEW_CONFIRMATORY_INFERENCE
13,E1_ROLLING__DT-RAMDE_TS2_FULL__VS__MATCHED_SHADE_STYLE_PARETO,E1_ROLLING,POST_EXECUTION_HARD_VIOLATION_RATE,RR-SHOCK/0,5,0,0,0,comparator_rate_minus_proposed_rate,PRE_R10_SUPPORTING_DESCRIPTIVE_RESULT_AWARE__NO_NEW_CONFIRMATORY_INFERENCE
13,E1_ROLLING__DT-RAMDE_TS2_FULL__VS__MATCHED_SHADE_STYLE_PARETO,E1_ROLLING,POST_EXECUTION_HARD_VIOLATION_RATE,RR-SHOCK/1,5,0,0,0,comparator_rate_minus_proposed_rate,PRE_R10_SUPPORTING_DESCRIPTIVE_RESULT_AWARE__NO_NEW_CONFIRMATORY_INFERENCE
13,E1_ROLLING__DT-RAMDE_TS2_FULL__VS__MATCHED_SHADE_STYLE_PARETO,E1_ROLLING,POST_EXECUTION_HARD_VIOLATION_RATE,RR-SHOCK/2,5,-0.033333333333333333,-0.080000000000000002,-0.01,comparator_rate_minus_proposed_rate,PRE_R10_SUPPORTING_DESCRIPTIVE_RESULT_AWARE__NO_NEW_CONFIRMATORY_INFERENCE
13,E1_ROLLING__DT-RAMDE_TS2_FULL__VS__MATCHED_SHADE_STYLE_PARETO,E1_ROLLING,POST_EXECUTION_HARD_VIOLATION_RATE,RR-SHOCK/3,5,,-0.52000000000000002,-0.040000000000000001,comparator_rate_minus_proposed_rate,PRE_R10_SUPPORTING_DESCRIPTIVE_RESULT_AWARE__NO_NEW_CONFIRMATORY_INFERENCE
13,E1_ROLLING__DT-RAMDE_TS2_FULL__VS__MATCHED_SHADE_STYLE_PARETO,E1_ROLLING,POST_EXECUTION_HARD_VIOLATION_RATE,RR-SHOCK/4,5,0.033333333333333333,-0.10000000000000001,-0.010000000000000004,comparator_rate_minus_proposed_rate,PRE_R10_SUPPORTING_DESCRIPTIVE_RESULT_AWARE__NO_NEW_CONFIRMATORY_INFERENCE
13,E1_ROLLING__DT-RAMDE_TS2_FULL__VS__MATCHED_SHADE_STYLE_PARETO,E1_ROLLING,POST_EXECUTION_HARD_VIOLATION_RATE,RR-SHOCK/5,5,,-0.32000000000000001,0.23999999999999999,comparator_rate_minus_proposed_rate,PRE_R10_SUPPORTING_DESCRIPTIVE_RESULT_AWARE__NO_NEW_CONFIRMATORY_INFERENCE
13,E1_ROLLING__DT-RAMDE_TS2_FULL__VS__MATCHED_SHADE_STYLE_PARETO,E1_ROLLING,POST_EXECUTION_HARD_VIOLATION_RATE,RR-SHOCK/6,5,,-0.28999999999999998,-0.010000000000000004,comparator_rate_minus_proposed_rate,PRE_R10_SUPPORTING_DESCRIPTIVE_RESULT_AWARE__NO_NEW_CONFIRMATORY_INFERENCE
13,E1_ROLLING__DT-RAMDE_TS2_FULL__VS__MATCHED_SHADE_STYLE_PARETO,E1_ROLLING,POST_EXECUTION_HARD_VIOLATION_RATE,RR-SHOCK/7,5,0,0,0,comparator_rate_minus_proposed_rate,PRE_R10_SUPPORTING_DESCRIPTIVE_RESULT_AWARE__NO_NEW_CONFIRMATORY_INFERENCE
13,E1_ROLLING__DT-RAMDE_TS2_FULL__VS__MATCHED_SHADE_STYLE_PARETO,E1_ROLLING,POST_EXECUTION_HARD_VIOLATION_RATE,RR-SMOOTH/0,5,0.03333333333333334,-0.050000000000000003,-0.029999999999999992,comparator_rate_minus_proposed_rate,PRE_R10_SUPPORTING_DESCRIPTIVE_RESULT_AWARE__NO_NEW_CONFIRMATORY_INFERENCE
13,E1_ROLLING__DT-RAMDE_TS2_FULL__VS__MATCHED_SHADE_STYLE_PARETO,E1_ROLLING,POST_EXECUTION_HARD_VIOLATION_RATE,RR-SMOOTH/1,5,,-0.55000000000000004,0.01,comparator_rate_minus_proposed_rate,PRE_R10_SUPPORTING_DESCRIPTIVE_RESULT_AWARE__NO_NEW_CONFIRMATORY_INFERENCE
13,E1_ROLLING__DT-RAMDE_TS2_FULL__VS__MATCHED_SHADE_STYLE_PARETO,E1_ROLLING,POST_EXECUTION_HARD_VIOLATION_RATE,RR-SMOOTH/2,5,0,0,0,comparator_rate_minus_proposed_rate,PRE_R10_SUPPORTING_DESCRIPTIVE_RESULT_AWARE__NO_NEW_CONFIRMATORY_INFERENCE
13,E1_ROLLING__DT-RAMDE_TS2_FULL__VS__MATCHED_SHADE_STYLE_PARETO,E1_ROLLING,POST_EXECUTION_HARD_VIOLATION_RATE,RR-SMOOTH/3,5,-0.033333333333333333,-0.060000000000000012,-0.030000000000000006,comparator_rate_minus_proposed_rate,PRE_R10_SUPPORTING_DESCRIPTIVE_RESULT_AWARE__NO_NEW_CONFIRMATORY_INFERENCE
13,E1_ROLLING__DT-RAMDE_TS2_FULL__VS__MATCHED_SHADE_STYLE_PARETO,E1_ROLLING,POST_EXECUTION_HARD_VIOLATION_RATE,RR-SMOOTH/4,5,,-0.64000000000000001,0.25,comparator_rate_minus_proposed_rate,PRE_R10_SUPPORTING_DESCRIPTIVE_RESULT_AWARE__NO_NEW_CONFIRMATORY_INFERENCE
13,E1_ROLLING__DT-RAMDE_TS2_FULL__VS__MATCHED_SHADE_STYLE_PARETO,E1_ROLLING,POST_EXECUTION_HARD_VIOLATION_RATE,RR-SMOOTH/5,5,-0.033333333333333333,-0.040000000000000001,-0.019999999999999997,comparator_rate_minus_proposed_rate,PRE_R10_SUPPORTING_DESCRIPTIVE_RESULT_AWARE__NO_NEW_CONFIRMATORY_INFERENCE
13,E1_ROLLING__DT-RAMDE_TS2_FULL__VS__MATCHED_SHADE_STYLE_PARETO,E1_ROLLING,POST_EXECUTION_HARD_VIOLATION_RATE,RR-SMOOTH/6,5,0.049999999999999996,-0.5,0.050000000000000003,comparator_rate_minus_proposed_rate,PRE_R10_SUPPORTING_DESCRIPTIVE_RESULT_AWARE__NO_NEW_CONFIRMATORY_INFERENCE
13,E1_ROLLING__DT-RAMDE_TS2_FULL__VS__MATCHED_SHADE_STYLE_PARETO,E1_ROLLING,POST_EXECUTION_HARD_VIOLATION_RATE,RR-SMOOTH/7,5,,-0.089999999999999997,2.7755575615628915e-18,comparator_rate_minus_proposed_rate,PRE_R10_SUPPORTING_DESCRIPTIVE_RESULT_AWARE__NO_NEW_CONFIRMATORY_INFERENCE
14,E1_ROLLING__DT-RAMDE_TS2_FULL__VS__JMETALPY_1_7_GDE3_STANDARD_PARETO_DE,E1_ROLLING,POST_EXECUTION_HARD_VIOLATION_RATE,RR-INTERMITTENT/0,5,,-0.57999999999999996,0.26000000000000001,comparator_rate_minus_proposed_rate,PRE_R10_SUPPORTING_DESCRIPTIVE_RESULT_AWARE__NO_NEW_CONFIRMATORY_INFERENCE
14,E1_ROLLING__DT-RAMDE_TS2_FULL__VS__JMETALPY_1_7_GDE3_STANDARD_PARETO_DE,E1_ROLLING,POST_EXECUTION_HARD_VIOLATION_RATE,RR-INTERMITTENT/1,5,,-0.20000000000000001,0.16,comparator_rate_minus_proposed_rate,PRE_R10_SUPPORTING_DESCRIPTIVE_RESULT_AWARE__NO_NEW_CONFIRMATORY_INFERENCE
14,E1_ROLLING__DT-RAMDE_TS2_FULL__VS__JMETALPY_1_7_GDE3_STANDARD_PARETO_DE,E1_ROLLING,POST_EXECUTION_HARD_VIOLATION_RATE,RR-INTERMITTENT/2,5,,-0.38,0.34999999999999998,comparator_rate_minus_proposed_rate,PRE_R10_SUPPORTING_DESCRIPTIVE_RESULT_AWARE__NO_NEW_CONFIRMATORY_INFERENCE
14,E1_ROLLING__DT-RAMDE_TS2_FULL__VS__JMETALPY_1_7_GDE3_STANDARD_PARETO_DE,E1_ROLLING,POST_EXECUTION_HARD_VIOLATION_RATE,RR-INTERMITTENT/3,5,,-0.69000000000000006,0.32999999999999996,comparator_rate_minus_proposed_rate,PRE_R10_SUPPORTING_DESCRIPTIVE_RESULT_AWARE__NO_NEW_CONFIRMATORY_INFERENCE
14,E1_ROLLING__DT-RAMDE_TS2_FULL__VS__JMETALPY_1_7_GDE3_STANDARD_PARETO_DE,E1_ROLLING,POST_EXECUTION_HARD_VIOLATION_RATE,RR-INTERMITTENT/4,5,,-0.35999999999999999,0.22999999999999998,comparator_rate_minus_proposed_rate,PRE_R10_SUPPORTING_DESCRIPTIVE_RESULT_AWARE__NO_NEW_CONFIRMATORY_INFERENCE
14,E1_ROLLING__DT-RAMDE_TS2_FULL__VS__JMETALPY_1_7_GDE3_STANDARD_PARETO_DE,E1_ROLLING,POST_EXECUTION_HARD_VIOLATION_RATE,RR-INTERMITTENT/5,5,,-0.35999999999999999,0.14999999999999999,comparator_rate_minus_proposed_rate,PRE_R10_SUPPORTING_DESCRIPTIVE_RESULT_AWARE__NO_NEW_CONFIRMATORY_INFERENCE
14,E1_ROLLING__DT-RAMDE_TS2_FULL__VS__JMETALPY_1_7_GDE3_STANDARD_PARETO_DE,E1_ROLLING,POST_EXECUTION_HARD_VIOLATION_RATE,RR-INTERMITTENT/6,5,,-0.20000000000000001,0.20000000000000001,comparator_rate_minus_proposed_rate,PRE_R10_SUPPORTING_DESCRIPTIVE_RESULT_AWARE__NO_NEW_CONFIRMATORY_INFERENCE
14,E1_ROLLING__DT-RAMDE_TS2_FULL__VS__JMETALPY_1_7_GDE3_STANDARD_PARETO_DE,E1_ROLLING,POST_EXECUTION_HARD_VIOLATION_RATE,RR-INTERMITTENT/7,5,,-0.89000000000000001,0.44000000000000006,comparator_rate_minus_proposed_rate,PRE_R10_SUPPORTING_DESCRIPTIVE_RESULT_AWARE__NO_NEW_CONFIRMATORY_INFERENCE
14,E1_ROLLING__DT-RAMDE_TS2_FULL__VS__JMETALPY_1_7_GDE3_STANDARD_PARETO_DE,E1_ROLLING,POST_EXECUTION_HARD_VIOLATION_RATE,RR-REJECTION/0,5,,-0.23999999999999999,0,comparator_rate_minus_proposed_rate,PRE_R10_SUPPORTING_DESCRIPTIVE_RESULT_AWARE__NO_NEW_CONFIRMATORY_INFERENCE
14,E1_ROLLING__DT-RAMDE_TS2_FULL__VS__JMETALPY_1_7_GDE3_STANDARD_PARETO_DE,E1_ROLLING,POST_EXECUTION_HARD_VIOLATION_RATE,RR-REJECTION/1,5,,-0.089999999999999997,0.01,comparator_rate_minus_proposed_rate,PRE_R10_SUPPORTING_DESCRIPTIVE_RESULT_AWARE__NO_NEW_CONFIRMATORY_INFERENCE
14,E1_ROLLING__DT-RAMDE_TS2_FULL__VS__JMETALPY_1_7_GDE3_STANDARD_PARETO_DE,E1_ROLLING,POST_EXECUTION_HARD_VIOLATION_RATE,RR-REJECTION/2,5,,-0.45000000000000001,0,comparator_rate_minus_proposed_rate,PRE_R10_SUPPORTING_DESCRIPTIVE_RESULT_AWARE__NO_NEW_CONFIRMATORY_INFERENCE
14,E1_ROLLING__DT-RAMDE_TS2_FULL__VS__JMETALPY_1_7_GDE3_STANDARD_PARETO_DE,E1_ROLLING,POST_EXECUTION_HARD_VIOLATION_RATE,RR-REJECTION/3,5,0.037500000000000006,-0.029999999999999992,0.01,comparator_rate_minus_proposed_rate,PRE_R10_SUPPORTING_DESCRIPTIVE_RESULT_AWARE__NO_NEW_CONFIRMATORY_INFERENCE
14,E1_ROLLING__DT-RAMDE_TS2_FULL__VS__JMETALPY_1_7_GDE3_STANDARD_PARETO_DE,E1_ROLLING,POST_EXECUTION_HARD_VIOLATION_RATE,RR-REJECTION/4,5,0,-0.050000000000000003,0,comparator_rate_minus_proposed_rate,PRE_R10_SUPPORTING_DESCRIPTIVE_RESULT_AWARE__NO_NEW_CONFIRMATORY_INFERENCE
14,E1_ROLLING__DT-RAMDE_TS2_FULL__VS__JMETALPY_1_7_GDE3_STANDARD_PARETO_DE,E1_ROLLING,POST_EXECUTION_HARD_VIOLATION_RATE,RR-REJECTION/5,5,,-0.11000000000000001,-0.02,comparator_rate_minus_proposed_rate,PRE_R10_SUPPORTING_DESCRIPTIVE_RESULT_AWARE__NO_NEW_CONFIRMATORY_INFERENCE
14,E1_ROLLING__DT-RAMDE_TS2_FULL__VS__JMETALPY_1_7_GDE3_STANDARD_PARETO_DE,E1_ROLLING,POST_EXECUTION_HARD_VIOLATION_RATE,RR-REJECTION/6,5,-0.033333333333333333,-0.040000000000000001,-0.02,comparator_rate_minus_proposed_rate,PRE_R10_SUPPORTING_DESCRIPTIVE_RESULT_AWARE__NO_NEW_CONFIRMATORY_INFERENCE
14,E1_ROLLING__DT-RAMDE_TS2_FULL__VS__JMETALPY_1_7_GDE3_STANDARD_PARETO_DE,E1_ROLLING,POST_EXECUTION_HARD_VIOLATION_RATE,RR-REJECTION/7,5,,-0.23999999999999999,0,comparator_rate_minus_proposed_rate,PRE_R10_SUPPORTING_DESCRIPTIVE_RESULT_AWARE__NO_NEW_CONFIRMATORY_INFERENCE
14,E1_ROLLING__DT-RAMDE_TS2_FULL__VS__JMETALPY_1_7_GDE3_STANDARD_PARETO_DE,E1_ROLLING,POST_EXECUTION_HARD_VIOLATION_RATE,RR-SHOCK/0,5,0,0,0,comparator_rate_minus_proposed_rate,PRE_R10_SUPPORTING_DESCRIPTIVE_RESULT_AWARE__NO_NEW_CONFIRMATORY_INFERENCE
14,E1_ROLLING__DT-RAMDE_TS2_FULL__VS__JMETALPY_1_7_GDE3_STANDARD_PARETO_DE,E1_ROLLING,POST_EXECUTION_HARD_VIOLATION_RATE,RR-SHOCK/1,5,0,0,0,comparator_rate_minus_proposed_rate,PRE_R10_SUPPORTING_DESCRIPTIVE_RESULT_AWARE__NO_NEW_CONFIRMATORY_INFERENCE
14,E1_ROLLING__DT-RAMDE_TS2_FULL__VS__JMETALPY_1_7_GDE3_STANDARD_PARETO_DE,E1_ROLLING,POST_EXECUTION_HARD_VIOLATION_RATE,RR-SHOCK/2,5,0,-0.060000000000000012,0.01,comparator_rate_minus_proposed_rate,PRE_R10_SUPPORTING_DESCRIPTIVE_RESULT_AWARE__NO_NEW_CONFIRMATORY_INFERENCE
14,E1_ROLLING__DT-RAMDE_TS2_FULL__VS__JMETALPY_1_7_GDE3_STANDARD_PARETO_DE,E1_ROLLING,POST_EXECUTION_HARD_VIOLATION_RATE,RR-SHOCK/3,5,,-0.51000000000000001,-0.030000000000000006,comparator_rate_minus_proposed_rate,PRE_R10_SUPPORTING_DESCRIPTIVE_RESULT_AWARE__NO_NEW_CONFIRMATORY_INFERENCE
14,E1_ROLLING__DT-RAMDE_TS2_FULL__VS__JMETALPY_1_7_GDE3_STANDARD_PARETO_DE,E1_ROLLING,POST_EXECUTION_HARD_VIOLATION_RATE,RR-SHOCK/4,5,0.05000000000000001,-0.079999999999999988,0.0099999999999999985,comparator_rate_minus_proposed_rate,PRE_R10_SUPPORTING_DESCRIPTIVE_RESULT_AWARE__NO_NEW_CONFIRMATORY_INFERENCE
14,E1_ROLLING__DT-RAMDE_TS2_FULL__VS__JMETALPY_1_7_GDE3_STANDARD_PARETO_DE,E1_ROLLING,POST_EXECUTION_HARD_VIOLATION_RATE,RR-SHOCK/5,5,,-0.34999999999999998,0.21000000000000002,comparator_rate_minus_proposed_rate,PRE_R10_SUPPORTING_DESCRIPTIVE_RESULT_AWARE__NO_NEW_CONFIRMATORY_INFERENCE
14,E1_ROLLING__DT-RAMDE_TS2_FULL__VS__JMETALPY_1_7_GDE3_STANDARD_PARETO_DE,E1_ROLLING,POST_EXECUTION_HARD_VIOLATION_RATE,RR-SHOCK/6,5,,-0.27999999999999997,0,comparator_rate_minus_proposed_rate,PRE_R10_SUPPORTING_DESCRIPTIVE_RESULT_AWARE__NO_NEW_CONFIRMATORY_INFERENCE
14,E1_ROLLING__DT-RAMDE_TS2_FULL__VS__JMETALPY_1_7_GDE3_STANDARD_PARETO_DE,E1_ROLLING,POST_EXECUTION_HARD_VIOLATION_RATE,RR-SHOCK/7,5,0,0,0,comparator_rate_minus_proposed_rate,PRE_R10_SUPPORTING_DESCRIPTIVE_RESULT_AWARE__NO_NEW_CONFIRMATORY_INFERENCE
14,E1_ROLLING__DT-RAMDE_TS2_FULL__VS__JMETALPY_1_7_GDE3_STANDARD_PARETO_DE,E1_ROLLING,POST_EXECUTION_HARD_VIOLATION_RATE,RR-SMOOTH/0,5,0.033333333333333333,-0.030000000000000006,-0.0099999999999999985,comparator_rate_minus_proposed_rate,PRE_R10_SUPPORTING_DESCRIPTIVE_RESULT_AWARE__NO_NEW_CONFIRMATORY_INFERENCE
14,E1_ROLLING__DT-RAMDE_TS2_FULL__VS__JMETALPY_1_7_GDE3_STANDARD_PARETO_DE,E1_ROLLING,POST_EXECUTION_HARD_VIOLATION_RATE,RR-SMOOTH/1,5,,-0.55000000000000004,0.01,comparator_rate_minus_proposed_rate,PRE_R10_SUPPORTING_DESCRIPTIVE_RESULT_AWARE__NO_NEW_CONFIRMATORY_INFERENCE
14,E1_ROLLING__DT-RAMDE_TS2_FULL__VS__JMETALPY_1_7_GDE3_STANDARD_PARETO_DE,E1_ROLLING,POST_EXECUTION_HARD_VIOLATION_RATE,RR-SMOOTH/2,5,0,0,0,comparator_rate_minus_proposed_rate,PRE_R10_SUPPORTING_DESCRIPTIVE_RESULT_AWARE__NO_NEW_CONFIRMATORY_INFERENCE
14,E1_ROLLING__DT-RAMDE_TS2_FULL__VS__JMETALPY_1_7_GDE3_STANDARD_PARETO_DE,E1_ROLLING,POST_EXECUTION_HARD_VIOLATION_RATE,RR-SMOOTH/3,5,-0.033333333333333333,-0.060000000000000012,-0.030000000000000006,comparator_rate_minus_proposed_rate,PRE_R10_SUPPORTING_DESCRIPTIVE_RESULT_AWARE__NO_NEW_CONFIRMATORY_INFERENCE
14,E1_ROLLING__DT-RAMDE_TS2_FULL__VS__JMETALPY_1_7_GDE3_STANDARD_PARETO_DE,E1_ROLLING,POST_EXECUTION_HARD_VIOLATION_RATE,RR-SMOOTH/4,5,,-0.62,0.26999999999999996,comparator_rate_minus_proposed_rate,PRE_R10_SUPPORTING_DESCRIPTIVE_RESULT_AWARE__NO_NEW_CONFIRMATORY_INFERENCE
14,E1_ROLLING__DT-RAMDE_TS2_FULL__VS__JMETALPY_1_7_GDE3_STANDARD_PARETO_DE,E1_ROLLING,POST_EXECUTION_HARD_VIOLATION_RATE,RR-SMOOTH/5,5,-0.066666666666666666,-0.059999999999999998,-0.040000000000000001,comparator_rate_minus_proposed_rate,PRE_R10_SUPPORTING_DESCRIPTIVE_RESULT_AWARE__NO_NEW_CONFIRMATORY_INFERENCE
14,E1_ROLLING__DT-RAMDE_TS2_FULL__VS__JMETALPY_1_7_GDE3_STANDARD_PARETO_DE,E1_ROLLING,POST_EXECUTION_HARD_VIOLATION_RATE,RR-SMOOTH/6,5,0,-0.51000000000000001,0.040000000000000001,comparator_rate_minus_proposed_rate,PRE_R10_SUPPORTING_DESCRIPTIVE_RESULT_AWARE__NO_NEW_CONFIRMATORY_INFERENCE
14,E1_ROLLING__DT-RAMDE_TS2_FULL__VS__JMETALPY_1_7_GDE3_STANDARD_PARETO_DE,E1_ROLLING,POST_EXECUTION_HARD_VIOLATION_RATE,RR-SMOOTH/7,5,,-0.089999999999999997,5.551115123125783e-18,comparator_rate_minus_proposed_rate,PRE_R10_SUPPORTING_DESCRIPTIVE_RESULT_AWARE__NO_NEW_CONFIRMATORY_INFERENCE
15,E1_ROLLING__DT-RAMDE_TS2_FULL__VS__JMETALPY_1_7_NSGAII_DYNAMIC_RESTART_BRIDGE,E1_ROLLING,POST_EXECUTION_HARD_VIOLATION_RATE,RR-INTERMITTENT/0,5,,-0.52000000000000002,0.32000000000000001,comparator_rate_minus_proposed_rate,PRE_R10_SUPPORTING_DESCRIPTIVE_RESULT_AWARE__NO_NEW_CONFIRMATORY_INFERENCE
15,E1_ROLLING__DT-RAMDE_TS2_FULL__VS__JMETALPY_1_7_NSGAII_DYNAMIC_RESTART_BRIDGE,E1_ROLLING,POST_EXECUTION_HARD_VIOLATION_RATE,RR-INTERMITTENT/1,5,,-0.21000000000000002,0.19,comparator_rate_minus_proposed_rate,PRE_R10_SUPPORTING_DESCRIPTIVE_RESULT_AWARE__NO_NEW_CONFIRMATORY_INFERENCE
15,E1_ROLLING__DT-RAMDE_TS2_FULL__VS__JMETALPY_1_7_NSGAII_DYNAMIC_RESTART_BRIDGE,E1_ROLLING,POST_EXECUTION_HARD_VIOLATION_RATE,RR-INTERMITTENT/2,5,,-0.38,0.34999999999999998,comparator_rate_minus_proposed_rate,PRE_R10_SUPPORTING_DESCRIPTIVE_RESULT_AWARE__NO_NEW_CONFIRMATORY_INFERENCE
15,E1_ROLLING__DT-RAMDE_TS2_FULL__VS__JMETALPY_1_7_NSGAII_DYNAMIC_RESTART_BRIDGE,E1_ROLLING,POST_EXECUTION_HARD_VIOLATION_RATE,RR-INTERMITTENT/3,5,,-0.65999999999999992,0.35999999999999999,comparator_rate_minus_proposed_rate,PRE_R10_SUPPORTING_DESCRIPTIVE_RESULT_AWARE__NO_NEW_CONFIRMATORY_INFERENCE
15,E1_ROLLING__DT-RAMDE_TS2_FULL__VS__JMETALPY_1_7_NSGAII_DYNAMIC_RESTART_BRIDGE,E1_ROLLING,POST_EXECUTION_HARD_VIOLATION_RATE,RR-INTERMITTENT/4,5,,-0.29999999999999999,0.28999999999999998,comparator_rate_minus_proposed_rate,PRE_R10_SUPPORTING_DESCRIPTIVE_RESULT_AWARE__NO_NEW_CONFIRMATORY_INFERENCE
15,E1_ROLLING__DT-RAMDE_TS2_FULL__VS__JMETALPY_1_7_NSGAII_DYNAMIC_RESTART_BRIDGE,E1_ROLLING,POST_EXECUTION_HARD_VIOLATION_RATE,RR-INTERMITTENT/5,5,,-0.33999999999999997,0.17000000000000001,comparator_rate_minus_proposed_rate,PRE_R10_SUPPORTING_DESCRIPTIVE_RESULT_AWARE__NO_NEW_CONFIRMATORY_INFERENCE
15,E1_ROLLING__DT-RAMDE_TS2_FULL__VS__JMETALPY_1_7_NSGAII_DYNAMIC_RESTART_BRIDGE,E1_ROLLING,POST_EXECUTION_HARD_VIOLATION_RATE,RR-INTERMITTENT/6,5,,-0.20000000000000001,0.20000000000000001,comparator_rate_minus_proposed_rate,PRE_R10_SUPPORTING_DESCRIPTIVE_RESULT_AWARE__NO_NEW_CONFIRMATORY_INFERENCE
15,E1_ROLLING__DT-RAMDE_TS2_FULL__VS__JMETALPY_1_7_NSGAII_DYNAMIC_RESTART_BRIDGE,E1_ROLLING,POST_EXECUTION_HARD_VIOLATION_RATE,RR-INTERMITTENT/7,5,,-0.88000000000000012,0.57000000000000006,comparator_rate_minus_proposed_rate,PRE_R10_SUPPORTING_DESCRIPTIVE_RESULT_AWARE__NO_NEW_CONFIRMATORY_INFERENCE
15,E1_ROLLING__DT-RAMDE_TS2_FULL__VS__JMETALPY_1_7_NSGAII_DYNAMIC_RESTART_BRIDGE,E1_ROLLING,POST_EXECUTION_HARD_VIOLATION_RATE,RR-REJECTION/0,5,,-0.17999999999999999,0.060000000000000012,comparator_rate_minus_proposed_rate,PRE_R10_SUPPORTING_DESCRIPTIVE_RESULT_AWARE__NO_NEW_CONFIRMATORY_INFERENCE
15,E1_ROLLING__DT-RAMDE_TS2_FULL__VS__JMETALPY_1_7_NSGAII_DYNAMIC_RESTART_BRIDGE,E1_ROLLING,POST_EXECUTION_HARD_VIOLATION_RATE,RR-REJECTION/1,5,,-0.10000000000000001,0.080000000000000002,comparator_rate_minus_proposed_rate,PRE_R10_SUPPORTING_DESCRIPTIVE_RESULT_AWARE__NO_NEW_CONFIRMATORY_INFERENCE
15,E1_ROLLING__DT-RAMDE_TS2_FULL__VS__JMETALPY_1_7_NSGAII_DYNAMIC_RESTART_BRIDGE,E1_ROLLING,POST_EXECUTION_HARD_VIOLATION_RATE,RR-REJECTION/2,5,,-0.45000000000000001,0.040000000000000001,comparator_rate_minus_proposed_rate,PRE_R10_SUPPORTING_DESCRIPTIVE_RESULT_AWARE__NO_NEW_CONFIRMATORY_INFERENCE
15,E1_ROLLING__DT-RAMDE_TS2_FULL__VS__JMETALPY_1_7_NSGAII_DYNAMIC_RESTART_BRIDGE,E1_ROLLING,POST_EXECUTION_HARD_VIOLATION_RATE,RR-REJECTION/3,5,0.025000000000000001,-0.029999999999999999,0.01,comparator_rate_minus_proposed_rate,PRE_R10_SUPPORTING_DESCRIPTIVE_RESULT_AWARE__NO_NEW_CONFIRMATORY_INFERENCE
15,E1_ROLLING__DT-RAMDE_TS2_FULL__VS__JMETALPY_1_7_NSGAII_DYNAMIC_RESTART_BRIDGE,E1_ROLLING,POST_EXECUTION_HARD_VIOLATION_RATE,RR-REJECTION/4,5,0,-0.050000000000000003,0.01,comparator_rate_minus_proposed_rate,PRE_R10_SUPPORTING_DESCRIPTIVE_RESULT_AWARE__NO_NEW_CONFIRMATORY_INFERENCE
15,E1_ROLLING__DT-RAMDE_TS2_FULL__VS__JMETALPY_1_7_NSGAII_DYNAMIC_RESTART_BRIDGE,E1_ROLLING,POST_EXECUTION_HARD_VIOLATION_RATE,RR-REJECTION/5,5,,-0.11000000000000001,-0.02,comparator_rate_minus_proposed_rate,PRE_R10_SUPPORTING_DESCRIPTIVE_RESULT_AWARE__NO_NEW_CONFIRMATORY_INFERENCE
15,E1_ROLLING__DT-RAMDE_TS2_FULL__VS__JMETALPY_1_7_NSGAII_DYNAMIC_RESTART_BRIDGE,E1_ROLLING,POST_EXECUTION_HARD_VIOLATION_RATE,RR-REJECTION/6,5,-0.016666666666666666,-0.030000000000000006,-0.01,comparator_rate_minus_proposed_rate,PRE_R10_SUPPORTING_DESCRIPTIVE_RESULT_AWARE__NO_NEW_CONFIRMATORY_INFERENCE
15,E1_ROLLING__DT-RAMDE_TS2_FULL__VS__JMETALPY_1_7_NSGAII_DYNAMIC_RESTART_BRIDGE,E1_ROLLING,POST_EXECUTION_HARD_VIOLATION_RATE,RR-REJECTION/7,5,,-0.22999999999999998,0.01,comparator_rate_minus_proposed_rate,PRE_R10_SUPPORTING_DESCRIPTIVE_RESULT_AWARE__NO_NEW_CONFIRMATORY_INFERENCE
15,E1_ROLLING__DT-RAMDE_TS2_FULL__VS__JMETALPY_1_7_NSGAII_DYNAMIC_RESTART_BRIDGE,E1_ROLLING,POST_EXECUTION_HARD_VIOLATION_RATE,RR-SHOCK/0,5,0,0,0,comparator_rate_minus_proposed_rate,PRE_R10_SUPPORTING_DESCRIPTIVE_RESULT_AWARE__NO_NEW_CONFIRMATORY_INFERENCE
15,E1_ROLLING__DT-RAMDE_TS2_FULL__VS__JMETALPY_1_7_NSGAII_DYNAMIC_RESTART_BRIDGE,E1_ROLLING,POST_EXECUTION_HARD_VIOLATION_RATE,RR-SHOCK/1,5,0,0,0,comparator_rate_minus_proposed_rate,PRE_R10_SUPPORTING_DESCRIPTIVE_RESULT_AWARE__NO_NEW_CONFIRMATORY_INFERENCE
15,E1_ROLLING__DT-RAMDE_TS2_FULL__VS__JMETALPY_1_7_NSGAII_DYNAMIC_RESTART_BRIDGE,E1_ROLLING,POST_EXECUTION_HARD_VIOLATION_RATE,RR-SHOCK/2,5,-4.6259292692714853e-18,-0.010000000000000005,0.059999999999999998,comparator_rate_minus_proposed_rate,PRE_R10_SUPPORTING_DESCRIPTIVE_RESULT_AWARE__NO_NEW_CONFIRMATORY_INFERENCE
15,E1_ROLLING__DT-RAMDE_TS2_FULL__VS__JMETALPY_1_7_NSGAII_DYNAMIC_RESTART_BRIDGE,E1_ROLLING,POST_EXECUTION_HARD_VIOLATION_RATE,RR-SHOCK/3,5,,-0.47000000000000003,0.37,comparator_rate_minus_proposed_rate,PRE_R10_SUPPORTING_DESCRIPTIVE_RESULT_AWARE__NO_NEW_CONFIRMATORY_INFERENCE
15,E1_ROLLING__DT-RAMDE_TS2_FULL__VS__JMETALPY_1_7_NSGAII_DYNAMIC_RESTART_BRIDGE,E1_ROLLING,POST_EXECUTION_HARD_VIOLATION_RATE,RR-SHOCK/4,5,0.125,-0.059999999999999984,0.040000000000000001,comparator_rate_minus_proposed_rate,PRE_R10_SUPPORTING_DESCRIPTIVE_RESULT_AWARE__NO_NEW_CONFIRMATORY_INFERENCE
15,E1_ROLLING__DT-RAMDE_TS2_FULL__VS__JMETALPY_1_7_NSGAII_DYNAMIC_RESTART_BRIDGE,E1_ROLLING,POST_EXECUTION_HARD_VIOLATION_RATE,RR-SHOCK/5,5,,-0.33999999999999997,0.31,comparator_rate_minus_proposed_rate,PRE_R10_SUPPORTING_DESCRIPTIVE_RESULT_AWARE__NO_NEW_CONFIRMATORY_INFERENCE
15,E1_ROLLING__DT-RAMDE_TS2_FULL__VS__JMETALPY_1_7_NSGAII_DYNAMIC_RESTART_BRIDGE,E1_ROLLING,POST_EXECUTION_HARD_VIOLATION_RATE,RR-SHOCK/6,5,,-0.21999999999999997,0.099999999999999992,comparator_rate_minus_proposed_rate,PRE_R10_SUPPORTING_DESCRIPTIVE_RESULT_AWARE__NO_NEW_CONFIRMATORY_INFERENCE
15,E1_ROLLING__DT-RAMDE_TS2_FULL__VS__JMETALPY_1_7_NSGAII_DYNAMIC_RESTART_BRIDGE,E1_ROLLING,POST_EXECUTION_HARD_VIOLATION_RATE,RR-SHOCK/7,5,0,0,0,comparator_rate_minus_proposed_rate,PRE_R10_SUPPORTING_DESCRIPTIVE_RESULT_AWARE__NO_NEW_CONFIRMATORY_INFERENCE
15,E1_ROLLING__DT-RAMDE_TS2_FULL__VS__JMETALPY_1_7_NSGAII_DYNAMIC_RESTART_BRIDGE,E1_ROLLING,POST_EXECUTION_HARD_VIOLATION_RATE,RR-SMOOTH/0,5,0.16666666666666666,0.10999999999999999,0.13,comparator_rate_minus_proposed_rate,PRE_R10_SUPPORTING_DESCRIPTIVE_RESULT_AWARE__NO_NEW_CONFIRMATORY_INFERENCE
15,E1_ROLLING__DT-RAMDE_TS2_FULL__VS__JMETALPY_1_7_NSGAII_DYNAMIC_RESTART_BRIDGE,E1_ROLLING,POST_EXECUTION_HARD_VIOLATION_RATE,RR-SMOOTH/1,5,,-0.42999999999999999,0.13,comparator_rate_minus_proposed_rate,PRE_R10_SUPPORTING_DESCRIPTIVE_RESULT_AWARE__NO_NEW_CONFIRMATORY_INFERENCE
15,E1_ROLLING__DT-RAMDE_TS2_FULL__VS__JMETALPY_1_7_NSGAII_DYNAMIC_RESTART_BRIDGE,E1_ROLLING,POST_EXECUTION_HARD_VIOLATION_RATE,RR-SMOOTH/2,5,0,0,0,comparator_rate_minus_proposed_rate,PRE_R10_SUPPORTING_DESCRIPTIVE_RESULT_AWARE__NO_NEW_CONFIRMATORY_INFERENCE
15,E1_ROLLING__DT-RAMDE_TS2_FULL__VS__JMETALPY_1_7_NSGAII_DYNAMIC_RESTART_BRIDGE,E1_ROLLING,POST_EXECUTION_HARD_VIOLATION_RATE,RR-SMOOTH/3,5,0,-0.030000000000000006,0,comparator_rate_minus_proposed_rate,PRE_R10_SUPPORTING_DESCRIPTIVE_RESULT_AWARE__NO_NEW_CONFIRMATORY_INFERENCE
15,E1_ROLLING__DT-RAMDE_TS2_FULL__VS__JMETALPY_1_7_NSGAII_DYNAMIC_RESTART_BRIDGE,E1_ROLLING,POST_EXECUTION_HARD_VIOLATION_RATE,RR-SMOOTH/4,5,,-0.55999999999999994,0.44000000000000006,comparator_rate_minus_proposed_rate,PRE_R10_SUPPORTING_DESCRIPTIVE_RESULT_AWARE__NO_NEW_CONFIRMATORY_INFERENCE
15,E1_ROLLING__DT-RAMDE_TS2_FULL__VS__JMETALPY_1_7_NSGAII_DYNAMIC_RESTART_BRIDGE,E1_ROLLING,POST_EXECUTION_HARD_VIOLATION_RATE,RR-SMOOTH/5,5,0.016666666666666677,0.010000000000000005,0.030000000000000006,comparator_rate_minus_proposed_rate,PRE_R10_SUPPORTING_DESCRIPTIVE_RESULT_AWARE__NO_NEW_CONFIRMATORY_INFERENCE
15,E1_ROLLING__DT-RAMDE_TS2_FULL__VS__JMETALPY_1_7_NSGAII_DYNAMIC_RESTART_BRIDGE,E1_ROLLING,POST_EXECUTION_HARD_VIOLATION_RATE,RR-SMOOTH/6,5,0.125,-0.43999999999999995,0.11000000000000001,comparator_rate_minus_proposed_rate,PRE_R10_SUPPORTING_DESCRIPTIVE_RESULT_AWARE__NO_NEW_CONFIRMATORY_INFERENCE
15,E1_ROLLING__DT-RAMDE_TS2_FULL__VS__JMETALPY_1_7_NSGAII_DYNAMIC_RESTART_BRIDGE,E1_ROLLING,POST_EXECUTION_HARD_VIOLATION_RATE,RR-SMOOTH/7,5,,-0.050000000000000003,0.040000000000000001,comparator_rate_minus_proposed_rate,PRE_R10_SUPPORTING_DESCRIPTIVE_RESULT_AWARE__NO_NEW_CONFIRMATORY_INFERENCE
16,E2_DYNAMIC__DT-RAMDE_TS2_FULL__VS__NO_CROSS_EVENT_MEMORY,E2_DYNAMIC,POST_EXECUTION_HARD_VIOLATION_RATE,CDF1,10,,-1,1,comparator_rate_minus_proposed_rate,PRE_R10_SUPPORTING_DESCRIPTIVE_RESULT_AWARE__NO_NEW_CONFIRMATORY_INFERENCE
16,E2_DYNAMIC__DT-RAMDE_TS2_FULL__VS__NO_CROSS_EVENT_MEMORY,E2_DYNAMIC,POST_EXECUTION_HARD_VIOLATION_RATE,CDF10,10,,-1,1,comparator_rate_minus_proposed_rate,PRE_R10_SUPPORTING_DESCRIPTIVE_RESULT_AWARE__NO_NEW_CONFIRMATORY_INFERENCE
16,E2_DYNAMIC__DT-RAMDE_TS2_FULL__VS__NO_CROSS_EVENT_MEMORY,E2_DYNAMIC,POST_EXECUTION_HARD_VIOLATION_RATE,CDF11,10,,-1,1,comparator_rate_minus_proposed_rate,PRE_R10_SUPPORTING_DESCRIPTIVE_RESULT_AWARE__NO_NEW_CONFIRMATORY_INFERENCE
16,E2_DYNAMIC__DT-RAMDE_TS2_FULL__VS__NO_CROSS_EVENT_MEMORY,E2_DYNAMIC,POST_EXECUTION_HARD_VIOLATION_RATE,CDF12,10,,-1,1,comparator_rate_minus_proposed_rate,PRE_R10_SUPPORTING_DESCRIPTIVE_RESULT_AWARE__NO_NEW_CONFIRMATORY_INFERENCE
16,E2_DYNAMIC__DT-RAMDE_TS2_FULL__VS__NO_CROSS_EVENT_MEMORY,E2_DYNAMIC,POST_EXECUTION_HARD_VIOLATION_RATE,CDF13,10,,-1,1,comparator_rate_minus_proposed_rate,PRE_R10_SUPPORTING_DESCRIPTIVE_RESULT_AWARE__NO_NEW_CONFIRMATORY_INFERENCE
16,E2_DYNAMIC__DT-RAMDE_TS2_FULL__VS__NO_CROSS_EVENT_MEMORY,E2_DYNAMIC,POST_EXECUTION_HARD_VIOLATION_RATE,CDF14,10,,-1,1,comparator_rate_minus_proposed_rate,PRE_R10_SUPPORTING_DESCRIPTIVE_RESULT_AWARE__NO_NEW_CONFIRMATORY_INFERENCE
16,E2_DYNAMIC__DT-RAMDE_TS2_FULL__VS__NO_CROSS_EVENT_MEMORY,E2_DYNAMIC,POST_EXECUTION_HARD_VIOLATION_RATE,CDF15,10,,-1,1,comparator_rate_minus_proposed_rate,PRE_R10_SUPPORTING_DESCRIPTIVE_RESULT_AWARE__NO_NEW_CONFIRMATORY_INFERENCE
16,E2_DYNAMIC__DT-RAMDE_TS2_FULL__VS__NO_CROSS_EVENT_MEMORY,E2_DYNAMIC,POST_EXECUTION_HARD_VIOLATION_RATE,CDF2,10,,-1,1,comparator_rate_minus_proposed_rate,PRE_R10_SUPPORTING_DESCRIPTIVE_RESULT_AWARE__NO_NEW_CONFIRMATORY_INFERENCE
16,E2_DYNAMIC__DT-RAMDE_TS2_FULL__VS__NO_CROSS_EVENT_MEMORY,E2_DYNAMIC,POST_EXECUTION_HARD_VIOLATION_RATE,CDF3,10,,-1,1,comparator_rate_minus_proposed_rate,PRE_R10_SUPPORTING_DESCRIPTIVE_RESULT_AWARE__NO_NEW_CONFIRMATORY_INFERENCE
16,E2_DYNAMIC__DT-RAMDE_TS2_FULL__VS__NO_CROSS_EVENT_MEMORY,E2_DYNAMIC,POST_EXECUTION_HARD_VIOLATION_RATE,CDF4,10,,-1,1,comparator_rate_minus_proposed_rate,PRE_R10_SUPPORTING_DESCRIPTIVE_RESULT_AWARE__NO_NEW_CONFIRMATORY_INFERENCE
16,E2_DYNAMIC__DT-RAMDE_TS2_FULL__VS__NO_CROSS_EVENT_MEMORY,E2_DYNAMIC,POST_EXECUTION_HARD_VIOLATION_RATE,CDF5,10,,-1,1,comparator_rate_minus_proposed_rate,PRE_R10_SUPPORTING_DESCRIPTIVE_RESULT_AWARE__NO_NEW_CONFIRMATORY_INFERENCE
16,E2_DYNAMIC__DT-RAMDE_TS2_FULL__VS__NO_CROSS_EVENT_MEMORY,E2_DYNAMIC,POST_EXECUTION_HARD_VIOLATION_RATE,CDF6,10,,-1,1,comparator_rate_minus_proposed_rate,PRE_R10_SUPPORTING_DESCRIPTIVE_RESULT_AWARE__NO_NEW_CONFIRMATORY_INFERENCE
16,E2_DYNAMIC__DT-RAMDE_TS2_FULL__VS__NO_CROSS_EVENT_MEMORY,E2_DYNAMIC,POST_EXECUTION_HARD_VIOLATION_RATE,CDF7,10,,-1,1,comparator_rate_minus_proposed_rate,PRE_R10_SUPPORTING_DESCRIPTIVE_RESULT_AWARE__NO_NEW_CONFIRMATORY_INFERENCE
16,E2_DYNAMIC__DT-RAMDE_TS2_FULL__VS__NO_CROSS_EVENT_MEMORY,E2_DYNAMIC,POST_EXECUTION_HARD_VIOLATION_RATE,CDF8,10,,-1,1,comparator_rate_minus_proposed_rate,PRE_R10_SUPPORTING_DESCRIPTIVE_RESULT_AWARE__NO_NEW_CONFIRMATORY_INFERENCE
16,E2_DYNAMIC__DT-RAMDE_TS2_FULL__VS__NO_CROSS_EVENT_MEMORY,E2_DYNAMIC,POST_EXECUTION_HARD_VIOLATION_RATE,CDF9,10,,-1,1,comparator_rate_minus_proposed_rate,PRE_R10_SUPPORTING_DESCRIPTIVE_RESULT_AWARE__NO_NEW_CONFIRMATORY_INFERENCE
17,E2_DYNAMIC__DT-RAMDE_TS2_FULL__VS__NO_REJECTION_CREDIT,E2_DYNAMIC,POST_EXECUTION_HARD_VIOLATION_RATE,CDF1,10,,-1,1,comparator_rate_minus_proposed_rate,PRE_R10_SUPPORTING_DESCRIPTIVE_RESULT_AWARE__NO_NEW_CONFIRMATORY_INFERENCE
17,E2_DYNAMIC__DT-RAMDE_TS2_FULL__VS__NO_REJECTION_CREDIT,E2_DYNAMIC,POST_EXECUTION_HARD_VIOLATION_RATE,CDF10,10,,-1,1,comparator_rate_minus_proposed_rate,PRE_R10_SUPPORTING_DESCRIPTIVE_RESULT_AWARE__NO_NEW_CONFIRMATORY_INFERENCE
17,E2_DYNAMIC__DT-RAMDE_TS2_FULL__VS__NO_REJECTION_CREDIT,E2_DYNAMIC,POST_EXECUTION_HARD_VIOLATION_RATE,CDF11,10,,-1,1,comparator_rate_minus_proposed_rate,PRE_R10_SUPPORTING_DESCRIPTIVE_RESULT_AWARE__NO_NEW_CONFIRMATORY_INFERENCE
17,E2_DYNAMIC__DT-RAMDE_TS2_FULL__VS__NO_REJECTION_CREDIT,E2_DYNAMIC,POST_EXECUTION_HARD_VIOLATION_RATE,CDF12,10,,-1,1,comparator_rate_minus_proposed_rate,PRE_R10_SUPPORTING_DESCRIPTIVE_RESULT_AWARE__NO_NEW_CONFIRMATORY_INFERENCE
17,E2_DYNAMIC__DT-RAMDE_TS2_FULL__VS__NO_REJECTION_CREDIT,E2_DYNAMIC,POST_EXECUTION_HARD_VIOLATION_RATE,CDF13,10,,-1,1,comparator_rate_minus_proposed_rate,PRE_R10_SUPPORTING_DESCRIPTIVE_RESULT_AWARE__NO_NEW_CONFIRMATORY_INFERENCE
17,E2_DYNAMIC__DT-RAMDE_TS2_FULL__VS__NO_REJECTION_CREDIT,E2_DYNAMIC,POST_EXECUTION_HARD_VIOLATION_RATE,CDF14,10,,-1,1,comparator_rate_minus_proposed_rate,PRE_R10_SUPPORTING_DESCRIPTIVE_RESULT_AWARE__NO_NEW_CONFIRMATORY_INFERENCE
17,E2_DYNAMIC__DT-RAMDE_TS2_FULL__VS__NO_REJECTION_CREDIT,E2_DYNAMIC,POST_EXECUTION_HARD_VIOLATION_RATE,CDF15,10,,-1,1,comparator_rate_minus_proposed_rate,PRE_R10_SUPPORTING_DESCRIPTIVE_RESULT_AWARE__NO_NEW_CONFIRMATORY_INFERENCE
17,E2_DYNAMIC__DT-RAMDE_TS2_FULL__VS__NO_REJECTION_CREDIT,E2_DYNAMIC,POST_EXECUTION_HARD_VIOLATION_RATE,CDF2,10,,-1,1,comparator_rate_minus_proposed_rate,PRE_R10_SUPPORTING_DESCRIPTIVE_RESULT_AWARE__NO_NEW_CONFIRMATORY_INFERENCE
17,E2_DYNAMIC__DT-RAMDE_TS2_FULL__VS__NO_REJECTION_CREDIT,E2_DYNAMIC,POST_EXECUTION_HARD_VIOLATION_RATE,CDF3,10,,-1,1,comparator_rate_minus_proposed_rate,PRE_R10_SUPPORTING_DESCRIPTIVE_RESULT_AWARE__NO_NEW_CONFIRMATORY_INFERENCE
17,E2_DYNAMIC__DT-RAMDE_TS2_FULL__VS__NO_REJECTION_CREDIT,E2_DYNAMIC,POST_EXECUTION_HARD_VIOLATION_RATE,CDF4,10,,-1,1,comparator_rate_minus_proposed_rate,PRE_R10_SUPPORTING_DESCRIPTIVE_RESULT_AWARE__NO_NEW_CONFIRMATORY_INFERENCE
17,E2_DYNAMIC__DT-RAMDE_TS2_FULL__VS__NO_REJECTION_CREDIT,E2_DYNAMIC,POST_EXECUTION_HARD_VIOLATION_RATE,CDF5,10,,-1,1,comparator_rate_minus_proposed_rate,PRE_R10_SUPPORTING_DESCRIPTIVE_RESULT_AWARE__NO_NEW_CONFIRMATORY_INFERENCE
17,E2_DYNAMIC__DT-RAMDE_TS2_FULL__VS__NO_REJECTION_CREDIT,E2_DYNAMIC,POST_EXECUTION_HARD_VIOLATION_RATE,CDF6,10,,-1,1,comparator_rate_minus_proposed_rate,PRE_R10_SUPPORTING_DESCRIPTIVE_RESULT_AWARE__NO_NEW_CONFIRMATORY_INFERENCE
17,E2_DYNAMIC__DT-RAMDE_TS2_FULL__VS__NO_REJECTION_CREDIT,E2_DYNAMIC,POST_EXECUTION_HARD_VIOLATION_RATE,CDF7,10,,-1,1,comparator_rate_minus_proposed_rate,PRE_R10_SUPPORTING_DESCRIPTIVE_RESULT_AWARE__NO_NEW_CONFIRMATORY_INFERENCE
17,E2_DYNAMIC__DT-RAMDE_TS2_FULL__VS__NO_REJECTION_CREDIT,E2_DYNAMIC,POST_EXECUTION_HARD_VIOLATION_RATE,CDF8,10,,-1,1,comparator_rate_minus_proposed_rate,PRE_R10_SUPPORTING_DESCRIPTIVE_RESULT_AWARE__NO_NEW_CONFIRMATORY_INFERENCE
17,E2_DYNAMIC__DT-RAMDE_TS2_FULL__VS__NO_REJECTION_CREDIT,E2_DYNAMIC,POST_EXECUTION_HARD_VIOLATION_RATE,CDF9,10,,-1,1,comparator_rate_minus_proposed_rate,PRE_R10_SUPPORTING_DESCRIPTIVE_RESULT_AWARE__NO_NEW_CONFIRMATORY_INFERENCE
18,E2_DYNAMIC__DT-RAMDE_TS2_FULL__VS__NO_MEMORY_RESET_GATE,E2_DYNAMIC,POST_EXECUTION_HARD_VIOLATION_RATE,CDF1,10,,-1,1,comparator_rate_minus_proposed_rate,PRE_R10_SUPPORTING_DESCRIPTIVE_RESULT_AWARE__NO_NEW_CONFIRMATORY_INFERENCE
18,E2_DYNAMIC__DT-RAMDE_TS2_FULL__VS__NO_MEMORY_RESET_GATE,E2_DYNAMIC,POST_EXECUTION_HARD_VIOLATION_RATE,CDF10,10,,-1,1,comparator_rate_minus_proposed_rate,PRE_R10_SUPPORTING_DESCRIPTIVE_RESULT_AWARE__NO_NEW_CONFIRMATORY_INFERENCE
18,E2_DYNAMIC__DT-RAMDE_TS2_FULL__VS__NO_MEMORY_RESET_GATE,E2_DYNAMIC,POST_EXECUTION_HARD_VIOLATION_RATE,CDF11,10,,-1,1,comparator_rate_minus_proposed_rate,PRE_R10_SUPPORTING_DESCRIPTIVE_RESULT_AWARE__NO_NEW_CONFIRMATORY_INFERENCE
18,E2_DYNAMIC__DT-RAMDE_TS2_FULL__VS__NO_MEMORY_RESET_GATE,E2_DYNAMIC,POST_EXECUTION_HARD_VIOLATION_RATE,CDF12,10,,-1,1,comparator_rate_minus_proposed_rate,PRE_R10_SUPPORTING_DESCRIPTIVE_RESULT_AWARE__NO_NEW_CONFIRMATORY_INFERENCE
18,E2_DYNAMIC__DT-RAMDE_TS2_FULL__VS__NO_MEMORY_RESET_GATE,E2_DYNAMIC,POST_EXECUTION_HARD_VIOLATION_RATE,CDF13,10,,-1,1,comparator_rate_minus_proposed_rate,PRE_R10_SUPPORTING_DESCRIPTIVE_RESULT_AWARE__NO_NEW_CONFIRMATORY_INFERENCE
18,E2_DYNAMIC__DT-RAMDE_TS2_FULL__VS__NO_MEMORY_RESET_GATE,E2_DYNAMIC,POST_EXECUTION_HARD_VIOLATION_RATE,CDF14,10,,-1,1,comparator_rate_minus_proposed_rate,PRE_R10_SUPPORTING_DESCRIPTIVE_RESULT_AWARE__NO_NEW_CONFIRMATORY_INFERENCE
18,E2_DYNAMIC__DT-RAMDE_TS2_FULL__VS__NO_MEMORY_RESET_GATE,E2_DYNAMIC,POST_EXECUTION_HARD_VIOLATION_RATE,CDF15,10,,-1,1,comparator_rate_minus_proposed_rate,PRE_R10_SUPPORTING_DESCRIPTIVE_RESULT_AWARE__NO_NEW_CONFIRMATORY_INFERENCE
18,E2_DYNAMIC__DT-RAMDE_TS2_FULL__VS__NO_MEMORY_RESET_GATE,E2_DYNAMIC,POST_EXECUTION_HARD_VIOLATION_RATE,CDF2,10,,-1,1,comparator_rate_minus_proposed_rate,PRE_R10_SUPPORTING_DESCRIPTIVE_RESULT_AWARE__NO_NEW_CONFIRMATORY_INFERENCE
18,E2_DYNAMIC__DT-RAMDE_TS2_FULL__VS__NO_MEMORY_RESET_GATE,E2_DYNAMIC,POST_EXECUTION_HARD_VIOLATION_RATE,CDF3,10,,-1,1,comparator_rate_minus_proposed_rate,PRE_R10_SUPPORTING_DESCRIPTIVE_RESULT_AWARE__NO_NEW_CONFIRMATORY_INFERENCE
18,E2_DYNAMIC__DT-RAMDE_TS2_FULL__VS__NO_MEMORY_RESET_GATE,E2_DYNAMIC,POST_EXECUTION_HARD_VIOLATION_RATE,CDF4,10,,-1,1,comparator_rate_minus_proposed_rate,PRE_R10_SUPPORTING_DESCRIPTIVE_RESULT_AWARE__NO_NEW_CONFIRMATORY_INFERENCE
18,E2_DYNAMIC__DT-RAMDE_TS2_FULL__VS__NO_MEMORY_RESET_GATE,E2_DYNAMIC,POST_EXECUTION_HARD_VIOLATION_RATE,CDF5,10,,-1,1,comparator_rate_minus_proposed_rate,PRE_R10_SUPPORTING_DESCRIPTIVE_RESULT_AWARE__NO_NEW_CONFIRMATORY_INFERENCE
18,E2_DYNAMIC__DT-RAMDE_TS2_FULL__VS__NO_MEMORY_RESET_GATE,E2_DYNAMIC,POST_EXECUTION_HARD_VIOLATION_RATE,CDF6,10,,-1,1,comparator_rate_minus_proposed_rate,PRE_R10_SUPPORTING_DESCRIPTIVE_RESULT_AWARE__NO_NEW_CONFIRMATORY_INFERENCE
18,E2_DYNAMIC__DT-RAMDE_TS2_FULL__VS__NO_MEMORY_RESET_GATE,E2_DYNAMIC,POST_EXECUTION_HARD_VIOLATION_RATE,CDF7,10,,-1,1,comparator_rate_minus_proposed_rate,PRE_R10_SUPPORTING_DESCRIPTIVE_RESULT_AWARE__NO_NEW_CONFIRMATORY_INFERENCE
18,E2_DYNAMIC__DT-RAMDE_TS2_FULL__VS__NO_MEMORY_RESET_GATE,E2_DYNAMIC,POST_EXECUTION_HARD_VIOLATION_RATE,CDF8,10,,-1,1,comparator_rate_minus_proposed_rate,PRE_R10_SUPPORTING_DESCRIPTIVE_RESULT_AWARE__NO_NEW_CONFIRMATORY_INFERENCE
18,E2_DYNAMIC__DT-RAMDE_TS2_FULL__VS__NO_MEMORY_RESET_GATE,E2_DYNAMIC,POST_EXECUTION_HARD_VIOLATION_RATE,CDF9,10,,-1,1,comparator_rate_minus_proposed_rate,PRE_R10_SUPPORTING_DESCRIPTIVE_RESULT_AWARE__NO_NEW_CONFIRMATORY_INFERENCE
19,E2_DYNAMIC__DT-RAMDE_TS2_FULL__VS__NO_LINEAGE_CREDIT,E2_DYNAMIC,POST_EXECUTION_HARD_VIOLATION_RATE,CDF1,10,,-1,1,comparator_rate_minus_proposed_rate,PRE_R10_SUPPORTING_DESCRIPTIVE_RESULT_AWARE__NO_NEW_CONFIRMATORY_INFERENCE
19,E2_DYNAMIC__DT-RAMDE_TS2_FULL__VS__NO_LINEAGE_CREDIT,E2_DYNAMIC,POST_EXECUTION_HARD_VIOLATION_RATE,CDF10,10,,-1,1,comparator_rate_minus_proposed_rate,PRE_R10_SUPPORTING_DESCRIPTIVE_RESULT_AWARE__NO_NEW_CONFIRMATORY_INFERENCE
19,E2_DYNAMIC__DT-RAMDE_TS2_FULL__VS__NO_LINEAGE_CREDIT,E2_DYNAMIC,POST_EXECUTION_HARD_VIOLATION_RATE,CDF11,10,,-1,1,comparator_rate_minus_proposed_rate,PRE_R10_SUPPORTING_DESCRIPTIVE_RESULT_AWARE__NO_NEW_CONFIRMATORY_INFERENCE
19,E2_DYNAMIC__DT-RAMDE_TS2_FULL__VS__NO_LINEAGE_CREDIT,E2_DYNAMIC,POST_EXECUTION_HARD_VIOLATION_RATE,CDF12,10,,-1,1,comparator_rate_minus_proposed_rate,PRE_R10_SUPPORTING_DESCRIPTIVE_RESULT_AWARE__NO_NEW_CONFIRMATORY_INFERENCE
19,E2_DYNAMIC__DT-RAMDE_TS2_FULL__VS__NO_LINEAGE_CREDIT,E2_DYNAMIC,POST_EXECUTION_HARD_VIOLATION_RATE,CDF13,10,,-1,1,comparator_rate_minus_proposed_rate,PRE_R10_SUPPORTING_DESCRIPTIVE_RESULT_AWARE__NO_NEW_CONFIRMATORY_INFERENCE
19,E2_DYNAMIC__DT-RAMDE_TS2_FULL__VS__NO_LINEAGE_CREDIT,E2_DYNAMIC,POST_EXECUTION_HARD_VIOLATION_RATE,CDF14,10,,-1,1,comparator_rate_minus_proposed_rate,PRE_R10_SUPPORTING_DESCRIPTIVE_RESULT_AWARE__NO_NEW_CONFIRMATORY_INFERENCE
19,E2_DYNAMIC__DT-RAMDE_TS2_FULL__VS__NO_LINEAGE_CREDIT,E2_DYNAMIC,POST_EXECUTION_HARD_VIOLATION_RATE,CDF15,10,,-1,1,comparator_rate_minus_proposed_rate,PRE_R10_SUPPORTING_DESCRIPTIVE_RESULT_AWARE__NO_NEW_CONFIRMATORY_INFERENCE
19,E2_DYNAMIC__DT-RAMDE_TS2_FULL__VS__NO_LINEAGE_CREDIT,E2_DYNAMIC,POST_EXECUTION_HARD_VIOLATION_RATE,CDF2,10,,-1,1,comparator_rate_minus_proposed_rate,PRE_R10_SUPPORTING_DESCRIPTIVE_RESULT_AWARE__NO_NEW_CONFIRMATORY_INFERENCE
19,E2_DYNAMIC__DT-RAMDE_TS2_FULL__VS__NO_LINEAGE_CREDIT,E2_DYNAMIC,POST_EXECUTION_HARD_VIOLATION_RATE,CDF3,10,,-1,1,comparator_rate_minus_proposed_rate,PRE_R10_SUPPORTING_DESCRIPTIVE_RESULT_AWARE__NO_NEW_CONFIRMATORY_INFERENCE
19,E2_DYNAMIC__DT-RAMDE_TS2_FULL__VS__NO_LINEAGE_CREDIT,E2_DYNAMIC,POST_EXECUTION_HARD_VIOLATION_RATE,CDF4,10,,-1,1,comparator_rate_minus_proposed_rate,PRE_R10_SUPPORTING_DESCRIPTIVE_RESULT_AWARE__NO_NEW_CONFIRMATORY_INFERENCE
19,E2_DYNAMIC__DT-RAMDE_TS2_FULL__VS__NO_LINEAGE_CREDIT,E2_DYNAMIC,POST_EXECUTION_HARD_VIOLATION_RATE,CDF5,10,,-1,1,comparator_rate_minus_proposed_rate,PRE_R10_SUPPORTING_DESCRIPTIVE_RESULT_AWARE__NO_NEW_CONFIRMATORY_INFERENCE
19,E2_DYNAMIC__DT-RAMDE_TS2_FULL__VS__NO_LINEAGE_CREDIT,E2_DYNAMIC,POST_EXECUTION_HARD_VIOLATION_RATE,CDF6,10,,-1,1,comparator_rate_minus_proposed_rate,PRE_R10_SUPPORTING_DESCRIPTIVE_RESULT_AWARE__NO_NEW_CONFIRMATORY_INFERENCE
19,E2_DYNAMIC__DT-RAMDE_TS2_FULL__VS__NO_LINEAGE_CREDIT,E2_DYNAMIC,POST_EXECUTION_HARD_VIOLATION_RATE,CDF7,10,,-1,1,comparator_rate_minus_proposed_rate,PRE_R10_SUPPORTING_DESCRIPTIVE_RESULT_AWARE__NO_NEW_CONFIRMATORY_INFERENCE
19,E2_DYNAMIC__DT-RAMDE_TS2_FULL__VS__NO_LINEAGE_CREDIT,E2_DYNAMIC,POST_EXECUTION_HARD_VIOLATION_RATE,CDF8,10,,-1,1,comparator_rate_minus_proposed_rate,PRE_R10_SUPPORTING_DESCRIPTIVE_RESULT_AWARE__NO_NEW_CONFIRMATORY_INFERENCE
19,E2_DYNAMIC__DT-RAMDE_TS2_FULL__VS__NO_LINEAGE_CREDIT,E2_DYNAMIC,POST_EXECUTION_HARD_VIOLATION_RATE,CDF9,10,,-1,1,comparator_rate_minus_proposed_rate,PRE_R10_SUPPORTING_DESCRIPTIVE_RESULT_AWARE__NO_NEW_CONFIRMATORY_INFERENCE
20,E2_DYNAMIC__DT-RAMDE_TS2_FULL__VS__CROSS_EVENT_WARM_START_ONLY,E2_DYNAMIC,POST_EXECUTION_HARD_VIOLATION_RATE,CDF1,10,,-1,1,comparator_rate_minus_proposed_rate,PRE_R10_SUPPORTING_DESCRIPTIVE_RESULT_AWARE__NO_NEW_CONFIRMATORY_INFERENCE
20,E2_DYNAMIC__DT-RAMDE_TS2_FULL__VS__CROSS_EVENT_WARM_START_ONLY,E2_DYNAMIC,POST_EXECUTION_HARD_VIOLATION_RATE,CDF10,10,,-1,1,comparator_rate_minus_proposed_rate,PRE_R10_SUPPORTING_DESCRIPTIVE_RESULT_AWARE__NO_NEW_CONFIRMATORY_INFERENCE
20,E2_DYNAMIC__DT-RAMDE_TS2_FULL__VS__CROSS_EVENT_WARM_START_ONLY,E2_DYNAMIC,POST_EXECUTION_HARD_VIOLATION_RATE,CDF11,10,,-1,1,comparator_rate_minus_proposed_rate,PRE_R10_SUPPORTING_DESCRIPTIVE_RESULT_AWARE__NO_NEW_CONFIRMATORY_INFERENCE
20,E2_DYNAMIC__DT-RAMDE_TS2_FULL__VS__CROSS_EVENT_WARM_START_ONLY,E2_DYNAMIC,POST_EXECUTION_HARD_VIOLATION_RATE,CDF12,10,,-1,1,comparator_rate_minus_proposed_rate,PRE_R10_SUPPORTING_DESCRIPTIVE_RESULT_AWARE__NO_NEW_CONFIRMATORY_INFERENCE
20,E2_DYNAMIC__DT-RAMDE_TS2_FULL__VS__CROSS_EVENT_WARM_START_ONLY,E2_DYNAMIC,POST_EXECUTION_HARD_VIOLATION_RATE,CDF13,10,,-1,1,comparator_rate_minus_proposed_rate,PRE_R10_SUPPORTING_DESCRIPTIVE_RESULT_AWARE__NO_NEW_CONFIRMATORY_INFERENCE
20,E2_DYNAMIC__DT-RAMDE_TS2_FULL__VS__CROSS_EVENT_WARM_START_ONLY,E2_DYNAMIC,POST_EXECUTION_HARD_VIOLATION_RATE,CDF14,10,,-1,1,comparator_rate_minus_proposed_rate,PRE_R10_SUPPORTING_DESCRIPTIVE_RESULT_AWARE__NO_NEW_CONFIRMATORY_INFERENCE
20,E2_DYNAMIC__DT-RAMDE_TS2_FULL__VS__CROSS_EVENT_WARM_START_ONLY,E2_DYNAMIC,POST_EXECUTION_HARD_VIOLATION_RATE,CDF15,10,,-1,1,comparator_rate_minus_proposed_rate,PRE_R10_SUPPORTING_DESCRIPTIVE_RESULT_AWARE__NO_NEW_CONFIRMATORY_INFERENCE
20,E2_DYNAMIC__DT-RAMDE_TS2_FULL__VS__CROSS_EVENT_WARM_START_ONLY,E2_DYNAMIC,POST_EXECUTION_HARD_VIOLATION_RATE,CDF2,10,,-1,1,comparator_rate_minus_proposed_rate,PRE_R10_SUPPORTING_DESCRIPTIVE_RESULT_AWARE__NO_NEW_CONFIRMATORY_INFERENCE
20,E2_DYNAMIC__DT-RAMDE_TS2_FULL__VS__CROSS_EVENT_WARM_START_ONLY,E2_DYNAMIC,POST_EXECUTION_HARD_VIOLATION_RATE,CDF3,10,,-1,1,comparator_rate_minus_proposed_rate,PRE_R10_SUPPORTING_DESCRIPTIVE_RESULT_AWARE__NO_NEW_CONFIRMATORY_INFERENCE
20,E2_DYNAMIC__DT-RAMDE_TS2_FULL__VS__CROSS_EVENT_WARM_START_ONLY,E2_DYNAMIC,POST_EXECUTION_HARD_VIOLATION_RATE,CDF4,10,,-1,1,comparator_rate_minus_proposed_rate,PRE_R10_SUPPORTING_DESCRIPTIVE_RESULT_AWARE__NO_NEW_CONFIRMATORY_INFERENCE
20,E2_DYNAMIC__DT-RAMDE_TS2_FULL__VS__CROSS_EVENT_WARM_START_ONLY,E2_DYNAMIC,POST_EXECUTION_HARD_VIOLATION_RATE,CDF5,10,,-1,1,comparator_rate_minus_proposed_rate,PRE_R10_SUPPORTING_DESCRIPTIVE_RESULT_AWARE__NO_NEW_CONFIRMATORY_INFERENCE
20,E2_DYNAMIC__DT-RAMDE_TS2_FULL__VS__CROSS_EVENT_WARM_START_ONLY,E2_DYNAMIC,POST_EXECUTION_HARD_VIOLATION_RATE,CDF6,10,,-1,1,comparator_rate_minus_proposed_rate,PRE_R10_SUPPORTING_DESCRIPTIVE_RESULT_AWARE__NO_NEW_CONFIRMATORY_INFERENCE
20,E2_DYNAMIC__DT-RAMDE_TS2_FULL__VS__CROSS_EVENT_WARM_START_ONLY,E2_DYNAMIC,POST_EXECUTION_HARD_VIOLATION_RATE,CDF7,10,,-1,1,comparator_rate_minus_proposed_rate,PRE_R10_SUPPORTING_DESCRIPTIVE_RESULT_AWARE__NO_NEW_CONFIRMATORY_INFERENCE
20,E2_DYNAMIC__DT-RAMDE_TS2_FULL__VS__CROSS_EVENT_WARM_START_ONLY,E2_DYNAMIC,POST_EXECUTION_HARD_VIOLATION_RATE,CDF8,10,,-1,1,comparator_rate_minus_proposed_rate,PRE_R10_SUPPORTING_DESCRIPTIVE_RESULT_AWARE__NO_NEW_CONFIRMATORY_INFERENCE
20,E2_DYNAMIC__DT-RAMDE_TS2_FULL__VS__CROSS_EVENT_WARM_START_ONLY,E2_DYNAMIC,POST_EXECUTION_HARD_VIOLATION_RATE,CDF9,10,,-1,1,comparator_rate_minus_proposed_rate,PRE_R10_SUPPORTING_DESCRIPTIVE_RESULT_AWARE__NO_NEW_CONFIRMATORY_INFERENCE
21,E2_DYNAMIC__DT-RAMDE_TS2_FULL__VS__CROSS_EVENT_MEMORY_ONLY,E2_DYNAMIC,POST_EXECUTION_HARD_VIOLATION_RATE,CDF1,10,,-1,1,comparator_rate_minus_proposed_rate,PRE_R10_SUPPORTING_DESCRIPTIVE_RESULT_AWARE__NO_NEW_CONFIRMATORY_INFERENCE
21,E2_DYNAMIC__DT-RAMDE_TS2_FULL__VS__CROSS_EVENT_MEMORY_ONLY,E2_DYNAMIC,POST_EXECUTION_HARD_VIOLATION_RATE,CDF10,10,,-1,1,comparator_rate_minus_proposed_rate,PRE_R10_SUPPORTING_DESCRIPTIVE_RESULT_AWARE__NO_NEW_CONFIRMATORY_INFERENCE
21,E2_DYNAMIC__DT-RAMDE_TS2_FULL__VS__CROSS_EVENT_MEMORY_ONLY,E2_DYNAMIC,POST_EXECUTION_HARD_VIOLATION_RATE,CDF11,10,,-1,1,comparator_rate_minus_proposed_rate,PRE_R10_SUPPORTING_DESCRIPTIVE_RESULT_AWARE__NO_NEW_CONFIRMATORY_INFERENCE
21,E2_DYNAMIC__DT-RAMDE_TS2_FULL__VS__CROSS_EVENT_MEMORY_ONLY,E2_DYNAMIC,POST_EXECUTION_HARD_VIOLATION_RATE,CDF12,10,,-1,1,comparator_rate_minus_proposed_rate,PRE_R10_SUPPORTING_DESCRIPTIVE_RESULT_AWARE__NO_NEW_CONFIRMATORY_INFERENCE
21,E2_DYNAMIC__DT-RAMDE_TS2_FULL__VS__CROSS_EVENT_MEMORY_ONLY,E2_DYNAMIC,POST_EXECUTION_HARD_VIOLATION_RATE,CDF13,10,,-1,1,comparator_rate_minus_proposed_rate,PRE_R10_SUPPORTING_DESCRIPTIVE_RESULT_AWARE__NO_NEW_CONFIRMATORY_INFERENCE
21,E2_DYNAMIC__DT-RAMDE_TS2_FULL__VS__CROSS_EVENT_MEMORY_ONLY,E2_DYNAMIC,POST_EXECUTION_HARD_VIOLATION_RATE,CDF14,10,,-1,1,comparator_rate_minus_proposed_rate,PRE_R10_SUPPORTING_DESCRIPTIVE_RESULT_AWARE__NO_NEW_CONFIRMATORY_INFERENCE
21,E2_DYNAMIC__DT-RAMDE_TS2_FULL__VS__CROSS_EVENT_MEMORY_ONLY,E2_DYNAMIC,POST_EXECUTION_HARD_VIOLATION_RATE,CDF15,10,,-1,1,comparator_rate_minus_proposed_rate,PRE_R10_SUPPORTING_DESCRIPTIVE_RESULT_AWARE__NO_NEW_CONFIRMATORY_INFERENCE
21,E2_DYNAMIC__DT-RAMDE_TS2_FULL__VS__CROSS_EVENT_MEMORY_ONLY,E2_DYNAMIC,POST_EXECUTION_HARD_VIOLATION_RATE,CDF2,10,,-1,1,comparator_rate_minus_proposed_rate,PRE_R10_SUPPORTING_DESCRIPTIVE_RESULT_AWARE__NO_NEW_CONFIRMATORY_INFERENCE
21,E2_DYNAMIC__DT-RAMDE_TS2_FULL__VS__CROSS_EVENT_MEMORY_ONLY,E2_DYNAMIC,POST_EXECUTION_HARD_VIOLATION_RATE,CDF3,10,,-1,1,comparator_rate_minus_proposed_rate,PRE_R10_SUPPORTING_DESCRIPTIVE_RESULT_AWARE__NO_NEW_CONFIRMATORY_INFERENCE
21,E2_DYNAMIC__DT-RAMDE_TS2_FULL__VS__CROSS_EVENT_MEMORY_ONLY,E2_DYNAMIC,POST_EXECUTION_HARD_VIOLATION_RATE,CDF4,10,,-1,1,comparator_rate_minus_proposed_rate,PRE_R10_SUPPORTING_DESCRIPTIVE_RESULT_AWARE__NO_NEW_CONFIRMATORY_INFERENCE
21,E2_DYNAMIC__DT-RAMDE_TS2_FULL__VS__CROSS_EVENT_MEMORY_ONLY,E2_DYNAMIC,POST_EXECUTION_HARD_VIOLATION_RATE,CDF5,10,,-1,1,comparator_rate_minus_proposed_rate,PRE_R10_SUPPORTING_DESCRIPTIVE_RESULT_AWARE__NO_NEW_CONFIRMATORY_INFERENCE
21,E2_DYNAMIC__DT-RAMDE_TS2_FULL__VS__CROSS_EVENT_MEMORY_ONLY,E2_DYNAMIC,POST_EXECUTION_HARD_VIOLATION_RATE,CDF6,10,,-1,1,comparator_rate_minus_proposed_rate,PRE_R10_SUPPORTING_DESCRIPTIVE_RESULT_AWARE__NO_NEW_CONFIRMATORY_INFERENCE
21,E2_DYNAMIC__DT-RAMDE_TS2_FULL__VS__CROSS_EVENT_MEMORY_ONLY,E2_DYNAMIC,POST_EXECUTION_HARD_VIOLATION_RATE,CDF7,10,,-1,1,comparator_rate_minus_proposed_rate,PRE_R10_SUPPORTING_DESCRIPTIVE_RESULT_AWARE__NO_NEW_CONFIRMATORY_INFERENCE
21,E2_DYNAMIC__DT-RAMDE_TS2_FULL__VS__CROSS_EVENT_MEMORY_ONLY,E2_DYNAMIC,POST_EXECUTION_HARD_VIOLATION_RATE,CDF8,10,,-1,1,comparator_rate_minus_proposed_rate,PRE_R10_SUPPORTING_DESCRIPTIVE_RESULT_AWARE__NO_NEW_CONFIRMATORY_INFERENCE
21,E2_DYNAMIC__DT-RAMDE_TS2_FULL__VS__CROSS_EVENT_MEMORY_ONLY,E2_DYNAMIC,POST_EXECUTION_HARD_VIOLATION_RATE,CDF9,10,,-1,1,comparator_rate_minus_proposed_rate,PRE_R10_SUPPORTING_DESCRIPTIVE_RESULT_AWARE__NO_NEW_CONFIRMATORY_INFERENCE
22,E2_DYNAMIC__DT-RAMDE_TS2_FULL__VS__SHADE_ONLY,E2_DYNAMIC,POST_EXECUTION_HARD_VIOLATION_RATE,CDF1,10,,-1,1,comparator_rate_minus_proposed_rate,PRE_R10_SUPPORTING_DESCRIPTIVE_RESULT_AWARE__NO_NEW_CONFIRMATORY_INFERENCE
22,E2_DYNAMIC__DT-RAMDE_TS2_FULL__VS__SHADE_ONLY,E2_DYNAMIC,POST_EXECUTION_HARD_VIOLATION_RATE,CDF10,10,,-1,1,comparator_rate_minus_proposed_rate,PRE_R10_SUPPORTING_DESCRIPTIVE_RESULT_AWARE__NO_NEW_CONFIRMATORY_INFERENCE
22,E2_DYNAMIC__DT-RAMDE_TS2_FULL__VS__SHADE_ONLY,E2_DYNAMIC,POST_EXECUTION_HARD_VIOLATION_RATE,CDF11,10,,-1,1,comparator_rate_minus_proposed_rate,PRE_R10_SUPPORTING_DESCRIPTIVE_RESULT_AWARE__NO_NEW_CONFIRMATORY_INFERENCE
22,E2_DYNAMIC__DT-RAMDE_TS2_FULL__VS__SHADE_ONLY,E2_DYNAMIC,POST_EXECUTION_HARD_VIOLATION_RATE,CDF12,10,,-1,1,comparator_rate_minus_proposed_rate,PRE_R10_SUPPORTING_DESCRIPTIVE_RESULT_AWARE__NO_NEW_CONFIRMATORY_INFERENCE
22,E2_DYNAMIC__DT-RAMDE_TS2_FULL__VS__SHADE_ONLY,E2_DYNAMIC,POST_EXECUTION_HARD_VIOLATION_RATE,CDF13,10,,-1,1,comparator_rate_minus_proposed_rate,PRE_R10_SUPPORTING_DESCRIPTIVE_RESULT_AWARE__NO_NEW_CONFIRMATORY_INFERENCE
22,E2_DYNAMIC__DT-RAMDE_TS2_FULL__VS__SHADE_ONLY,E2_DYNAMIC,POST_EXECUTION_HARD_VIOLATION_RATE,CDF14,10,,-1,1,comparator_rate_minus_proposed_rate,PRE_R10_SUPPORTING_DESCRIPTIVE_RESULT_AWARE__NO_NEW_CONFIRMATORY_INFERENCE
22,E2_DYNAMIC__DT-RAMDE_TS2_FULL__VS__SHADE_ONLY,E2_DYNAMIC,POST_EXECUTION_HARD_VIOLATION_RATE,CDF15,10,,-1,1,comparator_rate_minus_proposed_rate,PRE_R10_SUPPORTING_DESCRIPTIVE_RESULT_AWARE__NO_NEW_CONFIRMATORY_INFERENCE
22,E2_DYNAMIC__DT-RAMDE_TS2_FULL__VS__SHADE_ONLY,E2_DYNAMIC,POST_EXECUTION_HARD_VIOLATION_RATE,CDF2,10,,-1,1,comparator_rate_minus_proposed_rate,PRE_R10_SUPPORTING_DESCRIPTIVE_RESULT_AWARE__NO_NEW_CONFIRMATORY_INFERENCE
22,E2_DYNAMIC__DT-RAMDE_TS2_FULL__VS__SHADE_ONLY,E2_DYNAMIC,POST_EXECUTION_HARD_VIOLATION_RATE,CDF3,10,,-1,1,comparator_rate_minus_proposed_rate,PRE_R10_SUPPORTING_DESCRIPTIVE_RESULT_AWARE__NO_NEW_CONFIRMATORY_INFERENCE
22,E2_DYNAMIC__DT-RAMDE_TS2_FULL__VS__SHADE_ONLY,E2_DYNAMIC,POST_EXECUTION_HARD_VIOLATION_RATE,CDF4,10,,-1,1,comparator_rate_minus_proposed_rate,PRE_R10_SUPPORTING_DESCRIPTIVE_RESULT_AWARE__NO_NEW_CONFIRMATORY_INFERENCE
22,E2_DYNAMIC__DT-RAMDE_TS2_FULL__VS__SHADE_ONLY,E2_DYNAMIC,POST_EXECUTION_HARD_VIOLATION_RATE,CDF5,10,,-1,1,comparator_rate_minus_proposed_rate,PRE_R10_SUPPORTING_DESCRIPTIVE_RESULT_AWARE__NO_NEW_CONFIRMATORY_INFERENCE
22,E2_DYNAMIC__DT-RAMDE_TS2_FULL__VS__SHADE_ONLY,E2_DYNAMIC,POST_EXECUTION_HARD_VIOLATION_RATE,CDF6,10,,-1,1,comparator_rate_minus_proposed_rate,PRE_R10_SUPPORTING_DESCRIPTIVE_RESULT_AWARE__NO_NEW_CONFIRMATORY_INFERENCE
22,E2_DYNAMIC__DT-RAMDE_TS2_FULL__VS__SHADE_ONLY,E2_DYNAMIC,POST_EXECUTION_HARD_VIOLATION_RATE,CDF7,10,,-1,1,comparator_rate_minus_proposed_rate,PRE_R10_SUPPORTING_DESCRIPTIVE_RESULT_AWARE__NO_NEW_CONFIRMATORY_INFERENCE
22,E2_DYNAMIC__DT-RAMDE_TS2_FULL__VS__SHADE_ONLY,E2_DYNAMIC,POST_EXECUTION_HARD_VIOLATION_RATE,CDF8,10,,-1,1,comparator_rate_minus_proposed_rate,PRE_R10_SUPPORTING_DESCRIPTIVE_RESULT_AWARE__NO_NEW_CONFIRMATORY_INFERENCE
22,E2_DYNAMIC__DT-RAMDE_TS2_FULL__VS__SHADE_ONLY,E2_DYNAMIC,POST_EXECUTION_HARD_VIOLATION_RATE,CDF9,10,,-1,1,comparator_rate_minus_proposed_rate,PRE_R10_SUPPORTING_DESCRIPTIVE_RESULT_AWARE__NO_NEW_CONFIRMATORY_INFERENCE
23,E2_ROLLING__DT-RAMDE_TS2_FULL__VS__NO_CROSS_EVENT_MEMORY,E2_ROLLING,POST_EXECUTION_HARD_VIOLATION_RATE,RR-INTERMITTENT/0,5,,-0.55999999999999994,0.31,comparator_rate_minus_proposed_rate,PRE_R10_SUPPORTING_DESCRIPTIVE_RESULT_AWARE__NO_NEW_CONFIRMATORY_INFERENCE
23,E2_ROLLING__DT-RAMDE_TS2_FULL__VS__NO_CROSS_EVENT_MEMORY,E2_ROLLING,POST_EXECUTION_HARD_VIOLATION_RATE,RR-INTERMITTENT/1,5,,-0.22000000000000003,0.20000000000000001,comparator_rate_minus_proposed_rate,PRE_R10_SUPPORTING_DESCRIPTIVE_RESULT_AWARE__NO_NEW_CONFIRMATORY_INFERENCE
23,E2_ROLLING__DT-RAMDE_TS2_FULL__VS__NO_CROSS_EVENT_MEMORY,E2_ROLLING,POST_EXECUTION_HARD_VIOLATION_RATE,RR-INTERMITTENT/2,5,,-0.38,0.35999999999999999,comparator_rate_minus_proposed_rate,PRE_R10_SUPPORTING_DESCRIPTIVE_RESULT_AWARE__NO_NEW_CONFIRMATORY_INFERENCE
23,E2_ROLLING__DT-RAMDE_TS2_FULL__VS__NO_CROSS_EVENT_MEMORY,E2_ROLLING,POST_EXECUTION_HARD_VIOLATION_RATE,RR-INTERMITTENT/3,5,,-0.67000000000000004,0.54000000000000004,comparator_rate_minus_proposed_rate,PRE_R10_SUPPORTING_DESCRIPTIVE_RESULT_AWARE__NO_NEW_CONFIRMATORY_INFERENCE
23,E2_ROLLING__DT-RAMDE_TS2_FULL__VS__NO_CROSS_EVENT_MEMORY,E2_ROLLING,POST_EXECUTION_HARD_VIOLATION_RATE,RR-INTERMITTENT/4,5,,-0.31,0.29999999999999999,comparator_rate_minus_proposed_rate,PRE_R10_SUPPORTING_DESCRIPTIVE_RESULT_AWARE__NO_NEW_CONFIRMATORY_INFERENCE
23,E2_ROLLING__DT-RAMDE_TS2_FULL__VS__NO_CROSS_EVENT_MEMORY,E2_ROLLING,POST_EXECUTION_HARD_VIOLATION_RATE,RR-INTERMITTENT/5,5,,-0.32999999999999996,0.23999999999999999,comparator_rate_minus_proposed_rate,PRE_R10_SUPPORTING_DESCRIPTIVE_RESULT_AWARE__NO_NEW_CONFIRMATORY_INFERENCE
23,E2_ROLLING__DT-RAMDE_TS2_FULL__VS__NO_CROSS_EVENT_MEMORY,E2_ROLLING,POST_EXECUTION_HARD_VIOLATION_RATE,RR-INTERMITTENT/6,5,,-0.20000000000000001,0.20000000000000001,comparator_rate_minus_proposed_rate,PRE_R10_SUPPORTING_DESCRIPTIVE_RESULT_AWARE__NO_NEW_CONFIRMATORY_INFERENCE
23,E2_ROLLING__DT-RAMDE_TS2_FULL__VS__NO_CROSS_EVENT_MEMORY,E2_ROLLING,POST_EXECUTION_HARD_VIOLATION_RATE,RR-INTERMITTENT/7,5,,-0.85999999999999999,0.80999999999999994,comparator_rate_minus_proposed_rate,PRE_R10_SUPPORTING_DESCRIPTIVE_RESULT_AWARE__NO_NEW_CONFIRMATORY_INFERENCE
23,E2_ROLLING__DT-RAMDE_TS2_FULL__VS__NO_CROSS_EVENT_MEMORY,E2_ROLLING,POST_EXECUTION_HARD_VIOLATION_RATE,RR-REJECTION/0,5,,-0.22000000000000003,0.22999999999999998,comparator_rate_minus_proposed_rate,PRE_R10_SUPPORTING_DESCRIPTIVE_RESULT_AWARE__NO_NEW_CONFIRMATORY_INFERENCE
23,E2_ROLLING__DT-RAMDE_TS2_FULL__VS__NO_CROSS_EVENT_MEMORY,E2_ROLLING,POST_EXECUTION_HARD_VIOLATION_RATE,RR-REJECTION/1,5,,-0.10000000000000001,0.080000000000000002,comparator_rate_minus_proposed_rate,PRE_R10_SUPPORTING_DESCRIPTIVE_RESULT_AWARE__NO_NEW_CONFIRMATORY_INFERENCE
23,E2_ROLLING__DT-RAMDE_TS2_FULL__VS__NO_CROSS_EVENT_MEMORY,E2_ROLLING,POST_EXECUTION_HARD_VIOLATION_RATE,RR-REJECTION/2,5,,-0.45000000000000001,0.42999999999999999,comparator_rate_minus_proposed_rate,PRE_R10_SUPPORTING_DESCRIPTIVE_RESULT_AWARE__NO_NEW_CONFIRMATORY_INFERENCE
23,E2_ROLLING__DT-RAMDE_TS2_FULL__VS__NO_CROSS_EVENT_MEMORY,E2_ROLLING,POST_EXECUTION_HARD_VIOLATION_RATE,RR-REJECTION/3,5,0.016666666666666666,-0.040000000000000001,0.10000000000000001,comparator_rate_minus_proposed_rate,PRE_R10_SUPPORTING_DESCRIPTIVE_RESULT_AWARE__NO_NEW_CONFIRMATORY_INFERENCE
23,E2_ROLLING__DT-RAMDE_TS2_FULL__VS__NO_CROSS_EVENT_MEMORY,E2_ROLLING,POST_EXECUTION_HARD_VIOLATION_RATE,RR-REJECTION/4,5,0,-0.040000000000000001,0.040000000000000001,comparator_rate_minus_proposed_rate,PRE_R10_SUPPORTING_DESCRIPTIVE_RESULT_AWARE__NO_NEW_CONFIRMATORY_INFERENCE
23,E2_ROLLING__DT-RAMDE_TS2_FULL__VS__NO_CROSS_EVENT_MEMORY,E2_ROLLING,POST_EXECUTION_HARD_VIOLATION_RATE,RR-REJECTION/5,5,,-0.089999999999999997,0.14999999999999999,comparator_rate_minus_proposed_rate,PRE_R10_SUPPORTING_DESCRIPTIVE_RESULT_AWARE__NO_NEW_CONFIRMATORY_INFERENCE
23,E2_ROLLING__DT-RAMDE_TS2_FULL__VS__NO_CROSS_EVENT_MEMORY,E2_ROLLING,POST_EXECUTION_HARD_VIOLATION_RATE,RR-REJECTION/6,5,0,-0.02,0.01,comparator_rate_minus_proposed_rate,PRE_R10_SUPPORTING_DESCRIPTIVE_RESULT_AWARE__NO_NEW_CONFIRMATORY_INFERENCE
23,E2_ROLLING__DT-RAMDE_TS2_FULL__VS__NO_CROSS_EVENT_MEMORY,E2_ROLLING,POST_EXECUTION_HARD_VIOLATION_RATE,RR-REJECTION/7,5,,-0.23999999999999999,0.22000000000000003,comparator_rate_minus_proposed_rate,PRE_R10_SUPPORTING_DESCRIPTIVE_RESULT_AWARE__NO_NEW_CONFIRMATORY_INFERENCE
23,E2_ROLLING__DT-RAMDE_TS2_FULL__VS__NO_CROSS_EVENT_MEMORY,E2_ROLLING,POST_EXECUTION_HARD_VIOLATION_RATE,RR-SHOCK/0,5,0,0,0,comparator_rate_minus_proposed_rate,PRE_R10_SUPPORTING_DESCRIPTIVE_RESULT_AWARE__NO_NEW_CONFIRMATORY_INFERENCE
23,E2_ROLLING__DT-RAMDE_TS2_FULL__VS__NO_CROSS_EVENT_MEMORY,E2_ROLLING,POST_EXECUTION_HARD_VIOLATION_RATE,RR-SHOCK/1,5,0,0,0,comparator_rate_minus_proposed_rate,PRE_R10_SUPPORTING_DESCRIPTIVE_RESULT_AWARE__NO_NEW_CONFIRMATORY_INFERENCE
23,E2_ROLLING__DT-RAMDE_TS2_FULL__VS__NO_CROSS_EVENT_MEMORY,E2_ROLLING,POST_EXECUTION_HARD_VIOLATION_RATE,RR-SHOCK/2,5,,-0.060000000000000012,0.10000000000000001,comparator_rate_minus_proposed_rate,PRE_R10_SUPPORTING_DESCRIPTIVE_RESULT_AWARE__NO_NEW_CONFIRMATORY_INFERENCE
23,E2_ROLLING__DT-RAMDE_TS2_FULL__VS__NO_CROSS_EVENT_MEMORY,E2_ROLLING,POST_EXECUTION_HARD_VIOLATION_RATE,RR-SHOCK/3,5,,-0.5,0.44000000000000006,comparator_rate_minus_proposed_rate,PRE_R10_SUPPORTING_DESCRIPTIVE_RESULT_AWARE__NO_NEW_CONFIRMATORY_INFERENCE
23,E2_ROLLING__DT-RAMDE_TS2_FULL__VS__NO_CROSS_EVENT_MEMORY,E2_ROLLING,POST_EXECUTION_HARD_VIOLATION_RATE,RR-SHOCK/4,5,0.10000000000000001,-0.059999999999999984,0.16999999999999998,comparator_rate_minus_proposed_rate,PRE_R10_SUPPORTING_DESCRIPTIVE_RESULT_AWARE__NO_NEW_CONFIRMATORY_INFERENCE
23,E2_ROLLING__DT-RAMDE_TS2_FULL__VS__NO_CROSS_EVENT_MEMORY,E2_ROLLING,POST_EXECUTION_HARD_VIOLATION_RATE,RR-SHOCK/5,5,,-0.38,0.44000000000000006,comparator_rate_minus_proposed_rate,PRE_R10_SUPPORTING_DESCRIPTIVE_RESULT_AWARE__NO_NEW_CONFIRMATORY_INFERENCE
23,E2_ROLLING__DT-RAMDE_TS2_FULL__VS__NO_CROSS_EVENT_MEMORY,E2_ROLLING,POST_EXECUTION_HARD_VIOLATION_RATE,RR-SHOCK/6,5,,-0.30999999999999994,0.51000000000000001,comparator_rate_minus_proposed_rate,PRE_R10_SUPPORTING_DESCRIPTIVE_RESULT_AWARE__NO_NEW_CONFIRMATORY_INFERENCE
23,E2_ROLLING__DT-RAMDE_TS2_FULL__VS__NO_CROSS_EVENT_MEMORY,E2_ROLLING,POST_EXECUTION_HARD_VIOLATION_RATE,RR-SHOCK/7,5,0,0,0,comparator_rate_minus_proposed_rate,PRE_R10_SUPPORTING_DESCRIPTIVE_RESULT_AWARE__NO_NEW_CONFIRMATORY_INFERENCE
23,E2_ROLLING__DT-RAMDE_TS2_FULL__VS__NO_CROSS_EVENT_MEMORY,E2_ROLLING,POST_EXECUTION_HARD_VIOLATION_RATE,RR-SMOOTH/0,5,0.066666666666666666,0.019999999999999997,0.060000000000000012,comparator_rate_minus_proposed_rate,PRE_R10_SUPPORTING_DESCRIPTIVE_RESULT_AWARE__NO_NEW_CONFIRMATORY_INFERENCE
23,E2_ROLLING__DT-RAMDE_TS2_FULL__VS__NO_CROSS_EVENT_MEMORY,E2_ROLLING,POST_EXECUTION_HARD_VIOLATION_RATE,RR-SMOOTH/1,5,,-0.55000000000000004,0.47000000000000003,comparator_rate_minus_proposed_rate,PRE_R10_SUPPORTING_DESCRIPTIVE_RESULT_AWARE__NO_NEW_CONFIRMATORY_INFERENCE
23,E2_ROLLING__DT-RAMDE_TS2_FULL__VS__NO_CROSS_EVENT_MEMORY,E2_ROLLING,POST_EXECUTION_HARD_VIOLATION_RATE,RR-SMOOTH/2,5,0,0,0,comparator_rate_minus_proposed_rate,PRE_R10_SUPPORTING_DESCRIPTIVE_RESULT_AWARE__NO_NEW_CONFIRMATORY_INFERENCE
23,E2_ROLLING__DT-RAMDE_TS2_FULL__VS__NO_CROSS_EVENT_MEMORY,E2_ROLLING,POST_EXECUTION_HARD_VIOLATION_RATE,RR-SMOOTH/3,5,-0.025000000000000001,-0.060000000000000012,0,comparator_rate_minus_proposed_rate,PRE_R10_SUPPORTING_DESCRIPTIVE_RESULT_AWARE__NO_NEW_CONFIRMATORY_INFERENCE
23,E2_ROLLING__DT-RAMDE_TS2_FULL__VS__NO_CROSS_EVENT_MEMORY,E2_ROLLING,POST_EXECUTION_HARD_VIOLATION_RATE,RR-SMOOTH/4,5,,-0.65999999999999992,0.53000000000000003,comparator_rate_minus_proposed_rate,PRE_R10_SUPPORTING_DESCRIPTIVE_RESULT_AWARE__NO_NEW_CONFIRMATORY_INFERENCE
23,E2_ROLLING__DT-RAMDE_TS2_FULL__VS__NO_CROSS_EVENT_MEMORY,E2_ROLLING,POST_EXECUTION_HARD_VIOLATION_RATE,RR-SMOOTH/5,5,,-0.029999999999999999,0.050000000000000003,comparator_rate_minus_proposed_rate,PRE_R10_SUPPORTING_DESCRIPTIVE_RESULT_AWARE__NO_NEW_CONFIRMATORY_INFERENCE
23,E2_ROLLING__DT-RAMDE_TS2_FULL__VS__NO_CROSS_EVENT_MEMORY,E2_ROLLING,POST_EXECUTION_HARD_VIOLATION_RATE,RR-SMOOTH/6,5,,-0.53999999999999992,0.80999999999999994,comparator_rate_minus_proposed_rate,PRE_R10_SUPPORTING_DESCRIPTIVE_RESULT_AWARE__NO_NEW_CONFIRMATORY_INFERENCE
23,E2_ROLLING__DT-RAMDE_TS2_FULL__VS__NO_CROSS_EVENT_MEMORY,E2_ROLLING,POST_EXECUTION_HARD_VIOLATION_RATE,RR-SMOOTH/7,5,,-0.11000000000000001,0.059999999999999998,comparator_rate_minus_proposed_rate,PRE_R10_SUPPORTING_DESCRIPTIVE_RESULT_AWARE__NO_NEW_CONFIRMATORY_INFERENCE
24,E2_ROLLING__DT-RAMDE_TS2_FULL__VS__NO_EXECUTION_FEEDBACK,E2_ROLLING,POST_EXECUTION_HARD_VIOLATION_RATE,RR-INTERMITTENT/0,5,,-0.55000000000000004,0.42000000000000004,comparator_rate_minus_proposed_rate,PRE_R10_SUPPORTING_DESCRIPTIVE_RESULT_AWARE__NO_NEW_CONFIRMATORY_INFERENCE
24,E2_ROLLING__DT-RAMDE_TS2_FULL__VS__NO_EXECUTION_FEEDBACK,E2_ROLLING,POST_EXECUTION_HARD_VIOLATION_RATE,RR-INTERMITTENT/1,5,,-0.21000000000000002,0.21000000000000002,comparator_rate_minus_proposed_rate,PRE_R10_SUPPORTING_DESCRIPTIVE_RESULT_AWARE__NO_NEW_CONFIRMATORY_INFERENCE
24,E2_ROLLING__DT-RAMDE_TS2_FULL__VS__NO_EXECUTION_FEEDBACK,E2_ROLLING,POST_EXECUTION_HARD_VIOLATION_RATE,RR-INTERMITTENT/2,5,,-0.37,0.47999999999999998,comparator_rate_minus_proposed_rate,PRE_R10_SUPPORTING_DESCRIPTIVE_RESULT_AWARE__NO_NEW_CONFIRMATORY_INFERENCE
24,E2_ROLLING__DT-RAMDE_TS2_FULL__VS__NO_EXECUTION_FEEDBACK,E2_ROLLING,POST_EXECUTION_HARD_VIOLATION_RATE,RR-INTERMITTENT/3,5,,-0.65000000000000002,0.64000000000000001,comparator_rate_minus_proposed_rate,PRE_R10_SUPPORTING_DESCRIPTIVE_RESULT_AWARE__NO_NEW_CONFIRMATORY_INFERENCE
24,E2_ROLLING__DT-RAMDE_TS2_FULL__VS__NO_EXECUTION_FEEDBACK,E2_ROLLING,POST_EXECUTION_HARD_VIOLATION_RATE,RR-INTERMITTENT/4,5,,-0.33000000000000002,0.34000000000000002,comparator_rate_minus_proposed_rate,PRE_R10_SUPPORTING_DESCRIPTIVE_RESULT_AWARE__NO_NEW_CONFIRMATORY_INFERENCE
24,E2_ROLLING__DT-RAMDE_TS2_FULL__VS__NO_EXECUTION_FEEDBACK,E2_ROLLING,POST_EXECUTION_HARD_VIOLATION_RATE,RR-INTERMITTENT/5,5,,-0.32000000000000001,0.28000000000000003,comparator_rate_minus_proposed_rate,PRE_R10_SUPPORTING_DESCRIPTIVE_RESULT_AWARE__NO_NEW_CONFIRMATORY_INFERENCE
24,E2_ROLLING__DT-RAMDE_TS2_FULL__VS__NO_EXECUTION_FEEDBACK,E2_ROLLING,POST_EXECUTION_HARD_VIOLATION_RATE,RR-INTERMITTENT/6,5,,-0.20000000000000001,0.20000000000000001,comparator_rate_minus_proposed_rate,PRE_R10_SUPPORTING_DESCRIPTIVE_RESULT_AWARE__NO_NEW_CONFIRMATORY_INFERENCE
24,E2_ROLLING__DT-RAMDE_TS2_FULL__VS__NO_EXECUTION_FEEDBACK,E2_ROLLING,POST_EXECUTION_HARD_VIOLATION_RATE,RR-INTERMITTENT/7,5,,-0.88000000000000012,0.80999999999999994,comparator_rate_minus_proposed_rate,PRE_R10_SUPPORTING_DESCRIPTIVE_RESULT_AWARE__NO_NEW_CONFIRMATORY_INFERENCE
24,E2_ROLLING__DT-RAMDE_TS2_FULL__VS__NO_EXECUTION_FEEDBACK,E2_ROLLING,POST_EXECUTION_HARD_VIOLATION_RATE,RR-REJECTION/0,5,,-0.22999999999999998,0.20000000000000001,comparator_rate_minus_proposed_rate,PRE_R10_SUPPORTING_DESCRIPTIVE_RESULT_AWARE__NO_NEW_CONFIRMATORY_INFERENCE
24,E2_ROLLING__DT-RAMDE_TS2_FULL__VS__NO_EXECUTION_FEEDBACK,E2_ROLLING,POST_EXECUTION_HARD_VIOLATION_RATE,RR-REJECTION/1,5,,-0.10000000000000001,0.12,comparator_rate_minus_proposed_rate,PRE_R10_SUPPORTING_DESCRIPTIVE_RESULT_AWARE__NO_NEW_CONFIRMATORY_INFERENCE
24,E2_ROLLING__DT-RAMDE_TS2_FULL__VS__NO_EXECUTION_FEEDBACK,E2_ROLLING,POST_EXECUTION_HARD_VIOLATION_RATE,RR-REJECTION/2,5,,-0.45000000000000001,0.44000000000000006,comparator_rate_minus_proposed_rate,PRE_R10_SUPPORTING_DESCRIPTIVE_RESULT_AWARE__NO_NEW_CONFIRMATORY_INFERENCE
24,E2_ROLLING__DT-RAMDE_TS2_FULL__VS__NO_EXECUTION_FEEDBACK,E2_ROLLING,POST_EXECUTION_HARD_VIOLATION_RATE,RR-REJECTION/3,5,0.012500000000000001,-0.040000000000000001,0.059999999999999998,comparator_rate_minus_proposed_rate,PRE_R10_SUPPORTING_DESCRIPTIVE_RESULT_AWARE__NO_NEW_CONFIRMATORY_INFERENCE
24,E2_ROLLING__DT-RAMDE_TS2_FULL__VS__NO_EXECUTION_FEEDBACK,E2_ROLLING,POST_EXECUTION_HARD_VIOLATION_RATE,RR-REJECTION/4,5,0,-0.040000000000000001,0.16,comparator_rate_minus_proposed_rate,PRE_R10_SUPPORTING_DESCRIPTIVE_RESULT_AWARE__NO_NEW_CONFIRMATORY_INFERENCE
24,E2_ROLLING__DT-RAMDE_TS2_FULL__VS__NO_EXECUTION_FEEDBACK,E2_ROLLING,POST_EXECUTION_HARD_VIOLATION_RATE,RR-REJECTION/5,5,,-0.089999999999999997,0.13,comparator_rate_minus_proposed_rate,PRE_R10_SUPPORTING_DESCRIPTIVE_RESULT_AWARE__NO_NEW_CONFIRMATORY_INFERENCE
24,E2_ROLLING__DT-RAMDE_TS2_FULL__VS__NO_EXECUTION_FEEDBACK,E2_ROLLING,POST_EXECUTION_HARD_VIOLATION_RATE,RR-REJECTION/6,5,0.025000000000000001,0.02,0.060000000000000012,comparator_rate_minus_proposed_rate,PRE_R10_SUPPORTING_DESCRIPTIVE_RESULT_AWARE__NO_NEW_CONFIRMATORY_INFERENCE
24,E2_ROLLING__DT-RAMDE_TS2_FULL__VS__NO_EXECUTION_FEEDBACK,E2_ROLLING,POST_EXECUTION_HARD_VIOLATION_RATE,RR-REJECTION/7,5,,-0.22000000000000003,0.40999999999999998,comparator_rate_minus_proposed_rate,PRE_R10_SUPPORTING_DESCRIPTIVE_RESULT_AWARE__NO_NEW_CONFIRMATORY_INFERENCE
24,E2_ROLLING__DT-RAMDE_TS2_FULL__VS__NO_EXECUTION_FEEDBACK,E2_ROLLING,POST_EXECUTION_HARD_VIOLATION_RATE,RR-SHOCK/0,5,0,0,0,comparator_rate_minus_proposed_rate,PRE_R10_SUPPORTING_DESCRIPTIVE_RESULT_AWARE__NO_NEW_CONFIRMATORY_INFERENCE
24,E2_ROLLING__DT-RAMDE_TS2_FULL__VS__NO_EXECUTION_FEEDBACK,E2_ROLLING,POST_EXECUTION_HARD_VIOLATION_RATE,RR-SHOCK/1,5,0,0,0.01,comparator_rate_minus_proposed_rate,PRE_R10_SUPPORTING_DESCRIPTIVE_RESULT_AWARE__NO_NEW_CONFIRMATORY_INFERENCE
24,E2_ROLLING__DT-RAMDE_TS2_FULL__VS__NO_EXECUTION_FEEDBACK,E2_ROLLING,POST_EXECUTION_HARD_VIOLATION_RATE,RR-SHOCK/2,5,,-0.070000000000000007,0.089999999999999997,comparator_rate_minus_proposed_rate,PRE_R10_SUPPORTING_DESCRIPTIVE_RESULT_AWARE__NO_NEW_CONFIRMATORY_INFERENCE
24,E2_ROLLING__DT-RAMDE_TS2_FULL__VS__NO_EXECUTION_FEEDBACK,E2_ROLLING,POST_EXECUTION_HARD_VIOLATION_RATE,RR-SHOCK/3,5,,-0.44000000000000006,0.61999999999999988,comparator_rate_minus_proposed_rate,PRE_R10_SUPPORTING_DESCRIPTIVE_RESULT_AWARE__NO_NEW_CONFIRMATORY_INFERENCE
24,E2_ROLLING__DT-RAMDE_TS2_FULL__VS__NO_EXECUTION_FEEDBACK,E2_ROLLING,POST_EXECUTION_HARD_VIOLATION_RATE,RR-SHOCK/4,5,0.050000000000000003,-0.079999999999999988,0.12999999999999998,comparator_rate_minus_proposed_rate,PRE_R10_SUPPORTING_DESCRIPTIVE_RESULT_AWARE__NO_NEW_CONFIRMATORY_INFERENCE
24,E2_ROLLING__DT-RAMDE_TS2_FULL__VS__NO_EXECUTION_FEEDBACK,E2_ROLLING,POST_EXECUTION_HARD_VIOLATION_RATE,RR-SHOCK/5,5,,-0.40999999999999998,0.47000000000000003,comparator_rate_minus_proposed_rate,PRE_R10_SUPPORTING_DESCRIPTIVE_RESULT_AWARE__NO_NEW_CONFIRMATORY_INFERENCE
24,E2_ROLLING__DT-RAMDE_TS2_FULL__VS__NO_EXECUTION_FEEDBACK,E2_ROLLING,POST_EXECUTION_HARD_VIOLATION_RATE,RR-SHOCK/6,5,,-0.30999999999999994,0.46999999999999992,comparator_rate_minus_proposed_rate,PRE_R10_SUPPORTING_DESCRIPTIVE_RESULT_AWARE__NO_NEW_CONFIRMATORY_INFERENCE
24,E2_ROLLING__DT-RAMDE_TS2_FULL__VS__NO_EXECUTION_FEEDBACK,E2_ROLLING,POST_EXECUTION_HARD_VIOLATION_RATE,RR-SHOCK/7,5,0,0,0,comparator_rate_minus_proposed_rate,PRE_R10_SUPPORTING_DESCRIPTIVE_RESULT_AWARE__NO_NEW_CONFIRMATORY_INFERENCE
24,E2_ROLLING__DT-RAMDE_TS2_FULL__VS__NO_EXECUTION_FEEDBACK,E2_ROLLING,POST_EXECUTION_HARD_VIOLATION_RATE,RR-SMOOTH/0,5,,-0.020000000000000007,0.16,comparator_rate_minus_proposed_rate,PRE_R10_SUPPORTING_DESCRIPTIVE_RESULT_AWARE__NO_NEW_CONFIRMATORY_INFERENCE
24,E2_ROLLING__DT-RAMDE_TS2_FULL__VS__NO_EXECUTION_FEEDBACK,E2_ROLLING,POST_EXECUTION_HARD_VIOLATION_RATE,RR-SMOOTH/1,5,,-0.53999999999999992,0.59000000000000008,comparator_rate_minus_proposed_rate,PRE_R10_SUPPORTING_DESCRIPTIVE_RESULT_AWARE__NO_NEW_CONFIRMATORY_INFERENCE
24,E2_ROLLING__DT-RAMDE_TS2_FULL__VS__NO_EXECUTION_FEEDBACK,E2_ROLLING,POST_EXECUTION_HARD_VIOLATION_RATE,RR-SMOOTH/2,5,0,0,0,comparator_rate_minus_proposed_rate,PRE_R10_SUPPORTING_DESCRIPTIVE_RESULT_AWARE__NO_NEW_CONFIRMATORY_INFERENCE
24,E2_ROLLING__DT-RAMDE_TS2_FULL__VS__NO_EXECUTION_FEEDBACK,E2_ROLLING,POST_EXECUTION_HARD_VIOLATION_RATE,RR-SMOOTH/3,5,-0.033333333333333333,-0.050000000000000003,-0.02,comparator_rate_minus_proposed_rate,PRE_R10_SUPPORTING_DESCRIPTIVE_RESULT_AWARE__NO_NEW_CONFIRMATORY_INFERENCE
24,E2_ROLLING__DT-RAMDE_TS2_FULL__VS__NO_EXECUTION_FEEDBACK,E2_ROLLING,POST_EXECUTION_HARD_VIOLATION_RATE,RR-SMOOTH/4,5,,-0.65999999999999992,0.59000000000000008,comparator_rate_minus_proposed_rate,PRE_R10_SUPPORTING_DESCRIPTIVE_RESULT_AWARE__NO_NEW_CONFIRMATORY_INFERENCE
24,E2_ROLLING__DT-RAMDE_TS2_FULL__VS__NO_EXECUTION_FEEDBACK,E2_ROLLING,POST_EXECUTION_HARD_VIOLATION_RATE,RR-SMOOTH/5,5,0.10000000000000001,-0.029999999999999999,0.080000000000000002,comparator_rate_minus_proposed_rate,PRE_R10_SUPPORTING_DESCRIPTIVE_RESULT_AWARE__NO_NEW_CONFIRMATORY_INFERENCE
24,E2_ROLLING__DT-RAMDE_TS2_FULL__VS__NO_EXECUTION_FEEDBACK,E2_ROLLING,POST_EXECUTION_HARD_VIOLATION_RATE,RR-SMOOTH/6,5,,-0.53999999999999992,0.75,comparator_rate_minus_proposed_rate,PRE_R10_SUPPORTING_DESCRIPTIVE_RESULT_AWARE__NO_NEW_CONFIRMATORY_INFERENCE
24,E2_ROLLING__DT-RAMDE_TS2_FULL__VS__NO_EXECUTION_FEEDBACK,E2_ROLLING,POST_EXECUTION_HARD_VIOLATION_RATE,RR-SMOOTH/7,5,,-0.080000000000000002,0.11000000000000001,comparator_rate_minus_proposed_rate,PRE_R10_SUPPORTING_DESCRIPTIVE_RESULT_AWARE__NO_NEW_CONFIRMATORY_INFERENCE
25,E2_ROLLING__DT-RAMDE_TS2_FULL__VS__NO_REJECTION_CREDIT,E2_ROLLING,POST_EXECUTION_HARD_VIOLATION_RATE,RR-INTERMITTENT/0,5,,-0.55999999999999994,0.42000000000000004,comparator_rate_minus_proposed_rate,PRE_R10_SUPPORTING_DESCRIPTIVE_RESULT_AWARE__NO_NEW_CONFIRMATORY_INFERENCE
25,E2_ROLLING__DT-RAMDE_TS2_FULL__VS__NO_REJECTION_CREDIT,E2_ROLLING,POST_EXECUTION_HARD_VIOLATION_RATE,RR-INTERMITTENT/1,5,,-0.22999999999999998,0.17999999999999999,comparator_rate_minus_proposed_rate,PRE_R10_SUPPORTING_DESCRIPTIVE_RESULT_AWARE__NO_NEW_CONFIRMATORY_INFERENCE
25,E2_ROLLING__DT-RAMDE_TS2_FULL__VS__NO_REJECTION_CREDIT,E2_ROLLING,POST_EXECUTION_HARD_VIOLATION_RATE,RR-INTERMITTENT/2,5,,-0.38,0.38,comparator_rate_minus_proposed_rate,PRE_R10_SUPPORTING_DESCRIPTIVE_RESULT_AWARE__NO_NEW_CONFIRMATORY_INFERENCE
25,E2_ROLLING__DT-RAMDE_TS2_FULL__VS__NO_REJECTION_CREDIT,E2_ROLLING,POST_EXECUTION_HARD_VIOLATION_RATE,RR-INTERMITTENT/3,5,,-0.63,0.65000000000000002,comparator_rate_minus_proposed_rate,PRE_R10_SUPPORTING_DESCRIPTIVE_RESULT_AWARE__NO_NEW_CONFIRMATORY_INFERENCE
25,E2_ROLLING__DT-RAMDE_TS2_FULL__VS__NO_REJECTION_CREDIT,E2_ROLLING,POST_EXECUTION_HARD_VIOLATION_RATE,RR-INTERMITTENT/4,5,,-0.32000000000000001,0.32999999999999996,comparator_rate_minus_proposed_rate,PRE_R10_SUPPORTING_DESCRIPTIVE_RESULT_AWARE__NO_NEW_CONFIRMATORY_INFERENCE
25,E2_ROLLING__DT-RAMDE_TS2_FULL__VS__NO_REJECTION_CREDIT,E2_ROLLING,POST_EXECUTION_HARD_VIOLATION_RATE,RR-INTERMITTENT/5,5,,-0.38,0.33999999999999997,comparator_rate_minus_proposed_rate,PRE_R10_SUPPORTING_DESCRIPTIVE_RESULT_AWARE__NO_NEW_CONFIRMATORY_INFERENCE
25,E2_ROLLING__DT-RAMDE_TS2_FULL__VS__NO_REJECTION_CREDIT,E2_ROLLING,POST_EXECUTION_HARD_VIOLATION_RATE,RR-INTERMITTENT/6,5,,-0.20000000000000001,0.20000000000000001,comparator_rate_minus_proposed_rate,PRE_R10_SUPPORTING_DESCRIPTIVE_RESULT_AWARE__NO_NEW_CONFIRMATORY_INFERENCE
25,E2_ROLLING__DT-RAMDE_TS2_FULL__VS__NO_REJECTION_CREDIT,E2_ROLLING,POST_EXECUTION_HARD_VIOLATION_RATE,RR-INTERMITTENT/7,5,,-0.86999999999999988,0.85999999999999999,comparator_rate_minus_proposed_rate,PRE_R10_SUPPORTING_DESCRIPTIVE_RESULT_AWARE__NO_NEW_CONFIRMATORY_INFERENCE
25,E2_ROLLING__DT-RAMDE_TS2_FULL__VS__NO_REJECTION_CREDIT,E2_ROLLING,POST_EXECUTION_HARD_VIOLATION_RATE,RR-REJECTION/0,5,,-0.22000000000000003,0.20000000000000001,comparator_rate_minus_proposed_rate,PRE_R10_SUPPORTING_DESCRIPTIVE_RESULT_AWARE__NO_NEW_CONFIRMATORY_INFERENCE
25,E2_ROLLING__DT-RAMDE_TS2_FULL__VS__NO_REJECTION_CREDIT,E2_ROLLING,POST_EXECUTION_HARD_VIOLATION_RATE,RR-REJECTION/1,5,,-0.11000000000000001,0.070000000000000007,comparator_rate_minus_proposed_rate,PRE_R10_SUPPORTING_DESCRIPTIVE_RESULT_AWARE__NO_NEW_CONFIRMATORY_INFERENCE
25,E2_ROLLING__DT-RAMDE_TS2_FULL__VS__NO_REJECTION_CREDIT,E2_ROLLING,POST_EXECUTION_HARD_VIOLATION_RATE,RR-REJECTION/2,5,,-0.45000000000000001,0.45000000000000001,comparator_rate_minus_proposed_rate,PRE_R10_SUPPORTING_DESCRIPTIVE_RESULT_AWARE__NO_NEW_CONFIRMATORY_INFERENCE
25,E2_ROLLING__DT-RAMDE_TS2_FULL__VS__NO_REJECTION_CREDIT,E2_ROLLING,POST_EXECUTION_HARD_VIOLATION_RATE,RR-REJECTION/3,5,0,-0.059999999999999998,0.10000000000000001,comparator_rate_minus_proposed_rate,PRE_R10_SUPPORTING_DESCRIPTIVE_RESULT_AWARE__NO_NEW_CONFIRMATORY_INFERENCE
25,E2_ROLLING__DT-RAMDE_TS2_FULL__VS__NO_REJECTION_CREDIT,E2_ROLLING,POST_EXECUTION_HARD_VIOLATION_RATE,RR-REJECTION/4,5,0,-0.050000000000000003,0.050000000000000003,comparator_rate_minus_proposed_rate,PRE_R10_SUPPORTING_DESCRIPTIVE_RESULT_AWARE__NO_NEW_CONFIRMATORY_INFERENCE
25,E2_ROLLING__DT-RAMDE_TS2_FULL__VS__NO_REJECTION_CREDIT,E2_ROLLING,POST_EXECUTION_HARD_VIOLATION_RATE,RR-REJECTION/5,5,,-0.11000000000000001,0.12,comparator_rate_minus_proposed_rate,PRE_R10_SUPPORTING_DESCRIPTIVE_RESULT_AWARE__NO_NEW_CONFIRMATORY_INFERENCE
25,E2_ROLLING__DT-RAMDE_TS2_FULL__VS__NO_REJECTION_CREDIT,E2_ROLLING,POST_EXECUTION_HARD_VIOLATION_RATE,RR-REJECTION/6,5,-0.016666666666666666,-0.030000000000000006,0,comparator_rate_minus_proposed_rate,PRE_R10_SUPPORTING_DESCRIPTIVE_RESULT_AWARE__NO_NEW_CONFIRMATORY_INFERENCE
25,E2_ROLLING__DT-RAMDE_TS2_FULL__VS__NO_REJECTION_CREDIT,E2_ROLLING,POST_EXECUTION_HARD_VIOLATION_RATE,RR-REJECTION/7,5,,-0.21999999999999997,0.40000000000000002,comparator_rate_minus_proposed_rate,PRE_R10_SUPPORTING_DESCRIPTIVE_RESULT_AWARE__NO_NEW_CONFIRMATORY_INFERENCE
25,E2_ROLLING__DT-RAMDE_TS2_FULL__VS__NO_REJECTION_CREDIT,E2_ROLLING,POST_EXECUTION_HARD_VIOLATION_RATE,RR-SHOCK/0,5,0,0,0,comparator_rate_minus_proposed_rate,PRE_R10_SUPPORTING_DESCRIPTIVE_RESULT_AWARE__NO_NEW_CONFIRMATORY_INFERENCE
25,E2_ROLLING__DT-RAMDE_TS2_FULL__VS__NO_REJECTION_CREDIT,E2_ROLLING,POST_EXECUTION_HARD_VIOLATION_RATE,RR-SHOCK/1,5,0,0,0.01,comparator_rate_minus_proposed_rate,PRE_R10_SUPPORTING_DESCRIPTIVE_RESULT_AWARE__NO_NEW_CONFIRMATORY_INFERENCE
25,E2_ROLLING__DT-RAMDE_TS2_FULL__VS__NO_REJECTION_CREDIT,E2_ROLLING,POST_EXECUTION_HARD_VIOLATION_RATE,RR-SHOCK/2,5,,-0.060000000000000012,0.16999999999999998,comparator_rate_minus_proposed_rate,PRE_R10_SUPPORTING_DESCRIPTIVE_RESULT_AWARE__NO_NEW_CONFIRMATORY_INFERENCE
25,E2_ROLLING__DT-RAMDE_TS2_FULL__VS__NO_REJECTION_CREDIT,E2_ROLLING,POST_EXECUTION_HARD_VIOLATION_RATE,RR-SHOCK/3,5,,-0.5,0.65999999999999992,comparator_rate_minus_proposed_rate,PRE_R10_SUPPORTING_DESCRIPTIVE_RESULT_AWARE__NO_NEW_CONFIRMATORY_INFERENCE
25,E2_ROLLING__DT-RAMDE_TS2_FULL__VS__NO_REJECTION_CREDIT,E2_ROLLING,POST_EXECUTION_HARD_VIOLATION_RATE,RR-SHOCK/4,5,0.050000000000000003,-0.079999999999999988,0.13999999999999999,comparator_rate_minus_proposed_rate,PRE_R10_SUPPORTING_DESCRIPTIVE_RESULT_AWARE__NO_NEW_CONFIRMATORY_INFERENCE
25,E2_ROLLING__DT-RAMDE_TS2_FULL__VS__NO_REJECTION_CREDIT,E2_ROLLING,POST_EXECUTION_HARD_VIOLATION_RATE,RR-SHOCK/5,5,,-0.42999999999999999,0.44000000000000006,comparator_rate_minus_proposed_rate,PRE_R10_SUPPORTING_DESCRIPTIVE_RESULT_AWARE__NO_NEW_CONFIRMATORY_INFERENCE
25,E2_ROLLING__DT-RAMDE_TS2_FULL__VS__NO_REJECTION_CREDIT,E2_ROLLING,POST_EXECUTION_HARD_VIOLATION_RATE,RR-SHOCK/6,5,,-0.31999999999999995,0.47000000000000003,comparator_rate_minus_proposed_rate,PRE_R10_SUPPORTING_DESCRIPTIVE_RESULT_AWARE__NO_NEW_CONFIRMATORY_INFERENCE
25,E2_ROLLING__DT-RAMDE_TS2_FULL__VS__NO_REJECTION_CREDIT,E2_ROLLING,POST_EXECUTION_HARD_VIOLATION_RATE,RR-SHOCK/7,5,0,0,0,comparator_rate_minus_proposed_rate,PRE_R10_SUPPORTING_DESCRIPTIVE_RESULT_AWARE__NO_NEW_CONFIRMATORY_INFERENCE
25,E2_ROLLING__DT-RAMDE_TS2_FULL__VS__NO_REJECTION_CREDIT,E2_ROLLING,POST_EXECUTION_HARD_VIOLATION_RATE,RR-SMOOTH/0,5,0.10000000000000002,-5.551115123125783e-18,0.050000000000000003,comparator_rate_minus_proposed_rate,PRE_R10_SUPPORTING_DESCRIPTIVE_RESULT_AWARE__NO_NEW_CONFIRMATORY_INFERENCE
25,E2_ROLLING__DT-RAMDE_TS2_FULL__VS__NO_REJECTION_CREDIT,E2_ROLLING,POST_EXECUTION_HARD_VIOLATION_RATE,RR-SMOOTH/1,5,,-0.55000000000000004,0.81999999999999995,comparator_rate_minus_proposed_rate,PRE_R10_SUPPORTING_DESCRIPTIVE_RESULT_AWARE__NO_NEW_CONFIRMATORY_INFERENCE
25,E2_ROLLING__DT-RAMDE_TS2_FULL__VS__NO_REJECTION_CREDIT,E2_ROLLING,POST_EXECUTION_HARD_VIOLATION_RATE,RR-SMOOTH/2,5,0,0,0,comparator_rate_minus_proposed_rate,PRE_R10_SUPPORTING_DESCRIPTIVE_RESULT_AWARE__NO_NEW_CONFIRMATORY_INFERENCE
25,E2_ROLLING__DT-RAMDE_TS2_FULL__VS__NO_REJECTION_CREDIT,E2_ROLLING,POST_EXECUTION_HARD_VIOLATION_RATE,RR-SMOOTH/3,5,-0.050000000000000003,-0.060000000000000012,0.02,comparator_rate_minus_proposed_rate,PRE_R10_SUPPORTING_DESCRIPTIVE_RESULT_AWARE__NO_NEW_CONFIRMATORY_INFERENCE
25,E2_ROLLING__DT-RAMDE_TS2_FULL__VS__NO_REJECTION_CREDIT,E2_ROLLING,POST_EXECUTION_HARD_VIOLATION_RATE,RR-SMOOTH/4,5,,-0.6399999999999999,0.63,comparator_rate_minus_proposed_rate,PRE_R10_SUPPORTING_DESCRIPTIVE_RESULT_AWARE__NO_NEW_CONFIRMATORY_INFERENCE
25,E2_ROLLING__DT-RAMDE_TS2_FULL__VS__NO_REJECTION_CREDIT,E2_ROLLING,POST_EXECUTION_HARD_VIOLATION_RATE,RR-SMOOTH/5,5,,-0.050000000000000003,0.16,comparator_rate_minus_proposed_rate,PRE_R10_SUPPORTING_DESCRIPTIVE_RESULT_AWARE__NO_NEW_CONFIRMATORY_INFERENCE
25,E2_ROLLING__DT-RAMDE_TS2_FULL__VS__NO_REJECTION_CREDIT,E2_ROLLING,POST_EXECUTION_HARD_VIOLATION_RATE,RR-SMOOTH/6,5,0.10000000000000001,-0.52000000000000002,0.47999999999999998,comparator_rate_minus_proposed_rate,PRE_R10_SUPPORTING_DESCRIPTIVE_RESULT_AWARE__NO_NEW_CONFIRMATORY_INFERENCE
25,E2_ROLLING__DT-RAMDE_TS2_FULL__VS__NO_REJECTION_CREDIT,E2_ROLLING,POST_EXECUTION_HARD_VIOLATION_RATE,RR-SMOOTH/7,5,,-0.11000000000000001,0.090000000000000011,comparator_rate_minus_proposed_rate,PRE_R10_SUPPORTING_DESCRIPTIVE_RESULT_AWARE__NO_NEW_CONFIRMATORY_INFERENCE
26,E2_ROLLING__DT-RAMDE_TS2_FULL__VS__NO_MEMORY_RESET_GATE,E2_ROLLING,POST_EXECUTION_HARD_VIOLATION_RATE,RR-INTERMITTENT/0,5,,-0.53000000000000003,0.55000000000000004,comparator_rate_minus_proposed_rate,PRE_R10_SUPPORTING_DESCRIPTIVE_RESULT_AWARE__NO_NEW_CONFIRMATORY_INFERENCE
26,E2_ROLLING__DT-RAMDE_TS2_FULL__VS__NO_MEMORY_RESET_GATE,E2_ROLLING,POST_EXECUTION_HARD_VIOLATION_RATE,RR-INTERMITTENT/1,5,,-0.22000000000000003,0.19,comparator_rate_minus_proposed_rate,PRE_R10_SUPPORTING_DESCRIPTIVE_RESULT_AWARE__NO_NEW_CONFIRMATORY_INFERENCE
26,E2_ROLLING__DT-RAMDE_TS2_FULL__VS__NO_MEMORY_RESET_GATE,E2_ROLLING,POST_EXECUTION_HARD_VIOLATION_RATE,RR-INTERMITTENT/2,5,,-0.38,0.40000000000000002,comparator_rate_minus_proposed_rate,PRE_R10_SUPPORTING_DESCRIPTIVE_RESULT_AWARE__NO_NEW_CONFIRMATORY_INFERENCE
26,E2_ROLLING__DT-RAMDE_TS2_FULL__VS__NO_MEMORY_RESET_GATE,E2_ROLLING,POST_EXECUTION_HARD_VIOLATION_RATE,RR-INTERMITTENT/3,5,,-0.67000000000000004,0.78000000000000003,comparator_rate_minus_proposed_rate,PRE_R10_SUPPORTING_DESCRIPTIVE_RESULT_AWARE__NO_NEW_CONFIRMATORY_INFERENCE
26,E2_ROLLING__DT-RAMDE_TS2_FULL__VS__NO_MEMORY_RESET_GATE,E2_ROLLING,POST_EXECUTION_HARD_VIOLATION_RATE,RR-INTERMITTENT/4,5,,-0.32000000000000001,0.34999999999999998,comparator_rate_minus_proposed_rate,PRE_R10_SUPPORTING_DESCRIPTIVE_RESULT_AWARE__NO_NEW_CONFIRMATORY_INFERENCE
26,E2_ROLLING__DT-RAMDE_TS2_FULL__VS__NO_MEMORY_RESET_GATE,E2_ROLLING,POST_EXECUTION_HARD_VIOLATION_RATE,RR-INTERMITTENT/5,5,,-0.39000000000000001,0.32000000000000001,comparator_rate_minus_proposed_rate,PRE_R10_SUPPORTING_DESCRIPTIVE_RESULT_AWARE__NO_NEW_CONFIRMATORY_INFERENCE
26,E2_ROLLING__DT-RAMDE_TS2_FULL__VS__NO_MEMORY_RESET_GATE,E2_ROLLING,POST_EXECUTION_HARD_VIOLATION_RATE,RR-INTERMITTENT/6,5,,-0.20000000000000001,0.20000000000000001,comparator_rate_minus_proposed_rate,PRE_R10_SUPPORTING_DESCRIPTIVE_RESULT_AWARE__NO_NEW_CONFIRMATORY_INFERENCE
26,E2_ROLLING__DT-RAMDE_TS2_FULL__VS__NO_MEMORY_RESET_GATE,E2_ROLLING,POST_EXECUTION_HARD_VIOLATION_RATE,RR-INTERMITTENT/7,5,,-0.89000000000000001,0.86999999999999988,comparator_rate_minus_proposed_rate,PRE_R10_SUPPORTING_DESCRIPTIVE_RESULT_AWARE__NO_NEW_CONFIRMATORY_INFERENCE
26,E2_ROLLING__DT-RAMDE_TS2_FULL__VS__NO_MEMORY_RESET_GATE,E2_ROLLING,POST_EXECUTION_HARD_VIOLATION_RATE,RR-REJECTION/0,5,,-0.23999999999999999,0.26000000000000001,comparator_rate_minus_proposed_rate,PRE_R10_SUPPORTING_DESCRIPTIVE_RESULT_AWARE__NO_NEW_CONFIRMATORY_INFERENCE
26,E2_ROLLING__DT-RAMDE_TS2_FULL__VS__NO_MEMORY_RESET_GATE,E2_ROLLING,POST_EXECUTION_HARD_VIOLATION_RATE,RR-REJECTION/1,5,,-0.10000000000000001,0.089999999999999997,comparator_rate_minus_proposed_rate,PRE_R10_SUPPORTING_DESCRIPTIVE_RESULT_AWARE__NO_NEW_CONFIRMATORY_INFERENCE
26,E2_ROLLING__DT-RAMDE_TS2_FULL__VS__NO_MEMORY_RESET_GATE,E2_ROLLING,POST_EXECUTION_HARD_VIOLATION_RATE,RR-REJECTION/2,5,,-0.45000000000000001,0.45000000000000001,comparator_rate_minus_proposed_rate,PRE_R10_SUPPORTING_DESCRIPTIVE_RESULT_AWARE__NO_NEW_CONFIRMATORY_INFERENCE
26,E2_ROLLING__DT-RAMDE_TS2_FULL__VS__NO_MEMORY_RESET_GATE,E2_ROLLING,POST_EXECUTION_HARD_VIOLATION_RATE,RR-REJECTION/3,5,0,-0.039999999999999994,0.16999999999999998,comparator_rate_minus_proposed_rate,PRE_R10_SUPPORTING_DESCRIPTIVE_RESULT_AWARE__NO_NEW_CONFIRMATORY_INFERENCE
26,E2_ROLLING__DT-RAMDE_TS2_FULL__VS__NO_MEMORY_RESET_GATE,E2_ROLLING,POST_EXECUTION_HARD_VIOLATION_RATE,RR-REJECTION/4,5,,-0.050000000000000003,0.16,comparator_rate_minus_proposed_rate,PRE_R10_SUPPORTING_DESCRIPTIVE_RESULT_AWARE__NO_NEW_CONFIRMATORY_INFERENCE
26,E2_ROLLING__DT-RAMDE_TS2_FULL__VS__NO_MEMORY_RESET_GATE,E2_ROLLING,POST_EXECUTION_HARD_VIOLATION_RATE,RR-REJECTION/5,5,,-0.079999999999999988,0.17999999999999999,comparator_rate_minus_proposed_rate,PRE_R10_SUPPORTING_DESCRIPTIVE_RESULT_AWARE__NO_NEW_CONFIRMATORY_INFERENCE
26,E2_ROLLING__DT-RAMDE_TS2_FULL__VS__NO_MEMORY_RESET_GATE,E2_ROLLING,POST_EXECUTION_HARD_VIOLATION_RATE,RR-REJECTION/6,5,0.033333333333333333,0.040000000000000001,0.13999999999999999,comparator_rate_minus_proposed_rate,PRE_R10_SUPPORTING_DESCRIPTIVE_RESULT_AWARE__NO_NEW_CONFIRMATORY_INFERENCE
26,E2_ROLLING__DT-RAMDE_TS2_FULL__VS__NO_MEMORY_RESET_GATE,E2_ROLLING,POST_EXECUTION_HARD_VIOLATION_RATE,RR-REJECTION/7,5,,-0.22000000000000003,0.32000000000000001,comparator_rate_minus_proposed_rate,PRE_R10_SUPPORTING_DESCRIPTIVE_RESULT_AWARE__NO_NEW_CONFIRMATORY_INFERENCE
26,E2_ROLLING__DT-RAMDE_TS2_FULL__VS__NO_MEMORY_RESET_GATE,E2_ROLLING,POST_EXECUTION_HARD_VIOLATION_RATE,RR-SHOCK/0,5,0,0,0,comparator_rate_minus_proposed_rate,PRE_R10_SUPPORTING_DESCRIPTIVE_RESULT_AWARE__NO_NEW_CONFIRMATORY_INFERENCE
26,E2_ROLLING__DT-RAMDE_TS2_FULL__VS__NO_MEMORY_RESET_GATE,E2_ROLLING,POST_EXECUTION_HARD_VIOLATION_RATE,RR-SHOCK/1,5,0,0,0,comparator_rate_minus_proposed_rate,PRE_R10_SUPPORTING_DESCRIPTIVE_RESULT_AWARE__NO_NEW_CONFIRMATORY_INFERENCE
26,E2_ROLLING__DT-RAMDE_TS2_FULL__VS__NO_MEMORY_RESET_GATE,E2_ROLLING,POST_EXECUTION_HARD_VIOLATION_RATE,RR-SHOCK/2,5,,-0.070000000000000007,0.16999999999999998,comparator_rate_minus_proposed_rate,PRE_R10_SUPPORTING_DESCRIPTIVE_RESULT_AWARE__NO_NEW_CONFIRMATORY_INFERENCE
26,E2_ROLLING__DT-RAMDE_TS2_FULL__VS__NO_MEMORY_RESET_GATE,E2_ROLLING,POST_EXECUTION_HARD_VIOLATION_RATE,RR-SHOCK/3,5,,-0.47000000000000003,0.61999999999999988,comparator_rate_minus_proposed_rate,PRE_R10_SUPPORTING_DESCRIPTIVE_RESULT_AWARE__NO_NEW_CONFIRMATORY_INFERENCE
26,E2_ROLLING__DT-RAMDE_TS2_FULL__VS__NO_MEMORY_RESET_GATE,E2_ROLLING,POST_EXECUTION_HARD_VIOLATION_RATE,RR-SHOCK/4,5,0.10000000000000001,-0.039999999999999994,0.11000000000000001,comparator_rate_minus_proposed_rate,PRE_R10_SUPPORTING_DESCRIPTIVE_RESULT_AWARE__NO_NEW_CONFIRMATORY_INFERENCE
26,E2_ROLLING__DT-RAMDE_TS2_FULL__VS__NO_MEMORY_RESET_GATE,E2_ROLLING,POST_EXECUTION_HARD_VIOLATION_RATE,RR-SHOCK/5,5,,-0.40000000000000002,0.47999999999999998,comparator_rate_minus_proposed_rate,PRE_R10_SUPPORTING_DESCRIPTIVE_RESULT_AWARE__NO_NEW_CONFIRMATORY_INFERENCE
26,E2_ROLLING__DT-RAMDE_TS2_FULL__VS__NO_MEMORY_RESET_GATE,E2_ROLLING,POST_EXECUTION_HARD_VIOLATION_RATE,RR-SHOCK/6,5,,-0.35999999999999999,0.60999999999999999,comparator_rate_minus_proposed_rate,PRE_R10_SUPPORTING_DESCRIPTIVE_RESULT_AWARE__NO_NEW_CONFIRMATORY_INFERENCE
26,E2_ROLLING__DT-RAMDE_TS2_FULL__VS__NO_MEMORY_RESET_GATE,E2_ROLLING,POST_EXECUTION_HARD_VIOLATION_RATE,RR-SHOCK/7,5,0,0,0,comparator_rate_minus_proposed_rate,PRE_R10_SUPPORTING_DESCRIPTIVE_RESULT_AWARE__NO_NEW_CONFIRMATORY_INFERENCE
26,E2_ROLLING__DT-RAMDE_TS2_FULL__VS__NO_MEMORY_RESET_GATE,E2_ROLLING,POST_EXECUTION_HARD_VIOLATION_RATE,RR-SMOOTH/0,5,0.15000000000000002,0.050000000000000003,0.14999999999999999,comparator_rate_minus_proposed_rate,PRE_R10_SUPPORTING_DESCRIPTIVE_RESULT_AWARE__NO_NEW_CONFIRMATORY_INFERENCE
26,E2_ROLLING__DT-RAMDE_TS2_FULL__VS__NO_MEMORY_RESET_GATE,E2_ROLLING,POST_EXECUTION_HARD_VIOLATION_RATE,RR-SMOOTH/1,5,,-0.55999999999999994,0.62,comparator_rate_minus_proposed_rate,PRE_R10_SUPPORTING_DESCRIPTIVE_RESULT_AWARE__NO_NEW_CONFIRMATORY_INFERENCE
26,E2_ROLLING__DT-RAMDE_TS2_FULL__VS__NO_MEMORY_RESET_GATE,E2_ROLLING,POST_EXECUTION_HARD_VIOLATION_RATE,RR-SMOOTH/2,5,0,0,0.01,comparator_rate_minus_proposed_rate,PRE_R10_SUPPORTING_DESCRIPTIVE_RESULT_AWARE__NO_NEW_CONFIRMATORY_INFERENCE
26,E2_ROLLING__DT-RAMDE_TS2_FULL__VS__NO_MEMORY_RESET_GATE,E2_ROLLING,POST_EXECUTION_HARD_VIOLATION_RATE,RR-SMOOTH/3,5,,-0.060000000000000012,0.050000000000000003,comparator_rate_minus_proposed_rate,PRE_R10_SUPPORTING_DESCRIPTIVE_RESULT_AWARE__NO_NEW_CONFIRMATORY_INFERENCE
26,E2_ROLLING__DT-RAMDE_TS2_FULL__VS__NO_MEMORY_RESET_GATE,E2_ROLLING,POST_EXECUTION_HARD_VIOLATION_RATE,RR-SMOOTH/4,5,,-0.60999999999999999,0.73999999999999999,comparator_rate_minus_proposed_rate,PRE_R10_SUPPORTING_DESCRIPTIVE_RESULT_AWARE__NO_NEW_CONFIRMATORY_INFERENCE
26,E2_ROLLING__DT-RAMDE_TS2_FULL__VS__NO_MEMORY_RESET_GATE,E2_ROLLING,POST_EXECUTION_HARD_VIOLATION_RATE,RR-SMOOTH/5,5,0,-0.030000000000000006,0.14000000000000001,comparator_rate_minus_proposed_rate,PRE_R10_SUPPORTING_DESCRIPTIVE_RESULT_AWARE__NO_NEW_CONFIRMATORY_INFERENCE
26,E2_ROLLING__DT-RAMDE_TS2_FULL__VS__NO_MEMORY_RESET_GATE,E2_ROLLING,POST_EXECUTION_HARD_VIOLATION_RATE,RR-SMOOTH/6,5,,-0.53000000000000003,0.76000000000000001,comparator_rate_minus_proposed_rate,PRE_R10_SUPPORTING_DESCRIPTIVE_RESULT_AWARE__NO_NEW_CONFIRMATORY_INFERENCE
26,E2_ROLLING__DT-RAMDE_TS2_FULL__VS__NO_MEMORY_RESET_GATE,E2_ROLLING,POST_EXECUTION_HARD_VIOLATION_RATE,RR-SMOOTH/7,5,,-0.12000000000000002,0.11000000000000001,comparator_rate_minus_proposed_rate,PRE_R10_SUPPORTING_DESCRIPTIVE_RESULT_AWARE__NO_NEW_CONFIRMATORY_INFERENCE
27,E2_ROLLING__DT-RAMDE_TS2_FULL__VS__NO_LINEAGE_CREDIT,E2_ROLLING,POST_EXECUTION_HARD_VIOLATION_RATE,RR-INTERMITTENT/0,5,,-0.57000000000000006,0.47999999999999998,comparator_rate_minus_proposed_rate,PRE_R10_SUPPORTING_DESCRIPTIVE_RESULT_AWARE__NO_NEW_CONFIRMATORY_INFERENCE
27,E2_ROLLING__DT-RAMDE_TS2_FULL__VS__NO_LINEAGE_CREDIT,E2_ROLLING,POST_EXECUTION_HARD_VIOLATION_RATE,RR-INTERMITTENT/1,5,,-0.22000000000000003,0.19,comparator_rate_minus_proposed_rate,PRE_R10_SUPPORTING_DESCRIPTIVE_RESULT_AWARE__NO_NEW_CONFIRMATORY_INFERENCE
27,E2_ROLLING__DT-RAMDE_TS2_FULL__VS__NO_LINEAGE_CREDIT,E2_ROLLING,POST_EXECUTION_HARD_VIOLATION_RATE,RR-INTERMITTENT/2,5,,-0.38,0.38,comparator_rate_minus_proposed_rate,PRE_R10_SUPPORTING_DESCRIPTIVE_RESULT_AWARE__NO_NEW_CONFIRMATORY_INFERENCE
27,E2_ROLLING__DT-RAMDE_TS2_FULL__VS__NO_LINEAGE_CREDIT,E2_ROLLING,POST_EXECUTION_HARD_VIOLATION_RATE,RR-INTERMITTENT/3,5,,-0.67000000000000004,0.73999999999999999,comparator_rate_minus_proposed_rate,PRE_R10_SUPPORTING_DESCRIPTIVE_RESULT_AWARE__NO_NEW_CONFIRMATORY_INFERENCE
27,E2_ROLLING__DT-RAMDE_TS2_FULL__VS__NO_LINEAGE_CREDIT,E2_ROLLING,POST_EXECUTION_HARD_VIOLATION_RATE,RR-INTERMITTENT/4,5,,-0.34999999999999998,0.28999999999999998,comparator_rate_minus_proposed_rate,PRE_R10_SUPPORTING_DESCRIPTIVE_RESULT_AWARE__NO_NEW_CONFIRMATORY_INFERENCE
27,E2_ROLLING__DT-RAMDE_TS2_FULL__VS__NO_LINEAGE_CREDIT,E2_ROLLING,POST_EXECUTION_HARD_VIOLATION_RATE,RR-INTERMITTENT/5,5,,-0.34999999999999998,0.26000000000000001,comparator_rate_minus_proposed_rate,PRE_R10_SUPPORTING_DESCRIPTIVE_RESULT_AWARE__NO_NEW_CONFIRMATORY_INFERENCE
27,E2_ROLLING__DT-RAMDE_TS2_FULL__VS__NO_LINEAGE_CREDIT,E2_ROLLING,POST_EXECUTION_HARD_VIOLATION_RATE,RR-INTERMITTENT/6,5,,-0.20000000000000001,0.20000000000000001,comparator_rate_minus_proposed_rate,PRE_R10_SUPPORTING_DESCRIPTIVE_RESULT_AWARE__NO_NEW_CONFIRMATORY_INFERENCE
27,E2_ROLLING__DT-RAMDE_TS2_FULL__VS__NO_LINEAGE_CREDIT,E2_ROLLING,POST_EXECUTION_HARD_VIOLATION_RATE,RR-INTERMITTENT/7,5,,-0.85999999999999999,0.83000000000000007,comparator_rate_minus_proposed_rate,PRE_R10_SUPPORTING_DESCRIPTIVE_RESULT_AWARE__NO_NEW_CONFIRMATORY_INFERENCE
27,E2_ROLLING__DT-RAMDE_TS2_FULL__VS__NO_LINEAGE_CREDIT,E2_ROLLING,POST_EXECUTION_HARD_VIOLATION_RATE,RR-REJECTION/0,5,,-0.21000000000000002,0.20000000000000001,comparator_rate_minus_proposed_rate,PRE_R10_SUPPORTING_DESCRIPTIVE_RESULT_AWARE__NO_NEW_CONFIRMATORY_INFERENCE
27,E2_ROLLING__DT-RAMDE_TS2_FULL__VS__NO_LINEAGE_CREDIT,E2_ROLLING,POST_EXECUTION_HARD_VIOLATION_RATE,RR-REJECTION/1,5,,-0.11000000000000001,0.089999999999999997,comparator_rate_minus_proposed_rate,PRE_R10_SUPPORTING_DESCRIPTIVE_RESULT_AWARE__NO_NEW_CONFIRMATORY_INFERENCE
27,E2_ROLLING__DT-RAMDE_TS2_FULL__VS__NO_LINEAGE_CREDIT,E2_ROLLING,POST_EXECUTION_HARD_VIOLATION_RATE,RR-REJECTION/2,5,,-0.45000000000000001,0.45000000000000001,comparator_rate_minus_proposed_rate,PRE_R10_SUPPORTING_DESCRIPTIVE_RESULT_AWARE__NO_NEW_CONFIRMATORY_INFERENCE
27,E2_ROLLING__DT-RAMDE_TS2_FULL__VS__NO_LINEAGE_CREDIT,E2_ROLLING,POST_EXECUTION_HARD_VIOLATION_RATE,RR-REJECTION/3,5,0,-0.059999999999999998,-0.01,comparator_rate_minus_proposed_rate,PRE_R10_SUPPORTING_DESCRIPTIVE_RESULT_AWARE__NO_NEW_CONFIRMATORY_INFERENCE
27,E2_ROLLING__DT-RAMDE_TS2_FULL__VS__NO_LINEAGE_CREDIT,E2_ROLLING,POST_EXECUTION_HARD_VIOLATION_RATE,RR-REJECTION/4,5,,-0.050000000000000003,0.089999999999999997,comparator_rate_minus_proposed_rate,PRE_R10_SUPPORTING_DESCRIPTIVE_RESULT_AWARE__NO_NEW_CONFIRMATORY_INFERENCE
27,E2_ROLLING__DT-RAMDE_TS2_FULL__VS__NO_LINEAGE_CREDIT,E2_ROLLING,POST_EXECUTION_HARD_VIOLATION_RATE,RR-REJECTION/5,5,,-0.089999999999999997,0.080000000000000002,comparator_rate_minus_proposed_rate,PRE_R10_SUPPORTING_DESCRIPTIVE_RESULT_AWARE__NO_NEW_CONFIRMATORY_INFERENCE
27,E2_ROLLING__DT-RAMDE_TS2_FULL__VS__NO_LINEAGE_CREDIT,E2_ROLLING,POST_EXECUTION_HARD_VIOLATION_RATE,RR-REJECTION/6,5,0.050000000000000003,0.02,0.070000000000000007,comparator_rate_minus_proposed_rate,PRE_R10_SUPPORTING_DESCRIPTIVE_RESULT_AWARE__NO_NEW_CONFIRMATORY_INFERENCE
27,E2_ROLLING__DT-RAMDE_TS2_FULL__VS__NO_LINEAGE_CREDIT,E2_ROLLING,POST_EXECUTION_HARD_VIOLATION_RATE,RR-REJECTION/7,5,,-0.22999999999999998,0.27999999999999997,comparator_rate_minus_proposed_rate,PRE_R10_SUPPORTING_DESCRIPTIVE_RESULT_AWARE__NO_NEW_CONFIRMATORY_INFERENCE
27,E2_ROLLING__DT-RAMDE_TS2_FULL__VS__NO_LINEAGE_CREDIT,E2_ROLLING,POST_EXECUTION_HARD_VIOLATION_RATE,RR-SHOCK/0,5,0,0,0,comparator_rate_minus_proposed_rate,PRE_R10_SUPPORTING_DESCRIPTIVE_RESULT_AWARE__NO_NEW_CONFIRMATORY_INFERENCE
27,E2_ROLLING__DT-RAMDE_TS2_FULL__VS__NO_LINEAGE_CREDIT,E2_ROLLING,POST_EXECUTION_HARD_VIOLATION_RATE,RR-SHOCK/1,5,0,0,0,comparator_rate_minus_proposed_rate,PRE_R10_SUPPORTING_DESCRIPTIVE_RESULT_AWARE__NO_NEW_CONFIRMATORY_INFERENCE
27,E2_ROLLING__DT-RAMDE_TS2_FULL__VS__NO_LINEAGE_CREDIT,E2_ROLLING,POST_EXECUTION_HARD_VIOLATION_RATE,RR-SHOCK/2,5,,-0.070000000000000007,0.10000000000000001,comparator_rate_minus_proposed_rate,PRE_R10_SUPPORTING_DESCRIPTIVE_RESULT_AWARE__NO_NEW_CONFIRMATORY_INFERENCE
27,E2_ROLLING__DT-RAMDE_TS2_FULL__VS__NO_LINEAGE_CREDIT,E2_ROLLING,POST_EXECUTION_HARD_VIOLATION_RATE,RR-SHOCK/3,5,,-0.47999999999999998,0.51000000000000001,comparator_rate_minus_proposed_rate,PRE_R10_SUPPORTING_DESCRIPTIVE_RESULT_AWARE__NO_NEW_CONFIRMATORY_INFERENCE
27,E2_ROLLING__DT-RAMDE_TS2_FULL__VS__NO_LINEAGE_CREDIT,E2_ROLLING,POST_EXECUTION_HARD_VIOLATION_RATE,RR-SHOCK/4,5,0,-0.069999999999999993,0.059999999999999998,comparator_rate_minus_proposed_rate,PRE_R10_SUPPORTING_DESCRIPTIVE_RESULT_AWARE__NO_NEW_CONFIRMATORY_INFERENCE
27,E2_ROLLING__DT-RAMDE_TS2_FULL__VS__NO_LINEAGE_CREDIT,E2_ROLLING,POST_EXECUTION_HARD_VIOLATION_RATE,RR-SHOCK/5,5,,-0.42999999999999999,0.44000000000000006,comparator_rate_minus_proposed_rate,PRE_R10_SUPPORTING_DESCRIPTIVE_RESULT_AWARE__NO_NEW_CONFIRMATORY_INFERENCE
27,E2_ROLLING__DT-RAMDE_TS2_FULL__VS__NO_LINEAGE_CREDIT,E2_ROLLING,POST_EXECUTION_HARD_VIOLATION_RATE,RR-SHOCK/6,5,,-0.29999999999999993,0.40000000000000002,comparator_rate_minus_proposed_rate,PRE_R10_SUPPORTING_DESCRIPTIVE_RESULT_AWARE__NO_NEW_CONFIRMATORY_INFERENCE
27,E2_ROLLING__DT-RAMDE_TS2_FULL__VS__NO_LINEAGE_CREDIT,E2_ROLLING,POST_EXECUTION_HARD_VIOLATION_RATE,RR-SHOCK/7,5,0,0,0,comparator_rate_minus_proposed_rate,PRE_R10_SUPPORTING_DESCRIPTIVE_RESULT_AWARE__NO_NEW_CONFIRMATORY_INFERENCE
27,E2_ROLLING__DT-RAMDE_TS2_FULL__VS__NO_LINEAGE_CREDIT,E2_ROLLING,POST_EXECUTION_HARD_VIOLATION_RATE,RR-SMOOTH/0,5,-0.050000000000000003,-0.050000000000000003,0.010000000000000004,comparator_rate_minus_proposed_rate,PRE_R10_SUPPORTING_DESCRIPTIVE_RESULT_AWARE__NO_NEW_CONFIRMATORY_INFERENCE
27,E2_ROLLING__DT-RAMDE_TS2_FULL__VS__NO_LINEAGE_CREDIT,E2_ROLLING,POST_EXECUTION_HARD_VIOLATION_RATE,RR-SMOOTH/1,5,,-0.55999999999999994,0.55000000000000004,comparator_rate_minus_proposed_rate,PRE_R10_SUPPORTING_DESCRIPTIVE_RESULT_AWARE__NO_NEW_CONFIRMATORY_INFERENCE
27,E2_ROLLING__DT-RAMDE_TS2_FULL__VS__NO_LINEAGE_CREDIT,E2_ROLLING,POST_EXECUTION_HARD_VIOLATION_RATE,RR-SMOOTH/2,5,0,0,0,comparator_rate_minus_proposed_rate,PRE_R10_SUPPORTING_DESCRIPTIVE_RESULT_AWARE__NO_NEW_CONFIRMATORY_INFERENCE
27,E2_ROLLING__DT-RAMDE_TS2_FULL__VS__NO_LINEAGE_CREDIT,E2_ROLLING,POST_EXECUTION_HARD_VIOLATION_RATE,RR-SMOOTH/3,5,-0.016666666666666666,-0.040000000000000001,0.0099999999999999985,comparator_rate_minus_proposed_rate,PRE_R10_SUPPORTING_DESCRIPTIVE_RESULT_AWARE__NO_NEW_CONFIRMATORY_INFERENCE
27,E2_ROLLING__DT-RAMDE_TS2_FULL__VS__NO_LINEAGE_CREDIT,E2_ROLLING,POST_EXECUTION_HARD_VIOLATION_RATE,RR-SMOOTH/4,5,,-0.63,0.65999999999999992,comparator_rate_minus_proposed_rate,PRE_R10_SUPPORTING_DESCRIPTIVE_RESULT_AWARE__NO_NEW_CONFIRMATORY_INFERENCE
27,E2_ROLLING__DT-RAMDE_TS2_FULL__VS__NO_LINEAGE_CREDIT,E2_ROLLING,POST_EXECUTION_HARD_VIOLATION_RATE,RR-SMOOTH/5,5,-0.099999999999999992,-0.059999999999999998,0.050000000000000003,comparator_rate_minus_proposed_rate,PRE_R10_SUPPORTING_DESCRIPTIVE_RESULT_AWARE__NO_NEW_CONFIRMATORY_INFERENCE
27,E2_ROLLING__DT-RAMDE_TS2_FULL__VS__NO_LINEAGE_CREDIT,E2_ROLLING,POST_EXECUTION_HARD_VIOLATION_RATE,RR-SMOOTH/6,5,,-0.51000000000000001,0.55999999999999994,comparator_rate_minus_proposed_rate,PRE_R10_SUPPORTING_DESCRIPTIVE_RESULT_AWARE__NO_NEW_CONFIRMATORY_INFERENCE
27,E2_ROLLING__DT-RAMDE_TS2_FULL__VS__NO_LINEAGE_CREDIT,E2_ROLLING,POST_EXECUTION_HARD_VIOLATION_RATE,RR-SMOOTH/7,5,,-0.13,0.070000000000000007,comparator_rate_minus_proposed_rate,PRE_R10_SUPPORTING_DESCRIPTIVE_RESULT_AWARE__NO_NEW_CONFIRMATORY_INFERENCE
28,E2_ROLLING__DT-RAMDE_TS2_FULL__VS__CROSS_EVENT_WARM_START_ONLY,E2_ROLLING,POST_EXECUTION_HARD_VIOLATION_RATE,RR-INTERMITTENT/0,5,,-0.53999999999999992,0.52000000000000002,comparator_rate_minus_proposed_rate,PRE_R10_SUPPORTING_DESCRIPTIVE_RESULT_AWARE__NO_NEW_CONFIRMATORY_INFERENCE
28,E2_ROLLING__DT-RAMDE_TS2_FULL__VS__CROSS_EVENT_WARM_START_ONLY,E2_ROLLING,POST_EXECUTION_HARD_VIOLATION_RATE,RR-INTERMITTENT/1,5,,-0.21000000000000002,0.20000000000000001,comparator_rate_minus_proposed_rate,PRE_R10_SUPPORTING_DESCRIPTIVE_RESULT_AWARE__NO_NEW_CONFIRMATORY_INFERENCE
28,E2_ROLLING__DT-RAMDE_TS2_FULL__VS__CROSS_EVENT_WARM_START_ONLY,E2_ROLLING,POST_EXECUTION_HARD_VIOLATION_RATE,RR-INTERMITTENT/2,5,,-0.38,0.37,comparator_rate_minus_proposed_rate,PRE_R10_SUPPORTING_DESCRIPTIVE_RESULT_AWARE__NO_NEW_CONFIRMATORY_INFERENCE
28,E2_ROLLING__DT-RAMDE_TS2_FULL__VS__CROSS_EVENT_WARM_START_ONLY,E2_ROLLING,POST_EXECUTION_HARD_VIOLATION_RATE,RR-INTERMITTENT/3,5,,-0.6100000000000001,0.65000000000000002,comparator_rate_minus_proposed_rate,PRE_R10_SUPPORTING_DESCRIPTIVE_RESULT_AWARE__NO_NEW_CONFIRMATORY_INFERENCE
28,E2_ROLLING__DT-RAMDE_TS2_FULL__VS__CROSS_EVENT_WARM_START_ONLY,E2_ROLLING,POST_EXECUTION_HARD_VIOLATION_RATE,RR-INTERMITTENT/4,5,,-0.34000000000000002,0.29999999999999999,comparator_rate_minus_proposed_rate,PRE_R10_SUPPORTING_DESCRIPTIVE_RESULT_AWARE__NO_NEW_CONFIRMATORY_INFERENCE
28,E2_ROLLING__DT-RAMDE_TS2_FULL__VS__CROSS_EVENT_WARM_START_ONLY,E2_ROLLING,POST_EXECUTION_HARD_VIOLATION_RATE,RR-INTERMITTENT/5,5,,-0.32999999999999996,0.25,comparator_rate_minus_proposed_rate,PRE_R10_SUPPORTING_DESCRIPTIVE_RESULT_AWARE__NO_NEW_CONFIRMATORY_INFERENCE
28,E2_ROLLING__DT-RAMDE_TS2_FULL__VS__CROSS_EVENT_WARM_START_ONLY,E2_ROLLING,POST_EXECUTION_HARD_VIOLATION_RATE,RR-INTERMITTENT/6,5,,-0.20000000000000001,0.21000000000000002,comparator_rate_minus_proposed_rate,PRE_R10_SUPPORTING_DESCRIPTIVE_RESULT_AWARE__NO_NEW_CONFIRMATORY_INFERENCE
28,E2_ROLLING__DT-RAMDE_TS2_FULL__VS__CROSS_EVENT_WARM_START_ONLY,E2_ROLLING,POST_EXECUTION_HARD_VIOLATION_RATE,RR-INTERMITTENT/7,5,,-0.86999999999999988,0.85999999999999999,comparator_rate_minus_proposed_rate,PRE_R10_SUPPORTING_DESCRIPTIVE_RESULT_AWARE__NO_NEW_CONFIRMATORY_INFERENCE
28,E2_ROLLING__DT-RAMDE_TS2_FULL__VS__CROSS_EVENT_WARM_START_ONLY,E2_ROLLING,POST_EXECUTION_HARD_VIOLATION_RATE,RR-REJECTION/0,5,,-0.22999999999999998,0.22999999999999998,comparator_rate_minus_proposed_rate,PRE_R10_SUPPORTING_DESCRIPTIVE_RESULT_AWARE__NO_NEW_CONFIRMATORY_INFERENCE
28,E2_ROLLING__DT-RAMDE_TS2_FULL__VS__CROSS_EVENT_WARM_START_ONLY,E2_ROLLING,POST_EXECUTION_HARD_VIOLATION_RATE,RR-REJECTION/1,5,,-0.11000000000000001,0.089999999999999997,comparator_rate_minus_proposed_rate,PRE_R10_SUPPORTING_DESCRIPTIVE_RESULT_AWARE__NO_NEW_CONFIRMATORY_INFERENCE
28,E2_ROLLING__DT-RAMDE_TS2_FULL__VS__CROSS_EVENT_WARM_START_ONLY,E2_ROLLING,POST_EXECUTION_HARD_VIOLATION_RATE,RR-REJECTION/2,5,,-0.45000000000000001,0.45000000000000001,comparator_rate_minus_proposed_rate,PRE_R10_SUPPORTING_DESCRIPTIVE_RESULT_AWARE__NO_NEW_CONFIRMATORY_INFERENCE
28,E2_ROLLING__DT-RAMDE_TS2_FULL__VS__CROSS_EVENT_WARM_START_ONLY,E2_ROLLING,POST_EXECUTION_HARD_VIOLATION_RATE,RR-REJECTION/3,5,,0.020000000000000004,0.40999999999999998,comparator_rate_minus_proposed_rate,PRE_R10_SUPPORTING_DESCRIPTIVE_RESULT_AWARE__NO_NEW_CONFIRMATORY_INFERENCE
28,E2_ROLLING__DT-RAMDE_TS2_FULL__VS__CROSS_EVENT_WARM_START_ONLY,E2_ROLLING,POST_EXECUTION_HARD_VIOLATION_RATE,RR-REJECTION/4,5,,-0.050000000000000003,0.17999999999999999,comparator_rate_minus_proposed_rate,PRE_R10_SUPPORTING_DESCRIPTIVE_RESULT_AWARE__NO_NEW_CONFIRMATORY_INFERENCE
28,E2_ROLLING__DT-RAMDE_TS2_FULL__VS__CROSS_EVENT_WARM_START_ONLY,E2_ROLLING,POST_EXECUTION_HARD_VIOLATION_RATE,RR-REJECTION/5,5,,-0.089999999999999997,0.17999999999999999,comparator_rate_minus_proposed_rate,PRE_R10_SUPPORTING_DESCRIPTIVE_RESULT_AWARE__NO_NEW_CONFIRMATORY_INFERENCE
28,E2_ROLLING__DT-RAMDE_TS2_FULL__VS__CROSS_EVENT_WARM_START_ONLY,E2_ROLLING,POST_EXECUTION_HARD_VIOLATION_RATE,RR-REJECTION/6,5,0,-0.01,0.02,comparator_rate_minus_proposed_rate,PRE_R10_SUPPORTING_DESCRIPTIVE_RESULT_AWARE__NO_NEW_CONFIRMATORY_INFERENCE
28,E2_ROLLING__DT-RAMDE_TS2_FULL__VS__CROSS_EVENT_WARM_START_ONLY,E2_ROLLING,POST_EXECUTION_HARD_VIOLATION_RATE,RR-REJECTION/7,5,,-0.22999999999999998,0.42999999999999999,comparator_rate_minus_proposed_rate,PRE_R10_SUPPORTING_DESCRIPTIVE_RESULT_AWARE__NO_NEW_CONFIRMATORY_INFERENCE
28,E2_ROLLING__DT-RAMDE_TS2_FULL__VS__CROSS_EVENT_WARM_START_ONLY,E2_ROLLING,POST_EXECUTION_HARD_VIOLATION_RATE,RR-SHOCK/0,5,0,0,0,comparator_rate_minus_proposed_rate,PRE_R10_SUPPORTING_DESCRIPTIVE_RESULT_AWARE__NO_NEW_CONFIRMATORY_INFERENCE
28,E2_ROLLING__DT-RAMDE_TS2_FULL__VS__CROSS_EVENT_WARM_START_ONLY,E2_ROLLING,POST_EXECUTION_HARD_VIOLATION_RATE,RR-SHOCK/1,5,0,0,0,comparator_rate_minus_proposed_rate,PRE_R10_SUPPORTING_DESCRIPTIVE_RESULT_AWARE__NO_NEW_CONFIRMATORY_INFERENCE
28,E2_ROLLING__DT-RAMDE_TS2_FULL__VS__CROSS_EVENT_WARM_START_ONLY,E2_ROLLING,POST_EXECUTION_HARD_VIOLATION_RATE,RR-SHOCK/2,5,0,-0.050000000000000003,0.070000000000000007,comparator_rate_minus_proposed_rate,PRE_R10_SUPPORTING_DESCRIPTIVE_RESULT_AWARE__NO_NEW_CONFIRMATORY_INFERENCE
28,E2_ROLLING__DT-RAMDE_TS2_FULL__VS__CROSS_EVENT_WARM_START_ONLY,E2_ROLLING,POST_EXECUTION_HARD_VIOLATION_RATE,RR-SHOCK/3,5,,-0.45000000000000001,0.61999999999999988,comparator_rate_minus_proposed_rate,PRE_R10_SUPPORTING_DESCRIPTIVE_RESULT_AWARE__NO_NEW_CONFIRMATORY_INFERENCE
28,E2_ROLLING__DT-RAMDE_TS2_FULL__VS__CROSS_EVENT_WARM_START_ONLY,E2_ROLLING,POST_EXECUTION_HARD_VIOLATION_RATE,RR-SHOCK/4,5,0.050000000000000003,-0.10999999999999999,0.059999999999999998,comparator_rate_minus_proposed_rate,PRE_R10_SUPPORTING_DESCRIPTIVE_RESULT_AWARE__NO_NEW_CONFIRMATORY_INFERENCE
28,E2_ROLLING__DT-RAMDE_TS2_FULL__VS__CROSS_EVENT_WARM_START_ONLY,E2_ROLLING,POST_EXECUTION_HARD_VIOLATION_RATE,RR-SHOCK/5,5,,-0.40999999999999998,0.49000000000000005,comparator_rate_minus_proposed_rate,PRE_R10_SUPPORTING_DESCRIPTIVE_RESULT_AWARE__NO_NEW_CONFIRMATORY_INFERENCE
28,E2_ROLLING__DT-RAMDE_TS2_FULL__VS__CROSS_EVENT_WARM_START_ONLY,E2_ROLLING,POST_EXECUTION_HARD_VIOLATION_RATE,RR-SHOCK/6,5,,-0.31999999999999995,0.45000000000000001,comparator_rate_minus_proposed_rate,PRE_R10_SUPPORTING_DESCRIPTIVE_RESULT_AWARE__NO_NEW_CONFIRMATORY_INFERENCE
28,E2_ROLLING__DT-RAMDE_TS2_FULL__VS__CROSS_EVENT_WARM_START_ONLY,E2_ROLLING,POST_EXECUTION_HARD_VIOLATION_RATE,RR-SHOCK/7,5,0,0,0,comparator_rate_minus_proposed_rate,PRE_R10_SUPPORTING_DESCRIPTIVE_RESULT_AWARE__NO_NEW_CONFIRMATORY_INFERENCE
28,E2_ROLLING__DT-RAMDE_TS2_FULL__VS__CROSS_EVENT_WARM_START_ONLY,E2_ROLLING,POST_EXECUTION_HARD_VIOLATION_RATE,RR-SMOOTH/0,5,0,-0.060000000000000012,0.010000000000000004,comparator_rate_minus_proposed_rate,PRE_R10_SUPPORTING_DESCRIPTIVE_RESULT_AWARE__NO_NEW_CONFIRMATORY_INFERENCE
28,E2_ROLLING__DT-RAMDE_TS2_FULL__VS__CROSS_EVENT_WARM_START_ONLY,E2_ROLLING,POST_EXECUTION_HARD_VIOLATION_RATE,RR-SMOOTH/1,5,,-0.55000000000000004,0.55000000000000004,comparator_rate_minus_proposed_rate,PRE_R10_SUPPORTING_DESCRIPTIVE_RESULT_AWARE__NO_NEW_CONFIRMATORY_INFERENCE
28,E2_ROLLING__DT-RAMDE_TS2_FULL__VS__CROSS_EVENT_WARM_START_ONLY,E2_ROLLING,POST_EXECUTION_HARD_VIOLATION_RATE,RR-SMOOTH/2,5,0,0,0,comparator_rate_minus_proposed_rate,PRE_R10_SUPPORTING_DESCRIPTIVE_RESULT_AWARE__NO_NEW_CONFIRMATORY_INFERENCE
28,E2_ROLLING__DT-RAMDE_TS2_FULL__VS__CROSS_EVENT_WARM_START_ONLY,E2_ROLLING,POST_EXECUTION_HARD_VIOLATION_RATE,RR-SMOOTH/3,5,0,-0.060000000000000012,-0.01,comparator_rate_minus_proposed_rate,PRE_R10_SUPPORTING_DESCRIPTIVE_RESULT_AWARE__NO_NEW_CONFIRMATORY_INFERENCE
28,E2_ROLLING__DT-RAMDE_TS2_FULL__VS__CROSS_EVENT_WARM_START_ONLY,E2_ROLLING,POST_EXECUTION_HARD_VIOLATION_RATE,RR-SMOOTH/4,5,,-0.59999999999999998,0.69000000000000006,comparator_rate_minus_proposed_rate,PRE_R10_SUPPORTING_DESCRIPTIVE_RESULT_AWARE__NO_NEW_CONFIRMATORY_INFERENCE
28,E2_ROLLING__DT-RAMDE_TS2_FULL__VS__CROSS_EVENT_WARM_START_ONLY,E2_ROLLING,POST_EXECUTION_HARD_VIOLATION_RATE,RR-SMOOTH/5,5,0.099999999999999992,-0.02,0.10000000000000001,comparator_rate_minus_proposed_rate,PRE_R10_SUPPORTING_DESCRIPTIVE_RESULT_AWARE__NO_NEW_CONFIRMATORY_INFERENCE
28,E2_ROLLING__DT-RAMDE_TS2_FULL__VS__CROSS_EVENT_WARM_START_ONLY,E2_ROLLING,POST_EXECUTION_HARD_VIOLATION_RATE,RR-SMOOTH/6,5,,-0.53000000000000003,0.75,comparator_rate_minus_proposed_rate,PRE_R10_SUPPORTING_DESCRIPTIVE_RESULT_AWARE__NO_NEW_CONFIRMATORY_INFERENCE
28,E2_ROLLING__DT-RAMDE_TS2_FULL__VS__CROSS_EVENT_WARM_START_ONLY,E2_ROLLING,POST_EXECUTION_HARD_VIOLATION_RATE,RR-SMOOTH/7,5,,-0.14000000000000001,0.10000000000000001,comparator_rate_minus_proposed_rate,PRE_R10_SUPPORTING_DESCRIPTIVE_RESULT_AWARE__NO_NEW_CONFIRMATORY_INFERENCE
29,E2_ROLLING__DT-RAMDE_TS2_FULL__VS__CROSS_EVENT_MEMORY_ONLY,E2_ROLLING,POST_EXECUTION_HARD_VIOLATION_RATE,RR-INTERMITTENT/0,5,,-0.57000000000000006,0.34999999999999998,comparator_rate_minus_proposed_rate,PRE_R10_SUPPORTING_DESCRIPTIVE_RESULT_AWARE__NO_NEW_CONFIRMATORY_INFERENCE
29,E2_ROLLING__DT-RAMDE_TS2_FULL__VS__CROSS_EVENT_MEMORY_ONLY,E2_ROLLING,POST_EXECUTION_HARD_VIOLATION_RATE,RR-INTERMITTENT/1,5,,-0.22000000000000003,0.17000000000000001,comparator_rate_minus_proposed_rate,PRE_R10_SUPPORTING_DESCRIPTIVE_RESULT_AWARE__NO_NEW_CONFIRMATORY_INFERENCE
29,E2_ROLLING__DT-RAMDE_TS2_FULL__VS__CROSS_EVENT_MEMORY_ONLY,E2_ROLLING,POST_EXECUTION_HARD_VIOLATION_RATE,RR-INTERMITTENT/2,5,,-0.38,0.35999999999999999,comparator_rate_minus_proposed_rate,PRE_R10_SUPPORTING_DESCRIPTIVE_RESULT_AWARE__NO_NEW_CONFIRMATORY_INFERENCE
29,E2_ROLLING__DT-RAMDE_TS2_FULL__VS__CROSS_EVENT_MEMORY_ONLY,E2_ROLLING,POST_EXECUTION_HARD_VIOLATION_RATE,RR-INTERMITTENT/3,5,,-0.65000000000000002,0.49000000000000005,comparator_rate_minus_proposed_rate,PRE_R10_SUPPORTING_DESCRIPTIVE_RESULT_AWARE__NO_NEW_CONFIRMATORY_INFERENCE
29,E2_ROLLING__DT-RAMDE_TS2_FULL__VS__CROSS_EVENT_MEMORY_ONLY,E2_ROLLING,POST_EXECUTION_HARD_VIOLATION_RATE,RR-INTERMITTENT/4,5,,-0.33000000000000002,0.25999999999999995,comparator_rate_minus_proposed_rate,PRE_R10_SUPPORTING_DESCRIPTIVE_RESULT_AWARE__NO_NEW_CONFIRMATORY_INFERENCE
29,E2_ROLLING__DT-RAMDE_TS2_FULL__VS__CROSS_EVENT_MEMORY_ONLY,E2_ROLLING,POST_EXECUTION_HARD_VIOLATION_RATE,RR-INTERMITTENT/5,5,,-0.34000000000000002,0.32000000000000001,comparator_rate_minus_proposed_rate,PRE_R10_SUPPORTING_DESCRIPTIVE_RESULT_AWARE__NO_NEW_CONFIRMATORY_INFERENCE
29,E2_ROLLING__DT-RAMDE_TS2_FULL__VS__CROSS_EVENT_MEMORY_ONLY,E2_ROLLING,POST_EXECUTION_HARD_VIOLATION_RATE,RR-INTERMITTENT/6,5,,-0.20000000000000001,0.20000000000000001,comparator_rate_minus_proposed_rate,PRE_R10_SUPPORTING_DESCRIPTIVE_RESULT_AWARE__NO_NEW_CONFIRMATORY_INFERENCE
29,E2_ROLLING__DT-RAMDE_TS2_FULL__VS__CROSS_EVENT_MEMORY_ONLY,E2_ROLLING,POST_EXECUTION_HARD_VIOLATION_RATE,RR-INTERMITTENT/7,5,,-0.85999999999999999,0.83000000000000007,comparator_rate_minus_proposed_rate,PRE_R10_SUPPORTING_DESCRIPTIVE_RESULT_AWARE__NO_NEW_CONFIRMATORY_INFERENCE
29,E2_ROLLING__DT-RAMDE_TS2_FULL__VS__CROSS_EVENT_MEMORY_ONLY,E2_ROLLING,POST_EXECUTION_HARD_VIOLATION_RATE,RR-REJECTION/0,5,,-0.22000000000000003,0.22000000000000003,comparator_rate_minus_proposed_rate,PRE_R10_SUPPORTING_DESCRIPTIVE_RESULT_AWARE__NO_NEW_CONFIRMATORY_INFERENCE
29,E2_ROLLING__DT-RAMDE_TS2_FULL__VS__CROSS_EVENT_MEMORY_ONLY,E2_ROLLING,POST_EXECUTION_HARD_VIOLATION_RATE,RR-REJECTION/1,5,,-0.11000000000000001,0.070000000000000007,comparator_rate_minus_proposed_rate,PRE_R10_SUPPORTING_DESCRIPTIVE_RESULT_AWARE__NO_NEW_CONFIRMATORY_INFERENCE
29,E2_ROLLING__DT-RAMDE_TS2_FULL__VS__CROSS_EVENT_MEMORY_ONLY,E2_ROLLING,POST_EXECUTION_HARD_VIOLATION_RATE,RR-REJECTION/2,5,,-0.45000000000000001,0.44000000000000006,comparator_rate_minus_proposed_rate,PRE_R10_SUPPORTING_DESCRIPTIVE_RESULT_AWARE__NO_NEW_CONFIRMATORY_INFERENCE
29,E2_ROLLING__DT-RAMDE_TS2_FULL__VS__CROSS_EVENT_MEMORY_ONLY,E2_ROLLING,POST_EXECUTION_HARD_VIOLATION_RATE,RR-REJECTION/3,5,0.016666666666666666,-0.050000000000000003,0.019999999999999997,comparator_rate_minus_proposed_rate,PRE_R10_SUPPORTING_DESCRIPTIVE_RESULT_AWARE__NO_NEW_CONFIRMATORY_INFERENCE
29,E2_ROLLING__DT-RAMDE_TS2_FULL__VS__CROSS_EVENT_MEMORY_ONLY,E2_ROLLING,POST_EXECUTION_HARD_VIOLATION_RATE,RR-REJECTION/4,5,0,-0.050000000000000003,0.13,comparator_rate_minus_proposed_rate,PRE_R10_SUPPORTING_DESCRIPTIVE_RESULT_AWARE__NO_NEW_CONFIRMATORY_INFERENCE
29,E2_ROLLING__DT-RAMDE_TS2_FULL__VS__CROSS_EVENT_MEMORY_ONLY,E2_ROLLING,POST_EXECUTION_HARD_VIOLATION_RATE,RR-REJECTION/5,5,,-0.079999999999999988,0.10000000000000001,comparator_rate_minus_proposed_rate,PRE_R10_SUPPORTING_DESCRIPTIVE_RESULT_AWARE__NO_NEW_CONFIRMATORY_INFERENCE
29,E2_ROLLING__DT-RAMDE_TS2_FULL__VS__CROSS_EVENT_MEMORY_ONLY,E2_ROLLING,POST_EXECUTION_HARD_VIOLATION_RATE,RR-REJECTION/6,5,-0.050000000000000003,-0.030000000000000006,0.01,comparator_rate_minus_proposed_rate,PRE_R10_SUPPORTING_DESCRIPTIVE_RESULT_AWARE__NO_NEW_CONFIRMATORY_INFERENCE
29,E2_ROLLING__DT-RAMDE_TS2_FULL__VS__CROSS_EVENT_MEMORY_ONLY,E2_ROLLING,POST_EXECUTION_HARD_VIOLATION_RATE,RR-REJECTION/7,5,,-0.22999999999999998,0.32000000000000001,comparator_rate_minus_proposed_rate,PRE_R10_SUPPORTING_DESCRIPTIVE_RESULT_AWARE__NO_NEW_CONFIRMATORY_INFERENCE
29,E2_ROLLING__DT-RAMDE_TS2_FULL__VS__CROSS_EVENT_MEMORY_ONLY,E2_ROLLING,POST_EXECUTION_HARD_VIOLATION_RATE,RR-SHOCK/0,5,0,0,0,comparator_rate_minus_proposed_rate,PRE_R10_SUPPORTING_DESCRIPTIVE_RESULT_AWARE__NO_NEW_CONFIRMATORY_INFERENCE
29,E2_ROLLING__DT-RAMDE_TS2_FULL__VS__CROSS_EVENT_MEMORY_ONLY,E2_ROLLING,POST_EXECUTION_HARD_VIOLATION_RATE,RR-SHOCK/1,5,0,0,0,comparator_rate_minus_proposed_rate,PRE_R10_SUPPORTING_DESCRIPTIVE_RESULT_AWARE__NO_NEW_CONFIRMATORY_INFERENCE
29,E2_ROLLING__DT-RAMDE_TS2_FULL__VS__CROSS_EVENT_MEMORY_ONLY,E2_ROLLING,POST_EXECUTION_HARD_VIOLATION_RATE,RR-SHOCK/2,5,,-0.070000000000000007,0.14999999999999999,comparator_rate_minus_proposed_rate,PRE_R10_SUPPORTING_DESCRIPTIVE_RESULT_AWARE__NO_NEW_CONFIRMATORY_INFERENCE
29,E2_ROLLING__DT-RAMDE_TS2_FULL__VS__CROSS_EVENT_MEMORY_ONLY,E2_ROLLING,POST_EXECUTION_HARD_VIOLATION_RATE,RR-SHOCK/3,5,,-0.47000000000000003,0.45999999999999996,comparator_rate_minus_proposed_rate,PRE_R10_SUPPORTING_DESCRIPTIVE_RESULT_AWARE__NO_NEW_CONFIRMATORY_INFERENCE
29,E2_ROLLING__DT-RAMDE_TS2_FULL__VS__CROSS_EVENT_MEMORY_ONLY,E2_ROLLING,POST_EXECUTION_HARD_VIOLATION_RATE,RR-SHOCK/4,5,0.050000000000000003,-0.079999999999999988,0.10000000000000001,comparator_rate_minus_proposed_rate,PRE_R10_SUPPORTING_DESCRIPTIVE_RESULT_AWARE__NO_NEW_CONFIRMATORY_INFERENCE
29,E2_ROLLING__DT-RAMDE_TS2_FULL__VS__CROSS_EVENT_MEMORY_ONLY,E2_ROLLING,POST_EXECUTION_HARD_VIOLATION_RATE,RR-SHOCK/5,5,,-0.42999999999999999,0.47999999999999998,comparator_rate_minus_proposed_rate,PRE_R10_SUPPORTING_DESCRIPTIVE_RESULT_AWARE__NO_NEW_CONFIRMATORY_INFERENCE
29,E2_ROLLING__DT-RAMDE_TS2_FULL__VS__CROSS_EVENT_MEMORY_ONLY,E2_ROLLING,POST_EXECUTION_HARD_VIOLATION_RATE,RR-SHOCK/6,5,,-0.25,0.26999999999999996,comparator_rate_minus_proposed_rate,PRE_R10_SUPPORTING_DESCRIPTIVE_RESULT_AWARE__NO_NEW_CONFIRMATORY_INFERENCE
29,E2_ROLLING__DT-RAMDE_TS2_FULL__VS__CROSS_EVENT_MEMORY_ONLY,E2_ROLLING,POST_EXECUTION_HARD_VIOLATION_RATE,RR-SHOCK/7,5,0,0,0,comparator_rate_minus_proposed_rate,PRE_R10_SUPPORTING_DESCRIPTIVE_RESULT_AWARE__NO_NEW_CONFIRMATORY_INFERENCE
29,E2_ROLLING__DT-RAMDE_TS2_FULL__VS__CROSS_EVENT_MEMORY_ONLY,E2_ROLLING,POST_EXECUTION_HARD_VIOLATION_RATE,RR-SMOOTH/0,5,0.033333333333333333,-0.050000000000000003,-0.029999999999999992,comparator_rate_minus_proposed_rate,PRE_R10_SUPPORTING_DESCRIPTIVE_RESULT_AWARE__NO_NEW_CONFIRMATORY_INFERENCE
29,E2_ROLLING__DT-RAMDE_TS2_FULL__VS__CROSS_EVENT_MEMORY_ONLY,E2_ROLLING,POST_EXECUTION_HARD_VIOLATION_RATE,RR-SMOOTH/1,5,,-0.55999999999999994,0.84999999999999998,comparator_rate_minus_proposed_rate,PRE_R10_SUPPORTING_DESCRIPTIVE_RESULT_AWARE__NO_NEW_CONFIRMATORY_INFERENCE
29,E2_ROLLING__DT-RAMDE_TS2_FULL__VS__CROSS_EVENT_MEMORY_ONLY,E2_ROLLING,POST_EXECUTION_HARD_VIOLATION_RATE,RR-SMOOTH/2,5,0,0,0,comparator_rate_minus_proposed_rate,PRE_R10_SUPPORTING_DESCRIPTIVE_RESULT_AWARE__NO_NEW_CONFIRMATORY_INFERENCE
29,E2_ROLLING__DT-RAMDE_TS2_FULL__VS__CROSS_EVENT_MEMORY_ONLY,E2_ROLLING,POST_EXECUTION_HARD_VIOLATION_RATE,RR-SMOOTH/3,5,,-0.040000000000000001,0.040000000000000001,comparator_rate_minus_proposed_rate,PRE_R10_SUPPORTING_DESCRIPTIVE_RESULT_AWARE__NO_NEW_CONFIRMATORY_INFERENCE
29,E2_ROLLING__DT-RAMDE_TS2_FULL__VS__CROSS_EVENT_MEMORY_ONLY,E2_ROLLING,POST_EXECUTION_HARD_VIOLATION_RATE,RR-SMOOTH/4,5,,-0.65000000000000002,0.59000000000000008,comparator_rate_minus_proposed_rate,PRE_R10_SUPPORTING_DESCRIPTIVE_RESULT_AWARE__NO_NEW_CONFIRMATORY_INFERENCE
29,E2_ROLLING__DT-RAMDE_TS2_FULL__VS__CROSS_EVENT_MEMORY_ONLY,E2_ROLLING,POST_EXECUTION_HARD_VIOLATION_RATE,RR-SMOOTH/5,5,,-0.029999999999999999,0.11000000000000001,comparator_rate_minus_proposed_rate,PRE_R10_SUPPORTING_DESCRIPTIVE_RESULT_AWARE__NO_NEW_CONFIRMATORY_INFERENCE
29,E2_ROLLING__DT-RAMDE_TS2_FULL__VS__CROSS_EVENT_MEMORY_ONLY,E2_ROLLING,POST_EXECUTION_HARD_VIOLATION_RATE,RR-SMOOTH/6,5,,-0.53999999999999992,0.57999999999999996,comparator_rate_minus_proposed_rate,PRE_R10_SUPPORTING_DESCRIPTIVE_RESULT_AWARE__NO_NEW_CONFIRMATORY_INFERENCE
29,E2_ROLLING__DT-RAMDE_TS2_FULL__VS__CROSS_EVENT_MEMORY_ONLY,E2_ROLLING,POST_EXECUTION_HARD_VIOLATION_RATE,RR-SMOOTH/7,5,,-0.089999999999999997,0.089999999999999997,comparator_rate_minus_proposed_rate,PRE_R10_SUPPORTING_DESCRIPTIVE_RESULT_AWARE__NO_NEW_CONFIRMATORY_INFERENCE
30,E2_ROLLING__DT-RAMDE_TS2_FULL__VS__SHADE_ONLY,E2_ROLLING,POST_EXECUTION_HARD_VIOLATION_RATE,RR-INTERMITTENT/0,5,,-0.57999999999999996,0.33999999999999997,comparator_rate_minus_proposed_rate,PRE_R10_SUPPORTING_DESCRIPTIVE_RESULT_AWARE__NO_NEW_CONFIRMATORY_INFERENCE
30,E2_ROLLING__DT-RAMDE_TS2_FULL__VS__SHADE_ONLY,E2_ROLLING,POST_EXECUTION_HARD_VIOLATION_RATE,RR-INTERMITTENT/1,5,,-0.21000000000000002,0.21000000000000002,comparator_rate_minus_proposed_rate,PRE_R10_SUPPORTING_DESCRIPTIVE_RESULT_AWARE__NO_NEW_CONFIRMATORY_INFERENCE
30,E2_ROLLING__DT-RAMDE_TS2_FULL__VS__SHADE_ONLY,E2_ROLLING,POST_EXECUTION_HARD_VIOLATION_RATE,RR-INTERMITTENT/2,5,,-0.38,0.39000000000000001,comparator_rate_minus_proposed_rate,PRE_R10_SUPPORTING_DESCRIPTIVE_RESULT_AWARE__NO_NEW_CONFIRMATORY_INFERENCE
30,E2_ROLLING__DT-RAMDE_TS2_FULL__VS__SHADE_ONLY,E2_ROLLING,POST_EXECUTION_HARD_VIOLATION_RATE,RR-INTERMITTENT/3,5,,-0.65000000000000002,0.42000000000000004,comparator_rate_minus_proposed_rate,PRE_R10_SUPPORTING_DESCRIPTIVE_RESULT_AWARE__NO_NEW_CONFIRMATORY_INFERENCE
30,E2_ROLLING__DT-RAMDE_TS2_FULL__VS__SHADE_ONLY,E2_ROLLING,POST_EXECUTION_HARD_VIOLATION_RATE,RR-INTERMITTENT/4,5,,-0.33000000000000002,0.29999999999999999,comparator_rate_minus_proposed_rate,PRE_R10_SUPPORTING_DESCRIPTIVE_RESULT_AWARE__NO_NEW_CONFIRMATORY_INFERENCE
30,E2_ROLLING__DT-RAMDE_TS2_FULL__VS__SHADE_ONLY,E2_ROLLING,POST_EXECUTION_HARD_VIOLATION_RATE,RR-INTERMITTENT/5,5,,-0.35999999999999999,0.29000000000000004,comparator_rate_minus_proposed_rate,PRE_R10_SUPPORTING_DESCRIPTIVE_RESULT_AWARE__NO_NEW_CONFIRMATORY_INFERENCE
30,E2_ROLLING__DT-RAMDE_TS2_FULL__VS__SHADE_ONLY,E2_ROLLING,POST_EXECUTION_HARD_VIOLATION_RATE,RR-INTERMITTENT/6,5,,-0.20000000000000001,0.20000000000000001,comparator_rate_minus_proposed_rate,PRE_R10_SUPPORTING_DESCRIPTIVE_RESULT_AWARE__NO_NEW_CONFIRMATORY_INFERENCE
30,E2_ROLLING__DT-RAMDE_TS2_FULL__VS__SHADE_ONLY,E2_ROLLING,POST_EXECUTION_HARD_VIOLATION_RATE,RR-INTERMITTENT/7,5,,-0.89000000000000001,0.81999999999999995,comparator_rate_minus_proposed_rate,PRE_R10_SUPPORTING_DESCRIPTIVE_RESULT_AWARE__NO_NEW_CONFIRMATORY_INFERENCE
30,E2_ROLLING__DT-RAMDE_TS2_FULL__VS__SHADE_ONLY,E2_ROLLING,POST_EXECUTION_HARD_VIOLATION_RATE,RR-REJECTION/0,5,,-0.22999999999999998,0.16999999999999998,comparator_rate_minus_proposed_rate,PRE_R10_SUPPORTING_DESCRIPTIVE_RESULT_AWARE__NO_NEW_CONFIRMATORY_INFERENCE
30,E2_ROLLING__DT-RAMDE_TS2_FULL__VS__SHADE_ONLY,E2_ROLLING,POST_EXECUTION_HARD_VIOLATION_RATE,RR-REJECTION/1,5,,-0.11000000000000001,0.059999999999999998,comparator_rate_minus_proposed_rate,PRE_R10_SUPPORTING_DESCRIPTIVE_RESULT_AWARE__NO_NEW_CONFIRMATORY_INFERENCE
30,E2_ROLLING__DT-RAMDE_TS2_FULL__VS__SHADE_ONLY,E2_ROLLING,POST_EXECUTION_HARD_VIOLATION_RATE,RR-REJECTION/2,5,,-0.45000000000000001,0.45000000000000001,comparator_rate_minus_proposed_rate,PRE_R10_SUPPORTING_DESCRIPTIVE_RESULT_AWARE__NO_NEW_CONFIRMATORY_INFERENCE
30,E2_ROLLING__DT-RAMDE_TS2_FULL__VS__SHADE_ONLY,E2_ROLLING,POST_EXECUTION_HARD_VIOLATION_RATE,RR-REJECTION/3,5,0,-0.029999999999999999,0.080000000000000002,comparator_rate_minus_proposed_rate,PRE_R10_SUPPORTING_DESCRIPTIVE_RESULT_AWARE__NO_NEW_CONFIRMATORY_INFERENCE
30,E2_ROLLING__DT-RAMDE_TS2_FULL__VS__SHADE_ONLY,E2_ROLLING,POST_EXECUTION_HARD_VIOLATION_RATE,RR-REJECTION/4,5,0,-0.050000000000000003,0.079999999999999988,comparator_rate_minus_proposed_rate,PRE_R10_SUPPORTING_DESCRIPTIVE_RESULT_AWARE__NO_NEW_CONFIRMATORY_INFERENCE
30,E2_ROLLING__DT-RAMDE_TS2_FULL__VS__SHADE_ONLY,E2_ROLLING,POST_EXECUTION_HARD_VIOLATION_RATE,RR-REJECTION/5,5,,-0.10000000000000001,0.080000000000000002,comparator_rate_minus_proposed_rate,PRE_R10_SUPPORTING_DESCRIPTIVE_RESULT_AWARE__NO_NEW_CONFIRMATORY_INFERENCE
30,E2_ROLLING__DT-RAMDE_TS2_FULL__VS__SHADE_ONLY,E2_ROLLING,POST_EXECUTION_HARD_VIOLATION_RATE,RR-REJECTION/6,5,0,-0.02,0,comparator_rate_minus_proposed_rate,PRE_R10_SUPPORTING_DESCRIPTIVE_RESULT_AWARE__NO_NEW_CONFIRMATORY_INFERENCE
30,E2_ROLLING__DT-RAMDE_TS2_FULL__VS__SHADE_ONLY,E2_ROLLING,POST_EXECUTION_HARD_VIOLATION_RATE,RR-REJECTION/7,5,,-0.22999999999999998,0.21000000000000002,comparator_rate_minus_proposed_rate,PRE_R10_SUPPORTING_DESCRIPTIVE_RESULT_AWARE__NO_NEW_CONFIRMATORY_INFERENCE
30,E2_ROLLING__DT-RAMDE_TS2_FULL__VS__SHADE_ONLY,E2_ROLLING,POST_EXECUTION_HARD_VIOLATION_RATE,RR-SHOCK/0,5,0,0,0,comparator_rate_minus_proposed_rate,PRE_R10_SUPPORTING_DESCRIPTIVE_RESULT_AWARE__NO_NEW_CONFIRMATORY_INFERENCE
30,E2_ROLLING__DT-RAMDE_TS2_FULL__VS__SHADE_ONLY,E2_ROLLING,POST_EXECUTION_HARD_VIOLATION_RATE,RR-SHOCK/1,5,0,0,0,comparator_rate_minus_proposed_rate,PRE_R10_SUPPORTING_DESCRIPTIVE_RESULT_AWARE__NO_NEW_CONFIRMATORY_INFERENCE
30,E2_ROLLING__DT-RAMDE_TS2_FULL__VS__SHADE_ONLY,E2_ROLLING,POST_EXECUTION_HARD_VIOLATION_RATE,RR-SHOCK/2,5,,-0.050000000000000003,0.080000000000000002,comparator_rate_minus_proposed_rate,PRE_R10_SUPPORTING_DESCRIPTIVE_RESULT_AWARE__NO_NEW_CONFIRMATORY_INFERENCE
30,E2_ROLLING__DT-RAMDE_TS2_FULL__VS__SHADE_ONLY,E2_ROLLING,POST_EXECUTION_HARD_VIOLATION_RATE,RR-SHOCK/3,5,,-0.47000000000000003,0.47999999999999998,comparator_rate_minus_proposed_rate,PRE_R10_SUPPORTING_DESCRIPTIVE_RESULT_AWARE__NO_NEW_CONFIRMATORY_INFERENCE
30,E2_ROLLING__DT-RAMDE_TS2_FULL__VS__SHADE_ONLY,E2_ROLLING,POST_EXECUTION_HARD_VIOLATION_RATE,RR-SHOCK/4,5,0,-0.10999999999999999,0.089999999999999997,comparator_rate_minus_proposed_rate,PRE_R10_SUPPORTING_DESCRIPTIVE_RESULT_AWARE__NO_NEW_CONFIRMATORY_INFERENCE
30,E2_ROLLING__DT-RAMDE_TS2_FULL__VS__SHADE_ONLY,E2_ROLLING,POST_EXECUTION_HARD_VIOLATION_RATE,RR-SHOCK/5,5,,-0.40999999999999998,0.46000000000000008,comparator_rate_minus_proposed_rate,PRE_R10_SUPPORTING_DESCRIPTIVE_RESULT_AWARE__NO_NEW_CONFIRMATORY_INFERENCE
30,E2_ROLLING__DT-RAMDE_TS2_FULL__VS__SHADE_ONLY,E2_ROLLING,POST_EXECUTION_HARD_VIOLATION_RATE,RR-SHOCK/6,5,,-0.31999999999999995,0.59999999999999998,comparator_rate_minus_proposed_rate,PRE_R10_SUPPORTING_DESCRIPTIVE_RESULT_AWARE__NO_NEW_CONFIRMATORY_INFERENCE
30,E2_ROLLING__DT-RAMDE_TS2_FULL__VS__SHADE_ONLY,E2_ROLLING,POST_EXECUTION_HARD_VIOLATION_RATE,RR-SHOCK/7,5,0,0,0,comparator_rate_minus_proposed_rate,PRE_R10_SUPPORTING_DESCRIPTIVE_RESULT_AWARE__NO_NEW_CONFIRMATORY_INFERENCE
30,E2_ROLLING__DT-RAMDE_TS2_FULL__VS__SHADE_ONLY,E2_ROLLING,POST_EXECUTION_HARD_VIOLATION_RATE,RR-SMOOTH/0,5,-0.016666666666666666,-0.070000000000000007,-0.050000000000000003,comparator_rate_minus_proposed_rate,PRE_R10_SUPPORTING_DESCRIPTIVE_RESULT_AWARE__NO_NEW_CONFIRMATORY_INFERENCE
30,E2_ROLLING__DT-RAMDE_TS2_FULL__VS__SHADE_ONLY,E2_ROLLING,POST_EXECUTION_HARD_VIOLATION_RATE,RR-SMOOTH/1,5,,-0.55000000000000004,0.42999999999999999,comparator_rate_minus_proposed_rate,PRE_R10_SUPPORTING_DESCRIPTIVE_RESULT_AWARE__NO_NEW_CONFIRMATORY_INFERENCE
30,E2_ROLLING__DT-RAMDE_TS2_FULL__VS__SHADE_ONLY,E2_ROLLING,POST_EXECUTION_HARD_VIOLATION_RATE,RR-SMOOTH/2,5,0,0,0,comparator_rate_minus_proposed_rate,PRE_R10_SUPPORTING_DESCRIPTIVE_RESULT_AWARE__NO_NEW_CONFIRMATORY_INFERENCE
30,E2_ROLLING__DT-RAMDE_TS2_FULL__VS__SHADE_ONLY,E2_ROLLING,POST_EXECUTION_HARD_VIOLATION_RATE,RR-SMOOTH/3,5,-0.050000000000000003,-0.060000000000000012,0.01,comparator_rate_minus_proposed_rate,PRE_R10_SUPPORTING_DESCRIPTIVE_RESULT_AWARE__NO_NEW_CONFIRMATORY_INFERENCE
30,E2_ROLLING__DT-RAMDE_TS2_FULL__VS__SHADE_ONLY,E2_ROLLING,POST_EXECUTION_HARD_VIOLATION_RATE,RR-SMOOTH/4,5,,-0.65000000000000002,0.69999999999999996,comparator_rate_minus_proposed_rate,PRE_R10_SUPPORTING_DESCRIPTIVE_RESULT_AWARE__NO_NEW_CONFIRMATORY_INFERENCE
30,E2_ROLLING__DT-RAMDE_TS2_FULL__VS__SHADE_ONLY,E2_ROLLING,POST_EXECUTION_HARD_VIOLATION_RATE,RR-SMOOTH/5,5,-0.074999999999999997,-0.050000000000000003,0.13,comparator_rate_minus_proposed_rate,PRE_R10_SUPPORTING_DESCRIPTIVE_RESULT_AWARE__NO_NEW_CONFIRMATORY_INFERENCE
30,E2_ROLLING__DT-RAMDE_TS2_FULL__VS__SHADE_ONLY,E2_ROLLING,POST_EXECUTION_HARD_VIOLATION_RATE,RR-SMOOTH/6,5,0.050000000000000003,-0.53000000000000003,0.31,comparator_rate_minus_proposed_rate,PRE_R10_SUPPORTING_DESCRIPTIVE_RESULT_AWARE__NO_NEW_CONFIRMATORY_INFERENCE
30,E2_ROLLING__DT-RAMDE_TS2_FULL__VS__SHADE_ONLY,E2_ROLLING,POST_EXECUTION_HARD_VIOLATION_RATE,RR-SMOOTH/7,5,,-0.11000000000000001,0.13,comparator_rate_minus_proposed_rate,PRE_R10_SUPPORTING_DESCRIPTIVE_RESULT_AWARE__NO_NEW_CONFIRMATORY_INFERENCE
