hypothesis_index,hypothesis_id,family_id,cluster_id,expected_nested_pairs,valid_nested_pairs,cluster_effect_available,cluster_effect,cluster_worst_case_bound,cluster_best_case_bound
1,E1_STATIC__F22_MG_STATIC__VS__MATCHED_FIXED_DE_PARETO__ANYTIME_NHV_AUC,E1_PRIMARY_ANYTIME,LIRCMOP1,10,10,true,0.012904707626203927,0.012904707626203927,0.012904707626203927
1,E1_STATIC__F22_MG_STATIC__VS__MATCHED_FIXED_DE_PARETO__ANYTIME_NHV_AUC,E1_PRIMARY_ANYTIME,LIRCMOP10,10,10,true,-0.048463774154795712,-0.048463774154795712,-0.048463774154795712
1,E1_STATIC__F22_MG_STATIC__VS__MATCHED_FIXED_DE_PARETO__ANYTIME_NHV_AUC,E1_PRIMARY_ANYTIME,LIRCMOP11,10,10,true,-0.038143740158827585,-0.038143740158827585,-0.038143740158827585
1,E1_STATIC__F22_MG_STATIC__VS__MATCHED_FIXED_DE_PARETO__ANYTIME_NHV_AUC,E1_PRIMARY_ANYTIME,LIRCMOP12,10,10,true,0.018945120658472037,0.018945120658472037,0.018945120658472037
1,E1_STATIC__F22_MG_STATIC__VS__MATCHED_FIXED_DE_PARETO__ANYTIME_NHV_AUC,E1_PRIMARY_ANYTIME,LIRCMOP13,10,10,true,7.3180264425099412e-05,7.3180264425099412e-05,7.3180264425099412e-05
1,E1_STATIC__F22_MG_STATIC__VS__MATCHED_FIXED_DE_PARETO__ANYTIME_NHV_AUC,E1_PRIMARY_ANYTIME,LIRCMOP14,10,10,true,0.00027460671378376283,0.00027460671378376283,0.00027460671378376283
1,E1_STATIC__F22_MG_STATIC__VS__MATCHED_FIXED_DE_PARETO__ANYTIME_NHV_AUC,E1_PRIMARY_ANYTIME,LIRCMOP2,10,10,true,0.014412838993911808,0.014412838993911808,0.014412838993911808
1,E1_STATIC__F22_MG_STATIC__VS__MATCHED_FIXED_DE_PARETO__ANYTIME_NHV_AUC,E1_PRIMARY_ANYTIME,LIRCMOP3,10,10,true,0.038437424861851553,0.038437424861851553,0.038437424861851553
1,E1_STATIC__F22_MG_STATIC__VS__MATCHED_FIXED_DE_PARETO__ANYTIME_NHV_AUC,E1_PRIMARY_ANYTIME,LIRCMOP4,10,10,true,0.071648333377074547,0.071648333377074547,0.071648333377074547
1,E1_STATIC__F22_MG_STATIC__VS__MATCHED_FIXED_DE_PARETO__ANYTIME_NHV_AUC,E1_PRIMARY_ANYTIME,LIRCMOP5,10,10,true,0,0,0
1,E1_STATIC__F22_MG_STATIC__VS__MATCHED_FIXED_DE_PARETO__ANYTIME_NHV_AUC,E1_PRIMARY_ANYTIME,LIRCMOP6,10,10,true,0.0016649555881676041,0.0016649555881676041,0.0016649555881676041
1,E1_STATIC__F22_MG_STATIC__VS__MATCHED_FIXED_DE_PARETO__ANYTIME_NHV_AUC,E1_PRIMARY_ANYTIME,LIRCMOP7,10,10,true,0.078888775994660459,0.078888775994660459,0.078888775994660459
1,E1_STATIC__F22_MG_STATIC__VS__MATCHED_FIXED_DE_PARETO__ANYTIME_NHV_AUC,E1_PRIMARY_ANYTIME,LIRCMOP8,10,10,true,0.0078385013363602811,0.0078385013363602811,0.0078385013363602811
1,E1_STATIC__F22_MG_STATIC__VS__MATCHED_FIXED_DE_PARETO__ANYTIME_NHV_AUC,E1_PRIMARY_ANYTIME,LIRCMOP9,10,10,true,0.010761949849118711,0.010761949849118711,0.010761949849118711
2,E1_STATIC__F22_MG_STATIC__VS__MATCHED_JDE_STYLE_PARETO__ANYTIME_NHV_AUC,E1_PRIMARY_ANYTIME,LIRCMOP1,10,10,true,0.030885826402513177,0.030885826402513177,0.030885826402513177
2,E1_STATIC__F22_MG_STATIC__VS__MATCHED_JDE_STYLE_PARETO__ANYTIME_NHV_AUC,E1_PRIMARY_ANYTIME,LIRCMOP10,10,10,true,0.055641454564530665,0.055641454564530665,0.055641454564530665
2,E1_STATIC__F22_MG_STATIC__VS__MATCHED_JDE_STYLE_PARETO__ANYTIME_NHV_AUC,E1_PRIMARY_ANYTIME,LIRCMOP11,10,10,true,0.083061356538904257,0.083061356538904257,0.083061356538904257
2,E1_STATIC__F22_MG_STATIC__VS__MATCHED_JDE_STYLE_PARETO__ANYTIME_NHV_AUC,E1_PRIMARY_ANYTIME,LIRCMOP12,10,10,true,0.0019472703675637831,0.0019472703675637831,0.0019472703675637831
2,E1_STATIC__F22_MG_STATIC__VS__MATCHED_JDE_STYLE_PARETO__ANYTIME_NHV_AUC,E1_PRIMARY_ANYTIME,LIRCMOP13,10,10,true,-0.0040425194932913007,-0.0040425194932913007,-0.0040425194932913007
2,E1_STATIC__F22_MG_STATIC__VS__MATCHED_JDE_STYLE_PARETO__ANYTIME_NHV_AUC,E1_PRIMARY_ANYTIME,LIRCMOP14,10,10,true,-0.0049544624909724074,-0.0049544624909724074,-0.0049544624909724074
2,E1_STATIC__F22_MG_STATIC__VS__MATCHED_JDE_STYLE_PARETO__ANYTIME_NHV_AUC,E1_PRIMARY_ANYTIME,LIRCMOP2,10,10,true,0.033572325376818604,0.033572325376818604,0.033572325376818604
2,E1_STATIC__F22_MG_STATIC__VS__MATCHED_JDE_STYLE_PARETO__ANYTIME_NHV_AUC,E1_PRIMARY_ANYTIME,LIRCMOP3,10,10,true,0.013880919187647603,0.013880919187647603,0.013880919187647603
2,E1_STATIC__F22_MG_STATIC__VS__MATCHED_JDE_STYLE_PARETO__ANYTIME_NHV_AUC,E1_PRIMARY_ANYTIME,LIRCMOP4,10,10,true,0.043771901846630712,0.043771901846630712,0.043771901846630712
2,E1_STATIC__F22_MG_STATIC__VS__MATCHED_JDE_STYLE_PARETO__ANYTIME_NHV_AUC,E1_PRIMARY_ANYTIME,LIRCMOP5,10,10,true,0,0,0
2,E1_STATIC__F22_MG_STATIC__VS__MATCHED_JDE_STYLE_PARETO__ANYTIME_NHV_AUC,E1_PRIMARY_ANYTIME,LIRCMOP6,10,10,true,0.0016649555881676041,0.0016649555881676041,0.0016649555881676041
2,E1_STATIC__F22_MG_STATIC__VS__MATCHED_JDE_STYLE_PARETO__ANYTIME_NHV_AUC,E1_PRIMARY_ANYTIME,LIRCMOP7,10,10,true,-0.054925091681542582,-0.054925091681542582,-0.054925091681542582
2,E1_STATIC__F22_MG_STATIC__VS__MATCHED_JDE_STYLE_PARETO__ANYTIME_NHV_AUC,E1_PRIMARY_ANYTIME,LIRCMOP8,10,10,true,-0.024712357960287864,-0.024712357960287864,-0.024712357960287864
2,E1_STATIC__F22_MG_STATIC__VS__MATCHED_JDE_STYLE_PARETO__ANYTIME_NHV_AUC,E1_PRIMARY_ANYTIME,LIRCMOP9,10,10,true,-0.022014598681291735,-0.022014598681291735,-0.022014598681291735
3,E1_STATIC__F22_MG_STATIC__VS__MATCHED_SHADE_STYLE_PARETO__ANYTIME_NHV_AUC,E1_PRIMARY_ANYTIME,LIRCMOP1,10,10,true,0.014547566260228498,0.014547566260228498,0.014547566260228498
3,E1_STATIC__F22_MG_STATIC__VS__MATCHED_SHADE_STYLE_PARETO__ANYTIME_NHV_AUC,E1_PRIMARY_ANYTIME,LIRCMOP10,10,10,true,-0.01544995083397222,-0.01544995083397222,-0.01544995083397222
3,E1_STATIC__F22_MG_STATIC__VS__MATCHED_SHADE_STYLE_PARETO__ANYTIME_NHV_AUC,E1_PRIMARY_ANYTIME,LIRCMOP11,10,10,true,0.01748565108819659,0.01748565108819659,0.01748565108819659
3,E1_STATIC__F22_MG_STATIC__VS__MATCHED_SHADE_STYLE_PARETO__ANYTIME_NHV_AUC,E1_PRIMARY_ANYTIME,LIRCMOP12,10,10,true,0.013729369254198145,0.013729369254198145,0.013729369254198145
3,E1_STATIC__F22_MG_STATIC__VS__MATCHED_SHADE_STYLE_PARETO__ANYTIME_NHV_AUC,E1_PRIMARY_ANYTIME,LIRCMOP13,10,10,true,-0.0051015447152257592,-0.0051015447152257592,-0.0051015447152257592
3,E1_STATIC__F22_MG_STATIC__VS__MATCHED_SHADE_STYLE_PARETO__ANYTIME_NHV_AUC,E1_PRIMARY_ANYTIME,LIRCMOP14,10,10,true,-0.005900898879996638,-0.005900898879996638,-0.005900898879996638
3,E1_STATIC__F22_MG_STATIC__VS__MATCHED_SHADE_STYLE_PARETO__ANYTIME_NHV_AUC,E1_PRIMARY_ANYTIME,LIRCMOP2,10,10,true,0.013221778777723981,0.013221778777723981,0.013221778777723981
3,E1_STATIC__F22_MG_STATIC__VS__MATCHED_SHADE_STYLE_PARETO__ANYTIME_NHV_AUC,E1_PRIMARY_ANYTIME,LIRCMOP3,10,10,true,0.0035515892186198327,0.0035515892186198327,0.0035515892186198327
3,E1_STATIC__F22_MG_STATIC__VS__MATCHED_SHADE_STYLE_PARETO__ANYTIME_NHV_AUC,E1_PRIMARY_ANYTIME,LIRCMOP4,10,10,true,0.011320918305542067,0.011320918305542067,0.011320918305542067
3,E1_STATIC__F22_MG_STATIC__VS__MATCHED_SHADE_STYLE_PARETO__ANYTIME_NHV_AUC,E1_PRIMARY_ANYTIME,LIRCMOP5,10,10,true,0,0,0
3,E1_STATIC__F22_MG_STATIC__VS__MATCHED_SHADE_STYLE_PARETO__ANYTIME_NHV_AUC,E1_PRIMARY_ANYTIME,LIRCMOP6,10,10,true,0.0016649555881676041,0.0016649555881676041,0.0016649555881676041
3,E1_STATIC__F22_MG_STATIC__VS__MATCHED_SHADE_STYLE_PARETO__ANYTIME_NHV_AUC,E1_PRIMARY_ANYTIME,LIRCMOP7,10,10,true,0.033161507419178483,0.033161507419178483,0.033161507419178483
3,E1_STATIC__F22_MG_STATIC__VS__MATCHED_SHADE_STYLE_PARETO__ANYTIME_NHV_AUC,E1_PRIMARY_ANYTIME,LIRCMOP8,10,10,true,-0.035230072788150359,-0.035230072788150359,-0.035230072788150359
3,E1_STATIC__F22_MG_STATIC__VS__MATCHED_SHADE_STYLE_PARETO__ANYTIME_NHV_AUC,E1_PRIMARY_ANYTIME,LIRCMOP9,10,10,true,-0.012648451505465947,-0.012648451505465947,-0.012648451505465947
4,E1_STATIC__F22_MG_STATIC__VS__JMETALPY_1_7_GDE3_STANDARD_PARETO_DE__ANYTIME_NHV_AUC,E1_PRIMARY_ANYTIME,LIRCMOP1,10,10,true,0.0078420869178733275,0.0078420869178733275,0.0078420869178733275
4,E1_STATIC__F22_MG_STATIC__VS__JMETALPY_1_7_GDE3_STANDARD_PARETO_DE__ANYTIME_NHV_AUC,E1_PRIMARY_ANYTIME,LIRCMOP10,10,10,true,0.007047647186259472,0.007047647186259472,0.007047647186259472
4,E1_STATIC__F22_MG_STATIC__VS__JMETALPY_1_7_GDE3_STANDARD_PARETO_DE__ANYTIME_NHV_AUC,E1_PRIMARY_ANYTIME,LIRCMOP11,10,10,true,0.026545956247790749,0.026545956247790749,0.026545956247790749
4,E1_STATIC__F22_MG_STATIC__VS__JMETALPY_1_7_GDE3_STANDARD_PARETO_DE__ANYTIME_NHV_AUC,E1_PRIMARY_ANYTIME,LIRCMOP12,10,10,true,-0.0067653400255487852,-0.0067653400255487852,-0.0067653400255487852
4,E1_STATIC__F22_MG_STATIC__VS__JMETALPY_1_7_GDE3_STANDARD_PARETO_DE__ANYTIME_NHV_AUC,E1_PRIMARY_ANYTIME,LIRCMOP13,10,10,true,6.1627307913796943e-05,6.1627307913796943e-05,6.1627307913796943e-05
4,E1_STATIC__F22_MG_STATIC__VS__JMETALPY_1_7_GDE3_STANDARD_PARETO_DE__ANYTIME_NHV_AUC,E1_PRIMARY_ANYTIME,LIRCMOP14,10,10,true,0.0002381116077229155,0.0002381116077229155,0.0002381116077229155
4,E1_STATIC__F22_MG_STATIC__VS__JMETALPY_1_7_GDE3_STANDARD_PARETO_DE__ANYTIME_NHV_AUC,E1_PRIMARY_ANYTIME,LIRCMOP2,10,10,true,0.022835775814779108,0.022835775814779108,0.022835775814779108
4,E1_STATIC__F22_MG_STATIC__VS__JMETALPY_1_7_GDE3_STANDARD_PARETO_DE__ANYTIME_NHV_AUC,E1_PRIMARY_ANYTIME,LIRCMOP3,10,10,true,0.029315203113324178,0.029315203113324178,0.029315203113324178
4,E1_STATIC__F22_MG_STATIC__VS__JMETALPY_1_7_GDE3_STANDARD_PARETO_DE__ANYTIME_NHV_AUC,E1_PRIMARY_ANYTIME,LIRCMOP4,10,10,true,0.055694903561531804,0.055694903561531804,0.055694903561531804
4,E1_STATIC__F22_MG_STATIC__VS__JMETALPY_1_7_GDE3_STANDARD_PARETO_DE__ANYTIME_NHV_AUC,E1_PRIMARY_ANYTIME,LIRCMOP5,10,10,true,0,0,0
4,E1_STATIC__F22_MG_STATIC__VS__JMETALPY_1_7_GDE3_STANDARD_PARETO_DE__ANYTIME_NHV_AUC,E1_PRIMARY_ANYTIME,LIRCMOP6,10,10,true,0.0016649555881676041,0.0016649555881676041,0.0016649555881676041
4,E1_STATIC__F22_MG_STATIC__VS__JMETALPY_1_7_GDE3_STANDARD_PARETO_DE__ANYTIME_NHV_AUC,E1_PRIMARY_ANYTIME,LIRCMOP7,10,10,true,0.080719091745436775,0.080719091745436775,0.080719091745436775
4,E1_STATIC__F22_MG_STATIC__VS__JMETALPY_1_7_GDE3_STANDARD_PARETO_DE__ANYTIME_NHV_AUC,E1_PRIMARY_ANYTIME,LIRCMOP8,10,10,true,-0.010305259459817825,-0.010305259459817825,-0.010305259459817825
4,E1_STATIC__F22_MG_STATIC__VS__JMETALPY_1_7_GDE3_STANDARD_PARETO_DE__ANYTIME_NHV_AUC,E1_PRIMARY_ANYTIME,LIRCMOP9,10,10,true,-0.021896984558183674,-0.021896984558183674,-0.021896984558183674
5,E1_STATIC__F22_MG_STATIC__VS__JMETALPY_1_7_NSGAII_STATIC_CMOEA__ANYTIME_NHV_AUC,E1_PRIMARY_ANYTIME,LIRCMOP1,10,10,true,0.025386872887338034,0.025386872887338034,0.025386872887338034
5,E1_STATIC__F22_MG_STATIC__VS__JMETALPY_1_7_NSGAII_STATIC_CMOEA__ANYTIME_NHV_AUC,E1_PRIMARY_ANYTIME,LIRCMOP10,10,10,true,0.13090500739968094,0.13090500739968094,0.13090500739968094
5,E1_STATIC__F22_MG_STATIC__VS__JMETALPY_1_7_NSGAII_STATIC_CMOEA__ANYTIME_NHV_AUC,E1_PRIMARY_ANYTIME,LIRCMOP11,10,10,true,0.089952124721405083,0.089952124721405083,0.089952124721405083
5,E1_STATIC__F22_MG_STATIC__VS__JMETALPY_1_7_NSGAII_STATIC_CMOEA__ANYTIME_NHV_AUC,E1_PRIMARY_ANYTIME,LIRCMOP12,10,10,true,0.047205830042017012,0.047205830042017012,0.047205830042017012
5,E1_STATIC__F22_MG_STATIC__VS__JMETALPY_1_7_NSGAII_STATIC_CMOEA__ANYTIME_NHV_AUC,E1_PRIMARY_ANYTIME,LIRCMOP13,10,10,true,3.1288720665810864e-05,3.1288720665810864e-05,3.1288720665810864e-05
5,E1_STATIC__F22_MG_STATIC__VS__JMETALPY_1_7_NSGAII_STATIC_CMOEA__ANYTIME_NHV_AUC,E1_PRIMARY_ANYTIME,LIRCMOP14,10,10,true,8.7329069028845415e-05,8.7329069028845415e-05,8.7329069028845415e-05
5,E1_STATIC__F22_MG_STATIC__VS__JMETALPY_1_7_NSGAII_STATIC_CMOEA__ANYTIME_NHV_AUC,E1_PRIMARY_ANYTIME,LIRCMOP2,10,10,true,0.037639030856046717,0.037639030856046717,0.037639030856046717
5,E1_STATIC__F22_MG_STATIC__VS__JMETALPY_1_7_NSGAII_STATIC_CMOEA__ANYTIME_NHV_AUC,E1_PRIMARY_ANYTIME,LIRCMOP3,10,10,true,0.021985669233428189,0.021985669233428189,0.021985669233428189
5,E1_STATIC__F22_MG_STATIC__VS__JMETALPY_1_7_NSGAII_STATIC_CMOEA__ANYTIME_NHV_AUC,E1_PRIMARY_ANYTIME,LIRCMOP4,10,10,true,0.025922894990467439,0.025922894990467439,0.025922894990467439
5,E1_STATIC__F22_MG_STATIC__VS__JMETALPY_1_7_NSGAII_STATIC_CMOEA__ANYTIME_NHV_AUC,E1_PRIMARY_ANYTIME,LIRCMOP5,10,10,true,0,0,0
5,E1_STATIC__F22_MG_STATIC__VS__JMETALPY_1_7_NSGAII_STATIC_CMOEA__ANYTIME_NHV_AUC,E1_PRIMARY_ANYTIME,LIRCMOP6,10,10,true,0.0016649555881676041,0.0016649555881676041,0.0016649555881676041
5,E1_STATIC__F22_MG_STATIC__VS__JMETALPY_1_7_NSGAII_STATIC_CMOEA__ANYTIME_NHV_AUC,E1_PRIMARY_ANYTIME,LIRCMOP7,10,10,true,-0.019065738371445533,-0.019065738371445533,-0.019065738371445533
5,E1_STATIC__F22_MG_STATIC__VS__JMETALPY_1_7_NSGAII_STATIC_CMOEA__ANYTIME_NHV_AUC,E1_PRIMARY_ANYTIME,LIRCMOP8,10,10,true,-0.035660173478330066,-0.035660173478330066,-0.035660173478330066
5,E1_STATIC__F22_MG_STATIC__VS__JMETALPY_1_7_NSGAII_STATIC_CMOEA__ANYTIME_NHV_AUC,E1_PRIMARY_ANYTIME,LIRCMOP9,10,10,true,0.018613423551161374,0.018613423551161374,0.018613423551161374
6,E1_DYNAMIC__DT-RAMDE_TS2_FULL__VS__MATCHED_FIXED_DE_PARETO__ANYTIME_NHV_AUC,E1_PRIMARY_ANYTIME,CDF1,10,10,true,0.22321195692297954,0.22321195692297954,0.22321195692297954
6,E1_DYNAMIC__DT-RAMDE_TS2_FULL__VS__MATCHED_FIXED_DE_PARETO__ANYTIME_NHV_AUC,E1_PRIMARY_ANYTIME,CDF10,10,10,true,0.30103920047571664,0.30103920047571664,0.30103920047571664
6,E1_DYNAMIC__DT-RAMDE_TS2_FULL__VS__MATCHED_FIXED_DE_PARETO__ANYTIME_NHV_AUC,E1_PRIMARY_ANYTIME,CDF11,10,10,true,0.20553403275199744,0.20553403275199744,0.20553403275199744
6,E1_DYNAMIC__DT-RAMDE_TS2_FULL__VS__MATCHED_FIXED_DE_PARETO__ANYTIME_NHV_AUC,E1_PRIMARY_ANYTIME,CDF12,10,10,true,0.24609106641506229,0.24609106641506229,0.24609106641506229
6,E1_DYNAMIC__DT-RAMDE_TS2_FULL__VS__MATCHED_FIXED_DE_PARETO__ANYTIME_NHV_AUC,E1_PRIMARY_ANYTIME,CDF13,10,10,true,0.29614073302558874,0.29614073302558874,0.29614073302558874
6,E1_DYNAMIC__DT-RAMDE_TS2_FULL__VS__MATCHED_FIXED_DE_PARETO__ANYTIME_NHV_AUC,E1_PRIMARY_ANYTIME,CDF14,10,10,true,0.042531248660519862,0.042531248660519862,0.042531248660519862
6,E1_DYNAMIC__DT-RAMDE_TS2_FULL__VS__MATCHED_FIXED_DE_PARETO__ANYTIME_NHV_AUC,E1_PRIMARY_ANYTIME,CDF15,10,10,true,0.23555495162208284,0.23555495162208284,0.23555495162208284
6,E1_DYNAMIC__DT-RAMDE_TS2_FULL__VS__MATCHED_FIXED_DE_PARETO__ANYTIME_NHV_AUC,E1_PRIMARY_ANYTIME,CDF2,10,10,true,0.37114940999981783,0.37114940999981783,0.37114940999981783
6,E1_DYNAMIC__DT-RAMDE_TS2_FULL__VS__MATCHED_FIXED_DE_PARETO__ANYTIME_NHV_AUC,E1_PRIMARY_ANYTIME,CDF3,10,10,true,0.16615642272908826,0.16615642272908826,0.16615642272908826
6,E1_DYNAMIC__DT-RAMDE_TS2_FULL__VS__MATCHED_FIXED_DE_PARETO__ANYTIME_NHV_AUC,E1_PRIMARY_ANYTIME,CDF4,10,10,true,0.22201139122921057,0.22201139122921057,0.22201139122921057
6,E1_DYNAMIC__DT-RAMDE_TS2_FULL__VS__MATCHED_FIXED_DE_PARETO__ANYTIME_NHV_AUC,E1_PRIMARY_ANYTIME,CDF5,10,10,true,0.038411917679785509,0.038411917679785509,0.038411917679785509
6,E1_DYNAMIC__DT-RAMDE_TS2_FULL__VS__MATCHED_FIXED_DE_PARETO__ANYTIME_NHV_AUC,E1_PRIMARY_ANYTIME,CDF6,10,10,true,0.33750985958983426,0.33750985958983426,0.33750985958983426
6,E1_DYNAMIC__DT-RAMDE_TS2_FULL__VS__MATCHED_FIXED_DE_PARETO__ANYTIME_NHV_AUC,E1_PRIMARY_ANYTIME,CDF7,10,10,true,0.11901881249455004,0.11901881249455004,0.11901881249455004
6,E1_DYNAMIC__DT-RAMDE_TS2_FULL__VS__MATCHED_FIXED_DE_PARETO__ANYTIME_NHV_AUC,E1_PRIMARY_ANYTIME,CDF8,10,10,true,0.21144653865029273,0.21144653865029273,0.21144653865029273
6,E1_DYNAMIC__DT-RAMDE_TS2_FULL__VS__MATCHED_FIXED_DE_PARETO__ANYTIME_NHV_AUC,E1_PRIMARY_ANYTIME,CDF9,10,0,false,,-1,1
7,E1_DYNAMIC__DT-RAMDE_TS2_FULL__VS__MATCHED_JDE_STYLE_PARETO__ANYTIME_NHV_AUC,E1_PRIMARY_ANYTIME,CDF1,10,10,true,0.18544951743350704,0.18544951743350704,0.18544951743350704
7,E1_DYNAMIC__DT-RAMDE_TS2_FULL__VS__MATCHED_JDE_STYLE_PARETO__ANYTIME_NHV_AUC,E1_PRIMARY_ANYTIME,CDF10,10,10,true,0.29493626809088747,0.29493626809088747,0.29493626809088747
7,E1_DYNAMIC__DT-RAMDE_TS2_FULL__VS__MATCHED_JDE_STYLE_PARETO__ANYTIME_NHV_AUC,E1_PRIMARY_ANYTIME,CDF11,10,10,true,0.20173927355095161,0.20173927355095161,0.20173927355095161
7,E1_DYNAMIC__DT-RAMDE_TS2_FULL__VS__MATCHED_JDE_STYLE_PARETO__ANYTIME_NHV_AUC,E1_PRIMARY_ANYTIME,CDF12,10,10,true,0.21526454059176997,0.21526454059176997,0.21526454059176997
7,E1_DYNAMIC__DT-RAMDE_TS2_FULL__VS__MATCHED_JDE_STYLE_PARETO__ANYTIME_NHV_AUC,E1_PRIMARY_ANYTIME,CDF13,10,10,true,0.21809291911806061,0.21809291911806061,0.21809291911806061
7,E1_DYNAMIC__DT-RAMDE_TS2_FULL__VS__MATCHED_JDE_STYLE_PARETO__ANYTIME_NHV_AUC,E1_PRIMARY_ANYTIME,CDF14,10,10,true,0.044972402414814323,0.044972402414814323,0.044972402414814323
7,E1_DYNAMIC__DT-RAMDE_TS2_FULL__VS__MATCHED_JDE_STYLE_PARETO__ANYTIME_NHV_AUC,E1_PRIMARY_ANYTIME,CDF15,10,10,true,0.18385558766254306,0.18385558766254306,0.18385558766254306
7,E1_DYNAMIC__DT-RAMDE_TS2_FULL__VS__MATCHED_JDE_STYLE_PARETO__ANYTIME_NHV_AUC,E1_PRIMARY_ANYTIME,CDF2,10,10,true,0.26055557262473272,0.26055557262473272,0.26055557262473272
7,E1_DYNAMIC__DT-RAMDE_TS2_FULL__VS__MATCHED_JDE_STYLE_PARETO__ANYTIME_NHV_AUC,E1_PRIMARY_ANYTIME,CDF3,10,10,true,0.15584128323404156,0.15584128323404156,0.15584128323404156
7,E1_DYNAMIC__DT-RAMDE_TS2_FULL__VS__MATCHED_JDE_STYLE_PARETO__ANYTIME_NHV_AUC,E1_PRIMARY_ANYTIME,CDF4,10,10,true,0.19896034327195328,0.19896034327195328,0.19896034327195328
7,E1_DYNAMIC__DT-RAMDE_TS2_FULL__VS__MATCHED_JDE_STYLE_PARETO__ANYTIME_NHV_AUC,E1_PRIMARY_ANYTIME,CDF5,10,10,true,0.032452724641284472,0.032452724641284472,0.032452724641284472
7,E1_DYNAMIC__DT-RAMDE_TS2_FULL__VS__MATCHED_JDE_STYLE_PARETO__ANYTIME_NHV_AUC,E1_PRIMARY_ANYTIME,CDF6,10,10,true,0.24263879842848662,0.24263879842848662,0.24263879842848662
7,E1_DYNAMIC__DT-RAMDE_TS2_FULL__VS__MATCHED_JDE_STYLE_PARETO__ANYTIME_NHV_AUC,E1_PRIMARY_ANYTIME,CDF7,10,10,true,0.098875370633593584,0.098875370633593584,0.098875370633593584
7,E1_DYNAMIC__DT-RAMDE_TS2_FULL__VS__MATCHED_JDE_STYLE_PARETO__ANYTIME_NHV_AUC,E1_PRIMARY_ANYTIME,CDF8,10,10,true,0.17658339788030181,0.17658339788030181,0.17658339788030181
7,E1_DYNAMIC__DT-RAMDE_TS2_FULL__VS__MATCHED_JDE_STYLE_PARETO__ANYTIME_NHV_AUC,E1_PRIMARY_ANYTIME,CDF9,10,0,false,,-1,1
8,E1_DYNAMIC__DT-RAMDE_TS2_FULL__VS__MATCHED_SHADE_STYLE_PARETO__ANYTIME_NHV_AUC,E1_PRIMARY_ANYTIME,CDF1,10,10,true,0.2096990844557105,0.2096990844557105,0.2096990844557105
8,E1_DYNAMIC__DT-RAMDE_TS2_FULL__VS__MATCHED_SHADE_STYLE_PARETO__ANYTIME_NHV_AUC,E1_PRIMARY_ANYTIME,CDF10,10,10,true,0.30055690015180447,0.30055690015180447,0.30055690015180447
8,E1_DYNAMIC__DT-RAMDE_TS2_FULL__VS__MATCHED_SHADE_STYLE_PARETO__ANYTIME_NHV_AUC,E1_PRIMARY_ANYTIME,CDF11,10,10,true,0.20514492787088867,0.20514492787088867,0.20514492787088867
8,E1_DYNAMIC__DT-RAMDE_TS2_FULL__VS__MATCHED_SHADE_STYLE_PARETO__ANYTIME_NHV_AUC,E1_PRIMARY_ANYTIME,CDF12,10,10,true,0.20441902653755867,0.20441902653755867,0.20441902653755867
8,E1_DYNAMIC__DT-RAMDE_TS2_FULL__VS__MATCHED_SHADE_STYLE_PARETO__ANYTIME_NHV_AUC,E1_PRIMARY_ANYTIME,CDF13,10,10,true,0.23474420726111223,0.23474420726111223,0.23474420726111223
8,E1_DYNAMIC__DT-RAMDE_TS2_FULL__VS__MATCHED_SHADE_STYLE_PARETO__ANYTIME_NHV_AUC,E1_PRIMARY_ANYTIME,CDF14,10,10,true,0.059241001251516934,0.059241001251516934,0.059241001251516934
8,E1_DYNAMIC__DT-RAMDE_TS2_FULL__VS__MATCHED_SHADE_STYLE_PARETO__ANYTIME_NHV_AUC,E1_PRIMARY_ANYTIME,CDF15,10,10,true,0.20099493157075921,0.20099493157075921,0.20099493157075921
8,E1_DYNAMIC__DT-RAMDE_TS2_FULL__VS__MATCHED_SHADE_STYLE_PARETO__ANYTIME_NHV_AUC,E1_PRIMARY_ANYTIME,CDF2,10,10,true,0.29568786338492498,0.29568786338492498,0.29568786338492498
8,E1_DYNAMIC__DT-RAMDE_TS2_FULL__VS__MATCHED_SHADE_STYLE_PARETO__ANYTIME_NHV_AUC,E1_PRIMARY_ANYTIME,CDF3,10,10,true,0.16575666859569246,0.16575666859569246,0.16575666859569246
8,E1_DYNAMIC__DT-RAMDE_TS2_FULL__VS__MATCHED_SHADE_STYLE_PARETO__ANYTIME_NHV_AUC,E1_PRIMARY_ANYTIME,CDF4,10,10,true,0.21482878395308194,0.21482878395308194,0.21482878395308194
8,E1_DYNAMIC__DT-RAMDE_TS2_FULL__VS__MATCHED_SHADE_STYLE_PARETO__ANYTIME_NHV_AUC,E1_PRIMARY_ANYTIME,CDF5,10,10,true,0.038074029335320572,0.038074029335320572,0.038074029335320572
8,E1_DYNAMIC__DT-RAMDE_TS2_FULL__VS__MATCHED_SHADE_STYLE_PARETO__ANYTIME_NHV_AUC,E1_PRIMARY_ANYTIME,CDF6,10,10,true,0.26767269338823807,0.26767269338823807,0.26767269338823807
8,E1_DYNAMIC__DT-RAMDE_TS2_FULL__VS__MATCHED_SHADE_STYLE_PARETO__ANYTIME_NHV_AUC,E1_PRIMARY_ANYTIME,CDF7,10,10,true,0.10555902206254322,0.10555902206254322,0.10555902206254322
8,E1_DYNAMIC__DT-RAMDE_TS2_FULL__VS__MATCHED_SHADE_STYLE_PARETO__ANYTIME_NHV_AUC,E1_PRIMARY_ANYTIME,CDF8,10,10,true,0.20644529167623529,0.20644529167623529,0.20644529167623529
8,E1_DYNAMIC__DT-RAMDE_TS2_FULL__VS__MATCHED_SHADE_STYLE_PARETO__ANYTIME_NHV_AUC,E1_PRIMARY_ANYTIME,CDF9,10,0,false,,-1,1
9,E1_DYNAMIC__DT-RAMDE_TS2_FULL__VS__JMETALPY_1_7_GDE3_STANDARD_PARETO_DE__ANYTIME_NHV_AUC,E1_PRIMARY_ANYTIME,CDF1,10,10,true,0.2235416634986222,0.2235416634986222,0.2235416634986222
9,E1_DYNAMIC__DT-RAMDE_TS2_FULL__VS__JMETALPY_1_7_GDE3_STANDARD_PARETO_DE__ANYTIME_NHV_AUC,E1_PRIMARY_ANYTIME,CDF10,10,10,true,0.30103920047571664,0.30103920047571664,0.30103920047571664
9,E1_DYNAMIC__DT-RAMDE_TS2_FULL__VS__JMETALPY_1_7_GDE3_STANDARD_PARETO_DE__ANYTIME_NHV_AUC,E1_PRIMARY_ANYTIME,CDF11,10,10,true,0.20553403275199744,0.20553403275199744,0.20553403275199744
9,E1_DYNAMIC__DT-RAMDE_TS2_FULL__VS__JMETALPY_1_7_GDE3_STANDARD_PARETO_DE__ANYTIME_NHV_AUC,E1_PRIMARY_ANYTIME,CDF12,10,10,true,0.24586666344483601,0.24586666344483601,0.24586666344483601
9,E1_DYNAMIC__DT-RAMDE_TS2_FULL__VS__JMETALPY_1_7_GDE3_STANDARD_PARETO_DE__ANYTIME_NHV_AUC,E1_PRIMARY_ANYTIME,CDF13,10,10,true,0.29751640165113291,0.29751640165113291,0.29751640165113291
9,E1_DYNAMIC__DT-RAMDE_TS2_FULL__VS__JMETALPY_1_7_GDE3_STANDARD_PARETO_DE__ANYTIME_NHV_AUC,E1_PRIMARY_ANYTIME,CDF14,10,10,true,0.042135990613616225,0.042135990613616225,0.042135990613616225
9,E1_DYNAMIC__DT-RAMDE_TS2_FULL__VS__JMETALPY_1_7_GDE3_STANDARD_PARETO_DE__ANYTIME_NHV_AUC,E1_PRIMARY_ANYTIME,CDF15,10,10,true,0.23662759369553618,0.23662759369553618,0.23662759369553618
9,E1_DYNAMIC__DT-RAMDE_TS2_FULL__VS__JMETALPY_1_7_GDE3_STANDARD_PARETO_DE__ANYTIME_NHV_AUC,E1_PRIMARY_ANYTIME,CDF2,10,10,true,0.37203429005934641,0.37203429005934641,0.37203429005934641
9,E1_DYNAMIC__DT-RAMDE_TS2_FULL__VS__JMETALPY_1_7_GDE3_STANDARD_PARETO_DE__ANYTIME_NHV_AUC,E1_PRIMARY_ANYTIME,CDF3,10,10,true,0.1660253664116409,0.1660253664116409,0.1660253664116409
9,E1_DYNAMIC__DT-RAMDE_TS2_FULL__VS__JMETALPY_1_7_GDE3_STANDARD_PARETO_DE__ANYTIME_NHV_AUC,E1_PRIMARY_ANYTIME,CDF4,10,10,true,0.22306528074723586,0.22306528074723586,0.22306528074723586
9,E1_DYNAMIC__DT-RAMDE_TS2_FULL__VS__JMETALPY_1_7_GDE3_STANDARD_PARETO_DE__ANYTIME_NHV_AUC,E1_PRIMARY_ANYTIME,CDF5,10,10,true,0.038411917679785509,0.038411917679785509,0.038411917679785509
9,E1_DYNAMIC__DT-RAMDE_TS2_FULL__VS__JMETALPY_1_7_GDE3_STANDARD_PARETO_DE__ANYTIME_NHV_AUC,E1_PRIMARY_ANYTIME,CDF6,10,10,true,0.33701849333535716,0.33701849333535716,0.33701849333535716
9,E1_DYNAMIC__DT-RAMDE_TS2_FULL__VS__JMETALPY_1_7_GDE3_STANDARD_PARETO_DE__ANYTIME_NHV_AUC,E1_PRIMARY_ANYTIME,CDF7,10,10,true,0.11989809348571666,0.11989809348571666,0.11989809348571666
9,E1_DYNAMIC__DT-RAMDE_TS2_FULL__VS__JMETALPY_1_7_GDE3_STANDARD_PARETO_DE__ANYTIME_NHV_AUC,E1_PRIMARY_ANYTIME,CDF8,10,10,true,0.21218308104522601,0.21218308104522601,0.21218308104522601
9,E1_DYNAMIC__DT-RAMDE_TS2_FULL__VS__JMETALPY_1_7_GDE3_STANDARD_PARETO_DE__ANYTIME_NHV_AUC,E1_PRIMARY_ANYTIME,CDF9,10,0,false,,-1,1
10,E1_DYNAMIC__DT-RAMDE_TS2_FULL__VS__JMETALPY_1_7_NSGAII_DYNAMIC_RESTART_BRIDGE__ANYTIME_NHV_AUC,E1_PRIMARY_ANYTIME,CDF1,10,10,true,0.014698963733108339,0.014698963733108339,0.014698963733108339
10,E1_DYNAMIC__DT-RAMDE_TS2_FULL__VS__JMETALPY_1_7_NSGAII_DYNAMIC_RESTART_BRIDGE__ANYTIME_NHV_AUC,E1_PRIMARY_ANYTIME,CDF10,10,10,true,0.029684242574240075,0.029684242574240075,0.029684242574240075
10,E1_DYNAMIC__DT-RAMDE_TS2_FULL__VS__JMETALPY_1_7_NSGAII_DYNAMIC_RESTART_BRIDGE__ANYTIME_NHV_AUC,E1_PRIMARY_ANYTIME,CDF11,10,10,true,0.0095241667924120255,0.0095241667924120255,0.0095241667924120255
10,E1_DYNAMIC__DT-RAMDE_TS2_FULL__VS__JMETALPY_1_7_NSGAII_DYNAMIC_RESTART_BRIDGE__ANYTIME_NHV_AUC,E1_PRIMARY_ANYTIME,CDF12,10,10,true,0.048858330246486302,0.048858330246486302,0.048858330246486302
10,E1_DYNAMIC__DT-RAMDE_TS2_FULL__VS__JMETALPY_1_7_NSGAII_DYNAMIC_RESTART_BRIDGE__ANYTIME_NHV_AUC,E1_PRIMARY_ANYTIME,CDF13,10,10,true,0.026379606025486828,0.026379606025486828,0.026379606025486828
10,E1_DYNAMIC__DT-RAMDE_TS2_FULL__VS__JMETALPY_1_7_NSGAII_DYNAMIC_RESTART_BRIDGE__ANYTIME_NHV_AUC,E1_PRIMARY_ANYTIME,CDF14,10,10,true,0.0013134367626851939,0.0013134367626851939,0.0013134367626851939
10,E1_DYNAMIC__DT-RAMDE_TS2_FULL__VS__JMETALPY_1_7_NSGAII_DYNAMIC_RESTART_BRIDGE__ANYTIME_NHV_AUC,E1_PRIMARY_ANYTIME,CDF15,10,10,true,0.025521761192818987,0.025521761192818987,0.025521761192818987
10,E1_DYNAMIC__DT-RAMDE_TS2_FULL__VS__JMETALPY_1_7_NSGAII_DYNAMIC_RESTART_BRIDGE__ANYTIME_NHV_AUC,E1_PRIMARY_ANYTIME,CDF2,10,10,true,0.0063564758901314073,0.0063564758901314073,0.0063564758901314073
10,E1_DYNAMIC__DT-RAMDE_TS2_FULL__VS__JMETALPY_1_7_NSGAII_DYNAMIC_RESTART_BRIDGE__ANYTIME_NHV_AUC,E1_PRIMARY_ANYTIME,CDF3,10,10,true,0.033157561406591117,0.033157561406591117,0.033157561406591117
10,E1_DYNAMIC__DT-RAMDE_TS2_FULL__VS__JMETALPY_1_7_NSGAII_DYNAMIC_RESTART_BRIDGE__ANYTIME_NHV_AUC,E1_PRIMARY_ANYTIME,CDF4,10,10,true,-0.029248993172290252,-0.029248993172290252,-0.029248993172290252
10,E1_DYNAMIC__DT-RAMDE_TS2_FULL__VS__JMETALPY_1_7_NSGAII_DYNAMIC_RESTART_BRIDGE__ANYTIME_NHV_AUC,E1_PRIMARY_ANYTIME,CDF5,10,10,true,-0.084077582682468205,-0.084077582682468205,-0.084077582682468205
10,E1_DYNAMIC__DT-RAMDE_TS2_FULL__VS__JMETALPY_1_7_NSGAII_DYNAMIC_RESTART_BRIDGE__ANYTIME_NHV_AUC,E1_PRIMARY_ANYTIME,CDF6,10,10,true,-0.0013613060071878903,-0.0013613060071878903,-0.0013613060071878903
10,E1_DYNAMIC__DT-RAMDE_TS2_FULL__VS__JMETALPY_1_7_NSGAII_DYNAMIC_RESTART_BRIDGE__ANYTIME_NHV_AUC,E1_PRIMARY_ANYTIME,CDF7,10,10,true,-0.020339239431550041,-0.020339239431550041,-0.020339239431550041
10,E1_DYNAMIC__DT-RAMDE_TS2_FULL__VS__JMETALPY_1_7_NSGAII_DYNAMIC_RESTART_BRIDGE__ANYTIME_NHV_AUC,E1_PRIMARY_ANYTIME,CDF8,10,10,true,-0.0010706627887421716,-0.0010706627887421716,-0.0010706627887421716
10,E1_DYNAMIC__DT-RAMDE_TS2_FULL__VS__JMETALPY_1_7_NSGAII_DYNAMIC_RESTART_BRIDGE__ANYTIME_NHV_AUC,E1_PRIMARY_ANYTIME,CDF9,10,0,false,,-1,1
11,E1_ROLLING__DT-RAMDE_TS2_FULL__VS__MATCHED_FIXED_DE_PARETO__ANYTIME_NHV_AUC,E1_PRIMARY_ANYTIME,RR-INTERMITTENT/0,5,5,true,0.14697490967927943,0.14697490967927943,0.14697490967927943
11,E1_ROLLING__DT-RAMDE_TS2_FULL__VS__MATCHED_FIXED_DE_PARETO__ANYTIME_NHV_AUC,E1_PRIMARY_ANYTIME,RR-INTERMITTENT/1,5,5,true,0.11852167009648336,0.11852167009648336,0.11852167009648336
11,E1_ROLLING__DT-RAMDE_TS2_FULL__VS__MATCHED_FIXED_DE_PARETO__ANYTIME_NHV_AUC,E1_PRIMARY_ANYTIME,RR-INTERMITTENT/2,5,5,true,0.083116165344066448,0.083116165344066448,0.083116165344066448
11,E1_ROLLING__DT-RAMDE_TS2_FULL__VS__MATCHED_FIXED_DE_PARETO__ANYTIME_NHV_AUC,E1_PRIMARY_ANYTIME,RR-INTERMITTENT/3,5,5,true,-0.05972761924733129,-0.05972761924733129,-0.05972761924733129
11,E1_ROLLING__DT-RAMDE_TS2_FULL__VS__MATCHED_FIXED_DE_PARETO__ANYTIME_NHV_AUC,E1_PRIMARY_ANYTIME,RR-INTERMITTENT/4,5,5,true,0.17809712521968293,0.17809712521968293,0.17809712521968293
11,E1_ROLLING__DT-RAMDE_TS2_FULL__VS__MATCHED_FIXED_DE_PARETO__ANYTIME_NHV_AUC,E1_PRIMARY_ANYTIME,RR-INTERMITTENT/5,5,5,true,0.13329188544823994,0.13329188544823994,0.13329188544823994
11,E1_ROLLING__DT-RAMDE_TS2_FULL__VS__MATCHED_FIXED_DE_PARETO__ANYTIME_NHV_AUC,E1_PRIMARY_ANYTIME,RR-INTERMITTENT/6,5,5,true,0.091516250087885331,0.091516250087885331,0.091516250087885331
11,E1_ROLLING__DT-RAMDE_TS2_FULL__VS__MATCHED_FIXED_DE_PARETO__ANYTIME_NHV_AUC,E1_PRIMARY_ANYTIME,RR-INTERMITTENT/7,5,5,true,0.018175586711385749,0.018175586711385749,0.018175586711385749
11,E1_ROLLING__DT-RAMDE_TS2_FULL__VS__MATCHED_FIXED_DE_PARETO__ANYTIME_NHV_AUC,E1_PRIMARY_ANYTIME,RR-REJECTION/0,5,5,true,0.098034753089664944,0.098034753089664944,0.098034753089664944
11,E1_ROLLING__DT-RAMDE_TS2_FULL__VS__MATCHED_FIXED_DE_PARETO__ANYTIME_NHV_AUC,E1_PRIMARY_ANYTIME,RR-REJECTION/1,5,5,true,0.091600252014680361,0.091600252014680361,0.091600252014680361
11,E1_ROLLING__DT-RAMDE_TS2_FULL__VS__MATCHED_FIXED_DE_PARETO__ANYTIME_NHV_AUC,E1_PRIMARY_ANYTIME,RR-REJECTION/2,5,5,true,0.13897328110323764,0.13897328110323764,0.13897328110323764
11,E1_ROLLING__DT-RAMDE_TS2_FULL__VS__MATCHED_FIXED_DE_PARETO__ANYTIME_NHV_AUC,E1_PRIMARY_ANYTIME,RR-REJECTION/3,5,5,true,0.13279361589732813,0.13279361589732813,0.13279361589732813
11,E1_ROLLING__DT-RAMDE_TS2_FULL__VS__MATCHED_FIXED_DE_PARETO__ANYTIME_NHV_AUC,E1_PRIMARY_ANYTIME,RR-REJECTION/4,5,5,true,0.11308507794949485,0.11308507794949485,0.11308507794949485
11,E1_ROLLING__DT-RAMDE_TS2_FULL__VS__MATCHED_FIXED_DE_PARETO__ANYTIME_NHV_AUC,E1_PRIMARY_ANYTIME,RR-REJECTION/5,5,5,true,0.10364704463252242,0.10364704463252242,0.10364704463252242
11,E1_ROLLING__DT-RAMDE_TS2_FULL__VS__MATCHED_FIXED_DE_PARETO__ANYTIME_NHV_AUC,E1_PRIMARY_ANYTIME,RR-REJECTION/6,5,5,true,0.16842045850062687,0.16842045850062687,0.16842045850062687
11,E1_ROLLING__DT-RAMDE_TS2_FULL__VS__MATCHED_FIXED_DE_PARETO__ANYTIME_NHV_AUC,E1_PRIMARY_ANYTIME,RR-REJECTION/7,5,5,true,0.072725505365048473,0.072725505365048473,0.072725505365048473
11,E1_ROLLING__DT-RAMDE_TS2_FULL__VS__MATCHED_FIXED_DE_PARETO__ANYTIME_NHV_AUC,E1_PRIMARY_ANYTIME,RR-SHOCK/0,5,5,true,0.10363920278033005,0.10363920278033005,0.10363920278033005
11,E1_ROLLING__DT-RAMDE_TS2_FULL__VS__MATCHED_FIXED_DE_PARETO__ANYTIME_NHV_AUC,E1_PRIMARY_ANYTIME,RR-SHOCK/1,5,5,true,0.097466489137624526,0.097466489137624526,0.097466489137624526
11,E1_ROLLING__DT-RAMDE_TS2_FULL__VS__MATCHED_FIXED_DE_PARETO__ANYTIME_NHV_AUC,E1_PRIMARY_ANYTIME,RR-SHOCK/2,5,5,true,0.12512413858591578,0.12512413858591578,0.12512413858591578
11,E1_ROLLING__DT-RAMDE_TS2_FULL__VS__MATCHED_FIXED_DE_PARETO__ANYTIME_NHV_AUC,E1_PRIMARY_ANYTIME,RR-SHOCK/3,5,5,true,-0.077139783739416129,-0.077139783739416129,-0.077139783739416129
11,E1_ROLLING__DT-RAMDE_TS2_FULL__VS__MATCHED_FIXED_DE_PARETO__ANYTIME_NHV_AUC,E1_PRIMARY_ANYTIME,RR-SHOCK/4,5,5,true,0.066926116383866835,0.066926116383866835,0.066926116383866835
11,E1_ROLLING__DT-RAMDE_TS2_FULL__VS__MATCHED_FIXED_DE_PARETO__ANYTIME_NHV_AUC,E1_PRIMARY_ANYTIME,RR-SHOCK/5,5,5,true,0.062449719645737936,0.062449719645737936,0.062449719645737936
11,E1_ROLLING__DT-RAMDE_TS2_FULL__VS__MATCHED_FIXED_DE_PARETO__ANYTIME_NHV_AUC,E1_PRIMARY_ANYTIME,RR-SHOCK/6,5,5,true,0.013911065511389653,0.013911065511389653,0.013911065511389653
11,E1_ROLLING__DT-RAMDE_TS2_FULL__VS__MATCHED_FIXED_DE_PARETO__ANYTIME_NHV_AUC,E1_PRIMARY_ANYTIME,RR-SHOCK/7,5,5,true,0.13088690825501656,0.13088690825501656,0.13088690825501656
11,E1_ROLLING__DT-RAMDE_TS2_FULL__VS__MATCHED_FIXED_DE_PARETO__ANYTIME_NHV_AUC,E1_PRIMARY_ANYTIME,RR-SMOOTH/0,5,5,true,0.090636535823404391,0.090636535823404391,0.090636535823404391
11,E1_ROLLING__DT-RAMDE_TS2_FULL__VS__MATCHED_FIXED_DE_PARETO__ANYTIME_NHV_AUC,E1_PRIMARY_ANYTIME,RR-SMOOTH/1,5,5,true,-0.0036510731050395373,-0.0036510731050395373,-0.0036510731050395373
11,E1_ROLLING__DT-RAMDE_TS2_FULL__VS__MATCHED_FIXED_DE_PARETO__ANYTIME_NHV_AUC,E1_PRIMARY_ANYTIME,RR-SMOOTH/2,5,5,true,0.11324441072124949,0.11324441072124949,0.11324441072124949
11,E1_ROLLING__DT-RAMDE_TS2_FULL__VS__MATCHED_FIXED_DE_PARETO__ANYTIME_NHV_AUC,E1_PRIMARY_ANYTIME,RR-SMOOTH/3,5,5,true,0.080637989871117213,0.080637989871117213,0.080637989871117213
11,E1_ROLLING__DT-RAMDE_TS2_FULL__VS__MATCHED_FIXED_DE_PARETO__ANYTIME_NHV_AUC,E1_PRIMARY_ANYTIME,RR-SMOOTH/4,5,5,true,-0.033260551894496726,-0.033260551894496726,-0.033260551894496726
11,E1_ROLLING__DT-RAMDE_TS2_FULL__VS__MATCHED_FIXED_DE_PARETO__ANYTIME_NHV_AUC,E1_PRIMARY_ANYTIME,RR-SMOOTH/5,5,5,true,0.10675248414498431,0.10675248414498431,0.10675248414498431
11,E1_ROLLING__DT-RAMDE_TS2_FULL__VS__MATCHED_FIXED_DE_PARETO__ANYTIME_NHV_AUC,E1_PRIMARY_ANYTIME,RR-SMOOTH/6,5,5,true,-0.12131775581684186,-0.12131775581684186,-0.12131775581684186
11,E1_ROLLING__DT-RAMDE_TS2_FULL__VS__MATCHED_FIXED_DE_PARETO__ANYTIME_NHV_AUC,E1_PRIMARY_ANYTIME,RR-SMOOTH/7,5,5,true,0.1479091080014116,0.1479091080014116,0.1479091080014116
12,E1_ROLLING__DT-RAMDE_TS2_FULL__VS__MATCHED_JDE_STYLE_PARETO__ANYTIME_NHV_AUC,E1_PRIMARY_ANYTIME,RR-INTERMITTENT/0,5,5,true,0.14045479122046003,0.14045479122046003,0.14045479122046003
12,E1_ROLLING__DT-RAMDE_TS2_FULL__VS__MATCHED_JDE_STYLE_PARETO__ANYTIME_NHV_AUC,E1_PRIMARY_ANYTIME,RR-INTERMITTENT/1,5,5,true,0.10881847661905271,0.10881847661905271,0.10881847661905271
12,E1_ROLLING__DT-RAMDE_TS2_FULL__VS__MATCHED_JDE_STYLE_PARETO__ANYTIME_NHV_AUC,E1_PRIMARY_ANYTIME,RR-INTERMITTENT/2,5,5,true,0.076995791346129411,0.076995791346129411,0.076995791346129411
12,E1_ROLLING__DT-RAMDE_TS2_FULL__VS__MATCHED_JDE_STYLE_PARETO__ANYTIME_NHV_AUC,E1_PRIMARY_ANYTIME,RR-INTERMITTENT/3,5,5,true,-0.06157589061030154,-0.06157589061030154,-0.06157589061030154
12,E1_ROLLING__DT-RAMDE_TS2_FULL__VS__MATCHED_JDE_STYLE_PARETO__ANYTIME_NHV_AUC,E1_PRIMARY_ANYTIME,RR-INTERMITTENT/4,5,5,true,0.16835297296979643,0.16835297296979643,0.16835297296979643
12,E1_ROLLING__DT-RAMDE_TS2_FULL__VS__MATCHED_JDE_STYLE_PARETO__ANYTIME_NHV_AUC,E1_PRIMARY_ANYTIME,RR-INTERMITTENT/5,5,5,true,0.13020454123001926,0.13020454123001926,0.13020454123001926
12,E1_ROLLING__DT-RAMDE_TS2_FULL__VS__MATCHED_JDE_STYLE_PARETO__ANYTIME_NHV_AUC,E1_PRIMARY_ANYTIME,RR-INTERMITTENT/6,5,5,true,0.088650396699437306,0.088650396699437306,0.088650396699437306
12,E1_ROLLING__DT-RAMDE_TS2_FULL__VS__MATCHED_JDE_STYLE_PARETO__ANYTIME_NHV_AUC,E1_PRIMARY_ANYTIME,RR-INTERMITTENT/7,5,5,true,0.024891019304406136,0.024891019304406136,0.024891019304406136
12,E1_ROLLING__DT-RAMDE_TS2_FULL__VS__MATCHED_JDE_STYLE_PARETO__ANYTIME_NHV_AUC,E1_PRIMARY_ANYTIME,RR-REJECTION/0,5,5,true,0.087136037652953996,0.087136037652953996,0.087136037652953996
12,E1_ROLLING__DT-RAMDE_TS2_FULL__VS__MATCHED_JDE_STYLE_PARETO__ANYTIME_NHV_AUC,E1_PRIMARY_ANYTIME,RR-REJECTION/1,5,5,true,0.086814291117235293,0.086814291117235293,0.086814291117235293
12,E1_ROLLING__DT-RAMDE_TS2_FULL__VS__MATCHED_JDE_STYLE_PARETO__ANYTIME_NHV_AUC,E1_PRIMARY_ANYTIME,RR-REJECTION/2,5,5,true,0.11651040776911226,0.11651040776911226,0.11651040776911226
12,E1_ROLLING__DT-RAMDE_TS2_FULL__VS__MATCHED_JDE_STYLE_PARETO__ANYTIME_NHV_AUC,E1_PRIMARY_ANYTIME,RR-REJECTION/3,5,5,true,0.12601305449109643,0.12601305449109643,0.12601305449109643
12,E1_ROLLING__DT-RAMDE_TS2_FULL__VS__MATCHED_JDE_STYLE_PARETO__ANYTIME_NHV_AUC,E1_PRIMARY_ANYTIME,RR-REJECTION/4,5,5,true,0.1066023529095339,0.1066023529095339,0.1066023529095339
12,E1_ROLLING__DT-RAMDE_TS2_FULL__VS__MATCHED_JDE_STYLE_PARETO__ANYTIME_NHV_AUC,E1_PRIMARY_ANYTIME,RR-REJECTION/5,5,5,true,0.10574176687713663,0.10574176687713663,0.10574176687713663
12,E1_ROLLING__DT-RAMDE_TS2_FULL__VS__MATCHED_JDE_STYLE_PARETO__ANYTIME_NHV_AUC,E1_PRIMARY_ANYTIME,RR-REJECTION/6,5,5,true,0.15420268303056306,0.15420268303056306,0.15420268303056306
12,E1_ROLLING__DT-RAMDE_TS2_FULL__VS__MATCHED_JDE_STYLE_PARETO__ANYTIME_NHV_AUC,E1_PRIMARY_ANYTIME,RR-REJECTION/7,5,5,true,0.064440925945317112,0.064440925945317112,0.064440925945317112
12,E1_ROLLING__DT-RAMDE_TS2_FULL__VS__MATCHED_JDE_STYLE_PARETO__ANYTIME_NHV_AUC,E1_PRIMARY_ANYTIME,RR-SHOCK/0,5,5,true,0.091048742593806645,0.091048742593806645,0.091048742593806645
12,E1_ROLLING__DT-RAMDE_TS2_FULL__VS__MATCHED_JDE_STYLE_PARETO__ANYTIME_NHV_AUC,E1_PRIMARY_ANYTIME,RR-SHOCK/1,5,5,true,0.094294143475925393,0.094294143475925393,0.094294143475925393
12,E1_ROLLING__DT-RAMDE_TS2_FULL__VS__MATCHED_JDE_STYLE_PARETO__ANYTIME_NHV_AUC,E1_PRIMARY_ANYTIME,RR-SHOCK/2,5,5,true,0.11943226575343065,0.11943226575343065,0.11943226575343065
12,E1_ROLLING__DT-RAMDE_TS2_FULL__VS__MATCHED_JDE_STYLE_PARETO__ANYTIME_NHV_AUC,E1_PRIMARY_ANYTIME,RR-SHOCK/3,5,5,true,0.004397344539099457,0.004397344539099457,0.004397344539099457
12,E1_ROLLING__DT-RAMDE_TS2_FULL__VS__MATCHED_JDE_STYLE_PARETO__ANYTIME_NHV_AUC,E1_PRIMARY_ANYTIME,RR-SHOCK/4,5,5,true,0.064783313366873999,0.064783313366873999,0.064783313366873999
12,E1_ROLLING__DT-RAMDE_TS2_FULL__VS__MATCHED_JDE_STYLE_PARETO__ANYTIME_NHV_AUC,E1_PRIMARY_ANYTIME,RR-SHOCK/5,5,5,true,0.05005100731488539,0.05005100731488539,0.05005100731488539
12,E1_ROLLING__DT-RAMDE_TS2_FULL__VS__MATCHED_JDE_STYLE_PARETO__ANYTIME_NHV_AUC,E1_PRIMARY_ANYTIME,RR-SHOCK/6,5,5,true,0.016743610210585413,0.016743610210585413,0.016743610210585413
12,E1_ROLLING__DT-RAMDE_TS2_FULL__VS__MATCHED_JDE_STYLE_PARETO__ANYTIME_NHV_AUC,E1_PRIMARY_ANYTIME,RR-SHOCK/7,5,5,true,0.12390223007362129,0.12390223007362129,0.12390223007362129
12,E1_ROLLING__DT-RAMDE_TS2_FULL__VS__MATCHED_JDE_STYLE_PARETO__ANYTIME_NHV_AUC,E1_PRIMARY_ANYTIME,RR-SMOOTH/0,5,5,true,0.090286708015552414,0.090286708015552414,0.090286708015552414
12,E1_ROLLING__DT-RAMDE_TS2_FULL__VS__MATCHED_JDE_STYLE_PARETO__ANYTIME_NHV_AUC,E1_PRIMARY_ANYTIME,RR-SMOOTH/1,5,5,true,-0.0044738664504192279,-0.0044738664504192279,-0.0044738664504192279
12,E1_ROLLING__DT-RAMDE_TS2_FULL__VS__MATCHED_JDE_STYLE_PARETO__ANYTIME_NHV_AUC,E1_PRIMARY_ANYTIME,RR-SMOOTH/2,5,5,true,0.11172294398565803,0.11172294398565803,0.11172294398565803
12,E1_ROLLING__DT-RAMDE_TS2_FULL__VS__MATCHED_JDE_STYLE_PARETO__ANYTIME_NHV_AUC,E1_PRIMARY_ANYTIME,RR-SMOOTH/3,5,5,true,0.081774041095736424,0.081774041095736424,0.081774041095736424
12,E1_ROLLING__DT-RAMDE_TS2_FULL__VS__MATCHED_JDE_STYLE_PARETO__ANYTIME_NHV_AUC,E1_PRIMARY_ANYTIME,RR-SMOOTH/4,5,5,true,-0.034936886627686035,-0.034936886627686035,-0.034936886627686035
12,E1_ROLLING__DT-RAMDE_TS2_FULL__VS__MATCHED_JDE_STYLE_PARETO__ANYTIME_NHV_AUC,E1_PRIMARY_ANYTIME,RR-SMOOTH/5,5,5,true,0.099190509990360082,0.099190509990360082,0.099190509990360082
12,E1_ROLLING__DT-RAMDE_TS2_FULL__VS__MATCHED_JDE_STYLE_PARETO__ANYTIME_NHV_AUC,E1_PRIMARY_ANYTIME,RR-SMOOTH/6,5,5,true,-0.13291709749720834,-0.13291709749720834,-0.13291709749720834
12,E1_ROLLING__DT-RAMDE_TS2_FULL__VS__MATCHED_JDE_STYLE_PARETO__ANYTIME_NHV_AUC,E1_PRIMARY_ANYTIME,RR-SMOOTH/7,5,5,true,0.14736721251032259,0.14736721251032259,0.14736721251032259
13,E1_ROLLING__DT-RAMDE_TS2_FULL__VS__MATCHED_SHADE_STYLE_PARETO__ANYTIME_NHV_AUC,E1_PRIMARY_ANYTIME,RR-INTERMITTENT/0,5,5,true,0.17974234652665358,0.17974234652665358,0.17974234652665358
13,E1_ROLLING__DT-RAMDE_TS2_FULL__VS__MATCHED_SHADE_STYLE_PARETO__ANYTIME_NHV_AUC,E1_PRIMARY_ANYTIME,RR-INTERMITTENT/1,5,5,true,0.14541403476226117,0.14541403476226117,0.14541403476226117
13,E1_ROLLING__DT-RAMDE_TS2_FULL__VS__MATCHED_SHADE_STYLE_PARETO__ANYTIME_NHV_AUC,E1_PRIMARY_ANYTIME,RR-INTERMITTENT/2,5,5,true,0.10607941078915206,0.10607941078915206,0.10607941078915206
13,E1_ROLLING__DT-RAMDE_TS2_FULL__VS__MATCHED_SHADE_STYLE_PARETO__ANYTIME_NHV_AUC,E1_PRIMARY_ANYTIME,RR-INTERMITTENT/3,5,5,true,-0.012399439248477029,-0.012399439248477029,-0.012399439248477029
13,E1_ROLLING__DT-RAMDE_TS2_FULL__VS__MATCHED_SHADE_STYLE_PARETO__ANYTIME_NHV_AUC,E1_PRIMARY_ANYTIME,RR-INTERMITTENT/4,5,5,true,0.21896029089211755,0.21896029089211755,0.21896029089211755
13,E1_ROLLING__DT-RAMDE_TS2_FULL__VS__MATCHED_SHADE_STYLE_PARETO__ANYTIME_NHV_AUC,E1_PRIMARY_ANYTIME,RR-INTERMITTENT/5,5,5,true,0.19198273579844521,0.19198273579844521,0.19198273579844521
13,E1_ROLLING__DT-RAMDE_TS2_FULL__VS__MATCHED_SHADE_STYLE_PARETO__ANYTIME_NHV_AUC,E1_PRIMARY_ANYTIME,RR-INTERMITTENT/6,5,5,true,0.11465679279024057,0.11465679279024057,0.11465679279024057
13,E1_ROLLING__DT-RAMDE_TS2_FULL__VS__MATCHED_SHADE_STYLE_PARETO__ANYTIME_NHV_AUC,E1_PRIMARY_ANYTIME,RR-INTERMITTENT/7,5,5,true,0.041420441406171848,0.041420441406171848,0.041420441406171848
13,E1_ROLLING__DT-RAMDE_TS2_FULL__VS__MATCHED_SHADE_STYLE_PARETO__ANYTIME_NHV_AUC,E1_PRIMARY_ANYTIME,RR-REJECTION/0,5,5,true,0.12251568131338642,0.12251568131338642,0.12251568131338642
13,E1_ROLLING__DT-RAMDE_TS2_FULL__VS__MATCHED_SHADE_STYLE_PARETO__ANYTIME_NHV_AUC,E1_PRIMARY_ANYTIME,RR-REJECTION/1,5,5,true,0.12562546525123594,0.12562546525123594,0.12562546525123594
13,E1_ROLLING__DT-RAMDE_TS2_FULL__VS__MATCHED_SHADE_STYLE_PARETO__ANYTIME_NHV_AUC,E1_PRIMARY_ANYTIME,RR-REJECTION/2,5,5,true,0.18054308097124355,0.18054308097124355,0.18054308097124355
13,E1_ROLLING__DT-RAMDE_TS2_FULL__VS__MATCHED_SHADE_STYLE_PARETO__ANYTIME_NHV_AUC,E1_PRIMARY_ANYTIME,RR-REJECTION/3,5,5,true,0.17943729912369269,0.17943729912369269,0.17943729912369269
13,E1_ROLLING__DT-RAMDE_TS2_FULL__VS__MATCHED_SHADE_STYLE_PARETO__ANYTIME_NHV_AUC,E1_PRIMARY_ANYTIME,RR-REJECTION/4,5,5,true,0.1445114142771963,0.1445114142771963,0.1445114142771963
13,E1_ROLLING__DT-RAMDE_TS2_FULL__VS__MATCHED_SHADE_STYLE_PARETO__ANYTIME_NHV_AUC,E1_PRIMARY_ANYTIME,RR-REJECTION/5,5,5,true,0.13653546210986406,0.13653546210986406,0.13653546210986406
13,E1_ROLLING__DT-RAMDE_TS2_FULL__VS__MATCHED_SHADE_STYLE_PARETO__ANYTIME_NHV_AUC,E1_PRIMARY_ANYTIME,RR-REJECTION/6,5,5,true,0.24335214331307958,0.24335214331307958,0.24335214331307958
13,E1_ROLLING__DT-RAMDE_TS2_FULL__VS__MATCHED_SHADE_STYLE_PARETO__ANYTIME_NHV_AUC,E1_PRIMARY_ANYTIME,RR-REJECTION/7,5,5,true,0.094887605483799306,0.094887605483799306,0.094887605483799306
13,E1_ROLLING__DT-RAMDE_TS2_FULL__VS__MATCHED_SHADE_STYLE_PARETO__ANYTIME_NHV_AUC,E1_PRIMARY_ANYTIME,RR-SHOCK/0,5,5,true,0.12075516746260262,0.12075516746260262,0.12075516746260262
13,E1_ROLLING__DT-RAMDE_TS2_FULL__VS__MATCHED_SHADE_STYLE_PARETO__ANYTIME_NHV_AUC,E1_PRIMARY_ANYTIME,RR-SHOCK/1,5,5,true,0.11976510885865091,0.11976510885865091,0.11976510885865091
13,E1_ROLLING__DT-RAMDE_TS2_FULL__VS__MATCHED_SHADE_STYLE_PARETO__ANYTIME_NHV_AUC,E1_PRIMARY_ANYTIME,RR-SHOCK/2,5,5,true,0.16916261416519646,0.16916261416519646,0.16916261416519646
13,E1_ROLLING__DT-RAMDE_TS2_FULL__VS__MATCHED_SHADE_STYLE_PARETO__ANYTIME_NHV_AUC,E1_PRIMARY_ANYTIME,RR-SHOCK/3,5,5,true,-0.049372472524561742,-0.049372472524561742,-0.049372472524561742
13,E1_ROLLING__DT-RAMDE_TS2_FULL__VS__MATCHED_SHADE_STYLE_PARETO__ANYTIME_NHV_AUC,E1_PRIMARY_ANYTIME,RR-SHOCK/4,5,5,true,0.091750285731993536,0.091750285731993536,0.091750285731993536
13,E1_ROLLING__DT-RAMDE_TS2_FULL__VS__MATCHED_SHADE_STYLE_PARETO__ANYTIME_NHV_AUC,E1_PRIMARY_ANYTIME,RR-SHOCK/5,5,5,true,0.072759965680084651,0.072759965680084651,0.072759965680084651
13,E1_ROLLING__DT-RAMDE_TS2_FULL__VS__MATCHED_SHADE_STYLE_PARETO__ANYTIME_NHV_AUC,E1_PRIMARY_ANYTIME,RR-SHOCK/6,5,5,true,0.04528788328237969,0.04528788328237969,0.04528788328237969
13,E1_ROLLING__DT-RAMDE_TS2_FULL__VS__MATCHED_SHADE_STYLE_PARETO__ANYTIME_NHV_AUC,E1_PRIMARY_ANYTIME,RR-SHOCK/7,5,5,true,0.17926917276053689,0.17926917276053689,0.17926917276053689
13,E1_ROLLING__DT-RAMDE_TS2_FULL__VS__MATCHED_SHADE_STYLE_PARETO__ANYTIME_NHV_AUC,E1_PRIMARY_ANYTIME,RR-SMOOTH/0,5,5,true,0.1270834460058281,0.1270834460058281,0.1270834460058281
13,E1_ROLLING__DT-RAMDE_TS2_FULL__VS__MATCHED_SHADE_STYLE_PARETO__ANYTIME_NHV_AUC,E1_PRIMARY_ANYTIME,RR-SMOOTH/1,5,5,true,0.027944205631021755,0.027944205631021755,0.027944205631021755
13,E1_ROLLING__DT-RAMDE_TS2_FULL__VS__MATCHED_SHADE_STYLE_PARETO__ANYTIME_NHV_AUC,E1_PRIMARY_ANYTIME,RR-SMOOTH/2,5,5,true,0.14004170956092127,0.14004170956092127,0.14004170956092127
13,E1_ROLLING__DT-RAMDE_TS2_FULL__VS__MATCHED_SHADE_STYLE_PARETO__ANYTIME_NHV_AUC,E1_PRIMARY_ANYTIME,RR-SMOOTH/3,5,5,true,0.11209956021985082,0.11209956021985082,0.11209956021985082
13,E1_ROLLING__DT-RAMDE_TS2_FULL__VS__MATCHED_SHADE_STYLE_PARETO__ANYTIME_NHV_AUC,E1_PRIMARY_ANYTIME,RR-SMOOTH/4,5,5,true,-0.0089882142266507706,-0.0089882142266507706,-0.0089882142266507706
13,E1_ROLLING__DT-RAMDE_TS2_FULL__VS__MATCHED_SHADE_STYLE_PARETO__ANYTIME_NHV_AUC,E1_PRIMARY_ANYTIME,RR-SMOOTH/5,5,5,true,0.13738352855492419,0.13738352855492419,0.13738352855492419
13,E1_ROLLING__DT-RAMDE_TS2_FULL__VS__MATCHED_SHADE_STYLE_PARETO__ANYTIME_NHV_AUC,E1_PRIMARY_ANYTIME,RR-SMOOTH/6,5,5,true,-0.053717494554116174,-0.053717494554116174,-0.053717494554116174
13,E1_ROLLING__DT-RAMDE_TS2_FULL__VS__MATCHED_SHADE_STYLE_PARETO__ANYTIME_NHV_AUC,E1_PRIMARY_ANYTIME,RR-SMOOTH/7,5,5,true,0.2008474188251855,0.2008474188251855,0.2008474188251855
14,E1_ROLLING__DT-RAMDE_TS2_FULL__VS__JMETALPY_1_7_GDE3_STANDARD_PARETO_DE__ANYTIME_NHV_AUC,E1_PRIMARY_ANYTIME,RR-INTERMITTENT/0,5,5,true,0.14556880295825902,0.14556880295825902,0.14556880295825902
14,E1_ROLLING__DT-RAMDE_TS2_FULL__VS__JMETALPY_1_7_GDE3_STANDARD_PARETO_DE__ANYTIME_NHV_AUC,E1_PRIMARY_ANYTIME,RR-INTERMITTENT/1,5,5,true,0.11867064620295169,0.11867064620295169,0.11867064620295169
14,E1_ROLLING__DT-RAMDE_TS2_FULL__VS__JMETALPY_1_7_GDE3_STANDARD_PARETO_DE__ANYTIME_NHV_AUC,E1_PRIMARY_ANYTIME,RR-INTERMITTENT/2,5,5,true,0.081172709645934926,0.081172709645934926,0.081172709645934926
14,E1_ROLLING__DT-RAMDE_TS2_FULL__VS__JMETALPY_1_7_GDE3_STANDARD_PARETO_DE__ANYTIME_NHV_AUC,E1_PRIMARY_ANYTIME,RR-INTERMITTENT/3,5,5,true,-0.060550081905419981,-0.060550081905419981,-0.060550081905419981
14,E1_ROLLING__DT-RAMDE_TS2_FULL__VS__JMETALPY_1_7_GDE3_STANDARD_PARETO_DE__ANYTIME_NHV_AUC,E1_PRIMARY_ANYTIME,RR-INTERMITTENT/4,5,5,true,0.16984877800822143,0.16984877800822143,0.16984877800822143
14,E1_ROLLING__DT-RAMDE_TS2_FULL__VS__JMETALPY_1_7_GDE3_STANDARD_PARETO_DE__ANYTIME_NHV_AUC,E1_PRIMARY_ANYTIME,RR-INTERMITTENT/5,5,5,true,0.13959539227479997,0.13959539227479997,0.13959539227479997
14,E1_ROLLING__DT-RAMDE_TS2_FULL__VS__JMETALPY_1_7_GDE3_STANDARD_PARETO_DE__ANYTIME_NHV_AUC,E1_PRIMARY_ANYTIME,RR-INTERMITTENT/6,5,5,true,0.094304320228719665,0.094304320228719665,0.094304320228719665
14,E1_ROLLING__DT-RAMDE_TS2_FULL__VS__JMETALPY_1_7_GDE3_STANDARD_PARETO_DE__ANYTIME_NHV_AUC,E1_PRIMARY_ANYTIME,RR-INTERMITTENT/7,5,5,true,0.016681874184149036,0.016681874184149036,0.016681874184149036
14,E1_ROLLING__DT-RAMDE_TS2_FULL__VS__JMETALPY_1_7_GDE3_STANDARD_PARETO_DE__ANYTIME_NHV_AUC,E1_PRIMARY_ANYTIME,RR-REJECTION/0,5,5,true,0.093248425879147653,0.093248425879147653,0.093248425879147653
14,E1_ROLLING__DT-RAMDE_TS2_FULL__VS__JMETALPY_1_7_GDE3_STANDARD_PARETO_DE__ANYTIME_NHV_AUC,E1_PRIMARY_ANYTIME,RR-REJECTION/1,5,5,true,0.097897440786481993,0.097897440786481993,0.097897440786481993
14,E1_ROLLING__DT-RAMDE_TS2_FULL__VS__JMETALPY_1_7_GDE3_STANDARD_PARETO_DE__ANYTIME_NHV_AUC,E1_PRIMARY_ANYTIME,RR-REJECTION/2,5,5,true,0.13150944512686652,0.13150944512686652,0.13150944512686652
14,E1_ROLLING__DT-RAMDE_TS2_FULL__VS__JMETALPY_1_7_GDE3_STANDARD_PARETO_DE__ANYTIME_NHV_AUC,E1_PRIMARY_ANYTIME,RR-REJECTION/3,5,5,true,0.13145110080923023,0.13145110080923023,0.13145110080923023
14,E1_ROLLING__DT-RAMDE_TS2_FULL__VS__JMETALPY_1_7_GDE3_STANDARD_PARETO_DE__ANYTIME_NHV_AUC,E1_PRIMARY_ANYTIME,RR-REJECTION/4,5,5,true,0.11879660952239821,0.11879660952239821,0.11879660952239821
14,E1_ROLLING__DT-RAMDE_TS2_FULL__VS__JMETALPY_1_7_GDE3_STANDARD_PARETO_DE__ANYTIME_NHV_AUC,E1_PRIMARY_ANYTIME,RR-REJECTION/5,5,5,true,0.10001320574351,0.10001320574351,0.10001320574351
14,E1_ROLLING__DT-RAMDE_TS2_FULL__VS__JMETALPY_1_7_GDE3_STANDARD_PARETO_DE__ANYTIME_NHV_AUC,E1_PRIMARY_ANYTIME,RR-REJECTION/6,5,5,true,0.16912604776994042,0.16912604776994042,0.16912604776994042
14,E1_ROLLING__DT-RAMDE_TS2_FULL__VS__JMETALPY_1_7_GDE3_STANDARD_PARETO_DE__ANYTIME_NHV_AUC,E1_PRIMARY_ANYTIME,RR-REJECTION/7,5,5,true,0.071829725707218864,0.071829725707218864,0.071829725707218864
14,E1_ROLLING__DT-RAMDE_TS2_FULL__VS__JMETALPY_1_7_GDE3_STANDARD_PARETO_DE__ANYTIME_NHV_AUC,E1_PRIMARY_ANYTIME,RR-SHOCK/0,5,5,true,0.096490231334172588,0.096490231334172588,0.096490231334172588
14,E1_ROLLING__DT-RAMDE_TS2_FULL__VS__JMETALPY_1_7_GDE3_STANDARD_PARETO_DE__ANYTIME_NHV_AUC,E1_PRIMARY_ANYTIME,RR-SHOCK/1,5,5,true,0.10294372443260964,0.10294372443260964,0.10294372443260964
14,E1_ROLLING__DT-RAMDE_TS2_FULL__VS__JMETALPY_1_7_GDE3_STANDARD_PARETO_DE__ANYTIME_NHV_AUC,E1_PRIMARY_ANYTIME,RR-SHOCK/2,5,5,true,0.12394846153463313,0.12394846153463313,0.12394846153463313
14,E1_ROLLING__DT-RAMDE_TS2_FULL__VS__JMETALPY_1_7_GDE3_STANDARD_PARETO_DE__ANYTIME_NHV_AUC,E1_PRIMARY_ANYTIME,RR-SHOCK/3,5,5,true,-0.077066495718692882,-0.077066495718692882,-0.077066495718692882
14,E1_ROLLING__DT-RAMDE_TS2_FULL__VS__JMETALPY_1_7_GDE3_STANDARD_PARETO_DE__ANYTIME_NHV_AUC,E1_PRIMARY_ANYTIME,RR-SHOCK/4,5,5,true,0.067498935546823582,0.067498935546823582,0.067498935546823582
14,E1_ROLLING__DT-RAMDE_TS2_FULL__VS__JMETALPY_1_7_GDE3_STANDARD_PARETO_DE__ANYTIME_NHV_AUC,E1_PRIMARY_ANYTIME,RR-SHOCK/5,5,5,true,0.055618040236113095,0.055618040236113095,0.055618040236113095
14,E1_ROLLING__DT-RAMDE_TS2_FULL__VS__JMETALPY_1_7_GDE3_STANDARD_PARETO_DE__ANYTIME_NHV_AUC,E1_PRIMARY_ANYTIME,RR-SHOCK/6,5,5,true,0.021016152951885036,0.021016152951885036,0.021016152951885036
14,E1_ROLLING__DT-RAMDE_TS2_FULL__VS__JMETALPY_1_7_GDE3_STANDARD_PARETO_DE__ANYTIME_NHV_AUC,E1_PRIMARY_ANYTIME,RR-SHOCK/7,5,5,true,0.12597770363731475,0.12597770363731475,0.12597770363731475
14,E1_ROLLING__DT-RAMDE_TS2_FULL__VS__JMETALPY_1_7_GDE3_STANDARD_PARETO_DE__ANYTIME_NHV_AUC,E1_PRIMARY_ANYTIME,RR-SMOOTH/0,5,5,true,0.09963027554030926,0.09963027554030926,0.09963027554030926
14,E1_ROLLING__DT-RAMDE_TS2_FULL__VS__JMETALPY_1_7_GDE3_STANDARD_PARETO_DE__ANYTIME_NHV_AUC,E1_PRIMARY_ANYTIME,RR-SMOOTH/1,5,5,true,0.00064448058570210076,0.00064448058570210076,0.00064448058570210076
14,E1_ROLLING__DT-RAMDE_TS2_FULL__VS__JMETALPY_1_7_GDE3_STANDARD_PARETO_DE__ANYTIME_NHV_AUC,E1_PRIMARY_ANYTIME,RR-SMOOTH/2,5,5,true,0.12179971821671993,0.12179971821671993,0.12179971821671993
14,E1_ROLLING__DT-RAMDE_TS2_FULL__VS__JMETALPY_1_7_GDE3_STANDARD_PARETO_DE__ANYTIME_NHV_AUC,E1_PRIMARY_ANYTIME,RR-SMOOTH/3,5,5,true,0.082837780477792583,0.082837780477792583,0.082837780477792583
14,E1_ROLLING__DT-RAMDE_TS2_FULL__VS__JMETALPY_1_7_GDE3_STANDARD_PARETO_DE__ANYTIME_NHV_AUC,E1_PRIMARY_ANYTIME,RR-SMOOTH/4,5,5,true,-0.037109939614518229,-0.037109939614518229,-0.037109939614518229
14,E1_ROLLING__DT-RAMDE_TS2_FULL__VS__JMETALPY_1_7_GDE3_STANDARD_PARETO_DE__ANYTIME_NHV_AUC,E1_PRIMARY_ANYTIME,RR-SMOOTH/5,5,5,true,0.10752067290844303,0.10752067290844303,0.10752067290844303
14,E1_ROLLING__DT-RAMDE_TS2_FULL__VS__JMETALPY_1_7_GDE3_STANDARD_PARETO_DE__ANYTIME_NHV_AUC,E1_PRIMARY_ANYTIME,RR-SMOOTH/6,5,5,true,-0.11798226804264797,-0.11798226804264797,-0.11798226804264797
14,E1_ROLLING__DT-RAMDE_TS2_FULL__VS__JMETALPY_1_7_GDE3_STANDARD_PARETO_DE__ANYTIME_NHV_AUC,E1_PRIMARY_ANYTIME,RR-SMOOTH/7,5,5,true,0.15718772924151495,0.15718772924151495,0.15718772924151495
15,E1_ROLLING__DT-RAMDE_TS2_FULL__VS__JMETALPY_1_7_NSGAII_DYNAMIC_RESTART_BRIDGE__ANYTIME_NHV_AUC,E1_PRIMARY_ANYTIME,RR-INTERMITTENT/0,5,5,true,-0.079236605996396883,-0.079236605996396883,-0.079236605996396883
15,E1_ROLLING__DT-RAMDE_TS2_FULL__VS__JMETALPY_1_7_NSGAII_DYNAMIC_RESTART_BRIDGE__ANYTIME_NHV_AUC,E1_PRIMARY_ANYTIME,RR-INTERMITTENT/1,5,5,true,-0.032096980115597938,-0.032096980115597938,-0.032096980115597938
15,E1_ROLLING__DT-RAMDE_TS2_FULL__VS__JMETALPY_1_7_NSGAII_DYNAMIC_RESTART_BRIDGE__ANYTIME_NHV_AUC,E1_PRIMARY_ANYTIME,RR-INTERMITTENT/2,5,5,true,-0.026933469522239406,-0.026933469522239406,-0.026933469522239406
15,E1_ROLLING__DT-RAMDE_TS2_FULL__VS__JMETALPY_1_7_NSGAII_DYNAMIC_RESTART_BRIDGE__ANYTIME_NHV_AUC,E1_PRIMARY_ANYTIME,RR-INTERMITTENT/3,5,5,true,-0.255917887677584,-0.255917887677584,-0.255917887677584
15,E1_ROLLING__DT-RAMDE_TS2_FULL__VS__JMETALPY_1_7_NSGAII_DYNAMIC_RESTART_BRIDGE__ANYTIME_NHV_AUC,E1_PRIMARY_ANYTIME,RR-INTERMITTENT/4,5,5,true,-0.051397946502653793,-0.051397946502653793,-0.051397946502653793
15,E1_ROLLING__DT-RAMDE_TS2_FULL__VS__JMETALPY_1_7_NSGAII_DYNAMIC_RESTART_BRIDGE__ANYTIME_NHV_AUC,E1_PRIMARY_ANYTIME,RR-INTERMITTENT/5,5,5,true,-0.07437566318494275,-0.07437566318494275,-0.07437566318494275
15,E1_ROLLING__DT-RAMDE_TS2_FULL__VS__JMETALPY_1_7_NSGAII_DYNAMIC_RESTART_BRIDGE__ANYTIME_NHV_AUC,E1_PRIMARY_ANYTIME,RR-INTERMITTENT/6,5,5,true,-0.022632744506369429,-0.022632744506369429,-0.022632744506369429
15,E1_ROLLING__DT-RAMDE_TS2_FULL__VS__JMETALPY_1_7_NSGAII_DYNAMIC_RESTART_BRIDGE__ANYTIME_NHV_AUC,E1_PRIMARY_ANYTIME,RR-INTERMITTENT/7,5,5,true,-0.056150606501716174,-0.056150606501716174,-0.056150606501716174
15,E1_ROLLING__DT-RAMDE_TS2_FULL__VS__JMETALPY_1_7_NSGAII_DYNAMIC_RESTART_BRIDGE__ANYTIME_NHV_AUC,E1_PRIMARY_ANYTIME,RR-REJECTION/0,5,5,true,-0.05419864131736607,-0.05419864131736607,-0.05419864131736607
15,E1_ROLLING__DT-RAMDE_TS2_FULL__VS__JMETALPY_1_7_NSGAII_DYNAMIC_RESTART_BRIDGE__ANYTIME_NHV_AUC,E1_PRIMARY_ANYTIME,RR-REJECTION/1,5,5,true,-0.049070528893852106,-0.049070528893852106,-0.049070528893852106
15,E1_ROLLING__DT-RAMDE_TS2_FULL__VS__JMETALPY_1_7_NSGAII_DYNAMIC_RESTART_BRIDGE__ANYTIME_NHV_AUC,E1_PRIMARY_ANYTIME,RR-REJECTION/2,5,5,true,-0.10835450034560705,-0.10835450034560705,-0.10835450034560705
15,E1_ROLLING__DT-RAMDE_TS2_FULL__VS__JMETALPY_1_7_NSGAII_DYNAMIC_RESTART_BRIDGE__ANYTIME_NHV_AUC,E1_PRIMARY_ANYTIME,RR-REJECTION/3,5,5,true,-0.069959196406294111,-0.069959196406294111,-0.069959196406294111
15,E1_ROLLING__DT-RAMDE_TS2_FULL__VS__JMETALPY_1_7_NSGAII_DYNAMIC_RESTART_BRIDGE__ANYTIME_NHV_AUC,E1_PRIMARY_ANYTIME,RR-REJECTION/4,5,5,true,-0.070115677995890274,-0.070115677995890274,-0.070115677995890274
15,E1_ROLLING__DT-RAMDE_TS2_FULL__VS__JMETALPY_1_7_NSGAII_DYNAMIC_RESTART_BRIDGE__ANYTIME_NHV_AUC,E1_PRIMARY_ANYTIME,RR-REJECTION/5,5,5,true,-0.04731542368373827,-0.04731542368373827,-0.04731542368373827
15,E1_ROLLING__DT-RAMDE_TS2_FULL__VS__JMETALPY_1_7_NSGAII_DYNAMIC_RESTART_BRIDGE__ANYTIME_NHV_AUC,E1_PRIMARY_ANYTIME,RR-REJECTION/6,5,5,true,-0.098618803527939364,-0.098618803527939364,-0.098618803527939364
15,E1_ROLLING__DT-RAMDE_TS2_FULL__VS__JMETALPY_1_7_NSGAII_DYNAMIC_RESTART_BRIDGE__ANYTIME_NHV_AUC,E1_PRIMARY_ANYTIME,RR-REJECTION/7,5,5,true,-0.044342656297813289,-0.044342656297813289,-0.044342656297813289
15,E1_ROLLING__DT-RAMDE_TS2_FULL__VS__JMETALPY_1_7_NSGAII_DYNAMIC_RESTART_BRIDGE__ANYTIME_NHV_AUC,E1_PRIMARY_ANYTIME,RR-SHOCK/0,5,5,true,-0.034258518314183653,-0.034258518314183653,-0.034258518314183653
15,E1_ROLLING__DT-RAMDE_TS2_FULL__VS__JMETALPY_1_7_NSGAII_DYNAMIC_RESTART_BRIDGE__ANYTIME_NHV_AUC,E1_PRIMARY_ANYTIME,RR-SHOCK/1,5,5,true,-0.026615663323562043,-0.026615663323562043,-0.026615663323562043
15,E1_ROLLING__DT-RAMDE_TS2_FULL__VS__JMETALPY_1_7_NSGAII_DYNAMIC_RESTART_BRIDGE__ANYTIME_NHV_AUC,E1_PRIMARY_ANYTIME,RR-SHOCK/2,5,5,true,-0.0658333248979803,-0.0658333248979803,-0.0658333248979803
15,E1_ROLLING__DT-RAMDE_TS2_FULL__VS__JMETALPY_1_7_NSGAII_DYNAMIC_RESTART_BRIDGE__ANYTIME_NHV_AUC,E1_PRIMARY_ANYTIME,RR-SHOCK/3,5,5,true,-0.060209002813723121,-0.060209002813723121,-0.060209002813723121
15,E1_ROLLING__DT-RAMDE_TS2_FULL__VS__JMETALPY_1_7_NSGAII_DYNAMIC_RESTART_BRIDGE__ANYTIME_NHV_AUC,E1_PRIMARY_ANYTIME,RR-SHOCK/4,5,5,true,-0.041539579097130221,-0.041539579097130221,-0.041539579097130221
15,E1_ROLLING__DT-RAMDE_TS2_FULL__VS__JMETALPY_1_7_NSGAII_DYNAMIC_RESTART_BRIDGE__ANYTIME_NHV_AUC,E1_PRIMARY_ANYTIME,RR-SHOCK/5,5,5,true,-0.0048069027386595797,-0.0048069027386595797,-0.0048069027386595797
15,E1_ROLLING__DT-RAMDE_TS2_FULL__VS__JMETALPY_1_7_NSGAII_DYNAMIC_RESTART_BRIDGE__ANYTIME_NHV_AUC,E1_PRIMARY_ANYTIME,RR-SHOCK/6,5,5,true,-0.12773004897541676,-0.12773004897541676,-0.12773004897541676
15,E1_ROLLING__DT-RAMDE_TS2_FULL__VS__JMETALPY_1_7_NSGAII_DYNAMIC_RESTART_BRIDGE__ANYTIME_NHV_AUC,E1_PRIMARY_ANYTIME,RR-SHOCK/7,5,5,true,-0.076648856221659317,-0.076648856221659317,-0.076648856221659317
15,E1_ROLLING__DT-RAMDE_TS2_FULL__VS__JMETALPY_1_7_NSGAII_DYNAMIC_RESTART_BRIDGE__ANYTIME_NHV_AUC,E1_PRIMARY_ANYTIME,RR-SMOOTH/0,5,5,true,-0.039719504871383468,-0.039719504871383468,-0.039719504871383468
15,E1_ROLLING__DT-RAMDE_TS2_FULL__VS__JMETALPY_1_7_NSGAII_DYNAMIC_RESTART_BRIDGE__ANYTIME_NHV_AUC,E1_PRIMARY_ANYTIME,RR-SMOOTH/1,5,5,true,-0.17404659182760562,-0.17404659182760562,-0.17404659182760562
15,E1_ROLLING__DT-RAMDE_TS2_FULL__VS__JMETALPY_1_7_NSGAII_DYNAMIC_RESTART_BRIDGE__ANYTIME_NHV_AUC,E1_PRIMARY_ANYTIME,RR-SMOOTH/2,5,5,true,-0.042311254944680153,-0.042311254944680153,-0.042311254944680153
15,E1_ROLLING__DT-RAMDE_TS2_FULL__VS__JMETALPY_1_7_NSGAII_DYNAMIC_RESTART_BRIDGE__ANYTIME_NHV_AUC,E1_PRIMARY_ANYTIME,RR-SMOOTH/3,5,5,true,-0.04434154909686594,-0.04434154909686594,-0.04434154909686594
15,E1_ROLLING__DT-RAMDE_TS2_FULL__VS__JMETALPY_1_7_NSGAII_DYNAMIC_RESTART_BRIDGE__ANYTIME_NHV_AUC,E1_PRIMARY_ANYTIME,RR-SMOOTH/4,5,5,true,-0.084031300216354785,-0.084031300216354785,-0.084031300216354785
15,E1_ROLLING__DT-RAMDE_TS2_FULL__VS__JMETALPY_1_7_NSGAII_DYNAMIC_RESTART_BRIDGE__ANYTIME_NHV_AUC,E1_PRIMARY_ANYTIME,RR-SMOOTH/5,5,5,true,-0.037765042038549648,-0.037765042038549648,-0.037765042038549648
15,E1_ROLLING__DT-RAMDE_TS2_FULL__VS__JMETALPY_1_7_NSGAII_DYNAMIC_RESTART_BRIDGE__ANYTIME_NHV_AUC,E1_PRIMARY_ANYTIME,RR-SMOOTH/6,5,5,true,-0.34737783992105753,-0.34737783992105753,-0.34737783992105753
15,E1_ROLLING__DT-RAMDE_TS2_FULL__VS__JMETALPY_1_7_NSGAII_DYNAMIC_RESTART_BRIDGE__ANYTIME_NHV_AUC,E1_PRIMARY_ANYTIME,RR-SMOOTH/7,5,5,true,-0.061382287590739201,-0.061382287590739201,-0.061382287590739201
16,E2_DYNAMIC__DT-RAMDE_TS2_FULL__VS__NO_CROSS_EVENT_MEMORY__TRANSFER_EARLY_AUC,E2_DYNAMIC_TRANSFER,CDF1,10,10,true,0.41474689997760367,0.41474689997760367,0.41474689997760367
16,E2_DYNAMIC__DT-RAMDE_TS2_FULL__VS__NO_CROSS_EVENT_MEMORY__TRANSFER_EARLY_AUC,E2_DYNAMIC_TRANSFER,CDF10,10,10,true,0.27318824751121873,0.27318824751121873,0.27318824751121873
16,E2_DYNAMIC__DT-RAMDE_TS2_FULL__VS__NO_CROSS_EVENT_MEMORY__TRANSFER_EARLY_AUC,E2_DYNAMIC_TRANSFER,CDF11,10,10,true,0.17843113319723347,0.17843113319723347,0.17843113319723347
16,E2_DYNAMIC__DT-RAMDE_TS2_FULL__VS__NO_CROSS_EVENT_MEMORY__TRANSFER_EARLY_AUC,E2_DYNAMIC_TRANSFER,CDF12,10,10,true,0.33732887501822084,0.33732887501822084,0.33732887501822084
16,E2_DYNAMIC__DT-RAMDE_TS2_FULL__VS__NO_CROSS_EVENT_MEMORY__TRANSFER_EARLY_AUC,E2_DYNAMIC_TRANSFER,CDF13,10,10,true,0.34115504576606165,0.34115504576606165,0.34115504576606165
16,E2_DYNAMIC__DT-RAMDE_TS2_FULL__VS__NO_CROSS_EVENT_MEMORY__TRANSFER_EARLY_AUC,E2_DYNAMIC_TRANSFER,CDF14,10,10,true,0.10664700968432103,0.10664700968432103,0.10664700968432103
16,E2_DYNAMIC__DT-RAMDE_TS2_FULL__VS__NO_CROSS_EVENT_MEMORY__TRANSFER_EARLY_AUC,E2_DYNAMIC_TRANSFER,CDF15,10,10,true,0.22407983306742385,0.22407983306742385,0.22407983306742385
16,E2_DYNAMIC__DT-RAMDE_TS2_FULL__VS__NO_CROSS_EVENT_MEMORY__TRANSFER_EARLY_AUC,E2_DYNAMIC_TRANSFER,CDF2,10,10,true,0.29482120761045638,0.29482120761045638,0.29482120761045638
16,E2_DYNAMIC__DT-RAMDE_TS2_FULL__VS__NO_CROSS_EVENT_MEMORY__TRANSFER_EARLY_AUC,E2_DYNAMIC_TRANSFER,CDF3,10,10,true,0.28505202130644075,0.28505202130644075,0.28505202130644075
16,E2_DYNAMIC__DT-RAMDE_TS2_FULL__VS__NO_CROSS_EVENT_MEMORY__TRANSFER_EARLY_AUC,E2_DYNAMIC_TRANSFER,CDF4,10,10,true,0.27590480080319335,0.27590480080319335,0.27590480080319335
16,E2_DYNAMIC__DT-RAMDE_TS2_FULL__VS__NO_CROSS_EVENT_MEMORY__TRANSFER_EARLY_AUC,E2_DYNAMIC_TRANSFER,CDF5,10,10,true,0.0093581764194712227,0.0093581764194712227,0.0093581764194712227
16,E2_DYNAMIC__DT-RAMDE_TS2_FULL__VS__NO_CROSS_EVENT_MEMORY__TRANSFER_EARLY_AUC,E2_DYNAMIC_TRANSFER,CDF6,10,10,true,0.43226670353040764,0.43226670353040764,0.43226670353040764
16,E2_DYNAMIC__DT-RAMDE_TS2_FULL__VS__NO_CROSS_EVENT_MEMORY__TRANSFER_EARLY_AUC,E2_DYNAMIC_TRANSFER,CDF7,10,10,true,0.14854711833851897,0.14854711833851897,0.14854711833851897
16,E2_DYNAMIC__DT-RAMDE_TS2_FULL__VS__NO_CROSS_EVENT_MEMORY__TRANSFER_EARLY_AUC,E2_DYNAMIC_TRANSFER,CDF8,10,10,true,0.32340357160037414,0.32340357160037414,0.32340357160037414
16,E2_DYNAMIC__DT-RAMDE_TS2_FULL__VS__NO_CROSS_EVENT_MEMORY__TRANSFER_EARLY_AUC,E2_DYNAMIC_TRANSFER,CDF9,10,0,false,,-1,1
17,E2_DYNAMIC__DT-RAMDE_TS2_FULL__VS__NO_REJECTION_CREDIT__TRANSFER_EARLY_AUC,E2_DYNAMIC_TRANSFER,CDF1,10,10,true,-0.0014813725672248035,-0.0014813725672248035,-0.0014813725672248035
17,E2_DYNAMIC__DT-RAMDE_TS2_FULL__VS__NO_REJECTION_CREDIT__TRANSFER_EARLY_AUC,E2_DYNAMIC_TRANSFER,CDF10,10,10,true,-0.0074786399412929364,-0.0074786399412929364,-0.0074786399412929364
17,E2_DYNAMIC__DT-RAMDE_TS2_FULL__VS__NO_REJECTION_CREDIT__TRANSFER_EARLY_AUC,E2_DYNAMIC_TRANSFER,CDF11,10,10,true,0.0024738025780648796,0.0024738025780648796,0.0024738025780648796
17,E2_DYNAMIC__DT-RAMDE_TS2_FULL__VS__NO_REJECTION_CREDIT__TRANSFER_EARLY_AUC,E2_DYNAMIC_TRANSFER,CDF12,10,10,true,0.0039728044723085273,0.0039728044723085273,0.0039728044723085273
17,E2_DYNAMIC__DT-RAMDE_TS2_FULL__VS__NO_REJECTION_CREDIT__TRANSFER_EARLY_AUC,E2_DYNAMIC_TRANSFER,CDF13,10,10,true,-0.00071312493718939107,-0.00071312493718939107,-0.00071312493718939107
17,E2_DYNAMIC__DT-RAMDE_TS2_FULL__VS__NO_REJECTION_CREDIT__TRANSFER_EARLY_AUC,E2_DYNAMIC_TRANSFER,CDF14,10,10,true,-0.0010028126527861613,-0.0010028126527861613,-0.0010028126527861613
17,E2_DYNAMIC__DT-RAMDE_TS2_FULL__VS__NO_REJECTION_CREDIT__TRANSFER_EARLY_AUC,E2_DYNAMIC_TRANSFER,CDF15,10,10,true,-0.0032668375196600458,-0.0032668375196600458,-0.0032668375196600458
17,E2_DYNAMIC__DT-RAMDE_TS2_FULL__VS__NO_REJECTION_CREDIT__TRANSFER_EARLY_AUC,E2_DYNAMIC_TRANSFER,CDF2,10,10,true,-0.0026328138718358543,-0.0026328138718358543,-0.0026328138718358543
17,E2_DYNAMIC__DT-RAMDE_TS2_FULL__VS__NO_REJECTION_CREDIT__TRANSFER_EARLY_AUC,E2_DYNAMIC_TRANSFER,CDF3,10,10,true,5.3448006395728775e-07,5.3448006395728775e-07,5.3448006395728775e-07
17,E2_DYNAMIC__DT-RAMDE_TS2_FULL__VS__NO_REJECTION_CREDIT__TRANSFER_EARLY_AUC,E2_DYNAMIC_TRANSFER,CDF4,10,10,true,-0.00057608803292745752,-0.00057608803292745752,-0.00057608803292745752
17,E2_DYNAMIC__DT-RAMDE_TS2_FULL__VS__NO_REJECTION_CREDIT__TRANSFER_EARLY_AUC,E2_DYNAMIC_TRANSFER,CDF5,10,10,true,0.00075853134211463665,0.00075853134211463665,0.00075853134211463665
17,E2_DYNAMIC__DT-RAMDE_TS2_FULL__VS__NO_REJECTION_CREDIT__TRANSFER_EARLY_AUC,E2_DYNAMIC_TRANSFER,CDF6,10,10,true,-0.00084351337181657877,-0.00084351337181657877,-0.00084351337181657877
17,E2_DYNAMIC__DT-RAMDE_TS2_FULL__VS__NO_REJECTION_CREDIT__TRANSFER_EARLY_AUC,E2_DYNAMIC_TRANSFER,CDF7,10,10,true,0.0036101562650541013,0.0036101562650541013,0.0036101562650541013
17,E2_DYNAMIC__DT-RAMDE_TS2_FULL__VS__NO_REJECTION_CREDIT__TRANSFER_EARLY_AUC,E2_DYNAMIC_TRANSFER,CDF8,10,10,true,0.00049308584258889177,0.00049308584258889177,0.00049308584258889177
17,E2_DYNAMIC__DT-RAMDE_TS2_FULL__VS__NO_REJECTION_CREDIT__TRANSFER_EARLY_AUC,E2_DYNAMIC_TRANSFER,CDF9,10,0,false,,-1,1
18,E2_DYNAMIC__DT-RAMDE_TS2_FULL__VS__NO_MEMORY_RESET_GATE__TRANSFER_EARLY_AUC,E2_DYNAMIC_TRANSFER,CDF1,10,10,true,-0.00045391823857328102,-0.00045391823857328102,-0.00045391823857328102
18,E2_DYNAMIC__DT-RAMDE_TS2_FULL__VS__NO_MEMORY_RESET_GATE__TRANSFER_EARLY_AUC,E2_DYNAMIC_TRANSFER,CDF10,10,10,true,0.019984449297314768,0.019984449297314768,0.019984449297314768
18,E2_DYNAMIC__DT-RAMDE_TS2_FULL__VS__NO_MEMORY_RESET_GATE__TRANSFER_EARLY_AUC,E2_DYNAMIC_TRANSFER,CDF11,10,10,true,0.02483611372520772,0.02483611372520772,0.02483611372520772
18,E2_DYNAMIC__DT-RAMDE_TS2_FULL__VS__NO_MEMORY_RESET_GATE__TRANSFER_EARLY_AUC,E2_DYNAMIC_TRANSFER,CDF12,10,10,true,0.0043307391173914855,0.0043307391173914855,0.0043307391173914855
18,E2_DYNAMIC__DT-RAMDE_TS2_FULL__VS__NO_MEMORY_RESET_GATE__TRANSFER_EARLY_AUC,E2_DYNAMIC_TRANSFER,CDF13,10,10,true,0.0001939965506697781,0.0001939965506697781,0.0001939965506697781
18,E2_DYNAMIC__DT-RAMDE_TS2_FULL__VS__NO_MEMORY_RESET_GATE__TRANSFER_EARLY_AUC,E2_DYNAMIC_TRANSFER,CDF14,10,10,true,-0.00060527089901347693,-0.00060527089901347693,-0.00060527089901347693
18,E2_DYNAMIC__DT-RAMDE_TS2_FULL__VS__NO_MEMORY_RESET_GATE__TRANSFER_EARLY_AUC,E2_DYNAMIC_TRANSFER,CDF15,10,10,true,-0.0042745107811934637,-0.0042745107811934637,-0.0042745107811934637
18,E2_DYNAMIC__DT-RAMDE_TS2_FULL__VS__NO_MEMORY_RESET_GATE__TRANSFER_EARLY_AUC,E2_DYNAMIC_TRANSFER,CDF2,10,10,true,-0.0022989244686487499,-0.0022989244686487499,-0.0022989244686487499
18,E2_DYNAMIC__DT-RAMDE_TS2_FULL__VS__NO_MEMORY_RESET_GATE__TRANSFER_EARLY_AUC,E2_DYNAMIC_TRANSFER,CDF3,10,10,true,0.0010034852044197963,0.0010034852044197963,0.0010034852044197963
18,E2_DYNAMIC__DT-RAMDE_TS2_FULL__VS__NO_MEMORY_RESET_GATE__TRANSFER_EARLY_AUC,E2_DYNAMIC_TRANSFER,CDF4,10,10,true,-0.0030625688166863226,-0.0030625688166863226,-0.0030625688166863226
18,E2_DYNAMIC__DT-RAMDE_TS2_FULL__VS__NO_MEMORY_RESET_GATE__TRANSFER_EARLY_AUC,E2_DYNAMIC_TRANSFER,CDF5,10,10,true,0.00085548250753068661,0.00085548250753068661,0.00085548250753068661
18,E2_DYNAMIC__DT-RAMDE_TS2_FULL__VS__NO_MEMORY_RESET_GATE__TRANSFER_EARLY_AUC,E2_DYNAMIC_TRANSFER,CDF6,10,10,true,0.0011777533519726103,0.0011777533519726103,0.0011777533519726103
18,E2_DYNAMIC__DT-RAMDE_TS2_FULL__VS__NO_MEMORY_RESET_GATE__TRANSFER_EARLY_AUC,E2_DYNAMIC_TRANSFER,CDF7,10,10,true,-0.0031328496890745765,-0.0031328496890745765,-0.0031328496890745765
18,E2_DYNAMIC__DT-RAMDE_TS2_FULL__VS__NO_MEMORY_RESET_GATE__TRANSFER_EARLY_AUC,E2_DYNAMIC_TRANSFER,CDF8,10,10,true,0.0004414093356447824,0.0004414093356447824,0.0004414093356447824
18,E2_DYNAMIC__DT-RAMDE_TS2_FULL__VS__NO_MEMORY_RESET_GATE__TRANSFER_EARLY_AUC,E2_DYNAMIC_TRANSFER,CDF9,10,0,false,,-1,1
19,E2_DYNAMIC__DT-RAMDE_TS2_FULL__VS__NO_LINEAGE_CREDIT__TRANSFER_EARLY_AUC,E2_DYNAMIC_TRANSFER,CDF1,10,10,true,-0.0030424013160044727,-0.0030424013160044727,-0.0030424013160044727
19,E2_DYNAMIC__DT-RAMDE_TS2_FULL__VS__NO_LINEAGE_CREDIT__TRANSFER_EARLY_AUC,E2_DYNAMIC_TRANSFER,CDF10,10,10,true,-0.037791975505722386,-0.037791975505722386,-0.037791975505722386
19,E2_DYNAMIC__DT-RAMDE_TS2_FULL__VS__NO_LINEAGE_CREDIT__TRANSFER_EARLY_AUC,E2_DYNAMIC_TRANSFER,CDF11,10,10,true,0.0043034741824522216,0.0043034741824522216,0.0043034741824522216
19,E2_DYNAMIC__DT-RAMDE_TS2_FULL__VS__NO_LINEAGE_CREDIT__TRANSFER_EARLY_AUC,E2_DYNAMIC_TRANSFER,CDF12,10,10,true,0.0026843327565940381,0.0026843327565940381,0.0026843327565940381
19,E2_DYNAMIC__DT-RAMDE_TS2_FULL__VS__NO_LINEAGE_CREDIT__TRANSFER_EARLY_AUC,E2_DYNAMIC_TRANSFER,CDF13,10,10,true,0.00051250404796490678,0.00051250404796490678,0.00051250404796490678
19,E2_DYNAMIC__DT-RAMDE_TS2_FULL__VS__NO_LINEAGE_CREDIT__TRANSFER_EARLY_AUC,E2_DYNAMIC_TRANSFER,CDF14,10,10,true,-0.00096145388155099987,-0.00096145388155099987,-0.00096145388155099987
19,E2_DYNAMIC__DT-RAMDE_TS2_FULL__VS__NO_LINEAGE_CREDIT__TRANSFER_EARLY_AUC,E2_DYNAMIC_TRANSFER,CDF15,10,10,true,-0.00090230765741997055,-0.00090230765741997055,-0.00090230765741997055
19,E2_DYNAMIC__DT-RAMDE_TS2_FULL__VS__NO_LINEAGE_CREDIT__TRANSFER_EARLY_AUC,E2_DYNAMIC_TRANSFER,CDF2,10,10,true,0.0011287324115817397,0.0011287324115817397,0.0011287324115817397
19,E2_DYNAMIC__DT-RAMDE_TS2_FULL__VS__NO_LINEAGE_CREDIT__TRANSFER_EARLY_AUC,E2_DYNAMIC_TRANSFER,CDF3,10,10,true,5.5329553186672696e-05,5.5329553186672696e-05,5.5329553186672696e-05
19,E2_DYNAMIC__DT-RAMDE_TS2_FULL__VS__NO_LINEAGE_CREDIT__TRANSFER_EARLY_AUC,E2_DYNAMIC_TRANSFER,CDF4,10,10,true,-0.012774763941857897,-0.012774763941857897,-0.012774763941857897
19,E2_DYNAMIC__DT-RAMDE_TS2_FULL__VS__NO_LINEAGE_CREDIT__TRANSFER_EARLY_AUC,E2_DYNAMIC_TRANSFER,CDF5,10,10,true,0.0010072216103095694,0.0010072216103095694,0.0010072216103095694
19,E2_DYNAMIC__DT-RAMDE_TS2_FULL__VS__NO_LINEAGE_CREDIT__TRANSFER_EARLY_AUC,E2_DYNAMIC_TRANSFER,CDF6,10,10,true,-0.0025596598516697713,-0.0025596598516697713,-0.0025596598516697713
19,E2_DYNAMIC__DT-RAMDE_TS2_FULL__VS__NO_LINEAGE_CREDIT__TRANSFER_EARLY_AUC,E2_DYNAMIC_TRANSFER,CDF7,10,10,true,-0.0040773977304885299,-0.0040773977304885299,-0.0040773977304885299
19,E2_DYNAMIC__DT-RAMDE_TS2_FULL__VS__NO_LINEAGE_CREDIT__TRANSFER_EARLY_AUC,E2_DYNAMIC_TRANSFER,CDF8,10,10,true,-0.0019721817418091201,-0.0019721817418091201,-0.0019721817418091201
19,E2_DYNAMIC__DT-RAMDE_TS2_FULL__VS__NO_LINEAGE_CREDIT__TRANSFER_EARLY_AUC,E2_DYNAMIC_TRANSFER,CDF9,10,0,false,,-1,1
20,E2_DYNAMIC__DT-RAMDE_TS2_FULL__VS__CROSS_EVENT_WARM_START_ONLY__TRANSFER_EARLY_AUC,E2_DYNAMIC_TRANSFER,CDF1,10,10,true,0.0012120416744259342,0.0012120416744259342,0.0012120416744259342
20,E2_DYNAMIC__DT-RAMDE_TS2_FULL__VS__CROSS_EVENT_WARM_START_ONLY__TRANSFER_EARLY_AUC,E2_DYNAMIC_TRANSFER,CDF10,10,10,true,-0.0087017255090339161,-0.0087017255090339161,-0.0087017255090339161
20,E2_DYNAMIC__DT-RAMDE_TS2_FULL__VS__CROSS_EVENT_WARM_START_ONLY__TRANSFER_EARLY_AUC,E2_DYNAMIC_TRANSFER,CDF11,10,10,true,0.040230855018392311,0.040230855018392311,0.040230855018392311
20,E2_DYNAMIC__DT-RAMDE_TS2_FULL__VS__CROSS_EVENT_WARM_START_ONLY__TRANSFER_EARLY_AUC,E2_DYNAMIC_TRANSFER,CDF12,10,10,true,-0.0010055592918313983,-0.0010055592918313983,-0.0010055592918313983
20,E2_DYNAMIC__DT-RAMDE_TS2_FULL__VS__CROSS_EVENT_WARM_START_ONLY__TRANSFER_EARLY_AUC,E2_DYNAMIC_TRANSFER,CDF13,10,10,true,0.0085682857585913704,0.0085682857585913704,0.0085682857585913704
20,E2_DYNAMIC__DT-RAMDE_TS2_FULL__VS__CROSS_EVENT_WARM_START_ONLY__TRANSFER_EARLY_AUC,E2_DYNAMIC_TRANSFER,CDF14,10,10,true,-0.00050843984543247898,-0.00050843984543247898,-0.00050843984543247898
20,E2_DYNAMIC__DT-RAMDE_TS2_FULL__VS__CROSS_EVENT_WARM_START_ONLY__TRANSFER_EARLY_AUC,E2_DYNAMIC_TRANSFER,CDF15,10,10,true,-0.0042745168963692314,-0.0042745168963692314,-0.0042745168963692314
20,E2_DYNAMIC__DT-RAMDE_TS2_FULL__VS__CROSS_EVENT_WARM_START_ONLY__TRANSFER_EARLY_AUC,E2_DYNAMIC_TRANSFER,CDF2,10,10,true,0.013337836833006185,0.013337836833006185,0.013337836833006185
20,E2_DYNAMIC__DT-RAMDE_TS2_FULL__VS__CROSS_EVENT_WARM_START_ONLY__TRANSFER_EARLY_AUC,E2_DYNAMIC_TRANSFER,CDF3,10,10,true,0.00073547250819720462,0.00073547250819720462,0.00073547250819720462
20,E2_DYNAMIC__DT-RAMDE_TS2_FULL__VS__CROSS_EVENT_WARM_START_ONLY__TRANSFER_EARLY_AUC,E2_DYNAMIC_TRANSFER,CDF4,10,10,true,0.010793914844357438,0.010793914844357438,0.010793914844357438
20,E2_DYNAMIC__DT-RAMDE_TS2_FULL__VS__CROSS_EVENT_WARM_START_ONLY__TRANSFER_EARLY_AUC,E2_DYNAMIC_TRANSFER,CDF5,10,10,true,0.0063760526453465281,0.0063760526453465281,0.0063760526453465281
20,E2_DYNAMIC__DT-RAMDE_TS2_FULL__VS__CROSS_EVENT_WARM_START_ONLY__TRANSFER_EARLY_AUC,E2_DYNAMIC_TRANSFER,CDF6,10,10,true,0.0056029334818329616,0.0056029334818329616,0.0056029334818329616
20,E2_DYNAMIC__DT-RAMDE_TS2_FULL__VS__CROSS_EVENT_WARM_START_ONLY__TRANSFER_EARLY_AUC,E2_DYNAMIC_TRANSFER,CDF7,10,10,true,-0.0034113103591876387,-0.0034113103591876387,-0.0034113103591876387
20,E2_DYNAMIC__DT-RAMDE_TS2_FULL__VS__CROSS_EVENT_WARM_START_ONLY__TRANSFER_EARLY_AUC,E2_DYNAMIC_TRANSFER,CDF8,10,10,true,0.00469832965064702,0.00469832965064702,0.00469832965064702
20,E2_DYNAMIC__DT-RAMDE_TS2_FULL__VS__CROSS_EVENT_WARM_START_ONLY__TRANSFER_EARLY_AUC,E2_DYNAMIC_TRANSFER,CDF9,10,0,false,,-1,1
21,E2_DYNAMIC__DT-RAMDE_TS2_FULL__VS__CROSS_EVENT_MEMORY_ONLY__TRANSFER_EARLY_AUC,E2_DYNAMIC_TRANSFER,CDF1,10,10,true,0.42765881962049301,0.42765881962049301,0.42765881962049301
21,E2_DYNAMIC__DT-RAMDE_TS2_FULL__VS__CROSS_EVENT_MEMORY_ONLY__TRANSFER_EARLY_AUC,E2_DYNAMIC_TRANSFER,CDF10,10,10,true,0.27318824751121873,0.27318824751121873,0.27318824751121873
21,E2_DYNAMIC__DT-RAMDE_TS2_FULL__VS__CROSS_EVENT_MEMORY_ONLY__TRANSFER_EARLY_AUC,E2_DYNAMIC_TRANSFER,CDF11,10,10,true,0.17843113319723347,0.17843113319723347,0.17843113319723347
21,E2_DYNAMIC__DT-RAMDE_TS2_FULL__VS__CROSS_EVENT_MEMORY_ONLY__TRANSFER_EARLY_AUC,E2_DYNAMIC_TRANSFER,CDF12,10,10,true,0.33955200520714257,0.33955200520714257,0.33955200520714257
21,E2_DYNAMIC__DT-RAMDE_TS2_FULL__VS__CROSS_EVENT_MEMORY_ONLY__TRANSFER_EARLY_AUC,E2_DYNAMIC_TRANSFER,CDF13,10,10,true,0.34455728996872403,0.34455728996872403,0.34455728996872403
21,E2_DYNAMIC__DT-RAMDE_TS2_FULL__VS__CROSS_EVENT_MEMORY_ONLY__TRANSFER_EARLY_AUC,E2_DYNAMIC_TRANSFER,CDF14,10,10,true,0.10931762854656021,0.10931762854656021,0.10931762854656021
21,E2_DYNAMIC__DT-RAMDE_TS2_FULL__VS__CROSS_EVENT_MEMORY_ONLY__TRANSFER_EARLY_AUC,E2_DYNAMIC_TRANSFER,CDF15,10,10,true,0.22477467962795125,0.22477467962795125,0.22477467962795125
21,E2_DYNAMIC__DT-RAMDE_TS2_FULL__VS__CROSS_EVENT_MEMORY_ONLY__TRANSFER_EARLY_AUC,E2_DYNAMIC_TRANSFER,CDF2,10,10,true,0.29488968400577276,0.29488968400577276,0.29488968400577276
21,E2_DYNAMIC__DT-RAMDE_TS2_FULL__VS__CROSS_EVENT_MEMORY_ONLY__TRANSFER_EARLY_AUC,E2_DYNAMIC_TRANSFER,CDF3,10,10,true,0.29788286022211929,0.29788286022211929,0.29788286022211929
21,E2_DYNAMIC__DT-RAMDE_TS2_FULL__VS__CROSS_EVENT_MEMORY_ONLY__TRANSFER_EARLY_AUC,E2_DYNAMIC_TRANSFER,CDF4,10,10,true,0.28084626282326186,0.28084626282326186,0.28084626282326186
21,E2_DYNAMIC__DT-RAMDE_TS2_FULL__VS__CROSS_EVENT_MEMORY_ONLY__TRANSFER_EARLY_AUC,E2_DYNAMIC_TRANSFER,CDF5,10,10,true,0.0093581764194712227,0.0093581764194712227,0.0093581764194712227
21,E2_DYNAMIC__DT-RAMDE_TS2_FULL__VS__CROSS_EVENT_MEMORY_ONLY__TRANSFER_EARLY_AUC,E2_DYNAMIC_TRANSFER,CDF6,10,10,true,0.43662305697034293,0.43662305697034293,0.43662305697034293
21,E2_DYNAMIC__DT-RAMDE_TS2_FULL__VS__CROSS_EVENT_MEMORY_ONLY__TRANSFER_EARLY_AUC,E2_DYNAMIC_TRANSFER,CDF7,10,10,true,0.15578414908291072,0.15578414908291072,0.15578414908291072
21,E2_DYNAMIC__DT-RAMDE_TS2_FULL__VS__CROSS_EVENT_MEMORY_ONLY__TRANSFER_EARLY_AUC,E2_DYNAMIC_TRANSFER,CDF8,10,10,true,0.33490316465619219,0.33490316465619219,0.33490316465619219
21,E2_DYNAMIC__DT-RAMDE_TS2_FULL__VS__CROSS_EVENT_MEMORY_ONLY__TRANSFER_EARLY_AUC,E2_DYNAMIC_TRANSFER,CDF9,10,0,false,,-1,1
22,E2_DYNAMIC__DT-RAMDE_TS2_FULL__VS__SHADE_ONLY__TRANSFER_EARLY_AUC,E2_DYNAMIC_TRANSFER,CDF1,10,10,true,0.4193346152641273,0.4193346152641273,0.4193346152641273
22,E2_DYNAMIC__DT-RAMDE_TS2_FULL__VS__SHADE_ONLY__TRANSFER_EARLY_AUC,E2_DYNAMIC_TRANSFER,CDF10,10,10,true,0.27318824751121873,0.27318824751121873,0.27318824751121873
22,E2_DYNAMIC__DT-RAMDE_TS2_FULL__VS__SHADE_ONLY__TRANSFER_EARLY_AUC,E2_DYNAMIC_TRANSFER,CDF11,10,10,true,0.17843113319723347,0.17843113319723347,0.17843113319723347
22,E2_DYNAMIC__DT-RAMDE_TS2_FULL__VS__SHADE_ONLY__TRANSFER_EARLY_AUC,E2_DYNAMIC_TRANSFER,CDF12,10,10,true,0.33876175483171539,0.33876175483171539,0.33876175483171539
22,E2_DYNAMIC__DT-RAMDE_TS2_FULL__VS__SHADE_ONLY__TRANSFER_EARLY_AUC,E2_DYNAMIC_TRANSFER,CDF13,10,10,true,0.34164573650315444,0.34164573650315444,0.34164573650315444
22,E2_DYNAMIC__DT-RAMDE_TS2_FULL__VS__SHADE_ONLY__TRANSFER_EARLY_AUC,E2_DYNAMIC_TRANSFER,CDF14,10,10,true,0.1068152478788878,0.1068152478788878,0.1068152478788878
22,E2_DYNAMIC__DT-RAMDE_TS2_FULL__VS__SHADE_ONLY__TRANSFER_EARLY_AUC,E2_DYNAMIC_TRANSFER,CDF15,10,10,true,0.22408736290970049,0.22408736290970049,0.22408736290970049
22,E2_DYNAMIC__DT-RAMDE_TS2_FULL__VS__SHADE_ONLY__TRANSFER_EARLY_AUC,E2_DYNAMIC_TRANSFER,CDF2,10,10,true,0.29457410986814014,0.29457410986814014,0.29457410986814014
22,E2_DYNAMIC__DT-RAMDE_TS2_FULL__VS__SHADE_ONLY__TRANSFER_EARLY_AUC,E2_DYNAMIC_TRANSFER,CDF3,10,10,true,0.28697613616455908,0.28697613616455908,0.28697613616455908
22,E2_DYNAMIC__DT-RAMDE_TS2_FULL__VS__SHADE_ONLY__TRANSFER_EARLY_AUC,E2_DYNAMIC_TRANSFER,CDF4,10,10,true,0.27638499062867594,0.27638499062867594,0.27638499062867594
22,E2_DYNAMIC__DT-RAMDE_TS2_FULL__VS__SHADE_ONLY__TRANSFER_EARLY_AUC,E2_DYNAMIC_TRANSFER,CDF5,10,10,true,0.0093581764194712227,0.0093581764194712227,0.0093581764194712227
22,E2_DYNAMIC__DT-RAMDE_TS2_FULL__VS__SHADE_ONLY__TRANSFER_EARLY_AUC,E2_DYNAMIC_TRANSFER,CDF6,10,10,true,0.43178075470810573,0.43178075470810573,0.43178075470810573
22,E2_DYNAMIC__DT-RAMDE_TS2_FULL__VS__SHADE_ONLY__TRANSFER_EARLY_AUC,E2_DYNAMIC_TRANSFER,CDF7,10,10,true,0.14758732976057201,0.14758732976057201,0.14758732976057201
22,E2_DYNAMIC__DT-RAMDE_TS2_FULL__VS__SHADE_ONLY__TRANSFER_EARLY_AUC,E2_DYNAMIC_TRANSFER,CDF8,10,10,true,0.31780336436908296,0.31780336436908296,0.31780336436908296
22,E2_DYNAMIC__DT-RAMDE_TS2_FULL__VS__SHADE_ONLY__TRANSFER_EARLY_AUC,E2_DYNAMIC_TRANSFER,CDF9,10,0,false,,-1,1
23,E2_ROLLING__DT-RAMDE_TS2_FULL__VS__NO_CROSS_EVENT_MEMORY__TRANSFER_EARLY_AUC,E2_ROLLING_TRANSFER,RR-INTERMITTENT/0,5,5,true,0.30721659090928638,0.30721659090928638,0.30721659090928638
23,E2_ROLLING__DT-RAMDE_TS2_FULL__VS__NO_CROSS_EVENT_MEMORY__TRANSFER_EARLY_AUC,E2_ROLLING_TRANSFER,RR-INTERMITTENT/1,5,5,true,0.252654117960876,0.252654117960876,0.252654117960876
23,E2_ROLLING__DT-RAMDE_TS2_FULL__VS__NO_CROSS_EVENT_MEMORY__TRANSFER_EARLY_AUC,E2_ROLLING_TRANSFER,RR-INTERMITTENT/2,5,5,true,0.15476731916360292,0.15476731916360292,0.15476731916360292
23,E2_ROLLING__DT-RAMDE_TS2_FULL__VS__NO_CROSS_EVENT_MEMORY__TRANSFER_EARLY_AUC,E2_ROLLING_TRANSFER,RR-INTERMITTENT/3,5,5,true,0.11746595941539895,0.11746595941539895,0.11746595941539895
23,E2_ROLLING__DT-RAMDE_TS2_FULL__VS__NO_CROSS_EVENT_MEMORY__TRANSFER_EARLY_AUC,E2_ROLLING_TRANSFER,RR-INTERMITTENT/4,5,5,true,0.35143790752784287,0.35143790752784287,0.35143790752784287
23,E2_ROLLING__DT-RAMDE_TS2_FULL__VS__NO_CROSS_EVENT_MEMORY__TRANSFER_EARLY_AUC,E2_ROLLING_TRANSFER,RR-INTERMITTENT/5,5,5,true,0.24450487870177301,0.24450487870177301,0.24450487870177301
23,E2_ROLLING__DT-RAMDE_TS2_FULL__VS__NO_CROSS_EVENT_MEMORY__TRANSFER_EARLY_AUC,E2_ROLLING_TRANSFER,RR-INTERMITTENT/6,5,5,true,0.202141467980681,0.202141467980681,0.202141467980681
23,E2_ROLLING__DT-RAMDE_TS2_FULL__VS__NO_CROSS_EVENT_MEMORY__TRANSFER_EARLY_AUC,E2_ROLLING_TRANSFER,RR-INTERMITTENT/7,5,5,true,0.10854930000509211,0.10854930000509211,0.10854930000509211
23,E2_ROLLING__DT-RAMDE_TS2_FULL__VS__NO_CROSS_EVENT_MEMORY__TRANSFER_EARLY_AUC,E2_ROLLING_TRANSFER,RR-REJECTION/0,5,5,true,0.19859061417562368,0.19859061417562368,0.19859061417562368
23,E2_ROLLING__DT-RAMDE_TS2_FULL__VS__NO_CROSS_EVENT_MEMORY__TRANSFER_EARLY_AUC,E2_ROLLING_TRANSFER,RR-REJECTION/1,5,5,true,0.16931343003877494,0.16931343003877494,0.16931343003877494
23,E2_ROLLING__DT-RAMDE_TS2_FULL__VS__NO_CROSS_EVENT_MEMORY__TRANSFER_EARLY_AUC,E2_ROLLING_TRANSFER,RR-REJECTION/2,5,5,true,0.22818532160134911,0.22818532160134911,0.22818532160134911
23,E2_ROLLING__DT-RAMDE_TS2_FULL__VS__NO_CROSS_EVENT_MEMORY__TRANSFER_EARLY_AUC,E2_ROLLING_TRANSFER,RR-REJECTION/3,5,5,true,0.22843434275680252,0.22843434275680252,0.22843434275680252
23,E2_ROLLING__DT-RAMDE_TS2_FULL__VS__NO_CROSS_EVENT_MEMORY__TRANSFER_EARLY_AUC,E2_ROLLING_TRANSFER,RR-REJECTION/4,5,5,true,0.17835723894857158,0.17835723894857158,0.17835723894857158
23,E2_ROLLING__DT-RAMDE_TS2_FULL__VS__NO_CROSS_EVENT_MEMORY__TRANSFER_EARLY_AUC,E2_ROLLING_TRANSFER,RR-REJECTION/5,5,5,true,0.21970215513284314,0.21970215513284314,0.21970215513284314
23,E2_ROLLING__DT-RAMDE_TS2_FULL__VS__NO_CROSS_EVENT_MEMORY__TRANSFER_EARLY_AUC,E2_ROLLING_TRANSFER,RR-REJECTION/6,5,5,true,0.24490899882969433,0.24490899882969433,0.24490899882969433
23,E2_ROLLING__DT-RAMDE_TS2_FULL__VS__NO_CROSS_EVENT_MEMORY__TRANSFER_EARLY_AUC,E2_ROLLING_TRANSFER,RR-REJECTION/7,5,5,true,0.11622864901271546,0.11622864901271546,0.11622864901271546
23,E2_ROLLING__DT-RAMDE_TS2_FULL__VS__NO_CROSS_EVENT_MEMORY__TRANSFER_EARLY_AUC,E2_ROLLING_TRANSFER,RR-SHOCK/0,5,5,true,0.19683956756074167,0.19683956756074167,0.19683956756074167
23,E2_ROLLING__DT-RAMDE_TS2_FULL__VS__NO_CROSS_EVENT_MEMORY__TRANSFER_EARLY_AUC,E2_ROLLING_TRANSFER,RR-SHOCK/1,5,5,true,0.19507617771978572,0.19507617771978572,0.19507617771978572
23,E2_ROLLING__DT-RAMDE_TS2_FULL__VS__NO_CROSS_EVENT_MEMORY__TRANSFER_EARLY_AUC,E2_ROLLING_TRANSFER,RR-SHOCK/2,5,5,true,0.20556428111106678,0.20556428111106678,0.20556428111106678
23,E2_ROLLING__DT-RAMDE_TS2_FULL__VS__NO_CROSS_EVENT_MEMORY__TRANSFER_EARLY_AUC,E2_ROLLING_TRANSFER,RR-SHOCK/3,5,5,true,0.13989934476342367,0.13989934476342367,0.13989934476342367
23,E2_ROLLING__DT-RAMDE_TS2_FULL__VS__NO_CROSS_EVENT_MEMORY__TRANSFER_EARLY_AUC,E2_ROLLING_TRANSFER,RR-SHOCK/4,5,5,true,0.14494710388308854,0.14494710388308854,0.14494710388308854
23,E2_ROLLING__DT-RAMDE_TS2_FULL__VS__NO_CROSS_EVENT_MEMORY__TRANSFER_EARLY_AUC,E2_ROLLING_TRANSFER,RR-SHOCK/5,5,5,true,0.081283799759710257,0.081283799759710257,0.081283799759710257
23,E2_ROLLING__DT-RAMDE_TS2_FULL__VS__NO_CROSS_EVENT_MEMORY__TRANSFER_EARLY_AUC,E2_ROLLING_TRANSFER,RR-SHOCK/6,5,5,true,0.25130720358975778,0.25130720358975778,0.25130720358975778
23,E2_ROLLING__DT-RAMDE_TS2_FULL__VS__NO_CROSS_EVENT_MEMORY__TRANSFER_EARLY_AUC,E2_ROLLING_TRANSFER,RR-SHOCK/7,5,5,true,0.22554257912318323,0.22554257912318323,0.22554257912318323
23,E2_ROLLING__DT-RAMDE_TS2_FULL__VS__NO_CROSS_EVENT_MEMORY__TRANSFER_EARLY_AUC,E2_ROLLING_TRANSFER,RR-SMOOTH/0,5,5,true,0.18731395982958299,0.18731395982958299,0.18731395982958299
23,E2_ROLLING__DT-RAMDE_TS2_FULL__VS__NO_CROSS_EVENT_MEMORY__TRANSFER_EARLY_AUC,E2_ROLLING_TRANSFER,RR-SMOOTH/1,5,5,true,0.18240741143629044,0.18240741143629044,0.18240741143629044
23,E2_ROLLING__DT-RAMDE_TS2_FULL__VS__NO_CROSS_EVENT_MEMORY__TRANSFER_EARLY_AUC,E2_ROLLING_TRANSFER,RR-SMOOTH/2,5,5,true,0.2221585933388012,0.2221585933388012,0.2221585933388012
23,E2_ROLLING__DT-RAMDE_TS2_FULL__VS__NO_CROSS_EVENT_MEMORY__TRANSFER_EARLY_AUC,E2_ROLLING_TRANSFER,RR-SMOOTH/3,5,5,true,0.1520825835854295,0.1520825835854295,0.1520825835854295
23,E2_ROLLING__DT-RAMDE_TS2_FULL__VS__NO_CROSS_EVENT_MEMORY__TRANSFER_EARLY_AUC,E2_ROLLING_TRANSFER,RR-SMOOTH/4,5,5,true,0.038405424303543843,0.038405424303543843,0.038405424303543843
23,E2_ROLLING__DT-RAMDE_TS2_FULL__VS__NO_CROSS_EVENT_MEMORY__TRANSFER_EARLY_AUC,E2_ROLLING_TRANSFER,RR-SMOOTH/5,5,5,true,0.19154134510405893,0.19154134510405893,0.19154134510405893
23,E2_ROLLING__DT-RAMDE_TS2_FULL__VS__NO_CROSS_EVENT_MEMORY__TRANSFER_EARLY_AUC,E2_ROLLING_TRANSFER,RR-SMOOTH/6,5,5,true,0.21398559486973875,0.21398559486973875,0.21398559486973875
23,E2_ROLLING__DT-RAMDE_TS2_FULL__VS__NO_CROSS_EVENT_MEMORY__TRANSFER_EARLY_AUC,E2_ROLLING_TRANSFER,RR-SMOOTH/7,5,5,true,0.29467222036816976,0.29467222036816976,0.29467222036816976
24,E2_ROLLING__DT-RAMDE_TS2_FULL__VS__NO_EXECUTION_FEEDBACK__TRANSFER_EARLY_AUC,E2_ROLLING_TRANSFER,RR-INTERMITTENT/0,5,5,true,-0.17835840220634575,-0.17835840220634575,-0.17835840220634575
24,E2_ROLLING__DT-RAMDE_TS2_FULL__VS__NO_EXECUTION_FEEDBACK__TRANSFER_EARLY_AUC,E2_ROLLING_TRANSFER,RR-INTERMITTENT/1,5,5,true,-0.12753191447834406,-0.12753191447834406,-0.12753191447834406
24,E2_ROLLING__DT-RAMDE_TS2_FULL__VS__NO_EXECUTION_FEEDBACK__TRANSFER_EARLY_AUC,E2_ROLLING_TRANSFER,RR-INTERMITTENT/2,5,5,true,-0.050336322370844996,-0.050336322370844996,-0.050336322370844996
24,E2_ROLLING__DT-RAMDE_TS2_FULL__VS__NO_EXECUTION_FEEDBACK__TRANSFER_EARLY_AUC,E2_ROLLING_TRANSFER,RR-INTERMITTENT/3,5,5,true,-0.15115010969763529,-0.15115010969763529,-0.15115010969763529
24,E2_ROLLING__DT-RAMDE_TS2_FULL__VS__NO_EXECUTION_FEEDBACK__TRANSFER_EARLY_AUC,E2_ROLLING_TRANSFER,RR-INTERMITTENT/4,5,5,true,-0.19231355043154164,-0.19231355043154164,-0.19231355043154164
24,E2_ROLLING__DT-RAMDE_TS2_FULL__VS__NO_EXECUTION_FEEDBACK__TRANSFER_EARLY_AUC,E2_ROLLING_TRANSFER,RR-INTERMITTENT/5,5,5,true,-0.25601822586255762,-0.25601822586255762,-0.25601822586255762
24,E2_ROLLING__DT-RAMDE_TS2_FULL__VS__NO_EXECUTION_FEEDBACK__TRANSFER_EARLY_AUC,E2_ROLLING_TRANSFER,RR-INTERMITTENT/6,5,5,true,-0.081015358819958874,-0.081015358819958874,-0.081015358819958874
24,E2_ROLLING__DT-RAMDE_TS2_FULL__VS__NO_EXECUTION_FEEDBACK__TRANSFER_EARLY_AUC,E2_ROLLING_TRANSFER,RR-INTERMITTENT/7,5,5,true,-0.048715619676094259,-0.048715619676094259,-0.048715619676094259
24,E2_ROLLING__DT-RAMDE_TS2_FULL__VS__NO_EXECUTION_FEEDBACK__TRANSFER_EARLY_AUC,E2_ROLLING_TRANSFER,RR-REJECTION/0,5,5,true,-0.17130753890633271,-0.17130753890633271,-0.17130753890633271
24,E2_ROLLING__DT-RAMDE_TS2_FULL__VS__NO_EXECUTION_FEEDBACK__TRANSFER_EARLY_AUC,E2_ROLLING_TRANSFER,RR-REJECTION/1,5,5,true,-0.18152444739741286,-0.18152444739741286,-0.18152444739741286
24,E2_ROLLING__DT-RAMDE_TS2_FULL__VS__NO_EXECUTION_FEEDBACK__TRANSFER_EARLY_AUC,E2_ROLLING_TRANSFER,RR-REJECTION/2,5,5,true,-0.15351526446234717,-0.15351526446234717,-0.15351526446234717
24,E2_ROLLING__DT-RAMDE_TS2_FULL__VS__NO_EXECUTION_FEEDBACK__TRANSFER_EARLY_AUC,E2_ROLLING_TRANSFER,RR-REJECTION/3,5,5,true,-0.2238629146514875,-0.2238629146514875,-0.2238629146514875
24,E2_ROLLING__DT-RAMDE_TS2_FULL__VS__NO_EXECUTION_FEEDBACK__TRANSFER_EARLY_AUC,E2_ROLLING_TRANSFER,RR-REJECTION/4,5,5,true,-0.22633378851433578,-0.22633378851433578,-0.22633378851433578
24,E2_ROLLING__DT-RAMDE_TS2_FULL__VS__NO_EXECUTION_FEEDBACK__TRANSFER_EARLY_AUC,E2_ROLLING_TRANSFER,RR-REJECTION/5,5,5,true,-0.16920424858601626,-0.16920424858601626,-0.16920424858601626
24,E2_ROLLING__DT-RAMDE_TS2_FULL__VS__NO_EXECUTION_FEEDBACK__TRANSFER_EARLY_AUC,E2_ROLLING_TRANSFER,RR-REJECTION/6,5,5,true,-0.38699940748497619,-0.38699940748497619,-0.38699940748497619
24,E2_ROLLING__DT-RAMDE_TS2_FULL__VS__NO_EXECUTION_FEEDBACK__TRANSFER_EARLY_AUC,E2_ROLLING_TRANSFER,RR-REJECTION/7,5,5,true,-0.067517310010454509,-0.067517310010454509,-0.067517310010454509
24,E2_ROLLING__DT-RAMDE_TS2_FULL__VS__NO_EXECUTION_FEEDBACK__TRANSFER_EARLY_AUC,E2_ROLLING_TRANSFER,RR-SHOCK/0,5,5,true,-0.135127542651785,-0.135127542651785,-0.135127542651785
24,E2_ROLLING__DT-RAMDE_TS2_FULL__VS__NO_EXECUTION_FEEDBACK__TRANSFER_EARLY_AUC,E2_ROLLING_TRANSFER,RR-SHOCK/1,5,5,true,-0.11389267619623275,-0.11389267619623275,-0.11389267619623275
24,E2_ROLLING__DT-RAMDE_TS2_FULL__VS__NO_EXECUTION_FEEDBACK__TRANSFER_EARLY_AUC,E2_ROLLING_TRANSFER,RR-SHOCK/2,5,5,true,-0.27348123613983838,-0.27348123613983838,-0.27348123613983838
24,E2_ROLLING__DT-RAMDE_TS2_FULL__VS__NO_EXECUTION_FEEDBACK__TRANSFER_EARLY_AUC,E2_ROLLING_TRANSFER,RR-SHOCK/3,5,5,true,-0.097911769759242179,-0.097911769759242179,-0.097911769759242179
24,E2_ROLLING__DT-RAMDE_TS2_FULL__VS__NO_EXECUTION_FEEDBACK__TRANSFER_EARLY_AUC,E2_ROLLING_TRANSFER,RR-SHOCK/4,5,5,true,-0.11643255329583413,-0.11643255329583413,-0.11643255329583413
24,E2_ROLLING__DT-RAMDE_TS2_FULL__VS__NO_EXECUTION_FEEDBACK__TRANSFER_EARLY_AUC,E2_ROLLING_TRANSFER,RR-SHOCK/5,5,5,true,-0.069968320297703099,-0.069968320297703099,-0.069968320297703099
24,E2_ROLLING__DT-RAMDE_TS2_FULL__VS__NO_EXECUTION_FEEDBACK__TRANSFER_EARLY_AUC,E2_ROLLING_TRANSFER,RR-SHOCK/6,5,5,true,-0.001650853588336798,-0.001650853588336798,-0.001650853588336798
24,E2_ROLLING__DT-RAMDE_TS2_FULL__VS__NO_EXECUTION_FEEDBACK__TRANSFER_EARLY_AUC,E2_ROLLING_TRANSFER,RR-SHOCK/7,5,5,true,-0.29914732996337889,-0.29914732996337889,-0.29914732996337889
24,E2_ROLLING__DT-RAMDE_TS2_FULL__VS__NO_EXECUTION_FEEDBACK__TRANSFER_EARLY_AUC,E2_ROLLING_TRANSFER,RR-SMOOTH/0,5,5,true,-0.11291527491140277,-0.11291527491140277,-0.11291527491140277
24,E2_ROLLING__DT-RAMDE_TS2_FULL__VS__NO_EXECUTION_FEEDBACK__TRANSFER_EARLY_AUC,E2_ROLLING_TRANSFER,RR-SMOOTH/1,5,5,true,-0.086151775307840087,-0.086151775307840087,-0.086151775307840087
24,E2_ROLLING__DT-RAMDE_TS2_FULL__VS__NO_EXECUTION_FEEDBACK__TRANSFER_EARLY_AUC,E2_ROLLING_TRANSFER,RR-SMOOTH/2,5,5,true,-0.16882544760971335,-0.16882544760971335,-0.16882544760971335
24,E2_ROLLING__DT-RAMDE_TS2_FULL__VS__NO_EXECUTION_FEEDBACK__TRANSFER_EARLY_AUC,E2_ROLLING_TRANSFER,RR-SMOOTH/3,5,5,true,-0.16197495900870851,-0.16197495900870851,-0.16197495900870851
24,E2_ROLLING__DT-RAMDE_TS2_FULL__VS__NO_EXECUTION_FEEDBACK__TRANSFER_EARLY_AUC,E2_ROLLING_TRANSFER,RR-SMOOTH/4,5,5,true,-0.054801540170839304,-0.054801540170839304,-0.054801540170839304
24,E2_ROLLING__DT-RAMDE_TS2_FULL__VS__NO_EXECUTION_FEEDBACK__TRANSFER_EARLY_AUC,E2_ROLLING_TRANSFER,RR-SMOOTH/5,5,5,true,-0.14754017238478939,-0.14754017238478939,-0.14754017238478939
24,E2_ROLLING__DT-RAMDE_TS2_FULL__VS__NO_EXECUTION_FEEDBACK__TRANSFER_EARLY_AUC,E2_ROLLING_TRANSFER,RR-SMOOTH/6,5,5,true,-0.0203293977363063,-0.0203293977363063,-0.0203293977363063
24,E2_ROLLING__DT-RAMDE_TS2_FULL__VS__NO_EXECUTION_FEEDBACK__TRANSFER_EARLY_AUC,E2_ROLLING_TRANSFER,RR-SMOOTH/7,5,5,true,-0.24051943800440193,-0.24051943800440193,-0.24051943800440193
25,E2_ROLLING__DT-RAMDE_TS2_FULL__VS__NO_REJECTION_CREDIT__TRANSFER_EARLY_AUC,E2_ROLLING_TRANSFER,RR-INTERMITTENT/0,5,5,true,-0.067050297762078409,-0.067050297762078409,-0.067050297762078409
25,E2_ROLLING__DT-RAMDE_TS2_FULL__VS__NO_REJECTION_CREDIT__TRANSFER_EARLY_AUC,E2_ROLLING_TRANSFER,RR-INTERMITTENT/1,5,5,true,-0.0026139018127585567,-0.0026139018127585567,-0.0026139018127585567
25,E2_ROLLING__DT-RAMDE_TS2_FULL__VS__NO_REJECTION_CREDIT__TRANSFER_EARLY_AUC,E2_ROLLING_TRANSFER,RR-INTERMITTENT/2,5,5,true,-0.017285805245779474,-0.017285805245779474,-0.017285805245779474
25,E2_ROLLING__DT-RAMDE_TS2_FULL__VS__NO_REJECTION_CREDIT__TRANSFER_EARLY_AUC,E2_ROLLING_TRANSFER,RR-INTERMITTENT/3,5,5,true,-0.1585570943277646,-0.1585570943277646,-0.1585570943277646
25,E2_ROLLING__DT-RAMDE_TS2_FULL__VS__NO_REJECTION_CREDIT__TRANSFER_EARLY_AUC,E2_ROLLING_TRANSFER,RR-INTERMITTENT/4,5,5,true,-0.0078776737667881624,-0.0078776737667881624,-0.0078776737667881624
25,E2_ROLLING__DT-RAMDE_TS2_FULL__VS__NO_REJECTION_CREDIT__TRANSFER_EARLY_AUC,E2_ROLLING_TRANSFER,RR-INTERMITTENT/5,5,5,true,-0.083521491976094209,-0.083521491976094209,-0.083521491976094209
25,E2_ROLLING__DT-RAMDE_TS2_FULL__VS__NO_REJECTION_CREDIT__TRANSFER_EARLY_AUC,E2_ROLLING_TRANSFER,RR-INTERMITTENT/6,5,5,true,0.0028922957269674975,0.0028922957269674975,0.0028922957269674975
25,E2_ROLLING__DT-RAMDE_TS2_FULL__VS__NO_REJECTION_CREDIT__TRANSFER_EARLY_AUC,E2_ROLLING_TRANSFER,RR-INTERMITTENT/7,5,5,true,-0.12429568594554692,-0.12429568594554692,-0.12429568594554692
25,E2_ROLLING__DT-RAMDE_TS2_FULL__VS__NO_REJECTION_CREDIT__TRANSFER_EARLY_AUC,E2_ROLLING_TRANSFER,RR-REJECTION/0,5,5,true,-0.035775095566313843,-0.035775095566313843,-0.035775095566313843
25,E2_ROLLING__DT-RAMDE_TS2_FULL__VS__NO_REJECTION_CREDIT__TRANSFER_EARLY_AUC,E2_ROLLING_TRANSFER,RR-REJECTION/1,5,5,true,-0.039940499625499816,-0.039940499625499816,-0.039940499625499816
25,E2_ROLLING__DT-RAMDE_TS2_FULL__VS__NO_REJECTION_CREDIT__TRANSFER_EARLY_AUC,E2_ROLLING_TRANSFER,RR-REJECTION/2,5,5,true,-0.14991534025918682,-0.14991534025918682,-0.14991534025918682
25,E2_ROLLING__DT-RAMDE_TS2_FULL__VS__NO_REJECTION_CREDIT__TRANSFER_EARLY_AUC,E2_ROLLING_TRANSFER,RR-REJECTION/3,5,5,true,0.05733285902758075,0.05733285902758075,0.05733285902758075
25,E2_ROLLING__DT-RAMDE_TS2_FULL__VS__NO_REJECTION_CREDIT__TRANSFER_EARLY_AUC,E2_ROLLING_TRANSFER,RR-REJECTION/4,5,5,true,-0.070128901552513237,-0.070128901552513237,-0.070128901552513237
25,E2_ROLLING__DT-RAMDE_TS2_FULL__VS__NO_REJECTION_CREDIT__TRANSFER_EARLY_AUC,E2_ROLLING_TRANSFER,RR-REJECTION/5,5,5,true,-0.020664401702616984,-0.020664401702616984,-0.020664401702616984
25,E2_ROLLING__DT-RAMDE_TS2_FULL__VS__NO_REJECTION_CREDIT__TRANSFER_EARLY_AUC,E2_ROLLING_TRANSFER,RR-REJECTION/6,5,5,true,-0.020492948188483007,-0.020492948188483007,-0.020492948188483007
25,E2_ROLLING__DT-RAMDE_TS2_FULL__VS__NO_REJECTION_CREDIT__TRANSFER_EARLY_AUC,E2_ROLLING_TRANSFER,RR-REJECTION/7,5,5,true,-0.044055195956838378,-0.044055195956838378,-0.044055195956838378
25,E2_ROLLING__DT-RAMDE_TS2_FULL__VS__NO_REJECTION_CREDIT__TRANSFER_EARLY_AUC,E2_ROLLING_TRANSFER,RR-SHOCK/0,5,5,true,-0.02031910368367227,-0.02031910368367227,-0.02031910368367227
25,E2_ROLLING__DT-RAMDE_TS2_FULL__VS__NO_REJECTION_CREDIT__TRANSFER_EARLY_AUC,E2_ROLLING_TRANSFER,RR-SHOCK/1,5,5,true,0.0013751513664110205,0.0013751513664110205,0.0013751513664110205
25,E2_ROLLING__DT-RAMDE_TS2_FULL__VS__NO_REJECTION_CREDIT__TRANSFER_EARLY_AUC,E2_ROLLING_TRANSFER,RR-SHOCK/2,5,5,true,-0.032935188846606442,-0.032935188846606442,-0.032935188846606442
25,E2_ROLLING__DT-RAMDE_TS2_FULL__VS__NO_REJECTION_CREDIT__TRANSFER_EARLY_AUC,E2_ROLLING_TRANSFER,RR-SHOCK/3,5,5,true,-0.11441545851318158,-0.11441545851318158,-0.11441545851318158
25,E2_ROLLING__DT-RAMDE_TS2_FULL__VS__NO_REJECTION_CREDIT__TRANSFER_EARLY_AUC,E2_ROLLING_TRANSFER,RR-SHOCK/4,5,5,true,-0.043115726457691281,-0.043115726457691281,-0.043115726457691281
25,E2_ROLLING__DT-RAMDE_TS2_FULL__VS__NO_REJECTION_CREDIT__TRANSFER_EARLY_AUC,E2_ROLLING_TRANSFER,RR-SHOCK/5,5,5,true,-0.059853835807520885,-0.059853835807520885,-0.059853835807520885
25,E2_ROLLING__DT-RAMDE_TS2_FULL__VS__NO_REJECTION_CREDIT__TRANSFER_EARLY_AUC,E2_ROLLING_TRANSFER,RR-SHOCK/6,5,5,true,0.048347863874848948,0.048347863874848948,0.048347863874848948
25,E2_ROLLING__DT-RAMDE_TS2_FULL__VS__NO_REJECTION_CREDIT__TRANSFER_EARLY_AUC,E2_ROLLING_TRANSFER,RR-SHOCK/7,5,5,true,0.0017729692064501589,0.0017729692064501589,0.0017729692064501589
25,E2_ROLLING__DT-RAMDE_TS2_FULL__VS__NO_REJECTION_CREDIT__TRANSFER_EARLY_AUC,E2_ROLLING_TRANSFER,RR-SMOOTH/0,5,5,true,-0.026171670927364988,-0.026171670927364988,-0.026171670927364988
25,E2_ROLLING__DT-RAMDE_TS2_FULL__VS__NO_REJECTION_CREDIT__TRANSFER_EARLY_AUC,E2_ROLLING_TRANSFER,RR-SMOOTH/1,5,5,true,0.05746721691199104,0.05746721691199104,0.05746721691199104
25,E2_ROLLING__DT-RAMDE_TS2_FULL__VS__NO_REJECTION_CREDIT__TRANSFER_EARLY_AUC,E2_ROLLING_TRANSFER,RR-SMOOTH/2,5,5,true,0.00078038125549937385,0.00078038125549937385,0.00078038125549937385
25,E2_ROLLING__DT-RAMDE_TS2_FULL__VS__NO_REJECTION_CREDIT__TRANSFER_EARLY_AUC,E2_ROLLING_TRANSFER,RR-SMOOTH/3,5,5,true,-0.021161583862521049,-0.021161583862521049,-0.021161583862521049
25,E2_ROLLING__DT-RAMDE_TS2_FULL__VS__NO_REJECTION_CREDIT__TRANSFER_EARLY_AUC,E2_ROLLING_TRANSFER,RR-SMOOTH/4,5,5,true,-0.060687784340169651,-0.060687784340169651,-0.060687784340169651
25,E2_ROLLING__DT-RAMDE_TS2_FULL__VS__NO_REJECTION_CREDIT__TRANSFER_EARLY_AUC,E2_ROLLING_TRANSFER,RR-SMOOTH/5,5,5,true,0.0045104179295598849,0.0045104179295598849,0.0045104179295598849
25,E2_ROLLING__DT-RAMDE_TS2_FULL__VS__NO_REJECTION_CREDIT__TRANSFER_EARLY_AUC,E2_ROLLING_TRANSFER,RR-SMOOTH/6,5,5,true,-0.088085548799923946,-0.088085548799923946,-0.088085548799923946
25,E2_ROLLING__DT-RAMDE_TS2_FULL__VS__NO_REJECTION_CREDIT__TRANSFER_EARLY_AUC,E2_ROLLING_TRANSFER,RR-SMOOTH/7,5,5,true,0.027908983264594144,0.027908983264594144,0.027908983264594144
26,E2_ROLLING__DT-RAMDE_TS2_FULL__VS__NO_MEMORY_RESET_GATE__TRANSFER_EARLY_AUC,E2_ROLLING_TRANSFER,RR-INTERMITTENT/0,5,5,true,-0.1684572055903463,-0.1684572055903463,-0.1684572055903463
26,E2_ROLLING__DT-RAMDE_TS2_FULL__VS__NO_MEMORY_RESET_GATE__TRANSFER_EARLY_AUC,E2_ROLLING_TRANSFER,RR-INTERMITTENT/1,5,5,true,-0.12520776048277943,-0.12520776048277943,-0.12520776048277943
26,E2_ROLLING__DT-RAMDE_TS2_FULL__VS__NO_MEMORY_RESET_GATE__TRANSFER_EARLY_AUC,E2_ROLLING_TRANSFER,RR-INTERMITTENT/2,5,5,true,-0.084647873990918401,-0.084647873990918401,-0.084647873990918401
26,E2_ROLLING__DT-RAMDE_TS2_FULL__VS__NO_MEMORY_RESET_GATE__TRANSFER_EARLY_AUC,E2_ROLLING_TRANSFER,RR-INTERMITTENT/3,5,5,true,-0.092284735716376257,-0.092284735716376257,-0.092284735716376257
26,E2_ROLLING__DT-RAMDE_TS2_FULL__VS__NO_MEMORY_RESET_GATE__TRANSFER_EARLY_AUC,E2_ROLLING_TRANSFER,RR-INTERMITTENT/4,5,5,true,-0.20549213781351269,-0.20549213781351269,-0.20549213781351269
26,E2_ROLLING__DT-RAMDE_TS2_FULL__VS__NO_MEMORY_RESET_GATE__TRANSFER_EARLY_AUC,E2_ROLLING_TRANSFER,RR-INTERMITTENT/5,5,5,true,-0.25139905440086424,-0.25139905440086424,-0.25139905440086424
26,E2_ROLLING__DT-RAMDE_TS2_FULL__VS__NO_MEMORY_RESET_GATE__TRANSFER_EARLY_AUC,E2_ROLLING_TRANSFER,RR-INTERMITTENT/6,5,5,true,-0.080585821003449992,-0.080585821003449992,-0.080585821003449992
26,E2_ROLLING__DT-RAMDE_TS2_FULL__VS__NO_MEMORY_RESET_GATE__TRANSFER_EARLY_AUC,E2_ROLLING_TRANSFER,RR-INTERMITTENT/7,5,5,true,-0.12253353796555558,-0.12253353796555558,-0.12253353796555558
26,E2_ROLLING__DT-RAMDE_TS2_FULL__VS__NO_MEMORY_RESET_GATE__TRANSFER_EARLY_AUC,E2_ROLLING_TRANSFER,RR-REJECTION/0,5,5,true,-0.19778504212031783,-0.19778504212031783,-0.19778504212031783
26,E2_ROLLING__DT-RAMDE_TS2_FULL__VS__NO_MEMORY_RESET_GATE__TRANSFER_EARLY_AUC,E2_ROLLING_TRANSFER,RR-REJECTION/1,5,5,true,-0.19958682542560388,-0.19958682542560388,-0.19958682542560388
26,E2_ROLLING__DT-RAMDE_TS2_FULL__VS__NO_MEMORY_RESET_GATE__TRANSFER_EARLY_AUC,E2_ROLLING_TRANSFER,RR-REJECTION/2,5,5,true,-0.29297914285817173,-0.29297914285817173,-0.29297914285817173
26,E2_ROLLING__DT-RAMDE_TS2_FULL__VS__NO_MEMORY_RESET_GATE__TRANSFER_EARLY_AUC,E2_ROLLING_TRANSFER,RR-REJECTION/3,5,5,true,-0.20514923629590104,-0.20514923629590104,-0.20514923629590104
26,E2_ROLLING__DT-RAMDE_TS2_FULL__VS__NO_MEMORY_RESET_GATE__TRANSFER_EARLY_AUC,E2_ROLLING_TRANSFER,RR-REJECTION/4,5,5,true,-0.26756227729602,-0.26756227729602,-0.26756227729602
26,E2_ROLLING__DT-RAMDE_TS2_FULL__VS__NO_MEMORY_RESET_GATE__TRANSFER_EARLY_AUC,E2_ROLLING_TRANSFER,RR-REJECTION/5,5,5,true,-0.19114360399670249,-0.19114360399670249,-0.19114360399670249
26,E2_ROLLING__DT-RAMDE_TS2_FULL__VS__NO_MEMORY_RESET_GATE__TRANSFER_EARLY_AUC,E2_ROLLING_TRANSFER,RR-REJECTION/6,5,5,true,-0.36742613064541396,-0.36742613064541396,-0.36742613064541396
26,E2_ROLLING__DT-RAMDE_TS2_FULL__VS__NO_MEMORY_RESET_GATE__TRANSFER_EARLY_AUC,E2_ROLLING_TRANSFER,RR-REJECTION/7,5,5,true,-0.15307816343824135,-0.15307816343824135,-0.15307816343824135
26,E2_ROLLING__DT-RAMDE_TS2_FULL__VS__NO_MEMORY_RESET_GATE__TRANSFER_EARLY_AUC,E2_ROLLING_TRANSFER,RR-SHOCK/0,5,5,true,-0.13471140483175603,-0.13471140483175603,-0.13471140483175603
26,E2_ROLLING__DT-RAMDE_TS2_FULL__VS__NO_MEMORY_RESET_GATE__TRANSFER_EARLY_AUC,E2_ROLLING_TRANSFER,RR-SHOCK/1,5,5,true,-0.11362795824225169,-0.11362795824225169,-0.11362795824225169
26,E2_ROLLING__DT-RAMDE_TS2_FULL__VS__NO_MEMORY_RESET_GATE__TRANSFER_EARLY_AUC,E2_ROLLING_TRANSFER,RR-SHOCK/2,5,5,true,-0.26707205535213563,-0.26707205535213563,-0.26707205535213563
26,E2_ROLLING__DT-RAMDE_TS2_FULL__VS__NO_MEMORY_RESET_GATE__TRANSFER_EARLY_AUC,E2_ROLLING_TRANSFER,RR-SHOCK/3,5,5,true,-0.20496009781242833,-0.20496009781242833,-0.20496009781242833
26,E2_ROLLING__DT-RAMDE_TS2_FULL__VS__NO_MEMORY_RESET_GATE__TRANSFER_EARLY_AUC,E2_ROLLING_TRANSFER,RR-SHOCK/4,5,5,true,-0.13417314553478371,-0.13417314553478371,-0.13417314553478371
26,E2_ROLLING__DT-RAMDE_TS2_FULL__VS__NO_MEMORY_RESET_GATE__TRANSFER_EARLY_AUC,E2_ROLLING_TRANSFER,RR-SHOCK/5,5,5,true,-0.12419421595016869,-0.12419421595016869,-0.12419421595016869
26,E2_ROLLING__DT-RAMDE_TS2_FULL__VS__NO_MEMORY_RESET_GATE__TRANSFER_EARLY_AUC,E2_ROLLING_TRANSFER,RR-SHOCK/6,5,5,true,0.07020551409704287,0.07020551409704287,0.07020551409704287
26,E2_ROLLING__DT-RAMDE_TS2_FULL__VS__NO_MEMORY_RESET_GATE__TRANSFER_EARLY_AUC,E2_ROLLING_TRANSFER,RR-SHOCK/7,5,5,true,-0.29839956481486141,-0.29839956481486141,-0.29839956481486141
26,E2_ROLLING__DT-RAMDE_TS2_FULL__VS__NO_MEMORY_RESET_GATE__TRANSFER_EARLY_AUC,E2_ROLLING_TRANSFER,RR-SMOOTH/0,5,5,true,-0.15509227566388203,-0.15509227566388203,-0.15509227566388203
26,E2_ROLLING__DT-RAMDE_TS2_FULL__VS__NO_MEMORY_RESET_GATE__TRANSFER_EARLY_AUC,E2_ROLLING_TRANSFER,RR-SMOOTH/1,5,5,true,-0.1701118485504981,-0.1701118485504981,-0.1701118485504981
26,E2_ROLLING__DT-RAMDE_TS2_FULL__VS__NO_MEMORY_RESET_GATE__TRANSFER_EARLY_AUC,E2_ROLLING_TRANSFER,RR-SMOOTH/2,5,5,true,-0.16847013617572412,-0.16847013617572412,-0.16847013617572412
26,E2_ROLLING__DT-RAMDE_TS2_FULL__VS__NO_MEMORY_RESET_GATE__TRANSFER_EARLY_AUC,E2_ROLLING_TRANSFER,RR-SMOOTH/3,5,5,true,-0.15812907484196784,-0.15812907484196784,-0.15812907484196784
26,E2_ROLLING__DT-RAMDE_TS2_FULL__VS__NO_MEMORY_RESET_GATE__TRANSFER_EARLY_AUC,E2_ROLLING_TRANSFER,RR-SMOOTH/4,5,5,true,-0.07568320511664621,-0.07568320511664621,-0.07568320511664621
26,E2_ROLLING__DT-RAMDE_TS2_FULL__VS__NO_MEMORY_RESET_GATE__TRANSFER_EARLY_AUC,E2_ROLLING_TRANSFER,RR-SMOOTH/5,5,5,true,-0.14597643635626692,-0.14597643635626692,-0.14597643635626692
26,E2_ROLLING__DT-RAMDE_TS2_FULL__VS__NO_MEMORY_RESET_GATE__TRANSFER_EARLY_AUC,E2_ROLLING_TRANSFER,RR-SMOOTH/6,5,5,true,-0.13066789399696391,-0.13066789399696391,-0.13066789399696391
26,E2_ROLLING__DT-RAMDE_TS2_FULL__VS__NO_MEMORY_RESET_GATE__TRANSFER_EARLY_AUC,E2_ROLLING_TRANSFER,RR-SMOOTH/7,5,5,true,-0.23993949331341274,-0.23993949331341274,-0.23993949331341274
27,E2_ROLLING__DT-RAMDE_TS2_FULL__VS__NO_LINEAGE_CREDIT__TRANSFER_EARLY_AUC,E2_ROLLING_TRANSFER,RR-INTERMITTENT/0,5,5,true,-0.012432577740513739,-0.012432577740513739,-0.012432577740513739
27,E2_ROLLING__DT-RAMDE_TS2_FULL__VS__NO_LINEAGE_CREDIT__TRANSFER_EARLY_AUC,E2_ROLLING_TRANSFER,RR-INTERMITTENT/1,5,5,true,0.034074415653648812,0.034074415653648812,0.034074415653648812
27,E2_ROLLING__DT-RAMDE_TS2_FULL__VS__NO_LINEAGE_CREDIT__TRANSFER_EARLY_AUC,E2_ROLLING_TRANSFER,RR-INTERMITTENT/2,5,5,true,-0.006124127181940997,-0.006124127181940997,-0.006124127181940997
27,E2_ROLLING__DT-RAMDE_TS2_FULL__VS__NO_LINEAGE_CREDIT__TRANSFER_EARLY_AUC,E2_ROLLING_TRANSFER,RR-INTERMITTENT/3,5,5,true,0.019022175654908879,0.019022175654908879,0.019022175654908879
27,E2_ROLLING__DT-RAMDE_TS2_FULL__VS__NO_LINEAGE_CREDIT__TRANSFER_EARLY_AUC,E2_ROLLING_TRANSFER,RR-INTERMITTENT/4,5,5,true,0.022945529658709597,0.022945529658709597,0.022945529658709597
27,E2_ROLLING__DT-RAMDE_TS2_FULL__VS__NO_LINEAGE_CREDIT__TRANSFER_EARLY_AUC,E2_ROLLING_TRANSFER,RR-INTERMITTENT/5,5,5,true,-0.012982386096886522,-0.012982386096886522,-0.012982386096886522
27,E2_ROLLING__DT-RAMDE_TS2_FULL__VS__NO_LINEAGE_CREDIT__TRANSFER_EARLY_AUC,E2_ROLLING_TRANSFER,RR-INTERMITTENT/6,5,5,true,0.022641724966286358,0.022641724966286358,0.022641724966286358
27,E2_ROLLING__DT-RAMDE_TS2_FULL__VS__NO_LINEAGE_CREDIT__TRANSFER_EARLY_AUC,E2_ROLLING_TRANSFER,RR-INTERMITTENT/7,5,5,true,-0.02900225852588767,-0.02900225852588767,-0.02900225852588767
27,E2_ROLLING__DT-RAMDE_TS2_FULL__VS__NO_LINEAGE_CREDIT__TRANSFER_EARLY_AUC,E2_ROLLING_TRANSFER,RR-REJECTION/0,5,5,true,0.023785499346941696,0.023785499346941696,0.023785499346941696
27,E2_ROLLING__DT-RAMDE_TS2_FULL__VS__NO_LINEAGE_CREDIT__TRANSFER_EARLY_AUC,E2_ROLLING_TRANSFER,RR-REJECTION/1,5,5,true,-0.03466602327784167,-0.03466602327784167,-0.03466602327784167
27,E2_ROLLING__DT-RAMDE_TS2_FULL__VS__NO_LINEAGE_CREDIT__TRANSFER_EARLY_AUC,E2_ROLLING_TRANSFER,RR-REJECTION/2,5,5,true,-0.010217370702529293,-0.010217370702529293,-0.010217370702529293
27,E2_ROLLING__DT-RAMDE_TS2_FULL__VS__NO_LINEAGE_CREDIT__TRANSFER_EARLY_AUC,E2_ROLLING_TRANSFER,RR-REJECTION/3,5,5,true,-0.0094771628739682475,-0.0094771628739682475,-0.0094771628739682475
27,E2_ROLLING__DT-RAMDE_TS2_FULL__VS__NO_LINEAGE_CREDIT__TRANSFER_EARLY_AUC,E2_ROLLING_TRANSFER,RR-REJECTION/4,5,5,true,-0.0001193946695434267,-0.0001193946695434267,-0.0001193946695434267
27,E2_ROLLING__DT-RAMDE_TS2_FULL__VS__NO_LINEAGE_CREDIT__TRANSFER_EARLY_AUC,E2_ROLLING_TRANSFER,RR-REJECTION/5,5,5,true,-0.00056937372335466032,-0.00056937372335466032,-0.00056937372335466032
27,E2_ROLLING__DT-RAMDE_TS2_FULL__VS__NO_LINEAGE_CREDIT__TRANSFER_EARLY_AUC,E2_ROLLING_TRANSFER,RR-REJECTION/6,5,5,true,0.0044493435537919842,0.0044493435537919842,0.0044493435537919842
27,E2_ROLLING__DT-RAMDE_TS2_FULL__VS__NO_LINEAGE_CREDIT__TRANSFER_EARLY_AUC,E2_ROLLING_TRANSFER,RR-REJECTION/7,5,5,true,0.013229006340924221,0.013229006340924221,0.013229006340924221
27,E2_ROLLING__DT-RAMDE_TS2_FULL__VS__NO_LINEAGE_CREDIT__TRANSFER_EARLY_AUC,E2_ROLLING_TRANSFER,RR-SHOCK/0,5,5,true,-0.0033642383792986453,-0.0033642383792986453,-0.0033642383792986453
27,E2_ROLLING__DT-RAMDE_TS2_FULL__VS__NO_LINEAGE_CREDIT__TRANSFER_EARLY_AUC,E2_ROLLING_TRANSFER,RR-SHOCK/1,5,5,true,0.0054772923489955442,0.0054772923489955442,0.0054772923489955442
27,E2_ROLLING__DT-RAMDE_TS2_FULL__VS__NO_LINEAGE_CREDIT__TRANSFER_EARLY_AUC,E2_ROLLING_TRANSFER,RR-SHOCK/2,5,5,true,-0.0047297959389192012,-0.0047297959389192012,-0.0047297959389192012
27,E2_ROLLING__DT-RAMDE_TS2_FULL__VS__NO_LINEAGE_CREDIT__TRANSFER_EARLY_AUC,E2_ROLLING_TRANSFER,RR-SHOCK/3,5,5,true,-0.003084431653487285,-0.003084431653487285,-0.003084431653487285
27,E2_ROLLING__DT-RAMDE_TS2_FULL__VS__NO_LINEAGE_CREDIT__TRANSFER_EARLY_AUC,E2_ROLLING_TRANSFER,RR-SHOCK/4,5,5,true,-0.033856116359208245,-0.033856116359208245,-0.033856116359208245
27,E2_ROLLING__DT-RAMDE_TS2_FULL__VS__NO_LINEAGE_CREDIT__TRANSFER_EARLY_AUC,E2_ROLLING_TRANSFER,RR-SHOCK/5,5,5,true,0.0029558423980490466,0.0029558423980490466,0.0029558423980490466
27,E2_ROLLING__DT-RAMDE_TS2_FULL__VS__NO_LINEAGE_CREDIT__TRANSFER_EARLY_AUC,E2_ROLLING_TRANSFER,RR-SHOCK/6,5,5,true,0.062381631767782129,0.062381631767782129,0.062381631767782129
27,E2_ROLLING__DT-RAMDE_TS2_FULL__VS__NO_LINEAGE_CREDIT__TRANSFER_EARLY_AUC,E2_ROLLING_TRANSFER,RR-SHOCK/7,5,5,true,0.025062779687928981,0.025062779687928981,0.025062779687928981
27,E2_ROLLING__DT-RAMDE_TS2_FULL__VS__NO_LINEAGE_CREDIT__TRANSFER_EARLY_AUC,E2_ROLLING_TRANSFER,RR-SMOOTH/0,5,5,true,-0.024306753674264891,-0.024306753674264891,-0.024306753674264891
27,E2_ROLLING__DT-RAMDE_TS2_FULL__VS__NO_LINEAGE_CREDIT__TRANSFER_EARLY_AUC,E2_ROLLING_TRANSFER,RR-SMOOTH/1,5,5,true,0.05323148732323657,0.05323148732323657,0.05323148732323657
27,E2_ROLLING__DT-RAMDE_TS2_FULL__VS__NO_LINEAGE_CREDIT__TRANSFER_EARLY_AUC,E2_ROLLING_TRANSFER,RR-SMOOTH/2,5,5,true,-0.03236184331131553,-0.03236184331131553,-0.03236184331131553
27,E2_ROLLING__DT-RAMDE_TS2_FULL__VS__NO_LINEAGE_CREDIT__TRANSFER_EARLY_AUC,E2_ROLLING_TRANSFER,RR-SMOOTH/3,5,5,true,-8.5125017981124709e-05,-8.5125017981124709e-05,-8.5125017981124709e-05
27,E2_ROLLING__DT-RAMDE_TS2_FULL__VS__NO_LINEAGE_CREDIT__TRANSFER_EARLY_AUC,E2_ROLLING_TRANSFER,RR-SMOOTH/4,5,5,true,0.028301189588482746,0.028301189588482746,0.028301189588482746
27,E2_ROLLING__DT-RAMDE_TS2_FULL__VS__NO_LINEAGE_CREDIT__TRANSFER_EARLY_AUC,E2_ROLLING_TRANSFER,RR-SMOOTH/5,5,5,true,0.030035910799858102,0.030035910799858102,0.030035910799858102
27,E2_ROLLING__DT-RAMDE_TS2_FULL__VS__NO_LINEAGE_CREDIT__TRANSFER_EARLY_AUC,E2_ROLLING_TRANSFER,RR-SMOOTH/6,5,5,true,-0.027991211963846685,-0.027991211963846685,-0.027991211963846685
27,E2_ROLLING__DT-RAMDE_TS2_FULL__VS__NO_LINEAGE_CREDIT__TRANSFER_EARLY_AUC,E2_ROLLING_TRANSFER,RR-SMOOTH/7,5,5,true,0.065264919192957807,0.065264919192957807,0.065264919192957807
28,E2_ROLLING__DT-RAMDE_TS2_FULL__VS__CROSS_EVENT_WARM_START_ONLY__TRANSFER_EARLY_AUC,E2_ROLLING_TRANSFER,RR-INTERMITTENT/0,5,5,true,-0.18112059990497167,-0.18112059990497167,-0.18112059990497167
28,E2_ROLLING__DT-RAMDE_TS2_FULL__VS__CROSS_EVENT_WARM_START_ONLY__TRANSFER_EARLY_AUC,E2_ROLLING_TRANSFER,RR-INTERMITTENT/1,5,5,true,-0.12882305259449367,-0.12882305259449367,-0.12882305259449367
28,E2_ROLLING__DT-RAMDE_TS2_FULL__VS__CROSS_EVENT_WARM_START_ONLY__TRANSFER_EARLY_AUC,E2_ROLLING_TRANSFER,RR-INTERMITTENT/2,5,5,true,-0.087426757525448068,-0.087426757525448068,-0.087426757525448068
28,E2_ROLLING__DT-RAMDE_TS2_FULL__VS__CROSS_EVENT_WARM_START_ONLY__TRANSFER_EARLY_AUC,E2_ROLLING_TRANSFER,RR-INTERMITTENT/3,5,5,true,-0.25369478299632031,-0.25369478299632031,-0.25369478299632031
28,E2_ROLLING__DT-RAMDE_TS2_FULL__VS__CROSS_EVENT_WARM_START_ONLY__TRANSFER_EARLY_AUC,E2_ROLLING_TRANSFER,RR-INTERMITTENT/4,5,5,true,-0.20912917727954294,-0.20912917727954294,-0.20912917727954294
28,E2_ROLLING__DT-RAMDE_TS2_FULL__VS__CROSS_EVENT_WARM_START_ONLY__TRANSFER_EARLY_AUC,E2_ROLLING_TRANSFER,RR-INTERMITTENT/5,5,5,true,-0.27725103523579253,-0.27725103523579253,-0.27725103523579253
28,E2_ROLLING__DT-RAMDE_TS2_FULL__VS__CROSS_EVENT_WARM_START_ONLY__TRANSFER_EARLY_AUC,E2_ROLLING_TRANSFER,RR-INTERMITTENT/6,5,5,true,-0.08078016322163277,-0.08078016322163277,-0.08078016322163277
28,E2_ROLLING__DT-RAMDE_TS2_FULL__VS__CROSS_EVENT_WARM_START_ONLY__TRANSFER_EARLY_AUC,E2_ROLLING_TRANSFER,RR-INTERMITTENT/7,5,5,true,-0.12902020163191974,-0.12902020163191974,-0.12902020163191974
28,E2_ROLLING__DT-RAMDE_TS2_FULL__VS__CROSS_EVENT_WARM_START_ONLY__TRANSFER_EARLY_AUC,E2_ROLLING_TRANSFER,RR-REJECTION/0,5,5,true,-0.19940618082649206,-0.19940618082649206,-0.19940618082649206
28,E2_ROLLING__DT-RAMDE_TS2_FULL__VS__CROSS_EVENT_WARM_START_ONLY__TRANSFER_EARLY_AUC,E2_ROLLING_TRANSFER,RR-REJECTION/1,5,5,true,-0.20021608956097653,-0.20021608956097653,-0.20021608956097653
28,E2_ROLLING__DT-RAMDE_TS2_FULL__VS__CROSS_EVENT_WARM_START_ONLY__TRANSFER_EARLY_AUC,E2_ROLLING_TRANSFER,RR-REJECTION/2,5,5,true,-0.29198368537183239,-0.29198368537183239,-0.29198368537183239
28,E2_ROLLING__DT-RAMDE_TS2_FULL__VS__CROSS_EVENT_WARM_START_ONLY__TRANSFER_EARLY_AUC,E2_ROLLING_TRANSFER,RR-REJECTION/3,5,5,true,-0.14185729402774983,-0.14185729402774983,-0.14185729402774983
28,E2_ROLLING__DT-RAMDE_TS2_FULL__VS__CROSS_EVENT_WARM_START_ONLY__TRANSFER_EARLY_AUC,E2_ROLLING_TRANSFER,RR-REJECTION/4,5,5,true,-0.27222992255631662,-0.27222992255631662,-0.27222992255631662
28,E2_ROLLING__DT-RAMDE_TS2_FULL__VS__CROSS_EVENT_WARM_START_ONLY__TRANSFER_EARLY_AUC,E2_ROLLING_TRANSFER,RR-REJECTION/5,5,5,true,-0.19152429693255196,-0.19152429693255196,-0.19152429693255196
28,E2_ROLLING__DT-RAMDE_TS2_FULL__VS__CROSS_EVENT_WARM_START_ONLY__TRANSFER_EARLY_AUC,E2_ROLLING_TRANSFER,RR-REJECTION/6,5,5,true,-0.3852280736163971,-0.3852280736163971,-0.3852280736163971
28,E2_ROLLING__DT-RAMDE_TS2_FULL__VS__CROSS_EVENT_WARM_START_ONLY__TRANSFER_EARLY_AUC,E2_ROLLING_TRANSFER,RR-REJECTION/7,5,5,true,-0.14588259760675901,-0.14588259760675901,-0.14588259760675901
28,E2_ROLLING__DT-RAMDE_TS2_FULL__VS__CROSS_EVENT_WARM_START_ONLY__TRANSFER_EARLY_AUC,E2_ROLLING_TRANSFER,RR-SHOCK/0,5,5,true,-0.13548175254050465,-0.13548175254050465,-0.13548175254050465
28,E2_ROLLING__DT-RAMDE_TS2_FULL__VS__CROSS_EVENT_WARM_START_ONLY__TRANSFER_EARLY_AUC,E2_ROLLING_TRANSFER,RR-SHOCK/1,5,5,true,-0.11283095394821319,-0.11283095394821319,-0.11283095394821319
28,E2_ROLLING__DT-RAMDE_TS2_FULL__VS__CROSS_EVENT_WARM_START_ONLY__TRANSFER_EARLY_AUC,E2_ROLLING_TRANSFER,RR-SHOCK/2,5,5,true,-0.29129741081058197,-0.29129741081058197,-0.29129741081058197
28,E2_ROLLING__DT-RAMDE_TS2_FULL__VS__CROSS_EVENT_WARM_START_ONLY__TRANSFER_EARLY_AUC,E2_ROLLING_TRANSFER,RR-SHOCK/3,5,5,true,-0.21481294621589403,-0.21481294621589403,-0.21481294621589403
28,E2_ROLLING__DT-RAMDE_TS2_FULL__VS__CROSS_EVENT_WARM_START_ONLY__TRANSFER_EARLY_AUC,E2_ROLLING_TRANSFER,RR-SHOCK/4,5,5,true,-0.12740551158401503,-0.12740551158401503,-0.12740551158401503
28,E2_ROLLING__DT-RAMDE_TS2_FULL__VS__CROSS_EVENT_WARM_START_ONLY__TRANSFER_EARLY_AUC,E2_ROLLING_TRANSFER,RR-SHOCK/5,5,5,true,-0.12932484863262078,-0.12932484863262078,-0.12932484863262078
28,E2_ROLLING__DT-RAMDE_TS2_FULL__VS__CROSS_EVENT_WARM_START_ONLY__TRANSFER_EARLY_AUC,E2_ROLLING_TRANSFER,RR-SHOCK/6,5,5,true,-0.048410942624381406,-0.048410942624381406,-0.048410942624381406
28,E2_ROLLING__DT-RAMDE_TS2_FULL__VS__CROSS_EVENT_WARM_START_ONLY__TRANSFER_EARLY_AUC,E2_ROLLING_TRANSFER,RR-SHOCK/7,5,5,true,-0.2973428606319003,-0.2973428606319003,-0.2973428606319003
28,E2_ROLLING__DT-RAMDE_TS2_FULL__VS__CROSS_EVENT_WARM_START_ONLY__TRANSFER_EARLY_AUC,E2_ROLLING_TRANSFER,RR-SMOOTH/0,5,5,true,-0.15113579784177067,-0.15113579784177067,-0.15113579784177067
28,E2_ROLLING__DT-RAMDE_TS2_FULL__VS__CROSS_EVENT_WARM_START_ONLY__TRANSFER_EARLY_AUC,E2_ROLLING_TRANSFER,RR-SMOOTH/1,5,5,true,-0.14440625609856578,-0.14440625609856578,-0.14440625609856578
28,E2_ROLLING__DT-RAMDE_TS2_FULL__VS__CROSS_EVENT_WARM_START_ONLY__TRANSFER_EARLY_AUC,E2_ROLLING_TRANSFER,RR-SMOOTH/2,5,5,true,-0.16805343415113083,-0.16805343415113083,-0.16805343415113083
28,E2_ROLLING__DT-RAMDE_TS2_FULL__VS__CROSS_EVENT_WARM_START_ONLY__TRANSFER_EARLY_AUC,E2_ROLLING_TRANSFER,RR-SMOOTH/3,5,5,true,-0.15952298152804084,-0.15952298152804084,-0.15952298152804084
28,E2_ROLLING__DT-RAMDE_TS2_FULL__VS__CROSS_EVENT_WARM_START_ONLY__TRANSFER_EARLY_AUC,E2_ROLLING_TRANSFER,RR-SMOOTH/4,5,5,true,-0.11352342078164904,-0.11352342078164904,-0.11352342078164904
28,E2_ROLLING__DT-RAMDE_TS2_FULL__VS__CROSS_EVENT_WARM_START_ONLY__TRANSFER_EARLY_AUC,E2_ROLLING_TRANSFER,RR-SMOOTH/5,5,5,true,-0.15311104513760693,-0.15311104513760693,-0.15311104513760693
28,E2_ROLLING__DT-RAMDE_TS2_FULL__VS__CROSS_EVENT_WARM_START_ONLY__TRANSFER_EARLY_AUC,E2_ROLLING_TRANSFER,RR-SMOOTH/6,5,5,true,-0.091176576093288955,-0.091176576093288955,-0.091176576093288955
28,E2_ROLLING__DT-RAMDE_TS2_FULL__VS__CROSS_EVENT_WARM_START_ONLY__TRANSFER_EARLY_AUC,E2_ROLLING_TRANSFER,RR-SMOOTH/7,5,5,true,-0.24496608508717449,-0.24496608508717449,-0.24496608508717449
29,E2_ROLLING__DT-RAMDE_TS2_FULL__VS__CROSS_EVENT_MEMORY_ONLY__TRANSFER_EARLY_AUC,E2_ROLLING_TRANSFER,RR-INTERMITTENT/0,5,5,true,0.31867008836269478,0.31867008836269478,0.31867008836269478
29,E2_ROLLING__DT-RAMDE_TS2_FULL__VS__CROSS_EVENT_MEMORY_ONLY__TRANSFER_EARLY_AUC,E2_ROLLING_TRANSFER,RR-INTERMITTENT/1,5,5,true,0.25588446917678959,0.25588446917678959,0.25588446917678959
29,E2_ROLLING__DT-RAMDE_TS2_FULL__VS__CROSS_EVENT_MEMORY_ONLY__TRANSFER_EARLY_AUC,E2_ROLLING_TRANSFER,RR-INTERMITTENT/2,5,5,true,0.17219310767731669,0.17219310767731669,0.17219310767731669
29,E2_ROLLING__DT-RAMDE_TS2_FULL__VS__CROSS_EVENT_MEMORY_ONLY__TRANSFER_EARLY_AUC,E2_ROLLING_TRANSFER,RR-INTERMITTENT/3,5,5,true,0.13463909277203032,0.13463909277203032,0.13463909277203032
29,E2_ROLLING__DT-RAMDE_TS2_FULL__VS__CROSS_EVENT_MEMORY_ONLY__TRANSFER_EARLY_AUC,E2_ROLLING_TRANSFER,RR-INTERMITTENT/4,5,5,true,0.36621667067329222,0.36621667067329222,0.36621667067329222
29,E2_ROLLING__DT-RAMDE_TS2_FULL__VS__CROSS_EVENT_MEMORY_ONLY__TRANSFER_EARLY_AUC,E2_ROLLING_TRANSFER,RR-INTERMITTENT/5,5,5,true,0.26398043940234628,0.26398043940234628,0.26398043940234628
29,E2_ROLLING__DT-RAMDE_TS2_FULL__VS__CROSS_EVENT_MEMORY_ONLY__TRANSFER_EARLY_AUC,E2_ROLLING_TRANSFER,RR-INTERMITTENT/6,5,5,true,0.21192235836276635,0.21192235836276635,0.21192235836276635
29,E2_ROLLING__DT-RAMDE_TS2_FULL__VS__CROSS_EVENT_MEMORY_ONLY__TRANSFER_EARLY_AUC,E2_ROLLING_TRANSFER,RR-INTERMITTENT/7,5,5,true,0.10037167662822788,0.10037167662822788,0.10037167662822788
29,E2_ROLLING__DT-RAMDE_TS2_FULL__VS__CROSS_EVENT_MEMORY_ONLY__TRANSFER_EARLY_AUC,E2_ROLLING_TRANSFER,RR-REJECTION/0,5,5,true,0.19041041892798793,0.19041041892798793,0.19041041892798793
29,E2_ROLLING__DT-RAMDE_TS2_FULL__VS__CROSS_EVENT_MEMORY_ONLY__TRANSFER_EARLY_AUC,E2_ROLLING_TRANSFER,RR-REJECTION/1,5,5,true,0.162827371456186,0.162827371456186,0.162827371456186
29,E2_ROLLING__DT-RAMDE_TS2_FULL__VS__CROSS_EVENT_MEMORY_ONLY__TRANSFER_EARLY_AUC,E2_ROLLING_TRANSFER,RR-REJECTION/2,5,5,true,0.21840093200143942,0.21840093200143942,0.21840093200143942
29,E2_ROLLING__DT-RAMDE_TS2_FULL__VS__CROSS_EVENT_MEMORY_ONLY__TRANSFER_EARLY_AUC,E2_ROLLING_TRANSFER,RR-REJECTION/3,5,5,true,0.23246687099601582,0.23246687099601582,0.23246687099601582
29,E2_ROLLING__DT-RAMDE_TS2_FULL__VS__CROSS_EVENT_MEMORY_ONLY__TRANSFER_EARLY_AUC,E2_ROLLING_TRANSFER,RR-REJECTION/4,5,5,true,0.20087193656796831,0.20087193656796831,0.20087193656796831
29,E2_ROLLING__DT-RAMDE_TS2_FULL__VS__CROSS_EVENT_MEMORY_ONLY__TRANSFER_EARLY_AUC,E2_ROLLING_TRANSFER,RR-REJECTION/5,5,5,true,0.21735845330443571,0.21735845330443571,0.21735845330443571
29,E2_ROLLING__DT-RAMDE_TS2_FULL__VS__CROSS_EVENT_MEMORY_ONLY__TRANSFER_EARLY_AUC,E2_ROLLING_TRANSFER,RR-REJECTION/6,5,5,true,0.25366793584778763,0.25366793584778763,0.25366793584778763
29,E2_ROLLING__DT-RAMDE_TS2_FULL__VS__CROSS_EVENT_MEMORY_ONLY__TRANSFER_EARLY_AUC,E2_ROLLING_TRANSFER,RR-REJECTION/7,5,5,true,0.1518954843042625,0.1518954843042625,0.1518954843042625
29,E2_ROLLING__DT-RAMDE_TS2_FULL__VS__CROSS_EVENT_MEMORY_ONLY__TRANSFER_EARLY_AUC,E2_ROLLING_TRANSFER,RR-SHOCK/0,5,5,true,0.19921075224697266,0.19921075224697266,0.19921075224697266
29,E2_ROLLING__DT-RAMDE_TS2_FULL__VS__CROSS_EVENT_MEMORY_ONLY__TRANSFER_EARLY_AUC,E2_ROLLING_TRANSFER,RR-SHOCK/1,5,5,true,0.19195898154416632,0.19195898154416632,0.19195898154416632
29,E2_ROLLING__DT-RAMDE_TS2_FULL__VS__CROSS_EVENT_MEMORY_ONLY__TRANSFER_EARLY_AUC,E2_ROLLING_TRANSFER,RR-SHOCK/2,5,5,true,0.21238448641336696,0.21238448641336696,0.21238448641336696
29,E2_ROLLING__DT-RAMDE_TS2_FULL__VS__CROSS_EVENT_MEMORY_ONLY__TRANSFER_EARLY_AUC,E2_ROLLING_TRANSFER,RR-SHOCK/3,5,5,true,0.12530718817692951,0.12530718817692951,0.12530718817692951
29,E2_ROLLING__DT-RAMDE_TS2_FULL__VS__CROSS_EVENT_MEMORY_ONLY__TRANSFER_EARLY_AUC,E2_ROLLING_TRANSFER,RR-SHOCK/4,5,5,true,0.16614645833361824,0.16614645833361824,0.16614645833361824
29,E2_ROLLING__DT-RAMDE_TS2_FULL__VS__CROSS_EVENT_MEMORY_ONLY__TRANSFER_EARLY_AUC,E2_ROLLING_TRANSFER,RR-SHOCK/5,5,5,true,0.10868084706976826,0.10868084706976826,0.10868084706976826
29,E2_ROLLING__DT-RAMDE_TS2_FULL__VS__CROSS_EVENT_MEMORY_ONLY__TRANSFER_EARLY_AUC,E2_ROLLING_TRANSFER,RR-SHOCK/6,5,5,true,0.14917513713428604,0.14917513713428604,0.14917513713428604
29,E2_ROLLING__DT-RAMDE_TS2_FULL__VS__CROSS_EVENT_MEMORY_ONLY__TRANSFER_EARLY_AUC,E2_ROLLING_TRANSFER,RR-SHOCK/7,5,5,true,0.22122850790829487,0.22122850790829487,0.22122850790829487
29,E2_ROLLING__DT-RAMDE_TS2_FULL__VS__CROSS_EVENT_MEMORY_ONLY__TRANSFER_EARLY_AUC,E2_ROLLING_TRANSFER,RR-SMOOTH/0,5,5,true,0.19001123863343369,0.19001123863343369,0.19001123863343369
29,E2_ROLLING__DT-RAMDE_TS2_FULL__VS__CROSS_EVENT_MEMORY_ONLY__TRANSFER_EARLY_AUC,E2_ROLLING_TRANSFER,RR-SMOOTH/1,5,5,true,0.26804321220179333,0.26804321220179333,0.26804321220179333
29,E2_ROLLING__DT-RAMDE_TS2_FULL__VS__CROSS_EVENT_MEMORY_ONLY__TRANSFER_EARLY_AUC,E2_ROLLING_TRANSFER,RR-SMOOTH/2,5,5,true,0.22743153872258515,0.22743153872258515,0.22743153872258515
29,E2_ROLLING__DT-RAMDE_TS2_FULL__VS__CROSS_EVENT_MEMORY_ONLY__TRANSFER_EARLY_AUC,E2_ROLLING_TRANSFER,RR-SMOOTH/3,5,5,true,0.15335972460958719,0.15335972460958719,0.15335972460958719
29,E2_ROLLING__DT-RAMDE_TS2_FULL__VS__CROSS_EVENT_MEMORY_ONLY__TRANSFER_EARLY_AUC,E2_ROLLING_TRANSFER,RR-SMOOTH/4,5,5,true,0.10529882973470854,0.10529882973470854,0.10529882973470854
29,E2_ROLLING__DT-RAMDE_TS2_FULL__VS__CROSS_EVENT_MEMORY_ONLY__TRANSFER_EARLY_AUC,E2_ROLLING_TRANSFER,RR-SMOOTH/5,5,5,true,0.20068059748256326,0.20068059748256326,0.20068059748256326
29,E2_ROLLING__DT-RAMDE_TS2_FULL__VS__CROSS_EVENT_MEMORY_ONLY__TRANSFER_EARLY_AUC,E2_ROLLING_TRANSFER,RR-SMOOTH/6,5,5,true,0.15656897096307723,0.15656897096307723,0.15656897096307723
29,E2_ROLLING__DT-RAMDE_TS2_FULL__VS__CROSS_EVENT_MEMORY_ONLY__TRANSFER_EARLY_AUC,E2_ROLLING_TRANSFER,RR-SMOOTH/7,5,5,true,0.31900921537459287,0.31900921537459287,0.31900921537459287
30,E2_ROLLING__DT-RAMDE_TS2_FULL__VS__SHADE_ONLY__TRANSFER_EARLY_AUC,E2_ROLLING_TRANSFER,RR-INTERMITTENT/0,5,5,true,0.32404089412222348,0.32404089412222348,0.32404089412222348
30,E2_ROLLING__DT-RAMDE_TS2_FULL__VS__SHADE_ONLY__TRANSFER_EARLY_AUC,E2_ROLLING_TRANSFER,RR-INTERMITTENT/1,5,5,true,0.25760963293530814,0.25760963293530814,0.25760963293530814
30,E2_ROLLING__DT-RAMDE_TS2_FULL__VS__SHADE_ONLY__TRANSFER_EARLY_AUC,E2_ROLLING_TRANSFER,RR-INTERMITTENT/2,5,5,true,0.18505560272654056,0.18505560272654056,0.18505560272654056
30,E2_ROLLING__DT-RAMDE_TS2_FULL__VS__SHADE_ONLY__TRANSFER_EARLY_AUC,E2_ROLLING_TRANSFER,RR-INTERMITTENT/3,5,5,true,0.0986796975370514,0.0986796975370514,0.0986796975370514
30,E2_ROLLING__DT-RAMDE_TS2_FULL__VS__SHADE_ONLY__TRANSFER_EARLY_AUC,E2_ROLLING_TRANSFER,RR-INTERMITTENT/4,5,5,true,0.35549493812765826,0.35549493812765826,0.35549493812765826
30,E2_ROLLING__DT-RAMDE_TS2_FULL__VS__SHADE_ONLY__TRANSFER_EARLY_AUC,E2_ROLLING_TRANSFER,RR-INTERMITTENT/5,5,5,true,0.25945940076918206,0.25945940076918206,0.25945940076918206
30,E2_ROLLING__DT-RAMDE_TS2_FULL__VS__SHADE_ONLY__TRANSFER_EARLY_AUC,E2_ROLLING_TRANSFER,RR-INTERMITTENT/6,5,5,true,0.20615903513165595,0.20615903513165595,0.20615903513165595
30,E2_ROLLING__DT-RAMDE_TS2_FULL__VS__SHADE_ONLY__TRANSFER_EARLY_AUC,E2_ROLLING_TRANSFER,RR-INTERMITTENT/7,5,5,true,0.11016409826166149,0.11016409826166149,0.11016409826166149
30,E2_ROLLING__DT-RAMDE_TS2_FULL__VS__SHADE_ONLY__TRANSFER_EARLY_AUC,E2_ROLLING_TRANSFER,RR-REJECTION/0,5,5,true,0.19892647992314086,0.19892647992314086,0.19892647992314086
30,E2_ROLLING__DT-RAMDE_TS2_FULL__VS__SHADE_ONLY__TRANSFER_EARLY_AUC,E2_ROLLING_TRANSFER,RR-REJECTION/1,5,5,true,0.18612734847634996,0.18612734847634996,0.18612734847634996
30,E2_ROLLING__DT-RAMDE_TS2_FULL__VS__SHADE_ONLY__TRANSFER_EARLY_AUC,E2_ROLLING_TRANSFER,RR-REJECTION/2,5,5,true,0.25243147578902458,0.25243147578902458,0.25243147578902458
30,E2_ROLLING__DT-RAMDE_TS2_FULL__VS__SHADE_ONLY__TRANSFER_EARLY_AUC,E2_ROLLING_TRANSFER,RR-REJECTION/3,5,5,true,0.24154038234802755,0.24154038234802755,0.24154038234802755
30,E2_ROLLING__DT-RAMDE_TS2_FULL__VS__SHADE_ONLY__TRANSFER_EARLY_AUC,E2_ROLLING_TRANSFER,RR-REJECTION/4,5,5,true,0.17387666072795827,0.17387666072795827,0.17387666072795827
30,E2_ROLLING__DT-RAMDE_TS2_FULL__VS__SHADE_ONLY__TRANSFER_EARLY_AUC,E2_ROLLING_TRANSFER,RR-REJECTION/5,5,5,true,0.2137283537205974,0.2137283537205974,0.2137283537205974
30,E2_ROLLING__DT-RAMDE_TS2_FULL__VS__SHADE_ONLY__TRANSFER_EARLY_AUC,E2_ROLLING_TRANSFER,RR-REJECTION/6,5,5,true,0.27581791740274231,0.27581791740274231,0.27581791740274231
30,E2_ROLLING__DT-RAMDE_TS2_FULL__VS__SHADE_ONLY__TRANSFER_EARLY_AUC,E2_ROLLING_TRANSFER,RR-REJECTION/7,5,5,true,0.13487326702487731,0.13487326702487731,0.13487326702487731
30,E2_ROLLING__DT-RAMDE_TS2_FULL__VS__SHADE_ONLY__TRANSFER_EARLY_AUC,E2_ROLLING_TRANSFER,RR-SHOCK/0,5,5,true,0.21098586643533118,0.21098586643533118,0.21098586643533118
30,E2_ROLLING__DT-RAMDE_TS2_FULL__VS__SHADE_ONLY__TRANSFER_EARLY_AUC,E2_ROLLING_TRANSFER,RR-SHOCK/1,5,5,true,0.21940776968563594,0.21940776968563594,0.21940776968563594
30,E2_ROLLING__DT-RAMDE_TS2_FULL__VS__SHADE_ONLY__TRANSFER_EARLY_AUC,E2_ROLLING_TRANSFER,RR-SHOCK/2,5,5,true,0.21561285068428351,0.21561285068428351,0.21561285068428351
30,E2_ROLLING__DT-RAMDE_TS2_FULL__VS__SHADE_ONLY__TRANSFER_EARLY_AUC,E2_ROLLING_TRANSFER,RR-SHOCK/3,5,5,true,0.14079647667045356,0.14079647667045356,0.14079647667045356
30,E2_ROLLING__DT-RAMDE_TS2_FULL__VS__SHADE_ONLY__TRANSFER_EARLY_AUC,E2_ROLLING_TRANSFER,RR-SHOCK/4,5,5,true,0.16593245587511643,0.16593245587511643,0.16593245587511643
30,E2_ROLLING__DT-RAMDE_TS2_FULL__VS__SHADE_ONLY__TRANSFER_EARLY_AUC,E2_ROLLING_TRANSFER,RR-SHOCK/5,5,5,true,0.11676884216059658,0.11676884216059658,0.11676884216059658
30,E2_ROLLING__DT-RAMDE_TS2_FULL__VS__SHADE_ONLY__TRANSFER_EARLY_AUC,E2_ROLLING_TRANSFER,RR-SHOCK/6,5,5,true,0.28381305103686422,0.28381305103686422,0.28381305103686422
30,E2_ROLLING__DT-RAMDE_TS2_FULL__VS__SHADE_ONLY__TRANSFER_EARLY_AUC,E2_ROLLING_TRANSFER,RR-SHOCK/7,5,5,true,0.23572854328988169,0.23572854328988169,0.23572854328988169
30,E2_ROLLING__DT-RAMDE_TS2_FULL__VS__SHADE_ONLY__TRANSFER_EARLY_AUC,E2_ROLLING_TRANSFER,RR-SMOOTH/0,5,5,true,0.17768733776496912,0.17768733776496912,0.17768733776496912
30,E2_ROLLING__DT-RAMDE_TS2_FULL__VS__SHADE_ONLY__TRANSFER_EARLY_AUC,E2_ROLLING_TRANSFER,RR-SMOOTH/1,5,5,true,0.16970242168473346,0.16970242168473346,0.16970242168473346
30,E2_ROLLING__DT-RAMDE_TS2_FULL__VS__SHADE_ONLY__TRANSFER_EARLY_AUC,E2_ROLLING_TRANSFER,RR-SMOOTH/2,5,5,true,0.21867735331220964,0.21867735331220964,0.21867735331220964
30,E2_ROLLING__DT-RAMDE_TS2_FULL__VS__SHADE_ONLY__TRANSFER_EARLY_AUC,E2_ROLLING_TRANSFER,RR-SMOOTH/3,5,5,true,0.16898588293669947,0.16898588293669947,0.16898588293669947
30,E2_ROLLING__DT-RAMDE_TS2_FULL__VS__SHADE_ONLY__TRANSFER_EARLY_AUC,E2_ROLLING_TRANSFER,RR-SMOOTH/4,5,5,true,0.1165127639147467,0.1165127639147467,0.1165127639147467
30,E2_ROLLING__DT-RAMDE_TS2_FULL__VS__SHADE_ONLY__TRANSFER_EARLY_AUC,E2_ROLLING_TRANSFER,RR-SMOOTH/5,5,5,true,0.21074784964322529,0.21074784964322529,0.21074784964322529
30,E2_ROLLING__DT-RAMDE_TS2_FULL__VS__SHADE_ONLY__TRANSFER_EARLY_AUC,E2_ROLLING_TRANSFER,RR-SMOOTH/6,5,5,true,0.086822488702676448,0.086822488702676448,0.086822488702676448
30,E2_ROLLING__DT-RAMDE_TS2_FULL__VS__SHADE_ONLY__TRANSFER_EARLY_AUC,E2_ROLLING_TRANSFER,RR-SMOOTH/7,5,5,true,0.30108230746860343,0.30108230746860343,0.30108230746860343
