workload_id,unit_id,replicate_index,full_task_id,full_method_id,comparator_task_id,comparator_method_id,pair_status,negative_transfer_rate,negative_transfer_event_count,paired_post_initial_event_count,strict_difference_threshold
E2_DYNAMIC_INCREMENTAL_AFTER_FULL_REUSE,CDF1/CDF-HARSH,0,r8c-0840-f34262a9d8ac2ee4,DT-RAMDE_TS2_FULL,r8c-2700-3b05949e953a0e17,NO_CROSS_EVENT_MEMORY,INCLUDED,0.0,0,59,-0.01
E2_DYNAMIC_INCREMENTAL_AFTER_FULL_REUSE,CDF1/CDF-HARSH,0,r8c-0840-f34262a9d8ac2ee4,DT-RAMDE_TS2_FULL,r8c-2701-eebb20febba0d912,NO_REJECTION_CREDIT,INCLUDED,0.3559322033898305,21,59,-0.01
E2_DYNAMIC_INCREMENTAL_AFTER_FULL_REUSE,CDF1/CDF-HARSH,0,r8c-0840-f34262a9d8ac2ee4,DT-RAMDE_TS2_FULL,r8c-2702-da15d9314ace911b,NO_MEMORY_RESET_GATE,INCLUDED,0.4067796610169492,24,59,-0.01
E2_DYNAMIC_INCREMENTAL_AFTER_FULL_REUSE,CDF1/CDF-HARSH,0,r8c-0840-f34262a9d8ac2ee4,DT-RAMDE_TS2_FULL,r8c-2703-d4b483ec46f4dfe5,NO_LINEAGE_CREDIT,INCLUDED,0.3898305084745763,23,59,-0.01
E2_DYNAMIC_INCREMENTAL_AFTER_FULL_REUSE,CDF1/CDF-HARSH,0,r8c-0840-f34262a9d8ac2ee4,DT-RAMDE_TS2_FULL,r8c-2704-8f85c7a550c245cd,CROSS_EVENT_WARM_START_ONLY,INCLUDED,0.22033898305084745,13,59,-0.01
E2_DYNAMIC_INCREMENTAL_AFTER_FULL_REUSE,CDF1/CDF-HARSH,0,r8c-0840-f34262a9d8ac2ee4,DT-RAMDE_TS2_FULL,r8c-2705-6f27d711ca25c02a,CROSS_EVENT_MEMORY_ONLY,INCLUDED,0.0,0,59,-0.01
E2_DYNAMIC_INCREMENTAL_AFTER_FULL_REUSE,CDF1/CDF-HARSH,0,r8c-0840-f34262a9d8ac2ee4,DT-RAMDE_TS2_FULL,r8c-2706-f9b689c449ced358,SHADE_ONLY,INCLUDED,0.0,0,59,-0.01
E2_DYNAMIC_INCREMENTAL_AFTER_FULL_REUSE,CDF1/CDF-HARSH,1,r8c-0846-e1217d2c97d29b0e,DT-RAMDE_TS2_FULL,r8c-2707-a29f27a563aadf93,NO_CROSS_EVENT_MEMORY,INCLUDED,0.0,0,59,-0.01
E2_DYNAMIC_INCREMENTAL_AFTER_FULL_REUSE,CDF1/CDF-HARSH,1,r8c-0846-e1217d2c97d29b0e,DT-RAMDE_TS2_FULL,r8c-2708-55c5c612108b2459,NO_REJECTION_CREDIT,INCLUDED,0.15254237288135594,9,59,-0.01
E2_DYNAMIC_INCREMENTAL_AFTER_FULL_REUSE,CDF1/CDF-HARSH,1,r8c-0846-e1217d2c97d29b0e,DT-RAMDE_TS2_FULL,r8c-2709-238c86f59bfa525b,NO_MEMORY_RESET_GATE,INCLUDED,0.3050847457627119,18,59,-0.01
E2_DYNAMIC_INCREMENTAL_AFTER_FULL_REUSE,CDF1/CDF-HARSH,1,r8c-0846-e1217d2c97d29b0e,DT-RAMDE_TS2_FULL,r8c-2710-6f0a35b92004e3d4,NO_LINEAGE_CREDIT,INCLUDED,0.2542372881355932,15,59,-0.01
E2_DYNAMIC_INCREMENTAL_AFTER_FULL_REUSE,CDF1/CDF-HARSH,1,r8c-0846-e1217d2c97d29b0e,DT-RAMDE_TS2_FULL,r8c-2711-ebc08daec3d414bf,CROSS_EVENT_WARM_START_ONLY,INCLUDED,0.1016949152542373,6,59,-0.01
E2_DYNAMIC_INCREMENTAL_AFTER_FULL_REUSE,CDF1/CDF-HARSH,1,r8c-0846-e1217d2c97d29b0e,DT-RAMDE_TS2_FULL,r8c-2712-5352b31a4239e2aa,CROSS_EVENT_MEMORY_ONLY,INCLUDED,0.0,0,59,-0.01
E2_DYNAMIC_INCREMENTAL_AFTER_FULL_REUSE,CDF1/CDF-HARSH,1,r8c-0846-e1217d2c97d29b0e,DT-RAMDE_TS2_FULL,r8c-2713-526ca4f428dc644d,SHADE_ONLY,INCLUDED,0.0,0,59,-0.01
E2_DYNAMIC_INCREMENTAL_AFTER_FULL_REUSE,CDF1/CDF-HARSH,2,r8c-0852-ebcb5677f447785c,DT-RAMDE_TS2_FULL,r8c-2714-cd411854b3b36aab,NO_CROSS_EVENT_MEMORY,INCLUDED,0.0,0,59,-0.01
E2_DYNAMIC_INCREMENTAL_AFTER_FULL_REUSE,CDF1/CDF-HARSH,2,r8c-0852-ebcb5677f447785c,DT-RAMDE_TS2_FULL,r8c-2715-4bdae3b0b260f6a8,NO_REJECTION_CREDIT,INCLUDED,0.23728813559322035,14,59,-0.01
E2_DYNAMIC_INCREMENTAL_AFTER_FULL_REUSE,CDF1/CDF-HARSH,2,r8c-0852-ebcb5677f447785c,DT-RAMDE_TS2_FULL,r8c-2716-6d76345f086f1759,NO_MEMORY_RESET_GATE,INCLUDED,0.2542372881355932,15,59,-0.01
E2_DYNAMIC_INCREMENTAL_AFTER_FULL_REUSE,CDF1/CDF-HARSH,2,r8c-0852-ebcb5677f447785c,DT-RAMDE_TS2_FULL,r8c-2717-920c47a81aae4f6a,NO_LINEAGE_CREDIT,INCLUDED,0.3389830508474576,20,59,-0.01
E2_DYNAMIC_INCREMENTAL_AFTER_FULL_REUSE,CDF1/CDF-HARSH,2,r8c-0852-ebcb5677f447785c,DT-RAMDE_TS2_FULL,r8c-2718-39d49ca63833895e,CROSS_EVENT_WARM_START_ONLY,INCLUDED,0.15254237288135594,9,59,-0.01
E2_DYNAMIC_INCREMENTAL_AFTER_FULL_REUSE,CDF1/CDF-HARSH,2,r8c-0852-ebcb5677f447785c,DT-RAMDE_TS2_FULL,r8c-2719-02f4a4f3d17e6d14,CROSS_EVENT_MEMORY_ONLY,INCLUDED,0.0,0,59,-0.01
E2_DYNAMIC_INCREMENTAL_AFTER_FULL_REUSE,CDF1/CDF-HARSH,2,r8c-0852-ebcb5677f447785c,DT-RAMDE_TS2_FULL,r8c-2720-96047d21270eaf0c,SHADE_ONLY,INCLUDED,0.0,0,59,-0.01
E2_DYNAMIC_INCREMENTAL_AFTER_FULL_REUSE,CDF1/CDF-HARSH,3,r8c-0858-53e1e25111304346,DT-RAMDE_TS2_FULL,r8c-2721-75cc9bf7d52300c0,NO_CROSS_EVENT_MEMORY,INCLUDED,0.0,0,59,-0.01
E2_DYNAMIC_INCREMENTAL_AFTER_FULL_REUSE,CDF1/CDF-HARSH,3,r8c-0858-53e1e25111304346,DT-RAMDE_TS2_FULL,r8c-2722-29d6b414308d00f3,NO_REJECTION_CREDIT,INCLUDED,0.1864406779661017,11,59,-0.01
E2_DYNAMIC_INCREMENTAL_AFTER_FULL_REUSE,CDF1/CDF-HARSH,3,r8c-0858-53e1e25111304346,DT-RAMDE_TS2_FULL,r8c-2723-d0b2880208e08de6,NO_MEMORY_RESET_GATE,INCLUDED,0.2542372881355932,15,59,-0.01
E2_DYNAMIC_INCREMENTAL_AFTER_FULL_REUSE,CDF1/CDF-HARSH,3,r8c-0858-53e1e25111304346,DT-RAMDE_TS2_FULL,r8c-2724-11dc443205c0bf52,NO_LINEAGE_CREDIT,INCLUDED,0.23728813559322035,14,59,-0.01
E2_DYNAMIC_INCREMENTAL_AFTER_FULL_REUSE,CDF1/CDF-HARSH,3,r8c-0858-53e1e25111304346,DT-RAMDE_TS2_FULL,r8c-2725-1ad191b3b4d14162,CROSS_EVENT_WARM_START_ONLY,INCLUDED,0.13559322033898305,8,59,-0.01
E2_DYNAMIC_INCREMENTAL_AFTER_FULL_REUSE,CDF1/CDF-HARSH,3,r8c-0858-53e1e25111304346,DT-RAMDE_TS2_FULL,r8c-2726-8d538f99d246e212,CROSS_EVENT_MEMORY_ONLY,INCLUDED,0.0,0,59,-0.01
E2_DYNAMIC_INCREMENTAL_AFTER_FULL_REUSE,CDF1/CDF-HARSH,3,r8c-0858-53e1e25111304346,DT-RAMDE_TS2_FULL,r8c-2727-832669f29f180401,SHADE_ONLY,INCLUDED,0.0,0,59,-0.01
E2_DYNAMIC_INCREMENTAL_AFTER_FULL_REUSE,CDF1/CDF-HARSH,4,r8c-0864-19e2fb3f9d8c7eed,DT-RAMDE_TS2_FULL,r8c-2728-5264da246f34e1eb,NO_CROSS_EVENT_MEMORY,INCLUDED,0.0,0,59,-0.01
E2_DYNAMIC_INCREMENTAL_AFTER_FULL_REUSE,CDF1/CDF-HARSH,4,r8c-0864-19e2fb3f9d8c7eed,DT-RAMDE_TS2_FULL,r8c-2729-6c9d608938e13899,NO_REJECTION_CREDIT,INCLUDED,0.23728813559322035,14,59,-0.01
E2_DYNAMIC_INCREMENTAL_AFTER_FULL_REUSE,CDF1/CDF-HARSH,4,r8c-0864-19e2fb3f9d8c7eed,DT-RAMDE_TS2_FULL,r8c-2730-2846aaeb006151e2,NO_MEMORY_RESET_GATE,INCLUDED,0.1864406779661017,11,59,-0.01
E2_DYNAMIC_INCREMENTAL_AFTER_FULL_REUSE,CDF1/CDF-HARSH,4,r8c-0864-19e2fb3f9d8c7eed,DT-RAMDE_TS2_FULL,r8c-2731-26f3f2d4e1d455b1,NO_LINEAGE_CREDIT,INCLUDED,0.288135593220339,17,59,-0.01
E2_DYNAMIC_INCREMENTAL_AFTER_FULL_REUSE,CDF1/CDF-HARSH,4,r8c-0864-19e2fb3f9d8c7eed,DT-RAMDE_TS2_FULL,r8c-2732-d01fe4955d3bb0f1,CROSS_EVENT_WARM_START_ONLY,INCLUDED,0.2542372881355932,15,59,-0.01
E2_DYNAMIC_INCREMENTAL_AFTER_FULL_REUSE,CDF1/CDF-HARSH,4,r8c-0864-19e2fb3f9d8c7eed,DT-RAMDE_TS2_FULL,r8c-2733-1523abd6177ab878,CROSS_EVENT_MEMORY_ONLY,INCLUDED,0.0,0,59,-0.01
E2_DYNAMIC_INCREMENTAL_AFTER_FULL_REUSE,CDF1/CDF-HARSH,4,r8c-0864-19e2fb3f9d8c7eed,DT-RAMDE_TS2_FULL,r8c-2734-3b281d97ac5d581f,SHADE_ONLY,INCLUDED,0.0,0,59,-0.01
E2_DYNAMIC_INCREMENTAL_AFTER_FULL_REUSE,CDF1/CDF-MILD,0,r8c-0870-7b6d468eb884d4ed,DT-RAMDE_TS2_FULL,r8c-2735-ad111c29c40a77e6,NO_CROSS_EVENT_MEMORY,INCLUDED,0.0,0,59,-0.01
E2_DYNAMIC_INCREMENTAL_AFTER_FULL_REUSE,CDF1/CDF-MILD,0,r8c-0870-7b6d468eb884d4ed,DT-RAMDE_TS2_FULL,r8c-2736-cbe7bb608b2ed5de,NO_REJECTION_CREDIT,INCLUDED,0.2033898305084746,12,59,-0.01
E2_DYNAMIC_INCREMENTAL_AFTER_FULL_REUSE,CDF1/CDF-MILD,0,r8c-0870-7b6d468eb884d4ed,DT-RAMDE_TS2_FULL,r8c-2737-dddfb6dcea7ea3de,NO_MEMORY_RESET_GATE,INCLUDED,0.1694915254237288,10,59,-0.01
E2_DYNAMIC_INCREMENTAL_AFTER_FULL_REUSE,CDF1/CDF-MILD,0,r8c-0870-7b6d468eb884d4ed,DT-RAMDE_TS2_FULL,r8c-2738-fa467c7907e52d6f,NO_LINEAGE_CREDIT,INCLUDED,0.13559322033898305,8,59,-0.01
E2_DYNAMIC_INCREMENTAL_AFTER_FULL_REUSE,CDF1/CDF-MILD,0,r8c-0870-7b6d468eb884d4ed,DT-RAMDE_TS2_FULL,r8c-2739-4c90b260abe1a374,CROSS_EVENT_WARM_START_ONLY,INCLUDED,0.1016949152542373,6,59,-0.01
E2_DYNAMIC_INCREMENTAL_AFTER_FULL_REUSE,CDF1/CDF-MILD,0,r8c-0870-7b6d468eb884d4ed,DT-RAMDE_TS2_FULL,r8c-2740-f818ae94a1f182de,CROSS_EVENT_MEMORY_ONLY,INCLUDED,0.0,0,59,-0.01
E2_DYNAMIC_INCREMENTAL_AFTER_FULL_REUSE,CDF1/CDF-MILD,0,r8c-0870-7b6d468eb884d4ed,DT-RAMDE_TS2_FULL,r8c-2741-97a019ff691ae441,SHADE_ONLY,INCLUDED,0.0,0,59,-0.01
E2_DYNAMIC_INCREMENTAL_AFTER_FULL_REUSE,CDF1/CDF-MILD,1,r8c-0876-69b99a7723908088,DT-RAMDE_TS2_FULL,r8c-2742-a619fb05d4138593,NO_CROSS_EVENT_MEMORY,INCLUDED,0.0,0,59,-0.01
E2_DYNAMIC_INCREMENTAL_AFTER_FULL_REUSE,CDF1/CDF-MILD,1,r8c-0876-69b99a7723908088,DT-RAMDE_TS2_FULL,r8c-2743-d2968e5f24ab9a96,NO_REJECTION_CREDIT,INCLUDED,0.15254237288135594,9,59,-0.01
E2_DYNAMIC_INCREMENTAL_AFTER_FULL_REUSE,CDF1/CDF-MILD,1,r8c-0876-69b99a7723908088,DT-RAMDE_TS2_FULL,r8c-2744-3db5cb412c61bf1b,NO_MEMORY_RESET_GATE,INCLUDED,0.13559322033898305,8,59,-0.01
E2_DYNAMIC_INCREMENTAL_AFTER_FULL_REUSE,CDF1/CDF-MILD,1,r8c-0876-69b99a7723908088,DT-RAMDE_TS2_FULL,r8c-2745-f4f9afd2dfab04a0,NO_LINEAGE_CREDIT,INCLUDED,0.22033898305084745,13,59,-0.01
E2_DYNAMIC_INCREMENTAL_AFTER_FULL_REUSE,CDF1/CDF-MILD,1,r8c-0876-69b99a7723908088,DT-RAMDE_TS2_FULL,r8c-2746-da4f2b118e21b4b3,CROSS_EVENT_WARM_START_ONLY,INCLUDED,0.11864406779661017,7,59,-0.01
E2_DYNAMIC_INCREMENTAL_AFTER_FULL_REUSE,CDF1/CDF-MILD,1,r8c-0876-69b99a7723908088,DT-RAMDE_TS2_FULL,r8c-2747-9e1f7a0c51c1c709,CROSS_EVENT_MEMORY_ONLY,INCLUDED,0.0,0,59,-0.01
E2_DYNAMIC_INCREMENTAL_AFTER_FULL_REUSE,CDF1/CDF-MILD,1,r8c-0876-69b99a7723908088,DT-RAMDE_TS2_FULL,r8c-2748-387fa34209848726,SHADE_ONLY,INCLUDED,0.0,0,59,-0.01
E2_DYNAMIC_INCREMENTAL_AFTER_FULL_REUSE,CDF1/CDF-MILD,2,r8c-0882-94858f5c08bae12d,DT-RAMDE_TS2_FULL,r8c-2749-5a3f0d16a1877f65,NO_CROSS_EVENT_MEMORY,INCLUDED,0.0,0,59,-0.01
E2_DYNAMIC_INCREMENTAL_AFTER_FULL_REUSE,CDF1/CDF-MILD,2,r8c-0882-94858f5c08bae12d,DT-RAMDE_TS2_FULL,r8c-2750-8e106e94d0642287,NO_REJECTION_CREDIT,INCLUDED,0.1864406779661017,11,59,-0.01
E2_DYNAMIC_INCREMENTAL_AFTER_FULL_REUSE,CDF1/CDF-MILD,2,r8c-0882-94858f5c08bae12d,DT-RAMDE_TS2_FULL,r8c-2751-b93918226ff1414c,NO_MEMORY_RESET_GATE,INCLUDED,0.1694915254237288,10,59,-0.01
E2_DYNAMIC_INCREMENTAL_AFTER_FULL_REUSE,CDF1/CDF-MILD,2,r8c-0882-94858f5c08bae12d,DT-RAMDE_TS2_FULL,r8c-2752-0a7a4183c67e961d,NO_LINEAGE_CREDIT,INCLUDED,0.1694915254237288,10,59,-0.01
E2_DYNAMIC_INCREMENTAL_AFTER_FULL_REUSE,CDF1/CDF-MILD,2,r8c-0882-94858f5c08bae12d,DT-RAMDE_TS2_FULL,r8c-2753-0d3c273d2d3e9505,CROSS_EVENT_WARM_START_ONLY,INCLUDED,0.06779661016949153,4,59,-0.01
E2_DYNAMIC_INCREMENTAL_AFTER_FULL_REUSE,CDF1/CDF-MILD,2,r8c-0882-94858f5c08bae12d,DT-RAMDE_TS2_FULL,r8c-2754-c70a2417ffe62a95,CROSS_EVENT_MEMORY_ONLY,INCLUDED,0.0,0,59,-0.01
E2_DYNAMIC_INCREMENTAL_AFTER_FULL_REUSE,CDF1/CDF-MILD,2,r8c-0882-94858f5c08bae12d,DT-RAMDE_TS2_FULL,r8c-2755-2e44708487ae816c,SHADE_ONLY,INCLUDED,0.0,0,59,-0.01
E2_DYNAMIC_INCREMENTAL_AFTER_FULL_REUSE,CDF1/CDF-MILD,3,r8c-0888-756a00070d0409e0,DT-RAMDE_TS2_FULL,r8c-2756-8efd819697d2bb1f,NO_CROSS_EVENT_MEMORY,INCLUDED,0.0,0,59,-0.01
E2_DYNAMIC_INCREMENTAL_AFTER_FULL_REUSE,CDF1/CDF-MILD,3,r8c-0888-756a00070d0409e0,DT-RAMDE_TS2_FULL,r8c-2757-17338d08188bc5ee,NO_REJECTION_CREDIT,INCLUDED,0.11864406779661017,7,59,-0.01
E2_DYNAMIC_INCREMENTAL_AFTER_FULL_REUSE,CDF1/CDF-MILD,3,r8c-0888-756a00070d0409e0,DT-RAMDE_TS2_FULL,r8c-2758-970a49c2d92a5bbf,NO_MEMORY_RESET_GATE,INCLUDED,0.06779661016949153,4,59,-0.01
E2_DYNAMIC_INCREMENTAL_AFTER_FULL_REUSE,CDF1/CDF-MILD,3,r8c-0888-756a00070d0409e0,DT-RAMDE_TS2_FULL,r8c-2759-e4958944b5ba0f1b,NO_LINEAGE_CREDIT,INCLUDED,0.11864406779661017,7,59,-0.01
E2_DYNAMIC_INCREMENTAL_AFTER_FULL_REUSE,CDF1/CDF-MILD,3,r8c-0888-756a00070d0409e0,DT-RAMDE_TS2_FULL,r8c-2760-4f869ef53479f74a,CROSS_EVENT_WARM_START_ONLY,INCLUDED,0.06779661016949153,4,59,-0.01
E2_DYNAMIC_INCREMENTAL_AFTER_FULL_REUSE,CDF1/CDF-MILD,3,r8c-0888-756a00070d0409e0,DT-RAMDE_TS2_FULL,r8c-2761-35ab330e7dd270f7,CROSS_EVENT_MEMORY_ONLY,INCLUDED,0.0,0,59,-0.01
E2_DYNAMIC_INCREMENTAL_AFTER_FULL_REUSE,CDF1/CDF-MILD,3,r8c-0888-756a00070d0409e0,DT-RAMDE_TS2_FULL,r8c-2762-e7a6634de12120d5,SHADE_ONLY,INCLUDED,0.0,0,59,-0.01
E2_DYNAMIC_INCREMENTAL_AFTER_FULL_REUSE,CDF1/CDF-MILD,4,r8c-0894-1b54b8d000ac4e61,DT-RAMDE_TS2_FULL,r8c-2763-1c7e7bc53c10888c,NO_CROSS_EVENT_MEMORY,INCLUDED,0.0,0,59,-0.01
E2_DYNAMIC_INCREMENTAL_AFTER_FULL_REUSE,CDF1/CDF-MILD,4,r8c-0894-1b54b8d000ac4e61,DT-RAMDE_TS2_FULL,r8c-2764-8990aafc5b8ee7a1,NO_REJECTION_CREDIT,INCLUDED,0.1864406779661017,11,59,-0.01
E2_DYNAMIC_INCREMENTAL_AFTER_FULL_REUSE,CDF1/CDF-MILD,4,r8c-0894-1b54b8d000ac4e61,DT-RAMDE_TS2_FULL,r8c-2765-8821c6c0b8b93063,NO_MEMORY_RESET_GATE,INCLUDED,0.1694915254237288,10,59,-0.01
E2_DYNAMIC_INCREMENTAL_AFTER_FULL_REUSE,CDF1/CDF-MILD,4,r8c-0894-1b54b8d000ac4e61,DT-RAMDE_TS2_FULL,r8c-2766-5765fa964d98082a,NO_LINEAGE_CREDIT,INCLUDED,0.3220338983050847,19,59,-0.01
E2_DYNAMIC_INCREMENTAL_AFTER_FULL_REUSE,CDF1/CDF-MILD,4,r8c-0894-1b54b8d000ac4e61,DT-RAMDE_TS2_FULL,r8c-2767-598b03e33b97e813,CROSS_EVENT_WARM_START_ONLY,INCLUDED,0.11864406779661017,7,59,-0.01
E2_DYNAMIC_INCREMENTAL_AFTER_FULL_REUSE,CDF1/CDF-MILD,4,r8c-0894-1b54b8d000ac4e61,DT-RAMDE_TS2_FULL,r8c-2768-567c03b9176d5740,CROSS_EVENT_MEMORY_ONLY,INCLUDED,0.0,0,59,-0.01
E2_DYNAMIC_INCREMENTAL_AFTER_FULL_REUSE,CDF1/CDF-MILD,4,r8c-0894-1b54b8d000ac4e61,DT-RAMDE_TS2_FULL,r8c-2769-255f0e5dc3ac3df2,SHADE_ONLY,INCLUDED,0.0,0,59,-0.01
E2_DYNAMIC_INCREMENTAL_AFTER_FULL_REUSE,CDF2/CDF-HARSH,0,r8c-0900-844237da159dd0dd,DT-RAMDE_TS2_FULL,r8c-2770-f3bf5600d6f48548,NO_CROSS_EVENT_MEMORY,INCLUDED,0.0,0,59,-0.01
E2_DYNAMIC_INCREMENTAL_AFTER_FULL_REUSE,CDF2/CDF-HARSH,0,r8c-0900-844237da159dd0dd,DT-RAMDE_TS2_FULL,r8c-2771-e6e85a4e9c5bc362,NO_REJECTION_CREDIT,INCLUDED,0.4576271186440678,27,59,-0.01
E2_DYNAMIC_INCREMENTAL_AFTER_FULL_REUSE,CDF2/CDF-HARSH,0,r8c-0900-844237da159dd0dd,DT-RAMDE_TS2_FULL,r8c-2772-cf5a242c4c60d865,NO_MEMORY_RESET_GATE,INCLUDED,0.5084745762711864,30,59,-0.01
E2_DYNAMIC_INCREMENTAL_AFTER_FULL_REUSE,CDF2/CDF-HARSH,0,r8c-0900-844237da159dd0dd,DT-RAMDE_TS2_FULL,r8c-2773-87b26973529be611,NO_LINEAGE_CREDIT,INCLUDED,0.23728813559322035,14,59,-0.01
E2_DYNAMIC_INCREMENTAL_AFTER_FULL_REUSE,CDF2/CDF-HARSH,0,r8c-0900-844237da159dd0dd,DT-RAMDE_TS2_FULL,r8c-2774-22599abce350a404,CROSS_EVENT_WARM_START_ONLY,INCLUDED,0.2711864406779661,16,59,-0.01
E2_DYNAMIC_INCREMENTAL_AFTER_FULL_REUSE,CDF2/CDF-HARSH,0,r8c-0900-844237da159dd0dd,DT-RAMDE_TS2_FULL,r8c-2775-b4179a1f07031294,CROSS_EVENT_MEMORY_ONLY,INCLUDED,0.0,0,59,-0.01
E2_DYNAMIC_INCREMENTAL_AFTER_FULL_REUSE,CDF2/CDF-HARSH,0,r8c-0900-844237da159dd0dd,DT-RAMDE_TS2_FULL,r8c-2776-ee6f3f54174c5fff,SHADE_ONLY,INCLUDED,0.0,0,59,-0.01
E2_DYNAMIC_INCREMENTAL_AFTER_FULL_REUSE,CDF2/CDF-HARSH,1,r8c-0906-6f53905ea9b1870e,DT-RAMDE_TS2_FULL,r8c-2777-5360f5b5d9c5d690,NO_CROSS_EVENT_MEMORY,INCLUDED,0.0,0,59,-0.01
E2_DYNAMIC_INCREMENTAL_AFTER_FULL_REUSE,CDF2/CDF-HARSH,1,r8c-0906-6f53905ea9b1870e,DT-RAMDE_TS2_FULL,r8c-2778-65f6eed498f81823,NO_REJECTION_CREDIT,INCLUDED,0.3728813559322034,22,59,-0.01
E2_DYNAMIC_INCREMENTAL_AFTER_FULL_REUSE,CDF2/CDF-HARSH,1,r8c-0906-6f53905ea9b1870e,DT-RAMDE_TS2_FULL,r8c-2779-649bae5a54da7a4e,NO_MEMORY_RESET_GATE,INCLUDED,0.2542372881355932,15,59,-0.01
E2_DYNAMIC_INCREMENTAL_AFTER_FULL_REUSE,CDF2/CDF-HARSH,1,r8c-0906-6f53905ea9b1870e,DT-RAMDE_TS2_FULL,r8c-2780-52eccaee87649202,NO_LINEAGE_CREDIT,INCLUDED,0.3728813559322034,22,59,-0.01
E2_DYNAMIC_INCREMENTAL_AFTER_FULL_REUSE,CDF2/CDF-HARSH,1,r8c-0906-6f53905ea9b1870e,DT-RAMDE_TS2_FULL,r8c-2781-5c909c028c2fb3b0,CROSS_EVENT_WARM_START_ONLY,INCLUDED,0.1864406779661017,11,59,-0.01
E2_DYNAMIC_INCREMENTAL_AFTER_FULL_REUSE,CDF2/CDF-HARSH,1,r8c-0906-6f53905ea9b1870e,DT-RAMDE_TS2_FULL,r8c-2782-0a2400f802dde3ba,CROSS_EVENT_MEMORY_ONLY,INCLUDED,0.0,0,59,-0.01
E2_DYNAMIC_INCREMENTAL_AFTER_FULL_REUSE,CDF2/CDF-HARSH,1,r8c-0906-6f53905ea9b1870e,DT-RAMDE_TS2_FULL,r8c-2783-457bbae7d001671c,SHADE_ONLY,INCLUDED,0.0,0,59,-0.01
E2_DYNAMIC_INCREMENTAL_AFTER_FULL_REUSE,CDF2/CDF-HARSH,2,r8c-0912-a0c05c6d510300a9,DT-RAMDE_TS2_FULL,r8c-2784-8846d650d446ebce,NO_CROSS_EVENT_MEMORY,INCLUDED,0.0,0,59,-0.01
E2_DYNAMIC_INCREMENTAL_AFTER_FULL_REUSE,CDF2/CDF-HARSH,2,r8c-0912-a0c05c6d510300a9,DT-RAMDE_TS2_FULL,r8c-2785-9c8c836d82d2abb8,NO_REJECTION_CREDIT,INCLUDED,0.3898305084745763,23,59,-0.01
E2_DYNAMIC_INCREMENTAL_AFTER_FULL_REUSE,CDF2/CDF-HARSH,2,r8c-0912-a0c05c6d510300a9,DT-RAMDE_TS2_FULL,r8c-2786-4aa132889cb9f346,NO_MEMORY_RESET_GATE,INCLUDED,0.3389830508474576,20,59,-0.01
E2_DYNAMIC_INCREMENTAL_AFTER_FULL_REUSE,CDF2/CDF-HARSH,2,r8c-0912-a0c05c6d510300a9,DT-RAMDE_TS2_FULL,r8c-2787-53c26de34944d4fd,NO_LINEAGE_CREDIT,INCLUDED,0.6440677966101694,38,59,-0.01
E2_DYNAMIC_INCREMENTAL_AFTER_FULL_REUSE,CDF2/CDF-HARSH,2,r8c-0912-a0c05c6d510300a9,DT-RAMDE_TS2_FULL,r8c-2788-d67347d51437a088,CROSS_EVENT_WARM_START_ONLY,INCLUDED,0.2542372881355932,15,59,-0.01
E2_DYNAMIC_INCREMENTAL_AFTER_FULL_REUSE,CDF2/CDF-HARSH,2,r8c-0912-a0c05c6d510300a9,DT-RAMDE_TS2_FULL,r8c-2789-da2fce48977e68db,CROSS_EVENT_MEMORY_ONLY,INCLUDED,0.0,0,59,-0.01
E2_DYNAMIC_INCREMENTAL_AFTER_FULL_REUSE,CDF2/CDF-HARSH,2,r8c-0912-a0c05c6d510300a9,DT-RAMDE_TS2_FULL,r8c-2790-c998a5400a96b5ff,SHADE_ONLY,INCLUDED,0.0,0,59,-0.01
E2_DYNAMIC_INCREMENTAL_AFTER_FULL_REUSE,CDF2/CDF-HARSH,3,r8c-0918-06d3e07991487998,DT-RAMDE_TS2_FULL,r8c-2791-a8b796313a4326bc,NO_CROSS_EVENT_MEMORY,INCLUDED,0.0,0,59,-0.01
E2_DYNAMIC_INCREMENTAL_AFTER_FULL_REUSE,CDF2/CDF-HARSH,3,r8c-0918-06d3e07991487998,DT-RAMDE_TS2_FULL,r8c-2792-f8e68028b5c5e43d,NO_REJECTION_CREDIT,INCLUDED,0.2542372881355932,15,59,-0.01
E2_DYNAMIC_INCREMENTAL_AFTER_FULL_REUSE,CDF2/CDF-HARSH,3,r8c-0918-06d3e07991487998,DT-RAMDE_TS2_FULL,r8c-2793-c363403f8c02db34,NO_MEMORY_RESET_GATE,INCLUDED,0.3728813559322034,22,59,-0.01
E2_DYNAMIC_INCREMENTAL_AFTER_FULL_REUSE,CDF2/CDF-HARSH,3,r8c-0918-06d3e07991487998,DT-RAMDE_TS2_FULL,r8c-2794-eb3b7059865dc5dd,NO_LINEAGE_CREDIT,INCLUDED,0.22033898305084745,13,59,-0.01
E2_DYNAMIC_INCREMENTAL_AFTER_FULL_REUSE,CDF2/CDF-HARSH,3,r8c-0918-06d3e07991487998,DT-RAMDE_TS2_FULL,r8c-2795-31e380e16bf88c12,CROSS_EVENT_WARM_START_ONLY,INCLUDED,0.22033898305084745,13,59,-0.01
E2_DYNAMIC_INCREMENTAL_AFTER_FULL_REUSE,CDF2/CDF-HARSH,3,r8c-0918-06d3e07991487998,DT-RAMDE_TS2_FULL,r8c-2796-3ca4c5e36873f252,CROSS_EVENT_MEMORY_ONLY,INCLUDED,0.0,0,59,-0.01
E2_DYNAMIC_INCREMENTAL_AFTER_FULL_REUSE,CDF2/CDF-HARSH,3,r8c-0918-06d3e07991487998,DT-RAMDE_TS2_FULL,r8c-2797-51c762eac4294f96,SHADE_ONLY,INCLUDED,0.0,0,59,-0.01
E2_DYNAMIC_INCREMENTAL_AFTER_FULL_REUSE,CDF2/CDF-HARSH,4,r8c-0924-ad15fb1b572092ed,DT-RAMDE_TS2_FULL,r8c-2798-a3a1612fdef883ce,NO_CROSS_EVENT_MEMORY,INCLUDED,0.0,0,59,-0.01
E2_DYNAMIC_INCREMENTAL_AFTER_FULL_REUSE,CDF2/CDF-HARSH,4,r8c-0924-ad15fb1b572092ed,DT-RAMDE_TS2_FULL,r8c-2799-c88e2a3bedd54568,NO_REJECTION_CREDIT,INCLUDED,0.4406779661016949,26,59,-0.01
E2_DYNAMIC_INCREMENTAL_AFTER_FULL_REUSE,CDF2/CDF-HARSH,4,r8c-0924-ad15fb1b572092ed,DT-RAMDE_TS2_FULL,r8c-2800-fba3787466c371a5,NO_MEMORY_RESET_GATE,INCLUDED,0.3389830508474576,20,59,-0.01
E2_DYNAMIC_INCREMENTAL_AFTER_FULL_REUSE,CDF2/CDF-HARSH,4,r8c-0924-ad15fb1b572092ed,DT-RAMDE_TS2_FULL,r8c-2801-2c5a2225a8f22c34,NO_LINEAGE_CREDIT,INCLUDED,0.2033898305084746,12,59,-0.01
E2_DYNAMIC_INCREMENTAL_AFTER_FULL_REUSE,CDF2/CDF-HARSH,4,r8c-0924-ad15fb1b572092ed,DT-RAMDE_TS2_FULL,r8c-2802-47e0d56df2496009,CROSS_EVENT_WARM_START_ONLY,INCLUDED,0.11864406779661017,7,59,-0.01
E2_DYNAMIC_INCREMENTAL_AFTER_FULL_REUSE,CDF2/CDF-HARSH,4,r8c-0924-ad15fb1b572092ed,DT-RAMDE_TS2_FULL,r8c-2803-6b5ba79b7289a256,CROSS_EVENT_MEMORY_ONLY,INCLUDED,0.0,0,59,-0.01
E2_DYNAMIC_INCREMENTAL_AFTER_FULL_REUSE,CDF2/CDF-HARSH,4,r8c-0924-ad15fb1b572092ed,DT-RAMDE_TS2_FULL,r8c-2804-ccbe88ff6604a742,SHADE_ONLY,INCLUDED,0.0,0,59,-0.01
E2_DYNAMIC_INCREMENTAL_AFTER_FULL_REUSE,CDF2/CDF-MILD,0,r8c-0930-ded1d26197d770ba,DT-RAMDE_TS2_FULL,r8c-2805-cd199168144c7012,NO_CROSS_EVENT_MEMORY,INCLUDED,0.0,0,59,-0.01
E2_DYNAMIC_INCREMENTAL_AFTER_FULL_REUSE,CDF2/CDF-MILD,0,r8c-0930-ded1d26197d770ba,DT-RAMDE_TS2_FULL,r8c-2806-91ad0af1da74a690,NO_REJECTION_CREDIT,INCLUDED,0.1694915254237288,10,59,-0.01
E2_DYNAMIC_INCREMENTAL_AFTER_FULL_REUSE,CDF2/CDF-MILD,0,r8c-0930-ded1d26197d770ba,DT-RAMDE_TS2_FULL,r8c-2807-41995d5f1debcde6,NO_MEMORY_RESET_GATE,INCLUDED,0.288135593220339,17,59,-0.01
E2_DYNAMIC_INCREMENTAL_AFTER_FULL_REUSE,CDF2/CDF-MILD,0,r8c-0930-ded1d26197d770ba,DT-RAMDE_TS2_FULL,r8c-2808-e07649fdb161803a,NO_LINEAGE_CREDIT,INCLUDED,0.2033898305084746,12,59,-0.01
E2_DYNAMIC_INCREMENTAL_AFTER_FULL_REUSE,CDF2/CDF-MILD,0,r8c-0930-ded1d26197d770ba,DT-RAMDE_TS2_FULL,r8c-2809-db03db1965538b03,CROSS_EVENT_WARM_START_ONLY,INCLUDED,0.1694915254237288,10,59,-0.01
E2_DYNAMIC_INCREMENTAL_AFTER_FULL_REUSE,CDF2/CDF-MILD,0,r8c-0930-ded1d26197d770ba,DT-RAMDE_TS2_FULL,r8c-2810-76fb7c43f7332814,CROSS_EVENT_MEMORY_ONLY,INCLUDED,0.0,0,59,-0.01
E2_DYNAMIC_INCREMENTAL_AFTER_FULL_REUSE,CDF2/CDF-MILD,0,r8c-0930-ded1d26197d770ba,DT-RAMDE_TS2_FULL,r8c-2811-fb9ccd6b048dd711,SHADE_ONLY,INCLUDED,0.0,0,59,-0.01
E2_DYNAMIC_INCREMENTAL_AFTER_FULL_REUSE,CDF2/CDF-MILD,1,r8c-0936-daa753aea81a4219,DT-RAMDE_TS2_FULL,r8c-2812-26c952e2f6e97d5e,NO_CROSS_EVENT_MEMORY,INCLUDED,0.0,0,59,-0.01
E2_DYNAMIC_INCREMENTAL_AFTER_FULL_REUSE,CDF2/CDF-MILD,1,r8c-0936-daa753aea81a4219,DT-RAMDE_TS2_FULL,r8c-2813-e3236ce6110b0d8e,NO_REJECTION_CREDIT,INCLUDED,0.1864406779661017,11,59,-0.01
E2_DYNAMIC_INCREMENTAL_AFTER_FULL_REUSE,CDF2/CDF-MILD,1,r8c-0936-daa753aea81a4219,DT-RAMDE_TS2_FULL,r8c-2814-49523c563b2b79e2,NO_MEMORY_RESET_GATE,INCLUDED,0.3050847457627119,18,59,-0.01
E2_DYNAMIC_INCREMENTAL_AFTER_FULL_REUSE,CDF2/CDF-MILD,1,r8c-0936-daa753aea81a4219,DT-RAMDE_TS2_FULL,r8c-2815-f6fc81b335cf317a,NO_LINEAGE_CREDIT,INCLUDED,0.3050847457627119,18,59,-0.01
E2_DYNAMIC_INCREMENTAL_AFTER_FULL_REUSE,CDF2/CDF-MILD,1,r8c-0936-daa753aea81a4219,DT-RAMDE_TS2_FULL,r8c-2816-f5ad53040ff3111c,CROSS_EVENT_WARM_START_ONLY,INCLUDED,0.03389830508474576,2,59,-0.01
E2_DYNAMIC_INCREMENTAL_AFTER_FULL_REUSE,CDF2/CDF-MILD,1,r8c-0936-daa753aea81a4219,DT-RAMDE_TS2_FULL,r8c-2817-1d30d8a0d1e252e4,CROSS_EVENT_MEMORY_ONLY,INCLUDED,0.0,0,59,-0.01
E2_DYNAMIC_INCREMENTAL_AFTER_FULL_REUSE,CDF2/CDF-MILD,1,r8c-0936-daa753aea81a4219,DT-RAMDE_TS2_FULL,r8c-2818-e0a2de5e01a1cc56,SHADE_ONLY,INCLUDED,0.0,0,59,-0.01
E2_DYNAMIC_INCREMENTAL_AFTER_FULL_REUSE,CDF2/CDF-MILD,2,r8c-0942-8d3428c196c1d4b0,DT-RAMDE_TS2_FULL,r8c-2819-3e3934d4cf39f54f,NO_CROSS_EVENT_MEMORY,INCLUDED,0.0,0,59,-0.01
E2_DYNAMIC_INCREMENTAL_AFTER_FULL_REUSE,CDF2/CDF-MILD,2,r8c-0942-8d3428c196c1d4b0,DT-RAMDE_TS2_FULL,r8c-2820-1a3bc1885f601bf1,NO_REJECTION_CREDIT,INCLUDED,0.3389830508474576,20,59,-0.01
E2_DYNAMIC_INCREMENTAL_AFTER_FULL_REUSE,CDF2/CDF-MILD,2,r8c-0942-8d3428c196c1d4b0,DT-RAMDE_TS2_FULL,r8c-2821-03df236561a52967,NO_MEMORY_RESET_GATE,INCLUDED,0.4576271186440678,27,59,-0.01
E2_DYNAMIC_INCREMENTAL_AFTER_FULL_REUSE,CDF2/CDF-MILD,2,r8c-0942-8d3428c196c1d4b0,DT-RAMDE_TS2_FULL,r8c-2822-9c305832ae3cb2cd,NO_LINEAGE_CREDIT,INCLUDED,0.3220338983050847,19,59,-0.01
E2_DYNAMIC_INCREMENTAL_AFTER_FULL_REUSE,CDF2/CDF-MILD,2,r8c-0942-8d3428c196c1d4b0,DT-RAMDE_TS2_FULL,r8c-2823-af49230869731487,CROSS_EVENT_WARM_START_ONLY,INCLUDED,0.06779661016949153,4,59,-0.01
E2_DYNAMIC_INCREMENTAL_AFTER_FULL_REUSE,CDF2/CDF-MILD,2,r8c-0942-8d3428c196c1d4b0,DT-RAMDE_TS2_FULL,r8c-2824-c4e424192ed94f77,CROSS_EVENT_MEMORY_ONLY,INCLUDED,0.0,0,59,-0.01
E2_DYNAMIC_INCREMENTAL_AFTER_FULL_REUSE,CDF2/CDF-MILD,2,r8c-0942-8d3428c196c1d4b0,DT-RAMDE_TS2_FULL,r8c-2825-51ec2c489414c1d8,SHADE_ONLY,INCLUDED,0.0,0,59,-0.01
E2_DYNAMIC_INCREMENTAL_AFTER_FULL_REUSE,CDF2/CDF-MILD,3,r8c-0948-1c4f3c8b3a309b53,DT-RAMDE_TS2_FULL,r8c-2826-7a83eb66a1d66d3f,NO_CROSS_EVENT_MEMORY,INCLUDED,0.0,0,59,-0.01
E2_DYNAMIC_INCREMENTAL_AFTER_FULL_REUSE,CDF2/CDF-MILD,3,r8c-0948-1c4f3c8b3a309b53,DT-RAMDE_TS2_FULL,r8c-2827-a5cd577702dd3e9a,NO_REJECTION_CREDIT,INCLUDED,0.2033898305084746,12,59,-0.01
E2_DYNAMIC_INCREMENTAL_AFTER_FULL_REUSE,CDF2/CDF-MILD,3,r8c-0948-1c4f3c8b3a309b53,DT-RAMDE_TS2_FULL,r8c-2828-984c28bd882484a6,NO_MEMORY_RESET_GATE,INCLUDED,0.1694915254237288,10,59,-0.01
E2_DYNAMIC_INCREMENTAL_AFTER_FULL_REUSE,CDF2/CDF-MILD,3,r8c-0948-1c4f3c8b3a309b53,DT-RAMDE_TS2_FULL,r8c-2829-acf6a49023347f79,NO_LINEAGE_CREDIT,INCLUDED,0.1016949152542373,6,59,-0.01
E2_DYNAMIC_INCREMENTAL_AFTER_FULL_REUSE,CDF2/CDF-MILD,3,r8c-0948-1c4f3c8b3a309b53,DT-RAMDE_TS2_FULL,r8c-2830-ecb798a3933b7f3f,CROSS_EVENT_WARM_START_ONLY,INCLUDED,0.0847457627118644,5,59,-0.01
E2_DYNAMIC_INCREMENTAL_AFTER_FULL_REUSE,CDF2/CDF-MILD,3,r8c-0948-1c4f3c8b3a309b53,DT-RAMDE_TS2_FULL,r8c-2831-41ecfa21132d9247,CROSS_EVENT_MEMORY_ONLY,INCLUDED,0.0,0,59,-0.01
E2_DYNAMIC_INCREMENTAL_AFTER_FULL_REUSE,CDF2/CDF-MILD,3,r8c-0948-1c4f3c8b3a309b53,DT-RAMDE_TS2_FULL,r8c-2832-42cc496253c6abb5,SHADE_ONLY,INCLUDED,0.0,0,59,-0.01
E2_DYNAMIC_INCREMENTAL_AFTER_FULL_REUSE,CDF2/CDF-MILD,4,r8c-0954-f42e9e55aab95566,DT-RAMDE_TS2_FULL,r8c-2833-8fa67d4f892debc4,NO_CROSS_EVENT_MEMORY,INCLUDED,0.0,0,59,-0.01
E2_DYNAMIC_INCREMENTAL_AFTER_FULL_REUSE,CDF2/CDF-MILD,4,r8c-0954-f42e9e55aab95566,DT-RAMDE_TS2_FULL,r8c-2834-54fc7d0d31190953,NO_REJECTION_CREDIT,INCLUDED,0.576271186440678,34,59,-0.01
E2_DYNAMIC_INCREMENTAL_AFTER_FULL_REUSE,CDF2/CDF-MILD,4,r8c-0954-f42e9e55aab95566,DT-RAMDE_TS2_FULL,r8c-2835-87241e69ae2efd9b,NO_MEMORY_RESET_GATE,INCLUDED,0.2711864406779661,16,59,-0.01
E2_DYNAMIC_INCREMENTAL_AFTER_FULL_REUSE,CDF2/CDF-MILD,4,r8c-0954-f42e9e55aab95566,DT-RAMDE_TS2_FULL,r8c-2836-5597a8cbe8b875d8,NO_LINEAGE_CREDIT,INCLUDED,0.2033898305084746,12,59,-0.01
E2_DYNAMIC_INCREMENTAL_AFTER_FULL_REUSE,CDF2/CDF-MILD,4,r8c-0954-f42e9e55aab95566,DT-RAMDE_TS2_FULL,r8c-2837-29a03e38ec0ad28c,CROSS_EVENT_WARM_START_ONLY,INCLUDED,0.22033898305084745,13,59,-0.01
E2_DYNAMIC_INCREMENTAL_AFTER_FULL_REUSE,CDF2/CDF-MILD,4,r8c-0954-f42e9e55aab95566,DT-RAMDE_TS2_FULL,r8c-2838-6b3c05e0b5d45338,CROSS_EVENT_MEMORY_ONLY,INCLUDED,0.0,0,59,-0.01
E2_DYNAMIC_INCREMENTAL_AFTER_FULL_REUSE,CDF2/CDF-MILD,4,r8c-0954-f42e9e55aab95566,DT-RAMDE_TS2_FULL,r8c-2839-ccec42d522b455ed,SHADE_ONLY,INCLUDED,0.0,0,59,-0.01
E2_DYNAMIC_INCREMENTAL_AFTER_FULL_REUSE,CDF3/CDF-HARSH,0,r8c-0960-a6ba39e9601e722e,DT-RAMDE_TS2_FULL,r8c-2840-45bfa800fa240b01,NO_CROSS_EVENT_MEMORY,INCLUDED,0.0,0,59,-0.01
E2_DYNAMIC_INCREMENTAL_AFTER_FULL_REUSE,CDF3/CDF-HARSH,0,r8c-0960-a6ba39e9601e722e,DT-RAMDE_TS2_FULL,r8c-2841-842007896ebdfef7,NO_REJECTION_CREDIT,INCLUDED,0.1694915254237288,10,59,-0.01
E2_DYNAMIC_INCREMENTAL_AFTER_FULL_REUSE,CDF3/CDF-HARSH,0,r8c-0960-a6ba39e9601e722e,DT-RAMDE_TS2_FULL,r8c-2842-ee46c47d51cde57b,NO_MEMORY_RESET_GATE,INCLUDED,0.1016949152542373,6,59,-0.01
E2_DYNAMIC_INCREMENTAL_AFTER_FULL_REUSE,CDF3/CDF-HARSH,0,r8c-0960-a6ba39e9601e722e,DT-RAMDE_TS2_FULL,r8c-2843-778270f5c8f49b71,NO_LINEAGE_CREDIT,INCLUDED,0.13559322033898305,8,59,-0.01
E2_DYNAMIC_INCREMENTAL_AFTER_FULL_REUSE,CDF3/CDF-HARSH,0,r8c-0960-a6ba39e9601e722e,DT-RAMDE_TS2_FULL,r8c-2844-84a7c68a28b31bcc,CROSS_EVENT_WARM_START_ONLY,INCLUDED,0.1016949152542373,6,59,-0.01
E2_DYNAMIC_INCREMENTAL_AFTER_FULL_REUSE,CDF3/CDF-HARSH,0,r8c-0960-a6ba39e9601e722e,DT-RAMDE_TS2_FULL,r8c-2845-25008c83769fa555,CROSS_EVENT_MEMORY_ONLY,INCLUDED,0.0,0,59,-0.01
E2_DYNAMIC_INCREMENTAL_AFTER_FULL_REUSE,CDF3/CDF-HARSH,0,r8c-0960-a6ba39e9601e722e,DT-RAMDE_TS2_FULL,r8c-2846-66bc132fb4991d59,SHADE_ONLY,INCLUDED,0.0,0,59,-0.01
E2_DYNAMIC_INCREMENTAL_AFTER_FULL_REUSE,CDF3/CDF-HARSH,1,r8c-0966-e74e3743c600d1f7,DT-RAMDE_TS2_FULL,r8c-2847-b71abad1599a2815,NO_CROSS_EVENT_MEMORY,INCLUDED,0.0,0,59,-0.01
E2_DYNAMIC_INCREMENTAL_AFTER_FULL_REUSE,CDF3/CDF-HARSH,1,r8c-0966-e74e3743c600d1f7,DT-RAMDE_TS2_FULL,r8c-2848-c8158b1acfa68e9b,NO_REJECTION_CREDIT,INCLUDED,0.2542372881355932,15,59,-0.01
E2_DYNAMIC_INCREMENTAL_AFTER_FULL_REUSE,CDF3/CDF-HARSH,1,r8c-0966-e74e3743c600d1f7,DT-RAMDE_TS2_FULL,r8c-2849-b90a819e8dc0fc07,NO_MEMORY_RESET_GATE,INCLUDED,0.2033898305084746,12,59,-0.01
E2_DYNAMIC_INCREMENTAL_AFTER_FULL_REUSE,CDF3/CDF-HARSH,1,r8c-0966-e74e3743c600d1f7,DT-RAMDE_TS2_FULL,r8c-2850-406b0cde817ac220,NO_LINEAGE_CREDIT,INCLUDED,0.23728813559322035,14,59,-0.01
E2_DYNAMIC_INCREMENTAL_AFTER_FULL_REUSE,CDF3/CDF-HARSH,1,r8c-0966-e74e3743c600d1f7,DT-RAMDE_TS2_FULL,r8c-2851-0cd7fa5c4dc29aef,CROSS_EVENT_WARM_START_ONLY,INCLUDED,0.1694915254237288,10,59,-0.01
E2_DYNAMIC_INCREMENTAL_AFTER_FULL_REUSE,CDF3/CDF-HARSH,1,r8c-0966-e74e3743c600d1f7,DT-RAMDE_TS2_FULL,r8c-2852-c1d01a165016c2e8,CROSS_EVENT_MEMORY_ONLY,INCLUDED,0.0,0,59,-0.01
E2_DYNAMIC_INCREMENTAL_AFTER_FULL_REUSE,CDF3/CDF-HARSH,1,r8c-0966-e74e3743c600d1f7,DT-RAMDE_TS2_FULL,r8c-2853-c5b0b56f8e9aff22,SHADE_ONLY,INCLUDED,0.0,0,59,-0.01
E2_DYNAMIC_INCREMENTAL_AFTER_FULL_REUSE,CDF3/CDF-HARSH,2,r8c-0972-f6099159e5b41bec,DT-RAMDE_TS2_FULL,r8c-2854-f4134c9e731a4ab0,NO_CROSS_EVENT_MEMORY,INCLUDED,0.0,0,59,-0.01
E2_DYNAMIC_INCREMENTAL_AFTER_FULL_REUSE,CDF3/CDF-HARSH,2,r8c-0972-f6099159e5b41bec,DT-RAMDE_TS2_FULL,r8c-2855-5d06ce982fb54e36,NO_REJECTION_CREDIT,INCLUDED,0.1016949152542373,6,59,-0.01
E2_DYNAMIC_INCREMENTAL_AFTER_FULL_REUSE,CDF3/CDF-HARSH,2,r8c-0972-f6099159e5b41bec,DT-RAMDE_TS2_FULL,r8c-2856-f46552e4055e826e,NO_MEMORY_RESET_GATE,INCLUDED,0.11864406779661017,7,59,-0.01
E2_DYNAMIC_INCREMENTAL_AFTER_FULL_REUSE,CDF3/CDF-HARSH,2,r8c-0972-f6099159e5b41bec,DT-RAMDE_TS2_FULL,r8c-2857-fb89520403f5b3c9,NO_LINEAGE_CREDIT,INCLUDED,0.11864406779661017,7,59,-0.01
E2_DYNAMIC_INCREMENTAL_AFTER_FULL_REUSE,CDF3/CDF-HARSH,2,r8c-0972-f6099159e5b41bec,DT-RAMDE_TS2_FULL,r8c-2858-bdfc69102a5d51a2,CROSS_EVENT_WARM_START_ONLY,INCLUDED,0.1016949152542373,6,59,-0.01
E2_DYNAMIC_INCREMENTAL_AFTER_FULL_REUSE,CDF3/CDF-HARSH,2,r8c-0972-f6099159e5b41bec,DT-RAMDE_TS2_FULL,r8c-2859-d05619518190a71f,CROSS_EVENT_MEMORY_ONLY,INCLUDED,0.0,0,59,-0.01
E2_DYNAMIC_INCREMENTAL_AFTER_FULL_REUSE,CDF3/CDF-HARSH,2,r8c-0972-f6099159e5b41bec,DT-RAMDE_TS2_FULL,r8c-2860-898a5b84ea2795cb,SHADE_ONLY,INCLUDED,0.0,0,59,-0.01
E2_DYNAMIC_INCREMENTAL_AFTER_FULL_REUSE,CDF3/CDF-HARSH,3,r8c-0978-08e7b871d09b84c1,DT-RAMDE_TS2_FULL,r8c-2861-11b8c39d4b124b03,NO_CROSS_EVENT_MEMORY,INCLUDED,0.0,0,59,-0.01
E2_DYNAMIC_INCREMENTAL_AFTER_FULL_REUSE,CDF3/CDF-HARSH,3,r8c-0978-08e7b871d09b84c1,DT-RAMDE_TS2_FULL,r8c-2862-8cb2a3ea5b982164,NO_REJECTION_CREDIT,INCLUDED,0.1016949152542373,6,59,-0.01
E2_DYNAMIC_INCREMENTAL_AFTER_FULL_REUSE,CDF3/CDF-HARSH,3,r8c-0978-08e7b871d09b84c1,DT-RAMDE_TS2_FULL,r8c-2863-8dd35c1169acdadf,NO_MEMORY_RESET_GATE,INCLUDED,0.06779661016949153,4,59,-0.01
E2_DYNAMIC_INCREMENTAL_AFTER_FULL_REUSE,CDF3/CDF-HARSH,3,r8c-0978-08e7b871d09b84c1,DT-RAMDE_TS2_FULL,r8c-2864-6da9f46d71ae543b,NO_LINEAGE_CREDIT,INCLUDED,0.11864406779661017,7,59,-0.01
E2_DYNAMIC_INCREMENTAL_AFTER_FULL_REUSE,CDF3/CDF-HARSH,3,r8c-0978-08e7b871d09b84c1,DT-RAMDE_TS2_FULL,r8c-2865-61d4e8d0c5b3731c,CROSS_EVENT_WARM_START_ONLY,INCLUDED,0.22033898305084745,13,59,-0.01
E2_DYNAMIC_INCREMENTAL_AFTER_FULL_REUSE,CDF3/CDF-HARSH,3,r8c-0978-08e7b871d09b84c1,DT-RAMDE_TS2_FULL,r8c-2866-69d95f0431957d83,CROSS_EVENT_MEMORY_ONLY,INCLUDED,0.0,0,59,-0.01
E2_DYNAMIC_INCREMENTAL_AFTER_FULL_REUSE,CDF3/CDF-HARSH,3,r8c-0978-08e7b871d09b84c1,DT-RAMDE_TS2_FULL,r8c-2867-e529598cb1d720b6,SHADE_ONLY,INCLUDED,0.0,0,59,-0.01
E2_DYNAMIC_INCREMENTAL_AFTER_FULL_REUSE,CDF3/CDF-HARSH,4,r8c-0984-d2f06c7cbf72972a,DT-RAMDE_TS2_FULL,r8c-2868-656b1ab8d28fe46f,NO_CROSS_EVENT_MEMORY,INCLUDED,0.0,0,59,-0.01
E2_DYNAMIC_INCREMENTAL_AFTER_FULL_REUSE,CDF3/CDF-HARSH,4,r8c-0984-d2f06c7cbf72972a,DT-RAMDE_TS2_FULL,r8c-2869-3873df8cbc3603bf,NO_REJECTION_CREDIT,INCLUDED,0.15254237288135594,9,59,-0.01
E2_DYNAMIC_INCREMENTAL_AFTER_FULL_REUSE,CDF3/CDF-HARSH,4,r8c-0984-d2f06c7cbf72972a,DT-RAMDE_TS2_FULL,r8c-2870-bed9597e7647a034,NO_MEMORY_RESET_GATE,INCLUDED,0.1016949152542373,6,59,-0.01
E2_DYNAMIC_INCREMENTAL_AFTER_FULL_REUSE,CDF3/CDF-HARSH,4,r8c-0984-d2f06c7cbf72972a,DT-RAMDE_TS2_FULL,r8c-2871-448ce56f7741c417,NO_LINEAGE_CREDIT,INCLUDED,0.288135593220339,17,59,-0.01
E2_DYNAMIC_INCREMENTAL_AFTER_FULL_REUSE,CDF3/CDF-HARSH,4,r8c-0984-d2f06c7cbf72972a,DT-RAMDE_TS2_FULL,r8c-2872-e11760037076f6d1,CROSS_EVENT_WARM_START_ONLY,INCLUDED,0.1864406779661017,11,59,-0.01
E2_DYNAMIC_INCREMENTAL_AFTER_FULL_REUSE,CDF3/CDF-HARSH,4,r8c-0984-d2f06c7cbf72972a,DT-RAMDE_TS2_FULL,r8c-2873-40cde4b63d755729,CROSS_EVENT_MEMORY_ONLY,INCLUDED,0.0,0,59,-0.01
E2_DYNAMIC_INCREMENTAL_AFTER_FULL_REUSE,CDF3/CDF-HARSH,4,r8c-0984-d2f06c7cbf72972a,DT-RAMDE_TS2_FULL,r8c-2874-cd7a9c4471c253a5,SHADE_ONLY,INCLUDED,0.0,0,59,-0.01
E2_DYNAMIC_INCREMENTAL_AFTER_FULL_REUSE,CDF3/CDF-MILD,0,r8c-0990-46df0cba2676d12b,DT-RAMDE_TS2_FULL,r8c-2875-96716b97897729c9,NO_CROSS_EVENT_MEMORY,INCLUDED,0.0,0,59,-0.01
E2_DYNAMIC_INCREMENTAL_AFTER_FULL_REUSE,CDF3/CDF-MILD,0,r8c-0990-46df0cba2676d12b,DT-RAMDE_TS2_FULL,r8c-2876-b78b6efdf8df3de6,NO_REJECTION_CREDIT,INCLUDED,0.06779661016949153,4,59,-0.01
E2_DYNAMIC_INCREMENTAL_AFTER_FULL_REUSE,CDF3/CDF-MILD,0,r8c-0990-46df0cba2676d12b,DT-RAMDE_TS2_FULL,r8c-2877-14a698174095c794,NO_MEMORY_RESET_GATE,INCLUDED,0.05084745762711865,3,59,-0.01
E2_DYNAMIC_INCREMENTAL_AFTER_FULL_REUSE,CDF3/CDF-MILD,0,r8c-0990-46df0cba2676d12b,DT-RAMDE_TS2_FULL,r8c-2878-a1bb4c1bf1c931c4,NO_LINEAGE_CREDIT,INCLUDED,0.01694915254237288,1,59,-0.01
E2_DYNAMIC_INCREMENTAL_AFTER_FULL_REUSE,CDF3/CDF-MILD,0,r8c-0990-46df0cba2676d12b,DT-RAMDE_TS2_FULL,r8c-2879-f784ca0e701ec3b5,CROSS_EVENT_WARM_START_ONLY,INCLUDED,0.06779661016949153,4,59,-0.01
E2_DYNAMIC_INCREMENTAL_AFTER_FULL_REUSE,CDF3/CDF-MILD,0,r8c-0990-46df0cba2676d12b,DT-RAMDE_TS2_FULL,r8c-2880-1b7196756e1091d3,CROSS_EVENT_MEMORY_ONLY,INCLUDED,0.0,0,59,-0.01
E2_DYNAMIC_INCREMENTAL_AFTER_FULL_REUSE,CDF3/CDF-MILD,0,r8c-0990-46df0cba2676d12b,DT-RAMDE_TS2_FULL,r8c-2881-966ca03711773969,SHADE_ONLY,INCLUDED,0.0,0,59,-0.01
E2_DYNAMIC_INCREMENTAL_AFTER_FULL_REUSE,CDF3/CDF-MILD,1,r8c-0996-58367a593860a669,DT-RAMDE_TS2_FULL,r8c-2882-0cd255d39780956e,NO_CROSS_EVENT_MEMORY,INCLUDED,0.0,0,59,-0.01
E2_DYNAMIC_INCREMENTAL_AFTER_FULL_REUSE,CDF3/CDF-MILD,1,r8c-0996-58367a593860a669,DT-RAMDE_TS2_FULL,r8c-2883-3b1368fc9974122c,NO_REJECTION_CREDIT,INCLUDED,0.0847457627118644,5,59,-0.01
E2_DYNAMIC_INCREMENTAL_AFTER_FULL_REUSE,CDF3/CDF-MILD,1,r8c-0996-58367a593860a669,DT-RAMDE_TS2_FULL,r8c-2884-4aa1e6f6efcb9981,NO_MEMORY_RESET_GATE,INCLUDED,0.1016949152542373,6,59,-0.01
E2_DYNAMIC_INCREMENTAL_AFTER_FULL_REUSE,CDF3/CDF-MILD,1,r8c-0996-58367a593860a669,DT-RAMDE_TS2_FULL,r8c-2885-a6fb936182ae18b9,NO_LINEAGE_CREDIT,INCLUDED,0.1016949152542373,6,59,-0.01
E2_DYNAMIC_INCREMENTAL_AFTER_FULL_REUSE,CDF3/CDF-MILD,1,r8c-0996-58367a593860a669,DT-RAMDE_TS2_FULL,r8c-2886-1d711ce046c12f21,CROSS_EVENT_WARM_START_ONLY,INCLUDED,0.1016949152542373,6,59,-0.01
E2_DYNAMIC_INCREMENTAL_AFTER_FULL_REUSE,CDF3/CDF-MILD,1,r8c-0996-58367a593860a669,DT-RAMDE_TS2_FULL,r8c-2887-99aef7a05850556c,CROSS_EVENT_MEMORY_ONLY,INCLUDED,0.0,0,59,-0.01
E2_DYNAMIC_INCREMENTAL_AFTER_FULL_REUSE,CDF3/CDF-MILD,1,r8c-0996-58367a593860a669,DT-RAMDE_TS2_FULL,r8c-2888-652bb8f97fcff65c,SHADE_ONLY,INCLUDED,0.0,0,59,-0.01
E2_DYNAMIC_INCREMENTAL_AFTER_FULL_REUSE,CDF3/CDF-MILD,2,r8c-1002-9146c9213e1b273e,DT-RAMDE_TS2_FULL,r8c-2889-be8a98d38bb2df8f,NO_CROSS_EVENT_MEMORY,INCLUDED,0.0,0,59,-0.01
E2_DYNAMIC_INCREMENTAL_AFTER_FULL_REUSE,CDF3/CDF-MILD,2,r8c-1002-9146c9213e1b273e,DT-RAMDE_TS2_FULL,r8c-2890-3b57e803e058812f,NO_REJECTION_CREDIT,INCLUDED,0.15254237288135594,9,59,-0.01
E2_DYNAMIC_INCREMENTAL_AFTER_FULL_REUSE,CDF3/CDF-MILD,2,r8c-1002-9146c9213e1b273e,DT-RAMDE_TS2_FULL,r8c-2891-9bcc0070c8a826b0,NO_MEMORY_RESET_GATE,INCLUDED,0.06779661016949153,4,59,-0.01
E2_DYNAMIC_INCREMENTAL_AFTER_FULL_REUSE,CDF3/CDF-MILD,2,r8c-1002-9146c9213e1b273e,DT-RAMDE_TS2_FULL,r8c-2892-25c71dff88ba987d,NO_LINEAGE_CREDIT,INCLUDED,0.11864406779661017,7,59,-0.01
E2_DYNAMIC_INCREMENTAL_AFTER_FULL_REUSE,CDF3/CDF-MILD,2,r8c-1002-9146c9213e1b273e,DT-RAMDE_TS2_FULL,r8c-2893-cfbeca4dc61359e7,CROSS_EVENT_WARM_START_ONLY,INCLUDED,0.1016949152542373,6,59,-0.01
E2_DYNAMIC_INCREMENTAL_AFTER_FULL_REUSE,CDF3/CDF-MILD,2,r8c-1002-9146c9213e1b273e,DT-RAMDE_TS2_FULL,r8c-2894-2c8c85514b9342f2,CROSS_EVENT_MEMORY_ONLY,INCLUDED,0.0,0,59,-0.01
E2_DYNAMIC_INCREMENTAL_AFTER_FULL_REUSE,CDF3/CDF-MILD,2,r8c-1002-9146c9213e1b273e,DT-RAMDE_TS2_FULL,r8c-2895-915cf6f0922fcba5,SHADE_ONLY,INCLUDED,0.0,0,59,-0.01
E2_DYNAMIC_INCREMENTAL_AFTER_FULL_REUSE,CDF3/CDF-MILD,3,r8c-1008-7894041d990ebc24,DT-RAMDE_TS2_FULL,r8c-2896-f3c2be31a6dd5098,NO_CROSS_EVENT_MEMORY,INCLUDED,0.0,0,59,-0.01
E2_DYNAMIC_INCREMENTAL_AFTER_FULL_REUSE,CDF3/CDF-MILD,3,r8c-1008-7894041d990ebc24,DT-RAMDE_TS2_FULL,r8c-2897-5fe4e9b37a4b9cd4,NO_REJECTION_CREDIT,INCLUDED,0.1694915254237288,10,59,-0.01
E2_DYNAMIC_INCREMENTAL_AFTER_FULL_REUSE,CDF3/CDF-MILD,3,r8c-1008-7894041d990ebc24,DT-RAMDE_TS2_FULL,r8c-2898-6b388d2ec14784cd,NO_MEMORY_RESET_GATE,INCLUDED,0.15254237288135594,9,59,-0.01
E2_DYNAMIC_INCREMENTAL_AFTER_FULL_REUSE,CDF3/CDF-MILD,3,r8c-1008-7894041d990ebc24,DT-RAMDE_TS2_FULL,r8c-2899-a2d007a168a051c8,NO_LINEAGE_CREDIT,INCLUDED,0.11864406779661017,7,59,-0.01
E2_DYNAMIC_INCREMENTAL_AFTER_FULL_REUSE,CDF3/CDF-MILD,3,r8c-1008-7894041d990ebc24,DT-RAMDE_TS2_FULL,r8c-2900-457ef1d80cddbbdb,CROSS_EVENT_WARM_START_ONLY,INCLUDED,0.0847457627118644,5,59,-0.01
E2_DYNAMIC_INCREMENTAL_AFTER_FULL_REUSE,CDF3/CDF-MILD,3,r8c-1008-7894041d990ebc24,DT-RAMDE_TS2_FULL,r8c-2901-d9d1a3b5d1a06e43,CROSS_EVENT_MEMORY_ONLY,INCLUDED,0.0,0,59,-0.01
E2_DYNAMIC_INCREMENTAL_AFTER_FULL_REUSE,CDF3/CDF-MILD,3,r8c-1008-7894041d990ebc24,DT-RAMDE_TS2_FULL,r8c-2902-00559d7c4593ebe7,SHADE_ONLY,INCLUDED,0.0,0,59,-0.01
E2_DYNAMIC_INCREMENTAL_AFTER_FULL_REUSE,CDF3/CDF-MILD,4,r8c-1014-e5aaf009e24c4bfd,DT-RAMDE_TS2_FULL,r8c-2903-e6343693191d33d9,NO_CROSS_EVENT_MEMORY,INCLUDED,0.0,0,59,-0.01
E2_DYNAMIC_INCREMENTAL_AFTER_FULL_REUSE,CDF3/CDF-MILD,4,r8c-1014-e5aaf009e24c4bfd,DT-RAMDE_TS2_FULL,r8c-2904-e807f5184e401707,NO_REJECTION_CREDIT,INCLUDED,0.1016949152542373,6,59,-0.01
E2_DYNAMIC_INCREMENTAL_AFTER_FULL_REUSE,CDF3/CDF-MILD,4,r8c-1014-e5aaf009e24c4bfd,DT-RAMDE_TS2_FULL,r8c-2905-87db32de77169d95,NO_MEMORY_RESET_GATE,INCLUDED,0.0847457627118644,5,59,-0.01
E2_DYNAMIC_INCREMENTAL_AFTER_FULL_REUSE,CDF3/CDF-MILD,4,r8c-1014-e5aaf009e24c4bfd,DT-RAMDE_TS2_FULL,r8c-2906-5975f9029f88fed8,NO_LINEAGE_CREDIT,INCLUDED,0.05084745762711865,3,59,-0.01
E2_DYNAMIC_INCREMENTAL_AFTER_FULL_REUSE,CDF3/CDF-MILD,4,r8c-1014-e5aaf009e24c4bfd,DT-RAMDE_TS2_FULL,r8c-2907-24ca968acda5d40f,CROSS_EVENT_WARM_START_ONLY,INCLUDED,0.03389830508474576,2,59,-0.01
E2_DYNAMIC_INCREMENTAL_AFTER_FULL_REUSE,CDF3/CDF-MILD,4,r8c-1014-e5aaf009e24c4bfd,DT-RAMDE_TS2_FULL,r8c-2908-8422bb1015a848e4,CROSS_EVENT_MEMORY_ONLY,INCLUDED,0.0,0,59,-0.01
E2_DYNAMIC_INCREMENTAL_AFTER_FULL_REUSE,CDF3/CDF-MILD,4,r8c-1014-e5aaf009e24c4bfd,DT-RAMDE_TS2_FULL,r8c-2909-135a51948de3b946,SHADE_ONLY,INCLUDED,0.0,0,59,-0.01
E2_DYNAMIC_INCREMENTAL_AFTER_FULL_REUSE,CDF4/CDF-HARSH,0,r8c-1020-19f31dff92df0084,DT-RAMDE_TS2_FULL,r8c-2910-1511595835d0200b,NO_CROSS_EVENT_MEMORY,INCLUDED,0.0,0,59,-0.01
E2_DYNAMIC_INCREMENTAL_AFTER_FULL_REUSE,CDF4/CDF-HARSH,0,r8c-1020-19f31dff92df0084,DT-RAMDE_TS2_FULL,r8c-2911-0458c13e0414db3f,NO_REJECTION_CREDIT,INCLUDED,0.5932203389830508,35,59,-0.01
E2_DYNAMIC_INCREMENTAL_AFTER_FULL_REUSE,CDF4/CDF-HARSH,0,r8c-1020-19f31dff92df0084,DT-RAMDE_TS2_FULL,r8c-2912-6c85d20e2503d199,NO_MEMORY_RESET_GATE,INCLUDED,0.4915254237288136,29,59,-0.01
E2_DYNAMIC_INCREMENTAL_AFTER_FULL_REUSE,CDF4/CDF-HARSH,0,r8c-1020-19f31dff92df0084,DT-RAMDE_TS2_FULL,r8c-2913-fec9c4495098ef8d,NO_LINEAGE_CREDIT,INCLUDED,0.7796610169491526,46,59,-0.01
E2_DYNAMIC_INCREMENTAL_AFTER_FULL_REUSE,CDF4/CDF-HARSH,0,r8c-1020-19f31dff92df0084,DT-RAMDE_TS2_FULL,r8c-2914-1a506ab74148adab,CROSS_EVENT_WARM_START_ONLY,INCLUDED,0.4915254237288136,29,59,-0.01
E2_DYNAMIC_INCREMENTAL_AFTER_FULL_REUSE,CDF4/CDF-HARSH,0,r8c-1020-19f31dff92df0084,DT-RAMDE_TS2_FULL,r8c-2915-df341bc5264c1ec6,CROSS_EVENT_MEMORY_ONLY,INCLUDED,0.0,0,59,-0.01
E2_DYNAMIC_INCREMENTAL_AFTER_FULL_REUSE,CDF4/CDF-HARSH,0,r8c-1020-19f31dff92df0084,DT-RAMDE_TS2_FULL,r8c-2916-9570096ba874cc33,SHADE_ONLY,INCLUDED,0.0,0,59,-0.01
E2_DYNAMIC_INCREMENTAL_AFTER_FULL_REUSE,CDF4/CDF-HARSH,1,r8c-1026-4f05f097d45332bc,DT-RAMDE_TS2_FULL,r8c-2917-c7d2ceac58e2bf0c,NO_CROSS_EVENT_MEMORY,INCLUDED,0.0,0,59,-0.01
E2_DYNAMIC_INCREMENTAL_AFTER_FULL_REUSE,CDF4/CDF-HARSH,1,r8c-1026-4f05f097d45332bc,DT-RAMDE_TS2_FULL,r8c-2918-3c693a022334cab5,NO_REJECTION_CREDIT,INCLUDED,0.3559322033898305,21,59,-0.01
E2_DYNAMIC_INCREMENTAL_AFTER_FULL_REUSE,CDF4/CDF-HARSH,1,r8c-1026-4f05f097d45332bc,DT-RAMDE_TS2_FULL,r8c-2919-e93f012c513208cb,NO_MEMORY_RESET_GATE,INCLUDED,0.23728813559322035,14,59,-0.01
E2_DYNAMIC_INCREMENTAL_AFTER_FULL_REUSE,CDF4/CDF-HARSH,1,r8c-1026-4f05f097d45332bc,DT-RAMDE_TS2_FULL,r8c-2920-11430d0489713e71,NO_LINEAGE_CREDIT,INCLUDED,0.3220338983050847,19,59,-0.01
E2_DYNAMIC_INCREMENTAL_AFTER_FULL_REUSE,CDF4/CDF-HARSH,1,r8c-1026-4f05f097d45332bc,DT-RAMDE_TS2_FULL,r8c-2921-b5b21fec957a3da4,CROSS_EVENT_WARM_START_ONLY,INCLUDED,0.2033898305084746,12,59,-0.01
E2_DYNAMIC_INCREMENTAL_AFTER_FULL_REUSE,CDF4/CDF-HARSH,1,r8c-1026-4f05f097d45332bc,DT-RAMDE_TS2_FULL,r8c-2922-c39524d60b2f7b31,CROSS_EVENT_MEMORY_ONLY,INCLUDED,0.0,0,59,-0.01
E2_DYNAMIC_INCREMENTAL_AFTER_FULL_REUSE,CDF4/CDF-HARSH,1,r8c-1026-4f05f097d45332bc,DT-RAMDE_TS2_FULL,r8c-2923-20ef33ccf6e358a7,SHADE_ONLY,INCLUDED,0.0,0,59,-0.01
E2_DYNAMIC_INCREMENTAL_AFTER_FULL_REUSE,CDF4/CDF-HARSH,2,r8c-1032-efed9a003bea879b,DT-RAMDE_TS2_FULL,r8c-2924-4cdeaf03ae124a3b,NO_CROSS_EVENT_MEMORY,INCLUDED,0.0,0,59,-0.01
E2_DYNAMIC_INCREMENTAL_AFTER_FULL_REUSE,CDF4/CDF-HARSH,2,r8c-1032-efed9a003bea879b,DT-RAMDE_TS2_FULL,r8c-2925-5c08c7350ba53385,NO_REJECTION_CREDIT,INCLUDED,0.3220338983050847,19,59,-0.01
E2_DYNAMIC_INCREMENTAL_AFTER_FULL_REUSE,CDF4/CDF-HARSH,2,r8c-1032-efed9a003bea879b,DT-RAMDE_TS2_FULL,r8c-2926-38d611d8e81e2ac1,NO_MEMORY_RESET_GATE,INCLUDED,0.5932203389830508,35,59,-0.01
E2_DYNAMIC_INCREMENTAL_AFTER_FULL_REUSE,CDF4/CDF-HARSH,2,r8c-1032-efed9a003bea879b,DT-RAMDE_TS2_FULL,r8c-2927-2dbe366afb41a722,NO_LINEAGE_CREDIT,INCLUDED,0.559322033898305,33,59,-0.01
E2_DYNAMIC_INCREMENTAL_AFTER_FULL_REUSE,CDF4/CDF-HARSH,2,r8c-1032-efed9a003bea879b,DT-RAMDE_TS2_FULL,r8c-2928-a57f3f5f724b10b6,CROSS_EVENT_WARM_START_ONLY,INCLUDED,0.2711864406779661,16,59,-0.01
E2_DYNAMIC_INCREMENTAL_AFTER_FULL_REUSE,CDF4/CDF-HARSH,2,r8c-1032-efed9a003bea879b,DT-RAMDE_TS2_FULL,r8c-2929-8f537c21de32d9b9,CROSS_EVENT_MEMORY_ONLY,INCLUDED,0.0,0,59,-0.01
E2_DYNAMIC_INCREMENTAL_AFTER_FULL_REUSE,CDF4/CDF-HARSH,2,r8c-1032-efed9a003bea879b,DT-RAMDE_TS2_FULL,r8c-2930-dfd2bc6b3b1a63c7,SHADE_ONLY,INCLUDED,0.0,0,59,-0.01
E2_DYNAMIC_INCREMENTAL_AFTER_FULL_REUSE,CDF4/CDF-HARSH,3,r8c-1038-96b9bbc891484289,DT-RAMDE_TS2_FULL,r8c-2931-121b0718170230be,NO_CROSS_EVENT_MEMORY,INCLUDED,0.0,0,59,-0.01
E2_DYNAMIC_INCREMENTAL_AFTER_FULL_REUSE,CDF4/CDF-HARSH,3,r8c-1038-96b9bbc891484289,DT-RAMDE_TS2_FULL,r8c-2932-2a419a87f8ad3bbe,NO_REJECTION_CREDIT,INCLUDED,0.3728813559322034,22,59,-0.01
E2_DYNAMIC_INCREMENTAL_AFTER_FULL_REUSE,CDF4/CDF-HARSH,3,r8c-1038-96b9bbc891484289,DT-RAMDE_TS2_FULL,r8c-2933-56a326a94b0b8d2b,NO_MEMORY_RESET_GATE,INCLUDED,0.5254237288135594,31,59,-0.01
E2_DYNAMIC_INCREMENTAL_AFTER_FULL_REUSE,CDF4/CDF-HARSH,3,r8c-1038-96b9bbc891484289,DT-RAMDE_TS2_FULL,r8c-2934-d838e1090419dae6,NO_LINEAGE_CREDIT,INCLUDED,0.4406779661016949,26,59,-0.01
E2_DYNAMIC_INCREMENTAL_AFTER_FULL_REUSE,CDF4/CDF-HARSH,3,r8c-1038-96b9bbc891484289,DT-RAMDE_TS2_FULL,r8c-2935-ebb6f401ed5b679d,CROSS_EVENT_WARM_START_ONLY,INCLUDED,0.1864406779661017,11,59,-0.01
E2_DYNAMIC_INCREMENTAL_AFTER_FULL_REUSE,CDF4/CDF-HARSH,3,r8c-1038-96b9bbc891484289,DT-RAMDE_TS2_FULL,r8c-2936-6bf4986a06ff3285,CROSS_EVENT_MEMORY_ONLY,INCLUDED,0.0,0,59,-0.01
E2_DYNAMIC_INCREMENTAL_AFTER_FULL_REUSE,CDF4/CDF-HARSH,3,r8c-1038-96b9bbc891484289,DT-RAMDE_TS2_FULL,r8c-2937-fbf9073717f2178b,SHADE_ONLY,INCLUDED,0.0,0,59,-0.01
E2_DYNAMIC_INCREMENTAL_AFTER_FULL_REUSE,CDF4/CDF-HARSH,4,r8c-1044-c5bf8e397f354681,DT-RAMDE_TS2_FULL,r8c-2938-c0dd33c57816c5ef,NO_CROSS_EVENT_MEMORY,INCLUDED,0.0,0,59,-0.01
E2_DYNAMIC_INCREMENTAL_AFTER_FULL_REUSE,CDF4/CDF-HARSH,4,r8c-1044-c5bf8e397f354681,DT-RAMDE_TS2_FULL,r8c-2939-427e2a526d756c41,NO_REJECTION_CREDIT,INCLUDED,0.11864406779661017,7,59,-0.01
E2_DYNAMIC_INCREMENTAL_AFTER_FULL_REUSE,CDF4/CDF-HARSH,4,r8c-1044-c5bf8e397f354681,DT-RAMDE_TS2_FULL,r8c-2940-26486aaa9711c629,NO_MEMORY_RESET_GATE,INCLUDED,0.11864406779661017,7,59,-0.01
E2_DYNAMIC_INCREMENTAL_AFTER_FULL_REUSE,CDF4/CDF-HARSH,4,r8c-1044-c5bf8e397f354681,DT-RAMDE_TS2_FULL,r8c-2941-cc0ab6ec3890f09f,NO_LINEAGE_CREDIT,INCLUDED,0.3728813559322034,22,59,-0.01
E2_DYNAMIC_INCREMENTAL_AFTER_FULL_REUSE,CDF4/CDF-HARSH,4,r8c-1044-c5bf8e397f354681,DT-RAMDE_TS2_FULL,r8c-2942-2e5a9ba96868d77d,CROSS_EVENT_WARM_START_ONLY,INCLUDED,0.1016949152542373,6,59,-0.01
E2_DYNAMIC_INCREMENTAL_AFTER_FULL_REUSE,CDF4/CDF-HARSH,4,r8c-1044-c5bf8e397f354681,DT-RAMDE_TS2_FULL,r8c-2943-27171c5d04533ef8,CROSS_EVENT_MEMORY_ONLY,INCLUDED,0.0,0,59,-0.01
E2_DYNAMIC_INCREMENTAL_AFTER_FULL_REUSE,CDF4/CDF-HARSH,4,r8c-1044-c5bf8e397f354681,DT-RAMDE_TS2_FULL,r8c-2944-194196aa5e3a4149,SHADE_ONLY,INCLUDED,0.0,0,59,-0.01
E2_DYNAMIC_INCREMENTAL_AFTER_FULL_REUSE,CDF4/CDF-MILD,0,r8c-1050-d424c375f8eea7ae,DT-RAMDE_TS2_FULL,r8c-2945-ce76917fcc100a11,NO_CROSS_EVENT_MEMORY,INCLUDED,0.0,0,59,-0.01
E2_DYNAMIC_INCREMENTAL_AFTER_FULL_REUSE,CDF4/CDF-MILD,0,r8c-1050-d424c375f8eea7ae,DT-RAMDE_TS2_FULL,r8c-2946-43cea32c14fb9c2b,NO_REJECTION_CREDIT,INCLUDED,0.1016949152542373,6,59,-0.01
E2_DYNAMIC_INCREMENTAL_AFTER_FULL_REUSE,CDF4/CDF-MILD,0,r8c-1050-d424c375f8eea7ae,DT-RAMDE_TS2_FULL,r8c-2947-d1a15e04648ea394,NO_MEMORY_RESET_GATE,INCLUDED,0.3389830508474576,20,59,-0.01
E2_DYNAMIC_INCREMENTAL_AFTER_FULL_REUSE,CDF4/CDF-MILD,0,r8c-1050-d424c375f8eea7ae,DT-RAMDE_TS2_FULL,r8c-2948-539993ee7cefaac8,NO_LINEAGE_CREDIT,INCLUDED,0.4745762711864407,28,59,-0.01
E2_DYNAMIC_INCREMENTAL_AFTER_FULL_REUSE,CDF4/CDF-MILD,0,r8c-1050-d424c375f8eea7ae,DT-RAMDE_TS2_FULL,r8c-2949-d15dfb88276c7d6f,CROSS_EVENT_WARM_START_ONLY,INCLUDED,0.06779661016949153,4,59,-0.01
E2_DYNAMIC_INCREMENTAL_AFTER_FULL_REUSE,CDF4/CDF-MILD,0,r8c-1050-d424c375f8eea7ae,DT-RAMDE_TS2_FULL,r8c-2950-c10d84b0906ff734,CROSS_EVENT_MEMORY_ONLY,INCLUDED,0.0,0,59,-0.01
E2_DYNAMIC_INCREMENTAL_AFTER_FULL_REUSE,CDF4/CDF-MILD,0,r8c-1050-d424c375f8eea7ae,DT-RAMDE_TS2_FULL,r8c-2951-fb9ce7cc1a6f6c19,SHADE_ONLY,INCLUDED,0.0,0,59,-0.01
E2_DYNAMIC_INCREMENTAL_AFTER_FULL_REUSE,CDF4/CDF-MILD,1,r8c-1056-d9a6d9e3ebdc248f,DT-RAMDE_TS2_FULL,r8c-2952-e37717faf27cd321,NO_CROSS_EVENT_MEMORY,INCLUDED,0.0,0,59,-0.01
E2_DYNAMIC_INCREMENTAL_AFTER_FULL_REUSE,CDF4/CDF-MILD,1,r8c-1056-d9a6d9e3ebdc248f,DT-RAMDE_TS2_FULL,r8c-2953-edd122adef8056cd,NO_REJECTION_CREDIT,INCLUDED,0.6440677966101694,38,59,-0.01
E2_DYNAMIC_INCREMENTAL_AFTER_FULL_REUSE,CDF4/CDF-MILD,1,r8c-1056-d9a6d9e3ebdc248f,DT-RAMDE_TS2_FULL,r8c-2954-6ed51ba308d3aaa2,NO_MEMORY_RESET_GATE,INCLUDED,0.5084745762711864,30,59,-0.01
E2_DYNAMIC_INCREMENTAL_AFTER_FULL_REUSE,CDF4/CDF-MILD,1,r8c-1056-d9a6d9e3ebdc248f,DT-RAMDE_TS2_FULL,r8c-2955-23428c877ff1f021,NO_LINEAGE_CREDIT,INCLUDED,0.9661016949152542,57,59,-0.01
E2_DYNAMIC_INCREMENTAL_AFTER_FULL_REUSE,CDF4/CDF-MILD,1,r8c-1056-d9a6d9e3ebdc248f,DT-RAMDE_TS2_FULL,r8c-2956-2e073ed551010fdc,CROSS_EVENT_WARM_START_ONLY,INCLUDED,0.288135593220339,17,59,-0.01
E2_DYNAMIC_INCREMENTAL_AFTER_FULL_REUSE,CDF4/CDF-MILD,1,r8c-1056-d9a6d9e3ebdc248f,DT-RAMDE_TS2_FULL,r8c-2957-36c0a8cdd98f9899,CROSS_EVENT_MEMORY_ONLY,INCLUDED,0.0,0,59,-0.01
E2_DYNAMIC_INCREMENTAL_AFTER_FULL_REUSE,CDF4/CDF-MILD,1,r8c-1056-d9a6d9e3ebdc248f,DT-RAMDE_TS2_FULL,r8c-2958-798bcabfd4166b41,SHADE_ONLY,INCLUDED,0.0,0,59,-0.01
E2_DYNAMIC_INCREMENTAL_AFTER_FULL_REUSE,CDF4/CDF-MILD,2,r8c-1062-3806987748bbc2a2,DT-RAMDE_TS2_FULL,r8c-2959-6b249503052a0ff1,NO_CROSS_EVENT_MEMORY,INCLUDED,0.0,0,59,-0.01
E2_DYNAMIC_INCREMENTAL_AFTER_FULL_REUSE,CDF4/CDF-MILD,2,r8c-1062-3806987748bbc2a2,DT-RAMDE_TS2_FULL,r8c-2960-7f1f3c187ee16717,NO_REJECTION_CREDIT,INCLUDED,0.2033898305084746,12,59,-0.01
E2_DYNAMIC_INCREMENTAL_AFTER_FULL_REUSE,CDF4/CDF-MILD,2,r8c-1062-3806987748bbc2a2,DT-RAMDE_TS2_FULL,r8c-2961-5b56d1fdcf9446f2,NO_MEMORY_RESET_GATE,INCLUDED,0.4067796610169492,24,59,-0.01
E2_DYNAMIC_INCREMENTAL_AFTER_FULL_REUSE,CDF4/CDF-MILD,2,r8c-1062-3806987748bbc2a2,DT-RAMDE_TS2_FULL,r8c-2962-fe90d9fef968fd3f,NO_LINEAGE_CREDIT,INCLUDED,0.423728813559322,25,59,-0.01
E2_DYNAMIC_INCREMENTAL_AFTER_FULL_REUSE,CDF4/CDF-MILD,2,r8c-1062-3806987748bbc2a2,DT-RAMDE_TS2_FULL,r8c-2963-97402865f9b17e59,CROSS_EVENT_WARM_START_ONLY,INCLUDED,0.03389830508474576,2,59,-0.01
E2_DYNAMIC_INCREMENTAL_AFTER_FULL_REUSE,CDF4/CDF-MILD,2,r8c-1062-3806987748bbc2a2,DT-RAMDE_TS2_FULL,r8c-2964-9a3cd8ae9f260857,CROSS_EVENT_MEMORY_ONLY,INCLUDED,0.0,0,59,-0.01
E2_DYNAMIC_INCREMENTAL_AFTER_FULL_REUSE,CDF4/CDF-MILD,2,r8c-1062-3806987748bbc2a2,DT-RAMDE_TS2_FULL,r8c-2965-00ce2651f6fa534f,SHADE_ONLY,INCLUDED,0.0,0,59,-0.01
E2_DYNAMIC_INCREMENTAL_AFTER_FULL_REUSE,CDF4/CDF-MILD,3,r8c-1068-42a8a5ad7e392835,DT-RAMDE_TS2_FULL,r8c-2966-441f2ec3115699f9,NO_CROSS_EVENT_MEMORY,INCLUDED,0.0,0,59,-0.01
E2_DYNAMIC_INCREMENTAL_AFTER_FULL_REUSE,CDF4/CDF-MILD,3,r8c-1068-42a8a5ad7e392835,DT-RAMDE_TS2_FULL,r8c-2967-38176cfb5ebe9cc9,NO_REJECTION_CREDIT,INCLUDED,0.2711864406779661,16,59,-0.01
E2_DYNAMIC_INCREMENTAL_AFTER_FULL_REUSE,CDF4/CDF-MILD,3,r8c-1068-42a8a5ad7e392835,DT-RAMDE_TS2_FULL,r8c-2968-9331c8413561df5b,NO_MEMORY_RESET_GATE,INCLUDED,0.2711864406779661,16,59,-0.01
E2_DYNAMIC_INCREMENTAL_AFTER_FULL_REUSE,CDF4/CDF-MILD,3,r8c-1068-42a8a5ad7e392835,DT-RAMDE_TS2_FULL,r8c-2969-b7c6e91e29e37371,NO_LINEAGE_CREDIT,INCLUDED,0.4745762711864407,28,59,-0.01
E2_DYNAMIC_INCREMENTAL_AFTER_FULL_REUSE,CDF4/CDF-MILD,3,r8c-1068-42a8a5ad7e392835,DT-RAMDE_TS2_FULL,r8c-2970-1c6420007599d48e,CROSS_EVENT_WARM_START_ONLY,INCLUDED,0.23728813559322035,14,59,-0.01
E2_DYNAMIC_INCREMENTAL_AFTER_FULL_REUSE,CDF4/CDF-MILD,3,r8c-1068-42a8a5ad7e392835,DT-RAMDE_TS2_FULL,r8c-2971-f3f96c622663800b,CROSS_EVENT_MEMORY_ONLY,INCLUDED,0.0,0,59,-0.01
E2_DYNAMIC_INCREMENTAL_AFTER_FULL_REUSE,CDF4/CDF-MILD,3,r8c-1068-42a8a5ad7e392835,DT-RAMDE_TS2_FULL,r8c-2972-061687ac95aa3f46,SHADE_ONLY,INCLUDED,0.0,0,59,-0.01
E2_DYNAMIC_INCREMENTAL_AFTER_FULL_REUSE,CDF4/CDF-MILD,4,r8c-1074-47f265d923aabf7f,DT-RAMDE_TS2_FULL,r8c-2973-f84e94c80b53f141,NO_CROSS_EVENT_MEMORY,INCLUDED,0.0,0,59,-0.01
E2_DYNAMIC_INCREMENTAL_AFTER_FULL_REUSE,CDF4/CDF-MILD,4,r8c-1074-47f265d923aabf7f,DT-RAMDE_TS2_FULL,r8c-2974-5fff46e9095f149f,NO_REJECTION_CREDIT,INCLUDED,0.4406779661016949,26,59,-0.01
E2_DYNAMIC_INCREMENTAL_AFTER_FULL_REUSE,CDF4/CDF-MILD,4,r8c-1074-47f265d923aabf7f,DT-RAMDE_TS2_FULL,r8c-2975-6d862e820dc45f5a,NO_MEMORY_RESET_GATE,INCLUDED,0.1694915254237288,10,59,-0.01
E2_DYNAMIC_INCREMENTAL_AFTER_FULL_REUSE,CDF4/CDF-MILD,4,r8c-1074-47f265d923aabf7f,DT-RAMDE_TS2_FULL,r8c-2976-e509e800c0321a82,NO_LINEAGE_CREDIT,INCLUDED,0.559322033898305,33,59,-0.01
E2_DYNAMIC_INCREMENTAL_AFTER_FULL_REUSE,CDF4/CDF-MILD,4,r8c-1074-47f265d923aabf7f,DT-RAMDE_TS2_FULL,r8c-2977-edd1fbfbdb89e226,CROSS_EVENT_WARM_START_ONLY,INCLUDED,0.06779661016949153,4,59,-0.01
E2_DYNAMIC_INCREMENTAL_AFTER_FULL_REUSE,CDF4/CDF-MILD,4,r8c-1074-47f265d923aabf7f,DT-RAMDE_TS2_FULL,r8c-2978-fefd727a184a074e,CROSS_EVENT_MEMORY_ONLY,INCLUDED,0.0,0,59,-0.01
E2_DYNAMIC_INCREMENTAL_AFTER_FULL_REUSE,CDF4/CDF-MILD,4,r8c-1074-47f265d923aabf7f,DT-RAMDE_TS2_FULL,r8c-2979-e964046c258aef5b,SHADE_ONLY,INCLUDED,0.0,0,59,-0.01
E2_DYNAMIC_INCREMENTAL_AFTER_FULL_REUSE,CDF5/CDF-HARSH,0,r8c-1080-f0b975ed26b8b2e9,DT-RAMDE_TS2_FULL,r8c-2980-34868f7847515d2c,NO_CROSS_EVENT_MEMORY,INCLUDED,0.0,0,59,-0.01
E2_DYNAMIC_INCREMENTAL_AFTER_FULL_REUSE,CDF5/CDF-HARSH,0,r8c-1080-f0b975ed26b8b2e9,DT-RAMDE_TS2_FULL,r8c-2981-3d0ae8f44e83590f,NO_REJECTION_CREDIT,INCLUDED,0.01694915254237288,1,59,-0.01
E2_DYNAMIC_INCREMENTAL_AFTER_FULL_REUSE,CDF5/CDF-HARSH,0,r8c-1080-f0b975ed26b8b2e9,DT-RAMDE_TS2_FULL,r8c-2982-55a571fd93df21ff,NO_MEMORY_RESET_GATE,INCLUDED,0.0,0,59,-0.01
E2_DYNAMIC_INCREMENTAL_AFTER_FULL_REUSE,CDF5/CDF-HARSH,0,r8c-1080-f0b975ed26b8b2e9,DT-RAMDE_TS2_FULL,r8c-2983-ee6154478454c2b0,NO_LINEAGE_CREDIT,INCLUDED,0.0,0,59,-0.01
E2_DYNAMIC_INCREMENTAL_AFTER_FULL_REUSE,CDF5/CDF-HARSH,0,r8c-1080-f0b975ed26b8b2e9,DT-RAMDE_TS2_FULL,r8c-2984-63a96d1da30607f4,CROSS_EVENT_WARM_START_ONLY,INCLUDED,0.0,0,59,-0.01
E2_DYNAMIC_INCREMENTAL_AFTER_FULL_REUSE,CDF5/CDF-HARSH,0,r8c-1080-f0b975ed26b8b2e9,DT-RAMDE_TS2_FULL,r8c-2985-76f35b290192c2c6,CROSS_EVENT_MEMORY_ONLY,INCLUDED,0.0,0,59,-0.01
E2_DYNAMIC_INCREMENTAL_AFTER_FULL_REUSE,CDF5/CDF-HARSH,0,r8c-1080-f0b975ed26b8b2e9,DT-RAMDE_TS2_FULL,r8c-2986-765cd80f5b06315d,SHADE_ONLY,INCLUDED,0.0,0,59,-0.01
E2_DYNAMIC_INCREMENTAL_AFTER_FULL_REUSE,CDF5/CDF-HARSH,1,r8c-1086-339f2b28696d27a2,DT-RAMDE_TS2_FULL,r8c-2987-6491f7a63339e389,NO_CROSS_EVENT_MEMORY,INCLUDED,0.0,0,59,-0.01
E2_DYNAMIC_INCREMENTAL_AFTER_FULL_REUSE,CDF5/CDF-HARSH,1,r8c-1086-339f2b28696d27a2,DT-RAMDE_TS2_FULL,r8c-2988-1d0004a6967f47b5,NO_REJECTION_CREDIT,INCLUDED,0.01694915254237288,1,59,-0.01
E2_DYNAMIC_INCREMENTAL_AFTER_FULL_REUSE,CDF5/CDF-HARSH,1,r8c-1086-339f2b28696d27a2,DT-RAMDE_TS2_FULL,r8c-2989-2a07de963bc66acc,NO_MEMORY_RESET_GATE,INCLUDED,0.0,0,59,-0.01
E2_DYNAMIC_INCREMENTAL_AFTER_FULL_REUSE,CDF5/CDF-HARSH,1,r8c-1086-339f2b28696d27a2,DT-RAMDE_TS2_FULL,r8c-2990-2638316d70175866,NO_LINEAGE_CREDIT,INCLUDED,0.0,0,59,-0.01
E2_DYNAMIC_INCREMENTAL_AFTER_FULL_REUSE,CDF5/CDF-HARSH,1,r8c-1086-339f2b28696d27a2,DT-RAMDE_TS2_FULL,r8c-2991-31721107ef671ee5,CROSS_EVENT_WARM_START_ONLY,INCLUDED,0.0,0,59,-0.01
E2_DYNAMIC_INCREMENTAL_AFTER_FULL_REUSE,CDF5/CDF-HARSH,1,r8c-1086-339f2b28696d27a2,DT-RAMDE_TS2_FULL,r8c-2992-42e1bc31be4698b2,CROSS_EVENT_MEMORY_ONLY,INCLUDED,0.0,0,59,-0.01
E2_DYNAMIC_INCREMENTAL_AFTER_FULL_REUSE,CDF5/CDF-HARSH,1,r8c-1086-339f2b28696d27a2,DT-RAMDE_TS2_FULL,r8c-2993-69f3fcdee2594369,SHADE_ONLY,INCLUDED,0.0,0,59,-0.01
E2_DYNAMIC_INCREMENTAL_AFTER_FULL_REUSE,CDF5/CDF-HARSH,2,r8c-1092-5223c86d1353f642,DT-RAMDE_TS2_FULL,r8c-2994-ef892aa3c2136471,NO_CROSS_EVENT_MEMORY,INCLUDED,0.0,0,59,-0.01
E2_DYNAMIC_INCREMENTAL_AFTER_FULL_REUSE,CDF5/CDF-HARSH,2,r8c-1092-5223c86d1353f642,DT-RAMDE_TS2_FULL,r8c-2995-23288108f0b4a51c,NO_REJECTION_CREDIT,INCLUDED,0.0,0,59,-0.01
E2_DYNAMIC_INCREMENTAL_AFTER_FULL_REUSE,CDF5/CDF-HARSH,2,r8c-1092-5223c86d1353f642,DT-RAMDE_TS2_FULL,r8c-2996-001df5f5a7c11808,NO_MEMORY_RESET_GATE,INCLUDED,0.0,0,59,-0.01
E2_DYNAMIC_INCREMENTAL_AFTER_FULL_REUSE,CDF5/CDF-HARSH,2,r8c-1092-5223c86d1353f642,DT-RAMDE_TS2_FULL,r8c-2997-16a8a55a064b71be,NO_LINEAGE_CREDIT,INCLUDED,0.01694915254237288,1,59,-0.01
E2_DYNAMIC_INCREMENTAL_AFTER_FULL_REUSE,CDF5/CDF-HARSH,2,r8c-1092-5223c86d1353f642,DT-RAMDE_TS2_FULL,r8c-2998-3323f6f7d1298842,CROSS_EVENT_WARM_START_ONLY,INCLUDED,0.0,0,59,-0.01
E2_DYNAMIC_INCREMENTAL_AFTER_FULL_REUSE,CDF5/CDF-HARSH,2,r8c-1092-5223c86d1353f642,DT-RAMDE_TS2_FULL,r8c-2999-15e7bddccce603cc,CROSS_EVENT_MEMORY_ONLY,INCLUDED,0.0,0,59,-0.01
E2_DYNAMIC_INCREMENTAL_AFTER_FULL_REUSE,CDF5/CDF-HARSH,2,r8c-1092-5223c86d1353f642,DT-RAMDE_TS2_FULL,r8c-3000-3ebf178d45d9b738,SHADE_ONLY,INCLUDED,0.0,0,59,-0.01
E2_DYNAMIC_INCREMENTAL_AFTER_FULL_REUSE,CDF5/CDF-HARSH,3,r8c-1098-259a5881a8da493c,DT-RAMDE_TS2_FULL,r8c-3001-0e49a2f431110383,NO_CROSS_EVENT_MEMORY,INCLUDED,0.0,0,59,-0.01
E2_DYNAMIC_INCREMENTAL_AFTER_FULL_REUSE,CDF5/CDF-HARSH,3,r8c-1098-259a5881a8da493c,DT-RAMDE_TS2_FULL,r8c-3002-fa87000d78b7122d,NO_REJECTION_CREDIT,INCLUDED,0.0,0,59,-0.01
E2_DYNAMIC_INCREMENTAL_AFTER_FULL_REUSE,CDF5/CDF-HARSH,3,r8c-1098-259a5881a8da493c,DT-RAMDE_TS2_FULL,r8c-3003-f17504c35540d07a,NO_MEMORY_RESET_GATE,INCLUDED,0.0,0,59,-0.01
E2_DYNAMIC_INCREMENTAL_AFTER_FULL_REUSE,CDF5/CDF-HARSH,3,r8c-1098-259a5881a8da493c,DT-RAMDE_TS2_FULL,r8c-3004-4e93ee08a2547ce6,NO_LINEAGE_CREDIT,INCLUDED,0.0,0,59,-0.01
E2_DYNAMIC_INCREMENTAL_AFTER_FULL_REUSE,CDF5/CDF-HARSH,3,r8c-1098-259a5881a8da493c,DT-RAMDE_TS2_FULL,r8c-3005-b315aa205d7b23e5,CROSS_EVENT_WARM_START_ONLY,INCLUDED,0.0,0,59,-0.01
E2_DYNAMIC_INCREMENTAL_AFTER_FULL_REUSE,CDF5/CDF-HARSH,3,r8c-1098-259a5881a8da493c,DT-RAMDE_TS2_FULL,r8c-3006-cc3744592cc5ea40,CROSS_EVENT_MEMORY_ONLY,INCLUDED,0.0,0,59,-0.01
E2_DYNAMIC_INCREMENTAL_AFTER_FULL_REUSE,CDF5/CDF-HARSH,3,r8c-1098-259a5881a8da493c,DT-RAMDE_TS2_FULL,r8c-3007-f07b743d25e434dd,SHADE_ONLY,INCLUDED,0.0,0,59,-0.01
E2_DYNAMIC_INCREMENTAL_AFTER_FULL_REUSE,CDF5/CDF-HARSH,4,r8c-1104-9da0c5f6f99c8828,DT-RAMDE_TS2_FULL,r8c-3008-020fb177edb84919,NO_CROSS_EVENT_MEMORY,INCLUDED,0.0,0,59,-0.01
E2_DYNAMIC_INCREMENTAL_AFTER_FULL_REUSE,CDF5/CDF-HARSH,4,r8c-1104-9da0c5f6f99c8828,DT-RAMDE_TS2_FULL,r8c-3009-cf53b4acfa6ae3c6,NO_REJECTION_CREDIT,INCLUDED,0.01694915254237288,1,59,-0.01
E2_DYNAMIC_INCREMENTAL_AFTER_FULL_REUSE,CDF5/CDF-HARSH,4,r8c-1104-9da0c5f6f99c8828,DT-RAMDE_TS2_FULL,r8c-3010-f43b47794979bd92,NO_MEMORY_RESET_GATE,INCLUDED,0.0,0,59,-0.01
E2_DYNAMIC_INCREMENTAL_AFTER_FULL_REUSE,CDF5/CDF-HARSH,4,r8c-1104-9da0c5f6f99c8828,DT-RAMDE_TS2_FULL,r8c-3011-0ef054a6b6a0c693,NO_LINEAGE_CREDIT,INCLUDED,0.03389830508474576,2,59,-0.01
E2_DYNAMIC_INCREMENTAL_AFTER_FULL_REUSE,CDF5/CDF-HARSH,4,r8c-1104-9da0c5f6f99c8828,DT-RAMDE_TS2_FULL,r8c-3012-c2e477e083e3acf7,CROSS_EVENT_WARM_START_ONLY,INCLUDED,0.0,0,59,-0.01
E2_DYNAMIC_INCREMENTAL_AFTER_FULL_REUSE,CDF5/CDF-HARSH,4,r8c-1104-9da0c5f6f99c8828,DT-RAMDE_TS2_FULL,r8c-3013-c2b7b4e9054c1961,CROSS_EVENT_MEMORY_ONLY,INCLUDED,0.0,0,59,-0.01
E2_DYNAMIC_INCREMENTAL_AFTER_FULL_REUSE,CDF5/CDF-HARSH,4,r8c-1104-9da0c5f6f99c8828,DT-RAMDE_TS2_FULL,r8c-3014-d80f718db706b932,SHADE_ONLY,INCLUDED,0.0,0,59,-0.01
E2_DYNAMIC_INCREMENTAL_AFTER_FULL_REUSE,CDF5/CDF-MILD,0,r8c-1110-2337f95fbe9fb4d6,DT-RAMDE_TS2_FULL,r8c-3015-4ac3ff6f77159bb1,NO_CROSS_EVENT_MEMORY,INCLUDED,0.0,0,59,-0.01
E2_DYNAMIC_INCREMENTAL_AFTER_FULL_REUSE,CDF5/CDF-MILD,0,r8c-1110-2337f95fbe9fb4d6,DT-RAMDE_TS2_FULL,r8c-3016-60f001166932c4ec,NO_REJECTION_CREDIT,INCLUDED,0.11864406779661017,7,59,-0.01
E2_DYNAMIC_INCREMENTAL_AFTER_FULL_REUSE,CDF5/CDF-MILD,0,r8c-1110-2337f95fbe9fb4d6,DT-RAMDE_TS2_FULL,r8c-3017-3b6ece16990201b5,NO_MEMORY_RESET_GATE,INCLUDED,0.15254237288135594,9,59,-0.01
E2_DYNAMIC_INCREMENTAL_AFTER_FULL_REUSE,CDF5/CDF-MILD,0,r8c-1110-2337f95fbe9fb4d6,DT-RAMDE_TS2_FULL,r8c-3018-b44431d6fa7692c1,NO_LINEAGE_CREDIT,INCLUDED,0.1016949152542373,6,59,-0.01
E2_DYNAMIC_INCREMENTAL_AFTER_FULL_REUSE,CDF5/CDF-MILD,0,r8c-1110-2337f95fbe9fb4d6,DT-RAMDE_TS2_FULL,r8c-3019-e9c3505a5fd5676b,CROSS_EVENT_WARM_START_ONLY,INCLUDED,0.0,0,59,-0.01
E2_DYNAMIC_INCREMENTAL_AFTER_FULL_REUSE,CDF5/CDF-MILD,0,r8c-1110-2337f95fbe9fb4d6,DT-RAMDE_TS2_FULL,r8c-3020-c4ef3ba4b1c7249b,CROSS_EVENT_MEMORY_ONLY,INCLUDED,0.0,0,59,-0.01
E2_DYNAMIC_INCREMENTAL_AFTER_FULL_REUSE,CDF5/CDF-MILD,0,r8c-1110-2337f95fbe9fb4d6,DT-RAMDE_TS2_FULL,r8c-3021-c14bdcf6556dc3b3,SHADE_ONLY,INCLUDED,0.0,0,59,-0.01
E2_DYNAMIC_INCREMENTAL_AFTER_FULL_REUSE,CDF5/CDF-MILD,1,r8c-1116-53d30d6218ef6736,DT-RAMDE_TS2_FULL,r8c-3022-986dc20a01dac371,NO_CROSS_EVENT_MEMORY,INCLUDED,0.0,0,59,-0.01
E2_DYNAMIC_INCREMENTAL_AFTER_FULL_REUSE,CDF5/CDF-MILD,1,r8c-1116-53d30d6218ef6736,DT-RAMDE_TS2_FULL,r8c-3023-2673d9c8df357772,NO_REJECTION_CREDIT,INCLUDED,0.05084745762711865,3,59,-0.01
E2_DYNAMIC_INCREMENTAL_AFTER_FULL_REUSE,CDF5/CDF-MILD,1,r8c-1116-53d30d6218ef6736,DT-RAMDE_TS2_FULL,r8c-3024-c1303db69014e2b2,NO_MEMORY_RESET_GATE,INCLUDED,0.06779661016949153,4,59,-0.01
E2_DYNAMIC_INCREMENTAL_AFTER_FULL_REUSE,CDF5/CDF-MILD,1,r8c-1116-53d30d6218ef6736,DT-RAMDE_TS2_FULL,r8c-3025-5ad0cb5549525888,NO_LINEAGE_CREDIT,INCLUDED,0.03389830508474576,2,59,-0.01
E2_DYNAMIC_INCREMENTAL_AFTER_FULL_REUSE,CDF5/CDF-MILD,1,r8c-1116-53d30d6218ef6736,DT-RAMDE_TS2_FULL,r8c-3026-6a7b2ac656545d30,CROSS_EVENT_WARM_START_ONLY,INCLUDED,0.0,0,59,-0.01
E2_DYNAMIC_INCREMENTAL_AFTER_FULL_REUSE,CDF5/CDF-MILD,1,r8c-1116-53d30d6218ef6736,DT-RAMDE_TS2_FULL,r8c-3027-05e4302c248d3f22,CROSS_EVENT_MEMORY_ONLY,INCLUDED,0.0,0,59,-0.01
E2_DYNAMIC_INCREMENTAL_AFTER_FULL_REUSE,CDF5/CDF-MILD,1,r8c-1116-53d30d6218ef6736,DT-RAMDE_TS2_FULL,r8c-3028-0f54c8d79b4e4f01,SHADE_ONLY,INCLUDED,0.0,0,59,-0.01
E2_DYNAMIC_INCREMENTAL_AFTER_FULL_REUSE,CDF5/CDF-MILD,2,r8c-1122-8ea3e4809155b74a,DT-RAMDE_TS2_FULL,r8c-3029-75eb7a526036f197,NO_CROSS_EVENT_MEMORY,INCLUDED,0.0,0,59,-0.01
E2_DYNAMIC_INCREMENTAL_AFTER_FULL_REUSE,CDF5/CDF-MILD,2,r8c-1122-8ea3e4809155b74a,DT-RAMDE_TS2_FULL,r8c-3030-749d7703523854f7,NO_REJECTION_CREDIT,INCLUDED,0.03389830508474576,2,59,-0.01
E2_DYNAMIC_INCREMENTAL_AFTER_FULL_REUSE,CDF5/CDF-MILD,2,r8c-1122-8ea3e4809155b74a,DT-RAMDE_TS2_FULL,r8c-3031-bcec5600f6ce3acb,NO_MEMORY_RESET_GATE,INCLUDED,0.01694915254237288,1,59,-0.01
E2_DYNAMIC_INCREMENTAL_AFTER_FULL_REUSE,CDF5/CDF-MILD,2,r8c-1122-8ea3e4809155b74a,DT-RAMDE_TS2_FULL,r8c-3032-9c0fa7cf72699873,NO_LINEAGE_CREDIT,INCLUDED,0.05084745762711865,3,59,-0.01
E2_DYNAMIC_INCREMENTAL_AFTER_FULL_REUSE,CDF5/CDF-MILD,2,r8c-1122-8ea3e4809155b74a,DT-RAMDE_TS2_FULL,r8c-3033-b837e7bdaf8ac96f,CROSS_EVENT_WARM_START_ONLY,INCLUDED,0.0,0,59,-0.01
E2_DYNAMIC_INCREMENTAL_AFTER_FULL_REUSE,CDF5/CDF-MILD,2,r8c-1122-8ea3e4809155b74a,DT-RAMDE_TS2_FULL,r8c-3034-d39bf8381ee8689a,CROSS_EVENT_MEMORY_ONLY,INCLUDED,0.0,0,59,-0.01
E2_DYNAMIC_INCREMENTAL_AFTER_FULL_REUSE,CDF5/CDF-MILD,2,r8c-1122-8ea3e4809155b74a,DT-RAMDE_TS2_FULL,r8c-3035-48867926d78d7dd2,SHADE_ONLY,INCLUDED,0.0,0,59,-0.01
E2_DYNAMIC_INCREMENTAL_AFTER_FULL_REUSE,CDF5/CDF-MILD,3,r8c-1128-0cc5dc2073ece276,DT-RAMDE_TS2_FULL,r8c-3036-62f77f9e47ea3b7c,NO_CROSS_EVENT_MEMORY,INCLUDED,0.0,0,59,-0.01
E2_DYNAMIC_INCREMENTAL_AFTER_FULL_REUSE,CDF5/CDF-MILD,3,r8c-1128-0cc5dc2073ece276,DT-RAMDE_TS2_FULL,r8c-3037-f3a472cf1107a4ff,NO_REJECTION_CREDIT,INCLUDED,0.06779661016949153,4,59,-0.01
E2_DYNAMIC_INCREMENTAL_AFTER_FULL_REUSE,CDF5/CDF-MILD,3,r8c-1128-0cc5dc2073ece276,DT-RAMDE_TS2_FULL,r8c-3038-abafe6a565e29baf,NO_MEMORY_RESET_GATE,INCLUDED,0.06779661016949153,4,59,-0.01
E2_DYNAMIC_INCREMENTAL_AFTER_FULL_REUSE,CDF5/CDF-MILD,3,r8c-1128-0cc5dc2073ece276,DT-RAMDE_TS2_FULL,r8c-3039-f0eb911fdadaa369,NO_LINEAGE_CREDIT,INCLUDED,0.03389830508474576,2,59,-0.01
E2_DYNAMIC_INCREMENTAL_AFTER_FULL_REUSE,CDF5/CDF-MILD,3,r8c-1128-0cc5dc2073ece276,DT-RAMDE_TS2_FULL,r8c-3040-15ef87d898b97f22,CROSS_EVENT_WARM_START_ONLY,INCLUDED,0.06779661016949153,4,59,-0.01
E2_DYNAMIC_INCREMENTAL_AFTER_FULL_REUSE,CDF5/CDF-MILD,3,r8c-1128-0cc5dc2073ece276,DT-RAMDE_TS2_FULL,r8c-3041-185aaa8833d36d3d,CROSS_EVENT_MEMORY_ONLY,INCLUDED,0.0,0,59,-0.01
E2_DYNAMIC_INCREMENTAL_AFTER_FULL_REUSE,CDF5/CDF-MILD,3,r8c-1128-0cc5dc2073ece276,DT-RAMDE_TS2_FULL,r8c-3042-1599f3ead3404a27,SHADE_ONLY,INCLUDED,0.0,0,59,-0.01
E2_DYNAMIC_INCREMENTAL_AFTER_FULL_REUSE,CDF5/CDF-MILD,4,r8c-1134-7f1ebb85f0d92f84,DT-RAMDE_TS2_FULL,r8c-3043-2c9cc80098546627,NO_CROSS_EVENT_MEMORY,INCLUDED,0.0,0,59,-0.01
E2_DYNAMIC_INCREMENTAL_AFTER_FULL_REUSE,CDF5/CDF-MILD,4,r8c-1134-7f1ebb85f0d92f84,DT-RAMDE_TS2_FULL,r8c-3044-585ec86d40522c92,NO_REJECTION_CREDIT,INCLUDED,0.03389830508474576,2,59,-0.01
E2_DYNAMIC_INCREMENTAL_AFTER_FULL_REUSE,CDF5/CDF-MILD,4,r8c-1134-7f1ebb85f0d92f84,DT-RAMDE_TS2_FULL,r8c-3045-68706dfd73b2b92a,NO_MEMORY_RESET_GATE,INCLUDED,0.03389830508474576,2,59,-0.01
E2_DYNAMIC_INCREMENTAL_AFTER_FULL_REUSE,CDF5/CDF-MILD,4,r8c-1134-7f1ebb85f0d92f84,DT-RAMDE_TS2_FULL,r8c-3046-d5d271eb6db8df3c,NO_LINEAGE_CREDIT,INCLUDED,0.01694915254237288,1,59,-0.01
E2_DYNAMIC_INCREMENTAL_AFTER_FULL_REUSE,CDF5/CDF-MILD,4,r8c-1134-7f1ebb85f0d92f84,DT-RAMDE_TS2_FULL,r8c-3047-1285cdba65229384,CROSS_EVENT_WARM_START_ONLY,INCLUDED,0.0,0,59,-0.01
E2_DYNAMIC_INCREMENTAL_AFTER_FULL_REUSE,CDF5/CDF-MILD,4,r8c-1134-7f1ebb85f0d92f84,DT-RAMDE_TS2_FULL,r8c-3048-8799f630697a87b9,CROSS_EVENT_MEMORY_ONLY,INCLUDED,0.0,0,59,-0.01
E2_DYNAMIC_INCREMENTAL_AFTER_FULL_REUSE,CDF5/CDF-MILD,4,r8c-1134-7f1ebb85f0d92f84,DT-RAMDE_TS2_FULL,r8c-3049-8b7569b3d30501a6,SHADE_ONLY,INCLUDED,0.0,0,59,-0.01
E2_DYNAMIC_INCREMENTAL_AFTER_FULL_REUSE,CDF6/CDF-HARSH,0,r8c-1140-24b2396318b26bc1,DT-RAMDE_TS2_FULL,r8c-3050-806551bca70e9870,NO_CROSS_EVENT_MEMORY,INCLUDED,0.0,0,59,-0.01
E2_DYNAMIC_INCREMENTAL_AFTER_FULL_REUSE,CDF6/CDF-HARSH,0,r8c-1140-24b2396318b26bc1,DT-RAMDE_TS2_FULL,r8c-3051-2d0f5004b6e59a1b,NO_REJECTION_CREDIT,INCLUDED,0.3559322033898305,21,59,-0.01
E2_DYNAMIC_INCREMENTAL_AFTER_FULL_REUSE,CDF6/CDF-HARSH,0,r8c-1140-24b2396318b26bc1,DT-RAMDE_TS2_FULL,r8c-3052-aab98bf736cddd64,NO_MEMORY_RESET_GATE,INCLUDED,0.288135593220339,17,59,-0.01
E2_DYNAMIC_INCREMENTAL_AFTER_FULL_REUSE,CDF6/CDF-HARSH,0,r8c-1140-24b2396318b26bc1,DT-RAMDE_TS2_FULL,r8c-3053-2abdde26d5bebbf3,NO_LINEAGE_CREDIT,INCLUDED,0.1864406779661017,11,59,-0.01
E2_DYNAMIC_INCREMENTAL_AFTER_FULL_REUSE,CDF6/CDF-HARSH,0,r8c-1140-24b2396318b26bc1,DT-RAMDE_TS2_FULL,r8c-3054-8140f0abc4ce2968,CROSS_EVENT_WARM_START_ONLY,INCLUDED,0.2542372881355932,15,59,-0.01
E2_DYNAMIC_INCREMENTAL_AFTER_FULL_REUSE,CDF6/CDF-HARSH,0,r8c-1140-24b2396318b26bc1,DT-RAMDE_TS2_FULL,r8c-3055-ad4f28babe6654fe,CROSS_EVENT_MEMORY_ONLY,INCLUDED,0.0,0,59,-0.01
E2_DYNAMIC_INCREMENTAL_AFTER_FULL_REUSE,CDF6/CDF-HARSH,0,r8c-1140-24b2396318b26bc1,DT-RAMDE_TS2_FULL,r8c-3056-ddff1bf99d06cc1c,SHADE_ONLY,INCLUDED,0.0,0,59,-0.01
E2_DYNAMIC_INCREMENTAL_AFTER_FULL_REUSE,CDF6/CDF-HARSH,1,r8c-1146-dc63c8fd4ea2126a,DT-RAMDE_TS2_FULL,r8c-3057-7e1af9ff580f7646,NO_CROSS_EVENT_MEMORY,INCLUDED,0.0,0,59,-0.01
E2_DYNAMIC_INCREMENTAL_AFTER_FULL_REUSE,CDF6/CDF-HARSH,1,r8c-1146-dc63c8fd4ea2126a,DT-RAMDE_TS2_FULL,r8c-3058-4e3606c53fc5609f,NO_REJECTION_CREDIT,INCLUDED,0.3728813559322034,22,59,-0.01
E2_DYNAMIC_INCREMENTAL_AFTER_FULL_REUSE,CDF6/CDF-HARSH,1,r8c-1146-dc63c8fd4ea2126a,DT-RAMDE_TS2_FULL,r8c-3059-b7fc094bc90bde55,NO_MEMORY_RESET_GATE,INCLUDED,0.3220338983050847,19,59,-0.01
E2_DYNAMIC_INCREMENTAL_AFTER_FULL_REUSE,CDF6/CDF-HARSH,1,r8c-1146-dc63c8fd4ea2126a,DT-RAMDE_TS2_FULL,r8c-3060-aba16c0be312bf70,NO_LINEAGE_CREDIT,INCLUDED,0.3559322033898305,21,59,-0.01
E2_DYNAMIC_INCREMENTAL_AFTER_FULL_REUSE,CDF6/CDF-HARSH,1,r8c-1146-dc63c8fd4ea2126a,DT-RAMDE_TS2_FULL,r8c-3061-423d4dc528f1cc66,CROSS_EVENT_WARM_START_ONLY,INCLUDED,0.2033898305084746,12,59,-0.01
E2_DYNAMIC_INCREMENTAL_AFTER_FULL_REUSE,CDF6/CDF-HARSH,1,r8c-1146-dc63c8fd4ea2126a,DT-RAMDE_TS2_FULL,r8c-3062-fa3ecdd458f1ebc4,CROSS_EVENT_MEMORY_ONLY,INCLUDED,0.0,0,59,-0.01
E2_DYNAMIC_INCREMENTAL_AFTER_FULL_REUSE,CDF6/CDF-HARSH,1,r8c-1146-dc63c8fd4ea2126a,DT-RAMDE_TS2_FULL,r8c-3063-8d5fe8c3c6d6692c,SHADE_ONLY,INCLUDED,0.0,0,59,-0.01
E2_DYNAMIC_INCREMENTAL_AFTER_FULL_REUSE,CDF6/CDF-HARSH,2,r8c-1152-fbfd3327b3aa6e5e,DT-RAMDE_TS2_FULL,r8c-3064-f1ae8fafe8f150c2,NO_CROSS_EVENT_MEMORY,INCLUDED,0.0,0,59,-0.01
E2_DYNAMIC_INCREMENTAL_AFTER_FULL_REUSE,CDF6/CDF-HARSH,2,r8c-1152-fbfd3327b3aa6e5e,DT-RAMDE_TS2_FULL,r8c-3065-ce42062fc64b19bc,NO_REJECTION_CREDIT,INCLUDED,0.2711864406779661,16,59,-0.01
E2_DYNAMIC_INCREMENTAL_AFTER_FULL_REUSE,CDF6/CDF-HARSH,2,r8c-1152-fbfd3327b3aa6e5e,DT-RAMDE_TS2_FULL,r8c-3066-de84560c61c212a8,NO_MEMORY_RESET_GATE,INCLUDED,0.3050847457627119,18,59,-0.01
E2_DYNAMIC_INCREMENTAL_AFTER_FULL_REUSE,CDF6/CDF-HARSH,2,r8c-1152-fbfd3327b3aa6e5e,DT-RAMDE_TS2_FULL,r8c-3067-65c8ad1a3803fcfc,NO_LINEAGE_CREDIT,INCLUDED,0.4067796610169492,24,59,-0.01
E2_DYNAMIC_INCREMENTAL_AFTER_FULL_REUSE,CDF6/CDF-HARSH,2,r8c-1152-fbfd3327b3aa6e5e,DT-RAMDE_TS2_FULL,r8c-3068-fb2354f37b4f02c2,CROSS_EVENT_WARM_START_ONLY,INCLUDED,0.22033898305084745,13,59,-0.01
E2_DYNAMIC_INCREMENTAL_AFTER_FULL_REUSE,CDF6/CDF-HARSH,2,r8c-1152-fbfd3327b3aa6e5e,DT-RAMDE_TS2_FULL,r8c-3069-41a3bd66091076de,CROSS_EVENT_MEMORY_ONLY,INCLUDED,0.0,0,59,-0.01
E2_DYNAMIC_INCREMENTAL_AFTER_FULL_REUSE,CDF6/CDF-HARSH,2,r8c-1152-fbfd3327b3aa6e5e,DT-RAMDE_TS2_FULL,r8c-3070-19f38196ace151d1,SHADE_ONLY,INCLUDED,0.0,0,59,-0.01
E2_DYNAMIC_INCREMENTAL_AFTER_FULL_REUSE,CDF6/CDF-HARSH,3,r8c-1158-aa7af74271871aa3,DT-RAMDE_TS2_FULL,r8c-3071-f513cf9cb9970009,NO_CROSS_EVENT_MEMORY,INCLUDED,0.0,0,59,-0.01
E2_DYNAMIC_INCREMENTAL_AFTER_FULL_REUSE,CDF6/CDF-HARSH,3,r8c-1158-aa7af74271871aa3,DT-RAMDE_TS2_FULL,r8c-3072-5aca76a6a0e20504,NO_REJECTION_CREDIT,INCLUDED,0.5254237288135594,31,59,-0.01
E2_DYNAMIC_INCREMENTAL_AFTER_FULL_REUSE,CDF6/CDF-HARSH,3,r8c-1158-aa7af74271871aa3,DT-RAMDE_TS2_FULL,r8c-3073-31e053ac3b5e8a51,NO_MEMORY_RESET_GATE,INCLUDED,0.4067796610169492,24,59,-0.01
E2_DYNAMIC_INCREMENTAL_AFTER_FULL_REUSE,CDF6/CDF-HARSH,3,r8c-1158-aa7af74271871aa3,DT-RAMDE_TS2_FULL,r8c-3074-03b5a87a58754549,NO_LINEAGE_CREDIT,INCLUDED,0.3559322033898305,21,59,-0.01
E2_DYNAMIC_INCREMENTAL_AFTER_FULL_REUSE,CDF6/CDF-HARSH,3,r8c-1158-aa7af74271871aa3,DT-RAMDE_TS2_FULL,r8c-3075-63237bc91cb15306,CROSS_EVENT_WARM_START_ONLY,INCLUDED,0.3220338983050847,19,59,-0.01
E2_DYNAMIC_INCREMENTAL_AFTER_FULL_REUSE,CDF6/CDF-HARSH,3,r8c-1158-aa7af74271871aa3,DT-RAMDE_TS2_FULL,r8c-3076-999e08a653f8620e,CROSS_EVENT_MEMORY_ONLY,INCLUDED,0.0,0,59,-0.01
E2_DYNAMIC_INCREMENTAL_AFTER_FULL_REUSE,CDF6/CDF-HARSH,3,r8c-1158-aa7af74271871aa3,DT-RAMDE_TS2_FULL,r8c-3077-c10c07685f7b926e,SHADE_ONLY,INCLUDED,0.0,0,59,-0.01
E2_DYNAMIC_INCREMENTAL_AFTER_FULL_REUSE,CDF6/CDF-HARSH,4,r8c-1164-2997bc5691f83480,DT-RAMDE_TS2_FULL,r8c-3078-3f23529b82be31f9,NO_CROSS_EVENT_MEMORY,INCLUDED,0.0,0,59,-0.01
E2_DYNAMIC_INCREMENTAL_AFTER_FULL_REUSE,CDF6/CDF-HARSH,4,r8c-1164-2997bc5691f83480,DT-RAMDE_TS2_FULL,r8c-3079-501d26fadbbb5dce,NO_REJECTION_CREDIT,INCLUDED,0.23728813559322035,14,59,-0.01
E2_DYNAMIC_INCREMENTAL_AFTER_FULL_REUSE,CDF6/CDF-HARSH,4,r8c-1164-2997bc5691f83480,DT-RAMDE_TS2_FULL,r8c-3080-bc1216db8b7bc1f1,NO_MEMORY_RESET_GATE,INCLUDED,0.2711864406779661,16,59,-0.01
E2_DYNAMIC_INCREMENTAL_AFTER_FULL_REUSE,CDF6/CDF-HARSH,4,r8c-1164-2997bc5691f83480,DT-RAMDE_TS2_FULL,r8c-3081-1df0de4af52d7d0d,NO_LINEAGE_CREDIT,INCLUDED,0.288135593220339,17,59,-0.01
E2_DYNAMIC_INCREMENTAL_AFTER_FULL_REUSE,CDF6/CDF-HARSH,4,r8c-1164-2997bc5691f83480,DT-RAMDE_TS2_FULL,r8c-3082-3ea0a3dbcde16ede,CROSS_EVENT_WARM_START_ONLY,INCLUDED,0.15254237288135594,9,59,-0.01
E2_DYNAMIC_INCREMENTAL_AFTER_FULL_REUSE,CDF6/CDF-HARSH,4,r8c-1164-2997bc5691f83480,DT-RAMDE_TS2_FULL,r8c-3083-43ac4725b135ed39,CROSS_EVENT_MEMORY_ONLY,INCLUDED,0.0,0,59,-0.01
E2_DYNAMIC_INCREMENTAL_AFTER_FULL_REUSE,CDF6/CDF-HARSH,4,r8c-1164-2997bc5691f83480,DT-RAMDE_TS2_FULL,r8c-3084-30498288f0d49ade,SHADE_ONLY,INCLUDED,0.0,0,59,-0.01
E2_DYNAMIC_INCREMENTAL_AFTER_FULL_REUSE,CDF6/CDF-MILD,0,r8c-1170-fbb382d100d45931,DT-RAMDE_TS2_FULL,r8c-3085-e762df01cf989749,NO_CROSS_EVENT_MEMORY,INCLUDED,0.0,0,59,-0.01
E2_DYNAMIC_INCREMENTAL_AFTER_FULL_REUSE,CDF6/CDF-MILD,0,r8c-1170-fbb382d100d45931,DT-RAMDE_TS2_FULL,r8c-3086-5156ae78d28e495e,NO_REJECTION_CREDIT,INCLUDED,0.22033898305084745,13,59,-0.01
E2_DYNAMIC_INCREMENTAL_AFTER_FULL_REUSE,CDF6/CDF-MILD,0,r8c-1170-fbb382d100d45931,DT-RAMDE_TS2_FULL,r8c-3087-40bb8cb1e38d14c3,NO_MEMORY_RESET_GATE,INCLUDED,0.4576271186440678,27,59,-0.01
E2_DYNAMIC_INCREMENTAL_AFTER_FULL_REUSE,CDF6/CDF-MILD,0,r8c-1170-fbb382d100d45931,DT-RAMDE_TS2_FULL,r8c-3088-3a634cc9b703f402,NO_LINEAGE_CREDIT,INCLUDED,0.4406779661016949,26,59,-0.01
E2_DYNAMIC_INCREMENTAL_AFTER_FULL_REUSE,CDF6/CDF-MILD,0,r8c-1170-fbb382d100d45931,DT-RAMDE_TS2_FULL,r8c-3089-3ea4e34d7ecf936e,CROSS_EVENT_WARM_START_ONLY,INCLUDED,0.423728813559322,25,59,-0.01
E2_DYNAMIC_INCREMENTAL_AFTER_FULL_REUSE,CDF6/CDF-MILD,0,r8c-1170-fbb382d100d45931,DT-RAMDE_TS2_FULL,r8c-3090-7262888c18e52d32,CROSS_EVENT_MEMORY_ONLY,INCLUDED,0.0,0,59,-0.01
E2_DYNAMIC_INCREMENTAL_AFTER_FULL_REUSE,CDF6/CDF-MILD,0,r8c-1170-fbb382d100d45931,DT-RAMDE_TS2_FULL,r8c-3091-59041e5d47870647,SHADE_ONLY,INCLUDED,0.0,0,59,-0.01
E2_DYNAMIC_INCREMENTAL_AFTER_FULL_REUSE,CDF6/CDF-MILD,1,r8c-1176-4b61dd2401cddb4c,DT-RAMDE_TS2_FULL,r8c-3092-176d49b597d48c49,NO_CROSS_EVENT_MEMORY,INCLUDED,0.0,0,59,-0.01
E2_DYNAMIC_INCREMENTAL_AFTER_FULL_REUSE,CDF6/CDF-MILD,1,r8c-1176-4b61dd2401cddb4c,DT-RAMDE_TS2_FULL,r8c-3093-0a8f4fdfc6a5e714,NO_REJECTION_CREDIT,INCLUDED,0.13559322033898305,8,59,-0.01
E2_DYNAMIC_INCREMENTAL_AFTER_FULL_REUSE,CDF6/CDF-MILD,1,r8c-1176-4b61dd2401cddb4c,DT-RAMDE_TS2_FULL,r8c-3094-662cbec86bac987d,NO_MEMORY_RESET_GATE,INCLUDED,0.0847457627118644,5,59,-0.01
E2_DYNAMIC_INCREMENTAL_AFTER_FULL_REUSE,CDF6/CDF-MILD,1,r8c-1176-4b61dd2401cddb4c,DT-RAMDE_TS2_FULL,r8c-3095-7065facc909ced92,NO_LINEAGE_CREDIT,INCLUDED,0.1694915254237288,10,59,-0.01
E2_DYNAMIC_INCREMENTAL_AFTER_FULL_REUSE,CDF6/CDF-MILD,1,r8c-1176-4b61dd2401cddb4c,DT-RAMDE_TS2_FULL,r8c-3096-6b100be66c7ccaba,CROSS_EVENT_WARM_START_ONLY,INCLUDED,0.01694915254237288,1,59,-0.01
E2_DYNAMIC_INCREMENTAL_AFTER_FULL_REUSE,CDF6/CDF-MILD,1,r8c-1176-4b61dd2401cddb4c,DT-RAMDE_TS2_FULL,r8c-3097-0f1d2835b9583baf,CROSS_EVENT_MEMORY_ONLY,INCLUDED,0.0,0,59,-0.01
E2_DYNAMIC_INCREMENTAL_AFTER_FULL_REUSE,CDF6/CDF-MILD,1,r8c-1176-4b61dd2401cddb4c,DT-RAMDE_TS2_FULL,r8c-3098-97bfc11a31f320fa,SHADE_ONLY,INCLUDED,0.0,0,59,-0.01
E2_DYNAMIC_INCREMENTAL_AFTER_FULL_REUSE,CDF6/CDF-MILD,2,r8c-1182-0b74e3b92f542a67,DT-RAMDE_TS2_FULL,r8c-3099-547deaeba09ccfed,NO_CROSS_EVENT_MEMORY,INCLUDED,0.0,0,59,-0.01
E2_DYNAMIC_INCREMENTAL_AFTER_FULL_REUSE,CDF6/CDF-MILD,2,r8c-1182-0b74e3b92f542a67,DT-RAMDE_TS2_FULL,r8c-3100-cc2de0edae550a70,NO_REJECTION_CREDIT,INCLUDED,0.576271186440678,34,59,-0.01
E2_DYNAMIC_INCREMENTAL_AFTER_FULL_REUSE,CDF6/CDF-MILD,2,r8c-1182-0b74e3b92f542a67,DT-RAMDE_TS2_FULL,r8c-3101-3f7ad3d480c0c9ab,NO_MEMORY_RESET_GATE,INCLUDED,0.3728813559322034,22,59,-0.01
E2_DYNAMIC_INCREMENTAL_AFTER_FULL_REUSE,CDF6/CDF-MILD,2,r8c-1182-0b74e3b92f542a67,DT-RAMDE_TS2_FULL,r8c-3102-a2fe0ed47db43b9c,NO_LINEAGE_CREDIT,INCLUDED,0.6610169491525424,39,59,-0.01
E2_DYNAMIC_INCREMENTAL_AFTER_FULL_REUSE,CDF6/CDF-MILD,2,r8c-1182-0b74e3b92f542a67,DT-RAMDE_TS2_FULL,r8c-3103-2c73a223b18998c7,CROSS_EVENT_WARM_START_ONLY,INCLUDED,0.06779661016949153,4,59,-0.01
E2_DYNAMIC_INCREMENTAL_AFTER_FULL_REUSE,CDF6/CDF-MILD,2,r8c-1182-0b74e3b92f542a67,DT-RAMDE_TS2_FULL,r8c-3104-809bce22d3422612,CROSS_EVENT_MEMORY_ONLY,INCLUDED,0.0,0,59,-0.01
E2_DYNAMIC_INCREMENTAL_AFTER_FULL_REUSE,CDF6/CDF-MILD,2,r8c-1182-0b74e3b92f542a67,DT-RAMDE_TS2_FULL,r8c-3105-00ea3f5588ae4fc8,SHADE_ONLY,INCLUDED,0.0,0,59,-0.01
E2_DYNAMIC_INCREMENTAL_AFTER_FULL_REUSE,CDF6/CDF-MILD,3,r8c-1188-289885be9d0c3185,DT-RAMDE_TS2_FULL,r8c-3106-23a8e92b28057d82,NO_CROSS_EVENT_MEMORY,INCLUDED,0.0,0,59,-0.01
E2_DYNAMIC_INCREMENTAL_AFTER_FULL_REUSE,CDF6/CDF-MILD,3,r8c-1188-289885be9d0c3185,DT-RAMDE_TS2_FULL,r8c-3107-844d180f8abb7d3f,NO_REJECTION_CREDIT,INCLUDED,0.423728813559322,25,59,-0.01
E2_DYNAMIC_INCREMENTAL_AFTER_FULL_REUSE,CDF6/CDF-MILD,3,r8c-1188-289885be9d0c3185,DT-RAMDE_TS2_FULL,r8c-3108-aaca949b9f896089,NO_MEMORY_RESET_GATE,INCLUDED,0.4745762711864407,28,59,-0.01
E2_DYNAMIC_INCREMENTAL_AFTER_FULL_REUSE,CDF6/CDF-MILD,3,r8c-1188-289885be9d0c3185,DT-RAMDE_TS2_FULL,r8c-3109-d265a32a62d584cd,NO_LINEAGE_CREDIT,INCLUDED,0.423728813559322,25,59,-0.01
E2_DYNAMIC_INCREMENTAL_AFTER_FULL_REUSE,CDF6/CDF-MILD,3,r8c-1188-289885be9d0c3185,DT-RAMDE_TS2_FULL,r8c-3110-6304a545313c99e4,CROSS_EVENT_WARM_START_ONLY,INCLUDED,0.3050847457627119,18,59,-0.01
E2_DYNAMIC_INCREMENTAL_AFTER_FULL_REUSE,CDF6/CDF-MILD,3,r8c-1188-289885be9d0c3185,DT-RAMDE_TS2_FULL,r8c-3111-d4d9d1e3846da112,CROSS_EVENT_MEMORY_ONLY,INCLUDED,0.0,0,59,-0.01
E2_DYNAMIC_INCREMENTAL_AFTER_FULL_REUSE,CDF6/CDF-MILD,3,r8c-1188-289885be9d0c3185,DT-RAMDE_TS2_FULL,r8c-3112-7ee9d73ce97ed068,SHADE_ONLY,INCLUDED,0.0,0,59,-0.01
E2_DYNAMIC_INCREMENTAL_AFTER_FULL_REUSE,CDF6/CDF-MILD,4,r8c-1194-aed6e579485b014f,DT-RAMDE_TS2_FULL,r8c-3113-5d9d8687b4807a72,NO_CROSS_EVENT_MEMORY,INCLUDED,0.0,0,59,-0.01
E2_DYNAMIC_INCREMENTAL_AFTER_FULL_REUSE,CDF6/CDF-MILD,4,r8c-1194-aed6e579485b014f,DT-RAMDE_TS2_FULL,r8c-3114-204a7ccf44f9807d,NO_REJECTION_CREDIT,INCLUDED,0.15254237288135594,9,59,-0.01
E2_DYNAMIC_INCREMENTAL_AFTER_FULL_REUSE,CDF6/CDF-MILD,4,r8c-1194-aed6e579485b014f,DT-RAMDE_TS2_FULL,r8c-3115-9ed96c648b5d6e11,NO_MEMORY_RESET_GATE,INCLUDED,0.0847457627118644,5,59,-0.01
E2_DYNAMIC_INCREMENTAL_AFTER_FULL_REUSE,CDF6/CDF-MILD,4,r8c-1194-aed6e579485b014f,DT-RAMDE_TS2_FULL,r8c-3116-01852770545c33d5,NO_LINEAGE_CREDIT,INCLUDED,0.0847457627118644,5,59,-0.01
E2_DYNAMIC_INCREMENTAL_AFTER_FULL_REUSE,CDF6/CDF-MILD,4,r8c-1194-aed6e579485b014f,DT-RAMDE_TS2_FULL,r8c-3117-fbd7d1996a7f9958,CROSS_EVENT_WARM_START_ONLY,INCLUDED,0.03389830508474576,2,59,-0.01
E2_DYNAMIC_INCREMENTAL_AFTER_FULL_REUSE,CDF6/CDF-MILD,4,r8c-1194-aed6e579485b014f,DT-RAMDE_TS2_FULL,r8c-3118-1b942380f1bcea0b,CROSS_EVENT_MEMORY_ONLY,INCLUDED,0.0,0,59,-0.01
E2_DYNAMIC_INCREMENTAL_AFTER_FULL_REUSE,CDF6/CDF-MILD,4,r8c-1194-aed6e579485b014f,DT-RAMDE_TS2_FULL,r8c-3119-e27f4c2200393ac4,SHADE_ONLY,INCLUDED,0.0,0,59,-0.01
E2_DYNAMIC_INCREMENTAL_AFTER_FULL_REUSE,CDF7/CDF-HARSH,0,r8c-1200-035016f2325f7956,DT-RAMDE_TS2_FULL,r8c-3120-1b1a278980d15c98,NO_CROSS_EVENT_MEMORY,INCLUDED,0.0,0,59,-0.01
E2_DYNAMIC_INCREMENTAL_AFTER_FULL_REUSE,CDF7/CDF-HARSH,0,r8c-1200-035016f2325f7956,DT-RAMDE_TS2_FULL,r8c-3121-1f7fec7c8ff96a73,NO_REJECTION_CREDIT,INCLUDED,0.4406779661016949,26,59,-0.01
E2_DYNAMIC_INCREMENTAL_AFTER_FULL_REUSE,CDF7/CDF-HARSH,0,r8c-1200-035016f2325f7956,DT-RAMDE_TS2_FULL,r8c-3122-94b0c084006944d0,NO_MEMORY_RESET_GATE,INCLUDED,0.4745762711864407,28,59,-0.01
E2_DYNAMIC_INCREMENTAL_AFTER_FULL_REUSE,CDF7/CDF-HARSH,0,r8c-1200-035016f2325f7956,DT-RAMDE_TS2_FULL,r8c-3123-2eb30ae864310287,NO_LINEAGE_CREDIT,INCLUDED,0.576271186440678,34,59,-0.01
E2_DYNAMIC_INCREMENTAL_AFTER_FULL_REUSE,CDF7/CDF-HARSH,0,r8c-1200-035016f2325f7956,DT-RAMDE_TS2_FULL,r8c-3124-bfe831738ac8fc71,CROSS_EVENT_WARM_START_ONLY,INCLUDED,0.4915254237288136,29,59,-0.01
E2_DYNAMIC_INCREMENTAL_AFTER_FULL_REUSE,CDF7/CDF-HARSH,0,r8c-1200-035016f2325f7956,DT-RAMDE_TS2_FULL,r8c-3125-ae27fe2dd619356a,CROSS_EVENT_MEMORY_ONLY,INCLUDED,0.0,0,59,-0.01
E2_DYNAMIC_INCREMENTAL_AFTER_FULL_REUSE,CDF7/CDF-HARSH,0,r8c-1200-035016f2325f7956,DT-RAMDE_TS2_FULL,r8c-3126-3f7e0acb7614074a,SHADE_ONLY,INCLUDED,0.0,0,59,-0.01
E2_DYNAMIC_INCREMENTAL_AFTER_FULL_REUSE,CDF7/CDF-HARSH,1,r8c-1206-7839e64b3bb431c0,DT-RAMDE_TS2_FULL,r8c-3127-da2293455e8599b6,NO_CROSS_EVENT_MEMORY,INCLUDED,0.0,0,59,-0.01
E2_DYNAMIC_INCREMENTAL_AFTER_FULL_REUSE,CDF7/CDF-HARSH,1,r8c-1206-7839e64b3bb431c0,DT-RAMDE_TS2_FULL,r8c-3128-2d327f8d5617c376,NO_REJECTION_CREDIT,INCLUDED,0.4576271186440678,27,59,-0.01
E2_DYNAMIC_INCREMENTAL_AFTER_FULL_REUSE,CDF7/CDF-HARSH,1,r8c-1206-7839e64b3bb431c0,DT-RAMDE_TS2_FULL,r8c-3129-66a529cb975ed859,NO_MEMORY_RESET_GATE,INCLUDED,0.3898305084745763,23,59,-0.01
E2_DYNAMIC_INCREMENTAL_AFTER_FULL_REUSE,CDF7/CDF-HARSH,1,r8c-1206-7839e64b3bb431c0,DT-RAMDE_TS2_FULL,r8c-3130-2469645bd5e255f2,NO_LINEAGE_CREDIT,INCLUDED,0.423728813559322,25,59,-0.01
E2_DYNAMIC_INCREMENTAL_AFTER_FULL_REUSE,CDF7/CDF-HARSH,1,r8c-1206-7839e64b3bb431c0,DT-RAMDE_TS2_FULL,r8c-3131-18dd1efb5a3bd312,CROSS_EVENT_WARM_START_ONLY,INCLUDED,0.4745762711864407,28,59,-0.01
E2_DYNAMIC_INCREMENTAL_AFTER_FULL_REUSE,CDF7/CDF-HARSH,1,r8c-1206-7839e64b3bb431c0,DT-RAMDE_TS2_FULL,r8c-3132-4013bb9627644146,CROSS_EVENT_MEMORY_ONLY,INCLUDED,0.0,0,59,-0.01
E2_DYNAMIC_INCREMENTAL_AFTER_FULL_REUSE,CDF7/CDF-HARSH,1,r8c-1206-7839e64b3bb431c0,DT-RAMDE_TS2_FULL,r8c-3133-fd7141d7f3112eb0,SHADE_ONLY,INCLUDED,0.01694915254237288,1,59,-0.01
E2_DYNAMIC_INCREMENTAL_AFTER_FULL_REUSE,CDF7/CDF-HARSH,2,r8c-1212-e92f6d7205b04e9e,DT-RAMDE_TS2_FULL,r8c-3134-b9c281d6ebd91086,NO_CROSS_EVENT_MEMORY,INCLUDED,0.0,0,59,-0.01
E2_DYNAMIC_INCREMENTAL_AFTER_FULL_REUSE,CDF7/CDF-HARSH,2,r8c-1212-e92f6d7205b04e9e,DT-RAMDE_TS2_FULL,r8c-3135-ca7452b077573184,NO_REJECTION_CREDIT,INCLUDED,0.2711864406779661,16,59,-0.01
E2_DYNAMIC_INCREMENTAL_AFTER_FULL_REUSE,CDF7/CDF-HARSH,2,r8c-1212-e92f6d7205b04e9e,DT-RAMDE_TS2_FULL,r8c-3136-81cd221f91899da9,NO_MEMORY_RESET_GATE,INCLUDED,0.423728813559322,25,59,-0.01
E2_DYNAMIC_INCREMENTAL_AFTER_FULL_REUSE,CDF7/CDF-HARSH,2,r8c-1212-e92f6d7205b04e9e,DT-RAMDE_TS2_FULL,r8c-3137-11b8a61886c9a718,NO_LINEAGE_CREDIT,INCLUDED,0.3898305084745763,23,59,-0.01
E2_DYNAMIC_INCREMENTAL_AFTER_FULL_REUSE,CDF7/CDF-HARSH,2,r8c-1212-e92f6d7205b04e9e,DT-RAMDE_TS2_FULL,r8c-3138-37636b94c249a131,CROSS_EVENT_WARM_START_ONLY,INCLUDED,0.423728813559322,25,59,-0.01
E2_DYNAMIC_INCREMENTAL_AFTER_FULL_REUSE,CDF7/CDF-HARSH,2,r8c-1212-e92f6d7205b04e9e,DT-RAMDE_TS2_FULL,r8c-3139-14492e21f1b156ef,CROSS_EVENT_MEMORY_ONLY,INCLUDED,0.0,0,59,-0.01
E2_DYNAMIC_INCREMENTAL_AFTER_FULL_REUSE,CDF7/CDF-HARSH,2,r8c-1212-e92f6d7205b04e9e,DT-RAMDE_TS2_FULL,r8c-3140-68d2a6a939215953,SHADE_ONLY,INCLUDED,0.0,0,59,-0.01
E2_DYNAMIC_INCREMENTAL_AFTER_FULL_REUSE,CDF7/CDF-HARSH,3,r8c-1218-b6f440cc9a15182f,DT-RAMDE_TS2_FULL,r8c-3141-9270437bb2c09f76,NO_CROSS_EVENT_MEMORY,INCLUDED,0.0,0,59,-0.01
E2_DYNAMIC_INCREMENTAL_AFTER_FULL_REUSE,CDF7/CDF-HARSH,3,r8c-1218-b6f440cc9a15182f,DT-RAMDE_TS2_FULL,r8c-3142-104d2dcc828d0d66,NO_REJECTION_CREDIT,INCLUDED,0.4576271186440678,27,59,-0.01
E2_DYNAMIC_INCREMENTAL_AFTER_FULL_REUSE,CDF7/CDF-HARSH,3,r8c-1218-b6f440cc9a15182f,DT-RAMDE_TS2_FULL,r8c-3143-ac9368393b26d98a,NO_MEMORY_RESET_GATE,INCLUDED,0.3728813559322034,22,59,-0.01
E2_DYNAMIC_INCREMENTAL_AFTER_FULL_REUSE,CDF7/CDF-HARSH,3,r8c-1218-b6f440cc9a15182f,DT-RAMDE_TS2_FULL,r8c-3144-3201ad7a5eda24d2,NO_LINEAGE_CREDIT,INCLUDED,0.5423728813559322,32,59,-0.01
E2_DYNAMIC_INCREMENTAL_AFTER_FULL_REUSE,CDF7/CDF-HARSH,3,r8c-1218-b6f440cc9a15182f,DT-RAMDE_TS2_FULL,r8c-3145-e3141564728c4820,CROSS_EVENT_WARM_START_ONLY,INCLUDED,0.4915254237288136,29,59,-0.01
E2_DYNAMIC_INCREMENTAL_AFTER_FULL_REUSE,CDF7/CDF-HARSH,3,r8c-1218-b6f440cc9a15182f,DT-RAMDE_TS2_FULL,r8c-3146-a1a6c2955cb8135a,CROSS_EVENT_MEMORY_ONLY,INCLUDED,0.0,0,59,-0.01
E2_DYNAMIC_INCREMENTAL_AFTER_FULL_REUSE,CDF7/CDF-HARSH,3,r8c-1218-b6f440cc9a15182f,DT-RAMDE_TS2_FULL,r8c-3147-d8f4b022d6df6308,SHADE_ONLY,INCLUDED,0.0,0,59,-0.01
E2_DYNAMIC_INCREMENTAL_AFTER_FULL_REUSE,CDF7/CDF-HARSH,4,r8c-1224-132c14731ec4ddca,DT-RAMDE_TS2_FULL,r8c-3148-08209c4e04c474a8,NO_CROSS_EVENT_MEMORY,INCLUDED,0.01694915254237288,1,59,-0.01
E2_DYNAMIC_INCREMENTAL_AFTER_FULL_REUSE,CDF7/CDF-HARSH,4,r8c-1224-132c14731ec4ddca,DT-RAMDE_TS2_FULL,r8c-3149-7606f65280075860,NO_REJECTION_CREDIT,INCLUDED,0.423728813559322,25,59,-0.01
E2_DYNAMIC_INCREMENTAL_AFTER_FULL_REUSE,CDF7/CDF-HARSH,4,r8c-1224-132c14731ec4ddca,DT-RAMDE_TS2_FULL,r8c-3150-deea1c0a7de864ba,NO_MEMORY_RESET_GATE,INCLUDED,0.4576271186440678,27,59,-0.01
E2_DYNAMIC_INCREMENTAL_AFTER_FULL_REUSE,CDF7/CDF-HARSH,4,r8c-1224-132c14731ec4ddca,DT-RAMDE_TS2_FULL,r8c-3151-6a94533f7d6c51fb,NO_LINEAGE_CREDIT,INCLUDED,0.3559322033898305,21,59,-0.01
E2_DYNAMIC_INCREMENTAL_AFTER_FULL_REUSE,CDF7/CDF-HARSH,4,r8c-1224-132c14731ec4ddca,DT-RAMDE_TS2_FULL,r8c-3152-65a42255bbc95388,CROSS_EVENT_WARM_START_ONLY,INCLUDED,0.3728813559322034,22,59,-0.01
E2_DYNAMIC_INCREMENTAL_AFTER_FULL_REUSE,CDF7/CDF-HARSH,4,r8c-1224-132c14731ec4ddca,DT-RAMDE_TS2_FULL,r8c-3153-e473e497b7cb5fc7,CROSS_EVENT_MEMORY_ONLY,INCLUDED,0.0,0,59,-0.01
E2_DYNAMIC_INCREMENTAL_AFTER_FULL_REUSE,CDF7/CDF-HARSH,4,r8c-1224-132c14731ec4ddca,DT-RAMDE_TS2_FULL,r8c-3154-5b666b6e3c5878f9,SHADE_ONLY,INCLUDED,0.01694915254237288,1,59,-0.01
E2_DYNAMIC_INCREMENTAL_AFTER_FULL_REUSE,CDF7/CDF-MILD,0,r8c-1230-676e8daca749eb81,DT-RAMDE_TS2_FULL,r8c-3155-fc7743b4e4991a35,NO_CROSS_EVENT_MEMORY,INCLUDED,0.0,0,59,-0.01
E2_DYNAMIC_INCREMENTAL_AFTER_FULL_REUSE,CDF7/CDF-MILD,0,r8c-1230-676e8daca749eb81,DT-RAMDE_TS2_FULL,r8c-3156-5582a594f45dc216,NO_REJECTION_CREDIT,INCLUDED,0.4576271186440678,27,59,-0.01
E2_DYNAMIC_INCREMENTAL_AFTER_FULL_REUSE,CDF7/CDF-MILD,0,r8c-1230-676e8daca749eb81,DT-RAMDE_TS2_FULL,r8c-3157-a9561b283fa4e8c3,NO_MEMORY_RESET_GATE,INCLUDED,0.4576271186440678,27,59,-0.01
E2_DYNAMIC_INCREMENTAL_AFTER_FULL_REUSE,CDF7/CDF-MILD,0,r8c-1230-676e8daca749eb81,DT-RAMDE_TS2_FULL,r8c-3158-2698142d16cdc151,NO_LINEAGE_CREDIT,INCLUDED,0.5084745762711864,30,59,-0.01
E2_DYNAMIC_INCREMENTAL_AFTER_FULL_REUSE,CDF7/CDF-MILD,0,r8c-1230-676e8daca749eb81,DT-RAMDE_TS2_FULL,r8c-3159-3a290b149124fe87,CROSS_EVENT_WARM_START_ONLY,INCLUDED,0.5254237288135594,31,59,-0.01
E2_DYNAMIC_INCREMENTAL_AFTER_FULL_REUSE,CDF7/CDF-MILD,0,r8c-1230-676e8daca749eb81,DT-RAMDE_TS2_FULL,r8c-3160-f6aa4383395eb109,CROSS_EVENT_MEMORY_ONLY,INCLUDED,0.0,0,59,-0.01
E2_DYNAMIC_INCREMENTAL_AFTER_FULL_REUSE,CDF7/CDF-MILD,0,r8c-1230-676e8daca749eb81,DT-RAMDE_TS2_FULL,r8c-3161-2a7209f7f3c05f68,SHADE_ONLY,INCLUDED,0.0,0,59,-0.01
E2_DYNAMIC_INCREMENTAL_AFTER_FULL_REUSE,CDF7/CDF-MILD,1,r8c-1236-d5b3f89557b9ab55,DT-RAMDE_TS2_FULL,r8c-3162-64c9a5ebd61ceb9b,NO_CROSS_EVENT_MEMORY,INCLUDED,0.0,0,59,-0.01
E2_DYNAMIC_INCREMENTAL_AFTER_FULL_REUSE,CDF7/CDF-MILD,1,r8c-1236-d5b3f89557b9ab55,DT-RAMDE_TS2_FULL,r8c-3163-c08d99b677d0c34c,NO_REJECTION_CREDIT,INCLUDED,0.4067796610169492,24,59,-0.01
E2_DYNAMIC_INCREMENTAL_AFTER_FULL_REUSE,CDF7/CDF-MILD,1,r8c-1236-d5b3f89557b9ab55,DT-RAMDE_TS2_FULL,r8c-3164-80fd21f7943f1bc5,NO_MEMORY_RESET_GATE,INCLUDED,0.4915254237288136,29,59,-0.01
E2_DYNAMIC_INCREMENTAL_AFTER_FULL_REUSE,CDF7/CDF-MILD,1,r8c-1236-d5b3f89557b9ab55,DT-RAMDE_TS2_FULL,r8c-3165-13c8712580ca1f8f,NO_LINEAGE_CREDIT,INCLUDED,0.4576271186440678,27,59,-0.01
E2_DYNAMIC_INCREMENTAL_AFTER_FULL_REUSE,CDF7/CDF-MILD,1,r8c-1236-d5b3f89557b9ab55,DT-RAMDE_TS2_FULL,r8c-3166-f81c6aff13bcc88d,CROSS_EVENT_WARM_START_ONLY,INCLUDED,0.5254237288135594,31,59,-0.01
E2_DYNAMIC_INCREMENTAL_AFTER_FULL_REUSE,CDF7/CDF-MILD,1,r8c-1236-d5b3f89557b9ab55,DT-RAMDE_TS2_FULL,r8c-3167-0848579228ca86f0,CROSS_EVENT_MEMORY_ONLY,INCLUDED,0.0,0,59,-0.01
E2_DYNAMIC_INCREMENTAL_AFTER_FULL_REUSE,CDF7/CDF-MILD,1,r8c-1236-d5b3f89557b9ab55,DT-RAMDE_TS2_FULL,r8c-3168-92791eeeed63ff98,SHADE_ONLY,INCLUDED,0.0,0,59,-0.01
E2_DYNAMIC_INCREMENTAL_AFTER_FULL_REUSE,CDF7/CDF-MILD,2,r8c-1242-1c920c064081f84b,DT-RAMDE_TS2_FULL,r8c-3169-beee5614679ae200,NO_CROSS_EVENT_MEMORY,INCLUDED,0.0,0,59,-0.01
E2_DYNAMIC_INCREMENTAL_AFTER_FULL_REUSE,CDF7/CDF-MILD,2,r8c-1242-1c920c064081f84b,DT-RAMDE_TS2_FULL,r8c-3170-df3d90d914add57a,NO_REJECTION_CREDIT,INCLUDED,0.4067796610169492,24,59,-0.01
E2_DYNAMIC_INCREMENTAL_AFTER_FULL_REUSE,CDF7/CDF-MILD,2,r8c-1242-1c920c064081f84b,DT-RAMDE_TS2_FULL,r8c-3171-20cd212cbe802cf6,NO_MEMORY_RESET_GATE,INCLUDED,0.4915254237288136,29,59,-0.01
E2_DYNAMIC_INCREMENTAL_AFTER_FULL_REUSE,CDF7/CDF-MILD,2,r8c-1242-1c920c064081f84b,DT-RAMDE_TS2_FULL,r8c-3172-55a5de8004ecfd1d,NO_LINEAGE_CREDIT,INCLUDED,0.3559322033898305,21,59,-0.01
E2_DYNAMIC_INCREMENTAL_AFTER_FULL_REUSE,CDF7/CDF-MILD,2,r8c-1242-1c920c064081f84b,DT-RAMDE_TS2_FULL,r8c-3173-eb13e5b0a400fa2a,CROSS_EVENT_WARM_START_ONLY,INCLUDED,0.3559322033898305,21,59,-0.01
E2_DYNAMIC_INCREMENTAL_AFTER_FULL_REUSE,CDF7/CDF-MILD,2,r8c-1242-1c920c064081f84b,DT-RAMDE_TS2_FULL,r8c-3174-f324a8fc869cb0d8,CROSS_EVENT_MEMORY_ONLY,INCLUDED,0.0,0,59,-0.01
E2_DYNAMIC_INCREMENTAL_AFTER_FULL_REUSE,CDF7/CDF-MILD,2,r8c-1242-1c920c064081f84b,DT-RAMDE_TS2_FULL,r8c-3175-6f60e435fe02c6db,SHADE_ONLY,INCLUDED,0.0,0,59,-0.01
E2_DYNAMIC_INCREMENTAL_AFTER_FULL_REUSE,CDF7/CDF-MILD,3,r8c-1248-ca7d6175b3338d6f,DT-RAMDE_TS2_FULL,r8c-3176-bfd48a15dec66e29,NO_CROSS_EVENT_MEMORY,INCLUDED,0.0,0,59,-0.01
E2_DYNAMIC_INCREMENTAL_AFTER_FULL_REUSE,CDF7/CDF-MILD,3,r8c-1248-ca7d6175b3338d6f,DT-RAMDE_TS2_FULL,r8c-3177-8222f5188417f3af,NO_REJECTION_CREDIT,INCLUDED,0.3220338983050847,19,59,-0.01
E2_DYNAMIC_INCREMENTAL_AFTER_FULL_REUSE,CDF7/CDF-MILD,3,r8c-1248-ca7d6175b3338d6f,DT-RAMDE_TS2_FULL,r8c-3178-e6275b10f2d4f0c4,NO_MEMORY_RESET_GATE,INCLUDED,0.3898305084745763,23,59,-0.01
E2_DYNAMIC_INCREMENTAL_AFTER_FULL_REUSE,CDF7/CDF-MILD,3,r8c-1248-ca7d6175b3338d6f,DT-RAMDE_TS2_FULL,r8c-3179-239c37193319aa44,NO_LINEAGE_CREDIT,INCLUDED,0.423728813559322,25,59,-0.01
E2_DYNAMIC_INCREMENTAL_AFTER_FULL_REUSE,CDF7/CDF-MILD,3,r8c-1248-ca7d6175b3338d6f,DT-RAMDE_TS2_FULL,r8c-3180-dc4aeb99efb2c54b,CROSS_EVENT_WARM_START_ONLY,INCLUDED,0.3389830508474576,20,59,-0.01
E2_DYNAMIC_INCREMENTAL_AFTER_FULL_REUSE,CDF7/CDF-MILD,3,r8c-1248-ca7d6175b3338d6f,DT-RAMDE_TS2_FULL,r8c-3181-a2982a419a056b06,CROSS_EVENT_MEMORY_ONLY,INCLUDED,0.0,0,59,-0.01
E2_DYNAMIC_INCREMENTAL_AFTER_FULL_REUSE,CDF7/CDF-MILD,3,r8c-1248-ca7d6175b3338d6f,DT-RAMDE_TS2_FULL,r8c-3182-2a650931fecc902b,SHADE_ONLY,INCLUDED,0.0,0,59,-0.01
E2_DYNAMIC_INCREMENTAL_AFTER_FULL_REUSE,CDF7/CDF-MILD,4,r8c-1254-f2bc04645c3a4c00,DT-RAMDE_TS2_FULL,r8c-3183-351ef172545c4d04,NO_CROSS_EVENT_MEMORY,INCLUDED,0.0,0,59,-0.01
E2_DYNAMIC_INCREMENTAL_AFTER_FULL_REUSE,CDF7/CDF-MILD,4,r8c-1254-f2bc04645c3a4c00,DT-RAMDE_TS2_FULL,r8c-3184-bb9270b88a75e5b6,NO_REJECTION_CREDIT,INCLUDED,0.4067796610169492,24,59,-0.01
E2_DYNAMIC_INCREMENTAL_AFTER_FULL_REUSE,CDF7/CDF-MILD,4,r8c-1254-f2bc04645c3a4c00,DT-RAMDE_TS2_FULL,r8c-3185-abe2a997a210500b,NO_MEMORY_RESET_GATE,INCLUDED,0.559322033898305,33,59,-0.01
E2_DYNAMIC_INCREMENTAL_AFTER_FULL_REUSE,CDF7/CDF-MILD,4,r8c-1254-f2bc04645c3a4c00,DT-RAMDE_TS2_FULL,r8c-3186-7682bf5ccada4db3,NO_LINEAGE_CREDIT,INCLUDED,0.6101694915254238,36,59,-0.01
E2_DYNAMIC_INCREMENTAL_AFTER_FULL_REUSE,CDF7/CDF-MILD,4,r8c-1254-f2bc04645c3a4c00,DT-RAMDE_TS2_FULL,r8c-3187-a70fb3926e7e75a6,CROSS_EVENT_WARM_START_ONLY,INCLUDED,0.4576271186440678,27,59,-0.01
E2_DYNAMIC_INCREMENTAL_AFTER_FULL_REUSE,CDF7/CDF-MILD,4,r8c-1254-f2bc04645c3a4c00,DT-RAMDE_TS2_FULL,r8c-3188-a62a47f6616fd3f2,CROSS_EVENT_MEMORY_ONLY,INCLUDED,0.0,0,59,-0.01
E2_DYNAMIC_INCREMENTAL_AFTER_FULL_REUSE,CDF7/CDF-MILD,4,r8c-1254-f2bc04645c3a4c00,DT-RAMDE_TS2_FULL,r8c-3189-01ca34b09538ad48,SHADE_ONLY,INCLUDED,0.0,0,59,-0.01
E2_DYNAMIC_INCREMENTAL_AFTER_FULL_REUSE,CDF8/CDF-HARSH,0,r8c-1260-0de2bd598b9e62e9,DT-RAMDE_TS2_FULL,r8c-3190-645cba3a76157ee4,NO_CROSS_EVENT_MEMORY,INCLUDED,0.0,0,59,-0.01
E2_DYNAMIC_INCREMENTAL_AFTER_FULL_REUSE,CDF8/CDF-HARSH,0,r8c-1260-0de2bd598b9e62e9,DT-RAMDE_TS2_FULL,r8c-3191-c79c3719aed3dbfe,NO_REJECTION_CREDIT,INCLUDED,0.06779661016949153,4,59,-0.01
E2_DYNAMIC_INCREMENTAL_AFTER_FULL_REUSE,CDF8/CDF-HARSH,0,r8c-1260-0de2bd598b9e62e9,DT-RAMDE_TS2_FULL,r8c-3192-0be8473d31f47301,NO_MEMORY_RESET_GATE,INCLUDED,0.1016949152542373,6,59,-0.01
E2_DYNAMIC_INCREMENTAL_AFTER_FULL_REUSE,CDF8/CDF-HARSH,0,r8c-1260-0de2bd598b9e62e9,DT-RAMDE_TS2_FULL,r8c-3193-057b939ab7e050a9,NO_LINEAGE_CREDIT,INCLUDED,0.1694915254237288,10,59,-0.01
E2_DYNAMIC_INCREMENTAL_AFTER_FULL_REUSE,CDF8/CDF-HARSH,0,r8c-1260-0de2bd598b9e62e9,DT-RAMDE_TS2_FULL,r8c-3194-06d4f1ebe088f52f,CROSS_EVENT_WARM_START_ONLY,INCLUDED,0.0847457627118644,5,59,-0.01
E2_DYNAMIC_INCREMENTAL_AFTER_FULL_REUSE,CDF8/CDF-HARSH,0,r8c-1260-0de2bd598b9e62e9,DT-RAMDE_TS2_FULL,r8c-3195-69d19606405a2ef5,CROSS_EVENT_MEMORY_ONLY,INCLUDED,0.0,0,59,-0.01
E2_DYNAMIC_INCREMENTAL_AFTER_FULL_REUSE,CDF8/CDF-HARSH,0,r8c-1260-0de2bd598b9e62e9,DT-RAMDE_TS2_FULL,r8c-3196-f658631c219af544,SHADE_ONLY,INCLUDED,0.0,0,59,-0.01
E2_DYNAMIC_INCREMENTAL_AFTER_FULL_REUSE,CDF8/CDF-HARSH,1,r8c-1266-53acbd6abcb439cf,DT-RAMDE_TS2_FULL,r8c-3197-b434e8cd44986afd,NO_CROSS_EVENT_MEMORY,INCLUDED,0.0,0,59,-0.01
E2_DYNAMIC_INCREMENTAL_AFTER_FULL_REUSE,CDF8/CDF-HARSH,1,r8c-1266-53acbd6abcb439cf,DT-RAMDE_TS2_FULL,r8c-3198-fe1daf5aa0805794,NO_REJECTION_CREDIT,INCLUDED,0.1694915254237288,10,59,-0.01
E2_DYNAMIC_INCREMENTAL_AFTER_FULL_REUSE,CDF8/CDF-HARSH,1,r8c-1266-53acbd6abcb439cf,DT-RAMDE_TS2_FULL,r8c-3199-69d7a3266760e69d,NO_MEMORY_RESET_GATE,INCLUDED,0.0847457627118644,5,59,-0.01
E2_DYNAMIC_INCREMENTAL_AFTER_FULL_REUSE,CDF8/CDF-HARSH,1,r8c-1266-53acbd6abcb439cf,DT-RAMDE_TS2_FULL,r8c-3200-29c7a3ff8be2948b,NO_LINEAGE_CREDIT,INCLUDED,0.13559322033898305,8,59,-0.01
E2_DYNAMIC_INCREMENTAL_AFTER_FULL_REUSE,CDF8/CDF-HARSH,1,r8c-1266-53acbd6abcb439cf,DT-RAMDE_TS2_FULL,r8c-3201-6d073e6237b32c25,CROSS_EVENT_WARM_START_ONLY,INCLUDED,0.0847457627118644,5,59,-0.01
E2_DYNAMIC_INCREMENTAL_AFTER_FULL_REUSE,CDF8/CDF-HARSH,1,r8c-1266-53acbd6abcb439cf,DT-RAMDE_TS2_FULL,r8c-3202-83fda6e9e2538c24,CROSS_EVENT_MEMORY_ONLY,INCLUDED,0.0,0,59,-0.01
E2_DYNAMIC_INCREMENTAL_AFTER_FULL_REUSE,CDF8/CDF-HARSH,1,r8c-1266-53acbd6abcb439cf,DT-RAMDE_TS2_FULL,r8c-3203-49cd38e8e5a0d0e3,SHADE_ONLY,INCLUDED,0.0,0,59,-0.01
E2_DYNAMIC_INCREMENTAL_AFTER_FULL_REUSE,CDF8/CDF-HARSH,2,r8c-1272-97ffc75bde61d264,DT-RAMDE_TS2_FULL,r8c-3204-5eb958b617dbdeaa,NO_CROSS_EVENT_MEMORY,INCLUDED,0.0,0,59,-0.01
E2_DYNAMIC_INCREMENTAL_AFTER_FULL_REUSE,CDF8/CDF-HARSH,2,r8c-1272-97ffc75bde61d264,DT-RAMDE_TS2_FULL,r8c-3205-d74aa3c334039d3d,NO_REJECTION_CREDIT,INCLUDED,0.0847457627118644,5,59,-0.01
E2_DYNAMIC_INCREMENTAL_AFTER_FULL_REUSE,CDF8/CDF-HARSH,2,r8c-1272-97ffc75bde61d264,DT-RAMDE_TS2_FULL,r8c-3206-cb0ac68b0fbc4096,NO_MEMORY_RESET_GATE,INCLUDED,0.13559322033898305,8,59,-0.01
E2_DYNAMIC_INCREMENTAL_AFTER_FULL_REUSE,CDF8/CDF-HARSH,2,r8c-1272-97ffc75bde61d264,DT-RAMDE_TS2_FULL,r8c-3207-d69faed6ecce052d,NO_LINEAGE_CREDIT,INCLUDED,0.15254237288135594,9,59,-0.01
E2_DYNAMIC_INCREMENTAL_AFTER_FULL_REUSE,CDF8/CDF-HARSH,2,r8c-1272-97ffc75bde61d264,DT-RAMDE_TS2_FULL,r8c-3208-cd9e9b434a5d19a0,CROSS_EVENT_WARM_START_ONLY,INCLUDED,0.06779661016949153,4,59,-0.01
E2_DYNAMIC_INCREMENTAL_AFTER_FULL_REUSE,CDF8/CDF-HARSH,2,r8c-1272-97ffc75bde61d264,DT-RAMDE_TS2_FULL,r8c-3209-9b13da05da2e4d0e,CROSS_EVENT_MEMORY_ONLY,INCLUDED,0.0,0,59,-0.01
E2_DYNAMIC_INCREMENTAL_AFTER_FULL_REUSE,CDF8/CDF-HARSH,2,r8c-1272-97ffc75bde61d264,DT-RAMDE_TS2_FULL,r8c-3210-dde47eaa1991348b,SHADE_ONLY,INCLUDED,0.0,0,59,-0.01
E2_DYNAMIC_INCREMENTAL_AFTER_FULL_REUSE,CDF8/CDF-HARSH,3,r8c-1278-1876297e0ae0a983,DT-RAMDE_TS2_FULL,r8c-3211-52f286fc7905eae1,NO_CROSS_EVENT_MEMORY,INCLUDED,0.0,0,59,-0.01
E2_DYNAMIC_INCREMENTAL_AFTER_FULL_REUSE,CDF8/CDF-HARSH,3,r8c-1278-1876297e0ae0a983,DT-RAMDE_TS2_FULL,r8c-3212-98bba1fa03aadcf8,NO_REJECTION_CREDIT,INCLUDED,0.11864406779661017,7,59,-0.01
E2_DYNAMIC_INCREMENTAL_AFTER_FULL_REUSE,CDF8/CDF-HARSH,3,r8c-1278-1876297e0ae0a983,DT-RAMDE_TS2_FULL,r8c-3213-57f150531c58d664,NO_MEMORY_RESET_GATE,INCLUDED,0.1016949152542373,6,59,-0.01
E2_DYNAMIC_INCREMENTAL_AFTER_FULL_REUSE,CDF8/CDF-HARSH,3,r8c-1278-1876297e0ae0a983,DT-RAMDE_TS2_FULL,r8c-3214-e08bb2970f996651,NO_LINEAGE_CREDIT,INCLUDED,0.1016949152542373,6,59,-0.01
E2_DYNAMIC_INCREMENTAL_AFTER_FULL_REUSE,CDF8/CDF-HARSH,3,r8c-1278-1876297e0ae0a983,DT-RAMDE_TS2_FULL,r8c-3215-60a1bb6c74ced668,CROSS_EVENT_WARM_START_ONLY,INCLUDED,0.06779661016949153,4,59,-0.01
E2_DYNAMIC_INCREMENTAL_AFTER_FULL_REUSE,CDF8/CDF-HARSH,3,r8c-1278-1876297e0ae0a983,DT-RAMDE_TS2_FULL,r8c-3216-e71a6e50c77d1d1d,CROSS_EVENT_MEMORY_ONLY,INCLUDED,0.0,0,59,-0.01
E2_DYNAMIC_INCREMENTAL_AFTER_FULL_REUSE,CDF8/CDF-HARSH,3,r8c-1278-1876297e0ae0a983,DT-RAMDE_TS2_FULL,r8c-3217-cf743da5fa980bb2,SHADE_ONLY,INCLUDED,0.0,0,59,-0.01
E2_DYNAMIC_INCREMENTAL_AFTER_FULL_REUSE,CDF8/CDF-HARSH,4,r8c-1284-52892249b316c22d,DT-RAMDE_TS2_FULL,r8c-3218-b5a49f64b57d4845,NO_CROSS_EVENT_MEMORY,INCLUDED,0.0,0,59,-0.01
E2_DYNAMIC_INCREMENTAL_AFTER_FULL_REUSE,CDF8/CDF-HARSH,4,r8c-1284-52892249b316c22d,DT-RAMDE_TS2_FULL,r8c-3219-76de5b6a7b59bb2a,NO_REJECTION_CREDIT,INCLUDED,0.1016949152542373,6,59,-0.01
E2_DYNAMIC_INCREMENTAL_AFTER_FULL_REUSE,CDF8/CDF-HARSH,4,r8c-1284-52892249b316c22d,DT-RAMDE_TS2_FULL,r8c-3220-dcb8741707bcb87e,NO_MEMORY_RESET_GATE,INCLUDED,0.1016949152542373,6,59,-0.01
E2_DYNAMIC_INCREMENTAL_AFTER_FULL_REUSE,CDF8/CDF-HARSH,4,r8c-1284-52892249b316c22d,DT-RAMDE_TS2_FULL,r8c-3221-c93729b88a2da60e,NO_LINEAGE_CREDIT,INCLUDED,0.22033898305084745,13,59,-0.01
E2_DYNAMIC_INCREMENTAL_AFTER_FULL_REUSE,CDF8/CDF-HARSH,4,r8c-1284-52892249b316c22d,DT-RAMDE_TS2_FULL,r8c-3222-5179e9659f30ecf6,CROSS_EVENT_WARM_START_ONLY,INCLUDED,0.11864406779661017,7,59,-0.01
E2_DYNAMIC_INCREMENTAL_AFTER_FULL_REUSE,CDF8/CDF-HARSH,4,r8c-1284-52892249b316c22d,DT-RAMDE_TS2_FULL,r8c-3223-0e33120d68f8cbb2,CROSS_EVENT_MEMORY_ONLY,INCLUDED,0.0,0,59,-0.01
E2_DYNAMIC_INCREMENTAL_AFTER_FULL_REUSE,CDF8/CDF-HARSH,4,r8c-1284-52892249b316c22d,DT-RAMDE_TS2_FULL,r8c-3224-3ec4610eb50bbdb1,SHADE_ONLY,INCLUDED,0.0,0,59,-0.01
E2_DYNAMIC_INCREMENTAL_AFTER_FULL_REUSE,CDF8/CDF-MILD,0,r8c-1290-b1ca96a3eacb8593,DT-RAMDE_TS2_FULL,r8c-3225-564ea2da05c6baf9,NO_CROSS_EVENT_MEMORY,INCLUDED,0.0,0,59,-0.01
E2_DYNAMIC_INCREMENTAL_AFTER_FULL_REUSE,CDF8/CDF-MILD,0,r8c-1290-b1ca96a3eacb8593,DT-RAMDE_TS2_FULL,r8c-3226-5f1960ead4d46bac,NO_REJECTION_CREDIT,INCLUDED,0.1016949152542373,6,59,-0.01
E2_DYNAMIC_INCREMENTAL_AFTER_FULL_REUSE,CDF8/CDF-MILD,0,r8c-1290-b1ca96a3eacb8593,DT-RAMDE_TS2_FULL,r8c-3227-c08034fb335b39db,NO_MEMORY_RESET_GATE,INCLUDED,0.05084745762711865,3,59,-0.01
E2_DYNAMIC_INCREMENTAL_AFTER_FULL_REUSE,CDF8/CDF-MILD,0,r8c-1290-b1ca96a3eacb8593,DT-RAMDE_TS2_FULL,r8c-3228-7f6e4ebca2c27f93,NO_LINEAGE_CREDIT,INCLUDED,0.15254237288135594,9,59,-0.01
E2_DYNAMIC_INCREMENTAL_AFTER_FULL_REUSE,CDF8/CDF-MILD,0,r8c-1290-b1ca96a3eacb8593,DT-RAMDE_TS2_FULL,r8c-3229-b98e134525759661,CROSS_EVENT_WARM_START_ONLY,INCLUDED,0.05084745762711865,3,59,-0.01
E2_DYNAMIC_INCREMENTAL_AFTER_FULL_REUSE,CDF8/CDF-MILD,0,r8c-1290-b1ca96a3eacb8593,DT-RAMDE_TS2_FULL,r8c-3230-1362383decb7e1f8,CROSS_EVENT_MEMORY_ONLY,INCLUDED,0.0,0,59,-0.01
E2_DYNAMIC_INCREMENTAL_AFTER_FULL_REUSE,CDF8/CDF-MILD,0,r8c-1290-b1ca96a3eacb8593,DT-RAMDE_TS2_FULL,r8c-3231-c55dc7eff52aa0a2,SHADE_ONLY,INCLUDED,0.0,0,59,-0.01
E2_DYNAMIC_INCREMENTAL_AFTER_FULL_REUSE,CDF8/CDF-MILD,1,r8c-1296-eb45a9d0ce14787b,DT-RAMDE_TS2_FULL,r8c-3232-15bb14c04452acfd,NO_CROSS_EVENT_MEMORY,INCLUDED,0.0,0,59,-0.01
E2_DYNAMIC_INCREMENTAL_AFTER_FULL_REUSE,CDF8/CDF-MILD,1,r8c-1296-eb45a9d0ce14787b,DT-RAMDE_TS2_FULL,r8c-3233-89eaaaaa7bafd79b,NO_REJECTION_CREDIT,INCLUDED,0.1016949152542373,6,59,-0.01
E2_DYNAMIC_INCREMENTAL_AFTER_FULL_REUSE,CDF8/CDF-MILD,1,r8c-1296-eb45a9d0ce14787b,DT-RAMDE_TS2_FULL,r8c-3234-936e134d3bfa9701,NO_MEMORY_RESET_GATE,INCLUDED,0.13559322033898305,8,59,-0.01
E2_DYNAMIC_INCREMENTAL_AFTER_FULL_REUSE,CDF8/CDF-MILD,1,r8c-1296-eb45a9d0ce14787b,DT-RAMDE_TS2_FULL,r8c-3235-640fa59e2a93f971,NO_LINEAGE_CREDIT,INCLUDED,0.15254237288135594,9,59,-0.01
E2_DYNAMIC_INCREMENTAL_AFTER_FULL_REUSE,CDF8/CDF-MILD,1,r8c-1296-eb45a9d0ce14787b,DT-RAMDE_TS2_FULL,r8c-3236-aad7b07eb923b19d,CROSS_EVENT_WARM_START_ONLY,INCLUDED,0.0847457627118644,5,59,-0.01
E2_DYNAMIC_INCREMENTAL_AFTER_FULL_REUSE,CDF8/CDF-MILD,1,r8c-1296-eb45a9d0ce14787b,DT-RAMDE_TS2_FULL,r8c-3237-b85f5682ca6a8c77,CROSS_EVENT_MEMORY_ONLY,INCLUDED,0.0,0,59,-0.01
E2_DYNAMIC_INCREMENTAL_AFTER_FULL_REUSE,CDF8/CDF-MILD,1,r8c-1296-eb45a9d0ce14787b,DT-RAMDE_TS2_FULL,r8c-3238-4869136cebff6a84,SHADE_ONLY,INCLUDED,0.0,0,59,-0.01
E2_DYNAMIC_INCREMENTAL_AFTER_FULL_REUSE,CDF8/CDF-MILD,2,r8c-1302-b422497b5f8b6602,DT-RAMDE_TS2_FULL,r8c-3239-a014d1fc52e8ee5f,NO_CROSS_EVENT_MEMORY,INCLUDED,0.0,0,59,-0.01
E2_DYNAMIC_INCREMENTAL_AFTER_FULL_REUSE,CDF8/CDF-MILD,2,r8c-1302-b422497b5f8b6602,DT-RAMDE_TS2_FULL,r8c-3240-e6b8e6a64911dc0f,NO_REJECTION_CREDIT,INCLUDED,0.0847457627118644,5,59,-0.01
E2_DYNAMIC_INCREMENTAL_AFTER_FULL_REUSE,CDF8/CDF-MILD,2,r8c-1302-b422497b5f8b6602,DT-RAMDE_TS2_FULL,r8c-3241-2e5af1f0ddbedfef,NO_MEMORY_RESET_GATE,INCLUDED,0.06779661016949153,4,59,-0.01
E2_DYNAMIC_INCREMENTAL_AFTER_FULL_REUSE,CDF8/CDF-MILD,2,r8c-1302-b422497b5f8b6602,DT-RAMDE_TS2_FULL,r8c-3242-47d043983ba1acc6,NO_LINEAGE_CREDIT,INCLUDED,0.06779661016949153,4,59,-0.01
E2_DYNAMIC_INCREMENTAL_AFTER_FULL_REUSE,CDF8/CDF-MILD,2,r8c-1302-b422497b5f8b6602,DT-RAMDE_TS2_FULL,r8c-3243-b2d367ced2b4f50b,CROSS_EVENT_WARM_START_ONLY,INCLUDED,0.01694915254237288,1,59,-0.01
E2_DYNAMIC_INCREMENTAL_AFTER_FULL_REUSE,CDF8/CDF-MILD,2,r8c-1302-b422497b5f8b6602,DT-RAMDE_TS2_FULL,r8c-3244-916fccf6bc2905a6,CROSS_EVENT_MEMORY_ONLY,INCLUDED,0.0,0,59,-0.01
E2_DYNAMIC_INCREMENTAL_AFTER_FULL_REUSE,CDF8/CDF-MILD,2,r8c-1302-b422497b5f8b6602,DT-RAMDE_TS2_FULL,r8c-3245-8396fb6e6540824e,SHADE_ONLY,INCLUDED,0.0,0,59,-0.01
E2_DYNAMIC_INCREMENTAL_AFTER_FULL_REUSE,CDF8/CDF-MILD,3,r8c-1308-3b4d18965e5242db,DT-RAMDE_TS2_FULL,r8c-3246-d545f877cfb0fbf6,NO_CROSS_EVENT_MEMORY,INCLUDED,0.0,0,59,-0.01
E2_DYNAMIC_INCREMENTAL_AFTER_FULL_REUSE,CDF8/CDF-MILD,3,r8c-1308-3b4d18965e5242db,DT-RAMDE_TS2_FULL,r8c-3247-ceec38197e2fab87,NO_REJECTION_CREDIT,INCLUDED,0.01694915254237288,1,59,-0.01
E2_DYNAMIC_INCREMENTAL_AFTER_FULL_REUSE,CDF8/CDF-MILD,3,r8c-1308-3b4d18965e5242db,DT-RAMDE_TS2_FULL,r8c-3248-24f86273a6c7104b,NO_MEMORY_RESET_GATE,INCLUDED,0.03389830508474576,2,59,-0.01
E2_DYNAMIC_INCREMENTAL_AFTER_FULL_REUSE,CDF8/CDF-MILD,3,r8c-1308-3b4d18965e5242db,DT-RAMDE_TS2_FULL,r8c-3249-34e3bfb82de6339d,NO_LINEAGE_CREDIT,INCLUDED,0.1016949152542373,6,59,-0.01
E2_DYNAMIC_INCREMENTAL_AFTER_FULL_REUSE,CDF8/CDF-MILD,3,r8c-1308-3b4d18965e5242db,DT-RAMDE_TS2_FULL,r8c-3250-28551154dbf681b0,CROSS_EVENT_WARM_START_ONLY,INCLUDED,0.0,0,59,-0.01
E2_DYNAMIC_INCREMENTAL_AFTER_FULL_REUSE,CDF8/CDF-MILD,3,r8c-1308-3b4d18965e5242db,DT-RAMDE_TS2_FULL,r8c-3251-dfd7aceb49e55324,CROSS_EVENT_MEMORY_ONLY,INCLUDED,0.0,0,59,-0.01
E2_DYNAMIC_INCREMENTAL_AFTER_FULL_REUSE,CDF8/CDF-MILD,3,r8c-1308-3b4d18965e5242db,DT-RAMDE_TS2_FULL,r8c-3252-b7d0f11480e8ea56,SHADE_ONLY,INCLUDED,0.0,0,59,-0.01
E2_DYNAMIC_INCREMENTAL_AFTER_FULL_REUSE,CDF8/CDF-MILD,4,r8c-1314-f3ef7cc60259efa4,DT-RAMDE_TS2_FULL,r8c-3253-e6cbed28ce3963e3,NO_CROSS_EVENT_MEMORY,INCLUDED,0.0,0,59,-0.01
E2_DYNAMIC_INCREMENTAL_AFTER_FULL_REUSE,CDF8/CDF-MILD,4,r8c-1314-f3ef7cc60259efa4,DT-RAMDE_TS2_FULL,r8c-3254-321ab9eec8963f1c,NO_REJECTION_CREDIT,INCLUDED,0.2033898305084746,12,59,-0.01
E2_DYNAMIC_INCREMENTAL_AFTER_FULL_REUSE,CDF8/CDF-MILD,4,r8c-1314-f3ef7cc60259efa4,DT-RAMDE_TS2_FULL,r8c-3255-3f254dec5290ca23,NO_MEMORY_RESET_GATE,INCLUDED,0.1694915254237288,10,59,-0.01
E2_DYNAMIC_INCREMENTAL_AFTER_FULL_REUSE,CDF8/CDF-MILD,4,r8c-1314-f3ef7cc60259efa4,DT-RAMDE_TS2_FULL,r8c-3256-2295f9913f2e78f3,NO_LINEAGE_CREDIT,INCLUDED,0.1694915254237288,10,59,-0.01
E2_DYNAMIC_INCREMENTAL_AFTER_FULL_REUSE,CDF8/CDF-MILD,4,r8c-1314-f3ef7cc60259efa4,DT-RAMDE_TS2_FULL,r8c-3257-da869f42f7a66492,CROSS_EVENT_WARM_START_ONLY,INCLUDED,0.0847457627118644,5,59,-0.01
E2_DYNAMIC_INCREMENTAL_AFTER_FULL_REUSE,CDF8/CDF-MILD,4,r8c-1314-f3ef7cc60259efa4,DT-RAMDE_TS2_FULL,r8c-3258-eebbe914e9d6162e,CROSS_EVENT_MEMORY_ONLY,INCLUDED,0.0,0,59,-0.01
E2_DYNAMIC_INCREMENTAL_AFTER_FULL_REUSE,CDF8/CDF-MILD,4,r8c-1314-f3ef7cc60259efa4,DT-RAMDE_TS2_FULL,r8c-3259-553311f71a6fd547,SHADE_ONLY,INCLUDED,0.0,0,59,-0.01
E2_DYNAMIC_INCREMENTAL_AFTER_FULL_REUSE,CDF9/CDF-HARSH,0,r8c-1320-4be18a752be7ecb7,DT-RAMDE_TS2_FULL,r8c-3260-bf99ccd6820020d8,NO_CROSS_EVENT_MEMORY,FULL_EXCLUDED_NUMERICAL_FAILURE,,,59,-0.01
E2_DYNAMIC_INCREMENTAL_AFTER_FULL_REUSE,CDF9/CDF-HARSH,0,r8c-1320-4be18a752be7ecb7,DT-RAMDE_TS2_FULL,r8c-3261-359ebdebf755ee50,NO_REJECTION_CREDIT,FULL_EXCLUDED_NUMERICAL_FAILURE,,,59,-0.01
E2_DYNAMIC_INCREMENTAL_AFTER_FULL_REUSE,CDF9/CDF-HARSH,0,r8c-1320-4be18a752be7ecb7,DT-RAMDE_TS2_FULL,r8c-3262-77ad86b5fb1f30af,NO_MEMORY_RESET_GATE,FULL_EXCLUDED_NUMERICAL_FAILURE,,,59,-0.01
E2_DYNAMIC_INCREMENTAL_AFTER_FULL_REUSE,CDF9/CDF-HARSH,0,r8c-1320-4be18a752be7ecb7,DT-RAMDE_TS2_FULL,r8c-3263-70a40d6f85163d52,NO_LINEAGE_CREDIT,FULL_EXCLUDED_NUMERICAL_FAILURE,,,59,-0.01
E2_DYNAMIC_INCREMENTAL_AFTER_FULL_REUSE,CDF9/CDF-HARSH,0,r8c-1320-4be18a752be7ecb7,DT-RAMDE_TS2_FULL,r8c-3264-69ec0af55e0694d3,CROSS_EVENT_WARM_START_ONLY,FULL_EXCLUDED_NUMERICAL_FAILURE,,,59,-0.01
E2_DYNAMIC_INCREMENTAL_AFTER_FULL_REUSE,CDF9/CDF-HARSH,0,r8c-1320-4be18a752be7ecb7,DT-RAMDE_TS2_FULL,r8c-3265-f3a120f59ee8c0fc,CROSS_EVENT_MEMORY_ONLY,FULL_EXCLUDED_NUMERICAL_FAILURE,,,59,-0.01
E2_DYNAMIC_INCREMENTAL_AFTER_FULL_REUSE,CDF9/CDF-HARSH,0,r8c-1320-4be18a752be7ecb7,DT-RAMDE_TS2_FULL,r8c-3266-679a87b06d2e4c17,SHADE_ONLY,FULL_EXCLUDED_NUMERICAL_FAILURE,,,59,-0.01
E2_DYNAMIC_INCREMENTAL_AFTER_FULL_REUSE,CDF9/CDF-HARSH,1,r8c-1326-05fdd324347199e9,DT-RAMDE_TS2_FULL,r8c-3267-a9846fc9407e973a,NO_CROSS_EVENT_MEMORY,FULL_EXCLUDED_NUMERICAL_FAILURE,,,59,-0.01
E2_DYNAMIC_INCREMENTAL_AFTER_FULL_REUSE,CDF9/CDF-HARSH,1,r8c-1326-05fdd324347199e9,DT-RAMDE_TS2_FULL,r8c-3268-190da0eb74daabaf,NO_REJECTION_CREDIT,FULL_EXCLUDED_NUMERICAL_FAILURE,,,59,-0.01
E2_DYNAMIC_INCREMENTAL_AFTER_FULL_REUSE,CDF9/CDF-HARSH,1,r8c-1326-05fdd324347199e9,DT-RAMDE_TS2_FULL,r8c-3269-485e79ac97072c30,NO_MEMORY_RESET_GATE,FULL_EXCLUDED_NUMERICAL_FAILURE,,,59,-0.01
E2_DYNAMIC_INCREMENTAL_AFTER_FULL_REUSE,CDF9/CDF-HARSH,1,r8c-1326-05fdd324347199e9,DT-RAMDE_TS2_FULL,r8c-3270-681feaa1209501c6,NO_LINEAGE_CREDIT,FULL_EXCLUDED_NUMERICAL_FAILURE,,,59,-0.01
E2_DYNAMIC_INCREMENTAL_AFTER_FULL_REUSE,CDF9/CDF-HARSH,1,r8c-1326-05fdd324347199e9,DT-RAMDE_TS2_FULL,r8c-3271-88f143a77a0559db,CROSS_EVENT_WARM_START_ONLY,FULL_EXCLUDED_NUMERICAL_FAILURE,,,59,-0.01
E2_DYNAMIC_INCREMENTAL_AFTER_FULL_REUSE,CDF9/CDF-HARSH,1,r8c-1326-05fdd324347199e9,DT-RAMDE_TS2_FULL,r8c-3272-a4ee99df573c2a43,CROSS_EVENT_MEMORY_ONLY,FULL_EXCLUDED_NUMERICAL_FAILURE,,,59,-0.01
E2_DYNAMIC_INCREMENTAL_AFTER_FULL_REUSE,CDF9/CDF-HARSH,1,r8c-1326-05fdd324347199e9,DT-RAMDE_TS2_FULL,r8c-3273-41f84218f2e93975,SHADE_ONLY,FULL_EXCLUDED_NUMERICAL_FAILURE,,,59,-0.01
E2_DYNAMIC_INCREMENTAL_AFTER_FULL_REUSE,CDF9/CDF-HARSH,2,r8c-1332-5c7bc5c905513293,DT-RAMDE_TS2_FULL,r8c-3274-bc2079a084629b29,NO_CROSS_EVENT_MEMORY,FULL_EXCLUDED_NUMERICAL_FAILURE,,,59,-0.01
E2_DYNAMIC_INCREMENTAL_AFTER_FULL_REUSE,CDF9/CDF-HARSH,2,r8c-1332-5c7bc5c905513293,DT-RAMDE_TS2_FULL,r8c-3275-c0d2954f13007301,NO_REJECTION_CREDIT,FULL_EXCLUDED_NUMERICAL_FAILURE,,,59,-0.01
E2_DYNAMIC_INCREMENTAL_AFTER_FULL_REUSE,CDF9/CDF-HARSH,2,r8c-1332-5c7bc5c905513293,DT-RAMDE_TS2_FULL,r8c-3276-f6493a9a3625fa66,NO_MEMORY_RESET_GATE,FULL_EXCLUDED_NUMERICAL_FAILURE,,,59,-0.01
E2_DYNAMIC_INCREMENTAL_AFTER_FULL_REUSE,CDF9/CDF-HARSH,2,r8c-1332-5c7bc5c905513293,DT-RAMDE_TS2_FULL,r8c-3277-997394b794aebd3b,NO_LINEAGE_CREDIT,FULL_EXCLUDED_NUMERICAL_FAILURE,,,59,-0.01
E2_DYNAMIC_INCREMENTAL_AFTER_FULL_REUSE,CDF9/CDF-HARSH,2,r8c-1332-5c7bc5c905513293,DT-RAMDE_TS2_FULL,r8c-3278-f8cf08d568eb4ca6,CROSS_EVENT_WARM_START_ONLY,FULL_EXCLUDED_NUMERICAL_FAILURE,,,59,-0.01
E2_DYNAMIC_INCREMENTAL_AFTER_FULL_REUSE,CDF9/CDF-HARSH,2,r8c-1332-5c7bc5c905513293,DT-RAMDE_TS2_FULL,r8c-3279-316d2d5d5e8c08a1,CROSS_EVENT_MEMORY_ONLY,FULL_EXCLUDED_NUMERICAL_FAILURE,,,59,-0.01
E2_DYNAMIC_INCREMENTAL_AFTER_FULL_REUSE,CDF9/CDF-HARSH,2,r8c-1332-5c7bc5c905513293,DT-RAMDE_TS2_FULL,r8c-3280-8daf324f73e7dc03,SHADE_ONLY,FULL_EXCLUDED_NUMERICAL_FAILURE,,,59,-0.01
E2_DYNAMIC_INCREMENTAL_AFTER_FULL_REUSE,CDF9/CDF-HARSH,3,r8c-1338-711c5e4fb55398d0,DT-RAMDE_TS2_FULL,r8c-3281-610c99cd50fd83e9,NO_CROSS_EVENT_MEMORY,FULL_EXCLUDED_NUMERICAL_FAILURE,,,59,-0.01
E2_DYNAMIC_INCREMENTAL_AFTER_FULL_REUSE,CDF9/CDF-HARSH,3,r8c-1338-711c5e4fb55398d0,DT-RAMDE_TS2_FULL,r8c-3282-c2305a2b787a9964,NO_REJECTION_CREDIT,FULL_EXCLUDED_NUMERICAL_FAILURE,,,59,-0.01
E2_DYNAMIC_INCREMENTAL_AFTER_FULL_REUSE,CDF9/CDF-HARSH,3,r8c-1338-711c5e4fb55398d0,DT-RAMDE_TS2_FULL,r8c-3283-13caa8e0f28c3347,NO_MEMORY_RESET_GATE,FULL_EXCLUDED_NUMERICAL_FAILURE,,,59,-0.01
E2_DYNAMIC_INCREMENTAL_AFTER_FULL_REUSE,CDF9/CDF-HARSH,3,r8c-1338-711c5e4fb55398d0,DT-RAMDE_TS2_FULL,r8c-3284-f22719c5b59678e3,NO_LINEAGE_CREDIT,FULL_EXCLUDED_NUMERICAL_FAILURE,,,59,-0.01
E2_DYNAMIC_INCREMENTAL_AFTER_FULL_REUSE,CDF9/CDF-HARSH,3,r8c-1338-711c5e4fb55398d0,DT-RAMDE_TS2_FULL,r8c-3285-c8ea4dca3b4378f4,CROSS_EVENT_WARM_START_ONLY,FULL_EXCLUDED_NUMERICAL_FAILURE,,,59,-0.01
E2_DYNAMIC_INCREMENTAL_AFTER_FULL_REUSE,CDF9/CDF-HARSH,3,r8c-1338-711c5e4fb55398d0,DT-RAMDE_TS2_FULL,r8c-3286-deba88fc99efe0e5,CROSS_EVENT_MEMORY_ONLY,FULL_EXCLUDED_NUMERICAL_FAILURE,,,59,-0.01
E2_DYNAMIC_INCREMENTAL_AFTER_FULL_REUSE,CDF9/CDF-HARSH,3,r8c-1338-711c5e4fb55398d0,DT-RAMDE_TS2_FULL,r8c-3287-491527da6df45723,SHADE_ONLY,FULL_EXCLUDED_NUMERICAL_FAILURE,,,59,-0.01
E2_DYNAMIC_INCREMENTAL_AFTER_FULL_REUSE,CDF9/CDF-HARSH,4,r8c-1344-9713677c4f6a8608,DT-RAMDE_TS2_FULL,r8c-3288-e194317253d73ac5,NO_CROSS_EVENT_MEMORY,FULL_EXCLUDED_NUMERICAL_FAILURE,,,59,-0.01
E2_DYNAMIC_INCREMENTAL_AFTER_FULL_REUSE,CDF9/CDF-HARSH,4,r8c-1344-9713677c4f6a8608,DT-RAMDE_TS2_FULL,r8c-3289-f1da367eb0341128,NO_REJECTION_CREDIT,FULL_EXCLUDED_NUMERICAL_FAILURE,,,59,-0.01
E2_DYNAMIC_INCREMENTAL_AFTER_FULL_REUSE,CDF9/CDF-HARSH,4,r8c-1344-9713677c4f6a8608,DT-RAMDE_TS2_FULL,r8c-3290-e27d39bce08086dd,NO_MEMORY_RESET_GATE,FULL_EXCLUDED_NUMERICAL_FAILURE,,,59,-0.01
E2_DYNAMIC_INCREMENTAL_AFTER_FULL_REUSE,CDF9/CDF-HARSH,4,r8c-1344-9713677c4f6a8608,DT-RAMDE_TS2_FULL,r8c-3291-0406926877bfe73c,NO_LINEAGE_CREDIT,FULL_EXCLUDED_NUMERICAL_FAILURE,,,59,-0.01
E2_DYNAMIC_INCREMENTAL_AFTER_FULL_REUSE,CDF9/CDF-HARSH,4,r8c-1344-9713677c4f6a8608,DT-RAMDE_TS2_FULL,r8c-3292-1473385acd2e6d56,CROSS_EVENT_WARM_START_ONLY,FULL_EXCLUDED_NUMERICAL_FAILURE,,,59,-0.01
E2_DYNAMIC_INCREMENTAL_AFTER_FULL_REUSE,CDF9/CDF-HARSH,4,r8c-1344-9713677c4f6a8608,DT-RAMDE_TS2_FULL,r8c-3293-83db6004b3bf5b1c,CROSS_EVENT_MEMORY_ONLY,FULL_EXCLUDED_NUMERICAL_FAILURE,,,59,-0.01
E2_DYNAMIC_INCREMENTAL_AFTER_FULL_REUSE,CDF9/CDF-HARSH,4,r8c-1344-9713677c4f6a8608,DT-RAMDE_TS2_FULL,r8c-3294-549d33b11ca12f1d,SHADE_ONLY,FULL_EXCLUDED_NUMERICAL_FAILURE,,,59,-0.01
E2_DYNAMIC_INCREMENTAL_AFTER_FULL_REUSE,CDF9/CDF-MILD,0,r8c-1350-b792f2c9a29d2363,DT-RAMDE_TS2_FULL,r8c-3295-e90147ffbec5d91c,NO_CROSS_EVENT_MEMORY,FULL_EXCLUDED_NUMERICAL_FAILURE,,,59,-0.01
E2_DYNAMIC_INCREMENTAL_AFTER_FULL_REUSE,CDF9/CDF-MILD,0,r8c-1350-b792f2c9a29d2363,DT-RAMDE_TS2_FULL,r8c-3296-0b3b3287aa3555bb,NO_REJECTION_CREDIT,FULL_EXCLUDED_NUMERICAL_FAILURE,,,59,-0.01
E2_DYNAMIC_INCREMENTAL_AFTER_FULL_REUSE,CDF9/CDF-MILD,0,r8c-1350-b792f2c9a29d2363,DT-RAMDE_TS2_FULL,r8c-3297-825f0db539d58ef3,NO_MEMORY_RESET_GATE,FULL_EXCLUDED_NUMERICAL_FAILURE,,,59,-0.01
E2_DYNAMIC_INCREMENTAL_AFTER_FULL_REUSE,CDF9/CDF-MILD,0,r8c-1350-b792f2c9a29d2363,DT-RAMDE_TS2_FULL,r8c-3298-0fe65157ed8c541a,NO_LINEAGE_CREDIT,FULL_EXCLUDED_NUMERICAL_FAILURE,,,59,-0.01
E2_DYNAMIC_INCREMENTAL_AFTER_FULL_REUSE,CDF9/CDF-MILD,0,r8c-1350-b792f2c9a29d2363,DT-RAMDE_TS2_FULL,r8c-3299-1ebd1f07f3f79035,CROSS_EVENT_WARM_START_ONLY,FULL_EXCLUDED_NUMERICAL_FAILURE,,,59,-0.01
E2_DYNAMIC_INCREMENTAL_AFTER_FULL_REUSE,CDF9/CDF-MILD,0,r8c-1350-b792f2c9a29d2363,DT-RAMDE_TS2_FULL,r8c-3300-ec11375cc36edc38,CROSS_EVENT_MEMORY_ONLY,FULL_EXCLUDED_NUMERICAL_FAILURE,,,59,-0.01
E2_DYNAMIC_INCREMENTAL_AFTER_FULL_REUSE,CDF9/CDF-MILD,0,r8c-1350-b792f2c9a29d2363,DT-RAMDE_TS2_FULL,r8c-3301-8449f00c6c737ad3,SHADE_ONLY,FULL_EXCLUDED_NUMERICAL_FAILURE,,,59,-0.01
E2_DYNAMIC_INCREMENTAL_AFTER_FULL_REUSE,CDF9/CDF-MILD,1,r8c-1356-1cb7cd0bb3e74ee1,DT-RAMDE_TS2_FULL,r8c-3302-7d26d9d94a7848bf,NO_CROSS_EVENT_MEMORY,FULL_EXCLUDED_NUMERICAL_FAILURE,,,59,-0.01
E2_DYNAMIC_INCREMENTAL_AFTER_FULL_REUSE,CDF9/CDF-MILD,1,r8c-1356-1cb7cd0bb3e74ee1,DT-RAMDE_TS2_FULL,r8c-3303-da8263236556793d,NO_REJECTION_CREDIT,FULL_EXCLUDED_NUMERICAL_FAILURE,,,59,-0.01
E2_DYNAMIC_INCREMENTAL_AFTER_FULL_REUSE,CDF9/CDF-MILD,1,r8c-1356-1cb7cd0bb3e74ee1,DT-RAMDE_TS2_FULL,r8c-3304-e1259892fda8028b,NO_MEMORY_RESET_GATE,FULL_EXCLUDED_NUMERICAL_FAILURE,,,59,-0.01
E2_DYNAMIC_INCREMENTAL_AFTER_FULL_REUSE,CDF9/CDF-MILD,1,r8c-1356-1cb7cd0bb3e74ee1,DT-RAMDE_TS2_FULL,r8c-3305-f925576b226968da,NO_LINEAGE_CREDIT,FULL_EXCLUDED_NUMERICAL_FAILURE,,,59,-0.01
E2_DYNAMIC_INCREMENTAL_AFTER_FULL_REUSE,CDF9/CDF-MILD,1,r8c-1356-1cb7cd0bb3e74ee1,DT-RAMDE_TS2_FULL,r8c-3306-29202e483e417a46,CROSS_EVENT_WARM_START_ONLY,FULL_EXCLUDED_NUMERICAL_FAILURE,,,59,-0.01
E2_DYNAMIC_INCREMENTAL_AFTER_FULL_REUSE,CDF9/CDF-MILD,1,r8c-1356-1cb7cd0bb3e74ee1,DT-RAMDE_TS2_FULL,r8c-3307-03d599dd8574f98f,CROSS_EVENT_MEMORY_ONLY,FULL_EXCLUDED_NUMERICAL_FAILURE,,,59,-0.01
E2_DYNAMIC_INCREMENTAL_AFTER_FULL_REUSE,CDF9/CDF-MILD,1,r8c-1356-1cb7cd0bb3e74ee1,DT-RAMDE_TS2_FULL,r8c-3308-12ee6325796c727f,SHADE_ONLY,FULL_EXCLUDED_NUMERICAL_FAILURE,,,59,-0.01
E2_DYNAMIC_INCREMENTAL_AFTER_FULL_REUSE,CDF9/CDF-MILD,2,r8c-1362-fb99afe138dd7f5d,DT-RAMDE_TS2_FULL,r8c-3309-720c8f2f3fc86056,NO_CROSS_EVENT_MEMORY,FULL_EXCLUDED_NUMERICAL_FAILURE,,,59,-0.01
E2_DYNAMIC_INCREMENTAL_AFTER_FULL_REUSE,CDF9/CDF-MILD,2,r8c-1362-fb99afe138dd7f5d,DT-RAMDE_TS2_FULL,r8c-3310-66a77a7cdbaa0257,NO_REJECTION_CREDIT,FULL_EXCLUDED_NUMERICAL_FAILURE,,,59,-0.01
E2_DYNAMIC_INCREMENTAL_AFTER_FULL_REUSE,CDF9/CDF-MILD,2,r8c-1362-fb99afe138dd7f5d,DT-RAMDE_TS2_FULL,r8c-3311-f24b75eae3bd10e0,NO_MEMORY_RESET_GATE,FULL_EXCLUDED_NUMERICAL_FAILURE,,,59,-0.01
E2_DYNAMIC_INCREMENTAL_AFTER_FULL_REUSE,CDF9/CDF-MILD,2,r8c-1362-fb99afe138dd7f5d,DT-RAMDE_TS2_FULL,r8c-3312-fec93d21ab76d671,NO_LINEAGE_CREDIT,FULL_EXCLUDED_NUMERICAL_FAILURE,,,59,-0.01
E2_DYNAMIC_INCREMENTAL_AFTER_FULL_REUSE,CDF9/CDF-MILD,2,r8c-1362-fb99afe138dd7f5d,DT-RAMDE_TS2_FULL,r8c-3313-c9a962c02df4ac32,CROSS_EVENT_WARM_START_ONLY,FULL_EXCLUDED_NUMERICAL_FAILURE,,,59,-0.01
E2_DYNAMIC_INCREMENTAL_AFTER_FULL_REUSE,CDF9/CDF-MILD,2,r8c-1362-fb99afe138dd7f5d,DT-RAMDE_TS2_FULL,r8c-3314-5a14aaa4f37767bb,CROSS_EVENT_MEMORY_ONLY,FULL_EXCLUDED_NUMERICAL_FAILURE,,,59,-0.01
E2_DYNAMIC_INCREMENTAL_AFTER_FULL_REUSE,CDF9/CDF-MILD,2,r8c-1362-fb99afe138dd7f5d,DT-RAMDE_TS2_FULL,r8c-3315-0d876a7477db85ed,SHADE_ONLY,FULL_EXCLUDED_NUMERICAL_FAILURE,,,59,-0.01
E2_DYNAMIC_INCREMENTAL_AFTER_FULL_REUSE,CDF9/CDF-MILD,3,r8c-1368-856caecbe85caa5d,DT-RAMDE_TS2_FULL,r8c-3316-905173d90915a3d8,NO_CROSS_EVENT_MEMORY,FULL_EXCLUDED_NUMERICAL_FAILURE,,,59,-0.01
E2_DYNAMIC_INCREMENTAL_AFTER_FULL_REUSE,CDF9/CDF-MILD,3,r8c-1368-856caecbe85caa5d,DT-RAMDE_TS2_FULL,r8c-3317-eebf6b26c02825a6,NO_REJECTION_CREDIT,FULL_EXCLUDED_NUMERICAL_FAILURE,,,59,-0.01
E2_DYNAMIC_INCREMENTAL_AFTER_FULL_REUSE,CDF9/CDF-MILD,3,r8c-1368-856caecbe85caa5d,DT-RAMDE_TS2_FULL,r8c-3318-2920721568a5d9b7,NO_MEMORY_RESET_GATE,FULL_EXCLUDED_NUMERICAL_FAILURE,,,59,-0.01
E2_DYNAMIC_INCREMENTAL_AFTER_FULL_REUSE,CDF9/CDF-MILD,3,r8c-1368-856caecbe85caa5d,DT-RAMDE_TS2_FULL,r8c-3319-2edf805dca1e8564,NO_LINEAGE_CREDIT,FULL_EXCLUDED_NUMERICAL_FAILURE,,,59,-0.01
E2_DYNAMIC_INCREMENTAL_AFTER_FULL_REUSE,CDF9/CDF-MILD,3,r8c-1368-856caecbe85caa5d,DT-RAMDE_TS2_FULL,r8c-3320-008b431de857a022,CROSS_EVENT_WARM_START_ONLY,FULL_EXCLUDED_NUMERICAL_FAILURE,,,59,-0.01
E2_DYNAMIC_INCREMENTAL_AFTER_FULL_REUSE,CDF9/CDF-MILD,3,r8c-1368-856caecbe85caa5d,DT-RAMDE_TS2_FULL,r8c-3321-bdd0996e99cda018,CROSS_EVENT_MEMORY_ONLY,FULL_EXCLUDED_NUMERICAL_FAILURE,,,59,-0.01
E2_DYNAMIC_INCREMENTAL_AFTER_FULL_REUSE,CDF9/CDF-MILD,3,r8c-1368-856caecbe85caa5d,DT-RAMDE_TS2_FULL,r8c-3322-6e791bdbb1aa1c46,SHADE_ONLY,FULL_EXCLUDED_NUMERICAL_FAILURE,,,59,-0.01
E2_DYNAMIC_INCREMENTAL_AFTER_FULL_REUSE,CDF9/CDF-MILD,4,r8c-1374-38e1775c72bd70e8,DT-RAMDE_TS2_FULL,r8c-3323-2dc4b585c118df9b,NO_CROSS_EVENT_MEMORY,FULL_EXCLUDED_NUMERICAL_FAILURE,,,59,-0.01
E2_DYNAMIC_INCREMENTAL_AFTER_FULL_REUSE,CDF9/CDF-MILD,4,r8c-1374-38e1775c72bd70e8,DT-RAMDE_TS2_FULL,r8c-3324-23ce37aaae291abf,NO_REJECTION_CREDIT,FULL_EXCLUDED_NUMERICAL_FAILURE,,,59,-0.01
E2_DYNAMIC_INCREMENTAL_AFTER_FULL_REUSE,CDF9/CDF-MILD,4,r8c-1374-38e1775c72bd70e8,DT-RAMDE_TS2_FULL,r8c-3325-bbfc5282d76d27ae,NO_MEMORY_RESET_GATE,FULL_EXCLUDED_NUMERICAL_FAILURE,,,59,-0.01
E2_DYNAMIC_INCREMENTAL_AFTER_FULL_REUSE,CDF9/CDF-MILD,4,r8c-1374-38e1775c72bd70e8,DT-RAMDE_TS2_FULL,r8c-3326-283e1c2e6c20a84b,NO_LINEAGE_CREDIT,FULL_EXCLUDED_NUMERICAL_FAILURE,,,59,-0.01
E2_DYNAMIC_INCREMENTAL_AFTER_FULL_REUSE,CDF9/CDF-MILD,4,r8c-1374-38e1775c72bd70e8,DT-RAMDE_TS2_FULL,r8c-3327-8929e530e8dd9ccd,CROSS_EVENT_WARM_START_ONLY,FULL_EXCLUDED_NUMERICAL_FAILURE,,,59,-0.01
E2_DYNAMIC_INCREMENTAL_AFTER_FULL_REUSE,CDF9/CDF-MILD,4,r8c-1374-38e1775c72bd70e8,DT-RAMDE_TS2_FULL,r8c-3328-8dadc30a0c67d3ec,CROSS_EVENT_MEMORY_ONLY,FULL_EXCLUDED_NUMERICAL_FAILURE,,,59,-0.01
E2_DYNAMIC_INCREMENTAL_AFTER_FULL_REUSE,CDF9/CDF-MILD,4,r8c-1374-38e1775c72bd70e8,DT-RAMDE_TS2_FULL,r8c-3329-a64433fbbaf8f1ec,SHADE_ONLY,FULL_EXCLUDED_NUMERICAL_FAILURE,,,59,-0.01
E2_DYNAMIC_INCREMENTAL_AFTER_FULL_REUSE,CDF10/CDF-HARSH,0,r8c-1380-7677c615853fa84e,DT-RAMDE_TS2_FULL,r8c-3330-49090f1df739e06f,NO_CROSS_EVENT_MEMORY,INCLUDED,0.0,0,59,-0.01
E2_DYNAMIC_INCREMENTAL_AFTER_FULL_REUSE,CDF10/CDF-HARSH,0,r8c-1380-7677c615853fa84e,DT-RAMDE_TS2_FULL,r8c-3331-699a0a1d0f546245,NO_REJECTION_CREDIT,INCLUDED,0.9661016949152542,57,59,-0.01
E2_DYNAMIC_INCREMENTAL_AFTER_FULL_REUSE,CDF10/CDF-HARSH,0,r8c-1380-7677c615853fa84e,DT-RAMDE_TS2_FULL,r8c-3332-95d0e995a65ba4ee,NO_MEMORY_RESET_GATE,INCLUDED,0.9322033898305084,55,59,-0.01
E2_DYNAMIC_INCREMENTAL_AFTER_FULL_REUSE,CDF10/CDF-HARSH,0,r8c-1380-7677c615853fa84e,DT-RAMDE_TS2_FULL,r8c-3333-771f00467108d41f,NO_LINEAGE_CREDIT,INCLUDED,0.9491525423728814,56,59,-0.01
E2_DYNAMIC_INCREMENTAL_AFTER_FULL_REUSE,CDF10/CDF-HARSH,0,r8c-1380-7677c615853fa84e,DT-RAMDE_TS2_FULL,r8c-3334-21db83be8350488e,CROSS_EVENT_WARM_START_ONLY,INCLUDED,0.0,0,59,-0.01
E2_DYNAMIC_INCREMENTAL_AFTER_FULL_REUSE,CDF10/CDF-HARSH,0,r8c-1380-7677c615853fa84e,DT-RAMDE_TS2_FULL,r8c-3335-4df2c279a549828a,CROSS_EVENT_MEMORY_ONLY,INCLUDED,0.0,0,59,-0.01
E2_DYNAMIC_INCREMENTAL_AFTER_FULL_REUSE,CDF10/CDF-HARSH,0,r8c-1380-7677c615853fa84e,DT-RAMDE_TS2_FULL,r8c-3336-6e919a5fa627fc3a,SHADE_ONLY,INCLUDED,0.0,0,59,-0.01
E2_DYNAMIC_INCREMENTAL_AFTER_FULL_REUSE,CDF10/CDF-HARSH,1,r8c-1386-c1c5535ede07a9a3,DT-RAMDE_TS2_FULL,r8c-3337-2253a7190a546345,NO_CROSS_EVENT_MEMORY,INCLUDED,0.0,0,59,-0.01
E2_DYNAMIC_INCREMENTAL_AFTER_FULL_REUSE,CDF10/CDF-HARSH,1,r8c-1386-c1c5535ede07a9a3,DT-RAMDE_TS2_FULL,r8c-3338-53d159e9ed558af0,NO_REJECTION_CREDIT,INCLUDED,0.0,0,59,-0.01
E2_DYNAMIC_INCREMENTAL_AFTER_FULL_REUSE,CDF10/CDF-HARSH,1,r8c-1386-c1c5535ede07a9a3,DT-RAMDE_TS2_FULL,r8c-3339-a7af6261d585034b,NO_MEMORY_RESET_GATE,INCLUDED,0.5084745762711864,30,59,-0.01
E2_DYNAMIC_INCREMENTAL_AFTER_FULL_REUSE,CDF10/CDF-HARSH,1,r8c-1386-c1c5535ede07a9a3,DT-RAMDE_TS2_FULL,r8c-3340-414c924f5c6938c1,NO_LINEAGE_CREDIT,INCLUDED,0.6610169491525424,39,59,-0.01
E2_DYNAMIC_INCREMENTAL_AFTER_FULL_REUSE,CDF10/CDF-HARSH,1,r8c-1386-c1c5535ede07a9a3,DT-RAMDE_TS2_FULL,r8c-3341-7b515b6f257eba41,CROSS_EVENT_WARM_START_ONLY,INCLUDED,0.6779661016949152,40,59,-0.01
E2_DYNAMIC_INCREMENTAL_AFTER_FULL_REUSE,CDF10/CDF-HARSH,1,r8c-1386-c1c5535ede07a9a3,DT-RAMDE_TS2_FULL,r8c-3342-0d08ea9e8d01c398,CROSS_EVENT_MEMORY_ONLY,INCLUDED,0.0,0,59,-0.01
E2_DYNAMIC_INCREMENTAL_AFTER_FULL_REUSE,CDF10/CDF-HARSH,1,r8c-1386-c1c5535ede07a9a3,DT-RAMDE_TS2_FULL,r8c-3343-aba23028fc6337c8,SHADE_ONLY,INCLUDED,0.0,0,59,-0.01
E2_DYNAMIC_INCREMENTAL_AFTER_FULL_REUSE,CDF10/CDF-HARSH,2,r8c-1392-fd7da44b9c28c0d2,DT-RAMDE_TS2_FULL,r8c-3344-31b78daef8c27c10,NO_CROSS_EVENT_MEMORY,INCLUDED,0.0,0,59,-0.01
E2_DYNAMIC_INCREMENTAL_AFTER_FULL_REUSE,CDF10/CDF-HARSH,2,r8c-1392-fd7da44b9c28c0d2,DT-RAMDE_TS2_FULL,r8c-3345-4f865d0b9e7cf281,NO_REJECTION_CREDIT,INCLUDED,0.11864406779661017,7,59,-0.01
E2_DYNAMIC_INCREMENTAL_AFTER_FULL_REUSE,CDF10/CDF-HARSH,2,r8c-1392-fd7da44b9c28c0d2,DT-RAMDE_TS2_FULL,r8c-3346-191c74d3a7f3f8b2,NO_MEMORY_RESET_GATE,INCLUDED,0.9661016949152542,57,59,-0.01
E2_DYNAMIC_INCREMENTAL_AFTER_FULL_REUSE,CDF10/CDF-HARSH,2,r8c-1392-fd7da44b9c28c0d2,DT-RAMDE_TS2_FULL,r8c-3347-8c2cc02aa81f1b4f,NO_LINEAGE_CREDIT,INCLUDED,0.9491525423728814,56,59,-0.01
E2_DYNAMIC_INCREMENTAL_AFTER_FULL_REUSE,CDF10/CDF-HARSH,2,r8c-1392-fd7da44b9c28c0d2,DT-RAMDE_TS2_FULL,r8c-3348-8e0e789f95511b56,CROSS_EVENT_WARM_START_ONLY,INCLUDED,0.1016949152542373,6,59,-0.01
E2_DYNAMIC_INCREMENTAL_AFTER_FULL_REUSE,CDF10/CDF-HARSH,2,r8c-1392-fd7da44b9c28c0d2,DT-RAMDE_TS2_FULL,r8c-3349-557513cd11e90a05,CROSS_EVENT_MEMORY_ONLY,INCLUDED,0.0,0,59,-0.01
E2_DYNAMIC_INCREMENTAL_AFTER_FULL_REUSE,CDF10/CDF-HARSH,2,r8c-1392-fd7da44b9c28c0d2,DT-RAMDE_TS2_FULL,r8c-3350-509b7719979c04db,SHADE_ONLY,INCLUDED,0.0,0,59,-0.01
E2_DYNAMIC_INCREMENTAL_AFTER_FULL_REUSE,CDF10/CDF-HARSH,3,r8c-1398-5f4e58e397e39396,DT-RAMDE_TS2_FULL,r8c-3351-ddc6ac2b7e1fef67,NO_CROSS_EVENT_MEMORY,INCLUDED,0.0,0,59,-0.01
E2_DYNAMIC_INCREMENTAL_AFTER_FULL_REUSE,CDF10/CDF-HARSH,3,r8c-1398-5f4e58e397e39396,DT-RAMDE_TS2_FULL,r8c-3352-42f7ec01a6513b5c,NO_REJECTION_CREDIT,INCLUDED,0.847457627118644,50,59,-0.01
E2_DYNAMIC_INCREMENTAL_AFTER_FULL_REUSE,CDF10/CDF-HARSH,3,r8c-1398-5f4e58e397e39396,DT-RAMDE_TS2_FULL,r8c-3353-febd64aa70995644,NO_MEMORY_RESET_GATE,INCLUDED,0.0,0,59,-0.01
E2_DYNAMIC_INCREMENTAL_AFTER_FULL_REUSE,CDF10/CDF-HARSH,3,r8c-1398-5f4e58e397e39396,DT-RAMDE_TS2_FULL,r8c-3354-e4404509c220b1ea,NO_LINEAGE_CREDIT,INCLUDED,0.01694915254237288,1,59,-0.01
E2_DYNAMIC_INCREMENTAL_AFTER_FULL_REUSE,CDF10/CDF-HARSH,3,r8c-1398-5f4e58e397e39396,DT-RAMDE_TS2_FULL,r8c-3355-9db3b397d454bd7e,CROSS_EVENT_WARM_START_ONLY,INCLUDED,0.5932203389830508,35,59,-0.01
E2_DYNAMIC_INCREMENTAL_AFTER_FULL_REUSE,CDF10/CDF-HARSH,3,r8c-1398-5f4e58e397e39396,DT-RAMDE_TS2_FULL,r8c-3356-dc39d58c7b87dd75,CROSS_EVENT_MEMORY_ONLY,INCLUDED,0.0,0,59,-0.01
E2_DYNAMIC_INCREMENTAL_AFTER_FULL_REUSE,CDF10/CDF-HARSH,3,r8c-1398-5f4e58e397e39396,DT-RAMDE_TS2_FULL,r8c-3357-5a3fe6730ec2e4a4,SHADE_ONLY,INCLUDED,0.0,0,59,-0.01
E2_DYNAMIC_INCREMENTAL_AFTER_FULL_REUSE,CDF10/CDF-HARSH,4,r8c-1404-63f9f3047baca778,DT-RAMDE_TS2_FULL,r8c-3358-2dff2c5b093973ec,NO_CROSS_EVENT_MEMORY,INCLUDED,0.0,0,59,-0.01
E2_DYNAMIC_INCREMENTAL_AFTER_FULL_REUSE,CDF10/CDF-HARSH,4,r8c-1404-63f9f3047baca778,DT-RAMDE_TS2_FULL,r8c-3359-58fdaf1ae5778a44,NO_REJECTION_CREDIT,INCLUDED,0.8813559322033898,52,59,-0.01
E2_DYNAMIC_INCREMENTAL_AFTER_FULL_REUSE,CDF10/CDF-HARSH,4,r8c-1404-63f9f3047baca778,DT-RAMDE_TS2_FULL,r8c-3360-103ef737314777b4,NO_MEMORY_RESET_GATE,INCLUDED,0.0,0,59,-0.01
E2_DYNAMIC_INCREMENTAL_AFTER_FULL_REUSE,CDF10/CDF-HARSH,4,r8c-1404-63f9f3047baca778,DT-RAMDE_TS2_FULL,r8c-3361-a4fa9ff2bc648502,NO_LINEAGE_CREDIT,INCLUDED,0.0,0,59,-0.01
E2_DYNAMIC_INCREMENTAL_AFTER_FULL_REUSE,CDF10/CDF-HARSH,4,r8c-1404-63f9f3047baca778,DT-RAMDE_TS2_FULL,r8c-3362-2173c4ed549bda9b,CROSS_EVENT_WARM_START_ONLY,INCLUDED,0.01694915254237288,1,59,-0.01
E2_DYNAMIC_INCREMENTAL_AFTER_FULL_REUSE,CDF10/CDF-HARSH,4,r8c-1404-63f9f3047baca778,DT-RAMDE_TS2_FULL,r8c-3363-67536cfb2f9ddf14,CROSS_EVENT_MEMORY_ONLY,INCLUDED,0.0,0,59,-0.01
E2_DYNAMIC_INCREMENTAL_AFTER_FULL_REUSE,CDF10/CDF-HARSH,4,r8c-1404-63f9f3047baca778,DT-RAMDE_TS2_FULL,r8c-3364-b1eaadee90703a03,SHADE_ONLY,INCLUDED,0.0,0,59,-0.01
E2_DYNAMIC_INCREMENTAL_AFTER_FULL_REUSE,CDF10/CDF-MILD,0,r8c-1410-156d3fe22bc76c6d,DT-RAMDE_TS2_FULL,r8c-3365-0b75e3d47d66606d,NO_CROSS_EVENT_MEMORY,INCLUDED,0.0,0,59,-0.01
E2_DYNAMIC_INCREMENTAL_AFTER_FULL_REUSE,CDF10/CDF-MILD,0,r8c-1410-156d3fe22bc76c6d,DT-RAMDE_TS2_FULL,r8c-3366-d2d595608cdce02a,NO_REJECTION_CREDIT,INCLUDED,0.9661016949152542,57,59,-0.01
E2_DYNAMIC_INCREMENTAL_AFTER_FULL_REUSE,CDF10/CDF-MILD,0,r8c-1410-156d3fe22bc76c6d,DT-RAMDE_TS2_FULL,r8c-3367-ae4ccd8922d06400,NO_MEMORY_RESET_GATE,INCLUDED,0.9322033898305084,55,59,-0.01
E2_DYNAMIC_INCREMENTAL_AFTER_FULL_REUSE,CDF10/CDF-MILD,0,r8c-1410-156d3fe22bc76c6d,DT-RAMDE_TS2_FULL,r8c-3368-fd46b4b5890b8856,NO_LINEAGE_CREDIT,INCLUDED,0.9661016949152542,57,59,-0.01
E2_DYNAMIC_INCREMENTAL_AFTER_FULL_REUSE,CDF10/CDF-MILD,0,r8c-1410-156d3fe22bc76c6d,DT-RAMDE_TS2_FULL,r8c-3369-4500e7f5b13692a5,CROSS_EVENT_WARM_START_ONLY,INCLUDED,0.0,0,59,-0.01
E2_DYNAMIC_INCREMENTAL_AFTER_FULL_REUSE,CDF10/CDF-MILD,0,r8c-1410-156d3fe22bc76c6d,DT-RAMDE_TS2_FULL,r8c-3370-37ded3004605f35d,CROSS_EVENT_MEMORY_ONLY,INCLUDED,0.0,0,59,-0.01
E2_DYNAMIC_INCREMENTAL_AFTER_FULL_REUSE,CDF10/CDF-MILD,0,r8c-1410-156d3fe22bc76c6d,DT-RAMDE_TS2_FULL,r8c-3371-3aef34a3a9104259,SHADE_ONLY,INCLUDED,0.0,0,59,-0.01
E2_DYNAMIC_INCREMENTAL_AFTER_FULL_REUSE,CDF10/CDF-MILD,1,r8c-1416-7f6722a2162b7594,DT-RAMDE_TS2_FULL,r8c-3372-250b0e798d80b639,NO_CROSS_EVENT_MEMORY,INCLUDED,0.0,0,59,-0.01
E2_DYNAMIC_INCREMENTAL_AFTER_FULL_REUSE,CDF10/CDF-MILD,1,r8c-1416-7f6722a2162b7594,DT-RAMDE_TS2_FULL,r8c-3373-00094171538a5696,NO_REJECTION_CREDIT,INCLUDED,0.8983050847457628,53,59,-0.01
E2_DYNAMIC_INCREMENTAL_AFTER_FULL_REUSE,CDF10/CDF-MILD,1,r8c-1416-7f6722a2162b7594,DT-RAMDE_TS2_FULL,r8c-3374-4337cd62aebab539,NO_MEMORY_RESET_GATE,INCLUDED,0.9661016949152542,57,59,-0.01
E2_DYNAMIC_INCREMENTAL_AFTER_FULL_REUSE,CDF10/CDF-MILD,1,r8c-1416-7f6722a2162b7594,DT-RAMDE_TS2_FULL,r8c-3375-f861da7684003a61,NO_LINEAGE_CREDIT,INCLUDED,0.9661016949152542,57,59,-0.01
E2_DYNAMIC_INCREMENTAL_AFTER_FULL_REUSE,CDF10/CDF-MILD,1,r8c-1416-7f6722a2162b7594,DT-RAMDE_TS2_FULL,r8c-3376-7784013d0bbd9fd9,CROSS_EVENT_WARM_START_ONLY,INCLUDED,0.9491525423728814,56,59,-0.01
E2_DYNAMIC_INCREMENTAL_AFTER_FULL_REUSE,CDF10/CDF-MILD,1,r8c-1416-7f6722a2162b7594,DT-RAMDE_TS2_FULL,r8c-3377-ab7923b09b567c79,CROSS_EVENT_MEMORY_ONLY,INCLUDED,0.0,0,59,-0.01
E2_DYNAMIC_INCREMENTAL_AFTER_FULL_REUSE,CDF10/CDF-MILD,1,r8c-1416-7f6722a2162b7594,DT-RAMDE_TS2_FULL,r8c-3378-fbeaa58331a7a85e,SHADE_ONLY,INCLUDED,0.0,0,59,-0.01
E2_DYNAMIC_INCREMENTAL_AFTER_FULL_REUSE,CDF10/CDF-MILD,2,r8c-1422-1fd6414a680da147,DT-RAMDE_TS2_FULL,r8c-3379-2a032774fb4cf370,NO_CROSS_EVENT_MEMORY,INCLUDED,0.0,0,59,-0.01
E2_DYNAMIC_INCREMENTAL_AFTER_FULL_REUSE,CDF10/CDF-MILD,2,r8c-1422-1fd6414a680da147,DT-RAMDE_TS2_FULL,r8c-3380-f0b23602f3da5571,NO_REJECTION_CREDIT,INCLUDED,0.9661016949152542,57,59,-0.01
E2_DYNAMIC_INCREMENTAL_AFTER_FULL_REUSE,CDF10/CDF-MILD,2,r8c-1422-1fd6414a680da147,DT-RAMDE_TS2_FULL,r8c-3381-f68831f1443c7f99,NO_MEMORY_RESET_GATE,INCLUDED,0.9661016949152542,57,59,-0.01
E2_DYNAMIC_INCREMENTAL_AFTER_FULL_REUSE,CDF10/CDF-MILD,2,r8c-1422-1fd6414a680da147,DT-RAMDE_TS2_FULL,r8c-3382-7ccece6c0b59471b,NO_LINEAGE_CREDIT,INCLUDED,0.9661016949152542,57,59,-0.01
E2_DYNAMIC_INCREMENTAL_AFTER_FULL_REUSE,CDF10/CDF-MILD,2,r8c-1422-1fd6414a680da147,DT-RAMDE_TS2_FULL,r8c-3383-e41161061cd87b59,CROSS_EVENT_WARM_START_ONLY,INCLUDED,0.9661016949152542,57,59,-0.01
E2_DYNAMIC_INCREMENTAL_AFTER_FULL_REUSE,CDF10/CDF-MILD,2,r8c-1422-1fd6414a680da147,DT-RAMDE_TS2_FULL,r8c-3384-0ad7c7ef3960a832,CROSS_EVENT_MEMORY_ONLY,INCLUDED,0.0,0,59,-0.01
E2_DYNAMIC_INCREMENTAL_AFTER_FULL_REUSE,CDF10/CDF-MILD,2,r8c-1422-1fd6414a680da147,DT-RAMDE_TS2_FULL,r8c-3385-50dd48b9e5a39e4e,SHADE_ONLY,INCLUDED,0.0,0,59,-0.01
E2_DYNAMIC_INCREMENTAL_AFTER_FULL_REUSE,CDF10/CDF-MILD,3,r8c-1428-77f474813fb0ee69,DT-RAMDE_TS2_FULL,r8c-3386-db08ad7dccf5c2ec,NO_CROSS_EVENT_MEMORY,INCLUDED,0.0,0,59,-0.01
E2_DYNAMIC_INCREMENTAL_AFTER_FULL_REUSE,CDF10/CDF-MILD,3,r8c-1428-77f474813fb0ee69,DT-RAMDE_TS2_FULL,r8c-3387-20741974c3ad107b,NO_REJECTION_CREDIT,INCLUDED,0.01694915254237288,1,59,-0.01
E2_DYNAMIC_INCREMENTAL_AFTER_FULL_REUSE,CDF10/CDF-MILD,3,r8c-1428-77f474813fb0ee69,DT-RAMDE_TS2_FULL,r8c-3388-f31f5e571a9ded63,NO_MEMORY_RESET_GATE,INCLUDED,0.01694915254237288,1,59,-0.01
E2_DYNAMIC_INCREMENTAL_AFTER_FULL_REUSE,CDF10/CDF-MILD,3,r8c-1428-77f474813fb0ee69,DT-RAMDE_TS2_FULL,r8c-3389-4f3f53d73da51f00,NO_LINEAGE_CREDIT,INCLUDED,0.01694915254237288,1,59,-0.01
E2_DYNAMIC_INCREMENTAL_AFTER_FULL_REUSE,CDF10/CDF-MILD,3,r8c-1428-77f474813fb0ee69,DT-RAMDE_TS2_FULL,r8c-3390-619bfce7f23836b4,CROSS_EVENT_WARM_START_ONLY,INCLUDED,0.1016949152542373,6,59,-0.01
E2_DYNAMIC_INCREMENTAL_AFTER_FULL_REUSE,CDF10/CDF-MILD,3,r8c-1428-77f474813fb0ee69,DT-RAMDE_TS2_FULL,r8c-3391-f4792d8b994b9c3a,CROSS_EVENT_MEMORY_ONLY,INCLUDED,0.0,0,59,-0.01
E2_DYNAMIC_INCREMENTAL_AFTER_FULL_REUSE,CDF10/CDF-MILD,3,r8c-1428-77f474813fb0ee69,DT-RAMDE_TS2_FULL,r8c-3392-a7218ebfe98f1a6a,SHADE_ONLY,INCLUDED,0.0,0,59,-0.01
E2_DYNAMIC_INCREMENTAL_AFTER_FULL_REUSE,CDF10/CDF-MILD,4,r8c-1434-c97558f5034c077c,DT-RAMDE_TS2_FULL,r8c-3393-2266d011606869c9,NO_CROSS_EVENT_MEMORY,INCLUDED,0.0,0,59,-0.01
E2_DYNAMIC_INCREMENTAL_AFTER_FULL_REUSE,CDF10/CDF-MILD,4,r8c-1434-c97558f5034c077c,DT-RAMDE_TS2_FULL,r8c-3394-ee1716ea6a812eec,NO_REJECTION_CREDIT,INCLUDED,0.0,0,59,-0.01
E2_DYNAMIC_INCREMENTAL_AFTER_FULL_REUSE,CDF10/CDF-MILD,4,r8c-1434-c97558f5034c077c,DT-RAMDE_TS2_FULL,r8c-3395-1cd096d1d30fc2a0,NO_MEMORY_RESET_GATE,INCLUDED,0.0,0,59,-0.01
E2_DYNAMIC_INCREMENTAL_AFTER_FULL_REUSE,CDF10/CDF-MILD,4,r8c-1434-c97558f5034c077c,DT-RAMDE_TS2_FULL,r8c-3396-c6c51d6dd5845c07,NO_LINEAGE_CREDIT,INCLUDED,0.0,0,59,-0.01
E2_DYNAMIC_INCREMENTAL_AFTER_FULL_REUSE,CDF10/CDF-MILD,4,r8c-1434-c97558f5034c077c,DT-RAMDE_TS2_FULL,r8c-3397-2fe1d87ed5183fc0,CROSS_EVENT_WARM_START_ONLY,INCLUDED,0.0,0,59,-0.01
E2_DYNAMIC_INCREMENTAL_AFTER_FULL_REUSE,CDF10/CDF-MILD,4,r8c-1434-c97558f5034c077c,DT-RAMDE_TS2_FULL,r8c-3398-2195ceb0e82599d2,CROSS_EVENT_MEMORY_ONLY,INCLUDED,0.0,0,59,-0.01
E2_DYNAMIC_INCREMENTAL_AFTER_FULL_REUSE,CDF10/CDF-MILD,4,r8c-1434-c97558f5034c077c,DT-RAMDE_TS2_FULL,r8c-3399-c5b03db15b49d34e,SHADE_ONLY,INCLUDED,0.0,0,59,-0.01
E2_DYNAMIC_INCREMENTAL_AFTER_FULL_REUSE,CDF11/CDF-HARSH,0,r8c-1440-48ab29cf3f25a05d,DT-RAMDE_TS2_FULL,r8c-3400-b98b52959ba04652,NO_CROSS_EVENT_MEMORY,INCLUDED,0.0,0,59,-0.01
E2_DYNAMIC_INCREMENTAL_AFTER_FULL_REUSE,CDF11/CDF-HARSH,0,r8c-1440-48ab29cf3f25a05d,DT-RAMDE_TS2_FULL,r8c-3401-f28bc7a9ed9ad466,NO_REJECTION_CREDIT,INCLUDED,0.1864406779661017,11,59,-0.01
E2_DYNAMIC_INCREMENTAL_AFTER_FULL_REUSE,CDF11/CDF-HARSH,0,r8c-1440-48ab29cf3f25a05d,DT-RAMDE_TS2_FULL,r8c-3402-867f79e1f4a62524,NO_MEMORY_RESET_GATE,INCLUDED,0.3728813559322034,22,59,-0.01
E2_DYNAMIC_INCREMENTAL_AFTER_FULL_REUSE,CDF11/CDF-HARSH,0,r8c-1440-48ab29cf3f25a05d,DT-RAMDE_TS2_FULL,r8c-3403-1adf40c771a4a2a1,NO_LINEAGE_CREDIT,INCLUDED,0.0,0,59,-0.01
E2_DYNAMIC_INCREMENTAL_AFTER_FULL_REUSE,CDF11/CDF-HARSH,0,r8c-1440-48ab29cf3f25a05d,DT-RAMDE_TS2_FULL,r8c-3404-a4f54c2a12362321,CROSS_EVENT_WARM_START_ONLY,INCLUDED,0.0,0,59,-0.01
E2_DYNAMIC_INCREMENTAL_AFTER_FULL_REUSE,CDF11/CDF-HARSH,0,r8c-1440-48ab29cf3f25a05d,DT-RAMDE_TS2_FULL,r8c-3405-6558b6812c2f805a,CROSS_EVENT_MEMORY_ONLY,INCLUDED,0.0,0,59,-0.01
E2_DYNAMIC_INCREMENTAL_AFTER_FULL_REUSE,CDF11/CDF-HARSH,0,r8c-1440-48ab29cf3f25a05d,DT-RAMDE_TS2_FULL,r8c-3406-d20565771a7dfae2,SHADE_ONLY,INCLUDED,0.0,0,59,-0.01
E2_DYNAMIC_INCREMENTAL_AFTER_FULL_REUSE,CDF11/CDF-HARSH,1,r8c-1446-5f3dd9b313d88fdc,DT-RAMDE_TS2_FULL,r8c-3407-c5aef817ca3daa31,NO_CROSS_EVENT_MEMORY,INCLUDED,0.0,0,59,-0.01
E2_DYNAMIC_INCREMENTAL_AFTER_FULL_REUSE,CDF11/CDF-HARSH,1,r8c-1446-5f3dd9b313d88fdc,DT-RAMDE_TS2_FULL,r8c-3408-60a6d435edc8d2ce,NO_REJECTION_CREDIT,INCLUDED,0.23728813559322035,14,59,-0.01
E2_DYNAMIC_INCREMENTAL_AFTER_FULL_REUSE,CDF11/CDF-HARSH,1,r8c-1446-5f3dd9b313d88fdc,DT-RAMDE_TS2_FULL,r8c-3409-4e18c05785cd5005,NO_MEMORY_RESET_GATE,INCLUDED,0.0,0,59,-0.01
E2_DYNAMIC_INCREMENTAL_AFTER_FULL_REUSE,CDF11/CDF-HARSH,1,r8c-1446-5f3dd9b313d88fdc,DT-RAMDE_TS2_FULL,r8c-3410-fdd587b9d16bc2cc,NO_LINEAGE_CREDIT,INCLUDED,0.0847457627118644,5,59,-0.01
E2_DYNAMIC_INCREMENTAL_AFTER_FULL_REUSE,CDF11/CDF-HARSH,1,r8c-1446-5f3dd9b313d88fdc,DT-RAMDE_TS2_FULL,r8c-3411-35ea00c64c6e360e,CROSS_EVENT_WARM_START_ONLY,INCLUDED,0.0,0,59,-0.01
E2_DYNAMIC_INCREMENTAL_AFTER_FULL_REUSE,CDF11/CDF-HARSH,1,r8c-1446-5f3dd9b313d88fdc,DT-RAMDE_TS2_FULL,r8c-3412-cc31c84a0d7ac80f,CROSS_EVENT_MEMORY_ONLY,INCLUDED,0.0,0,59,-0.01
E2_DYNAMIC_INCREMENTAL_AFTER_FULL_REUSE,CDF11/CDF-HARSH,1,r8c-1446-5f3dd9b313d88fdc,DT-RAMDE_TS2_FULL,r8c-3413-f226bba0b3d373c7,SHADE_ONLY,INCLUDED,0.0,0,59,-0.01
E2_DYNAMIC_INCREMENTAL_AFTER_FULL_REUSE,CDF11/CDF-HARSH,2,r8c-1452-77376ca80397bb4c,DT-RAMDE_TS2_FULL,r8c-3414-8b2acd57b13e8dc5,NO_CROSS_EVENT_MEMORY,INCLUDED,0.0,0,59,-0.01
E2_DYNAMIC_INCREMENTAL_AFTER_FULL_REUSE,CDF11/CDF-HARSH,2,r8c-1452-77376ca80397bb4c,DT-RAMDE_TS2_FULL,r8c-3415-65bbe455977dcaf0,NO_REJECTION_CREDIT,INCLUDED,0.3050847457627119,18,59,-0.01
E2_DYNAMIC_INCREMENTAL_AFTER_FULL_REUSE,CDF11/CDF-HARSH,2,r8c-1452-77376ca80397bb4c,DT-RAMDE_TS2_FULL,r8c-3416-3667bfa5109824ff,NO_MEMORY_RESET_GATE,INCLUDED,0.9491525423728814,56,59,-0.01
E2_DYNAMIC_INCREMENTAL_AFTER_FULL_REUSE,CDF11/CDF-HARSH,2,r8c-1452-77376ca80397bb4c,DT-RAMDE_TS2_FULL,r8c-3417-2518d776e5fa482e,NO_LINEAGE_CREDIT,INCLUDED,0.9830508474576272,58,59,-0.01
E2_DYNAMIC_INCREMENTAL_AFTER_FULL_REUSE,CDF11/CDF-HARSH,2,r8c-1452-77376ca80397bb4c,DT-RAMDE_TS2_FULL,r8c-3418-f5c7df18a27e98d5,CROSS_EVENT_WARM_START_ONLY,INCLUDED,0.9830508474576272,58,59,-0.01
E2_DYNAMIC_INCREMENTAL_AFTER_FULL_REUSE,CDF11/CDF-HARSH,2,r8c-1452-77376ca80397bb4c,DT-RAMDE_TS2_FULL,r8c-3419-07f9f7673149a72e,CROSS_EVENT_MEMORY_ONLY,INCLUDED,0.0,0,59,-0.01
E2_DYNAMIC_INCREMENTAL_AFTER_FULL_REUSE,CDF11/CDF-HARSH,2,r8c-1452-77376ca80397bb4c,DT-RAMDE_TS2_FULL,r8c-3420-236f606192eb459d,SHADE_ONLY,INCLUDED,0.0,0,59,-0.01
E2_DYNAMIC_INCREMENTAL_AFTER_FULL_REUSE,CDF11/CDF-HARSH,3,r8c-1458-ca996688c84a01e6,DT-RAMDE_TS2_FULL,r8c-3421-50a73561b78ce71a,NO_CROSS_EVENT_MEMORY,INCLUDED,0.0,0,59,-0.01
E2_DYNAMIC_INCREMENTAL_AFTER_FULL_REUSE,CDF11/CDF-HARSH,3,r8c-1458-ca996688c84a01e6,DT-RAMDE_TS2_FULL,r8c-3422-a091e06d7e957125,NO_REJECTION_CREDIT,INCLUDED,0.6949152542372882,41,59,-0.01
E2_DYNAMIC_INCREMENTAL_AFTER_FULL_REUSE,CDF11/CDF-HARSH,3,r8c-1458-ca996688c84a01e6,DT-RAMDE_TS2_FULL,r8c-3423-5dabbf3825b0004a,NO_MEMORY_RESET_GATE,INCLUDED,0.0,0,59,-0.01
E2_DYNAMIC_INCREMENTAL_AFTER_FULL_REUSE,CDF11/CDF-HARSH,3,r8c-1458-ca996688c84a01e6,DT-RAMDE_TS2_FULL,r8c-3424-da4f26b74880f320,NO_LINEAGE_CREDIT,INCLUDED,0.4406779661016949,26,59,-0.01
E2_DYNAMIC_INCREMENTAL_AFTER_FULL_REUSE,CDF11/CDF-HARSH,3,r8c-1458-ca996688c84a01e6,DT-RAMDE_TS2_FULL,r8c-3425-c9040a27394a8297,CROSS_EVENT_WARM_START_ONLY,INCLUDED,0.01694915254237288,1,59,-0.01
E2_DYNAMIC_INCREMENTAL_AFTER_FULL_REUSE,CDF11/CDF-HARSH,3,r8c-1458-ca996688c84a01e6,DT-RAMDE_TS2_FULL,r8c-3426-ad25f04b2cc56dc0,CROSS_EVENT_MEMORY_ONLY,INCLUDED,0.0,0,59,-0.01
E2_DYNAMIC_INCREMENTAL_AFTER_FULL_REUSE,CDF11/CDF-HARSH,3,r8c-1458-ca996688c84a01e6,DT-RAMDE_TS2_FULL,r8c-3427-35496c45fd05012d,SHADE_ONLY,INCLUDED,0.0,0,59,-0.01
E2_DYNAMIC_INCREMENTAL_AFTER_FULL_REUSE,CDF11/CDF-HARSH,4,r8c-1464-ada27dc03f796cd7,DT-RAMDE_TS2_FULL,r8c-3428-7f3b49bd0070883a,NO_CROSS_EVENT_MEMORY,INCLUDED,0.0,0,59,-0.01
E2_DYNAMIC_INCREMENTAL_AFTER_FULL_REUSE,CDF11/CDF-HARSH,4,r8c-1464-ada27dc03f796cd7,DT-RAMDE_TS2_FULL,r8c-3429-125bc2713e4ff508,NO_REJECTION_CREDIT,INCLUDED,0.3559322033898305,21,59,-0.01
E2_DYNAMIC_INCREMENTAL_AFTER_FULL_REUSE,CDF11/CDF-HARSH,4,r8c-1464-ada27dc03f796cd7,DT-RAMDE_TS2_FULL,r8c-3430-b91b497604823e5d,NO_MEMORY_RESET_GATE,INCLUDED,0.6101694915254238,36,59,-0.01
E2_DYNAMIC_INCREMENTAL_AFTER_FULL_REUSE,CDF11/CDF-HARSH,4,r8c-1464-ada27dc03f796cd7,DT-RAMDE_TS2_FULL,r8c-3431-bd924a7c786ced4c,NO_LINEAGE_CREDIT,INCLUDED,0.5254237288135594,31,59,-0.01
E2_DYNAMIC_INCREMENTAL_AFTER_FULL_REUSE,CDF11/CDF-HARSH,4,r8c-1464-ada27dc03f796cd7,DT-RAMDE_TS2_FULL,r8c-3432-84286cc72310edcc,CROSS_EVENT_WARM_START_ONLY,INCLUDED,0.4406779661016949,26,59,-0.01
E2_DYNAMIC_INCREMENTAL_AFTER_FULL_REUSE,CDF11/CDF-HARSH,4,r8c-1464-ada27dc03f796cd7,DT-RAMDE_TS2_FULL,r8c-3433-02d2abf24543edd1,CROSS_EVENT_MEMORY_ONLY,INCLUDED,0.0,0,59,-0.01
E2_DYNAMIC_INCREMENTAL_AFTER_FULL_REUSE,CDF11/CDF-HARSH,4,r8c-1464-ada27dc03f796cd7,DT-RAMDE_TS2_FULL,r8c-3434-0867bf89925f06f4,SHADE_ONLY,INCLUDED,0.0,0,59,-0.01
E2_DYNAMIC_INCREMENTAL_AFTER_FULL_REUSE,CDF11/CDF-MILD,0,r8c-1470-53b00b66a44a96e3,DT-RAMDE_TS2_FULL,r8c-3435-1e724a1c393bd7f1,NO_CROSS_EVENT_MEMORY,INCLUDED,0.0,0,59,-0.01
E2_DYNAMIC_INCREMENTAL_AFTER_FULL_REUSE,CDF11/CDF-MILD,0,r8c-1470-53b00b66a44a96e3,DT-RAMDE_TS2_FULL,r8c-3436-abd870dd98f80064,NO_REJECTION_CREDIT,INCLUDED,0.711864406779661,42,59,-0.01
E2_DYNAMIC_INCREMENTAL_AFTER_FULL_REUSE,CDF11/CDF-MILD,0,r8c-1470-53b00b66a44a96e3,DT-RAMDE_TS2_FULL,r8c-3437-a7631e52484a3856,NO_MEMORY_RESET_GATE,INCLUDED,0.6440677966101694,38,59,-0.01
E2_DYNAMIC_INCREMENTAL_AFTER_FULL_REUSE,CDF11/CDF-MILD,0,r8c-1470-53b00b66a44a96e3,DT-RAMDE_TS2_FULL,r8c-3438-bad4ff02fb97f11b,NO_LINEAGE_CREDIT,INCLUDED,0.0,0,59,-0.01
E2_DYNAMIC_INCREMENTAL_AFTER_FULL_REUSE,CDF11/CDF-MILD,0,r8c-1470-53b00b66a44a96e3,DT-RAMDE_TS2_FULL,r8c-3439-b794d26ce6c8943c,CROSS_EVENT_WARM_START_ONLY,INCLUDED,0.01694915254237288,1,59,-0.01
E2_DYNAMIC_INCREMENTAL_AFTER_FULL_REUSE,CDF11/CDF-MILD,0,r8c-1470-53b00b66a44a96e3,DT-RAMDE_TS2_FULL,r8c-3440-6085af8ec121d429,CROSS_EVENT_MEMORY_ONLY,INCLUDED,0.0,0,59,-0.01
E2_DYNAMIC_INCREMENTAL_AFTER_FULL_REUSE,CDF11/CDF-MILD,0,r8c-1470-53b00b66a44a96e3,DT-RAMDE_TS2_FULL,r8c-3441-b2dae890daa34655,SHADE_ONLY,INCLUDED,0.0,0,59,-0.01
E2_DYNAMIC_INCREMENTAL_AFTER_FULL_REUSE,CDF11/CDF-MILD,1,r8c-1476-89ec3eeb4c9ed5d3,DT-RAMDE_TS2_FULL,r8c-3442-4415a8ea677fe1a7,NO_CROSS_EVENT_MEMORY,INCLUDED,0.0,0,59,-0.01
E2_DYNAMIC_INCREMENTAL_AFTER_FULL_REUSE,CDF11/CDF-MILD,1,r8c-1476-89ec3eeb4c9ed5d3,DT-RAMDE_TS2_FULL,r8c-3443-56cb0636b719f4cd,NO_REJECTION_CREDIT,INCLUDED,0.4406779661016949,26,59,-0.01
E2_DYNAMIC_INCREMENTAL_AFTER_FULL_REUSE,CDF11/CDF-MILD,1,r8c-1476-89ec3eeb4c9ed5d3,DT-RAMDE_TS2_FULL,r8c-3444-82c6ae779d025eb8,NO_MEMORY_RESET_GATE,INCLUDED,0.0,0,59,-0.01
E2_DYNAMIC_INCREMENTAL_AFTER_FULL_REUSE,CDF11/CDF-MILD,1,r8c-1476-89ec3eeb4c9ed5d3,DT-RAMDE_TS2_FULL,r8c-3445-3ee1462980bd8aee,NO_LINEAGE_CREDIT,INCLUDED,0.4915254237288136,29,59,-0.01
E2_DYNAMIC_INCREMENTAL_AFTER_FULL_REUSE,CDF11/CDF-MILD,1,r8c-1476-89ec3eeb4c9ed5d3,DT-RAMDE_TS2_FULL,r8c-3446-48aa75904f28a139,CROSS_EVENT_WARM_START_ONLY,INCLUDED,0.01694915254237288,1,59,-0.01
E2_DYNAMIC_INCREMENTAL_AFTER_FULL_REUSE,CDF11/CDF-MILD,1,r8c-1476-89ec3eeb4c9ed5d3,DT-RAMDE_TS2_FULL,r8c-3447-53785406e7683961,CROSS_EVENT_MEMORY_ONLY,INCLUDED,0.0,0,59,-0.01
E2_DYNAMIC_INCREMENTAL_AFTER_FULL_REUSE,CDF11/CDF-MILD,1,r8c-1476-89ec3eeb4c9ed5d3,DT-RAMDE_TS2_FULL,r8c-3448-a00fa197f0363a1e,SHADE_ONLY,INCLUDED,0.0,0,59,-0.01
E2_DYNAMIC_INCREMENTAL_AFTER_FULL_REUSE,CDF11/CDF-MILD,2,r8c-1482-1b566f39e47008db,DT-RAMDE_TS2_FULL,r8c-3449-c760e78ccd2abf47,NO_CROSS_EVENT_MEMORY,INCLUDED,0.0,0,59,-0.01
E2_DYNAMIC_INCREMENTAL_AFTER_FULL_REUSE,CDF11/CDF-MILD,2,r8c-1482-1b566f39e47008db,DT-RAMDE_TS2_FULL,r8c-3450-425fb722c667b5df,NO_REJECTION_CREDIT,INCLUDED,0.15254237288135594,9,59,-0.01
E2_DYNAMIC_INCREMENTAL_AFTER_FULL_REUSE,CDF11/CDF-MILD,2,r8c-1482-1b566f39e47008db,DT-RAMDE_TS2_FULL,r8c-3451-b00a346fa3f2c071,NO_MEMORY_RESET_GATE,INCLUDED,0.9152542372881356,54,59,-0.01
E2_DYNAMIC_INCREMENTAL_AFTER_FULL_REUSE,CDF11/CDF-MILD,2,r8c-1482-1b566f39e47008db,DT-RAMDE_TS2_FULL,r8c-3452-ad34f25db2016c61,NO_LINEAGE_CREDIT,INCLUDED,0.9661016949152542,57,59,-0.01
E2_DYNAMIC_INCREMENTAL_AFTER_FULL_REUSE,CDF11/CDF-MILD,2,r8c-1482-1b566f39e47008db,DT-RAMDE_TS2_FULL,r8c-3453-316bd6ac06f90e29,CROSS_EVENT_WARM_START_ONLY,INCLUDED,0.9830508474576272,58,59,-0.01
E2_DYNAMIC_INCREMENTAL_AFTER_FULL_REUSE,CDF11/CDF-MILD,2,r8c-1482-1b566f39e47008db,DT-RAMDE_TS2_FULL,r8c-3454-bca29ee9c14e07b9,CROSS_EVENT_MEMORY_ONLY,INCLUDED,0.0,0,59,-0.01
E2_DYNAMIC_INCREMENTAL_AFTER_FULL_REUSE,CDF11/CDF-MILD,2,r8c-1482-1b566f39e47008db,DT-RAMDE_TS2_FULL,r8c-3455-a90e379b5b107f54,SHADE_ONLY,INCLUDED,0.0,0,59,-0.01
E2_DYNAMIC_INCREMENTAL_AFTER_FULL_REUSE,CDF11/CDF-MILD,3,r8c-1488-23041115252da144,DT-RAMDE_TS2_FULL,r8c-3456-adb5cc37b5d2472f,NO_CROSS_EVENT_MEMORY,INCLUDED,0.0,0,59,-0.01
E2_DYNAMIC_INCREMENTAL_AFTER_FULL_REUSE,CDF11/CDF-MILD,3,r8c-1488-23041115252da144,DT-RAMDE_TS2_FULL,r8c-3457-4dc919e501489e4d,NO_REJECTION_CREDIT,INCLUDED,0.5932203389830508,35,59,-0.01
E2_DYNAMIC_INCREMENTAL_AFTER_FULL_REUSE,CDF11/CDF-MILD,3,r8c-1488-23041115252da144,DT-RAMDE_TS2_FULL,r8c-3458-13c5536b31f32b6e,NO_MEMORY_RESET_GATE,INCLUDED,0.2711864406779661,16,59,-0.01
E2_DYNAMIC_INCREMENTAL_AFTER_FULL_REUSE,CDF11/CDF-MILD,3,r8c-1488-23041115252da144,DT-RAMDE_TS2_FULL,r8c-3459-56d70e7ada148034,NO_LINEAGE_CREDIT,INCLUDED,0.576271186440678,34,59,-0.01
E2_DYNAMIC_INCREMENTAL_AFTER_FULL_REUSE,CDF11/CDF-MILD,3,r8c-1488-23041115252da144,DT-RAMDE_TS2_FULL,r8c-3460-a6772337dc0e19ca,CROSS_EVENT_WARM_START_ONLY,INCLUDED,0.0,0,59,-0.01
E2_DYNAMIC_INCREMENTAL_AFTER_FULL_REUSE,CDF11/CDF-MILD,3,r8c-1488-23041115252da144,DT-RAMDE_TS2_FULL,r8c-3461-ef6c5f4e5e01350a,CROSS_EVENT_MEMORY_ONLY,INCLUDED,0.0,0,59,-0.01
E2_DYNAMIC_INCREMENTAL_AFTER_FULL_REUSE,CDF11/CDF-MILD,3,r8c-1488-23041115252da144,DT-RAMDE_TS2_FULL,r8c-3462-32ecda4a1dd83bdf,SHADE_ONLY,INCLUDED,0.0,0,59,-0.01
E2_DYNAMIC_INCREMENTAL_AFTER_FULL_REUSE,CDF11/CDF-MILD,4,r8c-1494-792e221ce0fb5509,DT-RAMDE_TS2_FULL,r8c-3463-d77d3a5a1d82f0d3,NO_CROSS_EVENT_MEMORY,INCLUDED,0.0,0,59,-0.01
E2_DYNAMIC_INCREMENTAL_AFTER_FULL_REUSE,CDF11/CDF-MILD,4,r8c-1494-792e221ce0fb5509,DT-RAMDE_TS2_FULL,r8c-3464-4c71c90e4d946ad7,NO_REJECTION_CREDIT,INCLUDED,0.4067796610169492,24,59,-0.01
E2_DYNAMIC_INCREMENTAL_AFTER_FULL_REUSE,CDF11/CDF-MILD,4,r8c-1494-792e221ce0fb5509,DT-RAMDE_TS2_FULL,r8c-3465-9ea3ac60dcad036a,NO_MEMORY_RESET_GATE,INCLUDED,0.423728813559322,25,59,-0.01
E2_DYNAMIC_INCREMENTAL_AFTER_FULL_REUSE,CDF11/CDF-MILD,4,r8c-1494-792e221ce0fb5509,DT-RAMDE_TS2_FULL,r8c-3466-58b8326682572255,NO_LINEAGE_CREDIT,INCLUDED,0.4915254237288136,29,59,-0.01
E2_DYNAMIC_INCREMENTAL_AFTER_FULL_REUSE,CDF11/CDF-MILD,4,r8c-1494-792e221ce0fb5509,DT-RAMDE_TS2_FULL,r8c-3467-4969a973da316aae,CROSS_EVENT_WARM_START_ONLY,INCLUDED,0.559322033898305,33,59,-0.01
E2_DYNAMIC_INCREMENTAL_AFTER_FULL_REUSE,CDF11/CDF-MILD,4,r8c-1494-792e221ce0fb5509,DT-RAMDE_TS2_FULL,r8c-3468-4ed0e93245fefb6c,CROSS_EVENT_MEMORY_ONLY,INCLUDED,0.0,0,59,-0.01
E2_DYNAMIC_INCREMENTAL_AFTER_FULL_REUSE,CDF11/CDF-MILD,4,r8c-1494-792e221ce0fb5509,DT-RAMDE_TS2_FULL,r8c-3469-9111737f0e5f9c43,SHADE_ONLY,INCLUDED,0.0,0,59,-0.01
E2_DYNAMIC_INCREMENTAL_AFTER_FULL_REUSE,CDF12/CDF-HARSH,0,r8c-1500-eb6cf95c3fcee158,DT-RAMDE_TS2_FULL,r8c-3470-5dd39379d2f16aa5,NO_CROSS_EVENT_MEMORY,INCLUDED,0.0,0,59,-0.01
E2_DYNAMIC_INCREMENTAL_AFTER_FULL_REUSE,CDF12/CDF-HARSH,0,r8c-1500-eb6cf95c3fcee158,DT-RAMDE_TS2_FULL,r8c-3471-f89815d7f7fc2af2,NO_REJECTION_CREDIT,INCLUDED,0.11864406779661017,7,59,-0.01
E2_DYNAMIC_INCREMENTAL_AFTER_FULL_REUSE,CDF12/CDF-HARSH,0,r8c-1500-eb6cf95c3fcee158,DT-RAMDE_TS2_FULL,r8c-3472-9b0c55a05d641433,NO_MEMORY_RESET_GATE,INCLUDED,0.11864406779661017,7,59,-0.01
E2_DYNAMIC_INCREMENTAL_AFTER_FULL_REUSE,CDF12/CDF-HARSH,0,r8c-1500-eb6cf95c3fcee158,DT-RAMDE_TS2_FULL,r8c-3473-878d25d3dbda08c2,NO_LINEAGE_CREDIT,INCLUDED,0.0847457627118644,5,59,-0.01
E2_DYNAMIC_INCREMENTAL_AFTER_FULL_REUSE,CDF12/CDF-HARSH,0,r8c-1500-eb6cf95c3fcee158,DT-RAMDE_TS2_FULL,r8c-3474-c7213c883e7ad90e,CROSS_EVENT_WARM_START_ONLY,INCLUDED,0.288135593220339,17,59,-0.01
E2_DYNAMIC_INCREMENTAL_AFTER_FULL_REUSE,CDF12/CDF-HARSH,0,r8c-1500-eb6cf95c3fcee158,DT-RAMDE_TS2_FULL,r8c-3475-dca4e888308b1839,CROSS_EVENT_MEMORY_ONLY,INCLUDED,0.0,0,59,-0.01
E2_DYNAMIC_INCREMENTAL_AFTER_FULL_REUSE,CDF12/CDF-HARSH,0,r8c-1500-eb6cf95c3fcee158,DT-RAMDE_TS2_FULL,r8c-3476-cdc13f418737000c,SHADE_ONLY,INCLUDED,0.0,0,59,-0.01
E2_DYNAMIC_INCREMENTAL_AFTER_FULL_REUSE,CDF12/CDF-HARSH,1,r8c-1506-bc70e2d9c1434d59,DT-RAMDE_TS2_FULL,r8c-3477-de28d847de73898b,NO_CROSS_EVENT_MEMORY,INCLUDED,0.0,0,59,-0.01
E2_DYNAMIC_INCREMENTAL_AFTER_FULL_REUSE,CDF12/CDF-HARSH,1,r8c-1506-bc70e2d9c1434d59,DT-RAMDE_TS2_FULL,r8c-3478-3d32359a2beb51b2,NO_REJECTION_CREDIT,INCLUDED,0.2033898305084746,12,59,-0.01
E2_DYNAMIC_INCREMENTAL_AFTER_FULL_REUSE,CDF12/CDF-HARSH,1,r8c-1506-bc70e2d9c1434d59,DT-RAMDE_TS2_FULL,r8c-3479-419842f41c7abf55,NO_MEMORY_RESET_GATE,INCLUDED,0.3050847457627119,18,59,-0.01
E2_DYNAMIC_INCREMENTAL_AFTER_FULL_REUSE,CDF12/CDF-HARSH,1,r8c-1506-bc70e2d9c1434d59,DT-RAMDE_TS2_FULL,r8c-3480-51a0ec96814f63cb,NO_LINEAGE_CREDIT,INCLUDED,0.2711864406779661,16,59,-0.01
E2_DYNAMIC_INCREMENTAL_AFTER_FULL_REUSE,CDF12/CDF-HARSH,1,r8c-1506-bc70e2d9c1434d59,DT-RAMDE_TS2_FULL,r8c-3481-fce31bf4e5faec84,CROSS_EVENT_WARM_START_ONLY,INCLUDED,0.3050847457627119,18,59,-0.01
E2_DYNAMIC_INCREMENTAL_AFTER_FULL_REUSE,CDF12/CDF-HARSH,1,r8c-1506-bc70e2d9c1434d59,DT-RAMDE_TS2_FULL,r8c-3482-47096bda1f770678,CROSS_EVENT_MEMORY_ONLY,INCLUDED,0.0,0,59,-0.01
E2_DYNAMIC_INCREMENTAL_AFTER_FULL_REUSE,CDF12/CDF-HARSH,1,r8c-1506-bc70e2d9c1434d59,DT-RAMDE_TS2_FULL,r8c-3483-12dd210e217b294f,SHADE_ONLY,INCLUDED,0.0,0,59,-0.01
E2_DYNAMIC_INCREMENTAL_AFTER_FULL_REUSE,CDF12/CDF-HARSH,2,r8c-1512-9137fc6e3b2fc7fd,DT-RAMDE_TS2_FULL,r8c-3484-f43fd0fe03775d54,NO_CROSS_EVENT_MEMORY,INCLUDED,0.0,0,59,-0.01
E2_DYNAMIC_INCREMENTAL_AFTER_FULL_REUSE,CDF12/CDF-HARSH,2,r8c-1512-9137fc6e3b2fc7fd,DT-RAMDE_TS2_FULL,r8c-3485-0504c56247b94c85,NO_REJECTION_CREDIT,INCLUDED,0.15254237288135594,9,59,-0.01
E2_DYNAMIC_INCREMENTAL_AFTER_FULL_REUSE,CDF12/CDF-HARSH,2,r8c-1512-9137fc6e3b2fc7fd,DT-RAMDE_TS2_FULL,r8c-3486-26a9eb8d662f89e2,NO_MEMORY_RESET_GATE,INCLUDED,0.06779661016949153,4,59,-0.01
E2_DYNAMIC_INCREMENTAL_AFTER_FULL_REUSE,CDF12/CDF-HARSH,2,r8c-1512-9137fc6e3b2fc7fd,DT-RAMDE_TS2_FULL,r8c-3487-2eb4b693174d3afa,NO_LINEAGE_CREDIT,INCLUDED,0.0847457627118644,5,59,-0.01
E2_DYNAMIC_INCREMENTAL_AFTER_FULL_REUSE,CDF12/CDF-HARSH,2,r8c-1512-9137fc6e3b2fc7fd,DT-RAMDE_TS2_FULL,r8c-3488-26855d6bf8247733,CROSS_EVENT_WARM_START_ONLY,INCLUDED,0.1864406779661017,11,59,-0.01
E2_DYNAMIC_INCREMENTAL_AFTER_FULL_REUSE,CDF12/CDF-HARSH,2,r8c-1512-9137fc6e3b2fc7fd,DT-RAMDE_TS2_FULL,r8c-3489-c238654e95a09d5b,CROSS_EVENT_MEMORY_ONLY,INCLUDED,0.0,0,59,-0.01
E2_DYNAMIC_INCREMENTAL_AFTER_FULL_REUSE,CDF12/CDF-HARSH,2,r8c-1512-9137fc6e3b2fc7fd,DT-RAMDE_TS2_FULL,r8c-3490-25c495eb8cb518c6,SHADE_ONLY,INCLUDED,0.0,0,59,-0.01
E2_DYNAMIC_INCREMENTAL_AFTER_FULL_REUSE,CDF12/CDF-HARSH,3,r8c-1518-f5b58d7706f40819,DT-RAMDE_TS2_FULL,r8c-3491-e7d745ecaf7f1ef6,NO_CROSS_EVENT_MEMORY,INCLUDED,0.0,0,59,-0.01
E2_DYNAMIC_INCREMENTAL_AFTER_FULL_REUSE,CDF12/CDF-HARSH,3,r8c-1518-f5b58d7706f40819,DT-RAMDE_TS2_FULL,r8c-3492-e7d9d2fb8a1c914a,NO_REJECTION_CREDIT,INCLUDED,0.7796610169491526,46,59,-0.01
E2_DYNAMIC_INCREMENTAL_AFTER_FULL_REUSE,CDF12/CDF-HARSH,3,r8c-1518-f5b58d7706f40819,DT-RAMDE_TS2_FULL,r8c-3493-8614ef72b2fb7c79,NO_MEMORY_RESET_GATE,INCLUDED,0.423728813559322,25,59,-0.01
E2_DYNAMIC_INCREMENTAL_AFTER_FULL_REUSE,CDF12/CDF-HARSH,3,r8c-1518-f5b58d7706f40819,DT-RAMDE_TS2_FULL,r8c-3494-686956b2c73fabc1,NO_LINEAGE_CREDIT,INCLUDED,0.6440677966101694,38,59,-0.01
E2_DYNAMIC_INCREMENTAL_AFTER_FULL_REUSE,CDF12/CDF-HARSH,3,r8c-1518-f5b58d7706f40819,DT-RAMDE_TS2_FULL,r8c-3495-42be335b390ebbfa,CROSS_EVENT_WARM_START_ONLY,INCLUDED,0.3728813559322034,22,59,-0.01
E2_DYNAMIC_INCREMENTAL_AFTER_FULL_REUSE,CDF12/CDF-HARSH,3,r8c-1518-f5b58d7706f40819,DT-RAMDE_TS2_FULL,r8c-3496-ffc5ba70a887b421,CROSS_EVENT_MEMORY_ONLY,INCLUDED,0.0,0,59,-0.01
E2_DYNAMIC_INCREMENTAL_AFTER_FULL_REUSE,CDF12/CDF-HARSH,3,r8c-1518-f5b58d7706f40819,DT-RAMDE_TS2_FULL,r8c-3497-6cfa74ae482379bb,SHADE_ONLY,INCLUDED,0.0,0,59,-0.01
E2_DYNAMIC_INCREMENTAL_AFTER_FULL_REUSE,CDF12/CDF-HARSH,4,r8c-1524-2819f6c46e80c8f8,DT-RAMDE_TS2_FULL,r8c-3498-3befef2de0a0c06d,NO_CROSS_EVENT_MEMORY,INCLUDED,0.0,0,59,-0.01
E2_DYNAMIC_INCREMENTAL_AFTER_FULL_REUSE,CDF12/CDF-HARSH,4,r8c-1524-2819f6c46e80c8f8,DT-RAMDE_TS2_FULL,r8c-3499-3fb3a83de336ae58,NO_REJECTION_CREDIT,INCLUDED,0.03389830508474576,2,59,-0.01
E2_DYNAMIC_INCREMENTAL_AFTER_FULL_REUSE,CDF12/CDF-HARSH,4,r8c-1524-2819f6c46e80c8f8,DT-RAMDE_TS2_FULL,r8c-3500-b2b585728aa63d3f,NO_MEMORY_RESET_GATE,INCLUDED,0.01694915254237288,1,59,-0.01
E2_DYNAMIC_INCREMENTAL_AFTER_FULL_REUSE,CDF12/CDF-HARSH,4,r8c-1524-2819f6c46e80c8f8,DT-RAMDE_TS2_FULL,r8c-3501-865a7ea0968c9a4d,NO_LINEAGE_CREDIT,INCLUDED,0.0,0,59,-0.01
E2_DYNAMIC_INCREMENTAL_AFTER_FULL_REUSE,CDF12/CDF-HARSH,4,r8c-1524-2819f6c46e80c8f8,DT-RAMDE_TS2_FULL,r8c-3502-8404f45e10ebd709,CROSS_EVENT_WARM_START_ONLY,INCLUDED,0.03389830508474576,2,59,-0.01
E2_DYNAMIC_INCREMENTAL_AFTER_FULL_REUSE,CDF12/CDF-HARSH,4,r8c-1524-2819f6c46e80c8f8,DT-RAMDE_TS2_FULL,r8c-3503-ec59ca2a599dff42,CROSS_EVENT_MEMORY_ONLY,INCLUDED,0.0,0,59,-0.01
E2_DYNAMIC_INCREMENTAL_AFTER_FULL_REUSE,CDF12/CDF-HARSH,4,r8c-1524-2819f6c46e80c8f8,DT-RAMDE_TS2_FULL,r8c-3504-8f3fcca4c165aff3,SHADE_ONLY,INCLUDED,0.0,0,59,-0.01
E2_DYNAMIC_INCREMENTAL_AFTER_FULL_REUSE,CDF12/CDF-MILD,0,r8c-1530-b0d290d35e526535,DT-RAMDE_TS2_FULL,r8c-3505-e3e6cd8d4efcf98d,NO_CROSS_EVENT_MEMORY,INCLUDED,0.0,0,59,-0.01
E2_DYNAMIC_INCREMENTAL_AFTER_FULL_REUSE,CDF12/CDF-MILD,0,r8c-1530-b0d290d35e526535,DT-RAMDE_TS2_FULL,r8c-3506-3c181ad5665ecfa6,NO_REJECTION_CREDIT,INCLUDED,0.13559322033898305,8,59,-0.01
E2_DYNAMIC_INCREMENTAL_AFTER_FULL_REUSE,CDF12/CDF-MILD,0,r8c-1530-b0d290d35e526535,DT-RAMDE_TS2_FULL,r8c-3507-aba22222ebe746c5,NO_MEMORY_RESET_GATE,INCLUDED,0.3220338983050847,19,59,-0.01
E2_DYNAMIC_INCREMENTAL_AFTER_FULL_REUSE,CDF12/CDF-MILD,0,r8c-1530-b0d290d35e526535,DT-RAMDE_TS2_FULL,r8c-3508-a5757f3c4887f047,NO_LINEAGE_CREDIT,INCLUDED,0.1864406779661017,11,59,-0.01
E2_DYNAMIC_INCREMENTAL_AFTER_FULL_REUSE,CDF12/CDF-MILD,0,r8c-1530-b0d290d35e526535,DT-RAMDE_TS2_FULL,r8c-3509-45818b6008d7ea83,CROSS_EVENT_WARM_START_ONLY,INCLUDED,0.2033898305084746,12,59,-0.01
E2_DYNAMIC_INCREMENTAL_AFTER_FULL_REUSE,CDF12/CDF-MILD,0,r8c-1530-b0d290d35e526535,DT-RAMDE_TS2_FULL,r8c-3510-ad984ad1c80a710c,CROSS_EVENT_MEMORY_ONLY,INCLUDED,0.0,0,59,-0.01
E2_DYNAMIC_INCREMENTAL_AFTER_FULL_REUSE,CDF12/CDF-MILD,0,r8c-1530-b0d290d35e526535,DT-RAMDE_TS2_FULL,r8c-3511-4206f5d396393113,SHADE_ONLY,INCLUDED,0.0,0,59,-0.01
E2_DYNAMIC_INCREMENTAL_AFTER_FULL_REUSE,CDF12/CDF-MILD,1,r8c-1536-3d79038f25f4671d,DT-RAMDE_TS2_FULL,r8c-3512-3981f3f75579b351,NO_CROSS_EVENT_MEMORY,INCLUDED,0.0,0,59,-0.01
E2_DYNAMIC_INCREMENTAL_AFTER_FULL_REUSE,CDF12/CDF-MILD,1,r8c-1536-3d79038f25f4671d,DT-RAMDE_TS2_FULL,r8c-3513-3a67b64814598708,NO_REJECTION_CREDIT,INCLUDED,0.1694915254237288,10,59,-0.01
E2_DYNAMIC_INCREMENTAL_AFTER_FULL_REUSE,CDF12/CDF-MILD,1,r8c-1536-3d79038f25f4671d,DT-RAMDE_TS2_FULL,r8c-3514-b593562544809bd1,NO_MEMORY_RESET_GATE,INCLUDED,0.7966101694915254,47,59,-0.01
E2_DYNAMIC_INCREMENTAL_AFTER_FULL_REUSE,CDF12/CDF-MILD,1,r8c-1536-3d79038f25f4671d,DT-RAMDE_TS2_FULL,r8c-3515-4ad7880e1540e1d5,NO_LINEAGE_CREDIT,INCLUDED,0.23728813559322035,14,59,-0.01
E2_DYNAMIC_INCREMENTAL_AFTER_FULL_REUSE,CDF12/CDF-MILD,1,r8c-1536-3d79038f25f4671d,DT-RAMDE_TS2_FULL,r8c-3516-aaf5199baa5f819d,CROSS_EVENT_WARM_START_ONLY,INCLUDED,0.4745762711864407,28,59,-0.01
E2_DYNAMIC_INCREMENTAL_AFTER_FULL_REUSE,CDF12/CDF-MILD,1,r8c-1536-3d79038f25f4671d,DT-RAMDE_TS2_FULL,r8c-3517-48d53b5dea8418ce,CROSS_EVENT_MEMORY_ONLY,INCLUDED,0.0,0,59,-0.01
E2_DYNAMIC_INCREMENTAL_AFTER_FULL_REUSE,CDF12/CDF-MILD,1,r8c-1536-3d79038f25f4671d,DT-RAMDE_TS2_FULL,r8c-3518-707f22ad697b63da,SHADE_ONLY,INCLUDED,0.0,0,59,-0.01
E2_DYNAMIC_INCREMENTAL_AFTER_FULL_REUSE,CDF12/CDF-MILD,2,r8c-1542-21b942f99da1f73b,DT-RAMDE_TS2_FULL,r8c-3519-6ead89e365ca4264,NO_CROSS_EVENT_MEMORY,INCLUDED,0.0,0,59,-0.01
E2_DYNAMIC_INCREMENTAL_AFTER_FULL_REUSE,CDF12/CDF-MILD,2,r8c-1542-21b942f99da1f73b,DT-RAMDE_TS2_FULL,r8c-3520-f8809eea69c5d50d,NO_REJECTION_CREDIT,INCLUDED,0.01694915254237288,1,59,-0.01
E2_DYNAMIC_INCREMENTAL_AFTER_FULL_REUSE,CDF12/CDF-MILD,2,r8c-1542-21b942f99da1f73b,DT-RAMDE_TS2_FULL,r8c-3521-821990f92391ef60,NO_MEMORY_RESET_GATE,INCLUDED,0.03389830508474576,2,59,-0.01
E2_DYNAMIC_INCREMENTAL_AFTER_FULL_REUSE,CDF12/CDF-MILD,2,r8c-1542-21b942f99da1f73b,DT-RAMDE_TS2_FULL,r8c-3522-b9a4997a8e342809,NO_LINEAGE_CREDIT,INCLUDED,0.03389830508474576,2,59,-0.01
E2_DYNAMIC_INCREMENTAL_AFTER_FULL_REUSE,CDF12/CDF-MILD,2,r8c-1542-21b942f99da1f73b,DT-RAMDE_TS2_FULL,r8c-3523-bce42c2850735928,CROSS_EVENT_WARM_START_ONLY,INCLUDED,0.01694915254237288,1,59,-0.01
E2_DYNAMIC_INCREMENTAL_AFTER_FULL_REUSE,CDF12/CDF-MILD,2,r8c-1542-21b942f99da1f73b,DT-RAMDE_TS2_FULL,r8c-3524-a6eec670e0f7c249,CROSS_EVENT_MEMORY_ONLY,INCLUDED,0.0,0,59,-0.01
E2_DYNAMIC_INCREMENTAL_AFTER_FULL_REUSE,CDF12/CDF-MILD,2,r8c-1542-21b942f99da1f73b,DT-RAMDE_TS2_FULL,r8c-3525-38080b69ef7a269b,SHADE_ONLY,INCLUDED,0.0,0,59,-0.01
E2_DYNAMIC_INCREMENTAL_AFTER_FULL_REUSE,CDF12/CDF-MILD,3,r8c-1548-032bffd7f711cbe0,DT-RAMDE_TS2_FULL,r8c-3526-60adf53a4cce9ede,NO_CROSS_EVENT_MEMORY,INCLUDED,0.0,0,59,-0.01
E2_DYNAMIC_INCREMENTAL_AFTER_FULL_REUSE,CDF12/CDF-MILD,3,r8c-1548-032bffd7f711cbe0,DT-RAMDE_TS2_FULL,r8c-3527-0f0da78f9b0c110d,NO_REJECTION_CREDIT,INCLUDED,0.5932203389830508,35,59,-0.01
E2_DYNAMIC_INCREMENTAL_AFTER_FULL_REUSE,CDF12/CDF-MILD,3,r8c-1548-032bffd7f711cbe0,DT-RAMDE_TS2_FULL,r8c-3528-7402a203b6ec2138,NO_MEMORY_RESET_GATE,INCLUDED,0.3559322033898305,21,59,-0.01
E2_DYNAMIC_INCREMENTAL_AFTER_FULL_REUSE,CDF12/CDF-MILD,3,r8c-1548-032bffd7f711cbe0,DT-RAMDE_TS2_FULL,r8c-3529-92c9884ac06bceef,NO_LINEAGE_CREDIT,INCLUDED,0.6779661016949152,40,59,-0.01
E2_DYNAMIC_INCREMENTAL_AFTER_FULL_REUSE,CDF12/CDF-MILD,3,r8c-1548-032bffd7f711cbe0,DT-RAMDE_TS2_FULL,r8c-3530-95f6999737bad546,CROSS_EVENT_WARM_START_ONLY,INCLUDED,0.3389830508474576,20,59,-0.01
E2_DYNAMIC_INCREMENTAL_AFTER_FULL_REUSE,CDF12/CDF-MILD,3,r8c-1548-032bffd7f711cbe0,DT-RAMDE_TS2_FULL,r8c-3531-df8d09fcfde6d387,CROSS_EVENT_MEMORY_ONLY,INCLUDED,0.0,0,59,-0.01
E2_DYNAMIC_INCREMENTAL_AFTER_FULL_REUSE,CDF12/CDF-MILD,3,r8c-1548-032bffd7f711cbe0,DT-RAMDE_TS2_FULL,r8c-3532-bd844fb1d3b6271d,SHADE_ONLY,INCLUDED,0.0,0,59,-0.01
E2_DYNAMIC_INCREMENTAL_AFTER_FULL_REUSE,CDF12/CDF-MILD,4,r8c-1554-892894939c1ee00b,DT-RAMDE_TS2_FULL,r8c-3533-b7af39b4607bc905,NO_CROSS_EVENT_MEMORY,INCLUDED,0.0,0,59,-0.01
E2_DYNAMIC_INCREMENTAL_AFTER_FULL_REUSE,CDF12/CDF-MILD,4,r8c-1554-892894939c1ee00b,DT-RAMDE_TS2_FULL,r8c-3534-7428cb0b0dc702a8,NO_REJECTION_CREDIT,INCLUDED,0.0847457627118644,5,59,-0.01
E2_DYNAMIC_INCREMENTAL_AFTER_FULL_REUSE,CDF12/CDF-MILD,4,r8c-1554-892894939c1ee00b,DT-RAMDE_TS2_FULL,r8c-3535-3ae40a76c9185082,NO_MEMORY_RESET_GATE,INCLUDED,0.1694915254237288,10,59,-0.01
E2_DYNAMIC_INCREMENTAL_AFTER_FULL_REUSE,CDF12/CDF-MILD,4,r8c-1554-892894939c1ee00b,DT-RAMDE_TS2_FULL,r8c-3536-168750fcb341b45e,NO_LINEAGE_CREDIT,INCLUDED,0.2033898305084746,12,59,-0.01
E2_DYNAMIC_INCREMENTAL_AFTER_FULL_REUSE,CDF12/CDF-MILD,4,r8c-1554-892894939c1ee00b,DT-RAMDE_TS2_FULL,r8c-3537-e298816f90c3333a,CROSS_EVENT_WARM_START_ONLY,INCLUDED,0.23728813559322035,14,59,-0.01
E2_DYNAMIC_INCREMENTAL_AFTER_FULL_REUSE,CDF12/CDF-MILD,4,r8c-1554-892894939c1ee00b,DT-RAMDE_TS2_FULL,r8c-3538-7c51d41b55e9267e,CROSS_EVENT_MEMORY_ONLY,INCLUDED,0.0,0,59,-0.01
E2_DYNAMIC_INCREMENTAL_AFTER_FULL_REUSE,CDF12/CDF-MILD,4,r8c-1554-892894939c1ee00b,DT-RAMDE_TS2_FULL,r8c-3539-df440cc2c73e2187,SHADE_ONLY,INCLUDED,0.0,0,59,-0.01
E2_DYNAMIC_INCREMENTAL_AFTER_FULL_REUSE,CDF13/CDF-HARSH,0,r8c-1560-c247594a47bf5a14,DT-RAMDE_TS2_FULL,r8c-3540-d098d85e9a67e7e8,NO_CROSS_EVENT_MEMORY,INCLUDED,0.0,0,59,-0.01
E2_DYNAMIC_INCREMENTAL_AFTER_FULL_REUSE,CDF13/CDF-HARSH,0,r8c-1560-c247594a47bf5a14,DT-RAMDE_TS2_FULL,r8c-3541-b0157bc9e1d7e111,NO_REJECTION_CREDIT,INCLUDED,0.288135593220339,17,59,-0.01
E2_DYNAMIC_INCREMENTAL_AFTER_FULL_REUSE,CDF13/CDF-HARSH,0,r8c-1560-c247594a47bf5a14,DT-RAMDE_TS2_FULL,r8c-3542-e2bad7c976a8ca20,NO_MEMORY_RESET_GATE,INCLUDED,0.2033898305084746,12,59,-0.01
E2_DYNAMIC_INCREMENTAL_AFTER_FULL_REUSE,CDF13/CDF-HARSH,0,r8c-1560-c247594a47bf5a14,DT-RAMDE_TS2_FULL,r8c-3543-0be7dc636fd38bc6,NO_LINEAGE_CREDIT,INCLUDED,0.3559322033898305,21,59,-0.01
E2_DYNAMIC_INCREMENTAL_AFTER_FULL_REUSE,CDF13/CDF-HARSH,0,r8c-1560-c247594a47bf5a14,DT-RAMDE_TS2_FULL,r8c-3544-beb95571704065fb,CROSS_EVENT_WARM_START_ONLY,INCLUDED,0.15254237288135594,9,59,-0.01
E2_DYNAMIC_INCREMENTAL_AFTER_FULL_REUSE,CDF13/CDF-HARSH,0,r8c-1560-c247594a47bf5a14,DT-RAMDE_TS2_FULL,r8c-3545-06381669f018e721,CROSS_EVENT_MEMORY_ONLY,INCLUDED,0.0,0,59,-0.01
E2_DYNAMIC_INCREMENTAL_AFTER_FULL_REUSE,CDF13/CDF-HARSH,0,r8c-1560-c247594a47bf5a14,DT-RAMDE_TS2_FULL,r8c-3546-0fe3f260e4610a42,SHADE_ONLY,INCLUDED,0.0,0,59,-0.01
E2_DYNAMIC_INCREMENTAL_AFTER_FULL_REUSE,CDF13/CDF-HARSH,1,r8c-1566-27fa1594e1287ed2,DT-RAMDE_TS2_FULL,r8c-3547-18a32d39e3035ce2,NO_CROSS_EVENT_MEMORY,INCLUDED,0.0,0,59,-0.01
E2_DYNAMIC_INCREMENTAL_AFTER_FULL_REUSE,CDF13/CDF-HARSH,1,r8c-1566-27fa1594e1287ed2,DT-RAMDE_TS2_FULL,r8c-3548-4c15b5b0f07b96fc,NO_REJECTION_CREDIT,INCLUDED,0.2033898305084746,12,59,-0.01
E2_DYNAMIC_INCREMENTAL_AFTER_FULL_REUSE,CDF13/CDF-HARSH,1,r8c-1566-27fa1594e1287ed2,DT-RAMDE_TS2_FULL,r8c-3549-f790862f89cb451c,NO_MEMORY_RESET_GATE,INCLUDED,0.2542372881355932,15,59,-0.01
E2_DYNAMIC_INCREMENTAL_AFTER_FULL_REUSE,CDF13/CDF-HARSH,1,r8c-1566-27fa1594e1287ed2,DT-RAMDE_TS2_FULL,r8c-3550-3c77c5ede681dea1,NO_LINEAGE_CREDIT,INCLUDED,0.1694915254237288,10,59,-0.01
E2_DYNAMIC_INCREMENTAL_AFTER_FULL_REUSE,CDF13/CDF-HARSH,1,r8c-1566-27fa1594e1287ed2,DT-RAMDE_TS2_FULL,r8c-3551-558128008a08818b,CROSS_EVENT_WARM_START_ONLY,INCLUDED,0.3050847457627119,18,59,-0.01
E2_DYNAMIC_INCREMENTAL_AFTER_FULL_REUSE,CDF13/CDF-HARSH,1,r8c-1566-27fa1594e1287ed2,DT-RAMDE_TS2_FULL,r8c-3552-d14846237b1621fa,CROSS_EVENT_MEMORY_ONLY,INCLUDED,0.0,0,59,-0.01
E2_DYNAMIC_INCREMENTAL_AFTER_FULL_REUSE,CDF13/CDF-HARSH,1,r8c-1566-27fa1594e1287ed2,DT-RAMDE_TS2_FULL,r8c-3553-fadbbc3678f24f59,SHADE_ONLY,INCLUDED,0.0,0,59,-0.01
E2_DYNAMIC_INCREMENTAL_AFTER_FULL_REUSE,CDF13/CDF-HARSH,2,r8c-1572-d5a9413e4b628cfd,DT-RAMDE_TS2_FULL,r8c-3554-2da019832bec4474,NO_CROSS_EVENT_MEMORY,INCLUDED,0.0,0,59,-0.01
E2_DYNAMIC_INCREMENTAL_AFTER_FULL_REUSE,CDF13/CDF-HARSH,2,r8c-1572-d5a9413e4b628cfd,DT-RAMDE_TS2_FULL,r8c-3555-8b0cd863d8132f6a,NO_REJECTION_CREDIT,INCLUDED,0.06779661016949153,4,59,-0.01
E2_DYNAMIC_INCREMENTAL_AFTER_FULL_REUSE,CDF13/CDF-HARSH,2,r8c-1572-d5a9413e4b628cfd,DT-RAMDE_TS2_FULL,r8c-3556-85ce0fb0f144050b,NO_MEMORY_RESET_GATE,INCLUDED,0.2033898305084746,12,59,-0.01
E2_DYNAMIC_INCREMENTAL_AFTER_FULL_REUSE,CDF13/CDF-HARSH,2,r8c-1572-d5a9413e4b628cfd,DT-RAMDE_TS2_FULL,r8c-3557-2409ed3fd436a4ad,NO_LINEAGE_CREDIT,INCLUDED,0.11864406779661017,7,59,-0.01
E2_DYNAMIC_INCREMENTAL_AFTER_FULL_REUSE,CDF13/CDF-HARSH,2,r8c-1572-d5a9413e4b628cfd,DT-RAMDE_TS2_FULL,r8c-3558-1098ecd03b34ec35,CROSS_EVENT_WARM_START_ONLY,INCLUDED,0.13559322033898305,8,59,-0.01
E2_DYNAMIC_INCREMENTAL_AFTER_FULL_REUSE,CDF13/CDF-HARSH,2,r8c-1572-d5a9413e4b628cfd,DT-RAMDE_TS2_FULL,r8c-3559-33762493af454317,CROSS_EVENT_MEMORY_ONLY,INCLUDED,0.0,0,59,-0.01
E2_DYNAMIC_INCREMENTAL_AFTER_FULL_REUSE,CDF13/CDF-HARSH,2,r8c-1572-d5a9413e4b628cfd,DT-RAMDE_TS2_FULL,r8c-3560-e5d5b914d5fdf7c6,SHADE_ONLY,INCLUDED,0.0,0,59,-0.01
E2_DYNAMIC_INCREMENTAL_AFTER_FULL_REUSE,CDF13/CDF-HARSH,3,r8c-1578-f4517039074fd063,DT-RAMDE_TS2_FULL,r8c-3561-781bd3849bf19c26,NO_CROSS_EVENT_MEMORY,INCLUDED,0.0,0,59,-0.01
E2_DYNAMIC_INCREMENTAL_AFTER_FULL_REUSE,CDF13/CDF-HARSH,3,r8c-1578-f4517039074fd063,DT-RAMDE_TS2_FULL,r8c-3562-008870b279bc3f42,NO_REJECTION_CREDIT,INCLUDED,0.23728813559322035,14,59,-0.01
E2_DYNAMIC_INCREMENTAL_AFTER_FULL_REUSE,CDF13/CDF-HARSH,3,r8c-1578-f4517039074fd063,DT-RAMDE_TS2_FULL,r8c-3563-f73746966bd1fc7e,NO_MEMORY_RESET_GATE,INCLUDED,0.3389830508474576,20,59,-0.01
E2_DYNAMIC_INCREMENTAL_AFTER_FULL_REUSE,CDF13/CDF-HARSH,3,r8c-1578-f4517039074fd063,DT-RAMDE_TS2_FULL,r8c-3564-9489756a615ba3ec,NO_LINEAGE_CREDIT,INCLUDED,0.1864406779661017,11,59,-0.01
E2_DYNAMIC_INCREMENTAL_AFTER_FULL_REUSE,CDF13/CDF-HARSH,3,r8c-1578-f4517039074fd063,DT-RAMDE_TS2_FULL,r8c-3565-72d1caa218e61340,CROSS_EVENT_WARM_START_ONLY,INCLUDED,0.1864406779661017,11,59,-0.01
E2_DYNAMIC_INCREMENTAL_AFTER_FULL_REUSE,CDF13/CDF-HARSH,3,r8c-1578-f4517039074fd063,DT-RAMDE_TS2_FULL,r8c-3566-4cebce1aacde6e6d,CROSS_EVENT_MEMORY_ONLY,INCLUDED,0.01694915254237288,1,59,-0.01
E2_DYNAMIC_INCREMENTAL_AFTER_FULL_REUSE,CDF13/CDF-HARSH,3,r8c-1578-f4517039074fd063,DT-RAMDE_TS2_FULL,r8c-3567-dde78694be0ac01b,SHADE_ONLY,INCLUDED,0.0,0,59,-0.01
E2_DYNAMIC_INCREMENTAL_AFTER_FULL_REUSE,CDF13/CDF-HARSH,4,r8c-1584-416b0f7dc0b31391,DT-RAMDE_TS2_FULL,r8c-3568-a13a0c5347aba540,NO_CROSS_EVENT_MEMORY,INCLUDED,0.0,0,59,-0.01
E2_DYNAMIC_INCREMENTAL_AFTER_FULL_REUSE,CDF13/CDF-HARSH,4,r8c-1584-416b0f7dc0b31391,DT-RAMDE_TS2_FULL,r8c-3569-bccc1703a47eb339,NO_REJECTION_CREDIT,INCLUDED,0.4915254237288136,29,59,-0.01
E2_DYNAMIC_INCREMENTAL_AFTER_FULL_REUSE,CDF13/CDF-HARSH,4,r8c-1584-416b0f7dc0b31391,DT-RAMDE_TS2_FULL,r8c-3570-4586de06b9c80740,NO_MEMORY_RESET_GATE,INCLUDED,0.288135593220339,17,59,-0.01
E2_DYNAMIC_INCREMENTAL_AFTER_FULL_REUSE,CDF13/CDF-HARSH,4,r8c-1584-416b0f7dc0b31391,DT-RAMDE_TS2_FULL,r8c-3571-a41194c53153196c,NO_LINEAGE_CREDIT,INCLUDED,0.288135593220339,17,59,-0.01
E2_DYNAMIC_INCREMENTAL_AFTER_FULL_REUSE,CDF13/CDF-HARSH,4,r8c-1584-416b0f7dc0b31391,DT-RAMDE_TS2_FULL,r8c-3572-a4926e0c8008b98f,CROSS_EVENT_WARM_START_ONLY,INCLUDED,0.1016949152542373,6,59,-0.01
E2_DYNAMIC_INCREMENTAL_AFTER_FULL_REUSE,CDF13/CDF-HARSH,4,r8c-1584-416b0f7dc0b31391,DT-RAMDE_TS2_FULL,r8c-3573-82d936441aef7c24,CROSS_EVENT_MEMORY_ONLY,INCLUDED,0.0,0,59,-0.01
E2_DYNAMIC_INCREMENTAL_AFTER_FULL_REUSE,CDF13/CDF-HARSH,4,r8c-1584-416b0f7dc0b31391,DT-RAMDE_TS2_FULL,r8c-3574-95649e056e49201a,SHADE_ONLY,INCLUDED,0.0,0,59,-0.01
E2_DYNAMIC_INCREMENTAL_AFTER_FULL_REUSE,CDF13/CDF-MILD,0,r8c-1590-4727638f7af23d82,DT-RAMDE_TS2_FULL,r8c-3575-cd2e692f4a357a1f,NO_CROSS_EVENT_MEMORY,INCLUDED,0.0,0,59,-0.01
E2_DYNAMIC_INCREMENTAL_AFTER_FULL_REUSE,CDF13/CDF-MILD,0,r8c-1590-4727638f7af23d82,DT-RAMDE_TS2_FULL,r8c-3576-10b525c1c744bcb9,NO_REJECTION_CREDIT,INCLUDED,0.1864406779661017,11,59,-0.01
E2_DYNAMIC_INCREMENTAL_AFTER_FULL_REUSE,CDF13/CDF-MILD,0,r8c-1590-4727638f7af23d82,DT-RAMDE_TS2_FULL,r8c-3577-828b3ac02808cff9,NO_MEMORY_RESET_GATE,INCLUDED,0.288135593220339,17,59,-0.01
E2_DYNAMIC_INCREMENTAL_AFTER_FULL_REUSE,CDF13/CDF-MILD,0,r8c-1590-4727638f7af23d82,DT-RAMDE_TS2_FULL,r8c-3578-d1fa5a8a0c61bedd,NO_LINEAGE_CREDIT,INCLUDED,0.11864406779661017,7,59,-0.01
E2_DYNAMIC_INCREMENTAL_AFTER_FULL_REUSE,CDF13/CDF-MILD,0,r8c-1590-4727638f7af23d82,DT-RAMDE_TS2_FULL,r8c-3579-09b9099e58ab3401,CROSS_EVENT_WARM_START_ONLY,INCLUDED,0.05084745762711865,3,59,-0.01
E2_DYNAMIC_INCREMENTAL_AFTER_FULL_REUSE,CDF13/CDF-MILD,0,r8c-1590-4727638f7af23d82,DT-RAMDE_TS2_FULL,r8c-3580-ea797e1aa31b7243,CROSS_EVENT_MEMORY_ONLY,INCLUDED,0.0,0,59,-0.01
E2_DYNAMIC_INCREMENTAL_AFTER_FULL_REUSE,CDF13/CDF-MILD,0,r8c-1590-4727638f7af23d82,DT-RAMDE_TS2_FULL,r8c-3581-2db6b41caf40f0f9,SHADE_ONLY,INCLUDED,0.0,0,59,-0.01
E2_DYNAMIC_INCREMENTAL_AFTER_FULL_REUSE,CDF13/CDF-MILD,1,r8c-1596-35002cb99abf0313,DT-RAMDE_TS2_FULL,r8c-3582-a4d3fef52af90e66,NO_CROSS_EVENT_MEMORY,INCLUDED,0.0,0,59,-0.01
E2_DYNAMIC_INCREMENTAL_AFTER_FULL_REUSE,CDF13/CDF-MILD,1,r8c-1596-35002cb99abf0313,DT-RAMDE_TS2_FULL,r8c-3583-74503257e4fab984,NO_REJECTION_CREDIT,INCLUDED,0.22033898305084745,13,59,-0.01
E2_DYNAMIC_INCREMENTAL_AFTER_FULL_REUSE,CDF13/CDF-MILD,1,r8c-1596-35002cb99abf0313,DT-RAMDE_TS2_FULL,r8c-3584-559dc8008170eb88,NO_MEMORY_RESET_GATE,INCLUDED,0.13559322033898305,8,59,-0.01
E2_DYNAMIC_INCREMENTAL_AFTER_FULL_REUSE,CDF13/CDF-MILD,1,r8c-1596-35002cb99abf0313,DT-RAMDE_TS2_FULL,r8c-3585-e71b6c57eb071926,NO_LINEAGE_CREDIT,INCLUDED,0.3389830508474576,20,59,-0.01
E2_DYNAMIC_INCREMENTAL_AFTER_FULL_REUSE,CDF13/CDF-MILD,1,r8c-1596-35002cb99abf0313,DT-RAMDE_TS2_FULL,r8c-3586-975362d458a42b84,CROSS_EVENT_WARM_START_ONLY,INCLUDED,0.0847457627118644,5,59,-0.01
E2_DYNAMIC_INCREMENTAL_AFTER_FULL_REUSE,CDF13/CDF-MILD,1,r8c-1596-35002cb99abf0313,DT-RAMDE_TS2_FULL,r8c-3587-27c36faea2d85d0f,CROSS_EVENT_MEMORY_ONLY,INCLUDED,0.0,0,59,-0.01
E2_DYNAMIC_INCREMENTAL_AFTER_FULL_REUSE,CDF13/CDF-MILD,1,r8c-1596-35002cb99abf0313,DT-RAMDE_TS2_FULL,r8c-3588-d1b90b02d5b65fd5,SHADE_ONLY,INCLUDED,0.0,0,59,-0.01
E2_DYNAMIC_INCREMENTAL_AFTER_FULL_REUSE,CDF13/CDF-MILD,2,r8c-1602-4acf57dc0b2ddf90,DT-RAMDE_TS2_FULL,r8c-3589-5532c799cc1c4e1b,NO_CROSS_EVENT_MEMORY,INCLUDED,0.0,0,59,-0.01
E2_DYNAMIC_INCREMENTAL_AFTER_FULL_REUSE,CDF13/CDF-MILD,2,r8c-1602-4acf57dc0b2ddf90,DT-RAMDE_TS2_FULL,r8c-3590-9a67de9c3c578e74,NO_REJECTION_CREDIT,INCLUDED,0.2033898305084746,12,59,-0.01
E2_DYNAMIC_INCREMENTAL_AFTER_FULL_REUSE,CDF13/CDF-MILD,2,r8c-1602-4acf57dc0b2ddf90,DT-RAMDE_TS2_FULL,r8c-3591-bfc92518f1c9f332,NO_MEMORY_RESET_GATE,INCLUDED,0.15254237288135594,9,59,-0.01
E2_DYNAMIC_INCREMENTAL_AFTER_FULL_REUSE,CDF13/CDF-MILD,2,r8c-1602-4acf57dc0b2ddf90,DT-RAMDE_TS2_FULL,r8c-3592-b2f4ef791f1eb48d,NO_LINEAGE_CREDIT,INCLUDED,0.22033898305084745,13,59,-0.01
E2_DYNAMIC_INCREMENTAL_AFTER_FULL_REUSE,CDF13/CDF-MILD,2,r8c-1602-4acf57dc0b2ddf90,DT-RAMDE_TS2_FULL,r8c-3593-86556ae3bcc0abbd,CROSS_EVENT_WARM_START_ONLY,INCLUDED,0.0847457627118644,5,59,-0.01
E2_DYNAMIC_INCREMENTAL_AFTER_FULL_REUSE,CDF13/CDF-MILD,2,r8c-1602-4acf57dc0b2ddf90,DT-RAMDE_TS2_FULL,r8c-3594-0c6477624b6f2ae3,CROSS_EVENT_MEMORY_ONLY,INCLUDED,0.0,0,59,-0.01
E2_DYNAMIC_INCREMENTAL_AFTER_FULL_REUSE,CDF13/CDF-MILD,2,r8c-1602-4acf57dc0b2ddf90,DT-RAMDE_TS2_FULL,r8c-3595-345fc5185dc9b6a3,SHADE_ONLY,INCLUDED,0.0,0,59,-0.01
E2_DYNAMIC_INCREMENTAL_AFTER_FULL_REUSE,CDF13/CDF-MILD,3,r8c-1608-2d917e1a47c59995,DT-RAMDE_TS2_FULL,r8c-3596-aff20479a456fd01,NO_CROSS_EVENT_MEMORY,INCLUDED,0.0,0,59,-0.01
E2_DYNAMIC_INCREMENTAL_AFTER_FULL_REUSE,CDF13/CDF-MILD,3,r8c-1608-2d917e1a47c59995,DT-RAMDE_TS2_FULL,r8c-3597-a7213dbfdd7eb339,NO_REJECTION_CREDIT,INCLUDED,0.7796610169491526,46,59,-0.01
E2_DYNAMIC_INCREMENTAL_AFTER_FULL_REUSE,CDF13/CDF-MILD,3,r8c-1608-2d917e1a47c59995,DT-RAMDE_TS2_FULL,r8c-3598-15d57772bb00c791,NO_MEMORY_RESET_GATE,INCLUDED,0.8135593220338984,48,59,-0.01
E2_DYNAMIC_INCREMENTAL_AFTER_FULL_REUSE,CDF13/CDF-MILD,3,r8c-1608-2d917e1a47c59995,DT-RAMDE_TS2_FULL,r8c-3599-c2f1342c0866d7c4,NO_LINEAGE_CREDIT,INCLUDED,0.8305084745762712,49,59,-0.01
E2_DYNAMIC_INCREMENTAL_AFTER_FULL_REUSE,CDF13/CDF-MILD,3,r8c-1608-2d917e1a47c59995,DT-RAMDE_TS2_FULL,r8c-3600-2aaf78c8c9947228,CROSS_EVENT_WARM_START_ONLY,INCLUDED,0.576271186440678,34,59,-0.01
E2_DYNAMIC_INCREMENTAL_AFTER_FULL_REUSE,CDF13/CDF-MILD,3,r8c-1608-2d917e1a47c59995,DT-RAMDE_TS2_FULL,r8c-3601-68a88967d55a1df8,CROSS_EVENT_MEMORY_ONLY,INCLUDED,0.0,0,59,-0.01
E2_DYNAMIC_INCREMENTAL_AFTER_FULL_REUSE,CDF13/CDF-MILD,3,r8c-1608-2d917e1a47c59995,DT-RAMDE_TS2_FULL,r8c-3602-bc18d78698d169a9,SHADE_ONLY,INCLUDED,0.0,0,59,-0.01
E2_DYNAMIC_INCREMENTAL_AFTER_FULL_REUSE,CDF13/CDF-MILD,4,r8c-1614-234bbb617cc3d69d,DT-RAMDE_TS2_FULL,r8c-3603-0a0d3bf238a37335,NO_CROSS_EVENT_MEMORY,INCLUDED,0.0,0,59,-0.01
E2_DYNAMIC_INCREMENTAL_AFTER_FULL_REUSE,CDF13/CDF-MILD,4,r8c-1614-234bbb617cc3d69d,DT-RAMDE_TS2_FULL,r8c-3604-edc166da2e8ef3bc,NO_REJECTION_CREDIT,INCLUDED,0.15254237288135594,9,59,-0.01
E2_DYNAMIC_INCREMENTAL_AFTER_FULL_REUSE,CDF13/CDF-MILD,4,r8c-1614-234bbb617cc3d69d,DT-RAMDE_TS2_FULL,r8c-3605-13ca729e66292abd,NO_MEMORY_RESET_GATE,INCLUDED,0.2711864406779661,16,59,-0.01
E2_DYNAMIC_INCREMENTAL_AFTER_FULL_REUSE,CDF13/CDF-MILD,4,r8c-1614-234bbb617cc3d69d,DT-RAMDE_TS2_FULL,r8c-3606-47575bbbbafc76fe,NO_LINEAGE_CREDIT,INCLUDED,0.23728813559322035,14,59,-0.01
E2_DYNAMIC_INCREMENTAL_AFTER_FULL_REUSE,CDF13/CDF-MILD,4,r8c-1614-234bbb617cc3d69d,DT-RAMDE_TS2_FULL,r8c-3607-e668ebd4523fbec6,CROSS_EVENT_WARM_START_ONLY,INCLUDED,0.05084745762711865,3,59,-0.01
E2_DYNAMIC_INCREMENTAL_AFTER_FULL_REUSE,CDF13/CDF-MILD,4,r8c-1614-234bbb617cc3d69d,DT-RAMDE_TS2_FULL,r8c-3608-5d0fbd8219694895,CROSS_EVENT_MEMORY_ONLY,INCLUDED,0.0,0,59,-0.01
E2_DYNAMIC_INCREMENTAL_AFTER_FULL_REUSE,CDF13/CDF-MILD,4,r8c-1614-234bbb617cc3d69d,DT-RAMDE_TS2_FULL,r8c-3609-9d99c6187c475b28,SHADE_ONLY,INCLUDED,0.0,0,59,-0.01
E2_DYNAMIC_INCREMENTAL_AFTER_FULL_REUSE,CDF14/CDF-HARSH,0,r8c-1620-8bcd7cf8b976cc42,DT-RAMDE_TS2_FULL,r8c-3610-ccb1fffb4643290d,NO_CROSS_EVENT_MEMORY,INCLUDED,0.0,0,59,-0.01
E2_DYNAMIC_INCREMENTAL_AFTER_FULL_REUSE,CDF14/CDF-HARSH,0,r8c-1620-8bcd7cf8b976cc42,DT-RAMDE_TS2_FULL,r8c-3611-5f2c2dbc013b3681,NO_REJECTION_CREDIT,INCLUDED,0.15254237288135594,9,59,-0.01
E2_DYNAMIC_INCREMENTAL_AFTER_FULL_REUSE,CDF14/CDF-HARSH,0,r8c-1620-8bcd7cf8b976cc42,DT-RAMDE_TS2_FULL,r8c-3612-57949580f77aa875,NO_MEMORY_RESET_GATE,INCLUDED,0.11864406779661017,7,59,-0.01
E2_DYNAMIC_INCREMENTAL_AFTER_FULL_REUSE,CDF14/CDF-HARSH,0,r8c-1620-8bcd7cf8b976cc42,DT-RAMDE_TS2_FULL,r8c-3613-535fc31be38da020,NO_LINEAGE_CREDIT,INCLUDED,0.1694915254237288,10,59,-0.01
E2_DYNAMIC_INCREMENTAL_AFTER_FULL_REUSE,CDF14/CDF-HARSH,0,r8c-1620-8bcd7cf8b976cc42,DT-RAMDE_TS2_FULL,r8c-3614-c1a01bdca2823a35,CROSS_EVENT_WARM_START_ONLY,INCLUDED,0.1864406779661017,11,59,-0.01
E2_DYNAMIC_INCREMENTAL_AFTER_FULL_REUSE,CDF14/CDF-HARSH,0,r8c-1620-8bcd7cf8b976cc42,DT-RAMDE_TS2_FULL,r8c-3615-0f13790c2c560f8f,CROSS_EVENT_MEMORY_ONLY,INCLUDED,0.0,0,59,-0.01
E2_DYNAMIC_INCREMENTAL_AFTER_FULL_REUSE,CDF14/CDF-HARSH,0,r8c-1620-8bcd7cf8b976cc42,DT-RAMDE_TS2_FULL,r8c-3616-8803fc0a7bcfaf4c,SHADE_ONLY,INCLUDED,0.0,0,59,-0.01
E2_DYNAMIC_INCREMENTAL_AFTER_FULL_REUSE,CDF14/CDF-HARSH,1,r8c-1626-5e94eeeace123fab,DT-RAMDE_TS2_FULL,r8c-3617-5e0144d53a809d81,NO_CROSS_EVENT_MEMORY,INCLUDED,0.0,0,59,-0.01
E2_DYNAMIC_INCREMENTAL_AFTER_FULL_REUSE,CDF14/CDF-HARSH,1,r8c-1626-5e94eeeace123fab,DT-RAMDE_TS2_FULL,r8c-3618-499e93a6817d6b5e,NO_REJECTION_CREDIT,INCLUDED,0.0847457627118644,5,59,-0.01
E2_DYNAMIC_INCREMENTAL_AFTER_FULL_REUSE,CDF14/CDF-HARSH,1,r8c-1626-5e94eeeace123fab,DT-RAMDE_TS2_FULL,r8c-3619-7807db2af459d70a,NO_MEMORY_RESET_GATE,INCLUDED,0.1016949152542373,6,59,-0.01
E2_DYNAMIC_INCREMENTAL_AFTER_FULL_REUSE,CDF14/CDF-HARSH,1,r8c-1626-5e94eeeace123fab,DT-RAMDE_TS2_FULL,r8c-3620-8981cca42351672b,NO_LINEAGE_CREDIT,INCLUDED,0.06779661016949153,4,59,-0.01
E2_DYNAMIC_INCREMENTAL_AFTER_FULL_REUSE,CDF14/CDF-HARSH,1,r8c-1626-5e94eeeace123fab,DT-RAMDE_TS2_FULL,r8c-3621-b16068598cbfda00,CROSS_EVENT_WARM_START_ONLY,INCLUDED,0.06779661016949153,4,59,-0.01
E2_DYNAMIC_INCREMENTAL_AFTER_FULL_REUSE,CDF14/CDF-HARSH,1,r8c-1626-5e94eeeace123fab,DT-RAMDE_TS2_FULL,r8c-3622-1072ce58ce9e0575,CROSS_EVENT_MEMORY_ONLY,INCLUDED,0.0,0,59,-0.01
E2_DYNAMIC_INCREMENTAL_AFTER_FULL_REUSE,CDF14/CDF-HARSH,1,r8c-1626-5e94eeeace123fab,DT-RAMDE_TS2_FULL,r8c-3623-11e47d29c41b615b,SHADE_ONLY,INCLUDED,0.0,0,59,-0.01
E2_DYNAMIC_INCREMENTAL_AFTER_FULL_REUSE,CDF14/CDF-HARSH,2,r8c-1632-82b641e970647675,DT-RAMDE_TS2_FULL,r8c-3624-768f56a0faf4a7a7,NO_CROSS_EVENT_MEMORY,INCLUDED,0.0,0,59,-0.01
E2_DYNAMIC_INCREMENTAL_AFTER_FULL_REUSE,CDF14/CDF-HARSH,2,r8c-1632-82b641e970647675,DT-RAMDE_TS2_FULL,r8c-3625-e9710cf42c2f35df,NO_REJECTION_CREDIT,INCLUDED,0.15254237288135594,9,59,-0.01
E2_DYNAMIC_INCREMENTAL_AFTER_FULL_REUSE,CDF14/CDF-HARSH,2,r8c-1632-82b641e970647675,DT-RAMDE_TS2_FULL,r8c-3626-dc9c0982e12e6574,NO_MEMORY_RESET_GATE,INCLUDED,0.13559322033898305,8,59,-0.01
E2_DYNAMIC_INCREMENTAL_AFTER_FULL_REUSE,CDF14/CDF-HARSH,2,r8c-1632-82b641e970647675,DT-RAMDE_TS2_FULL,r8c-3627-b71d2488c2784987,NO_LINEAGE_CREDIT,INCLUDED,0.06779661016949153,4,59,-0.01
E2_DYNAMIC_INCREMENTAL_AFTER_FULL_REUSE,CDF14/CDF-HARSH,2,r8c-1632-82b641e970647675,DT-RAMDE_TS2_FULL,r8c-3628-a6c0858663bdc403,CROSS_EVENT_WARM_START_ONLY,INCLUDED,0.13559322033898305,8,59,-0.01
E2_DYNAMIC_INCREMENTAL_AFTER_FULL_REUSE,CDF14/CDF-HARSH,2,r8c-1632-82b641e970647675,DT-RAMDE_TS2_FULL,r8c-3629-c5222883361318f2,CROSS_EVENT_MEMORY_ONLY,INCLUDED,0.0,0,59,-0.01
E2_DYNAMIC_INCREMENTAL_AFTER_FULL_REUSE,CDF14/CDF-HARSH,2,r8c-1632-82b641e970647675,DT-RAMDE_TS2_FULL,r8c-3630-d32b56bb750ff08f,SHADE_ONLY,INCLUDED,0.0,0,59,-0.01
E2_DYNAMIC_INCREMENTAL_AFTER_FULL_REUSE,CDF14/CDF-HARSH,3,r8c-1638-6dcb947f3b744158,DT-RAMDE_TS2_FULL,r8c-3631-052ef1459e5b80de,NO_CROSS_EVENT_MEMORY,INCLUDED,0.01694915254237288,1,59,-0.01
E2_DYNAMIC_INCREMENTAL_AFTER_FULL_REUSE,CDF14/CDF-HARSH,3,r8c-1638-6dcb947f3b744158,DT-RAMDE_TS2_FULL,r8c-3632-f454130420bd19f9,NO_REJECTION_CREDIT,INCLUDED,0.22033898305084745,13,59,-0.01
E2_DYNAMIC_INCREMENTAL_AFTER_FULL_REUSE,CDF14/CDF-HARSH,3,r8c-1638-6dcb947f3b744158,DT-RAMDE_TS2_FULL,r8c-3633-8de058b7b918dcd6,NO_MEMORY_RESET_GATE,INCLUDED,0.2033898305084746,12,59,-0.01
E2_DYNAMIC_INCREMENTAL_AFTER_FULL_REUSE,CDF14/CDF-HARSH,3,r8c-1638-6dcb947f3b744158,DT-RAMDE_TS2_FULL,r8c-3634-e467c26ed1cd17b9,NO_LINEAGE_CREDIT,INCLUDED,0.3050847457627119,18,59,-0.01
E2_DYNAMIC_INCREMENTAL_AFTER_FULL_REUSE,CDF14/CDF-HARSH,3,r8c-1638-6dcb947f3b744158,DT-RAMDE_TS2_FULL,r8c-3635-c59cdb45a01d3362,CROSS_EVENT_WARM_START_ONLY,INCLUDED,0.1864406779661017,11,59,-0.01
E2_DYNAMIC_INCREMENTAL_AFTER_FULL_REUSE,CDF14/CDF-HARSH,3,r8c-1638-6dcb947f3b744158,DT-RAMDE_TS2_FULL,r8c-3636-50177058fd74a50d,CROSS_EVENT_MEMORY_ONLY,INCLUDED,0.01694915254237288,1,59,-0.01
E2_DYNAMIC_INCREMENTAL_AFTER_FULL_REUSE,CDF14/CDF-HARSH,3,r8c-1638-6dcb947f3b744158,DT-RAMDE_TS2_FULL,r8c-3637-8b16c4108a7d0376,SHADE_ONLY,INCLUDED,0.01694915254237288,1,59,-0.01
E2_DYNAMIC_INCREMENTAL_AFTER_FULL_REUSE,CDF14/CDF-HARSH,4,r8c-1644-5be9ebab60623d63,DT-RAMDE_TS2_FULL,r8c-3638-3d2477a94eb85953,NO_CROSS_EVENT_MEMORY,INCLUDED,0.0,0,59,-0.01
E2_DYNAMIC_INCREMENTAL_AFTER_FULL_REUSE,CDF14/CDF-HARSH,4,r8c-1644-5be9ebab60623d63,DT-RAMDE_TS2_FULL,r8c-3639-398db031d49d8563,NO_REJECTION_CREDIT,INCLUDED,0.1016949152542373,6,59,-0.01
E2_DYNAMIC_INCREMENTAL_AFTER_FULL_REUSE,CDF14/CDF-HARSH,4,r8c-1644-5be9ebab60623d63,DT-RAMDE_TS2_FULL,r8c-3640-3d7a4f0c297d5167,NO_MEMORY_RESET_GATE,INCLUDED,0.1694915254237288,10,59,-0.01
E2_DYNAMIC_INCREMENTAL_AFTER_FULL_REUSE,CDF14/CDF-HARSH,4,r8c-1644-5be9ebab60623d63,DT-RAMDE_TS2_FULL,r8c-3641-c5a8237d371c5586,NO_LINEAGE_CREDIT,INCLUDED,0.0847457627118644,5,59,-0.01
E2_DYNAMIC_INCREMENTAL_AFTER_FULL_REUSE,CDF14/CDF-HARSH,4,r8c-1644-5be9ebab60623d63,DT-RAMDE_TS2_FULL,r8c-3642-d6fc46b29a45d756,CROSS_EVENT_WARM_START_ONLY,INCLUDED,0.1016949152542373,6,59,-0.01
E2_DYNAMIC_INCREMENTAL_AFTER_FULL_REUSE,CDF14/CDF-HARSH,4,r8c-1644-5be9ebab60623d63,DT-RAMDE_TS2_FULL,r8c-3643-3192efa136120adc,CROSS_EVENT_MEMORY_ONLY,INCLUDED,0.0,0,59,-0.01
E2_DYNAMIC_INCREMENTAL_AFTER_FULL_REUSE,CDF14/CDF-HARSH,4,r8c-1644-5be9ebab60623d63,DT-RAMDE_TS2_FULL,r8c-3644-eb416247cc5ee860,SHADE_ONLY,INCLUDED,0.0,0,59,-0.01
E2_DYNAMIC_INCREMENTAL_AFTER_FULL_REUSE,CDF14/CDF-MILD,0,r8c-1650-d81974b10271d1d3,DT-RAMDE_TS2_FULL,r8c-3645-104e704870f81298,NO_CROSS_EVENT_MEMORY,INCLUDED,0.0,0,59,-0.01
E2_DYNAMIC_INCREMENTAL_AFTER_FULL_REUSE,CDF14/CDF-MILD,0,r8c-1650-d81974b10271d1d3,DT-RAMDE_TS2_FULL,r8c-3646-a22daa027da408e1,NO_REJECTION_CREDIT,INCLUDED,0.06779661016949153,4,59,-0.01
E2_DYNAMIC_INCREMENTAL_AFTER_FULL_REUSE,CDF14/CDF-MILD,0,r8c-1650-d81974b10271d1d3,DT-RAMDE_TS2_FULL,r8c-3647-d3040b969aaaf8dd,NO_MEMORY_RESET_GATE,INCLUDED,0.0847457627118644,5,59,-0.01
E2_DYNAMIC_INCREMENTAL_AFTER_FULL_REUSE,CDF14/CDF-MILD,0,r8c-1650-d81974b10271d1d3,DT-RAMDE_TS2_FULL,r8c-3648-fc13a309819c6c40,NO_LINEAGE_CREDIT,INCLUDED,0.0847457627118644,5,59,-0.01
E2_DYNAMIC_INCREMENTAL_AFTER_FULL_REUSE,CDF14/CDF-MILD,0,r8c-1650-d81974b10271d1d3,DT-RAMDE_TS2_FULL,r8c-3649-32d0d2ecafe4cfe6,CROSS_EVENT_WARM_START_ONLY,INCLUDED,0.0847457627118644,5,59,-0.01
E2_DYNAMIC_INCREMENTAL_AFTER_FULL_REUSE,CDF14/CDF-MILD,0,r8c-1650-d81974b10271d1d3,DT-RAMDE_TS2_FULL,r8c-3650-b7f2683a8b8bccbd,CROSS_EVENT_MEMORY_ONLY,INCLUDED,0.0,0,59,-0.01
E2_DYNAMIC_INCREMENTAL_AFTER_FULL_REUSE,CDF14/CDF-MILD,0,r8c-1650-d81974b10271d1d3,DT-RAMDE_TS2_FULL,r8c-3651-ced1d81d8a5ae82d,SHADE_ONLY,INCLUDED,0.0,0,59,-0.01
E2_DYNAMIC_INCREMENTAL_AFTER_FULL_REUSE,CDF14/CDF-MILD,1,r8c-1656-60b62d4c3710e169,DT-RAMDE_TS2_FULL,r8c-3652-740bc4aa6177cf51,NO_CROSS_EVENT_MEMORY,INCLUDED,0.0,0,59,-0.01
E2_DYNAMIC_INCREMENTAL_AFTER_FULL_REUSE,CDF14/CDF-MILD,1,r8c-1656-60b62d4c3710e169,DT-RAMDE_TS2_FULL,r8c-3653-354900b641fda439,NO_REJECTION_CREDIT,INCLUDED,0.06779661016949153,4,59,-0.01
E2_DYNAMIC_INCREMENTAL_AFTER_FULL_REUSE,CDF14/CDF-MILD,1,r8c-1656-60b62d4c3710e169,DT-RAMDE_TS2_FULL,r8c-3654-1fcd561c01d7fa2b,NO_MEMORY_RESET_GATE,INCLUDED,0.05084745762711865,3,59,-0.01
E2_DYNAMIC_INCREMENTAL_AFTER_FULL_REUSE,CDF14/CDF-MILD,1,r8c-1656-60b62d4c3710e169,DT-RAMDE_TS2_FULL,r8c-3655-54059b9791842ac8,NO_LINEAGE_CREDIT,INCLUDED,0.05084745762711865,3,59,-0.01
E2_DYNAMIC_INCREMENTAL_AFTER_FULL_REUSE,CDF14/CDF-MILD,1,r8c-1656-60b62d4c3710e169,DT-RAMDE_TS2_FULL,r8c-3656-f8cafdbfdecb598b,CROSS_EVENT_WARM_START_ONLY,INCLUDED,0.01694915254237288,1,59,-0.01
E2_DYNAMIC_INCREMENTAL_AFTER_FULL_REUSE,CDF14/CDF-MILD,1,r8c-1656-60b62d4c3710e169,DT-RAMDE_TS2_FULL,r8c-3657-858c3ff928e28703,CROSS_EVENT_MEMORY_ONLY,INCLUDED,0.0,0,59,-0.01
E2_DYNAMIC_INCREMENTAL_AFTER_FULL_REUSE,CDF14/CDF-MILD,1,r8c-1656-60b62d4c3710e169,DT-RAMDE_TS2_FULL,r8c-3658-f644de9b06361f6c,SHADE_ONLY,INCLUDED,0.0,0,59,-0.01
E2_DYNAMIC_INCREMENTAL_AFTER_FULL_REUSE,CDF14/CDF-MILD,2,r8c-1662-40dce556468d1c3c,DT-RAMDE_TS2_FULL,r8c-3659-feca6ac19e50a3f7,NO_CROSS_EVENT_MEMORY,INCLUDED,0.0,0,59,-0.01
E2_DYNAMIC_INCREMENTAL_AFTER_FULL_REUSE,CDF14/CDF-MILD,2,r8c-1662-40dce556468d1c3c,DT-RAMDE_TS2_FULL,r8c-3660-399595b2d3ab2295,NO_REJECTION_CREDIT,INCLUDED,0.2033898305084746,12,59,-0.01
E2_DYNAMIC_INCREMENTAL_AFTER_FULL_REUSE,CDF14/CDF-MILD,2,r8c-1662-40dce556468d1c3c,DT-RAMDE_TS2_FULL,r8c-3661-9b485737e1c2578b,NO_MEMORY_RESET_GATE,INCLUDED,0.2033898305084746,12,59,-0.01
E2_DYNAMIC_INCREMENTAL_AFTER_FULL_REUSE,CDF14/CDF-MILD,2,r8c-1662-40dce556468d1c3c,DT-RAMDE_TS2_FULL,r8c-3662-8ca0b07fb1e8ed84,NO_LINEAGE_CREDIT,INCLUDED,0.15254237288135594,9,59,-0.01
E2_DYNAMIC_INCREMENTAL_AFTER_FULL_REUSE,CDF14/CDF-MILD,2,r8c-1662-40dce556468d1c3c,DT-RAMDE_TS2_FULL,r8c-3663-12b77983975b2293,CROSS_EVENT_WARM_START_ONLY,INCLUDED,0.2033898305084746,12,59,-0.01
E2_DYNAMIC_INCREMENTAL_AFTER_FULL_REUSE,CDF14/CDF-MILD,2,r8c-1662-40dce556468d1c3c,DT-RAMDE_TS2_FULL,r8c-3664-6b1c6dcbe50f6456,CROSS_EVENT_MEMORY_ONLY,INCLUDED,0.0,0,59,-0.01
E2_DYNAMIC_INCREMENTAL_AFTER_FULL_REUSE,CDF14/CDF-MILD,2,r8c-1662-40dce556468d1c3c,DT-RAMDE_TS2_FULL,r8c-3665-28f6f962684a4148,SHADE_ONLY,INCLUDED,0.0,0,59,-0.01
E2_DYNAMIC_INCREMENTAL_AFTER_FULL_REUSE,CDF14/CDF-MILD,3,r8c-1668-40eca2da09ffa3c0,DT-RAMDE_TS2_FULL,r8c-3666-7001673ce515148d,NO_CROSS_EVENT_MEMORY,INCLUDED,0.0,0,59,-0.01
E2_DYNAMIC_INCREMENTAL_AFTER_FULL_REUSE,CDF14/CDF-MILD,3,r8c-1668-40eca2da09ffa3c0,DT-RAMDE_TS2_FULL,r8c-3667-259afa7c4be75e10,NO_REJECTION_CREDIT,INCLUDED,0.1016949152542373,6,59,-0.01
E2_DYNAMIC_INCREMENTAL_AFTER_FULL_REUSE,CDF14/CDF-MILD,3,r8c-1668-40eca2da09ffa3c0,DT-RAMDE_TS2_FULL,r8c-3668-324d7203d84a5697,NO_MEMORY_RESET_GATE,INCLUDED,0.11864406779661017,7,59,-0.01
E2_DYNAMIC_INCREMENTAL_AFTER_FULL_REUSE,CDF14/CDF-MILD,3,r8c-1668-40eca2da09ffa3c0,DT-RAMDE_TS2_FULL,r8c-3669-e8713cd04fcae845,NO_LINEAGE_CREDIT,INCLUDED,0.06779661016949153,4,59,-0.01
E2_DYNAMIC_INCREMENTAL_AFTER_FULL_REUSE,CDF14/CDF-MILD,3,r8c-1668-40eca2da09ffa3c0,DT-RAMDE_TS2_FULL,r8c-3670-257a74bf2ff0eddc,CROSS_EVENT_WARM_START_ONLY,INCLUDED,0.1016949152542373,6,59,-0.01
E2_DYNAMIC_INCREMENTAL_AFTER_FULL_REUSE,CDF14/CDF-MILD,3,r8c-1668-40eca2da09ffa3c0,DT-RAMDE_TS2_FULL,r8c-3671-6a02577dceccbed6,CROSS_EVENT_MEMORY_ONLY,INCLUDED,0.0,0,59,-0.01
E2_DYNAMIC_INCREMENTAL_AFTER_FULL_REUSE,CDF14/CDF-MILD,3,r8c-1668-40eca2da09ffa3c0,DT-RAMDE_TS2_FULL,r8c-3672-bef825950acd2235,SHADE_ONLY,INCLUDED,0.0,0,59,-0.01
E2_DYNAMIC_INCREMENTAL_AFTER_FULL_REUSE,CDF14/CDF-MILD,4,r8c-1674-a9be8dbb1ec3bdc3,DT-RAMDE_TS2_FULL,r8c-3673-39e502a06ad552bf,NO_CROSS_EVENT_MEMORY,INCLUDED,0.0,0,59,-0.01
E2_DYNAMIC_INCREMENTAL_AFTER_FULL_REUSE,CDF14/CDF-MILD,4,r8c-1674-a9be8dbb1ec3bdc3,DT-RAMDE_TS2_FULL,r8c-3674-872494e3676bc559,NO_REJECTION_CREDIT,INCLUDED,0.13559322033898305,8,59,-0.01
E2_DYNAMIC_INCREMENTAL_AFTER_FULL_REUSE,CDF14/CDF-MILD,4,r8c-1674-a9be8dbb1ec3bdc3,DT-RAMDE_TS2_FULL,r8c-3675-f179809f874750d8,NO_MEMORY_RESET_GATE,INCLUDED,0.1016949152542373,6,59,-0.01
E2_DYNAMIC_INCREMENTAL_AFTER_FULL_REUSE,CDF14/CDF-MILD,4,r8c-1674-a9be8dbb1ec3bdc3,DT-RAMDE_TS2_FULL,r8c-3676-40151bacedc2935a,NO_LINEAGE_CREDIT,INCLUDED,0.0847457627118644,5,59,-0.01
E2_DYNAMIC_INCREMENTAL_AFTER_FULL_REUSE,CDF14/CDF-MILD,4,r8c-1674-a9be8dbb1ec3bdc3,DT-RAMDE_TS2_FULL,r8c-3677-1377f8d9edead9d9,CROSS_EVENT_WARM_START_ONLY,INCLUDED,0.1864406779661017,11,59,-0.01
E2_DYNAMIC_INCREMENTAL_AFTER_FULL_REUSE,CDF14/CDF-MILD,4,r8c-1674-a9be8dbb1ec3bdc3,DT-RAMDE_TS2_FULL,r8c-3678-d160e0723dd68028,CROSS_EVENT_MEMORY_ONLY,INCLUDED,0.0,0,59,-0.01
E2_DYNAMIC_INCREMENTAL_AFTER_FULL_REUSE,CDF14/CDF-MILD,4,r8c-1674-a9be8dbb1ec3bdc3,DT-RAMDE_TS2_FULL,r8c-3679-3160b818438f3895,SHADE_ONLY,INCLUDED,0.0,0,59,-0.01
E2_DYNAMIC_INCREMENTAL_AFTER_FULL_REUSE,CDF15/CDF-HARSH,0,r8c-1680-ed30551d6b4daefa,DT-RAMDE_TS2_FULL,r8c-3680-e335010940c03544,NO_CROSS_EVENT_MEMORY,INCLUDED,0.0,0,59,-0.01
E2_DYNAMIC_INCREMENTAL_AFTER_FULL_REUSE,CDF15/CDF-HARSH,0,r8c-1680-ed30551d6b4daefa,DT-RAMDE_TS2_FULL,r8c-3681-b7b620521d380d17,NO_REJECTION_CREDIT,INCLUDED,0.2711864406779661,16,59,-0.01
E2_DYNAMIC_INCREMENTAL_AFTER_FULL_REUSE,CDF15/CDF-HARSH,0,r8c-1680-ed30551d6b4daefa,DT-RAMDE_TS2_FULL,r8c-3682-67660bd7b957b333,NO_MEMORY_RESET_GATE,INCLUDED,0.22033898305084745,13,59,-0.01
E2_DYNAMIC_INCREMENTAL_AFTER_FULL_REUSE,CDF15/CDF-HARSH,0,r8c-1680-ed30551d6b4daefa,DT-RAMDE_TS2_FULL,r8c-3683-0805b2fd3c50c640,NO_LINEAGE_CREDIT,INCLUDED,0.22033898305084745,13,59,-0.01
E2_DYNAMIC_INCREMENTAL_AFTER_FULL_REUSE,CDF15/CDF-HARSH,0,r8c-1680-ed30551d6b4daefa,DT-RAMDE_TS2_FULL,r8c-3684-b941d32b831924fd,CROSS_EVENT_WARM_START_ONLY,INCLUDED,0.3050847457627119,18,59,-0.01
E2_DYNAMIC_INCREMENTAL_AFTER_FULL_REUSE,CDF15/CDF-HARSH,0,r8c-1680-ed30551d6b4daefa,DT-RAMDE_TS2_FULL,r8c-3685-6f744b03c8998142,CROSS_EVENT_MEMORY_ONLY,INCLUDED,0.0,0,59,-0.01
E2_DYNAMIC_INCREMENTAL_AFTER_FULL_REUSE,CDF15/CDF-HARSH,0,r8c-1680-ed30551d6b4daefa,DT-RAMDE_TS2_FULL,r8c-3686-f1eaf296c316283e,SHADE_ONLY,INCLUDED,0.0,0,59,-0.01
E2_DYNAMIC_INCREMENTAL_AFTER_FULL_REUSE,CDF15/CDF-HARSH,1,r8c-1686-7f66235e6b435cec,DT-RAMDE_TS2_FULL,r8c-3687-93914d57aecf582c,NO_CROSS_EVENT_MEMORY,INCLUDED,0.0,0,59,-0.01
E2_DYNAMIC_INCREMENTAL_AFTER_FULL_REUSE,CDF15/CDF-HARSH,1,r8c-1686-7f66235e6b435cec,DT-RAMDE_TS2_FULL,r8c-3688-aba56ac9cfe86701,NO_REJECTION_CREDIT,INCLUDED,0.3728813559322034,22,59,-0.01
E2_DYNAMIC_INCREMENTAL_AFTER_FULL_REUSE,CDF15/CDF-HARSH,1,r8c-1686-7f66235e6b435cec,DT-RAMDE_TS2_FULL,r8c-3689-0feb04b17dfbcbbb,NO_MEMORY_RESET_GATE,INCLUDED,0.23728813559322035,14,59,-0.01
E2_DYNAMIC_INCREMENTAL_AFTER_FULL_REUSE,CDF15/CDF-HARSH,1,r8c-1686-7f66235e6b435cec,DT-RAMDE_TS2_FULL,r8c-3690-655d3d59418a8b96,NO_LINEAGE_CREDIT,INCLUDED,0.288135593220339,17,59,-0.01
E2_DYNAMIC_INCREMENTAL_AFTER_FULL_REUSE,CDF15/CDF-HARSH,1,r8c-1686-7f66235e6b435cec,DT-RAMDE_TS2_FULL,r8c-3691-fe7af5899db4651e,CROSS_EVENT_WARM_START_ONLY,INCLUDED,0.3898305084745763,23,59,-0.01
E2_DYNAMIC_INCREMENTAL_AFTER_FULL_REUSE,CDF15/CDF-HARSH,1,r8c-1686-7f66235e6b435cec,DT-RAMDE_TS2_FULL,r8c-3692-df63faa280518cca,CROSS_EVENT_MEMORY_ONLY,INCLUDED,0.0,0,59,-0.01
E2_DYNAMIC_INCREMENTAL_AFTER_FULL_REUSE,CDF15/CDF-HARSH,1,r8c-1686-7f66235e6b435cec,DT-RAMDE_TS2_FULL,r8c-3693-338f34e14294e878,SHADE_ONLY,INCLUDED,0.0,0,59,-0.01
E2_DYNAMIC_INCREMENTAL_AFTER_FULL_REUSE,CDF15/CDF-HARSH,2,r8c-1692-9ac2a535e7306166,DT-RAMDE_TS2_FULL,r8c-3694-1f7607937a85f549,NO_CROSS_EVENT_MEMORY,INCLUDED,0.0,0,59,-0.01
E2_DYNAMIC_INCREMENTAL_AFTER_FULL_REUSE,CDF15/CDF-HARSH,2,r8c-1692-9ac2a535e7306166,DT-RAMDE_TS2_FULL,r8c-3695-45beaf70832b0e53,NO_REJECTION_CREDIT,INCLUDED,0.15254237288135594,9,59,-0.01
E2_DYNAMIC_INCREMENTAL_AFTER_FULL_REUSE,CDF15/CDF-HARSH,2,r8c-1692-9ac2a535e7306166,DT-RAMDE_TS2_FULL,r8c-3696-0b7062777cbd3a98,NO_MEMORY_RESET_GATE,INCLUDED,0.3050847457627119,18,59,-0.01
E2_DYNAMIC_INCREMENTAL_AFTER_FULL_REUSE,CDF15/CDF-HARSH,2,r8c-1692-9ac2a535e7306166,DT-RAMDE_TS2_FULL,r8c-3697-15f179391ff771f9,NO_LINEAGE_CREDIT,INCLUDED,0.3050847457627119,18,59,-0.01
E2_DYNAMIC_INCREMENTAL_AFTER_FULL_REUSE,CDF15/CDF-HARSH,2,r8c-1692-9ac2a535e7306166,DT-RAMDE_TS2_FULL,r8c-3698-f3fc498fb65cf8fa,CROSS_EVENT_WARM_START_ONLY,INCLUDED,0.15254237288135594,9,59,-0.01
E2_DYNAMIC_INCREMENTAL_AFTER_FULL_REUSE,CDF15/CDF-HARSH,2,r8c-1692-9ac2a535e7306166,DT-RAMDE_TS2_FULL,r8c-3699-b30e1bba4882d1c1,CROSS_EVENT_MEMORY_ONLY,INCLUDED,0.0,0,59,-0.01
E2_DYNAMIC_INCREMENTAL_AFTER_FULL_REUSE,CDF15/CDF-HARSH,2,r8c-1692-9ac2a535e7306166,DT-RAMDE_TS2_FULL,r8c-3700-5838d030bfe100f8,SHADE_ONLY,INCLUDED,0.0,0,59,-0.01
E2_DYNAMIC_INCREMENTAL_AFTER_FULL_REUSE,CDF15/CDF-HARSH,3,r8c-1698-7bde11fbc8a146fd,DT-RAMDE_TS2_FULL,r8c-3701-2618f49df6efcf0e,NO_CROSS_EVENT_MEMORY,INCLUDED,0.0,0,59,-0.01
E2_DYNAMIC_INCREMENTAL_AFTER_FULL_REUSE,CDF15/CDF-HARSH,3,r8c-1698-7bde11fbc8a146fd,DT-RAMDE_TS2_FULL,r8c-3702-1419c9168ff3a7e5,NO_REJECTION_CREDIT,INCLUDED,0.2033898305084746,12,59,-0.01
E2_DYNAMIC_INCREMENTAL_AFTER_FULL_REUSE,CDF15/CDF-HARSH,3,r8c-1698-7bde11fbc8a146fd,DT-RAMDE_TS2_FULL,r8c-3703-19686810f25fe27c,NO_MEMORY_RESET_GATE,INCLUDED,0.22033898305084745,13,59,-0.01
E2_DYNAMIC_INCREMENTAL_AFTER_FULL_REUSE,CDF15/CDF-HARSH,3,r8c-1698-7bde11fbc8a146fd,DT-RAMDE_TS2_FULL,r8c-3704-fe3d3d429edb9eb7,NO_LINEAGE_CREDIT,INCLUDED,0.288135593220339,17,59,-0.01
E2_DYNAMIC_INCREMENTAL_AFTER_FULL_REUSE,CDF15/CDF-HARSH,3,r8c-1698-7bde11fbc8a146fd,DT-RAMDE_TS2_FULL,r8c-3705-1657bd43e17a51e4,CROSS_EVENT_WARM_START_ONLY,INCLUDED,0.2542372881355932,15,59,-0.01
E2_DYNAMIC_INCREMENTAL_AFTER_FULL_REUSE,CDF15/CDF-HARSH,3,r8c-1698-7bde11fbc8a146fd,DT-RAMDE_TS2_FULL,r8c-3706-d3d9349ddf20588c,CROSS_EVENT_MEMORY_ONLY,INCLUDED,0.0,0,59,-0.01
E2_DYNAMIC_INCREMENTAL_AFTER_FULL_REUSE,CDF15/CDF-HARSH,3,r8c-1698-7bde11fbc8a146fd,DT-RAMDE_TS2_FULL,r8c-3707-2ebceb4a75ec885a,SHADE_ONLY,INCLUDED,0.0,0,59,-0.01
E2_DYNAMIC_INCREMENTAL_AFTER_FULL_REUSE,CDF15/CDF-HARSH,4,r8c-1704-68e5622b2b4f4d41,DT-RAMDE_TS2_FULL,r8c-3708-654add545605cb67,NO_CROSS_EVENT_MEMORY,INCLUDED,0.0,0,59,-0.01
E2_DYNAMIC_INCREMENTAL_AFTER_FULL_REUSE,CDF15/CDF-HARSH,4,r8c-1704-68e5622b2b4f4d41,DT-RAMDE_TS2_FULL,r8c-3709-594200385cd4b834,NO_REJECTION_CREDIT,INCLUDED,0.3050847457627119,18,59,-0.01
E2_DYNAMIC_INCREMENTAL_AFTER_FULL_REUSE,CDF15/CDF-HARSH,4,r8c-1704-68e5622b2b4f4d41,DT-RAMDE_TS2_FULL,r8c-3710-837fd36e4e40f65a,NO_MEMORY_RESET_GATE,INCLUDED,0.423728813559322,25,59,-0.01
E2_DYNAMIC_INCREMENTAL_AFTER_FULL_REUSE,CDF15/CDF-HARSH,4,r8c-1704-68e5622b2b4f4d41,DT-RAMDE_TS2_FULL,r8c-3711-1bddb58b390f72a5,NO_LINEAGE_CREDIT,INCLUDED,0.3389830508474576,20,59,-0.01
E2_DYNAMIC_INCREMENTAL_AFTER_FULL_REUSE,CDF15/CDF-HARSH,4,r8c-1704-68e5622b2b4f4d41,DT-RAMDE_TS2_FULL,r8c-3712-e57157f259310106,CROSS_EVENT_WARM_START_ONLY,INCLUDED,0.288135593220339,17,59,-0.01
E2_DYNAMIC_INCREMENTAL_AFTER_FULL_REUSE,CDF15/CDF-HARSH,4,r8c-1704-68e5622b2b4f4d41,DT-RAMDE_TS2_FULL,r8c-3713-6e6f47672bb80847,CROSS_EVENT_MEMORY_ONLY,INCLUDED,0.0,0,59,-0.01
E2_DYNAMIC_INCREMENTAL_AFTER_FULL_REUSE,CDF15/CDF-HARSH,4,r8c-1704-68e5622b2b4f4d41,DT-RAMDE_TS2_FULL,r8c-3714-c9cc280b75b6f314,SHADE_ONLY,INCLUDED,0.01694915254237288,1,59,-0.01
E2_DYNAMIC_INCREMENTAL_AFTER_FULL_REUSE,CDF15/CDF-MILD,0,r8c-1710-bcc68948995d2500,DT-RAMDE_TS2_FULL,r8c-3715-5380347d31c1e7af,NO_CROSS_EVENT_MEMORY,INCLUDED,0.0,0,59,-0.01
E2_DYNAMIC_INCREMENTAL_AFTER_FULL_REUSE,CDF15/CDF-MILD,0,r8c-1710-bcc68948995d2500,DT-RAMDE_TS2_FULL,r8c-3716-208199aa7c45410b,NO_REJECTION_CREDIT,INCLUDED,0.13559322033898305,8,59,-0.01
E2_DYNAMIC_INCREMENTAL_AFTER_FULL_REUSE,CDF15/CDF-MILD,0,r8c-1710-bcc68948995d2500,DT-RAMDE_TS2_FULL,r8c-3717-ecacd4cabac9e9c4,NO_MEMORY_RESET_GATE,INCLUDED,0.1016949152542373,6,59,-0.01
E2_DYNAMIC_INCREMENTAL_AFTER_FULL_REUSE,CDF15/CDF-MILD,0,r8c-1710-bcc68948995d2500,DT-RAMDE_TS2_FULL,r8c-3718-85c6d1d55b922a6b,NO_LINEAGE_CREDIT,INCLUDED,0.22033898305084745,13,59,-0.01
E2_DYNAMIC_INCREMENTAL_AFTER_FULL_REUSE,CDF15/CDF-MILD,0,r8c-1710-bcc68948995d2500,DT-RAMDE_TS2_FULL,r8c-3719-16e194a6be30e3a7,CROSS_EVENT_WARM_START_ONLY,INCLUDED,0.2711864406779661,16,59,-0.01
E2_DYNAMIC_INCREMENTAL_AFTER_FULL_REUSE,CDF15/CDF-MILD,0,r8c-1710-bcc68948995d2500,DT-RAMDE_TS2_FULL,r8c-3720-acc9c3dee2be600e,CROSS_EVENT_MEMORY_ONLY,INCLUDED,0.0,0,59,-0.01
E2_DYNAMIC_INCREMENTAL_AFTER_FULL_REUSE,CDF15/CDF-MILD,0,r8c-1710-bcc68948995d2500,DT-RAMDE_TS2_FULL,r8c-3721-1c6436abfdfd5da8,SHADE_ONLY,INCLUDED,0.0,0,59,-0.01
E2_DYNAMIC_INCREMENTAL_AFTER_FULL_REUSE,CDF15/CDF-MILD,1,r8c-1716-510ebdb74899d3a0,DT-RAMDE_TS2_FULL,r8c-3722-009b0abd562a6531,NO_CROSS_EVENT_MEMORY,INCLUDED,0.0,0,59,-0.01
E2_DYNAMIC_INCREMENTAL_AFTER_FULL_REUSE,CDF15/CDF-MILD,1,r8c-1716-510ebdb74899d3a0,DT-RAMDE_TS2_FULL,r8c-3723-b2375d8bc88fd132,NO_REJECTION_CREDIT,INCLUDED,0.5084745762711864,30,59,-0.01
E2_DYNAMIC_INCREMENTAL_AFTER_FULL_REUSE,CDF15/CDF-MILD,1,r8c-1716-510ebdb74899d3a0,DT-RAMDE_TS2_FULL,r8c-3724-3ae86388177d3a49,NO_MEMORY_RESET_GATE,INCLUDED,0.3728813559322034,22,59,-0.01
E2_DYNAMIC_INCREMENTAL_AFTER_FULL_REUSE,CDF15/CDF-MILD,1,r8c-1716-510ebdb74899d3a0,DT-RAMDE_TS2_FULL,r8c-3725-5d85725396766eff,NO_LINEAGE_CREDIT,INCLUDED,0.3389830508474576,20,59,-0.01
E2_DYNAMIC_INCREMENTAL_AFTER_FULL_REUSE,CDF15/CDF-MILD,1,r8c-1716-510ebdb74899d3a0,DT-RAMDE_TS2_FULL,r8c-3726-e3a5df3131b75eb5,CROSS_EVENT_WARM_START_ONLY,INCLUDED,0.4915254237288136,29,59,-0.01
E2_DYNAMIC_INCREMENTAL_AFTER_FULL_REUSE,CDF15/CDF-MILD,1,r8c-1716-510ebdb74899d3a0,DT-RAMDE_TS2_FULL,r8c-3727-b20fa96a7e905f07,CROSS_EVENT_MEMORY_ONLY,INCLUDED,0.0,0,59,-0.01
E2_DYNAMIC_INCREMENTAL_AFTER_FULL_REUSE,CDF15/CDF-MILD,1,r8c-1716-510ebdb74899d3a0,DT-RAMDE_TS2_FULL,r8c-3728-4c86702bb1f6fb33,SHADE_ONLY,INCLUDED,0.0,0,59,-0.01
E2_DYNAMIC_INCREMENTAL_AFTER_FULL_REUSE,CDF15/CDF-MILD,2,r8c-1722-0ca1b8470d23cbf1,DT-RAMDE_TS2_FULL,r8c-3729-9a0d213d9e8f81cb,NO_CROSS_EVENT_MEMORY,INCLUDED,0.0,0,59,-0.01
E2_DYNAMIC_INCREMENTAL_AFTER_FULL_REUSE,CDF15/CDF-MILD,2,r8c-1722-0ca1b8470d23cbf1,DT-RAMDE_TS2_FULL,r8c-3730-a1e7067227bddf1d,NO_REJECTION_CREDIT,INCLUDED,0.2711864406779661,16,59,-0.01
E2_DYNAMIC_INCREMENTAL_AFTER_FULL_REUSE,CDF15/CDF-MILD,2,r8c-1722-0ca1b8470d23cbf1,DT-RAMDE_TS2_FULL,r8c-3731-557dbe07e5d43925,NO_MEMORY_RESET_GATE,INCLUDED,0.13559322033898305,8,59,-0.01
E2_DYNAMIC_INCREMENTAL_AFTER_FULL_REUSE,CDF15/CDF-MILD,2,r8c-1722-0ca1b8470d23cbf1,DT-RAMDE_TS2_FULL,r8c-3732-c50f65b839575961,NO_LINEAGE_CREDIT,INCLUDED,0.1016949152542373,6,59,-0.01
E2_DYNAMIC_INCREMENTAL_AFTER_FULL_REUSE,CDF15/CDF-MILD,2,r8c-1722-0ca1b8470d23cbf1,DT-RAMDE_TS2_FULL,r8c-3733-41ac4cc0fc0c80a8,CROSS_EVENT_WARM_START_ONLY,INCLUDED,0.288135593220339,17,59,-0.01
E2_DYNAMIC_INCREMENTAL_AFTER_FULL_REUSE,CDF15/CDF-MILD,2,r8c-1722-0ca1b8470d23cbf1,DT-RAMDE_TS2_FULL,r8c-3734-821c1e8a92e1e0ab,CROSS_EVENT_MEMORY_ONLY,INCLUDED,0.0,0,59,-0.01
E2_DYNAMIC_INCREMENTAL_AFTER_FULL_REUSE,CDF15/CDF-MILD,2,r8c-1722-0ca1b8470d23cbf1,DT-RAMDE_TS2_FULL,r8c-3735-f3ef1b7c72dfd290,SHADE_ONLY,INCLUDED,0.0,0,59,-0.01
E2_DYNAMIC_INCREMENTAL_AFTER_FULL_REUSE,CDF15/CDF-MILD,3,r8c-1728-263a756bf149ad8f,DT-RAMDE_TS2_FULL,r8c-3736-964f501b2c2278fb,NO_CROSS_EVENT_MEMORY,INCLUDED,0.0,0,59,-0.01
E2_DYNAMIC_INCREMENTAL_AFTER_FULL_REUSE,CDF15/CDF-MILD,3,r8c-1728-263a756bf149ad8f,DT-RAMDE_TS2_FULL,r8c-3737-53192a4e5adfcce6,NO_REJECTION_CREDIT,INCLUDED,0.11864406779661017,7,59,-0.01
E2_DYNAMIC_INCREMENTAL_AFTER_FULL_REUSE,CDF15/CDF-MILD,3,r8c-1728-263a756bf149ad8f,DT-RAMDE_TS2_FULL,r8c-3738-f27c43dd668f8508,NO_MEMORY_RESET_GATE,INCLUDED,0.05084745762711865,3,59,-0.01
E2_DYNAMIC_INCREMENTAL_AFTER_FULL_REUSE,CDF15/CDF-MILD,3,r8c-1728-263a756bf149ad8f,DT-RAMDE_TS2_FULL,r8c-3739-0062c382da0921fb,NO_LINEAGE_CREDIT,INCLUDED,0.1016949152542373,6,59,-0.01
E2_DYNAMIC_INCREMENTAL_AFTER_FULL_REUSE,CDF15/CDF-MILD,3,r8c-1728-263a756bf149ad8f,DT-RAMDE_TS2_FULL,r8c-3740-c40d3f414588770b,CROSS_EVENT_WARM_START_ONLY,INCLUDED,0.1864406779661017,11,59,-0.01
E2_DYNAMIC_INCREMENTAL_AFTER_FULL_REUSE,CDF15/CDF-MILD,3,r8c-1728-263a756bf149ad8f,DT-RAMDE_TS2_FULL,r8c-3741-3559e016886d2345,CROSS_EVENT_MEMORY_ONLY,INCLUDED,0.0,0,59,-0.01
E2_DYNAMIC_INCREMENTAL_AFTER_FULL_REUSE,CDF15/CDF-MILD,3,r8c-1728-263a756bf149ad8f,DT-RAMDE_TS2_FULL,r8c-3742-e147a42b0054c840,SHADE_ONLY,INCLUDED,0.0,0,59,-0.01
E2_DYNAMIC_INCREMENTAL_AFTER_FULL_REUSE,CDF15/CDF-MILD,4,r8c-1734-3d0cba0ac925f392,DT-RAMDE_TS2_FULL,r8c-3743-c6fc42adf7425194,NO_CROSS_EVENT_MEMORY,INCLUDED,0.0,0,59,-0.01
E2_DYNAMIC_INCREMENTAL_AFTER_FULL_REUSE,CDF15/CDF-MILD,4,r8c-1734-3d0cba0ac925f392,DT-RAMDE_TS2_FULL,r8c-3744-8783ce2cc8b8e38f,NO_REJECTION_CREDIT,INCLUDED,0.3898305084745763,23,59,-0.01
E2_DYNAMIC_INCREMENTAL_AFTER_FULL_REUSE,CDF15/CDF-MILD,4,r8c-1734-3d0cba0ac925f392,DT-RAMDE_TS2_FULL,r8c-3745-2b6b249517e2b2ad,NO_MEMORY_RESET_GATE,INCLUDED,0.5084745762711864,30,59,-0.01
E2_DYNAMIC_INCREMENTAL_AFTER_FULL_REUSE,CDF15/CDF-MILD,4,r8c-1734-3d0cba0ac925f392,DT-RAMDE_TS2_FULL,r8c-3746-e384a5b58a3f7021,NO_LINEAGE_CREDIT,INCLUDED,0.3559322033898305,21,59,-0.01
E2_DYNAMIC_INCREMENTAL_AFTER_FULL_REUSE,CDF15/CDF-MILD,4,r8c-1734-3d0cba0ac925f392,DT-RAMDE_TS2_FULL,r8c-3747-8836892446e07605,CROSS_EVENT_WARM_START_ONLY,INCLUDED,0.423728813559322,25,59,-0.01
E2_DYNAMIC_INCREMENTAL_AFTER_FULL_REUSE,CDF15/CDF-MILD,4,r8c-1734-3d0cba0ac925f392,DT-RAMDE_TS2_FULL,r8c-3748-fb8df5ad0b2f220f,CROSS_EVENT_MEMORY_ONLY,INCLUDED,0.0,0,59,-0.01
E2_DYNAMIC_INCREMENTAL_AFTER_FULL_REUSE,CDF15/CDF-MILD,4,r8c-1734-3d0cba0ac925f392,DT-RAMDE_TS2_FULL,r8c-3749-a186ff9418b5ec99,SHADE_ONLY,INCLUDED,0.0,0,59,-0.01
E2_ROLLING_INCREMENTAL_AFTER_FULL_REUSE,RR-SMOOTH/0,0,r8c-1740-a0fc45d190b87a9a,DT-RAMDE_TS2_FULL,r8c-3750-41e6560fb1a308f8,NO_CROSS_EVENT_MEMORY,INCLUDED,0.2631578947368421,5,19,-0.01
E2_ROLLING_INCREMENTAL_AFTER_FULL_REUSE,RR-SMOOTH/0,0,r8c-1740-a0fc45d190b87a9a,DT-RAMDE_TS2_FULL,r8c-3751-37cdfd3a4d3ad74f,NO_EXECUTION_FEEDBACK,INCLUDED,0.5263157894736842,10,19,-0.01
E2_ROLLING_INCREMENTAL_AFTER_FULL_REUSE,RR-SMOOTH/0,0,r8c-1740-a0fc45d190b87a9a,DT-RAMDE_TS2_FULL,r8c-3752-ff089486d0296500,NO_REJECTION_CREDIT,INCLUDED,0.47368421052631576,9,19,-0.01
E2_ROLLING_INCREMENTAL_AFTER_FULL_REUSE,RR-SMOOTH/0,0,r8c-1740-a0fc45d190b87a9a,DT-RAMDE_TS2_FULL,r8c-3753-9773ffa5bfad656a,NO_MEMORY_RESET_GATE,INCLUDED,0.631578947368421,12,19,-0.01
E2_ROLLING_INCREMENTAL_AFTER_FULL_REUSE,RR-SMOOTH/0,0,r8c-1740-a0fc45d190b87a9a,DT-RAMDE_TS2_FULL,r8c-3754-e481d4331c942772,NO_LINEAGE_CREDIT,INCLUDED,0.42105263157894735,8,19,-0.01
E2_ROLLING_INCREMENTAL_AFTER_FULL_REUSE,RR-SMOOTH/0,0,r8c-1740-a0fc45d190b87a9a,DT-RAMDE_TS2_FULL,r8c-3755-07e9a7bfdf61045b,CROSS_EVENT_WARM_START_ONLY,INCLUDED,0.631578947368421,12,19,-0.01
E2_ROLLING_INCREMENTAL_AFTER_FULL_REUSE,RR-SMOOTH/0,0,r8c-1740-a0fc45d190b87a9a,DT-RAMDE_TS2_FULL,r8c-3756-b6d0a15c936b356d,CROSS_EVENT_MEMORY_ONLY,INCLUDED,0.15789473684210525,3,19,-0.01
E2_ROLLING_INCREMENTAL_AFTER_FULL_REUSE,RR-SMOOTH/0,0,r8c-1740-a0fc45d190b87a9a,DT-RAMDE_TS2_FULL,r8c-3757-d9793ed5546e6133,SHADE_ONLY,INCLUDED,0.2631578947368421,5,19,-0.01
E2_ROLLING_INCREMENTAL_AFTER_FULL_REUSE,RR-SMOOTH/0,1,r8c-1746-3d4e3405fe0eaed3,DT-RAMDE_TS2_FULL,r8c-3758-9dbdfa8e990fcc32,NO_CROSS_EVENT_MEMORY,INCLUDED,0.05263157894736842,1,19,-0.01
E2_ROLLING_INCREMENTAL_AFTER_FULL_REUSE,RR-SMOOTH/0,1,r8c-1746-3d4e3405fe0eaed3,DT-RAMDE_TS2_FULL,r8c-3759-dd854c6e60610e04,NO_EXECUTION_FEEDBACK,INCLUDED,0.42105263157894735,8,19,-0.01
E2_ROLLING_INCREMENTAL_AFTER_FULL_REUSE,RR-SMOOTH/0,1,r8c-1746-3d4e3405fe0eaed3,DT-RAMDE_TS2_FULL,r8c-3760-e164f2b0a61176fa,NO_REJECTION_CREDIT,INCLUDED,0.3157894736842105,6,19,-0.01
E2_ROLLING_INCREMENTAL_AFTER_FULL_REUSE,RR-SMOOTH/0,1,r8c-1746-3d4e3405fe0eaed3,DT-RAMDE_TS2_FULL,r8c-3761-91515530bdeb373e,NO_MEMORY_RESET_GATE,INCLUDED,0.42105263157894735,8,19,-0.01
E2_ROLLING_INCREMENTAL_AFTER_FULL_REUSE,RR-SMOOTH/0,1,r8c-1746-3d4e3405fe0eaed3,DT-RAMDE_TS2_FULL,r8c-3762-b836998656a2ca50,NO_LINEAGE_CREDIT,INCLUDED,0.42105263157894735,8,19,-0.01
E2_ROLLING_INCREMENTAL_AFTER_FULL_REUSE,RR-SMOOTH/0,1,r8c-1746-3d4e3405fe0eaed3,DT-RAMDE_TS2_FULL,r8c-3763-784cd2dcde7029ae,CROSS_EVENT_WARM_START_ONLY,INCLUDED,0.3684210526315789,7,19,-0.01
E2_ROLLING_INCREMENTAL_AFTER_FULL_REUSE,RR-SMOOTH/0,1,r8c-1746-3d4e3405fe0eaed3,DT-RAMDE_TS2_FULL,r8c-3764-0d9f809fef944f89,CROSS_EVENT_MEMORY_ONLY,INCLUDED,0.05263157894736842,1,19,-0.01
E2_ROLLING_INCREMENTAL_AFTER_FULL_REUSE,RR-SMOOTH/0,1,r8c-1746-3d4e3405fe0eaed3,DT-RAMDE_TS2_FULL,r8c-3765-f95da1962cf1bcdc,SHADE_ONLY,INCLUDED,0.10526315789473684,2,19,-0.01
E2_ROLLING_INCREMENTAL_AFTER_FULL_REUSE,RR-SMOOTH/0,2,r8c-1752-d872f2db34914202,DT-RAMDE_TS2_FULL,r8c-3766-0982462367738688,NO_CROSS_EVENT_MEMORY,INCLUDED,0.2631578947368421,5,19,-0.01
E2_ROLLING_INCREMENTAL_AFTER_FULL_REUSE,RR-SMOOTH/0,2,r8c-1752-d872f2db34914202,DT-RAMDE_TS2_FULL,r8c-3767-444ba9de883ecbf6,NO_EXECUTION_FEEDBACK,INCLUDED,0.5789473684210527,11,19,-0.01
E2_ROLLING_INCREMENTAL_AFTER_FULL_REUSE,RR-SMOOTH/0,2,r8c-1752-d872f2db34914202,DT-RAMDE_TS2_FULL,r8c-3768-5e2824f114624ec3,NO_REJECTION_CREDIT,INCLUDED,0.2631578947368421,5,19,-0.01
E2_ROLLING_INCREMENTAL_AFTER_FULL_REUSE,RR-SMOOTH/0,2,r8c-1752-d872f2db34914202,DT-RAMDE_TS2_FULL,r8c-3769-27c11096365ad982,NO_MEMORY_RESET_GATE,INCLUDED,0.5789473684210527,11,19,-0.01
E2_ROLLING_INCREMENTAL_AFTER_FULL_REUSE,RR-SMOOTH/0,2,r8c-1752-d872f2db34914202,DT-RAMDE_TS2_FULL,r8c-3770-7f53473d818cc534,NO_LINEAGE_CREDIT,INCLUDED,0.3157894736842105,6,19,-0.01
E2_ROLLING_INCREMENTAL_AFTER_FULL_REUSE,RR-SMOOTH/0,2,r8c-1752-d872f2db34914202,DT-RAMDE_TS2_FULL,r8c-3771-0fe59122ac3c8e91,CROSS_EVENT_WARM_START_ONLY,INCLUDED,0.47368421052631576,9,19,-0.01
E2_ROLLING_INCREMENTAL_AFTER_FULL_REUSE,RR-SMOOTH/0,2,r8c-1752-d872f2db34914202,DT-RAMDE_TS2_FULL,r8c-3772-5dab3b8496204cd4,CROSS_EVENT_MEMORY_ONLY,INCLUDED,0.2631578947368421,5,19,-0.01
E2_ROLLING_INCREMENTAL_AFTER_FULL_REUSE,RR-SMOOTH/0,2,r8c-1752-d872f2db34914202,DT-RAMDE_TS2_FULL,r8c-3773-2016741f9478417d,SHADE_ONLY,INCLUDED,0.21052631578947367,4,19,-0.01
E2_ROLLING_INCREMENTAL_AFTER_FULL_REUSE,RR-SMOOTH/0,3,r8c-1758-ff727e1101d2152d,DT-RAMDE_TS2_FULL,r8c-3774-4342f59db9db743e,NO_CROSS_EVENT_MEMORY,INCLUDED,0.2631578947368421,5,19,-0.01
E2_ROLLING_INCREMENTAL_AFTER_FULL_REUSE,RR-SMOOTH/0,3,r8c-1758-ff727e1101d2152d,DT-RAMDE_TS2_FULL,r8c-3775-509940bce5da159e,NO_EXECUTION_FEEDBACK,INCLUDED,0.631578947368421,12,19,-0.01
E2_ROLLING_INCREMENTAL_AFTER_FULL_REUSE,RR-SMOOTH/0,3,r8c-1758-ff727e1101d2152d,DT-RAMDE_TS2_FULL,r8c-3776-f6e5a6926af0f0b6,NO_REJECTION_CREDIT,INCLUDED,0.47368421052631576,9,19,-0.01
E2_ROLLING_INCREMENTAL_AFTER_FULL_REUSE,RR-SMOOTH/0,3,r8c-1758-ff727e1101d2152d,DT-RAMDE_TS2_FULL,r8c-3777-1cb2aa42a1656e7c,NO_MEMORY_RESET_GATE,INCLUDED,0.5789473684210527,11,19,-0.01
E2_ROLLING_INCREMENTAL_AFTER_FULL_REUSE,RR-SMOOTH/0,3,r8c-1758-ff727e1101d2152d,DT-RAMDE_TS2_FULL,r8c-3778-8d181759c39b8c1a,NO_LINEAGE_CREDIT,INCLUDED,0.2631578947368421,5,19,-0.01
E2_ROLLING_INCREMENTAL_AFTER_FULL_REUSE,RR-SMOOTH/0,3,r8c-1758-ff727e1101d2152d,DT-RAMDE_TS2_FULL,r8c-3779-66508f67f89c835c,CROSS_EVENT_WARM_START_ONLY,INCLUDED,0.6842105263157895,13,19,-0.01
E2_ROLLING_INCREMENTAL_AFTER_FULL_REUSE,RR-SMOOTH/0,3,r8c-1758-ff727e1101d2152d,DT-RAMDE_TS2_FULL,r8c-3780-9b3e6e14c8917338,CROSS_EVENT_MEMORY_ONLY,INCLUDED,0.15789473684210525,3,19,-0.01
E2_ROLLING_INCREMENTAL_AFTER_FULL_REUSE,RR-SMOOTH/0,3,r8c-1758-ff727e1101d2152d,DT-RAMDE_TS2_FULL,r8c-3781-2327a3bc8b097a17,SHADE_ONLY,INCLUDED,0.3157894736842105,6,19,-0.01
E2_ROLLING_INCREMENTAL_AFTER_FULL_REUSE,RR-SMOOTH/0,4,r8c-1764-ea5716cb83ee5ee1,DT-RAMDE_TS2_FULL,r8c-3782-23b730f6e3790576,NO_CROSS_EVENT_MEMORY,INCLUDED,0.2631578947368421,5,19,-0.01
E2_ROLLING_INCREMENTAL_AFTER_FULL_REUSE,RR-SMOOTH/0,4,r8c-1764-ea5716cb83ee5ee1,DT-RAMDE_TS2_FULL,r8c-3783-eb589193deea8804,NO_EXECUTION_FEEDBACK,INCLUDED,0.5789473684210527,11,19,-0.01
E2_ROLLING_INCREMENTAL_AFTER_FULL_REUSE,RR-SMOOTH/0,4,r8c-1764-ea5716cb83ee5ee1,DT-RAMDE_TS2_FULL,r8c-3784-908d08ff65c6928c,NO_REJECTION_CREDIT,INCLUDED,0.47368421052631576,9,19,-0.01
E2_ROLLING_INCREMENTAL_AFTER_FULL_REUSE,RR-SMOOTH/0,4,r8c-1764-ea5716cb83ee5ee1,DT-RAMDE_TS2_FULL,r8c-3785-cdc2541757394c88,NO_MEMORY_RESET_GATE,INCLUDED,0.6842105263157895,13,19,-0.01
E2_ROLLING_INCREMENTAL_AFTER_FULL_REUSE,RR-SMOOTH/0,4,r8c-1764-ea5716cb83ee5ee1,DT-RAMDE_TS2_FULL,r8c-3786-c5417722b9a7d8c8,NO_LINEAGE_CREDIT,INCLUDED,0.631578947368421,12,19,-0.01
E2_ROLLING_INCREMENTAL_AFTER_FULL_REUSE,RR-SMOOTH/0,4,r8c-1764-ea5716cb83ee5ee1,DT-RAMDE_TS2_FULL,r8c-3787-417b38d5dd40fc66,CROSS_EVENT_WARM_START_ONLY,INCLUDED,0.631578947368421,12,19,-0.01
E2_ROLLING_INCREMENTAL_AFTER_FULL_REUSE,RR-SMOOTH/0,4,r8c-1764-ea5716cb83ee5ee1,DT-RAMDE_TS2_FULL,r8c-3788-50623dd92e1ae664,CROSS_EVENT_MEMORY_ONLY,INCLUDED,0.21052631578947367,4,19,-0.01
E2_ROLLING_INCREMENTAL_AFTER_FULL_REUSE,RR-SMOOTH/0,4,r8c-1764-ea5716cb83ee5ee1,DT-RAMDE_TS2_FULL,r8c-3789-1341e2c81afb6aaa,SHADE_ONLY,INCLUDED,0.21052631578947367,4,19,-0.01
E2_ROLLING_INCREMENTAL_AFTER_FULL_REUSE,RR-SMOOTH/1,0,r8c-1770-2ea742462d018d6f,DT-RAMDE_TS2_FULL,r8c-3790-5c7270e8da5ac687,NO_CROSS_EVENT_MEMORY,INCLUDED,0.10526315789473684,2,19,-0.01
E2_ROLLING_INCREMENTAL_AFTER_FULL_REUSE,RR-SMOOTH/1,0,r8c-1770-2ea742462d018d6f,DT-RAMDE_TS2_FULL,r8c-3791-8fe1e0bd0b2cbaeb,NO_EXECUTION_FEEDBACK,INCLUDED,0.631578947368421,12,19,-0.01
E2_ROLLING_INCREMENTAL_AFTER_FULL_REUSE,RR-SMOOTH/1,0,r8c-1770-2ea742462d018d6f,DT-RAMDE_TS2_FULL,r8c-3792-0bcda51e5f00e37c,NO_REJECTION_CREDIT,INCLUDED,0.2631578947368421,5,19,-0.01
E2_ROLLING_INCREMENTAL_AFTER_FULL_REUSE,RR-SMOOTH/1,0,r8c-1770-2ea742462d018d6f,DT-RAMDE_TS2_FULL,r8c-3793-7013e02632284dd8,NO_MEMORY_RESET_GATE,INCLUDED,0.2631578947368421,5,19,-0.01
E2_ROLLING_INCREMENTAL_AFTER_FULL_REUSE,RR-SMOOTH/1,0,r8c-1770-2ea742462d018d6f,DT-RAMDE_TS2_FULL,r8c-3794-c34a891b6ffe8966,NO_LINEAGE_CREDIT,INCLUDED,0.5789473684210527,11,19,-0.01
E2_ROLLING_INCREMENTAL_AFTER_FULL_REUSE,RR-SMOOTH/1,0,r8c-1770-2ea742462d018d6f,DT-RAMDE_TS2_FULL,r8c-3795-a5d285e0ff91ab73,CROSS_EVENT_WARM_START_ONLY,INCLUDED,0.7368421052631579,14,19,-0.01
E2_ROLLING_INCREMENTAL_AFTER_FULL_REUSE,RR-SMOOTH/1,0,r8c-1770-2ea742462d018d6f,DT-RAMDE_TS2_FULL,r8c-3796-4ffb8427d8b3d23d,CROSS_EVENT_MEMORY_ONLY,INCLUDED,0.10526315789473684,2,19,-0.01
E2_ROLLING_INCREMENTAL_AFTER_FULL_REUSE,RR-SMOOTH/1,0,r8c-1770-2ea742462d018d6f,DT-RAMDE_TS2_FULL,r8c-3797-4403720509855106,SHADE_ONLY,INCLUDED,0.3684210526315789,7,19,-0.01
E2_ROLLING_INCREMENTAL_AFTER_FULL_REUSE,RR-SMOOTH/1,1,r8c-1776-fdd43d9eb6e030c2,DT-RAMDE_TS2_FULL,r8c-3798-9a31e5476d08dd4f,NO_CROSS_EVENT_MEMORY,INCLUDED,0.2631578947368421,5,19,-0.01
E2_ROLLING_INCREMENTAL_AFTER_FULL_REUSE,RR-SMOOTH/1,1,r8c-1776-fdd43d9eb6e030c2,DT-RAMDE_TS2_FULL,r8c-3799-04d27db6426871da,NO_EXECUTION_FEEDBACK,INCLUDED,0.47368421052631576,9,19,-0.01
E2_ROLLING_INCREMENTAL_AFTER_FULL_REUSE,RR-SMOOTH/1,1,r8c-1776-fdd43d9eb6e030c2,DT-RAMDE_TS2_FULL,r8c-3800-61f4b8c8428433d8,NO_REJECTION_CREDIT,INCLUDED,0.6842105263157895,13,19,-0.01
E2_ROLLING_INCREMENTAL_AFTER_FULL_REUSE,RR-SMOOTH/1,1,r8c-1776-fdd43d9eb6e030c2,DT-RAMDE_TS2_FULL,r8c-3801-84e2f8c0c3330ce6,NO_MEMORY_RESET_GATE,INCLUDED,0.7368421052631579,14,19,-0.01
E2_ROLLING_INCREMENTAL_AFTER_FULL_REUSE,RR-SMOOTH/1,1,r8c-1776-fdd43d9eb6e030c2,DT-RAMDE_TS2_FULL,r8c-3802-e873fb1b0c83208d,NO_LINEAGE_CREDIT,INCLUDED,0.3157894736842105,6,19,-0.01
E2_ROLLING_INCREMENTAL_AFTER_FULL_REUSE,RR-SMOOTH/1,1,r8c-1776-fdd43d9eb6e030c2,DT-RAMDE_TS2_FULL,r8c-3803-c1df44be47568298,CROSS_EVENT_WARM_START_ONLY,INCLUDED,0.3157894736842105,6,19,-0.01
E2_ROLLING_INCREMENTAL_AFTER_FULL_REUSE,RR-SMOOTH/1,1,r8c-1776-fdd43d9eb6e030c2,DT-RAMDE_TS2_FULL,r8c-3804-be7c1673ee9173e7,CROSS_EVENT_MEMORY_ONLY,INCLUDED,0.05263157894736842,1,19,-0.01
E2_ROLLING_INCREMENTAL_AFTER_FULL_REUSE,RR-SMOOTH/1,1,r8c-1776-fdd43d9eb6e030c2,DT-RAMDE_TS2_FULL,r8c-3805-115fcef90c52233a,SHADE_ONLY,INCLUDED,0.15789473684210525,3,19,-0.01
E2_ROLLING_INCREMENTAL_AFTER_FULL_REUSE,RR-SMOOTH/1,2,r8c-1782-f44229d6b134fa69,DT-RAMDE_TS2_FULL,r8c-3806-835bfad86a261345,NO_CROSS_EVENT_MEMORY,INCLUDED,0.2631578947368421,5,19,-0.01
E2_ROLLING_INCREMENTAL_AFTER_FULL_REUSE,RR-SMOOTH/1,2,r8c-1782-f44229d6b134fa69,DT-RAMDE_TS2_FULL,r8c-3807-a8db57f68096f43f,NO_EXECUTION_FEEDBACK,INCLUDED,0.3684210526315789,7,19,-0.01
E2_ROLLING_INCREMENTAL_AFTER_FULL_REUSE,RR-SMOOTH/1,2,r8c-1782-f44229d6b134fa69,DT-RAMDE_TS2_FULL,r8c-3808-6ae3499b4109a4c3,NO_REJECTION_CREDIT,INCLUDED,0.2631578947368421,5,19,-0.01
E2_ROLLING_INCREMENTAL_AFTER_FULL_REUSE,RR-SMOOTH/1,2,r8c-1782-f44229d6b134fa69,DT-RAMDE_TS2_FULL,r8c-3809-6662c4dd9e72a109,NO_MEMORY_RESET_GATE,INCLUDED,0.6842105263157895,13,19,-0.01
E2_ROLLING_INCREMENTAL_AFTER_FULL_REUSE,RR-SMOOTH/1,2,r8c-1782-f44229d6b134fa69,DT-RAMDE_TS2_FULL,r8c-3810-3723fd45b069ad73,NO_LINEAGE_CREDIT,INCLUDED,0.15789473684210525,3,19,-0.01
E2_ROLLING_INCREMENTAL_AFTER_FULL_REUSE,RR-SMOOTH/1,2,r8c-1782-f44229d6b134fa69,DT-RAMDE_TS2_FULL,r8c-3811-41b314d5f593cadb,CROSS_EVENT_WARM_START_ONLY,INCLUDED,0.631578947368421,12,19,-0.01
E2_ROLLING_INCREMENTAL_AFTER_FULL_REUSE,RR-SMOOTH/1,2,r8c-1782-f44229d6b134fa69,DT-RAMDE_TS2_FULL,r8c-3812-aab4b2ed863772ec,CROSS_EVENT_MEMORY_ONLY,INCLUDED,0.10526315789473684,2,19,-0.01
E2_ROLLING_INCREMENTAL_AFTER_FULL_REUSE,RR-SMOOTH/1,2,r8c-1782-f44229d6b134fa69,DT-RAMDE_TS2_FULL,r8c-3813-15b03a032205182a,SHADE_ONLY,INCLUDED,0.05263157894736842,1,19,-0.01
E2_ROLLING_INCREMENTAL_AFTER_FULL_REUSE,RR-SMOOTH/1,3,r8c-1788-2263bee98a69b29b,DT-RAMDE_TS2_FULL,r8c-3814-6533570ce70e2217,NO_CROSS_EVENT_MEMORY,INCLUDED,0.05263157894736842,1,19,-0.01
E2_ROLLING_INCREMENTAL_AFTER_FULL_REUSE,RR-SMOOTH/1,3,r8c-1788-2263bee98a69b29b,DT-RAMDE_TS2_FULL,r8c-3815-1b28d0773ff5717b,NO_EXECUTION_FEEDBACK,INCLUDED,0.7368421052631579,14,19,-0.01
E2_ROLLING_INCREMENTAL_AFTER_FULL_REUSE,RR-SMOOTH/1,3,r8c-1788-2263bee98a69b29b,DT-RAMDE_TS2_FULL,r8c-3816-a36def9c44f164a6,NO_REJECTION_CREDIT,INCLUDED,0.7368421052631579,14,19,-0.01
E2_ROLLING_INCREMENTAL_AFTER_FULL_REUSE,RR-SMOOTH/1,3,r8c-1788-2263bee98a69b29b,DT-RAMDE_TS2_FULL,r8c-3817-29c21c036dec6d7e,NO_MEMORY_RESET_GATE,INCLUDED,0.8421052631578947,16,19,-0.01
E2_ROLLING_INCREMENTAL_AFTER_FULL_REUSE,RR-SMOOTH/1,3,r8c-1788-2263bee98a69b29b,DT-RAMDE_TS2_FULL,r8c-3818-9d85ce18b7b8b5fe,NO_LINEAGE_CREDIT,INCLUDED,0.05263157894736842,1,19,-0.01
E2_ROLLING_INCREMENTAL_AFTER_FULL_REUSE,RR-SMOOTH/1,3,r8c-1788-2263bee98a69b29b,DT-RAMDE_TS2_FULL,r8c-3819-603fe64b26478e15,CROSS_EVENT_WARM_START_ONLY,INCLUDED,0.8421052631578947,16,19,-0.01
E2_ROLLING_INCREMENTAL_AFTER_FULL_REUSE,RR-SMOOTH/1,3,r8c-1788-2263bee98a69b29b,DT-RAMDE_TS2_FULL,r8c-3820-08ae82492a397de2,CROSS_EVENT_MEMORY_ONLY,INCLUDED,0.10526315789473684,2,19,-0.01
E2_ROLLING_INCREMENTAL_AFTER_FULL_REUSE,RR-SMOOTH/1,3,r8c-1788-2263bee98a69b29b,DT-RAMDE_TS2_FULL,r8c-3821-a7e13a59b20c4361,SHADE_ONLY,INCLUDED,0.7894736842105263,15,19,-0.01
E2_ROLLING_INCREMENTAL_AFTER_FULL_REUSE,RR-SMOOTH/1,4,r8c-1794-697cdf01d7bd9dbd,DT-RAMDE_TS2_FULL,r8c-3822-80e8f41dbe3255d2,NO_CROSS_EVENT_MEMORY,INCLUDED,0.42105263157894735,8,19,-0.01
E2_ROLLING_INCREMENTAL_AFTER_FULL_REUSE,RR-SMOOTH/1,4,r8c-1794-697cdf01d7bd9dbd,DT-RAMDE_TS2_FULL,r8c-3823-c8c2df74caf799d6,NO_EXECUTION_FEEDBACK,INCLUDED,0.05263157894736842,1,19,-0.01
E2_ROLLING_INCREMENTAL_AFTER_FULL_REUSE,RR-SMOOTH/1,4,r8c-1794-697cdf01d7bd9dbd,DT-RAMDE_TS2_FULL,r8c-3824-063e14d825859ab0,NO_REJECTION_CREDIT,INCLUDED,0.2631578947368421,5,19,-0.01
E2_ROLLING_INCREMENTAL_AFTER_FULL_REUSE,RR-SMOOTH/1,4,r8c-1794-697cdf01d7bd9dbd,DT-RAMDE_TS2_FULL,r8c-3825-212fee7665479b8a,NO_MEMORY_RESET_GATE,INCLUDED,0.7894736842105263,15,19,-0.01
E2_ROLLING_INCREMENTAL_AFTER_FULL_REUSE,RR-SMOOTH/1,4,r8c-1794-697cdf01d7bd9dbd,DT-RAMDE_TS2_FULL,r8c-3826-5d3e761854a616ec,NO_LINEAGE_CREDIT,INCLUDED,0.5789473684210527,11,19,-0.01
E2_ROLLING_INCREMENTAL_AFTER_FULL_REUSE,RR-SMOOTH/1,4,r8c-1794-697cdf01d7bd9dbd,DT-RAMDE_TS2_FULL,r8c-3827-13a8eb5cb5a21f44,CROSS_EVENT_WARM_START_ONLY,INCLUDED,0.3157894736842105,6,19,-0.01
E2_ROLLING_INCREMENTAL_AFTER_FULL_REUSE,RR-SMOOTH/1,4,r8c-1794-697cdf01d7bd9dbd,DT-RAMDE_TS2_FULL,r8c-3828-c0e6dce4053ff7e1,CROSS_EVENT_MEMORY_ONLY,INCLUDED,0.15789473684210525,3,19,-0.01
E2_ROLLING_INCREMENTAL_AFTER_FULL_REUSE,RR-SMOOTH/1,4,r8c-1794-697cdf01d7bd9dbd,DT-RAMDE_TS2_FULL,r8c-3829-b87c4c1a18232ea5,SHADE_ONLY,INCLUDED,0.3157894736842105,6,19,-0.01
E2_ROLLING_INCREMENTAL_AFTER_FULL_REUSE,RR-SMOOTH/2,0,r8c-1800-144488c01747cf09,DT-RAMDE_TS2_FULL,r8c-3830-537a0fa07f4db9f0,NO_CROSS_EVENT_MEMORY,INCLUDED,0.05263157894736842,1,19,-0.01
E2_ROLLING_INCREMENTAL_AFTER_FULL_REUSE,RR-SMOOTH/2,0,r8c-1800-144488c01747cf09,DT-RAMDE_TS2_FULL,r8c-3831-a026b3726ff79a3b,NO_EXECUTION_FEEDBACK,INCLUDED,0.47368421052631576,9,19,-0.01
E2_ROLLING_INCREMENTAL_AFTER_FULL_REUSE,RR-SMOOTH/2,0,r8c-1800-144488c01747cf09,DT-RAMDE_TS2_FULL,r8c-3832-6dc65a01458eabfe,NO_REJECTION_CREDIT,INCLUDED,0.3157894736842105,6,19,-0.01
E2_ROLLING_INCREMENTAL_AFTER_FULL_REUSE,RR-SMOOTH/2,0,r8c-1800-144488c01747cf09,DT-RAMDE_TS2_FULL,r8c-3833-ea4a8f5b86e5de0c,NO_MEMORY_RESET_GATE,INCLUDED,0.47368421052631576,9,19,-0.01
E2_ROLLING_INCREMENTAL_AFTER_FULL_REUSE,RR-SMOOTH/2,0,r8c-1800-144488c01747cf09,DT-RAMDE_TS2_FULL,r8c-3834-0685e90687743960,NO_LINEAGE_CREDIT,INCLUDED,0.21052631578947367,4,19,-0.01
E2_ROLLING_INCREMENTAL_AFTER_FULL_REUSE,RR-SMOOTH/2,0,r8c-1800-144488c01747cf09,DT-RAMDE_TS2_FULL,r8c-3835-9d3ac2a6b33efd1c,CROSS_EVENT_WARM_START_ONLY,INCLUDED,0.5263157894736842,10,19,-0.01
E2_ROLLING_INCREMENTAL_AFTER_FULL_REUSE,RR-SMOOTH/2,0,r8c-1800-144488c01747cf09,DT-RAMDE_TS2_FULL,r8c-3836-92dd6b486d2a9560,CROSS_EVENT_MEMORY_ONLY,INCLUDED,0.21052631578947367,4,19,-0.01
E2_ROLLING_INCREMENTAL_AFTER_FULL_REUSE,RR-SMOOTH/2,0,r8c-1800-144488c01747cf09,DT-RAMDE_TS2_FULL,r8c-3837-6a83a816e513a97c,SHADE_ONLY,INCLUDED,0.10526315789473684,2,19,-0.01
E2_ROLLING_INCREMENTAL_AFTER_FULL_REUSE,RR-SMOOTH/2,1,r8c-1806-8529088b4e65310a,DT-RAMDE_TS2_FULL,r8c-3838-3c5e2437b1ab8f12,NO_CROSS_EVENT_MEMORY,INCLUDED,0.2631578947368421,5,19,-0.01
E2_ROLLING_INCREMENTAL_AFTER_FULL_REUSE,RR-SMOOTH/2,1,r8c-1806-8529088b4e65310a,DT-RAMDE_TS2_FULL,r8c-3839-bace6dd7802766c2,NO_EXECUTION_FEEDBACK,INCLUDED,0.5263157894736842,10,19,-0.01
E2_ROLLING_INCREMENTAL_AFTER_FULL_REUSE,RR-SMOOTH/2,1,r8c-1806-8529088b4e65310a,DT-RAMDE_TS2_FULL,r8c-3840-008382a62af007eb,NO_REJECTION_CREDIT,INCLUDED,0.3684210526315789,7,19,-0.01
E2_ROLLING_INCREMENTAL_AFTER_FULL_REUSE,RR-SMOOTH/2,1,r8c-1806-8529088b4e65310a,DT-RAMDE_TS2_FULL,r8c-3841-0101bb031a1ad1dc,NO_MEMORY_RESET_GATE,INCLUDED,0.5263157894736842,10,19,-0.01
E2_ROLLING_INCREMENTAL_AFTER_FULL_REUSE,RR-SMOOTH/2,1,r8c-1806-8529088b4e65310a,DT-RAMDE_TS2_FULL,r8c-3842-8ca5851ef3b869fd,NO_LINEAGE_CREDIT,INCLUDED,0.42105263157894735,8,19,-0.01
E2_ROLLING_INCREMENTAL_AFTER_FULL_REUSE,RR-SMOOTH/2,1,r8c-1806-8529088b4e65310a,DT-RAMDE_TS2_FULL,r8c-3843-a41f9f1c127d3f4d,CROSS_EVENT_WARM_START_ONLY,INCLUDED,0.47368421052631576,9,19,-0.01
E2_ROLLING_INCREMENTAL_AFTER_FULL_REUSE,RR-SMOOTH/2,1,r8c-1806-8529088b4e65310a,DT-RAMDE_TS2_FULL,r8c-3844-2c698b90e0863df5,CROSS_EVENT_MEMORY_ONLY,INCLUDED,0.2631578947368421,5,19,-0.01
E2_ROLLING_INCREMENTAL_AFTER_FULL_REUSE,RR-SMOOTH/2,1,r8c-1806-8529088b4e65310a,DT-RAMDE_TS2_FULL,r8c-3845-63a3a5e693d47675,SHADE_ONLY,INCLUDED,0.42105263157894735,8,19,-0.01
E2_ROLLING_INCREMENTAL_AFTER_FULL_REUSE,RR-SMOOTH/2,2,r8c-1812-d5138abb4100e7cd,DT-RAMDE_TS2_FULL,r8c-3846-561c2a0dc869646c,NO_CROSS_EVENT_MEMORY,INCLUDED,0.15789473684210525,3,19,-0.01
E2_ROLLING_INCREMENTAL_AFTER_FULL_REUSE,RR-SMOOTH/2,2,r8c-1812-d5138abb4100e7cd,DT-RAMDE_TS2_FULL,r8c-3847-a7d0774a847d59bc,NO_EXECUTION_FEEDBACK,INCLUDED,0.42105263157894735,8,19,-0.01
E2_ROLLING_INCREMENTAL_AFTER_FULL_REUSE,RR-SMOOTH/2,2,r8c-1812-d5138abb4100e7cd,DT-RAMDE_TS2_FULL,r8c-3848-e7826225013a161e,NO_REJECTION_CREDIT,INCLUDED,0.3157894736842105,6,19,-0.01
E2_ROLLING_INCREMENTAL_AFTER_FULL_REUSE,RR-SMOOTH/2,2,r8c-1812-d5138abb4100e7cd,DT-RAMDE_TS2_FULL,r8c-3849-194a829cf27138d5,NO_MEMORY_RESET_GATE,INCLUDED,0.42105263157894735,8,19,-0.01
E2_ROLLING_INCREMENTAL_AFTER_FULL_REUSE,RR-SMOOTH/2,2,r8c-1812-d5138abb4100e7cd,DT-RAMDE_TS2_FULL,r8c-3850-efbe8cd69e1179a1,NO_LINEAGE_CREDIT,INCLUDED,0.2631578947368421,5,19,-0.01
E2_ROLLING_INCREMENTAL_AFTER_FULL_REUSE,RR-SMOOTH/2,2,r8c-1812-d5138abb4100e7cd,DT-RAMDE_TS2_FULL,r8c-3851-e55187e827eb9eb7,CROSS_EVENT_WARM_START_ONLY,INCLUDED,0.42105263157894735,8,19,-0.01
E2_ROLLING_INCREMENTAL_AFTER_FULL_REUSE,RR-SMOOTH/2,2,r8c-1812-d5138abb4100e7cd,DT-RAMDE_TS2_FULL,r8c-3852-8d6f389691145cad,CROSS_EVENT_MEMORY_ONLY,INCLUDED,0.10526315789473684,2,19,-0.01
E2_ROLLING_INCREMENTAL_AFTER_FULL_REUSE,RR-SMOOTH/2,2,r8c-1812-d5138abb4100e7cd,DT-RAMDE_TS2_FULL,r8c-3853-874b11f5479f6968,SHADE_ONLY,INCLUDED,0.15789473684210525,3,19,-0.01
E2_ROLLING_INCREMENTAL_AFTER_FULL_REUSE,RR-SMOOTH/2,3,r8c-1818-6114f44bc36a8691,DT-RAMDE_TS2_FULL,r8c-3854-2412e857c1961ba9,NO_CROSS_EVENT_MEMORY,INCLUDED,0.10526315789473684,2,19,-0.01
E2_ROLLING_INCREMENTAL_AFTER_FULL_REUSE,RR-SMOOTH/2,3,r8c-1818-6114f44bc36a8691,DT-RAMDE_TS2_FULL,r8c-3855-b4600ea65a21ea70,NO_EXECUTION_FEEDBACK,INCLUDED,0.42105263157894735,8,19,-0.01
E2_ROLLING_INCREMENTAL_AFTER_FULL_REUSE,RR-SMOOTH/2,3,r8c-1818-6114f44bc36a8691,DT-RAMDE_TS2_FULL,r8c-3856-689e57244c12df8f,NO_REJECTION_CREDIT,INCLUDED,0.21052631578947367,4,19,-0.01
E2_ROLLING_INCREMENTAL_AFTER_FULL_REUSE,RR-SMOOTH/2,3,r8c-1818-6114f44bc36a8691,DT-RAMDE_TS2_FULL,r8c-3857-8d48158122b7d39a,NO_MEMORY_RESET_GATE,INCLUDED,0.3157894736842105,6,19,-0.01
E2_ROLLING_INCREMENTAL_AFTER_FULL_REUSE,RR-SMOOTH/2,3,r8c-1818-6114f44bc36a8691,DT-RAMDE_TS2_FULL,r8c-3858-6e5145cd517d9153,NO_LINEAGE_CREDIT,INCLUDED,0.21052631578947367,4,19,-0.01
E2_ROLLING_INCREMENTAL_AFTER_FULL_REUSE,RR-SMOOTH/2,3,r8c-1818-6114f44bc36a8691,DT-RAMDE_TS2_FULL,r8c-3859-2a7e318a5987ea89,CROSS_EVENT_WARM_START_ONLY,INCLUDED,0.3157894736842105,6,19,-0.01
E2_ROLLING_INCREMENTAL_AFTER_FULL_REUSE,RR-SMOOTH/2,3,r8c-1818-6114f44bc36a8691,DT-RAMDE_TS2_FULL,r8c-3860-8ff1c8d099fecf41,CROSS_EVENT_MEMORY_ONLY,INCLUDED,0.21052631578947367,4,19,-0.01
E2_ROLLING_INCREMENTAL_AFTER_FULL_REUSE,RR-SMOOTH/2,3,r8c-1818-6114f44bc36a8691,DT-RAMDE_TS2_FULL,r8c-3861-43a5440f0cf87a38,SHADE_ONLY,INCLUDED,0.21052631578947367,4,19,-0.01
E2_ROLLING_INCREMENTAL_AFTER_FULL_REUSE,RR-SMOOTH/2,4,r8c-1824-5e60f85df25727b5,DT-RAMDE_TS2_FULL,r8c-3862-f07d7f933898dc42,NO_CROSS_EVENT_MEMORY,INCLUDED,0.15789473684210525,3,19,-0.01
E2_ROLLING_INCREMENTAL_AFTER_FULL_REUSE,RR-SMOOTH/2,4,r8c-1824-5e60f85df25727b5,DT-RAMDE_TS2_FULL,r8c-3863-66c78745f1821dd3,NO_EXECUTION_FEEDBACK,INCLUDED,0.47368421052631576,9,19,-0.01
E2_ROLLING_INCREMENTAL_AFTER_FULL_REUSE,RR-SMOOTH/2,4,r8c-1824-5e60f85df25727b5,DT-RAMDE_TS2_FULL,r8c-3864-23e603ac33e88c43,NO_REJECTION_CREDIT,INCLUDED,0.3157894736842105,6,19,-0.01
E2_ROLLING_INCREMENTAL_AFTER_FULL_REUSE,RR-SMOOTH/2,4,r8c-1824-5e60f85df25727b5,DT-RAMDE_TS2_FULL,r8c-3865-640b64425d7c4fc3,NO_MEMORY_RESET_GATE,INCLUDED,0.42105263157894735,8,19,-0.01
E2_ROLLING_INCREMENTAL_AFTER_FULL_REUSE,RR-SMOOTH/2,4,r8c-1824-5e60f85df25727b5,DT-RAMDE_TS2_FULL,r8c-3866-a660e86a8798828e,NO_LINEAGE_CREDIT,INCLUDED,0.42105263157894735,8,19,-0.01
E2_ROLLING_INCREMENTAL_AFTER_FULL_REUSE,RR-SMOOTH/2,4,r8c-1824-5e60f85df25727b5,DT-RAMDE_TS2_FULL,r8c-3867-66d916ea25f688fe,CROSS_EVENT_WARM_START_ONLY,INCLUDED,0.47368421052631576,9,19,-0.01
E2_ROLLING_INCREMENTAL_AFTER_FULL_REUSE,RR-SMOOTH/2,4,r8c-1824-5e60f85df25727b5,DT-RAMDE_TS2_FULL,r8c-3868-e338f14a8fc2c86d,CROSS_EVENT_MEMORY_ONLY,INCLUDED,0.10526315789473684,2,19,-0.01
E2_ROLLING_INCREMENTAL_AFTER_FULL_REUSE,RR-SMOOTH/2,4,r8c-1824-5e60f85df25727b5,DT-RAMDE_TS2_FULL,r8c-3869-72f70e596d0104b9,SHADE_ONLY,INCLUDED,0.21052631578947367,4,19,-0.01
E2_ROLLING_INCREMENTAL_AFTER_FULL_REUSE,RR-SMOOTH/3,0,r8c-1830-c11663e3951ee24b,DT-RAMDE_TS2_FULL,r8c-3870-5c19db67b83eca4c,NO_CROSS_EVENT_MEMORY,INCLUDED,0.2631578947368421,5,19,-0.01
E2_ROLLING_INCREMENTAL_AFTER_FULL_REUSE,RR-SMOOTH/3,0,r8c-1830-c11663e3951ee24b,DT-RAMDE_TS2_FULL,r8c-3871-3ff7a6903dee1162,NO_EXECUTION_FEEDBACK,INCLUDED,0.631578947368421,12,19,-0.01
E2_ROLLING_INCREMENTAL_AFTER_FULL_REUSE,RR-SMOOTH/3,0,r8c-1830-c11663e3951ee24b,DT-RAMDE_TS2_FULL,r8c-3872-2b01d65effe08064,NO_REJECTION_CREDIT,INCLUDED,0.3684210526315789,7,19,-0.01
E2_ROLLING_INCREMENTAL_AFTER_FULL_REUSE,RR-SMOOTH/3,0,r8c-1830-c11663e3951ee24b,DT-RAMDE_TS2_FULL,r8c-3873-7e165abe9b472d0a,NO_MEMORY_RESET_GATE,INCLUDED,0.5263157894736842,10,19,-0.01
E2_ROLLING_INCREMENTAL_AFTER_FULL_REUSE,RR-SMOOTH/3,0,r8c-1830-c11663e3951ee24b,DT-RAMDE_TS2_FULL,r8c-3874-07061c1caef71ae8,NO_LINEAGE_CREDIT,INCLUDED,0.47368421052631576,9,19,-0.01
E2_ROLLING_INCREMENTAL_AFTER_FULL_REUSE,RR-SMOOTH/3,0,r8c-1830-c11663e3951ee24b,DT-RAMDE_TS2_FULL,r8c-3875-405ab0cd3c0f0398,CROSS_EVENT_WARM_START_ONLY,INCLUDED,0.5263157894736842,10,19,-0.01
E2_ROLLING_INCREMENTAL_AFTER_FULL_REUSE,RR-SMOOTH/3,0,r8c-1830-c11663e3951ee24b,DT-RAMDE_TS2_FULL,r8c-3876-40b70073b2f1d037,CROSS_EVENT_MEMORY_ONLY,INCLUDED,0.3157894736842105,6,19,-0.01
E2_ROLLING_INCREMENTAL_AFTER_FULL_REUSE,RR-SMOOTH/3,0,r8c-1830-c11663e3951ee24b,DT-RAMDE_TS2_FULL,r8c-3877-531c3d865bd47586,SHADE_ONLY,INCLUDED,0.2631578947368421,5,19,-0.01
E2_ROLLING_INCREMENTAL_AFTER_FULL_REUSE,RR-SMOOTH/3,1,r8c-1836-cdf600473bd55c2d,DT-RAMDE_TS2_FULL,r8c-3878-897cbfb7a2cd1d83,NO_CROSS_EVENT_MEMORY,INCLUDED,0.21052631578947367,4,19,-0.01
E2_ROLLING_INCREMENTAL_AFTER_FULL_REUSE,RR-SMOOTH/3,1,r8c-1836-cdf600473bd55c2d,DT-RAMDE_TS2_FULL,r8c-3879-208a1383747ba0e8,NO_EXECUTION_FEEDBACK,INCLUDED,0.5789473684210527,11,19,-0.01
E2_ROLLING_INCREMENTAL_AFTER_FULL_REUSE,RR-SMOOTH/3,1,r8c-1836-cdf600473bd55c2d,DT-RAMDE_TS2_FULL,r8c-3880-b045361ebb60eca0,NO_REJECTION_CREDIT,INCLUDED,0.3684210526315789,7,19,-0.01
E2_ROLLING_INCREMENTAL_AFTER_FULL_REUSE,RR-SMOOTH/3,1,r8c-1836-cdf600473bd55c2d,DT-RAMDE_TS2_FULL,r8c-3881-e1bcceb3e776b831,NO_MEMORY_RESET_GATE,INCLUDED,0.5263157894736842,10,19,-0.01
E2_ROLLING_INCREMENTAL_AFTER_FULL_REUSE,RR-SMOOTH/3,1,r8c-1836-cdf600473bd55c2d,DT-RAMDE_TS2_FULL,r8c-3882-17f09828182f7d14,NO_LINEAGE_CREDIT,INCLUDED,0.3157894736842105,6,19,-0.01
E2_ROLLING_INCREMENTAL_AFTER_FULL_REUSE,RR-SMOOTH/3,1,r8c-1836-cdf600473bd55c2d,DT-RAMDE_TS2_FULL,r8c-3883-82251eaeae0bfae3,CROSS_EVENT_WARM_START_ONLY,INCLUDED,0.5789473684210527,11,19,-0.01
E2_ROLLING_INCREMENTAL_AFTER_FULL_REUSE,RR-SMOOTH/3,1,r8c-1836-cdf600473bd55c2d,DT-RAMDE_TS2_FULL,r8c-3884-c1f0527f2d82bbd2,CROSS_EVENT_MEMORY_ONLY,INCLUDED,0.2631578947368421,5,19,-0.01
E2_ROLLING_INCREMENTAL_AFTER_FULL_REUSE,RR-SMOOTH/3,1,r8c-1836-cdf600473bd55c2d,DT-RAMDE_TS2_FULL,r8c-3885-99074d2f3b890315,SHADE_ONLY,INCLUDED,0.21052631578947367,4,19,-0.01
E2_ROLLING_INCREMENTAL_AFTER_FULL_REUSE,RR-SMOOTH/3,2,r8c-1842-8ad1d8e7c32e4c94,DT-RAMDE_TS2_FULL,r8c-3886-e1c93f1a5642008e,NO_CROSS_EVENT_MEMORY,INCLUDED,0.21052631578947367,4,19,-0.01
E2_ROLLING_INCREMENTAL_AFTER_FULL_REUSE,RR-SMOOTH/3,2,r8c-1842-8ad1d8e7c32e4c94,DT-RAMDE_TS2_FULL,r8c-3887-c4b79d636bde7e9c,NO_EXECUTION_FEEDBACK,INCLUDED,0.631578947368421,12,19,-0.01
E2_ROLLING_INCREMENTAL_AFTER_FULL_REUSE,RR-SMOOTH/3,2,r8c-1842-8ad1d8e7c32e4c94,DT-RAMDE_TS2_FULL,r8c-3888-9c5f0209a2031d9d,NO_REJECTION_CREDIT,INCLUDED,0.3684210526315789,7,19,-0.01
E2_ROLLING_INCREMENTAL_AFTER_FULL_REUSE,RR-SMOOTH/3,2,r8c-1842-8ad1d8e7c32e4c94,DT-RAMDE_TS2_FULL,r8c-3889-21f39185b8cff7c7,NO_MEMORY_RESET_GATE,INCLUDED,0.6842105263157895,13,19,-0.01
E2_ROLLING_INCREMENTAL_AFTER_FULL_REUSE,RR-SMOOTH/3,2,r8c-1842-8ad1d8e7c32e4c94,DT-RAMDE_TS2_FULL,r8c-3890-05f064e704f68936,NO_LINEAGE_CREDIT,INCLUDED,0.3684210526315789,7,19,-0.01
E2_ROLLING_INCREMENTAL_AFTER_FULL_REUSE,RR-SMOOTH/3,2,r8c-1842-8ad1d8e7c32e4c94,DT-RAMDE_TS2_FULL,r8c-3891-0c78259ac10e44ce,CROSS_EVENT_WARM_START_ONLY,INCLUDED,0.6842105263157895,13,19,-0.01
E2_ROLLING_INCREMENTAL_AFTER_FULL_REUSE,RR-SMOOTH/3,2,r8c-1842-8ad1d8e7c32e4c94,DT-RAMDE_TS2_FULL,r8c-3892-23945245c7005b48,CROSS_EVENT_MEMORY_ONLY,INCLUDED,0.21052631578947367,4,19,-0.01
E2_ROLLING_INCREMENTAL_AFTER_FULL_REUSE,RR-SMOOTH/3,2,r8c-1842-8ad1d8e7c32e4c94,DT-RAMDE_TS2_FULL,r8c-3893-2f4f1d0beef8562a,SHADE_ONLY,INCLUDED,0.15789473684210525,3,19,-0.01
E2_ROLLING_INCREMENTAL_AFTER_FULL_REUSE,RR-SMOOTH/3,3,r8c-1848-df85bb8b819bf383,DT-RAMDE_TS2_FULL,r8c-3894-d07a2f8f65495328,NO_CROSS_EVENT_MEMORY,INCLUDED,0.15789473684210525,3,19,-0.01
E2_ROLLING_INCREMENTAL_AFTER_FULL_REUSE,RR-SMOOTH/3,3,r8c-1848-df85bb8b819bf383,DT-RAMDE_TS2_FULL,r8c-3895-f1326a7a8ee41b8d,NO_EXECUTION_FEEDBACK,INCLUDED,0.5789473684210527,11,19,-0.01
E2_ROLLING_INCREMENTAL_AFTER_FULL_REUSE,RR-SMOOTH/3,3,r8c-1848-df85bb8b819bf383,DT-RAMDE_TS2_FULL,r8c-3896-1b01ca82ef0405de,NO_REJECTION_CREDIT,INCLUDED,0.2631578947368421,5,19,-0.01
E2_ROLLING_INCREMENTAL_AFTER_FULL_REUSE,RR-SMOOTH/3,3,r8c-1848-df85bb8b819bf383,DT-RAMDE_TS2_FULL,r8c-3897-feba8b2dfba9b7e1,NO_MEMORY_RESET_GATE,INCLUDED,0.47368421052631576,9,19,-0.01
E2_ROLLING_INCREMENTAL_AFTER_FULL_REUSE,RR-SMOOTH/3,3,r8c-1848-df85bb8b819bf383,DT-RAMDE_TS2_FULL,r8c-3898-6ecfe0ded12b9f6d,NO_LINEAGE_CREDIT,INCLUDED,0.21052631578947367,4,19,-0.01
E2_ROLLING_INCREMENTAL_AFTER_FULL_REUSE,RR-SMOOTH/3,3,r8c-1848-df85bb8b819bf383,DT-RAMDE_TS2_FULL,r8c-3899-591a805ba4eb7b2d,CROSS_EVENT_WARM_START_ONLY,INCLUDED,0.47368421052631576,9,19,-0.01
E2_ROLLING_INCREMENTAL_AFTER_FULL_REUSE,RR-SMOOTH/3,3,r8c-1848-df85bb8b819bf383,DT-RAMDE_TS2_FULL,r8c-3900-7f50a0eee8e6a296,CROSS_EVENT_MEMORY_ONLY,INCLUDED,0.15789473684210525,3,19,-0.01
E2_ROLLING_INCREMENTAL_AFTER_FULL_REUSE,RR-SMOOTH/3,3,r8c-1848-df85bb8b819bf383,DT-RAMDE_TS2_FULL,r8c-3901-5043194c77b53ab6,SHADE_ONLY,INCLUDED,0.21052631578947367,4,19,-0.01
E2_ROLLING_INCREMENTAL_AFTER_FULL_REUSE,RR-SMOOTH/3,4,r8c-1854-a813b6e4b7cad3b7,DT-RAMDE_TS2_FULL,r8c-3902-5756dac5b4d5f494,NO_CROSS_EVENT_MEMORY,INCLUDED,0.3684210526315789,7,19,-0.01
E2_ROLLING_INCREMENTAL_AFTER_FULL_REUSE,RR-SMOOTH/3,4,r8c-1854-a813b6e4b7cad3b7,DT-RAMDE_TS2_FULL,r8c-3903-5270190babe5285f,NO_EXECUTION_FEEDBACK,INCLUDED,0.5263157894736842,10,19,-0.01
E2_ROLLING_INCREMENTAL_AFTER_FULL_REUSE,RR-SMOOTH/3,4,r8c-1854-a813b6e4b7cad3b7,DT-RAMDE_TS2_FULL,r8c-3904-13fbc319498b3ecb,NO_REJECTION_CREDIT,INCLUDED,0.42105263157894735,8,19,-0.01
E2_ROLLING_INCREMENTAL_AFTER_FULL_REUSE,RR-SMOOTH/3,4,r8c-1854-a813b6e4b7cad3b7,DT-RAMDE_TS2_FULL,r8c-3905-72e2333d570f8d40,NO_MEMORY_RESET_GATE,INCLUDED,0.5263157894736842,10,19,-0.01
E2_ROLLING_INCREMENTAL_AFTER_FULL_REUSE,RR-SMOOTH/3,4,r8c-1854-a813b6e4b7cad3b7,DT-RAMDE_TS2_FULL,r8c-3906-a92ce61b1a28b5c3,NO_LINEAGE_CREDIT,INCLUDED,0.3684210526315789,7,19,-0.01
E2_ROLLING_INCREMENTAL_AFTER_FULL_REUSE,RR-SMOOTH/3,4,r8c-1854-a813b6e4b7cad3b7,DT-RAMDE_TS2_FULL,r8c-3907-a432776a680ca244,CROSS_EVENT_WARM_START_ONLY,INCLUDED,0.5263157894736842,10,19,-0.01
E2_ROLLING_INCREMENTAL_AFTER_FULL_REUSE,RR-SMOOTH/3,4,r8c-1854-a813b6e4b7cad3b7,DT-RAMDE_TS2_FULL,r8c-3908-5e3cdad65d9a8b48,CROSS_EVENT_MEMORY_ONLY,INCLUDED,0.21052631578947367,4,19,-0.01
E2_ROLLING_INCREMENTAL_AFTER_FULL_REUSE,RR-SMOOTH/3,4,r8c-1854-a813b6e4b7cad3b7,DT-RAMDE_TS2_FULL,r8c-3909-64ac10acb5151715,SHADE_ONLY,INCLUDED,0.21052631578947367,4,19,-0.01
E2_ROLLING_INCREMENTAL_AFTER_FULL_REUSE,RR-SMOOTH/4,0,r8c-1860-7808880f1bff17d3,DT-RAMDE_TS2_FULL,r8c-3910-b8e276d85652fc81,NO_CROSS_EVENT_MEMORY,INCLUDED,0.21052631578947367,4,19,-0.01
E2_ROLLING_INCREMENTAL_AFTER_FULL_REUSE,RR-SMOOTH/4,0,r8c-1860-7808880f1bff17d3,DT-RAMDE_TS2_FULL,r8c-3911-96610b50496c872e,NO_EXECUTION_FEEDBACK,INCLUDED,0.47368421052631576,9,19,-0.01
E2_ROLLING_INCREMENTAL_AFTER_FULL_REUSE,RR-SMOOTH/4,0,r8c-1860-7808880f1bff17d3,DT-RAMDE_TS2_FULL,r8c-3912-346828c51dd93205,NO_REJECTION_CREDIT,INCLUDED,0.3684210526315789,7,19,-0.01
E2_ROLLING_INCREMENTAL_AFTER_FULL_REUSE,RR-SMOOTH/4,0,r8c-1860-7808880f1bff17d3,DT-RAMDE_TS2_FULL,r8c-3913-8c97f0c95fce9a21,NO_MEMORY_RESET_GATE,INCLUDED,0.3684210526315789,7,19,-0.01
E2_ROLLING_INCREMENTAL_AFTER_FULL_REUSE,RR-SMOOTH/4,0,r8c-1860-7808880f1bff17d3,DT-RAMDE_TS2_FULL,r8c-3914-1179f1792a5a8137,NO_LINEAGE_CREDIT,INCLUDED,0.21052631578947367,4,19,-0.01
E2_ROLLING_INCREMENTAL_AFTER_FULL_REUSE,RR-SMOOTH/4,0,r8c-1860-7808880f1bff17d3,DT-RAMDE_TS2_FULL,r8c-3915-849d0dde8082ef27,CROSS_EVENT_WARM_START_ONLY,INCLUDED,0.3684210526315789,7,19,-0.01
E2_ROLLING_INCREMENTAL_AFTER_FULL_REUSE,RR-SMOOTH/4,0,r8c-1860-7808880f1bff17d3,DT-RAMDE_TS2_FULL,r8c-3916-284be046177db24b,CROSS_EVENT_MEMORY_ONLY,INCLUDED,0.05263157894736842,1,19,-0.01
E2_ROLLING_INCREMENTAL_AFTER_FULL_REUSE,RR-SMOOTH/4,0,r8c-1860-7808880f1bff17d3,DT-RAMDE_TS2_FULL,r8c-3917-977a01be3b222032,SHADE_ONLY,INCLUDED,0.21052631578947367,4,19,-0.01
E2_ROLLING_INCREMENTAL_AFTER_FULL_REUSE,RR-SMOOTH/4,1,r8c-1866-b934969809881476,DT-RAMDE_TS2_FULL,r8c-3918-6c62dc8a03967df3,NO_CROSS_EVENT_MEMORY,INCLUDED,0.21052631578947367,4,19,-0.01
E2_ROLLING_INCREMENTAL_AFTER_FULL_REUSE,RR-SMOOTH/4,1,r8c-1866-b934969809881476,DT-RAMDE_TS2_FULL,r8c-3919-91a0c051bc55d87a,NO_EXECUTION_FEEDBACK,INCLUDED,0.3157894736842105,6,19,-0.01
E2_ROLLING_INCREMENTAL_AFTER_FULL_REUSE,RR-SMOOTH/4,1,r8c-1866-b934969809881476,DT-RAMDE_TS2_FULL,r8c-3920-36809614e538e4da,NO_REJECTION_CREDIT,INCLUDED,0.3157894736842105,6,19,-0.01
E2_ROLLING_INCREMENTAL_AFTER_FULL_REUSE,RR-SMOOTH/4,1,r8c-1866-b934969809881476,DT-RAMDE_TS2_FULL,r8c-3921-24b4d3fbe765f2c0,NO_MEMORY_RESET_GATE,INCLUDED,0.42105263157894735,8,19,-0.01
E2_ROLLING_INCREMENTAL_AFTER_FULL_REUSE,RR-SMOOTH/4,1,r8c-1866-b934969809881476,DT-RAMDE_TS2_FULL,r8c-3922-15d430073bbc5478,NO_LINEAGE_CREDIT,INCLUDED,0.15789473684210525,3,19,-0.01
E2_ROLLING_INCREMENTAL_AFTER_FULL_REUSE,RR-SMOOTH/4,1,r8c-1866-b934969809881476,DT-RAMDE_TS2_FULL,r8c-3923-abc37bc4c4a10311,CROSS_EVENT_WARM_START_ONLY,INCLUDED,0.42105263157894735,8,19,-0.01
E2_ROLLING_INCREMENTAL_AFTER_FULL_REUSE,RR-SMOOTH/4,1,r8c-1866-b934969809881476,DT-RAMDE_TS2_FULL,r8c-3924-81fd2c609582393c,CROSS_EVENT_MEMORY_ONLY,INCLUDED,0.10526315789473684,2,19,-0.01
E2_ROLLING_INCREMENTAL_AFTER_FULL_REUSE,RR-SMOOTH/4,1,r8c-1866-b934969809881476,DT-RAMDE_TS2_FULL,r8c-3925-cf7eb1e139cdafc0,SHADE_ONLY,INCLUDED,0.10526315789473684,2,19,-0.01
E2_ROLLING_INCREMENTAL_AFTER_FULL_REUSE,RR-SMOOTH/4,2,r8c-1872-0519872e762d61dd,DT-RAMDE_TS2_FULL,r8c-3926-0e136d2da7bc38f1,NO_CROSS_EVENT_MEMORY,INCLUDED,0.15789473684210525,3,19,-0.01
E2_ROLLING_INCREMENTAL_AFTER_FULL_REUSE,RR-SMOOTH/4,2,r8c-1872-0519872e762d61dd,DT-RAMDE_TS2_FULL,r8c-3927-8e3575867607147a,NO_EXECUTION_FEEDBACK,INCLUDED,0.2631578947368421,5,19,-0.01
E2_ROLLING_INCREMENTAL_AFTER_FULL_REUSE,RR-SMOOTH/4,2,r8c-1872-0519872e762d61dd,DT-RAMDE_TS2_FULL,r8c-3928-02ccc24d25a9428e,NO_REJECTION_CREDIT,INCLUDED,0.3684210526315789,7,19,-0.01
E2_ROLLING_INCREMENTAL_AFTER_FULL_REUSE,RR-SMOOTH/4,2,r8c-1872-0519872e762d61dd,DT-RAMDE_TS2_FULL,r8c-3929-86562583304f4037,NO_MEMORY_RESET_GATE,INCLUDED,0.5263157894736842,10,19,-0.01
E2_ROLLING_INCREMENTAL_AFTER_FULL_REUSE,RR-SMOOTH/4,2,r8c-1872-0519872e762d61dd,DT-RAMDE_TS2_FULL,r8c-3930-26fbae992382bd36,NO_LINEAGE_CREDIT,INCLUDED,0.10526315789473684,2,19,-0.01
E2_ROLLING_INCREMENTAL_AFTER_FULL_REUSE,RR-SMOOTH/4,2,r8c-1872-0519872e762d61dd,DT-RAMDE_TS2_FULL,r8c-3931-69752f034e217c94,CROSS_EVENT_WARM_START_ONLY,INCLUDED,0.47368421052631576,9,19,-0.01
E2_ROLLING_INCREMENTAL_AFTER_FULL_REUSE,RR-SMOOTH/4,2,r8c-1872-0519872e762d61dd,DT-RAMDE_TS2_FULL,r8c-3932-f4951882af116c22,CROSS_EVENT_MEMORY_ONLY,INCLUDED,0.3157894736842105,6,19,-0.01
E2_ROLLING_INCREMENTAL_AFTER_FULL_REUSE,RR-SMOOTH/4,2,r8c-1872-0519872e762d61dd,DT-RAMDE_TS2_FULL,r8c-3933-53d9b03e7b84650a,SHADE_ONLY,INCLUDED,0.21052631578947367,4,19,-0.01
E2_ROLLING_INCREMENTAL_AFTER_FULL_REUSE,RR-SMOOTH/4,3,r8c-1878-11d5c1995769b6ce,DT-RAMDE_TS2_FULL,r8c-3934-d239159571563b83,NO_CROSS_EVENT_MEMORY,INCLUDED,0.5263157894736842,10,19,-0.01
E2_ROLLING_INCREMENTAL_AFTER_FULL_REUSE,RR-SMOOTH/4,3,r8c-1878-11d5c1995769b6ce,DT-RAMDE_TS2_FULL,r8c-3935-1152fccd028e4b58,NO_EXECUTION_FEEDBACK,INCLUDED,0.5263157894736842,10,19,-0.01
E2_ROLLING_INCREMENTAL_AFTER_FULL_REUSE,RR-SMOOTH/4,3,r8c-1878-11d5c1995769b6ce,DT-RAMDE_TS2_FULL,r8c-3936-7fa09223af3f3f0c,NO_REJECTION_CREDIT,INCLUDED,0.5263157894736842,10,19,-0.01
E2_ROLLING_INCREMENTAL_AFTER_FULL_REUSE,RR-SMOOTH/4,3,r8c-1878-11d5c1995769b6ce,DT-RAMDE_TS2_FULL,r8c-3937-826a8e1ec286f4d8,NO_MEMORY_RESET_GATE,INCLUDED,0.47368421052631576,9,19,-0.01
E2_ROLLING_INCREMENTAL_AFTER_FULL_REUSE,RR-SMOOTH/4,3,r8c-1878-11d5c1995769b6ce,DT-RAMDE_TS2_FULL,r8c-3938-c2f50d3eecd0e381,NO_LINEAGE_CREDIT,INCLUDED,0.3157894736842105,6,19,-0.01
E2_ROLLING_INCREMENTAL_AFTER_FULL_REUSE,RR-SMOOTH/4,3,r8c-1878-11d5c1995769b6ce,DT-RAMDE_TS2_FULL,r8c-3939-0055736fc0caaee0,CROSS_EVENT_WARM_START_ONLY,INCLUDED,0.5789473684210527,11,19,-0.01
E2_ROLLING_INCREMENTAL_AFTER_FULL_REUSE,RR-SMOOTH/4,3,r8c-1878-11d5c1995769b6ce,DT-RAMDE_TS2_FULL,r8c-3940-468e33e506ae2d34,CROSS_EVENT_MEMORY_ONLY,INCLUDED,0.3684210526315789,7,19,-0.01
E2_ROLLING_INCREMENTAL_AFTER_FULL_REUSE,RR-SMOOTH/4,3,r8c-1878-11d5c1995769b6ce,DT-RAMDE_TS2_FULL,r8c-3941-05eca436f32f163a,SHADE_ONLY,INCLUDED,0.3684210526315789,7,19,-0.01
E2_ROLLING_INCREMENTAL_AFTER_FULL_REUSE,RR-SMOOTH/4,4,r8c-1884-68178940d62dc272,DT-RAMDE_TS2_FULL,r8c-3942-3b4e54b9373318bf,NO_CROSS_EVENT_MEMORY,INCLUDED,0.15789473684210525,3,19,-0.01
E2_ROLLING_INCREMENTAL_AFTER_FULL_REUSE,RR-SMOOTH/4,4,r8c-1884-68178940d62dc272,DT-RAMDE_TS2_FULL,r8c-3943-97e4b6f7bef16fe4,NO_EXECUTION_FEEDBACK,INCLUDED,0.21052631578947367,4,19,-0.01
E2_ROLLING_INCREMENTAL_AFTER_FULL_REUSE,RR-SMOOTH/4,4,r8c-1884-68178940d62dc272,DT-RAMDE_TS2_FULL,r8c-3944-6f54db2457c9cc4a,NO_REJECTION_CREDIT,INCLUDED,0.42105263157894735,8,19,-0.01
E2_ROLLING_INCREMENTAL_AFTER_FULL_REUSE,RR-SMOOTH/4,4,r8c-1884-68178940d62dc272,DT-RAMDE_TS2_FULL,r8c-3945-01927bdc33bd0a45,NO_MEMORY_RESET_GATE,INCLUDED,0.3684210526315789,7,19,-0.01
E2_ROLLING_INCREMENTAL_AFTER_FULL_REUSE,RR-SMOOTH/4,4,r8c-1884-68178940d62dc272,DT-RAMDE_TS2_FULL,r8c-3946-cdc272a3304f0917,NO_LINEAGE_CREDIT,INCLUDED,0.15789473684210525,3,19,-0.01
E2_ROLLING_INCREMENTAL_AFTER_FULL_REUSE,RR-SMOOTH/4,4,r8c-1884-68178940d62dc272,DT-RAMDE_TS2_FULL,r8c-3947-67a899b992caf808,CROSS_EVENT_WARM_START_ONLY,INCLUDED,0.47368421052631576,9,19,-0.01
E2_ROLLING_INCREMENTAL_AFTER_FULL_REUSE,RR-SMOOTH/4,4,r8c-1884-68178940d62dc272,DT-RAMDE_TS2_FULL,r8c-3948-1b8998246db11563,CROSS_EVENT_MEMORY_ONLY,INCLUDED,0.10526315789473684,2,19,-0.01
E2_ROLLING_INCREMENTAL_AFTER_FULL_REUSE,RR-SMOOTH/4,4,r8c-1884-68178940d62dc272,DT-RAMDE_TS2_FULL,r8c-3949-1615e33b701db2e5,SHADE_ONLY,INCLUDED,0.05263157894736842,1,19,-0.01
E2_ROLLING_INCREMENTAL_AFTER_FULL_REUSE,RR-SMOOTH/5,0,r8c-1890-64b4911ea9a1af87,DT-RAMDE_TS2_FULL,r8c-3950-1de933142434e196,NO_CROSS_EVENT_MEMORY,INCLUDED,0.10526315789473684,2,19,-0.01
E2_ROLLING_INCREMENTAL_AFTER_FULL_REUSE,RR-SMOOTH/5,0,r8c-1890-64b4911ea9a1af87,DT-RAMDE_TS2_FULL,r8c-3951-6f16098db1b38695,NO_EXECUTION_FEEDBACK,INCLUDED,0.47368421052631576,9,19,-0.01
E2_ROLLING_INCREMENTAL_AFTER_FULL_REUSE,RR-SMOOTH/5,0,r8c-1890-64b4911ea9a1af87,DT-RAMDE_TS2_FULL,r8c-3952-fc083997349b6131,NO_REJECTION_CREDIT,INCLUDED,0.3684210526315789,7,19,-0.01
E2_ROLLING_INCREMENTAL_AFTER_FULL_REUSE,RR-SMOOTH/5,0,r8c-1890-64b4911ea9a1af87,DT-RAMDE_TS2_FULL,r8c-3953-e719e7e4365db4fc,NO_MEMORY_RESET_GATE,INCLUDED,0.47368421052631576,9,19,-0.01
E2_ROLLING_INCREMENTAL_AFTER_FULL_REUSE,RR-SMOOTH/5,0,r8c-1890-64b4911ea9a1af87,DT-RAMDE_TS2_FULL,r8c-3954-872a46fe50f4a79d,NO_LINEAGE_CREDIT,INCLUDED,0.21052631578947367,4,19,-0.01
E2_ROLLING_INCREMENTAL_AFTER_FULL_REUSE,RR-SMOOTH/5,0,r8c-1890-64b4911ea9a1af87,DT-RAMDE_TS2_FULL,r8c-3955-dea5960e6dd6e894,CROSS_EVENT_WARM_START_ONLY,INCLUDED,0.47368421052631576,9,19,-0.01
E2_ROLLING_INCREMENTAL_AFTER_FULL_REUSE,RR-SMOOTH/5,0,r8c-1890-64b4911ea9a1af87,DT-RAMDE_TS2_FULL,r8c-3956-d33458c70ce2de45,CROSS_EVENT_MEMORY_ONLY,INCLUDED,0.15789473684210525,3,19,-0.01
E2_ROLLING_INCREMENTAL_AFTER_FULL_REUSE,RR-SMOOTH/5,0,r8c-1890-64b4911ea9a1af87,DT-RAMDE_TS2_FULL,r8c-3957-8a67c8b6609cd36d,SHADE_ONLY,INCLUDED,0.15789473684210525,3,19,-0.01
E2_ROLLING_INCREMENTAL_AFTER_FULL_REUSE,RR-SMOOTH/5,1,r8c-1896-7214852ffce4ad1a,DT-RAMDE_TS2_FULL,r8c-3958-3d7dba1161fb2e96,NO_CROSS_EVENT_MEMORY,INCLUDED,0.15789473684210525,3,19,-0.01
E2_ROLLING_INCREMENTAL_AFTER_FULL_REUSE,RR-SMOOTH/5,1,r8c-1896-7214852ffce4ad1a,DT-RAMDE_TS2_FULL,r8c-3959-273d7db384d3377e,NO_EXECUTION_FEEDBACK,INCLUDED,0.3157894736842105,6,19,-0.01
E2_ROLLING_INCREMENTAL_AFTER_FULL_REUSE,RR-SMOOTH/5,1,r8c-1896-7214852ffce4ad1a,DT-RAMDE_TS2_FULL,r8c-3960-cebbfc4b03789edb,NO_REJECTION_CREDIT,INCLUDED,0.15789473684210525,3,19,-0.01
E2_ROLLING_INCREMENTAL_AFTER_FULL_REUSE,RR-SMOOTH/5,1,r8c-1896-7214852ffce4ad1a,DT-RAMDE_TS2_FULL,r8c-3961-eac646de8c5f2236,NO_MEMORY_RESET_GATE,INCLUDED,0.3684210526315789,7,19,-0.01
E2_ROLLING_INCREMENTAL_AFTER_FULL_REUSE,RR-SMOOTH/5,1,r8c-1896-7214852ffce4ad1a,DT-RAMDE_TS2_FULL,r8c-3962-8b595eec049495c6,NO_LINEAGE_CREDIT,INCLUDED,0.2631578947368421,5,19,-0.01
E2_ROLLING_INCREMENTAL_AFTER_FULL_REUSE,RR-SMOOTH/5,1,r8c-1896-7214852ffce4ad1a,DT-RAMDE_TS2_FULL,r8c-3963-97966cbdc7cda47f,CROSS_EVENT_WARM_START_ONLY,INCLUDED,0.3684210526315789,7,19,-0.01
E2_ROLLING_INCREMENTAL_AFTER_FULL_REUSE,RR-SMOOTH/5,1,r8c-1896-7214852ffce4ad1a,DT-RAMDE_TS2_FULL,r8c-3964-6829c536c40e8690,CROSS_EVENT_MEMORY_ONLY,INCLUDED,0.05263157894736842,1,19,-0.01
E2_ROLLING_INCREMENTAL_AFTER_FULL_REUSE,RR-SMOOTH/5,1,r8c-1896-7214852ffce4ad1a,DT-RAMDE_TS2_FULL,r8c-3965-0adc7ee9c66c9ac8,SHADE_ONLY,INCLUDED,0.05263157894736842,1,19,-0.01
E2_ROLLING_INCREMENTAL_AFTER_FULL_REUSE,RR-SMOOTH/5,2,r8c-1902-9bf83e925ea9655e,DT-RAMDE_TS2_FULL,r8c-3966-cb709a4ef897e429,NO_CROSS_EVENT_MEMORY,INCLUDED,0.21052631578947367,4,19,-0.01
E2_ROLLING_INCREMENTAL_AFTER_FULL_REUSE,RR-SMOOTH/5,2,r8c-1902-9bf83e925ea9655e,DT-RAMDE_TS2_FULL,r8c-3967-cc921ab393c815fd,NO_EXECUTION_FEEDBACK,INCLUDED,0.47368421052631576,9,19,-0.01
E2_ROLLING_INCREMENTAL_AFTER_FULL_REUSE,RR-SMOOTH/5,2,r8c-1902-9bf83e925ea9655e,DT-RAMDE_TS2_FULL,r8c-3968-557ebb649e6ae9a1,NO_REJECTION_CREDIT,INCLUDED,0.3684210526315789,7,19,-0.01
E2_ROLLING_INCREMENTAL_AFTER_FULL_REUSE,RR-SMOOTH/5,2,r8c-1902-9bf83e925ea9655e,DT-RAMDE_TS2_FULL,r8c-3969-d657c0b89118d558,NO_MEMORY_RESET_GATE,INCLUDED,0.42105263157894735,8,19,-0.01
E2_ROLLING_INCREMENTAL_AFTER_FULL_REUSE,RR-SMOOTH/5,2,r8c-1902-9bf83e925ea9655e,DT-RAMDE_TS2_FULL,r8c-3970-9acaa7b25de88740,NO_LINEAGE_CREDIT,INCLUDED,0.2631578947368421,5,19,-0.01
E2_ROLLING_INCREMENTAL_AFTER_FULL_REUSE,RR-SMOOTH/5,2,r8c-1902-9bf83e925ea9655e,DT-RAMDE_TS2_FULL,r8c-3971-8820549b9dfd9fca,CROSS_EVENT_WARM_START_ONLY,INCLUDED,0.42105263157894735,8,19,-0.01
E2_ROLLING_INCREMENTAL_AFTER_FULL_REUSE,RR-SMOOTH/5,2,r8c-1902-9bf83e925ea9655e,DT-RAMDE_TS2_FULL,r8c-3972-f9cbcfdbb17bd4b1,CROSS_EVENT_MEMORY_ONLY,INCLUDED,0.15789473684210525,3,19,-0.01
E2_ROLLING_INCREMENTAL_AFTER_FULL_REUSE,RR-SMOOTH/5,2,r8c-1902-9bf83e925ea9655e,DT-RAMDE_TS2_FULL,r8c-3973-6dc8f2c28418884d,SHADE_ONLY,INCLUDED,0.21052631578947367,4,19,-0.01
E2_ROLLING_INCREMENTAL_AFTER_FULL_REUSE,RR-SMOOTH/5,3,r8c-1908-6ab94279b0457e74,DT-RAMDE_TS2_FULL,r8c-3974-7e40672ec7b80f50,NO_CROSS_EVENT_MEMORY,INCLUDED,0.21052631578947367,4,19,-0.01
E2_ROLLING_INCREMENTAL_AFTER_FULL_REUSE,RR-SMOOTH/5,3,r8c-1908-6ab94279b0457e74,DT-RAMDE_TS2_FULL,r8c-3975-55abedcc0e530166,NO_EXECUTION_FEEDBACK,INCLUDED,0.631578947368421,12,19,-0.01
E2_ROLLING_INCREMENTAL_AFTER_FULL_REUSE,RR-SMOOTH/5,3,r8c-1908-6ab94279b0457e74,DT-RAMDE_TS2_FULL,r8c-3976-caa0d3be8165a7db,NO_REJECTION_CREDIT,INCLUDED,0.47368421052631576,9,19,-0.01
E2_ROLLING_INCREMENTAL_AFTER_FULL_REUSE,RR-SMOOTH/5,3,r8c-1908-6ab94279b0457e74,DT-RAMDE_TS2_FULL,r8c-3977-048117b4e39187af,NO_MEMORY_RESET_GATE,INCLUDED,0.631578947368421,12,19,-0.01
E2_ROLLING_INCREMENTAL_AFTER_FULL_REUSE,RR-SMOOTH/5,3,r8c-1908-6ab94279b0457e74,DT-RAMDE_TS2_FULL,r8c-3978-30ca4f3721f54356,NO_LINEAGE_CREDIT,INCLUDED,0.3684210526315789,7,19,-0.01
E2_ROLLING_INCREMENTAL_AFTER_FULL_REUSE,RR-SMOOTH/5,3,r8c-1908-6ab94279b0457e74,DT-RAMDE_TS2_FULL,r8c-3979-ed5b1d9f638e2a88,CROSS_EVENT_WARM_START_ONLY,INCLUDED,0.631578947368421,12,19,-0.01
E2_ROLLING_INCREMENTAL_AFTER_FULL_REUSE,RR-SMOOTH/5,3,r8c-1908-6ab94279b0457e74,DT-RAMDE_TS2_FULL,r8c-3980-eb427bb122cd42c6,CROSS_EVENT_MEMORY_ONLY,INCLUDED,0.15789473684210525,3,19,-0.01
E2_ROLLING_INCREMENTAL_AFTER_FULL_REUSE,RR-SMOOTH/5,3,r8c-1908-6ab94279b0457e74,DT-RAMDE_TS2_FULL,r8c-3981-0c16641f70934f2c,SHADE_ONLY,INCLUDED,0.3157894736842105,6,19,-0.01
E2_ROLLING_INCREMENTAL_AFTER_FULL_REUSE,RR-SMOOTH/5,4,r8c-1914-8db07d88dab9a967,DT-RAMDE_TS2_FULL,r8c-3982-9d14528d544e303a,NO_CROSS_EVENT_MEMORY,INCLUDED,0.05263157894736842,1,19,-0.01
E2_ROLLING_INCREMENTAL_AFTER_FULL_REUSE,RR-SMOOTH/5,4,r8c-1914-8db07d88dab9a967,DT-RAMDE_TS2_FULL,r8c-3983-6bcafa94710a08a0,NO_EXECUTION_FEEDBACK,INCLUDED,0.47368421052631576,9,19,-0.01
E2_ROLLING_INCREMENTAL_AFTER_FULL_REUSE,RR-SMOOTH/5,4,r8c-1914-8db07d88dab9a967,DT-RAMDE_TS2_FULL,r8c-3984-7982e56a5a90aa54,NO_REJECTION_CREDIT,INCLUDED,0.3684210526315789,7,19,-0.01
E2_ROLLING_INCREMENTAL_AFTER_FULL_REUSE,RR-SMOOTH/5,4,r8c-1914-8db07d88dab9a967,DT-RAMDE_TS2_FULL,r8c-3985-267f40a3cc77ad3e,NO_MEMORY_RESET_GATE,INCLUDED,0.5263157894736842,10,19,-0.01
E2_ROLLING_INCREMENTAL_AFTER_FULL_REUSE,RR-SMOOTH/5,4,r8c-1914-8db07d88dab9a967,DT-RAMDE_TS2_FULL,r8c-3986-8b970f1918bfa441,NO_LINEAGE_CREDIT,INCLUDED,0.21052631578947367,4,19,-0.01
E2_ROLLING_INCREMENTAL_AFTER_FULL_REUSE,RR-SMOOTH/5,4,r8c-1914-8db07d88dab9a967,DT-RAMDE_TS2_FULL,r8c-3987-c2531ac7bc4bcc94,CROSS_EVENT_WARM_START_ONLY,INCLUDED,0.5789473684210527,11,19,-0.01
E2_ROLLING_INCREMENTAL_AFTER_FULL_REUSE,RR-SMOOTH/5,4,r8c-1914-8db07d88dab9a967,DT-RAMDE_TS2_FULL,r8c-3988-70709a1638673a30,CROSS_EVENT_MEMORY_ONLY,INCLUDED,0.3684210526315789,7,19,-0.01
E2_ROLLING_INCREMENTAL_AFTER_FULL_REUSE,RR-SMOOTH/5,4,r8c-1914-8db07d88dab9a967,DT-RAMDE_TS2_FULL,r8c-3989-3cd63be17f1a77a3,SHADE_ONLY,INCLUDED,0.15789473684210525,3,19,-0.01
E2_ROLLING_INCREMENTAL_AFTER_FULL_REUSE,RR-SMOOTH/6,0,r8c-1920-61dd9f9276544e60,DT-RAMDE_TS2_FULL,r8c-3990-e42046410aa6d590,NO_CROSS_EVENT_MEMORY,INCLUDED,0.05263157894736842,1,19,-0.01
E2_ROLLING_INCREMENTAL_AFTER_FULL_REUSE,RR-SMOOTH/6,0,r8c-1920-61dd9f9276544e60,DT-RAMDE_TS2_FULL,r8c-3991-086e6015adb2335d,NO_EXECUTION_FEEDBACK,INCLUDED,0.5263157894736842,10,19,-0.01
E2_ROLLING_INCREMENTAL_AFTER_FULL_REUSE,RR-SMOOTH/6,0,r8c-1920-61dd9f9276544e60,DT-RAMDE_TS2_FULL,r8c-3992-1f2d177808fceb92,NO_REJECTION_CREDIT,INCLUDED,0.47368421052631576,9,19,-0.01
E2_ROLLING_INCREMENTAL_AFTER_FULL_REUSE,RR-SMOOTH/6,0,r8c-1920-61dd9f9276544e60,DT-RAMDE_TS2_FULL,r8c-3993-a620b7450f51af8c,NO_MEMORY_RESET_GATE,INCLUDED,0.3684210526315789,7,19,-0.01
E2_ROLLING_INCREMENTAL_AFTER_FULL_REUSE,RR-SMOOTH/6,0,r8c-1920-61dd9f9276544e60,DT-RAMDE_TS2_FULL,r8c-3994-b522c5907feb420e,NO_LINEAGE_CREDIT,INCLUDED,0.0,0,19,-0.01
E2_ROLLING_INCREMENTAL_AFTER_FULL_REUSE,RR-SMOOTH/6,0,r8c-1920-61dd9f9276544e60,DT-RAMDE_TS2_FULL,r8c-3995-391131f49eda4724,CROSS_EVENT_WARM_START_ONLY,INCLUDED,0.05263157894736842,1,19,-0.01
E2_ROLLING_INCREMENTAL_AFTER_FULL_REUSE,RR-SMOOTH/6,0,r8c-1920-61dd9f9276544e60,DT-RAMDE_TS2_FULL,r8c-3996-1f7ff761b375d48b,CROSS_EVENT_MEMORY_ONLY,INCLUDED,0.0,0,19,-0.01
E2_ROLLING_INCREMENTAL_AFTER_FULL_REUSE,RR-SMOOTH/6,0,r8c-1920-61dd9f9276544e60,DT-RAMDE_TS2_FULL,r8c-3997-295fd891eb0238f3,SHADE_ONLY,INCLUDED,0.05263157894736842,1,19,-0.01
E2_ROLLING_INCREMENTAL_AFTER_FULL_REUSE,RR-SMOOTH/6,1,r8c-1926-d9221b52fffd8295,DT-RAMDE_TS2_FULL,r8c-3998-6795a56975a4452c,NO_CROSS_EVENT_MEMORY,INCLUDED,0.10526315789473684,2,19,-0.01
E2_ROLLING_INCREMENTAL_AFTER_FULL_REUSE,RR-SMOOTH/6,1,r8c-1926-d9221b52fffd8295,DT-RAMDE_TS2_FULL,r8c-3999-231e3e107db31dfe,NO_EXECUTION_FEEDBACK,INCLUDED,0.7368421052631579,14,19,-0.01
E2_ROLLING_INCREMENTAL_AFTER_FULL_REUSE,RR-SMOOTH/6,1,r8c-1926-d9221b52fffd8295,DT-RAMDE_TS2_FULL,r8c-4000-6db856cc1b2c44f7,NO_REJECTION_CREDIT,INCLUDED,0.8947368421052632,17,19,-0.01
E2_ROLLING_INCREMENTAL_AFTER_FULL_REUSE,RR-SMOOTH/6,1,r8c-1926-d9221b52fffd8295,DT-RAMDE_TS2_FULL,r8c-4001-ac6af46f168b3986,NO_MEMORY_RESET_GATE,INCLUDED,0.9473684210526315,18,19,-0.01
E2_ROLLING_INCREMENTAL_AFTER_FULL_REUSE,RR-SMOOTH/6,1,r8c-1926-d9221b52fffd8295,DT-RAMDE_TS2_FULL,r8c-4002-9783427b27cbda7a,NO_LINEAGE_CREDIT,INCLUDED,0.7894736842105263,15,19,-0.01
E2_ROLLING_INCREMENTAL_AFTER_FULL_REUSE,RR-SMOOTH/6,1,r8c-1926-d9221b52fffd8295,DT-RAMDE_TS2_FULL,r8c-4003-5f043870b0980c2d,CROSS_EVENT_WARM_START_ONLY,INCLUDED,0.9473684210526315,18,19,-0.01
E2_ROLLING_INCREMENTAL_AFTER_FULL_REUSE,RR-SMOOTH/6,1,r8c-1926-d9221b52fffd8295,DT-RAMDE_TS2_FULL,r8c-4004-42866a87d89449be,CROSS_EVENT_MEMORY_ONLY,INCLUDED,0.8421052631578947,16,19,-0.01
E2_ROLLING_INCREMENTAL_AFTER_FULL_REUSE,RR-SMOOTH/6,1,r8c-1926-d9221b52fffd8295,DT-RAMDE_TS2_FULL,r8c-4005-7c848c0594c4ee83,SHADE_ONLY,INCLUDED,0.8421052631578947,16,19,-0.01
E2_ROLLING_INCREMENTAL_AFTER_FULL_REUSE,RR-SMOOTH/6,2,r8c-1932-91eafdf4fe808951,DT-RAMDE_TS2_FULL,r8c-4006-283d2877e57ebb29,NO_CROSS_EVENT_MEMORY,INCLUDED,0.21052631578947367,4,19,-0.01
E2_ROLLING_INCREMENTAL_AFTER_FULL_REUSE,RR-SMOOTH/6,2,r8c-1932-91eafdf4fe808951,DT-RAMDE_TS2_FULL,r8c-4007-8f7c71b40a91f976,NO_EXECUTION_FEEDBACK,INCLUDED,0.0,0,19,-0.01
E2_ROLLING_INCREMENTAL_AFTER_FULL_REUSE,RR-SMOOTH/6,2,r8c-1932-91eafdf4fe808951,DT-RAMDE_TS2_FULL,r8c-4008-84945eeda1d15e74,NO_REJECTION_CREDIT,INCLUDED,0.2631578947368421,5,19,-0.01
E2_ROLLING_INCREMENTAL_AFTER_FULL_REUSE,RR-SMOOTH/6,2,r8c-1932-91eafdf4fe808951,DT-RAMDE_TS2_FULL,r8c-4009-ffb5997568890787,NO_MEMORY_RESET_GATE,INCLUDED,0.9473684210526315,18,19,-0.01
E2_ROLLING_INCREMENTAL_AFTER_FULL_REUSE,RR-SMOOTH/6,2,r8c-1932-91eafdf4fe808951,DT-RAMDE_TS2_FULL,r8c-4010-86f8e9557ade192d,NO_LINEAGE_CREDIT,INCLUDED,1.0,19,19,-0.01
E2_ROLLING_INCREMENTAL_AFTER_FULL_REUSE,RR-SMOOTH/6,2,r8c-1932-91eafdf4fe808951,DT-RAMDE_TS2_FULL,r8c-4011-6432369480e6c53d,CROSS_EVENT_WARM_START_ONLY,INCLUDED,0.8947368421052632,17,19,-0.01
E2_ROLLING_INCREMENTAL_AFTER_FULL_REUSE,RR-SMOOTH/6,2,r8c-1932-91eafdf4fe808951,DT-RAMDE_TS2_FULL,r8c-4012-8fd26ce096336acd,CROSS_EVENT_MEMORY_ONLY,INCLUDED,0.05263157894736842,1,19,-0.01
E2_ROLLING_INCREMENTAL_AFTER_FULL_REUSE,RR-SMOOTH/6,2,r8c-1932-91eafdf4fe808951,DT-RAMDE_TS2_FULL,r8c-4013-9c14c8998c8d62dc,SHADE_ONLY,INCLUDED,0.7894736842105263,15,19,-0.01
E2_ROLLING_INCREMENTAL_AFTER_FULL_REUSE,RR-SMOOTH/6,3,r8c-1938-a2b31c0e812f968a,DT-RAMDE_TS2_FULL,r8c-4014-d037d12d4fc38802,NO_CROSS_EVENT_MEMORY,INCLUDED,0.0,0,19,-0.01
E2_ROLLING_INCREMENTAL_AFTER_FULL_REUSE,RR-SMOOTH/6,3,r8c-1938-a2b31c0e812f968a,DT-RAMDE_TS2_FULL,r8c-4015-419c9d1616bb5f4c,NO_EXECUTION_FEEDBACK,INCLUDED,0.21052631578947367,4,19,-0.01
E2_ROLLING_INCREMENTAL_AFTER_FULL_REUSE,RR-SMOOTH/6,3,r8c-1938-a2b31c0e812f968a,DT-RAMDE_TS2_FULL,r8c-4016-3f6a34ccd542c256,NO_REJECTION_CREDIT,INCLUDED,0.42105263157894735,8,19,-0.01
E2_ROLLING_INCREMENTAL_AFTER_FULL_REUSE,RR-SMOOTH/6,3,r8c-1938-a2b31c0e812f968a,DT-RAMDE_TS2_FULL,r8c-4017-76001f5073207432,NO_MEMORY_RESET_GATE,INCLUDED,0.0,0,19,-0.01
E2_ROLLING_INCREMENTAL_AFTER_FULL_REUSE,RR-SMOOTH/6,3,r8c-1938-a2b31c0e812f968a,DT-RAMDE_TS2_FULL,r8c-4018-916fd77263bd5dc3,NO_LINEAGE_CREDIT,INCLUDED,0.3684210526315789,7,19,-0.01
E2_ROLLING_INCREMENTAL_AFTER_FULL_REUSE,RR-SMOOTH/6,3,r8c-1938-a2b31c0e812f968a,DT-RAMDE_TS2_FULL,r8c-4019-c0de66e407110c3d,CROSS_EVENT_WARM_START_ONLY,INCLUDED,0.21052631578947367,4,19,-0.01
E2_ROLLING_INCREMENTAL_AFTER_FULL_REUSE,RR-SMOOTH/6,3,r8c-1938-a2b31c0e812f968a,DT-RAMDE_TS2_FULL,r8c-4020-5fc72bcf3e8150e9,CROSS_EVENT_MEMORY_ONLY,INCLUDED,0.0,0,19,-0.01
E2_ROLLING_INCREMENTAL_AFTER_FULL_REUSE,RR-SMOOTH/6,3,r8c-1938-a2b31c0e812f968a,DT-RAMDE_TS2_FULL,r8c-4021-5c8688ab9d48ed4c,SHADE_ONLY,INCLUDED,0.10526315789473684,2,19,-0.01
E2_ROLLING_INCREMENTAL_AFTER_FULL_REUSE,RR-SMOOTH/6,4,r8c-1944-e92c2eb364033dd7,DT-RAMDE_TS2_FULL,r8c-4022-64f812fa0f638530,NO_CROSS_EVENT_MEMORY,INCLUDED,0.21052631578947367,4,19,-0.01
E2_ROLLING_INCREMENTAL_AFTER_FULL_REUSE,RR-SMOOTH/6,4,r8c-1944-e92c2eb364033dd7,DT-RAMDE_TS2_FULL,r8c-4023-30f9b53756b90d96,NO_EXECUTION_FEEDBACK,INCLUDED,0.21052631578947367,4,19,-0.01
E2_ROLLING_INCREMENTAL_AFTER_FULL_REUSE,RR-SMOOTH/6,4,r8c-1944-e92c2eb364033dd7,DT-RAMDE_TS2_FULL,r8c-4024-e45a1c3bcf279d32,NO_REJECTION_CREDIT,INCLUDED,0.3157894736842105,6,19,-0.01
E2_ROLLING_INCREMENTAL_AFTER_FULL_REUSE,RR-SMOOTH/6,4,r8c-1944-e92c2eb364033dd7,DT-RAMDE_TS2_FULL,r8c-4025-e19eebe9bafcc69b,NO_MEMORY_RESET_GATE,INCLUDED,0.21052631578947367,4,19,-0.01
E2_ROLLING_INCREMENTAL_AFTER_FULL_REUSE,RR-SMOOTH/6,4,r8c-1944-e92c2eb364033dd7,DT-RAMDE_TS2_FULL,r8c-4026-332f8a06939af64f,NO_LINEAGE_CREDIT,INCLUDED,0.10526315789473684,2,19,-0.01
E2_ROLLING_INCREMENTAL_AFTER_FULL_REUSE,RR-SMOOTH/6,4,r8c-1944-e92c2eb364033dd7,DT-RAMDE_TS2_FULL,r8c-4027-f96aa9fd5bbba448,CROSS_EVENT_WARM_START_ONLY,INCLUDED,0.3157894736842105,6,19,-0.01
E2_ROLLING_INCREMENTAL_AFTER_FULL_REUSE,RR-SMOOTH/6,4,r8c-1944-e92c2eb364033dd7,DT-RAMDE_TS2_FULL,r8c-4028-92c66aaf547386f4,CROSS_EVENT_MEMORY_ONLY,INCLUDED,0.8421052631578947,16,19,-0.01
E2_ROLLING_INCREMENTAL_AFTER_FULL_REUSE,RR-SMOOTH/6,4,r8c-1944-e92c2eb364033dd7,DT-RAMDE_TS2_FULL,r8c-4029-a61ef41472d9cb1c,SHADE_ONLY,INCLUDED,0.0,0,19,-0.01
E2_ROLLING_INCREMENTAL_AFTER_FULL_REUSE,RR-SMOOTH/7,0,r8c-1950-2748a6f918fa233c,DT-RAMDE_TS2_FULL,r8c-4030-a4c4fdf841636dac,NO_CROSS_EVENT_MEMORY,INCLUDED,0.3157894736842105,6,19,-0.01
E2_ROLLING_INCREMENTAL_AFTER_FULL_REUSE,RR-SMOOTH/7,0,r8c-1950-2748a6f918fa233c,DT-RAMDE_TS2_FULL,r8c-4031-c960c2e149eecf7c,NO_EXECUTION_FEEDBACK,INCLUDED,0.6842105263157895,13,19,-0.01
E2_ROLLING_INCREMENTAL_AFTER_FULL_REUSE,RR-SMOOTH/7,0,r8c-1950-2748a6f918fa233c,DT-RAMDE_TS2_FULL,r8c-4032-3bad58f23281d8d3,NO_REJECTION_CREDIT,INCLUDED,0.3157894736842105,6,19,-0.01
E2_ROLLING_INCREMENTAL_AFTER_FULL_REUSE,RR-SMOOTH/7,0,r8c-1950-2748a6f918fa233c,DT-RAMDE_TS2_FULL,r8c-4033-bc1f96da61ea97fd,NO_MEMORY_RESET_GATE,INCLUDED,0.6842105263157895,13,19,-0.01
E2_ROLLING_INCREMENTAL_AFTER_FULL_REUSE,RR-SMOOTH/7,0,r8c-1950-2748a6f918fa233c,DT-RAMDE_TS2_FULL,r8c-4034-f7d644e6c3602a77,NO_LINEAGE_CREDIT,INCLUDED,0.3684210526315789,7,19,-0.01
E2_ROLLING_INCREMENTAL_AFTER_FULL_REUSE,RR-SMOOTH/7,0,r8c-1950-2748a6f918fa233c,DT-RAMDE_TS2_FULL,r8c-4035-cececbab726fd2b1,CROSS_EVENT_WARM_START_ONLY,INCLUDED,0.7368421052631579,14,19,-0.01
E2_ROLLING_INCREMENTAL_AFTER_FULL_REUSE,RR-SMOOTH/7,0,r8c-1950-2748a6f918fa233c,DT-RAMDE_TS2_FULL,r8c-4036-164611fd8df7ade4,CROSS_EVENT_MEMORY_ONLY,INCLUDED,0.21052631578947367,4,19,-0.01
E2_ROLLING_INCREMENTAL_AFTER_FULL_REUSE,RR-SMOOTH/7,0,r8c-1950-2748a6f918fa233c,DT-RAMDE_TS2_FULL,r8c-4037-41c3cf3facea73f5,SHADE_ONLY,INCLUDED,0.15789473684210525,3,19,-0.01
E2_ROLLING_INCREMENTAL_AFTER_FULL_REUSE,RR-SMOOTH/7,1,r8c-1956-02dfb95da2ed088d,DT-RAMDE_TS2_FULL,r8c-4038-7f97574963f0caf8,NO_CROSS_EVENT_MEMORY,INCLUDED,0.21052631578947367,4,19,-0.01
E2_ROLLING_INCREMENTAL_AFTER_FULL_REUSE,RR-SMOOTH/7,1,r8c-1956-02dfb95da2ed088d,DT-RAMDE_TS2_FULL,r8c-4039-a523b70d78ca17a2,NO_EXECUTION_FEEDBACK,INCLUDED,0.5263157894736842,10,19,-0.01
E2_ROLLING_INCREMENTAL_AFTER_FULL_REUSE,RR-SMOOTH/7,1,r8c-1956-02dfb95da2ed088d,DT-RAMDE_TS2_FULL,r8c-4040-ff47f0b4549dbbdb,NO_REJECTION_CREDIT,INCLUDED,0.2631578947368421,5,19,-0.01
E2_ROLLING_INCREMENTAL_AFTER_FULL_REUSE,RR-SMOOTH/7,1,r8c-1956-02dfb95da2ed088d,DT-RAMDE_TS2_FULL,r8c-4041-6011813392716061,NO_MEMORY_RESET_GATE,INCLUDED,0.5263157894736842,10,19,-0.01
E2_ROLLING_INCREMENTAL_AFTER_FULL_REUSE,RR-SMOOTH/7,1,r8c-1956-02dfb95da2ed088d,DT-RAMDE_TS2_FULL,r8c-4042-0071cc4c8fa88bcb,NO_LINEAGE_CREDIT,INCLUDED,0.2631578947368421,5,19,-0.01
E2_ROLLING_INCREMENTAL_AFTER_FULL_REUSE,RR-SMOOTH/7,1,r8c-1956-02dfb95da2ed088d,DT-RAMDE_TS2_FULL,r8c-4043-ea1a76bf3cbfacce,CROSS_EVENT_WARM_START_ONLY,INCLUDED,0.47368421052631576,9,19,-0.01
E2_ROLLING_INCREMENTAL_AFTER_FULL_REUSE,RR-SMOOTH/7,1,r8c-1956-02dfb95da2ed088d,DT-RAMDE_TS2_FULL,r8c-4044-28e23959d398ffa8,CROSS_EVENT_MEMORY_ONLY,INCLUDED,0.15789473684210525,3,19,-0.01
E2_ROLLING_INCREMENTAL_AFTER_FULL_REUSE,RR-SMOOTH/7,1,r8c-1956-02dfb95da2ed088d,DT-RAMDE_TS2_FULL,r8c-4045-ffad5ac16e9b2e37,SHADE_ONLY,INCLUDED,0.2631578947368421,5,19,-0.01
E2_ROLLING_INCREMENTAL_AFTER_FULL_REUSE,RR-SMOOTH/7,2,r8c-1962-6131f44f06efbc5b,DT-RAMDE_TS2_FULL,r8c-4046-d33918d9ffb2a0da,NO_CROSS_EVENT_MEMORY,INCLUDED,0.2631578947368421,5,19,-0.01
E2_ROLLING_INCREMENTAL_AFTER_FULL_REUSE,RR-SMOOTH/7,2,r8c-1962-6131f44f06efbc5b,DT-RAMDE_TS2_FULL,r8c-4047-4865d2ef5141baac,NO_EXECUTION_FEEDBACK,INCLUDED,0.47368421052631576,9,19,-0.01
E2_ROLLING_INCREMENTAL_AFTER_FULL_REUSE,RR-SMOOTH/7,2,r8c-1962-6131f44f06efbc5b,DT-RAMDE_TS2_FULL,r8c-4048-359b002335c60bff,NO_REJECTION_CREDIT,INCLUDED,0.21052631578947367,4,19,-0.01
E2_ROLLING_INCREMENTAL_AFTER_FULL_REUSE,RR-SMOOTH/7,2,r8c-1962-6131f44f06efbc5b,DT-RAMDE_TS2_FULL,r8c-4049-a8f42882289a8c5a,NO_MEMORY_RESET_GATE,INCLUDED,0.5263157894736842,10,19,-0.01
E2_ROLLING_INCREMENTAL_AFTER_FULL_REUSE,RR-SMOOTH/7,2,r8c-1962-6131f44f06efbc5b,DT-RAMDE_TS2_FULL,r8c-4050-444808509ac36606,NO_LINEAGE_CREDIT,INCLUDED,0.15789473684210525,3,19,-0.01
E2_ROLLING_INCREMENTAL_AFTER_FULL_REUSE,RR-SMOOTH/7,2,r8c-1962-6131f44f06efbc5b,DT-RAMDE_TS2_FULL,r8c-4051-0ec50d3dd31f8ad0,CROSS_EVENT_WARM_START_ONLY,INCLUDED,0.42105263157894735,8,19,-0.01
E2_ROLLING_INCREMENTAL_AFTER_FULL_REUSE,RR-SMOOTH/7,2,r8c-1962-6131f44f06efbc5b,DT-RAMDE_TS2_FULL,r8c-4052-a0f25be9c057ac90,CROSS_EVENT_MEMORY_ONLY,INCLUDED,0.05263157894736842,1,19,-0.01
E2_ROLLING_INCREMENTAL_AFTER_FULL_REUSE,RR-SMOOTH/7,2,r8c-1962-6131f44f06efbc5b,DT-RAMDE_TS2_FULL,r8c-4053-0bf3fbeccb4ed424,SHADE_ONLY,INCLUDED,0.10526315789473684,2,19,-0.01
E2_ROLLING_INCREMENTAL_AFTER_FULL_REUSE,RR-SMOOTH/7,3,r8c-1968-72e475ee8712475f,DT-RAMDE_TS2_FULL,r8c-4054-d576a20f7a7e69ed,NO_CROSS_EVENT_MEMORY,INCLUDED,0.15789473684210525,3,19,-0.01
E2_ROLLING_INCREMENTAL_AFTER_FULL_REUSE,RR-SMOOTH/7,3,r8c-1968-72e475ee8712475f,DT-RAMDE_TS2_FULL,r8c-4055-144743c21d1f365c,NO_EXECUTION_FEEDBACK,INCLUDED,0.47368421052631576,9,19,-0.01
E2_ROLLING_INCREMENTAL_AFTER_FULL_REUSE,RR-SMOOTH/7,3,r8c-1968-72e475ee8712475f,DT-RAMDE_TS2_FULL,r8c-4056-3d667250f64f4602,NO_REJECTION_CREDIT,INCLUDED,0.3157894736842105,6,19,-0.01
E2_ROLLING_INCREMENTAL_AFTER_FULL_REUSE,RR-SMOOTH/7,3,r8c-1968-72e475ee8712475f,DT-RAMDE_TS2_FULL,r8c-4057-c2e8ff6aaec20bff,NO_MEMORY_RESET_GATE,INCLUDED,0.5263157894736842,10,19,-0.01
E2_ROLLING_INCREMENTAL_AFTER_FULL_REUSE,RR-SMOOTH/7,3,r8c-1968-72e475ee8712475f,DT-RAMDE_TS2_FULL,r8c-4058-a61318e9094ea11d,NO_LINEAGE_CREDIT,INCLUDED,0.2631578947368421,5,19,-0.01
E2_ROLLING_INCREMENTAL_AFTER_FULL_REUSE,RR-SMOOTH/7,3,r8c-1968-72e475ee8712475f,DT-RAMDE_TS2_FULL,r8c-4059-e55e3c501256760e,CROSS_EVENT_WARM_START_ONLY,INCLUDED,0.5263157894736842,10,19,-0.01
E2_ROLLING_INCREMENTAL_AFTER_FULL_REUSE,RR-SMOOTH/7,3,r8c-1968-72e475ee8712475f,DT-RAMDE_TS2_FULL,r8c-4060-465211057026bb99,CROSS_EVENT_MEMORY_ONLY,INCLUDED,0.15789473684210525,3,19,-0.01
E2_ROLLING_INCREMENTAL_AFTER_FULL_REUSE,RR-SMOOTH/7,3,r8c-1968-72e475ee8712475f,DT-RAMDE_TS2_FULL,r8c-4061-43d1d1a7c6ae9301,SHADE_ONLY,INCLUDED,0.10526315789473684,2,19,-0.01
E2_ROLLING_INCREMENTAL_AFTER_FULL_REUSE,RR-SMOOTH/7,4,r8c-1974-de5e9f13d2b72545,DT-RAMDE_TS2_FULL,r8c-4062-0b6220ddc7128328,NO_CROSS_EVENT_MEMORY,INCLUDED,0.15789473684210525,3,19,-0.01
E2_ROLLING_INCREMENTAL_AFTER_FULL_REUSE,RR-SMOOTH/7,4,r8c-1974-de5e9f13d2b72545,DT-RAMDE_TS2_FULL,r8c-4063-d3d2f97eb5e8593f,NO_EXECUTION_FEEDBACK,INCLUDED,0.42105263157894735,8,19,-0.01
E2_ROLLING_INCREMENTAL_AFTER_FULL_REUSE,RR-SMOOTH/7,4,r8c-1974-de5e9f13d2b72545,DT-RAMDE_TS2_FULL,r8c-4064-c6f6a204dea117d1,NO_REJECTION_CREDIT,INCLUDED,0.3157894736842105,6,19,-0.01
E2_ROLLING_INCREMENTAL_AFTER_FULL_REUSE,RR-SMOOTH/7,4,r8c-1974-de5e9f13d2b72545,DT-RAMDE_TS2_FULL,r8c-4065-df87f4a47126b033,NO_MEMORY_RESET_GATE,INCLUDED,0.42105263157894735,8,19,-0.01
E2_ROLLING_INCREMENTAL_AFTER_FULL_REUSE,RR-SMOOTH/7,4,r8c-1974-de5e9f13d2b72545,DT-RAMDE_TS2_FULL,r8c-4066-11395514f828cdaf,NO_LINEAGE_CREDIT,INCLUDED,0.2631578947368421,5,19,-0.01
E2_ROLLING_INCREMENTAL_AFTER_FULL_REUSE,RR-SMOOTH/7,4,r8c-1974-de5e9f13d2b72545,DT-RAMDE_TS2_FULL,r8c-4067-63097dcbb2990ae0,CROSS_EVENT_WARM_START_ONLY,INCLUDED,0.47368421052631576,9,19,-0.01
E2_ROLLING_INCREMENTAL_AFTER_FULL_REUSE,RR-SMOOTH/7,4,r8c-1974-de5e9f13d2b72545,DT-RAMDE_TS2_FULL,r8c-4068-4f2bbc2e4b5e8fb0,CROSS_EVENT_MEMORY_ONLY,INCLUDED,0.21052631578947367,4,19,-0.01
E2_ROLLING_INCREMENTAL_AFTER_FULL_REUSE,RR-SMOOTH/7,4,r8c-1974-de5e9f13d2b72545,DT-RAMDE_TS2_FULL,r8c-4069-51e8073c6ae0f43c,SHADE_ONLY,INCLUDED,0.15789473684210525,3,19,-0.01
E2_ROLLING_INCREMENTAL_AFTER_FULL_REUSE,RR-SHOCK/0,0,r8c-1980-4bb1402d5d38cc73,DT-RAMDE_TS2_FULL,r8c-4070-15818b4e3ad92225,NO_CROSS_EVENT_MEMORY,INCLUDED,0.21052631578947367,4,19,-0.01
E2_ROLLING_INCREMENTAL_AFTER_FULL_REUSE,RR-SHOCK/0,0,r8c-1980-4bb1402d5d38cc73,DT-RAMDE_TS2_FULL,r8c-4071-0403dbc9efb00253,NO_EXECUTION_FEEDBACK,INCLUDED,0.5789473684210527,11,19,-0.01
E2_ROLLING_INCREMENTAL_AFTER_FULL_REUSE,RR-SHOCK/0,0,r8c-1980-4bb1402d5d38cc73,DT-RAMDE_TS2_FULL,r8c-4072-32d9f648c9bd1e17,NO_REJECTION_CREDIT,INCLUDED,0.47368421052631576,9,19,-0.01
E2_ROLLING_INCREMENTAL_AFTER_FULL_REUSE,RR-SHOCK/0,0,r8c-1980-4bb1402d5d38cc73,DT-RAMDE_TS2_FULL,r8c-4073-50252908a7a3d8ba,NO_MEMORY_RESET_GATE,INCLUDED,0.5789473684210527,11,19,-0.01
E2_ROLLING_INCREMENTAL_AFTER_FULL_REUSE,RR-SHOCK/0,0,r8c-1980-4bb1402d5d38cc73,DT-RAMDE_TS2_FULL,r8c-4074-d2d79e4bc35077e6,NO_LINEAGE_CREDIT,INCLUDED,0.2631578947368421,5,19,-0.01
E2_ROLLING_INCREMENTAL_AFTER_FULL_REUSE,RR-SHOCK/0,0,r8c-1980-4bb1402d5d38cc73,DT-RAMDE_TS2_FULL,r8c-4075-7b539c39157e6825,CROSS_EVENT_WARM_START_ONLY,INCLUDED,0.5789473684210527,11,19,-0.01
E2_ROLLING_INCREMENTAL_AFTER_FULL_REUSE,RR-SHOCK/0,0,r8c-1980-4bb1402d5d38cc73,DT-RAMDE_TS2_FULL,r8c-4076-1e0a534a7252caa1,CROSS_EVENT_MEMORY_ONLY,INCLUDED,0.2631578947368421,5,19,-0.01
E2_ROLLING_INCREMENTAL_AFTER_FULL_REUSE,RR-SHOCK/0,0,r8c-1980-4bb1402d5d38cc73,DT-RAMDE_TS2_FULL,r8c-4077-af23360940b4bf49,SHADE_ONLY,INCLUDED,0.3157894736842105,6,19,-0.01
E2_ROLLING_INCREMENTAL_AFTER_FULL_REUSE,RR-SHOCK/0,1,r8c-1986-08e4339cdd3b7546,DT-RAMDE_TS2_FULL,r8c-4078-9b54e97861f96765,NO_CROSS_EVENT_MEMORY,INCLUDED,0.10526315789473684,2,19,-0.01
E2_ROLLING_INCREMENTAL_AFTER_FULL_REUSE,RR-SHOCK/0,1,r8c-1986-08e4339cdd3b7546,DT-RAMDE_TS2_FULL,r8c-4079-246dc01658d29599,NO_EXECUTION_FEEDBACK,INCLUDED,0.47368421052631576,9,19,-0.01
E2_ROLLING_INCREMENTAL_AFTER_FULL_REUSE,RR-SHOCK/0,1,r8c-1986-08e4339cdd3b7546,DT-RAMDE_TS2_FULL,r8c-4080-d941399f4760f376,NO_REJECTION_CREDIT,INCLUDED,0.15789473684210525,3,19,-0.01
E2_ROLLING_INCREMENTAL_AFTER_FULL_REUSE,RR-SHOCK/0,1,r8c-1986-08e4339cdd3b7546,DT-RAMDE_TS2_FULL,r8c-4081-3700c9524a77a02a,NO_MEMORY_RESET_GATE,INCLUDED,0.42105263157894735,8,19,-0.01
E2_ROLLING_INCREMENTAL_AFTER_FULL_REUSE,RR-SHOCK/0,1,r8c-1986-08e4339cdd3b7546,DT-RAMDE_TS2_FULL,r8c-4082-48edc61195a4d0d9,NO_LINEAGE_CREDIT,INCLUDED,0.3684210526315789,7,19,-0.01
E2_ROLLING_INCREMENTAL_AFTER_FULL_REUSE,RR-SHOCK/0,1,r8c-1986-08e4339cdd3b7546,DT-RAMDE_TS2_FULL,r8c-4083-da7e2c3d41772f64,CROSS_EVENT_WARM_START_ONLY,INCLUDED,0.47368421052631576,9,19,-0.01
E2_ROLLING_INCREMENTAL_AFTER_FULL_REUSE,RR-SHOCK/0,1,r8c-1986-08e4339cdd3b7546,DT-RAMDE_TS2_FULL,r8c-4084-2c28fb4d19ac5238,CROSS_EVENT_MEMORY_ONLY,INCLUDED,0.10526315789473684,2,19,-0.01
E2_ROLLING_INCREMENTAL_AFTER_FULL_REUSE,RR-SHOCK/0,1,r8c-1986-08e4339cdd3b7546,DT-RAMDE_TS2_FULL,r8c-4085-e39479371890b251,SHADE_ONLY,INCLUDED,0.10526315789473684,2,19,-0.01
E2_ROLLING_INCREMENTAL_AFTER_FULL_REUSE,RR-SHOCK/0,2,r8c-1992-41074067932d3149,DT-RAMDE_TS2_FULL,r8c-4086-69269691f9d6747a,NO_CROSS_EVENT_MEMORY,INCLUDED,0.21052631578947367,4,19,-0.01
E2_ROLLING_INCREMENTAL_AFTER_FULL_REUSE,RR-SHOCK/0,2,r8c-1992-41074067932d3149,DT-RAMDE_TS2_FULL,r8c-4087-a223295aa925871f,NO_EXECUTION_FEEDBACK,INCLUDED,0.47368421052631576,9,19,-0.01
E2_ROLLING_INCREMENTAL_AFTER_FULL_REUSE,RR-SHOCK/0,2,r8c-1992-41074067932d3149,DT-RAMDE_TS2_FULL,r8c-4088-451bc957cd6284c4,NO_REJECTION_CREDIT,INCLUDED,0.42105263157894735,8,19,-0.01
E2_ROLLING_INCREMENTAL_AFTER_FULL_REUSE,RR-SHOCK/0,2,r8c-1992-41074067932d3149,DT-RAMDE_TS2_FULL,r8c-4089-826e8cd96cda892f,NO_MEMORY_RESET_GATE,INCLUDED,0.47368421052631576,9,19,-0.01
E2_ROLLING_INCREMENTAL_AFTER_FULL_REUSE,RR-SHOCK/0,2,r8c-1992-41074067932d3149,DT-RAMDE_TS2_FULL,r8c-4090-a21cc5015acbdf42,NO_LINEAGE_CREDIT,INCLUDED,0.3157894736842105,6,19,-0.01
E2_ROLLING_INCREMENTAL_AFTER_FULL_REUSE,RR-SHOCK/0,2,r8c-1992-41074067932d3149,DT-RAMDE_TS2_FULL,r8c-4091-94d0d6602d9dcfbf,CROSS_EVENT_WARM_START_ONLY,INCLUDED,0.47368421052631576,9,19,-0.01
E2_ROLLING_INCREMENTAL_AFTER_FULL_REUSE,RR-SHOCK/0,2,r8c-1992-41074067932d3149,DT-RAMDE_TS2_FULL,r8c-4092-8a394e1a6ec181f1,CROSS_EVENT_MEMORY_ONLY,INCLUDED,0.2631578947368421,5,19,-0.01
E2_ROLLING_INCREMENTAL_AFTER_FULL_REUSE,RR-SHOCK/0,2,r8c-1992-41074067932d3149,DT-RAMDE_TS2_FULL,r8c-4093-ee6fcc0f9a626d80,SHADE_ONLY,INCLUDED,0.2631578947368421,5,19,-0.01
E2_ROLLING_INCREMENTAL_AFTER_FULL_REUSE,RR-SHOCK/0,3,r8c-1998-9e2b7dfbadaae990,DT-RAMDE_TS2_FULL,r8c-4094-b720da5fc26c02a4,NO_CROSS_EVENT_MEMORY,INCLUDED,0.10526315789473684,2,19,-0.01
E2_ROLLING_INCREMENTAL_AFTER_FULL_REUSE,RR-SHOCK/0,3,r8c-1998-9e2b7dfbadaae990,DT-RAMDE_TS2_FULL,r8c-4095-50d9b9ca69a185a3,NO_EXECUTION_FEEDBACK,INCLUDED,0.3157894736842105,6,19,-0.01
E2_ROLLING_INCREMENTAL_AFTER_FULL_REUSE,RR-SHOCK/0,3,r8c-1998-9e2b7dfbadaae990,DT-RAMDE_TS2_FULL,r8c-4096-c8e97046af136790,NO_REJECTION_CREDIT,INCLUDED,0.2631578947368421,5,19,-0.01
E2_ROLLING_INCREMENTAL_AFTER_FULL_REUSE,RR-SHOCK/0,3,r8c-1998-9e2b7dfbadaae990,DT-RAMDE_TS2_FULL,r8c-4097-0ba74c0345d58b8c,NO_MEMORY_RESET_GATE,INCLUDED,0.3157894736842105,6,19,-0.01
E2_ROLLING_INCREMENTAL_AFTER_FULL_REUSE,RR-SHOCK/0,3,r8c-1998-9e2b7dfbadaae990,DT-RAMDE_TS2_FULL,r8c-4098-be1f1e23038f17fe,NO_LINEAGE_CREDIT,INCLUDED,0.15789473684210525,3,19,-0.01
E2_ROLLING_INCREMENTAL_AFTER_FULL_REUSE,RR-SHOCK/0,3,r8c-1998-9e2b7dfbadaae990,DT-RAMDE_TS2_FULL,r8c-4099-a8ab489d5e50a749,CROSS_EVENT_WARM_START_ONLY,INCLUDED,0.3157894736842105,6,19,-0.01
E2_ROLLING_INCREMENTAL_AFTER_FULL_REUSE,RR-SHOCK/0,3,r8c-1998-9e2b7dfbadaae990,DT-RAMDE_TS2_FULL,r8c-4100-ed0c3f806243a626,CROSS_EVENT_MEMORY_ONLY,INCLUDED,0.10526315789473684,2,19,-0.01
E2_ROLLING_INCREMENTAL_AFTER_FULL_REUSE,RR-SHOCK/0,3,r8c-1998-9e2b7dfbadaae990,DT-RAMDE_TS2_FULL,r8c-4101-cbd5e6e018eecc09,SHADE_ONLY,INCLUDED,0.05263157894736842,1,19,-0.01
E2_ROLLING_INCREMENTAL_AFTER_FULL_REUSE,RR-SHOCK/0,4,r8c-2004-335a76bf4c5032d9,DT-RAMDE_TS2_FULL,r8c-4102-abe31b9966c88992,NO_CROSS_EVENT_MEMORY,INCLUDED,0.2631578947368421,5,19,-0.01
E2_ROLLING_INCREMENTAL_AFTER_FULL_REUSE,RR-SHOCK/0,4,r8c-2004-335a76bf4c5032d9,DT-RAMDE_TS2_FULL,r8c-4103-976a1acabef64f42,NO_EXECUTION_FEEDBACK,INCLUDED,0.3157894736842105,6,19,-0.01
E2_ROLLING_INCREMENTAL_AFTER_FULL_REUSE,RR-SHOCK/0,4,r8c-2004-335a76bf4c5032d9,DT-RAMDE_TS2_FULL,r8c-4104-9b5391188bbfd9bc,NO_REJECTION_CREDIT,INCLUDED,0.3157894736842105,6,19,-0.01
E2_ROLLING_INCREMENTAL_AFTER_FULL_REUSE,RR-SHOCK/0,4,r8c-2004-335a76bf4c5032d9,DT-RAMDE_TS2_FULL,r8c-4105-763414890dec49f3,NO_MEMORY_RESET_GATE,INCLUDED,0.3157894736842105,6,19,-0.01
E2_ROLLING_INCREMENTAL_AFTER_FULL_REUSE,RR-SHOCK/0,4,r8c-2004-335a76bf4c5032d9,DT-RAMDE_TS2_FULL,r8c-4106-fdd55b6e7b1bfe63,NO_LINEAGE_CREDIT,INCLUDED,0.2631578947368421,5,19,-0.01
E2_ROLLING_INCREMENTAL_AFTER_FULL_REUSE,RR-SHOCK/0,4,r8c-2004-335a76bf4c5032d9,DT-RAMDE_TS2_FULL,r8c-4107-e9d63be24fddadd2,CROSS_EVENT_WARM_START_ONLY,INCLUDED,0.3684210526315789,7,19,-0.01
E2_ROLLING_INCREMENTAL_AFTER_FULL_REUSE,RR-SHOCK/0,4,r8c-2004-335a76bf4c5032d9,DT-RAMDE_TS2_FULL,r8c-4108-d542d359fd426012,CROSS_EVENT_MEMORY_ONLY,INCLUDED,0.15789473684210525,3,19,-0.01
E2_ROLLING_INCREMENTAL_AFTER_FULL_REUSE,RR-SHOCK/0,4,r8c-2004-335a76bf4c5032d9,DT-RAMDE_TS2_FULL,r8c-4109-0497028fc8d3cd7e,SHADE_ONLY,INCLUDED,0.21052631578947367,4,19,-0.01
E2_ROLLING_INCREMENTAL_AFTER_FULL_REUSE,RR-SHOCK/1,0,r8c-2010-06044a608478db88,DT-RAMDE_TS2_FULL,r8c-4110-47855080e992706d,NO_CROSS_EVENT_MEMORY,INCLUDED,0.15789473684210525,3,19,-0.01
E2_ROLLING_INCREMENTAL_AFTER_FULL_REUSE,RR-SHOCK/1,0,r8c-2010-06044a608478db88,DT-RAMDE_TS2_FULL,r8c-4111-a3ab69b9db1cec0c,NO_EXECUTION_FEEDBACK,INCLUDED,0.3157894736842105,6,19,-0.01
E2_ROLLING_INCREMENTAL_AFTER_FULL_REUSE,RR-SHOCK/1,0,r8c-2010-06044a608478db88,DT-RAMDE_TS2_FULL,r8c-4112-529cf2082c9f35be,NO_REJECTION_CREDIT,INCLUDED,0.21052631578947367,4,19,-0.01
E2_ROLLING_INCREMENTAL_AFTER_FULL_REUSE,RR-SHOCK/1,0,r8c-2010-06044a608478db88,DT-RAMDE_TS2_FULL,r8c-4113-36c1977bb1a7eee9,NO_MEMORY_RESET_GATE,INCLUDED,0.3157894736842105,6,19,-0.01
E2_ROLLING_INCREMENTAL_AFTER_FULL_REUSE,RR-SHOCK/1,0,r8c-2010-06044a608478db88,DT-RAMDE_TS2_FULL,r8c-4114-69c9b3862958f9ac,NO_LINEAGE_CREDIT,INCLUDED,0.2631578947368421,5,19,-0.01
E2_ROLLING_INCREMENTAL_AFTER_FULL_REUSE,RR-SHOCK/1,0,r8c-2010-06044a608478db88,DT-RAMDE_TS2_FULL,r8c-4115-4be059711e5efb2c,CROSS_EVENT_WARM_START_ONLY,INCLUDED,0.3157894736842105,6,19,-0.01
E2_ROLLING_INCREMENTAL_AFTER_FULL_REUSE,RR-SHOCK/1,0,r8c-2010-06044a608478db88,DT-RAMDE_TS2_FULL,r8c-4116-dce40d00a772419f,CROSS_EVENT_MEMORY_ONLY,INCLUDED,0.21052631578947367,4,19,-0.01
E2_ROLLING_INCREMENTAL_AFTER_FULL_REUSE,RR-SHOCK/1,0,r8c-2010-06044a608478db88,DT-RAMDE_TS2_FULL,r8c-4117-f0064718c1d9d066,SHADE_ONLY,INCLUDED,0.05263157894736842,1,19,-0.01
E2_ROLLING_INCREMENTAL_AFTER_FULL_REUSE,RR-SHOCK/1,1,r8c-2016-dfcfa2bf97caef77,DT-RAMDE_TS2_FULL,r8c-4118-e56042ea14802cf7,NO_CROSS_EVENT_MEMORY,INCLUDED,0.10526315789473684,2,19,-0.01
E2_ROLLING_INCREMENTAL_AFTER_FULL_REUSE,RR-SHOCK/1,1,r8c-2016-dfcfa2bf97caef77,DT-RAMDE_TS2_FULL,r8c-4119-79a2dca855d2a7db,NO_EXECUTION_FEEDBACK,INCLUDED,0.3157894736842105,6,19,-0.01
E2_ROLLING_INCREMENTAL_AFTER_FULL_REUSE,RR-SHOCK/1,1,r8c-2016-dfcfa2bf97caef77,DT-RAMDE_TS2_FULL,r8c-4120-63f9734ff6ef02bd,NO_REJECTION_CREDIT,INCLUDED,0.15789473684210525,3,19,-0.01
E2_ROLLING_INCREMENTAL_AFTER_FULL_REUSE,RR-SHOCK/1,1,r8c-2016-dfcfa2bf97caef77,DT-RAMDE_TS2_FULL,r8c-4121-a098df23713d4fb9,NO_MEMORY_RESET_GATE,INCLUDED,0.2631578947368421,5,19,-0.01
E2_ROLLING_INCREMENTAL_AFTER_FULL_REUSE,RR-SHOCK/1,1,r8c-2016-dfcfa2bf97caef77,DT-RAMDE_TS2_FULL,r8c-4122-e6f59a111c37c471,NO_LINEAGE_CREDIT,INCLUDED,0.10526315789473684,2,19,-0.01
E2_ROLLING_INCREMENTAL_AFTER_FULL_REUSE,RR-SHOCK/1,1,r8c-2016-dfcfa2bf97caef77,DT-RAMDE_TS2_FULL,r8c-4123-e3464810cbbbb1a5,CROSS_EVENT_WARM_START_ONLY,INCLUDED,0.2631578947368421,5,19,-0.01
E2_ROLLING_INCREMENTAL_AFTER_FULL_REUSE,RR-SHOCK/1,1,r8c-2016-dfcfa2bf97caef77,DT-RAMDE_TS2_FULL,r8c-4124-13e2a5c0a3c29edd,CROSS_EVENT_MEMORY_ONLY,INCLUDED,0.10526315789473684,2,19,-0.01
E2_ROLLING_INCREMENTAL_AFTER_FULL_REUSE,RR-SHOCK/1,1,r8c-2016-dfcfa2bf97caef77,DT-RAMDE_TS2_FULL,r8c-4125-b9c5277630be3ac0,SHADE_ONLY,INCLUDED,0.10526315789473684,2,19,-0.01
E2_ROLLING_INCREMENTAL_AFTER_FULL_REUSE,RR-SHOCK/1,2,r8c-2022-a888ffb5b597a340,DT-RAMDE_TS2_FULL,r8c-4126-d865143d1304cd1c,NO_CROSS_EVENT_MEMORY,INCLUDED,0.21052631578947367,4,19,-0.01
E2_ROLLING_INCREMENTAL_AFTER_FULL_REUSE,RR-SHOCK/1,2,r8c-2022-a888ffb5b597a340,DT-RAMDE_TS2_FULL,r8c-4127-269e629300a7bd04,NO_EXECUTION_FEEDBACK,INCLUDED,0.5789473684210527,11,19,-0.01
E2_ROLLING_INCREMENTAL_AFTER_FULL_REUSE,RR-SHOCK/1,2,r8c-2022-a888ffb5b597a340,DT-RAMDE_TS2_FULL,r8c-4128-9a7bbd226caffc62,NO_REJECTION_CREDIT,INCLUDED,0.3157894736842105,6,19,-0.01
E2_ROLLING_INCREMENTAL_AFTER_FULL_REUSE,RR-SHOCK/1,2,r8c-2022-a888ffb5b597a340,DT-RAMDE_TS2_FULL,r8c-4129-45ac0b9c8fdab080,NO_MEMORY_RESET_GATE,INCLUDED,0.5263157894736842,10,19,-0.01
E2_ROLLING_INCREMENTAL_AFTER_FULL_REUSE,RR-SHOCK/1,2,r8c-2022-a888ffb5b597a340,DT-RAMDE_TS2_FULL,r8c-4130-8b5b9afc205cfad4,NO_LINEAGE_CREDIT,INCLUDED,0.15789473684210525,3,19,-0.01
E2_ROLLING_INCREMENTAL_AFTER_FULL_REUSE,RR-SHOCK/1,2,r8c-2022-a888ffb5b597a340,DT-RAMDE_TS2_FULL,r8c-4131-e7b811ca41ef9b17,CROSS_EVENT_WARM_START_ONLY,INCLUDED,0.631578947368421,12,19,-0.01
E2_ROLLING_INCREMENTAL_AFTER_FULL_REUSE,RR-SHOCK/1,2,r8c-2022-a888ffb5b597a340,DT-RAMDE_TS2_FULL,r8c-4132-1c111bcf3a9f87e1,CROSS_EVENT_MEMORY_ONLY,INCLUDED,0.15789473684210525,3,19,-0.01
E2_ROLLING_INCREMENTAL_AFTER_FULL_REUSE,RR-SHOCK/1,2,r8c-2022-a888ffb5b597a340,DT-RAMDE_TS2_FULL,r8c-4133-797a619dc0b74909,SHADE_ONLY,INCLUDED,0.2631578947368421,5,19,-0.01
E2_ROLLING_INCREMENTAL_AFTER_FULL_REUSE,RR-SHOCK/1,3,r8c-2028-57c25bf7c388c5a5,DT-RAMDE_TS2_FULL,r8c-4134-5b8166b1a192864d,NO_CROSS_EVENT_MEMORY,INCLUDED,0.21052631578947367,4,19,-0.01
E2_ROLLING_INCREMENTAL_AFTER_FULL_REUSE,RR-SHOCK/1,3,r8c-2028-57c25bf7c388c5a5,DT-RAMDE_TS2_FULL,r8c-4135-20e449775c3dbf90,NO_EXECUTION_FEEDBACK,INCLUDED,0.3684210526315789,7,19,-0.01
E2_ROLLING_INCREMENTAL_AFTER_FULL_REUSE,RR-SHOCK/1,3,r8c-2028-57c25bf7c388c5a5,DT-RAMDE_TS2_FULL,r8c-4136-ed2eae3b51848a9d,NO_REJECTION_CREDIT,INCLUDED,0.3157894736842105,6,19,-0.01
E2_ROLLING_INCREMENTAL_AFTER_FULL_REUSE,RR-SHOCK/1,3,r8c-2028-57c25bf7c388c5a5,DT-RAMDE_TS2_FULL,r8c-4137-f7fe0e61ad0be199,NO_MEMORY_RESET_GATE,INCLUDED,0.3157894736842105,6,19,-0.01
E2_ROLLING_INCREMENTAL_AFTER_FULL_REUSE,RR-SHOCK/1,3,r8c-2028-57c25bf7c388c5a5,DT-RAMDE_TS2_FULL,r8c-4138-498ff6c14be73ec3,NO_LINEAGE_CREDIT,INCLUDED,0.2631578947368421,5,19,-0.01
E2_ROLLING_INCREMENTAL_AFTER_FULL_REUSE,RR-SHOCK/1,3,r8c-2028-57c25bf7c388c5a5,DT-RAMDE_TS2_FULL,r8c-4139-3fd935b23977af96,CROSS_EVENT_WARM_START_ONLY,INCLUDED,0.3157894736842105,6,19,-0.01
E2_ROLLING_INCREMENTAL_AFTER_FULL_REUSE,RR-SHOCK/1,3,r8c-2028-57c25bf7c388c5a5,DT-RAMDE_TS2_FULL,r8c-4140-2bd8aa3f6ec678a7,CROSS_EVENT_MEMORY_ONLY,INCLUDED,0.2631578947368421,5,19,-0.01
E2_ROLLING_INCREMENTAL_AFTER_FULL_REUSE,RR-SHOCK/1,3,r8c-2028-57c25bf7c388c5a5,DT-RAMDE_TS2_FULL,r8c-4141-1f1042c0902251cb,SHADE_ONLY,INCLUDED,0.15789473684210525,3,19,-0.01
E2_ROLLING_INCREMENTAL_AFTER_FULL_REUSE,RR-SHOCK/1,4,r8c-2034-321b7576d76958ea,DT-RAMDE_TS2_FULL,r8c-4142-a4c33859685071f1,NO_CROSS_EVENT_MEMORY,INCLUDED,0.3157894736842105,6,19,-0.01
E2_ROLLING_INCREMENTAL_AFTER_FULL_REUSE,RR-SHOCK/1,4,r8c-2034-321b7576d76958ea,DT-RAMDE_TS2_FULL,r8c-4143-b134654e6e6fbe0b,NO_EXECUTION_FEEDBACK,INCLUDED,0.5263157894736842,10,19,-0.01
E2_ROLLING_INCREMENTAL_AFTER_FULL_REUSE,RR-SHOCK/1,4,r8c-2034-321b7576d76958ea,DT-RAMDE_TS2_FULL,r8c-4144-bdcf7dc529c8a504,NO_REJECTION_CREDIT,INCLUDED,0.2631578947368421,5,19,-0.01
E2_ROLLING_INCREMENTAL_AFTER_FULL_REUSE,RR-SHOCK/1,4,r8c-2034-321b7576d76958ea,DT-RAMDE_TS2_FULL,r8c-4145-7f14fff973664859,NO_MEMORY_RESET_GATE,INCLUDED,0.5263157894736842,10,19,-0.01
E2_ROLLING_INCREMENTAL_AFTER_FULL_REUSE,RR-SHOCK/1,4,r8c-2034-321b7576d76958ea,DT-RAMDE_TS2_FULL,r8c-4146-0548e24e25ce0ded,NO_LINEAGE_CREDIT,INCLUDED,0.21052631578947367,4,19,-0.01
E2_ROLLING_INCREMENTAL_AFTER_FULL_REUSE,RR-SHOCK/1,4,r8c-2034-321b7576d76958ea,DT-RAMDE_TS2_FULL,r8c-4147-00a134288173a00e,CROSS_EVENT_WARM_START_ONLY,INCLUDED,0.5263157894736842,10,19,-0.01
E2_ROLLING_INCREMENTAL_AFTER_FULL_REUSE,RR-SHOCK/1,4,r8c-2034-321b7576d76958ea,DT-RAMDE_TS2_FULL,r8c-4148-d9289a1a69be771b,CROSS_EVENT_MEMORY_ONLY,INCLUDED,0.3684210526315789,7,19,-0.01
E2_ROLLING_INCREMENTAL_AFTER_FULL_REUSE,RR-SHOCK/1,4,r8c-2034-321b7576d76958ea,DT-RAMDE_TS2_FULL,r8c-4149-cf681322e9b2cb84,SHADE_ONLY,INCLUDED,0.3684210526315789,7,19,-0.01
E2_ROLLING_INCREMENTAL_AFTER_FULL_REUSE,RR-SHOCK/2,0,r8c-2040-2e1500bb9e0d3f23,DT-RAMDE_TS2_FULL,r8c-4150-67eb095ece9078eb,NO_CROSS_EVENT_MEMORY,INCLUDED,0.10526315789473684,2,19,-0.01
E2_ROLLING_INCREMENTAL_AFTER_FULL_REUSE,RR-SHOCK/2,0,r8c-2040-2e1500bb9e0d3f23,DT-RAMDE_TS2_FULL,r8c-4151-12c98d1c6d3f0748,NO_EXECUTION_FEEDBACK,INCLUDED,0.631578947368421,12,19,-0.01
E2_ROLLING_INCREMENTAL_AFTER_FULL_REUSE,RR-SHOCK/2,0,r8c-2040-2e1500bb9e0d3f23,DT-RAMDE_TS2_FULL,r8c-4152-e8d36ba579884f54,NO_REJECTION_CREDIT,INCLUDED,0.3157894736842105,6,19,-0.01
E2_ROLLING_INCREMENTAL_AFTER_FULL_REUSE,RR-SHOCK/2,0,r8c-2040-2e1500bb9e0d3f23,DT-RAMDE_TS2_FULL,r8c-4153-6dd6e4cad2d3f313,NO_MEMORY_RESET_GATE,INCLUDED,0.5789473684210527,11,19,-0.01
E2_ROLLING_INCREMENTAL_AFTER_FULL_REUSE,RR-SHOCK/2,0,r8c-2040-2e1500bb9e0d3f23,DT-RAMDE_TS2_FULL,r8c-4154-bb7172323e8d6913,NO_LINEAGE_CREDIT,INCLUDED,0.3684210526315789,7,19,-0.01
E2_ROLLING_INCREMENTAL_AFTER_FULL_REUSE,RR-SHOCK/2,0,r8c-2040-2e1500bb9e0d3f23,DT-RAMDE_TS2_FULL,r8c-4155-a741293dedb8425e,CROSS_EVENT_WARM_START_ONLY,INCLUDED,0.6842105263157895,13,19,-0.01
E2_ROLLING_INCREMENTAL_AFTER_FULL_REUSE,RR-SHOCK/2,0,r8c-2040-2e1500bb9e0d3f23,DT-RAMDE_TS2_FULL,r8c-4156-98e28e0605375374,CROSS_EVENT_MEMORY_ONLY,INCLUDED,0.15789473684210525,3,19,-0.01
E2_ROLLING_INCREMENTAL_AFTER_FULL_REUSE,RR-SHOCK/2,0,r8c-2040-2e1500bb9e0d3f23,DT-RAMDE_TS2_FULL,r8c-4157-24f7c44994726f51,SHADE_ONLY,INCLUDED,0.10526315789473684,2,19,-0.01
E2_ROLLING_INCREMENTAL_AFTER_FULL_REUSE,RR-SHOCK/2,1,r8c-2046-29b6b140ff622fe0,DT-RAMDE_TS2_FULL,r8c-4158-6030b90bf5b2d6fc,NO_CROSS_EVENT_MEMORY,INCLUDED,0.21052631578947367,4,19,-0.01
E2_ROLLING_INCREMENTAL_AFTER_FULL_REUSE,RR-SHOCK/2,1,r8c-2046-29b6b140ff622fe0,DT-RAMDE_TS2_FULL,r8c-4159-87bc4f1ca305922b,NO_EXECUTION_FEEDBACK,INCLUDED,0.47368421052631576,9,19,-0.01
E2_ROLLING_INCREMENTAL_AFTER_FULL_REUSE,RR-SHOCK/2,1,r8c-2046-29b6b140ff622fe0,DT-RAMDE_TS2_FULL,r8c-4160-db785ba6c3c3c8f4,NO_REJECTION_CREDIT,INCLUDED,0.42105263157894735,8,19,-0.01
E2_ROLLING_INCREMENTAL_AFTER_FULL_REUSE,RR-SHOCK/2,1,r8c-2046-29b6b140ff622fe0,DT-RAMDE_TS2_FULL,r8c-4161-05bd8603999ccb34,NO_MEMORY_RESET_GATE,INCLUDED,0.631578947368421,12,19,-0.01
E2_ROLLING_INCREMENTAL_AFTER_FULL_REUSE,RR-SHOCK/2,1,r8c-2046-29b6b140ff622fe0,DT-RAMDE_TS2_FULL,r8c-4162-a7958fd985120e12,NO_LINEAGE_CREDIT,INCLUDED,0.3157894736842105,6,19,-0.01
E2_ROLLING_INCREMENTAL_AFTER_FULL_REUSE,RR-SHOCK/2,1,r8c-2046-29b6b140ff622fe0,DT-RAMDE_TS2_FULL,r8c-4163-ec3143c9432f5827,CROSS_EVENT_WARM_START_ONLY,INCLUDED,0.5789473684210527,11,19,-0.01
E2_ROLLING_INCREMENTAL_AFTER_FULL_REUSE,RR-SHOCK/2,1,r8c-2046-29b6b140ff622fe0,DT-RAMDE_TS2_FULL,r8c-4164-70e0e1024da1e493,CROSS_EVENT_MEMORY_ONLY,INCLUDED,0.3157894736842105,6,19,-0.01
E2_ROLLING_INCREMENTAL_AFTER_FULL_REUSE,RR-SHOCK/2,1,r8c-2046-29b6b140ff622fe0,DT-RAMDE_TS2_FULL,r8c-4165-300498ac26c760e7,SHADE_ONLY,INCLUDED,0.21052631578947367,4,19,-0.01
E2_ROLLING_INCREMENTAL_AFTER_FULL_REUSE,RR-SHOCK/2,2,r8c-2052-01547e0eadb20135,DT-RAMDE_TS2_FULL,r8c-4166-7b455ee75cc9eb5c,NO_CROSS_EVENT_MEMORY,INCLUDED,0.2631578947368421,5,19,-0.01
E2_ROLLING_INCREMENTAL_AFTER_FULL_REUSE,RR-SHOCK/2,2,r8c-2052-01547e0eadb20135,DT-RAMDE_TS2_FULL,r8c-4167-6649db4274500e2a,NO_EXECUTION_FEEDBACK,INCLUDED,0.631578947368421,12,19,-0.01
E2_ROLLING_INCREMENTAL_AFTER_FULL_REUSE,RR-SHOCK/2,2,r8c-2052-01547e0eadb20135,DT-RAMDE_TS2_FULL,r8c-4168-640280296d36fa81,NO_REJECTION_CREDIT,INCLUDED,0.2631578947368421,5,19,-0.01
E2_ROLLING_INCREMENTAL_AFTER_FULL_REUSE,RR-SHOCK/2,2,r8c-2052-01547e0eadb20135,DT-RAMDE_TS2_FULL,r8c-4169-e3d5a9a40f6e325c,NO_MEMORY_RESET_GATE,INCLUDED,0.6842105263157895,13,19,-0.01
E2_ROLLING_INCREMENTAL_AFTER_FULL_REUSE,RR-SHOCK/2,2,r8c-2052-01547e0eadb20135,DT-RAMDE_TS2_FULL,r8c-4170-6dc23f783d0a4636,NO_LINEAGE_CREDIT,INCLUDED,0.3157894736842105,6,19,-0.01
E2_ROLLING_INCREMENTAL_AFTER_FULL_REUSE,RR-SHOCK/2,2,r8c-2052-01547e0eadb20135,DT-RAMDE_TS2_FULL,r8c-4171-c04f949efe0a7fbd,CROSS_EVENT_WARM_START_ONLY,INCLUDED,0.631578947368421,12,19,-0.01
E2_ROLLING_INCREMENTAL_AFTER_FULL_REUSE,RR-SHOCK/2,2,r8c-2052-01547e0eadb20135,DT-RAMDE_TS2_FULL,r8c-4172-9daf4066c1f64b89,CROSS_EVENT_MEMORY_ONLY,INCLUDED,0.21052631578947367,4,19,-0.01
E2_ROLLING_INCREMENTAL_AFTER_FULL_REUSE,RR-SHOCK/2,2,r8c-2052-01547e0eadb20135,DT-RAMDE_TS2_FULL,r8c-4173-838d5145a1594762,SHADE_ONLY,INCLUDED,0.2631578947368421,5,19,-0.01
E2_ROLLING_INCREMENTAL_AFTER_FULL_REUSE,RR-SHOCK/2,3,r8c-2058-d282a2ad3a1d9dcb,DT-RAMDE_TS2_FULL,r8c-4174-62b8c2deecbccca7,NO_CROSS_EVENT_MEMORY,INCLUDED,0.15789473684210525,3,19,-0.01
E2_ROLLING_INCREMENTAL_AFTER_FULL_REUSE,RR-SHOCK/2,3,r8c-2058-d282a2ad3a1d9dcb,DT-RAMDE_TS2_FULL,r8c-4175-c9cac6e64845fa71,NO_EXECUTION_FEEDBACK,INCLUDED,0.6842105263157895,13,19,-0.01
E2_ROLLING_INCREMENTAL_AFTER_FULL_REUSE,RR-SHOCK/2,3,r8c-2058-d282a2ad3a1d9dcb,DT-RAMDE_TS2_FULL,r8c-4176-5dc313793ec63831,NO_REJECTION_CREDIT,INCLUDED,0.5263157894736842,10,19,-0.01
E2_ROLLING_INCREMENTAL_AFTER_FULL_REUSE,RR-SHOCK/2,3,r8c-2058-d282a2ad3a1d9dcb,DT-RAMDE_TS2_FULL,r8c-4177-9a580496f6e0cd15,NO_MEMORY_RESET_GATE,INCLUDED,0.631578947368421,12,19,-0.01
E2_ROLLING_INCREMENTAL_AFTER_FULL_REUSE,RR-SHOCK/2,3,r8c-2058-d282a2ad3a1d9dcb,DT-RAMDE_TS2_FULL,r8c-4178-90d24c1243c645d4,NO_LINEAGE_CREDIT,INCLUDED,0.47368421052631576,9,19,-0.01
E2_ROLLING_INCREMENTAL_AFTER_FULL_REUSE,RR-SHOCK/2,3,r8c-2058-d282a2ad3a1d9dcb,DT-RAMDE_TS2_FULL,r8c-4179-93080f7e9c206173,CROSS_EVENT_WARM_START_ONLY,INCLUDED,0.6842105263157895,13,19,-0.01
E2_ROLLING_INCREMENTAL_AFTER_FULL_REUSE,RR-SHOCK/2,3,r8c-2058-d282a2ad3a1d9dcb,DT-RAMDE_TS2_FULL,r8c-4180-6abfbe82a42b3a79,CROSS_EVENT_MEMORY_ONLY,INCLUDED,0.21052631578947367,4,19,-0.01
E2_ROLLING_INCREMENTAL_AFTER_FULL_REUSE,RR-SHOCK/2,3,r8c-2058-d282a2ad3a1d9dcb,DT-RAMDE_TS2_FULL,r8c-4181-a9b9317b5c9a6b86,SHADE_ONLY,INCLUDED,0.2631578947368421,5,19,-0.01
E2_ROLLING_INCREMENTAL_AFTER_FULL_REUSE,RR-SHOCK/2,4,r8c-2064-9968f0f785f0a35b,DT-RAMDE_TS2_FULL,r8c-4182-c0e0a17625503482,NO_CROSS_EVENT_MEMORY,INCLUDED,0.3684210526315789,7,19,-0.01
E2_ROLLING_INCREMENTAL_AFTER_FULL_REUSE,RR-SHOCK/2,4,r8c-2064-9968f0f785f0a35b,DT-RAMDE_TS2_FULL,r8c-4183-8fe80689e665004d,NO_EXECUTION_FEEDBACK,INCLUDED,0.7368421052631579,14,19,-0.01
E2_ROLLING_INCREMENTAL_AFTER_FULL_REUSE,RR-SHOCK/2,4,r8c-2064-9968f0f785f0a35b,DT-RAMDE_TS2_FULL,r8c-4184-d3ae104edde8c3dc,NO_REJECTION_CREDIT,INCLUDED,0.631578947368421,12,19,-0.01
E2_ROLLING_INCREMENTAL_AFTER_FULL_REUSE,RR-SHOCK/2,4,r8c-2064-9968f0f785f0a35b,DT-RAMDE_TS2_FULL,r8c-4185-c33a91a7f1cfb94d,NO_MEMORY_RESET_GATE,INCLUDED,0.7368421052631579,14,19,-0.01
E2_ROLLING_INCREMENTAL_AFTER_FULL_REUSE,RR-SHOCK/2,4,r8c-2064-9968f0f785f0a35b,DT-RAMDE_TS2_FULL,r8c-4186-7808e38e28d7a536,NO_LINEAGE_CREDIT,INCLUDED,0.3157894736842105,6,19,-0.01
E2_ROLLING_INCREMENTAL_AFTER_FULL_REUSE,RR-SHOCK/2,4,r8c-2064-9968f0f785f0a35b,DT-RAMDE_TS2_FULL,r8c-4187-dfb445a965324db2,CROSS_EVENT_WARM_START_ONLY,INCLUDED,0.7368421052631579,14,19,-0.01
E2_ROLLING_INCREMENTAL_AFTER_FULL_REUSE,RR-SHOCK/2,4,r8c-2064-9968f0f785f0a35b,DT-RAMDE_TS2_FULL,r8c-4188-722f0dfb32647ae8,CROSS_EVENT_MEMORY_ONLY,INCLUDED,0.3157894736842105,6,19,-0.01
E2_ROLLING_INCREMENTAL_AFTER_FULL_REUSE,RR-SHOCK/2,4,r8c-2064-9968f0f785f0a35b,DT-RAMDE_TS2_FULL,r8c-4189-74cde626d6c3c519,SHADE_ONLY,INCLUDED,0.21052631578947367,4,19,-0.01
E2_ROLLING_INCREMENTAL_AFTER_FULL_REUSE,RR-SHOCK/3,0,r8c-2070-241fdde2e0df2612,DT-RAMDE_TS2_FULL,r8c-4190-c01d9e3333413324,NO_CROSS_EVENT_MEMORY,INCLUDED,0.15789473684210525,3,19,-0.01
E2_ROLLING_INCREMENTAL_AFTER_FULL_REUSE,RR-SHOCK/3,0,r8c-2070-241fdde2e0df2612,DT-RAMDE_TS2_FULL,r8c-4191-c04cdff08faa50f8,NO_EXECUTION_FEEDBACK,INCLUDED,0.3157894736842105,6,19,-0.01
E2_ROLLING_INCREMENTAL_AFTER_FULL_REUSE,RR-SHOCK/3,0,r8c-2070-241fdde2e0df2612,DT-RAMDE_TS2_FULL,r8c-4192-7f88f6949864922d,NO_REJECTION_CREDIT,INCLUDED,0.5263157894736842,10,19,-0.01
E2_ROLLING_INCREMENTAL_AFTER_FULL_REUSE,RR-SHOCK/3,0,r8c-2070-241fdde2e0df2612,DT-RAMDE_TS2_FULL,r8c-4193-c80ad1120a72f36b,NO_MEMORY_RESET_GATE,INCLUDED,0.5263157894736842,10,19,-0.01
E2_ROLLING_INCREMENTAL_AFTER_FULL_REUSE,RR-SHOCK/3,0,r8c-2070-241fdde2e0df2612,DT-RAMDE_TS2_FULL,r8c-4194-287bd4462e8b23c3,NO_LINEAGE_CREDIT,INCLUDED,0.3157894736842105,6,19,-0.01
E2_ROLLING_INCREMENTAL_AFTER_FULL_REUSE,RR-SHOCK/3,0,r8c-2070-241fdde2e0df2612,DT-RAMDE_TS2_FULL,r8c-4195-41d49732ce6ecd5f,CROSS_EVENT_WARM_START_ONLY,INCLUDED,0.631578947368421,12,19,-0.01
E2_ROLLING_INCREMENTAL_AFTER_FULL_REUSE,RR-SHOCK/3,0,r8c-2070-241fdde2e0df2612,DT-RAMDE_TS2_FULL,r8c-4196-36644984dd5749d4,CROSS_EVENT_MEMORY_ONLY,INCLUDED,0.2631578947368421,5,19,-0.01
E2_ROLLING_INCREMENTAL_AFTER_FULL_REUSE,RR-SHOCK/3,0,r8c-2070-241fdde2e0df2612,DT-RAMDE_TS2_FULL,r8c-4197-f3711cc84736bebc,SHADE_ONLY,INCLUDED,0.10526315789473684,2,19,-0.01
E2_ROLLING_INCREMENTAL_AFTER_FULL_REUSE,RR-SHOCK/3,1,r8c-2076-50234d1dee240b46,DT-RAMDE_TS2_FULL,r8c-4198-555ae3b73bbc73ce,NO_CROSS_EVENT_MEMORY,INCLUDED,0.2631578947368421,5,19,-0.01
E2_ROLLING_INCREMENTAL_AFTER_FULL_REUSE,RR-SHOCK/3,1,r8c-2076-50234d1dee240b46,DT-RAMDE_TS2_FULL,r8c-4199-62ea20f414fd78d0,NO_EXECUTION_FEEDBACK,INCLUDED,0.47368421052631576,9,19,-0.01
E2_ROLLING_INCREMENTAL_AFTER_FULL_REUSE,RR-SHOCK/3,1,r8c-2076-50234d1dee240b46,DT-RAMDE_TS2_FULL,r8c-4200-9e420a8815348199,NO_REJECTION_CREDIT,INCLUDED,0.47368421052631576,9,19,-0.01
E2_ROLLING_INCREMENTAL_AFTER_FULL_REUSE,RR-SHOCK/3,1,r8c-2076-50234d1dee240b46,DT-RAMDE_TS2_FULL,r8c-4201-72684f202fe553b3,NO_MEMORY_RESET_GATE,INCLUDED,0.5263157894736842,10,19,-0.01
E2_ROLLING_INCREMENTAL_AFTER_FULL_REUSE,RR-SHOCK/3,1,r8c-2076-50234d1dee240b46,DT-RAMDE_TS2_FULL,r8c-4202-da952bb691bae982,NO_LINEAGE_CREDIT,INCLUDED,0.3684210526315789,7,19,-0.01
E2_ROLLING_INCREMENTAL_AFTER_FULL_REUSE,RR-SHOCK/3,1,r8c-2076-50234d1dee240b46,DT-RAMDE_TS2_FULL,r8c-4203-ec6b5a876576d020,CROSS_EVENT_WARM_START_ONLY,INCLUDED,0.631578947368421,12,19,-0.01
E2_ROLLING_INCREMENTAL_AFTER_FULL_REUSE,RR-SHOCK/3,1,r8c-2076-50234d1dee240b46,DT-RAMDE_TS2_FULL,r8c-4204-19a35f6eb2b44562,CROSS_EVENT_MEMORY_ONLY,INCLUDED,0.21052631578947367,4,19,-0.01
E2_ROLLING_INCREMENTAL_AFTER_FULL_REUSE,RR-SHOCK/3,1,r8c-2076-50234d1dee240b46,DT-RAMDE_TS2_FULL,r8c-4205-52b0bffaf74167b3,SHADE_ONLY,INCLUDED,0.3157894736842105,6,19,-0.01
E2_ROLLING_INCREMENTAL_AFTER_FULL_REUSE,RR-SHOCK/3,2,r8c-2082-030a606e2b1db024,DT-RAMDE_TS2_FULL,r8c-4206-681a2bc4cb8a59db,NO_CROSS_EVENT_MEMORY,INCLUDED,0.15789473684210525,3,19,-0.01
E2_ROLLING_INCREMENTAL_AFTER_FULL_REUSE,RR-SHOCK/3,2,r8c-2082-030a606e2b1db024,DT-RAMDE_TS2_FULL,r8c-4207-02f0c2bade95aab1,NO_EXECUTION_FEEDBACK,INCLUDED,0.3157894736842105,6,19,-0.01
E2_ROLLING_INCREMENTAL_AFTER_FULL_REUSE,RR-SHOCK/3,2,r8c-2082-030a606e2b1db024,DT-RAMDE_TS2_FULL,r8c-4208-ca9c1b575be4b05c,NO_REJECTION_CREDIT,INCLUDED,0.47368421052631576,9,19,-0.01
E2_ROLLING_INCREMENTAL_AFTER_FULL_REUSE,RR-SHOCK/3,2,r8c-2082-030a606e2b1db024,DT-RAMDE_TS2_FULL,r8c-4209-52c2702572d0c9e4,NO_MEMORY_RESET_GATE,INCLUDED,0.5263157894736842,10,19,-0.01
E2_ROLLING_INCREMENTAL_AFTER_FULL_REUSE,RR-SHOCK/3,2,r8c-2082-030a606e2b1db024,DT-RAMDE_TS2_FULL,r8c-4210-77019fd7625154ae,NO_LINEAGE_CREDIT,INCLUDED,0.21052631578947367,4,19,-0.01
E2_ROLLING_INCREMENTAL_AFTER_FULL_REUSE,RR-SHOCK/3,2,r8c-2082-030a606e2b1db024,DT-RAMDE_TS2_FULL,r8c-4211-65d998a06bf76112,CROSS_EVENT_WARM_START_ONLY,INCLUDED,0.5789473684210527,11,19,-0.01
E2_ROLLING_INCREMENTAL_AFTER_FULL_REUSE,RR-SHOCK/3,2,r8c-2082-030a606e2b1db024,DT-RAMDE_TS2_FULL,r8c-4212-6e706e992ef34d61,CROSS_EVENT_MEMORY_ONLY,INCLUDED,0.3157894736842105,6,19,-0.01
E2_ROLLING_INCREMENTAL_AFTER_FULL_REUSE,RR-SHOCK/3,2,r8c-2082-030a606e2b1db024,DT-RAMDE_TS2_FULL,r8c-4213-5c37a7dc8daddc06,SHADE_ONLY,INCLUDED,0.21052631578947367,4,19,-0.01
E2_ROLLING_INCREMENTAL_AFTER_FULL_REUSE,RR-SHOCK/3,3,r8c-2088-0fa80ee88c7c68ab,DT-RAMDE_TS2_FULL,r8c-4214-5a849630ad9fba56,NO_CROSS_EVENT_MEMORY,INCLUDED,0.10526315789473684,2,19,-0.01
E2_ROLLING_INCREMENTAL_AFTER_FULL_REUSE,RR-SHOCK/3,3,r8c-2088-0fa80ee88c7c68ab,DT-RAMDE_TS2_FULL,r8c-4215-f10020dcd1a39b7f,NO_EXECUTION_FEEDBACK,INCLUDED,0.3157894736842105,6,19,-0.01
E2_ROLLING_INCREMENTAL_AFTER_FULL_REUSE,RR-SHOCK/3,3,r8c-2088-0fa80ee88c7c68ab,DT-RAMDE_TS2_FULL,r8c-4216-7fa76634a543e506,NO_REJECTION_CREDIT,INCLUDED,0.42105263157894735,8,19,-0.01
E2_ROLLING_INCREMENTAL_AFTER_FULL_REUSE,RR-SHOCK/3,3,r8c-2088-0fa80ee88c7c68ab,DT-RAMDE_TS2_FULL,r8c-4217-988438a7f6b33d91,NO_MEMORY_RESET_GATE,INCLUDED,0.47368421052631576,9,19,-0.01
E2_ROLLING_INCREMENTAL_AFTER_FULL_REUSE,RR-SHOCK/3,3,r8c-2088-0fa80ee88c7c68ab,DT-RAMDE_TS2_FULL,r8c-4218-b0b9b36d54b1ac5f,NO_LINEAGE_CREDIT,INCLUDED,0.3684210526315789,7,19,-0.01
E2_ROLLING_INCREMENTAL_AFTER_FULL_REUSE,RR-SHOCK/3,3,r8c-2088-0fa80ee88c7c68ab,DT-RAMDE_TS2_FULL,r8c-4219-f7651e13b92edc2f,CROSS_EVENT_WARM_START_ONLY,INCLUDED,0.5263157894736842,10,19,-0.01
E2_ROLLING_INCREMENTAL_AFTER_FULL_REUSE,RR-SHOCK/3,3,r8c-2088-0fa80ee88c7c68ab,DT-RAMDE_TS2_FULL,r8c-4220-139b67ab18900613,CROSS_EVENT_MEMORY_ONLY,INCLUDED,0.21052631578947367,4,19,-0.01
E2_ROLLING_INCREMENTAL_AFTER_FULL_REUSE,RR-SHOCK/3,3,r8c-2088-0fa80ee88c7c68ab,DT-RAMDE_TS2_FULL,r8c-4221-b6d3e19a06762dd1,SHADE_ONLY,INCLUDED,0.05263157894736842,1,19,-0.01
E2_ROLLING_INCREMENTAL_AFTER_FULL_REUSE,RR-SHOCK/3,4,r8c-2094-109fc12955e3db40,DT-RAMDE_TS2_FULL,r8c-4222-2fe633b944ce9492,NO_CROSS_EVENT_MEMORY,INCLUDED,0.21052631578947367,4,19,-0.01
E2_ROLLING_INCREMENTAL_AFTER_FULL_REUSE,RR-SHOCK/3,4,r8c-2094-109fc12955e3db40,DT-RAMDE_TS2_FULL,r8c-4223-430fed03e9c4b377,NO_EXECUTION_FEEDBACK,INCLUDED,0.21052631578947367,4,19,-0.01
E2_ROLLING_INCREMENTAL_AFTER_FULL_REUSE,RR-SHOCK/3,4,r8c-2094-109fc12955e3db40,DT-RAMDE_TS2_FULL,r8c-4224-5e9c279437212669,NO_REJECTION_CREDIT,INCLUDED,0.47368421052631576,9,19,-0.01
E2_ROLLING_INCREMENTAL_AFTER_FULL_REUSE,RR-SHOCK/3,4,r8c-2094-109fc12955e3db40,DT-RAMDE_TS2_FULL,r8c-4225-af279365ee460f23,NO_MEMORY_RESET_GATE,INCLUDED,0.42105263157894735,8,19,-0.01
E2_ROLLING_INCREMENTAL_AFTER_FULL_REUSE,RR-SHOCK/3,4,r8c-2094-109fc12955e3db40,DT-RAMDE_TS2_FULL,r8c-4226-ea0d1c6c6fcaa7f4,NO_LINEAGE_CREDIT,INCLUDED,0.15789473684210525,3,19,-0.01
E2_ROLLING_INCREMENTAL_AFTER_FULL_REUSE,RR-SHOCK/3,4,r8c-2094-109fc12955e3db40,DT-RAMDE_TS2_FULL,r8c-4227-1a2204bf738a7470,CROSS_EVENT_WARM_START_ONLY,INCLUDED,0.47368421052631576,9,19,-0.01
E2_ROLLING_INCREMENTAL_AFTER_FULL_REUSE,RR-SHOCK/3,4,r8c-2094-109fc12955e3db40,DT-RAMDE_TS2_FULL,r8c-4228-0078555d1b96ca97,CROSS_EVENT_MEMORY_ONLY,INCLUDED,0.21052631578947367,4,19,-0.01
E2_ROLLING_INCREMENTAL_AFTER_FULL_REUSE,RR-SHOCK/3,4,r8c-2094-109fc12955e3db40,DT-RAMDE_TS2_FULL,r8c-4229-f989c052d1e4a372,SHADE_ONLY,INCLUDED,0.15789473684210525,3,19,-0.01
E2_ROLLING_INCREMENTAL_AFTER_FULL_REUSE,RR-SHOCK/4,0,r8c-2100-2d21ce29d70d7a86,DT-RAMDE_TS2_FULL,r8c-4230-f2e2a175d382ca64,NO_CROSS_EVENT_MEMORY,INCLUDED,0.10526315789473684,2,19,-0.01
E2_ROLLING_INCREMENTAL_AFTER_FULL_REUSE,RR-SHOCK/4,0,r8c-2100-2d21ce29d70d7a86,DT-RAMDE_TS2_FULL,r8c-4231-a87c029bbc4eefa5,NO_EXECUTION_FEEDBACK,INCLUDED,0.47368421052631576,9,19,-0.01
E2_ROLLING_INCREMENTAL_AFTER_FULL_REUSE,RR-SHOCK/4,0,r8c-2100-2d21ce29d70d7a86,DT-RAMDE_TS2_FULL,r8c-4232-ff86ba2b2f1a0930,NO_REJECTION_CREDIT,INCLUDED,0.47368421052631576,9,19,-0.01
E2_ROLLING_INCREMENTAL_AFTER_FULL_REUSE,RR-SHOCK/4,0,r8c-2100-2d21ce29d70d7a86,DT-RAMDE_TS2_FULL,r8c-4233-51ac8c46c8230223,NO_MEMORY_RESET_GATE,INCLUDED,0.47368421052631576,9,19,-0.01
E2_ROLLING_INCREMENTAL_AFTER_FULL_REUSE,RR-SHOCK/4,0,r8c-2100-2d21ce29d70d7a86,DT-RAMDE_TS2_FULL,r8c-4234-d0a9381d63d84fc0,NO_LINEAGE_CREDIT,INCLUDED,0.3684210526315789,7,19,-0.01
E2_ROLLING_INCREMENTAL_AFTER_FULL_REUSE,RR-SHOCK/4,0,r8c-2100-2d21ce29d70d7a86,DT-RAMDE_TS2_FULL,r8c-4235-56e1f30b0da55279,CROSS_EVENT_WARM_START_ONLY,INCLUDED,0.42105263157894735,8,19,-0.01
E2_ROLLING_INCREMENTAL_AFTER_FULL_REUSE,RR-SHOCK/4,0,r8c-2100-2d21ce29d70d7a86,DT-RAMDE_TS2_FULL,r8c-4236-bc3c0139f0aa141b,CROSS_EVENT_MEMORY_ONLY,INCLUDED,0.0,0,19,-0.01
E2_ROLLING_INCREMENTAL_AFTER_FULL_REUSE,RR-SHOCK/4,0,r8c-2100-2d21ce29d70d7a86,DT-RAMDE_TS2_FULL,r8c-4237-60cf8eaf541be08a,SHADE_ONLY,INCLUDED,0.05263157894736842,1,19,-0.01
E2_ROLLING_INCREMENTAL_AFTER_FULL_REUSE,RR-SHOCK/4,1,r8c-2106-d512053bb73b74a2,DT-RAMDE_TS2_FULL,r8c-4238-e1a18297212c1506,NO_CROSS_EVENT_MEMORY,INCLUDED,0.2631578947368421,5,19,-0.01
E2_ROLLING_INCREMENTAL_AFTER_FULL_REUSE,RR-SHOCK/4,1,r8c-2106-d512053bb73b74a2,DT-RAMDE_TS2_FULL,r8c-4239-3bd036c22cc05bfa,NO_EXECUTION_FEEDBACK,INCLUDED,0.5263157894736842,10,19,-0.01
E2_ROLLING_INCREMENTAL_AFTER_FULL_REUSE,RR-SHOCK/4,1,r8c-2106-d512053bb73b74a2,DT-RAMDE_TS2_FULL,r8c-4240-66b70e528932b594,NO_REJECTION_CREDIT,INCLUDED,0.42105263157894735,8,19,-0.01
E2_ROLLING_INCREMENTAL_AFTER_FULL_REUSE,RR-SHOCK/4,1,r8c-2106-d512053bb73b74a2,DT-RAMDE_TS2_FULL,r8c-4241-568ef5dabe27ba2c,NO_MEMORY_RESET_GATE,INCLUDED,0.7894736842105263,15,19,-0.01
E2_ROLLING_INCREMENTAL_AFTER_FULL_REUSE,RR-SHOCK/4,1,r8c-2106-d512053bb73b74a2,DT-RAMDE_TS2_FULL,r8c-4242-5900201ed8937a15,NO_LINEAGE_CREDIT,INCLUDED,0.3684210526315789,7,19,-0.01
E2_ROLLING_INCREMENTAL_AFTER_FULL_REUSE,RR-SHOCK/4,1,r8c-2106-d512053bb73b74a2,DT-RAMDE_TS2_FULL,r8c-4243-f14908afc56afc66,CROSS_EVENT_WARM_START_ONLY,INCLUDED,0.6842105263157895,13,19,-0.01
E2_ROLLING_INCREMENTAL_AFTER_FULL_REUSE,RR-SHOCK/4,1,r8c-2106-d512053bb73b74a2,DT-RAMDE_TS2_FULL,r8c-4244-b432f91ebd3999fb,CROSS_EVENT_MEMORY_ONLY,INCLUDED,0.2631578947368421,5,19,-0.01
E2_ROLLING_INCREMENTAL_AFTER_FULL_REUSE,RR-SHOCK/4,1,r8c-2106-d512053bb73b74a2,DT-RAMDE_TS2_FULL,r8c-4245-3d12cd9e951eda6b,SHADE_ONLY,INCLUDED,0.21052631578947367,4,19,-0.01
E2_ROLLING_INCREMENTAL_AFTER_FULL_REUSE,RR-SHOCK/4,2,r8c-2112-11508eefd5323bda,DT-RAMDE_TS2_FULL,r8c-4246-db90e14060939e4b,NO_CROSS_EVENT_MEMORY,INCLUDED,0.10526315789473684,2,19,-0.01
E2_ROLLING_INCREMENTAL_AFTER_FULL_REUSE,RR-SHOCK/4,2,r8c-2112-11508eefd5323bda,DT-RAMDE_TS2_FULL,r8c-4247-d64ae64101e6fe5f,NO_EXECUTION_FEEDBACK,INCLUDED,0.3684210526315789,7,19,-0.01
E2_ROLLING_INCREMENTAL_AFTER_FULL_REUSE,RR-SHOCK/4,2,r8c-2112-11508eefd5323bda,DT-RAMDE_TS2_FULL,r8c-4248-0461fe9dbfa34169,NO_REJECTION_CREDIT,INCLUDED,0.21052631578947367,4,19,-0.01
E2_ROLLING_INCREMENTAL_AFTER_FULL_REUSE,RR-SHOCK/4,2,r8c-2112-11508eefd5323bda,DT-RAMDE_TS2_FULL,r8c-4249-9221bb50d903af34,NO_MEMORY_RESET_GATE,INCLUDED,0.42105263157894735,8,19,-0.01
E2_ROLLING_INCREMENTAL_AFTER_FULL_REUSE,RR-SHOCK/4,2,r8c-2112-11508eefd5323bda,DT-RAMDE_TS2_FULL,r8c-4250-f20169bb4923e4dd,NO_LINEAGE_CREDIT,INCLUDED,0.15789473684210525,3,19,-0.01
E2_ROLLING_INCREMENTAL_AFTER_FULL_REUSE,RR-SHOCK/4,2,r8c-2112-11508eefd5323bda,DT-RAMDE_TS2_FULL,r8c-4251-78f1939cac4fa1c5,CROSS_EVENT_WARM_START_ONLY,INCLUDED,0.5263157894736842,10,19,-0.01
E2_ROLLING_INCREMENTAL_AFTER_FULL_REUSE,RR-SHOCK/4,2,r8c-2112-11508eefd5323bda,DT-RAMDE_TS2_FULL,r8c-4252-039bbebfabe6039e,CROSS_EVENT_MEMORY_ONLY,INCLUDED,0.10526315789473684,2,19,-0.01
E2_ROLLING_INCREMENTAL_AFTER_FULL_REUSE,RR-SHOCK/4,2,r8c-2112-11508eefd5323bda,DT-RAMDE_TS2_FULL,r8c-4253-d9fe762c948f1ad3,SHADE_ONLY,INCLUDED,0.05263157894736842,1,19,-0.01
E2_ROLLING_INCREMENTAL_AFTER_FULL_REUSE,RR-SHOCK/4,3,r8c-2118-d096bd3c98af00a2,DT-RAMDE_TS2_FULL,r8c-4254-5ce839feb25001df,NO_CROSS_EVENT_MEMORY,INCLUDED,0.42105263157894735,8,19,-0.01
E2_ROLLING_INCREMENTAL_AFTER_FULL_REUSE,RR-SHOCK/4,3,r8c-2118-d096bd3c98af00a2,DT-RAMDE_TS2_FULL,r8c-4255-a0ecb1f76fd5badd,NO_EXECUTION_FEEDBACK,INCLUDED,0.631578947368421,12,19,-0.01
E2_ROLLING_INCREMENTAL_AFTER_FULL_REUSE,RR-SHOCK/4,3,r8c-2118-d096bd3c98af00a2,DT-RAMDE_TS2_FULL,r8c-4256-7ae7cd4207ae75fe,NO_REJECTION_CREDIT,INCLUDED,0.5789473684210527,11,19,-0.01
E2_ROLLING_INCREMENTAL_AFTER_FULL_REUSE,RR-SHOCK/4,3,r8c-2118-d096bd3c98af00a2,DT-RAMDE_TS2_FULL,r8c-4257-b6488a7275b225f3,NO_MEMORY_RESET_GATE,INCLUDED,0.631578947368421,12,19,-0.01
E2_ROLLING_INCREMENTAL_AFTER_FULL_REUSE,RR-SHOCK/4,3,r8c-2118-d096bd3c98af00a2,DT-RAMDE_TS2_FULL,r8c-4258-e441b862ce6f74e3,NO_LINEAGE_CREDIT,INCLUDED,0.631578947368421,12,19,-0.01
E2_ROLLING_INCREMENTAL_AFTER_FULL_REUSE,RR-SHOCK/4,3,r8c-2118-d096bd3c98af00a2,DT-RAMDE_TS2_FULL,r8c-4259-93fab1c3b567d373,CROSS_EVENT_WARM_START_ONLY,INCLUDED,0.631578947368421,12,19,-0.01
E2_ROLLING_INCREMENTAL_AFTER_FULL_REUSE,RR-SHOCK/4,3,r8c-2118-d096bd3c98af00a2,DT-RAMDE_TS2_FULL,r8c-4260-1303471229c0f720,CROSS_EVENT_MEMORY_ONLY,INCLUDED,0.3684210526315789,7,19,-0.01
E2_ROLLING_INCREMENTAL_AFTER_FULL_REUSE,RR-SHOCK/4,3,r8c-2118-d096bd3c98af00a2,DT-RAMDE_TS2_FULL,r8c-4261-b9caad7265bb3f4d,SHADE_ONLY,INCLUDED,0.3684210526315789,7,19,-0.01
E2_ROLLING_INCREMENTAL_AFTER_FULL_REUSE,RR-SHOCK/4,4,r8c-2124-510b775d350ce570,DT-RAMDE_TS2_FULL,r8c-4262-11aaacfb0316c91f,NO_CROSS_EVENT_MEMORY,INCLUDED,0.2631578947368421,5,19,-0.01
E2_ROLLING_INCREMENTAL_AFTER_FULL_REUSE,RR-SHOCK/4,4,r8c-2124-510b775d350ce570,DT-RAMDE_TS2_FULL,r8c-4263-7e710860cb528d13,NO_EXECUTION_FEEDBACK,INCLUDED,0.5789473684210527,11,19,-0.01
E2_ROLLING_INCREMENTAL_AFTER_FULL_REUSE,RR-SHOCK/4,4,r8c-2124-510b775d350ce570,DT-RAMDE_TS2_FULL,r8c-4264-ecdb2cfc3af187f0,NO_REJECTION_CREDIT,INCLUDED,0.5263157894736842,10,19,-0.01
E2_ROLLING_INCREMENTAL_AFTER_FULL_REUSE,RR-SHOCK/4,4,r8c-2124-510b775d350ce570,DT-RAMDE_TS2_FULL,r8c-4265-80959f4934d2a49d,NO_MEMORY_RESET_GATE,INCLUDED,0.5789473684210527,11,19,-0.01
E2_ROLLING_INCREMENTAL_AFTER_FULL_REUSE,RR-SHOCK/4,4,r8c-2124-510b775d350ce570,DT-RAMDE_TS2_FULL,r8c-4266-894d14be1c8059b2,NO_LINEAGE_CREDIT,INCLUDED,0.5263157894736842,10,19,-0.01
E2_ROLLING_INCREMENTAL_AFTER_FULL_REUSE,RR-SHOCK/4,4,r8c-2124-510b775d350ce570,DT-RAMDE_TS2_FULL,r8c-4267-61a8844caf25e047,CROSS_EVENT_WARM_START_ONLY,INCLUDED,0.631578947368421,12,19,-0.01
E2_ROLLING_INCREMENTAL_AFTER_FULL_REUSE,RR-SHOCK/4,4,r8c-2124-510b775d350ce570,DT-RAMDE_TS2_FULL,r8c-4268-cdd32889f6272a31,CROSS_EVENT_MEMORY_ONLY,INCLUDED,0.3157894736842105,6,19,-0.01
E2_ROLLING_INCREMENTAL_AFTER_FULL_REUSE,RR-SHOCK/4,4,r8c-2124-510b775d350ce570,DT-RAMDE_TS2_FULL,r8c-4269-8a2890fd55cf2887,SHADE_ONLY,INCLUDED,0.3157894736842105,6,19,-0.01
E2_ROLLING_INCREMENTAL_AFTER_FULL_REUSE,RR-SHOCK/5,0,r8c-2130-9bf5c8af66c2487f,DT-RAMDE_TS2_FULL,r8c-4270-d00ba55956423d35,NO_CROSS_EVENT_MEMORY,INCLUDED,0.15789473684210525,3,19,-0.01
E2_ROLLING_INCREMENTAL_AFTER_FULL_REUSE,RR-SHOCK/5,0,r8c-2130-9bf5c8af66c2487f,DT-RAMDE_TS2_FULL,r8c-4271-ef88d85242abdb2e,NO_EXECUTION_FEEDBACK,INCLUDED,0.5789473684210527,11,19,-0.01
E2_ROLLING_INCREMENTAL_AFTER_FULL_REUSE,RR-SHOCK/5,0,r8c-2130-9bf5c8af66c2487f,DT-RAMDE_TS2_FULL,r8c-4272-9c7ff264b96fb6a9,NO_REJECTION_CREDIT,INCLUDED,0.42105263157894735,8,19,-0.01
E2_ROLLING_INCREMENTAL_AFTER_FULL_REUSE,RR-SHOCK/5,0,r8c-2130-9bf5c8af66c2487f,DT-RAMDE_TS2_FULL,r8c-4273-26d3896b8b5b1786,NO_MEMORY_RESET_GATE,INCLUDED,0.6842105263157895,13,19,-0.01
E2_ROLLING_INCREMENTAL_AFTER_FULL_REUSE,RR-SHOCK/5,0,r8c-2130-9bf5c8af66c2487f,DT-RAMDE_TS2_FULL,r8c-4274-e53780c5f4c63e9b,NO_LINEAGE_CREDIT,INCLUDED,0.3157894736842105,6,19,-0.01
E2_ROLLING_INCREMENTAL_AFTER_FULL_REUSE,RR-SHOCK/5,0,r8c-2130-9bf5c8af66c2487f,DT-RAMDE_TS2_FULL,r8c-4275-d4298def5dafc045,CROSS_EVENT_WARM_START_ONLY,INCLUDED,0.5789473684210527,11,19,-0.01
E2_ROLLING_INCREMENTAL_AFTER_FULL_REUSE,RR-SHOCK/5,0,r8c-2130-9bf5c8af66c2487f,DT-RAMDE_TS2_FULL,r8c-4276-ecde00ab253a2941,CROSS_EVENT_MEMORY_ONLY,INCLUDED,0.10526315789473684,2,19,-0.01
E2_ROLLING_INCREMENTAL_AFTER_FULL_REUSE,RR-SHOCK/5,0,r8c-2130-9bf5c8af66c2487f,DT-RAMDE_TS2_FULL,r8c-4277-198213de7e949a65,SHADE_ONLY,INCLUDED,0.15789473684210525,3,19,-0.01
E2_ROLLING_INCREMENTAL_AFTER_FULL_REUSE,RR-SHOCK/5,1,r8c-2136-00ab315d38d2dc3a,DT-RAMDE_TS2_FULL,r8c-4278-0e32bd1179dd8d95,NO_CROSS_EVENT_MEMORY,INCLUDED,0.2631578947368421,5,19,-0.01
E2_ROLLING_INCREMENTAL_AFTER_FULL_REUSE,RR-SHOCK/5,1,r8c-2136-00ab315d38d2dc3a,DT-RAMDE_TS2_FULL,r8c-4279-a16d16545b00104d,NO_EXECUTION_FEEDBACK,INCLUDED,0.47368421052631576,9,19,-0.01
E2_ROLLING_INCREMENTAL_AFTER_FULL_REUSE,RR-SHOCK/5,1,r8c-2136-00ab315d38d2dc3a,DT-RAMDE_TS2_FULL,r8c-4280-2f52ddf6a8a4d6eb,NO_REJECTION_CREDIT,INCLUDED,0.47368421052631576,9,19,-0.01
E2_ROLLING_INCREMENTAL_AFTER_FULL_REUSE,RR-SHOCK/5,1,r8c-2136-00ab315d38d2dc3a,DT-RAMDE_TS2_FULL,r8c-4281-185cbebd4d80c3de,NO_MEMORY_RESET_GATE,INCLUDED,0.5263157894736842,10,19,-0.01
E2_ROLLING_INCREMENTAL_AFTER_FULL_REUSE,RR-SHOCK/5,1,r8c-2136-00ab315d38d2dc3a,DT-RAMDE_TS2_FULL,r8c-4282-002948045f8a1b56,NO_LINEAGE_CREDIT,INCLUDED,0.47368421052631576,9,19,-0.01
E2_ROLLING_INCREMENTAL_AFTER_FULL_REUSE,RR-SHOCK/5,1,r8c-2136-00ab315d38d2dc3a,DT-RAMDE_TS2_FULL,r8c-4283-f792721f262d601e,CROSS_EVENT_WARM_START_ONLY,INCLUDED,0.5263157894736842,10,19,-0.01
E2_ROLLING_INCREMENTAL_AFTER_FULL_REUSE,RR-SHOCK/5,1,r8c-2136-00ab315d38d2dc3a,DT-RAMDE_TS2_FULL,r8c-4284-78938a37c10751a0,CROSS_EVENT_MEMORY_ONLY,INCLUDED,0.21052631578947367,4,19,-0.01
E2_ROLLING_INCREMENTAL_AFTER_FULL_REUSE,RR-SHOCK/5,1,r8c-2136-00ab315d38d2dc3a,DT-RAMDE_TS2_FULL,r8c-4285-90191c730ebc932e,SHADE_ONLY,INCLUDED,0.3684210526315789,7,19,-0.01
E2_ROLLING_INCREMENTAL_AFTER_FULL_REUSE,RR-SHOCK/5,2,r8c-2142-d0791d4c2074b02b,DT-RAMDE_TS2_FULL,r8c-4286-3b362dba07897c9b,NO_CROSS_EVENT_MEMORY,INCLUDED,0.3684210526315789,7,19,-0.01
E2_ROLLING_INCREMENTAL_AFTER_FULL_REUSE,RR-SHOCK/5,2,r8c-2142-d0791d4c2074b02b,DT-RAMDE_TS2_FULL,r8c-4287-14d379f72c7c14d1,NO_EXECUTION_FEEDBACK,INCLUDED,0.42105263157894735,8,19,-0.01
E2_ROLLING_INCREMENTAL_AFTER_FULL_REUSE,RR-SHOCK/5,2,r8c-2142-d0791d4c2074b02b,DT-RAMDE_TS2_FULL,r8c-4288-2e0fb128a22c8090,NO_REJECTION_CREDIT,INCLUDED,0.5263157894736842,10,19,-0.01
E2_ROLLING_INCREMENTAL_AFTER_FULL_REUSE,RR-SHOCK/5,2,r8c-2142-d0791d4c2074b02b,DT-RAMDE_TS2_FULL,r8c-4289-749e0e8af27142e0,NO_MEMORY_RESET_GATE,INCLUDED,0.5263157894736842,10,19,-0.01
E2_ROLLING_INCREMENTAL_AFTER_FULL_REUSE,RR-SHOCK/5,2,r8c-2142-d0791d4c2074b02b,DT-RAMDE_TS2_FULL,r8c-4290-022cda7f422bd867,NO_LINEAGE_CREDIT,INCLUDED,0.3157894736842105,6,19,-0.01
E2_ROLLING_INCREMENTAL_AFTER_FULL_REUSE,RR-SHOCK/5,2,r8c-2142-d0791d4c2074b02b,DT-RAMDE_TS2_FULL,r8c-4291-7aca9a82776effbd,CROSS_EVENT_WARM_START_ONLY,INCLUDED,0.631578947368421,12,19,-0.01
E2_ROLLING_INCREMENTAL_AFTER_FULL_REUSE,RR-SHOCK/5,2,r8c-2142-d0791d4c2074b02b,DT-RAMDE_TS2_FULL,r8c-4292-e2296156e4c23196,CROSS_EVENT_MEMORY_ONLY,INCLUDED,0.21052631578947367,4,19,-0.01
E2_ROLLING_INCREMENTAL_AFTER_FULL_REUSE,RR-SHOCK/5,2,r8c-2142-d0791d4c2074b02b,DT-RAMDE_TS2_FULL,r8c-4293-95894414e4cc4de2,SHADE_ONLY,INCLUDED,0.15789473684210525,3,19,-0.01
E2_ROLLING_INCREMENTAL_AFTER_FULL_REUSE,RR-SHOCK/5,3,r8c-2148-c795de35785fac5d,DT-RAMDE_TS2_FULL,r8c-4294-086977f36b46be1d,NO_CROSS_EVENT_MEMORY,INCLUDED,0.10526315789473684,2,19,-0.01
E2_ROLLING_INCREMENTAL_AFTER_FULL_REUSE,RR-SHOCK/5,3,r8c-2148-c795de35785fac5d,DT-RAMDE_TS2_FULL,r8c-4295-6eeb9d6dee01e91b,NO_EXECUTION_FEEDBACK,INCLUDED,0.42105263157894735,8,19,-0.01
E2_ROLLING_INCREMENTAL_AFTER_FULL_REUSE,RR-SHOCK/5,3,r8c-2148-c795de35785fac5d,DT-RAMDE_TS2_FULL,r8c-4296-7e27225913f2c4e5,NO_REJECTION_CREDIT,INCLUDED,0.3157894736842105,6,19,-0.01
E2_ROLLING_INCREMENTAL_AFTER_FULL_REUSE,RR-SHOCK/5,3,r8c-2148-c795de35785fac5d,DT-RAMDE_TS2_FULL,r8c-4297-30886a0e4cbd4f16,NO_MEMORY_RESET_GATE,INCLUDED,0.5263157894736842,10,19,-0.01
E2_ROLLING_INCREMENTAL_AFTER_FULL_REUSE,RR-SHOCK/5,3,r8c-2148-c795de35785fac5d,DT-RAMDE_TS2_FULL,r8c-4298-53d3ef4df43528cd,NO_LINEAGE_CREDIT,INCLUDED,0.3157894736842105,6,19,-0.01
E2_ROLLING_INCREMENTAL_AFTER_FULL_REUSE,RR-SHOCK/5,3,r8c-2148-c795de35785fac5d,DT-RAMDE_TS2_FULL,r8c-4299-e8b395ed82311ed0,CROSS_EVENT_WARM_START_ONLY,INCLUDED,0.5263157894736842,10,19,-0.01
E2_ROLLING_INCREMENTAL_AFTER_FULL_REUSE,RR-SHOCK/5,3,r8c-2148-c795de35785fac5d,DT-RAMDE_TS2_FULL,r8c-4300-616a7341653f14a3,CROSS_EVENT_MEMORY_ONLY,INCLUDED,0.2631578947368421,5,19,-0.01
E2_ROLLING_INCREMENTAL_AFTER_FULL_REUSE,RR-SHOCK/5,3,r8c-2148-c795de35785fac5d,DT-RAMDE_TS2_FULL,r8c-4301-ac6fb123f7748e58,SHADE_ONLY,INCLUDED,0.15789473684210525,3,19,-0.01
E2_ROLLING_INCREMENTAL_AFTER_FULL_REUSE,RR-SHOCK/5,4,r8c-2154-e0641d02d2c81317,DT-RAMDE_TS2_FULL,r8c-4302-ba6e6c2dcec5cf50,NO_CROSS_EVENT_MEMORY,INCLUDED,0.47368421052631576,9,19,-0.01
E2_ROLLING_INCREMENTAL_AFTER_FULL_REUSE,RR-SHOCK/5,4,r8c-2154-e0641d02d2c81317,DT-RAMDE_TS2_FULL,r8c-4303-c432dcc735d04d11,NO_EXECUTION_FEEDBACK,INCLUDED,0.47368421052631576,9,19,-0.01
E2_ROLLING_INCREMENTAL_AFTER_FULL_REUSE,RR-SHOCK/5,4,r8c-2154-e0641d02d2c81317,DT-RAMDE_TS2_FULL,r8c-4304-ee5fe6be70c51e19,NO_REJECTION_CREDIT,INCLUDED,0.47368421052631576,9,19,-0.01
E2_ROLLING_INCREMENTAL_AFTER_FULL_REUSE,RR-SHOCK/5,4,r8c-2154-e0641d02d2c81317,DT-RAMDE_TS2_FULL,r8c-4305-07887b9afa12cf14,NO_MEMORY_RESET_GATE,INCLUDED,0.5789473684210527,11,19,-0.01
E2_ROLLING_INCREMENTAL_AFTER_FULL_REUSE,RR-SHOCK/5,4,r8c-2154-e0641d02d2c81317,DT-RAMDE_TS2_FULL,r8c-4306-3ba2320096adb4d6,NO_LINEAGE_CREDIT,INCLUDED,0.42105263157894735,8,19,-0.01
E2_ROLLING_INCREMENTAL_AFTER_FULL_REUSE,RR-SHOCK/5,4,r8c-2154-e0641d02d2c81317,DT-RAMDE_TS2_FULL,r8c-4307-71af3ad2f2ed59f0,CROSS_EVENT_WARM_START_ONLY,INCLUDED,0.5263157894736842,10,19,-0.01
E2_ROLLING_INCREMENTAL_AFTER_FULL_REUSE,RR-SHOCK/5,4,r8c-2154-e0641d02d2c81317,DT-RAMDE_TS2_FULL,r8c-4308-1ce9799cb1f4b735,CROSS_EVENT_MEMORY_ONLY,INCLUDED,0.42105263157894735,8,19,-0.01
E2_ROLLING_INCREMENTAL_AFTER_FULL_REUSE,RR-SHOCK/5,4,r8c-2154-e0641d02d2c81317,DT-RAMDE_TS2_FULL,r8c-4309-e0223fc9d08c1495,SHADE_ONLY,INCLUDED,0.2631578947368421,5,19,-0.01
E2_ROLLING_INCREMENTAL_AFTER_FULL_REUSE,RR-SHOCK/6,0,r8c-2160-90a8fc05efaf4465,DT-RAMDE_TS2_FULL,r8c-4310-9e7b4fe5b13add03,NO_CROSS_EVENT_MEMORY,INCLUDED,0.5263157894736842,10,19,-0.01
E2_ROLLING_INCREMENTAL_AFTER_FULL_REUSE,RR-SHOCK/6,0,r8c-2160-90a8fc05efaf4465,DT-RAMDE_TS2_FULL,r8c-4311-7537d41faeae24a9,NO_EXECUTION_FEEDBACK,INCLUDED,1.0,19,19,-0.01
E2_ROLLING_INCREMENTAL_AFTER_FULL_REUSE,RR-SHOCK/6,0,r8c-2160-90a8fc05efaf4465,DT-RAMDE_TS2_FULL,r8c-4312-fece783475e443ef,NO_REJECTION_CREDIT,INCLUDED,0.6842105263157895,13,19,-0.01
E2_ROLLING_INCREMENTAL_AFTER_FULL_REUSE,RR-SHOCK/6,0,r8c-2160-90a8fc05efaf4465,DT-RAMDE_TS2_FULL,r8c-4313-8b154f61da5a8f49,NO_MEMORY_RESET_GATE,INCLUDED,0.5263157894736842,10,19,-0.01
E2_ROLLING_INCREMENTAL_AFTER_FULL_REUSE,RR-SHOCK/6,0,r8c-2160-90a8fc05efaf4465,DT-RAMDE_TS2_FULL,r8c-4314-d17b0f15eff9e612,NO_LINEAGE_CREDIT,INCLUDED,0.7368421052631579,14,19,-0.01
E2_ROLLING_INCREMENTAL_AFTER_FULL_REUSE,RR-SHOCK/6,0,r8c-2160-90a8fc05efaf4465,DT-RAMDE_TS2_FULL,r8c-4315-a6e2225d84389cab,CROSS_EVENT_WARM_START_ONLY,INCLUDED,0.8421052631578947,16,19,-0.01
E2_ROLLING_INCREMENTAL_AFTER_FULL_REUSE,RR-SHOCK/6,0,r8c-2160-90a8fc05efaf4465,DT-RAMDE_TS2_FULL,r8c-4316-8b5fd9dd9d33fbfc,CROSS_EVENT_MEMORY_ONLY,INCLUDED,0.8421052631578947,16,19,-0.01
E2_ROLLING_INCREMENTAL_AFTER_FULL_REUSE,RR-SHOCK/6,0,r8c-2160-90a8fc05efaf4465,DT-RAMDE_TS2_FULL,r8c-4317-571c22eccc5c6ee5,SHADE_ONLY,INCLUDED,0.2631578947368421,5,19,-0.01
E2_ROLLING_INCREMENTAL_AFTER_FULL_REUSE,RR-SHOCK/6,1,r8c-2166-0d8aa969d1272bb0,DT-RAMDE_TS2_FULL,r8c-4318-24409c6fe620f6fc,NO_CROSS_EVENT_MEMORY,INCLUDED,0.05263157894736842,1,19,-0.01
E2_ROLLING_INCREMENTAL_AFTER_FULL_REUSE,RR-SHOCK/6,1,r8c-2166-0d8aa969d1272bb0,DT-RAMDE_TS2_FULL,r8c-4319-59d52ce877f123de,NO_EXECUTION_FEEDBACK,INCLUDED,0.2631578947368421,5,19,-0.01
E2_ROLLING_INCREMENTAL_AFTER_FULL_REUSE,RR-SHOCK/6,1,r8c-2166-0d8aa969d1272bb0,DT-RAMDE_TS2_FULL,r8c-4320-b5865d2862a992b6,NO_REJECTION_CREDIT,INCLUDED,0.42105263157894735,8,19,-0.01
E2_ROLLING_INCREMENTAL_AFTER_FULL_REUSE,RR-SHOCK/6,1,r8c-2166-0d8aa969d1272bb0,DT-RAMDE_TS2_FULL,r8c-4321-49312ec4bfee17b1,NO_MEMORY_RESET_GATE,INCLUDED,0.47368421052631576,9,19,-0.01
E2_ROLLING_INCREMENTAL_AFTER_FULL_REUSE,RR-SHOCK/6,1,r8c-2166-0d8aa969d1272bb0,DT-RAMDE_TS2_FULL,r8c-4322-272cf96e78c549bd,NO_LINEAGE_CREDIT,INCLUDED,0.15789473684210525,3,19,-0.01
E2_ROLLING_INCREMENTAL_AFTER_FULL_REUSE,RR-SHOCK/6,1,r8c-2166-0d8aa969d1272bb0,DT-RAMDE_TS2_FULL,r8c-4323-eafe15d0468f3873,CROSS_EVENT_WARM_START_ONLY,INCLUDED,0.5263157894736842,10,19,-0.01
E2_ROLLING_INCREMENTAL_AFTER_FULL_REUSE,RR-SHOCK/6,1,r8c-2166-0d8aa969d1272bb0,DT-RAMDE_TS2_FULL,r8c-4324-1c20d9318bd102ed,CROSS_EVENT_MEMORY_ONLY,INCLUDED,0.21052631578947367,4,19,-0.01
E2_ROLLING_INCREMENTAL_AFTER_FULL_REUSE,RR-SHOCK/6,1,r8c-2166-0d8aa969d1272bb0,DT-RAMDE_TS2_FULL,r8c-4325-bf13453752790c8a,SHADE_ONLY,INCLUDED,0.15789473684210525,3,19,-0.01
E2_ROLLING_INCREMENTAL_AFTER_FULL_REUSE,RR-SHOCK/6,2,r8c-2172-bf16e90467e9cb41,DT-RAMDE_TS2_FULL,r8c-4326-f2339d5f0f885db9,NO_CROSS_EVENT_MEMORY,INCLUDED,0.15789473684210525,3,19,-0.01
E2_ROLLING_INCREMENTAL_AFTER_FULL_REUSE,RR-SHOCK/6,2,r8c-2172-bf16e90467e9cb41,DT-RAMDE_TS2_FULL,r8c-4327-66574acc2c045592,NO_EXECUTION_FEEDBACK,INCLUDED,0.3684210526315789,7,19,-0.01
E2_ROLLING_INCREMENTAL_AFTER_FULL_REUSE,RR-SHOCK/6,2,r8c-2172-bf16e90467e9cb41,DT-RAMDE_TS2_FULL,r8c-4328-2ccdce84914531a9,NO_REJECTION_CREDIT,INCLUDED,0.3684210526315789,7,19,-0.01
E2_ROLLING_INCREMENTAL_AFTER_FULL_REUSE,RR-SHOCK/6,2,r8c-2172-bf16e90467e9cb41,DT-RAMDE_TS2_FULL,r8c-4329-62502ebd902d5fc6,NO_MEMORY_RESET_GATE,INCLUDED,0.21052631578947367,4,19,-0.01
E2_ROLLING_INCREMENTAL_AFTER_FULL_REUSE,RR-SHOCK/6,2,r8c-2172-bf16e90467e9cb41,DT-RAMDE_TS2_FULL,r8c-4330-12a8d783d7452960,NO_LINEAGE_CREDIT,INCLUDED,0.42105263157894735,8,19,-0.01
E2_ROLLING_INCREMENTAL_AFTER_FULL_REUSE,RR-SHOCK/6,2,r8c-2172-bf16e90467e9cb41,DT-RAMDE_TS2_FULL,r8c-4331-e5e6758cde9f956c,CROSS_EVENT_WARM_START_ONLY,INCLUDED,0.21052631578947367,4,19,-0.01
E2_ROLLING_INCREMENTAL_AFTER_FULL_REUSE,RR-SHOCK/6,2,r8c-2172-bf16e90467e9cb41,DT-RAMDE_TS2_FULL,r8c-4332-2010fb8717fd1153,CROSS_EVENT_MEMORY_ONLY,INCLUDED,0.05263157894736842,1,19,-0.01
E2_ROLLING_INCREMENTAL_AFTER_FULL_REUSE,RR-SHOCK/6,2,r8c-2172-bf16e90467e9cb41,DT-RAMDE_TS2_FULL,r8c-4333-7e059cf67e137ca3,SHADE_ONLY,INCLUDED,0.10526315789473684,2,19,-0.01
E2_ROLLING_INCREMENTAL_AFTER_FULL_REUSE,RR-SHOCK/6,3,r8c-2178-dc06240ab39c409a,DT-RAMDE_TS2_FULL,r8c-4334-164b5087b5953d15,NO_CROSS_EVENT_MEMORY,INCLUDED,0.21052631578947367,4,19,-0.01
E2_ROLLING_INCREMENTAL_AFTER_FULL_REUSE,RR-SHOCK/6,3,r8c-2178-dc06240ab39c409a,DT-RAMDE_TS2_FULL,r8c-4335-e192d21994f09621,NO_EXECUTION_FEEDBACK,INCLUDED,0.5263157894736842,10,19,-0.01
E2_ROLLING_INCREMENTAL_AFTER_FULL_REUSE,RR-SHOCK/6,3,r8c-2178-dc06240ab39c409a,DT-RAMDE_TS2_FULL,r8c-4336-b85c87bce20f7980,NO_REJECTION_CREDIT,INCLUDED,0.21052631578947367,4,19,-0.01
E2_ROLLING_INCREMENTAL_AFTER_FULL_REUSE,RR-SHOCK/6,3,r8c-2178-dc06240ab39c409a,DT-RAMDE_TS2_FULL,r8c-4337-b0f03e7305d17f64,NO_MEMORY_RESET_GATE,INCLUDED,0.2631578947368421,5,19,-0.01
E2_ROLLING_INCREMENTAL_AFTER_FULL_REUSE,RR-SHOCK/6,3,r8c-2178-dc06240ab39c409a,DT-RAMDE_TS2_FULL,r8c-4338-a002e9cca8e4ac91,NO_LINEAGE_CREDIT,INCLUDED,0.631578947368421,12,19,-0.01
E2_ROLLING_INCREMENTAL_AFTER_FULL_REUSE,RR-SHOCK/6,3,r8c-2178-dc06240ab39c409a,DT-RAMDE_TS2_FULL,r8c-4339-c1a47c86d8b78f97,CROSS_EVENT_WARM_START_ONLY,INCLUDED,0.2631578947368421,5,19,-0.01
E2_ROLLING_INCREMENTAL_AFTER_FULL_REUSE,RR-SHOCK/6,3,r8c-2178-dc06240ab39c409a,DT-RAMDE_TS2_FULL,r8c-4340-765b2c13bdedba53,CROSS_EVENT_MEMORY_ONLY,INCLUDED,0.10526315789473684,2,19,-0.01
E2_ROLLING_INCREMENTAL_AFTER_FULL_REUSE,RR-SHOCK/6,3,r8c-2178-dc06240ab39c409a,DT-RAMDE_TS2_FULL,r8c-4341-88b338bac752499c,SHADE_ONLY,INCLUDED,0.10526315789473684,2,19,-0.01
E2_ROLLING_INCREMENTAL_AFTER_FULL_REUSE,RR-SHOCK/6,4,r8c-2184-0ea0c2c93482cb03,DT-RAMDE_TS2_FULL,r8c-4342-cdd593d3e9df301b,NO_CROSS_EVENT_MEMORY,INCLUDED,0.2631578947368421,5,19,-0.01
E2_ROLLING_INCREMENTAL_AFTER_FULL_REUSE,RR-SHOCK/6,4,r8c-2184-0ea0c2c93482cb03,DT-RAMDE_TS2_FULL,r8c-4343-83c0ecf674b154c7,NO_EXECUTION_FEEDBACK,INCLUDED,0.3684210526315789,7,19,-0.01
E2_ROLLING_INCREMENTAL_AFTER_FULL_REUSE,RR-SHOCK/6,4,r8c-2184-0ea0c2c93482cb03,DT-RAMDE_TS2_FULL,r8c-4344-8ed63497069405e2,NO_REJECTION_CREDIT,INCLUDED,0.42105263157894735,8,19,-0.01
E2_ROLLING_INCREMENTAL_AFTER_FULL_REUSE,RR-SHOCK/6,4,r8c-2184-0ea0c2c93482cb03,DT-RAMDE_TS2_FULL,r8c-4345-639529468189f2ec,NO_MEMORY_RESET_GATE,INCLUDED,0.47368421052631576,9,19,-0.01
E2_ROLLING_INCREMENTAL_AFTER_FULL_REUSE,RR-SHOCK/6,4,r8c-2184-0ea0c2c93482cb03,DT-RAMDE_TS2_FULL,r8c-4346-18d869669aa33165,NO_LINEAGE_CREDIT,INCLUDED,0.05263157894736842,1,19,-0.01
E2_ROLLING_INCREMENTAL_AFTER_FULL_REUSE,RR-SHOCK/6,4,r8c-2184-0ea0c2c93482cb03,DT-RAMDE_TS2_FULL,r8c-4347-534e764bc25c979c,CROSS_EVENT_WARM_START_ONLY,INCLUDED,0.7368421052631579,14,19,-0.01
E2_ROLLING_INCREMENTAL_AFTER_FULL_REUSE,RR-SHOCK/6,4,r8c-2184-0ea0c2c93482cb03,DT-RAMDE_TS2_FULL,r8c-4348-9c8098aa1d315b37,CROSS_EVENT_MEMORY_ONLY,INCLUDED,0.2631578947368421,5,19,-0.01
E2_ROLLING_INCREMENTAL_AFTER_FULL_REUSE,RR-SHOCK/6,4,r8c-2184-0ea0c2c93482cb03,DT-RAMDE_TS2_FULL,r8c-4349-e7163b1bd9c8b31b,SHADE_ONLY,INCLUDED,0.0,0,19,-0.01
E2_ROLLING_INCREMENTAL_AFTER_FULL_REUSE,RR-SHOCK/7,0,r8c-2190-12cd3365d4bbe56b,DT-RAMDE_TS2_FULL,r8c-4350-f6b4751af9bd7a33,NO_CROSS_EVENT_MEMORY,INCLUDED,0.3157894736842105,6,19,-0.01
E2_ROLLING_INCREMENTAL_AFTER_FULL_REUSE,RR-SHOCK/7,0,r8c-2190-12cd3365d4bbe56b,DT-RAMDE_TS2_FULL,r8c-4351-049e7f0913906a2b,NO_EXECUTION_FEEDBACK,INCLUDED,0.5789473684210527,11,19,-0.01
E2_ROLLING_INCREMENTAL_AFTER_FULL_REUSE,RR-SHOCK/7,0,r8c-2190-12cd3365d4bbe56b,DT-RAMDE_TS2_FULL,r8c-4352-008f4a0f94684356,NO_REJECTION_CREDIT,INCLUDED,0.2631578947368421,5,19,-0.01
E2_ROLLING_INCREMENTAL_AFTER_FULL_REUSE,RR-SHOCK/7,0,r8c-2190-12cd3365d4bbe56b,DT-RAMDE_TS2_FULL,r8c-4353-c7b9312c28b90b9f,NO_MEMORY_RESET_GATE,INCLUDED,0.631578947368421,12,19,-0.01
E2_ROLLING_INCREMENTAL_AFTER_FULL_REUSE,RR-SHOCK/7,0,r8c-2190-12cd3365d4bbe56b,DT-RAMDE_TS2_FULL,r8c-4354-3cdd2d9d6cc26ff3,NO_LINEAGE_CREDIT,INCLUDED,0.15789473684210525,3,19,-0.01
E2_ROLLING_INCREMENTAL_AFTER_FULL_REUSE,RR-SHOCK/7,0,r8c-2190-12cd3365d4bbe56b,DT-RAMDE_TS2_FULL,r8c-4355-c064105e5690ffc1,CROSS_EVENT_WARM_START_ONLY,INCLUDED,0.5789473684210527,11,19,-0.01
E2_ROLLING_INCREMENTAL_AFTER_FULL_REUSE,RR-SHOCK/7,0,r8c-2190-12cd3365d4bbe56b,DT-RAMDE_TS2_FULL,r8c-4356-e40cc8b20d980764,CROSS_EVENT_MEMORY_ONLY,INCLUDED,0.2631578947368421,5,19,-0.01
E2_ROLLING_INCREMENTAL_AFTER_FULL_REUSE,RR-SHOCK/7,0,r8c-2190-12cd3365d4bbe56b,DT-RAMDE_TS2_FULL,r8c-4357-85611bc321b23973,SHADE_ONLY,INCLUDED,0.21052631578947367,4,19,-0.01
E2_ROLLING_INCREMENTAL_AFTER_FULL_REUSE,RR-SHOCK/7,1,r8c-2196-0cda7ae12c0916c6,DT-RAMDE_TS2_FULL,r8c-4358-52674583c8dfa553,NO_CROSS_EVENT_MEMORY,INCLUDED,0.3157894736842105,6,19,-0.01
E2_ROLLING_INCREMENTAL_AFTER_FULL_REUSE,RR-SHOCK/7,1,r8c-2196-0cda7ae12c0916c6,DT-RAMDE_TS2_FULL,r8c-4359-772c77184d53aeed,NO_EXECUTION_FEEDBACK,INCLUDED,0.5789473684210527,11,19,-0.01
E2_ROLLING_INCREMENTAL_AFTER_FULL_REUSE,RR-SHOCK/7,1,r8c-2196-0cda7ae12c0916c6,DT-RAMDE_TS2_FULL,r8c-4360-0b20e5f97ae6f146,NO_REJECTION_CREDIT,INCLUDED,0.15789473684210525,3,19,-0.01
E2_ROLLING_INCREMENTAL_AFTER_FULL_REUSE,RR-SHOCK/7,1,r8c-2196-0cda7ae12c0916c6,DT-RAMDE_TS2_FULL,r8c-4361-982a5d9a6f5d6c4d,NO_MEMORY_RESET_GATE,INCLUDED,0.5789473684210527,11,19,-0.01
E2_ROLLING_INCREMENTAL_AFTER_FULL_REUSE,RR-SHOCK/7,1,r8c-2196-0cda7ae12c0916c6,DT-RAMDE_TS2_FULL,r8c-4362-fb1acfa27d7437d1,NO_LINEAGE_CREDIT,INCLUDED,0.21052631578947367,4,19,-0.01
E2_ROLLING_INCREMENTAL_AFTER_FULL_REUSE,RR-SHOCK/7,1,r8c-2196-0cda7ae12c0916c6,DT-RAMDE_TS2_FULL,r8c-4363-0107e191109569e3,CROSS_EVENT_WARM_START_ONLY,INCLUDED,0.5789473684210527,11,19,-0.01
E2_ROLLING_INCREMENTAL_AFTER_FULL_REUSE,RR-SHOCK/7,1,r8c-2196-0cda7ae12c0916c6,DT-RAMDE_TS2_FULL,r8c-4364-cf09c69b701d145f,CROSS_EVENT_MEMORY_ONLY,INCLUDED,0.2631578947368421,5,19,-0.01
E2_ROLLING_INCREMENTAL_AFTER_FULL_REUSE,RR-SHOCK/7,1,r8c-2196-0cda7ae12c0916c6,DT-RAMDE_TS2_FULL,r8c-4365-b0726c394504a5ff,SHADE_ONLY,INCLUDED,0.10526315789473684,2,19,-0.01
E2_ROLLING_INCREMENTAL_AFTER_FULL_REUSE,RR-SHOCK/7,2,r8c-2202-235d7e73ed965f87,DT-RAMDE_TS2_FULL,r8c-4366-6e76f1e4b1528805,NO_CROSS_EVENT_MEMORY,INCLUDED,0.0,0,19,-0.01
E2_ROLLING_INCREMENTAL_AFTER_FULL_REUSE,RR-SHOCK/7,2,r8c-2202-235d7e73ed965f87,DT-RAMDE_TS2_FULL,r8c-4367-bc70e32627750d8f,NO_EXECUTION_FEEDBACK,INCLUDED,0.631578947368421,12,19,-0.01
E2_ROLLING_INCREMENTAL_AFTER_FULL_REUSE,RR-SHOCK/7,2,r8c-2202-235d7e73ed965f87,DT-RAMDE_TS2_FULL,r8c-4368-492abf531c18c80c,NO_REJECTION_CREDIT,INCLUDED,0.3684210526315789,7,19,-0.01
E2_ROLLING_INCREMENTAL_AFTER_FULL_REUSE,RR-SHOCK/7,2,r8c-2202-235d7e73ed965f87,DT-RAMDE_TS2_FULL,r8c-4369-349127e9638b1e61,NO_MEMORY_RESET_GATE,INCLUDED,0.5789473684210527,11,19,-0.01
E2_ROLLING_INCREMENTAL_AFTER_FULL_REUSE,RR-SHOCK/7,2,r8c-2202-235d7e73ed965f87,DT-RAMDE_TS2_FULL,r8c-4370-0bd6e20b5a820829,NO_LINEAGE_CREDIT,INCLUDED,0.21052631578947367,4,19,-0.01
E2_ROLLING_INCREMENTAL_AFTER_FULL_REUSE,RR-SHOCK/7,2,r8c-2202-235d7e73ed965f87,DT-RAMDE_TS2_FULL,r8c-4371-a42cca34739c47fc,CROSS_EVENT_WARM_START_ONLY,INCLUDED,0.5263157894736842,10,19,-0.01
E2_ROLLING_INCREMENTAL_AFTER_FULL_REUSE,RR-SHOCK/7,2,r8c-2202-235d7e73ed965f87,DT-RAMDE_TS2_FULL,r8c-4372-7a614c3217060bca,CROSS_EVENT_MEMORY_ONLY,INCLUDED,0.10526315789473684,2,19,-0.01
E2_ROLLING_INCREMENTAL_AFTER_FULL_REUSE,RR-SHOCK/7,2,r8c-2202-235d7e73ed965f87,DT-RAMDE_TS2_FULL,r8c-4373-14122e47d689f184,SHADE_ONLY,INCLUDED,0.2631578947368421,5,19,-0.01
E2_ROLLING_INCREMENTAL_AFTER_FULL_REUSE,RR-SHOCK/7,3,r8c-2208-c84abbec42c490aa,DT-RAMDE_TS2_FULL,r8c-4374-aaa00e4d63916d45,NO_CROSS_EVENT_MEMORY,INCLUDED,0.2631578947368421,5,19,-0.01
E2_ROLLING_INCREMENTAL_AFTER_FULL_REUSE,RR-SHOCK/7,3,r8c-2208-c84abbec42c490aa,DT-RAMDE_TS2_FULL,r8c-4375-0a30121107449e47,NO_EXECUTION_FEEDBACK,INCLUDED,0.6842105263157895,13,19,-0.01
E2_ROLLING_INCREMENTAL_AFTER_FULL_REUSE,RR-SHOCK/7,3,r8c-2208-c84abbec42c490aa,DT-RAMDE_TS2_FULL,r8c-4376-3bcf0b65520c270a,NO_REJECTION_CREDIT,INCLUDED,0.47368421052631576,9,19,-0.01
E2_ROLLING_INCREMENTAL_AFTER_FULL_REUSE,RR-SHOCK/7,3,r8c-2208-c84abbec42c490aa,DT-RAMDE_TS2_FULL,r8c-4377-683c8f05ec10cf63,NO_MEMORY_RESET_GATE,INCLUDED,0.6842105263157895,13,19,-0.01
E2_ROLLING_INCREMENTAL_AFTER_FULL_REUSE,RR-SHOCK/7,3,r8c-2208-c84abbec42c490aa,DT-RAMDE_TS2_FULL,r8c-4378-7e27c5f7b7b87426,NO_LINEAGE_CREDIT,INCLUDED,0.2631578947368421,5,19,-0.01
E2_ROLLING_INCREMENTAL_AFTER_FULL_REUSE,RR-SHOCK/7,3,r8c-2208-c84abbec42c490aa,DT-RAMDE_TS2_FULL,r8c-4379-6e7fb4baf11a9dca,CROSS_EVENT_WARM_START_ONLY,INCLUDED,0.631578947368421,12,19,-0.01
E2_ROLLING_INCREMENTAL_AFTER_FULL_REUSE,RR-SHOCK/7,3,r8c-2208-c84abbec42c490aa,DT-RAMDE_TS2_FULL,r8c-4380-c2c657bbd131283b,CROSS_EVENT_MEMORY_ONLY,INCLUDED,0.3684210526315789,7,19,-0.01
E2_ROLLING_INCREMENTAL_AFTER_FULL_REUSE,RR-SHOCK/7,3,r8c-2208-c84abbec42c490aa,DT-RAMDE_TS2_FULL,r8c-4381-c692db7698ef62d2,SHADE_ONLY,INCLUDED,0.2631578947368421,5,19,-0.01
E2_ROLLING_INCREMENTAL_AFTER_FULL_REUSE,RR-SHOCK/7,4,r8c-2214-347869459658c649,DT-RAMDE_TS2_FULL,r8c-4382-b55ded866bc58b20,NO_CROSS_EVENT_MEMORY,INCLUDED,0.21052631578947367,4,19,-0.01
E2_ROLLING_INCREMENTAL_AFTER_FULL_REUSE,RR-SHOCK/7,4,r8c-2214-347869459658c649,DT-RAMDE_TS2_FULL,r8c-4383-933a2837e05241ce,NO_EXECUTION_FEEDBACK,INCLUDED,0.7368421052631579,14,19,-0.01
E2_ROLLING_INCREMENTAL_AFTER_FULL_REUSE,RR-SHOCK/7,4,r8c-2214-347869459658c649,DT-RAMDE_TS2_FULL,r8c-4384-76edb6475826bc0a,NO_REJECTION_CREDIT,INCLUDED,0.3684210526315789,7,19,-0.01
E2_ROLLING_INCREMENTAL_AFTER_FULL_REUSE,RR-SHOCK/7,4,r8c-2214-347869459658c649,DT-RAMDE_TS2_FULL,r8c-4385-65de2c14e1d09c95,NO_MEMORY_RESET_GATE,INCLUDED,0.7368421052631579,14,19,-0.01
E2_ROLLING_INCREMENTAL_AFTER_FULL_REUSE,RR-SHOCK/7,4,r8c-2214-347869459658c649,DT-RAMDE_TS2_FULL,r8c-4386-4b34762d7e922347,NO_LINEAGE_CREDIT,INCLUDED,0.47368421052631576,9,19,-0.01
E2_ROLLING_INCREMENTAL_AFTER_FULL_REUSE,RR-SHOCK/7,4,r8c-2214-347869459658c649,DT-RAMDE_TS2_FULL,r8c-4387-c5a7d56d80b3c30f,CROSS_EVENT_WARM_START_ONLY,INCLUDED,0.7368421052631579,14,19,-0.01
E2_ROLLING_INCREMENTAL_AFTER_FULL_REUSE,RR-SHOCK/7,4,r8c-2214-347869459658c649,DT-RAMDE_TS2_FULL,r8c-4388-a4cc4ae7abf2be35,CROSS_EVENT_MEMORY_ONLY,INCLUDED,0.21052631578947367,4,19,-0.01
E2_ROLLING_INCREMENTAL_AFTER_FULL_REUSE,RR-SHOCK/7,4,r8c-2214-347869459658c649,DT-RAMDE_TS2_FULL,r8c-4389-4c870f78e3335a50,SHADE_ONLY,INCLUDED,0.10526315789473684,2,19,-0.01
E2_ROLLING_INCREMENTAL_AFTER_FULL_REUSE,RR-REJECTION/0,0,r8c-2220-a6bd9bf16403dbf9,DT-RAMDE_TS2_FULL,r8c-4390-8e2d2ba0ce1ded8e,NO_CROSS_EVENT_MEMORY,INCLUDED,0.21052631578947367,4,19,-0.01
E2_ROLLING_INCREMENTAL_AFTER_FULL_REUSE,RR-REJECTION/0,0,r8c-2220-a6bd9bf16403dbf9,DT-RAMDE_TS2_FULL,r8c-4391-bda7b9a0bab6eef3,NO_EXECUTION_FEEDBACK,INCLUDED,0.3684210526315789,7,19,-0.01
E2_ROLLING_INCREMENTAL_AFTER_FULL_REUSE,RR-REJECTION/0,0,r8c-2220-a6bd9bf16403dbf9,DT-RAMDE_TS2_FULL,r8c-4392-fa74812d79ea7699,NO_REJECTION_CREDIT,INCLUDED,0.21052631578947367,4,19,-0.01
E2_ROLLING_INCREMENTAL_AFTER_FULL_REUSE,RR-REJECTION/0,0,r8c-2220-a6bd9bf16403dbf9,DT-RAMDE_TS2_FULL,r8c-4393-7de4c122dd34c9fc,NO_MEMORY_RESET_GATE,INCLUDED,0.42105263157894735,8,19,-0.01
E2_ROLLING_INCREMENTAL_AFTER_FULL_REUSE,RR-REJECTION/0,0,r8c-2220-a6bd9bf16403dbf9,DT-RAMDE_TS2_FULL,r8c-4394-af84566119437315,NO_LINEAGE_CREDIT,INCLUDED,0.2631578947368421,5,19,-0.01
E2_ROLLING_INCREMENTAL_AFTER_FULL_REUSE,RR-REJECTION/0,0,r8c-2220-a6bd9bf16403dbf9,DT-RAMDE_TS2_FULL,r8c-4395-de2bcbf24c2b350f,CROSS_EVENT_WARM_START_ONLY,INCLUDED,0.47368421052631576,9,19,-0.01
E2_ROLLING_INCREMENTAL_AFTER_FULL_REUSE,RR-REJECTION/0,0,r8c-2220-a6bd9bf16403dbf9,DT-RAMDE_TS2_FULL,r8c-4396-d740d54d50379d89,CROSS_EVENT_MEMORY_ONLY,INCLUDED,0.15789473684210525,3,19,-0.01
E2_ROLLING_INCREMENTAL_AFTER_FULL_REUSE,RR-REJECTION/0,0,r8c-2220-a6bd9bf16403dbf9,DT-RAMDE_TS2_FULL,r8c-4397-74ff22f810f0b548,SHADE_ONLY,INCLUDED,0.21052631578947367,4,19,-0.01
E2_ROLLING_INCREMENTAL_AFTER_FULL_REUSE,RR-REJECTION/0,1,r8c-2226-bb881ac727b0e214,DT-RAMDE_TS2_FULL,r8c-4398-c9210f4c2b24d753,NO_CROSS_EVENT_MEMORY,INCLUDED,0.2631578947368421,5,19,-0.01
E2_ROLLING_INCREMENTAL_AFTER_FULL_REUSE,RR-REJECTION/0,1,r8c-2226-bb881ac727b0e214,DT-RAMDE_TS2_FULL,r8c-4399-913d42c902ca9990,NO_EXECUTION_FEEDBACK,INCLUDED,0.5789473684210527,11,19,-0.01
E2_ROLLING_INCREMENTAL_AFTER_FULL_REUSE,RR-REJECTION/0,1,r8c-2226-bb881ac727b0e214,DT-RAMDE_TS2_FULL,r8c-4400-ca8e348f83763363,NO_REJECTION_CREDIT,INCLUDED,0.42105263157894735,8,19,-0.01
E2_ROLLING_INCREMENTAL_AFTER_FULL_REUSE,RR-REJECTION/0,1,r8c-2226-bb881ac727b0e214,DT-RAMDE_TS2_FULL,r8c-4401-e3702a4a934e5628,NO_MEMORY_RESET_GATE,INCLUDED,0.631578947368421,12,19,-0.01
E2_ROLLING_INCREMENTAL_AFTER_FULL_REUSE,RR-REJECTION/0,1,r8c-2226-bb881ac727b0e214,DT-RAMDE_TS2_FULL,r8c-4402-8715aba00725e32b,NO_LINEAGE_CREDIT,INCLUDED,0.3684210526315789,7,19,-0.01
E2_ROLLING_INCREMENTAL_AFTER_FULL_REUSE,RR-REJECTION/0,1,r8c-2226-bb881ac727b0e214,DT-RAMDE_TS2_FULL,r8c-4403-f37e77c8a07cf643,CROSS_EVENT_WARM_START_ONLY,INCLUDED,0.631578947368421,12,19,-0.01
E2_ROLLING_INCREMENTAL_AFTER_FULL_REUSE,RR-REJECTION/0,1,r8c-2226-bb881ac727b0e214,DT-RAMDE_TS2_FULL,r8c-4404-b8207db977c6714e,CROSS_EVENT_MEMORY_ONLY,INCLUDED,0.47368421052631576,9,19,-0.01
E2_ROLLING_INCREMENTAL_AFTER_FULL_REUSE,RR-REJECTION/0,1,r8c-2226-bb881ac727b0e214,DT-RAMDE_TS2_FULL,r8c-4405-8e143b081c71bdbd,SHADE_ONLY,INCLUDED,0.21052631578947367,4,19,-0.01
E2_ROLLING_INCREMENTAL_AFTER_FULL_REUSE,RR-REJECTION/0,2,r8c-2232-a25f7d9ddd6080c0,DT-RAMDE_TS2_FULL,r8c-4406-7bfce38abf6f15db,NO_CROSS_EVENT_MEMORY,INCLUDED,0.21052631578947367,4,19,-0.01
E2_ROLLING_INCREMENTAL_AFTER_FULL_REUSE,RR-REJECTION/0,2,r8c-2232-a25f7d9ddd6080c0,DT-RAMDE_TS2_FULL,r8c-4407-4656ed6d235cbbf4,NO_EXECUTION_FEEDBACK,INCLUDED,0.47368421052631576,9,19,-0.01
E2_ROLLING_INCREMENTAL_AFTER_FULL_REUSE,RR-REJECTION/0,2,r8c-2232-a25f7d9ddd6080c0,DT-RAMDE_TS2_FULL,r8c-4408-67d82921e9a18d1e,NO_REJECTION_CREDIT,INCLUDED,0.3157894736842105,6,19,-0.01
E2_ROLLING_INCREMENTAL_AFTER_FULL_REUSE,RR-REJECTION/0,2,r8c-2232-a25f7d9ddd6080c0,DT-RAMDE_TS2_FULL,r8c-4409-3d84ce09733c83fb,NO_MEMORY_RESET_GATE,INCLUDED,0.47368421052631576,9,19,-0.01
E2_ROLLING_INCREMENTAL_AFTER_FULL_REUSE,RR-REJECTION/0,2,r8c-2232-a25f7d9ddd6080c0,DT-RAMDE_TS2_FULL,r8c-4410-7e95ee3379201f7b,NO_LINEAGE_CREDIT,INCLUDED,0.15789473684210525,3,19,-0.01
E2_ROLLING_INCREMENTAL_AFTER_FULL_REUSE,RR-REJECTION/0,2,r8c-2232-a25f7d9ddd6080c0,DT-RAMDE_TS2_FULL,r8c-4411-5b6c01c91a45d633,CROSS_EVENT_WARM_START_ONLY,INCLUDED,0.47368421052631576,9,19,-0.01
E2_ROLLING_INCREMENTAL_AFTER_FULL_REUSE,RR-REJECTION/0,2,r8c-2232-a25f7d9ddd6080c0,DT-RAMDE_TS2_FULL,r8c-4412-9544ae4781233d75,CROSS_EVENT_MEMORY_ONLY,INCLUDED,0.10526315789473684,2,19,-0.01
E2_ROLLING_INCREMENTAL_AFTER_FULL_REUSE,RR-REJECTION/0,2,r8c-2232-a25f7d9ddd6080c0,DT-RAMDE_TS2_FULL,r8c-4413-30f65140b275140f,SHADE_ONLY,INCLUDED,0.10526315789473684,2,19,-0.01
E2_ROLLING_INCREMENTAL_AFTER_FULL_REUSE,RR-REJECTION/0,3,r8c-2238-3d426d3a2f340bc5,DT-RAMDE_TS2_FULL,r8c-4414-d88c5029c553169d,NO_CROSS_EVENT_MEMORY,INCLUDED,0.15789473684210525,3,19,-0.01
E2_ROLLING_INCREMENTAL_AFTER_FULL_REUSE,RR-REJECTION/0,3,r8c-2238-3d426d3a2f340bc5,DT-RAMDE_TS2_FULL,r8c-4415-2540482e49952efa,NO_EXECUTION_FEEDBACK,INCLUDED,0.6842105263157895,13,19,-0.01
E2_ROLLING_INCREMENTAL_AFTER_FULL_REUSE,RR-REJECTION/0,3,r8c-2238-3d426d3a2f340bc5,DT-RAMDE_TS2_FULL,r8c-4416-9f8cc1d2cc8582ed,NO_REJECTION_CREDIT,INCLUDED,0.47368421052631576,9,19,-0.01
E2_ROLLING_INCREMENTAL_AFTER_FULL_REUSE,RR-REJECTION/0,3,r8c-2238-3d426d3a2f340bc5,DT-RAMDE_TS2_FULL,r8c-4417-42b99aed5ced6645,NO_MEMORY_RESET_GATE,INCLUDED,0.6842105263157895,13,19,-0.01
E2_ROLLING_INCREMENTAL_AFTER_FULL_REUSE,RR-REJECTION/0,3,r8c-2238-3d426d3a2f340bc5,DT-RAMDE_TS2_FULL,r8c-4418-a0fd6f10d6ee25df,NO_LINEAGE_CREDIT,INCLUDED,0.3157894736842105,6,19,-0.01
E2_ROLLING_INCREMENTAL_AFTER_FULL_REUSE,RR-REJECTION/0,3,r8c-2238-3d426d3a2f340bc5,DT-RAMDE_TS2_FULL,r8c-4419-05f02d0e5740d370,CROSS_EVENT_WARM_START_ONLY,INCLUDED,0.631578947368421,12,19,-0.01
E2_ROLLING_INCREMENTAL_AFTER_FULL_REUSE,RR-REJECTION/0,3,r8c-2238-3d426d3a2f340bc5,DT-RAMDE_TS2_FULL,r8c-4420-84d61377d0205d42,CROSS_EVENT_MEMORY_ONLY,INCLUDED,0.05263157894736842,1,19,-0.01
E2_ROLLING_INCREMENTAL_AFTER_FULL_REUSE,RR-REJECTION/0,3,r8c-2238-3d426d3a2f340bc5,DT-RAMDE_TS2_FULL,r8c-4421-d02c37fd36407ae9,SHADE_ONLY,INCLUDED,0.3157894736842105,6,19,-0.01
E2_ROLLING_INCREMENTAL_AFTER_FULL_REUSE,RR-REJECTION/0,4,r8c-2244-6346263c425042f5,DT-RAMDE_TS2_FULL,r8c-4422-694f74dedf72f330,NO_CROSS_EVENT_MEMORY,INCLUDED,0.2631578947368421,5,19,-0.01
E2_ROLLING_INCREMENTAL_AFTER_FULL_REUSE,RR-REJECTION/0,4,r8c-2244-6346263c425042f5,DT-RAMDE_TS2_FULL,r8c-4423-8c67cdd7c178412f,NO_EXECUTION_FEEDBACK,INCLUDED,0.5789473684210527,11,19,-0.01
E2_ROLLING_INCREMENTAL_AFTER_FULL_REUSE,RR-REJECTION/0,4,r8c-2244-6346263c425042f5,DT-RAMDE_TS2_FULL,r8c-4424-a6a2eced3858f9e2,NO_REJECTION_CREDIT,INCLUDED,0.47368421052631576,9,19,-0.01
E2_ROLLING_INCREMENTAL_AFTER_FULL_REUSE,RR-REJECTION/0,4,r8c-2244-6346263c425042f5,DT-RAMDE_TS2_FULL,r8c-4425-f099ff9a9b75b577,NO_MEMORY_RESET_GATE,INCLUDED,0.5789473684210527,11,19,-0.01
E2_ROLLING_INCREMENTAL_AFTER_FULL_REUSE,RR-REJECTION/0,4,r8c-2244-6346263c425042f5,DT-RAMDE_TS2_FULL,r8c-4426-ef4e59ca80613d29,NO_LINEAGE_CREDIT,INCLUDED,0.42105263157894735,8,19,-0.01
E2_ROLLING_INCREMENTAL_AFTER_FULL_REUSE,RR-REJECTION/0,4,r8c-2244-6346263c425042f5,DT-RAMDE_TS2_FULL,r8c-4427-6e822f99e28210d3,CROSS_EVENT_WARM_START_ONLY,INCLUDED,0.5789473684210527,11,19,-0.01
E2_ROLLING_INCREMENTAL_AFTER_FULL_REUSE,RR-REJECTION/0,4,r8c-2244-6346263c425042f5,DT-RAMDE_TS2_FULL,r8c-4428-b54ffd1cbf372056,CROSS_EVENT_MEMORY_ONLY,INCLUDED,0.21052631578947367,4,19,-0.01
E2_ROLLING_INCREMENTAL_AFTER_FULL_REUSE,RR-REJECTION/0,4,r8c-2244-6346263c425042f5,DT-RAMDE_TS2_FULL,r8c-4429-7abe05266d0d4223,SHADE_ONLY,INCLUDED,0.2631578947368421,5,19,-0.01
E2_ROLLING_INCREMENTAL_AFTER_FULL_REUSE,RR-REJECTION/1,0,r8c-2250-3eadbed3c762af5d,DT-RAMDE_TS2_FULL,r8c-4430-580cc022b175a67b,NO_CROSS_EVENT_MEMORY,INCLUDED,0.2631578947368421,5,19,-0.01
E2_ROLLING_INCREMENTAL_AFTER_FULL_REUSE,RR-REJECTION/1,0,r8c-2250-3eadbed3c762af5d,DT-RAMDE_TS2_FULL,r8c-4431-d46d9fdefd51c313,NO_EXECUTION_FEEDBACK,INCLUDED,0.5263157894736842,10,19,-0.01
E2_ROLLING_INCREMENTAL_AFTER_FULL_REUSE,RR-REJECTION/1,0,r8c-2250-3eadbed3c762af5d,DT-RAMDE_TS2_FULL,r8c-4432-acc4fc6645e692f2,NO_REJECTION_CREDIT,INCLUDED,0.47368421052631576,9,19,-0.01
E2_ROLLING_INCREMENTAL_AFTER_FULL_REUSE,RR-REJECTION/1,0,r8c-2250-3eadbed3c762af5d,DT-RAMDE_TS2_FULL,r8c-4433-8af280ede6d6ab39,NO_MEMORY_RESET_GATE,INCLUDED,0.5789473684210527,11,19,-0.01
E2_ROLLING_INCREMENTAL_AFTER_FULL_REUSE,RR-REJECTION/1,0,r8c-2250-3eadbed3c762af5d,DT-RAMDE_TS2_FULL,r8c-4434-87f661519fd09457,NO_LINEAGE_CREDIT,INCLUDED,0.3157894736842105,6,19,-0.01
E2_ROLLING_INCREMENTAL_AFTER_FULL_REUSE,RR-REJECTION/1,0,r8c-2250-3eadbed3c762af5d,DT-RAMDE_TS2_FULL,r8c-4435-d001e2882ee79a00,CROSS_EVENT_WARM_START_ONLY,INCLUDED,0.5263157894736842,10,19,-0.01
E2_ROLLING_INCREMENTAL_AFTER_FULL_REUSE,RR-REJECTION/1,0,r8c-2250-3eadbed3c762af5d,DT-RAMDE_TS2_FULL,r8c-4436-0828592c5b2347b1,CROSS_EVENT_MEMORY_ONLY,INCLUDED,0.3157894736842105,6,19,-0.01
E2_ROLLING_INCREMENTAL_AFTER_FULL_REUSE,RR-REJECTION/1,0,r8c-2250-3eadbed3c762af5d,DT-RAMDE_TS2_FULL,r8c-4437-3e96ece54a106e44,SHADE_ONLY,INCLUDED,0.21052631578947367,4,19,-0.01
E2_ROLLING_INCREMENTAL_AFTER_FULL_REUSE,RR-REJECTION/1,1,r8c-2256-9964dac91078a02e,DT-RAMDE_TS2_FULL,r8c-4438-2ac2a27d51a5e8ea,NO_CROSS_EVENT_MEMORY,INCLUDED,0.3157894736842105,6,19,-0.01
E2_ROLLING_INCREMENTAL_AFTER_FULL_REUSE,RR-REJECTION/1,1,r8c-2256-9964dac91078a02e,DT-RAMDE_TS2_FULL,r8c-4439-ed98f0cb1c723bba,NO_EXECUTION_FEEDBACK,INCLUDED,0.5789473684210527,11,19,-0.01
E2_ROLLING_INCREMENTAL_AFTER_FULL_REUSE,RR-REJECTION/1,1,r8c-2256-9964dac91078a02e,DT-RAMDE_TS2_FULL,r8c-4440-fb8077572540012e,NO_REJECTION_CREDIT,INCLUDED,0.47368421052631576,9,19,-0.01
E2_ROLLING_INCREMENTAL_AFTER_FULL_REUSE,RR-REJECTION/1,1,r8c-2256-9964dac91078a02e,DT-RAMDE_TS2_FULL,r8c-4441-d69dfb2fc43eb605,NO_MEMORY_RESET_GATE,INCLUDED,0.5789473684210527,11,19,-0.01
E2_ROLLING_INCREMENTAL_AFTER_FULL_REUSE,RR-REJECTION/1,1,r8c-2256-9964dac91078a02e,DT-RAMDE_TS2_FULL,r8c-4442-fb538917f43685e0,NO_LINEAGE_CREDIT,INCLUDED,0.2631578947368421,5,19,-0.01
E2_ROLLING_INCREMENTAL_AFTER_FULL_REUSE,RR-REJECTION/1,1,r8c-2256-9964dac91078a02e,DT-RAMDE_TS2_FULL,r8c-4443-43ef486e069ac634,CROSS_EVENT_WARM_START_ONLY,INCLUDED,0.5789473684210527,11,19,-0.01
E2_ROLLING_INCREMENTAL_AFTER_FULL_REUSE,RR-REJECTION/1,1,r8c-2256-9964dac91078a02e,DT-RAMDE_TS2_FULL,r8c-4444-c112f4bdd9ec36db,CROSS_EVENT_MEMORY_ONLY,INCLUDED,0.21052631578947367,4,19,-0.01
E2_ROLLING_INCREMENTAL_AFTER_FULL_REUSE,RR-REJECTION/1,1,r8c-2256-9964dac91078a02e,DT-RAMDE_TS2_FULL,r8c-4445-1630c2cbc62ed972,SHADE_ONLY,INCLUDED,0.3157894736842105,6,19,-0.01
E2_ROLLING_INCREMENTAL_AFTER_FULL_REUSE,RR-REJECTION/1,2,r8c-2262-f18a0558b3b3623f,DT-RAMDE_TS2_FULL,r8c-4446-9ed03fcf15b95ff1,NO_CROSS_EVENT_MEMORY,INCLUDED,0.3157894736842105,6,19,-0.01
E2_ROLLING_INCREMENTAL_AFTER_FULL_REUSE,RR-REJECTION/1,2,r8c-2262-f18a0558b3b3623f,DT-RAMDE_TS2_FULL,r8c-4447-bfaf6f99f957706b,NO_EXECUTION_FEEDBACK,INCLUDED,0.5263157894736842,10,19,-0.01
E2_ROLLING_INCREMENTAL_AFTER_FULL_REUSE,RR-REJECTION/1,2,r8c-2262-f18a0558b3b3623f,DT-RAMDE_TS2_FULL,r8c-4448-c5cc8c6e1b782cfb,NO_REJECTION_CREDIT,INCLUDED,0.42105263157894735,8,19,-0.01
E2_ROLLING_INCREMENTAL_AFTER_FULL_REUSE,RR-REJECTION/1,2,r8c-2262-f18a0558b3b3623f,DT-RAMDE_TS2_FULL,r8c-4449-c7032ce1fa959012,NO_MEMORY_RESET_GATE,INCLUDED,0.5789473684210527,11,19,-0.01
E2_ROLLING_INCREMENTAL_AFTER_FULL_REUSE,RR-REJECTION/1,2,r8c-2262-f18a0558b3b3623f,DT-RAMDE_TS2_FULL,r8c-4450-b302e3a629206893,NO_LINEAGE_CREDIT,INCLUDED,0.5263157894736842,10,19,-0.01
E2_ROLLING_INCREMENTAL_AFTER_FULL_REUSE,RR-REJECTION/1,2,r8c-2262-f18a0558b3b3623f,DT-RAMDE_TS2_FULL,r8c-4451-a933f79c714680f4,CROSS_EVENT_WARM_START_ONLY,INCLUDED,0.5263157894736842,10,19,-0.01
E2_ROLLING_INCREMENTAL_AFTER_FULL_REUSE,RR-REJECTION/1,2,r8c-2262-f18a0558b3b3623f,DT-RAMDE_TS2_FULL,r8c-4452-19cbfafc0836b6ea,CROSS_EVENT_MEMORY_ONLY,INCLUDED,0.21052631578947367,4,19,-0.01
E2_ROLLING_INCREMENTAL_AFTER_FULL_REUSE,RR-REJECTION/1,2,r8c-2262-f18a0558b3b3623f,DT-RAMDE_TS2_FULL,r8c-4453-a5f222acc465d1eb,SHADE_ONLY,INCLUDED,0.3157894736842105,6,19,-0.01
E2_ROLLING_INCREMENTAL_AFTER_FULL_REUSE,RR-REJECTION/1,3,r8c-2268-ac876337818644b6,DT-RAMDE_TS2_FULL,r8c-4454-11cbba954bbc96d0,NO_CROSS_EVENT_MEMORY,INCLUDED,0.10526315789473684,2,19,-0.01
E2_ROLLING_INCREMENTAL_AFTER_FULL_REUSE,RR-REJECTION/1,3,r8c-2268-ac876337818644b6,DT-RAMDE_TS2_FULL,r8c-4455-dcbfa9d3917c7dee,NO_EXECUTION_FEEDBACK,INCLUDED,0.42105263157894735,8,19,-0.01
E2_ROLLING_INCREMENTAL_AFTER_FULL_REUSE,RR-REJECTION/1,3,r8c-2268-ac876337818644b6,DT-RAMDE_TS2_FULL,r8c-4456-bca34df50dd77965,NO_REJECTION_CREDIT,INCLUDED,0.2631578947368421,5,19,-0.01
E2_ROLLING_INCREMENTAL_AFTER_FULL_REUSE,RR-REJECTION/1,3,r8c-2268-ac876337818644b6,DT-RAMDE_TS2_FULL,r8c-4457-6102e784cbbaed20,NO_MEMORY_RESET_GATE,INCLUDED,0.42105263157894735,8,19,-0.01
E2_ROLLING_INCREMENTAL_AFTER_FULL_REUSE,RR-REJECTION/1,3,r8c-2268-ac876337818644b6,DT-RAMDE_TS2_FULL,r8c-4458-713933e5614997d7,NO_LINEAGE_CREDIT,INCLUDED,0.3684210526315789,7,19,-0.01
E2_ROLLING_INCREMENTAL_AFTER_FULL_REUSE,RR-REJECTION/1,3,r8c-2268-ac876337818644b6,DT-RAMDE_TS2_FULL,r8c-4459-0d143a932eb3e1f3,CROSS_EVENT_WARM_START_ONLY,INCLUDED,0.42105263157894735,8,19,-0.01
E2_ROLLING_INCREMENTAL_AFTER_FULL_REUSE,RR-REJECTION/1,3,r8c-2268-ac876337818644b6,DT-RAMDE_TS2_FULL,r8c-4460-0d4446875cecbc72,CROSS_EVENT_MEMORY_ONLY,INCLUDED,0.15789473684210525,3,19,-0.01
E2_ROLLING_INCREMENTAL_AFTER_FULL_REUSE,RR-REJECTION/1,3,r8c-2268-ac876337818644b6,DT-RAMDE_TS2_FULL,r8c-4461-f5b2e3b215c92d05,SHADE_ONLY,INCLUDED,0.2631578947368421,5,19,-0.01
E2_ROLLING_INCREMENTAL_AFTER_FULL_REUSE,RR-REJECTION/1,4,r8c-2274-8bd838f7950df506,DT-RAMDE_TS2_FULL,r8c-4462-d50154f3d39df084,NO_CROSS_EVENT_MEMORY,INCLUDED,0.21052631578947367,4,19,-0.01
E2_ROLLING_INCREMENTAL_AFTER_FULL_REUSE,RR-REJECTION/1,4,r8c-2274-8bd838f7950df506,DT-RAMDE_TS2_FULL,r8c-4463-4c74e0d0c5b60b36,NO_EXECUTION_FEEDBACK,INCLUDED,0.47368421052631576,9,19,-0.01
E2_ROLLING_INCREMENTAL_AFTER_FULL_REUSE,RR-REJECTION/1,4,r8c-2274-8bd838f7950df506,DT-RAMDE_TS2_FULL,r8c-4464-7561f717f2cba9f6,NO_REJECTION_CREDIT,INCLUDED,0.3684210526315789,7,19,-0.01
E2_ROLLING_INCREMENTAL_AFTER_FULL_REUSE,RR-REJECTION/1,4,r8c-2274-8bd838f7950df506,DT-RAMDE_TS2_FULL,r8c-4465-697694ec3abb7c4c,NO_MEMORY_RESET_GATE,INCLUDED,0.5263157894736842,10,19,-0.01
E2_ROLLING_INCREMENTAL_AFTER_FULL_REUSE,RR-REJECTION/1,4,r8c-2274-8bd838f7950df506,DT-RAMDE_TS2_FULL,r8c-4466-79b6b2d1e4932280,NO_LINEAGE_CREDIT,INCLUDED,0.3684210526315789,7,19,-0.01
E2_ROLLING_INCREMENTAL_AFTER_FULL_REUSE,RR-REJECTION/1,4,r8c-2274-8bd838f7950df506,DT-RAMDE_TS2_FULL,r8c-4467-cec498f984999b25,CROSS_EVENT_WARM_START_ONLY,INCLUDED,0.47368421052631576,9,19,-0.01
E2_ROLLING_INCREMENTAL_AFTER_FULL_REUSE,RR-REJECTION/1,4,r8c-2274-8bd838f7950df506,DT-RAMDE_TS2_FULL,r8c-4468-c2c4fe15229f0244,CROSS_EVENT_MEMORY_ONLY,INCLUDED,0.2631578947368421,5,19,-0.01
E2_ROLLING_INCREMENTAL_AFTER_FULL_REUSE,RR-REJECTION/1,4,r8c-2274-8bd838f7950df506,DT-RAMDE_TS2_FULL,r8c-4469-c4215978aea9ddf2,SHADE_ONLY,INCLUDED,0.15789473684210525,3,19,-0.01
E2_ROLLING_INCREMENTAL_AFTER_FULL_REUSE,RR-REJECTION/2,0,r8c-2280-5193a29e6741ae89,DT-RAMDE_TS2_FULL,r8c-4470-d08376a195588258,NO_CROSS_EVENT_MEMORY,INCLUDED,0.21052631578947367,4,19,-0.01
E2_ROLLING_INCREMENTAL_AFTER_FULL_REUSE,RR-REJECTION/2,0,r8c-2280-5193a29e6741ae89,DT-RAMDE_TS2_FULL,r8c-4471-cc0b131a573be9d1,NO_EXECUTION_FEEDBACK,INCLUDED,0.42105263157894735,8,19,-0.01
E2_ROLLING_INCREMENTAL_AFTER_FULL_REUSE,RR-REJECTION/2,0,r8c-2280-5193a29e6741ae89,DT-RAMDE_TS2_FULL,r8c-4472-1dbbd64d5723f3c0,NO_REJECTION_CREDIT,INCLUDED,0.42105263157894735,8,19,-0.01
E2_ROLLING_INCREMENTAL_AFTER_FULL_REUSE,RR-REJECTION/2,0,r8c-2280-5193a29e6741ae89,DT-RAMDE_TS2_FULL,r8c-4473-89b5b5b43ca69bb6,NO_MEMORY_RESET_GATE,INCLUDED,0.6842105263157895,13,19,-0.01
E2_ROLLING_INCREMENTAL_AFTER_FULL_REUSE,RR-REJECTION/2,0,r8c-2280-5193a29e6741ae89,DT-RAMDE_TS2_FULL,r8c-4474-3ae3ca069cd7be45,NO_LINEAGE_CREDIT,INCLUDED,0.15789473684210525,3,19,-0.01
E2_ROLLING_INCREMENTAL_AFTER_FULL_REUSE,RR-REJECTION/2,0,r8c-2280-5193a29e6741ae89,DT-RAMDE_TS2_FULL,r8c-4475-ab090532dda0c4f5,CROSS_EVENT_WARM_START_ONLY,INCLUDED,0.6842105263157895,13,19,-0.01
E2_ROLLING_INCREMENTAL_AFTER_FULL_REUSE,RR-REJECTION/2,0,r8c-2280-5193a29e6741ae89,DT-RAMDE_TS2_FULL,r8c-4476-cebf8f6c1eec3c9c,CROSS_EVENT_MEMORY_ONLY,INCLUDED,0.15789473684210525,3,19,-0.01
E2_ROLLING_INCREMENTAL_AFTER_FULL_REUSE,RR-REJECTION/2,0,r8c-2280-5193a29e6741ae89,DT-RAMDE_TS2_FULL,r8c-4477-b8a6187ce8ab1276,SHADE_ONLY,INCLUDED,0.15789473684210525,3,19,-0.01
E2_ROLLING_INCREMENTAL_AFTER_FULL_REUSE,RR-REJECTION/2,1,r8c-2286-65ff47984f005da1,DT-RAMDE_TS2_FULL,r8c-4478-e0ff654a43799db4,NO_CROSS_EVENT_MEMORY,INCLUDED,0.2631578947368421,5,19,-0.01
E2_ROLLING_INCREMENTAL_AFTER_FULL_REUSE,RR-REJECTION/2,1,r8c-2286-65ff47984f005da1,DT-RAMDE_TS2_FULL,r8c-4479-1d5d64cecb6caad3,NO_EXECUTION_FEEDBACK,INCLUDED,0.3157894736842105,6,19,-0.01
E2_ROLLING_INCREMENTAL_AFTER_FULL_REUSE,RR-REJECTION/2,1,r8c-2286-65ff47984f005da1,DT-RAMDE_TS2_FULL,r8c-4480-7544c7588460d592,NO_REJECTION_CREDIT,INCLUDED,0.42105263157894735,8,19,-0.01
E2_ROLLING_INCREMENTAL_AFTER_FULL_REUSE,RR-REJECTION/2,1,r8c-2286-65ff47984f005da1,DT-RAMDE_TS2_FULL,r8c-4481-479051a4b80609d5,NO_MEMORY_RESET_GATE,INCLUDED,0.42105263157894735,8,19,-0.01
E2_ROLLING_INCREMENTAL_AFTER_FULL_REUSE,RR-REJECTION/2,1,r8c-2286-65ff47984f005da1,DT-RAMDE_TS2_FULL,r8c-4482-102651bab30b2380,NO_LINEAGE_CREDIT,INCLUDED,0.15789473684210525,3,19,-0.01
E2_ROLLING_INCREMENTAL_AFTER_FULL_REUSE,RR-REJECTION/2,1,r8c-2286-65ff47984f005da1,DT-RAMDE_TS2_FULL,r8c-4483-3a72e408f334157d,CROSS_EVENT_WARM_START_ONLY,INCLUDED,0.42105263157894735,8,19,-0.01
E2_ROLLING_INCREMENTAL_AFTER_FULL_REUSE,RR-REJECTION/2,1,r8c-2286-65ff47984f005da1,DT-RAMDE_TS2_FULL,r8c-4484-a53cb4a54d4bc4cb,CROSS_EVENT_MEMORY_ONLY,INCLUDED,0.15789473684210525,3,19,-0.01
E2_ROLLING_INCREMENTAL_AFTER_FULL_REUSE,RR-REJECTION/2,1,r8c-2286-65ff47984f005da1,DT-RAMDE_TS2_FULL,r8c-4485-58d0537dfba8b1ed,SHADE_ONLY,INCLUDED,0.15789473684210525,3,19,-0.01
E2_ROLLING_INCREMENTAL_AFTER_FULL_REUSE,RR-REJECTION/2,2,r8c-2292-3117e113ca9d60b4,DT-RAMDE_TS2_FULL,r8c-4486-4ec6932ad0c62f8a,NO_CROSS_EVENT_MEMORY,INCLUDED,0.3684210526315789,7,19,-0.01
E2_ROLLING_INCREMENTAL_AFTER_FULL_REUSE,RR-REJECTION/2,2,r8c-2292-3117e113ca9d60b4,DT-RAMDE_TS2_FULL,r8c-4487-15c8036e23d159e3,NO_EXECUTION_FEEDBACK,INCLUDED,0.5263157894736842,10,19,-0.01
E2_ROLLING_INCREMENTAL_AFTER_FULL_REUSE,RR-REJECTION/2,2,r8c-2292-3117e113ca9d60b4,DT-RAMDE_TS2_FULL,r8c-4488-89c85581379f48b3,NO_REJECTION_CREDIT,INCLUDED,0.5263157894736842,10,19,-0.01
E2_ROLLING_INCREMENTAL_AFTER_FULL_REUSE,RR-REJECTION/2,2,r8c-2292-3117e113ca9d60b4,DT-RAMDE_TS2_FULL,r8c-4489-ac2619b2c52f048f,NO_MEMORY_RESET_GATE,INCLUDED,0.7894736842105263,15,19,-0.01
E2_ROLLING_INCREMENTAL_AFTER_FULL_REUSE,RR-REJECTION/2,2,r8c-2292-3117e113ca9d60b4,DT-RAMDE_TS2_FULL,r8c-4490-79f016be37cf18bd,NO_LINEAGE_CREDIT,INCLUDED,0.42105263157894735,8,19,-0.01
E2_ROLLING_INCREMENTAL_AFTER_FULL_REUSE,RR-REJECTION/2,2,r8c-2292-3117e113ca9d60b4,DT-RAMDE_TS2_FULL,r8c-4491-ceaf915927e84e70,CROSS_EVENT_WARM_START_ONLY,INCLUDED,0.7894736842105263,15,19,-0.01
E2_ROLLING_INCREMENTAL_AFTER_FULL_REUSE,RR-REJECTION/2,2,r8c-2292-3117e113ca9d60b4,DT-RAMDE_TS2_FULL,r8c-4492-89aba46e14b56c93,CROSS_EVENT_MEMORY_ONLY,INCLUDED,0.21052631578947367,4,19,-0.01
E2_ROLLING_INCREMENTAL_AFTER_FULL_REUSE,RR-REJECTION/2,2,r8c-2292-3117e113ca9d60b4,DT-RAMDE_TS2_FULL,r8c-4493-a06ba4d258250656,SHADE_ONLY,INCLUDED,0.2631578947368421,5,19,-0.01
E2_ROLLING_INCREMENTAL_AFTER_FULL_REUSE,RR-REJECTION/2,3,r8c-2298-ce5689baae323973,DT-RAMDE_TS2_FULL,r8c-4494-04775ccb757def4b,NO_CROSS_EVENT_MEMORY,INCLUDED,0.2631578947368421,5,19,-0.01
E2_ROLLING_INCREMENTAL_AFTER_FULL_REUSE,RR-REJECTION/2,3,r8c-2298-ce5689baae323973,DT-RAMDE_TS2_FULL,r8c-4495-97063b57876b694b,NO_EXECUTION_FEEDBACK,INCLUDED,0.5263157894736842,10,19,-0.01
E2_ROLLING_INCREMENTAL_AFTER_FULL_REUSE,RR-REJECTION/2,3,r8c-2298-ce5689baae323973,DT-RAMDE_TS2_FULL,r8c-4496-9ee766f92c1c2ad0,NO_REJECTION_CREDIT,INCLUDED,0.5263157894736842,10,19,-0.01
E2_ROLLING_INCREMENTAL_AFTER_FULL_REUSE,RR-REJECTION/2,3,r8c-2298-ce5689baae323973,DT-RAMDE_TS2_FULL,r8c-4497-76d92967229ac0de,NO_MEMORY_RESET_GATE,INCLUDED,0.5789473684210527,11,19,-0.01
E2_ROLLING_INCREMENTAL_AFTER_FULL_REUSE,RR-REJECTION/2,3,r8c-2298-ce5689baae323973,DT-RAMDE_TS2_FULL,r8c-4498-0199dd7a011be2d6,NO_LINEAGE_CREDIT,INCLUDED,0.3157894736842105,6,19,-0.01
E2_ROLLING_INCREMENTAL_AFTER_FULL_REUSE,RR-REJECTION/2,3,r8c-2298-ce5689baae323973,DT-RAMDE_TS2_FULL,r8c-4499-6e9e24c588c47c4c,CROSS_EVENT_WARM_START_ONLY,INCLUDED,0.5789473684210527,11,19,-0.01
E2_ROLLING_INCREMENTAL_AFTER_FULL_REUSE,RR-REJECTION/2,3,r8c-2298-ce5689baae323973,DT-RAMDE_TS2_FULL,r8c-4500-9fd82574b285bc86,CROSS_EVENT_MEMORY_ONLY,INCLUDED,0.2631578947368421,5,19,-0.01
E2_ROLLING_INCREMENTAL_AFTER_FULL_REUSE,RR-REJECTION/2,3,r8c-2298-ce5689baae323973,DT-RAMDE_TS2_FULL,r8c-4501-256018e4c80ae909,SHADE_ONLY,INCLUDED,0.21052631578947367,4,19,-0.01
E2_ROLLING_INCREMENTAL_AFTER_FULL_REUSE,RR-REJECTION/2,4,r8c-2304-ff10bd84ef1a7cb6,DT-RAMDE_TS2_FULL,r8c-4502-55644cc8675bacfd,NO_CROSS_EVENT_MEMORY,INCLUDED,0.3157894736842105,6,19,-0.01
E2_ROLLING_INCREMENTAL_AFTER_FULL_REUSE,RR-REJECTION/2,4,r8c-2304-ff10bd84ef1a7cb6,DT-RAMDE_TS2_FULL,r8c-4503-aaba2aedbe0c2c40,NO_EXECUTION_FEEDBACK,INCLUDED,0.631578947368421,12,19,-0.01
E2_ROLLING_INCREMENTAL_AFTER_FULL_REUSE,RR-REJECTION/2,4,r8c-2304-ff10bd84ef1a7cb6,DT-RAMDE_TS2_FULL,r8c-4504-87e1006bcb72eb52,NO_REJECTION_CREDIT,INCLUDED,0.5789473684210527,11,19,-0.01
E2_ROLLING_INCREMENTAL_AFTER_FULL_REUSE,RR-REJECTION/2,4,r8c-2304-ff10bd84ef1a7cb6,DT-RAMDE_TS2_FULL,r8c-4505-c0d3321a365c1c06,NO_MEMORY_RESET_GATE,INCLUDED,0.8421052631578947,16,19,-0.01
E2_ROLLING_INCREMENTAL_AFTER_FULL_REUSE,RR-REJECTION/2,4,r8c-2304-ff10bd84ef1a7cb6,DT-RAMDE_TS2_FULL,r8c-4506-904dc61b1e088fa6,NO_LINEAGE_CREDIT,INCLUDED,0.3157894736842105,6,19,-0.01
E2_ROLLING_INCREMENTAL_AFTER_FULL_REUSE,RR-REJECTION/2,4,r8c-2304-ff10bd84ef1a7cb6,DT-RAMDE_TS2_FULL,r8c-4507-e13dce645191d254,CROSS_EVENT_WARM_START_ONLY,INCLUDED,0.7368421052631579,14,19,-0.01
E2_ROLLING_INCREMENTAL_AFTER_FULL_REUSE,RR-REJECTION/2,4,r8c-2304-ff10bd84ef1a7cb6,DT-RAMDE_TS2_FULL,r8c-4508-f6466a2d14941727,CROSS_EVENT_MEMORY_ONLY,INCLUDED,0.3157894736842105,6,19,-0.01
E2_ROLLING_INCREMENTAL_AFTER_FULL_REUSE,RR-REJECTION/2,4,r8c-2304-ff10bd84ef1a7cb6,DT-RAMDE_TS2_FULL,r8c-4509-035c12fe53d31b54,SHADE_ONLY,INCLUDED,0.21052631578947367,4,19,-0.01
E2_ROLLING_INCREMENTAL_AFTER_FULL_REUSE,RR-REJECTION/3,0,r8c-2310-61912eb243de67f3,DT-RAMDE_TS2_FULL,r8c-4510-ba5bcf594f6f7043,NO_CROSS_EVENT_MEMORY,INCLUDED,0.15789473684210525,3,19,-0.01
E2_ROLLING_INCREMENTAL_AFTER_FULL_REUSE,RR-REJECTION/3,0,r8c-2310-61912eb243de67f3,DT-RAMDE_TS2_FULL,r8c-4511-38b8b5b703adf85d,NO_EXECUTION_FEEDBACK,INCLUDED,0.8421052631578947,16,19,-0.01
E2_ROLLING_INCREMENTAL_AFTER_FULL_REUSE,RR-REJECTION/3,0,r8c-2310-61912eb243de67f3,DT-RAMDE_TS2_FULL,r8c-4512-6cd1e37873460342,NO_REJECTION_CREDIT,INCLUDED,0.3684210526315789,7,19,-0.01
E2_ROLLING_INCREMENTAL_AFTER_FULL_REUSE,RR-REJECTION/3,0,r8c-2310-61912eb243de67f3,DT-RAMDE_TS2_FULL,r8c-4513-77526c16a928021a,NO_MEMORY_RESET_GATE,INCLUDED,0.7368421052631579,14,19,-0.01
E2_ROLLING_INCREMENTAL_AFTER_FULL_REUSE,RR-REJECTION/3,0,r8c-2310-61912eb243de67f3,DT-RAMDE_TS2_FULL,r8c-4514-516b2bd2ced3827e,NO_LINEAGE_CREDIT,INCLUDED,0.42105263157894735,8,19,-0.01
E2_ROLLING_INCREMENTAL_AFTER_FULL_REUSE,RR-REJECTION/3,0,r8c-2310-61912eb243de67f3,DT-RAMDE_TS2_FULL,r8c-4515-1c7e97680350ff36,CROSS_EVENT_WARM_START_ONLY,INCLUDED,0.631578947368421,12,19,-0.01
E2_ROLLING_INCREMENTAL_AFTER_FULL_REUSE,RR-REJECTION/3,0,r8c-2310-61912eb243de67f3,DT-RAMDE_TS2_FULL,r8c-4516-afadc917ef607782,CROSS_EVENT_MEMORY_ONLY,INCLUDED,0.10526315789473684,2,19,-0.01
E2_ROLLING_INCREMENTAL_AFTER_FULL_REUSE,RR-REJECTION/3,0,r8c-2310-61912eb243de67f3,DT-RAMDE_TS2_FULL,r8c-4517-88c199fd687a75a0,SHADE_ONLY,INCLUDED,0.10526315789473684,2,19,-0.01
E2_ROLLING_INCREMENTAL_AFTER_FULL_REUSE,RR-REJECTION/3,1,r8c-2316-2d944434d187da48,DT-RAMDE_TS2_FULL,r8c-4518-4c8fee7198fc63f9,NO_CROSS_EVENT_MEMORY,INCLUDED,0.10526315789473684,2,19,-0.01
E2_ROLLING_INCREMENTAL_AFTER_FULL_REUSE,RR-REJECTION/3,1,r8c-2316-2d944434d187da48,DT-RAMDE_TS2_FULL,r8c-4519-55101bf9b60b645c,NO_EXECUTION_FEEDBACK,INCLUDED,0.631578947368421,12,19,-0.01
E2_ROLLING_INCREMENTAL_AFTER_FULL_REUSE,RR-REJECTION/3,1,r8c-2316-2d944434d187da48,DT-RAMDE_TS2_FULL,r8c-4520-605cd094c8042814,NO_REJECTION_CREDIT,INCLUDED,0.21052631578947367,4,19,-0.01
E2_ROLLING_INCREMENTAL_AFTER_FULL_REUSE,RR-REJECTION/3,1,r8c-2316-2d944434d187da48,DT-RAMDE_TS2_FULL,r8c-4521-16e26f8e92b9091a,NO_MEMORY_RESET_GATE,INCLUDED,0.5789473684210527,11,19,-0.01
E2_ROLLING_INCREMENTAL_AFTER_FULL_REUSE,RR-REJECTION/3,1,r8c-2316-2d944434d187da48,DT-RAMDE_TS2_FULL,r8c-4522-ed69cf8b965c3d52,NO_LINEAGE_CREDIT,INCLUDED,0.15789473684210525,3,19,-0.01
E2_ROLLING_INCREMENTAL_AFTER_FULL_REUSE,RR-REJECTION/3,1,r8c-2316-2d944434d187da48,DT-RAMDE_TS2_FULL,r8c-4523-2e281a48fd86db67,CROSS_EVENT_WARM_START_ONLY,INCLUDED,0.47368421052631576,9,19,-0.01
E2_ROLLING_INCREMENTAL_AFTER_FULL_REUSE,RR-REJECTION/3,1,r8c-2316-2d944434d187da48,DT-RAMDE_TS2_FULL,r8c-4524-43f7ad94872e5cd9,CROSS_EVENT_MEMORY_ONLY,INCLUDED,0.15789473684210525,3,19,-0.01
E2_ROLLING_INCREMENTAL_AFTER_FULL_REUSE,RR-REJECTION/3,1,r8c-2316-2d944434d187da48,DT-RAMDE_TS2_FULL,r8c-4525-3b3a0f27d998f4b2,SHADE_ONLY,INCLUDED,0.10526315789473684,2,19,-0.01
E2_ROLLING_INCREMENTAL_AFTER_FULL_REUSE,RR-REJECTION/3,2,r8c-2322-2bc1cd70c8e5fbef,DT-RAMDE_TS2_FULL,r8c-4526-9df89ddeffaa49b8,NO_CROSS_EVENT_MEMORY,INCLUDED,0.15789473684210525,3,19,-0.01
E2_ROLLING_INCREMENTAL_AFTER_FULL_REUSE,RR-REJECTION/3,2,r8c-2322-2bc1cd70c8e5fbef,DT-RAMDE_TS2_FULL,r8c-4527-4270eb028fc402f7,NO_EXECUTION_FEEDBACK,INCLUDED,0.631578947368421,12,19,-0.01
E2_ROLLING_INCREMENTAL_AFTER_FULL_REUSE,RR-REJECTION/3,2,r8c-2322-2bc1cd70c8e5fbef,DT-RAMDE_TS2_FULL,r8c-4528-c40d85977af3bd0a,NO_REJECTION_CREDIT,INCLUDED,0.15789473684210525,3,19,-0.01
E2_ROLLING_INCREMENTAL_AFTER_FULL_REUSE,RR-REJECTION/3,2,r8c-2322-2bc1cd70c8e5fbef,DT-RAMDE_TS2_FULL,r8c-4529-44613cffdbcc4e3b,NO_MEMORY_RESET_GATE,INCLUDED,0.47368421052631576,9,19,-0.01
E2_ROLLING_INCREMENTAL_AFTER_FULL_REUSE,RR-REJECTION/3,2,r8c-2322-2bc1cd70c8e5fbef,DT-RAMDE_TS2_FULL,r8c-4530-ac760a493b6b600a,NO_LINEAGE_CREDIT,INCLUDED,0.3684210526315789,7,19,-0.01
E2_ROLLING_INCREMENTAL_AFTER_FULL_REUSE,RR-REJECTION/3,2,r8c-2322-2bc1cd70c8e5fbef,DT-RAMDE_TS2_FULL,r8c-4531-845e6451af03b2b4,CROSS_EVENT_WARM_START_ONLY,INCLUDED,0.42105263157894735,8,19,-0.01
E2_ROLLING_INCREMENTAL_AFTER_FULL_REUSE,RR-REJECTION/3,2,r8c-2322-2bc1cd70c8e5fbef,DT-RAMDE_TS2_FULL,r8c-4532-a9fb75b5ff3cf10a,CROSS_EVENT_MEMORY_ONLY,INCLUDED,0.21052631578947367,4,19,-0.01
E2_ROLLING_INCREMENTAL_AFTER_FULL_REUSE,RR-REJECTION/3,2,r8c-2322-2bc1cd70c8e5fbef,DT-RAMDE_TS2_FULL,r8c-4533-e45733501ba882bb,SHADE_ONLY,INCLUDED,0.15789473684210525,3,19,-0.01
E2_ROLLING_INCREMENTAL_AFTER_FULL_REUSE,RR-REJECTION/3,3,r8c-2328-37bd594ebf5d1ee8,DT-RAMDE_TS2_FULL,r8c-4534-44b456942c3d6cc4,NO_CROSS_EVENT_MEMORY,INCLUDED,0.15789473684210525,3,19,-0.01
E2_ROLLING_INCREMENTAL_AFTER_FULL_REUSE,RR-REJECTION/3,3,r8c-2328-37bd594ebf5d1ee8,DT-RAMDE_TS2_FULL,r8c-4535-14d214c72fe40da4,NO_EXECUTION_FEEDBACK,INCLUDED,0.5789473684210527,11,19,-0.01
E2_ROLLING_INCREMENTAL_AFTER_FULL_REUSE,RR-REJECTION/3,3,r8c-2328-37bd594ebf5d1ee8,DT-RAMDE_TS2_FULL,r8c-4536-405ddef61f611cc6,NO_REJECTION_CREDIT,INCLUDED,0.21052631578947367,4,19,-0.01
E2_ROLLING_INCREMENTAL_AFTER_FULL_REUSE,RR-REJECTION/3,3,r8c-2328-37bd594ebf5d1ee8,DT-RAMDE_TS2_FULL,r8c-4537-c968ddb026d73afc,NO_MEMORY_RESET_GATE,INCLUDED,0.7368421052631579,14,19,-0.01
E2_ROLLING_INCREMENTAL_AFTER_FULL_REUSE,RR-REJECTION/3,3,r8c-2328-37bd594ebf5d1ee8,DT-RAMDE_TS2_FULL,r8c-4538-aa5cc20a293bdb9e,NO_LINEAGE_CREDIT,INCLUDED,0.42105263157894735,8,19,-0.01
E2_ROLLING_INCREMENTAL_AFTER_FULL_REUSE,RR-REJECTION/3,3,r8c-2328-37bd594ebf5d1ee8,DT-RAMDE_TS2_FULL,r8c-4539-e034f32219fcf662,CROSS_EVENT_WARM_START_ONLY,INCLUDED,0.6842105263157895,13,19,-0.01
E2_ROLLING_INCREMENTAL_AFTER_FULL_REUSE,RR-REJECTION/3,3,r8c-2328-37bd594ebf5d1ee8,DT-RAMDE_TS2_FULL,r8c-4540-268abd4d658cac66,CROSS_EVENT_MEMORY_ONLY,INCLUDED,0.2631578947368421,5,19,-0.01
E2_ROLLING_INCREMENTAL_AFTER_FULL_REUSE,RR-REJECTION/3,3,r8c-2328-37bd594ebf5d1ee8,DT-RAMDE_TS2_FULL,r8c-4541-308421a8e75d2087,SHADE_ONLY,INCLUDED,0.3157894736842105,6,19,-0.01
E2_ROLLING_INCREMENTAL_AFTER_FULL_REUSE,RR-REJECTION/3,4,r8c-2334-8f2b600d0a7a4442,DT-RAMDE_TS2_FULL,r8c-4542-8d58a3388da27f35,NO_CROSS_EVENT_MEMORY,INCLUDED,0.3157894736842105,6,19,-0.01
E2_ROLLING_INCREMENTAL_AFTER_FULL_REUSE,RR-REJECTION/3,4,r8c-2334-8f2b600d0a7a4442,DT-RAMDE_TS2_FULL,r8c-4543-1718c4bf1a9bdd80,NO_EXECUTION_FEEDBACK,INCLUDED,0.631578947368421,12,19,-0.01
E2_ROLLING_INCREMENTAL_AFTER_FULL_REUSE,RR-REJECTION/3,4,r8c-2334-8f2b600d0a7a4442,DT-RAMDE_TS2_FULL,r8c-4544-68baeb53f5463c73,NO_REJECTION_CREDIT,INCLUDED,0.3684210526315789,7,19,-0.01
E2_ROLLING_INCREMENTAL_AFTER_FULL_REUSE,RR-REJECTION/3,4,r8c-2334-8f2b600d0a7a4442,DT-RAMDE_TS2_FULL,r8c-4545-2a77bca71eff61ee,NO_MEMORY_RESET_GATE,INCLUDED,0.5789473684210527,11,19,-0.01
E2_ROLLING_INCREMENTAL_AFTER_FULL_REUSE,RR-REJECTION/3,4,r8c-2334-8f2b600d0a7a4442,DT-RAMDE_TS2_FULL,r8c-4546-d19d9add3873c9c2,NO_LINEAGE_CREDIT,INCLUDED,0.3157894736842105,6,19,-0.01
E2_ROLLING_INCREMENTAL_AFTER_FULL_REUSE,RR-REJECTION/3,4,r8c-2334-8f2b600d0a7a4442,DT-RAMDE_TS2_FULL,r8c-4547-ec9ed9a8e6f7ea7a,CROSS_EVENT_WARM_START_ONLY,INCLUDED,0.5263157894736842,10,19,-0.01
E2_ROLLING_INCREMENTAL_AFTER_FULL_REUSE,RR-REJECTION/3,4,r8c-2334-8f2b600d0a7a4442,DT-RAMDE_TS2_FULL,r8c-4548-5d2e467ed9a8cfce,CROSS_EVENT_MEMORY_ONLY,INCLUDED,0.3157894736842105,6,19,-0.01
E2_ROLLING_INCREMENTAL_AFTER_FULL_REUSE,RR-REJECTION/3,4,r8c-2334-8f2b600d0a7a4442,DT-RAMDE_TS2_FULL,r8c-4549-529cf0fcc19a77de,SHADE_ONLY,INCLUDED,0.3157894736842105,6,19,-0.01
E2_ROLLING_INCREMENTAL_AFTER_FULL_REUSE,RR-REJECTION/4,0,r8c-2340-b22a87bd00fb619c,DT-RAMDE_TS2_FULL,r8c-4550-92594408347f4325,NO_CROSS_EVENT_MEMORY,INCLUDED,0.15789473684210525,3,19,-0.01
E2_ROLLING_INCREMENTAL_AFTER_FULL_REUSE,RR-REJECTION/4,0,r8c-2340-b22a87bd00fb619c,DT-RAMDE_TS2_FULL,r8c-4551-7313a74c2ef84269,NO_EXECUTION_FEEDBACK,INCLUDED,0.7368421052631579,14,19,-0.01
E2_ROLLING_INCREMENTAL_AFTER_FULL_REUSE,RR-REJECTION/4,0,r8c-2340-b22a87bd00fb619c,DT-RAMDE_TS2_FULL,r8c-4552-59cbc1cad9ad506c,NO_REJECTION_CREDIT,INCLUDED,0.5789473684210527,11,19,-0.01
E2_ROLLING_INCREMENTAL_AFTER_FULL_REUSE,RR-REJECTION/4,0,r8c-2340-b22a87bd00fb619c,DT-RAMDE_TS2_FULL,r8c-4553-80e8c7290d40b55f,NO_MEMORY_RESET_GATE,INCLUDED,0.6842105263157895,13,19,-0.01
E2_ROLLING_INCREMENTAL_AFTER_FULL_REUSE,RR-REJECTION/4,0,r8c-2340-b22a87bd00fb619c,DT-RAMDE_TS2_FULL,r8c-4554-f85f9babe7b383c2,NO_LINEAGE_CREDIT,INCLUDED,0.3157894736842105,6,19,-0.01
E2_ROLLING_INCREMENTAL_AFTER_FULL_REUSE,RR-REJECTION/4,0,r8c-2340-b22a87bd00fb619c,DT-RAMDE_TS2_FULL,r8c-4555-b2335c6e1b44a92a,CROSS_EVENT_WARM_START_ONLY,INCLUDED,0.7894736842105263,15,19,-0.01
E2_ROLLING_INCREMENTAL_AFTER_FULL_REUSE,RR-REJECTION/4,0,r8c-2340-b22a87bd00fb619c,DT-RAMDE_TS2_FULL,r8c-4556-bd62b5347fd7e965,CROSS_EVENT_MEMORY_ONLY,INCLUDED,0.21052631578947367,4,19,-0.01
E2_ROLLING_INCREMENTAL_AFTER_FULL_REUSE,RR-REJECTION/4,0,r8c-2340-b22a87bd00fb619c,DT-RAMDE_TS2_FULL,r8c-4557-9fbbf908c5bf1124,SHADE_ONLY,INCLUDED,0.21052631578947367,4,19,-0.01
E2_ROLLING_INCREMENTAL_AFTER_FULL_REUSE,RR-REJECTION/4,1,r8c-2346-3a216fbb11c01ce8,DT-RAMDE_TS2_FULL,r8c-4558-70070172192c6570,NO_CROSS_EVENT_MEMORY,INCLUDED,0.2631578947368421,5,19,-0.01
E2_ROLLING_INCREMENTAL_AFTER_FULL_REUSE,RR-REJECTION/4,1,r8c-2346-3a216fbb11c01ce8,DT-RAMDE_TS2_FULL,r8c-4559-6bdf398bc22bfac9,NO_EXECUTION_FEEDBACK,INCLUDED,0.631578947368421,12,19,-0.01
E2_ROLLING_INCREMENTAL_AFTER_FULL_REUSE,RR-REJECTION/4,1,r8c-2346-3a216fbb11c01ce8,DT-RAMDE_TS2_FULL,r8c-4560-839c8046c0c0ecdb,NO_REJECTION_CREDIT,INCLUDED,0.3684210526315789,7,19,-0.01
E2_ROLLING_INCREMENTAL_AFTER_FULL_REUSE,RR-REJECTION/4,1,r8c-2346-3a216fbb11c01ce8,DT-RAMDE_TS2_FULL,r8c-4561-1d452284233d0022,NO_MEMORY_RESET_GATE,INCLUDED,0.5789473684210527,11,19,-0.01
E2_ROLLING_INCREMENTAL_AFTER_FULL_REUSE,RR-REJECTION/4,1,r8c-2346-3a216fbb11c01ce8,DT-RAMDE_TS2_FULL,r8c-4562-b5a30ffbe60c287e,NO_LINEAGE_CREDIT,INCLUDED,0.21052631578947367,4,19,-0.01
E2_ROLLING_INCREMENTAL_AFTER_FULL_REUSE,RR-REJECTION/4,1,r8c-2346-3a216fbb11c01ce8,DT-RAMDE_TS2_FULL,r8c-4563-31c3f3320bc95b0b,CROSS_EVENT_WARM_START_ONLY,INCLUDED,0.631578947368421,12,19,-0.01
E2_ROLLING_INCREMENTAL_AFTER_FULL_REUSE,RR-REJECTION/4,1,r8c-2346-3a216fbb11c01ce8,DT-RAMDE_TS2_FULL,r8c-4564-d493d979bfb18236,CROSS_EVENT_MEMORY_ONLY,INCLUDED,0.15789473684210525,3,19,-0.01
E2_ROLLING_INCREMENTAL_AFTER_FULL_REUSE,RR-REJECTION/4,1,r8c-2346-3a216fbb11c01ce8,DT-RAMDE_TS2_FULL,r8c-4565-b8d013e05d0947c3,SHADE_ONLY,INCLUDED,0.42105263157894735,8,19,-0.01
E2_ROLLING_INCREMENTAL_AFTER_FULL_REUSE,RR-REJECTION/4,2,r8c-2352-2130e8c0af97af80,DT-RAMDE_TS2_FULL,r8c-4566-2fdb79775995688b,NO_CROSS_EVENT_MEMORY,INCLUDED,0.3157894736842105,6,19,-0.01
E2_ROLLING_INCREMENTAL_AFTER_FULL_REUSE,RR-REJECTION/4,2,r8c-2352-2130e8c0af97af80,DT-RAMDE_TS2_FULL,r8c-4567-0962af013637e605,NO_EXECUTION_FEEDBACK,INCLUDED,0.5789473684210527,11,19,-0.01
E2_ROLLING_INCREMENTAL_AFTER_FULL_REUSE,RR-REJECTION/4,2,r8c-2352-2130e8c0af97af80,DT-RAMDE_TS2_FULL,r8c-4568-10091b81b9934dcc,NO_REJECTION_CREDIT,INCLUDED,0.47368421052631576,9,19,-0.01
E2_ROLLING_INCREMENTAL_AFTER_FULL_REUSE,RR-REJECTION/4,2,r8c-2352-2130e8c0af97af80,DT-RAMDE_TS2_FULL,r8c-4569-765df7c0fe7b7ce6,NO_MEMORY_RESET_GATE,INCLUDED,0.6842105263157895,13,19,-0.01
E2_ROLLING_INCREMENTAL_AFTER_FULL_REUSE,RR-REJECTION/4,2,r8c-2352-2130e8c0af97af80,DT-RAMDE_TS2_FULL,r8c-4570-98d8c5df5209ac04,NO_LINEAGE_CREDIT,INCLUDED,0.47368421052631576,9,19,-0.01
E2_ROLLING_INCREMENTAL_AFTER_FULL_REUSE,RR-REJECTION/4,2,r8c-2352-2130e8c0af97af80,DT-RAMDE_TS2_FULL,r8c-4571-63d32fe6147dbbf3,CROSS_EVENT_WARM_START_ONLY,INCLUDED,0.6842105263157895,13,19,-0.01
E2_ROLLING_INCREMENTAL_AFTER_FULL_REUSE,RR-REJECTION/4,2,r8c-2352-2130e8c0af97af80,DT-RAMDE_TS2_FULL,r8c-4572-1c3259b68d012573,CROSS_EVENT_MEMORY_ONLY,INCLUDED,0.2631578947368421,5,19,-0.01
E2_ROLLING_INCREMENTAL_AFTER_FULL_REUSE,RR-REJECTION/4,2,r8c-2352-2130e8c0af97af80,DT-RAMDE_TS2_FULL,r8c-4573-defe2b97bf97eeea,SHADE_ONLY,INCLUDED,0.21052631578947367,4,19,-0.01
E2_ROLLING_INCREMENTAL_AFTER_FULL_REUSE,RR-REJECTION/4,3,r8c-2358-f0f5989fb56271ff,DT-RAMDE_TS2_FULL,r8c-4574-448827e1b6f38905,NO_CROSS_EVENT_MEMORY,INCLUDED,0.3684210526315789,7,19,-0.01
E2_ROLLING_INCREMENTAL_AFTER_FULL_REUSE,RR-REJECTION/4,3,r8c-2358-f0f5989fb56271ff,DT-RAMDE_TS2_FULL,r8c-4575-c2b687830df737ab,NO_EXECUTION_FEEDBACK,INCLUDED,0.47368421052631576,9,19,-0.01
E2_ROLLING_INCREMENTAL_AFTER_FULL_REUSE,RR-REJECTION/4,3,r8c-2358-f0f5989fb56271ff,DT-RAMDE_TS2_FULL,r8c-4576-bd8d3a5dd435510a,NO_REJECTION_CREDIT,INCLUDED,0.5263157894736842,10,19,-0.01
E2_ROLLING_INCREMENTAL_AFTER_FULL_REUSE,RR-REJECTION/4,3,r8c-2358-f0f5989fb56271ff,DT-RAMDE_TS2_FULL,r8c-4577-c3663b4b14081a6c,NO_MEMORY_RESET_GATE,INCLUDED,0.7368421052631579,14,19,-0.01
E2_ROLLING_INCREMENTAL_AFTER_FULL_REUSE,RR-REJECTION/4,3,r8c-2358-f0f5989fb56271ff,DT-RAMDE_TS2_FULL,r8c-4578-2292e985885dda4e,NO_LINEAGE_CREDIT,INCLUDED,0.3157894736842105,6,19,-0.01
E2_ROLLING_INCREMENTAL_AFTER_FULL_REUSE,RR-REJECTION/4,3,r8c-2358-f0f5989fb56271ff,DT-RAMDE_TS2_FULL,r8c-4579-0a27ceccb56abfa5,CROSS_EVENT_WARM_START_ONLY,INCLUDED,0.6842105263157895,13,19,-0.01
E2_ROLLING_INCREMENTAL_AFTER_FULL_REUSE,RR-REJECTION/4,3,r8c-2358-f0f5989fb56271ff,DT-RAMDE_TS2_FULL,r8c-4580-724b5724984b601f,CROSS_EVENT_MEMORY_ONLY,INCLUDED,0.3157894736842105,6,19,-0.01
E2_ROLLING_INCREMENTAL_AFTER_FULL_REUSE,RR-REJECTION/4,3,r8c-2358-f0f5989fb56271ff,DT-RAMDE_TS2_FULL,r8c-4581-00288c1873196453,SHADE_ONLY,INCLUDED,0.3157894736842105,6,19,-0.01
E2_ROLLING_INCREMENTAL_AFTER_FULL_REUSE,RR-REJECTION/4,4,r8c-2364-62aa56772e54e2ec,DT-RAMDE_TS2_FULL,r8c-4582-3df0d59d870c028b,NO_CROSS_EVENT_MEMORY,INCLUDED,0.2631578947368421,5,19,-0.01
E2_ROLLING_INCREMENTAL_AFTER_FULL_REUSE,RR-REJECTION/4,4,r8c-2364-62aa56772e54e2ec,DT-RAMDE_TS2_FULL,r8c-4583-b61136e3e79de07a,NO_EXECUTION_FEEDBACK,INCLUDED,0.5789473684210527,11,19,-0.01
E2_ROLLING_INCREMENTAL_AFTER_FULL_REUSE,RR-REJECTION/4,4,r8c-2364-62aa56772e54e2ec,DT-RAMDE_TS2_FULL,r8c-4584-20ee266695748d3d,NO_REJECTION_CREDIT,INCLUDED,0.5789473684210527,11,19,-0.01
E2_ROLLING_INCREMENTAL_AFTER_FULL_REUSE,RR-REJECTION/4,4,r8c-2364-62aa56772e54e2ec,DT-RAMDE_TS2_FULL,r8c-4585-b7f8a558619b82c3,NO_MEMORY_RESET_GATE,INCLUDED,0.631578947368421,12,19,-0.01
E2_ROLLING_INCREMENTAL_AFTER_FULL_REUSE,RR-REJECTION/4,4,r8c-2364-62aa56772e54e2ec,DT-RAMDE_TS2_FULL,r8c-4586-dfe189d20626fb1d,NO_LINEAGE_CREDIT,INCLUDED,0.3684210526315789,7,19,-0.01
E2_ROLLING_INCREMENTAL_AFTER_FULL_REUSE,RR-REJECTION/4,4,r8c-2364-62aa56772e54e2ec,DT-RAMDE_TS2_FULL,r8c-4587-81f923aa44884113,CROSS_EVENT_WARM_START_ONLY,INCLUDED,0.5789473684210527,11,19,-0.01
E2_ROLLING_INCREMENTAL_AFTER_FULL_REUSE,RR-REJECTION/4,4,r8c-2364-62aa56772e54e2ec,DT-RAMDE_TS2_FULL,r8c-4588-d4cd97a4e63e953f,CROSS_EVENT_MEMORY_ONLY,INCLUDED,0.42105263157894735,8,19,-0.01
E2_ROLLING_INCREMENTAL_AFTER_FULL_REUSE,RR-REJECTION/4,4,r8c-2364-62aa56772e54e2ec,DT-RAMDE_TS2_FULL,r8c-4589-ecb956425fe5aae9,SHADE_ONLY,INCLUDED,0.15789473684210525,3,19,-0.01
E2_ROLLING_INCREMENTAL_AFTER_FULL_REUSE,RR-REJECTION/5,0,r8c-2370-3874b6fc7986d5b6,DT-RAMDE_TS2_FULL,r8c-4590-8d15f96817097eba,NO_CROSS_EVENT_MEMORY,INCLUDED,0.3684210526315789,7,19,-0.01
E2_ROLLING_INCREMENTAL_AFTER_FULL_REUSE,RR-REJECTION/5,0,r8c-2370-3874b6fc7986d5b6,DT-RAMDE_TS2_FULL,r8c-4591-6a17506272f74cca,NO_EXECUTION_FEEDBACK,INCLUDED,0.631578947368421,12,19,-0.01
E2_ROLLING_INCREMENTAL_AFTER_FULL_REUSE,RR-REJECTION/5,0,r8c-2370-3874b6fc7986d5b6,DT-RAMDE_TS2_FULL,r8c-4592-166c4d6c74c0ddf3,NO_REJECTION_CREDIT,INCLUDED,0.42105263157894735,8,19,-0.01
E2_ROLLING_INCREMENTAL_AFTER_FULL_REUSE,RR-REJECTION/5,0,r8c-2370-3874b6fc7986d5b6,DT-RAMDE_TS2_FULL,r8c-4593-e7c80245eb166374,NO_MEMORY_RESET_GATE,INCLUDED,0.5789473684210527,11,19,-0.01
E2_ROLLING_INCREMENTAL_AFTER_FULL_REUSE,RR-REJECTION/5,0,r8c-2370-3874b6fc7986d5b6,DT-RAMDE_TS2_FULL,r8c-4594-008869763073688b,NO_LINEAGE_CREDIT,INCLUDED,0.5263157894736842,10,19,-0.01
E2_ROLLING_INCREMENTAL_AFTER_FULL_REUSE,RR-REJECTION/5,0,r8c-2370-3874b6fc7986d5b6,DT-RAMDE_TS2_FULL,r8c-4595-5720cc132d168840,CROSS_EVENT_WARM_START_ONLY,INCLUDED,0.5789473684210527,11,19,-0.01
E2_ROLLING_INCREMENTAL_AFTER_FULL_REUSE,RR-REJECTION/5,0,r8c-2370-3874b6fc7986d5b6,DT-RAMDE_TS2_FULL,r8c-4596-626e3f6d9d9797be,CROSS_EVENT_MEMORY_ONLY,INCLUDED,0.3157894736842105,6,19,-0.01
E2_ROLLING_INCREMENTAL_AFTER_FULL_REUSE,RR-REJECTION/5,0,r8c-2370-3874b6fc7986d5b6,DT-RAMDE_TS2_FULL,r8c-4597-9ada39f68d12d7f8,SHADE_ONLY,INCLUDED,0.15789473684210525,3,19,-0.01
E2_ROLLING_INCREMENTAL_AFTER_FULL_REUSE,RR-REJECTION/5,1,r8c-2376-1db94e5e9ef111d5,DT-RAMDE_TS2_FULL,r8c-4598-1398d1d38f4213c1,NO_CROSS_EVENT_MEMORY,INCLUDED,0.21052631578947367,4,19,-0.01
E2_ROLLING_INCREMENTAL_AFTER_FULL_REUSE,RR-REJECTION/5,1,r8c-2376-1db94e5e9ef111d5,DT-RAMDE_TS2_FULL,r8c-4599-c770a72b8046bf58,NO_EXECUTION_FEEDBACK,INCLUDED,0.5263157894736842,10,19,-0.01
E2_ROLLING_INCREMENTAL_AFTER_FULL_REUSE,RR-REJECTION/5,1,r8c-2376-1db94e5e9ef111d5,DT-RAMDE_TS2_FULL,r8c-4600-66cc673d2138b680,NO_REJECTION_CREDIT,INCLUDED,0.42105263157894735,8,19,-0.01
E2_ROLLING_INCREMENTAL_AFTER_FULL_REUSE,RR-REJECTION/5,1,r8c-2376-1db94e5e9ef111d5,DT-RAMDE_TS2_FULL,r8c-4601-759ed71a6c94c154,NO_MEMORY_RESET_GATE,INCLUDED,0.5263157894736842,10,19,-0.01
E2_ROLLING_INCREMENTAL_AFTER_FULL_REUSE,RR-REJECTION/5,1,r8c-2376-1db94e5e9ef111d5,DT-RAMDE_TS2_FULL,r8c-4602-5ba4dc6af75017c3,NO_LINEAGE_CREDIT,INCLUDED,0.2631578947368421,5,19,-0.01
E2_ROLLING_INCREMENTAL_AFTER_FULL_REUSE,RR-REJECTION/5,1,r8c-2376-1db94e5e9ef111d5,DT-RAMDE_TS2_FULL,r8c-4603-fee82ce8b7be6fa2,CROSS_EVENT_WARM_START_ONLY,INCLUDED,0.5263157894736842,10,19,-0.01
E2_ROLLING_INCREMENTAL_AFTER_FULL_REUSE,RR-REJECTION/5,1,r8c-2376-1db94e5e9ef111d5,DT-RAMDE_TS2_FULL,r8c-4604-e32eba367afcca68,CROSS_EVENT_MEMORY_ONLY,INCLUDED,0.21052631578947367,4,19,-0.01
E2_ROLLING_INCREMENTAL_AFTER_FULL_REUSE,RR-REJECTION/5,1,r8c-2376-1db94e5e9ef111d5,DT-RAMDE_TS2_FULL,r8c-4605-65d96b41d6d72c03,SHADE_ONLY,INCLUDED,0.15789473684210525,3,19,-0.01
E2_ROLLING_INCREMENTAL_AFTER_FULL_REUSE,RR-REJECTION/5,2,r8c-2382-cb79c42d1de3364f,DT-RAMDE_TS2_FULL,r8c-4606-2764d42648f15f77,NO_CROSS_EVENT_MEMORY,INCLUDED,0.21052631578947367,4,19,-0.01
E2_ROLLING_INCREMENTAL_AFTER_FULL_REUSE,RR-REJECTION/5,2,r8c-2382-cb79c42d1de3364f,DT-RAMDE_TS2_FULL,r8c-4607-cf280611751245ca,NO_EXECUTION_FEEDBACK,INCLUDED,0.3684210526315789,7,19,-0.01
E2_ROLLING_INCREMENTAL_AFTER_FULL_REUSE,RR-REJECTION/5,2,r8c-2382-cb79c42d1de3364f,DT-RAMDE_TS2_FULL,r8c-4608-f0852f5f41ba118c,NO_REJECTION_CREDIT,INCLUDED,0.2631578947368421,5,19,-0.01
E2_ROLLING_INCREMENTAL_AFTER_FULL_REUSE,RR-REJECTION/5,2,r8c-2382-cb79c42d1de3364f,DT-RAMDE_TS2_FULL,r8c-4609-1902721b771ed54f,NO_MEMORY_RESET_GATE,INCLUDED,0.3684210526315789,7,19,-0.01
E2_ROLLING_INCREMENTAL_AFTER_FULL_REUSE,RR-REJECTION/5,2,r8c-2382-cb79c42d1de3364f,DT-RAMDE_TS2_FULL,r8c-4610-0e116bda0051935f,NO_LINEAGE_CREDIT,INCLUDED,0.21052631578947367,4,19,-0.01
E2_ROLLING_INCREMENTAL_AFTER_FULL_REUSE,RR-REJECTION/5,2,r8c-2382-cb79c42d1de3364f,DT-RAMDE_TS2_FULL,r8c-4611-54793ccc4d973cd5,CROSS_EVENT_WARM_START_ONLY,INCLUDED,0.3684210526315789,7,19,-0.01
E2_ROLLING_INCREMENTAL_AFTER_FULL_REUSE,RR-REJECTION/5,2,r8c-2382-cb79c42d1de3364f,DT-RAMDE_TS2_FULL,r8c-4612-cbd5de03cf916d2e,CROSS_EVENT_MEMORY_ONLY,INCLUDED,0.15789473684210525,3,19,-0.01
E2_ROLLING_INCREMENTAL_AFTER_FULL_REUSE,RR-REJECTION/5,2,r8c-2382-cb79c42d1de3364f,DT-RAMDE_TS2_FULL,r8c-4613-56ee7ce7559fc18f,SHADE_ONLY,INCLUDED,0.21052631578947367,4,19,-0.01
E2_ROLLING_INCREMENTAL_AFTER_FULL_REUSE,RR-REJECTION/5,3,r8c-2388-271872e3f29ff662,DT-RAMDE_TS2_FULL,r8c-4614-d9052389270471f5,NO_CROSS_EVENT_MEMORY,INCLUDED,0.21052631578947367,4,19,-0.01
E2_ROLLING_INCREMENTAL_AFTER_FULL_REUSE,RR-REJECTION/5,3,r8c-2388-271872e3f29ff662,DT-RAMDE_TS2_FULL,r8c-4615-5eaace1bf45763f0,NO_EXECUTION_FEEDBACK,INCLUDED,0.42105263157894735,8,19,-0.01
E2_ROLLING_INCREMENTAL_AFTER_FULL_REUSE,RR-REJECTION/5,3,r8c-2388-271872e3f29ff662,DT-RAMDE_TS2_FULL,r8c-4616-6001016f2a493e56,NO_REJECTION_CREDIT,INCLUDED,0.21052631578947367,4,19,-0.01
E2_ROLLING_INCREMENTAL_AFTER_FULL_REUSE,RR-REJECTION/5,3,r8c-2388-271872e3f29ff662,DT-RAMDE_TS2_FULL,r8c-4617-013471b10828695c,NO_MEMORY_RESET_GATE,INCLUDED,0.42105263157894735,8,19,-0.01
E2_ROLLING_INCREMENTAL_AFTER_FULL_REUSE,RR-REJECTION/5,3,r8c-2388-271872e3f29ff662,DT-RAMDE_TS2_FULL,r8c-4618-7a962e971bd3007b,NO_LINEAGE_CREDIT,INCLUDED,0.15789473684210525,3,19,-0.01
E2_ROLLING_INCREMENTAL_AFTER_FULL_REUSE,RR-REJECTION/5,3,r8c-2388-271872e3f29ff662,DT-RAMDE_TS2_FULL,r8c-4619-742e0fc14f4234cc,CROSS_EVENT_WARM_START_ONLY,INCLUDED,0.42105263157894735,8,19,-0.01
E2_ROLLING_INCREMENTAL_AFTER_FULL_REUSE,RR-REJECTION/5,3,r8c-2388-271872e3f29ff662,DT-RAMDE_TS2_FULL,r8c-4620-f0e96c98a1becc34,CROSS_EVENT_MEMORY_ONLY,INCLUDED,0.05263157894736842,1,19,-0.01
E2_ROLLING_INCREMENTAL_AFTER_FULL_REUSE,RR-REJECTION/5,3,r8c-2388-271872e3f29ff662,DT-RAMDE_TS2_FULL,r8c-4621-f16d199efdb87ce3,SHADE_ONLY,INCLUDED,0.2631578947368421,5,19,-0.01
E2_ROLLING_INCREMENTAL_AFTER_FULL_REUSE,RR-REJECTION/5,4,r8c-2394-42c1f89e66101153,DT-RAMDE_TS2_FULL,r8c-4622-055138364d60aa84,NO_CROSS_EVENT_MEMORY,INCLUDED,0.21052631578947367,4,19,-0.01
E2_ROLLING_INCREMENTAL_AFTER_FULL_REUSE,RR-REJECTION/5,4,r8c-2394-42c1f89e66101153,DT-RAMDE_TS2_FULL,r8c-4623-aef50084e559c5c9,NO_EXECUTION_FEEDBACK,INCLUDED,0.3157894736842105,6,19,-0.01
E2_ROLLING_INCREMENTAL_AFTER_FULL_REUSE,RR-REJECTION/5,4,r8c-2394-42c1f89e66101153,DT-RAMDE_TS2_FULL,r8c-4624-f7db2de2fee8a434,NO_REJECTION_CREDIT,INCLUDED,0.3157894736842105,6,19,-0.01
E2_ROLLING_INCREMENTAL_AFTER_FULL_REUSE,RR-REJECTION/5,4,r8c-2394-42c1f89e66101153,DT-RAMDE_TS2_FULL,r8c-4625-91195ad41a7e8a94,NO_MEMORY_RESET_GATE,INCLUDED,0.47368421052631576,9,19,-0.01
E2_ROLLING_INCREMENTAL_AFTER_FULL_REUSE,RR-REJECTION/5,4,r8c-2394-42c1f89e66101153,DT-RAMDE_TS2_FULL,r8c-4626-8ea41289bde26cd4,NO_LINEAGE_CREDIT,INCLUDED,0.3157894736842105,6,19,-0.01
E2_ROLLING_INCREMENTAL_AFTER_FULL_REUSE,RR-REJECTION/5,4,r8c-2394-42c1f89e66101153,DT-RAMDE_TS2_FULL,r8c-4627-5ac5fa3d6c6c67bb,CROSS_EVENT_WARM_START_ONLY,INCLUDED,0.47368421052631576,9,19,-0.01
E2_ROLLING_INCREMENTAL_AFTER_FULL_REUSE,RR-REJECTION/5,4,r8c-2394-42c1f89e66101153,DT-RAMDE_TS2_FULL,r8c-4628-eebc40dcca0369c2,CROSS_EVENT_MEMORY_ONLY,INCLUDED,0.15789473684210525,3,19,-0.01
E2_ROLLING_INCREMENTAL_AFTER_FULL_REUSE,RR-REJECTION/5,4,r8c-2394-42c1f89e66101153,DT-RAMDE_TS2_FULL,r8c-4629-2210f2654be306b6,SHADE_ONLY,INCLUDED,0.15789473684210525,3,19,-0.01
E2_ROLLING_INCREMENTAL_AFTER_FULL_REUSE,RR-REJECTION/6,0,r8c-2400-5a28549c72f5649c,DT-RAMDE_TS2_FULL,r8c-4630-bc59be01798d7d2b,NO_CROSS_EVENT_MEMORY,INCLUDED,0.15789473684210525,3,19,-0.01
E2_ROLLING_INCREMENTAL_AFTER_FULL_REUSE,RR-REJECTION/6,0,r8c-2400-5a28549c72f5649c,DT-RAMDE_TS2_FULL,r8c-4631-f1f00b6401b9345e,NO_EXECUTION_FEEDBACK,INCLUDED,0.7894736842105263,15,19,-0.01
E2_ROLLING_INCREMENTAL_AFTER_FULL_REUSE,RR-REJECTION/6,0,r8c-2400-5a28549c72f5649c,DT-RAMDE_TS2_FULL,r8c-4632-d10456836911dc1a,NO_REJECTION_CREDIT,INCLUDED,0.3684210526315789,7,19,-0.01
E2_ROLLING_INCREMENTAL_AFTER_FULL_REUSE,RR-REJECTION/6,0,r8c-2400-5a28549c72f5649c,DT-RAMDE_TS2_FULL,r8c-4633-f7c71d2b3b96ec5d,NO_MEMORY_RESET_GATE,INCLUDED,0.6842105263157895,13,19,-0.01
E2_ROLLING_INCREMENTAL_AFTER_FULL_REUSE,RR-REJECTION/6,0,r8c-2400-5a28549c72f5649c,DT-RAMDE_TS2_FULL,r8c-4634-4a8e3e4e891a5143,NO_LINEAGE_CREDIT,INCLUDED,0.3157894736842105,6,19,-0.01
E2_ROLLING_INCREMENTAL_AFTER_FULL_REUSE,RR-REJECTION/6,0,r8c-2400-5a28549c72f5649c,DT-RAMDE_TS2_FULL,r8c-4635-1871c9b57921013f,CROSS_EVENT_WARM_START_ONLY,INCLUDED,0.7368421052631579,14,19,-0.01
E2_ROLLING_INCREMENTAL_AFTER_FULL_REUSE,RR-REJECTION/6,0,r8c-2400-5a28549c72f5649c,DT-RAMDE_TS2_FULL,r8c-4636-a82310f024871a0b,CROSS_EVENT_MEMORY_ONLY,INCLUDED,0.2631578947368421,5,19,-0.01
E2_ROLLING_INCREMENTAL_AFTER_FULL_REUSE,RR-REJECTION/6,0,r8c-2400-5a28549c72f5649c,DT-RAMDE_TS2_FULL,r8c-4637-dd425474deaf8b23,SHADE_ONLY,INCLUDED,0.15789473684210525,3,19,-0.01
E2_ROLLING_INCREMENTAL_AFTER_FULL_REUSE,RR-REJECTION/6,1,r8c-2406-2bfec57082aad79a,DT-RAMDE_TS2_FULL,r8c-4638-f6093db5257e91dd,NO_CROSS_EVENT_MEMORY,INCLUDED,0.21052631578947367,4,19,-0.01
E2_ROLLING_INCREMENTAL_AFTER_FULL_REUSE,RR-REJECTION/6,1,r8c-2406-2bfec57082aad79a,DT-RAMDE_TS2_FULL,r8c-4639-1de4ee458fe7b594,NO_EXECUTION_FEEDBACK,INCLUDED,0.6842105263157895,13,19,-0.01
E2_ROLLING_INCREMENTAL_AFTER_FULL_REUSE,RR-REJECTION/6,1,r8c-2406-2bfec57082aad79a,DT-RAMDE_TS2_FULL,r8c-4640-71ab316488b8cf3d,NO_REJECTION_CREDIT,INCLUDED,0.47368421052631576,9,19,-0.01
E2_ROLLING_INCREMENTAL_AFTER_FULL_REUSE,RR-REJECTION/6,1,r8c-2406-2bfec57082aad79a,DT-RAMDE_TS2_FULL,r8c-4641-6148fedd079b8780,NO_MEMORY_RESET_GATE,INCLUDED,0.5789473684210527,11,19,-0.01
E2_ROLLING_INCREMENTAL_AFTER_FULL_REUSE,RR-REJECTION/6,1,r8c-2406-2bfec57082aad79a,DT-RAMDE_TS2_FULL,r8c-4642-f3428f84fac2253a,NO_LINEAGE_CREDIT,INCLUDED,0.3157894736842105,6,19,-0.01
E2_ROLLING_INCREMENTAL_AFTER_FULL_REUSE,RR-REJECTION/6,1,r8c-2406-2bfec57082aad79a,DT-RAMDE_TS2_FULL,r8c-4643-d7be543cea50fcda,CROSS_EVENT_WARM_START_ONLY,INCLUDED,0.5789473684210527,11,19,-0.01
E2_ROLLING_INCREMENTAL_AFTER_FULL_REUSE,RR-REJECTION/6,1,r8c-2406-2bfec57082aad79a,DT-RAMDE_TS2_FULL,r8c-4644-6e96b1e701736ea1,CROSS_EVENT_MEMORY_ONLY,INCLUDED,0.21052631578947367,4,19,-0.01
E2_ROLLING_INCREMENTAL_AFTER_FULL_REUSE,RR-REJECTION/6,1,r8c-2406-2bfec57082aad79a,DT-RAMDE_TS2_FULL,r8c-4645-a1c5f351bfc395da,SHADE_ONLY,INCLUDED,0.15789473684210525,3,19,-0.01
E2_ROLLING_INCREMENTAL_AFTER_FULL_REUSE,RR-REJECTION/6,2,r8c-2412-2a862add53e5a0c5,DT-RAMDE_TS2_FULL,r8c-4646-ef8df1acd571fd0d,NO_CROSS_EVENT_MEMORY,INCLUDED,0.15789473684210525,3,19,-0.01
E2_ROLLING_INCREMENTAL_AFTER_FULL_REUSE,RR-REJECTION/6,2,r8c-2412-2a862add53e5a0c5,DT-RAMDE_TS2_FULL,r8c-4647-48fba957830d20a7,NO_EXECUTION_FEEDBACK,INCLUDED,0.6842105263157895,13,19,-0.01
E2_ROLLING_INCREMENTAL_AFTER_FULL_REUSE,RR-REJECTION/6,2,r8c-2412-2a862add53e5a0c5,DT-RAMDE_TS2_FULL,r8c-4648-89823035c8730358,NO_REJECTION_CREDIT,INCLUDED,0.15789473684210525,3,19,-0.01
E2_ROLLING_INCREMENTAL_AFTER_FULL_REUSE,RR-REJECTION/6,2,r8c-2412-2a862add53e5a0c5,DT-RAMDE_TS2_FULL,r8c-4649-cc570f72988b5a1d,NO_MEMORY_RESET_GATE,INCLUDED,0.6842105263157895,13,19,-0.01
E2_ROLLING_INCREMENTAL_AFTER_FULL_REUSE,RR-REJECTION/6,2,r8c-2412-2a862add53e5a0c5,DT-RAMDE_TS2_FULL,r8c-4650-f60b5f418c271f10,NO_LINEAGE_CREDIT,INCLUDED,0.05263157894736842,1,19,-0.01
E2_ROLLING_INCREMENTAL_AFTER_FULL_REUSE,RR-REJECTION/6,2,r8c-2412-2a862add53e5a0c5,DT-RAMDE_TS2_FULL,r8c-4651-06ecd18cd845d2b7,CROSS_EVENT_WARM_START_ONLY,INCLUDED,0.7368421052631579,14,19,-0.01
E2_ROLLING_INCREMENTAL_AFTER_FULL_REUSE,RR-REJECTION/6,2,r8c-2412-2a862add53e5a0c5,DT-RAMDE_TS2_FULL,r8c-4652-5a4a7d3c089308f9,CROSS_EVENT_MEMORY_ONLY,INCLUDED,0.15789473684210525,3,19,-0.01
E2_ROLLING_INCREMENTAL_AFTER_FULL_REUSE,RR-REJECTION/6,2,r8c-2412-2a862add53e5a0c5,DT-RAMDE_TS2_FULL,r8c-4653-7cd7aa882b210dbd,SHADE_ONLY,INCLUDED,0.05263157894736842,1,19,-0.01
E2_ROLLING_INCREMENTAL_AFTER_FULL_REUSE,RR-REJECTION/6,3,r8c-2418-469b7ba3ce7740bc,DT-RAMDE_TS2_FULL,r8c-4654-e50459f1ead3c80d,NO_CROSS_EVENT_MEMORY,INCLUDED,0.2631578947368421,5,19,-0.01
E2_ROLLING_INCREMENTAL_AFTER_FULL_REUSE,RR-REJECTION/6,3,r8c-2418-469b7ba3ce7740bc,DT-RAMDE_TS2_FULL,r8c-4655-51a7db24c87a2f72,NO_EXECUTION_FEEDBACK,INCLUDED,0.6842105263157895,13,19,-0.01
E2_ROLLING_INCREMENTAL_AFTER_FULL_REUSE,RR-REJECTION/6,3,r8c-2418-469b7ba3ce7740bc,DT-RAMDE_TS2_FULL,r8c-4656-95007f2dd2609d0c,NO_REJECTION_CREDIT,INCLUDED,0.42105263157894735,8,19,-0.01
E2_ROLLING_INCREMENTAL_AFTER_FULL_REUSE,RR-REJECTION/6,3,r8c-2418-469b7ba3ce7740bc,DT-RAMDE_TS2_FULL,r8c-4657-49b70b4dc956a1ba,NO_MEMORY_RESET_GATE,INCLUDED,0.6842105263157895,13,19,-0.01
E2_ROLLING_INCREMENTAL_AFTER_FULL_REUSE,RR-REJECTION/6,3,r8c-2418-469b7ba3ce7740bc,DT-RAMDE_TS2_FULL,r8c-4658-803668025955f448,NO_LINEAGE_CREDIT,INCLUDED,0.3157894736842105,6,19,-0.01
E2_ROLLING_INCREMENTAL_AFTER_FULL_REUSE,RR-REJECTION/6,3,r8c-2418-469b7ba3ce7740bc,DT-RAMDE_TS2_FULL,r8c-4659-a05533aa53c98e3a,CROSS_EVENT_WARM_START_ONLY,INCLUDED,0.6842105263157895,13,19,-0.01
E2_ROLLING_INCREMENTAL_AFTER_FULL_REUSE,RR-REJECTION/6,3,r8c-2418-469b7ba3ce7740bc,DT-RAMDE_TS2_FULL,r8c-4660-da5103c3b1e8da6d,CROSS_EVENT_MEMORY_ONLY,INCLUDED,0.3684210526315789,7,19,-0.01
E2_ROLLING_INCREMENTAL_AFTER_FULL_REUSE,RR-REJECTION/6,3,r8c-2418-469b7ba3ce7740bc,DT-RAMDE_TS2_FULL,r8c-4661-fe1b40d4f6e7883e,SHADE_ONLY,INCLUDED,0.21052631578947367,4,19,-0.01
E2_ROLLING_INCREMENTAL_AFTER_FULL_REUSE,RR-REJECTION/6,4,r8c-2424-928fc511808dec54,DT-RAMDE_TS2_FULL,r8c-4662-ef876f98a20620b5,NO_CROSS_EVENT_MEMORY,INCLUDED,0.21052631578947367,4,19,-0.01
E2_ROLLING_INCREMENTAL_AFTER_FULL_REUSE,RR-REJECTION/6,4,r8c-2424-928fc511808dec54,DT-RAMDE_TS2_FULL,r8c-4663-8ef19c611c307c3e,NO_EXECUTION_FEEDBACK,INCLUDED,0.6842105263157895,13,19,-0.01
E2_ROLLING_INCREMENTAL_AFTER_FULL_REUSE,RR-REJECTION/6,4,r8c-2424-928fc511808dec54,DT-RAMDE_TS2_FULL,r8c-4664-b225ffe56a8450b2,NO_REJECTION_CREDIT,INCLUDED,0.3684210526315789,7,19,-0.01
E2_ROLLING_INCREMENTAL_AFTER_FULL_REUSE,RR-REJECTION/6,4,r8c-2424-928fc511808dec54,DT-RAMDE_TS2_FULL,r8c-4665-d334d4ffc5d093f4,NO_MEMORY_RESET_GATE,INCLUDED,0.7368421052631579,14,19,-0.01
E2_ROLLING_INCREMENTAL_AFTER_FULL_REUSE,RR-REJECTION/6,4,r8c-2424-928fc511808dec54,DT-RAMDE_TS2_FULL,r8c-4666-c9262247661a4dda,NO_LINEAGE_CREDIT,INCLUDED,0.2631578947368421,5,19,-0.01
E2_ROLLING_INCREMENTAL_AFTER_FULL_REUSE,RR-REJECTION/6,4,r8c-2424-928fc511808dec54,DT-RAMDE_TS2_FULL,r8c-4667-bdea8f2a62c03454,CROSS_EVENT_WARM_START_ONLY,INCLUDED,0.6842105263157895,13,19,-0.01
E2_ROLLING_INCREMENTAL_AFTER_FULL_REUSE,RR-REJECTION/6,4,r8c-2424-928fc511808dec54,DT-RAMDE_TS2_FULL,r8c-4668-df69b7fcca4e5c97,CROSS_EVENT_MEMORY_ONLY,INCLUDED,0.15789473684210525,3,19,-0.01
E2_ROLLING_INCREMENTAL_AFTER_FULL_REUSE,RR-REJECTION/6,4,r8c-2424-928fc511808dec54,DT-RAMDE_TS2_FULL,r8c-4669-9006f13783898d25,SHADE_ONLY,INCLUDED,0.05263157894736842,1,19,-0.01
E2_ROLLING_INCREMENTAL_AFTER_FULL_REUSE,RR-REJECTION/7,0,r8c-2430-4d9262a741d714c5,DT-RAMDE_TS2_FULL,r8c-4670-d12644bc08924456,NO_CROSS_EVENT_MEMORY,INCLUDED,0.10526315789473684,2,19,-0.01
E2_ROLLING_INCREMENTAL_AFTER_FULL_REUSE,RR-REJECTION/7,0,r8c-2430-4d9262a741d714c5,DT-RAMDE_TS2_FULL,r8c-4671-445840b23cb79ae0,NO_EXECUTION_FEEDBACK,INCLUDED,0.3157894736842105,6,19,-0.01
E2_ROLLING_INCREMENTAL_AFTER_FULL_REUSE,RR-REJECTION/7,0,r8c-2430-4d9262a741d714c5,DT-RAMDE_TS2_FULL,r8c-4672-68c8e19f6edc8b66,NO_REJECTION_CREDIT,INCLUDED,0.3157894736842105,6,19,-0.01
E2_ROLLING_INCREMENTAL_AFTER_FULL_REUSE,RR-REJECTION/7,0,r8c-2430-4d9262a741d714c5,DT-RAMDE_TS2_FULL,r8c-4673-b10e17f62fca1302,NO_MEMORY_RESET_GATE,INCLUDED,0.3684210526315789,7,19,-0.01
E2_ROLLING_INCREMENTAL_AFTER_FULL_REUSE,RR-REJECTION/7,0,r8c-2430-4d9262a741d714c5,DT-RAMDE_TS2_FULL,r8c-4674-17a170c2ece83afc,NO_LINEAGE_CREDIT,INCLUDED,0.15789473684210525,3,19,-0.01
E2_ROLLING_INCREMENTAL_AFTER_FULL_REUSE,RR-REJECTION/7,0,r8c-2430-4d9262a741d714c5,DT-RAMDE_TS2_FULL,r8c-4675-646c214392b45f50,CROSS_EVENT_WARM_START_ONLY,INCLUDED,0.3684210526315789,7,19,-0.01
E2_ROLLING_INCREMENTAL_AFTER_FULL_REUSE,RR-REJECTION/7,0,r8c-2430-4d9262a741d714c5,DT-RAMDE_TS2_FULL,r8c-4676-1f110e6c27fe78d8,CROSS_EVENT_MEMORY_ONLY,INCLUDED,0.05263157894736842,1,19,-0.01
E2_ROLLING_INCREMENTAL_AFTER_FULL_REUSE,RR-REJECTION/7,0,r8c-2430-4d9262a741d714c5,DT-RAMDE_TS2_FULL,r8c-4677-6e5d3551f33c3d7d,SHADE_ONLY,INCLUDED,0.10526315789473684,2,19,-0.01
E2_ROLLING_INCREMENTAL_AFTER_FULL_REUSE,RR-REJECTION/7,1,r8c-2436-5e1dfd00c465802d,DT-RAMDE_TS2_FULL,r8c-4678-ebec39c1c4a77f5a,NO_CROSS_EVENT_MEMORY,INCLUDED,0.2631578947368421,5,19,-0.01
E2_ROLLING_INCREMENTAL_AFTER_FULL_REUSE,RR-REJECTION/7,1,r8c-2436-5e1dfd00c465802d,DT-RAMDE_TS2_FULL,r8c-4679-0a48ebc7cae711db,NO_EXECUTION_FEEDBACK,INCLUDED,0.5789473684210527,11,19,-0.01
E2_ROLLING_INCREMENTAL_AFTER_FULL_REUSE,RR-REJECTION/7,1,r8c-2436-5e1dfd00c465802d,DT-RAMDE_TS2_FULL,r8c-4680-fea95d4c3db04901,NO_REJECTION_CREDIT,INCLUDED,0.5263157894736842,10,19,-0.01
E2_ROLLING_INCREMENTAL_AFTER_FULL_REUSE,RR-REJECTION/7,1,r8c-2436-5e1dfd00c465802d,DT-RAMDE_TS2_FULL,r8c-4681-f7403046b05481c5,NO_MEMORY_RESET_GATE,INCLUDED,0.5789473684210527,11,19,-0.01
E2_ROLLING_INCREMENTAL_AFTER_FULL_REUSE,RR-REJECTION/7,1,r8c-2436-5e1dfd00c465802d,DT-RAMDE_TS2_FULL,r8c-4682-7af69d60bdf7818c,NO_LINEAGE_CREDIT,INCLUDED,0.2631578947368421,5,19,-0.01
E2_ROLLING_INCREMENTAL_AFTER_FULL_REUSE,RR-REJECTION/7,1,r8c-2436-5e1dfd00c465802d,DT-RAMDE_TS2_FULL,r8c-4683-d8498d9c7b305713,CROSS_EVENT_WARM_START_ONLY,INCLUDED,0.6842105263157895,13,19,-0.01
E2_ROLLING_INCREMENTAL_AFTER_FULL_REUSE,RR-REJECTION/7,1,r8c-2436-5e1dfd00c465802d,DT-RAMDE_TS2_FULL,r8c-4684-131792ad44db920b,CROSS_EVENT_MEMORY_ONLY,INCLUDED,0.2631578947368421,5,19,-0.01
E2_ROLLING_INCREMENTAL_AFTER_FULL_REUSE,RR-REJECTION/7,1,r8c-2436-5e1dfd00c465802d,DT-RAMDE_TS2_FULL,r8c-4685-c257bfed4584c637,SHADE_ONLY,INCLUDED,0.47368421052631576,9,19,-0.01
E2_ROLLING_INCREMENTAL_AFTER_FULL_REUSE,RR-REJECTION/7,2,r8c-2442-d7147d3f34ba2774,DT-RAMDE_TS2_FULL,r8c-4686-2f4a04b4417fcef2,NO_CROSS_EVENT_MEMORY,INCLUDED,0.3157894736842105,6,19,-0.01
E2_ROLLING_INCREMENTAL_AFTER_FULL_REUSE,RR-REJECTION/7,2,r8c-2442-d7147d3f34ba2774,DT-RAMDE_TS2_FULL,r8c-4687-151878e106e524bb,NO_EXECUTION_FEEDBACK,INCLUDED,0.3684210526315789,7,19,-0.01
E2_ROLLING_INCREMENTAL_AFTER_FULL_REUSE,RR-REJECTION/7,2,r8c-2442-d7147d3f34ba2774,DT-RAMDE_TS2_FULL,r8c-4688-df86b506adffc8e8,NO_REJECTION_CREDIT,INCLUDED,0.42105263157894735,8,19,-0.01
E2_ROLLING_INCREMENTAL_AFTER_FULL_REUSE,RR-REJECTION/7,2,r8c-2442-d7147d3f34ba2774,DT-RAMDE_TS2_FULL,r8c-4689-294ede5a060fbfd7,NO_MEMORY_RESET_GATE,INCLUDED,0.631578947368421,12,19,-0.01
E2_ROLLING_INCREMENTAL_AFTER_FULL_REUSE,RR-REJECTION/7,2,r8c-2442-d7147d3f34ba2774,DT-RAMDE_TS2_FULL,r8c-4690-5e08e575e9b7d977,NO_LINEAGE_CREDIT,INCLUDED,0.47368421052631576,9,19,-0.01
E2_ROLLING_INCREMENTAL_AFTER_FULL_REUSE,RR-REJECTION/7,2,r8c-2442-d7147d3f34ba2774,DT-RAMDE_TS2_FULL,r8c-4691-233a54cc41618313,CROSS_EVENT_WARM_START_ONLY,INCLUDED,0.5789473684210527,11,19,-0.01
E2_ROLLING_INCREMENTAL_AFTER_FULL_REUSE,RR-REJECTION/7,2,r8c-2442-d7147d3f34ba2774,DT-RAMDE_TS2_FULL,r8c-4692-75b91efaf712ef39,CROSS_EVENT_MEMORY_ONLY,INCLUDED,0.2631578947368421,5,19,-0.01
E2_ROLLING_INCREMENTAL_AFTER_FULL_REUSE,RR-REJECTION/7,2,r8c-2442-d7147d3f34ba2774,DT-RAMDE_TS2_FULL,r8c-4693-76337e215b48cac2,SHADE_ONLY,INCLUDED,0.2631578947368421,5,19,-0.01
E2_ROLLING_INCREMENTAL_AFTER_FULL_REUSE,RR-REJECTION/7,3,r8c-2448-cba6d659a46341d1,DT-RAMDE_TS2_FULL,r8c-4694-ed81649ac61c6d93,NO_CROSS_EVENT_MEMORY,INCLUDED,0.2631578947368421,5,19,-0.01
E2_ROLLING_INCREMENTAL_AFTER_FULL_REUSE,RR-REJECTION/7,3,r8c-2448-cba6d659a46341d1,DT-RAMDE_TS2_FULL,r8c-4695-d51f111f85e689be,NO_EXECUTION_FEEDBACK,INCLUDED,0.5263157894736842,10,19,-0.01
E2_ROLLING_INCREMENTAL_AFTER_FULL_REUSE,RR-REJECTION/7,3,r8c-2448-cba6d659a46341d1,DT-RAMDE_TS2_FULL,r8c-4696-b91c5455b525bba6,NO_REJECTION_CREDIT,INCLUDED,0.2631578947368421,5,19,-0.01
E2_ROLLING_INCREMENTAL_AFTER_FULL_REUSE,RR-REJECTION/7,3,r8c-2448-cba6d659a46341d1,DT-RAMDE_TS2_FULL,r8c-4697-ffec69b87c8a6585,NO_MEMORY_RESET_GATE,INCLUDED,0.631578947368421,12,19,-0.01
E2_ROLLING_INCREMENTAL_AFTER_FULL_REUSE,RR-REJECTION/7,3,r8c-2448-cba6d659a46341d1,DT-RAMDE_TS2_FULL,r8c-4698-351575495be536f7,NO_LINEAGE_CREDIT,INCLUDED,0.42105263157894735,8,19,-0.01
E2_ROLLING_INCREMENTAL_AFTER_FULL_REUSE,RR-REJECTION/7,3,r8c-2448-cba6d659a46341d1,DT-RAMDE_TS2_FULL,r8c-4699-310c0e6608e9cdd2,CROSS_EVENT_WARM_START_ONLY,INCLUDED,0.5263157894736842,10,19,-0.01
E2_ROLLING_INCREMENTAL_AFTER_FULL_REUSE,RR-REJECTION/7,3,r8c-2448-cba6d659a46341d1,DT-RAMDE_TS2_FULL,r8c-4700-4a03d19f9a37ffd1,CROSS_EVENT_MEMORY_ONLY,INCLUDED,0.10526315789473684,2,19,-0.01
E2_ROLLING_INCREMENTAL_AFTER_FULL_REUSE,RR-REJECTION/7,3,r8c-2448-cba6d659a46341d1,DT-RAMDE_TS2_FULL,r8c-4701-65c53e8ae4aa9796,SHADE_ONLY,INCLUDED,0.3157894736842105,6,19,-0.01
E2_ROLLING_INCREMENTAL_AFTER_FULL_REUSE,RR-REJECTION/7,4,r8c-2454-4e6312d7cd0c83a5,DT-RAMDE_TS2_FULL,r8c-4702-05d1e1d56ecd42a1,NO_CROSS_EVENT_MEMORY,INCLUDED,0.3157894736842105,6,19,-0.01
E2_ROLLING_INCREMENTAL_AFTER_FULL_REUSE,RR-REJECTION/7,4,r8c-2454-4e6312d7cd0c83a5,DT-RAMDE_TS2_FULL,r8c-4703-b77dc8a0cbf70779,NO_EXECUTION_FEEDBACK,INCLUDED,0.5789473684210527,11,19,-0.01
E2_ROLLING_INCREMENTAL_AFTER_FULL_REUSE,RR-REJECTION/7,4,r8c-2454-4e6312d7cd0c83a5,DT-RAMDE_TS2_FULL,r8c-4704-fad3d43deb1b75fd,NO_REJECTION_CREDIT,INCLUDED,0.47368421052631576,9,19,-0.01
E2_ROLLING_INCREMENTAL_AFTER_FULL_REUSE,RR-REJECTION/7,4,r8c-2454-4e6312d7cd0c83a5,DT-RAMDE_TS2_FULL,r8c-4705-eb9c08f3515c1d3f,NO_MEMORY_RESET_GATE,INCLUDED,0.5789473684210527,11,19,-0.01
E2_ROLLING_INCREMENTAL_AFTER_FULL_REUSE,RR-REJECTION/7,4,r8c-2454-4e6312d7cd0c83a5,DT-RAMDE_TS2_FULL,r8c-4706-b2d60e2e8355f36b,NO_LINEAGE_CREDIT,INCLUDED,0.5263157894736842,10,19,-0.01
E2_ROLLING_INCREMENTAL_AFTER_FULL_REUSE,RR-REJECTION/7,4,r8c-2454-4e6312d7cd0c83a5,DT-RAMDE_TS2_FULL,r8c-4707-b5cba2fa43110f77,CROSS_EVENT_WARM_START_ONLY,INCLUDED,0.6842105263157895,13,19,-0.01
E2_ROLLING_INCREMENTAL_AFTER_FULL_REUSE,RR-REJECTION/7,4,r8c-2454-4e6312d7cd0c83a5,DT-RAMDE_TS2_FULL,r8c-4708-1695d8724afc7b82,CROSS_EVENT_MEMORY_ONLY,INCLUDED,0.15789473684210525,3,19,-0.01
E2_ROLLING_INCREMENTAL_AFTER_FULL_REUSE,RR-REJECTION/7,4,r8c-2454-4e6312d7cd0c83a5,DT-RAMDE_TS2_FULL,r8c-4709-52bd18cb70dd0397,SHADE_ONLY,INCLUDED,0.2631578947368421,5,19,-0.01
E2_ROLLING_INCREMENTAL_AFTER_FULL_REUSE,RR-INTERMITTENT/0,0,r8c-2460-dba68bdfc20f2a7d,DT-RAMDE_TS2_FULL,r8c-4710-5e4cff2b95e7facd,NO_CROSS_EVENT_MEMORY,INCLUDED,0.3157894736842105,6,19,-0.01
E2_ROLLING_INCREMENTAL_AFTER_FULL_REUSE,RR-INTERMITTENT/0,0,r8c-2460-dba68bdfc20f2a7d,DT-RAMDE_TS2_FULL,r8c-4711-788c7ea52c16c8f1,NO_EXECUTION_FEEDBACK,INCLUDED,0.6842105263157895,13,19,-0.01
E2_ROLLING_INCREMENTAL_AFTER_FULL_REUSE,RR-INTERMITTENT/0,0,r8c-2460-dba68bdfc20f2a7d,DT-RAMDE_TS2_FULL,r8c-4712-582b9e44da204431,NO_REJECTION_CREDIT,INCLUDED,0.42105263157894735,8,19,-0.01
E2_ROLLING_INCREMENTAL_AFTER_FULL_REUSE,RR-INTERMITTENT/0,0,r8c-2460-dba68bdfc20f2a7d,DT-RAMDE_TS2_FULL,r8c-4713-5147bedd11cb5113,NO_MEMORY_RESET_GATE,INCLUDED,0.631578947368421,12,19,-0.01
E2_ROLLING_INCREMENTAL_AFTER_FULL_REUSE,RR-INTERMITTENT/0,0,r8c-2460-dba68bdfc20f2a7d,DT-RAMDE_TS2_FULL,r8c-4714-8501994dc4b9c4bc,NO_LINEAGE_CREDIT,INCLUDED,0.3684210526315789,7,19,-0.01
E2_ROLLING_INCREMENTAL_AFTER_FULL_REUSE,RR-INTERMITTENT/0,0,r8c-2460-dba68bdfc20f2a7d,DT-RAMDE_TS2_FULL,r8c-4715-33afb184ee69b2f0,CROSS_EVENT_WARM_START_ONLY,INCLUDED,0.5263157894736842,10,19,-0.01
E2_ROLLING_INCREMENTAL_AFTER_FULL_REUSE,RR-INTERMITTENT/0,0,r8c-2460-dba68bdfc20f2a7d,DT-RAMDE_TS2_FULL,r8c-4716-084f3ab5d7a1bfa9,CROSS_EVENT_MEMORY_ONLY,INCLUDED,0.10526315789473684,2,19,-0.01
E2_ROLLING_INCREMENTAL_AFTER_FULL_REUSE,RR-INTERMITTENT/0,0,r8c-2460-dba68bdfc20f2a7d,DT-RAMDE_TS2_FULL,r8c-4717-87d9f3d5ba970756,SHADE_ONLY,INCLUDED,0.2631578947368421,5,19,-0.01
E2_ROLLING_INCREMENTAL_AFTER_FULL_REUSE,RR-INTERMITTENT/0,1,r8c-2466-172f61346f97cc1b,DT-RAMDE_TS2_FULL,r8c-4718-a25b7a7da3971f40,NO_CROSS_EVENT_MEMORY,INCLUDED,0.21052631578947367,4,19,-0.01
E2_ROLLING_INCREMENTAL_AFTER_FULL_REUSE,RR-INTERMITTENT/0,1,r8c-2466-172f61346f97cc1b,DT-RAMDE_TS2_FULL,r8c-4719-9ae036eed7729a6c,NO_EXECUTION_FEEDBACK,INCLUDED,0.47368421052631576,9,19,-0.01
E2_ROLLING_INCREMENTAL_AFTER_FULL_REUSE,RR-INTERMITTENT/0,1,r8c-2466-172f61346f97cc1b,DT-RAMDE_TS2_FULL,r8c-4720-7c3b85924571a721,NO_REJECTION_CREDIT,INCLUDED,0.3684210526315789,7,19,-0.01
E2_ROLLING_INCREMENTAL_AFTER_FULL_REUSE,RR-INTERMITTENT/0,1,r8c-2466-172f61346f97cc1b,DT-RAMDE_TS2_FULL,r8c-4721-4cf7fc1da56e0053,NO_MEMORY_RESET_GATE,INCLUDED,0.42105263157894735,8,19,-0.01
E2_ROLLING_INCREMENTAL_AFTER_FULL_REUSE,RR-INTERMITTENT/0,1,r8c-2466-172f61346f97cc1b,DT-RAMDE_TS2_FULL,r8c-4722-69a542148b743790,NO_LINEAGE_CREDIT,INCLUDED,0.3157894736842105,6,19,-0.01
E2_ROLLING_INCREMENTAL_AFTER_FULL_REUSE,RR-INTERMITTENT/0,1,r8c-2466-172f61346f97cc1b,DT-RAMDE_TS2_FULL,r8c-4723-b07ba995920db242,CROSS_EVENT_WARM_START_ONLY,INCLUDED,0.47368421052631576,9,19,-0.01
E2_ROLLING_INCREMENTAL_AFTER_FULL_REUSE,RR-INTERMITTENT/0,1,r8c-2466-172f61346f97cc1b,DT-RAMDE_TS2_FULL,r8c-4724-fa6b2f73499ac7eb,CROSS_EVENT_MEMORY_ONLY,INCLUDED,0.2631578947368421,5,19,-0.01
E2_ROLLING_INCREMENTAL_AFTER_FULL_REUSE,RR-INTERMITTENT/0,1,r8c-2466-172f61346f97cc1b,DT-RAMDE_TS2_FULL,r8c-4725-7ce6b8db5e9cff8b,SHADE_ONLY,INCLUDED,0.21052631578947367,4,19,-0.01
E2_ROLLING_INCREMENTAL_AFTER_FULL_REUSE,RR-INTERMITTENT/0,2,r8c-2472-3c3734cc2012bf1d,DT-RAMDE_TS2_FULL,r8c-4726-32f65a4e829f4d11,NO_CROSS_EVENT_MEMORY,INCLUDED,0.3157894736842105,6,19,-0.01
E2_ROLLING_INCREMENTAL_AFTER_FULL_REUSE,RR-INTERMITTENT/0,2,r8c-2472-3c3734cc2012bf1d,DT-RAMDE_TS2_FULL,r8c-4727-78b4545369458a51,NO_EXECUTION_FEEDBACK,INCLUDED,0.5789473684210527,11,19,-0.01
E2_ROLLING_INCREMENTAL_AFTER_FULL_REUSE,RR-INTERMITTENT/0,2,r8c-2472-3c3734cc2012bf1d,DT-RAMDE_TS2_FULL,r8c-4728-8ea5f71db0741a62,NO_REJECTION_CREDIT,INCLUDED,0.5263157894736842,10,19,-0.01
E2_ROLLING_INCREMENTAL_AFTER_FULL_REUSE,RR-INTERMITTENT/0,2,r8c-2472-3c3734cc2012bf1d,DT-RAMDE_TS2_FULL,r8c-4729-a0421e20b46ce4f9,NO_MEMORY_RESET_GATE,INCLUDED,0.6842105263157895,13,19,-0.01
E2_ROLLING_INCREMENTAL_AFTER_FULL_REUSE,RR-INTERMITTENT/0,2,r8c-2472-3c3734cc2012bf1d,DT-RAMDE_TS2_FULL,r8c-4730-f8b3cdc4c0537821,NO_LINEAGE_CREDIT,INCLUDED,0.42105263157894735,8,19,-0.01
E2_ROLLING_INCREMENTAL_AFTER_FULL_REUSE,RR-INTERMITTENT/0,2,r8c-2472-3c3734cc2012bf1d,DT-RAMDE_TS2_FULL,r8c-4731-4bc725ca099af63c,CROSS_EVENT_WARM_START_ONLY,INCLUDED,0.5789473684210527,11,19,-0.01
E2_ROLLING_INCREMENTAL_AFTER_FULL_REUSE,RR-INTERMITTENT/0,2,r8c-2472-3c3734cc2012bf1d,DT-RAMDE_TS2_FULL,r8c-4732-63286fd03187135a,CROSS_EVENT_MEMORY_ONLY,INCLUDED,0.15789473684210525,3,19,-0.01
E2_ROLLING_INCREMENTAL_AFTER_FULL_REUSE,RR-INTERMITTENT/0,2,r8c-2472-3c3734cc2012bf1d,DT-RAMDE_TS2_FULL,r8c-4733-f9494d988cfcc3f1,SHADE_ONLY,INCLUDED,0.3157894736842105,6,19,-0.01
E2_ROLLING_INCREMENTAL_AFTER_FULL_REUSE,RR-INTERMITTENT/0,3,r8c-2478-13d148ad54bcdfc9,DT-RAMDE_TS2_FULL,r8c-4734-39d7c3879e78e526,NO_CROSS_EVENT_MEMORY,INCLUDED,0.10526315789473684,2,19,-0.01
E2_ROLLING_INCREMENTAL_AFTER_FULL_REUSE,RR-INTERMITTENT/0,3,r8c-2478-13d148ad54bcdfc9,DT-RAMDE_TS2_FULL,r8c-4735-c576d414338994b5,NO_EXECUTION_FEEDBACK,INCLUDED,0.3684210526315789,7,19,-0.01
E2_ROLLING_INCREMENTAL_AFTER_FULL_REUSE,RR-INTERMITTENT/0,3,r8c-2478-13d148ad54bcdfc9,DT-RAMDE_TS2_FULL,r8c-4736-d0975e1f95da6782,NO_REJECTION_CREDIT,INCLUDED,0.3684210526315789,7,19,-0.01
E2_ROLLING_INCREMENTAL_AFTER_FULL_REUSE,RR-INTERMITTENT/0,3,r8c-2478-13d148ad54bcdfc9,DT-RAMDE_TS2_FULL,r8c-4737-d51e02861bc7b84b,NO_MEMORY_RESET_GATE,INCLUDED,0.42105263157894735,8,19,-0.01
E2_ROLLING_INCREMENTAL_AFTER_FULL_REUSE,RR-INTERMITTENT/0,3,r8c-2478-13d148ad54bcdfc9,DT-RAMDE_TS2_FULL,r8c-4738-a2cdc0700bef2cd3,NO_LINEAGE_CREDIT,INCLUDED,0.5263157894736842,10,19,-0.01
E2_ROLLING_INCREMENTAL_AFTER_FULL_REUSE,RR-INTERMITTENT/0,3,r8c-2478-13d148ad54bcdfc9,DT-RAMDE_TS2_FULL,r8c-4739-c3923269a25ef6cf,CROSS_EVENT_WARM_START_ONLY,INCLUDED,0.5789473684210527,11,19,-0.01
E2_ROLLING_INCREMENTAL_AFTER_FULL_REUSE,RR-INTERMITTENT/0,3,r8c-2478-13d148ad54bcdfc9,DT-RAMDE_TS2_FULL,r8c-4740-6d84f18a20aab566,CROSS_EVENT_MEMORY_ONLY,INCLUDED,0.2631578947368421,5,19,-0.01
E2_ROLLING_INCREMENTAL_AFTER_FULL_REUSE,RR-INTERMITTENT/0,3,r8c-2478-13d148ad54bcdfc9,DT-RAMDE_TS2_FULL,r8c-4741-cabccfca8a0ed275,SHADE_ONLY,INCLUDED,0.21052631578947367,4,19,-0.01
E2_ROLLING_INCREMENTAL_AFTER_FULL_REUSE,RR-INTERMITTENT/0,4,r8c-2484-739a0a42cd4fc4bd,DT-RAMDE_TS2_FULL,r8c-4742-6947c2b4faf06197,NO_CROSS_EVENT_MEMORY,INCLUDED,0.10526315789473684,2,19,-0.01
E2_ROLLING_INCREMENTAL_AFTER_FULL_REUSE,RR-INTERMITTENT/0,4,r8c-2484-739a0a42cd4fc4bd,DT-RAMDE_TS2_FULL,r8c-4743-29eaa38558dfa521,NO_EXECUTION_FEEDBACK,INCLUDED,0.15789473684210525,3,19,-0.01
E2_ROLLING_INCREMENTAL_AFTER_FULL_REUSE,RR-INTERMITTENT/0,4,r8c-2484-739a0a42cd4fc4bd,DT-RAMDE_TS2_FULL,r8c-4744-988e4e5e7b4d7906,NO_REJECTION_CREDIT,INCLUDED,0.15789473684210525,3,19,-0.01
E2_ROLLING_INCREMENTAL_AFTER_FULL_REUSE,RR-INTERMITTENT/0,4,r8c-2484-739a0a42cd4fc4bd,DT-RAMDE_TS2_FULL,r8c-4745-3d871b99bc45bb3e,NO_MEMORY_RESET_GATE,INCLUDED,0.21052631578947367,4,19,-0.01
E2_ROLLING_INCREMENTAL_AFTER_FULL_REUSE,RR-INTERMITTENT/0,4,r8c-2484-739a0a42cd4fc4bd,DT-RAMDE_TS2_FULL,r8c-4746-9e4394e2207508ae,NO_LINEAGE_CREDIT,INCLUDED,0.15789473684210525,3,19,-0.01
E2_ROLLING_INCREMENTAL_AFTER_FULL_REUSE,RR-INTERMITTENT/0,4,r8c-2484-739a0a42cd4fc4bd,DT-RAMDE_TS2_FULL,r8c-4747-ae1d459d04f3c528,CROSS_EVENT_WARM_START_ONLY,INCLUDED,0.21052631578947367,4,19,-0.01
E2_ROLLING_INCREMENTAL_AFTER_FULL_REUSE,RR-INTERMITTENT/0,4,r8c-2484-739a0a42cd4fc4bd,DT-RAMDE_TS2_FULL,r8c-4748-5d1acd1873ffbf81,CROSS_EVENT_MEMORY_ONLY,INCLUDED,0.05263157894736842,1,19,-0.01
E2_ROLLING_INCREMENTAL_AFTER_FULL_REUSE,RR-INTERMITTENT/0,4,r8c-2484-739a0a42cd4fc4bd,DT-RAMDE_TS2_FULL,r8c-4749-6a9c902a30740d5c,SHADE_ONLY,INCLUDED,0.05263157894736842,1,19,-0.01
E2_ROLLING_INCREMENTAL_AFTER_FULL_REUSE,RR-INTERMITTENT/1,0,r8c-2490-c6faf57dfc458c5c,DT-RAMDE_TS2_FULL,r8c-4750-caaf2aea05aa80f0,NO_CROSS_EVENT_MEMORY,INCLUDED,0.10526315789473684,2,19,-0.01
E2_ROLLING_INCREMENTAL_AFTER_FULL_REUSE,RR-INTERMITTENT/1,0,r8c-2490-c6faf57dfc458c5c,DT-RAMDE_TS2_FULL,r8c-4751-9271c84aff144c91,NO_EXECUTION_FEEDBACK,INCLUDED,0.42105263157894735,8,19,-0.01
E2_ROLLING_INCREMENTAL_AFTER_FULL_REUSE,RR-INTERMITTENT/1,0,r8c-2490-c6faf57dfc458c5c,DT-RAMDE_TS2_FULL,r8c-4752-eacafabb555728f0,NO_REJECTION_CREDIT,INCLUDED,0.3684210526315789,7,19,-0.01
E2_ROLLING_INCREMENTAL_AFTER_FULL_REUSE,RR-INTERMITTENT/1,0,r8c-2490-c6faf57dfc458c5c,DT-RAMDE_TS2_FULL,r8c-4753-cd78940c8a23a363,NO_MEMORY_RESET_GATE,INCLUDED,0.3684210526315789,7,19,-0.01
E2_ROLLING_INCREMENTAL_AFTER_FULL_REUSE,RR-INTERMITTENT/1,0,r8c-2490-c6faf57dfc458c5c,DT-RAMDE_TS2_FULL,r8c-4754-a7b150bd90bfd68a,NO_LINEAGE_CREDIT,INCLUDED,0.3157894736842105,6,19,-0.01
E2_ROLLING_INCREMENTAL_AFTER_FULL_REUSE,RR-INTERMITTENT/1,0,r8c-2490-c6faf57dfc458c5c,DT-RAMDE_TS2_FULL,r8c-4755-21c49d185aa40b86,CROSS_EVENT_WARM_START_ONLY,INCLUDED,0.3684210526315789,7,19,-0.01
E2_ROLLING_INCREMENTAL_AFTER_FULL_REUSE,RR-INTERMITTENT/1,0,r8c-2490-c6faf57dfc458c5c,DT-RAMDE_TS2_FULL,r8c-4756-21c9790df0f75063,CROSS_EVENT_MEMORY_ONLY,INCLUDED,0.10526315789473684,2,19,-0.01
E2_ROLLING_INCREMENTAL_AFTER_FULL_REUSE,RR-INTERMITTENT/1,0,r8c-2490-c6faf57dfc458c5c,DT-RAMDE_TS2_FULL,r8c-4757-0411730f87b631ff,SHADE_ONLY,INCLUDED,0.15789473684210525,3,19,-0.01
E2_ROLLING_INCREMENTAL_AFTER_FULL_REUSE,RR-INTERMITTENT/1,1,r8c-2496-bedc5f8999053676,DT-RAMDE_TS2_FULL,r8c-4758-01ec591cd4d529ea,NO_CROSS_EVENT_MEMORY,INCLUDED,0.0,0,19,-0.01
E2_ROLLING_INCREMENTAL_AFTER_FULL_REUSE,RR-INTERMITTENT/1,1,r8c-2496-bedc5f8999053676,DT-RAMDE_TS2_FULL,r8c-4759-00043fe426d6c6d4,NO_EXECUTION_FEEDBACK,INCLUDED,0.2631578947368421,5,19,-0.01
E2_ROLLING_INCREMENTAL_AFTER_FULL_REUSE,RR-INTERMITTENT/1,1,r8c-2496-bedc5f8999053676,DT-RAMDE_TS2_FULL,r8c-4760-544955707fa4ff49,NO_REJECTION_CREDIT,INCLUDED,0.21052631578947367,4,19,-0.01
E2_ROLLING_INCREMENTAL_AFTER_FULL_REUSE,RR-INTERMITTENT/1,1,r8c-2496-bedc5f8999053676,DT-RAMDE_TS2_FULL,r8c-4761-bbcd8b2ae1518d9d,NO_MEMORY_RESET_GATE,INCLUDED,0.2631578947368421,5,19,-0.01
E2_ROLLING_INCREMENTAL_AFTER_FULL_REUSE,RR-INTERMITTENT/1,1,r8c-2496-bedc5f8999053676,DT-RAMDE_TS2_FULL,r8c-4762-9421a60393c5c7f2,NO_LINEAGE_CREDIT,INCLUDED,0.0,0,19,-0.01
E2_ROLLING_INCREMENTAL_AFTER_FULL_REUSE,RR-INTERMITTENT/1,1,r8c-2496-bedc5f8999053676,DT-RAMDE_TS2_FULL,r8c-4763-bf51d498b1967f25,CROSS_EVENT_WARM_START_ONLY,INCLUDED,0.3157894736842105,6,19,-0.01
E2_ROLLING_INCREMENTAL_AFTER_FULL_REUSE,RR-INTERMITTENT/1,1,r8c-2496-bedc5f8999053676,DT-RAMDE_TS2_FULL,r8c-4764-3e6bd8d48b460f3b,CROSS_EVENT_MEMORY_ONLY,INCLUDED,0.0,0,19,-0.01
E2_ROLLING_INCREMENTAL_AFTER_FULL_REUSE,RR-INTERMITTENT/1,1,r8c-2496-bedc5f8999053676,DT-RAMDE_TS2_FULL,r8c-4765-6ba6ba58b8c30c88,SHADE_ONLY,INCLUDED,0.0,0,19,-0.01
E2_ROLLING_INCREMENTAL_AFTER_FULL_REUSE,RR-INTERMITTENT/1,2,r8c-2502-621b9cd4fb4fd0fd,DT-RAMDE_TS2_FULL,r8c-4766-4158ada6fd8f3c73,NO_CROSS_EVENT_MEMORY,INCLUDED,0.21052631578947367,4,19,-0.01
E2_ROLLING_INCREMENTAL_AFTER_FULL_REUSE,RR-INTERMITTENT/1,2,r8c-2502-621b9cd4fb4fd0fd,DT-RAMDE_TS2_FULL,r8c-4767-66985f37c40ceb48,NO_EXECUTION_FEEDBACK,INCLUDED,0.3684210526315789,7,19,-0.01
E2_ROLLING_INCREMENTAL_AFTER_FULL_REUSE,RR-INTERMITTENT/1,2,r8c-2502-621b9cd4fb4fd0fd,DT-RAMDE_TS2_FULL,r8c-4768-2cca187f1050d13b,NO_REJECTION_CREDIT,INCLUDED,0.2631578947368421,5,19,-0.01
E2_ROLLING_INCREMENTAL_AFTER_FULL_REUSE,RR-INTERMITTENT/1,2,r8c-2502-621b9cd4fb4fd0fd,DT-RAMDE_TS2_FULL,r8c-4769-f56210dee1296aa5,NO_MEMORY_RESET_GATE,INCLUDED,0.3684210526315789,7,19,-0.01
E2_ROLLING_INCREMENTAL_AFTER_FULL_REUSE,RR-INTERMITTENT/1,2,r8c-2502-621b9cd4fb4fd0fd,DT-RAMDE_TS2_FULL,r8c-4770-7595a1570ba16dea,NO_LINEAGE_CREDIT,INCLUDED,0.21052631578947367,4,19,-0.01
E2_ROLLING_INCREMENTAL_AFTER_FULL_REUSE,RR-INTERMITTENT/1,2,r8c-2502-621b9cd4fb4fd0fd,DT-RAMDE_TS2_FULL,r8c-4771-db9b143a71a08c97,CROSS_EVENT_WARM_START_ONLY,INCLUDED,0.3684210526315789,7,19,-0.01
E2_ROLLING_INCREMENTAL_AFTER_FULL_REUSE,RR-INTERMITTENT/1,2,r8c-2502-621b9cd4fb4fd0fd,DT-RAMDE_TS2_FULL,r8c-4772-59b11f307cbc85c8,CROSS_EVENT_MEMORY_ONLY,INCLUDED,0.15789473684210525,3,19,-0.01
E2_ROLLING_INCREMENTAL_AFTER_FULL_REUSE,RR-INTERMITTENT/1,2,r8c-2502-621b9cd4fb4fd0fd,DT-RAMDE_TS2_FULL,r8c-4773-1ad8dd82016cf92b,SHADE_ONLY,INCLUDED,0.10526315789473684,2,19,-0.01
E2_ROLLING_INCREMENTAL_AFTER_FULL_REUSE,RR-INTERMITTENT/1,3,r8c-2508-44b8f7fdaba80d7c,DT-RAMDE_TS2_FULL,r8c-4774-1eb14b0ef48f1e28,NO_CROSS_EVENT_MEMORY,INCLUDED,0.15789473684210525,3,19,-0.01
E2_ROLLING_INCREMENTAL_AFTER_FULL_REUSE,RR-INTERMITTENT/1,3,r8c-2508-44b8f7fdaba80d7c,DT-RAMDE_TS2_FULL,r8c-4775-3d560d3263778f37,NO_EXECUTION_FEEDBACK,INCLUDED,0.5263157894736842,10,19,-0.01
E2_ROLLING_INCREMENTAL_AFTER_FULL_REUSE,RR-INTERMITTENT/1,3,r8c-2508-44b8f7fdaba80d7c,DT-RAMDE_TS2_FULL,r8c-4776-5f42eb266a162bd9,NO_REJECTION_CREDIT,INCLUDED,0.3684210526315789,7,19,-0.01
E2_ROLLING_INCREMENTAL_AFTER_FULL_REUSE,RR-INTERMITTENT/1,3,r8c-2508-44b8f7fdaba80d7c,DT-RAMDE_TS2_FULL,r8c-4777-74de124fcaf650d8,NO_MEMORY_RESET_GATE,INCLUDED,0.5263157894736842,10,19,-0.01
E2_ROLLING_INCREMENTAL_AFTER_FULL_REUSE,RR-INTERMITTENT/1,3,r8c-2508-44b8f7fdaba80d7c,DT-RAMDE_TS2_FULL,r8c-4778-96bcacf83a18c9d9,NO_LINEAGE_CREDIT,INCLUDED,0.3157894736842105,6,19,-0.01
E2_ROLLING_INCREMENTAL_AFTER_FULL_REUSE,RR-INTERMITTENT/1,3,r8c-2508-44b8f7fdaba80d7c,DT-RAMDE_TS2_FULL,r8c-4779-d55fee11ad730338,CROSS_EVENT_WARM_START_ONLY,INCLUDED,0.47368421052631576,9,19,-0.01
E2_ROLLING_INCREMENTAL_AFTER_FULL_REUSE,RR-INTERMITTENT/1,3,r8c-2508-44b8f7fdaba80d7c,DT-RAMDE_TS2_FULL,r8c-4780-90e90003fda65177,CROSS_EVENT_MEMORY_ONLY,INCLUDED,0.21052631578947367,4,19,-0.01
E2_ROLLING_INCREMENTAL_AFTER_FULL_REUSE,RR-INTERMITTENT/1,3,r8c-2508-44b8f7fdaba80d7c,DT-RAMDE_TS2_FULL,r8c-4781-65639384de163f7b,SHADE_ONLY,INCLUDED,0.2631578947368421,5,19,-0.01
E2_ROLLING_INCREMENTAL_AFTER_FULL_REUSE,RR-INTERMITTENT/1,4,r8c-2514-45602fc72f726f49,DT-RAMDE_TS2_FULL,r8c-4782-feca96a0b89d0493,NO_CROSS_EVENT_MEMORY,INCLUDED,0.10526315789473684,2,19,-0.01
E2_ROLLING_INCREMENTAL_AFTER_FULL_REUSE,RR-INTERMITTENT/1,4,r8c-2514-45602fc72f726f49,DT-RAMDE_TS2_FULL,r8c-4783-8d4dd33602ad6da7,NO_EXECUTION_FEEDBACK,INCLUDED,0.5789473684210527,11,19,-0.01
E2_ROLLING_INCREMENTAL_AFTER_FULL_REUSE,RR-INTERMITTENT/1,4,r8c-2514-45602fc72f726f49,DT-RAMDE_TS2_FULL,r8c-4784-a62081a6acd3c10f,NO_REJECTION_CREDIT,INCLUDED,0.3157894736842105,6,19,-0.01
E2_ROLLING_INCREMENTAL_AFTER_FULL_REUSE,RR-INTERMITTENT/1,4,r8c-2514-45602fc72f726f49,DT-RAMDE_TS2_FULL,r8c-4785-e29eb14476356c46,NO_MEMORY_RESET_GATE,INCLUDED,0.5789473684210527,11,19,-0.01
E2_ROLLING_INCREMENTAL_AFTER_FULL_REUSE,RR-INTERMITTENT/1,4,r8c-2514-45602fc72f726f49,DT-RAMDE_TS2_FULL,r8c-4786-7519c80add581381,NO_LINEAGE_CREDIT,INCLUDED,0.3684210526315789,7,19,-0.01
E2_ROLLING_INCREMENTAL_AFTER_FULL_REUSE,RR-INTERMITTENT/1,4,r8c-2514-45602fc72f726f49,DT-RAMDE_TS2_FULL,r8c-4787-fd68b6eca66e77c1,CROSS_EVENT_WARM_START_ONLY,INCLUDED,0.5789473684210527,11,19,-0.01
E2_ROLLING_INCREMENTAL_AFTER_FULL_REUSE,RR-INTERMITTENT/1,4,r8c-2514-45602fc72f726f49,DT-RAMDE_TS2_FULL,r8c-4788-a77fc80d2468ef0f,CROSS_EVENT_MEMORY_ONLY,INCLUDED,0.15789473684210525,3,19,-0.01
E2_ROLLING_INCREMENTAL_AFTER_FULL_REUSE,RR-INTERMITTENT/1,4,r8c-2514-45602fc72f726f49,DT-RAMDE_TS2_FULL,r8c-4789-bcfd60340da2b94f,SHADE_ONLY,INCLUDED,0.15789473684210525,3,19,-0.01
E2_ROLLING_INCREMENTAL_AFTER_FULL_REUSE,RR-INTERMITTENT/2,0,r8c-2520-9a11fb4ba17d4f6c,DT-RAMDE_TS2_FULL,r8c-4790-91514cb7bb1ce917,NO_CROSS_EVENT_MEMORY,INCLUDED,0.15789473684210525,3,19,-0.01
E2_ROLLING_INCREMENTAL_AFTER_FULL_REUSE,RR-INTERMITTENT/2,0,r8c-2520-9a11fb4ba17d4f6c,DT-RAMDE_TS2_FULL,r8c-4791-b2991752bbd0e10f,NO_EXECUTION_FEEDBACK,INCLUDED,0.15789473684210525,3,19,-0.01
E2_ROLLING_INCREMENTAL_AFTER_FULL_REUSE,RR-INTERMITTENT/2,0,r8c-2520-9a11fb4ba17d4f6c,DT-RAMDE_TS2_FULL,r8c-4792-4910dd4fd10b380e,NO_REJECTION_CREDIT,INCLUDED,0.3684210526315789,7,19,-0.01
E2_ROLLING_INCREMENTAL_AFTER_FULL_REUSE,RR-INTERMITTENT/2,0,r8c-2520-9a11fb4ba17d4f6c,DT-RAMDE_TS2_FULL,r8c-4793-4cdee1b30d9532f7,NO_MEMORY_RESET_GATE,INCLUDED,0.47368421052631576,9,19,-0.01
E2_ROLLING_INCREMENTAL_AFTER_FULL_REUSE,RR-INTERMITTENT/2,0,r8c-2520-9a11fb4ba17d4f6c,DT-RAMDE_TS2_FULL,r8c-4794-9b6acfc7ea8c4e37,NO_LINEAGE_CREDIT,INCLUDED,0.15789473684210525,3,19,-0.01
E2_ROLLING_INCREMENTAL_AFTER_FULL_REUSE,RR-INTERMITTENT/2,0,r8c-2520-9a11fb4ba17d4f6c,DT-RAMDE_TS2_FULL,r8c-4795-66cec1797a0c63f4,CROSS_EVENT_WARM_START_ONLY,INCLUDED,0.47368421052631576,9,19,-0.01
E2_ROLLING_INCREMENTAL_AFTER_FULL_REUSE,RR-INTERMITTENT/2,0,r8c-2520-9a11fb4ba17d4f6c,DT-RAMDE_TS2_FULL,r8c-4796-67b3a7c58a8eddc8,CROSS_EVENT_MEMORY_ONLY,INCLUDED,0.21052631578947367,4,19,-0.01
E2_ROLLING_INCREMENTAL_AFTER_FULL_REUSE,RR-INTERMITTENT/2,0,r8c-2520-9a11fb4ba17d4f6c,DT-RAMDE_TS2_FULL,r8c-4797-a92965a22b3414da,SHADE_ONLY,INCLUDED,0.10526315789473684,2,19,-0.01
E2_ROLLING_INCREMENTAL_AFTER_FULL_REUSE,RR-INTERMITTENT/2,1,r8c-2526-4d4f5a192b374c06,DT-RAMDE_TS2_FULL,r8c-4798-00918834e6ad123a,NO_CROSS_EVENT_MEMORY,INCLUDED,0.2631578947368421,5,19,-0.01
E2_ROLLING_INCREMENTAL_AFTER_FULL_REUSE,RR-INTERMITTENT/2,1,r8c-2526-4d4f5a192b374c06,DT-RAMDE_TS2_FULL,r8c-4799-d1aaf08173183bb5,NO_EXECUTION_FEEDBACK,INCLUDED,0.42105263157894735,8,19,-0.01
E2_ROLLING_INCREMENTAL_AFTER_FULL_REUSE,RR-INTERMITTENT/2,1,r8c-2526-4d4f5a192b374c06,DT-RAMDE_TS2_FULL,r8c-4800-f1686a38fc8ef43a,NO_REJECTION_CREDIT,INCLUDED,0.2631578947368421,5,19,-0.01
E2_ROLLING_INCREMENTAL_AFTER_FULL_REUSE,RR-INTERMITTENT/2,1,r8c-2526-4d4f5a192b374c06,DT-RAMDE_TS2_FULL,r8c-4801-ceb2a02c7d3cdca5,NO_MEMORY_RESET_GATE,INCLUDED,0.42105263157894735,8,19,-0.01
E2_ROLLING_INCREMENTAL_AFTER_FULL_REUSE,RR-INTERMITTENT/2,1,r8c-2526-4d4f5a192b374c06,DT-RAMDE_TS2_FULL,r8c-4802-b4db9a35df8490b5,NO_LINEAGE_CREDIT,INCLUDED,0.3684210526315789,7,19,-0.01
E2_ROLLING_INCREMENTAL_AFTER_FULL_REUSE,RR-INTERMITTENT/2,1,r8c-2526-4d4f5a192b374c06,DT-RAMDE_TS2_FULL,r8c-4803-e55eaa440ba46783,CROSS_EVENT_WARM_START_ONLY,INCLUDED,0.42105263157894735,8,19,-0.01
E2_ROLLING_INCREMENTAL_AFTER_FULL_REUSE,RR-INTERMITTENT/2,1,r8c-2526-4d4f5a192b374c06,DT-RAMDE_TS2_FULL,r8c-4804-8a132115e47100ba,CROSS_EVENT_MEMORY_ONLY,INCLUDED,0.15789473684210525,3,19,-0.01
E2_ROLLING_INCREMENTAL_AFTER_FULL_REUSE,RR-INTERMITTENT/2,1,r8c-2526-4d4f5a192b374c06,DT-RAMDE_TS2_FULL,r8c-4805-6642f12526c874c1,SHADE_ONLY,INCLUDED,0.3157894736842105,6,19,-0.01
E2_ROLLING_INCREMENTAL_AFTER_FULL_REUSE,RR-INTERMITTENT/2,2,r8c-2532-c19e90f3316478fb,DT-RAMDE_TS2_FULL,r8c-4806-52594f3a71ed2acb,NO_CROSS_EVENT_MEMORY,INCLUDED,0.21052631578947367,4,19,-0.01
E2_ROLLING_INCREMENTAL_AFTER_FULL_REUSE,RR-INTERMITTENT/2,2,r8c-2532-c19e90f3316478fb,DT-RAMDE_TS2_FULL,r8c-4807-2dcd77057cd315e7,NO_EXECUTION_FEEDBACK,INCLUDED,0.3157894736842105,6,19,-0.01
E2_ROLLING_INCREMENTAL_AFTER_FULL_REUSE,RR-INTERMITTENT/2,2,r8c-2532-c19e90f3316478fb,DT-RAMDE_TS2_FULL,r8c-4808-88f2e4a2bb707b7d,NO_REJECTION_CREDIT,INCLUDED,0.2631578947368421,5,19,-0.01
E2_ROLLING_INCREMENTAL_AFTER_FULL_REUSE,RR-INTERMITTENT/2,2,r8c-2532-c19e90f3316478fb,DT-RAMDE_TS2_FULL,r8c-4809-abd0aaab388ff3ee,NO_MEMORY_RESET_GATE,INCLUDED,0.3157894736842105,6,19,-0.01
E2_ROLLING_INCREMENTAL_AFTER_FULL_REUSE,RR-INTERMITTENT/2,2,r8c-2532-c19e90f3316478fb,DT-RAMDE_TS2_FULL,r8c-4810-e0b8c7548585ca1a,NO_LINEAGE_CREDIT,INCLUDED,0.3684210526315789,7,19,-0.01
E2_ROLLING_INCREMENTAL_AFTER_FULL_REUSE,RR-INTERMITTENT/2,2,r8c-2532-c19e90f3316478fb,DT-RAMDE_TS2_FULL,r8c-4811-d15e0a8241dc5906,CROSS_EVENT_WARM_START_ONLY,INCLUDED,0.3684210526315789,7,19,-0.01
E2_ROLLING_INCREMENTAL_AFTER_FULL_REUSE,RR-INTERMITTENT/2,2,r8c-2532-c19e90f3316478fb,DT-RAMDE_TS2_FULL,r8c-4812-d1fd3cb5a5e2494f,CROSS_EVENT_MEMORY_ONLY,INCLUDED,0.15789473684210525,3,19,-0.01
E2_ROLLING_INCREMENTAL_AFTER_FULL_REUSE,RR-INTERMITTENT/2,2,r8c-2532-c19e90f3316478fb,DT-RAMDE_TS2_FULL,r8c-4813-e90d7a73f2eaecc9,SHADE_ONLY,INCLUDED,0.10526315789473684,2,19,-0.01
E2_ROLLING_INCREMENTAL_AFTER_FULL_REUSE,RR-INTERMITTENT/2,3,r8c-2538-078293040646ce2c,DT-RAMDE_TS2_FULL,r8c-4814-bc5ce3b55749d476,NO_CROSS_EVENT_MEMORY,INCLUDED,0.05263157894736842,1,19,-0.01
E2_ROLLING_INCREMENTAL_AFTER_FULL_REUSE,RR-INTERMITTENT/2,3,r8c-2538-078293040646ce2c,DT-RAMDE_TS2_FULL,r8c-4815-3735359dea002d1c,NO_EXECUTION_FEEDBACK,INCLUDED,0.3157894736842105,6,19,-0.01
E2_ROLLING_INCREMENTAL_AFTER_FULL_REUSE,RR-INTERMITTENT/2,3,r8c-2538-078293040646ce2c,DT-RAMDE_TS2_FULL,r8c-4816-a2090a94b1a0b04c,NO_REJECTION_CREDIT,INCLUDED,0.2631578947368421,5,19,-0.01
E2_ROLLING_INCREMENTAL_AFTER_FULL_REUSE,RR-INTERMITTENT/2,3,r8c-2538-078293040646ce2c,DT-RAMDE_TS2_FULL,r8c-4817-b95ed629852eafdb,NO_MEMORY_RESET_GATE,INCLUDED,0.2631578947368421,5,19,-0.01
E2_ROLLING_INCREMENTAL_AFTER_FULL_REUSE,RR-INTERMITTENT/2,3,r8c-2538-078293040646ce2c,DT-RAMDE_TS2_FULL,r8c-4818-b5c345eb05c897a7,NO_LINEAGE_CREDIT,INCLUDED,0.21052631578947367,4,19,-0.01
E2_ROLLING_INCREMENTAL_AFTER_FULL_REUSE,RR-INTERMITTENT/2,3,r8c-2538-078293040646ce2c,DT-RAMDE_TS2_FULL,r8c-4819-6a4a51c43a75ec58,CROSS_EVENT_WARM_START_ONLY,INCLUDED,0.2631578947368421,5,19,-0.01
E2_ROLLING_INCREMENTAL_AFTER_FULL_REUSE,RR-INTERMITTENT/2,3,r8c-2538-078293040646ce2c,DT-RAMDE_TS2_FULL,r8c-4820-f317be7e46a10b6f,CROSS_EVENT_MEMORY_ONLY,INCLUDED,0.15789473684210525,3,19,-0.01
E2_ROLLING_INCREMENTAL_AFTER_FULL_REUSE,RR-INTERMITTENT/2,3,r8c-2538-078293040646ce2c,DT-RAMDE_TS2_FULL,r8c-4821-2edced16c58b8fcd,SHADE_ONLY,INCLUDED,0.10526315789473684,2,19,-0.01
E2_ROLLING_INCREMENTAL_AFTER_FULL_REUSE,RR-INTERMITTENT/2,4,r8c-2544-8a2b77837d67d37d,DT-RAMDE_TS2_FULL,r8c-4822-6259cfec4427decb,NO_CROSS_EVENT_MEMORY,INCLUDED,0.15789473684210525,3,19,-0.01
E2_ROLLING_INCREMENTAL_AFTER_FULL_REUSE,RR-INTERMITTENT/2,4,r8c-2544-8a2b77837d67d37d,DT-RAMDE_TS2_FULL,r8c-4823-6434afbcf198f355,NO_EXECUTION_FEEDBACK,INCLUDED,0.3684210526315789,7,19,-0.01
E2_ROLLING_INCREMENTAL_AFTER_FULL_REUSE,RR-INTERMITTENT/2,4,r8c-2544-8a2b77837d67d37d,DT-RAMDE_TS2_FULL,r8c-4824-23dbde1d25589534,NO_REJECTION_CREDIT,INCLUDED,0.42105263157894735,8,19,-0.01
E2_ROLLING_INCREMENTAL_AFTER_FULL_REUSE,RR-INTERMITTENT/2,4,r8c-2544-8a2b77837d67d37d,DT-RAMDE_TS2_FULL,r8c-4825-547aa87063e5c39c,NO_MEMORY_RESET_GATE,INCLUDED,0.3684210526315789,7,19,-0.01
E2_ROLLING_INCREMENTAL_AFTER_FULL_REUSE,RR-INTERMITTENT/2,4,r8c-2544-8a2b77837d67d37d,DT-RAMDE_TS2_FULL,r8c-4826-3b23138092535c10,NO_LINEAGE_CREDIT,INCLUDED,0.2631578947368421,5,19,-0.01
E2_ROLLING_INCREMENTAL_AFTER_FULL_REUSE,RR-INTERMITTENT/2,4,r8c-2544-8a2b77837d67d37d,DT-RAMDE_TS2_FULL,r8c-4827-ece6b10612da3870,CROSS_EVENT_WARM_START_ONLY,INCLUDED,0.42105263157894735,8,19,-0.01
E2_ROLLING_INCREMENTAL_AFTER_FULL_REUSE,RR-INTERMITTENT/2,4,r8c-2544-8a2b77837d67d37d,DT-RAMDE_TS2_FULL,r8c-4828-4c0e017cea44c6f5,CROSS_EVENT_MEMORY_ONLY,INCLUDED,0.10526315789473684,2,19,-0.01
E2_ROLLING_INCREMENTAL_AFTER_FULL_REUSE,RR-INTERMITTENT/2,4,r8c-2544-8a2b77837d67d37d,DT-RAMDE_TS2_FULL,r8c-4829-eaa540c718f8db41,SHADE_ONLY,INCLUDED,0.05263157894736842,1,19,-0.01
E2_ROLLING_INCREMENTAL_AFTER_FULL_REUSE,RR-INTERMITTENT/3,0,r8c-2550-4231d6edeedd5c91,DT-RAMDE_TS2_FULL,r8c-4830-c8753455b1b495ad,NO_CROSS_EVENT_MEMORY,INCLUDED,0.5263157894736842,10,19,-0.01
E2_ROLLING_INCREMENTAL_AFTER_FULL_REUSE,RR-INTERMITTENT/3,0,r8c-2550-4231d6edeedd5c91,DT-RAMDE_TS2_FULL,r8c-4831-c75d2910c2311a84,NO_EXECUTION_FEEDBACK,INCLUDED,0.8947368421052632,17,19,-0.01
E2_ROLLING_INCREMENTAL_AFTER_FULL_REUSE,RR-INTERMITTENT/3,0,r8c-2550-4231d6edeedd5c91,DT-RAMDE_TS2_FULL,r8c-4832-c07db4e00b8b6abb,NO_REJECTION_CREDIT,INCLUDED,0.8947368421052632,17,19,-0.01
E2_ROLLING_INCREMENTAL_AFTER_FULL_REUSE,RR-INTERMITTENT/3,0,r8c-2550-4231d6edeedd5c91,DT-RAMDE_TS2_FULL,r8c-4833-d0743e8a551cdab3,NO_MEMORY_RESET_GATE,INCLUDED,0.3157894736842105,6,19,-0.01
E2_ROLLING_INCREMENTAL_AFTER_FULL_REUSE,RR-INTERMITTENT/3,0,r8c-2550-4231d6edeedd5c91,DT-RAMDE_TS2_FULL,r8c-4834-bd7f9c2955d16e4d,NO_LINEAGE_CREDIT,INCLUDED,0.2631578947368421,5,19,-0.01
E2_ROLLING_INCREMENTAL_AFTER_FULL_REUSE,RR-INTERMITTENT/3,0,r8c-2550-4231d6edeedd5c91,DT-RAMDE_TS2_FULL,r8c-4835-24d192d74bf3aec6,CROSS_EVENT_WARM_START_ONLY,INCLUDED,0.6842105263157895,13,19,-0.01
E2_ROLLING_INCREMENTAL_AFTER_FULL_REUSE,RR-INTERMITTENT/3,0,r8c-2550-4231d6edeedd5c91,DT-RAMDE_TS2_FULL,r8c-4836-80b4ce53e08ce13b,CROSS_EVENT_MEMORY_ONLY,INCLUDED,0.5263157894736842,10,19,-0.01
E2_ROLLING_INCREMENTAL_AFTER_FULL_REUSE,RR-INTERMITTENT/3,0,r8c-2550-4231d6edeedd5c91,DT-RAMDE_TS2_FULL,r8c-4837-731d2ff97e519e52,SHADE_ONLY,INCLUDED,0.6842105263157895,13,19,-0.01
E2_ROLLING_INCREMENTAL_AFTER_FULL_REUSE,RR-INTERMITTENT/3,1,r8c-2556-ec358098268129f6,DT-RAMDE_TS2_FULL,r8c-4838-2a27cf0212d9dc77,NO_CROSS_EVENT_MEMORY,INCLUDED,0.10526315789473684,2,19,-0.01
E2_ROLLING_INCREMENTAL_AFTER_FULL_REUSE,RR-INTERMITTENT/3,1,r8c-2556-ec358098268129f6,DT-RAMDE_TS2_FULL,r8c-4839-f6d566d313a9588f,NO_EXECUTION_FEEDBACK,INCLUDED,0.3157894736842105,6,19,-0.01
E2_ROLLING_INCREMENTAL_AFTER_FULL_REUSE,RR-INTERMITTENT/3,1,r8c-2556-ec358098268129f6,DT-RAMDE_TS2_FULL,r8c-4840-cbefa276776b075a,NO_REJECTION_CREDIT,INCLUDED,0.2631578947368421,5,19,-0.01
E2_ROLLING_INCREMENTAL_AFTER_FULL_REUSE,RR-INTERMITTENT/3,1,r8c-2556-ec358098268129f6,DT-RAMDE_TS2_FULL,r8c-4841-8d6c87714c394c84,NO_MEMORY_RESET_GATE,INCLUDED,0.5263157894736842,10,19,-0.01
E2_ROLLING_INCREMENTAL_AFTER_FULL_REUSE,RR-INTERMITTENT/3,1,r8c-2556-ec358098268129f6,DT-RAMDE_TS2_FULL,r8c-4842-a8a2e0b5b91f515d,NO_LINEAGE_CREDIT,INCLUDED,0.10526315789473684,2,19,-0.01
E2_ROLLING_INCREMENTAL_AFTER_FULL_REUSE,RR-INTERMITTENT/3,1,r8c-2556-ec358098268129f6,DT-RAMDE_TS2_FULL,r8c-4843-a6e888127c5a7a34,CROSS_EVENT_WARM_START_ONLY,INCLUDED,0.631578947368421,12,19,-0.01
E2_ROLLING_INCREMENTAL_AFTER_FULL_REUSE,RR-INTERMITTENT/3,1,r8c-2556-ec358098268129f6,DT-RAMDE_TS2_FULL,r8c-4844-9eea10e4f972905b,CROSS_EVENT_MEMORY_ONLY,INCLUDED,0.05263157894736842,1,19,-0.01
E2_ROLLING_INCREMENTAL_AFTER_FULL_REUSE,RR-INTERMITTENT/3,1,r8c-2556-ec358098268129f6,DT-RAMDE_TS2_FULL,r8c-4845-054614eff1ef06dc,SHADE_ONLY,INCLUDED,0.05263157894736842,1,19,-0.01
E2_ROLLING_INCREMENTAL_AFTER_FULL_REUSE,RR-INTERMITTENT/3,2,r8c-2562-e283199511d20b73,DT-RAMDE_TS2_FULL,r8c-4846-a2b4db4853ae5236,NO_CROSS_EVENT_MEMORY,INCLUDED,0.6842105263157895,13,19,-0.01
E2_ROLLING_INCREMENTAL_AFTER_FULL_REUSE,RR-INTERMITTENT/3,2,r8c-2562-e283199511d20b73,DT-RAMDE_TS2_FULL,r8c-4847-4e2325cfcb888de4,NO_EXECUTION_FEEDBACK,INCLUDED,0.5263157894736842,10,19,-0.01
E2_ROLLING_INCREMENTAL_AFTER_FULL_REUSE,RR-INTERMITTENT/3,2,r8c-2562-e283199511d20b73,DT-RAMDE_TS2_FULL,r8c-4848-727dcd65d533c331,NO_REJECTION_CREDIT,INCLUDED,0.5263157894736842,10,19,-0.01
E2_ROLLING_INCREMENTAL_AFTER_FULL_REUSE,RR-INTERMITTENT/3,2,r8c-2562-e283199511d20b73,DT-RAMDE_TS2_FULL,r8c-4849-4487426ce402a81d,NO_MEMORY_RESET_GATE,INCLUDED,0.5263157894736842,10,19,-0.01
E2_ROLLING_INCREMENTAL_AFTER_FULL_REUSE,RR-INTERMITTENT/3,2,r8c-2562-e283199511d20b73,DT-RAMDE_TS2_FULL,r8c-4850-b7ac29fc006d9941,NO_LINEAGE_CREDIT,INCLUDED,0.3684210526315789,7,19,-0.01
E2_ROLLING_INCREMENTAL_AFTER_FULL_REUSE,RR-INTERMITTENT/3,2,r8c-2562-e283199511d20b73,DT-RAMDE_TS2_FULL,r8c-4851-dc469bc4cb14673e,CROSS_EVENT_WARM_START_ONLY,INCLUDED,0.5789473684210527,11,19,-0.01
E2_ROLLING_INCREMENTAL_AFTER_FULL_REUSE,RR-INTERMITTENT/3,2,r8c-2562-e283199511d20b73,DT-RAMDE_TS2_FULL,r8c-4852-7a3fd14fd3748a34,CROSS_EVENT_MEMORY_ONLY,INCLUDED,0.7368421052631579,14,19,-0.01
E2_ROLLING_INCREMENTAL_AFTER_FULL_REUSE,RR-INTERMITTENT/3,2,r8c-2562-e283199511d20b73,DT-RAMDE_TS2_FULL,r8c-4853-6cb3fc7fb4094933,SHADE_ONLY,INCLUDED,0.6842105263157895,13,19,-0.01
E2_ROLLING_INCREMENTAL_AFTER_FULL_REUSE,RR-INTERMITTENT/3,3,r8c-2568-1c2e69e2415bbc1a,DT-RAMDE_TS2_FULL,r8c-4854-fcd8288cde89d836,NO_CROSS_EVENT_MEMORY,INCLUDED,0.7368421052631579,14,19,-0.01
E2_ROLLING_INCREMENTAL_AFTER_FULL_REUSE,RR-INTERMITTENT/3,3,r8c-2568-1c2e69e2415bbc1a,DT-RAMDE_TS2_FULL,r8c-4855-4a54eb023fab21b3,NO_EXECUTION_FEEDBACK,INCLUDED,0.8947368421052632,17,19,-0.01
E2_ROLLING_INCREMENTAL_AFTER_FULL_REUSE,RR-INTERMITTENT/3,3,r8c-2568-1c2e69e2415bbc1a,DT-RAMDE_TS2_FULL,r8c-4856-4a3d59896dad4d24,NO_REJECTION_CREDIT,INCLUDED,0.5789473684210527,11,19,-0.01
E2_ROLLING_INCREMENTAL_AFTER_FULL_REUSE,RR-INTERMITTENT/3,3,r8c-2568-1c2e69e2415bbc1a,DT-RAMDE_TS2_FULL,r8c-4857-166242226a530e0c,NO_MEMORY_RESET_GATE,INCLUDED,0.7368421052631579,14,19,-0.01
E2_ROLLING_INCREMENTAL_AFTER_FULL_REUSE,RR-INTERMITTENT/3,3,r8c-2568-1c2e69e2415bbc1a,DT-RAMDE_TS2_FULL,r8c-4858-5304bb91af9c868f,NO_LINEAGE_CREDIT,INCLUDED,0.5789473684210527,11,19,-0.01
E2_ROLLING_INCREMENTAL_AFTER_FULL_REUSE,RR-INTERMITTENT/3,3,r8c-2568-1c2e69e2415bbc1a,DT-RAMDE_TS2_FULL,r8c-4859-a27d484ab8badf24,CROSS_EVENT_WARM_START_ONLY,INCLUDED,0.8421052631578947,16,19,-0.01
E2_ROLLING_INCREMENTAL_AFTER_FULL_REUSE,RR-INTERMITTENT/3,3,r8c-2568-1c2e69e2415bbc1a,DT-RAMDE_TS2_FULL,r8c-4860-89eabf15b7ac7a7a,CROSS_EVENT_MEMORY_ONLY,INCLUDED,0.631578947368421,12,19,-0.01
E2_ROLLING_INCREMENTAL_AFTER_FULL_REUSE,RR-INTERMITTENT/3,3,r8c-2568-1c2e69e2415bbc1a,DT-RAMDE_TS2_FULL,r8c-4861-4cf283559672a755,SHADE_ONLY,INCLUDED,0.5789473684210527,11,19,-0.01
E2_ROLLING_INCREMENTAL_AFTER_FULL_REUSE,RR-INTERMITTENT/3,4,r8c-2574-cbb85f49b1b7574d,DT-RAMDE_TS2_FULL,r8c-4862-24bbf198456fb887,NO_CROSS_EVENT_MEMORY,INCLUDED,0.10526315789473684,2,19,-0.01
E2_ROLLING_INCREMENTAL_AFTER_FULL_REUSE,RR-INTERMITTENT/3,4,r8c-2574-cbb85f49b1b7574d,DT-RAMDE_TS2_FULL,r8c-4863-cfd88ae07b51efc3,NO_EXECUTION_FEEDBACK,INCLUDED,0.21052631578947367,4,19,-0.01
E2_ROLLING_INCREMENTAL_AFTER_FULL_REUSE,RR-INTERMITTENT/3,4,r8c-2574-cbb85f49b1b7574d,DT-RAMDE_TS2_FULL,r8c-4864-a8da053b0a2a005e,NO_REJECTION_CREDIT,INCLUDED,0.5263157894736842,10,19,-0.01
E2_ROLLING_INCREMENTAL_AFTER_FULL_REUSE,RR-INTERMITTENT/3,4,r8c-2574-cbb85f49b1b7574d,DT-RAMDE_TS2_FULL,r8c-4865-672c2774689cbfcc,NO_MEMORY_RESET_GATE,INCLUDED,0.2631578947368421,5,19,-0.01
E2_ROLLING_INCREMENTAL_AFTER_FULL_REUSE,RR-INTERMITTENT/3,4,r8c-2574-cbb85f49b1b7574d,DT-RAMDE_TS2_FULL,r8c-4866-eb0333857c8792d7,NO_LINEAGE_CREDIT,INCLUDED,0.2631578947368421,5,19,-0.01
E2_ROLLING_INCREMENTAL_AFTER_FULL_REUSE,RR-INTERMITTENT/3,4,r8c-2574-cbb85f49b1b7574d,DT-RAMDE_TS2_FULL,r8c-4867-2e5fb41f283f1b61,CROSS_EVENT_WARM_START_ONLY,INCLUDED,0.5263157894736842,10,19,-0.01
E2_ROLLING_INCREMENTAL_AFTER_FULL_REUSE,RR-INTERMITTENT/3,4,r8c-2574-cbb85f49b1b7574d,DT-RAMDE_TS2_FULL,r8c-4868-6cee7b76e86ea117,CROSS_EVENT_MEMORY_ONLY,INCLUDED,0.05263157894736842,1,19,-0.01
E2_ROLLING_INCREMENTAL_AFTER_FULL_REUSE,RR-INTERMITTENT/3,4,r8c-2574-cbb85f49b1b7574d,DT-RAMDE_TS2_FULL,r8c-4869-c1a83be330f2191f,SHADE_ONLY,INCLUDED,0.21052631578947367,4,19,-0.01
E2_ROLLING_INCREMENTAL_AFTER_FULL_REUSE,RR-INTERMITTENT/4,0,r8c-2580-4bbcecb7e6e59ffc,DT-RAMDE_TS2_FULL,r8c-4870-f54b8d2a168bd67c,NO_CROSS_EVENT_MEMORY,INCLUDED,0.15789473684210525,3,19,-0.01
E2_ROLLING_INCREMENTAL_AFTER_FULL_REUSE,RR-INTERMITTENT/4,0,r8c-2580-4bbcecb7e6e59ffc,DT-RAMDE_TS2_FULL,r8c-4871-143ee9d35842508f,NO_EXECUTION_FEEDBACK,INCLUDED,0.5263157894736842,10,19,-0.01
E2_ROLLING_INCREMENTAL_AFTER_FULL_REUSE,RR-INTERMITTENT/4,0,r8c-2580-4bbcecb7e6e59ffc,DT-RAMDE_TS2_FULL,r8c-4872-f36779a76fa300f3,NO_REJECTION_CREDIT,INCLUDED,0.2631578947368421,5,19,-0.01
E2_ROLLING_INCREMENTAL_AFTER_FULL_REUSE,RR-INTERMITTENT/4,0,r8c-2580-4bbcecb7e6e59ffc,DT-RAMDE_TS2_FULL,r8c-4873-c97c89be3f640161,NO_MEMORY_RESET_GATE,INCLUDED,0.47368421052631576,9,19,-0.01
E2_ROLLING_INCREMENTAL_AFTER_FULL_REUSE,RR-INTERMITTENT/4,0,r8c-2580-4bbcecb7e6e59ffc,DT-RAMDE_TS2_FULL,r8c-4874-eee852486b4b8e36,NO_LINEAGE_CREDIT,INCLUDED,0.42105263157894735,8,19,-0.01
E2_ROLLING_INCREMENTAL_AFTER_FULL_REUSE,RR-INTERMITTENT/4,0,r8c-2580-4bbcecb7e6e59ffc,DT-RAMDE_TS2_FULL,r8c-4875-f65b31bf707d15ca,CROSS_EVENT_WARM_START_ONLY,INCLUDED,0.47368421052631576,9,19,-0.01
E2_ROLLING_INCREMENTAL_AFTER_FULL_REUSE,RR-INTERMITTENT/4,0,r8c-2580-4bbcecb7e6e59ffc,DT-RAMDE_TS2_FULL,r8c-4876-54c9ca6c90957843,CROSS_EVENT_MEMORY_ONLY,INCLUDED,0.15789473684210525,3,19,-0.01
E2_ROLLING_INCREMENTAL_AFTER_FULL_REUSE,RR-INTERMITTENT/4,0,r8c-2580-4bbcecb7e6e59ffc,DT-RAMDE_TS2_FULL,r8c-4877-8d9be7dd3b0a9559,SHADE_ONLY,INCLUDED,0.3157894736842105,6,19,-0.01
E2_ROLLING_INCREMENTAL_AFTER_FULL_REUSE,RR-INTERMITTENT/4,1,r8c-2586-a8d0a46cbd27c7c3,DT-RAMDE_TS2_FULL,r8c-4878-4eb2906d3f6b9156,NO_CROSS_EVENT_MEMORY,INCLUDED,0.05263157894736842,1,19,-0.01
E2_ROLLING_INCREMENTAL_AFTER_FULL_REUSE,RR-INTERMITTENT/4,1,r8c-2586-a8d0a46cbd27c7c3,DT-RAMDE_TS2_FULL,r8c-4879-3c23cf9d102f4257,NO_EXECUTION_FEEDBACK,INCLUDED,0.3157894736842105,6,19,-0.01
E2_ROLLING_INCREMENTAL_AFTER_FULL_REUSE,RR-INTERMITTENT/4,1,r8c-2586-a8d0a46cbd27c7c3,DT-RAMDE_TS2_FULL,r8c-4880-58c8c2e4a85ce3b5,NO_REJECTION_CREDIT,INCLUDED,0.3157894736842105,6,19,-0.01
E2_ROLLING_INCREMENTAL_AFTER_FULL_REUSE,RR-INTERMITTENT/4,1,r8c-2586-a8d0a46cbd27c7c3,DT-RAMDE_TS2_FULL,r8c-4881-a8656ea093e22a2a,NO_MEMORY_RESET_GATE,INCLUDED,0.47368421052631576,9,19,-0.01
E2_ROLLING_INCREMENTAL_AFTER_FULL_REUSE,RR-INTERMITTENT/4,1,r8c-2586-a8d0a46cbd27c7c3,DT-RAMDE_TS2_FULL,r8c-4882-88a1772f20f3ec07,NO_LINEAGE_CREDIT,INCLUDED,0.21052631578947367,4,19,-0.01
E2_ROLLING_INCREMENTAL_AFTER_FULL_REUSE,RR-INTERMITTENT/4,1,r8c-2586-a8d0a46cbd27c7c3,DT-RAMDE_TS2_FULL,r8c-4883-25f4eeb964267aae,CROSS_EVENT_WARM_START_ONLY,INCLUDED,0.47368421052631576,9,19,-0.01
E2_ROLLING_INCREMENTAL_AFTER_FULL_REUSE,RR-INTERMITTENT/4,1,r8c-2586-a8d0a46cbd27c7c3,DT-RAMDE_TS2_FULL,r8c-4884-283298dfc4ead446,CROSS_EVENT_MEMORY_ONLY,INCLUDED,0.10526315789473684,2,19,-0.01
E2_ROLLING_INCREMENTAL_AFTER_FULL_REUSE,RR-INTERMITTENT/4,1,r8c-2586-a8d0a46cbd27c7c3,DT-RAMDE_TS2_FULL,r8c-4885-11e240fa75d91fc5,SHADE_ONLY,INCLUDED,0.15789473684210525,3,19,-0.01
E2_ROLLING_INCREMENTAL_AFTER_FULL_REUSE,RR-INTERMITTENT/4,2,r8c-2592-0e649863658518be,DT-RAMDE_TS2_FULL,r8c-4886-4a4fa9b9a4d695cd,NO_CROSS_EVENT_MEMORY,INCLUDED,0.10526315789473684,2,19,-0.01
E2_ROLLING_INCREMENTAL_AFTER_FULL_REUSE,RR-INTERMITTENT/4,2,r8c-2592-0e649863658518be,DT-RAMDE_TS2_FULL,r8c-4887-5e2f23b743b36a33,NO_EXECUTION_FEEDBACK,INCLUDED,0.47368421052631576,9,19,-0.01
E2_ROLLING_INCREMENTAL_AFTER_FULL_REUSE,RR-INTERMITTENT/4,2,r8c-2592-0e649863658518be,DT-RAMDE_TS2_FULL,r8c-4888-89f34f8db473fe52,NO_REJECTION_CREDIT,INCLUDED,0.3157894736842105,6,19,-0.01
E2_ROLLING_INCREMENTAL_AFTER_FULL_REUSE,RR-INTERMITTENT/4,2,r8c-2592-0e649863658518be,DT-RAMDE_TS2_FULL,r8c-4889-fdd79cfcc823fa8b,NO_MEMORY_RESET_GATE,INCLUDED,0.5263157894736842,10,19,-0.01
E2_ROLLING_INCREMENTAL_AFTER_FULL_REUSE,RR-INTERMITTENT/4,2,r8c-2592-0e649863658518be,DT-RAMDE_TS2_FULL,r8c-4890-901b631e69890397,NO_LINEAGE_CREDIT,INCLUDED,0.3157894736842105,6,19,-0.01
E2_ROLLING_INCREMENTAL_AFTER_FULL_REUSE,RR-INTERMITTENT/4,2,r8c-2592-0e649863658518be,DT-RAMDE_TS2_FULL,r8c-4891-417dc3b2caad460e,CROSS_EVENT_WARM_START_ONLY,INCLUDED,0.5789473684210527,11,19,-0.01
E2_ROLLING_INCREMENTAL_AFTER_FULL_REUSE,RR-INTERMITTENT/4,2,r8c-2592-0e649863658518be,DT-RAMDE_TS2_FULL,r8c-4892-e5856dfbcfc5e062,CROSS_EVENT_MEMORY_ONLY,INCLUDED,0.05263157894736842,1,19,-0.01
E2_ROLLING_INCREMENTAL_AFTER_FULL_REUSE,RR-INTERMITTENT/4,2,r8c-2592-0e649863658518be,DT-RAMDE_TS2_FULL,r8c-4893-d19c4303eb0e3638,SHADE_ONLY,INCLUDED,0.05263157894736842,1,19,-0.01
E2_ROLLING_INCREMENTAL_AFTER_FULL_REUSE,RR-INTERMITTENT/4,3,r8c-2598-c2ffe467ff94f5c5,DT-RAMDE_TS2_FULL,r8c-4894-e05d0f36b676deec,NO_CROSS_EVENT_MEMORY,INCLUDED,0.2631578947368421,5,19,-0.01
E2_ROLLING_INCREMENTAL_AFTER_FULL_REUSE,RR-INTERMITTENT/4,3,r8c-2598-c2ffe467ff94f5c5,DT-RAMDE_TS2_FULL,r8c-4895-b86294dfc3426457,NO_EXECUTION_FEEDBACK,INCLUDED,0.47368421052631576,9,19,-0.01
E2_ROLLING_INCREMENTAL_AFTER_FULL_REUSE,RR-INTERMITTENT/4,3,r8c-2598-c2ffe467ff94f5c5,DT-RAMDE_TS2_FULL,r8c-4896-8547dceaf52294fd,NO_REJECTION_CREDIT,INCLUDED,0.3684210526315789,7,19,-0.01
E2_ROLLING_INCREMENTAL_AFTER_FULL_REUSE,RR-INTERMITTENT/4,3,r8c-2598-c2ffe467ff94f5c5,DT-RAMDE_TS2_FULL,r8c-4897-1ed6fb321b76c190,NO_MEMORY_RESET_GATE,INCLUDED,0.5789473684210527,11,19,-0.01
E2_ROLLING_INCREMENTAL_AFTER_FULL_REUSE,RR-INTERMITTENT/4,3,r8c-2598-c2ffe467ff94f5c5,DT-RAMDE_TS2_FULL,r8c-4898-d10bbc8e5bd4bf86,NO_LINEAGE_CREDIT,INCLUDED,0.2631578947368421,5,19,-0.01
E2_ROLLING_INCREMENTAL_AFTER_FULL_REUSE,RR-INTERMITTENT/4,3,r8c-2598-c2ffe467ff94f5c5,DT-RAMDE_TS2_FULL,r8c-4899-2217dce1a46a191b,CROSS_EVENT_WARM_START_ONLY,INCLUDED,0.5263157894736842,10,19,-0.01
E2_ROLLING_INCREMENTAL_AFTER_FULL_REUSE,RR-INTERMITTENT/4,3,r8c-2598-c2ffe467ff94f5c5,DT-RAMDE_TS2_FULL,r8c-4900-c23e6eae1bbcee42,CROSS_EVENT_MEMORY_ONLY,INCLUDED,0.15789473684210525,3,19,-0.01
E2_ROLLING_INCREMENTAL_AFTER_FULL_REUSE,RR-INTERMITTENT/4,3,r8c-2598-c2ffe467ff94f5c5,DT-RAMDE_TS2_FULL,r8c-4901-cb8a87b454c96a64,SHADE_ONLY,INCLUDED,0.15789473684210525,3,19,-0.01
E2_ROLLING_INCREMENTAL_AFTER_FULL_REUSE,RR-INTERMITTENT/4,4,r8c-2604-67d499b71153c6b5,DT-RAMDE_TS2_FULL,r8c-4902-69a0e539fcd3e0bf,NO_CROSS_EVENT_MEMORY,INCLUDED,0.05263157894736842,1,19,-0.01
E2_ROLLING_INCREMENTAL_AFTER_FULL_REUSE,RR-INTERMITTENT/4,4,r8c-2604-67d499b71153c6b5,DT-RAMDE_TS2_FULL,r8c-4903-358bb5f47086498b,NO_EXECUTION_FEEDBACK,INCLUDED,0.5263157894736842,10,19,-0.01
E2_ROLLING_INCREMENTAL_AFTER_FULL_REUSE,RR-INTERMITTENT/4,4,r8c-2604-67d499b71153c6b5,DT-RAMDE_TS2_FULL,r8c-4904-caa51059ecaf65fa,NO_REJECTION_CREDIT,INCLUDED,0.3684210526315789,7,19,-0.01
E2_ROLLING_INCREMENTAL_AFTER_FULL_REUSE,RR-INTERMITTENT/4,4,r8c-2604-67d499b71153c6b5,DT-RAMDE_TS2_FULL,r8c-4905-fad1fba56b444892,NO_MEMORY_RESET_GATE,INCLUDED,0.5263157894736842,10,19,-0.01
E2_ROLLING_INCREMENTAL_AFTER_FULL_REUSE,RR-INTERMITTENT/4,4,r8c-2604-67d499b71153c6b5,DT-RAMDE_TS2_FULL,r8c-4906-f6701086b7f2bdfb,NO_LINEAGE_CREDIT,INCLUDED,0.21052631578947367,4,19,-0.01
E2_ROLLING_INCREMENTAL_AFTER_FULL_REUSE,RR-INTERMITTENT/4,4,r8c-2604-67d499b71153c6b5,DT-RAMDE_TS2_FULL,r8c-4907-d0be2b48b17c28ce,CROSS_EVENT_WARM_START_ONLY,INCLUDED,0.47368421052631576,9,19,-0.01
E2_ROLLING_INCREMENTAL_AFTER_FULL_REUSE,RR-INTERMITTENT/4,4,r8c-2604-67d499b71153c6b5,DT-RAMDE_TS2_FULL,r8c-4908-a164c4c2f78dafab,CROSS_EVENT_MEMORY_ONLY,INCLUDED,0.10526315789473684,2,19,-0.01
E2_ROLLING_INCREMENTAL_AFTER_FULL_REUSE,RR-INTERMITTENT/4,4,r8c-2604-67d499b71153c6b5,DT-RAMDE_TS2_FULL,r8c-4909-89ceffb610bb7bf7,SHADE_ONLY,INCLUDED,0.10526315789473684,2,19,-0.01
E2_ROLLING_INCREMENTAL_AFTER_FULL_REUSE,RR-INTERMITTENT/5,0,r8c-2610-b63cb25ea242d435,DT-RAMDE_TS2_FULL,r8c-4910-9fb58be33cddafeb,NO_CROSS_EVENT_MEMORY,INCLUDED,0.15789473684210525,3,19,-0.01
E2_ROLLING_INCREMENTAL_AFTER_FULL_REUSE,RR-INTERMITTENT/5,0,r8c-2610-b63cb25ea242d435,DT-RAMDE_TS2_FULL,r8c-4911-d5dc1198fd4fe766,NO_EXECUTION_FEEDBACK,INCLUDED,0.5789473684210527,11,19,-0.01
E2_ROLLING_INCREMENTAL_AFTER_FULL_REUSE,RR-INTERMITTENT/5,0,r8c-2610-b63cb25ea242d435,DT-RAMDE_TS2_FULL,r8c-4912-434f09e7400c6dd7,NO_REJECTION_CREDIT,INCLUDED,0.3157894736842105,6,19,-0.01
E2_ROLLING_INCREMENTAL_AFTER_FULL_REUSE,RR-INTERMITTENT/5,0,r8c-2610-b63cb25ea242d435,DT-RAMDE_TS2_FULL,r8c-4913-b48f94cf93d95be4,NO_MEMORY_RESET_GATE,INCLUDED,0.5263157894736842,10,19,-0.01
E2_ROLLING_INCREMENTAL_AFTER_FULL_REUSE,RR-INTERMITTENT/5,0,r8c-2610-b63cb25ea242d435,DT-RAMDE_TS2_FULL,r8c-4914-41c2eb02a6bfb322,NO_LINEAGE_CREDIT,INCLUDED,0.3684210526315789,7,19,-0.01
E2_ROLLING_INCREMENTAL_AFTER_FULL_REUSE,RR-INTERMITTENT/5,0,r8c-2610-b63cb25ea242d435,DT-RAMDE_TS2_FULL,r8c-4915-599ab99f331e3c3b,CROSS_EVENT_WARM_START_ONLY,INCLUDED,0.5789473684210527,11,19,-0.01
E2_ROLLING_INCREMENTAL_AFTER_FULL_REUSE,RR-INTERMITTENT/5,0,r8c-2610-b63cb25ea242d435,DT-RAMDE_TS2_FULL,r8c-4916-84f6775663b0613a,CROSS_EVENT_MEMORY_ONLY,INCLUDED,0.15789473684210525,3,19,-0.01
E2_ROLLING_INCREMENTAL_AFTER_FULL_REUSE,RR-INTERMITTENT/5,0,r8c-2610-b63cb25ea242d435,DT-RAMDE_TS2_FULL,r8c-4917-72fbbb581dfa60af,SHADE_ONLY,INCLUDED,0.21052631578947367,4,19,-0.01
E2_ROLLING_INCREMENTAL_AFTER_FULL_REUSE,RR-INTERMITTENT/5,1,r8c-2616-7fd5b34c05624a0a,DT-RAMDE_TS2_FULL,r8c-4918-35408dc57e4f300c,NO_CROSS_EVENT_MEMORY,INCLUDED,0.3684210526315789,7,19,-0.01
E2_ROLLING_INCREMENTAL_AFTER_FULL_REUSE,RR-INTERMITTENT/5,1,r8c-2616-7fd5b34c05624a0a,DT-RAMDE_TS2_FULL,r8c-4919-547dd617f5c7c157,NO_EXECUTION_FEEDBACK,INCLUDED,0.631578947368421,12,19,-0.01
E2_ROLLING_INCREMENTAL_AFTER_FULL_REUSE,RR-INTERMITTENT/5,1,r8c-2616-7fd5b34c05624a0a,DT-RAMDE_TS2_FULL,r8c-4920-e1d19ff3a92ca8c5,NO_REJECTION_CREDIT,INCLUDED,0.47368421052631576,9,19,-0.01
E2_ROLLING_INCREMENTAL_AFTER_FULL_REUSE,RR-INTERMITTENT/5,1,r8c-2616-7fd5b34c05624a0a,DT-RAMDE_TS2_FULL,r8c-4921-9c4f2be6eb86d189,NO_MEMORY_RESET_GATE,INCLUDED,0.631578947368421,12,19,-0.01
E2_ROLLING_INCREMENTAL_AFTER_FULL_REUSE,RR-INTERMITTENT/5,1,r8c-2616-7fd5b34c05624a0a,DT-RAMDE_TS2_FULL,r8c-4922-2bea98f397435c60,NO_LINEAGE_CREDIT,INCLUDED,0.47368421052631576,9,19,-0.01
E2_ROLLING_INCREMENTAL_AFTER_FULL_REUSE,RR-INTERMITTENT/5,1,r8c-2616-7fd5b34c05624a0a,DT-RAMDE_TS2_FULL,r8c-4923-905e23fab4695914,CROSS_EVENT_WARM_START_ONLY,INCLUDED,0.6842105263157895,13,19,-0.01
E2_ROLLING_INCREMENTAL_AFTER_FULL_REUSE,RR-INTERMITTENT/5,1,r8c-2616-7fd5b34c05624a0a,DT-RAMDE_TS2_FULL,r8c-4924-35232b7c28023bcb,CROSS_EVENT_MEMORY_ONLY,INCLUDED,0.2631578947368421,5,19,-0.01
E2_ROLLING_INCREMENTAL_AFTER_FULL_REUSE,RR-INTERMITTENT/5,1,r8c-2616-7fd5b34c05624a0a,DT-RAMDE_TS2_FULL,r8c-4925-ec01d76d6137c15d,SHADE_ONLY,INCLUDED,0.2631578947368421,5,19,-0.01
E2_ROLLING_INCREMENTAL_AFTER_FULL_REUSE,RR-INTERMITTENT/5,2,r8c-2622-54509cb865849d04,DT-RAMDE_TS2_FULL,r8c-4926-e3a841067aa92a12,NO_CROSS_EVENT_MEMORY,INCLUDED,0.21052631578947367,4,19,-0.01
E2_ROLLING_INCREMENTAL_AFTER_FULL_REUSE,RR-INTERMITTENT/5,2,r8c-2622-54509cb865849d04,DT-RAMDE_TS2_FULL,r8c-4927-c00f7ee95a69cd80,NO_EXECUTION_FEEDBACK,INCLUDED,0.7368421052631579,14,19,-0.01
E2_ROLLING_INCREMENTAL_AFTER_FULL_REUSE,RR-INTERMITTENT/5,2,r8c-2622-54509cb865849d04,DT-RAMDE_TS2_FULL,r8c-4928-e382dbc1393239c6,NO_REJECTION_CREDIT,INCLUDED,0.47368421052631576,9,19,-0.01
E2_ROLLING_INCREMENTAL_AFTER_FULL_REUSE,RR-INTERMITTENT/5,2,r8c-2622-54509cb865849d04,DT-RAMDE_TS2_FULL,r8c-4929-c0a7fbfd3cd43b29,NO_MEMORY_RESET_GATE,INCLUDED,0.7368421052631579,14,19,-0.01
E2_ROLLING_INCREMENTAL_AFTER_FULL_REUSE,RR-INTERMITTENT/5,2,r8c-2622-54509cb865849d04,DT-RAMDE_TS2_FULL,r8c-4930-852a0d700d15bb4c,NO_LINEAGE_CREDIT,INCLUDED,0.5789473684210527,11,19,-0.01
E2_ROLLING_INCREMENTAL_AFTER_FULL_REUSE,RR-INTERMITTENT/5,2,r8c-2622-54509cb865849d04,DT-RAMDE_TS2_FULL,r8c-4931-e35a1a16263f4a4c,CROSS_EVENT_WARM_START_ONLY,INCLUDED,0.7368421052631579,14,19,-0.01
E2_ROLLING_INCREMENTAL_AFTER_FULL_REUSE,RR-INTERMITTENT/5,2,r8c-2622-54509cb865849d04,DT-RAMDE_TS2_FULL,r8c-4932-1bf127d20f09ec75,CROSS_EVENT_MEMORY_ONLY,INCLUDED,0.15789473684210525,3,19,-0.01
E2_ROLLING_INCREMENTAL_AFTER_FULL_REUSE,RR-INTERMITTENT/5,2,r8c-2622-54509cb865849d04,DT-RAMDE_TS2_FULL,r8c-4933-aed862bf22167186,SHADE_ONLY,INCLUDED,0.21052631578947367,4,19,-0.01
E2_ROLLING_INCREMENTAL_AFTER_FULL_REUSE,RR-INTERMITTENT/5,3,r8c-2628-fdf0defacf9dd18d,DT-RAMDE_TS2_FULL,r8c-4934-13887f0a33df927b,NO_CROSS_EVENT_MEMORY,INCLUDED,0.3157894736842105,6,19,-0.01
E2_ROLLING_INCREMENTAL_AFTER_FULL_REUSE,RR-INTERMITTENT/5,3,r8c-2628-fdf0defacf9dd18d,DT-RAMDE_TS2_FULL,r8c-4935-d3283943d2a2c8c0,NO_EXECUTION_FEEDBACK,INCLUDED,0.6842105263157895,13,19,-0.01
E2_ROLLING_INCREMENTAL_AFTER_FULL_REUSE,RR-INTERMITTENT/5,3,r8c-2628-fdf0defacf9dd18d,DT-RAMDE_TS2_FULL,r8c-4936-51ff25d5f5588c07,NO_REJECTION_CREDIT,INCLUDED,0.47368421052631576,9,19,-0.01
E2_ROLLING_INCREMENTAL_AFTER_FULL_REUSE,RR-INTERMITTENT/5,3,r8c-2628-fdf0defacf9dd18d,DT-RAMDE_TS2_FULL,r8c-4937-038cd927f7613d1f,NO_MEMORY_RESET_GATE,INCLUDED,0.6842105263157895,13,19,-0.01
E2_ROLLING_INCREMENTAL_AFTER_FULL_REUSE,RR-INTERMITTENT/5,3,r8c-2628-fdf0defacf9dd18d,DT-RAMDE_TS2_FULL,r8c-4938-4bb5925118a79629,NO_LINEAGE_CREDIT,INCLUDED,0.47368421052631576,9,19,-0.01
E2_ROLLING_INCREMENTAL_AFTER_FULL_REUSE,RR-INTERMITTENT/5,3,r8c-2628-fdf0defacf9dd18d,DT-RAMDE_TS2_FULL,r8c-4939-03022aad77916bf6,CROSS_EVENT_WARM_START_ONLY,INCLUDED,0.631578947368421,12,19,-0.01
E2_ROLLING_INCREMENTAL_AFTER_FULL_REUSE,RR-INTERMITTENT/5,3,r8c-2628-fdf0defacf9dd18d,DT-RAMDE_TS2_FULL,r8c-4940-23254cede3426488,CROSS_EVENT_MEMORY_ONLY,INCLUDED,0.3157894736842105,6,19,-0.01
E2_ROLLING_INCREMENTAL_AFTER_FULL_REUSE,RR-INTERMITTENT/5,3,r8c-2628-fdf0defacf9dd18d,DT-RAMDE_TS2_FULL,r8c-4941-7483ead4c22b182f,SHADE_ONLY,INCLUDED,0.15789473684210525,3,19,-0.01
E2_ROLLING_INCREMENTAL_AFTER_FULL_REUSE,RR-INTERMITTENT/5,4,r8c-2634-285df0b7293ded70,DT-RAMDE_TS2_FULL,r8c-4942-510279c980fe5616,NO_CROSS_EVENT_MEMORY,INCLUDED,0.2631578947368421,5,19,-0.01
E2_ROLLING_INCREMENTAL_AFTER_FULL_REUSE,RR-INTERMITTENT/5,4,r8c-2634-285df0b7293ded70,DT-RAMDE_TS2_FULL,r8c-4943-5f726ddfa447bcc1,NO_EXECUTION_FEEDBACK,INCLUDED,0.5263157894736842,10,19,-0.01
E2_ROLLING_INCREMENTAL_AFTER_FULL_REUSE,RR-INTERMITTENT/5,4,r8c-2634-285df0b7293ded70,DT-RAMDE_TS2_FULL,r8c-4944-6d1daf0d006c3744,NO_REJECTION_CREDIT,INCLUDED,0.42105263157894735,8,19,-0.01
E2_ROLLING_INCREMENTAL_AFTER_FULL_REUSE,RR-INTERMITTENT/5,4,r8c-2634-285df0b7293ded70,DT-RAMDE_TS2_FULL,r8c-4945-e1ebf95100045aa7,NO_MEMORY_RESET_GATE,INCLUDED,0.5789473684210527,11,19,-0.01
E2_ROLLING_INCREMENTAL_AFTER_FULL_REUSE,RR-INTERMITTENT/5,4,r8c-2634-285df0b7293ded70,DT-RAMDE_TS2_FULL,r8c-4946-8510fcb472e1bd5c,NO_LINEAGE_CREDIT,INCLUDED,0.3684210526315789,7,19,-0.01
E2_ROLLING_INCREMENTAL_AFTER_FULL_REUSE,RR-INTERMITTENT/5,4,r8c-2634-285df0b7293ded70,DT-RAMDE_TS2_FULL,r8c-4947-4c72c8066411495e,CROSS_EVENT_WARM_START_ONLY,INCLUDED,0.631578947368421,12,19,-0.01
E2_ROLLING_INCREMENTAL_AFTER_FULL_REUSE,RR-INTERMITTENT/5,4,r8c-2634-285df0b7293ded70,DT-RAMDE_TS2_FULL,r8c-4948-995193ae3d5d76ff,CROSS_EVENT_MEMORY_ONLY,INCLUDED,0.3157894736842105,6,19,-0.01
E2_ROLLING_INCREMENTAL_AFTER_FULL_REUSE,RR-INTERMITTENT/5,4,r8c-2634-285df0b7293ded70,DT-RAMDE_TS2_FULL,r8c-4949-11be0483fb05feca,SHADE_ONLY,INCLUDED,0.21052631578947367,4,19,-0.01
E2_ROLLING_INCREMENTAL_AFTER_FULL_REUSE,RR-INTERMITTENT/6,0,r8c-2640-b4a9d1f28b71e42e,DT-RAMDE_TS2_FULL,r8c-4950-0553df6a18444f7e,NO_CROSS_EVENT_MEMORY,INCLUDED,0.3157894736842105,6,19,-0.01
E2_ROLLING_INCREMENTAL_AFTER_FULL_REUSE,RR-INTERMITTENT/6,0,r8c-2640-b4a9d1f28b71e42e,DT-RAMDE_TS2_FULL,r8c-4951-3a2445040e20a952,NO_EXECUTION_FEEDBACK,INCLUDED,0.3157894736842105,6,19,-0.01
E2_ROLLING_INCREMENTAL_AFTER_FULL_REUSE,RR-INTERMITTENT/6,0,r8c-2640-b4a9d1f28b71e42e,DT-RAMDE_TS2_FULL,r8c-4952-0fbd70d539bab85a,NO_REJECTION_CREDIT,INCLUDED,0.21052631578947367,4,19,-0.01
E2_ROLLING_INCREMENTAL_AFTER_FULL_REUSE,RR-INTERMITTENT/6,0,r8c-2640-b4a9d1f28b71e42e,DT-RAMDE_TS2_FULL,r8c-4953-7fff9f5f2935fcb0,NO_MEMORY_RESET_GATE,INCLUDED,0.3157894736842105,6,19,-0.01
E2_ROLLING_INCREMENTAL_AFTER_FULL_REUSE,RR-INTERMITTENT/6,0,r8c-2640-b4a9d1f28b71e42e,DT-RAMDE_TS2_FULL,r8c-4954-7bc1d487cc8c94f2,NO_LINEAGE_CREDIT,INCLUDED,0.3157894736842105,6,19,-0.01
E2_ROLLING_INCREMENTAL_AFTER_FULL_REUSE,RR-INTERMITTENT/6,0,r8c-2640-b4a9d1f28b71e42e,DT-RAMDE_TS2_FULL,r8c-4955-eb07089a3fde94ee,CROSS_EVENT_WARM_START_ONLY,INCLUDED,0.3157894736842105,6,19,-0.01
E2_ROLLING_INCREMENTAL_AFTER_FULL_REUSE,RR-INTERMITTENT/6,0,r8c-2640-b4a9d1f28b71e42e,DT-RAMDE_TS2_FULL,r8c-4956-a9f1ace8cd42adb5,CROSS_EVENT_MEMORY_ONLY,INCLUDED,0.15789473684210525,3,19,-0.01
E2_ROLLING_INCREMENTAL_AFTER_FULL_REUSE,RR-INTERMITTENT/6,0,r8c-2640-b4a9d1f28b71e42e,DT-RAMDE_TS2_FULL,r8c-4957-5b1a79cc1e580351,SHADE_ONLY,INCLUDED,0.15789473684210525,3,19,-0.01
E2_ROLLING_INCREMENTAL_AFTER_FULL_REUSE,RR-INTERMITTENT/6,1,r8c-2646-70657db053cf8fe1,DT-RAMDE_TS2_FULL,r8c-4958-d3b6b899f373b83c,NO_CROSS_EVENT_MEMORY,INCLUDED,0.10526315789473684,2,19,-0.01
E2_ROLLING_INCREMENTAL_AFTER_FULL_REUSE,RR-INTERMITTENT/6,1,r8c-2646-70657db053cf8fe1,DT-RAMDE_TS2_FULL,r8c-4959-31a72cd5ac955e59,NO_EXECUTION_FEEDBACK,INCLUDED,0.3684210526315789,7,19,-0.01
E2_ROLLING_INCREMENTAL_AFTER_FULL_REUSE,RR-INTERMITTENT/6,1,r8c-2646-70657db053cf8fe1,DT-RAMDE_TS2_FULL,r8c-4960-e2f5cb0466da87c4,NO_REJECTION_CREDIT,INCLUDED,0.2631578947368421,5,19,-0.01
E2_ROLLING_INCREMENTAL_AFTER_FULL_REUSE,RR-INTERMITTENT/6,1,r8c-2646-70657db053cf8fe1,DT-RAMDE_TS2_FULL,r8c-4961-77d456c56a469602,NO_MEMORY_RESET_GATE,INCLUDED,0.3684210526315789,7,19,-0.01
E2_ROLLING_INCREMENTAL_AFTER_FULL_REUSE,RR-INTERMITTENT/6,1,r8c-2646-70657db053cf8fe1,DT-RAMDE_TS2_FULL,r8c-4962-887640deba2bae2e,NO_LINEAGE_CREDIT,INCLUDED,0.2631578947368421,5,19,-0.01
E2_ROLLING_INCREMENTAL_AFTER_FULL_REUSE,RR-INTERMITTENT/6,1,r8c-2646-70657db053cf8fe1,DT-RAMDE_TS2_FULL,r8c-4963-8afe9b5f1a19d156,CROSS_EVENT_WARM_START_ONLY,INCLUDED,0.3684210526315789,7,19,-0.01
E2_ROLLING_INCREMENTAL_AFTER_FULL_REUSE,RR-INTERMITTENT/6,1,r8c-2646-70657db053cf8fe1,DT-RAMDE_TS2_FULL,r8c-4964-9d99ec3d68248357,CROSS_EVENT_MEMORY_ONLY,INCLUDED,0.2631578947368421,5,19,-0.01
E2_ROLLING_INCREMENTAL_AFTER_FULL_REUSE,RR-INTERMITTENT/6,1,r8c-2646-70657db053cf8fe1,DT-RAMDE_TS2_FULL,r8c-4965-eaf91888fa014727,SHADE_ONLY,INCLUDED,0.21052631578947367,4,19,-0.01
E2_ROLLING_INCREMENTAL_AFTER_FULL_REUSE,RR-INTERMITTENT/6,2,r8c-2652-0595fc12f97f44fc,DT-RAMDE_TS2_FULL,r8c-4966-9579c97eefa076f9,NO_CROSS_EVENT_MEMORY,INCLUDED,0.0,0,19,-0.01
E2_ROLLING_INCREMENTAL_AFTER_FULL_REUSE,RR-INTERMITTENT/6,2,r8c-2652-0595fc12f97f44fc,DT-RAMDE_TS2_FULL,r8c-4967-0f761a7e39fa34e9,NO_EXECUTION_FEEDBACK,INCLUDED,0.15789473684210525,3,19,-0.01
E2_ROLLING_INCREMENTAL_AFTER_FULL_REUSE,RR-INTERMITTENT/6,2,r8c-2652-0595fc12f97f44fc,DT-RAMDE_TS2_FULL,r8c-4968-b422509de3665715,NO_REJECTION_CREDIT,INCLUDED,0.10526315789473684,2,19,-0.01
E2_ROLLING_INCREMENTAL_AFTER_FULL_REUSE,RR-INTERMITTENT/6,2,r8c-2652-0595fc12f97f44fc,DT-RAMDE_TS2_FULL,r8c-4969-40817e8f47578815,NO_MEMORY_RESET_GATE,INCLUDED,0.15789473684210525,3,19,-0.01
E2_ROLLING_INCREMENTAL_AFTER_FULL_REUSE,RR-INTERMITTENT/6,2,r8c-2652-0595fc12f97f44fc,DT-RAMDE_TS2_FULL,r8c-4970-9383423b18a0c582,NO_LINEAGE_CREDIT,INCLUDED,0.10526315789473684,2,19,-0.01
E2_ROLLING_INCREMENTAL_AFTER_FULL_REUSE,RR-INTERMITTENT/6,2,r8c-2652-0595fc12f97f44fc,DT-RAMDE_TS2_FULL,r8c-4971-579fb95e0d367ba9,CROSS_EVENT_WARM_START_ONLY,INCLUDED,0.15789473684210525,3,19,-0.01
E2_ROLLING_INCREMENTAL_AFTER_FULL_REUSE,RR-INTERMITTENT/6,2,r8c-2652-0595fc12f97f44fc,DT-RAMDE_TS2_FULL,r8c-4972-53ef892f2112bbc0,CROSS_EVENT_MEMORY_ONLY,INCLUDED,0.0,0,19,-0.01
E2_ROLLING_INCREMENTAL_AFTER_FULL_REUSE,RR-INTERMITTENT/6,2,r8c-2652-0595fc12f97f44fc,DT-RAMDE_TS2_FULL,r8c-4973-c5236d6a86c28564,SHADE_ONLY,INCLUDED,0.05263157894736842,1,19,-0.01
E2_ROLLING_INCREMENTAL_AFTER_FULL_REUSE,RR-INTERMITTENT/6,3,r8c-2658-908c77033c43ed88,DT-RAMDE_TS2_FULL,r8c-4974-b753bbae54cdd498,NO_CROSS_EVENT_MEMORY,INCLUDED,0.05263157894736842,1,19,-0.01
E2_ROLLING_INCREMENTAL_AFTER_FULL_REUSE,RR-INTERMITTENT/6,3,r8c-2658-908c77033c43ed88,DT-RAMDE_TS2_FULL,r8c-4975-21809f4e94418f33,NO_EXECUTION_FEEDBACK,INCLUDED,0.3684210526315789,7,19,-0.01
E2_ROLLING_INCREMENTAL_AFTER_FULL_REUSE,RR-INTERMITTENT/6,3,r8c-2658-908c77033c43ed88,DT-RAMDE_TS2_FULL,r8c-4976-2d5bc9fdb6e4f2bb,NO_REJECTION_CREDIT,INCLUDED,0.21052631578947367,4,19,-0.01
E2_ROLLING_INCREMENTAL_AFTER_FULL_REUSE,RR-INTERMITTENT/6,3,r8c-2658-908c77033c43ed88,DT-RAMDE_TS2_FULL,r8c-4977-82cdf395aa92598c,NO_MEMORY_RESET_GATE,INCLUDED,0.3157894736842105,6,19,-0.01
E2_ROLLING_INCREMENTAL_AFTER_FULL_REUSE,RR-INTERMITTENT/6,3,r8c-2658-908c77033c43ed88,DT-RAMDE_TS2_FULL,r8c-4978-7fcba8880370f3eb,NO_LINEAGE_CREDIT,INCLUDED,0.10526315789473684,2,19,-0.01
E2_ROLLING_INCREMENTAL_AFTER_FULL_REUSE,RR-INTERMITTENT/6,3,r8c-2658-908c77033c43ed88,DT-RAMDE_TS2_FULL,r8c-4979-ea8d6af845b4559c,CROSS_EVENT_WARM_START_ONLY,INCLUDED,0.3157894736842105,6,19,-0.01
E2_ROLLING_INCREMENTAL_AFTER_FULL_REUSE,RR-INTERMITTENT/6,3,r8c-2658-908c77033c43ed88,DT-RAMDE_TS2_FULL,r8c-4980-f946affdfe86db2f,CROSS_EVENT_MEMORY_ONLY,INCLUDED,0.15789473684210525,3,19,-0.01
E2_ROLLING_INCREMENTAL_AFTER_FULL_REUSE,RR-INTERMITTENT/6,3,r8c-2658-908c77033c43ed88,DT-RAMDE_TS2_FULL,r8c-4981-8be79c120c42f24d,SHADE_ONLY,INCLUDED,0.05263157894736842,1,19,-0.01
E2_ROLLING_INCREMENTAL_AFTER_FULL_REUSE,RR-INTERMITTENT/6,4,r8c-2664-40e94fdeea4ae215,DT-RAMDE_TS2_FULL,r8c-4982-6b4ffdd0c7ce0a0a,NO_CROSS_EVENT_MEMORY,INCLUDED,0.15789473684210525,3,19,-0.01
E2_ROLLING_INCREMENTAL_AFTER_FULL_REUSE,RR-INTERMITTENT/6,4,r8c-2664-40e94fdeea4ae215,DT-RAMDE_TS2_FULL,r8c-4983-2de57f92a4c0ec30,NO_EXECUTION_FEEDBACK,INCLUDED,0.42105263157894735,8,19,-0.01
E2_ROLLING_INCREMENTAL_AFTER_FULL_REUSE,RR-INTERMITTENT/6,4,r8c-2664-40e94fdeea4ae215,DT-RAMDE_TS2_FULL,r8c-4984-289de4e67ca2b0b9,NO_REJECTION_CREDIT,INCLUDED,0.3157894736842105,6,19,-0.01
E2_ROLLING_INCREMENTAL_AFTER_FULL_REUSE,RR-INTERMITTENT/6,4,r8c-2664-40e94fdeea4ae215,DT-RAMDE_TS2_FULL,r8c-4985-91032ce6a0f2e40a,NO_MEMORY_RESET_GATE,INCLUDED,0.3157894736842105,6,19,-0.01
E2_ROLLING_INCREMENTAL_AFTER_FULL_REUSE,RR-INTERMITTENT/6,4,r8c-2664-40e94fdeea4ae215,DT-RAMDE_TS2_FULL,r8c-4986-8d7c98ebb1c4188c,NO_LINEAGE_CREDIT,INCLUDED,0.21052631578947367,4,19,-0.01
E2_ROLLING_INCREMENTAL_AFTER_FULL_REUSE,RR-INTERMITTENT/6,4,r8c-2664-40e94fdeea4ae215,DT-RAMDE_TS2_FULL,r8c-4987-ff7076ae7cb1b022,CROSS_EVENT_WARM_START_ONLY,INCLUDED,0.3157894736842105,6,19,-0.01
E2_ROLLING_INCREMENTAL_AFTER_FULL_REUSE,RR-INTERMITTENT/6,4,r8c-2664-40e94fdeea4ae215,DT-RAMDE_TS2_FULL,r8c-4988-b8261118621706bf,CROSS_EVENT_MEMORY_ONLY,INCLUDED,0.15789473684210525,3,19,-0.01
E2_ROLLING_INCREMENTAL_AFTER_FULL_REUSE,RR-INTERMITTENT/6,4,r8c-2664-40e94fdeea4ae215,DT-RAMDE_TS2_FULL,r8c-4989-8f7dc5e47ad2d6e1,SHADE_ONLY,INCLUDED,0.15789473684210525,3,19,-0.01
E2_ROLLING_INCREMENTAL_AFTER_FULL_REUSE,RR-INTERMITTENT/7,0,r8c-2670-0e327b357881da89,DT-RAMDE_TS2_FULL,r8c-4990-b533c474f8c4551d,NO_CROSS_EVENT_MEMORY,INCLUDED,0.15789473684210525,3,19,-0.01
E2_ROLLING_INCREMENTAL_AFTER_FULL_REUSE,RR-INTERMITTENT/7,0,r8c-2670-0e327b357881da89,DT-RAMDE_TS2_FULL,r8c-4991-bf00f3231999c1bc,NO_EXECUTION_FEEDBACK,INCLUDED,0.3157894736842105,6,19,-0.01
E2_ROLLING_INCREMENTAL_AFTER_FULL_REUSE,RR-INTERMITTENT/7,0,r8c-2670-0e327b357881da89,DT-RAMDE_TS2_FULL,r8c-4992-b19ab6d553e54bb4,NO_REJECTION_CREDIT,INCLUDED,0.42105263157894735,8,19,-0.01
E2_ROLLING_INCREMENTAL_AFTER_FULL_REUSE,RR-INTERMITTENT/7,0,r8c-2670-0e327b357881da89,DT-RAMDE_TS2_FULL,r8c-4993-32b25cf83a1cd535,NO_MEMORY_RESET_GATE,INCLUDED,0.47368421052631576,9,19,-0.01
E2_ROLLING_INCREMENTAL_AFTER_FULL_REUSE,RR-INTERMITTENT/7,0,r8c-2670-0e327b357881da89,DT-RAMDE_TS2_FULL,r8c-4994-f3734377434e4382,NO_LINEAGE_CREDIT,INCLUDED,0.3157894736842105,6,19,-0.01
E2_ROLLING_INCREMENTAL_AFTER_FULL_REUSE,RR-INTERMITTENT/7,0,r8c-2670-0e327b357881da89,DT-RAMDE_TS2_FULL,r8c-4995-daf49148deb0bf36,CROSS_EVENT_WARM_START_ONLY,INCLUDED,0.3684210526315789,7,19,-0.01
E2_ROLLING_INCREMENTAL_AFTER_FULL_REUSE,RR-INTERMITTENT/7,0,r8c-2670-0e327b357881da89,DT-RAMDE_TS2_FULL,r8c-4996-0dbfe744798aa6b5,CROSS_EVENT_MEMORY_ONLY,INCLUDED,0.42105263157894735,8,19,-0.01
E2_ROLLING_INCREMENTAL_AFTER_FULL_REUSE,RR-INTERMITTENT/7,0,r8c-2670-0e327b357881da89,DT-RAMDE_TS2_FULL,r8c-4997-67c8f0851578577c,SHADE_ONLY,INCLUDED,0.21052631578947367,4,19,-0.01
E2_ROLLING_INCREMENTAL_AFTER_FULL_REUSE,RR-INTERMITTENT/7,1,r8c-2676-37611fc717b43848,DT-RAMDE_TS2_FULL,r8c-4998-1cdbbff8519a38bb,NO_CROSS_EVENT_MEMORY,INCLUDED,0.05263157894736842,1,19,-0.01
E2_ROLLING_INCREMENTAL_AFTER_FULL_REUSE,RR-INTERMITTENT/7,1,r8c-2676-37611fc717b43848,DT-RAMDE_TS2_FULL,r8c-4999-a9f4361dd66b2301,NO_EXECUTION_FEEDBACK,INCLUDED,0.5263157894736842,10,19,-0.01
E2_ROLLING_INCREMENTAL_AFTER_FULL_REUSE,RR-INTERMITTENT/7,1,r8c-2676-37611fc717b43848,DT-RAMDE_TS2_FULL,r8c-5000-a4a076d50a611654,NO_REJECTION_CREDIT,INCLUDED,0.47368421052631576,9,19,-0.01
E2_ROLLING_INCREMENTAL_AFTER_FULL_REUSE,RR-INTERMITTENT/7,1,r8c-2676-37611fc717b43848,DT-RAMDE_TS2_FULL,r8c-5001-cd631f02fbe042a3,NO_MEMORY_RESET_GATE,INCLUDED,0.5789473684210527,11,19,-0.01
E2_ROLLING_INCREMENTAL_AFTER_FULL_REUSE,RR-INTERMITTENT/7,1,r8c-2676-37611fc717b43848,DT-RAMDE_TS2_FULL,r8c-5002-ee46c5ce83271df2,NO_LINEAGE_CREDIT,INCLUDED,0.42105263157894735,8,19,-0.01
E2_ROLLING_INCREMENTAL_AFTER_FULL_REUSE,RR-INTERMITTENT/7,1,r8c-2676-37611fc717b43848,DT-RAMDE_TS2_FULL,r8c-5003-1ea5402719841150,CROSS_EVENT_WARM_START_ONLY,INCLUDED,0.631578947368421,12,19,-0.01
E2_ROLLING_INCREMENTAL_AFTER_FULL_REUSE,RR-INTERMITTENT/7,1,r8c-2676-37611fc717b43848,DT-RAMDE_TS2_FULL,r8c-5004-05308bc1580c7cd1,CROSS_EVENT_MEMORY_ONLY,INCLUDED,0.2631578947368421,5,19,-0.01
E2_ROLLING_INCREMENTAL_AFTER_FULL_REUSE,RR-INTERMITTENT/7,1,r8c-2676-37611fc717b43848,DT-RAMDE_TS2_FULL,r8c-5005-789908c3ad9f4f85,SHADE_ONLY,INCLUDED,0.10526315789473684,2,19,-0.01
E2_ROLLING_INCREMENTAL_AFTER_FULL_REUSE,RR-INTERMITTENT/7,2,r8c-2682-d21150936ce7e8bd,DT-RAMDE_TS2_FULL,r8c-5006-5ad10af4248165da,NO_CROSS_EVENT_MEMORY,INCLUDED,0.3157894736842105,6,19,-0.01
E2_ROLLING_INCREMENTAL_AFTER_FULL_REUSE,RR-INTERMITTENT/7,2,r8c-2682-d21150936ce7e8bd,DT-RAMDE_TS2_FULL,r8c-5007-f67d160408427774,NO_EXECUTION_FEEDBACK,INCLUDED,0.6842105263157895,13,19,-0.01
E2_ROLLING_INCREMENTAL_AFTER_FULL_REUSE,RR-INTERMITTENT/7,2,r8c-2682-d21150936ce7e8bd,DT-RAMDE_TS2_FULL,r8c-5008-6e5bcc46f40b903b,NO_REJECTION_CREDIT,INCLUDED,0.6842105263157895,13,19,-0.01
E2_ROLLING_INCREMENTAL_AFTER_FULL_REUSE,RR-INTERMITTENT/7,2,r8c-2682-d21150936ce7e8bd,DT-RAMDE_TS2_FULL,r8c-5009-5a7300d4b9f55e0e,NO_MEMORY_RESET_GATE,INCLUDED,0.5789473684210527,11,19,-0.01
E2_ROLLING_INCREMENTAL_AFTER_FULL_REUSE,RR-INTERMITTENT/7,2,r8c-2682-d21150936ce7e8bd,DT-RAMDE_TS2_FULL,r8c-5010-a87f9cb819c467bf,NO_LINEAGE_CREDIT,INCLUDED,0.3157894736842105,6,19,-0.01
E2_ROLLING_INCREMENTAL_AFTER_FULL_REUSE,RR-INTERMITTENT/7,2,r8c-2682-d21150936ce7e8bd,DT-RAMDE_TS2_FULL,r8c-5011-584576e2ffb6a99e,CROSS_EVENT_WARM_START_ONLY,INCLUDED,0.6842105263157895,13,19,-0.01
E2_ROLLING_INCREMENTAL_AFTER_FULL_REUSE,RR-INTERMITTENT/7,2,r8c-2682-d21150936ce7e8bd,DT-RAMDE_TS2_FULL,r8c-5012-fbf0296601342412,CROSS_EVENT_MEMORY_ONLY,INCLUDED,0.10526315789473684,2,19,-0.01
E2_ROLLING_INCREMENTAL_AFTER_FULL_REUSE,RR-INTERMITTENT/7,2,r8c-2682-d21150936ce7e8bd,DT-RAMDE_TS2_FULL,r8c-5013-c16b573b7f7adae5,SHADE_ONLY,INCLUDED,0.10526315789473684,2,19,-0.01
E2_ROLLING_INCREMENTAL_AFTER_FULL_REUSE,RR-INTERMITTENT/7,3,r8c-2688-7951118eab0c066c,DT-RAMDE_TS2_FULL,r8c-5014-391799dabc5b37bc,NO_CROSS_EVENT_MEMORY,INCLUDED,0.10526315789473684,2,19,-0.01
E2_ROLLING_INCREMENTAL_AFTER_FULL_REUSE,RR-INTERMITTENT/7,3,r8c-2688-7951118eab0c066c,DT-RAMDE_TS2_FULL,r8c-5015-57dee01324e5dd54,NO_EXECUTION_FEEDBACK,INCLUDED,0.2631578947368421,5,19,-0.01
E2_ROLLING_INCREMENTAL_AFTER_FULL_REUSE,RR-INTERMITTENT/7,3,r8c-2688-7951118eab0c066c,DT-RAMDE_TS2_FULL,r8c-5016-ccf7a5edd847e3ce,NO_REJECTION_CREDIT,INCLUDED,0.42105263157894735,8,19,-0.01
E2_ROLLING_INCREMENTAL_AFTER_FULL_REUSE,RR-INTERMITTENT/7,3,r8c-2688-7951118eab0c066c,DT-RAMDE_TS2_FULL,r8c-5017-ffea2a8f72574bc5,NO_MEMORY_RESET_GATE,INCLUDED,0.42105263157894735,8,19,-0.01
E2_ROLLING_INCREMENTAL_AFTER_FULL_REUSE,RR-INTERMITTENT/7,3,r8c-2688-7951118eab0c066c,DT-RAMDE_TS2_FULL,r8c-5018-2862f1ab0e55fc95,NO_LINEAGE_CREDIT,INCLUDED,0.47368421052631576,9,19,-0.01
E2_ROLLING_INCREMENTAL_AFTER_FULL_REUSE,RR-INTERMITTENT/7,3,r8c-2688-7951118eab0c066c,DT-RAMDE_TS2_FULL,r8c-5019-26f7ed33f9462f53,CROSS_EVENT_WARM_START_ONLY,INCLUDED,0.42105263157894735,8,19,-0.01
E2_ROLLING_INCREMENTAL_AFTER_FULL_REUSE,RR-INTERMITTENT/7,3,r8c-2688-7951118eab0c066c,DT-RAMDE_TS2_FULL,r8c-5020-e6b319f4354a9406,CROSS_EVENT_MEMORY_ONLY,INCLUDED,0.15789473684210525,3,19,-0.01
E2_ROLLING_INCREMENTAL_AFTER_FULL_REUSE,RR-INTERMITTENT/7,3,r8c-2688-7951118eab0c066c,DT-RAMDE_TS2_FULL,r8c-5021-bd2fd9ff92150ef8,SHADE_ONLY,INCLUDED,0.15789473684210525,3,19,-0.01
E2_ROLLING_INCREMENTAL_AFTER_FULL_REUSE,RR-INTERMITTENT/7,4,r8c-2694-fca069b0f249bb86,DT-RAMDE_TS2_FULL,r8c-5022-87f5fae3baebf592,NO_CROSS_EVENT_MEMORY,INCLUDED,0.21052631578947367,4,19,-0.01
E2_ROLLING_INCREMENTAL_AFTER_FULL_REUSE,RR-INTERMITTENT/7,4,r8c-2694-fca069b0f249bb86,DT-RAMDE_TS2_FULL,r8c-5023-4ed8ba76967e7db5,NO_EXECUTION_FEEDBACK,INCLUDED,0.2631578947368421,5,19,-0.01
E2_ROLLING_INCREMENTAL_AFTER_FULL_REUSE,RR-INTERMITTENT/7,4,r8c-2694-fca069b0f249bb86,DT-RAMDE_TS2_FULL,r8c-5024-f571d27abf9db9aa,NO_REJECTION_CREDIT,INCLUDED,0.47368421052631576,9,19,-0.01
E2_ROLLING_INCREMENTAL_AFTER_FULL_REUSE,RR-INTERMITTENT/7,4,r8c-2694-fca069b0f249bb86,DT-RAMDE_TS2_FULL,r8c-5025-c9c2db780c01aed4,NO_MEMORY_RESET_GATE,INCLUDED,0.47368421052631576,9,19,-0.01
E2_ROLLING_INCREMENTAL_AFTER_FULL_REUSE,RR-INTERMITTENT/7,4,r8c-2694-fca069b0f249bb86,DT-RAMDE_TS2_FULL,r8c-5026-fd921bfc1103a21e,NO_LINEAGE_CREDIT,INCLUDED,0.15789473684210525,3,19,-0.01
E2_ROLLING_INCREMENTAL_AFTER_FULL_REUSE,RR-INTERMITTENT/7,4,r8c-2694-fca069b0f249bb86,DT-RAMDE_TS2_FULL,r8c-5027-59dab9e12a425140,CROSS_EVENT_WARM_START_ONLY,INCLUDED,0.3684210526315789,7,19,-0.01
E2_ROLLING_INCREMENTAL_AFTER_FULL_REUSE,RR-INTERMITTENT/7,4,r8c-2694-fca069b0f249bb86,DT-RAMDE_TS2_FULL,r8c-5028-96f7de6ccabaf073,CROSS_EVENT_MEMORY_ONLY,INCLUDED,0.15789473684210525,3,19,-0.01
E2_ROLLING_INCREMENTAL_AFTER_FULL_REUSE,RR-INTERMITTENT/7,4,r8c-2694-fca069b0f249bb86,DT-RAMDE_TS2_FULL,r8c-5029-b80858bff85ca8ff,SHADE_ONLY,INCLUDED,0.10526315789473684,2,19,-0.01
