task_id,schedule_index,workload_id,unit_id,method_id,replicate_index,task_status,endpoint_status,post_execution_hard_violation_rate,hard_violation_event_count,executed_event_count,execution_observation_available_event_count,execution_observation_missing_event_count,durably_completed_event_count
r8c-0000-4f3a9cb5e670fbca,0,E1_STATIC,LIRCMOP1,F22_MG_STATIC,0,COMPLETE,NOT_COMPUTED_NO_EXECUTED_EVENTS,,0,0,0,0,1
r8c-0001-8c303b91052c0df0,1,E1_STATIC,LIRCMOP1,MATCHED_FIXED_DE_PARETO,0,COMPLETE,NOT_COMPUTED_NO_EXECUTED_EVENTS,,0,0,0,0,1
r8c-0002-f9518517cb52ca55,2,E1_STATIC,LIRCMOP1,MATCHED_JDE_STYLE_PARETO,0,COMPLETE,NOT_COMPUTED_NO_EXECUTED_EVENTS,,0,0,0,0,1
r8c-0003-1f0b9baef503709c,3,E1_STATIC,LIRCMOP1,MATCHED_SHADE_STYLE_PARETO,0,COMPLETE,NOT_COMPUTED_NO_EXECUTED_EVENTS,,0,0,0,0,1
r8c-0004-cc5c39bef10a9bb7,4,E1_STATIC,LIRCMOP1,JMETALPY_1_7_GDE3_STANDARD_PARETO_DE,0,COMPLETE,NOT_COMPUTED_NO_EXECUTED_EVENTS,,0,0,0,0,1
r8c-0005-b5faf1bc6a50ca91,5,E1_STATIC,LIRCMOP1,JMETALPY_1_7_NSGAII_STATIC_CMOEA,0,COMPLETE,NOT_COMPUTED_NO_EXECUTED_EVENTS,,0,0,0,0,1
r8c-0006-d34659944459900c,6,E1_STATIC,LIRCMOP1,F22_MG_STATIC,1,COMPLETE,NOT_COMPUTED_NO_EXECUTED_EVENTS,,0,0,0,0,1
r8c-0007-e02fa6798a5f7e75,7,E1_STATIC,LIRCMOP1,MATCHED_FIXED_DE_PARETO,1,COMPLETE,NOT_COMPUTED_NO_EXECUTED_EVENTS,,0,0,0,0,1
r8c-0008-9c26d484e6a203f7,8,E1_STATIC,LIRCMOP1,MATCHED_JDE_STYLE_PARETO,1,COMPLETE,NOT_COMPUTED_NO_EXECUTED_EVENTS,,0,0,0,0,1
r8c-0009-585bf8d691d34994,9,E1_STATIC,LIRCMOP1,MATCHED_SHADE_STYLE_PARETO,1,COMPLETE,NOT_COMPUTED_NO_EXECUTED_EVENTS,,0,0,0,0,1
r8c-0010-c42ab0e326df3c1b,10,E1_STATIC,LIRCMOP1,JMETALPY_1_7_GDE3_STANDARD_PARETO_DE,1,COMPLETE,NOT_COMPUTED_NO_EXECUTED_EVENTS,,0,0,0,0,1
r8c-0011-e7c8d2b84d1c5fd7,11,E1_STATIC,LIRCMOP1,JMETALPY_1_7_NSGAII_STATIC_CMOEA,1,COMPLETE,NOT_COMPUTED_NO_EXECUTED_EVENTS,,0,0,0,0,1
r8c-0012-58cfb5d1ee22c305,12,E1_STATIC,LIRCMOP1,F22_MG_STATIC,2,COMPLETE,NOT_COMPUTED_NO_EXECUTED_EVENTS,,0,0,0,0,1
r8c-0013-2cd582277ac9f573,13,E1_STATIC,LIRCMOP1,MATCHED_FIXED_DE_PARETO,2,COMPLETE,NOT_COMPUTED_NO_EXECUTED_EVENTS,,0,0,0,0,1
r8c-0014-b0dddd87ada33865,14,E1_STATIC,LIRCMOP1,MATCHED_JDE_STYLE_PARETO,2,COMPLETE,NOT_COMPUTED_NO_EXECUTED_EVENTS,,0,0,0,0,1
r8c-0015-f35d6a982f114039,15,E1_STATIC,LIRCMOP1,MATCHED_SHADE_STYLE_PARETO,2,COMPLETE,NOT_COMPUTED_NO_EXECUTED_EVENTS,,0,0,0,0,1
r8c-0016-24ab5a8ed45ac8f8,16,E1_STATIC,LIRCMOP1,JMETALPY_1_7_GDE3_STANDARD_PARETO_DE,2,COMPLETE,NOT_COMPUTED_NO_EXECUTED_EVENTS,,0,0,0,0,1
r8c-0017-8e0fef3cd3cb25a1,17,E1_STATIC,LIRCMOP1,JMETALPY_1_7_NSGAII_STATIC_CMOEA,2,COMPLETE,NOT_COMPUTED_NO_EXECUTED_EVENTS,,0,0,0,0,1
r8c-0018-242018159896a22b,18,E1_STATIC,LIRCMOP1,F22_MG_STATIC,3,COMPLETE,NOT_COMPUTED_NO_EXECUTED_EVENTS,,0,0,0,0,1
r8c-0019-41ace4b6777f4c76,19,E1_STATIC,LIRCMOP1,MATCHED_FIXED_DE_PARETO,3,COMPLETE,NOT_COMPUTED_NO_EXECUTED_EVENTS,,0,0,0,0,1
r8c-0020-e2632fb7d82d8afa,20,E1_STATIC,LIRCMOP1,MATCHED_JDE_STYLE_PARETO,3,COMPLETE,NOT_COMPUTED_NO_EXECUTED_EVENTS,,0,0,0,0,1
r8c-0021-51d55a35165bb464,21,E1_STATIC,LIRCMOP1,MATCHED_SHADE_STYLE_PARETO,3,COMPLETE,NOT_COMPUTED_NO_EXECUTED_EVENTS,,0,0,0,0,1
r8c-0022-d6a8249e4bcb9eec,22,E1_STATIC,LIRCMOP1,JMETALPY_1_7_GDE3_STANDARD_PARETO_DE,3,COMPLETE,NOT_COMPUTED_NO_EXECUTED_EVENTS,,0,0,0,0,1
r8c-0023-cd4e231ce768d689,23,E1_STATIC,LIRCMOP1,JMETALPY_1_7_NSGAII_STATIC_CMOEA,3,COMPLETE,NOT_COMPUTED_NO_EXECUTED_EVENTS,,0,0,0,0,1
r8c-0024-14d2ad928ad974c1,24,E1_STATIC,LIRCMOP1,F22_MG_STATIC,4,COMPLETE,NOT_COMPUTED_NO_EXECUTED_EVENTS,,0,0,0,0,1
r8c-0025-f579752dd1e961b4,25,E1_STATIC,LIRCMOP1,MATCHED_FIXED_DE_PARETO,4,COMPLETE,NOT_COMPUTED_NO_EXECUTED_EVENTS,,0,0,0,0,1
r8c-0026-a254b85bd51614b7,26,E1_STATIC,LIRCMOP1,MATCHED_JDE_STYLE_PARETO,4,COMPLETE,NOT_COMPUTED_NO_EXECUTED_EVENTS,,0,0,0,0,1
r8c-0027-bed8dbb39bfd9b8b,27,E1_STATIC,LIRCMOP1,MATCHED_SHADE_STYLE_PARETO,4,COMPLETE,NOT_COMPUTED_NO_EXECUTED_EVENTS,,0,0,0,0,1
r8c-0028-862740c7cc080f0a,28,E1_STATIC,LIRCMOP1,JMETALPY_1_7_GDE3_STANDARD_PARETO_DE,4,COMPLETE,NOT_COMPUTED_NO_EXECUTED_EVENTS,,0,0,0,0,1
r8c-0029-7882c6de8781cfa4,29,E1_STATIC,LIRCMOP1,JMETALPY_1_7_NSGAII_STATIC_CMOEA,4,COMPLETE,NOT_COMPUTED_NO_EXECUTED_EVENTS,,0,0,0,0,1
r8c-0030-190eeebdf4df7a58,30,E1_STATIC,LIRCMOP1,F22_MG_STATIC,5,COMPLETE,NOT_COMPUTED_NO_EXECUTED_EVENTS,,0,0,0,0,1
r8c-0031-0c3e2dbd42304e3b,31,E1_STATIC,LIRCMOP1,MATCHED_FIXED_DE_PARETO,5,COMPLETE,NOT_COMPUTED_NO_EXECUTED_EVENTS,,0,0,0,0,1
r8c-0032-dfd1554c8e39b98f,32,E1_STATIC,LIRCMOP1,MATCHED_JDE_STYLE_PARETO,5,COMPLETE,NOT_COMPUTED_NO_EXECUTED_EVENTS,,0,0,0,0,1
r8c-0033-f2830a8f3af54f7c,33,E1_STATIC,LIRCMOP1,MATCHED_SHADE_STYLE_PARETO,5,COMPLETE,NOT_COMPUTED_NO_EXECUTED_EVENTS,,0,0,0,0,1
r8c-0034-8eedcdc8d919ef11,34,E1_STATIC,LIRCMOP1,JMETALPY_1_7_GDE3_STANDARD_PARETO_DE,5,COMPLETE,NOT_COMPUTED_NO_EXECUTED_EVENTS,,0,0,0,0,1
r8c-0035-251d6024c600d499,35,E1_STATIC,LIRCMOP1,JMETALPY_1_7_NSGAII_STATIC_CMOEA,5,COMPLETE,NOT_COMPUTED_NO_EXECUTED_EVENTS,,0,0,0,0,1
r8c-0036-09b77d0091e3aea0,36,E1_STATIC,LIRCMOP1,F22_MG_STATIC,6,COMPLETE,NOT_COMPUTED_NO_EXECUTED_EVENTS,,0,0,0,0,1
r8c-0037-9f2b8b90384fe3a3,37,E1_STATIC,LIRCMOP1,MATCHED_FIXED_DE_PARETO,6,COMPLETE,NOT_COMPUTED_NO_EXECUTED_EVENTS,,0,0,0,0,1
r8c-0038-8f5e60d058952af2,38,E1_STATIC,LIRCMOP1,MATCHED_JDE_STYLE_PARETO,6,COMPLETE,NOT_COMPUTED_NO_EXECUTED_EVENTS,,0,0,0,0,1
r8c-0039-be84c5f5842b627f,39,E1_STATIC,LIRCMOP1,MATCHED_SHADE_STYLE_PARETO,6,COMPLETE,NOT_COMPUTED_NO_EXECUTED_EVENTS,,0,0,0,0,1
r8c-0040-1ac14a3e1c86696d,40,E1_STATIC,LIRCMOP1,JMETALPY_1_7_GDE3_STANDARD_PARETO_DE,6,COMPLETE,NOT_COMPUTED_NO_EXECUTED_EVENTS,,0,0,0,0,1
r8c-0041-59a42ec799a68e56,41,E1_STATIC,LIRCMOP1,JMETALPY_1_7_NSGAII_STATIC_CMOEA,6,COMPLETE,NOT_COMPUTED_NO_EXECUTED_EVENTS,,0,0,0,0,1
r8c-0042-6bc369440ae5a463,42,E1_STATIC,LIRCMOP1,F22_MG_STATIC,7,COMPLETE,NOT_COMPUTED_NO_EXECUTED_EVENTS,,0,0,0,0,1
r8c-0043-57d1b22ba5ee3760,43,E1_STATIC,LIRCMOP1,MATCHED_FIXED_DE_PARETO,7,COMPLETE,NOT_COMPUTED_NO_EXECUTED_EVENTS,,0,0,0,0,1
r8c-0044-d4ed0c767221a913,44,E1_STATIC,LIRCMOP1,MATCHED_JDE_STYLE_PARETO,7,COMPLETE,NOT_COMPUTED_NO_EXECUTED_EVENTS,,0,0,0,0,1
r8c-0045-886744a502293570,45,E1_STATIC,LIRCMOP1,MATCHED_SHADE_STYLE_PARETO,7,COMPLETE,NOT_COMPUTED_NO_EXECUTED_EVENTS,,0,0,0,0,1
r8c-0046-26f4b776291f8d9d,46,E1_STATIC,LIRCMOP1,JMETALPY_1_7_GDE3_STANDARD_PARETO_DE,7,COMPLETE,NOT_COMPUTED_NO_EXECUTED_EVENTS,,0,0,0,0,1
r8c-0047-c565901e413d8e6c,47,E1_STATIC,LIRCMOP1,JMETALPY_1_7_NSGAII_STATIC_CMOEA,7,COMPLETE,NOT_COMPUTED_NO_EXECUTED_EVENTS,,0,0,0,0,1
r8c-0048-08fc622f5903da35,48,E1_STATIC,LIRCMOP1,F22_MG_STATIC,8,COMPLETE,NOT_COMPUTED_NO_EXECUTED_EVENTS,,0,0,0,0,1
r8c-0049-6de25f5646bd1737,49,E1_STATIC,LIRCMOP1,MATCHED_FIXED_DE_PARETO,8,COMPLETE,NOT_COMPUTED_NO_EXECUTED_EVENTS,,0,0,0,0,1
r8c-0050-43636230d18f372e,50,E1_STATIC,LIRCMOP1,MATCHED_JDE_STYLE_PARETO,8,COMPLETE,NOT_COMPUTED_NO_EXECUTED_EVENTS,,0,0,0,0,1
r8c-0051-77be4beead5b1571,51,E1_STATIC,LIRCMOP1,MATCHED_SHADE_STYLE_PARETO,8,COMPLETE,NOT_COMPUTED_NO_EXECUTED_EVENTS,,0,0,0,0,1
r8c-0052-3dfd34c7f2f6de79,52,E1_STATIC,LIRCMOP1,JMETALPY_1_7_GDE3_STANDARD_PARETO_DE,8,COMPLETE,NOT_COMPUTED_NO_EXECUTED_EVENTS,,0,0,0,0,1
r8c-0053-ef79ababd4fb60cf,53,E1_STATIC,LIRCMOP1,JMETALPY_1_7_NSGAII_STATIC_CMOEA,8,COMPLETE,NOT_COMPUTED_NO_EXECUTED_EVENTS,,0,0,0,0,1
r8c-0054-7244623785db0ec2,54,E1_STATIC,LIRCMOP1,F22_MG_STATIC,9,COMPLETE,NOT_COMPUTED_NO_EXECUTED_EVENTS,,0,0,0,0,1
r8c-0055-b1088d7183b6d9d4,55,E1_STATIC,LIRCMOP1,MATCHED_FIXED_DE_PARETO,9,COMPLETE,NOT_COMPUTED_NO_EXECUTED_EVENTS,,0,0,0,0,1
r8c-0056-56b28cd4fda51dca,56,E1_STATIC,LIRCMOP1,MATCHED_JDE_STYLE_PARETO,9,COMPLETE,NOT_COMPUTED_NO_EXECUTED_EVENTS,,0,0,0,0,1
r8c-0057-d7f139c65cc51a75,57,E1_STATIC,LIRCMOP1,MATCHED_SHADE_STYLE_PARETO,9,COMPLETE,NOT_COMPUTED_NO_EXECUTED_EVENTS,,0,0,0,0,1
r8c-0058-c233bed2ce56f797,58,E1_STATIC,LIRCMOP1,JMETALPY_1_7_GDE3_STANDARD_PARETO_DE,9,COMPLETE,NOT_COMPUTED_NO_EXECUTED_EVENTS,,0,0,0,0,1
r8c-0059-d4c25ea36d4237cf,59,E1_STATIC,LIRCMOP1,JMETALPY_1_7_NSGAII_STATIC_CMOEA,9,COMPLETE,NOT_COMPUTED_NO_EXECUTED_EVENTS,,0,0,0,0,1
r8c-0060-5f3a8612b4321503,60,E1_STATIC,LIRCMOP2,F22_MG_STATIC,0,COMPLETE,NOT_COMPUTED_NO_EXECUTED_EVENTS,,0,0,0,0,1
r8c-0061-daafe7a8c90828f1,61,E1_STATIC,LIRCMOP2,MATCHED_FIXED_DE_PARETO,0,COMPLETE,NOT_COMPUTED_NO_EXECUTED_EVENTS,,0,0,0,0,1
r8c-0062-8270c0ce56a35179,62,E1_STATIC,LIRCMOP2,MATCHED_JDE_STYLE_PARETO,0,COMPLETE,NOT_COMPUTED_NO_EXECUTED_EVENTS,,0,0,0,0,1
r8c-0063-6ccc7e38b536fc29,63,E1_STATIC,LIRCMOP2,MATCHED_SHADE_STYLE_PARETO,0,COMPLETE,NOT_COMPUTED_NO_EXECUTED_EVENTS,,0,0,0,0,1
r8c-0064-2cb186732520cee1,64,E1_STATIC,LIRCMOP2,JMETALPY_1_7_GDE3_STANDARD_PARETO_DE,0,COMPLETE,NOT_COMPUTED_NO_EXECUTED_EVENTS,,0,0,0,0,1
r8c-0065-ecab925ba6b60e5a,65,E1_STATIC,LIRCMOP2,JMETALPY_1_7_NSGAII_STATIC_CMOEA,0,COMPLETE,NOT_COMPUTED_NO_EXECUTED_EVENTS,,0,0,0,0,1
r8c-0066-595349937ce7d7eb,66,E1_STATIC,LIRCMOP2,F22_MG_STATIC,1,COMPLETE,NOT_COMPUTED_NO_EXECUTED_EVENTS,,0,0,0,0,1
r8c-0067-29f1f48f05f9cd82,67,E1_STATIC,LIRCMOP2,MATCHED_FIXED_DE_PARETO,1,COMPLETE,NOT_COMPUTED_NO_EXECUTED_EVENTS,,0,0,0,0,1
r8c-0068-530b866e315e49de,68,E1_STATIC,LIRCMOP2,MATCHED_JDE_STYLE_PARETO,1,COMPLETE,NOT_COMPUTED_NO_EXECUTED_EVENTS,,0,0,0,0,1
r8c-0069-2a2955a2d23f95e4,69,E1_STATIC,LIRCMOP2,MATCHED_SHADE_STYLE_PARETO,1,COMPLETE,NOT_COMPUTED_NO_EXECUTED_EVENTS,,0,0,0,0,1
r8c-0070-08131eab5bf90513,70,E1_STATIC,LIRCMOP2,JMETALPY_1_7_GDE3_STANDARD_PARETO_DE,1,COMPLETE,NOT_COMPUTED_NO_EXECUTED_EVENTS,,0,0,0,0,1
r8c-0071-b3b37a816eb17035,71,E1_STATIC,LIRCMOP2,JMETALPY_1_7_NSGAII_STATIC_CMOEA,1,COMPLETE,NOT_COMPUTED_NO_EXECUTED_EVENTS,,0,0,0,0,1
r8c-0072-c1b0864007e13395,72,E1_STATIC,LIRCMOP2,F22_MG_STATIC,2,COMPLETE,NOT_COMPUTED_NO_EXECUTED_EVENTS,,0,0,0,0,1
r8c-0073-ba030363a028aa53,73,E1_STATIC,LIRCMOP2,MATCHED_FIXED_DE_PARETO,2,COMPLETE,NOT_COMPUTED_NO_EXECUTED_EVENTS,,0,0,0,0,1
r8c-0074-920abfcfd8a71d53,74,E1_STATIC,LIRCMOP2,MATCHED_JDE_STYLE_PARETO,2,COMPLETE,NOT_COMPUTED_NO_EXECUTED_EVENTS,,0,0,0,0,1
r8c-0075-a8a9b6e63feb2c0a,75,E1_STATIC,LIRCMOP2,MATCHED_SHADE_STYLE_PARETO,2,COMPLETE,NOT_COMPUTED_NO_EXECUTED_EVENTS,,0,0,0,0,1
r8c-0076-8cf4dd05b2a67b07,76,E1_STATIC,LIRCMOP2,JMETALPY_1_7_GDE3_STANDARD_PARETO_DE,2,COMPLETE,NOT_COMPUTED_NO_EXECUTED_EVENTS,,0,0,0,0,1
r8c-0077-0d768cd34f4ebc53,77,E1_STATIC,LIRCMOP2,JMETALPY_1_7_NSGAII_STATIC_CMOEA,2,COMPLETE,NOT_COMPUTED_NO_EXECUTED_EVENTS,,0,0,0,0,1
r8c-0078-9a756622888f541f,78,E1_STATIC,LIRCMOP2,F22_MG_STATIC,3,COMPLETE,NOT_COMPUTED_NO_EXECUTED_EVENTS,,0,0,0,0,1
r8c-0079-8fe627967f583232,79,E1_STATIC,LIRCMOP2,MATCHED_FIXED_DE_PARETO,3,COMPLETE,NOT_COMPUTED_NO_EXECUTED_EVENTS,,0,0,0,0,1
r8c-0080-93369cd636a0c16d,80,E1_STATIC,LIRCMOP2,MATCHED_JDE_STYLE_PARETO,3,COMPLETE,NOT_COMPUTED_NO_EXECUTED_EVENTS,,0,0,0,0,1
r8c-0081-86f5ed2b860268b5,81,E1_STATIC,LIRCMOP2,MATCHED_SHADE_STYLE_PARETO,3,COMPLETE,NOT_COMPUTED_NO_EXECUTED_EVENTS,,0,0,0,0,1
r8c-0082-959bbaed5c703f2a,82,E1_STATIC,LIRCMOP2,JMETALPY_1_7_GDE3_STANDARD_PARETO_DE,3,COMPLETE,NOT_COMPUTED_NO_EXECUTED_EVENTS,,0,0,0,0,1
r8c-0083-4f64e655a395f6a9,83,E1_STATIC,LIRCMOP2,JMETALPY_1_7_NSGAII_STATIC_CMOEA,3,COMPLETE,NOT_COMPUTED_NO_EXECUTED_EVENTS,,0,0,0,0,1
r8c-0084-7eacc88938493e16,84,E1_STATIC,LIRCMOP2,F22_MG_STATIC,4,COMPLETE,NOT_COMPUTED_NO_EXECUTED_EVENTS,,0,0,0,0,1
r8c-0085-a99db58068fe7068,85,E1_STATIC,LIRCMOP2,MATCHED_FIXED_DE_PARETO,4,COMPLETE,NOT_COMPUTED_NO_EXECUTED_EVENTS,,0,0,0,0,1
r8c-0086-180b7343bdcb9c29,86,E1_STATIC,LIRCMOP2,MATCHED_JDE_STYLE_PARETO,4,COMPLETE,NOT_COMPUTED_NO_EXECUTED_EVENTS,,0,0,0,0,1
r8c-0087-b3661a00682d758c,87,E1_STATIC,LIRCMOP2,MATCHED_SHADE_STYLE_PARETO,4,COMPLETE,NOT_COMPUTED_NO_EXECUTED_EVENTS,,0,0,0,0,1
r8c-0088-dd5ffe541d7ee8f3,88,E1_STATIC,LIRCMOP2,JMETALPY_1_7_GDE3_STANDARD_PARETO_DE,4,COMPLETE,NOT_COMPUTED_NO_EXECUTED_EVENTS,,0,0,0,0,1
r8c-0089-6726325cb38d7535,89,E1_STATIC,LIRCMOP2,JMETALPY_1_7_NSGAII_STATIC_CMOEA,4,COMPLETE,NOT_COMPUTED_NO_EXECUTED_EVENTS,,0,0,0,0,1
r8c-0090-a851f80bed681057,90,E1_STATIC,LIRCMOP2,F22_MG_STATIC,5,COMPLETE,NOT_COMPUTED_NO_EXECUTED_EVENTS,,0,0,0,0,1
r8c-0091-cd810670c344e4ff,91,E1_STATIC,LIRCMOP2,MATCHED_FIXED_DE_PARETO,5,COMPLETE,NOT_COMPUTED_NO_EXECUTED_EVENTS,,0,0,0,0,1
r8c-0092-c5879315d8e7a1b7,92,E1_STATIC,LIRCMOP2,MATCHED_JDE_STYLE_PARETO,5,COMPLETE,NOT_COMPUTED_NO_EXECUTED_EVENTS,,0,0,0,0,1
r8c-0093-97294d7b24123c4b,93,E1_STATIC,LIRCMOP2,MATCHED_SHADE_STYLE_PARETO,5,COMPLETE,NOT_COMPUTED_NO_EXECUTED_EVENTS,,0,0,0,0,1
r8c-0094-140d945a52902c01,94,E1_STATIC,LIRCMOP2,JMETALPY_1_7_GDE3_STANDARD_PARETO_DE,5,COMPLETE,NOT_COMPUTED_NO_EXECUTED_EVENTS,,0,0,0,0,1
r8c-0095-4b6d57e5998a845e,95,E1_STATIC,LIRCMOP2,JMETALPY_1_7_NSGAII_STATIC_CMOEA,5,COMPLETE,NOT_COMPUTED_NO_EXECUTED_EVENTS,,0,0,0,0,1
r8c-0096-063c3e351119c9b0,96,E1_STATIC,LIRCMOP2,F22_MG_STATIC,6,COMPLETE,NOT_COMPUTED_NO_EXECUTED_EVENTS,,0,0,0,0,1
r8c-0097-d9ac915f04fd0907,97,E1_STATIC,LIRCMOP2,MATCHED_FIXED_DE_PARETO,6,COMPLETE,NOT_COMPUTED_NO_EXECUTED_EVENTS,,0,0,0,0,1
r8c-0098-23f2c0d64bff1f2c,98,E1_STATIC,LIRCMOP2,MATCHED_JDE_STYLE_PARETO,6,COMPLETE,NOT_COMPUTED_NO_EXECUTED_EVENTS,,0,0,0,0,1
r8c-0099-b30a7d8beecf4ab8,99,E1_STATIC,LIRCMOP2,MATCHED_SHADE_STYLE_PARETO,6,COMPLETE,NOT_COMPUTED_NO_EXECUTED_EVENTS,,0,0,0,0,1
r8c-0100-6fa9072a153e43d9,100,E1_STATIC,LIRCMOP2,JMETALPY_1_7_GDE3_STANDARD_PARETO_DE,6,COMPLETE,NOT_COMPUTED_NO_EXECUTED_EVENTS,,0,0,0,0,1
r8c-0101-23d8438beed5764e,101,E1_STATIC,LIRCMOP2,JMETALPY_1_7_NSGAII_STATIC_CMOEA,6,COMPLETE,NOT_COMPUTED_NO_EXECUTED_EVENTS,,0,0,0,0,1
r8c-0102-9703d33827288d9e,102,E1_STATIC,LIRCMOP2,F22_MG_STATIC,7,COMPLETE,NOT_COMPUTED_NO_EXECUTED_EVENTS,,0,0,0,0,1
r8c-0103-0338e0e828dd7543,103,E1_STATIC,LIRCMOP2,MATCHED_FIXED_DE_PARETO,7,COMPLETE,NOT_COMPUTED_NO_EXECUTED_EVENTS,,0,0,0,0,1
r8c-0104-e5f9f38a5e54c406,104,E1_STATIC,LIRCMOP2,MATCHED_JDE_STYLE_PARETO,7,COMPLETE,NOT_COMPUTED_NO_EXECUTED_EVENTS,,0,0,0,0,1
r8c-0105-b925c7308c7ddf0e,105,E1_STATIC,LIRCMOP2,MATCHED_SHADE_STYLE_PARETO,7,COMPLETE,NOT_COMPUTED_NO_EXECUTED_EVENTS,,0,0,0,0,1
r8c-0106-2d641592d04ecb77,106,E1_STATIC,LIRCMOP2,JMETALPY_1_7_GDE3_STANDARD_PARETO_DE,7,COMPLETE,NOT_COMPUTED_NO_EXECUTED_EVENTS,,0,0,0,0,1
r8c-0107-2f68d30ed6246381,107,E1_STATIC,LIRCMOP2,JMETALPY_1_7_NSGAII_STATIC_CMOEA,7,COMPLETE,NOT_COMPUTED_NO_EXECUTED_EVENTS,,0,0,0,0,1
r8c-0108-959d1a8b59a89b5b,108,E1_STATIC,LIRCMOP2,F22_MG_STATIC,8,COMPLETE,NOT_COMPUTED_NO_EXECUTED_EVENTS,,0,0,0,0,1
r8c-0109-e3a22d1a7c20275c,109,E1_STATIC,LIRCMOP2,MATCHED_FIXED_DE_PARETO,8,COMPLETE,NOT_COMPUTED_NO_EXECUTED_EVENTS,,0,0,0,0,1
r8c-0110-603e60d0ec3aaacd,110,E1_STATIC,LIRCMOP2,MATCHED_JDE_STYLE_PARETO,8,COMPLETE,NOT_COMPUTED_NO_EXECUTED_EVENTS,,0,0,0,0,1
r8c-0111-2796a2376cc5c744,111,E1_STATIC,LIRCMOP2,MATCHED_SHADE_STYLE_PARETO,8,COMPLETE,NOT_COMPUTED_NO_EXECUTED_EVENTS,,0,0,0,0,1
r8c-0112-75595309ada114d1,112,E1_STATIC,LIRCMOP2,JMETALPY_1_7_GDE3_STANDARD_PARETO_DE,8,COMPLETE,NOT_COMPUTED_NO_EXECUTED_EVENTS,,0,0,0,0,1
r8c-0113-2ab787a8407930de,113,E1_STATIC,LIRCMOP2,JMETALPY_1_7_NSGAII_STATIC_CMOEA,8,COMPLETE,NOT_COMPUTED_NO_EXECUTED_EVENTS,,0,0,0,0,1
r8c-0114-5e2af40c65916daf,114,E1_STATIC,LIRCMOP2,F22_MG_STATIC,9,COMPLETE,NOT_COMPUTED_NO_EXECUTED_EVENTS,,0,0,0,0,1
r8c-0115-bed6ba1d872e3def,115,E1_STATIC,LIRCMOP2,MATCHED_FIXED_DE_PARETO,9,COMPLETE,NOT_COMPUTED_NO_EXECUTED_EVENTS,,0,0,0,0,1
r8c-0116-24e01c218cf6e453,116,E1_STATIC,LIRCMOP2,MATCHED_JDE_STYLE_PARETO,9,COMPLETE,NOT_COMPUTED_NO_EXECUTED_EVENTS,,0,0,0,0,1
r8c-0117-2e10cdd76538974c,117,E1_STATIC,LIRCMOP2,MATCHED_SHADE_STYLE_PARETO,9,COMPLETE,NOT_COMPUTED_NO_EXECUTED_EVENTS,,0,0,0,0,1
r8c-0118-7bdc53790230a741,118,E1_STATIC,LIRCMOP2,JMETALPY_1_7_GDE3_STANDARD_PARETO_DE,9,COMPLETE,NOT_COMPUTED_NO_EXECUTED_EVENTS,,0,0,0,0,1
r8c-0119-df0fa577f11e7077,119,E1_STATIC,LIRCMOP2,JMETALPY_1_7_NSGAII_STATIC_CMOEA,9,COMPLETE,NOT_COMPUTED_NO_EXECUTED_EVENTS,,0,0,0,0,1
r8c-0120-a3f95a16d24b2320,120,E1_STATIC,LIRCMOP3,F22_MG_STATIC,0,COMPLETE,NOT_COMPUTED_NO_EXECUTED_EVENTS,,0,0,0,0,1
r8c-0121-209455c475b2af80,121,E1_STATIC,LIRCMOP3,MATCHED_FIXED_DE_PARETO,0,COMPLETE,NOT_COMPUTED_NO_EXECUTED_EVENTS,,0,0,0,0,1
r8c-0122-058a459096bb0b96,122,E1_STATIC,LIRCMOP3,MATCHED_JDE_STYLE_PARETO,0,COMPLETE,NOT_COMPUTED_NO_EXECUTED_EVENTS,,0,0,0,0,1
r8c-0123-5faec7f76175cabe,123,E1_STATIC,LIRCMOP3,MATCHED_SHADE_STYLE_PARETO,0,COMPLETE,NOT_COMPUTED_NO_EXECUTED_EVENTS,,0,0,0,0,1
r8c-0124-1433f7b6617c4157,124,E1_STATIC,LIRCMOP3,JMETALPY_1_7_GDE3_STANDARD_PARETO_DE,0,COMPLETE,NOT_COMPUTED_NO_EXECUTED_EVENTS,,0,0,0,0,1
r8c-0125-60b297931329611b,125,E1_STATIC,LIRCMOP3,JMETALPY_1_7_NSGAII_STATIC_CMOEA,0,COMPLETE,NOT_COMPUTED_NO_EXECUTED_EVENTS,,0,0,0,0,1
r8c-0126-e0f4d0913c7a984a,126,E1_STATIC,LIRCMOP3,F22_MG_STATIC,1,COMPLETE,NOT_COMPUTED_NO_EXECUTED_EVENTS,,0,0,0,0,1
r8c-0127-409415a15de238a2,127,E1_STATIC,LIRCMOP3,MATCHED_FIXED_DE_PARETO,1,COMPLETE,NOT_COMPUTED_NO_EXECUTED_EVENTS,,0,0,0,0,1
r8c-0128-25c1002d89c9aa01,128,E1_STATIC,LIRCMOP3,MATCHED_JDE_STYLE_PARETO,1,COMPLETE,NOT_COMPUTED_NO_EXECUTED_EVENTS,,0,0,0,0,1
r8c-0129-ed3f1f017e333b6d,129,E1_STATIC,LIRCMOP3,MATCHED_SHADE_STYLE_PARETO,1,COMPLETE,NOT_COMPUTED_NO_EXECUTED_EVENTS,,0,0,0,0,1
r8c-0130-903b5a1d521099f2,130,E1_STATIC,LIRCMOP3,JMETALPY_1_7_GDE3_STANDARD_PARETO_DE,1,COMPLETE,NOT_COMPUTED_NO_EXECUTED_EVENTS,,0,0,0,0,1
r8c-0131-02774901ffc8b05c,131,E1_STATIC,LIRCMOP3,JMETALPY_1_7_NSGAII_STATIC_CMOEA,1,COMPLETE,NOT_COMPUTED_NO_EXECUTED_EVENTS,,0,0,0,0,1
r8c-0132-fe1ec32c1bb746cf,132,E1_STATIC,LIRCMOP3,F22_MG_STATIC,2,COMPLETE,NOT_COMPUTED_NO_EXECUTED_EVENTS,,0,0,0,0,1
r8c-0133-c3f18812d15afc29,133,E1_STATIC,LIRCMOP3,MATCHED_FIXED_DE_PARETO,2,COMPLETE,NOT_COMPUTED_NO_EXECUTED_EVENTS,,0,0,0,0,1
r8c-0134-1252c2f031939495,134,E1_STATIC,LIRCMOP3,MATCHED_JDE_STYLE_PARETO,2,COMPLETE,NOT_COMPUTED_NO_EXECUTED_EVENTS,,0,0,0,0,1
r8c-0135-2497fbceb20c8113,135,E1_STATIC,LIRCMOP3,MATCHED_SHADE_STYLE_PARETO,2,COMPLETE,NOT_COMPUTED_NO_EXECUTED_EVENTS,,0,0,0,0,1
r8c-0136-8b8f91301ac4b741,136,E1_STATIC,LIRCMOP3,JMETALPY_1_7_GDE3_STANDARD_PARETO_DE,2,COMPLETE,NOT_COMPUTED_NO_EXECUTED_EVENTS,,0,0,0,0,1
r8c-0137-316163a603762dce,137,E1_STATIC,LIRCMOP3,JMETALPY_1_7_NSGAII_STATIC_CMOEA,2,COMPLETE,NOT_COMPUTED_NO_EXECUTED_EVENTS,,0,0,0,0,1
r8c-0138-42165d1020834b0c,138,E1_STATIC,LIRCMOP3,F22_MG_STATIC,3,COMPLETE,NOT_COMPUTED_NO_EXECUTED_EVENTS,,0,0,0,0,1
r8c-0139-78ba33763c8e7496,139,E1_STATIC,LIRCMOP3,MATCHED_FIXED_DE_PARETO,3,COMPLETE,NOT_COMPUTED_NO_EXECUTED_EVENTS,,0,0,0,0,1
r8c-0140-bb75be985b14dcb9,140,E1_STATIC,LIRCMOP3,MATCHED_JDE_STYLE_PARETO,3,COMPLETE,NOT_COMPUTED_NO_EXECUTED_EVENTS,,0,0,0,0,1
r8c-0141-2c9b8705735684c0,141,E1_STATIC,LIRCMOP3,MATCHED_SHADE_STYLE_PARETO,3,COMPLETE,NOT_COMPUTED_NO_EXECUTED_EVENTS,,0,0,0,0,1
r8c-0142-26794222b28eb1d1,142,E1_STATIC,LIRCMOP3,JMETALPY_1_7_GDE3_STANDARD_PARETO_DE,3,COMPLETE,NOT_COMPUTED_NO_EXECUTED_EVENTS,,0,0,0,0,1
r8c-0143-5fb01e0604dd2c73,143,E1_STATIC,LIRCMOP3,JMETALPY_1_7_NSGAII_STATIC_CMOEA,3,COMPLETE,NOT_COMPUTED_NO_EXECUTED_EVENTS,,0,0,0,0,1
r8c-0144-9c0d71efff7da928,144,E1_STATIC,LIRCMOP3,F22_MG_STATIC,4,COMPLETE,NOT_COMPUTED_NO_EXECUTED_EVENTS,,0,0,0,0,1
r8c-0145-4cea291168ac95cd,145,E1_STATIC,LIRCMOP3,MATCHED_FIXED_DE_PARETO,4,COMPLETE,NOT_COMPUTED_NO_EXECUTED_EVENTS,,0,0,0,0,1
r8c-0146-87e1e20e0723a4a3,146,E1_STATIC,LIRCMOP3,MATCHED_JDE_STYLE_PARETO,4,COMPLETE,NOT_COMPUTED_NO_EXECUTED_EVENTS,,0,0,0,0,1
r8c-0147-74d71a27a8fd2675,147,E1_STATIC,LIRCMOP3,MATCHED_SHADE_STYLE_PARETO,4,COMPLETE,NOT_COMPUTED_NO_EXECUTED_EVENTS,,0,0,0,0,1
r8c-0148-eff01c3103a513ab,148,E1_STATIC,LIRCMOP3,JMETALPY_1_7_GDE3_STANDARD_PARETO_DE,4,COMPLETE,NOT_COMPUTED_NO_EXECUTED_EVENTS,,0,0,0,0,1
r8c-0149-1f808a84d31ba0a4,149,E1_STATIC,LIRCMOP3,JMETALPY_1_7_NSGAII_STATIC_CMOEA,4,COMPLETE,NOT_COMPUTED_NO_EXECUTED_EVENTS,,0,0,0,0,1
r8c-0150-b3e4758fa559dcec,150,E1_STATIC,LIRCMOP3,F22_MG_STATIC,5,COMPLETE,NOT_COMPUTED_NO_EXECUTED_EVENTS,,0,0,0,0,1
r8c-0151-e324333091e428be,151,E1_STATIC,LIRCMOP3,MATCHED_FIXED_DE_PARETO,5,COMPLETE,NOT_COMPUTED_NO_EXECUTED_EVENTS,,0,0,0,0,1
r8c-0152-510bf7e9fd0e8ced,152,E1_STATIC,LIRCMOP3,MATCHED_JDE_STYLE_PARETO,5,COMPLETE,NOT_COMPUTED_NO_EXECUTED_EVENTS,,0,0,0,0,1
r8c-0153-120d02de3271261e,153,E1_STATIC,LIRCMOP3,MATCHED_SHADE_STYLE_PARETO,5,COMPLETE,NOT_COMPUTED_NO_EXECUTED_EVENTS,,0,0,0,0,1
r8c-0154-4eb35bf59a19e9ac,154,E1_STATIC,LIRCMOP3,JMETALPY_1_7_GDE3_STANDARD_PARETO_DE,5,COMPLETE,NOT_COMPUTED_NO_EXECUTED_EVENTS,,0,0,0,0,1
r8c-0155-e6b36e9e27c984ab,155,E1_STATIC,LIRCMOP3,JMETALPY_1_7_NSGAII_STATIC_CMOEA,5,COMPLETE,NOT_COMPUTED_NO_EXECUTED_EVENTS,,0,0,0,0,1
r8c-0156-6e7267ef752d9816,156,E1_STATIC,LIRCMOP3,F22_MG_STATIC,6,COMPLETE,NOT_COMPUTED_NO_EXECUTED_EVENTS,,0,0,0,0,1
r8c-0157-fd6d11f9342e0cab,157,E1_STATIC,LIRCMOP3,MATCHED_FIXED_DE_PARETO,6,COMPLETE,NOT_COMPUTED_NO_EXECUTED_EVENTS,,0,0,0,0,1
r8c-0158-af6159a8bbbf3844,158,E1_STATIC,LIRCMOP3,MATCHED_JDE_STYLE_PARETO,6,COMPLETE,NOT_COMPUTED_NO_EXECUTED_EVENTS,,0,0,0,0,1
r8c-0159-eca2a3cd4eb6111b,159,E1_STATIC,LIRCMOP3,MATCHED_SHADE_STYLE_PARETO,6,COMPLETE,NOT_COMPUTED_NO_EXECUTED_EVENTS,,0,0,0,0,1
r8c-0160-876878a5a14f15b7,160,E1_STATIC,LIRCMOP3,JMETALPY_1_7_GDE3_STANDARD_PARETO_DE,6,COMPLETE,NOT_COMPUTED_NO_EXECUTED_EVENTS,,0,0,0,0,1
r8c-0161-f58a680a2e7a7d95,161,E1_STATIC,LIRCMOP3,JMETALPY_1_7_NSGAII_STATIC_CMOEA,6,COMPLETE,NOT_COMPUTED_NO_EXECUTED_EVENTS,,0,0,0,0,1
r8c-0162-89ed3a960147453a,162,E1_STATIC,LIRCMOP3,F22_MG_STATIC,7,COMPLETE,NOT_COMPUTED_NO_EXECUTED_EVENTS,,0,0,0,0,1
r8c-0163-f716b7d8ce95c2bd,163,E1_STATIC,LIRCMOP3,MATCHED_FIXED_DE_PARETO,7,COMPLETE,NOT_COMPUTED_NO_EXECUTED_EVENTS,,0,0,0,0,1
r8c-0164-41d53e15c986a9ab,164,E1_STATIC,LIRCMOP3,MATCHED_JDE_STYLE_PARETO,7,COMPLETE,NOT_COMPUTED_NO_EXECUTED_EVENTS,,0,0,0,0,1
r8c-0165-46393f5345749908,165,E1_STATIC,LIRCMOP3,MATCHED_SHADE_STYLE_PARETO,7,COMPLETE,NOT_COMPUTED_NO_EXECUTED_EVENTS,,0,0,0,0,1
r8c-0166-306a9eb1faa732e5,166,E1_STATIC,LIRCMOP3,JMETALPY_1_7_GDE3_STANDARD_PARETO_DE,7,COMPLETE,NOT_COMPUTED_NO_EXECUTED_EVENTS,,0,0,0,0,1
r8c-0167-8a61930415bc0150,167,E1_STATIC,LIRCMOP3,JMETALPY_1_7_NSGAII_STATIC_CMOEA,7,COMPLETE,NOT_COMPUTED_NO_EXECUTED_EVENTS,,0,0,0,0,1
r8c-0168-67343d5a840b39bf,168,E1_STATIC,LIRCMOP3,F22_MG_STATIC,8,COMPLETE,NOT_COMPUTED_NO_EXECUTED_EVENTS,,0,0,0,0,1
r8c-0169-67334d49e97d3eae,169,E1_STATIC,LIRCMOP3,MATCHED_FIXED_DE_PARETO,8,COMPLETE,NOT_COMPUTED_NO_EXECUTED_EVENTS,,0,0,0,0,1
r8c-0170-4734886e5d68c8a1,170,E1_STATIC,LIRCMOP3,MATCHED_JDE_STYLE_PARETO,8,COMPLETE,NOT_COMPUTED_NO_EXECUTED_EVENTS,,0,0,0,0,1
r8c-0171-2b60a9e686a40e66,171,E1_STATIC,LIRCMOP3,MATCHED_SHADE_STYLE_PARETO,8,COMPLETE,NOT_COMPUTED_NO_EXECUTED_EVENTS,,0,0,0,0,1
r8c-0172-41c2ea9a451d66da,172,E1_STATIC,LIRCMOP3,JMETALPY_1_7_GDE3_STANDARD_PARETO_DE,8,COMPLETE,NOT_COMPUTED_NO_EXECUTED_EVENTS,,0,0,0,0,1
r8c-0173-ed6670b6e6faa97b,173,E1_STATIC,LIRCMOP3,JMETALPY_1_7_NSGAII_STATIC_CMOEA,8,COMPLETE,NOT_COMPUTED_NO_EXECUTED_EVENTS,,0,0,0,0,1
r8c-0174-82429cdc6e75ff4a,174,E1_STATIC,LIRCMOP3,F22_MG_STATIC,9,COMPLETE,NOT_COMPUTED_NO_EXECUTED_EVENTS,,0,0,0,0,1
r8c-0175-2cc6c763c52fcb4e,175,E1_STATIC,LIRCMOP3,MATCHED_FIXED_DE_PARETO,9,COMPLETE,NOT_COMPUTED_NO_EXECUTED_EVENTS,,0,0,0,0,1
r8c-0176-7b61f25793906759,176,E1_STATIC,LIRCMOP3,MATCHED_JDE_STYLE_PARETO,9,COMPLETE,NOT_COMPUTED_NO_EXECUTED_EVENTS,,0,0,0,0,1
r8c-0177-81367ae98a76cd28,177,E1_STATIC,LIRCMOP3,MATCHED_SHADE_STYLE_PARETO,9,COMPLETE,NOT_COMPUTED_NO_EXECUTED_EVENTS,,0,0,0,0,1
r8c-0178-80a8433ad5ea066c,178,E1_STATIC,LIRCMOP3,JMETALPY_1_7_GDE3_STANDARD_PARETO_DE,9,COMPLETE,NOT_COMPUTED_NO_EXECUTED_EVENTS,,0,0,0,0,1
r8c-0179-9adb046521edd4f3,179,E1_STATIC,LIRCMOP3,JMETALPY_1_7_NSGAII_STATIC_CMOEA,9,COMPLETE,NOT_COMPUTED_NO_EXECUTED_EVENTS,,0,0,0,0,1
r8c-0180-a8e4c0be04778f03,180,E1_STATIC,LIRCMOP4,F22_MG_STATIC,0,COMPLETE,NOT_COMPUTED_NO_EXECUTED_EVENTS,,0,0,0,0,1
r8c-0181-6d09ad8a99d049f4,181,E1_STATIC,LIRCMOP4,MATCHED_FIXED_DE_PARETO,0,COMPLETE,NOT_COMPUTED_NO_EXECUTED_EVENTS,,0,0,0,0,1
r8c-0182-756914f2bda86c75,182,E1_STATIC,LIRCMOP4,MATCHED_JDE_STYLE_PARETO,0,COMPLETE,NOT_COMPUTED_NO_EXECUTED_EVENTS,,0,0,0,0,1
r8c-0183-dcf25a3dca93f7e9,183,E1_STATIC,LIRCMOP4,MATCHED_SHADE_STYLE_PARETO,0,COMPLETE,NOT_COMPUTED_NO_EXECUTED_EVENTS,,0,0,0,0,1
r8c-0184-663512426eea0cc0,184,E1_STATIC,LIRCMOP4,JMETALPY_1_7_GDE3_STANDARD_PARETO_DE,0,COMPLETE,NOT_COMPUTED_NO_EXECUTED_EVENTS,,0,0,0,0,1
r8c-0185-9f38c994be540cc7,185,E1_STATIC,LIRCMOP4,JMETALPY_1_7_NSGAII_STATIC_CMOEA,0,COMPLETE,NOT_COMPUTED_NO_EXECUTED_EVENTS,,0,0,0,0,1
r8c-0186-2d1cd3ff41f2a4b9,186,E1_STATIC,LIRCMOP4,F22_MG_STATIC,1,COMPLETE,NOT_COMPUTED_NO_EXECUTED_EVENTS,,0,0,0,0,1
r8c-0187-9690298ee7553a9a,187,E1_STATIC,LIRCMOP4,MATCHED_FIXED_DE_PARETO,1,COMPLETE,NOT_COMPUTED_NO_EXECUTED_EVENTS,,0,0,0,0,1
r8c-0188-73f6b9793909346a,188,E1_STATIC,LIRCMOP4,MATCHED_JDE_STYLE_PARETO,1,COMPLETE,NOT_COMPUTED_NO_EXECUTED_EVENTS,,0,0,0,0,1
r8c-0189-11bda50be0ef510f,189,E1_STATIC,LIRCMOP4,MATCHED_SHADE_STYLE_PARETO,1,COMPLETE,NOT_COMPUTED_NO_EXECUTED_EVENTS,,0,0,0,0,1
r8c-0190-47a705ee0cade588,190,E1_STATIC,LIRCMOP4,JMETALPY_1_7_GDE3_STANDARD_PARETO_DE,1,COMPLETE,NOT_COMPUTED_NO_EXECUTED_EVENTS,,0,0,0,0,1
r8c-0191-e1a8af2f873d7c5a,191,E1_STATIC,LIRCMOP4,JMETALPY_1_7_NSGAII_STATIC_CMOEA,1,COMPLETE,NOT_COMPUTED_NO_EXECUTED_EVENTS,,0,0,0,0,1
r8c-0192-ae20fb375ecc3cb0,192,E1_STATIC,LIRCMOP4,F22_MG_STATIC,2,COMPLETE,NOT_COMPUTED_NO_EXECUTED_EVENTS,,0,0,0,0,1
r8c-0193-39bb86126c98d1dc,193,E1_STATIC,LIRCMOP4,MATCHED_FIXED_DE_PARETO,2,COMPLETE,NOT_COMPUTED_NO_EXECUTED_EVENTS,,0,0,0,0,1
r8c-0194-dd2739c02d31b955,194,E1_STATIC,LIRCMOP4,MATCHED_JDE_STYLE_PARETO,2,COMPLETE,NOT_COMPUTED_NO_EXECUTED_EVENTS,,0,0,0,0,1
r8c-0195-e4dc5d7f26f8f6e7,195,E1_STATIC,LIRCMOP4,MATCHED_SHADE_STYLE_PARETO,2,COMPLETE,NOT_COMPUTED_NO_EXECUTED_EVENTS,,0,0,0,0,1
r8c-0196-39a657d9ef5105b2,196,E1_STATIC,LIRCMOP4,JMETALPY_1_7_GDE3_STANDARD_PARETO_DE,2,COMPLETE,NOT_COMPUTED_NO_EXECUTED_EVENTS,,0,0,0,0,1
r8c-0197-e6bbe531a4de0cb2,197,E1_STATIC,LIRCMOP4,JMETALPY_1_7_NSGAII_STATIC_CMOEA,2,COMPLETE,NOT_COMPUTED_NO_EXECUTED_EVENTS,,0,0,0,0,1
r8c-0198-e44daa8f32475e42,198,E1_STATIC,LIRCMOP4,F22_MG_STATIC,3,COMPLETE,NOT_COMPUTED_NO_EXECUTED_EVENTS,,0,0,0,0,1
r8c-0199-177cb92b83357ae0,199,E1_STATIC,LIRCMOP4,MATCHED_FIXED_DE_PARETO,3,COMPLETE,NOT_COMPUTED_NO_EXECUTED_EVENTS,,0,0,0,0,1
r8c-0200-58391caf6342ce60,200,E1_STATIC,LIRCMOP4,MATCHED_JDE_STYLE_PARETO,3,COMPLETE,NOT_COMPUTED_NO_EXECUTED_EVENTS,,0,0,0,0,1
r8c-0201-d901717d2121705f,201,E1_STATIC,LIRCMOP4,MATCHED_SHADE_STYLE_PARETO,3,COMPLETE,NOT_COMPUTED_NO_EXECUTED_EVENTS,,0,0,0,0,1
r8c-0202-c7f62a4f8e9ff4ac,202,E1_STATIC,LIRCMOP4,JMETALPY_1_7_GDE3_STANDARD_PARETO_DE,3,COMPLETE,NOT_COMPUTED_NO_EXECUTED_EVENTS,,0,0,0,0,1
r8c-0203-cbcbfedb5a8ddce5,203,E1_STATIC,LIRCMOP4,JMETALPY_1_7_NSGAII_STATIC_CMOEA,3,COMPLETE,NOT_COMPUTED_NO_EXECUTED_EVENTS,,0,0,0,0,1
r8c-0204-9e4ddb4910f1f694,204,E1_STATIC,LIRCMOP4,F22_MG_STATIC,4,COMPLETE,NOT_COMPUTED_NO_EXECUTED_EVENTS,,0,0,0,0,1
r8c-0205-158cd39991df1ba0,205,E1_STATIC,LIRCMOP4,MATCHED_FIXED_DE_PARETO,4,COMPLETE,NOT_COMPUTED_NO_EXECUTED_EVENTS,,0,0,0,0,1
r8c-0206-8993f3fe07bd89fa,206,E1_STATIC,LIRCMOP4,MATCHED_JDE_STYLE_PARETO,4,COMPLETE,NOT_COMPUTED_NO_EXECUTED_EVENTS,,0,0,0,0,1
r8c-0207-878c4a9ec6b2c386,207,E1_STATIC,LIRCMOP4,MATCHED_SHADE_STYLE_PARETO,4,COMPLETE,NOT_COMPUTED_NO_EXECUTED_EVENTS,,0,0,0,0,1
r8c-0208-d750f7d966c19ad7,208,E1_STATIC,LIRCMOP4,JMETALPY_1_7_GDE3_STANDARD_PARETO_DE,4,COMPLETE,NOT_COMPUTED_NO_EXECUTED_EVENTS,,0,0,0,0,1
r8c-0209-1245ff0c24def429,209,E1_STATIC,LIRCMOP4,JMETALPY_1_7_NSGAII_STATIC_CMOEA,4,COMPLETE,NOT_COMPUTED_NO_EXECUTED_EVENTS,,0,0,0,0,1
r8c-0210-1760876c0f4a925b,210,E1_STATIC,LIRCMOP4,F22_MG_STATIC,5,COMPLETE,NOT_COMPUTED_NO_EXECUTED_EVENTS,,0,0,0,0,1
r8c-0211-4013b45f2a875959,211,E1_STATIC,LIRCMOP4,MATCHED_FIXED_DE_PARETO,5,COMPLETE,NOT_COMPUTED_NO_EXECUTED_EVENTS,,0,0,0,0,1
r8c-0212-c0425df78a051366,212,E1_STATIC,LIRCMOP4,MATCHED_JDE_STYLE_PARETO,5,COMPLETE,NOT_COMPUTED_NO_EXECUTED_EVENTS,,0,0,0,0,1
r8c-0213-c6826d41322c7995,213,E1_STATIC,LIRCMOP4,MATCHED_SHADE_STYLE_PARETO,5,COMPLETE,NOT_COMPUTED_NO_EXECUTED_EVENTS,,0,0,0,0,1
r8c-0214-be9fc347bdbd8adc,214,E1_STATIC,LIRCMOP4,JMETALPY_1_7_GDE3_STANDARD_PARETO_DE,5,COMPLETE,NOT_COMPUTED_NO_EXECUTED_EVENTS,,0,0,0,0,1
r8c-0215-414b2d9aa17f1241,215,E1_STATIC,LIRCMOP4,JMETALPY_1_7_NSGAII_STATIC_CMOEA,5,COMPLETE,NOT_COMPUTED_NO_EXECUTED_EVENTS,,0,0,0,0,1
r8c-0216-ef4273022ed2e34e,216,E1_STATIC,LIRCMOP4,F22_MG_STATIC,6,COMPLETE,NOT_COMPUTED_NO_EXECUTED_EVENTS,,0,0,0,0,1
r8c-0217-c019902316362c7e,217,E1_STATIC,LIRCMOP4,MATCHED_FIXED_DE_PARETO,6,COMPLETE,NOT_COMPUTED_NO_EXECUTED_EVENTS,,0,0,0,0,1
r8c-0218-e727d45ac01558bd,218,E1_STATIC,LIRCMOP4,MATCHED_JDE_STYLE_PARETO,6,COMPLETE,NOT_COMPUTED_NO_EXECUTED_EVENTS,,0,0,0,0,1
r8c-0219-1c74a0fe082a4ced,219,E1_STATIC,LIRCMOP4,MATCHED_SHADE_STYLE_PARETO,6,COMPLETE,NOT_COMPUTED_NO_EXECUTED_EVENTS,,0,0,0,0,1
r8c-0220-c1b2a56216bf2671,220,E1_STATIC,LIRCMOP4,JMETALPY_1_7_GDE3_STANDARD_PARETO_DE,6,COMPLETE,NOT_COMPUTED_NO_EXECUTED_EVENTS,,0,0,0,0,1
r8c-0221-a38d34c46729ccb1,221,E1_STATIC,LIRCMOP4,JMETALPY_1_7_NSGAII_STATIC_CMOEA,6,COMPLETE,NOT_COMPUTED_NO_EXECUTED_EVENTS,,0,0,0,0,1
r8c-0222-a4bd844d57b908e4,222,E1_STATIC,LIRCMOP4,F22_MG_STATIC,7,COMPLETE,NOT_COMPUTED_NO_EXECUTED_EVENTS,,0,0,0,0,1
r8c-0223-b864eee9088e68a9,223,E1_STATIC,LIRCMOP4,MATCHED_FIXED_DE_PARETO,7,COMPLETE,NOT_COMPUTED_NO_EXECUTED_EVENTS,,0,0,0,0,1
r8c-0224-396d3693387591db,224,E1_STATIC,LIRCMOP4,MATCHED_JDE_STYLE_PARETO,7,COMPLETE,NOT_COMPUTED_NO_EXECUTED_EVENTS,,0,0,0,0,1
r8c-0225-76f6adfdeb8572c8,225,E1_STATIC,LIRCMOP4,MATCHED_SHADE_STYLE_PARETO,7,COMPLETE,NOT_COMPUTED_NO_EXECUTED_EVENTS,,0,0,0,0,1
r8c-0226-cc95451ddad258ec,226,E1_STATIC,LIRCMOP4,JMETALPY_1_7_GDE3_STANDARD_PARETO_DE,7,COMPLETE,NOT_COMPUTED_NO_EXECUTED_EVENTS,,0,0,0,0,1
r8c-0227-c64a370b422def70,227,E1_STATIC,LIRCMOP4,JMETALPY_1_7_NSGAII_STATIC_CMOEA,7,COMPLETE,NOT_COMPUTED_NO_EXECUTED_EVENTS,,0,0,0,0,1
r8c-0228-aa1adce5712534f1,228,E1_STATIC,LIRCMOP4,F22_MG_STATIC,8,COMPLETE,NOT_COMPUTED_NO_EXECUTED_EVENTS,,0,0,0,0,1
r8c-0229-d0e15eed40aa9f3c,229,E1_STATIC,LIRCMOP4,MATCHED_FIXED_DE_PARETO,8,COMPLETE,NOT_COMPUTED_NO_EXECUTED_EVENTS,,0,0,0,0,1
r8c-0230-8dc57e47ba60bbff,230,E1_STATIC,LIRCMOP4,MATCHED_JDE_STYLE_PARETO,8,COMPLETE,NOT_COMPUTED_NO_EXECUTED_EVENTS,,0,0,0,0,1
r8c-0231-ca53f9c762d43fa1,231,E1_STATIC,LIRCMOP4,MATCHED_SHADE_STYLE_PARETO,8,COMPLETE,NOT_COMPUTED_NO_EXECUTED_EVENTS,,0,0,0,0,1
r8c-0232-01ab6e96b80b3b03,232,E1_STATIC,LIRCMOP4,JMETALPY_1_7_GDE3_STANDARD_PARETO_DE,8,COMPLETE,NOT_COMPUTED_NO_EXECUTED_EVENTS,,0,0,0,0,1
r8c-0233-6b7794ca9bff1069,233,E1_STATIC,LIRCMOP4,JMETALPY_1_7_NSGAII_STATIC_CMOEA,8,COMPLETE,NOT_COMPUTED_NO_EXECUTED_EVENTS,,0,0,0,0,1
r8c-0234-233e26e81790733c,234,E1_STATIC,LIRCMOP4,F22_MG_STATIC,9,COMPLETE,NOT_COMPUTED_NO_EXECUTED_EVENTS,,0,0,0,0,1
r8c-0235-c5d0f665dd3ec747,235,E1_STATIC,LIRCMOP4,MATCHED_FIXED_DE_PARETO,9,COMPLETE,NOT_COMPUTED_NO_EXECUTED_EVENTS,,0,0,0,0,1
r8c-0236-8819d8f57c19c0af,236,E1_STATIC,LIRCMOP4,MATCHED_JDE_STYLE_PARETO,9,COMPLETE,NOT_COMPUTED_NO_EXECUTED_EVENTS,,0,0,0,0,1
r8c-0237-5b27a21a6d66eca6,237,E1_STATIC,LIRCMOP4,MATCHED_SHADE_STYLE_PARETO,9,COMPLETE,NOT_COMPUTED_NO_EXECUTED_EVENTS,,0,0,0,0,1
r8c-0238-e217cc3b42c1ccbf,238,E1_STATIC,LIRCMOP4,JMETALPY_1_7_GDE3_STANDARD_PARETO_DE,9,COMPLETE,NOT_COMPUTED_NO_EXECUTED_EVENTS,,0,0,0,0,1
r8c-0239-35b576708c17bd22,239,E1_STATIC,LIRCMOP4,JMETALPY_1_7_NSGAII_STATIC_CMOEA,9,COMPLETE,NOT_COMPUTED_NO_EXECUTED_EVENTS,,0,0,0,0,1
r8c-0240-28ae4f8f86aa962c,240,E1_STATIC,LIRCMOP5,F22_MG_STATIC,0,COMPLETE,NOT_COMPUTED_NO_EXECUTED_EVENTS,,0,0,0,0,1
r8c-0241-d33e77ce70f17327,241,E1_STATIC,LIRCMOP5,MATCHED_FIXED_DE_PARETO,0,COMPLETE,NOT_COMPUTED_NO_EXECUTED_EVENTS,,0,0,0,0,1
r8c-0242-ac52070d478169e9,242,E1_STATIC,LIRCMOP5,MATCHED_JDE_STYLE_PARETO,0,COMPLETE,NOT_COMPUTED_NO_EXECUTED_EVENTS,,0,0,0,0,1
r8c-0243-9be115e7531157f6,243,E1_STATIC,LIRCMOP5,MATCHED_SHADE_STYLE_PARETO,0,COMPLETE,NOT_COMPUTED_NO_EXECUTED_EVENTS,,0,0,0,0,1
r8c-0244-a8f12ef77a0dbc32,244,E1_STATIC,LIRCMOP5,JMETALPY_1_7_GDE3_STANDARD_PARETO_DE,0,COMPLETE,NOT_COMPUTED_NO_EXECUTED_EVENTS,,0,0,0,0,1
r8c-0245-9462f72c6f6aaae1,245,E1_STATIC,LIRCMOP5,JMETALPY_1_7_NSGAII_STATIC_CMOEA,0,COMPLETE,NOT_COMPUTED_NO_EXECUTED_EVENTS,,0,0,0,0,1
r8c-0246-dc32b0c74b6278af,246,E1_STATIC,LIRCMOP5,F22_MG_STATIC,1,COMPLETE,NOT_COMPUTED_NO_EXECUTED_EVENTS,,0,0,0,0,1
r8c-0247-d84751a533aca248,247,E1_STATIC,LIRCMOP5,MATCHED_FIXED_DE_PARETO,1,COMPLETE,NOT_COMPUTED_NO_EXECUTED_EVENTS,,0,0,0,0,1
r8c-0248-30ffaa0fede7ed34,248,E1_STATIC,LIRCMOP5,MATCHED_JDE_STYLE_PARETO,1,COMPLETE,NOT_COMPUTED_NO_EXECUTED_EVENTS,,0,0,0,0,1
r8c-0249-5899eec39f0e4f11,249,E1_STATIC,LIRCMOP5,MATCHED_SHADE_STYLE_PARETO,1,COMPLETE,NOT_COMPUTED_NO_EXECUTED_EVENTS,,0,0,0,0,1
r8c-0250-1123103cf4f0e0f7,250,E1_STATIC,LIRCMOP5,JMETALPY_1_7_GDE3_STANDARD_PARETO_DE,1,COMPLETE,NOT_COMPUTED_NO_EXECUTED_EVENTS,,0,0,0,0,1
r8c-0251-b5f0c438b0ee63ed,251,E1_STATIC,LIRCMOP5,JMETALPY_1_7_NSGAII_STATIC_CMOEA,1,COMPLETE,NOT_COMPUTED_NO_EXECUTED_EVENTS,,0,0,0,0,1
r8c-0252-dfdce53b65794fc6,252,E1_STATIC,LIRCMOP5,F22_MG_STATIC,2,COMPLETE,NOT_COMPUTED_NO_EXECUTED_EVENTS,,0,0,0,0,1
r8c-0253-1f455e2473c04b99,253,E1_STATIC,LIRCMOP5,MATCHED_FIXED_DE_PARETO,2,COMPLETE,NOT_COMPUTED_NO_EXECUTED_EVENTS,,0,0,0,0,1
r8c-0254-515c040b15c3e005,254,E1_STATIC,LIRCMOP5,MATCHED_JDE_STYLE_PARETO,2,COMPLETE,NOT_COMPUTED_NO_EXECUTED_EVENTS,,0,0,0,0,1
r8c-0255-24d11ccc3bea0926,255,E1_STATIC,LIRCMOP5,MATCHED_SHADE_STYLE_PARETO,2,COMPLETE,NOT_COMPUTED_NO_EXECUTED_EVENTS,,0,0,0,0,1
r8c-0256-fc9d151753e79831,256,E1_STATIC,LIRCMOP5,JMETALPY_1_7_GDE3_STANDARD_PARETO_DE,2,COMPLETE,NOT_COMPUTED_NO_EXECUTED_EVENTS,,0,0,0,0,1
r8c-0257-3b0bf9ae18fe87da,257,E1_STATIC,LIRCMOP5,JMETALPY_1_7_NSGAII_STATIC_CMOEA,2,COMPLETE,NOT_COMPUTED_NO_EXECUTED_EVENTS,,0,0,0,0,1
r8c-0258-06b314ec5d6fc1f9,258,E1_STATIC,LIRCMOP5,F22_MG_STATIC,3,COMPLETE,NOT_COMPUTED_NO_EXECUTED_EVENTS,,0,0,0,0,1
r8c-0259-430b434ee58d8f8a,259,E1_STATIC,LIRCMOP5,MATCHED_FIXED_DE_PARETO,3,COMPLETE,NOT_COMPUTED_NO_EXECUTED_EVENTS,,0,0,0,0,1
r8c-0260-ea8ba857cb41b9ad,260,E1_STATIC,LIRCMOP5,MATCHED_JDE_STYLE_PARETO,3,COMPLETE,NOT_COMPUTED_NO_EXECUTED_EVENTS,,0,0,0,0,1
r8c-0261-f09d008faf64a425,261,E1_STATIC,LIRCMOP5,MATCHED_SHADE_STYLE_PARETO,3,COMPLETE,NOT_COMPUTED_NO_EXECUTED_EVENTS,,0,0,0,0,1
r8c-0262-7dd596a034750bb6,262,E1_STATIC,LIRCMOP5,JMETALPY_1_7_GDE3_STANDARD_PARETO_DE,3,COMPLETE,NOT_COMPUTED_NO_EXECUTED_EVENTS,,0,0,0,0,1
r8c-0263-6d50a9445a70b966,263,E1_STATIC,LIRCMOP5,JMETALPY_1_7_NSGAII_STATIC_CMOEA,3,COMPLETE,NOT_COMPUTED_NO_EXECUTED_EVENTS,,0,0,0,0,1
r8c-0264-1ca1a3a9675900d0,264,E1_STATIC,LIRCMOP5,F22_MG_STATIC,4,COMPLETE,NOT_COMPUTED_NO_EXECUTED_EVENTS,,0,0,0,0,1
r8c-0265-037b3e4ac5a092fe,265,E1_STATIC,LIRCMOP5,MATCHED_FIXED_DE_PARETO,4,COMPLETE,NOT_COMPUTED_NO_EXECUTED_EVENTS,,0,0,0,0,1
r8c-0266-4500c29d90ae3934,266,E1_STATIC,LIRCMOP5,MATCHED_JDE_STYLE_PARETO,4,COMPLETE,NOT_COMPUTED_NO_EXECUTED_EVENTS,,0,0,0,0,1
r8c-0267-03ab969fe5170e94,267,E1_STATIC,LIRCMOP5,MATCHED_SHADE_STYLE_PARETO,4,COMPLETE,NOT_COMPUTED_NO_EXECUTED_EVENTS,,0,0,0,0,1
r8c-0268-c6438e666ba9c8bc,268,E1_STATIC,LIRCMOP5,JMETALPY_1_7_GDE3_STANDARD_PARETO_DE,4,COMPLETE,NOT_COMPUTED_NO_EXECUTED_EVENTS,,0,0,0,0,1
r8c-0269-b8d3d8d5f91cb1fb,269,E1_STATIC,LIRCMOP5,JMETALPY_1_7_NSGAII_STATIC_CMOEA,4,COMPLETE,NOT_COMPUTED_NO_EXECUTED_EVENTS,,0,0,0,0,1
r8c-0270-a22295156b45962f,270,E1_STATIC,LIRCMOP5,F22_MG_STATIC,5,COMPLETE,NOT_COMPUTED_NO_EXECUTED_EVENTS,,0,0,0,0,1
r8c-0271-eb840be4e7223a4e,271,E1_STATIC,LIRCMOP5,MATCHED_FIXED_DE_PARETO,5,COMPLETE,NOT_COMPUTED_NO_EXECUTED_EVENTS,,0,0,0,0,1
r8c-0272-cfd71b083abf8b62,272,E1_STATIC,LIRCMOP5,MATCHED_JDE_STYLE_PARETO,5,COMPLETE,NOT_COMPUTED_NO_EXECUTED_EVENTS,,0,0,0,0,1
r8c-0273-72a6634a596ca134,273,E1_STATIC,LIRCMOP5,MATCHED_SHADE_STYLE_PARETO,5,COMPLETE,NOT_COMPUTED_NO_EXECUTED_EVENTS,,0,0,0,0,1
r8c-0274-708a80e0bd27d6d7,274,E1_STATIC,LIRCMOP5,JMETALPY_1_7_GDE3_STANDARD_PARETO_DE,5,COMPLETE,NOT_COMPUTED_NO_EXECUTED_EVENTS,,0,0,0,0,1
r8c-0275-100f214222fdf647,275,E1_STATIC,LIRCMOP5,JMETALPY_1_7_NSGAII_STATIC_CMOEA,5,COMPLETE,NOT_COMPUTED_NO_EXECUTED_EVENTS,,0,0,0,0,1
r8c-0276-e299cde0bc66ba7d,276,E1_STATIC,LIRCMOP5,F22_MG_STATIC,6,COMPLETE,NOT_COMPUTED_NO_EXECUTED_EVENTS,,0,0,0,0,1
r8c-0277-8fbc7fd15f355f1d,277,E1_STATIC,LIRCMOP5,MATCHED_FIXED_DE_PARETO,6,COMPLETE,NOT_COMPUTED_NO_EXECUTED_EVENTS,,0,0,0,0,1
r8c-0278-9f61690f55ccf217,278,E1_STATIC,LIRCMOP5,MATCHED_JDE_STYLE_PARETO,6,COMPLETE,NOT_COMPUTED_NO_EXECUTED_EVENTS,,0,0,0,0,1
r8c-0279-f8217710a91b2925,279,E1_STATIC,LIRCMOP5,MATCHED_SHADE_STYLE_PARETO,6,COMPLETE,NOT_COMPUTED_NO_EXECUTED_EVENTS,,0,0,0,0,1
r8c-0280-df9db0e3b4f420c8,280,E1_STATIC,LIRCMOP5,JMETALPY_1_7_GDE3_STANDARD_PARETO_DE,6,COMPLETE,NOT_COMPUTED_NO_EXECUTED_EVENTS,,0,0,0,0,1
r8c-0281-a17a1a9dd9ac2101,281,E1_STATIC,LIRCMOP5,JMETALPY_1_7_NSGAII_STATIC_CMOEA,6,COMPLETE,NOT_COMPUTED_NO_EXECUTED_EVENTS,,0,0,0,0,1
r8c-0282-c41bd62a94ab53e1,282,E1_STATIC,LIRCMOP5,F22_MG_STATIC,7,COMPLETE,NOT_COMPUTED_NO_EXECUTED_EVENTS,,0,0,0,0,1
r8c-0283-c36a1b73f61bdab7,283,E1_STATIC,LIRCMOP5,MATCHED_FIXED_DE_PARETO,7,COMPLETE,NOT_COMPUTED_NO_EXECUTED_EVENTS,,0,0,0,0,1
r8c-0284-597eaa5b698c31c5,284,E1_STATIC,LIRCMOP5,MATCHED_JDE_STYLE_PARETO,7,COMPLETE,NOT_COMPUTED_NO_EXECUTED_EVENTS,,0,0,0,0,1
r8c-0285-f5f8709126bc286b,285,E1_STATIC,LIRCMOP5,MATCHED_SHADE_STYLE_PARETO,7,COMPLETE,NOT_COMPUTED_NO_EXECUTED_EVENTS,,0,0,0,0,1
r8c-0286-ecb4038103ef2a5b,286,E1_STATIC,LIRCMOP5,JMETALPY_1_7_GDE3_STANDARD_PARETO_DE,7,COMPLETE,NOT_COMPUTED_NO_EXECUTED_EVENTS,,0,0,0,0,1
r8c-0287-e86b34d3e03d9658,287,E1_STATIC,LIRCMOP5,JMETALPY_1_7_NSGAII_STATIC_CMOEA,7,COMPLETE,NOT_COMPUTED_NO_EXECUTED_EVENTS,,0,0,0,0,1
r8c-0288-b560554ece77962c,288,E1_STATIC,LIRCMOP5,F22_MG_STATIC,8,COMPLETE,NOT_COMPUTED_NO_EXECUTED_EVENTS,,0,0,0,0,1
r8c-0289-37579be80630d247,289,E1_STATIC,LIRCMOP5,MATCHED_FIXED_DE_PARETO,8,COMPLETE,NOT_COMPUTED_NO_EXECUTED_EVENTS,,0,0,0,0,1
r8c-0290-a378c83fb08b03bf,290,E1_STATIC,LIRCMOP5,MATCHED_JDE_STYLE_PARETO,8,COMPLETE,NOT_COMPUTED_NO_EXECUTED_EVENTS,,0,0,0,0,1
r8c-0291-953103ccaec4e7c9,291,E1_STATIC,LIRCMOP5,MATCHED_SHADE_STYLE_PARETO,8,COMPLETE,NOT_COMPUTED_NO_EXECUTED_EVENTS,,0,0,0,0,1
r8c-0292-814f80e4a557ceed,292,E1_STATIC,LIRCMOP5,JMETALPY_1_7_GDE3_STANDARD_PARETO_DE,8,COMPLETE,NOT_COMPUTED_NO_EXECUTED_EVENTS,,0,0,0,0,1
r8c-0293-549e521907aebcf2,293,E1_STATIC,LIRCMOP5,JMETALPY_1_7_NSGAII_STATIC_CMOEA,8,COMPLETE,NOT_COMPUTED_NO_EXECUTED_EVENTS,,0,0,0,0,1
r8c-0294-5bd9b55f61ec729f,294,E1_STATIC,LIRCMOP5,F22_MG_STATIC,9,COMPLETE,NOT_COMPUTED_NO_EXECUTED_EVENTS,,0,0,0,0,1
r8c-0295-043744cf0d17e38e,295,E1_STATIC,LIRCMOP5,MATCHED_FIXED_DE_PARETO,9,COMPLETE,NOT_COMPUTED_NO_EXECUTED_EVENTS,,0,0,0,0,1
r8c-0296-681eae6f1f513715,296,E1_STATIC,LIRCMOP5,MATCHED_JDE_STYLE_PARETO,9,COMPLETE,NOT_COMPUTED_NO_EXECUTED_EVENTS,,0,0,0,0,1
r8c-0297-be20547bb672a38a,297,E1_STATIC,LIRCMOP5,MATCHED_SHADE_STYLE_PARETO,9,COMPLETE,NOT_COMPUTED_NO_EXECUTED_EVENTS,,0,0,0,0,1
r8c-0298-5aa27fc493e0534a,298,E1_STATIC,LIRCMOP5,JMETALPY_1_7_GDE3_STANDARD_PARETO_DE,9,COMPLETE,NOT_COMPUTED_NO_EXECUTED_EVENTS,,0,0,0,0,1
r8c-0299-5b6f3377e8bd5e9a,299,E1_STATIC,LIRCMOP5,JMETALPY_1_7_NSGAII_STATIC_CMOEA,9,COMPLETE,NOT_COMPUTED_NO_EXECUTED_EVENTS,,0,0,0,0,1
r8c-0300-ecde2f7308c0ab69,300,E1_STATIC,LIRCMOP6,F22_MG_STATIC,0,COMPLETE,NOT_COMPUTED_NO_EXECUTED_EVENTS,,0,0,0,0,1
r8c-0301-e78e6b5e0866c8bc,301,E1_STATIC,LIRCMOP6,MATCHED_FIXED_DE_PARETO,0,COMPLETE,NOT_COMPUTED_NO_EXECUTED_EVENTS,,0,0,0,0,1
r8c-0302-d12911cd24fa37ff,302,E1_STATIC,LIRCMOP6,MATCHED_JDE_STYLE_PARETO,0,COMPLETE,NOT_COMPUTED_NO_EXECUTED_EVENTS,,0,0,0,0,1
r8c-0303-c2d746c04e031355,303,E1_STATIC,LIRCMOP6,MATCHED_SHADE_STYLE_PARETO,0,COMPLETE,NOT_COMPUTED_NO_EXECUTED_EVENTS,,0,0,0,0,1
r8c-0304-272dfe851a4b36fc,304,E1_STATIC,LIRCMOP6,JMETALPY_1_7_GDE3_STANDARD_PARETO_DE,0,COMPLETE,NOT_COMPUTED_NO_EXECUTED_EVENTS,,0,0,0,0,1
r8c-0305-54f7fc7eb1e2595a,305,E1_STATIC,LIRCMOP6,JMETALPY_1_7_NSGAII_STATIC_CMOEA,0,COMPLETE,NOT_COMPUTED_NO_EXECUTED_EVENTS,,0,0,0,0,1
r8c-0306-55a9d7a8a7b0fabf,306,E1_STATIC,LIRCMOP6,F22_MG_STATIC,1,COMPLETE,NOT_COMPUTED_NO_EXECUTED_EVENTS,,0,0,0,0,1
r8c-0307-8e3abd13d6bf4d90,307,E1_STATIC,LIRCMOP6,MATCHED_FIXED_DE_PARETO,1,COMPLETE,NOT_COMPUTED_NO_EXECUTED_EVENTS,,0,0,0,0,1
r8c-0308-4a37a2129849532e,308,E1_STATIC,LIRCMOP6,MATCHED_JDE_STYLE_PARETO,1,COMPLETE,NOT_COMPUTED_NO_EXECUTED_EVENTS,,0,0,0,0,1
r8c-0309-534032a17a9a9dae,309,E1_STATIC,LIRCMOP6,MATCHED_SHADE_STYLE_PARETO,1,COMPLETE,NOT_COMPUTED_NO_EXECUTED_EVENTS,,0,0,0,0,1
r8c-0310-bbdfd39bd8c43554,310,E1_STATIC,LIRCMOP6,JMETALPY_1_7_GDE3_STANDARD_PARETO_DE,1,COMPLETE,NOT_COMPUTED_NO_EXECUTED_EVENTS,,0,0,0,0,1
r8c-0311-9ebb006b21cf102f,311,E1_STATIC,LIRCMOP6,JMETALPY_1_7_NSGAII_STATIC_CMOEA,1,COMPLETE,NOT_COMPUTED_NO_EXECUTED_EVENTS,,0,0,0,0,1
r8c-0312-c2e949def9ebe064,312,E1_STATIC,LIRCMOP6,F22_MG_STATIC,2,COMPLETE,NOT_COMPUTED_NO_EXECUTED_EVENTS,,0,0,0,0,1
r8c-0313-0aa5f20b0777243f,313,E1_STATIC,LIRCMOP6,MATCHED_FIXED_DE_PARETO,2,COMPLETE,NOT_COMPUTED_NO_EXECUTED_EVENTS,,0,0,0,0,1
r8c-0314-ee04c93d2850d91f,314,E1_STATIC,LIRCMOP6,MATCHED_JDE_STYLE_PARETO,2,COMPLETE,NOT_COMPUTED_NO_EXECUTED_EVENTS,,0,0,0,0,1
r8c-0315-e97dbc08b9f641c2,315,E1_STATIC,LIRCMOP6,MATCHED_SHADE_STYLE_PARETO,2,COMPLETE,NOT_COMPUTED_NO_EXECUTED_EVENTS,,0,0,0,0,1
r8c-0316-7abe30290496e45c,316,E1_STATIC,LIRCMOP6,JMETALPY_1_7_GDE3_STANDARD_PARETO_DE,2,COMPLETE,NOT_COMPUTED_NO_EXECUTED_EVENTS,,0,0,0,0,1
r8c-0317-01bce51027955184,317,E1_STATIC,LIRCMOP6,JMETALPY_1_7_NSGAII_STATIC_CMOEA,2,COMPLETE,NOT_COMPUTED_NO_EXECUTED_EVENTS,,0,0,0,0,1
r8c-0318-4e65e4573307e39a,318,E1_STATIC,LIRCMOP6,F22_MG_STATIC,3,COMPLETE,NOT_COMPUTED_NO_EXECUTED_EVENTS,,0,0,0,0,1
r8c-0319-269c47dc21ba04f4,319,E1_STATIC,LIRCMOP6,MATCHED_FIXED_DE_PARETO,3,COMPLETE,NOT_COMPUTED_NO_EXECUTED_EVENTS,,0,0,0,0,1
r8c-0320-77f5d40b30c4846a,320,E1_STATIC,LIRCMOP6,MATCHED_JDE_STYLE_PARETO,3,COMPLETE,NOT_COMPUTED_NO_EXECUTED_EVENTS,,0,0,0,0,1
r8c-0321-cda8cb20e6f67a2c,321,E1_STATIC,LIRCMOP6,MATCHED_SHADE_STYLE_PARETO,3,COMPLETE,NOT_COMPUTED_NO_EXECUTED_EVENTS,,0,0,0,0,1
r8c-0322-b2dc88d91d1a65f2,322,E1_STATIC,LIRCMOP6,JMETALPY_1_7_GDE3_STANDARD_PARETO_DE,3,COMPLETE,NOT_COMPUTED_NO_EXECUTED_EVENTS,,0,0,0,0,1
r8c-0323-e0cfc667151f8703,323,E1_STATIC,LIRCMOP6,JMETALPY_1_7_NSGAII_STATIC_CMOEA,3,COMPLETE,NOT_COMPUTED_NO_EXECUTED_EVENTS,,0,0,0,0,1
r8c-0324-46d72d9cd8754a8b,324,E1_STATIC,LIRCMOP6,F22_MG_STATIC,4,COMPLETE,NOT_COMPUTED_NO_EXECUTED_EVENTS,,0,0,0,0,1
r8c-0325-a5e6ac3208cc36db,325,E1_STATIC,LIRCMOP6,MATCHED_FIXED_DE_PARETO,4,COMPLETE,NOT_COMPUTED_NO_EXECUTED_EVENTS,,0,0,0,0,1
r8c-0326-4508234d8b065c6c,326,E1_STATIC,LIRCMOP6,MATCHED_JDE_STYLE_PARETO,4,COMPLETE,NOT_COMPUTED_NO_EXECUTED_EVENTS,,0,0,0,0,1
r8c-0327-59eb866902b35ba7,327,E1_STATIC,LIRCMOP6,MATCHED_SHADE_STYLE_PARETO,4,COMPLETE,NOT_COMPUTED_NO_EXECUTED_EVENTS,,0,0,0,0,1
r8c-0328-ada7a968122bf069,328,E1_STATIC,LIRCMOP6,JMETALPY_1_7_GDE3_STANDARD_PARETO_DE,4,COMPLETE,NOT_COMPUTED_NO_EXECUTED_EVENTS,,0,0,0,0,1
r8c-0329-7bf62474889e69d6,329,E1_STATIC,LIRCMOP6,JMETALPY_1_7_NSGAII_STATIC_CMOEA,4,COMPLETE,NOT_COMPUTED_NO_EXECUTED_EVENTS,,0,0,0,0,1
r8c-0330-4e9cc5f50b25c5b8,330,E1_STATIC,LIRCMOP6,F22_MG_STATIC,5,COMPLETE,NOT_COMPUTED_NO_EXECUTED_EVENTS,,0,0,0,0,1
r8c-0331-d03cb70c1088cc05,331,E1_STATIC,LIRCMOP6,MATCHED_FIXED_DE_PARETO,5,COMPLETE,NOT_COMPUTED_NO_EXECUTED_EVENTS,,0,0,0,0,1
r8c-0332-d554da043abd21bc,332,E1_STATIC,LIRCMOP6,MATCHED_JDE_STYLE_PARETO,5,COMPLETE,NOT_COMPUTED_NO_EXECUTED_EVENTS,,0,0,0,0,1
r8c-0333-d9213ad935c3fae5,333,E1_STATIC,LIRCMOP6,MATCHED_SHADE_STYLE_PARETO,5,COMPLETE,NOT_COMPUTED_NO_EXECUTED_EVENTS,,0,0,0,0,1
r8c-0334-b882929e42058704,334,E1_STATIC,LIRCMOP6,JMETALPY_1_7_GDE3_STANDARD_PARETO_DE,5,COMPLETE,NOT_COMPUTED_NO_EXECUTED_EVENTS,,0,0,0,0,1
r8c-0335-4d05367d60c68612,335,E1_STATIC,LIRCMOP6,JMETALPY_1_7_NSGAII_STATIC_CMOEA,5,COMPLETE,NOT_COMPUTED_NO_EXECUTED_EVENTS,,0,0,0,0,1
r8c-0336-b0d1647ed5a8c0f0,336,E1_STATIC,LIRCMOP6,F22_MG_STATIC,6,COMPLETE,NOT_COMPUTED_NO_EXECUTED_EVENTS,,0,0,0,0,1
r8c-0337-ef8703cd5393a9ee,337,E1_STATIC,LIRCMOP6,MATCHED_FIXED_DE_PARETO,6,COMPLETE,NOT_COMPUTED_NO_EXECUTED_EVENTS,,0,0,0,0,1
r8c-0338-877c8452782514d1,338,E1_STATIC,LIRCMOP6,MATCHED_JDE_STYLE_PARETO,6,COMPLETE,NOT_COMPUTED_NO_EXECUTED_EVENTS,,0,0,0,0,1
r8c-0339-b5bc1bdca8fe26fb,339,E1_STATIC,LIRCMOP6,MATCHED_SHADE_STYLE_PARETO,6,COMPLETE,NOT_COMPUTED_NO_EXECUTED_EVENTS,,0,0,0,0,1
r8c-0340-6caacae2aaadcc37,340,E1_STATIC,LIRCMOP6,JMETALPY_1_7_GDE3_STANDARD_PARETO_DE,6,COMPLETE,NOT_COMPUTED_NO_EXECUTED_EVENTS,,0,0,0,0,1
r8c-0341-ebfd6f88bdb48c8b,341,E1_STATIC,LIRCMOP6,JMETALPY_1_7_NSGAII_STATIC_CMOEA,6,COMPLETE,NOT_COMPUTED_NO_EXECUTED_EVENTS,,0,0,0,0,1
r8c-0342-f6d95b020b8e2839,342,E1_STATIC,LIRCMOP6,F22_MG_STATIC,7,COMPLETE,NOT_COMPUTED_NO_EXECUTED_EVENTS,,0,0,0,0,1
r8c-0343-4cd5da46e6de019c,343,E1_STATIC,LIRCMOP6,MATCHED_FIXED_DE_PARETO,7,COMPLETE,NOT_COMPUTED_NO_EXECUTED_EVENTS,,0,0,0,0,1
r8c-0344-e5c6d84d08cbd0f7,344,E1_STATIC,LIRCMOP6,MATCHED_JDE_STYLE_PARETO,7,COMPLETE,NOT_COMPUTED_NO_EXECUTED_EVENTS,,0,0,0,0,1
r8c-0345-7d444be984ca4e3b,345,E1_STATIC,LIRCMOP6,MATCHED_SHADE_STYLE_PARETO,7,COMPLETE,NOT_COMPUTED_NO_EXECUTED_EVENTS,,0,0,0,0,1
r8c-0346-aff2214dd60f43a7,346,E1_STATIC,LIRCMOP6,JMETALPY_1_7_GDE3_STANDARD_PARETO_DE,7,COMPLETE,NOT_COMPUTED_NO_EXECUTED_EVENTS,,0,0,0,0,1
r8c-0347-1fa3f2bc6d7103f4,347,E1_STATIC,LIRCMOP6,JMETALPY_1_7_NSGAII_STATIC_CMOEA,7,COMPLETE,NOT_COMPUTED_NO_EXECUTED_EVENTS,,0,0,0,0,1
r8c-0348-601b39b95c7fa1cd,348,E1_STATIC,LIRCMOP6,F22_MG_STATIC,8,COMPLETE,NOT_COMPUTED_NO_EXECUTED_EVENTS,,0,0,0,0,1
r8c-0349-4426190d2cb3fae1,349,E1_STATIC,LIRCMOP6,MATCHED_FIXED_DE_PARETO,8,COMPLETE,NOT_COMPUTED_NO_EXECUTED_EVENTS,,0,0,0,0,1
r8c-0350-84a6875e808e0d5a,350,E1_STATIC,LIRCMOP6,MATCHED_JDE_STYLE_PARETO,8,COMPLETE,NOT_COMPUTED_NO_EXECUTED_EVENTS,,0,0,0,0,1
r8c-0351-875111d414f51b7b,351,E1_STATIC,LIRCMOP6,MATCHED_SHADE_STYLE_PARETO,8,COMPLETE,NOT_COMPUTED_NO_EXECUTED_EVENTS,,0,0,0,0,1
r8c-0352-5177990836c09874,352,E1_STATIC,LIRCMOP6,JMETALPY_1_7_GDE3_STANDARD_PARETO_DE,8,COMPLETE,NOT_COMPUTED_NO_EXECUTED_EVENTS,,0,0,0,0,1
r8c-0353-16c50f77dea70166,353,E1_STATIC,LIRCMOP6,JMETALPY_1_7_NSGAII_STATIC_CMOEA,8,COMPLETE,NOT_COMPUTED_NO_EXECUTED_EVENTS,,0,0,0,0,1
r8c-0354-8c311c0920861ea7,354,E1_STATIC,LIRCMOP6,F22_MG_STATIC,9,COMPLETE,NOT_COMPUTED_NO_EXECUTED_EVENTS,,0,0,0,0,1
r8c-0355-cd0100370d0f0750,355,E1_STATIC,LIRCMOP6,MATCHED_FIXED_DE_PARETO,9,COMPLETE,NOT_COMPUTED_NO_EXECUTED_EVENTS,,0,0,0,0,1
r8c-0356-517dd640c0c0b8e3,356,E1_STATIC,LIRCMOP6,MATCHED_JDE_STYLE_PARETO,9,COMPLETE,NOT_COMPUTED_NO_EXECUTED_EVENTS,,0,0,0,0,1
r8c-0357-7c6ddb123d6d40a7,357,E1_STATIC,LIRCMOP6,MATCHED_SHADE_STYLE_PARETO,9,COMPLETE,NOT_COMPUTED_NO_EXECUTED_EVENTS,,0,0,0,0,1
r8c-0358-e43d5a10ba3eeee7,358,E1_STATIC,LIRCMOP6,JMETALPY_1_7_GDE3_STANDARD_PARETO_DE,9,COMPLETE,NOT_COMPUTED_NO_EXECUTED_EVENTS,,0,0,0,0,1
r8c-0359-8a27526b55191f42,359,E1_STATIC,LIRCMOP6,JMETALPY_1_7_NSGAII_STATIC_CMOEA,9,COMPLETE,NOT_COMPUTED_NO_EXECUTED_EVENTS,,0,0,0,0,1
r8c-0360-7309f9de6ab11c80,360,E1_STATIC,LIRCMOP7,F22_MG_STATIC,0,COMPLETE,NOT_COMPUTED_NO_EXECUTED_EVENTS,,0,0,0,0,1
r8c-0361-830656e798dde959,361,E1_STATIC,LIRCMOP7,MATCHED_FIXED_DE_PARETO,0,COMPLETE,NOT_COMPUTED_NO_EXECUTED_EVENTS,,0,0,0,0,1
r8c-0362-00d5fb196f407d01,362,E1_STATIC,LIRCMOP7,MATCHED_JDE_STYLE_PARETO,0,COMPLETE,NOT_COMPUTED_NO_EXECUTED_EVENTS,,0,0,0,0,1
r8c-0363-6ab2fe122154832f,363,E1_STATIC,LIRCMOP7,MATCHED_SHADE_STYLE_PARETO,0,COMPLETE,NOT_COMPUTED_NO_EXECUTED_EVENTS,,0,0,0,0,1
r8c-0364-4fe26d55d4d4a68a,364,E1_STATIC,LIRCMOP7,JMETALPY_1_7_GDE3_STANDARD_PARETO_DE,0,COMPLETE,NOT_COMPUTED_NO_EXECUTED_EVENTS,,0,0,0,0,1
r8c-0365-917fa17c444fcc7a,365,E1_STATIC,LIRCMOP7,JMETALPY_1_7_NSGAII_STATIC_CMOEA,0,COMPLETE,NOT_COMPUTED_NO_EXECUTED_EVENTS,,0,0,0,0,1
r8c-0366-6dcf75081799dec7,366,E1_STATIC,LIRCMOP7,F22_MG_STATIC,1,COMPLETE,NOT_COMPUTED_NO_EXECUTED_EVENTS,,0,0,0,0,1
r8c-0367-49637d624bd79e16,367,E1_STATIC,LIRCMOP7,MATCHED_FIXED_DE_PARETO,1,COMPLETE,NOT_COMPUTED_NO_EXECUTED_EVENTS,,0,0,0,0,1
r8c-0368-b2f13dbf37b1c486,368,E1_STATIC,LIRCMOP7,MATCHED_JDE_STYLE_PARETO,1,COMPLETE,NOT_COMPUTED_NO_EXECUTED_EVENTS,,0,0,0,0,1
r8c-0369-0aca8bf54d078672,369,E1_STATIC,LIRCMOP7,MATCHED_SHADE_STYLE_PARETO,1,COMPLETE,NOT_COMPUTED_NO_EXECUTED_EVENTS,,0,0,0,0,1
r8c-0370-0a13f9d3de9acfba,370,E1_STATIC,LIRCMOP7,JMETALPY_1_7_GDE3_STANDARD_PARETO_DE,1,COMPLETE,NOT_COMPUTED_NO_EXECUTED_EVENTS,,0,0,0,0,1
r8c-0371-63a40b71d4721ef3,371,E1_STATIC,LIRCMOP7,JMETALPY_1_7_NSGAII_STATIC_CMOEA,1,COMPLETE,NOT_COMPUTED_NO_EXECUTED_EVENTS,,0,0,0,0,1
r8c-0372-0a99b93cf4a4b3ef,372,E1_STATIC,LIRCMOP7,F22_MG_STATIC,2,COMPLETE,NOT_COMPUTED_NO_EXECUTED_EVENTS,,0,0,0,0,1
r8c-0373-f189b4739981e5d0,373,E1_STATIC,LIRCMOP7,MATCHED_FIXED_DE_PARETO,2,COMPLETE,NOT_COMPUTED_NO_EXECUTED_EVENTS,,0,0,0,0,1
r8c-0374-5d2c386fc1fc706f,374,E1_STATIC,LIRCMOP7,MATCHED_JDE_STYLE_PARETO,2,COMPLETE,NOT_COMPUTED_NO_EXECUTED_EVENTS,,0,0,0,0,1
r8c-0375-a792359fd3f760e2,375,E1_STATIC,LIRCMOP7,MATCHED_SHADE_STYLE_PARETO,2,COMPLETE,NOT_COMPUTED_NO_EXECUTED_EVENTS,,0,0,0,0,1
r8c-0376-3368f9f2f439f3f6,376,E1_STATIC,LIRCMOP7,JMETALPY_1_7_GDE3_STANDARD_PARETO_DE,2,COMPLETE,NOT_COMPUTED_NO_EXECUTED_EVENTS,,0,0,0,0,1
r8c-0377-9a2e6ac62b09f9cc,377,E1_STATIC,LIRCMOP7,JMETALPY_1_7_NSGAII_STATIC_CMOEA,2,COMPLETE,NOT_COMPUTED_NO_EXECUTED_EVENTS,,0,0,0,0,1
r8c-0378-58f8b7ea96fed1c3,378,E1_STATIC,LIRCMOP7,F22_MG_STATIC,3,COMPLETE,NOT_COMPUTED_NO_EXECUTED_EVENTS,,0,0,0,0,1
r8c-0379-65f5c12ce5d0310e,379,E1_STATIC,LIRCMOP7,MATCHED_FIXED_DE_PARETO,3,COMPLETE,NOT_COMPUTED_NO_EXECUTED_EVENTS,,0,0,0,0,1
r8c-0380-bfc937a753ee1aa4,380,E1_STATIC,LIRCMOP7,MATCHED_JDE_STYLE_PARETO,3,COMPLETE,NOT_COMPUTED_NO_EXECUTED_EVENTS,,0,0,0,0,1
r8c-0381-3ee6a4726255e6c5,381,E1_STATIC,LIRCMOP7,MATCHED_SHADE_STYLE_PARETO,3,COMPLETE,NOT_COMPUTED_NO_EXECUTED_EVENTS,,0,0,0,0,1
r8c-0382-6c666256ad010d6d,382,E1_STATIC,LIRCMOP7,JMETALPY_1_7_GDE3_STANDARD_PARETO_DE,3,COMPLETE,NOT_COMPUTED_NO_EXECUTED_EVENTS,,0,0,0,0,1
r8c-0383-46d41ec16c155b72,383,E1_STATIC,LIRCMOP7,JMETALPY_1_7_NSGAII_STATIC_CMOEA,3,COMPLETE,NOT_COMPUTED_NO_EXECUTED_EVENTS,,0,0,0,0,1
r8c-0384-fc119d7d84c1bcb5,384,E1_STATIC,LIRCMOP7,F22_MG_STATIC,4,COMPLETE,NOT_COMPUTED_NO_EXECUTED_EVENTS,,0,0,0,0,1
r8c-0385-3d8961398b19c116,385,E1_STATIC,LIRCMOP7,MATCHED_FIXED_DE_PARETO,4,COMPLETE,NOT_COMPUTED_NO_EXECUTED_EVENTS,,0,0,0,0,1
r8c-0386-3e8e44770d0a3a88,386,E1_STATIC,LIRCMOP7,MATCHED_JDE_STYLE_PARETO,4,COMPLETE,NOT_COMPUTED_NO_EXECUTED_EVENTS,,0,0,0,0,1
r8c-0387-cf2f084b2afe20f6,387,E1_STATIC,LIRCMOP7,MATCHED_SHADE_STYLE_PARETO,4,COMPLETE,NOT_COMPUTED_NO_EXECUTED_EVENTS,,0,0,0,0,1
r8c-0388-f896c0b73f953b73,388,E1_STATIC,LIRCMOP7,JMETALPY_1_7_GDE3_STANDARD_PARETO_DE,4,COMPLETE,NOT_COMPUTED_NO_EXECUTED_EVENTS,,0,0,0,0,1
r8c-0389-272ee48c12604a91,389,E1_STATIC,LIRCMOP7,JMETALPY_1_7_NSGAII_STATIC_CMOEA,4,COMPLETE,NOT_COMPUTED_NO_EXECUTED_EVENTS,,0,0,0,0,1
r8c-0390-76491222cccfd173,390,E1_STATIC,LIRCMOP7,F22_MG_STATIC,5,COMPLETE,NOT_COMPUTED_NO_EXECUTED_EVENTS,,0,0,0,0,1
r8c-0391-39e8e85cd8a43ddb,391,E1_STATIC,LIRCMOP7,MATCHED_FIXED_DE_PARETO,5,COMPLETE,NOT_COMPUTED_NO_EXECUTED_EVENTS,,0,0,0,0,1
r8c-0392-1830da1e19995b01,392,E1_STATIC,LIRCMOP7,MATCHED_JDE_STYLE_PARETO,5,COMPLETE,NOT_COMPUTED_NO_EXECUTED_EVENTS,,0,0,0,0,1
r8c-0393-8cc05b157461d19a,393,E1_STATIC,LIRCMOP7,MATCHED_SHADE_STYLE_PARETO,5,COMPLETE,NOT_COMPUTED_NO_EXECUTED_EVENTS,,0,0,0,0,1
r8c-0394-dd382f381faf0bba,394,E1_STATIC,LIRCMOP7,JMETALPY_1_7_GDE3_STANDARD_PARETO_DE,5,COMPLETE,NOT_COMPUTED_NO_EXECUTED_EVENTS,,0,0,0,0,1
r8c-0395-d32539ee05432834,395,E1_STATIC,LIRCMOP7,JMETALPY_1_7_NSGAII_STATIC_CMOEA,5,COMPLETE,NOT_COMPUTED_NO_EXECUTED_EVENTS,,0,0,0,0,1
r8c-0396-5f6cee49047ec625,396,E1_STATIC,LIRCMOP7,F22_MG_STATIC,6,COMPLETE,NOT_COMPUTED_NO_EXECUTED_EVENTS,,0,0,0,0,1
r8c-0397-ad801b662bc8bba1,397,E1_STATIC,LIRCMOP7,MATCHED_FIXED_DE_PARETO,6,COMPLETE,NOT_COMPUTED_NO_EXECUTED_EVENTS,,0,0,0,0,1
r8c-0398-458f7f0346b81a49,398,E1_STATIC,LIRCMOP7,MATCHED_JDE_STYLE_PARETO,6,COMPLETE,NOT_COMPUTED_NO_EXECUTED_EVENTS,,0,0,0,0,1
r8c-0399-4735a71cc54048c3,399,E1_STATIC,LIRCMOP7,MATCHED_SHADE_STYLE_PARETO,6,COMPLETE,NOT_COMPUTED_NO_EXECUTED_EVENTS,,0,0,0,0,1
r8c-0400-cd9745935fe0eff0,400,E1_STATIC,LIRCMOP7,JMETALPY_1_7_GDE3_STANDARD_PARETO_DE,6,COMPLETE,NOT_COMPUTED_NO_EXECUTED_EVENTS,,0,0,0,0,1
r8c-0401-c297d56d3a135d16,401,E1_STATIC,LIRCMOP7,JMETALPY_1_7_NSGAII_STATIC_CMOEA,6,COMPLETE,NOT_COMPUTED_NO_EXECUTED_EVENTS,,0,0,0,0,1
r8c-0402-b60c3ae95d8ba6ae,402,E1_STATIC,LIRCMOP7,F22_MG_STATIC,7,COMPLETE,NOT_COMPUTED_NO_EXECUTED_EVENTS,,0,0,0,0,1
r8c-0403-5c66c95c87cad5a5,403,E1_STATIC,LIRCMOP7,MATCHED_FIXED_DE_PARETO,7,COMPLETE,NOT_COMPUTED_NO_EXECUTED_EVENTS,,0,0,0,0,1
r8c-0404-486bb56b44cf65ad,404,E1_STATIC,LIRCMOP7,MATCHED_JDE_STYLE_PARETO,7,COMPLETE,NOT_COMPUTED_NO_EXECUTED_EVENTS,,0,0,0,0,1
r8c-0405-dd8a9d3d5bd81553,405,E1_STATIC,LIRCMOP7,MATCHED_SHADE_STYLE_PARETO,7,COMPLETE,NOT_COMPUTED_NO_EXECUTED_EVENTS,,0,0,0,0,1
r8c-0406-8cb42ee488d6ec8b,406,E1_STATIC,LIRCMOP7,JMETALPY_1_7_GDE3_STANDARD_PARETO_DE,7,COMPLETE,NOT_COMPUTED_NO_EXECUTED_EVENTS,,0,0,0,0,1
r8c-0407-49a160b710b08ace,407,E1_STATIC,LIRCMOP7,JMETALPY_1_7_NSGAII_STATIC_CMOEA,7,COMPLETE,NOT_COMPUTED_NO_EXECUTED_EVENTS,,0,0,0,0,1
r8c-0408-28b82f896e2cc00f,408,E1_STATIC,LIRCMOP7,F22_MG_STATIC,8,COMPLETE,NOT_COMPUTED_NO_EXECUTED_EVENTS,,0,0,0,0,1
r8c-0409-dcfbfb06c08c91cd,409,E1_STATIC,LIRCMOP7,MATCHED_FIXED_DE_PARETO,8,COMPLETE,NOT_COMPUTED_NO_EXECUTED_EVENTS,,0,0,0,0,1
r8c-0410-27afa2c25aaa7220,410,E1_STATIC,LIRCMOP7,MATCHED_JDE_STYLE_PARETO,8,COMPLETE,NOT_COMPUTED_NO_EXECUTED_EVENTS,,0,0,0,0,1
r8c-0411-71a17180371993ca,411,E1_STATIC,LIRCMOP7,MATCHED_SHADE_STYLE_PARETO,8,COMPLETE,NOT_COMPUTED_NO_EXECUTED_EVENTS,,0,0,0,0,1
r8c-0412-125b3c76895b101a,412,E1_STATIC,LIRCMOP7,JMETALPY_1_7_GDE3_STANDARD_PARETO_DE,8,COMPLETE,NOT_COMPUTED_NO_EXECUTED_EVENTS,,0,0,0,0,1
r8c-0413-66a36f6781657ce2,413,E1_STATIC,LIRCMOP7,JMETALPY_1_7_NSGAII_STATIC_CMOEA,8,COMPLETE,NOT_COMPUTED_NO_EXECUTED_EVENTS,,0,0,0,0,1
r8c-0414-42c31379f4c9560d,414,E1_STATIC,LIRCMOP7,F22_MG_STATIC,9,COMPLETE,NOT_COMPUTED_NO_EXECUTED_EVENTS,,0,0,0,0,1
r8c-0415-ed379846cb355cc4,415,E1_STATIC,LIRCMOP7,MATCHED_FIXED_DE_PARETO,9,COMPLETE,NOT_COMPUTED_NO_EXECUTED_EVENTS,,0,0,0,0,1
r8c-0416-f9871faf3931c277,416,E1_STATIC,LIRCMOP7,MATCHED_JDE_STYLE_PARETO,9,COMPLETE,NOT_COMPUTED_NO_EXECUTED_EVENTS,,0,0,0,0,1
r8c-0417-5580fd5394aabda4,417,E1_STATIC,LIRCMOP7,MATCHED_SHADE_STYLE_PARETO,9,COMPLETE,NOT_COMPUTED_NO_EXECUTED_EVENTS,,0,0,0,0,1
r8c-0418-f3595c4004a6eb19,418,E1_STATIC,LIRCMOP7,JMETALPY_1_7_GDE3_STANDARD_PARETO_DE,9,COMPLETE,NOT_COMPUTED_NO_EXECUTED_EVENTS,,0,0,0,0,1
r8c-0419-aea6cb38cd9f0814,419,E1_STATIC,LIRCMOP7,JMETALPY_1_7_NSGAII_STATIC_CMOEA,9,COMPLETE,NOT_COMPUTED_NO_EXECUTED_EVENTS,,0,0,0,0,1
r8c-0420-fd4f375bb8f4492f,420,E1_STATIC,LIRCMOP8,F22_MG_STATIC,0,COMPLETE,NOT_COMPUTED_NO_EXECUTED_EVENTS,,0,0,0,0,1
r8c-0421-026d5e729e7d00e2,421,E1_STATIC,LIRCMOP8,MATCHED_FIXED_DE_PARETO,0,COMPLETE,NOT_COMPUTED_NO_EXECUTED_EVENTS,,0,0,0,0,1
r8c-0422-7479ae9a34f5ded4,422,E1_STATIC,LIRCMOP8,MATCHED_JDE_STYLE_PARETO,0,COMPLETE,NOT_COMPUTED_NO_EXECUTED_EVENTS,,0,0,0,0,1
r8c-0423-02f4faec4116b84a,423,E1_STATIC,LIRCMOP8,MATCHED_SHADE_STYLE_PARETO,0,COMPLETE,NOT_COMPUTED_NO_EXECUTED_EVENTS,,0,0,0,0,1
r8c-0424-a8a11d1535987e21,424,E1_STATIC,LIRCMOP8,JMETALPY_1_7_GDE3_STANDARD_PARETO_DE,0,COMPLETE,NOT_COMPUTED_NO_EXECUTED_EVENTS,,0,0,0,0,1
r8c-0425-95f16ccb55bf5174,425,E1_STATIC,LIRCMOP8,JMETALPY_1_7_NSGAII_STATIC_CMOEA,0,COMPLETE,NOT_COMPUTED_NO_EXECUTED_EVENTS,,0,0,0,0,1
r8c-0426-df25302c19057107,426,E1_STATIC,LIRCMOP8,F22_MG_STATIC,1,COMPLETE,NOT_COMPUTED_NO_EXECUTED_EVENTS,,0,0,0,0,1
r8c-0427-7fb6c82e2221639d,427,E1_STATIC,LIRCMOP8,MATCHED_FIXED_DE_PARETO,1,COMPLETE,NOT_COMPUTED_NO_EXECUTED_EVENTS,,0,0,0,0,1
r8c-0428-9e0bdd8edbf55639,428,E1_STATIC,LIRCMOP8,MATCHED_JDE_STYLE_PARETO,1,COMPLETE,NOT_COMPUTED_NO_EXECUTED_EVENTS,,0,0,0,0,1
r8c-0429-ac30c7a7778ca32c,429,E1_STATIC,LIRCMOP8,MATCHED_SHADE_STYLE_PARETO,1,COMPLETE,NOT_COMPUTED_NO_EXECUTED_EVENTS,,0,0,0,0,1
r8c-0430-31336bff8866de6e,430,E1_STATIC,LIRCMOP8,JMETALPY_1_7_GDE3_STANDARD_PARETO_DE,1,COMPLETE,NOT_COMPUTED_NO_EXECUTED_EVENTS,,0,0,0,0,1
r8c-0431-44fe86e33b76e4f8,431,E1_STATIC,LIRCMOP8,JMETALPY_1_7_NSGAII_STATIC_CMOEA,1,COMPLETE,NOT_COMPUTED_NO_EXECUTED_EVENTS,,0,0,0,0,1
r8c-0432-dda5f2131149065a,432,E1_STATIC,LIRCMOP8,F22_MG_STATIC,2,COMPLETE,NOT_COMPUTED_NO_EXECUTED_EVENTS,,0,0,0,0,1
r8c-0433-ee0f555fdd6b7f23,433,E1_STATIC,LIRCMOP8,MATCHED_FIXED_DE_PARETO,2,COMPLETE,NOT_COMPUTED_NO_EXECUTED_EVENTS,,0,0,0,0,1
r8c-0434-e6e203ab5260b37d,434,E1_STATIC,LIRCMOP8,MATCHED_JDE_STYLE_PARETO,2,COMPLETE,NOT_COMPUTED_NO_EXECUTED_EVENTS,,0,0,0,0,1
r8c-0435-cff9c253f35e66e8,435,E1_STATIC,LIRCMOP8,MATCHED_SHADE_STYLE_PARETO,2,COMPLETE,NOT_COMPUTED_NO_EXECUTED_EVENTS,,0,0,0,0,1
r8c-0436-76535b7354a3a6fe,436,E1_STATIC,LIRCMOP8,JMETALPY_1_7_GDE3_STANDARD_PARETO_DE,2,COMPLETE,NOT_COMPUTED_NO_EXECUTED_EVENTS,,0,0,0,0,1
r8c-0437-2be142c65748fb3d,437,E1_STATIC,LIRCMOP8,JMETALPY_1_7_NSGAII_STATIC_CMOEA,2,COMPLETE,NOT_COMPUTED_NO_EXECUTED_EVENTS,,0,0,0,0,1
r8c-0438-ce205b48ce21bcf7,438,E1_STATIC,LIRCMOP8,F22_MG_STATIC,3,COMPLETE,NOT_COMPUTED_NO_EXECUTED_EVENTS,,0,0,0,0,1
r8c-0439-ebc8af480ecdc704,439,E1_STATIC,LIRCMOP8,MATCHED_FIXED_DE_PARETO,3,COMPLETE,NOT_COMPUTED_NO_EXECUTED_EVENTS,,0,0,0,0,1
r8c-0440-afaf7cbdf6c3e64d,440,E1_STATIC,LIRCMOP8,MATCHED_JDE_STYLE_PARETO,3,COMPLETE,NOT_COMPUTED_NO_EXECUTED_EVENTS,,0,0,0,0,1
r8c-0441-4883a3c7be7aba12,441,E1_STATIC,LIRCMOP8,MATCHED_SHADE_STYLE_PARETO,3,COMPLETE,NOT_COMPUTED_NO_EXECUTED_EVENTS,,0,0,0,0,1
r8c-0442-a5e5facd56d70c58,442,E1_STATIC,LIRCMOP8,JMETALPY_1_7_GDE3_STANDARD_PARETO_DE,3,COMPLETE,NOT_COMPUTED_NO_EXECUTED_EVENTS,,0,0,0,0,1
r8c-0443-da7367ee13e3ff1b,443,E1_STATIC,LIRCMOP8,JMETALPY_1_7_NSGAII_STATIC_CMOEA,3,COMPLETE,NOT_COMPUTED_NO_EXECUTED_EVENTS,,0,0,0,0,1
r8c-0444-65b428ee52d2c49c,444,E1_STATIC,LIRCMOP8,F22_MG_STATIC,4,COMPLETE,NOT_COMPUTED_NO_EXECUTED_EVENTS,,0,0,0,0,1
r8c-0445-a2281b4565a09209,445,E1_STATIC,LIRCMOP8,MATCHED_FIXED_DE_PARETO,4,COMPLETE,NOT_COMPUTED_NO_EXECUTED_EVENTS,,0,0,0,0,1
r8c-0446-dcf6908c513fc49d,446,E1_STATIC,LIRCMOP8,MATCHED_JDE_STYLE_PARETO,4,COMPLETE,NOT_COMPUTED_NO_EXECUTED_EVENTS,,0,0,0,0,1
r8c-0447-10c47533d6d2e7d1,447,E1_STATIC,LIRCMOP8,MATCHED_SHADE_STYLE_PARETO,4,COMPLETE,NOT_COMPUTED_NO_EXECUTED_EVENTS,,0,0,0,0,1
r8c-0448-4840b180d9d0c752,448,E1_STATIC,LIRCMOP8,JMETALPY_1_7_GDE3_STANDARD_PARETO_DE,4,COMPLETE,NOT_COMPUTED_NO_EXECUTED_EVENTS,,0,0,0,0,1
r8c-0449-d1946fd98c34fcf7,449,E1_STATIC,LIRCMOP8,JMETALPY_1_7_NSGAII_STATIC_CMOEA,4,COMPLETE,NOT_COMPUTED_NO_EXECUTED_EVENTS,,0,0,0,0,1
r8c-0450-71528156348a5a4b,450,E1_STATIC,LIRCMOP8,F22_MG_STATIC,5,COMPLETE,NOT_COMPUTED_NO_EXECUTED_EVENTS,,0,0,0,0,1
r8c-0451-40b0b8d802937280,451,E1_STATIC,LIRCMOP8,MATCHED_FIXED_DE_PARETO,5,COMPLETE,NOT_COMPUTED_NO_EXECUTED_EVENTS,,0,0,0,0,1
r8c-0452-74d869a567361543,452,E1_STATIC,LIRCMOP8,MATCHED_JDE_STYLE_PARETO,5,COMPLETE,NOT_COMPUTED_NO_EXECUTED_EVENTS,,0,0,0,0,1
r8c-0453-f6cc6989a134b21e,453,E1_STATIC,LIRCMOP8,MATCHED_SHADE_STYLE_PARETO,5,COMPLETE,NOT_COMPUTED_NO_EXECUTED_EVENTS,,0,0,0,0,1
r8c-0454-93f2c3518a2b1f47,454,E1_STATIC,LIRCMOP8,JMETALPY_1_7_GDE3_STANDARD_PARETO_DE,5,COMPLETE,NOT_COMPUTED_NO_EXECUTED_EVENTS,,0,0,0,0,1
r8c-0455-7826f98e10dd80e6,455,E1_STATIC,LIRCMOP8,JMETALPY_1_7_NSGAII_STATIC_CMOEA,5,COMPLETE,NOT_COMPUTED_NO_EXECUTED_EVENTS,,0,0,0,0,1
r8c-0456-66385b1d9f0b64e1,456,E1_STATIC,LIRCMOP8,F22_MG_STATIC,6,COMPLETE,NOT_COMPUTED_NO_EXECUTED_EVENTS,,0,0,0,0,1
r8c-0457-e4f82dccf1b94161,457,E1_STATIC,LIRCMOP8,MATCHED_FIXED_DE_PARETO,6,COMPLETE,NOT_COMPUTED_NO_EXECUTED_EVENTS,,0,0,0,0,1
r8c-0458-cb6a95944c5ecdc7,458,E1_STATIC,LIRCMOP8,MATCHED_JDE_STYLE_PARETO,6,COMPLETE,NOT_COMPUTED_NO_EXECUTED_EVENTS,,0,0,0,0,1
r8c-0459-fb1ca3f91d14a9f7,459,E1_STATIC,LIRCMOP8,MATCHED_SHADE_STYLE_PARETO,6,COMPLETE,NOT_COMPUTED_NO_EXECUTED_EVENTS,,0,0,0,0,1
r8c-0460-4dfbdb96627f9cbe,460,E1_STATIC,LIRCMOP8,JMETALPY_1_7_GDE3_STANDARD_PARETO_DE,6,COMPLETE,NOT_COMPUTED_NO_EXECUTED_EVENTS,,0,0,0,0,1
r8c-0461-90e9247f06bfba77,461,E1_STATIC,LIRCMOP8,JMETALPY_1_7_NSGAII_STATIC_CMOEA,6,COMPLETE,NOT_COMPUTED_NO_EXECUTED_EVENTS,,0,0,0,0,1
r8c-0462-5fb74fb787655d89,462,E1_STATIC,LIRCMOP8,F22_MG_STATIC,7,COMPLETE,NOT_COMPUTED_NO_EXECUTED_EVENTS,,0,0,0,0,1
r8c-0463-b5741e9881d3fb7a,463,E1_STATIC,LIRCMOP8,MATCHED_FIXED_DE_PARETO,7,COMPLETE,NOT_COMPUTED_NO_EXECUTED_EVENTS,,0,0,0,0,1
r8c-0464-6db59cb0be93d45f,464,E1_STATIC,LIRCMOP8,MATCHED_JDE_STYLE_PARETO,7,COMPLETE,NOT_COMPUTED_NO_EXECUTED_EVENTS,,0,0,0,0,1
r8c-0465-c8b20e88485c30ab,465,E1_STATIC,LIRCMOP8,MATCHED_SHADE_STYLE_PARETO,7,COMPLETE,NOT_COMPUTED_NO_EXECUTED_EVENTS,,0,0,0,0,1
r8c-0466-9f5ea8cc3d822fd0,466,E1_STATIC,LIRCMOP8,JMETALPY_1_7_GDE3_STANDARD_PARETO_DE,7,COMPLETE,NOT_COMPUTED_NO_EXECUTED_EVENTS,,0,0,0,0,1
r8c-0467-1ad8b215e11562c0,467,E1_STATIC,LIRCMOP8,JMETALPY_1_7_NSGAII_STATIC_CMOEA,7,COMPLETE,NOT_COMPUTED_NO_EXECUTED_EVENTS,,0,0,0,0,1
r8c-0468-5dbdd3a62e17db45,468,E1_STATIC,LIRCMOP8,F22_MG_STATIC,8,COMPLETE,NOT_COMPUTED_NO_EXECUTED_EVENTS,,0,0,0,0,1
r8c-0469-0580ea9ef02e8fcf,469,E1_STATIC,LIRCMOP8,MATCHED_FIXED_DE_PARETO,8,COMPLETE,NOT_COMPUTED_NO_EXECUTED_EVENTS,,0,0,0,0,1
r8c-0470-de34a879a9d46f1d,470,E1_STATIC,LIRCMOP8,MATCHED_JDE_STYLE_PARETO,8,COMPLETE,NOT_COMPUTED_NO_EXECUTED_EVENTS,,0,0,0,0,1
r8c-0471-d16ce735339b699b,471,E1_STATIC,LIRCMOP8,MATCHED_SHADE_STYLE_PARETO,8,COMPLETE,NOT_COMPUTED_NO_EXECUTED_EVENTS,,0,0,0,0,1
r8c-0472-8508998b6379fcc1,472,E1_STATIC,LIRCMOP8,JMETALPY_1_7_GDE3_STANDARD_PARETO_DE,8,COMPLETE,NOT_COMPUTED_NO_EXECUTED_EVENTS,,0,0,0,0,1
r8c-0473-99a8c0fe33972adf,473,E1_STATIC,LIRCMOP8,JMETALPY_1_7_NSGAII_STATIC_CMOEA,8,COMPLETE,NOT_COMPUTED_NO_EXECUTED_EVENTS,,0,0,0,0,1
r8c-0474-acab06fc0e469b2d,474,E1_STATIC,LIRCMOP8,F22_MG_STATIC,9,COMPLETE,NOT_COMPUTED_NO_EXECUTED_EVENTS,,0,0,0,0,1
r8c-0475-9b6d1fe9e328925b,475,E1_STATIC,LIRCMOP8,MATCHED_FIXED_DE_PARETO,9,COMPLETE,NOT_COMPUTED_NO_EXECUTED_EVENTS,,0,0,0,0,1
r8c-0476-38e66f289fd204f4,476,E1_STATIC,LIRCMOP8,MATCHED_JDE_STYLE_PARETO,9,COMPLETE,NOT_COMPUTED_NO_EXECUTED_EVENTS,,0,0,0,0,1
r8c-0477-51f6081770e46c2c,477,E1_STATIC,LIRCMOP8,MATCHED_SHADE_STYLE_PARETO,9,COMPLETE,NOT_COMPUTED_NO_EXECUTED_EVENTS,,0,0,0,0,1
r8c-0478-52103e879db44904,478,E1_STATIC,LIRCMOP8,JMETALPY_1_7_GDE3_STANDARD_PARETO_DE,9,COMPLETE,NOT_COMPUTED_NO_EXECUTED_EVENTS,,0,0,0,0,1
r8c-0479-77f2ed7f54698d7d,479,E1_STATIC,LIRCMOP8,JMETALPY_1_7_NSGAII_STATIC_CMOEA,9,COMPLETE,NOT_COMPUTED_NO_EXECUTED_EVENTS,,0,0,0,0,1
r8c-0480-ff079cae2e2dafde,480,E1_STATIC,LIRCMOP9,F22_MG_STATIC,0,COMPLETE,NOT_COMPUTED_NO_EXECUTED_EVENTS,,0,0,0,0,1
r8c-0481-578f0908abd56f8e,481,E1_STATIC,LIRCMOP9,MATCHED_FIXED_DE_PARETO,0,COMPLETE,NOT_COMPUTED_NO_EXECUTED_EVENTS,,0,0,0,0,1
r8c-0482-3cf7b0f5e8a8aee8,482,E1_STATIC,LIRCMOP9,MATCHED_JDE_STYLE_PARETO,0,COMPLETE,NOT_COMPUTED_NO_EXECUTED_EVENTS,,0,0,0,0,1
r8c-0483-dd11391afe571a29,483,E1_STATIC,LIRCMOP9,MATCHED_SHADE_STYLE_PARETO,0,COMPLETE,NOT_COMPUTED_NO_EXECUTED_EVENTS,,0,0,0,0,1
r8c-0484-968996c7c16679a8,484,E1_STATIC,LIRCMOP9,JMETALPY_1_7_GDE3_STANDARD_PARETO_DE,0,COMPLETE,NOT_COMPUTED_NO_EXECUTED_EVENTS,,0,0,0,0,1
r8c-0485-3c1f4a6ab1071434,485,E1_STATIC,LIRCMOP9,JMETALPY_1_7_NSGAII_STATIC_CMOEA,0,COMPLETE,NOT_COMPUTED_NO_EXECUTED_EVENTS,,0,0,0,0,1
r8c-0486-e6a23ceb37f2ab97,486,E1_STATIC,LIRCMOP9,F22_MG_STATIC,1,COMPLETE,NOT_COMPUTED_NO_EXECUTED_EVENTS,,0,0,0,0,1
r8c-0487-cdf5ab669819aed8,487,E1_STATIC,LIRCMOP9,MATCHED_FIXED_DE_PARETO,1,COMPLETE,NOT_COMPUTED_NO_EXECUTED_EVENTS,,0,0,0,0,1
r8c-0488-a8a8fb206d1a9b32,488,E1_STATIC,LIRCMOP9,MATCHED_JDE_STYLE_PARETO,1,COMPLETE,NOT_COMPUTED_NO_EXECUTED_EVENTS,,0,0,0,0,1
r8c-0489-3cc3aaac85dfe58b,489,E1_STATIC,LIRCMOP9,MATCHED_SHADE_STYLE_PARETO,1,COMPLETE,NOT_COMPUTED_NO_EXECUTED_EVENTS,,0,0,0,0,1
r8c-0490-72a9e5aed3f30d3d,490,E1_STATIC,LIRCMOP9,JMETALPY_1_7_GDE3_STANDARD_PARETO_DE,1,COMPLETE,NOT_COMPUTED_NO_EXECUTED_EVENTS,,0,0,0,0,1
r8c-0491-a6bda5a820c2ecc9,491,E1_STATIC,LIRCMOP9,JMETALPY_1_7_NSGAII_STATIC_CMOEA,1,COMPLETE,NOT_COMPUTED_NO_EXECUTED_EVENTS,,0,0,0,0,1
r8c-0492-fa10d5e61969c919,492,E1_STATIC,LIRCMOP9,F22_MG_STATIC,2,COMPLETE,NOT_COMPUTED_NO_EXECUTED_EVENTS,,0,0,0,0,1
r8c-0493-481f04c8e8010477,493,E1_STATIC,LIRCMOP9,MATCHED_FIXED_DE_PARETO,2,COMPLETE,NOT_COMPUTED_NO_EXECUTED_EVENTS,,0,0,0,0,1
r8c-0494-88c0c59284647cad,494,E1_STATIC,LIRCMOP9,MATCHED_JDE_STYLE_PARETO,2,COMPLETE,NOT_COMPUTED_NO_EXECUTED_EVENTS,,0,0,0,0,1
r8c-0495-e71a704d6ea9bb19,495,E1_STATIC,LIRCMOP9,MATCHED_SHADE_STYLE_PARETO,2,COMPLETE,NOT_COMPUTED_NO_EXECUTED_EVENTS,,0,0,0,0,1
r8c-0496-1763455e21edf827,496,E1_STATIC,LIRCMOP9,JMETALPY_1_7_GDE3_STANDARD_PARETO_DE,2,COMPLETE,NOT_COMPUTED_NO_EXECUTED_EVENTS,,0,0,0,0,1
r8c-0497-11a897e078cd1b4a,497,E1_STATIC,LIRCMOP9,JMETALPY_1_7_NSGAII_STATIC_CMOEA,2,COMPLETE,NOT_COMPUTED_NO_EXECUTED_EVENTS,,0,0,0,0,1
r8c-0498-41a603dabac17fed,498,E1_STATIC,LIRCMOP9,F22_MG_STATIC,3,COMPLETE,NOT_COMPUTED_NO_EXECUTED_EVENTS,,0,0,0,0,1
r8c-0499-8c4d7919738ce1c5,499,E1_STATIC,LIRCMOP9,MATCHED_FIXED_DE_PARETO,3,COMPLETE,NOT_COMPUTED_NO_EXECUTED_EVENTS,,0,0,0,0,1
r8c-0500-42d950e584fa5458,500,E1_STATIC,LIRCMOP9,MATCHED_JDE_STYLE_PARETO,3,COMPLETE,NOT_COMPUTED_NO_EXECUTED_EVENTS,,0,0,0,0,1
r8c-0501-1d249c46a796da46,501,E1_STATIC,LIRCMOP9,MATCHED_SHADE_STYLE_PARETO,3,COMPLETE,NOT_COMPUTED_NO_EXECUTED_EVENTS,,0,0,0,0,1
r8c-0502-40b0841de9fde923,502,E1_STATIC,LIRCMOP9,JMETALPY_1_7_GDE3_STANDARD_PARETO_DE,3,COMPLETE,NOT_COMPUTED_NO_EXECUTED_EVENTS,,0,0,0,0,1
r8c-0503-b201dc4bc9420402,503,E1_STATIC,LIRCMOP9,JMETALPY_1_7_NSGAII_STATIC_CMOEA,3,COMPLETE,NOT_COMPUTED_NO_EXECUTED_EVENTS,,0,0,0,0,1
r8c-0504-77263fa45bd85815,504,E1_STATIC,LIRCMOP9,F22_MG_STATIC,4,COMPLETE,NOT_COMPUTED_NO_EXECUTED_EVENTS,,0,0,0,0,1
r8c-0505-f733b451f7f1699c,505,E1_STATIC,LIRCMOP9,MATCHED_FIXED_DE_PARETO,4,COMPLETE,NOT_COMPUTED_NO_EXECUTED_EVENTS,,0,0,0,0,1
r8c-0506-7e9d03769d05cf7a,506,E1_STATIC,LIRCMOP9,MATCHED_JDE_STYLE_PARETO,4,COMPLETE,NOT_COMPUTED_NO_EXECUTED_EVENTS,,0,0,0,0,1
r8c-0507-c2c4869d4f55b76d,507,E1_STATIC,LIRCMOP9,MATCHED_SHADE_STYLE_PARETO,4,COMPLETE,NOT_COMPUTED_NO_EXECUTED_EVENTS,,0,0,0,0,1
r8c-0508-f41e90a065cec192,508,E1_STATIC,LIRCMOP9,JMETALPY_1_7_GDE3_STANDARD_PARETO_DE,4,COMPLETE,NOT_COMPUTED_NO_EXECUTED_EVENTS,,0,0,0,0,1
r8c-0509-94fb2cc6ff991344,509,E1_STATIC,LIRCMOP9,JMETALPY_1_7_NSGAII_STATIC_CMOEA,4,COMPLETE,NOT_COMPUTED_NO_EXECUTED_EVENTS,,0,0,0,0,1
r8c-0510-6b206c5691633448,510,E1_STATIC,LIRCMOP9,F22_MG_STATIC,5,COMPLETE,NOT_COMPUTED_NO_EXECUTED_EVENTS,,0,0,0,0,1
r8c-0511-7d18e6aa780f8143,511,E1_STATIC,LIRCMOP9,MATCHED_FIXED_DE_PARETO,5,COMPLETE,NOT_COMPUTED_NO_EXECUTED_EVENTS,,0,0,0,0,1
r8c-0512-3ad72efd8338d543,512,E1_STATIC,LIRCMOP9,MATCHED_JDE_STYLE_PARETO,5,COMPLETE,NOT_COMPUTED_NO_EXECUTED_EVENTS,,0,0,0,0,1
r8c-0513-95f22c43ebf5e39d,513,E1_STATIC,LIRCMOP9,MATCHED_SHADE_STYLE_PARETO,5,COMPLETE,NOT_COMPUTED_NO_EXECUTED_EVENTS,,0,0,0,0,1
r8c-0514-abfea9d6fe29e00e,514,E1_STATIC,LIRCMOP9,JMETALPY_1_7_GDE3_STANDARD_PARETO_DE,5,COMPLETE,NOT_COMPUTED_NO_EXECUTED_EVENTS,,0,0,0,0,1
r8c-0515-4d332ff620df23ca,515,E1_STATIC,LIRCMOP9,JMETALPY_1_7_NSGAII_STATIC_CMOEA,5,COMPLETE,NOT_COMPUTED_NO_EXECUTED_EVENTS,,0,0,0,0,1
r8c-0516-9148a3a3fb9ecf7f,516,E1_STATIC,LIRCMOP9,F22_MG_STATIC,6,COMPLETE,NOT_COMPUTED_NO_EXECUTED_EVENTS,,0,0,0,0,1
r8c-0517-f7a608301bfb5afc,517,E1_STATIC,LIRCMOP9,MATCHED_FIXED_DE_PARETO,6,COMPLETE,NOT_COMPUTED_NO_EXECUTED_EVENTS,,0,0,0,0,1
r8c-0518-65739522b51b1ce9,518,E1_STATIC,LIRCMOP9,MATCHED_JDE_STYLE_PARETO,6,COMPLETE,NOT_COMPUTED_NO_EXECUTED_EVENTS,,0,0,0,0,1
r8c-0519-02a033ace82758be,519,E1_STATIC,LIRCMOP9,MATCHED_SHADE_STYLE_PARETO,6,COMPLETE,NOT_COMPUTED_NO_EXECUTED_EVENTS,,0,0,0,0,1
r8c-0520-ef97659f6a265a45,520,E1_STATIC,LIRCMOP9,JMETALPY_1_7_GDE3_STANDARD_PARETO_DE,6,COMPLETE,NOT_COMPUTED_NO_EXECUTED_EVENTS,,0,0,0,0,1
r8c-0521-14e25a7c686e5162,521,E1_STATIC,LIRCMOP9,JMETALPY_1_7_NSGAII_STATIC_CMOEA,6,COMPLETE,NOT_COMPUTED_NO_EXECUTED_EVENTS,,0,0,0,0,1
r8c-0522-895b90e7336b8d3a,522,E1_STATIC,LIRCMOP9,F22_MG_STATIC,7,COMPLETE,NOT_COMPUTED_NO_EXECUTED_EVENTS,,0,0,0,0,1
r8c-0523-5b7f9f1b34c09c39,523,E1_STATIC,LIRCMOP9,MATCHED_FIXED_DE_PARETO,7,COMPLETE,NOT_COMPUTED_NO_EXECUTED_EVENTS,,0,0,0,0,1
r8c-0524-3c299c38304756f0,524,E1_STATIC,LIRCMOP9,MATCHED_JDE_STYLE_PARETO,7,COMPLETE,NOT_COMPUTED_NO_EXECUTED_EVENTS,,0,0,0,0,1
r8c-0525-b7ef6ac6812af01a,525,E1_STATIC,LIRCMOP9,MATCHED_SHADE_STYLE_PARETO,7,COMPLETE,NOT_COMPUTED_NO_EXECUTED_EVENTS,,0,0,0,0,1
r8c-0526-83682823ae3ffdd3,526,E1_STATIC,LIRCMOP9,JMETALPY_1_7_GDE3_STANDARD_PARETO_DE,7,COMPLETE,NOT_COMPUTED_NO_EXECUTED_EVENTS,,0,0,0,0,1
r8c-0527-17a6616f9ddd5e10,527,E1_STATIC,LIRCMOP9,JMETALPY_1_7_NSGAII_STATIC_CMOEA,7,COMPLETE,NOT_COMPUTED_NO_EXECUTED_EVENTS,,0,0,0,0,1
r8c-0528-a7748669d1795388,528,E1_STATIC,LIRCMOP9,F22_MG_STATIC,8,COMPLETE,NOT_COMPUTED_NO_EXECUTED_EVENTS,,0,0,0,0,1
r8c-0529-d066071f30bb06cf,529,E1_STATIC,LIRCMOP9,MATCHED_FIXED_DE_PARETO,8,COMPLETE,NOT_COMPUTED_NO_EXECUTED_EVENTS,,0,0,0,0,1
r8c-0530-b7b3db408e1123ec,530,E1_STATIC,LIRCMOP9,MATCHED_JDE_STYLE_PARETO,8,COMPLETE,NOT_COMPUTED_NO_EXECUTED_EVENTS,,0,0,0,0,1
r8c-0531-d810cb94d9e7d356,531,E1_STATIC,LIRCMOP9,MATCHED_SHADE_STYLE_PARETO,8,COMPLETE,NOT_COMPUTED_NO_EXECUTED_EVENTS,,0,0,0,0,1
r8c-0532-82b6d614e21c3e17,532,E1_STATIC,LIRCMOP9,JMETALPY_1_7_GDE3_STANDARD_PARETO_DE,8,COMPLETE,NOT_COMPUTED_NO_EXECUTED_EVENTS,,0,0,0,0,1
r8c-0533-d5a3cf86ec0d2ac9,533,E1_STATIC,LIRCMOP9,JMETALPY_1_7_NSGAII_STATIC_CMOEA,8,COMPLETE,NOT_COMPUTED_NO_EXECUTED_EVENTS,,0,0,0,0,1
r8c-0534-0d177812455e6f25,534,E1_STATIC,LIRCMOP9,F22_MG_STATIC,9,COMPLETE,NOT_COMPUTED_NO_EXECUTED_EVENTS,,0,0,0,0,1
r8c-0535-f9ce75f445cee300,535,E1_STATIC,LIRCMOP9,MATCHED_FIXED_DE_PARETO,9,COMPLETE,NOT_COMPUTED_NO_EXECUTED_EVENTS,,0,0,0,0,1
r8c-0536-f373ca2cd79873e4,536,E1_STATIC,LIRCMOP9,MATCHED_JDE_STYLE_PARETO,9,COMPLETE,NOT_COMPUTED_NO_EXECUTED_EVENTS,,0,0,0,0,1
r8c-0537-a60cbe4c96443913,537,E1_STATIC,LIRCMOP9,MATCHED_SHADE_STYLE_PARETO,9,COMPLETE,NOT_COMPUTED_NO_EXECUTED_EVENTS,,0,0,0,0,1
r8c-0538-0b5f69ea11cefeaa,538,E1_STATIC,LIRCMOP9,JMETALPY_1_7_GDE3_STANDARD_PARETO_DE,9,COMPLETE,NOT_COMPUTED_NO_EXECUTED_EVENTS,,0,0,0,0,1
r8c-0539-43d4afe16c6eb936,539,E1_STATIC,LIRCMOP9,JMETALPY_1_7_NSGAII_STATIC_CMOEA,9,COMPLETE,NOT_COMPUTED_NO_EXECUTED_EVENTS,,0,0,0,0,1
r8c-0540-9fc7e084bcc3f768,540,E1_STATIC,LIRCMOP10,F22_MG_STATIC,0,COMPLETE,NOT_COMPUTED_NO_EXECUTED_EVENTS,,0,0,0,0,1
r8c-0541-7149fabfbf4d3e2d,541,E1_STATIC,LIRCMOP10,MATCHED_FIXED_DE_PARETO,0,COMPLETE,NOT_COMPUTED_NO_EXECUTED_EVENTS,,0,0,0,0,1
r8c-0542-7d421f4f2922089b,542,E1_STATIC,LIRCMOP10,MATCHED_JDE_STYLE_PARETO,0,COMPLETE,NOT_COMPUTED_NO_EXECUTED_EVENTS,,0,0,0,0,1
r8c-0543-43a68b6b5a2d2278,543,E1_STATIC,LIRCMOP10,MATCHED_SHADE_STYLE_PARETO,0,COMPLETE,NOT_COMPUTED_NO_EXECUTED_EVENTS,,0,0,0,0,1
r8c-0544-f2031ad9aa663d52,544,E1_STATIC,LIRCMOP10,JMETALPY_1_7_GDE3_STANDARD_PARETO_DE,0,COMPLETE,NOT_COMPUTED_NO_EXECUTED_EVENTS,,0,0,0,0,1
r8c-0545-c96e389fbc574ff4,545,E1_STATIC,LIRCMOP10,JMETALPY_1_7_NSGAII_STATIC_CMOEA,0,COMPLETE,NOT_COMPUTED_NO_EXECUTED_EVENTS,,0,0,0,0,1
r8c-0546-1374da57a66d1a6f,546,E1_STATIC,LIRCMOP10,F22_MG_STATIC,1,COMPLETE,NOT_COMPUTED_NO_EXECUTED_EVENTS,,0,0,0,0,1
r8c-0547-559f2cbb3420e7e1,547,E1_STATIC,LIRCMOP10,MATCHED_FIXED_DE_PARETO,1,COMPLETE,NOT_COMPUTED_NO_EXECUTED_EVENTS,,0,0,0,0,1
r8c-0548-74d87a3616277528,548,E1_STATIC,LIRCMOP10,MATCHED_JDE_STYLE_PARETO,1,COMPLETE,NOT_COMPUTED_NO_EXECUTED_EVENTS,,0,0,0,0,1
r8c-0549-860819fce3f515ad,549,E1_STATIC,LIRCMOP10,MATCHED_SHADE_STYLE_PARETO,1,COMPLETE,NOT_COMPUTED_NO_EXECUTED_EVENTS,,0,0,0,0,1
r8c-0550-16bb65f4d7a3eb10,550,E1_STATIC,LIRCMOP10,JMETALPY_1_7_GDE3_STANDARD_PARETO_DE,1,COMPLETE,NOT_COMPUTED_NO_EXECUTED_EVENTS,,0,0,0,0,1
r8c-0551-ed8175168f2e71ae,551,E1_STATIC,LIRCMOP10,JMETALPY_1_7_NSGAII_STATIC_CMOEA,1,COMPLETE,NOT_COMPUTED_NO_EXECUTED_EVENTS,,0,0,0,0,1
r8c-0552-74b9a8aa71cdeca9,552,E1_STATIC,LIRCMOP10,F22_MG_STATIC,2,COMPLETE,NOT_COMPUTED_NO_EXECUTED_EVENTS,,0,0,0,0,1
r8c-0553-c653bb99e9a91a65,553,E1_STATIC,LIRCMOP10,MATCHED_FIXED_DE_PARETO,2,COMPLETE,NOT_COMPUTED_NO_EXECUTED_EVENTS,,0,0,0,0,1
r8c-0554-f29e62caa3ab9f91,554,E1_STATIC,LIRCMOP10,MATCHED_JDE_STYLE_PARETO,2,COMPLETE,NOT_COMPUTED_NO_EXECUTED_EVENTS,,0,0,0,0,1
r8c-0555-643960c4c2d3acbc,555,E1_STATIC,LIRCMOP10,MATCHED_SHADE_STYLE_PARETO,2,COMPLETE,NOT_COMPUTED_NO_EXECUTED_EVENTS,,0,0,0,0,1
r8c-0556-0cd7a8b5cabbe8d6,556,E1_STATIC,LIRCMOP10,JMETALPY_1_7_GDE3_STANDARD_PARETO_DE,2,COMPLETE,NOT_COMPUTED_NO_EXECUTED_EVENTS,,0,0,0,0,1
r8c-0557-b437eb9fb64b1440,557,E1_STATIC,LIRCMOP10,JMETALPY_1_7_NSGAII_STATIC_CMOEA,2,COMPLETE,NOT_COMPUTED_NO_EXECUTED_EVENTS,,0,0,0,0,1
r8c-0558-3da4981a16cb515d,558,E1_STATIC,LIRCMOP10,F22_MG_STATIC,3,COMPLETE,NOT_COMPUTED_NO_EXECUTED_EVENTS,,0,0,0,0,1
r8c-0559-f45f11522b301fed,559,E1_STATIC,LIRCMOP10,MATCHED_FIXED_DE_PARETO,3,COMPLETE,NOT_COMPUTED_NO_EXECUTED_EVENTS,,0,0,0,0,1
r8c-0560-35fbb46aedf194fd,560,E1_STATIC,LIRCMOP10,MATCHED_JDE_STYLE_PARETO,3,COMPLETE,NOT_COMPUTED_NO_EXECUTED_EVENTS,,0,0,0,0,1
r8c-0561-b3f94da15373faa1,561,E1_STATIC,LIRCMOP10,MATCHED_SHADE_STYLE_PARETO,3,COMPLETE,NOT_COMPUTED_NO_EXECUTED_EVENTS,,0,0,0,0,1
r8c-0562-6ac90be68d9e9b04,562,E1_STATIC,LIRCMOP10,JMETALPY_1_7_GDE3_STANDARD_PARETO_DE,3,COMPLETE,NOT_COMPUTED_NO_EXECUTED_EVENTS,,0,0,0,0,1
r8c-0563-dc95e00201acf7d1,563,E1_STATIC,LIRCMOP10,JMETALPY_1_7_NSGAII_STATIC_CMOEA,3,COMPLETE,NOT_COMPUTED_NO_EXECUTED_EVENTS,,0,0,0,0,1
r8c-0564-df37f037a7c48a63,564,E1_STATIC,LIRCMOP10,F22_MG_STATIC,4,COMPLETE,NOT_COMPUTED_NO_EXECUTED_EVENTS,,0,0,0,0,1
r8c-0565-1714cfcddc039817,565,E1_STATIC,LIRCMOP10,MATCHED_FIXED_DE_PARETO,4,COMPLETE,NOT_COMPUTED_NO_EXECUTED_EVENTS,,0,0,0,0,1
r8c-0566-53c5978ac44ab95c,566,E1_STATIC,LIRCMOP10,MATCHED_JDE_STYLE_PARETO,4,COMPLETE,NOT_COMPUTED_NO_EXECUTED_EVENTS,,0,0,0,0,1
r8c-0567-3c606ec9e84c1196,567,E1_STATIC,LIRCMOP10,MATCHED_SHADE_STYLE_PARETO,4,COMPLETE,NOT_COMPUTED_NO_EXECUTED_EVENTS,,0,0,0,0,1
r8c-0568-2cc748dad399d4a4,568,E1_STATIC,LIRCMOP10,JMETALPY_1_7_GDE3_STANDARD_PARETO_DE,4,COMPLETE,NOT_COMPUTED_NO_EXECUTED_EVENTS,,0,0,0,0,1
r8c-0569-bd173925bcb51949,569,E1_STATIC,LIRCMOP10,JMETALPY_1_7_NSGAII_STATIC_CMOEA,4,COMPLETE,NOT_COMPUTED_NO_EXECUTED_EVENTS,,0,0,0,0,1
r8c-0570-c8b3287aa70ae0d3,570,E1_STATIC,LIRCMOP10,F22_MG_STATIC,5,COMPLETE,NOT_COMPUTED_NO_EXECUTED_EVENTS,,0,0,0,0,1
r8c-0571-60aa72c2ff3e8256,571,E1_STATIC,LIRCMOP10,MATCHED_FIXED_DE_PARETO,5,COMPLETE,NOT_COMPUTED_NO_EXECUTED_EVENTS,,0,0,0,0,1
r8c-0572-7e0834dc8595c26f,572,E1_STATIC,LIRCMOP10,MATCHED_JDE_STYLE_PARETO,5,COMPLETE,NOT_COMPUTED_NO_EXECUTED_EVENTS,,0,0,0,0,1
r8c-0573-9f97a1460aacee7e,573,E1_STATIC,LIRCMOP10,MATCHED_SHADE_STYLE_PARETO,5,COMPLETE,NOT_COMPUTED_NO_EXECUTED_EVENTS,,0,0,0,0,1
r8c-0574-b361d7bc2c1e5b8c,574,E1_STATIC,LIRCMOP10,JMETALPY_1_7_GDE3_STANDARD_PARETO_DE,5,COMPLETE,NOT_COMPUTED_NO_EXECUTED_EVENTS,,0,0,0,0,1
r8c-0575-dcf2072a25ac9923,575,E1_STATIC,LIRCMOP10,JMETALPY_1_7_NSGAII_STATIC_CMOEA,5,COMPLETE,NOT_COMPUTED_NO_EXECUTED_EVENTS,,0,0,0,0,1
r8c-0576-92cd69b6d7a9c322,576,E1_STATIC,LIRCMOP10,F22_MG_STATIC,6,COMPLETE,NOT_COMPUTED_NO_EXECUTED_EVENTS,,0,0,0,0,1
r8c-0577-4535a3c28c0d96de,577,E1_STATIC,LIRCMOP10,MATCHED_FIXED_DE_PARETO,6,COMPLETE,NOT_COMPUTED_NO_EXECUTED_EVENTS,,0,0,0,0,1
r8c-0578-69bdd554a2bb965c,578,E1_STATIC,LIRCMOP10,MATCHED_JDE_STYLE_PARETO,6,COMPLETE,NOT_COMPUTED_NO_EXECUTED_EVENTS,,0,0,0,0,1
r8c-0579-ede25f4f9d8e3a0b,579,E1_STATIC,LIRCMOP10,MATCHED_SHADE_STYLE_PARETO,6,COMPLETE,NOT_COMPUTED_NO_EXECUTED_EVENTS,,0,0,0,0,1
r8c-0580-fa614ce4b0a5839d,580,E1_STATIC,LIRCMOP10,JMETALPY_1_7_GDE3_STANDARD_PARETO_DE,6,COMPLETE,NOT_COMPUTED_NO_EXECUTED_EVENTS,,0,0,0,0,1
r8c-0581-8e6f5e41d43c74d7,581,E1_STATIC,LIRCMOP10,JMETALPY_1_7_NSGAII_STATIC_CMOEA,6,COMPLETE,NOT_COMPUTED_NO_EXECUTED_EVENTS,,0,0,0,0,1
r8c-0582-e9b7d795ea311273,582,E1_STATIC,LIRCMOP10,F22_MG_STATIC,7,COMPLETE,NOT_COMPUTED_NO_EXECUTED_EVENTS,,0,0,0,0,1
r8c-0583-4d5859eb59e65cd1,583,E1_STATIC,LIRCMOP10,MATCHED_FIXED_DE_PARETO,7,COMPLETE,NOT_COMPUTED_NO_EXECUTED_EVENTS,,0,0,0,0,1
r8c-0584-d5ec10ff272974e1,584,E1_STATIC,LIRCMOP10,MATCHED_JDE_STYLE_PARETO,7,COMPLETE,NOT_COMPUTED_NO_EXECUTED_EVENTS,,0,0,0,0,1
r8c-0585-8a5f5d78af6c7f51,585,E1_STATIC,LIRCMOP10,MATCHED_SHADE_STYLE_PARETO,7,COMPLETE,NOT_COMPUTED_NO_EXECUTED_EVENTS,,0,0,0,0,1
r8c-0586-69534f7bdc8e6464,586,E1_STATIC,LIRCMOP10,JMETALPY_1_7_GDE3_STANDARD_PARETO_DE,7,COMPLETE,NOT_COMPUTED_NO_EXECUTED_EVENTS,,0,0,0,0,1
r8c-0587-348b84656fa6357a,587,E1_STATIC,LIRCMOP10,JMETALPY_1_7_NSGAII_STATIC_CMOEA,7,COMPLETE,NOT_COMPUTED_NO_EXECUTED_EVENTS,,0,0,0,0,1
r8c-0588-34e6a6eca2a3570b,588,E1_STATIC,LIRCMOP10,F22_MG_STATIC,8,COMPLETE,NOT_COMPUTED_NO_EXECUTED_EVENTS,,0,0,0,0,1
r8c-0589-58ab845f72e27bcc,589,E1_STATIC,LIRCMOP10,MATCHED_FIXED_DE_PARETO,8,COMPLETE,NOT_COMPUTED_NO_EXECUTED_EVENTS,,0,0,0,0,1
r8c-0590-30247401e2635ff1,590,E1_STATIC,LIRCMOP10,MATCHED_JDE_STYLE_PARETO,8,COMPLETE,NOT_COMPUTED_NO_EXECUTED_EVENTS,,0,0,0,0,1
r8c-0591-cdaef0862440af19,591,E1_STATIC,LIRCMOP10,MATCHED_SHADE_STYLE_PARETO,8,COMPLETE,NOT_COMPUTED_NO_EXECUTED_EVENTS,,0,0,0,0,1
r8c-0592-cc0035e145166853,592,E1_STATIC,LIRCMOP10,JMETALPY_1_7_GDE3_STANDARD_PARETO_DE,8,COMPLETE,NOT_COMPUTED_NO_EXECUTED_EVENTS,,0,0,0,0,1
r8c-0593-faba075faf7c2d79,593,E1_STATIC,LIRCMOP10,JMETALPY_1_7_NSGAII_STATIC_CMOEA,8,COMPLETE,NOT_COMPUTED_NO_EXECUTED_EVENTS,,0,0,0,0,1
r8c-0594-5ba55930f74bc234,594,E1_STATIC,LIRCMOP10,F22_MG_STATIC,9,COMPLETE,NOT_COMPUTED_NO_EXECUTED_EVENTS,,0,0,0,0,1
r8c-0595-88bf396b10049499,595,E1_STATIC,LIRCMOP10,MATCHED_FIXED_DE_PARETO,9,COMPLETE,NOT_COMPUTED_NO_EXECUTED_EVENTS,,0,0,0,0,1
r8c-0596-61b3bde5150b6baa,596,E1_STATIC,LIRCMOP10,MATCHED_JDE_STYLE_PARETO,9,COMPLETE,NOT_COMPUTED_NO_EXECUTED_EVENTS,,0,0,0,0,1
r8c-0597-18cccf75216a4217,597,E1_STATIC,LIRCMOP10,MATCHED_SHADE_STYLE_PARETO,9,COMPLETE,NOT_COMPUTED_NO_EXECUTED_EVENTS,,0,0,0,0,1
r8c-0598-ad3b54e245c56fb0,598,E1_STATIC,LIRCMOP10,JMETALPY_1_7_GDE3_STANDARD_PARETO_DE,9,COMPLETE,NOT_COMPUTED_NO_EXECUTED_EVENTS,,0,0,0,0,1
r8c-0599-6a71e0424dfba217,599,E1_STATIC,LIRCMOP10,JMETALPY_1_7_NSGAII_STATIC_CMOEA,9,COMPLETE,NOT_COMPUTED_NO_EXECUTED_EVENTS,,0,0,0,0,1
r8c-0600-4b2d00693f815787,600,E1_STATIC,LIRCMOP11,F22_MG_STATIC,0,COMPLETE,NOT_COMPUTED_NO_EXECUTED_EVENTS,,0,0,0,0,1
r8c-0601-6b3362f0ff8bfa3b,601,E1_STATIC,LIRCMOP11,MATCHED_FIXED_DE_PARETO,0,COMPLETE,NOT_COMPUTED_NO_EXECUTED_EVENTS,,0,0,0,0,1
r8c-0602-8957553348780bc8,602,E1_STATIC,LIRCMOP11,MATCHED_JDE_STYLE_PARETO,0,COMPLETE,NOT_COMPUTED_NO_EXECUTED_EVENTS,,0,0,0,0,1
r8c-0603-ca3299c80314bd58,603,E1_STATIC,LIRCMOP11,MATCHED_SHADE_STYLE_PARETO,0,COMPLETE,NOT_COMPUTED_NO_EXECUTED_EVENTS,,0,0,0,0,1
r8c-0604-152ee200d06658d9,604,E1_STATIC,LIRCMOP11,JMETALPY_1_7_GDE3_STANDARD_PARETO_DE,0,COMPLETE,NOT_COMPUTED_NO_EXECUTED_EVENTS,,0,0,0,0,1
r8c-0605-1133ba9e27bd2a7d,605,E1_STATIC,LIRCMOP11,JMETALPY_1_7_NSGAII_STATIC_CMOEA,0,COMPLETE,NOT_COMPUTED_NO_EXECUTED_EVENTS,,0,0,0,0,1
r8c-0606-e3c43ff4030f1a88,606,E1_STATIC,LIRCMOP11,F22_MG_STATIC,1,COMPLETE,NOT_COMPUTED_NO_EXECUTED_EVENTS,,0,0,0,0,1
r8c-0607-6b443c02cfb63126,607,E1_STATIC,LIRCMOP11,MATCHED_FIXED_DE_PARETO,1,COMPLETE,NOT_COMPUTED_NO_EXECUTED_EVENTS,,0,0,0,0,1
r8c-0608-7773d2e8242cd548,608,E1_STATIC,LIRCMOP11,MATCHED_JDE_STYLE_PARETO,1,COMPLETE,NOT_COMPUTED_NO_EXECUTED_EVENTS,,0,0,0,0,1
r8c-0609-186542c7ee8ded42,609,E1_STATIC,LIRCMOP11,MATCHED_SHADE_STYLE_PARETO,1,COMPLETE,NOT_COMPUTED_NO_EXECUTED_EVENTS,,0,0,0,0,1
r8c-0610-ea8a414d5cdb9ce9,610,E1_STATIC,LIRCMOP11,JMETALPY_1_7_GDE3_STANDARD_PARETO_DE,1,COMPLETE,NOT_COMPUTED_NO_EXECUTED_EVENTS,,0,0,0,0,1
r8c-0611-d214304036ff5d09,611,E1_STATIC,LIRCMOP11,JMETALPY_1_7_NSGAII_STATIC_CMOEA,1,COMPLETE,NOT_COMPUTED_NO_EXECUTED_EVENTS,,0,0,0,0,1
r8c-0612-0545f3f58416b908,612,E1_STATIC,LIRCMOP11,F22_MG_STATIC,2,COMPLETE,NOT_COMPUTED_NO_EXECUTED_EVENTS,,0,0,0,0,1
r8c-0613-ed971867fa5d2435,613,E1_STATIC,LIRCMOP11,MATCHED_FIXED_DE_PARETO,2,COMPLETE,NOT_COMPUTED_NO_EXECUTED_EVENTS,,0,0,0,0,1
r8c-0614-caaec07c72194cb1,614,E1_STATIC,LIRCMOP11,MATCHED_JDE_STYLE_PARETO,2,COMPLETE,NOT_COMPUTED_NO_EXECUTED_EVENTS,,0,0,0,0,1
r8c-0615-dfa744dfb03b99aa,615,E1_STATIC,LIRCMOP11,MATCHED_SHADE_STYLE_PARETO,2,COMPLETE,NOT_COMPUTED_NO_EXECUTED_EVENTS,,0,0,0,0,1
r8c-0616-72dc68f59c8ce5a1,616,E1_STATIC,LIRCMOP11,JMETALPY_1_7_GDE3_STANDARD_PARETO_DE,2,COMPLETE,NOT_COMPUTED_NO_EXECUTED_EVENTS,,0,0,0,0,1
r8c-0617-30ca84105be5d3d4,617,E1_STATIC,LIRCMOP11,JMETALPY_1_7_NSGAII_STATIC_CMOEA,2,COMPLETE,NOT_COMPUTED_NO_EXECUTED_EVENTS,,0,0,0,0,1
r8c-0618-c6b31a6602af215a,618,E1_STATIC,LIRCMOP11,F22_MG_STATIC,3,COMPLETE,NOT_COMPUTED_NO_EXECUTED_EVENTS,,0,0,0,0,1
r8c-0619-7994061d5728e908,619,E1_STATIC,LIRCMOP11,MATCHED_FIXED_DE_PARETO,3,COMPLETE,NOT_COMPUTED_NO_EXECUTED_EVENTS,,0,0,0,0,1
r8c-0620-b1867e9067e4b4dc,620,E1_STATIC,LIRCMOP11,MATCHED_JDE_STYLE_PARETO,3,COMPLETE,NOT_COMPUTED_NO_EXECUTED_EVENTS,,0,0,0,0,1
r8c-0621-4f92e2e9747bbddb,621,E1_STATIC,LIRCMOP11,MATCHED_SHADE_STYLE_PARETO,3,COMPLETE,NOT_COMPUTED_NO_EXECUTED_EVENTS,,0,0,0,0,1
r8c-0622-6c17fba2435f70d0,622,E1_STATIC,LIRCMOP11,JMETALPY_1_7_GDE3_STANDARD_PARETO_DE,3,COMPLETE,NOT_COMPUTED_NO_EXECUTED_EVENTS,,0,0,0,0,1
r8c-0623-bd40c4c55be92f69,623,E1_STATIC,LIRCMOP11,JMETALPY_1_7_NSGAII_STATIC_CMOEA,3,COMPLETE,NOT_COMPUTED_NO_EXECUTED_EVENTS,,0,0,0,0,1
r8c-0624-b06901ab86fb9ea9,624,E1_STATIC,LIRCMOP11,F22_MG_STATIC,4,COMPLETE,NOT_COMPUTED_NO_EXECUTED_EVENTS,,0,0,0,0,1
r8c-0625-d6eadfcfda9d3d05,625,E1_STATIC,LIRCMOP11,MATCHED_FIXED_DE_PARETO,4,COMPLETE,NOT_COMPUTED_NO_EXECUTED_EVENTS,,0,0,0,0,1
r8c-0626-f89a7a31bc983592,626,E1_STATIC,LIRCMOP11,MATCHED_JDE_STYLE_PARETO,4,COMPLETE,NOT_COMPUTED_NO_EXECUTED_EVENTS,,0,0,0,0,1
r8c-0627-2c495d66f958a28c,627,E1_STATIC,LIRCMOP11,MATCHED_SHADE_STYLE_PARETO,4,COMPLETE,NOT_COMPUTED_NO_EXECUTED_EVENTS,,0,0,0,0,1
r8c-0628-61d50258bd9dcb72,628,E1_STATIC,LIRCMOP11,JMETALPY_1_7_GDE3_STANDARD_PARETO_DE,4,COMPLETE,NOT_COMPUTED_NO_EXECUTED_EVENTS,,0,0,0,0,1
r8c-0629-62975b4f106701d3,629,E1_STATIC,LIRCMOP11,JMETALPY_1_7_NSGAII_STATIC_CMOEA,4,COMPLETE,NOT_COMPUTED_NO_EXECUTED_EVENTS,,0,0,0,0,1
r8c-0630-d751fcf8faf0c3c3,630,E1_STATIC,LIRCMOP11,F22_MG_STATIC,5,COMPLETE,NOT_COMPUTED_NO_EXECUTED_EVENTS,,0,0,0,0,1
r8c-0631-0ec45aa40da351f3,631,E1_STATIC,LIRCMOP11,MATCHED_FIXED_DE_PARETO,5,COMPLETE,NOT_COMPUTED_NO_EXECUTED_EVENTS,,0,0,0,0,1
r8c-0632-265135f0effd0b47,632,E1_STATIC,LIRCMOP11,MATCHED_JDE_STYLE_PARETO,5,COMPLETE,NOT_COMPUTED_NO_EXECUTED_EVENTS,,0,0,0,0,1
r8c-0633-cd3be2067a694106,633,E1_STATIC,LIRCMOP11,MATCHED_SHADE_STYLE_PARETO,5,COMPLETE,NOT_COMPUTED_NO_EXECUTED_EVENTS,,0,0,0,0,1
r8c-0634-0a6dc35281e97e4c,634,E1_STATIC,LIRCMOP11,JMETALPY_1_7_GDE3_STANDARD_PARETO_DE,5,COMPLETE,NOT_COMPUTED_NO_EXECUTED_EVENTS,,0,0,0,0,1
r8c-0635-5cce19308cf6f215,635,E1_STATIC,LIRCMOP11,JMETALPY_1_7_NSGAII_STATIC_CMOEA,5,COMPLETE,NOT_COMPUTED_NO_EXECUTED_EVENTS,,0,0,0,0,1
r8c-0636-ae433ef3a326aacd,636,E1_STATIC,LIRCMOP11,F22_MG_STATIC,6,COMPLETE,NOT_COMPUTED_NO_EXECUTED_EVENTS,,0,0,0,0,1
r8c-0637-1824d8de6b4d3a80,637,E1_STATIC,LIRCMOP11,MATCHED_FIXED_DE_PARETO,6,COMPLETE,NOT_COMPUTED_NO_EXECUTED_EVENTS,,0,0,0,0,1
r8c-0638-d53b2237c9e71ac7,638,E1_STATIC,LIRCMOP11,MATCHED_JDE_STYLE_PARETO,6,COMPLETE,NOT_COMPUTED_NO_EXECUTED_EVENTS,,0,0,0,0,1
r8c-0639-a81bf7a01e2132a1,639,E1_STATIC,LIRCMOP11,MATCHED_SHADE_STYLE_PARETO,6,COMPLETE,NOT_COMPUTED_NO_EXECUTED_EVENTS,,0,0,0,0,1
r8c-0640-93d1e97e01551660,640,E1_STATIC,LIRCMOP11,JMETALPY_1_7_GDE3_STANDARD_PARETO_DE,6,COMPLETE,NOT_COMPUTED_NO_EXECUTED_EVENTS,,0,0,0,0,1
r8c-0641-ad111bce53fd698d,641,E1_STATIC,LIRCMOP11,JMETALPY_1_7_NSGAII_STATIC_CMOEA,6,COMPLETE,NOT_COMPUTED_NO_EXECUTED_EVENTS,,0,0,0,0,1
r8c-0642-d7aea27b2078ddf4,642,E1_STATIC,LIRCMOP11,F22_MG_STATIC,7,COMPLETE,NOT_COMPUTED_NO_EXECUTED_EVENTS,,0,0,0,0,1
r8c-0643-216008577282e4f3,643,E1_STATIC,LIRCMOP11,MATCHED_FIXED_DE_PARETO,7,COMPLETE,NOT_COMPUTED_NO_EXECUTED_EVENTS,,0,0,0,0,1
r8c-0644-fc389e358c4d9beb,644,E1_STATIC,LIRCMOP11,MATCHED_JDE_STYLE_PARETO,7,COMPLETE,NOT_COMPUTED_NO_EXECUTED_EVENTS,,0,0,0,0,1
r8c-0645-80598c0dea426483,645,E1_STATIC,LIRCMOP11,MATCHED_SHADE_STYLE_PARETO,7,COMPLETE,NOT_COMPUTED_NO_EXECUTED_EVENTS,,0,0,0,0,1
r8c-0646-98bb86fab0f814b1,646,E1_STATIC,LIRCMOP11,JMETALPY_1_7_GDE3_STANDARD_PARETO_DE,7,COMPLETE,NOT_COMPUTED_NO_EXECUTED_EVENTS,,0,0,0,0,1
r8c-0647-f1495cd1bdf1cfc6,647,E1_STATIC,LIRCMOP11,JMETALPY_1_7_NSGAII_STATIC_CMOEA,7,COMPLETE,NOT_COMPUTED_NO_EXECUTED_EVENTS,,0,0,0,0,1
r8c-0648-5d5ee7ac9eea2358,648,E1_STATIC,LIRCMOP11,F22_MG_STATIC,8,COMPLETE,NOT_COMPUTED_NO_EXECUTED_EVENTS,,0,0,0,0,1
r8c-0649-cc2661649afc752a,649,E1_STATIC,LIRCMOP11,MATCHED_FIXED_DE_PARETO,8,COMPLETE,NOT_COMPUTED_NO_EXECUTED_EVENTS,,0,0,0,0,1
r8c-0650-a41adb8d9d746077,650,E1_STATIC,LIRCMOP11,MATCHED_JDE_STYLE_PARETO,8,COMPLETE,NOT_COMPUTED_NO_EXECUTED_EVENTS,,0,0,0,0,1
r8c-0651-0907090b95f17775,651,E1_STATIC,LIRCMOP11,MATCHED_SHADE_STYLE_PARETO,8,COMPLETE,NOT_COMPUTED_NO_EXECUTED_EVENTS,,0,0,0,0,1
r8c-0652-c768385726b1981c,652,E1_STATIC,LIRCMOP11,JMETALPY_1_7_GDE3_STANDARD_PARETO_DE,8,COMPLETE,NOT_COMPUTED_NO_EXECUTED_EVENTS,,0,0,0,0,1
r8c-0653-c4175178f7e536be,653,E1_STATIC,LIRCMOP11,JMETALPY_1_7_NSGAII_STATIC_CMOEA,8,COMPLETE,NOT_COMPUTED_NO_EXECUTED_EVENTS,,0,0,0,0,1
r8c-0654-53e2d6cbbd89b8ac,654,E1_STATIC,LIRCMOP11,F22_MG_STATIC,9,COMPLETE,NOT_COMPUTED_NO_EXECUTED_EVENTS,,0,0,0,0,1
r8c-0655-fbe583f4251cd9bd,655,E1_STATIC,LIRCMOP11,MATCHED_FIXED_DE_PARETO,9,COMPLETE,NOT_COMPUTED_NO_EXECUTED_EVENTS,,0,0,0,0,1
r8c-0656-49519783c190f578,656,E1_STATIC,LIRCMOP11,MATCHED_JDE_STYLE_PARETO,9,COMPLETE,NOT_COMPUTED_NO_EXECUTED_EVENTS,,0,0,0,0,1
r8c-0657-47f0969c976c869b,657,E1_STATIC,LIRCMOP11,MATCHED_SHADE_STYLE_PARETO,9,COMPLETE,NOT_COMPUTED_NO_EXECUTED_EVENTS,,0,0,0,0,1
r8c-0658-e819cfb98840c007,658,E1_STATIC,LIRCMOP11,JMETALPY_1_7_GDE3_STANDARD_PARETO_DE,9,COMPLETE,NOT_COMPUTED_NO_EXECUTED_EVENTS,,0,0,0,0,1
r8c-0659-125be108c5a9f94f,659,E1_STATIC,LIRCMOP11,JMETALPY_1_7_NSGAII_STATIC_CMOEA,9,COMPLETE,NOT_COMPUTED_NO_EXECUTED_EVENTS,,0,0,0,0,1
r8c-0660-33af3f34294f3549,660,E1_STATIC,LIRCMOP12,F22_MG_STATIC,0,COMPLETE,NOT_COMPUTED_NO_EXECUTED_EVENTS,,0,0,0,0,1
r8c-0661-24e965bc9c56fd39,661,E1_STATIC,LIRCMOP12,MATCHED_FIXED_DE_PARETO,0,COMPLETE,NOT_COMPUTED_NO_EXECUTED_EVENTS,,0,0,0,0,1
r8c-0662-a9544278dc9f99c7,662,E1_STATIC,LIRCMOP12,MATCHED_JDE_STYLE_PARETO,0,COMPLETE,NOT_COMPUTED_NO_EXECUTED_EVENTS,,0,0,0,0,1
r8c-0663-fa80fe6297779958,663,E1_STATIC,LIRCMOP12,MATCHED_SHADE_STYLE_PARETO,0,COMPLETE,NOT_COMPUTED_NO_EXECUTED_EVENTS,,0,0,0,0,1
r8c-0664-b1b371a0629c8302,664,E1_STATIC,LIRCMOP12,JMETALPY_1_7_GDE3_STANDARD_PARETO_DE,0,COMPLETE,NOT_COMPUTED_NO_EXECUTED_EVENTS,,0,0,0,0,1
r8c-0665-f14127c96f3b9176,665,E1_STATIC,LIRCMOP12,JMETALPY_1_7_NSGAII_STATIC_CMOEA,0,COMPLETE,NOT_COMPUTED_NO_EXECUTED_EVENTS,,0,0,0,0,1
r8c-0666-2942d683424d95f6,666,E1_STATIC,LIRCMOP12,F22_MG_STATIC,1,COMPLETE,NOT_COMPUTED_NO_EXECUTED_EVENTS,,0,0,0,0,1
r8c-0667-de609df90b4f9bde,667,E1_STATIC,LIRCMOP12,MATCHED_FIXED_DE_PARETO,1,COMPLETE,NOT_COMPUTED_NO_EXECUTED_EVENTS,,0,0,0,0,1
r8c-0668-ec25b98f605b016f,668,E1_STATIC,LIRCMOP12,MATCHED_JDE_STYLE_PARETO,1,COMPLETE,NOT_COMPUTED_NO_EXECUTED_EVENTS,,0,0,0,0,1
r8c-0669-c3c7ac979699b59d,669,E1_STATIC,LIRCMOP12,MATCHED_SHADE_STYLE_PARETO,1,COMPLETE,NOT_COMPUTED_NO_EXECUTED_EVENTS,,0,0,0,0,1
r8c-0670-343e06c1ff6bd6de,670,E1_STATIC,LIRCMOP12,JMETALPY_1_7_GDE3_STANDARD_PARETO_DE,1,COMPLETE,NOT_COMPUTED_NO_EXECUTED_EVENTS,,0,0,0,0,1
r8c-0671-1412def45bc1751f,671,E1_STATIC,LIRCMOP12,JMETALPY_1_7_NSGAII_STATIC_CMOEA,1,COMPLETE,NOT_COMPUTED_NO_EXECUTED_EVENTS,,0,0,0,0,1
r8c-0672-91595db01d315397,672,E1_STATIC,LIRCMOP12,F22_MG_STATIC,2,COMPLETE,NOT_COMPUTED_NO_EXECUTED_EVENTS,,0,0,0,0,1
r8c-0673-56e09dc989bdf1e6,673,E1_STATIC,LIRCMOP12,MATCHED_FIXED_DE_PARETO,2,COMPLETE,NOT_COMPUTED_NO_EXECUTED_EVENTS,,0,0,0,0,1
r8c-0674-4e43641f8c3bbb94,674,E1_STATIC,LIRCMOP12,MATCHED_JDE_STYLE_PARETO,2,COMPLETE,NOT_COMPUTED_NO_EXECUTED_EVENTS,,0,0,0,0,1
r8c-0675-e1182f7df84f8c04,675,E1_STATIC,LIRCMOP12,MATCHED_SHADE_STYLE_PARETO,2,COMPLETE,NOT_COMPUTED_NO_EXECUTED_EVENTS,,0,0,0,0,1
r8c-0676-71fdd79bd69dd149,676,E1_STATIC,LIRCMOP12,JMETALPY_1_7_GDE3_STANDARD_PARETO_DE,2,COMPLETE,NOT_COMPUTED_NO_EXECUTED_EVENTS,,0,0,0,0,1
r8c-0677-b41418fe52dc5393,677,E1_STATIC,LIRCMOP12,JMETALPY_1_7_NSGAII_STATIC_CMOEA,2,COMPLETE,NOT_COMPUTED_NO_EXECUTED_EVENTS,,0,0,0,0,1
r8c-0678-4d9d7244e90d6d62,678,E1_STATIC,LIRCMOP12,F22_MG_STATIC,3,COMPLETE,NOT_COMPUTED_NO_EXECUTED_EVENTS,,0,0,0,0,1
r8c-0679-da4412cab87f6734,679,E1_STATIC,LIRCMOP12,MATCHED_FIXED_DE_PARETO,3,COMPLETE,NOT_COMPUTED_NO_EXECUTED_EVENTS,,0,0,0,0,1
r8c-0680-956369f85df173e7,680,E1_STATIC,LIRCMOP12,MATCHED_JDE_STYLE_PARETO,3,COMPLETE,NOT_COMPUTED_NO_EXECUTED_EVENTS,,0,0,0,0,1
r8c-0681-b10ab3752aa9942d,681,E1_STATIC,LIRCMOP12,MATCHED_SHADE_STYLE_PARETO,3,COMPLETE,NOT_COMPUTED_NO_EXECUTED_EVENTS,,0,0,0,0,1
r8c-0682-cd98f0d382cc1fb6,682,E1_STATIC,LIRCMOP12,JMETALPY_1_7_GDE3_STANDARD_PARETO_DE,3,COMPLETE,NOT_COMPUTED_NO_EXECUTED_EVENTS,,0,0,0,0,1
r8c-0683-e2ea5c584626dc61,683,E1_STATIC,LIRCMOP12,JMETALPY_1_7_NSGAII_STATIC_CMOEA,3,COMPLETE,NOT_COMPUTED_NO_EXECUTED_EVENTS,,0,0,0,0,1
r8c-0684-684b13e3796531fc,684,E1_STATIC,LIRCMOP12,F22_MG_STATIC,4,COMPLETE,NOT_COMPUTED_NO_EXECUTED_EVENTS,,0,0,0,0,1
r8c-0685-c06ff1a401e0f808,685,E1_STATIC,LIRCMOP12,MATCHED_FIXED_DE_PARETO,4,COMPLETE,NOT_COMPUTED_NO_EXECUTED_EVENTS,,0,0,0,0,1
r8c-0686-058226d160104428,686,E1_STATIC,LIRCMOP12,MATCHED_JDE_STYLE_PARETO,4,COMPLETE,NOT_COMPUTED_NO_EXECUTED_EVENTS,,0,0,0,0,1
r8c-0687-0f4adb331200d956,687,E1_STATIC,LIRCMOP12,MATCHED_SHADE_STYLE_PARETO,4,COMPLETE,NOT_COMPUTED_NO_EXECUTED_EVENTS,,0,0,0,0,1
r8c-0688-2d78236d26b1ee31,688,E1_STATIC,LIRCMOP12,JMETALPY_1_7_GDE3_STANDARD_PARETO_DE,4,COMPLETE,NOT_COMPUTED_NO_EXECUTED_EVENTS,,0,0,0,0,1
r8c-0689-cb256012598e17f9,689,E1_STATIC,LIRCMOP12,JMETALPY_1_7_NSGAII_STATIC_CMOEA,4,COMPLETE,NOT_COMPUTED_NO_EXECUTED_EVENTS,,0,0,0,0,1
r8c-0690-102c30d14a1607f8,690,E1_STATIC,LIRCMOP12,F22_MG_STATIC,5,COMPLETE,NOT_COMPUTED_NO_EXECUTED_EVENTS,,0,0,0,0,1
r8c-0691-d193a35266065b14,691,E1_STATIC,LIRCMOP12,MATCHED_FIXED_DE_PARETO,5,COMPLETE,NOT_COMPUTED_NO_EXECUTED_EVENTS,,0,0,0,0,1
r8c-0692-6411f203cab38706,692,E1_STATIC,LIRCMOP12,MATCHED_JDE_STYLE_PARETO,5,COMPLETE,NOT_COMPUTED_NO_EXECUTED_EVENTS,,0,0,0,0,1
r8c-0693-15bce4fb1a192ce3,693,E1_STATIC,LIRCMOP12,MATCHED_SHADE_STYLE_PARETO,5,COMPLETE,NOT_COMPUTED_NO_EXECUTED_EVENTS,,0,0,0,0,1
r8c-0694-16f20b72d991313d,694,E1_STATIC,LIRCMOP12,JMETALPY_1_7_GDE3_STANDARD_PARETO_DE,5,COMPLETE,NOT_COMPUTED_NO_EXECUTED_EVENTS,,0,0,0,0,1
r8c-0695-9bf4c25a9fea616a,695,E1_STATIC,LIRCMOP12,JMETALPY_1_7_NSGAII_STATIC_CMOEA,5,COMPLETE,NOT_COMPUTED_NO_EXECUTED_EVENTS,,0,0,0,0,1
r8c-0696-fdfef4487de5c712,696,E1_STATIC,LIRCMOP12,F22_MG_STATIC,6,COMPLETE,NOT_COMPUTED_NO_EXECUTED_EVENTS,,0,0,0,0,1
r8c-0697-9fe38b718cb5aeb2,697,E1_STATIC,LIRCMOP12,MATCHED_FIXED_DE_PARETO,6,COMPLETE,NOT_COMPUTED_NO_EXECUTED_EVENTS,,0,0,0,0,1
r8c-0698-6264142e1afead6a,698,E1_STATIC,LIRCMOP12,MATCHED_JDE_STYLE_PARETO,6,COMPLETE,NOT_COMPUTED_NO_EXECUTED_EVENTS,,0,0,0,0,1
r8c-0699-7ffcbe06a7ff85a3,699,E1_STATIC,LIRCMOP12,MATCHED_SHADE_STYLE_PARETO,6,COMPLETE,NOT_COMPUTED_NO_EXECUTED_EVENTS,,0,0,0,0,1
r8c-0700-a204afa2c96f8553,700,E1_STATIC,LIRCMOP12,JMETALPY_1_7_GDE3_STANDARD_PARETO_DE,6,COMPLETE,NOT_COMPUTED_NO_EXECUTED_EVENTS,,0,0,0,0,1
r8c-0701-cee2877d42df961b,701,E1_STATIC,LIRCMOP12,JMETALPY_1_7_NSGAII_STATIC_CMOEA,6,COMPLETE,NOT_COMPUTED_NO_EXECUTED_EVENTS,,0,0,0,0,1
r8c-0702-c9a8f5fb63811d21,702,E1_STATIC,LIRCMOP12,F22_MG_STATIC,7,COMPLETE,NOT_COMPUTED_NO_EXECUTED_EVENTS,,0,0,0,0,1
r8c-0703-2efb6ea7c34c958a,703,E1_STATIC,LIRCMOP12,MATCHED_FIXED_DE_PARETO,7,COMPLETE,NOT_COMPUTED_NO_EXECUTED_EVENTS,,0,0,0,0,1
r8c-0704-e53fb1a027f6ea82,704,E1_STATIC,LIRCMOP12,MATCHED_JDE_STYLE_PARETO,7,COMPLETE,NOT_COMPUTED_NO_EXECUTED_EVENTS,,0,0,0,0,1
r8c-0705-05b615d8a64b9416,705,E1_STATIC,LIRCMOP12,MATCHED_SHADE_STYLE_PARETO,7,COMPLETE,NOT_COMPUTED_NO_EXECUTED_EVENTS,,0,0,0,0,1
r8c-0706-ee654f03ce086f7e,706,E1_STATIC,LIRCMOP12,JMETALPY_1_7_GDE3_STANDARD_PARETO_DE,7,COMPLETE,NOT_COMPUTED_NO_EXECUTED_EVENTS,,0,0,0,0,1
r8c-0707-51568ca777377778,707,E1_STATIC,LIRCMOP12,JMETALPY_1_7_NSGAII_STATIC_CMOEA,7,COMPLETE,NOT_COMPUTED_NO_EXECUTED_EVENTS,,0,0,0,0,1
r8c-0708-a6945e5cd93b44d0,708,E1_STATIC,LIRCMOP12,F22_MG_STATIC,8,COMPLETE,NOT_COMPUTED_NO_EXECUTED_EVENTS,,0,0,0,0,1
r8c-0709-622b481536453ef6,709,E1_STATIC,LIRCMOP12,MATCHED_FIXED_DE_PARETO,8,COMPLETE,NOT_COMPUTED_NO_EXECUTED_EVENTS,,0,0,0,0,1
r8c-0710-4b75f649255c667a,710,E1_STATIC,LIRCMOP12,MATCHED_JDE_STYLE_PARETO,8,COMPLETE,NOT_COMPUTED_NO_EXECUTED_EVENTS,,0,0,0,0,1
r8c-0711-60888599cdf8fea4,711,E1_STATIC,LIRCMOP12,MATCHED_SHADE_STYLE_PARETO,8,COMPLETE,NOT_COMPUTED_NO_EXECUTED_EVENTS,,0,0,0,0,1
r8c-0712-f793b6b779a035da,712,E1_STATIC,LIRCMOP12,JMETALPY_1_7_GDE3_STANDARD_PARETO_DE,8,COMPLETE,NOT_COMPUTED_NO_EXECUTED_EVENTS,,0,0,0,0,1
r8c-0713-90a0dd7cacb565a8,713,E1_STATIC,LIRCMOP12,JMETALPY_1_7_NSGAII_STATIC_CMOEA,8,COMPLETE,NOT_COMPUTED_NO_EXECUTED_EVENTS,,0,0,0,0,1
r8c-0714-40621c9d0fa8f683,714,E1_STATIC,LIRCMOP12,F22_MG_STATIC,9,COMPLETE,NOT_COMPUTED_NO_EXECUTED_EVENTS,,0,0,0,0,1
r8c-0715-666c8bdc97379cd0,715,E1_STATIC,LIRCMOP12,MATCHED_FIXED_DE_PARETO,9,COMPLETE,NOT_COMPUTED_NO_EXECUTED_EVENTS,,0,0,0,0,1
r8c-0716-01660700288468dc,716,E1_STATIC,LIRCMOP12,MATCHED_JDE_STYLE_PARETO,9,COMPLETE,NOT_COMPUTED_NO_EXECUTED_EVENTS,,0,0,0,0,1
r8c-0717-95692b1d94b1152e,717,E1_STATIC,LIRCMOP12,MATCHED_SHADE_STYLE_PARETO,9,COMPLETE,NOT_COMPUTED_NO_EXECUTED_EVENTS,,0,0,0,0,1
r8c-0718-d61870ab4200e2b7,718,E1_STATIC,LIRCMOP12,JMETALPY_1_7_GDE3_STANDARD_PARETO_DE,9,COMPLETE,NOT_COMPUTED_NO_EXECUTED_EVENTS,,0,0,0,0,1
r8c-0719-b9060abffb122d20,719,E1_STATIC,LIRCMOP12,JMETALPY_1_7_NSGAII_STATIC_CMOEA,9,COMPLETE,NOT_COMPUTED_NO_EXECUTED_EVENTS,,0,0,0,0,1
r8c-0720-ed4d06d62efd5db5,720,E1_STATIC,LIRCMOP13,F22_MG_STATIC,0,COMPLETE,NOT_COMPUTED_NO_EXECUTED_EVENTS,,0,0,0,0,1
r8c-0721-c791013fcd3bb1e5,721,E1_STATIC,LIRCMOP13,MATCHED_FIXED_DE_PARETO,0,COMPLETE,NOT_COMPUTED_NO_EXECUTED_EVENTS,,0,0,0,0,1
r8c-0722-7e03875df0c74877,722,E1_STATIC,LIRCMOP13,MATCHED_JDE_STYLE_PARETO,0,COMPLETE,NOT_COMPUTED_NO_EXECUTED_EVENTS,,0,0,0,0,1
r8c-0723-b51f4a69a5e3a157,723,E1_STATIC,LIRCMOP13,MATCHED_SHADE_STYLE_PARETO,0,COMPLETE,NOT_COMPUTED_NO_EXECUTED_EVENTS,,0,0,0,0,1
r8c-0724-f50e3aa54985e71b,724,E1_STATIC,LIRCMOP13,JMETALPY_1_7_GDE3_STANDARD_PARETO_DE,0,COMPLETE,NOT_COMPUTED_NO_EXECUTED_EVENTS,,0,0,0,0,1
r8c-0725-57229d6913fdd0a5,725,E1_STATIC,LIRCMOP13,JMETALPY_1_7_NSGAII_STATIC_CMOEA,0,COMPLETE,NOT_COMPUTED_NO_EXECUTED_EVENTS,,0,0,0,0,1
r8c-0726-162007975c7ba285,726,E1_STATIC,LIRCMOP13,F22_MG_STATIC,1,COMPLETE,NOT_COMPUTED_NO_EXECUTED_EVENTS,,0,0,0,0,1
r8c-0727-895782f084fe030c,727,E1_STATIC,LIRCMOP13,MATCHED_FIXED_DE_PARETO,1,COMPLETE,NOT_COMPUTED_NO_EXECUTED_EVENTS,,0,0,0,0,1
r8c-0728-76e94ee58c8e63fe,728,E1_STATIC,LIRCMOP13,MATCHED_JDE_STYLE_PARETO,1,COMPLETE,NOT_COMPUTED_NO_EXECUTED_EVENTS,,0,0,0,0,1
r8c-0729-af2333010563ea9c,729,E1_STATIC,LIRCMOP13,MATCHED_SHADE_STYLE_PARETO,1,COMPLETE,NOT_COMPUTED_NO_EXECUTED_EVENTS,,0,0,0,0,1
r8c-0730-ff49b14a69b410cc,730,E1_STATIC,LIRCMOP13,JMETALPY_1_7_GDE3_STANDARD_PARETO_DE,1,COMPLETE,NOT_COMPUTED_NO_EXECUTED_EVENTS,,0,0,0,0,1
r8c-0731-cfc3ebcfab88c783,731,E1_STATIC,LIRCMOP13,JMETALPY_1_7_NSGAII_STATIC_CMOEA,1,COMPLETE,NOT_COMPUTED_NO_EXECUTED_EVENTS,,0,0,0,0,1
r8c-0732-573b1921a360b961,732,E1_STATIC,LIRCMOP13,F22_MG_STATIC,2,COMPLETE,NOT_COMPUTED_NO_EXECUTED_EVENTS,,0,0,0,0,1
r8c-0733-7a8aa4daebcedb6b,733,E1_STATIC,LIRCMOP13,MATCHED_FIXED_DE_PARETO,2,COMPLETE,NOT_COMPUTED_NO_EXECUTED_EVENTS,,0,0,0,0,1
r8c-0734-2925950c092afb2b,734,E1_STATIC,LIRCMOP13,MATCHED_JDE_STYLE_PARETO,2,COMPLETE,NOT_COMPUTED_NO_EXECUTED_EVENTS,,0,0,0,0,1
r8c-0735-3e65590611547c54,735,E1_STATIC,LIRCMOP13,MATCHED_SHADE_STYLE_PARETO,2,COMPLETE,NOT_COMPUTED_NO_EXECUTED_EVENTS,,0,0,0,0,1
r8c-0736-2d7de345504df766,736,E1_STATIC,LIRCMOP13,JMETALPY_1_7_GDE3_STANDARD_PARETO_DE,2,COMPLETE,NOT_COMPUTED_NO_EXECUTED_EVENTS,,0,0,0,0,1
r8c-0737-30807ea447801134,737,E1_STATIC,LIRCMOP13,JMETALPY_1_7_NSGAII_STATIC_CMOEA,2,COMPLETE,NOT_COMPUTED_NO_EXECUTED_EVENTS,,0,0,0,0,1
r8c-0738-e50e2dfe3fe83958,738,E1_STATIC,LIRCMOP13,F22_MG_STATIC,3,COMPLETE,NOT_COMPUTED_NO_EXECUTED_EVENTS,,0,0,0,0,1
r8c-0739-bb79edcf178da15c,739,E1_STATIC,LIRCMOP13,MATCHED_FIXED_DE_PARETO,3,COMPLETE,NOT_COMPUTED_NO_EXECUTED_EVENTS,,0,0,0,0,1
r8c-0740-5c6af7bf84262f1b,740,E1_STATIC,LIRCMOP13,MATCHED_JDE_STYLE_PARETO,3,COMPLETE,NOT_COMPUTED_NO_EXECUTED_EVENTS,,0,0,0,0,1
r8c-0741-89f0dd046dcf1f12,741,E1_STATIC,LIRCMOP13,MATCHED_SHADE_STYLE_PARETO,3,COMPLETE,NOT_COMPUTED_NO_EXECUTED_EVENTS,,0,0,0,0,1
r8c-0742-2a0990efcc5b0f19,742,E1_STATIC,LIRCMOP13,JMETALPY_1_7_GDE3_STANDARD_PARETO_DE,3,COMPLETE,NOT_COMPUTED_NO_EXECUTED_EVENTS,,0,0,0,0,1
r8c-0743-0f49a482d176490d,743,E1_STATIC,LIRCMOP13,JMETALPY_1_7_NSGAII_STATIC_CMOEA,3,COMPLETE,NOT_COMPUTED_NO_EXECUTED_EVENTS,,0,0,0,0,1
r8c-0744-201d09987c76ee5e,744,E1_STATIC,LIRCMOP13,F22_MG_STATIC,4,COMPLETE,NOT_COMPUTED_NO_EXECUTED_EVENTS,,0,0,0,0,1
r8c-0745-38465c7ee451f9b0,745,E1_STATIC,LIRCMOP13,MATCHED_FIXED_DE_PARETO,4,COMPLETE,NOT_COMPUTED_NO_EXECUTED_EVENTS,,0,0,0,0,1
r8c-0746-608c4c0f83a9b189,746,E1_STATIC,LIRCMOP13,MATCHED_JDE_STYLE_PARETO,4,COMPLETE,NOT_COMPUTED_NO_EXECUTED_EVENTS,,0,0,0,0,1
r8c-0747-ec2fd473901397ae,747,E1_STATIC,LIRCMOP13,MATCHED_SHADE_STYLE_PARETO,4,COMPLETE,NOT_COMPUTED_NO_EXECUTED_EVENTS,,0,0,0,0,1
r8c-0748-7a3b2be54614c540,748,E1_STATIC,LIRCMOP13,JMETALPY_1_7_GDE3_STANDARD_PARETO_DE,4,COMPLETE,NOT_COMPUTED_NO_EXECUTED_EVENTS,,0,0,0,0,1
r8c-0749-a0627eec057445c4,749,E1_STATIC,LIRCMOP13,JMETALPY_1_7_NSGAII_STATIC_CMOEA,4,COMPLETE,NOT_COMPUTED_NO_EXECUTED_EVENTS,,0,0,0,0,1
r8c-0750-57bc0bffd85b3bda,750,E1_STATIC,LIRCMOP13,F22_MG_STATIC,5,COMPLETE,NOT_COMPUTED_NO_EXECUTED_EVENTS,,0,0,0,0,1
r8c-0751-3897abaa14459acf,751,E1_STATIC,LIRCMOP13,MATCHED_FIXED_DE_PARETO,5,COMPLETE,NOT_COMPUTED_NO_EXECUTED_EVENTS,,0,0,0,0,1
r8c-0752-a712e2152b00faec,752,E1_STATIC,LIRCMOP13,MATCHED_JDE_STYLE_PARETO,5,COMPLETE,NOT_COMPUTED_NO_EXECUTED_EVENTS,,0,0,0,0,1
r8c-0753-8411053aab379289,753,E1_STATIC,LIRCMOP13,MATCHED_SHADE_STYLE_PARETO,5,COMPLETE,NOT_COMPUTED_NO_EXECUTED_EVENTS,,0,0,0,0,1
r8c-0754-cb0b2156b6142aa5,754,E1_STATIC,LIRCMOP13,JMETALPY_1_7_GDE3_STANDARD_PARETO_DE,5,COMPLETE,NOT_COMPUTED_NO_EXECUTED_EVENTS,,0,0,0,0,1
r8c-0755-d32be13e9e775cf6,755,E1_STATIC,LIRCMOP13,JMETALPY_1_7_NSGAII_STATIC_CMOEA,5,COMPLETE,NOT_COMPUTED_NO_EXECUTED_EVENTS,,0,0,0,0,1
r8c-0756-24812b6fa32031f7,756,E1_STATIC,LIRCMOP13,F22_MG_STATIC,6,COMPLETE,NOT_COMPUTED_NO_EXECUTED_EVENTS,,0,0,0,0,1
r8c-0757-55aabc20924e207f,757,E1_STATIC,LIRCMOP13,MATCHED_FIXED_DE_PARETO,6,COMPLETE,NOT_COMPUTED_NO_EXECUTED_EVENTS,,0,0,0,0,1
r8c-0758-7dd080c9ae3b7257,758,E1_STATIC,LIRCMOP13,MATCHED_JDE_STYLE_PARETO,6,COMPLETE,NOT_COMPUTED_NO_EXECUTED_EVENTS,,0,0,0,0,1
r8c-0759-5f68f81134b5c4ad,759,E1_STATIC,LIRCMOP13,MATCHED_SHADE_STYLE_PARETO,6,COMPLETE,NOT_COMPUTED_NO_EXECUTED_EVENTS,,0,0,0,0,1
r8c-0760-a1b1adfd8ff5e3b6,760,E1_STATIC,LIRCMOP13,JMETALPY_1_7_GDE3_STANDARD_PARETO_DE,6,COMPLETE,NOT_COMPUTED_NO_EXECUTED_EVENTS,,0,0,0,0,1
r8c-0761-601f6709b69abf5b,761,E1_STATIC,LIRCMOP13,JMETALPY_1_7_NSGAII_STATIC_CMOEA,6,COMPLETE,NOT_COMPUTED_NO_EXECUTED_EVENTS,,0,0,0,0,1
r8c-0762-f091f99b199ea4a8,762,E1_STATIC,LIRCMOP13,F22_MG_STATIC,7,COMPLETE,NOT_COMPUTED_NO_EXECUTED_EVENTS,,0,0,0,0,1
r8c-0763-b711383338d859be,763,E1_STATIC,LIRCMOP13,MATCHED_FIXED_DE_PARETO,7,COMPLETE,NOT_COMPUTED_NO_EXECUTED_EVENTS,,0,0,0,0,1
r8c-0764-333665f8ba672306,764,E1_STATIC,LIRCMOP13,MATCHED_JDE_STYLE_PARETO,7,COMPLETE,NOT_COMPUTED_NO_EXECUTED_EVENTS,,0,0,0,0,1
r8c-0765-2dd4b83f939e8d7f,765,E1_STATIC,LIRCMOP13,MATCHED_SHADE_STYLE_PARETO,7,COMPLETE,NOT_COMPUTED_NO_EXECUTED_EVENTS,,0,0,0,0,1
r8c-0766-85aa93b79037e8f3,766,E1_STATIC,LIRCMOP13,JMETALPY_1_7_GDE3_STANDARD_PARETO_DE,7,COMPLETE,NOT_COMPUTED_NO_EXECUTED_EVENTS,,0,0,0,0,1
r8c-0767-f4b38da839e9e6e9,767,E1_STATIC,LIRCMOP13,JMETALPY_1_7_NSGAII_STATIC_CMOEA,7,COMPLETE,NOT_COMPUTED_NO_EXECUTED_EVENTS,,0,0,0,0,1
r8c-0768-809c16ca04974448,768,E1_STATIC,LIRCMOP13,F22_MG_STATIC,8,COMPLETE,NOT_COMPUTED_NO_EXECUTED_EVENTS,,0,0,0,0,1
r8c-0769-116394642e316419,769,E1_STATIC,LIRCMOP13,MATCHED_FIXED_DE_PARETO,8,COMPLETE,NOT_COMPUTED_NO_EXECUTED_EVENTS,,0,0,0,0,1
r8c-0770-059b5e34fc36065f,770,E1_STATIC,LIRCMOP13,MATCHED_JDE_STYLE_PARETO,8,COMPLETE,NOT_COMPUTED_NO_EXECUTED_EVENTS,,0,0,0,0,1
r8c-0771-092dcb1fd5e697cc,771,E1_STATIC,LIRCMOP13,MATCHED_SHADE_STYLE_PARETO,8,COMPLETE,NOT_COMPUTED_NO_EXECUTED_EVENTS,,0,0,0,0,1
r8c-0772-5b6208914b3bb223,772,E1_STATIC,LIRCMOP13,JMETALPY_1_7_GDE3_STANDARD_PARETO_DE,8,COMPLETE,NOT_COMPUTED_NO_EXECUTED_EVENTS,,0,0,0,0,1
r8c-0773-a573e4d62f79a9bf,773,E1_STATIC,LIRCMOP13,JMETALPY_1_7_NSGAII_STATIC_CMOEA,8,COMPLETE,NOT_COMPUTED_NO_EXECUTED_EVENTS,,0,0,0,0,1
r8c-0774-9f62832d393b6c2a,774,E1_STATIC,LIRCMOP13,F22_MG_STATIC,9,COMPLETE,NOT_COMPUTED_NO_EXECUTED_EVENTS,,0,0,0,0,1
r8c-0775-fd6258ee04da0aea,775,E1_STATIC,LIRCMOP13,MATCHED_FIXED_DE_PARETO,9,COMPLETE,NOT_COMPUTED_NO_EXECUTED_EVENTS,,0,0,0,0,1
r8c-0776-a78de8c7be3ab41a,776,E1_STATIC,LIRCMOP13,MATCHED_JDE_STYLE_PARETO,9,COMPLETE,NOT_COMPUTED_NO_EXECUTED_EVENTS,,0,0,0,0,1
r8c-0777-469ba0b71d0da304,777,E1_STATIC,LIRCMOP13,MATCHED_SHADE_STYLE_PARETO,9,COMPLETE,NOT_COMPUTED_NO_EXECUTED_EVENTS,,0,0,0,0,1
r8c-0778-9c1b3286b171ae45,778,E1_STATIC,LIRCMOP13,JMETALPY_1_7_GDE3_STANDARD_PARETO_DE,9,COMPLETE,NOT_COMPUTED_NO_EXECUTED_EVENTS,,0,0,0,0,1
r8c-0779-3b8068d073875caa,779,E1_STATIC,LIRCMOP13,JMETALPY_1_7_NSGAII_STATIC_CMOEA,9,COMPLETE,NOT_COMPUTED_NO_EXECUTED_EVENTS,,0,0,0,0,1
r8c-0780-6c1e2dce0c87eb57,780,E1_STATIC,LIRCMOP14,F22_MG_STATIC,0,COMPLETE,NOT_COMPUTED_NO_EXECUTED_EVENTS,,0,0,0,0,1
r8c-0781-6ddaab3fbf90f5bf,781,E1_STATIC,LIRCMOP14,MATCHED_FIXED_DE_PARETO,0,COMPLETE,NOT_COMPUTED_NO_EXECUTED_EVENTS,,0,0,0,0,1
r8c-0782-aa03dd9837026941,782,E1_STATIC,LIRCMOP14,MATCHED_JDE_STYLE_PARETO,0,COMPLETE,NOT_COMPUTED_NO_EXECUTED_EVENTS,,0,0,0,0,1
r8c-0783-5a0e067970d99dd9,783,E1_STATIC,LIRCMOP14,MATCHED_SHADE_STYLE_PARETO,0,COMPLETE,NOT_COMPUTED_NO_EXECUTED_EVENTS,,0,0,0,0,1
r8c-0784-9238056a7139d8a1,784,E1_STATIC,LIRCMOP14,JMETALPY_1_7_GDE3_STANDARD_PARETO_DE,0,COMPLETE,NOT_COMPUTED_NO_EXECUTED_EVENTS,,0,0,0,0,1
r8c-0785-a6908339f37a1169,785,E1_STATIC,LIRCMOP14,JMETALPY_1_7_NSGAII_STATIC_CMOEA,0,COMPLETE,NOT_COMPUTED_NO_EXECUTED_EVENTS,,0,0,0,0,1
r8c-0786-b022e5caa9777771,786,E1_STATIC,LIRCMOP14,F22_MG_STATIC,1,COMPLETE,NOT_COMPUTED_NO_EXECUTED_EVENTS,,0,0,0,0,1
r8c-0787-bff780723d62e816,787,E1_STATIC,LIRCMOP14,MATCHED_FIXED_DE_PARETO,1,COMPLETE,NOT_COMPUTED_NO_EXECUTED_EVENTS,,0,0,0,0,1
r8c-0788-00f58024b375193a,788,E1_STATIC,LIRCMOP14,MATCHED_JDE_STYLE_PARETO,1,COMPLETE,NOT_COMPUTED_NO_EXECUTED_EVENTS,,0,0,0,0,1
r8c-0789-79e44fed9fc3548e,789,E1_STATIC,LIRCMOP14,MATCHED_SHADE_STYLE_PARETO,1,COMPLETE,NOT_COMPUTED_NO_EXECUTED_EVENTS,,0,0,0,0,1
r8c-0790-c6bd2d14f47efc63,790,E1_STATIC,LIRCMOP14,JMETALPY_1_7_GDE3_STANDARD_PARETO_DE,1,COMPLETE,NOT_COMPUTED_NO_EXECUTED_EVENTS,,0,0,0,0,1
r8c-0791-85134f03934cc596,791,E1_STATIC,LIRCMOP14,JMETALPY_1_7_NSGAII_STATIC_CMOEA,1,COMPLETE,NOT_COMPUTED_NO_EXECUTED_EVENTS,,0,0,0,0,1
r8c-0792-cdfc012a51457fae,792,E1_STATIC,LIRCMOP14,F22_MG_STATIC,2,COMPLETE,NOT_COMPUTED_NO_EXECUTED_EVENTS,,0,0,0,0,1
r8c-0793-bd1fa26b18d27c61,793,E1_STATIC,LIRCMOP14,MATCHED_FIXED_DE_PARETO,2,COMPLETE,NOT_COMPUTED_NO_EXECUTED_EVENTS,,0,0,0,0,1
r8c-0794-0452a70d4073106e,794,E1_STATIC,LIRCMOP14,MATCHED_JDE_STYLE_PARETO,2,COMPLETE,NOT_COMPUTED_NO_EXECUTED_EVENTS,,0,0,0,0,1
r8c-0795-6673fbb8c24aedd4,795,E1_STATIC,LIRCMOP14,MATCHED_SHADE_STYLE_PARETO,2,COMPLETE,NOT_COMPUTED_NO_EXECUTED_EVENTS,,0,0,0,0,1
r8c-0796-9057bf4126e75988,796,E1_STATIC,LIRCMOP14,JMETALPY_1_7_GDE3_STANDARD_PARETO_DE,2,COMPLETE,NOT_COMPUTED_NO_EXECUTED_EVENTS,,0,0,0,0,1
r8c-0797-68cab71b08a2ba0c,797,E1_STATIC,LIRCMOP14,JMETALPY_1_7_NSGAII_STATIC_CMOEA,2,COMPLETE,NOT_COMPUTED_NO_EXECUTED_EVENTS,,0,0,0,0,1
r8c-0798-9f77362c4270aa42,798,E1_STATIC,LIRCMOP14,F22_MG_STATIC,3,COMPLETE,NOT_COMPUTED_NO_EXECUTED_EVENTS,,0,0,0,0,1
r8c-0799-38acfb2f521e2c13,799,E1_STATIC,LIRCMOP14,MATCHED_FIXED_DE_PARETO,3,COMPLETE,NOT_COMPUTED_NO_EXECUTED_EVENTS,,0,0,0,0,1
r8c-0800-a094661bc1d7d3d8,800,E1_STATIC,LIRCMOP14,MATCHED_JDE_STYLE_PARETO,3,COMPLETE,NOT_COMPUTED_NO_EXECUTED_EVENTS,,0,0,0,0,1
r8c-0801-264b4c0ca6110703,801,E1_STATIC,LIRCMOP14,MATCHED_SHADE_STYLE_PARETO,3,COMPLETE,NOT_COMPUTED_NO_EXECUTED_EVENTS,,0,0,0,0,1
r8c-0802-0ed881181beebaaf,802,E1_STATIC,LIRCMOP14,JMETALPY_1_7_GDE3_STANDARD_PARETO_DE,3,COMPLETE,NOT_COMPUTED_NO_EXECUTED_EVENTS,,0,0,0,0,1
r8c-0803-c99948bc707b8c45,803,E1_STATIC,LIRCMOP14,JMETALPY_1_7_NSGAII_STATIC_CMOEA,3,COMPLETE,NOT_COMPUTED_NO_EXECUTED_EVENTS,,0,0,0,0,1
r8c-0804-206ae85a7b918124,804,E1_STATIC,LIRCMOP14,F22_MG_STATIC,4,COMPLETE,NOT_COMPUTED_NO_EXECUTED_EVENTS,,0,0,0,0,1
r8c-0805-696a75ae917bd40d,805,E1_STATIC,LIRCMOP14,MATCHED_FIXED_DE_PARETO,4,COMPLETE,NOT_COMPUTED_NO_EXECUTED_EVENTS,,0,0,0,0,1
r8c-0806-fc3b3c6aad125c65,806,E1_STATIC,LIRCMOP14,MATCHED_JDE_STYLE_PARETO,4,COMPLETE,NOT_COMPUTED_NO_EXECUTED_EVENTS,,0,0,0,0,1
r8c-0807-6eb16b282f85476c,807,E1_STATIC,LIRCMOP14,MATCHED_SHADE_STYLE_PARETO,4,COMPLETE,NOT_COMPUTED_NO_EXECUTED_EVENTS,,0,0,0,0,1
r8c-0808-5d7475071f1662a5,808,E1_STATIC,LIRCMOP14,JMETALPY_1_7_GDE3_STANDARD_PARETO_DE,4,COMPLETE,NOT_COMPUTED_NO_EXECUTED_EVENTS,,0,0,0,0,1
r8c-0809-2ce50d61298bc38c,809,E1_STATIC,LIRCMOP14,JMETALPY_1_7_NSGAII_STATIC_CMOEA,4,COMPLETE,NOT_COMPUTED_NO_EXECUTED_EVENTS,,0,0,0,0,1
r8c-0810-757e377f55d8b8c2,810,E1_STATIC,LIRCMOP14,F22_MG_STATIC,5,COMPLETE,NOT_COMPUTED_NO_EXECUTED_EVENTS,,0,0,0,0,1
r8c-0811-58b8cbb20ef80463,811,E1_STATIC,LIRCMOP14,MATCHED_FIXED_DE_PARETO,5,COMPLETE,NOT_COMPUTED_NO_EXECUTED_EVENTS,,0,0,0,0,1
r8c-0812-17915b9fe0e137a6,812,E1_STATIC,LIRCMOP14,MATCHED_JDE_STYLE_PARETO,5,COMPLETE,NOT_COMPUTED_NO_EXECUTED_EVENTS,,0,0,0,0,1
r8c-0813-9ae4cb53c79c4185,813,E1_STATIC,LIRCMOP14,MATCHED_SHADE_STYLE_PARETO,5,COMPLETE,NOT_COMPUTED_NO_EXECUTED_EVENTS,,0,0,0,0,1
r8c-0814-dc0a94854ae8fb18,814,E1_STATIC,LIRCMOP14,JMETALPY_1_7_GDE3_STANDARD_PARETO_DE,5,COMPLETE,NOT_COMPUTED_NO_EXECUTED_EVENTS,,0,0,0,0,1
r8c-0815-0a93e73e6bd2a463,815,E1_STATIC,LIRCMOP14,JMETALPY_1_7_NSGAII_STATIC_CMOEA,5,COMPLETE,NOT_COMPUTED_NO_EXECUTED_EVENTS,,0,0,0,0,1
r8c-0816-ecb610fa1bc9b045,816,E1_STATIC,LIRCMOP14,F22_MG_STATIC,6,COMPLETE,NOT_COMPUTED_NO_EXECUTED_EVENTS,,0,0,0,0,1
r8c-0817-08df5dbad90874fd,817,E1_STATIC,LIRCMOP14,MATCHED_FIXED_DE_PARETO,6,COMPLETE,NOT_COMPUTED_NO_EXECUTED_EVENTS,,0,0,0,0,1
r8c-0818-aac4e201415c042f,818,E1_STATIC,LIRCMOP14,MATCHED_JDE_STYLE_PARETO,6,COMPLETE,NOT_COMPUTED_NO_EXECUTED_EVENTS,,0,0,0,0,1
r8c-0819-30b7cd22270077a5,819,E1_STATIC,LIRCMOP14,MATCHED_SHADE_STYLE_PARETO,6,COMPLETE,NOT_COMPUTED_NO_EXECUTED_EVENTS,,0,0,0,0,1
r8c-0820-7b042f5f67bea379,820,E1_STATIC,LIRCMOP14,JMETALPY_1_7_GDE3_STANDARD_PARETO_DE,6,COMPLETE,NOT_COMPUTED_NO_EXECUTED_EVENTS,,0,0,0,0,1
r8c-0821-1ae8bb61ada2b38e,821,E1_STATIC,LIRCMOP14,JMETALPY_1_7_NSGAII_STATIC_CMOEA,6,COMPLETE,NOT_COMPUTED_NO_EXECUTED_EVENTS,,0,0,0,0,1
r8c-0822-f61c68d332e5a556,822,E1_STATIC,LIRCMOP14,F22_MG_STATIC,7,COMPLETE,NOT_COMPUTED_NO_EXECUTED_EVENTS,,0,0,0,0,1
r8c-0823-80727733deca9c59,823,E1_STATIC,LIRCMOP14,MATCHED_FIXED_DE_PARETO,7,COMPLETE,NOT_COMPUTED_NO_EXECUTED_EVENTS,,0,0,0,0,1
r8c-0824-eea212e38719d82b,824,E1_STATIC,LIRCMOP14,MATCHED_JDE_STYLE_PARETO,7,COMPLETE,NOT_COMPUTED_NO_EXECUTED_EVENTS,,0,0,0,0,1
r8c-0825-af7032827276a49e,825,E1_STATIC,LIRCMOP14,MATCHED_SHADE_STYLE_PARETO,7,COMPLETE,NOT_COMPUTED_NO_EXECUTED_EVENTS,,0,0,0,0,1
r8c-0826-6f07f686130fb25e,826,E1_STATIC,LIRCMOP14,JMETALPY_1_7_GDE3_STANDARD_PARETO_DE,7,COMPLETE,NOT_COMPUTED_NO_EXECUTED_EVENTS,,0,0,0,0,1
r8c-0827-60ee314b5e6cc172,827,E1_STATIC,LIRCMOP14,JMETALPY_1_7_NSGAII_STATIC_CMOEA,7,COMPLETE,NOT_COMPUTED_NO_EXECUTED_EVENTS,,0,0,0,0,1
r8c-0828-b5391c12e81a1454,828,E1_STATIC,LIRCMOP14,F22_MG_STATIC,8,COMPLETE,NOT_COMPUTED_NO_EXECUTED_EVENTS,,0,0,0,0,1
r8c-0829-a0271a607c2eb9de,829,E1_STATIC,LIRCMOP14,MATCHED_FIXED_DE_PARETO,8,COMPLETE,NOT_COMPUTED_NO_EXECUTED_EVENTS,,0,0,0,0,1
r8c-0830-47cca17ee96db624,830,E1_STATIC,LIRCMOP14,MATCHED_JDE_STYLE_PARETO,8,COMPLETE,NOT_COMPUTED_NO_EXECUTED_EVENTS,,0,0,0,0,1
r8c-0831-9385fd185c2c82b0,831,E1_STATIC,LIRCMOP14,MATCHED_SHADE_STYLE_PARETO,8,COMPLETE,NOT_COMPUTED_NO_EXECUTED_EVENTS,,0,0,0,0,1
r8c-0832-6750aa2e5acf0418,832,E1_STATIC,LIRCMOP14,JMETALPY_1_7_GDE3_STANDARD_PARETO_DE,8,COMPLETE,NOT_COMPUTED_NO_EXECUTED_EVENTS,,0,0,0,0,1
r8c-0833-26861cba9415634c,833,E1_STATIC,LIRCMOP14,JMETALPY_1_7_NSGAII_STATIC_CMOEA,8,COMPLETE,NOT_COMPUTED_NO_EXECUTED_EVENTS,,0,0,0,0,1
r8c-0834-c9854038efca7c33,834,E1_STATIC,LIRCMOP14,F22_MG_STATIC,9,COMPLETE,NOT_COMPUTED_NO_EXECUTED_EVENTS,,0,0,0,0,1
r8c-0835-12ca396966b116ed,835,E1_STATIC,LIRCMOP14,MATCHED_FIXED_DE_PARETO,9,COMPLETE,NOT_COMPUTED_NO_EXECUTED_EVENTS,,0,0,0,0,1
r8c-0836-81fb1f8066f87d43,836,E1_STATIC,LIRCMOP14,MATCHED_JDE_STYLE_PARETO,9,COMPLETE,NOT_COMPUTED_NO_EXECUTED_EVENTS,,0,0,0,0,1
r8c-0837-5bd5764ba6651d7a,837,E1_STATIC,LIRCMOP14,MATCHED_SHADE_STYLE_PARETO,9,COMPLETE,NOT_COMPUTED_NO_EXECUTED_EVENTS,,0,0,0,0,1
r8c-0838-05269c66fb9fbae7,838,E1_STATIC,LIRCMOP14,JMETALPY_1_7_GDE3_STANDARD_PARETO_DE,9,COMPLETE,NOT_COMPUTED_NO_EXECUTED_EVENTS,,0,0,0,0,1
r8c-0839-1c5c24c52d77133e,839,E1_STATIC,LIRCMOP14,JMETALPY_1_7_NSGAII_STATIC_CMOEA,9,COMPLETE,NOT_COMPUTED_NO_EXECUTED_EVENTS,,0,0,0,0,1
r8c-0840-f34262a9d8ac2ee4,840,E1_DYNAMIC,CDF1/CDF-HARSH,DT-RAMDE_TS2_FULL,0,COMPLETE,NOT_COMPUTED_MISSING_EXECUTION_OBSERVATION,,0,60,0,60,60
r8c-0841-c75d5b9bfb13154a,841,E1_DYNAMIC,CDF1/CDF-HARSH,MATCHED_FIXED_DE_PARETO,0,COMPLETE,NOT_COMPUTED_MISSING_EXECUTION_OBSERVATION,,0,60,0,60,60
r8c-0842-8c8f871edd432601,842,E1_DYNAMIC,CDF1/CDF-HARSH,MATCHED_JDE_STYLE_PARETO,0,COMPLETE,NOT_COMPUTED_MISSING_EXECUTION_OBSERVATION,,0,60,0,60,60
r8c-0843-5d32e91a5c45726e,843,E1_DYNAMIC,CDF1/CDF-HARSH,MATCHED_SHADE_STYLE_PARETO,0,COMPLETE,NOT_COMPUTED_MISSING_EXECUTION_OBSERVATION,,0,60,0,60,60
r8c-0844-8a9f679e09c7a39c,844,E1_DYNAMIC,CDF1/CDF-HARSH,JMETALPY_1_7_GDE3_STANDARD_PARETO_DE,0,COMPLETE,NOT_COMPUTED_MISSING_EXECUTION_OBSERVATION,,0,60,0,60,60
r8c-0845-9f347f3ed78504f7,845,E1_DYNAMIC,CDF1/CDF-HARSH,JMETALPY_1_7_NSGAII_DYNAMIC_RESTART_BRIDGE,0,COMPLETE,NOT_COMPUTED_MISSING_EXECUTION_OBSERVATION,,0,60,0,60,60
r8c-0846-e1217d2c97d29b0e,846,E1_DYNAMIC,CDF1/CDF-HARSH,DT-RAMDE_TS2_FULL,1,COMPLETE,NOT_COMPUTED_MISSING_EXECUTION_OBSERVATION,,0,60,0,60,60
r8c-0847-ea31d6c43986d48a,847,E1_DYNAMIC,CDF1/CDF-HARSH,MATCHED_FIXED_DE_PARETO,1,COMPLETE,NOT_COMPUTED_MISSING_EXECUTION_OBSERVATION,,0,60,0,60,60
r8c-0848-17df0e8ed7bda7c8,848,E1_DYNAMIC,CDF1/CDF-HARSH,MATCHED_JDE_STYLE_PARETO,1,COMPLETE,NOT_COMPUTED_MISSING_EXECUTION_OBSERVATION,,0,60,0,60,60
r8c-0849-385ac0c689278c3f,849,E1_DYNAMIC,CDF1/CDF-HARSH,MATCHED_SHADE_STYLE_PARETO,1,COMPLETE,NOT_COMPUTED_MISSING_EXECUTION_OBSERVATION,,0,60,0,60,60
r8c-0850-f551df2f4d9bd2f2,850,E1_DYNAMIC,CDF1/CDF-HARSH,JMETALPY_1_7_GDE3_STANDARD_PARETO_DE,1,COMPLETE,NOT_COMPUTED_MISSING_EXECUTION_OBSERVATION,,0,60,0,60,60
r8c-0851-4a288086eac7c6b7,851,E1_DYNAMIC,CDF1/CDF-HARSH,JMETALPY_1_7_NSGAII_DYNAMIC_RESTART_BRIDGE,1,COMPLETE,NOT_COMPUTED_MISSING_EXECUTION_OBSERVATION,,0,60,0,60,60
r8c-0852-ebcb5677f447785c,852,E1_DYNAMIC,CDF1/CDF-HARSH,DT-RAMDE_TS2_FULL,2,COMPLETE,NOT_COMPUTED_MISSING_EXECUTION_OBSERVATION,,0,60,0,60,60
r8c-0853-c95462bcd9791b9f,853,E1_DYNAMIC,CDF1/CDF-HARSH,MATCHED_FIXED_DE_PARETO,2,COMPLETE,NOT_COMPUTED_MISSING_EXECUTION_OBSERVATION,,0,60,0,60,60
r8c-0854-38b1b0b8ebc3b0e8,854,E1_DYNAMIC,CDF1/CDF-HARSH,MATCHED_JDE_STYLE_PARETO,2,COMPLETE,NOT_COMPUTED_MISSING_EXECUTION_OBSERVATION,,0,60,0,60,60
r8c-0855-a0616a1b23e34ae4,855,E1_DYNAMIC,CDF1/CDF-HARSH,MATCHED_SHADE_STYLE_PARETO,2,COMPLETE,NOT_COMPUTED_MISSING_EXECUTION_OBSERVATION,,0,60,0,60,60
r8c-0856-9215b304784247fa,856,E1_DYNAMIC,CDF1/CDF-HARSH,JMETALPY_1_7_GDE3_STANDARD_PARETO_DE,2,COMPLETE,NOT_COMPUTED_MISSING_EXECUTION_OBSERVATION,,0,60,0,60,60
r8c-0857-a0cfb43902cccd92,857,E1_DYNAMIC,CDF1/CDF-HARSH,JMETALPY_1_7_NSGAII_DYNAMIC_RESTART_BRIDGE,2,COMPLETE,NOT_COMPUTED_MISSING_EXECUTION_OBSERVATION,,0,60,0,60,60
r8c-0858-53e1e25111304346,858,E1_DYNAMIC,CDF1/CDF-HARSH,DT-RAMDE_TS2_FULL,3,COMPLETE,NOT_COMPUTED_MISSING_EXECUTION_OBSERVATION,,0,60,0,60,60
r8c-0859-4524b49329055238,859,E1_DYNAMIC,CDF1/CDF-HARSH,MATCHED_FIXED_DE_PARETO,3,COMPLETE,NOT_COMPUTED_MISSING_EXECUTION_OBSERVATION,,0,60,0,60,60
r8c-0860-a19b71a9b016e21b,860,E1_DYNAMIC,CDF1/CDF-HARSH,MATCHED_JDE_STYLE_PARETO,3,COMPLETE,NOT_COMPUTED_MISSING_EXECUTION_OBSERVATION,,0,60,0,60,60
r8c-0861-ec399f1afbf5d84d,861,E1_DYNAMIC,CDF1/CDF-HARSH,MATCHED_SHADE_STYLE_PARETO,3,COMPLETE,NOT_COMPUTED_MISSING_EXECUTION_OBSERVATION,,0,60,0,60,60
r8c-0862-331bc1136f07cbec,862,E1_DYNAMIC,CDF1/CDF-HARSH,JMETALPY_1_7_GDE3_STANDARD_PARETO_DE,3,COMPLETE,NOT_COMPUTED_MISSING_EXECUTION_OBSERVATION,,0,60,0,60,60
r8c-0863-ed0b3a5675d06eba,863,E1_DYNAMIC,CDF1/CDF-HARSH,JMETALPY_1_7_NSGAII_DYNAMIC_RESTART_BRIDGE,3,COMPLETE,NOT_COMPUTED_MISSING_EXECUTION_OBSERVATION,,0,60,0,60,60
r8c-0864-19e2fb3f9d8c7eed,864,E1_DYNAMIC,CDF1/CDF-HARSH,DT-RAMDE_TS2_FULL,4,COMPLETE,NOT_COMPUTED_MISSING_EXECUTION_OBSERVATION,,0,60,0,60,60
r8c-0865-b143ad55a8c221d1,865,E1_DYNAMIC,CDF1/CDF-HARSH,MATCHED_FIXED_DE_PARETO,4,COMPLETE,NOT_COMPUTED_MISSING_EXECUTION_OBSERVATION,,0,60,0,60,60
r8c-0866-2cd610afa2ed3be5,866,E1_DYNAMIC,CDF1/CDF-HARSH,MATCHED_JDE_STYLE_PARETO,4,COMPLETE,NOT_COMPUTED_MISSING_EXECUTION_OBSERVATION,,0,60,0,60,60
r8c-0867-2c15c93b94f19dc2,867,E1_DYNAMIC,CDF1/CDF-HARSH,MATCHED_SHADE_STYLE_PARETO,4,COMPLETE,NOT_COMPUTED_MISSING_EXECUTION_OBSERVATION,,0,60,0,60,60
r8c-0868-0bf7ffc5a17a6317,868,E1_DYNAMIC,CDF1/CDF-HARSH,JMETALPY_1_7_GDE3_STANDARD_PARETO_DE,4,COMPLETE,NOT_COMPUTED_MISSING_EXECUTION_OBSERVATION,,0,60,0,60,60
r8c-0869-c1a734dca663b346,869,E1_DYNAMIC,CDF1/CDF-HARSH,JMETALPY_1_7_NSGAII_DYNAMIC_RESTART_BRIDGE,4,COMPLETE,NOT_COMPUTED_MISSING_EXECUTION_OBSERVATION,,0,60,0,60,60
r8c-0870-7b6d468eb884d4ed,870,E1_DYNAMIC,CDF1/CDF-MILD,DT-RAMDE_TS2_FULL,0,COMPLETE,NOT_COMPUTED_MISSING_EXECUTION_OBSERVATION,,0,60,0,60,60
r8c-0871-e0e3206aaa2fee94,871,E1_DYNAMIC,CDF1/CDF-MILD,MATCHED_FIXED_DE_PARETO,0,COMPLETE,NOT_COMPUTED_MISSING_EXECUTION_OBSERVATION,,0,60,0,60,60
r8c-0872-2a2bb15865224095,872,E1_DYNAMIC,CDF1/CDF-MILD,MATCHED_JDE_STYLE_PARETO,0,COMPLETE,NOT_COMPUTED_MISSING_EXECUTION_OBSERVATION,,0,60,0,60,60
r8c-0873-06e8d43f564abe68,873,E1_DYNAMIC,CDF1/CDF-MILD,MATCHED_SHADE_STYLE_PARETO,0,COMPLETE,NOT_COMPUTED_MISSING_EXECUTION_OBSERVATION,,0,60,0,60,60
r8c-0874-c1229bb16641c5a6,874,E1_DYNAMIC,CDF1/CDF-MILD,JMETALPY_1_7_GDE3_STANDARD_PARETO_DE,0,COMPLETE,NOT_COMPUTED_MISSING_EXECUTION_OBSERVATION,,0,60,0,60,60
r8c-0875-b88dd31cbff3eaef,875,E1_DYNAMIC,CDF1/CDF-MILD,JMETALPY_1_7_NSGAII_DYNAMIC_RESTART_BRIDGE,0,COMPLETE,NOT_COMPUTED_MISSING_EXECUTION_OBSERVATION,,0,60,0,60,60
r8c-0876-69b99a7723908088,876,E1_DYNAMIC,CDF1/CDF-MILD,DT-RAMDE_TS2_FULL,1,COMPLETE,NOT_COMPUTED_MISSING_EXECUTION_OBSERVATION,,0,60,0,60,60
r8c-0877-2eec54f270af4bda,877,E1_DYNAMIC,CDF1/CDF-MILD,MATCHED_FIXED_DE_PARETO,1,COMPLETE,NOT_COMPUTED_MISSING_EXECUTION_OBSERVATION,,0,60,0,60,60
r8c-0878-0b5e0f78c3a24f93,878,E1_DYNAMIC,CDF1/CDF-MILD,MATCHED_JDE_STYLE_PARETO,1,COMPLETE,NOT_COMPUTED_MISSING_EXECUTION_OBSERVATION,,0,60,0,60,60
r8c-0879-dd7612574e39e2a5,879,E1_DYNAMIC,CDF1/CDF-MILD,MATCHED_SHADE_STYLE_PARETO,1,COMPLETE,NOT_COMPUTED_MISSING_EXECUTION_OBSERVATION,,0,60,0,60,60
r8c-0880-31925b1d0b7099cf,880,E1_DYNAMIC,CDF1/CDF-MILD,JMETALPY_1_7_GDE3_STANDARD_PARETO_DE,1,COMPLETE,NOT_COMPUTED_MISSING_EXECUTION_OBSERVATION,,0,60,0,60,60
r8c-0881-37b8a7b9d12f0c91,881,E1_DYNAMIC,CDF1/CDF-MILD,JMETALPY_1_7_NSGAII_DYNAMIC_RESTART_BRIDGE,1,COMPLETE,NOT_COMPUTED_MISSING_EXECUTION_OBSERVATION,,0,60,0,60,60
r8c-0882-94858f5c08bae12d,882,E1_DYNAMIC,CDF1/CDF-MILD,DT-RAMDE_TS2_FULL,2,COMPLETE,NOT_COMPUTED_MISSING_EXECUTION_OBSERVATION,,0,60,0,60,60
r8c-0883-78f6ab13156b10c6,883,E1_DYNAMIC,CDF1/CDF-MILD,MATCHED_FIXED_DE_PARETO,2,COMPLETE,NOT_COMPUTED_MISSING_EXECUTION_OBSERVATION,,0,60,0,60,60
r8c-0884-e9c31aaef6e4ab20,884,E1_DYNAMIC,CDF1/CDF-MILD,MATCHED_JDE_STYLE_PARETO,2,COMPLETE,NOT_COMPUTED_MISSING_EXECUTION_OBSERVATION,,0,60,0,60,60
r8c-0885-866461445067d8bb,885,E1_DYNAMIC,CDF1/CDF-MILD,MATCHED_SHADE_STYLE_PARETO,2,COMPLETE,NOT_COMPUTED_MISSING_EXECUTION_OBSERVATION,,0,60,0,60,60
r8c-0886-fcc216094341d46b,886,E1_DYNAMIC,CDF1/CDF-MILD,JMETALPY_1_7_GDE3_STANDARD_PARETO_DE,2,COMPLETE,NOT_COMPUTED_MISSING_EXECUTION_OBSERVATION,,0,60,0,60,60
r8c-0887-09b135579bde72ee,887,E1_DYNAMIC,CDF1/CDF-MILD,JMETALPY_1_7_NSGAII_DYNAMIC_RESTART_BRIDGE,2,COMPLETE,NOT_COMPUTED_MISSING_EXECUTION_OBSERVATION,,0,60,0,60,60
r8c-0888-756a00070d0409e0,888,E1_DYNAMIC,CDF1/CDF-MILD,DT-RAMDE_TS2_FULL,3,COMPLETE,NOT_COMPUTED_MISSING_EXECUTION_OBSERVATION,,0,60,0,60,60
r8c-0889-29e82e567527d9c7,889,E1_DYNAMIC,CDF1/CDF-MILD,MATCHED_FIXED_DE_PARETO,3,COMPLETE,NOT_COMPUTED_MISSING_EXECUTION_OBSERVATION,,0,60,0,60,60
r8c-0890-e825867c0ad37ca5,890,E1_DYNAMIC,CDF1/CDF-MILD,MATCHED_JDE_STYLE_PARETO,3,COMPLETE,NOT_COMPUTED_MISSING_EXECUTION_OBSERVATION,,0,60,0,60,60
r8c-0891-93da56b965b1a5fe,891,E1_DYNAMIC,CDF1/CDF-MILD,MATCHED_SHADE_STYLE_PARETO,3,COMPLETE,NOT_COMPUTED_MISSING_EXECUTION_OBSERVATION,,0,60,0,60,60
r8c-0892-662f7900c51c04e2,892,E1_DYNAMIC,CDF1/CDF-MILD,JMETALPY_1_7_GDE3_STANDARD_PARETO_DE,3,COMPLETE,NOT_COMPUTED_MISSING_EXECUTION_OBSERVATION,,0,60,0,60,60
r8c-0893-a22ac4f58f945849,893,E1_DYNAMIC,CDF1/CDF-MILD,JMETALPY_1_7_NSGAII_DYNAMIC_RESTART_BRIDGE,3,COMPLETE,NOT_COMPUTED_MISSING_EXECUTION_OBSERVATION,,0,60,0,60,60
r8c-0894-1b54b8d000ac4e61,894,E1_DYNAMIC,CDF1/CDF-MILD,DT-RAMDE_TS2_FULL,4,COMPLETE,NOT_COMPUTED_MISSING_EXECUTION_OBSERVATION,,0,60,0,60,60
r8c-0895-a34ab1a082c9e2f4,895,E1_DYNAMIC,CDF1/CDF-MILD,MATCHED_FIXED_DE_PARETO,4,COMPLETE,NOT_COMPUTED_MISSING_EXECUTION_OBSERVATION,,0,60,0,60,60
r8c-0896-744928bbf996fd5d,896,E1_DYNAMIC,CDF1/CDF-MILD,MATCHED_JDE_STYLE_PARETO,4,COMPLETE,NOT_COMPUTED_MISSING_EXECUTION_OBSERVATION,,0,60,0,60,60
r8c-0897-cd53296435c3899e,897,E1_DYNAMIC,CDF1/CDF-MILD,MATCHED_SHADE_STYLE_PARETO,4,COMPLETE,NOT_COMPUTED_MISSING_EXECUTION_OBSERVATION,,0,60,0,60,60
r8c-0898-3b93fc0266d01c7d,898,E1_DYNAMIC,CDF1/CDF-MILD,JMETALPY_1_7_GDE3_STANDARD_PARETO_DE,4,COMPLETE,NOT_COMPUTED_MISSING_EXECUTION_OBSERVATION,,0,60,0,60,60
r8c-0899-175b6dfe6c31002b,899,E1_DYNAMIC,CDF1/CDF-MILD,JMETALPY_1_7_NSGAII_DYNAMIC_RESTART_BRIDGE,4,COMPLETE,NOT_COMPUTED_MISSING_EXECUTION_OBSERVATION,,0,60,0,60,60
r8c-0900-844237da159dd0dd,900,E1_DYNAMIC,CDF2/CDF-HARSH,DT-RAMDE_TS2_FULL,0,COMPLETE,NOT_COMPUTED_MISSING_EXECUTION_OBSERVATION,,0,60,0,60,60
r8c-0901-0c98c3eeb5917c54,901,E1_DYNAMIC,CDF2/CDF-HARSH,MATCHED_FIXED_DE_PARETO,0,COMPLETE,NOT_COMPUTED_MISSING_EXECUTION_OBSERVATION,,0,60,0,60,60
r8c-0902-1c86ceba7d547ce8,902,E1_DYNAMIC,CDF2/CDF-HARSH,MATCHED_JDE_STYLE_PARETO,0,COMPLETE,NOT_COMPUTED_MISSING_EXECUTION_OBSERVATION,,0,60,0,60,60
r8c-0903-f77a8aef62dd93e8,903,E1_DYNAMIC,CDF2/CDF-HARSH,MATCHED_SHADE_STYLE_PARETO,0,COMPLETE,NOT_COMPUTED_MISSING_EXECUTION_OBSERVATION,,0,60,0,60,60
r8c-0904-0283dd021d76433d,904,E1_DYNAMIC,CDF2/CDF-HARSH,JMETALPY_1_7_GDE3_STANDARD_PARETO_DE,0,COMPLETE,NOT_COMPUTED_MISSING_EXECUTION_OBSERVATION,,0,60,0,60,60
r8c-0905-ef4798ecf638bb63,905,E1_DYNAMIC,CDF2/CDF-HARSH,JMETALPY_1_7_NSGAII_DYNAMIC_RESTART_BRIDGE,0,COMPLETE,NOT_COMPUTED_MISSING_EXECUTION_OBSERVATION,,0,60,0,60,60
r8c-0906-6f53905ea9b1870e,906,E1_DYNAMIC,CDF2/CDF-HARSH,DT-RAMDE_TS2_FULL,1,COMPLETE,NOT_COMPUTED_MISSING_EXECUTION_OBSERVATION,,0,60,0,60,60
r8c-0907-eb806ed095b75bca,907,E1_DYNAMIC,CDF2/CDF-HARSH,MATCHED_FIXED_DE_PARETO,1,COMPLETE,NOT_COMPUTED_MISSING_EXECUTION_OBSERVATION,,0,60,0,60,60
r8c-0908-3f6367c8944e4dd2,908,E1_DYNAMIC,CDF2/CDF-HARSH,MATCHED_JDE_STYLE_PARETO,1,COMPLETE,NOT_COMPUTED_MISSING_EXECUTION_OBSERVATION,,0,60,0,60,60
r8c-0909-6f086040a963a093,909,E1_DYNAMIC,CDF2/CDF-HARSH,MATCHED_SHADE_STYLE_PARETO,1,COMPLETE,NOT_COMPUTED_MISSING_EXECUTION_OBSERVATION,,0,60,0,60,60
r8c-0910-b892d6fc0a4b7c09,910,E1_DYNAMIC,CDF2/CDF-HARSH,JMETALPY_1_7_GDE3_STANDARD_PARETO_DE,1,COMPLETE,NOT_COMPUTED_MISSING_EXECUTION_OBSERVATION,,0,60,0,60,60
r8c-0911-1e1bb4bf83694b76,911,E1_DYNAMIC,CDF2/CDF-HARSH,JMETALPY_1_7_NSGAII_DYNAMIC_RESTART_BRIDGE,1,COMPLETE,NOT_COMPUTED_MISSING_EXECUTION_OBSERVATION,,0,60,0,60,60
r8c-0912-a0c05c6d510300a9,912,E1_DYNAMIC,CDF2/CDF-HARSH,DT-RAMDE_TS2_FULL,2,COMPLETE,NOT_COMPUTED_MISSING_EXECUTION_OBSERVATION,,0,60,0,60,60
r8c-0913-236e0fbcada4b515,913,E1_DYNAMIC,CDF2/CDF-HARSH,MATCHED_FIXED_DE_PARETO,2,COMPLETE,NOT_COMPUTED_MISSING_EXECUTION_OBSERVATION,,0,60,0,60,60
r8c-0914-0602b098dc048ed4,914,E1_DYNAMIC,CDF2/CDF-HARSH,MATCHED_JDE_STYLE_PARETO,2,COMPLETE,NOT_COMPUTED_MISSING_EXECUTION_OBSERVATION,,0,60,0,60,60
r8c-0915-ca88ee773af0afd7,915,E1_DYNAMIC,CDF2/CDF-HARSH,MATCHED_SHADE_STYLE_PARETO,2,COMPLETE,NOT_COMPUTED_MISSING_EXECUTION_OBSERVATION,,0,60,0,60,60
r8c-0916-fd2bac337fdb1453,916,E1_DYNAMIC,CDF2/CDF-HARSH,JMETALPY_1_7_GDE3_STANDARD_PARETO_DE,2,COMPLETE,NOT_COMPUTED_MISSING_EXECUTION_OBSERVATION,,0,60,0,60,60
r8c-0917-bc02f4fc547e8579,917,E1_DYNAMIC,CDF2/CDF-HARSH,JMETALPY_1_7_NSGAII_DYNAMIC_RESTART_BRIDGE,2,COMPLETE,NOT_COMPUTED_MISSING_EXECUTION_OBSERVATION,,0,60,0,60,60
r8c-0918-06d3e07991487998,918,E1_DYNAMIC,CDF2/CDF-HARSH,DT-RAMDE_TS2_FULL,3,COMPLETE,NOT_COMPUTED_MISSING_EXECUTION_OBSERVATION,,0,60,0,60,60
r8c-0919-34cbb253bd0f1263,919,E1_DYNAMIC,CDF2/CDF-HARSH,MATCHED_FIXED_DE_PARETO,3,COMPLETE,NOT_COMPUTED_MISSING_EXECUTION_OBSERVATION,,0,60,0,60,60
r8c-0920-59c5ff0df6d071fd,920,E1_DYNAMIC,CDF2/CDF-HARSH,MATCHED_JDE_STYLE_PARETO,3,COMPLETE,NOT_COMPUTED_MISSING_EXECUTION_OBSERVATION,,0,60,0,60,60
r8c-0921-36efdf234b817705,921,E1_DYNAMIC,CDF2/CDF-HARSH,MATCHED_SHADE_STYLE_PARETO,3,COMPLETE,NOT_COMPUTED_MISSING_EXECUTION_OBSERVATION,,0,60,0,60,60
r8c-0922-d2b1dbb8198eaed9,922,E1_DYNAMIC,CDF2/CDF-HARSH,JMETALPY_1_7_GDE3_STANDARD_PARETO_DE,3,COMPLETE,NOT_COMPUTED_MISSING_EXECUTION_OBSERVATION,,0,60,0,60,60
r8c-0923-f71ede643f288479,923,E1_DYNAMIC,CDF2/CDF-HARSH,JMETALPY_1_7_NSGAII_DYNAMIC_RESTART_BRIDGE,3,COMPLETE,NOT_COMPUTED_MISSING_EXECUTION_OBSERVATION,,0,60,0,60,60
r8c-0924-ad15fb1b572092ed,924,E1_DYNAMIC,CDF2/CDF-HARSH,DT-RAMDE_TS2_FULL,4,COMPLETE,NOT_COMPUTED_MISSING_EXECUTION_OBSERVATION,,0,60,0,60,60
r8c-0925-08b14d280db6fad6,925,E1_DYNAMIC,CDF2/CDF-HARSH,MATCHED_FIXED_DE_PARETO,4,COMPLETE,NOT_COMPUTED_MISSING_EXECUTION_OBSERVATION,,0,60,0,60,60
r8c-0926-f8a6ff632879e4e3,926,E1_DYNAMIC,CDF2/CDF-HARSH,MATCHED_JDE_STYLE_PARETO,4,COMPLETE,NOT_COMPUTED_MISSING_EXECUTION_OBSERVATION,,0,60,0,60,60
r8c-0927-fe158241e660dcf9,927,E1_DYNAMIC,CDF2/CDF-HARSH,MATCHED_SHADE_STYLE_PARETO,4,COMPLETE,NOT_COMPUTED_MISSING_EXECUTION_OBSERVATION,,0,60,0,60,60
r8c-0928-6644173bb7420056,928,E1_DYNAMIC,CDF2/CDF-HARSH,JMETALPY_1_7_GDE3_STANDARD_PARETO_DE,4,COMPLETE,NOT_COMPUTED_MISSING_EXECUTION_OBSERVATION,,0,60,0,60,60
r8c-0929-a3780a14f5e6ee54,929,E1_DYNAMIC,CDF2/CDF-HARSH,JMETALPY_1_7_NSGAII_DYNAMIC_RESTART_BRIDGE,4,COMPLETE,NOT_COMPUTED_MISSING_EXECUTION_OBSERVATION,,0,60,0,60,60
r8c-0930-ded1d26197d770ba,930,E1_DYNAMIC,CDF2/CDF-MILD,DT-RAMDE_TS2_FULL,0,COMPLETE,NOT_COMPUTED_MISSING_EXECUTION_OBSERVATION,,0,60,0,60,60
r8c-0931-259a9da66c1babfd,931,E1_DYNAMIC,CDF2/CDF-MILD,MATCHED_FIXED_DE_PARETO,0,COMPLETE,NOT_COMPUTED_MISSING_EXECUTION_OBSERVATION,,0,60,0,60,60
r8c-0932-61574c1d0229dafe,932,E1_DYNAMIC,CDF2/CDF-MILD,MATCHED_JDE_STYLE_PARETO,0,COMPLETE,NOT_COMPUTED_MISSING_EXECUTION_OBSERVATION,,0,60,0,60,60
r8c-0933-d8c190d65bd862e8,933,E1_DYNAMIC,CDF2/CDF-MILD,MATCHED_SHADE_STYLE_PARETO,0,COMPLETE,NOT_COMPUTED_MISSING_EXECUTION_OBSERVATION,,0,60,0,60,60
r8c-0934-cfcf3484512a74c9,934,E1_DYNAMIC,CDF2/CDF-MILD,JMETALPY_1_7_GDE3_STANDARD_PARETO_DE,0,COMPLETE,NOT_COMPUTED_MISSING_EXECUTION_OBSERVATION,,0,60,0,60,60
r8c-0935-dc73ab2fe9ac36a5,935,E1_DYNAMIC,CDF2/CDF-MILD,JMETALPY_1_7_NSGAII_DYNAMIC_RESTART_BRIDGE,0,COMPLETE,NOT_COMPUTED_MISSING_EXECUTION_OBSERVATION,,0,60,0,60,60
r8c-0936-daa753aea81a4219,936,E1_DYNAMIC,CDF2/CDF-MILD,DT-RAMDE_TS2_FULL,1,COMPLETE,NOT_COMPUTED_MISSING_EXECUTION_OBSERVATION,,0,60,0,60,60
r8c-0937-67aae5fdb2ac8099,937,E1_DYNAMIC,CDF2/CDF-MILD,MATCHED_FIXED_DE_PARETO,1,COMPLETE,NOT_COMPUTED_MISSING_EXECUTION_OBSERVATION,,0,60,0,60,60
r8c-0938-c5044b2774fb6cda,938,E1_DYNAMIC,CDF2/CDF-MILD,MATCHED_JDE_STYLE_PARETO,1,COMPLETE,NOT_COMPUTED_MISSING_EXECUTION_OBSERVATION,,0,60,0,60,60
r8c-0939-897f157ad9537e34,939,E1_DYNAMIC,CDF2/CDF-MILD,MATCHED_SHADE_STYLE_PARETO,1,COMPLETE,NOT_COMPUTED_MISSING_EXECUTION_OBSERVATION,,0,60,0,60,60
r8c-0940-a56759d52c54a853,940,E1_DYNAMIC,CDF2/CDF-MILD,JMETALPY_1_7_GDE3_STANDARD_PARETO_DE,1,COMPLETE,NOT_COMPUTED_MISSING_EXECUTION_OBSERVATION,,0,60,0,60,60
r8c-0941-c4e08a8a4e379998,941,E1_DYNAMIC,CDF2/CDF-MILD,JMETALPY_1_7_NSGAII_DYNAMIC_RESTART_BRIDGE,1,COMPLETE,NOT_COMPUTED_MISSING_EXECUTION_OBSERVATION,,0,60,0,60,60
r8c-0942-8d3428c196c1d4b0,942,E1_DYNAMIC,CDF2/CDF-MILD,DT-RAMDE_TS2_FULL,2,COMPLETE,NOT_COMPUTED_MISSING_EXECUTION_OBSERVATION,,0,60,0,60,60
r8c-0943-63f65c033684ef1a,943,E1_DYNAMIC,CDF2/CDF-MILD,MATCHED_FIXED_DE_PARETO,2,COMPLETE,NOT_COMPUTED_MISSING_EXECUTION_OBSERVATION,,0,60,0,60,60
r8c-0944-e19556f1186d6c42,944,E1_DYNAMIC,CDF2/CDF-MILD,MATCHED_JDE_STYLE_PARETO,2,COMPLETE,NOT_COMPUTED_MISSING_EXECUTION_OBSERVATION,,0,60,0,60,60
r8c-0945-f9fa51edcd1ca9bc,945,E1_DYNAMIC,CDF2/CDF-MILD,MATCHED_SHADE_STYLE_PARETO,2,COMPLETE,NOT_COMPUTED_MISSING_EXECUTION_OBSERVATION,,0,60,0,60,60
r8c-0946-95da873c8f095c6c,946,E1_DYNAMIC,CDF2/CDF-MILD,JMETALPY_1_7_GDE3_STANDARD_PARETO_DE,2,COMPLETE,NOT_COMPUTED_MISSING_EXECUTION_OBSERVATION,,0,60,0,60,60
r8c-0947-75116db19e24f048,947,E1_DYNAMIC,CDF2/CDF-MILD,JMETALPY_1_7_NSGAII_DYNAMIC_RESTART_BRIDGE,2,COMPLETE,NOT_COMPUTED_MISSING_EXECUTION_OBSERVATION,,0,60,0,60,60
r8c-0948-1c4f3c8b3a309b53,948,E1_DYNAMIC,CDF2/CDF-MILD,DT-RAMDE_TS2_FULL,3,COMPLETE,NOT_COMPUTED_MISSING_EXECUTION_OBSERVATION,,0,60,0,60,60
r8c-0949-a919d9e6e60f5529,949,E1_DYNAMIC,CDF2/CDF-MILD,MATCHED_FIXED_DE_PARETO,3,COMPLETE,NOT_COMPUTED_MISSING_EXECUTION_OBSERVATION,,0,60,0,60,60
r8c-0950-81b1198fb42d18ef,950,E1_DYNAMIC,CDF2/CDF-MILD,MATCHED_JDE_STYLE_PARETO,3,COMPLETE,NOT_COMPUTED_MISSING_EXECUTION_OBSERVATION,,0,60,0,60,60
r8c-0951-8e0f3ca06b5f3b2c,951,E1_DYNAMIC,CDF2/CDF-MILD,MATCHED_SHADE_STYLE_PARETO,3,COMPLETE,NOT_COMPUTED_MISSING_EXECUTION_OBSERVATION,,0,60,0,60,60
r8c-0952-68960a69143972ea,952,E1_DYNAMIC,CDF2/CDF-MILD,JMETALPY_1_7_GDE3_STANDARD_PARETO_DE,3,COMPLETE,NOT_COMPUTED_MISSING_EXECUTION_OBSERVATION,,0,60,0,60,60
r8c-0953-fc49afe906ada4e4,953,E1_DYNAMIC,CDF2/CDF-MILD,JMETALPY_1_7_NSGAII_DYNAMIC_RESTART_BRIDGE,3,COMPLETE,NOT_COMPUTED_MISSING_EXECUTION_OBSERVATION,,0,60,0,60,60
r8c-0954-f42e9e55aab95566,954,E1_DYNAMIC,CDF2/CDF-MILD,DT-RAMDE_TS2_FULL,4,COMPLETE,NOT_COMPUTED_MISSING_EXECUTION_OBSERVATION,,0,60,0,60,60
r8c-0955-a2d16dd80fcb1b18,955,E1_DYNAMIC,CDF2/CDF-MILD,MATCHED_FIXED_DE_PARETO,4,COMPLETE,NOT_COMPUTED_MISSING_EXECUTION_OBSERVATION,,0,60,0,60,60
r8c-0956-0da5683829ace534,956,E1_DYNAMIC,CDF2/CDF-MILD,MATCHED_JDE_STYLE_PARETO,4,COMPLETE,NOT_COMPUTED_MISSING_EXECUTION_OBSERVATION,,0,60,0,60,60
r8c-0957-ff852540047fc226,957,E1_DYNAMIC,CDF2/CDF-MILD,MATCHED_SHADE_STYLE_PARETO,4,COMPLETE,NOT_COMPUTED_MISSING_EXECUTION_OBSERVATION,,0,60,0,60,60
r8c-0958-b56cbc302de706a3,958,E1_DYNAMIC,CDF2/CDF-MILD,JMETALPY_1_7_GDE3_STANDARD_PARETO_DE,4,COMPLETE,NOT_COMPUTED_MISSING_EXECUTION_OBSERVATION,,0,60,0,60,60
r8c-0959-8282cbd9261bcc26,959,E1_DYNAMIC,CDF2/CDF-MILD,JMETALPY_1_7_NSGAII_DYNAMIC_RESTART_BRIDGE,4,COMPLETE,NOT_COMPUTED_MISSING_EXECUTION_OBSERVATION,,0,60,0,60,60
r8c-0960-a6ba39e9601e722e,960,E1_DYNAMIC,CDF3/CDF-HARSH,DT-RAMDE_TS2_FULL,0,COMPLETE,NOT_COMPUTED_MISSING_EXECUTION_OBSERVATION,,0,60,0,60,60
r8c-0961-db121567b1cc9a45,961,E1_DYNAMIC,CDF3/CDF-HARSH,MATCHED_FIXED_DE_PARETO,0,COMPLETE,NOT_COMPUTED_MISSING_EXECUTION_OBSERVATION,,0,60,0,60,60
r8c-0962-ec5ac14b40e88c99,962,E1_DYNAMIC,CDF3/CDF-HARSH,MATCHED_JDE_STYLE_PARETO,0,COMPLETE,NOT_COMPUTED_MISSING_EXECUTION_OBSERVATION,,0,60,0,60,60
r8c-0963-cca8a27bd3925fe4,963,E1_DYNAMIC,CDF3/CDF-HARSH,MATCHED_SHADE_STYLE_PARETO,0,COMPLETE,NOT_COMPUTED_MISSING_EXECUTION_OBSERVATION,,0,60,0,60,60
r8c-0964-8ce6bf0057b76a38,964,E1_DYNAMIC,CDF3/CDF-HARSH,JMETALPY_1_7_GDE3_STANDARD_PARETO_DE,0,COMPLETE,NOT_COMPUTED_MISSING_EXECUTION_OBSERVATION,,0,60,0,60,60
r8c-0965-0ab781aceb57f6b6,965,E1_DYNAMIC,CDF3/CDF-HARSH,JMETALPY_1_7_NSGAII_DYNAMIC_RESTART_BRIDGE,0,COMPLETE,NOT_COMPUTED_MISSING_EXECUTION_OBSERVATION,,0,60,0,60,60
r8c-0966-e74e3743c600d1f7,966,E1_DYNAMIC,CDF3/CDF-HARSH,DT-RAMDE_TS2_FULL,1,COMPLETE,NOT_COMPUTED_MISSING_EXECUTION_OBSERVATION,,0,60,0,60,60
r8c-0967-e782f62b979d3179,967,E1_DYNAMIC,CDF3/CDF-HARSH,MATCHED_FIXED_DE_PARETO,1,COMPLETE,NOT_COMPUTED_MISSING_EXECUTION_OBSERVATION,,0,60,0,60,60
r8c-0968-67be91ef3bc3bd74,968,E1_DYNAMIC,CDF3/CDF-HARSH,MATCHED_JDE_STYLE_PARETO,1,COMPLETE,NOT_COMPUTED_MISSING_EXECUTION_OBSERVATION,,0,60,0,60,60
r8c-0969-2b24f31378685f58,969,E1_DYNAMIC,CDF3/CDF-HARSH,MATCHED_SHADE_STYLE_PARETO,1,COMPLETE,NOT_COMPUTED_MISSING_EXECUTION_OBSERVATION,,0,60,0,60,60
r8c-0970-2b78dc7eb7b3b090,970,E1_DYNAMIC,CDF3/CDF-HARSH,JMETALPY_1_7_GDE3_STANDARD_PARETO_DE,1,COMPLETE,NOT_COMPUTED_MISSING_EXECUTION_OBSERVATION,,0,60,0,60,60
r8c-0971-e878c9642af8a9f1,971,E1_DYNAMIC,CDF3/CDF-HARSH,JMETALPY_1_7_NSGAII_DYNAMIC_RESTART_BRIDGE,1,COMPLETE,NOT_COMPUTED_MISSING_EXECUTION_OBSERVATION,,0,60,0,60,60
r8c-0972-f6099159e5b41bec,972,E1_DYNAMIC,CDF3/CDF-HARSH,DT-RAMDE_TS2_FULL,2,COMPLETE,NOT_COMPUTED_MISSING_EXECUTION_OBSERVATION,,0,60,0,60,60
r8c-0973-680d6e9cf580ea21,973,E1_DYNAMIC,CDF3/CDF-HARSH,MATCHED_FIXED_DE_PARETO,2,COMPLETE,NOT_COMPUTED_MISSING_EXECUTION_OBSERVATION,,0,60,0,60,60
r8c-0974-d5bf33e161f7a409,974,E1_DYNAMIC,CDF3/CDF-HARSH,MATCHED_JDE_STYLE_PARETO,2,COMPLETE,NOT_COMPUTED_MISSING_EXECUTION_OBSERVATION,,0,60,0,60,60
r8c-0975-f6c5614cf0577d3b,975,E1_DYNAMIC,CDF3/CDF-HARSH,MATCHED_SHADE_STYLE_PARETO,2,COMPLETE,NOT_COMPUTED_MISSING_EXECUTION_OBSERVATION,,0,60,0,60,60
r8c-0976-92ed41c88ba9e711,976,E1_DYNAMIC,CDF3/CDF-HARSH,JMETALPY_1_7_GDE3_STANDARD_PARETO_DE,2,COMPLETE,NOT_COMPUTED_MISSING_EXECUTION_OBSERVATION,,0,60,0,60,60
r8c-0977-5ffd22fb0987af8d,977,E1_DYNAMIC,CDF3/CDF-HARSH,JMETALPY_1_7_NSGAII_DYNAMIC_RESTART_BRIDGE,2,COMPLETE,NOT_COMPUTED_MISSING_EXECUTION_OBSERVATION,,0,60,0,60,60
r8c-0978-08e7b871d09b84c1,978,E1_DYNAMIC,CDF3/CDF-HARSH,DT-RAMDE_TS2_FULL,3,COMPLETE,NOT_COMPUTED_MISSING_EXECUTION_OBSERVATION,,0,60,0,60,60
r8c-0979-97a2c263d96cf45f,979,E1_DYNAMIC,CDF3/CDF-HARSH,MATCHED_FIXED_DE_PARETO,3,COMPLETE,NOT_COMPUTED_MISSING_EXECUTION_OBSERVATION,,0,60,0,60,60
r8c-0980-db916e2482e2a1f4,980,E1_DYNAMIC,CDF3/CDF-HARSH,MATCHED_JDE_STYLE_PARETO,3,COMPLETE,NOT_COMPUTED_MISSING_EXECUTION_OBSERVATION,,0,60,0,60,60
r8c-0981-de7a54d745ada533,981,E1_DYNAMIC,CDF3/CDF-HARSH,MATCHED_SHADE_STYLE_PARETO,3,COMPLETE,NOT_COMPUTED_MISSING_EXECUTION_OBSERVATION,,0,60,0,60,60
r8c-0982-88530ba3455134c2,982,E1_DYNAMIC,CDF3/CDF-HARSH,JMETALPY_1_7_GDE3_STANDARD_PARETO_DE,3,COMPLETE,NOT_COMPUTED_MISSING_EXECUTION_OBSERVATION,,0,60,0,60,60
r8c-0983-f60b2ddaca13c4d8,983,E1_DYNAMIC,CDF3/CDF-HARSH,JMETALPY_1_7_NSGAII_DYNAMIC_RESTART_BRIDGE,3,COMPLETE,NOT_COMPUTED_MISSING_EXECUTION_OBSERVATION,,0,60,0,60,60
r8c-0984-d2f06c7cbf72972a,984,E1_DYNAMIC,CDF3/CDF-HARSH,DT-RAMDE_TS2_FULL,4,COMPLETE,NOT_COMPUTED_MISSING_EXECUTION_OBSERVATION,,0,60,0,60,60
r8c-0985-3d39750abf7092e0,985,E1_DYNAMIC,CDF3/CDF-HARSH,MATCHED_FIXED_DE_PARETO,4,COMPLETE,NOT_COMPUTED_MISSING_EXECUTION_OBSERVATION,,0,60,0,60,60
r8c-0986-f9aa44ed72b552b1,986,E1_DYNAMIC,CDF3/CDF-HARSH,MATCHED_JDE_STYLE_PARETO,4,COMPLETE,NOT_COMPUTED_MISSING_EXECUTION_OBSERVATION,,0,60,0,60,60
r8c-0987-62ed5f67edc25fe0,987,E1_DYNAMIC,CDF3/CDF-HARSH,MATCHED_SHADE_STYLE_PARETO,4,COMPLETE,NOT_COMPUTED_MISSING_EXECUTION_OBSERVATION,,0,60,0,60,60
r8c-0988-6560865ff4b47927,988,E1_DYNAMIC,CDF3/CDF-HARSH,JMETALPY_1_7_GDE3_STANDARD_PARETO_DE,4,COMPLETE,NOT_COMPUTED_MISSING_EXECUTION_OBSERVATION,,0,60,0,60,60
r8c-0989-bbe52d7eb2ad3c80,989,E1_DYNAMIC,CDF3/CDF-HARSH,JMETALPY_1_7_NSGAII_DYNAMIC_RESTART_BRIDGE,4,COMPLETE,NOT_COMPUTED_MISSING_EXECUTION_OBSERVATION,,0,60,0,60,60
r8c-0990-46df0cba2676d12b,990,E1_DYNAMIC,CDF3/CDF-MILD,DT-RAMDE_TS2_FULL,0,COMPLETE,NOT_COMPUTED_MISSING_EXECUTION_OBSERVATION,,0,60,0,60,60
r8c-0991-84bdadf8dc87f786,991,E1_DYNAMIC,CDF3/CDF-MILD,MATCHED_FIXED_DE_PARETO,0,COMPLETE,NOT_COMPUTED_MISSING_EXECUTION_OBSERVATION,,0,60,0,60,60
r8c-0992-ae064e51d92fa523,992,E1_DYNAMIC,CDF3/CDF-MILD,MATCHED_JDE_STYLE_PARETO,0,COMPLETE,NOT_COMPUTED_MISSING_EXECUTION_OBSERVATION,,0,60,0,60,60
r8c-0993-7b533cca426f3803,993,E1_DYNAMIC,CDF3/CDF-MILD,MATCHED_SHADE_STYLE_PARETO,0,COMPLETE,NOT_COMPUTED_MISSING_EXECUTION_OBSERVATION,,0,60,0,60,60
r8c-0994-2ae5ca07170e74a2,994,E1_DYNAMIC,CDF3/CDF-MILD,JMETALPY_1_7_GDE3_STANDARD_PARETO_DE,0,COMPLETE,NOT_COMPUTED_MISSING_EXECUTION_OBSERVATION,,0,60,0,60,60
r8c-0995-10d9aa4934272a4b,995,E1_DYNAMIC,CDF3/CDF-MILD,JMETALPY_1_7_NSGAII_DYNAMIC_RESTART_BRIDGE,0,COMPLETE,NOT_COMPUTED_MISSING_EXECUTION_OBSERVATION,,0,60,0,60,60
r8c-0996-58367a593860a669,996,E1_DYNAMIC,CDF3/CDF-MILD,DT-RAMDE_TS2_FULL,1,COMPLETE,NOT_COMPUTED_MISSING_EXECUTION_OBSERVATION,,0,60,0,60,60
r8c-0997-97c9bda53a0c8253,997,E1_DYNAMIC,CDF3/CDF-MILD,MATCHED_FIXED_DE_PARETO,1,COMPLETE,NOT_COMPUTED_MISSING_EXECUTION_OBSERVATION,,0,60,0,60,60
r8c-0998-fa60032214263dfb,998,E1_DYNAMIC,CDF3/CDF-MILD,MATCHED_JDE_STYLE_PARETO,1,COMPLETE,NOT_COMPUTED_MISSING_EXECUTION_OBSERVATION,,0,60,0,60,60
r8c-0999-6af5da270b6ed03e,999,E1_DYNAMIC,CDF3/CDF-MILD,MATCHED_SHADE_STYLE_PARETO,1,COMPLETE,NOT_COMPUTED_MISSING_EXECUTION_OBSERVATION,,0,60,0,60,60
r8c-1000-f0190158b0ea0a12,1000,E1_DYNAMIC,CDF3/CDF-MILD,JMETALPY_1_7_GDE3_STANDARD_PARETO_DE,1,COMPLETE,NOT_COMPUTED_MISSING_EXECUTION_OBSERVATION,,0,60,0,60,60
r8c-1001-1e92cafb519b078b,1001,E1_DYNAMIC,CDF3/CDF-MILD,JMETALPY_1_7_NSGAII_DYNAMIC_RESTART_BRIDGE,1,COMPLETE,NOT_COMPUTED_MISSING_EXECUTION_OBSERVATION,,0,60,0,60,60
r8c-1002-9146c9213e1b273e,1002,E1_DYNAMIC,CDF3/CDF-MILD,DT-RAMDE_TS2_FULL,2,COMPLETE,NOT_COMPUTED_MISSING_EXECUTION_OBSERVATION,,0,60,0,60,60
r8c-1003-7e5f72acb4a50a8a,1003,E1_DYNAMIC,CDF3/CDF-MILD,MATCHED_FIXED_DE_PARETO,2,COMPLETE,NOT_COMPUTED_MISSING_EXECUTION_OBSERVATION,,0,60,0,60,60
r8c-1004-6f563f16a1a7cb8c,1004,E1_DYNAMIC,CDF3/CDF-MILD,MATCHED_JDE_STYLE_PARETO,2,COMPLETE,NOT_COMPUTED_MISSING_EXECUTION_OBSERVATION,,0,60,0,60,60
r8c-1005-55af9fedf8a5a883,1005,E1_DYNAMIC,CDF3/CDF-MILD,MATCHED_SHADE_STYLE_PARETO,2,COMPLETE,NOT_COMPUTED_MISSING_EXECUTION_OBSERVATION,,0,60,0,60,60
r8c-1006-16caed9bf659d8c2,1006,E1_DYNAMIC,CDF3/CDF-MILD,JMETALPY_1_7_GDE3_STANDARD_PARETO_DE,2,COMPLETE,NOT_COMPUTED_MISSING_EXECUTION_OBSERVATION,,0,60,0,60,60
r8c-1007-daa2971500644a40,1007,E1_DYNAMIC,CDF3/CDF-MILD,JMETALPY_1_7_NSGAII_DYNAMIC_RESTART_BRIDGE,2,COMPLETE,NOT_COMPUTED_MISSING_EXECUTION_OBSERVATION,,0,60,0,60,60
r8c-1008-7894041d990ebc24,1008,E1_DYNAMIC,CDF3/CDF-MILD,DT-RAMDE_TS2_FULL,3,COMPLETE,NOT_COMPUTED_MISSING_EXECUTION_OBSERVATION,,0,60,0,60,60
r8c-1009-a224614c7b0f0081,1009,E1_DYNAMIC,CDF3/CDF-MILD,MATCHED_FIXED_DE_PARETO,3,COMPLETE,NOT_COMPUTED_MISSING_EXECUTION_OBSERVATION,,0,60,0,60,60
r8c-1010-9131ec0aa884f3e6,1010,E1_DYNAMIC,CDF3/CDF-MILD,MATCHED_JDE_STYLE_PARETO,3,COMPLETE,NOT_COMPUTED_MISSING_EXECUTION_OBSERVATION,,0,60,0,60,60
r8c-1011-1ff970adaf4a1bf4,1011,E1_DYNAMIC,CDF3/CDF-MILD,MATCHED_SHADE_STYLE_PARETO,3,COMPLETE,NOT_COMPUTED_MISSING_EXECUTION_OBSERVATION,,0,60,0,60,60
r8c-1012-e14562e07530faff,1012,E1_DYNAMIC,CDF3/CDF-MILD,JMETALPY_1_7_GDE3_STANDARD_PARETO_DE,3,COMPLETE,NOT_COMPUTED_MISSING_EXECUTION_OBSERVATION,,0,60,0,60,60
r8c-1013-302414453bdebd7f,1013,E1_DYNAMIC,CDF3/CDF-MILD,JMETALPY_1_7_NSGAII_DYNAMIC_RESTART_BRIDGE,3,COMPLETE,NOT_COMPUTED_MISSING_EXECUTION_OBSERVATION,,0,60,0,60,60
r8c-1014-e5aaf009e24c4bfd,1014,E1_DYNAMIC,CDF3/CDF-MILD,DT-RAMDE_TS2_FULL,4,COMPLETE,NOT_COMPUTED_MISSING_EXECUTION_OBSERVATION,,0,60,0,60,60
r8c-1015-1d707f175593340a,1015,E1_DYNAMIC,CDF3/CDF-MILD,MATCHED_FIXED_DE_PARETO,4,COMPLETE,NOT_COMPUTED_MISSING_EXECUTION_OBSERVATION,,0,60,0,60,60
r8c-1016-e76f935996c9e6a0,1016,E1_DYNAMIC,CDF3/CDF-MILD,MATCHED_JDE_STYLE_PARETO,4,COMPLETE,NOT_COMPUTED_MISSING_EXECUTION_OBSERVATION,,0,60,0,60,60
r8c-1017-b6980e762340450d,1017,E1_DYNAMIC,CDF3/CDF-MILD,MATCHED_SHADE_STYLE_PARETO,4,COMPLETE,NOT_COMPUTED_MISSING_EXECUTION_OBSERVATION,,0,60,0,60,60
r8c-1018-f2bdd13671d3c782,1018,E1_DYNAMIC,CDF3/CDF-MILD,JMETALPY_1_7_GDE3_STANDARD_PARETO_DE,4,COMPLETE,NOT_COMPUTED_MISSING_EXECUTION_OBSERVATION,,0,60,0,60,60
r8c-1019-1ca0f6307fe5c866,1019,E1_DYNAMIC,CDF3/CDF-MILD,JMETALPY_1_7_NSGAII_DYNAMIC_RESTART_BRIDGE,4,COMPLETE,NOT_COMPUTED_MISSING_EXECUTION_OBSERVATION,,0,60,0,60,60
r8c-1020-19f31dff92df0084,1020,E1_DYNAMIC,CDF4/CDF-HARSH,DT-RAMDE_TS2_FULL,0,COMPLETE,NOT_COMPUTED_MISSING_EXECUTION_OBSERVATION,,0,60,0,60,60
r8c-1021-28d45bf80d8d84b7,1021,E1_DYNAMIC,CDF4/CDF-HARSH,MATCHED_FIXED_DE_PARETO,0,COMPLETE,NOT_COMPUTED_MISSING_EXECUTION_OBSERVATION,,0,60,0,60,60
r8c-1022-fb4062885d83af92,1022,E1_DYNAMIC,CDF4/CDF-HARSH,MATCHED_JDE_STYLE_PARETO,0,COMPLETE,NOT_COMPUTED_MISSING_EXECUTION_OBSERVATION,,0,60,0,60,60
r8c-1023-61786d963616e289,1023,E1_DYNAMIC,CDF4/CDF-HARSH,MATCHED_SHADE_STYLE_PARETO,0,COMPLETE,NOT_COMPUTED_MISSING_EXECUTION_OBSERVATION,,0,60,0,60,60
r8c-1024-3902cbf99f32f6ae,1024,E1_DYNAMIC,CDF4/CDF-HARSH,JMETALPY_1_7_GDE3_STANDARD_PARETO_DE,0,COMPLETE,NOT_COMPUTED_MISSING_EXECUTION_OBSERVATION,,0,60,0,60,60
r8c-1025-e16e1ec7d3e29342,1025,E1_DYNAMIC,CDF4/CDF-HARSH,JMETALPY_1_7_NSGAII_DYNAMIC_RESTART_BRIDGE,0,COMPLETE,NOT_COMPUTED_MISSING_EXECUTION_OBSERVATION,,0,60,0,60,60
r8c-1026-4f05f097d45332bc,1026,E1_DYNAMIC,CDF4/CDF-HARSH,DT-RAMDE_TS2_FULL,1,COMPLETE,NOT_COMPUTED_MISSING_EXECUTION_OBSERVATION,,0,60,0,60,60
r8c-1027-9848c85a20e33e49,1027,E1_DYNAMIC,CDF4/CDF-HARSH,MATCHED_FIXED_DE_PARETO,1,COMPLETE,NOT_COMPUTED_MISSING_EXECUTION_OBSERVATION,,0,60,0,60,60
r8c-1028-33b4eaca0fe8fd34,1028,E1_DYNAMIC,CDF4/CDF-HARSH,MATCHED_JDE_STYLE_PARETO,1,COMPLETE,NOT_COMPUTED_MISSING_EXECUTION_OBSERVATION,,0,60,0,60,60
r8c-1029-aa65daff5a3bc007,1029,E1_DYNAMIC,CDF4/CDF-HARSH,MATCHED_SHADE_STYLE_PARETO,1,COMPLETE,NOT_COMPUTED_MISSING_EXECUTION_OBSERVATION,,0,60,0,60,60
r8c-1030-b24e6a36ee7eb472,1030,E1_DYNAMIC,CDF4/CDF-HARSH,JMETALPY_1_7_GDE3_STANDARD_PARETO_DE,1,COMPLETE,NOT_COMPUTED_MISSING_EXECUTION_OBSERVATION,,0,60,0,60,60
r8c-1031-06e00464da972fb6,1031,E1_DYNAMIC,CDF4/CDF-HARSH,JMETALPY_1_7_NSGAII_DYNAMIC_RESTART_BRIDGE,1,COMPLETE,NOT_COMPUTED_MISSING_EXECUTION_OBSERVATION,,0,60,0,60,60
r8c-1032-efed9a003bea879b,1032,E1_DYNAMIC,CDF4/CDF-HARSH,DT-RAMDE_TS2_FULL,2,COMPLETE,NOT_COMPUTED_MISSING_EXECUTION_OBSERVATION,,0,60,0,60,60
r8c-1033-d576f4d4702029b3,1033,E1_DYNAMIC,CDF4/CDF-HARSH,MATCHED_FIXED_DE_PARETO,2,COMPLETE,NOT_COMPUTED_MISSING_EXECUTION_OBSERVATION,,0,60,0,60,60
r8c-1034-f67b02704f66b6a1,1034,E1_DYNAMIC,CDF4/CDF-HARSH,MATCHED_JDE_STYLE_PARETO,2,COMPLETE,NOT_COMPUTED_MISSING_EXECUTION_OBSERVATION,,0,60,0,60,60
r8c-1035-36eebfe34396ec08,1035,E1_DYNAMIC,CDF4/CDF-HARSH,MATCHED_SHADE_STYLE_PARETO,2,COMPLETE,NOT_COMPUTED_MISSING_EXECUTION_OBSERVATION,,0,60,0,60,60
r8c-1036-035228b30da1ae0b,1036,E1_DYNAMIC,CDF4/CDF-HARSH,JMETALPY_1_7_GDE3_STANDARD_PARETO_DE,2,COMPLETE,NOT_COMPUTED_MISSING_EXECUTION_OBSERVATION,,0,60,0,60,60
r8c-1037-e08b920d3a6318e9,1037,E1_DYNAMIC,CDF4/CDF-HARSH,JMETALPY_1_7_NSGAII_DYNAMIC_RESTART_BRIDGE,2,COMPLETE,NOT_COMPUTED_MISSING_EXECUTION_OBSERVATION,,0,60,0,60,60
r8c-1038-96b9bbc891484289,1038,E1_DYNAMIC,CDF4/CDF-HARSH,DT-RAMDE_TS2_FULL,3,COMPLETE,NOT_COMPUTED_MISSING_EXECUTION_OBSERVATION,,0,60,0,60,60
r8c-1039-be9da02947b501a8,1039,E1_DYNAMIC,CDF4/CDF-HARSH,MATCHED_FIXED_DE_PARETO,3,COMPLETE,NOT_COMPUTED_MISSING_EXECUTION_OBSERVATION,,0,60,0,60,60
r8c-1040-27b252027396d0fb,1040,E1_DYNAMIC,CDF4/CDF-HARSH,MATCHED_JDE_STYLE_PARETO,3,COMPLETE,NOT_COMPUTED_MISSING_EXECUTION_OBSERVATION,,0,60,0,60,60
r8c-1041-a7cdf37e348e4b7a,1041,E1_DYNAMIC,CDF4/CDF-HARSH,MATCHED_SHADE_STYLE_PARETO,3,COMPLETE,NOT_COMPUTED_MISSING_EXECUTION_OBSERVATION,,0,60,0,60,60
r8c-1042-c64da889627ba725,1042,E1_DYNAMIC,CDF4/CDF-HARSH,JMETALPY_1_7_GDE3_STANDARD_PARETO_DE,3,COMPLETE,NOT_COMPUTED_MISSING_EXECUTION_OBSERVATION,,0,60,0,60,60
r8c-1043-00b128537a3c7464,1043,E1_DYNAMIC,CDF4/CDF-HARSH,JMETALPY_1_7_NSGAII_DYNAMIC_RESTART_BRIDGE,3,COMPLETE,NOT_COMPUTED_MISSING_EXECUTION_OBSERVATION,,0,60,0,60,60
r8c-1044-c5bf8e397f354681,1044,E1_DYNAMIC,CDF4/CDF-HARSH,DT-RAMDE_TS2_FULL,4,COMPLETE,NOT_COMPUTED_MISSING_EXECUTION_OBSERVATION,,0,60,0,60,60
r8c-1045-d3fb37f76f6beef3,1045,E1_DYNAMIC,CDF4/CDF-HARSH,MATCHED_FIXED_DE_PARETO,4,COMPLETE,NOT_COMPUTED_MISSING_EXECUTION_OBSERVATION,,0,60,0,60,60
r8c-1046-59470dc005bf340b,1046,E1_DYNAMIC,CDF4/CDF-HARSH,MATCHED_JDE_STYLE_PARETO,4,COMPLETE,NOT_COMPUTED_MISSING_EXECUTION_OBSERVATION,,0,60,0,60,60
r8c-1047-a04003de3b85d48a,1047,E1_DYNAMIC,CDF4/CDF-HARSH,MATCHED_SHADE_STYLE_PARETO,4,COMPLETE,NOT_COMPUTED_MISSING_EXECUTION_OBSERVATION,,0,60,0,60,60
r8c-1048-a02afc6a2f7e2ffb,1048,E1_DYNAMIC,CDF4/CDF-HARSH,JMETALPY_1_7_GDE3_STANDARD_PARETO_DE,4,COMPLETE,NOT_COMPUTED_MISSING_EXECUTION_OBSERVATION,,0,60,0,60,60
r8c-1049-979c5504b0a15a70,1049,E1_DYNAMIC,CDF4/CDF-HARSH,JMETALPY_1_7_NSGAII_DYNAMIC_RESTART_BRIDGE,4,COMPLETE,NOT_COMPUTED_MISSING_EXECUTION_OBSERVATION,,0,60,0,60,60
r8c-1050-d424c375f8eea7ae,1050,E1_DYNAMIC,CDF4/CDF-MILD,DT-RAMDE_TS2_FULL,0,COMPLETE,NOT_COMPUTED_MISSING_EXECUTION_OBSERVATION,,0,60,0,60,60
r8c-1051-9153ec3d19e5a40c,1051,E1_DYNAMIC,CDF4/CDF-MILD,MATCHED_FIXED_DE_PARETO,0,COMPLETE,NOT_COMPUTED_MISSING_EXECUTION_OBSERVATION,,0,60,0,60,60
r8c-1052-442ff855f6231fbb,1052,E1_DYNAMIC,CDF4/CDF-MILD,MATCHED_JDE_STYLE_PARETO,0,COMPLETE,NOT_COMPUTED_MISSING_EXECUTION_OBSERVATION,,0,60,0,60,60
r8c-1053-3bdd2d934116b72b,1053,E1_DYNAMIC,CDF4/CDF-MILD,MATCHED_SHADE_STYLE_PARETO,0,COMPLETE,NOT_COMPUTED_MISSING_EXECUTION_OBSERVATION,,0,60,0,60,60
r8c-1054-1b8676248eb74252,1054,E1_DYNAMIC,CDF4/CDF-MILD,JMETALPY_1_7_GDE3_STANDARD_PARETO_DE,0,COMPLETE,NOT_COMPUTED_MISSING_EXECUTION_OBSERVATION,,0,60,0,60,60
r8c-1055-50f3d64865485818,1055,E1_DYNAMIC,CDF4/CDF-MILD,JMETALPY_1_7_NSGAII_DYNAMIC_RESTART_BRIDGE,0,COMPLETE,NOT_COMPUTED_MISSING_EXECUTION_OBSERVATION,,0,60,0,60,60
r8c-1056-d9a6d9e3ebdc248f,1056,E1_DYNAMIC,CDF4/CDF-MILD,DT-RAMDE_TS2_FULL,1,COMPLETE,NOT_COMPUTED_MISSING_EXECUTION_OBSERVATION,,0,60,0,60,60
r8c-1057-f1fb9ca1e5686218,1057,E1_DYNAMIC,CDF4/CDF-MILD,MATCHED_FIXED_DE_PARETO,1,COMPLETE,NOT_COMPUTED_MISSING_EXECUTION_OBSERVATION,,0,60,0,60,60
r8c-1058-c5556dd1688e324b,1058,E1_DYNAMIC,CDF4/CDF-MILD,MATCHED_JDE_STYLE_PARETO,1,COMPLETE,NOT_COMPUTED_MISSING_EXECUTION_OBSERVATION,,0,60,0,60,60
r8c-1059-58f2296e7a42a743,1059,E1_DYNAMIC,CDF4/CDF-MILD,MATCHED_SHADE_STYLE_PARETO,1,COMPLETE,NOT_COMPUTED_MISSING_EXECUTION_OBSERVATION,,0,60,0,60,60
r8c-1060-fe922a7267a3f462,1060,E1_DYNAMIC,CDF4/CDF-MILD,JMETALPY_1_7_GDE3_STANDARD_PARETO_DE,1,COMPLETE,NOT_COMPUTED_MISSING_EXECUTION_OBSERVATION,,0,60,0,60,60
r8c-1061-d830fbb25be76a9f,1061,E1_DYNAMIC,CDF4/CDF-MILD,JMETALPY_1_7_NSGAII_DYNAMIC_RESTART_BRIDGE,1,COMPLETE,NOT_COMPUTED_MISSING_EXECUTION_OBSERVATION,,0,60,0,60,60
r8c-1062-3806987748bbc2a2,1062,E1_DYNAMIC,CDF4/CDF-MILD,DT-RAMDE_TS2_FULL,2,COMPLETE,NOT_COMPUTED_MISSING_EXECUTION_OBSERVATION,,0,60,0,60,60
r8c-1063-9a986c75f9dd1745,1063,E1_DYNAMIC,CDF4/CDF-MILD,MATCHED_FIXED_DE_PARETO,2,COMPLETE,NOT_COMPUTED_MISSING_EXECUTION_OBSERVATION,,0,60,0,60,60
r8c-1064-2da32b6948bf3a53,1064,E1_DYNAMIC,CDF4/CDF-MILD,MATCHED_JDE_STYLE_PARETO,2,COMPLETE,NOT_COMPUTED_MISSING_EXECUTION_OBSERVATION,,0,60,0,60,60
r8c-1065-2734763529167d75,1065,E1_DYNAMIC,CDF4/CDF-MILD,MATCHED_SHADE_STYLE_PARETO,2,COMPLETE,NOT_COMPUTED_MISSING_EXECUTION_OBSERVATION,,0,60,0,60,60
r8c-1066-a78075b4393f7d15,1066,E1_DYNAMIC,CDF4/CDF-MILD,JMETALPY_1_7_GDE3_STANDARD_PARETO_DE,2,COMPLETE,NOT_COMPUTED_MISSING_EXECUTION_OBSERVATION,,0,60,0,60,60
r8c-1067-2882d21af48825ec,1067,E1_DYNAMIC,CDF4/CDF-MILD,JMETALPY_1_7_NSGAII_DYNAMIC_RESTART_BRIDGE,2,COMPLETE,NOT_COMPUTED_MISSING_EXECUTION_OBSERVATION,,0,60,0,60,60
r8c-1068-42a8a5ad7e392835,1068,E1_DYNAMIC,CDF4/CDF-MILD,DT-RAMDE_TS2_FULL,3,COMPLETE,NOT_COMPUTED_MISSING_EXECUTION_OBSERVATION,,0,60,0,60,60
r8c-1069-c54521bac4fda322,1069,E1_DYNAMIC,CDF4/CDF-MILD,MATCHED_FIXED_DE_PARETO,3,COMPLETE,NOT_COMPUTED_MISSING_EXECUTION_OBSERVATION,,0,60,0,60,60
r8c-1070-9268005aa60a55c9,1070,E1_DYNAMIC,CDF4/CDF-MILD,MATCHED_JDE_STYLE_PARETO,3,COMPLETE,NOT_COMPUTED_MISSING_EXECUTION_OBSERVATION,,0,60,0,60,60
r8c-1071-63bf54ab229aef7b,1071,E1_DYNAMIC,CDF4/CDF-MILD,MATCHED_SHADE_STYLE_PARETO,3,COMPLETE,NOT_COMPUTED_MISSING_EXECUTION_OBSERVATION,,0,60,0,60,60
r8c-1072-08165d105e2ff75a,1072,E1_DYNAMIC,CDF4/CDF-MILD,JMETALPY_1_7_GDE3_STANDARD_PARETO_DE,3,COMPLETE,NOT_COMPUTED_MISSING_EXECUTION_OBSERVATION,,0,60,0,60,60
r8c-1073-a460d219d65d8dff,1073,E1_DYNAMIC,CDF4/CDF-MILD,JMETALPY_1_7_NSGAII_DYNAMIC_RESTART_BRIDGE,3,COMPLETE,NOT_COMPUTED_MISSING_EXECUTION_OBSERVATION,,0,60,0,60,60
r8c-1074-47f265d923aabf7f,1074,E1_DYNAMIC,CDF4/CDF-MILD,DT-RAMDE_TS2_FULL,4,COMPLETE,NOT_COMPUTED_MISSING_EXECUTION_OBSERVATION,,0,60,0,60,60
r8c-1075-4ac5ac7ae52ccaa7,1075,E1_DYNAMIC,CDF4/CDF-MILD,MATCHED_FIXED_DE_PARETO,4,COMPLETE,NOT_COMPUTED_MISSING_EXECUTION_OBSERVATION,,0,60,0,60,60
r8c-1076-bf0273fadd00901d,1076,E1_DYNAMIC,CDF4/CDF-MILD,MATCHED_JDE_STYLE_PARETO,4,COMPLETE,NOT_COMPUTED_MISSING_EXECUTION_OBSERVATION,,0,60,0,60,60
r8c-1077-20b26f5e9fefa657,1077,E1_DYNAMIC,CDF4/CDF-MILD,MATCHED_SHADE_STYLE_PARETO,4,COMPLETE,NOT_COMPUTED_MISSING_EXECUTION_OBSERVATION,,0,60,0,60,60
r8c-1078-d222364da0519e13,1078,E1_DYNAMIC,CDF4/CDF-MILD,JMETALPY_1_7_GDE3_STANDARD_PARETO_DE,4,COMPLETE,NOT_COMPUTED_MISSING_EXECUTION_OBSERVATION,,0,60,0,60,60
r8c-1079-f949dfbf741a48cb,1079,E1_DYNAMIC,CDF4/CDF-MILD,JMETALPY_1_7_NSGAII_DYNAMIC_RESTART_BRIDGE,4,COMPLETE,NOT_COMPUTED_MISSING_EXECUTION_OBSERVATION,,0,60,0,60,60
r8c-1080-f0b975ed26b8b2e9,1080,E1_DYNAMIC,CDF5/CDF-HARSH,DT-RAMDE_TS2_FULL,0,COMPLETE,NOT_COMPUTED_MISSING_EXECUTION_OBSERVATION,,0,60,0,60,60
r8c-1081-9ec468639a5e740d,1081,E1_DYNAMIC,CDF5/CDF-HARSH,MATCHED_FIXED_DE_PARETO,0,COMPLETE,NOT_COMPUTED_MISSING_EXECUTION_OBSERVATION,,0,60,0,60,60
r8c-1082-56c2298b940ec1d8,1082,E1_DYNAMIC,CDF5/CDF-HARSH,MATCHED_JDE_STYLE_PARETO,0,COMPLETE,NOT_COMPUTED_MISSING_EXECUTION_OBSERVATION,,0,60,0,60,60
r8c-1083-90d58f6172137352,1083,E1_DYNAMIC,CDF5/CDF-HARSH,MATCHED_SHADE_STYLE_PARETO,0,COMPLETE,NOT_COMPUTED_MISSING_EXECUTION_OBSERVATION,,0,60,0,60,60
r8c-1084-636ff3e63769001b,1084,E1_DYNAMIC,CDF5/CDF-HARSH,JMETALPY_1_7_GDE3_STANDARD_PARETO_DE,0,COMPLETE,NOT_COMPUTED_MISSING_EXECUTION_OBSERVATION,,0,60,0,60,60
r8c-1085-a18a6c34676302d9,1085,E1_DYNAMIC,CDF5/CDF-HARSH,JMETALPY_1_7_NSGAII_DYNAMIC_RESTART_BRIDGE,0,COMPLETE,NOT_COMPUTED_MISSING_EXECUTION_OBSERVATION,,0,60,0,60,60
r8c-1086-339f2b28696d27a2,1086,E1_DYNAMIC,CDF5/CDF-HARSH,DT-RAMDE_TS2_FULL,1,COMPLETE,NOT_COMPUTED_MISSING_EXECUTION_OBSERVATION,,0,60,0,60,60
r8c-1087-49df39fc6f223178,1087,E1_DYNAMIC,CDF5/CDF-HARSH,MATCHED_FIXED_DE_PARETO,1,COMPLETE,NOT_COMPUTED_MISSING_EXECUTION_OBSERVATION,,0,60,0,60,60
r8c-1088-92a4359b21f4a3e4,1088,E1_DYNAMIC,CDF5/CDF-HARSH,MATCHED_JDE_STYLE_PARETO,1,COMPLETE,NOT_COMPUTED_MISSING_EXECUTION_OBSERVATION,,0,60,0,60,60
r8c-1089-f46a38e83dadfe72,1089,E1_DYNAMIC,CDF5/CDF-HARSH,MATCHED_SHADE_STYLE_PARETO,1,COMPLETE,NOT_COMPUTED_MISSING_EXECUTION_OBSERVATION,,0,60,0,60,60
r8c-1090-c2eb7447969ad4d8,1090,E1_DYNAMIC,CDF5/CDF-HARSH,JMETALPY_1_7_GDE3_STANDARD_PARETO_DE,1,COMPLETE,NOT_COMPUTED_MISSING_EXECUTION_OBSERVATION,,0,60,0,60,60
r8c-1091-b744ae092f15ee48,1091,E1_DYNAMIC,CDF5/CDF-HARSH,JMETALPY_1_7_NSGAII_DYNAMIC_RESTART_BRIDGE,1,COMPLETE,NOT_COMPUTED_MISSING_EXECUTION_OBSERVATION,,0,60,0,60,60
r8c-1092-5223c86d1353f642,1092,E1_DYNAMIC,CDF5/CDF-HARSH,DT-RAMDE_TS2_FULL,2,COMPLETE,NOT_COMPUTED_MISSING_EXECUTION_OBSERVATION,,0,60,0,60,60
r8c-1093-f98780db6f238f5c,1093,E1_DYNAMIC,CDF5/CDF-HARSH,MATCHED_FIXED_DE_PARETO,2,COMPLETE,NOT_COMPUTED_MISSING_EXECUTION_OBSERVATION,,0,60,0,60,60
r8c-1094-6d23389e4955f43a,1094,E1_DYNAMIC,CDF5/CDF-HARSH,MATCHED_JDE_STYLE_PARETO,2,COMPLETE,NOT_COMPUTED_MISSING_EXECUTION_OBSERVATION,,0,60,0,60,60
r8c-1095-ca6a45c457e68a63,1095,E1_DYNAMIC,CDF5/CDF-HARSH,MATCHED_SHADE_STYLE_PARETO,2,COMPLETE,NOT_COMPUTED_MISSING_EXECUTION_OBSERVATION,,0,60,0,60,60
r8c-1096-ea092a39521e742e,1096,E1_DYNAMIC,CDF5/CDF-HARSH,JMETALPY_1_7_GDE3_STANDARD_PARETO_DE,2,COMPLETE,NOT_COMPUTED_MISSING_EXECUTION_OBSERVATION,,0,60,0,60,60
r8c-1097-35ed1d4bf78ef6be,1097,E1_DYNAMIC,CDF5/CDF-HARSH,JMETALPY_1_7_NSGAII_DYNAMIC_RESTART_BRIDGE,2,COMPLETE,NOT_COMPUTED_MISSING_EXECUTION_OBSERVATION,,0,60,0,60,60
r8c-1098-259a5881a8da493c,1098,E1_DYNAMIC,CDF5/CDF-HARSH,DT-RAMDE_TS2_FULL,3,COMPLETE,NOT_COMPUTED_MISSING_EXECUTION_OBSERVATION,,0,60,0,60,60
r8c-1099-07a8c7d38e81a632,1099,E1_DYNAMIC,CDF5/CDF-HARSH,MATCHED_FIXED_DE_PARETO,3,COMPLETE,NOT_COMPUTED_MISSING_EXECUTION_OBSERVATION,,0,60,0,60,60
r8c-1100-d06af4bb4461b4da,1100,E1_DYNAMIC,CDF5/CDF-HARSH,MATCHED_JDE_STYLE_PARETO,3,COMPLETE,NOT_COMPUTED_MISSING_EXECUTION_OBSERVATION,,0,60,0,60,60
r8c-1101-745ec5c96320c7a1,1101,E1_DYNAMIC,CDF5/CDF-HARSH,MATCHED_SHADE_STYLE_PARETO,3,COMPLETE,NOT_COMPUTED_MISSING_EXECUTION_OBSERVATION,,0,60,0,60,60
r8c-1102-d4bcf2fb8705cf5f,1102,E1_DYNAMIC,CDF5/CDF-HARSH,JMETALPY_1_7_GDE3_STANDARD_PARETO_DE,3,COMPLETE,NOT_COMPUTED_MISSING_EXECUTION_OBSERVATION,,0,60,0,60,60
r8c-1103-421614bebe884951,1103,E1_DYNAMIC,CDF5/CDF-HARSH,JMETALPY_1_7_NSGAII_DYNAMIC_RESTART_BRIDGE,3,COMPLETE,NOT_COMPUTED_MISSING_EXECUTION_OBSERVATION,,0,60,0,60,60
r8c-1104-9da0c5f6f99c8828,1104,E1_DYNAMIC,CDF5/CDF-HARSH,DT-RAMDE_TS2_FULL,4,COMPLETE,NOT_COMPUTED_MISSING_EXECUTION_OBSERVATION,,0,60,0,60,60
r8c-1105-d58846811e62b793,1105,E1_DYNAMIC,CDF5/CDF-HARSH,MATCHED_FIXED_DE_PARETO,4,COMPLETE,NOT_COMPUTED_MISSING_EXECUTION_OBSERVATION,,0,60,0,60,60
r8c-1106-c67e4167056cb583,1106,E1_DYNAMIC,CDF5/CDF-HARSH,MATCHED_JDE_STYLE_PARETO,4,COMPLETE,NOT_COMPUTED_MISSING_EXECUTION_OBSERVATION,,0,60,0,60,60
r8c-1107-57cfeeca770bea8e,1107,E1_DYNAMIC,CDF5/CDF-HARSH,MATCHED_SHADE_STYLE_PARETO,4,COMPLETE,NOT_COMPUTED_MISSING_EXECUTION_OBSERVATION,,0,60,0,60,60
r8c-1108-59f990f7937fa2c5,1108,E1_DYNAMIC,CDF5/CDF-HARSH,JMETALPY_1_7_GDE3_STANDARD_PARETO_DE,4,COMPLETE,NOT_COMPUTED_MISSING_EXECUTION_OBSERVATION,,0,60,0,60,60
r8c-1109-e5e8ce78ac9d20d5,1109,E1_DYNAMIC,CDF5/CDF-HARSH,JMETALPY_1_7_NSGAII_DYNAMIC_RESTART_BRIDGE,4,COMPLETE,NOT_COMPUTED_MISSING_EXECUTION_OBSERVATION,,0,60,0,60,60
r8c-1110-2337f95fbe9fb4d6,1110,E1_DYNAMIC,CDF5/CDF-MILD,DT-RAMDE_TS2_FULL,0,COMPLETE,NOT_COMPUTED_MISSING_EXECUTION_OBSERVATION,,0,60,0,60,60
r8c-1111-12094402424210c7,1111,E1_DYNAMIC,CDF5/CDF-MILD,MATCHED_FIXED_DE_PARETO,0,COMPLETE,NOT_COMPUTED_MISSING_EXECUTION_OBSERVATION,,0,60,0,60,60
r8c-1112-ea61d82906b86dae,1112,E1_DYNAMIC,CDF5/CDF-MILD,MATCHED_JDE_STYLE_PARETO,0,COMPLETE,NOT_COMPUTED_MISSING_EXECUTION_OBSERVATION,,0,60,0,60,60
r8c-1113-24f926c42016cc3d,1113,E1_DYNAMIC,CDF5/CDF-MILD,MATCHED_SHADE_STYLE_PARETO,0,COMPLETE,NOT_COMPUTED_MISSING_EXECUTION_OBSERVATION,,0,60,0,60,60
r8c-1114-fcd352609bf902e6,1114,E1_DYNAMIC,CDF5/CDF-MILD,JMETALPY_1_7_GDE3_STANDARD_PARETO_DE,0,COMPLETE,NOT_COMPUTED_MISSING_EXECUTION_OBSERVATION,,0,60,0,60,60
r8c-1115-d9d20cca0ee5f42b,1115,E1_DYNAMIC,CDF5/CDF-MILD,JMETALPY_1_7_NSGAII_DYNAMIC_RESTART_BRIDGE,0,COMPLETE,NOT_COMPUTED_MISSING_EXECUTION_OBSERVATION,,0,60,0,60,60
r8c-1116-53d30d6218ef6736,1116,E1_DYNAMIC,CDF5/CDF-MILD,DT-RAMDE_TS2_FULL,1,COMPLETE,NOT_COMPUTED_MISSING_EXECUTION_OBSERVATION,,0,60,0,60,60
r8c-1117-f7d42944c9fc967c,1117,E1_DYNAMIC,CDF5/CDF-MILD,MATCHED_FIXED_DE_PARETO,1,COMPLETE,NOT_COMPUTED_MISSING_EXECUTION_OBSERVATION,,0,60,0,60,60
r8c-1118-92724f2d7effc28c,1118,E1_DYNAMIC,CDF5/CDF-MILD,MATCHED_JDE_STYLE_PARETO,1,COMPLETE,NOT_COMPUTED_MISSING_EXECUTION_OBSERVATION,,0,60,0,60,60
r8c-1119-194acf7655fc2550,1119,E1_DYNAMIC,CDF5/CDF-MILD,MATCHED_SHADE_STYLE_PARETO,1,COMPLETE,NOT_COMPUTED_MISSING_EXECUTION_OBSERVATION,,0,60,0,60,60
r8c-1120-056ef36aa254b9ae,1120,E1_DYNAMIC,CDF5/CDF-MILD,JMETALPY_1_7_GDE3_STANDARD_PARETO_DE,1,COMPLETE,NOT_COMPUTED_MISSING_EXECUTION_OBSERVATION,,0,60,0,60,60
r8c-1121-d3474d616209a375,1121,E1_DYNAMIC,CDF5/CDF-MILD,JMETALPY_1_7_NSGAII_DYNAMIC_RESTART_BRIDGE,1,COMPLETE,NOT_COMPUTED_MISSING_EXECUTION_OBSERVATION,,0,60,0,60,60
r8c-1122-8ea3e4809155b74a,1122,E1_DYNAMIC,CDF5/CDF-MILD,DT-RAMDE_TS2_FULL,2,COMPLETE,NOT_COMPUTED_MISSING_EXECUTION_OBSERVATION,,0,60,0,60,60
r8c-1123-0284b4739e430efe,1123,E1_DYNAMIC,CDF5/CDF-MILD,MATCHED_FIXED_DE_PARETO,2,COMPLETE,NOT_COMPUTED_MISSING_EXECUTION_OBSERVATION,,0,60,0,60,60
r8c-1124-f27d2259a6ea37fb,1124,E1_DYNAMIC,CDF5/CDF-MILD,MATCHED_JDE_STYLE_PARETO,2,COMPLETE,NOT_COMPUTED_MISSING_EXECUTION_OBSERVATION,,0,60,0,60,60
r8c-1125-15f314befd71b382,1125,E1_DYNAMIC,CDF5/CDF-MILD,MATCHED_SHADE_STYLE_PARETO,2,COMPLETE,NOT_COMPUTED_MISSING_EXECUTION_OBSERVATION,,0,60,0,60,60
r8c-1126-e1fa8a43de1702ef,1126,E1_DYNAMIC,CDF5/CDF-MILD,JMETALPY_1_7_GDE3_STANDARD_PARETO_DE,2,COMPLETE,NOT_COMPUTED_MISSING_EXECUTION_OBSERVATION,,0,60,0,60,60
r8c-1127-cc3d9e633a751c53,1127,E1_DYNAMIC,CDF5/CDF-MILD,JMETALPY_1_7_NSGAII_DYNAMIC_RESTART_BRIDGE,2,COMPLETE,NOT_COMPUTED_MISSING_EXECUTION_OBSERVATION,,0,60,0,60,60
r8c-1128-0cc5dc2073ece276,1128,E1_DYNAMIC,CDF5/CDF-MILD,DT-RAMDE_TS2_FULL,3,COMPLETE,NOT_COMPUTED_MISSING_EXECUTION_OBSERVATION,,0,60,0,60,60
r8c-1129-edbaf2d6a699da1d,1129,E1_DYNAMIC,CDF5/CDF-MILD,MATCHED_FIXED_DE_PARETO,3,COMPLETE,NOT_COMPUTED_MISSING_EXECUTION_OBSERVATION,,0,60,0,60,60
r8c-1130-d8cd7a98feb85f45,1130,E1_DYNAMIC,CDF5/CDF-MILD,MATCHED_JDE_STYLE_PARETO,3,COMPLETE,NOT_COMPUTED_MISSING_EXECUTION_OBSERVATION,,0,60,0,60,60
r8c-1131-e19aa49eafdec272,1131,E1_DYNAMIC,CDF5/CDF-MILD,MATCHED_SHADE_STYLE_PARETO,3,COMPLETE,NOT_COMPUTED_MISSING_EXECUTION_OBSERVATION,,0,60,0,60,60
r8c-1132-7e64d089e0294240,1132,E1_DYNAMIC,CDF5/CDF-MILD,JMETALPY_1_7_GDE3_STANDARD_PARETO_DE,3,COMPLETE,NOT_COMPUTED_MISSING_EXECUTION_OBSERVATION,,0,60,0,60,60
r8c-1133-5cabf8b4a7bbb7e2,1133,E1_DYNAMIC,CDF5/CDF-MILD,JMETALPY_1_7_NSGAII_DYNAMIC_RESTART_BRIDGE,3,COMPLETE,NOT_COMPUTED_MISSING_EXECUTION_OBSERVATION,,0,60,0,60,60
r8c-1134-7f1ebb85f0d92f84,1134,E1_DYNAMIC,CDF5/CDF-MILD,DT-RAMDE_TS2_FULL,4,COMPLETE,NOT_COMPUTED_MISSING_EXECUTION_OBSERVATION,,0,60,0,60,60
r8c-1135-76b82b5c79bf8c4b,1135,E1_DYNAMIC,CDF5/CDF-MILD,MATCHED_FIXED_DE_PARETO,4,COMPLETE,NOT_COMPUTED_MISSING_EXECUTION_OBSERVATION,,0,60,0,60,60
r8c-1136-6a8716ef9afca3ad,1136,E1_DYNAMIC,CDF5/CDF-MILD,MATCHED_JDE_STYLE_PARETO,4,COMPLETE,NOT_COMPUTED_MISSING_EXECUTION_OBSERVATION,,0,60,0,60,60
r8c-1137-b4166efc0df570bd,1137,E1_DYNAMIC,CDF5/CDF-MILD,MATCHED_SHADE_STYLE_PARETO,4,COMPLETE,NOT_COMPUTED_MISSING_EXECUTION_OBSERVATION,,0,60,0,60,60
r8c-1138-279146820b81f479,1138,E1_DYNAMIC,CDF5/CDF-MILD,JMETALPY_1_7_GDE3_STANDARD_PARETO_DE,4,COMPLETE,NOT_COMPUTED_MISSING_EXECUTION_OBSERVATION,,0,60,0,60,60
r8c-1139-a381134f4ddaca1c,1139,E1_DYNAMIC,CDF5/CDF-MILD,JMETALPY_1_7_NSGAII_DYNAMIC_RESTART_BRIDGE,4,COMPLETE,NOT_COMPUTED_MISSING_EXECUTION_OBSERVATION,,0,60,0,60,60
r8c-1140-24b2396318b26bc1,1140,E1_DYNAMIC,CDF6/CDF-HARSH,DT-RAMDE_TS2_FULL,0,COMPLETE,NOT_COMPUTED_MISSING_EXECUTION_OBSERVATION,,0,60,0,60,60
r8c-1141-d8a44bf2cbdcc2c6,1141,E1_DYNAMIC,CDF6/CDF-HARSH,MATCHED_FIXED_DE_PARETO,0,COMPLETE,NOT_COMPUTED_MISSING_EXECUTION_OBSERVATION,,0,60,0,60,60
r8c-1142-418a13cb3fcebbd0,1142,E1_DYNAMIC,CDF6/CDF-HARSH,MATCHED_JDE_STYLE_PARETO,0,COMPLETE,NOT_COMPUTED_MISSING_EXECUTION_OBSERVATION,,0,60,0,60,60
r8c-1143-b2385fa12753d53f,1143,E1_DYNAMIC,CDF6/CDF-HARSH,MATCHED_SHADE_STYLE_PARETO,0,COMPLETE,NOT_COMPUTED_MISSING_EXECUTION_OBSERVATION,,0,60,0,60,60
r8c-1144-adf9b4b978e281c3,1144,E1_DYNAMIC,CDF6/CDF-HARSH,JMETALPY_1_7_GDE3_STANDARD_PARETO_DE,0,COMPLETE,NOT_COMPUTED_MISSING_EXECUTION_OBSERVATION,,0,60,0,60,60
r8c-1145-4b70d6f7c887990f,1145,E1_DYNAMIC,CDF6/CDF-HARSH,JMETALPY_1_7_NSGAII_DYNAMIC_RESTART_BRIDGE,0,COMPLETE,NOT_COMPUTED_MISSING_EXECUTION_OBSERVATION,,0,60,0,60,60
r8c-1146-dc63c8fd4ea2126a,1146,E1_DYNAMIC,CDF6/CDF-HARSH,DT-RAMDE_TS2_FULL,1,COMPLETE,NOT_COMPUTED_MISSING_EXECUTION_OBSERVATION,,0,60,0,60,60
r8c-1147-1769b5f7a3b7e5b1,1147,E1_DYNAMIC,CDF6/CDF-HARSH,MATCHED_FIXED_DE_PARETO,1,COMPLETE,NOT_COMPUTED_MISSING_EXECUTION_OBSERVATION,,0,60,0,60,60
r8c-1148-647b6ced7ae6e2a9,1148,E1_DYNAMIC,CDF6/CDF-HARSH,MATCHED_JDE_STYLE_PARETO,1,COMPLETE,NOT_COMPUTED_MISSING_EXECUTION_OBSERVATION,,0,60,0,60,60
r8c-1149-121822afa08a0781,1149,E1_DYNAMIC,CDF6/CDF-HARSH,MATCHED_SHADE_STYLE_PARETO,1,COMPLETE,NOT_COMPUTED_MISSING_EXECUTION_OBSERVATION,,0,60,0,60,60
r8c-1150-99952d0bed1c9062,1150,E1_DYNAMIC,CDF6/CDF-HARSH,JMETALPY_1_7_GDE3_STANDARD_PARETO_DE,1,COMPLETE,NOT_COMPUTED_MISSING_EXECUTION_OBSERVATION,,0,60,0,60,60
r8c-1151-392329cb6019ca81,1151,E1_DYNAMIC,CDF6/CDF-HARSH,JMETALPY_1_7_NSGAII_DYNAMIC_RESTART_BRIDGE,1,COMPLETE,NOT_COMPUTED_MISSING_EXECUTION_OBSERVATION,,0,60,0,60,60
r8c-1152-fbfd3327b3aa6e5e,1152,E1_DYNAMIC,CDF6/CDF-HARSH,DT-RAMDE_TS2_FULL,2,COMPLETE,NOT_COMPUTED_MISSING_EXECUTION_OBSERVATION,,0,60,0,60,60
r8c-1153-5cb5fa01017762c0,1153,E1_DYNAMIC,CDF6/CDF-HARSH,MATCHED_FIXED_DE_PARETO,2,COMPLETE,NOT_COMPUTED_MISSING_EXECUTION_OBSERVATION,,0,60,0,60,60
r8c-1154-18aab8a8bf84a45b,1154,E1_DYNAMIC,CDF6/CDF-HARSH,MATCHED_JDE_STYLE_PARETO,2,COMPLETE,NOT_COMPUTED_MISSING_EXECUTION_OBSERVATION,,0,60,0,60,60
r8c-1155-a8a5ef9f66435ede,1155,E1_DYNAMIC,CDF6/CDF-HARSH,MATCHED_SHADE_STYLE_PARETO,2,COMPLETE,NOT_COMPUTED_MISSING_EXECUTION_OBSERVATION,,0,60,0,60,60
r8c-1156-6e638159cf953a73,1156,E1_DYNAMIC,CDF6/CDF-HARSH,JMETALPY_1_7_GDE3_STANDARD_PARETO_DE,2,COMPLETE,NOT_COMPUTED_MISSING_EXECUTION_OBSERVATION,,0,60,0,60,60
r8c-1157-d77eb063b3e4fa5d,1157,E1_DYNAMIC,CDF6/CDF-HARSH,JMETALPY_1_7_NSGAII_DYNAMIC_RESTART_BRIDGE,2,COMPLETE,NOT_COMPUTED_MISSING_EXECUTION_OBSERVATION,,0,60,0,60,60
r8c-1158-aa7af74271871aa3,1158,E1_DYNAMIC,CDF6/CDF-HARSH,DT-RAMDE_TS2_FULL,3,COMPLETE,NOT_COMPUTED_MISSING_EXECUTION_OBSERVATION,,0,60,0,60,60
r8c-1159-8b48c36dc36598ca,1159,E1_DYNAMIC,CDF6/CDF-HARSH,MATCHED_FIXED_DE_PARETO,3,COMPLETE,NOT_COMPUTED_MISSING_EXECUTION_OBSERVATION,,0,60,0,60,60
r8c-1160-f174b33e52063f19,1160,E1_DYNAMIC,CDF6/CDF-HARSH,MATCHED_JDE_STYLE_PARETO,3,COMPLETE,NOT_COMPUTED_MISSING_EXECUTION_OBSERVATION,,0,60,0,60,60
r8c-1161-6825c6729d000045,1161,E1_DYNAMIC,CDF6/CDF-HARSH,MATCHED_SHADE_STYLE_PARETO,3,COMPLETE,NOT_COMPUTED_MISSING_EXECUTION_OBSERVATION,,0,60,0,60,60
r8c-1162-b7f2e68846d7411b,1162,E1_DYNAMIC,CDF6/CDF-HARSH,JMETALPY_1_7_GDE3_STANDARD_PARETO_DE,3,COMPLETE,NOT_COMPUTED_MISSING_EXECUTION_OBSERVATION,,0,60,0,60,60
r8c-1163-2b9c1a8b883c5e76,1163,E1_DYNAMIC,CDF6/CDF-HARSH,JMETALPY_1_7_NSGAII_DYNAMIC_RESTART_BRIDGE,3,COMPLETE,NOT_COMPUTED_MISSING_EXECUTION_OBSERVATION,,0,60,0,60,60
r8c-1164-2997bc5691f83480,1164,E1_DYNAMIC,CDF6/CDF-HARSH,DT-RAMDE_TS2_FULL,4,COMPLETE,NOT_COMPUTED_MISSING_EXECUTION_OBSERVATION,,0,60,0,60,60
r8c-1165-4b06466bb69d83c2,1165,E1_DYNAMIC,CDF6/CDF-HARSH,MATCHED_FIXED_DE_PARETO,4,COMPLETE,NOT_COMPUTED_MISSING_EXECUTION_OBSERVATION,,0,60,0,60,60
r8c-1166-19783fc8aba953f7,1166,E1_DYNAMIC,CDF6/CDF-HARSH,MATCHED_JDE_STYLE_PARETO,4,COMPLETE,NOT_COMPUTED_MISSING_EXECUTION_OBSERVATION,,0,60,0,60,60
r8c-1167-0ef60093a864df40,1167,E1_DYNAMIC,CDF6/CDF-HARSH,MATCHED_SHADE_STYLE_PARETO,4,COMPLETE,NOT_COMPUTED_MISSING_EXECUTION_OBSERVATION,,0,60,0,60,60
r8c-1168-73ce861f1a6d74d8,1168,E1_DYNAMIC,CDF6/CDF-HARSH,JMETALPY_1_7_GDE3_STANDARD_PARETO_DE,4,COMPLETE,NOT_COMPUTED_MISSING_EXECUTION_OBSERVATION,,0,60,0,60,60
r8c-1169-df81e49bbe4ae95d,1169,E1_DYNAMIC,CDF6/CDF-HARSH,JMETALPY_1_7_NSGAII_DYNAMIC_RESTART_BRIDGE,4,COMPLETE,NOT_COMPUTED_MISSING_EXECUTION_OBSERVATION,,0,60,0,60,60
r8c-1170-fbb382d100d45931,1170,E1_DYNAMIC,CDF6/CDF-MILD,DT-RAMDE_TS2_FULL,0,COMPLETE,NOT_COMPUTED_MISSING_EXECUTION_OBSERVATION,,0,60,0,60,60
r8c-1171-9df99286e59dc60f,1171,E1_DYNAMIC,CDF6/CDF-MILD,MATCHED_FIXED_DE_PARETO,0,COMPLETE,NOT_COMPUTED_MISSING_EXECUTION_OBSERVATION,,0,60,0,60,60
r8c-1172-4cd3e321ebf724be,1172,E1_DYNAMIC,CDF6/CDF-MILD,MATCHED_JDE_STYLE_PARETO,0,COMPLETE,NOT_COMPUTED_MISSING_EXECUTION_OBSERVATION,,0,60,0,60,60
r8c-1173-451fef407d006e32,1173,E1_DYNAMIC,CDF6/CDF-MILD,MATCHED_SHADE_STYLE_PARETO,0,COMPLETE,NOT_COMPUTED_MISSING_EXECUTION_OBSERVATION,,0,60,0,60,60
r8c-1174-432f4d307abdc78d,1174,E1_DYNAMIC,CDF6/CDF-MILD,JMETALPY_1_7_GDE3_STANDARD_PARETO_DE,0,COMPLETE,NOT_COMPUTED_MISSING_EXECUTION_OBSERVATION,,0,60,0,60,60
r8c-1175-1a39bac9d97aa6ab,1175,E1_DYNAMIC,CDF6/CDF-MILD,JMETALPY_1_7_NSGAII_DYNAMIC_RESTART_BRIDGE,0,COMPLETE,NOT_COMPUTED_MISSING_EXECUTION_OBSERVATION,,0,60,0,60,60
r8c-1176-4b61dd2401cddb4c,1176,E1_DYNAMIC,CDF6/CDF-MILD,DT-RAMDE_TS2_FULL,1,COMPLETE,NOT_COMPUTED_MISSING_EXECUTION_OBSERVATION,,0,60,0,60,60
r8c-1177-546203670bc517a7,1177,E1_DYNAMIC,CDF6/CDF-MILD,MATCHED_FIXED_DE_PARETO,1,COMPLETE,NOT_COMPUTED_MISSING_EXECUTION_OBSERVATION,,0,60,0,60,60
r8c-1178-7a1d23e7ca9e3451,1178,E1_DYNAMIC,CDF6/CDF-MILD,MATCHED_JDE_STYLE_PARETO,1,COMPLETE,NOT_COMPUTED_MISSING_EXECUTION_OBSERVATION,,0,60,0,60,60
r8c-1179-f77d49645dd4d099,1179,E1_DYNAMIC,CDF6/CDF-MILD,MATCHED_SHADE_STYLE_PARETO,1,COMPLETE,NOT_COMPUTED_MISSING_EXECUTION_OBSERVATION,,0,60,0,60,60
r8c-1180-b8c9a8198eb562bf,1180,E1_DYNAMIC,CDF6/CDF-MILD,JMETALPY_1_7_GDE3_STANDARD_PARETO_DE,1,COMPLETE,NOT_COMPUTED_MISSING_EXECUTION_OBSERVATION,,0,60,0,60,60
r8c-1181-d788c3a87b1b6883,1181,E1_DYNAMIC,CDF6/CDF-MILD,JMETALPY_1_7_NSGAII_DYNAMIC_RESTART_BRIDGE,1,COMPLETE,NOT_COMPUTED_MISSING_EXECUTION_OBSERVATION,,0,60,0,60,60
r8c-1182-0b74e3b92f542a67,1182,E1_DYNAMIC,CDF6/CDF-MILD,DT-RAMDE_TS2_FULL,2,COMPLETE,NOT_COMPUTED_MISSING_EXECUTION_OBSERVATION,,0,60,0,60,60
r8c-1183-0ff80af98643744c,1183,E1_DYNAMIC,CDF6/CDF-MILD,MATCHED_FIXED_DE_PARETO,2,COMPLETE,NOT_COMPUTED_MISSING_EXECUTION_OBSERVATION,,0,60,0,60,60
r8c-1184-ed13f16701982800,1184,E1_DYNAMIC,CDF6/CDF-MILD,MATCHED_JDE_STYLE_PARETO,2,COMPLETE,NOT_COMPUTED_MISSING_EXECUTION_OBSERVATION,,0,60,0,60,60
r8c-1185-59df7630690a28a6,1185,E1_DYNAMIC,CDF6/CDF-MILD,MATCHED_SHADE_STYLE_PARETO,2,COMPLETE,NOT_COMPUTED_MISSING_EXECUTION_OBSERVATION,,0,60,0,60,60
r8c-1186-3847fbb06e2d544b,1186,E1_DYNAMIC,CDF6/CDF-MILD,JMETALPY_1_7_GDE3_STANDARD_PARETO_DE,2,COMPLETE,NOT_COMPUTED_MISSING_EXECUTION_OBSERVATION,,0,60,0,60,60
r8c-1187-579ade2f94f36d10,1187,E1_DYNAMIC,CDF6/CDF-MILD,JMETALPY_1_7_NSGAII_DYNAMIC_RESTART_BRIDGE,2,COMPLETE,NOT_COMPUTED_MISSING_EXECUTION_OBSERVATION,,0,60,0,60,60
r8c-1188-289885be9d0c3185,1188,E1_DYNAMIC,CDF6/CDF-MILD,DT-RAMDE_TS2_FULL,3,COMPLETE,NOT_COMPUTED_MISSING_EXECUTION_OBSERVATION,,0,60,0,60,60
r8c-1189-c005add5cab83c53,1189,E1_DYNAMIC,CDF6/CDF-MILD,MATCHED_FIXED_DE_PARETO,3,COMPLETE,NOT_COMPUTED_MISSING_EXECUTION_OBSERVATION,,0,60,0,60,60
r8c-1190-69ed1f7ba0ffe9ad,1190,E1_DYNAMIC,CDF6/CDF-MILD,MATCHED_JDE_STYLE_PARETO,3,COMPLETE,NOT_COMPUTED_MISSING_EXECUTION_OBSERVATION,,0,60,0,60,60
r8c-1191-b0152f9d77583b10,1191,E1_DYNAMIC,CDF6/CDF-MILD,MATCHED_SHADE_STYLE_PARETO,3,COMPLETE,NOT_COMPUTED_MISSING_EXECUTION_OBSERVATION,,0,60,0,60,60
r8c-1192-0ad3202c29b3fada,1192,E1_DYNAMIC,CDF6/CDF-MILD,JMETALPY_1_7_GDE3_STANDARD_PARETO_DE,3,COMPLETE,NOT_COMPUTED_MISSING_EXECUTION_OBSERVATION,,0,60,0,60,60
r8c-1193-f67904a8a1e8a900,1193,E1_DYNAMIC,CDF6/CDF-MILD,JMETALPY_1_7_NSGAII_DYNAMIC_RESTART_BRIDGE,3,COMPLETE,NOT_COMPUTED_MISSING_EXECUTION_OBSERVATION,,0,60,0,60,60
r8c-1194-aed6e579485b014f,1194,E1_DYNAMIC,CDF6/CDF-MILD,DT-RAMDE_TS2_FULL,4,COMPLETE,NOT_COMPUTED_MISSING_EXECUTION_OBSERVATION,,0,60,0,60,60
r8c-1195-b981ca123f6a8947,1195,E1_DYNAMIC,CDF6/CDF-MILD,MATCHED_FIXED_DE_PARETO,4,COMPLETE,NOT_COMPUTED_MISSING_EXECUTION_OBSERVATION,,0,60,0,60,60
r8c-1196-cf5bd1e904168c95,1196,E1_DYNAMIC,CDF6/CDF-MILD,MATCHED_JDE_STYLE_PARETO,4,COMPLETE,NOT_COMPUTED_MISSING_EXECUTION_OBSERVATION,,0,60,0,60,60
r8c-1197-b081f7dbe9dafc1f,1197,E1_DYNAMIC,CDF6/CDF-MILD,MATCHED_SHADE_STYLE_PARETO,4,COMPLETE,NOT_COMPUTED_MISSING_EXECUTION_OBSERVATION,,0,60,0,60,60
r8c-1198-46eb82eac20c383e,1198,E1_DYNAMIC,CDF6/CDF-MILD,JMETALPY_1_7_GDE3_STANDARD_PARETO_DE,4,COMPLETE,NOT_COMPUTED_MISSING_EXECUTION_OBSERVATION,,0,60,0,60,60
r8c-1199-f8c6fb231f99a12b,1199,E1_DYNAMIC,CDF6/CDF-MILD,JMETALPY_1_7_NSGAII_DYNAMIC_RESTART_BRIDGE,4,COMPLETE,NOT_COMPUTED_MISSING_EXECUTION_OBSERVATION,,0,60,0,60,60
r8c-1200-035016f2325f7956,1200,E1_DYNAMIC,CDF7/CDF-HARSH,DT-RAMDE_TS2_FULL,0,COMPLETE,NOT_COMPUTED_MISSING_EXECUTION_OBSERVATION,,0,60,0,60,60
r8c-1201-1fc785fa80dcea50,1201,E1_DYNAMIC,CDF7/CDF-HARSH,MATCHED_FIXED_DE_PARETO,0,COMPLETE,NOT_COMPUTED_MISSING_EXECUTION_OBSERVATION,,0,60,0,60,60
r8c-1202-21447bdd18135671,1202,E1_DYNAMIC,CDF7/CDF-HARSH,MATCHED_JDE_STYLE_PARETO,0,COMPLETE,NOT_COMPUTED_MISSING_EXECUTION_OBSERVATION,,0,60,0,60,60
r8c-1203-25c0a8fa176bb51e,1203,E1_DYNAMIC,CDF7/CDF-HARSH,MATCHED_SHADE_STYLE_PARETO,0,COMPLETE,NOT_COMPUTED_MISSING_EXECUTION_OBSERVATION,,0,60,0,60,60
r8c-1204-4bcaee616d2668c9,1204,E1_DYNAMIC,CDF7/CDF-HARSH,JMETALPY_1_7_GDE3_STANDARD_PARETO_DE,0,COMPLETE,NOT_COMPUTED_MISSING_EXECUTION_OBSERVATION,,0,60,0,60,60
r8c-1205-38a7405bbb5783f1,1205,E1_DYNAMIC,CDF7/CDF-HARSH,JMETALPY_1_7_NSGAII_DYNAMIC_RESTART_BRIDGE,0,COMPLETE,NOT_COMPUTED_MISSING_EXECUTION_OBSERVATION,,0,60,0,60,60
r8c-1206-7839e64b3bb431c0,1206,E1_DYNAMIC,CDF7/CDF-HARSH,DT-RAMDE_TS2_FULL,1,COMPLETE,NOT_COMPUTED_MISSING_EXECUTION_OBSERVATION,,0,60,0,60,60
r8c-1207-427e8e8f8e74aba5,1207,E1_DYNAMIC,CDF7/CDF-HARSH,MATCHED_FIXED_DE_PARETO,1,COMPLETE,NOT_COMPUTED_MISSING_EXECUTION_OBSERVATION,,0,60,0,60,60
r8c-1208-40089d764bf1c894,1208,E1_DYNAMIC,CDF7/CDF-HARSH,MATCHED_JDE_STYLE_PARETO,1,COMPLETE,NOT_COMPUTED_MISSING_EXECUTION_OBSERVATION,,0,60,0,60,60
r8c-1209-37420648ceb91980,1209,E1_DYNAMIC,CDF7/CDF-HARSH,MATCHED_SHADE_STYLE_PARETO,1,COMPLETE,NOT_COMPUTED_MISSING_EXECUTION_OBSERVATION,,0,60,0,60,60
r8c-1210-7e37b42f17f5d78c,1210,E1_DYNAMIC,CDF7/CDF-HARSH,JMETALPY_1_7_GDE3_STANDARD_PARETO_DE,1,COMPLETE,NOT_COMPUTED_MISSING_EXECUTION_OBSERVATION,,0,60,0,60,60
r8c-1211-425df913e679acf8,1211,E1_DYNAMIC,CDF7/CDF-HARSH,JMETALPY_1_7_NSGAII_DYNAMIC_RESTART_BRIDGE,1,COMPLETE,NOT_COMPUTED_MISSING_EXECUTION_OBSERVATION,,0,60,0,60,60
r8c-1212-e92f6d7205b04e9e,1212,E1_DYNAMIC,CDF7/CDF-HARSH,DT-RAMDE_TS2_FULL,2,COMPLETE,NOT_COMPUTED_MISSING_EXECUTION_OBSERVATION,,0,60,0,60,60
r8c-1213-cd7d30d75510ae29,1213,E1_DYNAMIC,CDF7/CDF-HARSH,MATCHED_FIXED_DE_PARETO,2,COMPLETE,NOT_COMPUTED_MISSING_EXECUTION_OBSERVATION,,0,60,0,60,60
r8c-1214-5ac651e5d2329e73,1214,E1_DYNAMIC,CDF7/CDF-HARSH,MATCHED_JDE_STYLE_PARETO,2,COMPLETE,NOT_COMPUTED_MISSING_EXECUTION_OBSERVATION,,0,60,0,60,60
r8c-1215-f20b602a93dbc28a,1215,E1_DYNAMIC,CDF7/CDF-HARSH,MATCHED_SHADE_STYLE_PARETO,2,COMPLETE,NOT_COMPUTED_MISSING_EXECUTION_OBSERVATION,,0,60,0,60,60
r8c-1216-22455b4cce0f3fbc,1216,E1_DYNAMIC,CDF7/CDF-HARSH,JMETALPY_1_7_GDE3_STANDARD_PARETO_DE,2,COMPLETE,NOT_COMPUTED_MISSING_EXECUTION_OBSERVATION,,0,60,0,60,60
r8c-1217-cd3969c3dda8f57a,1217,E1_DYNAMIC,CDF7/CDF-HARSH,JMETALPY_1_7_NSGAII_DYNAMIC_RESTART_BRIDGE,2,COMPLETE,NOT_COMPUTED_MISSING_EXECUTION_OBSERVATION,,0,60,0,60,60
r8c-1218-b6f440cc9a15182f,1218,E1_DYNAMIC,CDF7/CDF-HARSH,DT-RAMDE_TS2_FULL,3,COMPLETE,NOT_COMPUTED_MISSING_EXECUTION_OBSERVATION,,0,60,0,60,60
r8c-1219-d1bed8fa4fd6545a,1219,E1_DYNAMIC,CDF7/CDF-HARSH,MATCHED_FIXED_DE_PARETO,3,COMPLETE,NOT_COMPUTED_MISSING_EXECUTION_OBSERVATION,,0,60,0,60,60
r8c-1220-c8e146e72490e85b,1220,E1_DYNAMIC,CDF7/CDF-HARSH,MATCHED_JDE_STYLE_PARETO,3,COMPLETE,NOT_COMPUTED_MISSING_EXECUTION_OBSERVATION,,0,60,0,60,60
r8c-1221-19f8134ec2ab7a47,1221,E1_DYNAMIC,CDF7/CDF-HARSH,MATCHED_SHADE_STYLE_PARETO,3,COMPLETE,NOT_COMPUTED_MISSING_EXECUTION_OBSERVATION,,0,60,0,60,60
r8c-1222-dbce041fce882b7f,1222,E1_DYNAMIC,CDF7/CDF-HARSH,JMETALPY_1_7_GDE3_STANDARD_PARETO_DE,3,COMPLETE,NOT_COMPUTED_MISSING_EXECUTION_OBSERVATION,,0,60,0,60,60
r8c-1223-0704b612e4e20b39,1223,E1_DYNAMIC,CDF7/CDF-HARSH,JMETALPY_1_7_NSGAII_DYNAMIC_RESTART_BRIDGE,3,COMPLETE,NOT_COMPUTED_MISSING_EXECUTION_OBSERVATION,,0,60,0,60,60
r8c-1224-132c14731ec4ddca,1224,E1_DYNAMIC,CDF7/CDF-HARSH,DT-RAMDE_TS2_FULL,4,COMPLETE,NOT_COMPUTED_MISSING_EXECUTION_OBSERVATION,,0,60,0,60,60
r8c-1225-ba347b1e64f2e877,1225,E1_DYNAMIC,CDF7/CDF-HARSH,MATCHED_FIXED_DE_PARETO,4,COMPLETE,NOT_COMPUTED_MISSING_EXECUTION_OBSERVATION,,0,60,0,60,60
r8c-1226-903b6a29c7ccfa01,1226,E1_DYNAMIC,CDF7/CDF-HARSH,MATCHED_JDE_STYLE_PARETO,4,COMPLETE,NOT_COMPUTED_MISSING_EXECUTION_OBSERVATION,,0,60,0,60,60
r8c-1227-7e59a7028e3beb13,1227,E1_DYNAMIC,CDF7/CDF-HARSH,MATCHED_SHADE_STYLE_PARETO,4,COMPLETE,NOT_COMPUTED_MISSING_EXECUTION_OBSERVATION,,0,60,0,60,60
r8c-1228-0471f92599cfad6f,1228,E1_DYNAMIC,CDF7/CDF-HARSH,JMETALPY_1_7_GDE3_STANDARD_PARETO_DE,4,COMPLETE,NOT_COMPUTED_MISSING_EXECUTION_OBSERVATION,,0,60,0,60,60
r8c-1229-e9f41b92a41179f9,1229,E1_DYNAMIC,CDF7/CDF-HARSH,JMETALPY_1_7_NSGAII_DYNAMIC_RESTART_BRIDGE,4,COMPLETE,NOT_COMPUTED_MISSING_EXECUTION_OBSERVATION,,0,60,0,60,60
r8c-1230-676e8daca749eb81,1230,E1_DYNAMIC,CDF7/CDF-MILD,DT-RAMDE_TS2_FULL,0,COMPLETE,NOT_COMPUTED_MISSING_EXECUTION_OBSERVATION,,0,60,0,60,60
r8c-1231-aba641784be4345f,1231,E1_DYNAMIC,CDF7/CDF-MILD,MATCHED_FIXED_DE_PARETO,0,COMPLETE,NOT_COMPUTED_MISSING_EXECUTION_OBSERVATION,,0,60,0,60,60
r8c-1232-da83b6351239b4b7,1232,E1_DYNAMIC,CDF7/CDF-MILD,MATCHED_JDE_STYLE_PARETO,0,COMPLETE,NOT_COMPUTED_MISSING_EXECUTION_OBSERVATION,,0,60,0,60,60
r8c-1233-3d92187bbe089022,1233,E1_DYNAMIC,CDF7/CDF-MILD,MATCHED_SHADE_STYLE_PARETO,0,COMPLETE,NOT_COMPUTED_MISSING_EXECUTION_OBSERVATION,,0,60,0,60,60
r8c-1234-8167c0ab70e19852,1234,E1_DYNAMIC,CDF7/CDF-MILD,JMETALPY_1_7_GDE3_STANDARD_PARETO_DE,0,COMPLETE,NOT_COMPUTED_MISSING_EXECUTION_OBSERVATION,,0,60,0,60,60
r8c-1235-ce415085dcd62246,1235,E1_DYNAMIC,CDF7/CDF-MILD,JMETALPY_1_7_NSGAII_DYNAMIC_RESTART_BRIDGE,0,COMPLETE,NOT_COMPUTED_MISSING_EXECUTION_OBSERVATION,,0,60,0,60,60
r8c-1236-d5b3f89557b9ab55,1236,E1_DYNAMIC,CDF7/CDF-MILD,DT-RAMDE_TS2_FULL,1,COMPLETE,NOT_COMPUTED_MISSING_EXECUTION_OBSERVATION,,0,60,0,60,60
r8c-1237-2e55570add9b2452,1237,E1_DYNAMIC,CDF7/CDF-MILD,MATCHED_FIXED_DE_PARETO,1,COMPLETE,NOT_COMPUTED_MISSING_EXECUTION_OBSERVATION,,0,60,0,60,60
r8c-1238-9ad792dfd46e50e5,1238,E1_DYNAMIC,CDF7/CDF-MILD,MATCHED_JDE_STYLE_PARETO,1,COMPLETE,NOT_COMPUTED_MISSING_EXECUTION_OBSERVATION,,0,60,0,60,60
r8c-1239-baa98e11ed9dcdc5,1239,E1_DYNAMIC,CDF7/CDF-MILD,MATCHED_SHADE_STYLE_PARETO,1,COMPLETE,NOT_COMPUTED_MISSING_EXECUTION_OBSERVATION,,0,60,0,60,60
r8c-1240-2bf9bcb7ba8a7904,1240,E1_DYNAMIC,CDF7/CDF-MILD,JMETALPY_1_7_GDE3_STANDARD_PARETO_DE,1,COMPLETE,NOT_COMPUTED_MISSING_EXECUTION_OBSERVATION,,0,60,0,60,60
r8c-1241-81eb89d2ac8b2a31,1241,E1_DYNAMIC,CDF7/CDF-MILD,JMETALPY_1_7_NSGAII_DYNAMIC_RESTART_BRIDGE,1,COMPLETE,NOT_COMPUTED_MISSING_EXECUTION_OBSERVATION,,0,60,0,60,60
r8c-1242-1c920c064081f84b,1242,E1_DYNAMIC,CDF7/CDF-MILD,DT-RAMDE_TS2_FULL,2,COMPLETE,NOT_COMPUTED_MISSING_EXECUTION_OBSERVATION,,0,60,0,60,60
r8c-1243-d9afae5a5285b5f5,1243,E1_DYNAMIC,CDF7/CDF-MILD,MATCHED_FIXED_DE_PARETO,2,COMPLETE,NOT_COMPUTED_MISSING_EXECUTION_OBSERVATION,,0,60,0,60,60
r8c-1244-97f8c1d6f26392b6,1244,E1_DYNAMIC,CDF7/CDF-MILD,MATCHED_JDE_STYLE_PARETO,2,COMPLETE,NOT_COMPUTED_MISSING_EXECUTION_OBSERVATION,,0,60,0,60,60
r8c-1245-0dd580891b327ac7,1245,E1_DYNAMIC,CDF7/CDF-MILD,MATCHED_SHADE_STYLE_PARETO,2,COMPLETE,NOT_COMPUTED_MISSING_EXECUTION_OBSERVATION,,0,60,0,60,60
r8c-1246-53722e006442ffc9,1246,E1_DYNAMIC,CDF7/CDF-MILD,JMETALPY_1_7_GDE3_STANDARD_PARETO_DE,2,COMPLETE,NOT_COMPUTED_MISSING_EXECUTION_OBSERVATION,,0,60,0,60,60
r8c-1247-1189633c4fdb46ee,1247,E1_DYNAMIC,CDF7/CDF-MILD,JMETALPY_1_7_NSGAII_DYNAMIC_RESTART_BRIDGE,2,COMPLETE,NOT_COMPUTED_MISSING_EXECUTION_OBSERVATION,,0,60,0,60,60
r8c-1248-ca7d6175b3338d6f,1248,E1_DYNAMIC,CDF7/CDF-MILD,DT-RAMDE_TS2_FULL,3,COMPLETE,NOT_COMPUTED_MISSING_EXECUTION_OBSERVATION,,0,60,0,60,60
r8c-1249-b32ffc6f15cd05f4,1249,E1_DYNAMIC,CDF7/CDF-MILD,MATCHED_FIXED_DE_PARETO,3,COMPLETE,NOT_COMPUTED_MISSING_EXECUTION_OBSERVATION,,0,60,0,60,60
r8c-1250-621edec55aa4ffbc,1250,E1_DYNAMIC,CDF7/CDF-MILD,MATCHED_JDE_STYLE_PARETO,3,COMPLETE,NOT_COMPUTED_MISSING_EXECUTION_OBSERVATION,,0,60,0,60,60
r8c-1251-fc664c1373de61c3,1251,E1_DYNAMIC,CDF7/CDF-MILD,MATCHED_SHADE_STYLE_PARETO,3,COMPLETE,NOT_COMPUTED_MISSING_EXECUTION_OBSERVATION,,0,60,0,60,60
r8c-1252-b3b9d112be0d53c6,1252,E1_DYNAMIC,CDF7/CDF-MILD,JMETALPY_1_7_GDE3_STANDARD_PARETO_DE,3,COMPLETE,NOT_COMPUTED_MISSING_EXECUTION_OBSERVATION,,0,60,0,60,60
r8c-1253-4bdd12fcb305b630,1253,E1_DYNAMIC,CDF7/CDF-MILD,JMETALPY_1_7_NSGAII_DYNAMIC_RESTART_BRIDGE,3,COMPLETE,NOT_COMPUTED_MISSING_EXECUTION_OBSERVATION,,0,60,0,60,60
r8c-1254-f2bc04645c3a4c00,1254,E1_DYNAMIC,CDF7/CDF-MILD,DT-RAMDE_TS2_FULL,4,COMPLETE,NOT_COMPUTED_MISSING_EXECUTION_OBSERVATION,,0,60,0,60,60
r8c-1255-8110f78db269b1c1,1255,E1_DYNAMIC,CDF7/CDF-MILD,MATCHED_FIXED_DE_PARETO,4,COMPLETE,NOT_COMPUTED_MISSING_EXECUTION_OBSERVATION,,0,60,0,60,60
r8c-1256-953d787bfffeff86,1256,E1_DYNAMIC,CDF7/CDF-MILD,MATCHED_JDE_STYLE_PARETO,4,COMPLETE,NOT_COMPUTED_MISSING_EXECUTION_OBSERVATION,,0,60,0,60,60
r8c-1257-8481d6ecb59fabae,1257,E1_DYNAMIC,CDF7/CDF-MILD,MATCHED_SHADE_STYLE_PARETO,4,COMPLETE,NOT_COMPUTED_MISSING_EXECUTION_OBSERVATION,,0,60,0,60,60
r8c-1258-a0a854186730b25b,1258,E1_DYNAMIC,CDF7/CDF-MILD,JMETALPY_1_7_GDE3_STANDARD_PARETO_DE,4,COMPLETE,NOT_COMPUTED_MISSING_EXECUTION_OBSERVATION,,0,60,0,60,60
r8c-1259-f37ad5511011a03d,1259,E1_DYNAMIC,CDF7/CDF-MILD,JMETALPY_1_7_NSGAII_DYNAMIC_RESTART_BRIDGE,4,COMPLETE,NOT_COMPUTED_MISSING_EXECUTION_OBSERVATION,,0,60,0,60,60
r8c-1260-0de2bd598b9e62e9,1260,E1_DYNAMIC,CDF8/CDF-HARSH,DT-RAMDE_TS2_FULL,0,COMPLETE,NOT_COMPUTED_MISSING_EXECUTION_OBSERVATION,,0,60,0,60,60
r8c-1261-40fd60b8e75a116f,1261,E1_DYNAMIC,CDF8/CDF-HARSH,MATCHED_FIXED_DE_PARETO,0,COMPLETE,NOT_COMPUTED_MISSING_EXECUTION_OBSERVATION,,0,60,0,60,60
r8c-1262-4ddfe27d9578790e,1262,E1_DYNAMIC,CDF8/CDF-HARSH,MATCHED_JDE_STYLE_PARETO,0,COMPLETE,NOT_COMPUTED_MISSING_EXECUTION_OBSERVATION,,0,60,0,60,60
r8c-1263-c73ed8bb955baa3f,1263,E1_DYNAMIC,CDF8/CDF-HARSH,MATCHED_SHADE_STYLE_PARETO,0,COMPLETE,NOT_COMPUTED_MISSING_EXECUTION_OBSERVATION,,0,60,0,60,60
r8c-1264-e85d947d695cde49,1264,E1_DYNAMIC,CDF8/CDF-HARSH,JMETALPY_1_7_GDE3_STANDARD_PARETO_DE,0,COMPLETE,NOT_COMPUTED_MISSING_EXECUTION_OBSERVATION,,0,60,0,60,60
r8c-1265-b202beb1e941bae7,1265,E1_DYNAMIC,CDF8/CDF-HARSH,JMETALPY_1_7_NSGAII_DYNAMIC_RESTART_BRIDGE,0,COMPLETE,NOT_COMPUTED_MISSING_EXECUTION_OBSERVATION,,0,60,0,60,60
r8c-1266-53acbd6abcb439cf,1266,E1_DYNAMIC,CDF8/CDF-HARSH,DT-RAMDE_TS2_FULL,1,COMPLETE,NOT_COMPUTED_MISSING_EXECUTION_OBSERVATION,,0,60,0,60,60
r8c-1267-a0f86189627cd4d2,1267,E1_DYNAMIC,CDF8/CDF-HARSH,MATCHED_FIXED_DE_PARETO,1,COMPLETE,NOT_COMPUTED_MISSING_EXECUTION_OBSERVATION,,0,60,0,60,60
r8c-1268-54641d9c2aac7b6f,1268,E1_DYNAMIC,CDF8/CDF-HARSH,MATCHED_JDE_STYLE_PARETO,1,COMPLETE,NOT_COMPUTED_MISSING_EXECUTION_OBSERVATION,,0,60,0,60,60
r8c-1269-1f4b725e87c6ed84,1269,E1_DYNAMIC,CDF8/CDF-HARSH,MATCHED_SHADE_STYLE_PARETO,1,COMPLETE,NOT_COMPUTED_MISSING_EXECUTION_OBSERVATION,,0,60,0,60,60
r8c-1270-da94018e21e94a46,1270,E1_DYNAMIC,CDF8/CDF-HARSH,JMETALPY_1_7_GDE3_STANDARD_PARETO_DE,1,COMPLETE,NOT_COMPUTED_MISSING_EXECUTION_OBSERVATION,,0,60,0,60,60
r8c-1271-47b3b711dc22b31b,1271,E1_DYNAMIC,CDF8/CDF-HARSH,JMETALPY_1_7_NSGAII_DYNAMIC_RESTART_BRIDGE,1,COMPLETE,NOT_COMPUTED_MISSING_EXECUTION_OBSERVATION,,0,60,0,60,60
r8c-1272-97ffc75bde61d264,1272,E1_DYNAMIC,CDF8/CDF-HARSH,DT-RAMDE_TS2_FULL,2,COMPLETE,NOT_COMPUTED_MISSING_EXECUTION_OBSERVATION,,0,60,0,60,60
r8c-1273-14e0a99fc992f492,1273,E1_DYNAMIC,CDF8/CDF-HARSH,MATCHED_FIXED_DE_PARETO,2,COMPLETE,NOT_COMPUTED_MISSING_EXECUTION_OBSERVATION,,0,60,0,60,60
r8c-1274-19f905168c4af27e,1274,E1_DYNAMIC,CDF8/CDF-HARSH,MATCHED_JDE_STYLE_PARETO,2,COMPLETE,NOT_COMPUTED_MISSING_EXECUTION_OBSERVATION,,0,60,0,60,60
r8c-1275-7d9b233e76f21c0f,1275,E1_DYNAMIC,CDF8/CDF-HARSH,MATCHED_SHADE_STYLE_PARETO,2,COMPLETE,NOT_COMPUTED_MISSING_EXECUTION_OBSERVATION,,0,60,0,60,60
r8c-1276-77c63a2abe0018f3,1276,E1_DYNAMIC,CDF8/CDF-HARSH,JMETALPY_1_7_GDE3_STANDARD_PARETO_DE,2,COMPLETE,NOT_COMPUTED_MISSING_EXECUTION_OBSERVATION,,0,60,0,60,60
r8c-1277-4756a697543c8ac0,1277,E1_DYNAMIC,CDF8/CDF-HARSH,JMETALPY_1_7_NSGAII_DYNAMIC_RESTART_BRIDGE,2,COMPLETE,NOT_COMPUTED_MISSING_EXECUTION_OBSERVATION,,0,60,0,60,60
r8c-1278-1876297e0ae0a983,1278,E1_DYNAMIC,CDF8/CDF-HARSH,DT-RAMDE_TS2_FULL,3,COMPLETE,NOT_COMPUTED_MISSING_EXECUTION_OBSERVATION,,0,60,0,60,60
r8c-1279-e2c6ea8c24d3fb25,1279,E1_DYNAMIC,CDF8/CDF-HARSH,MATCHED_FIXED_DE_PARETO,3,COMPLETE,NOT_COMPUTED_MISSING_EXECUTION_OBSERVATION,,0,60,0,60,60
r8c-1280-09a98abcb5c7f219,1280,E1_DYNAMIC,CDF8/CDF-HARSH,MATCHED_JDE_STYLE_PARETO,3,COMPLETE,NOT_COMPUTED_MISSING_EXECUTION_OBSERVATION,,0,60,0,60,60
r8c-1281-03be80c93f377fe8,1281,E1_DYNAMIC,CDF8/CDF-HARSH,MATCHED_SHADE_STYLE_PARETO,3,COMPLETE,NOT_COMPUTED_MISSING_EXECUTION_OBSERVATION,,0,60,0,60,60
r8c-1282-649c8ad440f732e9,1282,E1_DYNAMIC,CDF8/CDF-HARSH,JMETALPY_1_7_GDE3_STANDARD_PARETO_DE,3,COMPLETE,NOT_COMPUTED_MISSING_EXECUTION_OBSERVATION,,0,60,0,60,60
r8c-1283-de72b987ba7c59d2,1283,E1_DYNAMIC,CDF8/CDF-HARSH,JMETALPY_1_7_NSGAII_DYNAMIC_RESTART_BRIDGE,3,COMPLETE,NOT_COMPUTED_MISSING_EXECUTION_OBSERVATION,,0,60,0,60,60
r8c-1284-52892249b316c22d,1284,E1_DYNAMIC,CDF8/CDF-HARSH,DT-RAMDE_TS2_FULL,4,COMPLETE,NOT_COMPUTED_MISSING_EXECUTION_OBSERVATION,,0,60,0,60,60
r8c-1285-f9f67a9791f93b34,1285,E1_DYNAMIC,CDF8/CDF-HARSH,MATCHED_FIXED_DE_PARETO,4,COMPLETE,NOT_COMPUTED_MISSING_EXECUTION_OBSERVATION,,0,60,0,60,60
r8c-1286-4bbcfa041589c4f0,1286,E1_DYNAMIC,CDF8/CDF-HARSH,MATCHED_JDE_STYLE_PARETO,4,COMPLETE,NOT_COMPUTED_MISSING_EXECUTION_OBSERVATION,,0,60,0,60,60
r8c-1287-c3819b05b2c9ad9b,1287,E1_DYNAMIC,CDF8/CDF-HARSH,MATCHED_SHADE_STYLE_PARETO,4,COMPLETE,NOT_COMPUTED_MISSING_EXECUTION_OBSERVATION,,0,60,0,60,60
r8c-1288-5342f4b38ad1351e,1288,E1_DYNAMIC,CDF8/CDF-HARSH,JMETALPY_1_7_GDE3_STANDARD_PARETO_DE,4,COMPLETE,NOT_COMPUTED_MISSING_EXECUTION_OBSERVATION,,0,60,0,60,60
r8c-1289-c615c07dc8929c60,1289,E1_DYNAMIC,CDF8/CDF-HARSH,JMETALPY_1_7_NSGAII_DYNAMIC_RESTART_BRIDGE,4,COMPLETE,NOT_COMPUTED_MISSING_EXECUTION_OBSERVATION,,0,60,0,60,60
r8c-1290-b1ca96a3eacb8593,1290,E1_DYNAMIC,CDF8/CDF-MILD,DT-RAMDE_TS2_FULL,0,COMPLETE,NOT_COMPUTED_MISSING_EXECUTION_OBSERVATION,,0,60,0,60,60
r8c-1291-c8c70425f6fb3bad,1291,E1_DYNAMIC,CDF8/CDF-MILD,MATCHED_FIXED_DE_PARETO,0,COMPLETE,NOT_COMPUTED_MISSING_EXECUTION_OBSERVATION,,0,60,0,60,60
r8c-1292-cefbff47de02d45b,1292,E1_DYNAMIC,CDF8/CDF-MILD,MATCHED_JDE_STYLE_PARETO,0,COMPLETE,NOT_COMPUTED_MISSING_EXECUTION_OBSERVATION,,0,60,0,60,60
r8c-1293-c9659b68f68ff53e,1293,E1_DYNAMIC,CDF8/CDF-MILD,MATCHED_SHADE_STYLE_PARETO,0,COMPLETE,NOT_COMPUTED_MISSING_EXECUTION_OBSERVATION,,0,60,0,60,60
r8c-1294-025affdac6d3d36d,1294,E1_DYNAMIC,CDF8/CDF-MILD,JMETALPY_1_7_GDE3_STANDARD_PARETO_DE,0,COMPLETE,NOT_COMPUTED_MISSING_EXECUTION_OBSERVATION,,0,60,0,60,60
r8c-1295-f750cd23277ca8f0,1295,E1_DYNAMIC,CDF8/CDF-MILD,JMETALPY_1_7_NSGAII_DYNAMIC_RESTART_BRIDGE,0,COMPLETE,NOT_COMPUTED_MISSING_EXECUTION_OBSERVATION,,0,60,0,60,60
r8c-1296-eb45a9d0ce14787b,1296,E1_DYNAMIC,CDF8/CDF-MILD,DT-RAMDE_TS2_FULL,1,COMPLETE,NOT_COMPUTED_MISSING_EXECUTION_OBSERVATION,,0,60,0,60,60
r8c-1297-47b55f681e582fff,1297,E1_DYNAMIC,CDF8/CDF-MILD,MATCHED_FIXED_DE_PARETO,1,COMPLETE,NOT_COMPUTED_MISSING_EXECUTION_OBSERVATION,,0,60,0,60,60
r8c-1298-b2233913a7e35143,1298,E1_DYNAMIC,CDF8/CDF-MILD,MATCHED_JDE_STYLE_PARETO,1,COMPLETE,NOT_COMPUTED_MISSING_EXECUTION_OBSERVATION,,0,60,0,60,60
r8c-1299-41227026dc2e220d,1299,E1_DYNAMIC,CDF8/CDF-MILD,MATCHED_SHADE_STYLE_PARETO,1,COMPLETE,NOT_COMPUTED_MISSING_EXECUTION_OBSERVATION,,0,60,0,60,60
r8c-1300-9b8e4e53fd6ff709,1300,E1_DYNAMIC,CDF8/CDF-MILD,JMETALPY_1_7_GDE3_STANDARD_PARETO_DE,1,COMPLETE,NOT_COMPUTED_MISSING_EXECUTION_OBSERVATION,,0,60,0,60,60
r8c-1301-d02dda58102f1b9b,1301,E1_DYNAMIC,CDF8/CDF-MILD,JMETALPY_1_7_NSGAII_DYNAMIC_RESTART_BRIDGE,1,COMPLETE,NOT_COMPUTED_MISSING_EXECUTION_OBSERVATION,,0,60,0,60,60
r8c-1302-b422497b5f8b6602,1302,E1_DYNAMIC,CDF8/CDF-MILD,DT-RAMDE_TS2_FULL,2,COMPLETE,NOT_COMPUTED_MISSING_EXECUTION_OBSERVATION,,0,60,0,60,60
r8c-1303-7547e77b03d3c8c6,1303,E1_DYNAMIC,CDF8/CDF-MILD,MATCHED_FIXED_DE_PARETO,2,COMPLETE,NOT_COMPUTED_MISSING_EXECUTION_OBSERVATION,,0,60,0,60,60
r8c-1304-beb9fd5ffbcfaa10,1304,E1_DYNAMIC,CDF8/CDF-MILD,MATCHED_JDE_STYLE_PARETO,2,COMPLETE,NOT_COMPUTED_MISSING_EXECUTION_OBSERVATION,,0,60,0,60,60
r8c-1305-84c2f52bf0577b99,1305,E1_DYNAMIC,CDF8/CDF-MILD,MATCHED_SHADE_STYLE_PARETO,2,COMPLETE,NOT_COMPUTED_MISSING_EXECUTION_OBSERVATION,,0,60,0,60,60
r8c-1306-f7aedd7628418377,1306,E1_DYNAMIC,CDF8/CDF-MILD,JMETALPY_1_7_GDE3_STANDARD_PARETO_DE,2,COMPLETE,NOT_COMPUTED_MISSING_EXECUTION_OBSERVATION,,0,60,0,60,60
r8c-1307-3d9377d4a52aac40,1307,E1_DYNAMIC,CDF8/CDF-MILD,JMETALPY_1_7_NSGAII_DYNAMIC_RESTART_BRIDGE,2,COMPLETE,NOT_COMPUTED_MISSING_EXECUTION_OBSERVATION,,0,60,0,60,60
r8c-1308-3b4d18965e5242db,1308,E1_DYNAMIC,CDF8/CDF-MILD,DT-RAMDE_TS2_FULL,3,COMPLETE,NOT_COMPUTED_MISSING_EXECUTION_OBSERVATION,,0,60,0,60,60
r8c-1309-830cddefbbf2403a,1309,E1_DYNAMIC,CDF8/CDF-MILD,MATCHED_FIXED_DE_PARETO,3,COMPLETE,NOT_COMPUTED_MISSING_EXECUTION_OBSERVATION,,0,60,0,60,60
r8c-1310-c46b3b2573e2c87a,1310,E1_DYNAMIC,CDF8/CDF-MILD,MATCHED_JDE_STYLE_PARETO,3,COMPLETE,NOT_COMPUTED_MISSING_EXECUTION_OBSERVATION,,0,60,0,60,60
r8c-1311-83d16fc79ba91949,1311,E1_DYNAMIC,CDF8/CDF-MILD,MATCHED_SHADE_STYLE_PARETO,3,COMPLETE,NOT_COMPUTED_MISSING_EXECUTION_OBSERVATION,,0,60,0,60,60
r8c-1312-46cf08fa2d1e3336,1312,E1_DYNAMIC,CDF8/CDF-MILD,JMETALPY_1_7_GDE3_STANDARD_PARETO_DE,3,COMPLETE,NOT_COMPUTED_MISSING_EXECUTION_OBSERVATION,,0,60,0,60,60
r8c-1313-3dbb6645586d7e54,1313,E1_DYNAMIC,CDF8/CDF-MILD,JMETALPY_1_7_NSGAII_DYNAMIC_RESTART_BRIDGE,3,COMPLETE,NOT_COMPUTED_MISSING_EXECUTION_OBSERVATION,,0,60,0,60,60
r8c-1314-f3ef7cc60259efa4,1314,E1_DYNAMIC,CDF8/CDF-MILD,DT-RAMDE_TS2_FULL,4,COMPLETE,NOT_COMPUTED_MISSING_EXECUTION_OBSERVATION,,0,60,0,60,60
r8c-1315-ac13bb7b2a28b621,1315,E1_DYNAMIC,CDF8/CDF-MILD,MATCHED_FIXED_DE_PARETO,4,COMPLETE,NOT_COMPUTED_MISSING_EXECUTION_OBSERVATION,,0,60,0,60,60
r8c-1316-2ece8ca8ea9233bb,1316,E1_DYNAMIC,CDF8/CDF-MILD,MATCHED_JDE_STYLE_PARETO,4,COMPLETE,NOT_COMPUTED_MISSING_EXECUTION_OBSERVATION,,0,60,0,60,60
r8c-1317-e37bf74bf9cd4577,1317,E1_DYNAMIC,CDF8/CDF-MILD,MATCHED_SHADE_STYLE_PARETO,4,COMPLETE,NOT_COMPUTED_MISSING_EXECUTION_OBSERVATION,,0,60,0,60,60
r8c-1318-464109d3bf72d4f4,1318,E1_DYNAMIC,CDF8/CDF-MILD,JMETALPY_1_7_GDE3_STANDARD_PARETO_DE,4,COMPLETE,NOT_COMPUTED_MISSING_EXECUTION_OBSERVATION,,0,60,0,60,60
r8c-1319-ad452671c6a9e6f4,1319,E1_DYNAMIC,CDF8/CDF-MILD,JMETALPY_1_7_NSGAII_DYNAMIC_RESTART_BRIDGE,4,COMPLETE,NOT_COMPUTED_MISSING_EXECUTION_OBSERVATION,,0,60,0,60,60
r8c-1320-4be18a752be7ecb7,1320,E1_DYNAMIC,CDF9/CDF-HARSH,DT-RAMDE_TS2_FULL,0,COMPLETE,NOT_COMPUTED_MISSING_EXECUTION_OBSERVATION,,0,60,0,60,60
r8c-1321-90988ac1b67b10a0,1321,E1_DYNAMIC,CDF9/CDF-HARSH,MATCHED_FIXED_DE_PARETO,0,COMPLETE,NOT_COMPUTED_MISSING_EXECUTION_OBSERVATION,,0,60,0,60,60
r8c-1322-2e999d1f4a48b39f,1322,E1_DYNAMIC,CDF9/CDF-HARSH,MATCHED_JDE_STYLE_PARETO,0,COMPLETE,NOT_COMPUTED_MISSING_EXECUTION_OBSERVATION,,0,60,0,60,60
r8c-1323-72e8d61de394071c,1323,E1_DYNAMIC,CDF9/CDF-HARSH,MATCHED_SHADE_STYLE_PARETO,0,COMPLETE,NOT_COMPUTED_MISSING_EXECUTION_OBSERVATION,,0,60,0,60,60
r8c-1324-ecdc8edccb6a1347,1324,E1_DYNAMIC,CDF9/CDF-HARSH,JMETALPY_1_7_GDE3_STANDARD_PARETO_DE,0,COMPLETE,NOT_COMPUTED_MISSING_EXECUTION_OBSERVATION,,0,60,0,60,60
r8c-1325-cae006a75a7f9e60,1325,E1_DYNAMIC,CDF9/CDF-HARSH,JMETALPY_1_7_NSGAII_DYNAMIC_RESTART_BRIDGE,0,COMPLETE,NOT_COMPUTED_MISSING_EXECUTION_OBSERVATION,,0,60,0,60,60
r8c-1326-05fdd324347199e9,1326,E1_DYNAMIC,CDF9/CDF-HARSH,DT-RAMDE_TS2_FULL,1,COMPLETE,NOT_COMPUTED_MISSING_EXECUTION_OBSERVATION,,0,60,0,60,60
r8c-1327-8ebadf5f366117d1,1327,E1_DYNAMIC,CDF9/CDF-HARSH,MATCHED_FIXED_DE_PARETO,1,COMPLETE,NOT_COMPUTED_MISSING_EXECUTION_OBSERVATION,,0,60,0,60,60
r8c-1328-804fb94cce2ccb3c,1328,E1_DYNAMIC,CDF9/CDF-HARSH,MATCHED_JDE_STYLE_PARETO,1,COMPLETE,NOT_COMPUTED_MISSING_EXECUTION_OBSERVATION,,0,60,0,60,60
r8c-1329-d3b07f4e866f1f37,1329,E1_DYNAMIC,CDF9/CDF-HARSH,MATCHED_SHADE_STYLE_PARETO,1,COMPLETE,NOT_COMPUTED_MISSING_EXECUTION_OBSERVATION,,0,60,0,60,60
r8c-1330-3854314c28a3e0c3,1330,E1_DYNAMIC,CDF9/CDF-HARSH,JMETALPY_1_7_GDE3_STANDARD_PARETO_DE,1,COMPLETE,NOT_COMPUTED_MISSING_EXECUTION_OBSERVATION,,0,60,0,60,60
r8c-1331-bd9eb57d4fd29188,1331,E1_DYNAMIC,CDF9/CDF-HARSH,JMETALPY_1_7_NSGAII_DYNAMIC_RESTART_BRIDGE,1,COMPLETE,NOT_COMPUTED_MISSING_EXECUTION_OBSERVATION,,0,60,0,60,60
r8c-1332-5c7bc5c905513293,1332,E1_DYNAMIC,CDF9/CDF-HARSH,DT-RAMDE_TS2_FULL,2,COMPLETE,NOT_COMPUTED_MISSING_EXECUTION_OBSERVATION,,0,60,0,60,60
r8c-1333-af381b29a472c7c7,1333,E1_DYNAMIC,CDF9/CDF-HARSH,MATCHED_FIXED_DE_PARETO,2,COMPLETE,NOT_COMPUTED_MISSING_EXECUTION_OBSERVATION,,0,60,0,60,60
r8c-1334-fcf941887ad3e6d3,1334,E1_DYNAMIC,CDF9/CDF-HARSH,MATCHED_JDE_STYLE_PARETO,2,COMPLETE,NOT_COMPUTED_MISSING_EXECUTION_OBSERVATION,,0,60,0,60,60
r8c-1335-95af7ffa591defd4,1335,E1_DYNAMIC,CDF9/CDF-HARSH,MATCHED_SHADE_STYLE_PARETO,2,COMPLETE,NOT_COMPUTED_MISSING_EXECUTION_OBSERVATION,,0,60,0,60,60
r8c-1336-1337e5ac9e1806f6,1336,E1_DYNAMIC,CDF9/CDF-HARSH,JMETALPY_1_7_GDE3_STANDARD_PARETO_DE,2,COMPLETE,NOT_COMPUTED_MISSING_EXECUTION_OBSERVATION,,0,60,0,60,60
r8c-1337-17e55f2dfcb6031d,1337,E1_DYNAMIC,CDF9/CDF-HARSH,JMETALPY_1_7_NSGAII_DYNAMIC_RESTART_BRIDGE,2,COMPLETE,NOT_COMPUTED_MISSING_EXECUTION_OBSERVATION,,0,60,0,60,60
r8c-1338-711c5e4fb55398d0,1338,E1_DYNAMIC,CDF9/CDF-HARSH,DT-RAMDE_TS2_FULL,3,COMPLETE,NOT_COMPUTED_MISSING_EXECUTION_OBSERVATION,,0,60,0,60,60
r8c-1339-959cf4ace0aa5b44,1339,E1_DYNAMIC,CDF9/CDF-HARSH,MATCHED_FIXED_DE_PARETO,3,COMPLETE,NOT_COMPUTED_MISSING_EXECUTION_OBSERVATION,,0,60,0,60,60
r8c-1340-fefe597d2a4cbacf,1340,E1_DYNAMIC,CDF9/CDF-HARSH,MATCHED_JDE_STYLE_PARETO,3,COMPLETE,NOT_COMPUTED_MISSING_EXECUTION_OBSERVATION,,0,60,0,60,60
r8c-1341-c713d026b6277ec2,1341,E1_DYNAMIC,CDF9/CDF-HARSH,MATCHED_SHADE_STYLE_PARETO,3,COMPLETE,NOT_COMPUTED_MISSING_EXECUTION_OBSERVATION,,0,60,0,60,60
r8c-1342-a783574cc90308f7,1342,E1_DYNAMIC,CDF9/CDF-HARSH,JMETALPY_1_7_GDE3_STANDARD_PARETO_DE,3,COMPLETE,NOT_COMPUTED_MISSING_EXECUTION_OBSERVATION,,0,60,0,60,60
r8c-1343-aa5d4b5efd108be4,1343,E1_DYNAMIC,CDF9/CDF-HARSH,JMETALPY_1_7_NSGAII_DYNAMIC_RESTART_BRIDGE,3,COMPLETE,NOT_COMPUTED_MISSING_EXECUTION_OBSERVATION,,0,60,0,60,60
r8c-1344-9713677c4f6a8608,1344,E1_DYNAMIC,CDF9/CDF-HARSH,DT-RAMDE_TS2_FULL,4,COMPLETE,NOT_COMPUTED_MISSING_EXECUTION_OBSERVATION,,0,60,0,60,60
r8c-1345-ac6c4e86543afefc,1345,E1_DYNAMIC,CDF9/CDF-HARSH,MATCHED_FIXED_DE_PARETO,4,COMPLETE,NOT_COMPUTED_MISSING_EXECUTION_OBSERVATION,,0,60,0,60,60
r8c-1346-350579ed20634f8d,1346,E1_DYNAMIC,CDF9/CDF-HARSH,MATCHED_JDE_STYLE_PARETO,4,COMPLETE,NOT_COMPUTED_MISSING_EXECUTION_OBSERVATION,,0,60,0,60,60
r8c-1347-93b40363653284db,1347,E1_DYNAMIC,CDF9/CDF-HARSH,MATCHED_SHADE_STYLE_PARETO,4,COMPLETE,NOT_COMPUTED_MISSING_EXECUTION_OBSERVATION,,0,60,0,60,60
r8c-1348-7721a2fe0126dba7,1348,E1_DYNAMIC,CDF9/CDF-HARSH,JMETALPY_1_7_GDE3_STANDARD_PARETO_DE,4,COMPLETE,NOT_COMPUTED_MISSING_EXECUTION_OBSERVATION,,0,60,0,60,60
r8c-1349-d77ac7c771d14834,1349,E1_DYNAMIC,CDF9/CDF-HARSH,JMETALPY_1_7_NSGAII_DYNAMIC_RESTART_BRIDGE,4,COMPLETE,NOT_COMPUTED_MISSING_EXECUTION_OBSERVATION,,0,60,0,60,60
r8c-1350-b792f2c9a29d2363,1350,E1_DYNAMIC,CDF9/CDF-MILD,DT-RAMDE_TS2_FULL,0,COMPLETE,NOT_COMPUTED_MISSING_EXECUTION_OBSERVATION,,0,60,0,60,60
r8c-1351-a1b7d5d89a8fe75e,1351,E1_DYNAMIC,CDF9/CDF-MILD,MATCHED_FIXED_DE_PARETO,0,COMPLETE,NOT_COMPUTED_MISSING_EXECUTION_OBSERVATION,,0,60,0,60,60
r8c-1352-d8ef7f8e2b3fbfc9,1352,E1_DYNAMIC,CDF9/CDF-MILD,MATCHED_JDE_STYLE_PARETO,0,COMPLETE,NOT_COMPUTED_MISSING_EXECUTION_OBSERVATION,,0,60,0,60,60
r8c-1353-d1338ba3ad38620f,1353,E1_DYNAMIC,CDF9/CDF-MILD,MATCHED_SHADE_STYLE_PARETO,0,COMPLETE,NOT_COMPUTED_MISSING_EXECUTION_OBSERVATION,,0,60,0,60,60
r8c-1354-a299e74c7a04b350,1354,E1_DYNAMIC,CDF9/CDF-MILD,JMETALPY_1_7_GDE3_STANDARD_PARETO_DE,0,COMPLETE,NOT_COMPUTED_MISSING_EXECUTION_OBSERVATION,,0,60,0,60,60
r8c-1355-7ed84c8e4f27d171,1355,E1_DYNAMIC,CDF9/CDF-MILD,JMETALPY_1_7_NSGAII_DYNAMIC_RESTART_BRIDGE,0,COMPLETE,NOT_COMPUTED_MISSING_EXECUTION_OBSERVATION,,0,60,0,60,60
r8c-1356-1cb7cd0bb3e74ee1,1356,E1_DYNAMIC,CDF9/CDF-MILD,DT-RAMDE_TS2_FULL,1,COMPLETE,NOT_COMPUTED_MISSING_EXECUTION_OBSERVATION,,0,60,0,60,60
r8c-1357-ddb2f56b5bfc5f9f,1357,E1_DYNAMIC,CDF9/CDF-MILD,MATCHED_FIXED_DE_PARETO,1,COMPLETE,NOT_COMPUTED_MISSING_EXECUTION_OBSERVATION,,0,60,0,60,60
r8c-1358-01fb7ef2ec2e8e32,1358,E1_DYNAMIC,CDF9/CDF-MILD,MATCHED_JDE_STYLE_PARETO,1,COMPLETE,NOT_COMPUTED_MISSING_EXECUTION_OBSERVATION,,0,60,0,60,60
r8c-1359-58ed132b1e42cd46,1359,E1_DYNAMIC,CDF9/CDF-MILD,MATCHED_SHADE_STYLE_PARETO,1,COMPLETE,NOT_COMPUTED_MISSING_EXECUTION_OBSERVATION,,0,60,0,60,60
r8c-1360-829577df5a912556,1360,E1_DYNAMIC,CDF9/CDF-MILD,JMETALPY_1_7_GDE3_STANDARD_PARETO_DE,1,COMPLETE,NOT_COMPUTED_MISSING_EXECUTION_OBSERVATION,,0,60,0,60,60
r8c-1361-643273f1759d747c,1361,E1_DYNAMIC,CDF9/CDF-MILD,JMETALPY_1_7_NSGAII_DYNAMIC_RESTART_BRIDGE,1,COMPLETE,NOT_COMPUTED_MISSING_EXECUTION_OBSERVATION,,0,60,0,60,60
r8c-1362-fb99afe138dd7f5d,1362,E1_DYNAMIC,CDF9/CDF-MILD,DT-RAMDE_TS2_FULL,2,COMPLETE,NOT_COMPUTED_MISSING_EXECUTION_OBSERVATION,,0,60,0,60,60
r8c-1363-387d594287a1dcf0,1363,E1_DYNAMIC,CDF9/CDF-MILD,MATCHED_FIXED_DE_PARETO,2,COMPLETE,NOT_COMPUTED_MISSING_EXECUTION_OBSERVATION,,0,60,0,60,60
r8c-1364-abb5bc9f6d6ee6d5,1364,E1_DYNAMIC,CDF9/CDF-MILD,MATCHED_JDE_STYLE_PARETO,2,COMPLETE,NOT_COMPUTED_MISSING_EXECUTION_OBSERVATION,,0,60,0,60,60
r8c-1365-95e0c8ccabdd2674,1365,E1_DYNAMIC,CDF9/CDF-MILD,MATCHED_SHADE_STYLE_PARETO,2,COMPLETE,NOT_COMPUTED_MISSING_EXECUTION_OBSERVATION,,0,60,0,60,60
r8c-1366-03b318055526366b,1366,E1_DYNAMIC,CDF9/CDF-MILD,JMETALPY_1_7_GDE3_STANDARD_PARETO_DE,2,COMPLETE,NOT_COMPUTED_MISSING_EXECUTION_OBSERVATION,,0,60,0,60,60
r8c-1367-80675adaac23154e,1367,E1_DYNAMIC,CDF9/CDF-MILD,JMETALPY_1_7_NSGAII_DYNAMIC_RESTART_BRIDGE,2,COMPLETE,NOT_COMPUTED_MISSING_EXECUTION_OBSERVATION,,0,60,0,60,60
r8c-1368-856caecbe85caa5d,1368,E1_DYNAMIC,CDF9/CDF-MILD,DT-RAMDE_TS2_FULL,3,COMPLETE,NOT_COMPUTED_MISSING_EXECUTION_OBSERVATION,,0,60,0,60,60
r8c-1369-46c91430c6d915fa,1369,E1_DYNAMIC,CDF9/CDF-MILD,MATCHED_FIXED_DE_PARETO,3,COMPLETE,NOT_COMPUTED_MISSING_EXECUTION_OBSERVATION,,0,60,0,60,60
r8c-1370-18744c84678c9eb9,1370,E1_DYNAMIC,CDF9/CDF-MILD,MATCHED_JDE_STYLE_PARETO,3,COMPLETE,NOT_COMPUTED_MISSING_EXECUTION_OBSERVATION,,0,60,0,60,60
r8c-1371-42304308d481aaee,1371,E1_DYNAMIC,CDF9/CDF-MILD,MATCHED_SHADE_STYLE_PARETO,3,COMPLETE,NOT_COMPUTED_MISSING_EXECUTION_OBSERVATION,,0,60,0,60,60
r8c-1372-9513dab92550d7ff,1372,E1_DYNAMIC,CDF9/CDF-MILD,JMETALPY_1_7_GDE3_STANDARD_PARETO_DE,3,COMPLETE,NOT_COMPUTED_MISSING_EXECUTION_OBSERVATION,,0,60,0,60,60
r8c-1373-59505168a0ef8c86,1373,E1_DYNAMIC,CDF9/CDF-MILD,JMETALPY_1_7_NSGAII_DYNAMIC_RESTART_BRIDGE,3,COMPLETE,NOT_COMPUTED_MISSING_EXECUTION_OBSERVATION,,0,60,0,60,60
r8c-1374-38e1775c72bd70e8,1374,E1_DYNAMIC,CDF9/CDF-MILD,DT-RAMDE_TS2_FULL,4,COMPLETE,NOT_COMPUTED_MISSING_EXECUTION_OBSERVATION,,0,60,0,60,60
r8c-1375-5928089e62f1c2f3,1375,E1_DYNAMIC,CDF9/CDF-MILD,MATCHED_FIXED_DE_PARETO,4,COMPLETE,NOT_COMPUTED_MISSING_EXECUTION_OBSERVATION,,0,60,0,60,60
r8c-1376-87ee988a36727b04,1376,E1_DYNAMIC,CDF9/CDF-MILD,MATCHED_JDE_STYLE_PARETO,4,COMPLETE,NOT_COMPUTED_MISSING_EXECUTION_OBSERVATION,,0,60,0,60,60
r8c-1377-573d02558150ec3e,1377,E1_DYNAMIC,CDF9/CDF-MILD,MATCHED_SHADE_STYLE_PARETO,4,COMPLETE,NOT_COMPUTED_MISSING_EXECUTION_OBSERVATION,,0,60,0,60,60
r8c-1378-0b3a024117324626,1378,E1_DYNAMIC,CDF9/CDF-MILD,JMETALPY_1_7_GDE3_STANDARD_PARETO_DE,4,COMPLETE,NOT_COMPUTED_MISSING_EXECUTION_OBSERVATION,,0,60,0,60,60
r8c-1379-6e83320383e01992,1379,E1_DYNAMIC,CDF9/CDF-MILD,JMETALPY_1_7_NSGAII_DYNAMIC_RESTART_BRIDGE,4,COMPLETE,NOT_COMPUTED_MISSING_EXECUTION_OBSERVATION,,0,60,0,60,60
r8c-1380-7677c615853fa84e,1380,E1_DYNAMIC,CDF10/CDF-HARSH,DT-RAMDE_TS2_FULL,0,COMPLETE,NOT_COMPUTED_MISSING_EXECUTION_OBSERVATION,,0,60,0,60,60
r8c-1381-637c3b2603be79d0,1381,E1_DYNAMIC,CDF10/CDF-HARSH,MATCHED_FIXED_DE_PARETO,0,COMPLETE,NOT_COMPUTED_MISSING_EXECUTION_OBSERVATION,,0,60,0,60,60
r8c-1382-f1ab4821a1306b06,1382,E1_DYNAMIC,CDF10/CDF-HARSH,MATCHED_JDE_STYLE_PARETO,0,COMPLETE,NOT_COMPUTED_MISSING_EXECUTION_OBSERVATION,,0,60,0,60,60
r8c-1383-721d14e86d86acbd,1383,E1_DYNAMIC,CDF10/CDF-HARSH,MATCHED_SHADE_STYLE_PARETO,0,COMPLETE,NOT_COMPUTED_MISSING_EXECUTION_OBSERVATION,,0,60,0,60,60
r8c-1384-3bd48541b1946d8f,1384,E1_DYNAMIC,CDF10/CDF-HARSH,JMETALPY_1_7_GDE3_STANDARD_PARETO_DE,0,COMPLETE,NOT_COMPUTED_MISSING_EXECUTION_OBSERVATION,,0,60,0,60,60
r8c-1385-2bf7894396c1c626,1385,E1_DYNAMIC,CDF10/CDF-HARSH,JMETALPY_1_7_NSGAII_DYNAMIC_RESTART_BRIDGE,0,COMPLETE,NOT_COMPUTED_MISSING_EXECUTION_OBSERVATION,,0,60,0,60,60
r8c-1386-c1c5535ede07a9a3,1386,E1_DYNAMIC,CDF10/CDF-HARSH,DT-RAMDE_TS2_FULL,1,COMPLETE,NOT_COMPUTED_MISSING_EXECUTION_OBSERVATION,,0,60,0,60,60
r8c-1387-5de6500e073ad8f9,1387,E1_DYNAMIC,CDF10/CDF-HARSH,MATCHED_FIXED_DE_PARETO,1,COMPLETE,NOT_COMPUTED_MISSING_EXECUTION_OBSERVATION,,0,60,0,60,60
r8c-1388-5c6d35bf01d29e9b,1388,E1_DYNAMIC,CDF10/CDF-HARSH,MATCHED_JDE_STYLE_PARETO,1,COMPLETE,NOT_COMPUTED_MISSING_EXECUTION_OBSERVATION,,0,60,0,60,60
r8c-1389-19c92380f6a57564,1389,E1_DYNAMIC,CDF10/CDF-HARSH,MATCHED_SHADE_STYLE_PARETO,1,COMPLETE,NOT_COMPUTED_MISSING_EXECUTION_OBSERVATION,,0,60,0,60,60
r8c-1390-bb1c65bb746e451d,1390,E1_DYNAMIC,CDF10/CDF-HARSH,JMETALPY_1_7_GDE3_STANDARD_PARETO_DE,1,COMPLETE,NOT_COMPUTED_MISSING_EXECUTION_OBSERVATION,,0,60,0,60,60
r8c-1391-d3172a9b763c1861,1391,E1_DYNAMIC,CDF10/CDF-HARSH,JMETALPY_1_7_NSGAII_DYNAMIC_RESTART_BRIDGE,1,COMPLETE,NOT_COMPUTED_MISSING_EXECUTION_OBSERVATION,,0,60,0,60,60
r8c-1392-fd7da44b9c28c0d2,1392,E1_DYNAMIC,CDF10/CDF-HARSH,DT-RAMDE_TS2_FULL,2,COMPLETE,NOT_COMPUTED_MISSING_EXECUTION_OBSERVATION,,0,60,0,60,60
r8c-1393-13db9b50fd7e536f,1393,E1_DYNAMIC,CDF10/CDF-HARSH,MATCHED_FIXED_DE_PARETO,2,COMPLETE,NOT_COMPUTED_MISSING_EXECUTION_OBSERVATION,,0,60,0,60,60
r8c-1394-337adb50788aed33,1394,E1_DYNAMIC,CDF10/CDF-HARSH,MATCHED_JDE_STYLE_PARETO,2,COMPLETE,NOT_COMPUTED_MISSING_EXECUTION_OBSERVATION,,0,60,0,60,60
r8c-1395-303f29a5b13d4454,1395,E1_DYNAMIC,CDF10/CDF-HARSH,MATCHED_SHADE_STYLE_PARETO,2,COMPLETE,NOT_COMPUTED_MISSING_EXECUTION_OBSERVATION,,0,60,0,60,60
r8c-1396-1132ab4a4ab47e2f,1396,E1_DYNAMIC,CDF10/CDF-HARSH,JMETALPY_1_7_GDE3_STANDARD_PARETO_DE,2,COMPLETE,NOT_COMPUTED_MISSING_EXECUTION_OBSERVATION,,0,60,0,60,60
r8c-1397-04df4980f7558cbd,1397,E1_DYNAMIC,CDF10/CDF-HARSH,JMETALPY_1_7_NSGAII_DYNAMIC_RESTART_BRIDGE,2,COMPLETE,NOT_COMPUTED_MISSING_EXECUTION_OBSERVATION,,0,60,0,60,60
r8c-1398-5f4e58e397e39396,1398,E1_DYNAMIC,CDF10/CDF-HARSH,DT-RAMDE_TS2_FULL,3,COMPLETE,NOT_COMPUTED_MISSING_EXECUTION_OBSERVATION,,0,60,0,60,60
r8c-1399-b1e956c4b41eae58,1399,E1_DYNAMIC,CDF10/CDF-HARSH,MATCHED_FIXED_DE_PARETO,3,COMPLETE,NOT_COMPUTED_MISSING_EXECUTION_OBSERVATION,,0,60,0,60,60
r8c-1400-1dc4190bc851c1ee,1400,E1_DYNAMIC,CDF10/CDF-HARSH,MATCHED_JDE_STYLE_PARETO,3,COMPLETE,NOT_COMPUTED_MISSING_EXECUTION_OBSERVATION,,0,60,0,60,60
r8c-1401-e3a52592ea00e5ea,1401,E1_DYNAMIC,CDF10/CDF-HARSH,MATCHED_SHADE_STYLE_PARETO,3,COMPLETE,NOT_COMPUTED_MISSING_EXECUTION_OBSERVATION,,0,60,0,60,60
r8c-1402-35d97cd64cb5508b,1402,E1_DYNAMIC,CDF10/CDF-HARSH,JMETALPY_1_7_GDE3_STANDARD_PARETO_DE,3,COMPLETE,NOT_COMPUTED_MISSING_EXECUTION_OBSERVATION,,0,60,0,60,60
r8c-1403-9d5b6eb84b26c8ee,1403,E1_DYNAMIC,CDF10/CDF-HARSH,JMETALPY_1_7_NSGAII_DYNAMIC_RESTART_BRIDGE,3,COMPLETE,NOT_COMPUTED_MISSING_EXECUTION_OBSERVATION,,0,60,0,60,60
r8c-1404-63f9f3047baca778,1404,E1_DYNAMIC,CDF10/CDF-HARSH,DT-RAMDE_TS2_FULL,4,COMPLETE,NOT_COMPUTED_MISSING_EXECUTION_OBSERVATION,,0,60,0,60,60
r8c-1405-12511ee9fab50164,1405,E1_DYNAMIC,CDF10/CDF-HARSH,MATCHED_FIXED_DE_PARETO,4,COMPLETE,NOT_COMPUTED_MISSING_EXECUTION_OBSERVATION,,0,60,0,60,60
r8c-1406-bb0b2c82d422d8db,1406,E1_DYNAMIC,CDF10/CDF-HARSH,MATCHED_JDE_STYLE_PARETO,4,COMPLETE,NOT_COMPUTED_MISSING_EXECUTION_OBSERVATION,,0,60,0,60,60
r8c-1407-3135b4b2a20e7f1f,1407,E1_DYNAMIC,CDF10/CDF-HARSH,MATCHED_SHADE_STYLE_PARETO,4,COMPLETE,NOT_COMPUTED_MISSING_EXECUTION_OBSERVATION,,0,60,0,60,60
r8c-1408-face6045a57015d9,1408,E1_DYNAMIC,CDF10/CDF-HARSH,JMETALPY_1_7_GDE3_STANDARD_PARETO_DE,4,COMPLETE,NOT_COMPUTED_MISSING_EXECUTION_OBSERVATION,,0,60,0,60,60
r8c-1409-f0247b09442e4dbe,1409,E1_DYNAMIC,CDF10/CDF-HARSH,JMETALPY_1_7_NSGAII_DYNAMIC_RESTART_BRIDGE,4,COMPLETE,NOT_COMPUTED_MISSING_EXECUTION_OBSERVATION,,0,60,0,60,60
r8c-1410-156d3fe22bc76c6d,1410,E1_DYNAMIC,CDF10/CDF-MILD,DT-RAMDE_TS2_FULL,0,COMPLETE,NOT_COMPUTED_MISSING_EXECUTION_OBSERVATION,,0,60,0,60,60
r8c-1411-196aa937fe514d6d,1411,E1_DYNAMIC,CDF10/CDF-MILD,MATCHED_FIXED_DE_PARETO,0,COMPLETE,NOT_COMPUTED_MISSING_EXECUTION_OBSERVATION,,0,60,0,60,60
r8c-1412-a7f0b6e102e51f3a,1412,E1_DYNAMIC,CDF10/CDF-MILD,MATCHED_JDE_STYLE_PARETO,0,COMPLETE,NOT_COMPUTED_MISSING_EXECUTION_OBSERVATION,,0,60,0,60,60
r8c-1413-9e2655fbace87aa8,1413,E1_DYNAMIC,CDF10/CDF-MILD,MATCHED_SHADE_STYLE_PARETO,0,COMPLETE,NOT_COMPUTED_MISSING_EXECUTION_OBSERVATION,,0,60,0,60,60
r8c-1414-b90d5fd5692b9341,1414,E1_DYNAMIC,CDF10/CDF-MILD,JMETALPY_1_7_GDE3_STANDARD_PARETO_DE,0,COMPLETE,NOT_COMPUTED_MISSING_EXECUTION_OBSERVATION,,0,60,0,60,60
r8c-1415-5cad6d9dff61ec85,1415,E1_DYNAMIC,CDF10/CDF-MILD,JMETALPY_1_7_NSGAII_DYNAMIC_RESTART_BRIDGE,0,COMPLETE,NOT_COMPUTED_MISSING_EXECUTION_OBSERVATION,,0,60,0,60,60
r8c-1416-7f6722a2162b7594,1416,E1_DYNAMIC,CDF10/CDF-MILD,DT-RAMDE_TS2_FULL,1,COMPLETE,NOT_COMPUTED_MISSING_EXECUTION_OBSERVATION,,0,60,0,60,60
r8c-1417-ac48085599d1a6ef,1417,E1_DYNAMIC,CDF10/CDF-MILD,MATCHED_FIXED_DE_PARETO,1,COMPLETE,NOT_COMPUTED_MISSING_EXECUTION_OBSERVATION,,0,60,0,60,60
r8c-1418-9a791643e1ec1923,1418,E1_DYNAMIC,CDF10/CDF-MILD,MATCHED_JDE_STYLE_PARETO,1,COMPLETE,NOT_COMPUTED_MISSING_EXECUTION_OBSERVATION,,0,60,0,60,60
r8c-1419-fdd4ac3b5f87e39c,1419,E1_DYNAMIC,CDF10/CDF-MILD,MATCHED_SHADE_STYLE_PARETO,1,COMPLETE,NOT_COMPUTED_MISSING_EXECUTION_OBSERVATION,,0,60,0,60,60
r8c-1420-5365ada07cfaa9b6,1420,E1_DYNAMIC,CDF10/CDF-MILD,JMETALPY_1_7_GDE3_STANDARD_PARETO_DE,1,COMPLETE,NOT_COMPUTED_MISSING_EXECUTION_OBSERVATION,,0,60,0,60,60
r8c-1421-a2389f63c77378fe,1421,E1_DYNAMIC,CDF10/CDF-MILD,JMETALPY_1_7_NSGAII_DYNAMIC_RESTART_BRIDGE,1,COMPLETE,NOT_COMPUTED_MISSING_EXECUTION_OBSERVATION,,0,60,0,60,60
r8c-1422-1fd6414a680da147,1422,E1_DYNAMIC,CDF10/CDF-MILD,DT-RAMDE_TS2_FULL,2,COMPLETE,NOT_COMPUTED_MISSING_EXECUTION_OBSERVATION,,0,60,0,60,60
r8c-1423-49118597c375cd93,1423,E1_DYNAMIC,CDF10/CDF-MILD,MATCHED_FIXED_DE_PARETO,2,COMPLETE,NOT_COMPUTED_MISSING_EXECUTION_OBSERVATION,,0,60,0,60,60
r8c-1424-a13fda3c0388f197,1424,E1_DYNAMIC,CDF10/CDF-MILD,MATCHED_JDE_STYLE_PARETO,2,COMPLETE,NOT_COMPUTED_MISSING_EXECUTION_OBSERVATION,,0,60,0,60,60
r8c-1425-84709fc0cf4523b9,1425,E1_DYNAMIC,CDF10/CDF-MILD,MATCHED_SHADE_STYLE_PARETO,2,COMPLETE,NOT_COMPUTED_MISSING_EXECUTION_OBSERVATION,,0,60,0,60,60
r8c-1426-8e7f58061fefad78,1426,E1_DYNAMIC,CDF10/CDF-MILD,JMETALPY_1_7_GDE3_STANDARD_PARETO_DE,2,COMPLETE,NOT_COMPUTED_MISSING_EXECUTION_OBSERVATION,,0,60,0,60,60
r8c-1427-100f3962f6158e2a,1427,E1_DYNAMIC,CDF10/CDF-MILD,JMETALPY_1_7_NSGAII_DYNAMIC_RESTART_BRIDGE,2,COMPLETE,NOT_COMPUTED_MISSING_EXECUTION_OBSERVATION,,0,60,0,60,60
r8c-1428-77f474813fb0ee69,1428,E1_DYNAMIC,CDF10/CDF-MILD,DT-RAMDE_TS2_FULL,3,COMPLETE,NOT_COMPUTED_MISSING_EXECUTION_OBSERVATION,,0,60,0,60,60
r8c-1429-64b1de4d20d10415,1429,E1_DYNAMIC,CDF10/CDF-MILD,MATCHED_FIXED_DE_PARETO,3,COMPLETE,NOT_COMPUTED_MISSING_EXECUTION_OBSERVATION,,0,60,0,60,60
r8c-1430-7658551f348ec665,1430,E1_DYNAMIC,CDF10/CDF-MILD,MATCHED_JDE_STYLE_PARETO,3,COMPLETE,NOT_COMPUTED_MISSING_EXECUTION_OBSERVATION,,0,60,0,60,60
r8c-1431-268bd055a835d399,1431,E1_DYNAMIC,CDF10/CDF-MILD,MATCHED_SHADE_STYLE_PARETO,3,COMPLETE,NOT_COMPUTED_MISSING_EXECUTION_OBSERVATION,,0,60,0,60,60
r8c-1432-be2168cbcbbf1752,1432,E1_DYNAMIC,CDF10/CDF-MILD,JMETALPY_1_7_GDE3_STANDARD_PARETO_DE,3,COMPLETE,NOT_COMPUTED_MISSING_EXECUTION_OBSERVATION,,0,60,0,60,60
r8c-1433-9231fb94025c07a4,1433,E1_DYNAMIC,CDF10/CDF-MILD,JMETALPY_1_7_NSGAII_DYNAMIC_RESTART_BRIDGE,3,COMPLETE,NOT_COMPUTED_MISSING_EXECUTION_OBSERVATION,,0,60,0,60,60
r8c-1434-c97558f5034c077c,1434,E1_DYNAMIC,CDF10/CDF-MILD,DT-RAMDE_TS2_FULL,4,COMPLETE,NOT_COMPUTED_MISSING_EXECUTION_OBSERVATION,,0,60,0,60,60
r8c-1435-57225a9bc6c6dd8e,1435,E1_DYNAMIC,CDF10/CDF-MILD,MATCHED_FIXED_DE_PARETO,4,COMPLETE,NOT_COMPUTED_MISSING_EXECUTION_OBSERVATION,,0,60,0,60,60
r8c-1436-203bc54a9e5db875,1436,E1_DYNAMIC,CDF10/CDF-MILD,MATCHED_JDE_STYLE_PARETO,4,COMPLETE,NOT_COMPUTED_MISSING_EXECUTION_OBSERVATION,,0,60,0,60,60
r8c-1437-700d5545564d9c24,1437,E1_DYNAMIC,CDF10/CDF-MILD,MATCHED_SHADE_STYLE_PARETO,4,COMPLETE,NOT_COMPUTED_MISSING_EXECUTION_OBSERVATION,,0,60,0,60,60
r8c-1438-23063277c553dc14,1438,E1_DYNAMIC,CDF10/CDF-MILD,JMETALPY_1_7_GDE3_STANDARD_PARETO_DE,4,COMPLETE,NOT_COMPUTED_MISSING_EXECUTION_OBSERVATION,,0,60,0,60,60
r8c-1439-52404da0c50f963a,1439,E1_DYNAMIC,CDF10/CDF-MILD,JMETALPY_1_7_NSGAII_DYNAMIC_RESTART_BRIDGE,4,COMPLETE,NOT_COMPUTED_MISSING_EXECUTION_OBSERVATION,,0,60,0,60,60
r8c-1440-48ab29cf3f25a05d,1440,E1_DYNAMIC,CDF11/CDF-HARSH,DT-RAMDE_TS2_FULL,0,COMPLETE,NOT_COMPUTED_MISSING_EXECUTION_OBSERVATION,,0,60,0,60,60
r8c-1441-13fc7488bdebf4c5,1441,E1_DYNAMIC,CDF11/CDF-HARSH,MATCHED_FIXED_DE_PARETO,0,COMPLETE,NOT_COMPUTED_MISSING_EXECUTION_OBSERVATION,,0,60,0,60,60
r8c-1442-7912cdf7bc79adb7,1442,E1_DYNAMIC,CDF11/CDF-HARSH,MATCHED_JDE_STYLE_PARETO,0,COMPLETE,NOT_COMPUTED_MISSING_EXECUTION_OBSERVATION,,0,60,0,60,60
r8c-1443-94dc3324abfec32b,1443,E1_DYNAMIC,CDF11/CDF-HARSH,MATCHED_SHADE_STYLE_PARETO,0,COMPLETE,NOT_COMPUTED_MISSING_EXECUTION_OBSERVATION,,0,60,0,60,60
r8c-1444-fa6773bd09597485,1444,E1_DYNAMIC,CDF11/CDF-HARSH,JMETALPY_1_7_GDE3_STANDARD_PARETO_DE,0,COMPLETE,NOT_COMPUTED_MISSING_EXECUTION_OBSERVATION,,0,60,0,60,60
r8c-1445-06e5612f97f572bb,1445,E1_DYNAMIC,CDF11/CDF-HARSH,JMETALPY_1_7_NSGAII_DYNAMIC_RESTART_BRIDGE,0,COMPLETE,NOT_COMPUTED_MISSING_EXECUTION_OBSERVATION,,0,60,0,60,60
r8c-1446-5f3dd9b313d88fdc,1446,E1_DYNAMIC,CDF11/CDF-HARSH,DT-RAMDE_TS2_FULL,1,COMPLETE,NOT_COMPUTED_MISSING_EXECUTION_OBSERVATION,,0,60,0,60,60
r8c-1447-b8daf8dc96465021,1447,E1_DYNAMIC,CDF11/CDF-HARSH,MATCHED_FIXED_DE_PARETO,1,COMPLETE,NOT_COMPUTED_MISSING_EXECUTION_OBSERVATION,,0,60,0,60,60
r8c-1448-c9a144260578556a,1448,E1_DYNAMIC,CDF11/CDF-HARSH,MATCHED_JDE_STYLE_PARETO,1,COMPLETE,NOT_COMPUTED_MISSING_EXECUTION_OBSERVATION,,0,60,0,60,60
r8c-1449-0c9a28f4e4fd22c1,1449,E1_DYNAMIC,CDF11/CDF-HARSH,MATCHED_SHADE_STYLE_PARETO,1,COMPLETE,NOT_COMPUTED_MISSING_EXECUTION_OBSERVATION,,0,60,0,60,60
r8c-1450-cff7672c0cdd016f,1450,E1_DYNAMIC,CDF11/CDF-HARSH,JMETALPY_1_7_GDE3_STANDARD_PARETO_DE,1,COMPLETE,NOT_COMPUTED_MISSING_EXECUTION_OBSERVATION,,0,60,0,60,60
r8c-1451-eac5008803fcbd1a,1451,E1_DYNAMIC,CDF11/CDF-HARSH,JMETALPY_1_7_NSGAII_DYNAMIC_RESTART_BRIDGE,1,COMPLETE,NOT_COMPUTED_MISSING_EXECUTION_OBSERVATION,,0,60,0,60,60
r8c-1452-77376ca80397bb4c,1452,E1_DYNAMIC,CDF11/CDF-HARSH,DT-RAMDE_TS2_FULL,2,COMPLETE,NOT_COMPUTED_MISSING_EXECUTION_OBSERVATION,,0,60,0,60,60
r8c-1453-7013e68d3a72d1b0,1453,E1_DYNAMIC,CDF11/CDF-HARSH,MATCHED_FIXED_DE_PARETO,2,COMPLETE,NOT_COMPUTED_MISSING_EXECUTION_OBSERVATION,,0,60,0,60,60
r8c-1454-0b82ae2d23366fc1,1454,E1_DYNAMIC,CDF11/CDF-HARSH,MATCHED_JDE_STYLE_PARETO,2,COMPLETE,NOT_COMPUTED_MISSING_EXECUTION_OBSERVATION,,0,60,0,60,60
r8c-1455-62810a2b02758d63,1455,E1_DYNAMIC,CDF11/CDF-HARSH,MATCHED_SHADE_STYLE_PARETO,2,COMPLETE,NOT_COMPUTED_MISSING_EXECUTION_OBSERVATION,,0,60,0,60,60
r8c-1456-9188762027345305,1456,E1_DYNAMIC,CDF11/CDF-HARSH,JMETALPY_1_7_GDE3_STANDARD_PARETO_DE,2,COMPLETE,NOT_COMPUTED_MISSING_EXECUTION_OBSERVATION,,0,60,0,60,60
r8c-1457-b77944ec4e92518b,1457,E1_DYNAMIC,CDF11/CDF-HARSH,JMETALPY_1_7_NSGAII_DYNAMIC_RESTART_BRIDGE,2,COMPLETE,NOT_COMPUTED_MISSING_EXECUTION_OBSERVATION,,0,60,0,60,60
r8c-1458-ca996688c84a01e6,1458,E1_DYNAMIC,CDF11/CDF-HARSH,DT-RAMDE_TS2_FULL,3,COMPLETE,NOT_COMPUTED_MISSING_EXECUTION_OBSERVATION,,0,60,0,60,60
r8c-1459-428fcdf1fd498e76,1459,E1_DYNAMIC,CDF11/CDF-HARSH,MATCHED_FIXED_DE_PARETO,3,COMPLETE,NOT_COMPUTED_MISSING_EXECUTION_OBSERVATION,,0,60,0,60,60
r8c-1460-dade2d0b63350742,1460,E1_DYNAMIC,CDF11/CDF-HARSH,MATCHED_JDE_STYLE_PARETO,3,COMPLETE,NOT_COMPUTED_MISSING_EXECUTION_OBSERVATION,,0,60,0,60,60
r8c-1461-3d4cb8b01b761427,1461,E1_DYNAMIC,CDF11/CDF-HARSH,MATCHED_SHADE_STYLE_PARETO,3,COMPLETE,NOT_COMPUTED_MISSING_EXECUTION_OBSERVATION,,0,60,0,60,60
r8c-1462-8be6ec05d1e8962b,1462,E1_DYNAMIC,CDF11/CDF-HARSH,JMETALPY_1_7_GDE3_STANDARD_PARETO_DE,3,COMPLETE,NOT_COMPUTED_MISSING_EXECUTION_OBSERVATION,,0,60,0,60,60
r8c-1463-9e9bbe855413edc1,1463,E1_DYNAMIC,CDF11/CDF-HARSH,JMETALPY_1_7_NSGAII_DYNAMIC_RESTART_BRIDGE,3,COMPLETE,NOT_COMPUTED_MISSING_EXECUTION_OBSERVATION,,0,60,0,60,60
r8c-1464-ada27dc03f796cd7,1464,E1_DYNAMIC,CDF11/CDF-HARSH,DT-RAMDE_TS2_FULL,4,COMPLETE,NOT_COMPUTED_MISSING_EXECUTION_OBSERVATION,,0,60,0,60,60
r8c-1465-a4675e19b4c1ebed,1465,E1_DYNAMIC,CDF11/CDF-HARSH,MATCHED_FIXED_DE_PARETO,4,COMPLETE,NOT_COMPUTED_MISSING_EXECUTION_OBSERVATION,,0,60,0,60,60
r8c-1466-2f665d18d1aeab43,1466,E1_DYNAMIC,CDF11/CDF-HARSH,MATCHED_JDE_STYLE_PARETO,4,COMPLETE,NOT_COMPUTED_MISSING_EXECUTION_OBSERVATION,,0,60,0,60,60
r8c-1467-7fbc3cf9378fc609,1467,E1_DYNAMIC,CDF11/CDF-HARSH,MATCHED_SHADE_STYLE_PARETO,4,COMPLETE,NOT_COMPUTED_MISSING_EXECUTION_OBSERVATION,,0,60,0,60,60
r8c-1468-96aa18a737469b0c,1468,E1_DYNAMIC,CDF11/CDF-HARSH,JMETALPY_1_7_GDE3_STANDARD_PARETO_DE,4,COMPLETE,NOT_COMPUTED_MISSING_EXECUTION_OBSERVATION,,0,60,0,60,60
r8c-1469-2da405885172ac70,1469,E1_DYNAMIC,CDF11/CDF-HARSH,JMETALPY_1_7_NSGAII_DYNAMIC_RESTART_BRIDGE,4,COMPLETE,NOT_COMPUTED_MISSING_EXECUTION_OBSERVATION,,0,60,0,60,60
r8c-1470-53b00b66a44a96e3,1470,E1_DYNAMIC,CDF11/CDF-MILD,DT-RAMDE_TS2_FULL,0,COMPLETE,NOT_COMPUTED_MISSING_EXECUTION_OBSERVATION,,0,60,0,60,60
r8c-1471-789546c4968f4b1a,1471,E1_DYNAMIC,CDF11/CDF-MILD,MATCHED_FIXED_DE_PARETO,0,COMPLETE,NOT_COMPUTED_MISSING_EXECUTION_OBSERVATION,,0,60,0,60,60
r8c-1472-8ea28757a23272b4,1472,E1_DYNAMIC,CDF11/CDF-MILD,MATCHED_JDE_STYLE_PARETO,0,COMPLETE,NOT_COMPUTED_MISSING_EXECUTION_OBSERVATION,,0,60,0,60,60
r8c-1473-707f2fca005d2ee2,1473,E1_DYNAMIC,CDF11/CDF-MILD,MATCHED_SHADE_STYLE_PARETO,0,COMPLETE,NOT_COMPUTED_MISSING_EXECUTION_OBSERVATION,,0,60,0,60,60
r8c-1474-3e969088428c2e73,1474,E1_DYNAMIC,CDF11/CDF-MILD,JMETALPY_1_7_GDE3_STANDARD_PARETO_DE,0,COMPLETE,NOT_COMPUTED_MISSING_EXECUTION_OBSERVATION,,0,60,0,60,60
r8c-1475-5316df2ff9a56b64,1475,E1_DYNAMIC,CDF11/CDF-MILD,JMETALPY_1_7_NSGAII_DYNAMIC_RESTART_BRIDGE,0,COMPLETE,NOT_COMPUTED_MISSING_EXECUTION_OBSERVATION,,0,60,0,60,60
r8c-1476-89ec3eeb4c9ed5d3,1476,E1_DYNAMIC,CDF11/CDF-MILD,DT-RAMDE_TS2_FULL,1,COMPLETE,NOT_COMPUTED_MISSING_EXECUTION_OBSERVATION,,0,60,0,60,60
r8c-1477-6bac4842961509e4,1477,E1_DYNAMIC,CDF11/CDF-MILD,MATCHED_FIXED_DE_PARETO,1,COMPLETE,NOT_COMPUTED_MISSING_EXECUTION_OBSERVATION,,0,60,0,60,60
r8c-1478-4bbfbdf2de1ee391,1478,E1_DYNAMIC,CDF11/CDF-MILD,MATCHED_JDE_STYLE_PARETO,1,COMPLETE,NOT_COMPUTED_MISSING_EXECUTION_OBSERVATION,,0,60,0,60,60
r8c-1479-27be637adabc7469,1479,E1_DYNAMIC,CDF11/CDF-MILD,MATCHED_SHADE_STYLE_PARETO,1,COMPLETE,NOT_COMPUTED_MISSING_EXECUTION_OBSERVATION,,0,60,0,60,60
r8c-1480-3256a83bc3e30834,1480,E1_DYNAMIC,CDF11/CDF-MILD,JMETALPY_1_7_GDE3_STANDARD_PARETO_DE,1,COMPLETE,NOT_COMPUTED_MISSING_EXECUTION_OBSERVATION,,0,60,0,60,60
r8c-1481-de56be2a8fc02d66,1481,E1_DYNAMIC,CDF11/CDF-MILD,JMETALPY_1_7_NSGAII_DYNAMIC_RESTART_BRIDGE,1,COMPLETE,NOT_COMPUTED_MISSING_EXECUTION_OBSERVATION,,0,60,0,60,60
r8c-1482-1b566f39e47008db,1482,E1_DYNAMIC,CDF11/CDF-MILD,DT-RAMDE_TS2_FULL,2,COMPLETE,NOT_COMPUTED_MISSING_EXECUTION_OBSERVATION,,0,60,0,60,60
r8c-1483-c1e5cda85a026f19,1483,E1_DYNAMIC,CDF11/CDF-MILD,MATCHED_FIXED_DE_PARETO,2,COMPLETE,NOT_COMPUTED_MISSING_EXECUTION_OBSERVATION,,0,60,0,60,60
r8c-1484-3e6c897f9255eff6,1484,E1_DYNAMIC,CDF11/CDF-MILD,MATCHED_JDE_STYLE_PARETO,2,COMPLETE,NOT_COMPUTED_MISSING_EXECUTION_OBSERVATION,,0,60,0,60,60
r8c-1485-4ba704dd559593e5,1485,E1_DYNAMIC,CDF11/CDF-MILD,MATCHED_SHADE_STYLE_PARETO,2,COMPLETE,NOT_COMPUTED_MISSING_EXECUTION_OBSERVATION,,0,60,0,60,60
r8c-1486-dc62da35b4e356fd,1486,E1_DYNAMIC,CDF11/CDF-MILD,JMETALPY_1_7_GDE3_STANDARD_PARETO_DE,2,COMPLETE,NOT_COMPUTED_MISSING_EXECUTION_OBSERVATION,,0,60,0,60,60
r8c-1487-7ad4a9623968c44b,1487,E1_DYNAMIC,CDF11/CDF-MILD,JMETALPY_1_7_NSGAII_DYNAMIC_RESTART_BRIDGE,2,COMPLETE,NOT_COMPUTED_MISSING_EXECUTION_OBSERVATION,,0,60,0,60,60
r8c-1488-23041115252da144,1488,E1_DYNAMIC,CDF11/CDF-MILD,DT-RAMDE_TS2_FULL,3,COMPLETE,NOT_COMPUTED_MISSING_EXECUTION_OBSERVATION,,0,60,0,60,60
r8c-1489-f11df2ef255f7e54,1489,E1_DYNAMIC,CDF11/CDF-MILD,MATCHED_FIXED_DE_PARETO,3,COMPLETE,NOT_COMPUTED_MISSING_EXECUTION_OBSERVATION,,0,60,0,60,60
r8c-1490-4c30e17f30aa2213,1490,E1_DYNAMIC,CDF11/CDF-MILD,MATCHED_JDE_STYLE_PARETO,3,COMPLETE,NOT_COMPUTED_MISSING_EXECUTION_OBSERVATION,,0,60,0,60,60
r8c-1491-cffda5136ca954c1,1491,E1_DYNAMIC,CDF11/CDF-MILD,MATCHED_SHADE_STYLE_PARETO,3,COMPLETE,NOT_COMPUTED_MISSING_EXECUTION_OBSERVATION,,0,60,0,60,60
r8c-1492-c7879b745e6d05bc,1492,E1_DYNAMIC,CDF11/CDF-MILD,JMETALPY_1_7_GDE3_STANDARD_PARETO_DE,3,COMPLETE,NOT_COMPUTED_MISSING_EXECUTION_OBSERVATION,,0,60,0,60,60
r8c-1493-c30c5a0f8114219d,1493,E1_DYNAMIC,CDF11/CDF-MILD,JMETALPY_1_7_NSGAII_DYNAMIC_RESTART_BRIDGE,3,COMPLETE,NOT_COMPUTED_MISSING_EXECUTION_OBSERVATION,,0,60,0,60,60
r8c-1494-792e221ce0fb5509,1494,E1_DYNAMIC,CDF11/CDF-MILD,DT-RAMDE_TS2_FULL,4,COMPLETE,NOT_COMPUTED_MISSING_EXECUTION_OBSERVATION,,0,60,0,60,60
r8c-1495-34740bc9b3b289e4,1495,E1_DYNAMIC,CDF11/CDF-MILD,MATCHED_FIXED_DE_PARETO,4,COMPLETE,NOT_COMPUTED_MISSING_EXECUTION_OBSERVATION,,0,60,0,60,60
r8c-1496-b505f08dea5826ae,1496,E1_DYNAMIC,CDF11/CDF-MILD,MATCHED_JDE_STYLE_PARETO,4,COMPLETE,NOT_COMPUTED_MISSING_EXECUTION_OBSERVATION,,0,60,0,60,60
r8c-1497-757163682935e5ce,1497,E1_DYNAMIC,CDF11/CDF-MILD,MATCHED_SHADE_STYLE_PARETO,4,COMPLETE,NOT_COMPUTED_MISSING_EXECUTION_OBSERVATION,,0,60,0,60,60
r8c-1498-0c0e8c88b179ccf2,1498,E1_DYNAMIC,CDF11/CDF-MILD,JMETALPY_1_7_GDE3_STANDARD_PARETO_DE,4,COMPLETE,NOT_COMPUTED_MISSING_EXECUTION_OBSERVATION,,0,60,0,60,60
r8c-1499-c7db925638415d2c,1499,E1_DYNAMIC,CDF11/CDF-MILD,JMETALPY_1_7_NSGAII_DYNAMIC_RESTART_BRIDGE,4,COMPLETE,NOT_COMPUTED_MISSING_EXECUTION_OBSERVATION,,0,60,0,60,60
r8c-1500-eb6cf95c3fcee158,1500,E1_DYNAMIC,CDF12/CDF-HARSH,DT-RAMDE_TS2_FULL,0,COMPLETE,NOT_COMPUTED_MISSING_EXECUTION_OBSERVATION,,0,60,0,60,60
r8c-1501-21f7e94e77160879,1501,E1_DYNAMIC,CDF12/CDF-HARSH,MATCHED_FIXED_DE_PARETO,0,COMPLETE,NOT_COMPUTED_MISSING_EXECUTION_OBSERVATION,,0,60,0,60,60
r8c-1502-e11341527d01dbd1,1502,E1_DYNAMIC,CDF12/CDF-HARSH,MATCHED_JDE_STYLE_PARETO,0,COMPLETE,NOT_COMPUTED_MISSING_EXECUTION_OBSERVATION,,0,60,0,60,60
r8c-1503-089cdcdd34b3fc26,1503,E1_DYNAMIC,CDF12/CDF-HARSH,MATCHED_SHADE_STYLE_PARETO,0,COMPLETE,NOT_COMPUTED_MISSING_EXECUTION_OBSERVATION,,0,60,0,60,60
r8c-1504-26d923da1f9af508,1504,E1_DYNAMIC,CDF12/CDF-HARSH,JMETALPY_1_7_GDE3_STANDARD_PARETO_DE,0,COMPLETE,NOT_COMPUTED_MISSING_EXECUTION_OBSERVATION,,0,60,0,60,60
r8c-1505-0f4d321ab82090e8,1505,E1_DYNAMIC,CDF12/CDF-HARSH,JMETALPY_1_7_NSGAII_DYNAMIC_RESTART_BRIDGE,0,COMPLETE,NOT_COMPUTED_MISSING_EXECUTION_OBSERVATION,,0,60,0,60,60
r8c-1506-bc70e2d9c1434d59,1506,E1_DYNAMIC,CDF12/CDF-HARSH,DT-RAMDE_TS2_FULL,1,COMPLETE,NOT_COMPUTED_MISSING_EXECUTION_OBSERVATION,,0,60,0,60,60
r8c-1507-cbbf1dad971884ed,1507,E1_DYNAMIC,CDF12/CDF-HARSH,MATCHED_FIXED_DE_PARETO,1,COMPLETE,NOT_COMPUTED_MISSING_EXECUTION_OBSERVATION,,0,60,0,60,60
r8c-1508-0701a445f5932f94,1508,E1_DYNAMIC,CDF12/CDF-HARSH,MATCHED_JDE_STYLE_PARETO,1,COMPLETE,NOT_COMPUTED_MISSING_EXECUTION_OBSERVATION,,0,60,0,60,60
r8c-1509-086b736e04e89260,1509,E1_DYNAMIC,CDF12/CDF-HARSH,MATCHED_SHADE_STYLE_PARETO,1,COMPLETE,NOT_COMPUTED_MISSING_EXECUTION_OBSERVATION,,0,60,0,60,60
r8c-1510-cc2b6f1b068b7bef,1510,E1_DYNAMIC,CDF12/CDF-HARSH,JMETALPY_1_7_GDE3_STANDARD_PARETO_DE,1,COMPLETE,NOT_COMPUTED_MISSING_EXECUTION_OBSERVATION,,0,60,0,60,60
r8c-1511-42befa0df053aaec,1511,E1_DYNAMIC,CDF12/CDF-HARSH,JMETALPY_1_7_NSGAII_DYNAMIC_RESTART_BRIDGE,1,COMPLETE,NOT_COMPUTED_MISSING_EXECUTION_OBSERVATION,,0,60,0,60,60
r8c-1512-9137fc6e3b2fc7fd,1512,E1_DYNAMIC,CDF12/CDF-HARSH,DT-RAMDE_TS2_FULL,2,COMPLETE,NOT_COMPUTED_MISSING_EXECUTION_OBSERVATION,,0,60,0,60,60
r8c-1513-24ad1c375700d246,1513,E1_DYNAMIC,CDF12/CDF-HARSH,MATCHED_FIXED_DE_PARETO,2,COMPLETE,NOT_COMPUTED_MISSING_EXECUTION_OBSERVATION,,0,60,0,60,60
r8c-1514-2c89e2b72a73fb77,1514,E1_DYNAMIC,CDF12/CDF-HARSH,MATCHED_JDE_STYLE_PARETO,2,COMPLETE,NOT_COMPUTED_MISSING_EXECUTION_OBSERVATION,,0,60,0,60,60
r8c-1515-15a5cacf036b3061,1515,E1_DYNAMIC,CDF12/CDF-HARSH,MATCHED_SHADE_STYLE_PARETO,2,COMPLETE,NOT_COMPUTED_MISSING_EXECUTION_OBSERVATION,,0,60,0,60,60
r8c-1516-7fc0c1177d25a6ba,1516,E1_DYNAMIC,CDF12/CDF-HARSH,JMETALPY_1_7_GDE3_STANDARD_PARETO_DE,2,COMPLETE,NOT_COMPUTED_MISSING_EXECUTION_OBSERVATION,,0,60,0,60,60
r8c-1517-12431f620a596a0f,1517,E1_DYNAMIC,CDF12/CDF-HARSH,JMETALPY_1_7_NSGAII_DYNAMIC_RESTART_BRIDGE,2,COMPLETE,NOT_COMPUTED_MISSING_EXECUTION_OBSERVATION,,0,60,0,60,60
r8c-1518-f5b58d7706f40819,1518,E1_DYNAMIC,CDF12/CDF-HARSH,DT-RAMDE_TS2_FULL,3,COMPLETE,NOT_COMPUTED_MISSING_EXECUTION_OBSERVATION,,0,60,0,60,60
r8c-1519-8dc0da419018d434,1519,E1_DYNAMIC,CDF12/CDF-HARSH,MATCHED_FIXED_DE_PARETO,3,COMPLETE,NOT_COMPUTED_MISSING_EXECUTION_OBSERVATION,,0,60,0,60,60
r8c-1520-411c8f75a047ca83,1520,E1_DYNAMIC,CDF12/CDF-HARSH,MATCHED_JDE_STYLE_PARETO,3,COMPLETE,NOT_COMPUTED_MISSING_EXECUTION_OBSERVATION,,0,60,0,60,60
r8c-1521-950af85c670c897a,1521,E1_DYNAMIC,CDF12/CDF-HARSH,MATCHED_SHADE_STYLE_PARETO,3,COMPLETE,NOT_COMPUTED_MISSING_EXECUTION_OBSERVATION,,0,60,0,60,60
r8c-1522-ea1e37b198d35705,1522,E1_DYNAMIC,CDF12/CDF-HARSH,JMETALPY_1_7_GDE3_STANDARD_PARETO_DE,3,COMPLETE,NOT_COMPUTED_MISSING_EXECUTION_OBSERVATION,,0,60,0,60,60
r8c-1523-fa068bb79d15cd02,1523,E1_DYNAMIC,CDF12/CDF-HARSH,JMETALPY_1_7_NSGAII_DYNAMIC_RESTART_BRIDGE,3,COMPLETE,NOT_COMPUTED_MISSING_EXECUTION_OBSERVATION,,0,60,0,60,60
r8c-1524-2819f6c46e80c8f8,1524,E1_DYNAMIC,CDF12/CDF-HARSH,DT-RAMDE_TS2_FULL,4,COMPLETE,NOT_COMPUTED_MISSING_EXECUTION_OBSERVATION,,0,60,0,60,60
r8c-1525-9d7a37f647dc388c,1525,E1_DYNAMIC,CDF12/CDF-HARSH,MATCHED_FIXED_DE_PARETO,4,COMPLETE,NOT_COMPUTED_MISSING_EXECUTION_OBSERVATION,,0,60,0,60,60
r8c-1526-820639fc64eec0ea,1526,E1_DYNAMIC,CDF12/CDF-HARSH,MATCHED_JDE_STYLE_PARETO,4,COMPLETE,NOT_COMPUTED_MISSING_EXECUTION_OBSERVATION,,0,60,0,60,60
r8c-1527-fe4eae3e78d1ba50,1527,E1_DYNAMIC,CDF12/CDF-HARSH,MATCHED_SHADE_STYLE_PARETO,4,COMPLETE,NOT_COMPUTED_MISSING_EXECUTION_OBSERVATION,,0,60,0,60,60
r8c-1528-0400b71077347ca7,1528,E1_DYNAMIC,CDF12/CDF-HARSH,JMETALPY_1_7_GDE3_STANDARD_PARETO_DE,4,COMPLETE,NOT_COMPUTED_MISSING_EXECUTION_OBSERVATION,,0,60,0,60,60
r8c-1529-4827933ad4768608,1529,E1_DYNAMIC,CDF12/CDF-HARSH,JMETALPY_1_7_NSGAII_DYNAMIC_RESTART_BRIDGE,4,COMPLETE,NOT_COMPUTED_MISSING_EXECUTION_OBSERVATION,,0,60,0,60,60
r8c-1530-b0d290d35e526535,1530,E1_DYNAMIC,CDF12/CDF-MILD,DT-RAMDE_TS2_FULL,0,COMPLETE,NOT_COMPUTED_MISSING_EXECUTION_OBSERVATION,,0,60,0,60,60
r8c-1531-634d1f77916dd89c,1531,E1_DYNAMIC,CDF12/CDF-MILD,MATCHED_FIXED_DE_PARETO,0,COMPLETE,NOT_COMPUTED_MISSING_EXECUTION_OBSERVATION,,0,60,0,60,60
r8c-1532-9668553b647b7aef,1532,E1_DYNAMIC,CDF12/CDF-MILD,MATCHED_JDE_STYLE_PARETO,0,COMPLETE,NOT_COMPUTED_MISSING_EXECUTION_OBSERVATION,,0,60,0,60,60
r8c-1533-bc27f69d68a91c14,1533,E1_DYNAMIC,CDF12/CDF-MILD,MATCHED_SHADE_STYLE_PARETO,0,COMPLETE,NOT_COMPUTED_MISSING_EXECUTION_OBSERVATION,,0,60,0,60,60
r8c-1534-3b0b468786306a2e,1534,E1_DYNAMIC,CDF12/CDF-MILD,JMETALPY_1_7_GDE3_STANDARD_PARETO_DE,0,COMPLETE,NOT_COMPUTED_MISSING_EXECUTION_OBSERVATION,,0,60,0,60,60
r8c-1535-a57c5b57ff455d7c,1535,E1_DYNAMIC,CDF12/CDF-MILD,JMETALPY_1_7_NSGAII_DYNAMIC_RESTART_BRIDGE,0,COMPLETE,NOT_COMPUTED_MISSING_EXECUTION_OBSERVATION,,0,60,0,60,60
r8c-1536-3d79038f25f4671d,1536,E1_DYNAMIC,CDF12/CDF-MILD,DT-RAMDE_TS2_FULL,1,COMPLETE,NOT_COMPUTED_MISSING_EXECUTION_OBSERVATION,,0,60,0,60,60
r8c-1537-7fb83ff6776bcc18,1537,E1_DYNAMIC,CDF12/CDF-MILD,MATCHED_FIXED_DE_PARETO,1,COMPLETE,NOT_COMPUTED_MISSING_EXECUTION_OBSERVATION,,0,60,0,60,60
r8c-1538-2b0fd52a181c109d,1538,E1_DYNAMIC,CDF12/CDF-MILD,MATCHED_JDE_STYLE_PARETO,1,COMPLETE,NOT_COMPUTED_MISSING_EXECUTION_OBSERVATION,,0,60,0,60,60
r8c-1539-530e94eaf952963a,1539,E1_DYNAMIC,CDF12/CDF-MILD,MATCHED_SHADE_STYLE_PARETO,1,COMPLETE,NOT_COMPUTED_MISSING_EXECUTION_OBSERVATION,,0,60,0,60,60
r8c-1540-6c2c0d12750e1b97,1540,E1_DYNAMIC,CDF12/CDF-MILD,JMETALPY_1_7_GDE3_STANDARD_PARETO_DE,1,COMPLETE,NOT_COMPUTED_MISSING_EXECUTION_OBSERVATION,,0,60,0,60,60
r8c-1541-f84f7aeb352da072,1541,E1_DYNAMIC,CDF12/CDF-MILD,JMETALPY_1_7_NSGAII_DYNAMIC_RESTART_BRIDGE,1,COMPLETE,NOT_COMPUTED_MISSING_EXECUTION_OBSERVATION,,0,60,0,60,60
r8c-1542-21b942f99da1f73b,1542,E1_DYNAMIC,CDF12/CDF-MILD,DT-RAMDE_TS2_FULL,2,COMPLETE,NOT_COMPUTED_MISSING_EXECUTION_OBSERVATION,,0,60,0,60,60
r8c-1543-1ef3f0ae97df9382,1543,E1_DYNAMIC,CDF12/CDF-MILD,MATCHED_FIXED_DE_PARETO,2,COMPLETE,NOT_COMPUTED_MISSING_EXECUTION_OBSERVATION,,0,60,0,60,60
r8c-1544-9d0dba73e8a7e043,1544,E1_DYNAMIC,CDF12/CDF-MILD,MATCHED_JDE_STYLE_PARETO,2,COMPLETE,NOT_COMPUTED_MISSING_EXECUTION_OBSERVATION,,0,60,0,60,60
r8c-1545-148325b59efa5898,1545,E1_DYNAMIC,CDF12/CDF-MILD,MATCHED_SHADE_STYLE_PARETO,2,COMPLETE,NOT_COMPUTED_MISSING_EXECUTION_OBSERVATION,,0,60,0,60,60
r8c-1546-a15bcfbad0517544,1546,E1_DYNAMIC,CDF12/CDF-MILD,JMETALPY_1_7_GDE3_STANDARD_PARETO_DE,2,COMPLETE,NOT_COMPUTED_MISSING_EXECUTION_OBSERVATION,,0,60,0,60,60
r8c-1547-11d422b7baa7106a,1547,E1_DYNAMIC,CDF12/CDF-MILD,JMETALPY_1_7_NSGAII_DYNAMIC_RESTART_BRIDGE,2,COMPLETE,NOT_COMPUTED_MISSING_EXECUTION_OBSERVATION,,0,60,0,60,60
r8c-1548-032bffd7f711cbe0,1548,E1_DYNAMIC,CDF12/CDF-MILD,DT-RAMDE_TS2_FULL,3,COMPLETE,NOT_COMPUTED_MISSING_EXECUTION_OBSERVATION,,0,60,0,60,60
r8c-1549-60f0eee5526b2b07,1549,E1_DYNAMIC,CDF12/CDF-MILD,MATCHED_FIXED_DE_PARETO,3,COMPLETE,NOT_COMPUTED_MISSING_EXECUTION_OBSERVATION,,0,60,0,60,60
r8c-1550-f7f67434e35e8136,1550,E1_DYNAMIC,CDF12/CDF-MILD,MATCHED_JDE_STYLE_PARETO,3,COMPLETE,NOT_COMPUTED_MISSING_EXECUTION_OBSERVATION,,0,60,0,60,60
r8c-1551-bc78850888ff2fb7,1551,E1_DYNAMIC,CDF12/CDF-MILD,MATCHED_SHADE_STYLE_PARETO,3,COMPLETE,NOT_COMPUTED_MISSING_EXECUTION_OBSERVATION,,0,60,0,60,60
r8c-1552-7baaea0eddc7c3cb,1552,E1_DYNAMIC,CDF12/CDF-MILD,JMETALPY_1_7_GDE3_STANDARD_PARETO_DE,3,COMPLETE,NOT_COMPUTED_MISSING_EXECUTION_OBSERVATION,,0,60,0,60,60
r8c-1553-27112f01661d59fe,1553,E1_DYNAMIC,CDF12/CDF-MILD,JMETALPY_1_7_NSGAII_DYNAMIC_RESTART_BRIDGE,3,COMPLETE,NOT_COMPUTED_MISSING_EXECUTION_OBSERVATION,,0,60,0,60,60
r8c-1554-892894939c1ee00b,1554,E1_DYNAMIC,CDF12/CDF-MILD,DT-RAMDE_TS2_FULL,4,COMPLETE,NOT_COMPUTED_MISSING_EXECUTION_OBSERVATION,,0,60,0,60,60
r8c-1555-82b098e0cb79c0df,1555,E1_DYNAMIC,CDF12/CDF-MILD,MATCHED_FIXED_DE_PARETO,4,COMPLETE,NOT_COMPUTED_MISSING_EXECUTION_OBSERVATION,,0,60,0,60,60
r8c-1556-ffa8a1b04ed57abc,1556,E1_DYNAMIC,CDF12/CDF-MILD,MATCHED_JDE_STYLE_PARETO,4,COMPLETE,NOT_COMPUTED_MISSING_EXECUTION_OBSERVATION,,0,60,0,60,60
r8c-1557-7c5b626aa19b61b8,1557,E1_DYNAMIC,CDF12/CDF-MILD,MATCHED_SHADE_STYLE_PARETO,4,COMPLETE,NOT_COMPUTED_MISSING_EXECUTION_OBSERVATION,,0,60,0,60,60
r8c-1558-0cfa0e71252b0339,1558,E1_DYNAMIC,CDF12/CDF-MILD,JMETALPY_1_7_GDE3_STANDARD_PARETO_DE,4,COMPLETE,NOT_COMPUTED_MISSING_EXECUTION_OBSERVATION,,0,60,0,60,60
r8c-1559-6cab102b04c9a329,1559,E1_DYNAMIC,CDF12/CDF-MILD,JMETALPY_1_7_NSGAII_DYNAMIC_RESTART_BRIDGE,4,COMPLETE,NOT_COMPUTED_MISSING_EXECUTION_OBSERVATION,,0,60,0,60,60
r8c-1560-c247594a47bf5a14,1560,E1_DYNAMIC,CDF13/CDF-HARSH,DT-RAMDE_TS2_FULL,0,COMPLETE,NOT_COMPUTED_MISSING_EXECUTION_OBSERVATION,,0,60,0,60,60
r8c-1561-bddebca06cfa52ef,1561,E1_DYNAMIC,CDF13/CDF-HARSH,MATCHED_FIXED_DE_PARETO,0,COMPLETE,NOT_COMPUTED_MISSING_EXECUTION_OBSERVATION,,0,60,0,60,60
r8c-1562-4106b2dd30f4b1fb,1562,E1_DYNAMIC,CDF13/CDF-HARSH,MATCHED_JDE_STYLE_PARETO,0,COMPLETE,NOT_COMPUTED_MISSING_EXECUTION_OBSERVATION,,0,60,0,60,60
r8c-1563-e89590db24a1ac0a,1563,E1_DYNAMIC,CDF13/CDF-HARSH,MATCHED_SHADE_STYLE_PARETO,0,COMPLETE,NOT_COMPUTED_MISSING_EXECUTION_OBSERVATION,,0,60,0,60,60
r8c-1564-d827d2de8bf56b34,1564,E1_DYNAMIC,CDF13/CDF-HARSH,JMETALPY_1_7_GDE3_STANDARD_PARETO_DE,0,COMPLETE,NOT_COMPUTED_MISSING_EXECUTION_OBSERVATION,,0,60,0,60,60
r8c-1565-24e6244e2be8b00c,1565,E1_DYNAMIC,CDF13/CDF-HARSH,JMETALPY_1_7_NSGAII_DYNAMIC_RESTART_BRIDGE,0,COMPLETE,NOT_COMPUTED_MISSING_EXECUTION_OBSERVATION,,0,60,0,60,60
r8c-1566-27fa1594e1287ed2,1566,E1_DYNAMIC,CDF13/CDF-HARSH,DT-RAMDE_TS2_FULL,1,COMPLETE,NOT_COMPUTED_MISSING_EXECUTION_OBSERVATION,,0,60,0,60,60
r8c-1567-893c3a231982314a,1567,E1_DYNAMIC,CDF13/CDF-HARSH,MATCHED_FIXED_DE_PARETO,1,COMPLETE,NOT_COMPUTED_MISSING_EXECUTION_OBSERVATION,,0,60,0,60,60
r8c-1568-b0bc8eaa836c75d7,1568,E1_DYNAMIC,CDF13/CDF-HARSH,MATCHED_JDE_STYLE_PARETO,1,COMPLETE,NOT_COMPUTED_MISSING_EXECUTION_OBSERVATION,,0,60,0,60,60
r8c-1569-fe1e2743d9cc7fb6,1569,E1_DYNAMIC,CDF13/CDF-HARSH,MATCHED_SHADE_STYLE_PARETO,1,COMPLETE,NOT_COMPUTED_MISSING_EXECUTION_OBSERVATION,,0,60,0,60,60
r8c-1570-292fffc3f8c60b7e,1570,E1_DYNAMIC,CDF13/CDF-HARSH,JMETALPY_1_7_GDE3_STANDARD_PARETO_DE,1,COMPLETE,NOT_COMPUTED_MISSING_EXECUTION_OBSERVATION,,0,60,0,60,60
r8c-1571-10106ce4fc73795e,1571,E1_DYNAMIC,CDF13/CDF-HARSH,JMETALPY_1_7_NSGAII_DYNAMIC_RESTART_BRIDGE,1,COMPLETE,NOT_COMPUTED_MISSING_EXECUTION_OBSERVATION,,0,60,0,60,60
r8c-1572-d5a9413e4b628cfd,1572,E1_DYNAMIC,CDF13/CDF-HARSH,DT-RAMDE_TS2_FULL,2,COMPLETE,NOT_COMPUTED_MISSING_EXECUTION_OBSERVATION,,0,60,0,60,60
r8c-1573-75169a4ff5e1ba1b,1573,E1_DYNAMIC,CDF13/CDF-HARSH,MATCHED_FIXED_DE_PARETO,2,COMPLETE,NOT_COMPUTED_MISSING_EXECUTION_OBSERVATION,,0,60,0,60,60
r8c-1574-0b142dae3643c6e8,1574,E1_DYNAMIC,CDF13/CDF-HARSH,MATCHED_JDE_STYLE_PARETO,2,COMPLETE,NOT_COMPUTED_MISSING_EXECUTION_OBSERVATION,,0,60,0,60,60
r8c-1575-234fdf17b68f9eac,1575,E1_DYNAMIC,CDF13/CDF-HARSH,MATCHED_SHADE_STYLE_PARETO,2,COMPLETE,NOT_COMPUTED_MISSING_EXECUTION_OBSERVATION,,0,60,0,60,60
r8c-1576-3fc002474533f2f0,1576,E1_DYNAMIC,CDF13/CDF-HARSH,JMETALPY_1_7_GDE3_STANDARD_PARETO_DE,2,COMPLETE,NOT_COMPUTED_MISSING_EXECUTION_OBSERVATION,,0,60,0,60,60
r8c-1577-f8f69227b7a28569,1577,E1_DYNAMIC,CDF13/CDF-HARSH,JMETALPY_1_7_NSGAII_DYNAMIC_RESTART_BRIDGE,2,COMPLETE,NOT_COMPUTED_MISSING_EXECUTION_OBSERVATION,,0,60,0,60,60
r8c-1578-f4517039074fd063,1578,E1_DYNAMIC,CDF13/CDF-HARSH,DT-RAMDE_TS2_FULL,3,COMPLETE,NOT_COMPUTED_MISSING_EXECUTION_OBSERVATION,,0,60,0,60,60
r8c-1579-643c6e9d21972023,1579,E1_DYNAMIC,CDF13/CDF-HARSH,MATCHED_FIXED_DE_PARETO,3,COMPLETE,NOT_COMPUTED_MISSING_EXECUTION_OBSERVATION,,0,60,0,60,60
r8c-1580-fdbc44c9be397682,1580,E1_DYNAMIC,CDF13/CDF-HARSH,MATCHED_JDE_STYLE_PARETO,3,COMPLETE,NOT_COMPUTED_MISSING_EXECUTION_OBSERVATION,,0,60,0,60,60
r8c-1581-e24e8bc5afd530e1,1581,E1_DYNAMIC,CDF13/CDF-HARSH,MATCHED_SHADE_STYLE_PARETO,3,COMPLETE,NOT_COMPUTED_MISSING_EXECUTION_OBSERVATION,,0,60,0,60,60
r8c-1582-9cf23fc25964d450,1582,E1_DYNAMIC,CDF13/CDF-HARSH,JMETALPY_1_7_GDE3_STANDARD_PARETO_DE,3,COMPLETE,NOT_COMPUTED_MISSING_EXECUTION_OBSERVATION,,0,60,0,60,60
r8c-1583-54b044f601ef104f,1583,E1_DYNAMIC,CDF13/CDF-HARSH,JMETALPY_1_7_NSGAII_DYNAMIC_RESTART_BRIDGE,3,COMPLETE,NOT_COMPUTED_MISSING_EXECUTION_OBSERVATION,,0,60,0,60,60
r8c-1584-416b0f7dc0b31391,1584,E1_DYNAMIC,CDF13/CDF-HARSH,DT-RAMDE_TS2_FULL,4,COMPLETE,NOT_COMPUTED_MISSING_EXECUTION_OBSERVATION,,0,60,0,60,60
r8c-1585-edd3ac540f43354e,1585,E1_DYNAMIC,CDF13/CDF-HARSH,MATCHED_FIXED_DE_PARETO,4,COMPLETE,NOT_COMPUTED_MISSING_EXECUTION_OBSERVATION,,0,60,0,60,60
r8c-1586-b158861a49598723,1586,E1_DYNAMIC,CDF13/CDF-HARSH,MATCHED_JDE_STYLE_PARETO,4,COMPLETE,NOT_COMPUTED_MISSING_EXECUTION_OBSERVATION,,0,60,0,60,60
r8c-1587-813f54c5c6e08ac4,1587,E1_DYNAMIC,CDF13/CDF-HARSH,MATCHED_SHADE_STYLE_PARETO,4,COMPLETE,NOT_COMPUTED_MISSING_EXECUTION_OBSERVATION,,0,60,0,60,60
r8c-1588-2075f720155c81b0,1588,E1_DYNAMIC,CDF13/CDF-HARSH,JMETALPY_1_7_GDE3_STANDARD_PARETO_DE,4,COMPLETE,NOT_COMPUTED_MISSING_EXECUTION_OBSERVATION,,0,60,0,60,60
r8c-1589-a99b7b38b2ff9103,1589,E1_DYNAMIC,CDF13/CDF-HARSH,JMETALPY_1_7_NSGAII_DYNAMIC_RESTART_BRIDGE,4,COMPLETE,NOT_COMPUTED_MISSING_EXECUTION_OBSERVATION,,0,60,0,60,60
r8c-1590-4727638f7af23d82,1590,E1_DYNAMIC,CDF13/CDF-MILD,DT-RAMDE_TS2_FULL,0,COMPLETE,NOT_COMPUTED_MISSING_EXECUTION_OBSERVATION,,0,60,0,60,60
r8c-1591-a594b280a91f1b1c,1591,E1_DYNAMIC,CDF13/CDF-MILD,MATCHED_FIXED_DE_PARETO,0,COMPLETE,NOT_COMPUTED_MISSING_EXECUTION_OBSERVATION,,0,60,0,60,60
r8c-1592-80bbcd6432c360cc,1592,E1_DYNAMIC,CDF13/CDF-MILD,MATCHED_JDE_STYLE_PARETO,0,COMPLETE,NOT_COMPUTED_MISSING_EXECUTION_OBSERVATION,,0,60,0,60,60
r8c-1593-3eac4145a767c770,1593,E1_DYNAMIC,CDF13/CDF-MILD,MATCHED_SHADE_STYLE_PARETO,0,COMPLETE,NOT_COMPUTED_MISSING_EXECUTION_OBSERVATION,,0,60,0,60,60
r8c-1594-b7755b670b90fc98,1594,E1_DYNAMIC,CDF13/CDF-MILD,JMETALPY_1_7_GDE3_STANDARD_PARETO_DE,0,COMPLETE,NOT_COMPUTED_MISSING_EXECUTION_OBSERVATION,,0,60,0,60,60
r8c-1595-1d9191acd9bebc18,1595,E1_DYNAMIC,CDF13/CDF-MILD,JMETALPY_1_7_NSGAII_DYNAMIC_RESTART_BRIDGE,0,COMPLETE,NOT_COMPUTED_MISSING_EXECUTION_OBSERVATION,,0,60,0,60,60
r8c-1596-35002cb99abf0313,1596,E1_DYNAMIC,CDF13/CDF-MILD,DT-RAMDE_TS2_FULL,1,COMPLETE,NOT_COMPUTED_MISSING_EXECUTION_OBSERVATION,,0,60,0,60,60
r8c-1597-4671fcef66e30552,1597,E1_DYNAMIC,CDF13/CDF-MILD,MATCHED_FIXED_DE_PARETO,1,COMPLETE,NOT_COMPUTED_MISSING_EXECUTION_OBSERVATION,,0,60,0,60,60
r8c-1598-cd08762a81596726,1598,E1_DYNAMIC,CDF13/CDF-MILD,MATCHED_JDE_STYLE_PARETO,1,COMPLETE,NOT_COMPUTED_MISSING_EXECUTION_OBSERVATION,,0,60,0,60,60
r8c-1599-2f795c76b1889990,1599,E1_DYNAMIC,CDF13/CDF-MILD,MATCHED_SHADE_STYLE_PARETO,1,COMPLETE,NOT_COMPUTED_MISSING_EXECUTION_OBSERVATION,,0,60,0,60,60
r8c-1600-449f3e76cee46ae7,1600,E1_DYNAMIC,CDF13/CDF-MILD,JMETALPY_1_7_GDE3_STANDARD_PARETO_DE,1,COMPLETE,NOT_COMPUTED_MISSING_EXECUTION_OBSERVATION,,0,60,0,60,60
r8c-1601-dbcb2bfd5104625f,1601,E1_DYNAMIC,CDF13/CDF-MILD,JMETALPY_1_7_NSGAII_DYNAMIC_RESTART_BRIDGE,1,COMPLETE,NOT_COMPUTED_MISSING_EXECUTION_OBSERVATION,,0,60,0,60,60
r8c-1602-4acf57dc0b2ddf90,1602,E1_DYNAMIC,CDF13/CDF-MILD,DT-RAMDE_TS2_FULL,2,COMPLETE,NOT_COMPUTED_MISSING_EXECUTION_OBSERVATION,,0,60,0,60,60
r8c-1603-7f313112156fa379,1603,E1_DYNAMIC,CDF13/CDF-MILD,MATCHED_FIXED_DE_PARETO,2,COMPLETE,NOT_COMPUTED_MISSING_EXECUTION_OBSERVATION,,0,60,0,60,60
r8c-1604-4127ed9d19974afe,1604,E1_DYNAMIC,CDF13/CDF-MILD,MATCHED_JDE_STYLE_PARETO,2,COMPLETE,NOT_COMPUTED_MISSING_EXECUTION_OBSERVATION,,0,60,0,60,60
r8c-1605-6cd9c48a8b7c5b9e,1605,E1_DYNAMIC,CDF13/CDF-MILD,MATCHED_SHADE_STYLE_PARETO,2,COMPLETE,NOT_COMPUTED_MISSING_EXECUTION_OBSERVATION,,0,60,0,60,60
r8c-1606-37f09c3bdc1c3012,1606,E1_DYNAMIC,CDF13/CDF-MILD,JMETALPY_1_7_GDE3_STANDARD_PARETO_DE,2,COMPLETE,NOT_COMPUTED_MISSING_EXECUTION_OBSERVATION,,0,60,0,60,60
r8c-1607-27b92fd2a9f1fff0,1607,E1_DYNAMIC,CDF13/CDF-MILD,JMETALPY_1_7_NSGAII_DYNAMIC_RESTART_BRIDGE,2,COMPLETE,NOT_COMPUTED_MISSING_EXECUTION_OBSERVATION,,0,60,0,60,60
r8c-1608-2d917e1a47c59995,1608,E1_DYNAMIC,CDF13/CDF-MILD,DT-RAMDE_TS2_FULL,3,COMPLETE,NOT_COMPUTED_MISSING_EXECUTION_OBSERVATION,,0,60,0,60,60
r8c-1609-0b12b0f28dec264e,1609,E1_DYNAMIC,CDF13/CDF-MILD,MATCHED_FIXED_DE_PARETO,3,COMPLETE,NOT_COMPUTED_MISSING_EXECUTION_OBSERVATION,,0,60,0,60,60
r8c-1610-2b43827ae70e3d53,1610,E1_DYNAMIC,CDF13/CDF-MILD,MATCHED_JDE_STYLE_PARETO,3,COMPLETE,NOT_COMPUTED_MISSING_EXECUTION_OBSERVATION,,0,60,0,60,60
r8c-1611-a9af907043feadfe,1611,E1_DYNAMIC,CDF13/CDF-MILD,MATCHED_SHADE_STYLE_PARETO,3,COMPLETE,NOT_COMPUTED_MISSING_EXECUTION_OBSERVATION,,0,60,0,60,60
r8c-1612-16287dc9fa8aecf7,1612,E1_DYNAMIC,CDF13/CDF-MILD,JMETALPY_1_7_GDE3_STANDARD_PARETO_DE,3,COMPLETE,NOT_COMPUTED_MISSING_EXECUTION_OBSERVATION,,0,60,0,60,60
r8c-1613-d8124cf5ed76f1d5,1613,E1_DYNAMIC,CDF13/CDF-MILD,JMETALPY_1_7_NSGAII_DYNAMIC_RESTART_BRIDGE,3,COMPLETE,NOT_COMPUTED_MISSING_EXECUTION_OBSERVATION,,0,60,0,60,60
r8c-1614-234bbb617cc3d69d,1614,E1_DYNAMIC,CDF13/CDF-MILD,DT-RAMDE_TS2_FULL,4,COMPLETE,NOT_COMPUTED_MISSING_EXECUTION_OBSERVATION,,0,60,0,60,60
r8c-1615-01bdc633b21144b4,1615,E1_DYNAMIC,CDF13/CDF-MILD,MATCHED_FIXED_DE_PARETO,4,COMPLETE,NOT_COMPUTED_MISSING_EXECUTION_OBSERVATION,,0,60,0,60,60
r8c-1616-7e904f17e0764bfc,1616,E1_DYNAMIC,CDF13/CDF-MILD,MATCHED_JDE_STYLE_PARETO,4,COMPLETE,NOT_COMPUTED_MISSING_EXECUTION_OBSERVATION,,0,60,0,60,60
r8c-1617-3b1ac7b22813b499,1617,E1_DYNAMIC,CDF13/CDF-MILD,MATCHED_SHADE_STYLE_PARETO,4,COMPLETE,NOT_COMPUTED_MISSING_EXECUTION_OBSERVATION,,0,60,0,60,60
r8c-1618-7c39654069ec3a3d,1618,E1_DYNAMIC,CDF13/CDF-MILD,JMETALPY_1_7_GDE3_STANDARD_PARETO_DE,4,COMPLETE,NOT_COMPUTED_MISSING_EXECUTION_OBSERVATION,,0,60,0,60,60
r8c-1619-9c21c836692cff6a,1619,E1_DYNAMIC,CDF13/CDF-MILD,JMETALPY_1_7_NSGAII_DYNAMIC_RESTART_BRIDGE,4,COMPLETE,NOT_COMPUTED_MISSING_EXECUTION_OBSERVATION,,0,60,0,60,60
r8c-1620-8bcd7cf8b976cc42,1620,E1_DYNAMIC,CDF14/CDF-HARSH,DT-RAMDE_TS2_FULL,0,COMPLETE,NOT_COMPUTED_MISSING_EXECUTION_OBSERVATION,,0,60,0,60,60
r8c-1621-2194d6af97187d00,1621,E1_DYNAMIC,CDF14/CDF-HARSH,MATCHED_FIXED_DE_PARETO,0,COMPLETE,NOT_COMPUTED_MISSING_EXECUTION_OBSERVATION,,0,60,0,60,60
r8c-1622-25dd52710b14f385,1622,E1_DYNAMIC,CDF14/CDF-HARSH,MATCHED_JDE_STYLE_PARETO,0,COMPLETE,NOT_COMPUTED_MISSING_EXECUTION_OBSERVATION,,0,60,0,60,60
r8c-1623-1c91917d0e337627,1623,E1_DYNAMIC,CDF14/CDF-HARSH,MATCHED_SHADE_STYLE_PARETO,0,COMPLETE,NOT_COMPUTED_MISSING_EXECUTION_OBSERVATION,,0,60,0,60,60
r8c-1624-54920303ce6d626d,1624,E1_DYNAMIC,CDF14/CDF-HARSH,JMETALPY_1_7_GDE3_STANDARD_PARETO_DE,0,COMPLETE,NOT_COMPUTED_MISSING_EXECUTION_OBSERVATION,,0,60,0,60,60
r8c-1625-d10b54fbc0749c3f,1625,E1_DYNAMIC,CDF14/CDF-HARSH,JMETALPY_1_7_NSGAII_DYNAMIC_RESTART_BRIDGE,0,COMPLETE,NOT_COMPUTED_MISSING_EXECUTION_OBSERVATION,,0,60,0,60,60
r8c-1626-5e94eeeace123fab,1626,E1_DYNAMIC,CDF14/CDF-HARSH,DT-RAMDE_TS2_FULL,1,COMPLETE,NOT_COMPUTED_MISSING_EXECUTION_OBSERVATION,,0,60,0,60,60
r8c-1627-31fcab669f4ee400,1627,E1_DYNAMIC,CDF14/CDF-HARSH,MATCHED_FIXED_DE_PARETO,1,COMPLETE,NOT_COMPUTED_MISSING_EXECUTION_OBSERVATION,,0,60,0,60,60
r8c-1628-c12a39b3b426c377,1628,E1_DYNAMIC,CDF14/CDF-HARSH,MATCHED_JDE_STYLE_PARETO,1,COMPLETE,NOT_COMPUTED_MISSING_EXECUTION_OBSERVATION,,0,60,0,60,60
r8c-1629-05dd4f67eebb0b0c,1629,E1_DYNAMIC,CDF14/CDF-HARSH,MATCHED_SHADE_STYLE_PARETO,1,COMPLETE,NOT_COMPUTED_MISSING_EXECUTION_OBSERVATION,,0,60,0,60,60
r8c-1630-fb008d8b67dfe060,1630,E1_DYNAMIC,CDF14/CDF-HARSH,JMETALPY_1_7_GDE3_STANDARD_PARETO_DE,1,COMPLETE,NOT_COMPUTED_MISSING_EXECUTION_OBSERVATION,,0,60,0,60,60
r8c-1631-bdb0d33c0da33b1c,1631,E1_DYNAMIC,CDF14/CDF-HARSH,JMETALPY_1_7_NSGAII_DYNAMIC_RESTART_BRIDGE,1,COMPLETE,NOT_COMPUTED_MISSING_EXECUTION_OBSERVATION,,0,60,0,60,60
r8c-1632-82b641e970647675,1632,E1_DYNAMIC,CDF14/CDF-HARSH,DT-RAMDE_TS2_FULL,2,COMPLETE,NOT_COMPUTED_MISSING_EXECUTION_OBSERVATION,,0,60,0,60,60
r8c-1633-584aefa95cec4dfa,1633,E1_DYNAMIC,CDF14/CDF-HARSH,MATCHED_FIXED_DE_PARETO,2,COMPLETE,NOT_COMPUTED_MISSING_EXECUTION_OBSERVATION,,0,60,0,60,60
r8c-1634-8fa5c68a80189477,1634,E1_DYNAMIC,CDF14/CDF-HARSH,MATCHED_JDE_STYLE_PARETO,2,COMPLETE,NOT_COMPUTED_MISSING_EXECUTION_OBSERVATION,,0,60,0,60,60
r8c-1635-f7c29d768e1ea258,1635,E1_DYNAMIC,CDF14/CDF-HARSH,MATCHED_SHADE_STYLE_PARETO,2,COMPLETE,NOT_COMPUTED_MISSING_EXECUTION_OBSERVATION,,0,60,0,60,60
r8c-1636-9d3206a1785edfcf,1636,E1_DYNAMIC,CDF14/CDF-HARSH,JMETALPY_1_7_GDE3_STANDARD_PARETO_DE,2,COMPLETE,NOT_COMPUTED_MISSING_EXECUTION_OBSERVATION,,0,60,0,60,60
r8c-1637-e82042547001bd80,1637,E1_DYNAMIC,CDF14/CDF-HARSH,JMETALPY_1_7_NSGAII_DYNAMIC_RESTART_BRIDGE,2,COMPLETE,NOT_COMPUTED_MISSING_EXECUTION_OBSERVATION,,0,60,0,60,60
r8c-1638-6dcb947f3b744158,1638,E1_DYNAMIC,CDF14/CDF-HARSH,DT-RAMDE_TS2_FULL,3,COMPLETE,NOT_COMPUTED_MISSING_EXECUTION_OBSERVATION,,0,60,0,60,60
r8c-1639-469c5a25701ba8e1,1639,E1_DYNAMIC,CDF14/CDF-HARSH,MATCHED_FIXED_DE_PARETO,3,COMPLETE,NOT_COMPUTED_MISSING_EXECUTION_OBSERVATION,,0,60,0,60,60
r8c-1640-024055e60bccde3e,1640,E1_DYNAMIC,CDF14/CDF-HARSH,MATCHED_JDE_STYLE_PARETO,3,COMPLETE,NOT_COMPUTED_MISSING_EXECUTION_OBSERVATION,,0,60,0,60,60
r8c-1641-2d10a6f60730d914,1641,E1_DYNAMIC,CDF14/CDF-HARSH,MATCHED_SHADE_STYLE_PARETO,3,COMPLETE,NOT_COMPUTED_MISSING_EXECUTION_OBSERVATION,,0,60,0,60,60
r8c-1642-bd55c9957eafc16d,1642,E1_DYNAMIC,CDF14/CDF-HARSH,JMETALPY_1_7_GDE3_STANDARD_PARETO_DE,3,COMPLETE,NOT_COMPUTED_MISSING_EXECUTION_OBSERVATION,,0,60,0,60,60
r8c-1643-48146de3d930428c,1643,E1_DYNAMIC,CDF14/CDF-HARSH,JMETALPY_1_7_NSGAII_DYNAMIC_RESTART_BRIDGE,3,COMPLETE,NOT_COMPUTED_MISSING_EXECUTION_OBSERVATION,,0,60,0,60,60
r8c-1644-5be9ebab60623d63,1644,E1_DYNAMIC,CDF14/CDF-HARSH,DT-RAMDE_TS2_FULL,4,COMPLETE,NOT_COMPUTED_MISSING_EXECUTION_OBSERVATION,,0,60,0,60,60
r8c-1645-6e90e32344b3da4c,1645,E1_DYNAMIC,CDF14/CDF-HARSH,MATCHED_FIXED_DE_PARETO,4,COMPLETE,NOT_COMPUTED_MISSING_EXECUTION_OBSERVATION,,0,60,0,60,60
r8c-1646-0ea678ac87da41d2,1646,E1_DYNAMIC,CDF14/CDF-HARSH,MATCHED_JDE_STYLE_PARETO,4,COMPLETE,NOT_COMPUTED_MISSING_EXECUTION_OBSERVATION,,0,60,0,60,60
r8c-1647-b3ed6f0f30675641,1647,E1_DYNAMIC,CDF14/CDF-HARSH,MATCHED_SHADE_STYLE_PARETO,4,COMPLETE,NOT_COMPUTED_MISSING_EXECUTION_OBSERVATION,,0,60,0,60,60
r8c-1648-3b22352eae712b46,1648,E1_DYNAMIC,CDF14/CDF-HARSH,JMETALPY_1_7_GDE3_STANDARD_PARETO_DE,4,COMPLETE,NOT_COMPUTED_MISSING_EXECUTION_OBSERVATION,,0,60,0,60,60
r8c-1649-e220fa471f5fb95e,1649,E1_DYNAMIC,CDF14/CDF-HARSH,JMETALPY_1_7_NSGAII_DYNAMIC_RESTART_BRIDGE,4,COMPLETE,NOT_COMPUTED_MISSING_EXECUTION_OBSERVATION,,0,60,0,60,60
r8c-1650-d81974b10271d1d3,1650,E1_DYNAMIC,CDF14/CDF-MILD,DT-RAMDE_TS2_FULL,0,COMPLETE,NOT_COMPUTED_MISSING_EXECUTION_OBSERVATION,,0,60,0,60,60
r8c-1651-aa1584992fe0662c,1651,E1_DYNAMIC,CDF14/CDF-MILD,MATCHED_FIXED_DE_PARETO,0,COMPLETE,NOT_COMPUTED_MISSING_EXECUTION_OBSERVATION,,0,60,0,60,60
r8c-1652-c69f36bb6fb89b64,1652,E1_DYNAMIC,CDF14/CDF-MILD,MATCHED_JDE_STYLE_PARETO,0,COMPLETE,NOT_COMPUTED_MISSING_EXECUTION_OBSERVATION,,0,60,0,60,60
r8c-1653-4dfb75fc04cb5203,1653,E1_DYNAMIC,CDF14/CDF-MILD,MATCHED_SHADE_STYLE_PARETO,0,COMPLETE,NOT_COMPUTED_MISSING_EXECUTION_OBSERVATION,,0,60,0,60,60
r8c-1654-3e8783371cc9d363,1654,E1_DYNAMIC,CDF14/CDF-MILD,JMETALPY_1_7_GDE3_STANDARD_PARETO_DE,0,COMPLETE,NOT_COMPUTED_MISSING_EXECUTION_OBSERVATION,,0,60,0,60,60
r8c-1655-b73a489fc87d02e2,1655,E1_DYNAMIC,CDF14/CDF-MILD,JMETALPY_1_7_NSGAII_DYNAMIC_RESTART_BRIDGE,0,COMPLETE,NOT_COMPUTED_MISSING_EXECUTION_OBSERVATION,,0,60,0,60,60
r8c-1656-60b62d4c3710e169,1656,E1_DYNAMIC,CDF14/CDF-MILD,DT-RAMDE_TS2_FULL,1,COMPLETE,NOT_COMPUTED_MISSING_EXECUTION_OBSERVATION,,0,60,0,60,60
r8c-1657-c99c255a150ace28,1657,E1_DYNAMIC,CDF14/CDF-MILD,MATCHED_FIXED_DE_PARETO,1,COMPLETE,NOT_COMPUTED_MISSING_EXECUTION_OBSERVATION,,0,60,0,60,60
r8c-1658-87ab3df0afe536ee,1658,E1_DYNAMIC,CDF14/CDF-MILD,MATCHED_JDE_STYLE_PARETO,1,COMPLETE,NOT_COMPUTED_MISSING_EXECUTION_OBSERVATION,,0,60,0,60,60
r8c-1659-a17c26b34ec880bc,1659,E1_DYNAMIC,CDF14/CDF-MILD,MATCHED_SHADE_STYLE_PARETO,1,COMPLETE,NOT_COMPUTED_MISSING_EXECUTION_OBSERVATION,,0,60,0,60,60
r8c-1660-f27dd4d48899cd54,1660,E1_DYNAMIC,CDF14/CDF-MILD,JMETALPY_1_7_GDE3_STANDARD_PARETO_DE,1,COMPLETE,NOT_COMPUTED_MISSING_EXECUTION_OBSERVATION,,0,60,0,60,60
r8c-1661-e70d4a65176fd5b1,1661,E1_DYNAMIC,CDF14/CDF-MILD,JMETALPY_1_7_NSGAII_DYNAMIC_RESTART_BRIDGE,1,COMPLETE,NOT_COMPUTED_MISSING_EXECUTION_OBSERVATION,,0,60,0,60,60
r8c-1662-40dce556468d1c3c,1662,E1_DYNAMIC,CDF14/CDF-MILD,DT-RAMDE_TS2_FULL,2,COMPLETE,NOT_COMPUTED_MISSING_EXECUTION_OBSERVATION,,0,60,0,60,60
r8c-1663-5ed89589e901930d,1663,E1_DYNAMIC,CDF14/CDF-MILD,MATCHED_FIXED_DE_PARETO,2,COMPLETE,NOT_COMPUTED_MISSING_EXECUTION_OBSERVATION,,0,60,0,60,60
r8c-1664-009ee7aab67d6f61,1664,E1_DYNAMIC,CDF14/CDF-MILD,MATCHED_JDE_STYLE_PARETO,2,COMPLETE,NOT_COMPUTED_MISSING_EXECUTION_OBSERVATION,,0,60,0,60,60
r8c-1665-67349efb5f8f6559,1665,E1_DYNAMIC,CDF14/CDF-MILD,MATCHED_SHADE_STYLE_PARETO,2,COMPLETE,NOT_COMPUTED_MISSING_EXECUTION_OBSERVATION,,0,60,0,60,60
r8c-1666-935cf85dff8e698c,1666,E1_DYNAMIC,CDF14/CDF-MILD,JMETALPY_1_7_GDE3_STANDARD_PARETO_DE,2,COMPLETE,NOT_COMPUTED_MISSING_EXECUTION_OBSERVATION,,0,60,0,60,60
r8c-1667-8fbe2e250093ebd0,1667,E1_DYNAMIC,CDF14/CDF-MILD,JMETALPY_1_7_NSGAII_DYNAMIC_RESTART_BRIDGE,2,COMPLETE,NOT_COMPUTED_MISSING_EXECUTION_OBSERVATION,,0,60,0,60,60
r8c-1668-40eca2da09ffa3c0,1668,E1_DYNAMIC,CDF14/CDF-MILD,DT-RAMDE_TS2_FULL,3,COMPLETE,NOT_COMPUTED_MISSING_EXECUTION_OBSERVATION,,0,60,0,60,60
r8c-1669-95f112c7d42baab8,1669,E1_DYNAMIC,CDF14/CDF-MILD,MATCHED_FIXED_DE_PARETO,3,COMPLETE,NOT_COMPUTED_MISSING_EXECUTION_OBSERVATION,,0,60,0,60,60
r8c-1670-8b51038c1f7e4a23,1670,E1_DYNAMIC,CDF14/CDF-MILD,MATCHED_JDE_STYLE_PARETO,3,COMPLETE,NOT_COMPUTED_MISSING_EXECUTION_OBSERVATION,,0,60,0,60,60
r8c-1671-48a85f895ec29b9b,1671,E1_DYNAMIC,CDF14/CDF-MILD,MATCHED_SHADE_STYLE_PARETO,3,COMPLETE,NOT_COMPUTED_MISSING_EXECUTION_OBSERVATION,,0,60,0,60,60
r8c-1672-1c1046007e595cec,1672,E1_DYNAMIC,CDF14/CDF-MILD,JMETALPY_1_7_GDE3_STANDARD_PARETO_DE,3,COMPLETE,NOT_COMPUTED_MISSING_EXECUTION_OBSERVATION,,0,60,0,60,60
r8c-1673-a8d8030535c0837b,1673,E1_DYNAMIC,CDF14/CDF-MILD,JMETALPY_1_7_NSGAII_DYNAMIC_RESTART_BRIDGE,3,COMPLETE,NOT_COMPUTED_MISSING_EXECUTION_OBSERVATION,,0,60,0,60,60
r8c-1674-a9be8dbb1ec3bdc3,1674,E1_DYNAMIC,CDF14/CDF-MILD,DT-RAMDE_TS2_FULL,4,COMPLETE,NOT_COMPUTED_MISSING_EXECUTION_OBSERVATION,,0,60,0,60,60
r8c-1675-c460b5e322201bbe,1675,E1_DYNAMIC,CDF14/CDF-MILD,MATCHED_FIXED_DE_PARETO,4,COMPLETE,NOT_COMPUTED_MISSING_EXECUTION_OBSERVATION,,0,60,0,60,60
r8c-1676-9c1465bee600ff54,1676,E1_DYNAMIC,CDF14/CDF-MILD,MATCHED_JDE_STYLE_PARETO,4,COMPLETE,NOT_COMPUTED_MISSING_EXECUTION_OBSERVATION,,0,60,0,60,60
r8c-1677-985e215717d679fc,1677,E1_DYNAMIC,CDF14/CDF-MILD,MATCHED_SHADE_STYLE_PARETO,4,COMPLETE,NOT_COMPUTED_MISSING_EXECUTION_OBSERVATION,,0,60,0,60,60
r8c-1678-5f43d0fa8cf8d7e3,1678,E1_DYNAMIC,CDF14/CDF-MILD,JMETALPY_1_7_GDE3_STANDARD_PARETO_DE,4,COMPLETE,NOT_COMPUTED_MISSING_EXECUTION_OBSERVATION,,0,60,0,60,60
r8c-1679-03f36a93f960ac1d,1679,E1_DYNAMIC,CDF14/CDF-MILD,JMETALPY_1_7_NSGAII_DYNAMIC_RESTART_BRIDGE,4,COMPLETE,NOT_COMPUTED_MISSING_EXECUTION_OBSERVATION,,0,60,0,60,60
r8c-1680-ed30551d6b4daefa,1680,E1_DYNAMIC,CDF15/CDF-HARSH,DT-RAMDE_TS2_FULL,0,COMPLETE,NOT_COMPUTED_MISSING_EXECUTION_OBSERVATION,,0,60,0,60,60
r8c-1681-94e381cc6d9a210a,1681,E1_DYNAMIC,CDF15/CDF-HARSH,MATCHED_FIXED_DE_PARETO,0,COMPLETE,NOT_COMPUTED_MISSING_EXECUTION_OBSERVATION,,0,60,0,60,60
r8c-1682-f1cba678e8779683,1682,E1_DYNAMIC,CDF15/CDF-HARSH,MATCHED_JDE_STYLE_PARETO,0,COMPLETE,NOT_COMPUTED_MISSING_EXECUTION_OBSERVATION,,0,60,0,60,60
r8c-1683-962d4054b86e95a1,1683,E1_DYNAMIC,CDF15/CDF-HARSH,MATCHED_SHADE_STYLE_PARETO,0,COMPLETE,NOT_COMPUTED_MISSING_EXECUTION_OBSERVATION,,0,60,0,60,60
r8c-1684-1ba5498f84479d35,1684,E1_DYNAMIC,CDF15/CDF-HARSH,JMETALPY_1_7_GDE3_STANDARD_PARETO_DE,0,COMPLETE,NOT_COMPUTED_MISSING_EXECUTION_OBSERVATION,,0,60,0,60,60
r8c-1685-8f06ac39470058a6,1685,E1_DYNAMIC,CDF15/CDF-HARSH,JMETALPY_1_7_NSGAII_DYNAMIC_RESTART_BRIDGE,0,COMPLETE,NOT_COMPUTED_MISSING_EXECUTION_OBSERVATION,,0,60,0,60,60
r8c-1686-7f66235e6b435cec,1686,E1_DYNAMIC,CDF15/CDF-HARSH,DT-RAMDE_TS2_FULL,1,COMPLETE,NOT_COMPUTED_MISSING_EXECUTION_OBSERVATION,,0,60,0,60,60
r8c-1687-d5d9bcf1322ed31c,1687,E1_DYNAMIC,CDF15/CDF-HARSH,MATCHED_FIXED_DE_PARETO,1,COMPLETE,NOT_COMPUTED_MISSING_EXECUTION_OBSERVATION,,0,60,0,60,60
r8c-1688-49bdaaea12340c55,1688,E1_DYNAMIC,CDF15/CDF-HARSH,MATCHED_JDE_STYLE_PARETO,1,COMPLETE,NOT_COMPUTED_MISSING_EXECUTION_OBSERVATION,,0,60,0,60,60
r8c-1689-591d2a61077b9c24,1689,E1_DYNAMIC,CDF15/CDF-HARSH,MATCHED_SHADE_STYLE_PARETO,1,COMPLETE,NOT_COMPUTED_MISSING_EXECUTION_OBSERVATION,,0,60,0,60,60
r8c-1690-ee9b9f2b446bed9c,1690,E1_DYNAMIC,CDF15/CDF-HARSH,JMETALPY_1_7_GDE3_STANDARD_PARETO_DE,1,COMPLETE,NOT_COMPUTED_MISSING_EXECUTION_OBSERVATION,,0,60,0,60,60
r8c-1691-4b84c30b14c9d6bb,1691,E1_DYNAMIC,CDF15/CDF-HARSH,JMETALPY_1_7_NSGAII_DYNAMIC_RESTART_BRIDGE,1,COMPLETE,NOT_COMPUTED_MISSING_EXECUTION_OBSERVATION,,0,60,0,60,60
r8c-1692-9ac2a535e7306166,1692,E1_DYNAMIC,CDF15/CDF-HARSH,DT-RAMDE_TS2_FULL,2,COMPLETE,NOT_COMPUTED_MISSING_EXECUTION_OBSERVATION,,0,60,0,60,60
r8c-1693-d8dbf61ff420ae6c,1693,E1_DYNAMIC,CDF15/CDF-HARSH,MATCHED_FIXED_DE_PARETO,2,COMPLETE,NOT_COMPUTED_MISSING_EXECUTION_OBSERVATION,,0,60,0,60,60
r8c-1694-9ea63a47b7593a9b,1694,E1_DYNAMIC,CDF15/CDF-HARSH,MATCHED_JDE_STYLE_PARETO,2,COMPLETE,NOT_COMPUTED_MISSING_EXECUTION_OBSERVATION,,0,60,0,60,60
r8c-1695-c2e530a4c6f7ba72,1695,E1_DYNAMIC,CDF15/CDF-HARSH,MATCHED_SHADE_STYLE_PARETO,2,COMPLETE,NOT_COMPUTED_MISSING_EXECUTION_OBSERVATION,,0,60,0,60,60
r8c-1696-e6c43b86fff4bc42,1696,E1_DYNAMIC,CDF15/CDF-HARSH,JMETALPY_1_7_GDE3_STANDARD_PARETO_DE,2,COMPLETE,NOT_COMPUTED_MISSING_EXECUTION_OBSERVATION,,0,60,0,60,60
r8c-1697-136ec86241eee5eb,1697,E1_DYNAMIC,CDF15/CDF-HARSH,JMETALPY_1_7_NSGAII_DYNAMIC_RESTART_BRIDGE,2,COMPLETE,NOT_COMPUTED_MISSING_EXECUTION_OBSERVATION,,0,60,0,60,60
r8c-1698-7bde11fbc8a146fd,1698,E1_DYNAMIC,CDF15/CDF-HARSH,DT-RAMDE_TS2_FULL,3,COMPLETE,NOT_COMPUTED_MISSING_EXECUTION_OBSERVATION,,0,60,0,60,60
r8c-1699-4a390cdcff50fda1,1699,E1_DYNAMIC,CDF15/CDF-HARSH,MATCHED_FIXED_DE_PARETO,3,COMPLETE,NOT_COMPUTED_MISSING_EXECUTION_OBSERVATION,,0,60,0,60,60
r8c-1700-32f43dd6873114ac,1700,E1_DYNAMIC,CDF15/CDF-HARSH,MATCHED_JDE_STYLE_PARETO,3,COMPLETE,NOT_COMPUTED_MISSING_EXECUTION_OBSERVATION,,0,60,0,60,60
r8c-1701-86c085b86eaad5d3,1701,E1_DYNAMIC,CDF15/CDF-HARSH,MATCHED_SHADE_STYLE_PARETO,3,COMPLETE,NOT_COMPUTED_MISSING_EXECUTION_OBSERVATION,,0,60,0,60,60
r8c-1702-d8ec95afbc9337ee,1702,E1_DYNAMIC,CDF15/CDF-HARSH,JMETALPY_1_7_GDE3_STANDARD_PARETO_DE,3,COMPLETE,NOT_COMPUTED_MISSING_EXECUTION_OBSERVATION,,0,60,0,60,60
r8c-1703-fe5e9b0b960c773f,1703,E1_DYNAMIC,CDF15/CDF-HARSH,JMETALPY_1_7_NSGAII_DYNAMIC_RESTART_BRIDGE,3,COMPLETE,NOT_COMPUTED_MISSING_EXECUTION_OBSERVATION,,0,60,0,60,60
r8c-1704-68e5622b2b4f4d41,1704,E1_DYNAMIC,CDF15/CDF-HARSH,DT-RAMDE_TS2_FULL,4,COMPLETE,NOT_COMPUTED_MISSING_EXECUTION_OBSERVATION,,0,60,0,60,60
r8c-1705-78230917e1f38d27,1705,E1_DYNAMIC,CDF15/CDF-HARSH,MATCHED_FIXED_DE_PARETO,4,COMPLETE,NOT_COMPUTED_MISSING_EXECUTION_OBSERVATION,,0,60,0,60,60
r8c-1706-af252875851f11ff,1706,E1_DYNAMIC,CDF15/CDF-HARSH,MATCHED_JDE_STYLE_PARETO,4,COMPLETE,NOT_COMPUTED_MISSING_EXECUTION_OBSERVATION,,0,60,0,60,60
r8c-1707-d071aa780a4c5a07,1707,E1_DYNAMIC,CDF15/CDF-HARSH,MATCHED_SHADE_STYLE_PARETO,4,COMPLETE,NOT_COMPUTED_MISSING_EXECUTION_OBSERVATION,,0,60,0,60,60
r8c-1708-6005fda0357bdd72,1708,E1_DYNAMIC,CDF15/CDF-HARSH,JMETALPY_1_7_GDE3_STANDARD_PARETO_DE,4,COMPLETE,NOT_COMPUTED_MISSING_EXECUTION_OBSERVATION,,0,60,0,60,60
r8c-1709-9f89c743bb0609c2,1709,E1_DYNAMIC,CDF15/CDF-HARSH,JMETALPY_1_7_NSGAII_DYNAMIC_RESTART_BRIDGE,4,COMPLETE,NOT_COMPUTED_MISSING_EXECUTION_OBSERVATION,,0,60,0,60,60
r8c-1710-bcc68948995d2500,1710,E1_DYNAMIC,CDF15/CDF-MILD,DT-RAMDE_TS2_FULL,0,COMPLETE,NOT_COMPUTED_MISSING_EXECUTION_OBSERVATION,,0,60,0,60,60
r8c-1711-6c2b559d3d336eb9,1711,E1_DYNAMIC,CDF15/CDF-MILD,MATCHED_FIXED_DE_PARETO,0,COMPLETE,NOT_COMPUTED_MISSING_EXECUTION_OBSERVATION,,0,60,0,60,60
r8c-1712-9202c2774a66f782,1712,E1_DYNAMIC,CDF15/CDF-MILD,MATCHED_JDE_STYLE_PARETO,0,COMPLETE,NOT_COMPUTED_MISSING_EXECUTION_OBSERVATION,,0,60,0,60,60
r8c-1713-3e26e313501c2055,1713,E1_DYNAMIC,CDF15/CDF-MILD,MATCHED_SHADE_STYLE_PARETO,0,COMPLETE,NOT_COMPUTED_MISSING_EXECUTION_OBSERVATION,,0,60,0,60,60
r8c-1714-3334c3ab0acea02f,1714,E1_DYNAMIC,CDF15/CDF-MILD,JMETALPY_1_7_GDE3_STANDARD_PARETO_DE,0,COMPLETE,NOT_COMPUTED_MISSING_EXECUTION_OBSERVATION,,0,60,0,60,60
r8c-1715-0e32ec446d5ba7c3,1715,E1_DYNAMIC,CDF15/CDF-MILD,JMETALPY_1_7_NSGAII_DYNAMIC_RESTART_BRIDGE,0,COMPLETE,NOT_COMPUTED_MISSING_EXECUTION_OBSERVATION,,0,60,0,60,60
r8c-1716-510ebdb74899d3a0,1716,E1_DYNAMIC,CDF15/CDF-MILD,DT-RAMDE_TS2_FULL,1,COMPLETE,NOT_COMPUTED_MISSING_EXECUTION_OBSERVATION,,0,60,0,60,60
r8c-1717-31a56d3466fc345d,1717,E1_DYNAMIC,CDF15/CDF-MILD,MATCHED_FIXED_DE_PARETO,1,COMPLETE,NOT_COMPUTED_MISSING_EXECUTION_OBSERVATION,,0,60,0,60,60
r8c-1718-ea8a3bcef5f2cf94,1718,E1_DYNAMIC,CDF15/CDF-MILD,MATCHED_JDE_STYLE_PARETO,1,COMPLETE,NOT_COMPUTED_MISSING_EXECUTION_OBSERVATION,,0,60,0,60,60
r8c-1719-1519014403781e2b,1719,E1_DYNAMIC,CDF15/CDF-MILD,MATCHED_SHADE_STYLE_PARETO,1,COMPLETE,NOT_COMPUTED_MISSING_EXECUTION_OBSERVATION,,0,60,0,60,60
r8c-1720-5de18f2a729614d7,1720,E1_DYNAMIC,CDF15/CDF-MILD,JMETALPY_1_7_GDE3_STANDARD_PARETO_DE,1,COMPLETE,NOT_COMPUTED_MISSING_EXECUTION_OBSERVATION,,0,60,0,60,60
r8c-1721-bbecb33661e93656,1721,E1_DYNAMIC,CDF15/CDF-MILD,JMETALPY_1_7_NSGAII_DYNAMIC_RESTART_BRIDGE,1,COMPLETE,NOT_COMPUTED_MISSING_EXECUTION_OBSERVATION,,0,60,0,60,60
r8c-1722-0ca1b8470d23cbf1,1722,E1_DYNAMIC,CDF15/CDF-MILD,DT-RAMDE_TS2_FULL,2,COMPLETE,NOT_COMPUTED_MISSING_EXECUTION_OBSERVATION,,0,60,0,60,60
r8c-1723-730ecd1be4a2a2b9,1723,E1_DYNAMIC,CDF15/CDF-MILD,MATCHED_FIXED_DE_PARETO,2,COMPLETE,NOT_COMPUTED_MISSING_EXECUTION_OBSERVATION,,0,60,0,60,60
r8c-1724-5a487ba745bf6b86,1724,E1_DYNAMIC,CDF15/CDF-MILD,MATCHED_JDE_STYLE_PARETO,2,COMPLETE,NOT_COMPUTED_MISSING_EXECUTION_OBSERVATION,,0,60,0,60,60
r8c-1725-3c0c3e7862694de1,1725,E1_DYNAMIC,CDF15/CDF-MILD,MATCHED_SHADE_STYLE_PARETO,2,COMPLETE,NOT_COMPUTED_MISSING_EXECUTION_OBSERVATION,,0,60,0,60,60
r8c-1726-1f723bd5392a3977,1726,E1_DYNAMIC,CDF15/CDF-MILD,JMETALPY_1_7_GDE3_STANDARD_PARETO_DE,2,COMPLETE,NOT_COMPUTED_MISSING_EXECUTION_OBSERVATION,,0,60,0,60,60
r8c-1727-9c8ab784effe1d3c,1727,E1_DYNAMIC,CDF15/CDF-MILD,JMETALPY_1_7_NSGAII_DYNAMIC_RESTART_BRIDGE,2,COMPLETE,NOT_COMPUTED_MISSING_EXECUTION_OBSERVATION,,0,60,0,60,60
r8c-1728-263a756bf149ad8f,1728,E1_DYNAMIC,CDF15/CDF-MILD,DT-RAMDE_TS2_FULL,3,COMPLETE,NOT_COMPUTED_MISSING_EXECUTION_OBSERVATION,,0,60,0,60,60
r8c-1729-49d858d7e13812f3,1729,E1_DYNAMIC,CDF15/CDF-MILD,MATCHED_FIXED_DE_PARETO,3,COMPLETE,NOT_COMPUTED_MISSING_EXECUTION_OBSERVATION,,0,60,0,60,60
r8c-1730-d4560dc87bd8e407,1730,E1_DYNAMIC,CDF15/CDF-MILD,MATCHED_JDE_STYLE_PARETO,3,COMPLETE,NOT_COMPUTED_MISSING_EXECUTION_OBSERVATION,,0,60,0,60,60
r8c-1731-d58fad9fdc53f107,1731,E1_DYNAMIC,CDF15/CDF-MILD,MATCHED_SHADE_STYLE_PARETO,3,COMPLETE,NOT_COMPUTED_MISSING_EXECUTION_OBSERVATION,,0,60,0,60,60
r8c-1732-42f0b2cb185672d9,1732,E1_DYNAMIC,CDF15/CDF-MILD,JMETALPY_1_7_GDE3_STANDARD_PARETO_DE,3,COMPLETE,NOT_COMPUTED_MISSING_EXECUTION_OBSERVATION,,0,60,0,60,60
r8c-1733-57331f3ab6d6cdb1,1733,E1_DYNAMIC,CDF15/CDF-MILD,JMETALPY_1_7_NSGAII_DYNAMIC_RESTART_BRIDGE,3,COMPLETE,NOT_COMPUTED_MISSING_EXECUTION_OBSERVATION,,0,60,0,60,60
r8c-1734-3d0cba0ac925f392,1734,E1_DYNAMIC,CDF15/CDF-MILD,DT-RAMDE_TS2_FULL,4,COMPLETE,NOT_COMPUTED_MISSING_EXECUTION_OBSERVATION,,0,60,0,60,60
r8c-1735-f032b4d0ca4d652a,1735,E1_DYNAMIC,CDF15/CDF-MILD,MATCHED_FIXED_DE_PARETO,4,COMPLETE,NOT_COMPUTED_MISSING_EXECUTION_OBSERVATION,,0,60,0,60,60
r8c-1736-cfe11c2ca8fb26ca,1736,E1_DYNAMIC,CDF15/CDF-MILD,MATCHED_JDE_STYLE_PARETO,4,COMPLETE,NOT_COMPUTED_MISSING_EXECUTION_OBSERVATION,,0,60,0,60,60
r8c-1737-e03951ce1a0f7cda,1737,E1_DYNAMIC,CDF15/CDF-MILD,MATCHED_SHADE_STYLE_PARETO,4,COMPLETE,NOT_COMPUTED_MISSING_EXECUTION_OBSERVATION,,0,60,0,60,60
r8c-1738-28d3cfec727d7a78,1738,E1_DYNAMIC,CDF15/CDF-MILD,JMETALPY_1_7_GDE3_STANDARD_PARETO_DE,4,COMPLETE,NOT_COMPUTED_MISSING_EXECUTION_OBSERVATION,,0,60,0,60,60
r8c-1739-951c5071dd11d6af,1739,E1_DYNAMIC,CDF15/CDF-MILD,JMETALPY_1_7_NSGAII_DYNAMIC_RESTART_BRIDGE,4,COMPLETE,NOT_COMPUTED_MISSING_EXECUTION_OBSERVATION,,0,60,0,60,60
r8c-1740-a0fc45d190b87a9a,1740,E1_ROLLING,RR-SMOOTH/0,DT-RAMDE_TS2_FULL,0,COMPLETE,INCLUDED,0.05,1,20,20,0,20
r8c-1741-620cf8dcde8355d8,1741,E1_ROLLING,RR-SMOOTH/0,MATCHED_FIXED_DE_PARETO,0,COMPLETE,INCLUDED,0.05,1,20,20,0,20
r8c-1742-033ce335736ac98b,1742,E1_ROLLING,RR-SMOOTH/0,MATCHED_JDE_STYLE_PARETO,0,COMPLETE,INCLUDED,0.0,0,20,20,0,20
r8c-1743-23ab113ab7e9d536,1743,E1_ROLLING,RR-SMOOTH/0,MATCHED_SHADE_STYLE_PARETO,0,COMPLETE,INCLUDED,0.2,4,20,20,0,20
r8c-1744-40df911f24f79d49,1744,E1_ROLLING,RR-SMOOTH/0,JMETALPY_1_7_GDE3_STANDARD_PARETO_DE,0,COMPLETE,INCLUDED,0.05,1,20,20,0,20
r8c-1745-99a06f585d1f24fc,1745,E1_ROLLING,RR-SMOOTH/0,JMETALPY_1_7_NSGAII_DYNAMIC_RESTART_BRIDGE,0,COMPLETE,INCLUDED,0.35,7,20,20,0,20
r8c-1746-3d4e3405fe0eaed3,1746,E1_ROLLING,RR-SMOOTH/0,DT-RAMDE_TS2_FULL,1,COMPLETE,INCLUDED,0.05,1,20,20,0,20
r8c-1747-5badb0b8d52d75ac,1747,E1_ROLLING,RR-SMOOTH/0,MATCHED_FIXED_DE_PARETO,1,COMPLETE,INCLUDED,0.0,0,20,20,0,20
r8c-1748-3f1aaa8fc93ad5e5,1748,E1_ROLLING,RR-SMOOTH/0,MATCHED_JDE_STYLE_PARETO,1,COMPLETE,INCLUDED,0.05,1,20,20,0,20
r8c-1749-67b5527753366088,1749,E1_ROLLING,RR-SMOOTH/0,MATCHED_SHADE_STYLE_PARETO,1,COMPLETE,INCLUDED,0.0,0,20,20,0,20
r8c-1750-c0edbbe71ba22851,1750,E1_ROLLING,RR-SMOOTH/0,JMETALPY_1_7_GDE3_STANDARD_PARETO_DE,1,COMPLETE,INCLUDED,0.0,0,20,20,0,20
r8c-1751-189fc92edd5979f4,1751,E1_ROLLING,RR-SMOOTH/0,JMETALPY_1_7_NSGAII_DYNAMIC_RESTART_BRIDGE,1,COMPLETE,INCLUDED,0.2,4,20,20,0,20
r8c-1752-d872f2db34914202,1752,E1_ROLLING,RR-SMOOTH/0,DT-RAMDE_TS2_FULL,2,COMPLETE,NOT_COMPUTED_MISSING_EXECUTION_OBSERVATION,,3,20,19,1,20
r8c-1753-ea2f163eb1eadbcc,1753,E1_ROLLING,RR-SMOOTH/0,MATCHED_FIXED_DE_PARETO,2,COMPLETE,INCLUDED,0.0,0,20,20,0,20
r8c-1754-938a347929b09dc2,1754,E1_ROLLING,RR-SMOOTH/0,MATCHED_JDE_STYLE_PARETO,2,COMPLETE,INCLUDED,0.1,2,20,20,0,20
r8c-1755-b8e885dfd3f8cc20,1755,E1_ROLLING,RR-SMOOTH/0,MATCHED_SHADE_STYLE_PARETO,2,COMPLETE,INCLUDED,0.0,0,20,20,0,20
r8c-1756-c74944356177e3d3,1756,E1_ROLLING,RR-SMOOTH/0,JMETALPY_1_7_GDE3_STANDARD_PARETO_DE,2,COMPLETE,INCLUDED,0.1,2,20,20,0,20
r8c-1757-00d0f5f98ff2bb65,1757,E1_ROLLING,RR-SMOOTH/0,JMETALPY_1_7_NSGAII_DYNAMIC_RESTART_BRIDGE,2,COMPLETE,INCLUDED,0.1,2,20,20,0,20
r8c-1758-ff727e1101d2152d,1758,E1_ROLLING,RR-SMOOTH/0,DT-RAMDE_TS2_FULL,3,COMPLETE,INCLUDED,0.0,0,20,20,0,20
r8c-1759-573cf7fbe83123e8,1759,E1_ROLLING,RR-SMOOTH/0,MATCHED_FIXED_DE_PARETO,3,COMPLETE,INCLUDED,0.05,1,20,20,0,20
r8c-1760-948e3a8644563688,1760,E1_ROLLING,RR-SMOOTH/0,MATCHED_JDE_STYLE_PARETO,3,COMPLETE,INCLUDED,0.05,1,20,20,0,20
r8c-1761-a827f201d3a851a5,1761,E1_ROLLING,RR-SMOOTH/0,MATCHED_SHADE_STYLE_PARETO,3,COMPLETE,INCLUDED,0.0,0,20,20,0,20
r8c-1762-ba48cc958bf62c19,1762,E1_ROLLING,RR-SMOOTH/0,JMETALPY_1_7_GDE3_STANDARD_PARETO_DE,3,COMPLETE,INCLUDED,0.15,3,20,20,0,20
r8c-1763-00f6df2017bee288,1763,E1_ROLLING,RR-SMOOTH/0,JMETALPY_1_7_NSGAII_DYNAMIC_RESTART_BRIDGE,3,COMPLETE,INCLUDED,0.05,1,20,20,0,20
r8c-1764-ea5716cb83ee5ee1,1764,E1_ROLLING,RR-SMOOTH/0,DT-RAMDE_TS2_FULL,4,COMPLETE,NOT_COMPUTED_MISSING_EXECUTION_OBSERVATION,,3,20,19,1,20
r8c-1765-220c412979a5e2c9,1765,E1_ROLLING,RR-SMOOTH/0,MATCHED_FIXED_DE_PARETO,4,COMPLETE,INCLUDED,0.0,0,20,20,0,20
r8c-1766-834382b46c32cb85,1766,E1_ROLLING,RR-SMOOTH/0,MATCHED_JDE_STYLE_PARETO,4,COMPLETE,INCLUDED,0.05,1,20,20,0,20
r8c-1767-c7892cd3d43a1271,1767,E1_ROLLING,RR-SMOOTH/0,MATCHED_SHADE_STYLE_PARETO,4,COMPLETE,INCLUDED,0.05,1,20,20,0,20
r8c-1768-ee2198a36a8ee7e5,1768,E1_ROLLING,RR-SMOOTH/0,JMETALPY_1_7_GDE3_STANDARD_PARETO_DE,4,COMPLETE,INCLUDED,0.05,1,20,20,0,20
r8c-1769-be9df33d5b0ec81a,1769,E1_ROLLING,RR-SMOOTH/0,JMETALPY_1_7_NSGAII_DYNAMIC_RESTART_BRIDGE,4,COMPLETE,INCLUDED,0.35,7,20,20,0,20
r8c-1770-2ea742462d018d6f,1770,E1_ROLLING,RR-SMOOTH/1,DT-RAMDE_TS2_FULL,0,COMPLETE,NOT_COMPUTED_MISSING_EXECUTION_OBSERVATION,,0,20,14,6,20
r8c-1771-681c5c224412af7b,1771,E1_ROLLING,RR-SMOOTH/1,MATCHED_FIXED_DE_PARETO,0,COMPLETE,INCLUDED,0.0,0,20,20,0,20
r8c-1772-9e8ecb97630ae610,1772,E1_ROLLING,RR-SMOOTH/1,MATCHED_JDE_STYLE_PARETO,0,COMPLETE,INCLUDED,0.0,0,20,20,0,20
r8c-1773-0286403c87486e04,1773,E1_ROLLING,RR-SMOOTH/1,MATCHED_SHADE_STYLE_PARETO,0,COMPLETE,INCLUDED,0.05,1,20,20,0,20
r8c-1774-298573914d1fd88e,1774,E1_ROLLING,RR-SMOOTH/1,JMETALPY_1_7_GDE3_STANDARD_PARETO_DE,0,COMPLETE,INCLUDED,0.0,0,20,20,0,20
r8c-1775-00bddb2d6c57733c,1775,E1_ROLLING,RR-SMOOTH/1,JMETALPY_1_7_NSGAII_DYNAMIC_RESTART_BRIDGE,0,COMPLETE,INCLUDED,0.1,2,20,20,0,20
r8c-1776-fdd43d9eb6e030c2,1776,E1_ROLLING,RR-SMOOTH/1,DT-RAMDE_TS2_FULL,1,COMPLETE,NOT_COMPUTED_MISSING_EXECUTION_OBSERVATION,,0,20,8,12,20
r8c-1777-1ac4467b56c3895b,1777,E1_ROLLING,RR-SMOOTH/1,MATCHED_FIXED_DE_PARETO,1,COMPLETE,INCLUDED,0.0,0,20,20,0,20
r8c-1778-ec7e8d2772993d5f,1778,E1_ROLLING,RR-SMOOTH/1,MATCHED_JDE_STYLE_PARETO,1,COMPLETE,INCLUDED,0.1,2,20,20,0,20
r8c-1779-1e858370de7bd1a6,1779,E1_ROLLING,RR-SMOOTH/1,MATCHED_SHADE_STYLE_PARETO,1,COMPLETE,INCLUDED,0.0,0,20,20,0,20
r8c-1780-b689b997c0336ecc,1780,E1_ROLLING,RR-SMOOTH/1,JMETALPY_1_7_GDE3_STANDARD_PARETO_DE,1,COMPLETE,INCLUDED,0.0,0,20,20,0,20
r8c-1781-03d104d40f36c6b8,1781,E1_ROLLING,RR-SMOOTH/1,JMETALPY_1_7_NSGAII_DYNAMIC_RESTART_BRIDGE,1,COMPLETE,INCLUDED,0.0,0,20,20,0,20
r8c-1782-f44229d6b134fa69,1782,E1_ROLLING,RR-SMOOTH/1,DT-RAMDE_TS2_FULL,2,COMPLETE,NOT_COMPUTED_MISSING_EXECUTION_OBSERVATION,,0,20,8,12,20
r8c-1783-d88528d9bafe2f00,1783,E1_ROLLING,RR-SMOOTH/1,MATCHED_FIXED_DE_PARETO,2,COMPLETE,INCLUDED,0.0,0,20,20,0,20
r8c-1784-084782d7e6dd2923,1784,E1_ROLLING,RR-SMOOTH/1,MATCHED_JDE_STYLE_PARETO,2,COMPLETE,INCLUDED,0.0,0,20,20,0,20
r8c-1785-05b85c3172652f4b,1785,E1_ROLLING,RR-SMOOTH/1,MATCHED_SHADE_STYLE_PARETO,2,COMPLETE,INCLUDED,0.0,0,20,20,0,20
r8c-1786-fc8669d85a5599dc,1786,E1_ROLLING,RR-SMOOTH/1,JMETALPY_1_7_GDE3_STANDARD_PARETO_DE,2,COMPLETE,INCLUDED,0.0,0,20,20,0,20
r8c-1787-c59f16d0a986c4e3,1787,E1_ROLLING,RR-SMOOTH/1,JMETALPY_1_7_NSGAII_DYNAMIC_RESTART_BRIDGE,2,COMPLETE,INCLUDED,0.3,6,20,20,0,20
r8c-1788-2263bee98a69b29b,1788,E1_ROLLING,RR-SMOOTH/1,DT-RAMDE_TS2_FULL,3,COMPLETE,NOT_COMPUTED_MISSING_EXECUTION_OBSERVATION,,0,20,2,18,20
r8c-1789-2fbd065e7247f10d,1789,E1_ROLLING,RR-SMOOTH/1,MATCHED_FIXED_DE_PARETO,3,COMPLETE,INCLUDED,0.0,0,20,20,0,20
r8c-1790-98e2e7fdde06e4c8,1790,E1_ROLLING,RR-SMOOTH/1,MATCHED_JDE_STYLE_PARETO,3,COMPLETE,INCLUDED,0.0,0,20,20,0,20
r8c-1791-97d50032b7b2b6b5,1791,E1_ROLLING,RR-SMOOTH/1,MATCHED_SHADE_STYLE_PARETO,3,COMPLETE,INCLUDED,0.0,0,20,20,0,20
r8c-1792-b1ba6f694f19119b,1792,E1_ROLLING,RR-SMOOTH/1,JMETALPY_1_7_GDE3_STANDARD_PARETO_DE,3,COMPLETE,INCLUDED,0.0,0,20,20,0,20
r8c-1793-fed94b74c3c2b010,1793,E1_ROLLING,RR-SMOOTH/1,JMETALPY_1_7_NSGAII_DYNAMIC_RESTART_BRIDGE,3,COMPLETE,INCLUDED,0.1,2,20,20,0,20
r8c-1794-697cdf01d7bd9dbd,1794,E1_ROLLING,RR-SMOOTH/1,DT-RAMDE_TS2_FULL,4,COMPLETE,NOT_COMPUTED_MISSING_EXECUTION_OBSERVATION,,0,20,12,8,20
r8c-1795-ec9adb35020ce153,1795,E1_ROLLING,RR-SMOOTH/1,MATCHED_FIXED_DE_PARETO,4,COMPLETE,INCLUDED,0.05,1,20,20,0,20
r8c-1796-036a1a1a31ddb151,1796,E1_ROLLING,RR-SMOOTH/1,MATCHED_JDE_STYLE_PARETO,4,COMPLETE,INCLUDED,0.0,0,20,20,0,20
r8c-1797-aafc3b1ef6813a24,1797,E1_ROLLING,RR-SMOOTH/1,MATCHED_SHADE_STYLE_PARETO,4,COMPLETE,INCLUDED,0.0,0,20,20,0,20
r8c-1798-f1d267e5c98bf391,1798,E1_ROLLING,RR-SMOOTH/1,JMETALPY_1_7_GDE3_STANDARD_PARETO_DE,4,COMPLETE,INCLUDED,0.05,1,20,20,0,20
r8c-1799-cb8f1ff637c82e1a,1799,E1_ROLLING,RR-SMOOTH/1,JMETALPY_1_7_NSGAII_DYNAMIC_RESTART_BRIDGE,4,COMPLETE,INCLUDED,0.15,3,20,20,0,20
r8c-1800-144488c01747cf09,1800,E1_ROLLING,RR-SMOOTH/2,DT-RAMDE_TS2_FULL,0,COMPLETE,INCLUDED,0.0,0,20,20,0,20
r8c-1801-9e4b7ee0c882541c,1801,E1_ROLLING,RR-SMOOTH/2,MATCHED_FIXED_DE_PARETO,0,COMPLETE,INCLUDED,0.0,0,20,20,0,20
r8c-1802-e8d5de6021494956,1802,E1_ROLLING,RR-SMOOTH/2,MATCHED_JDE_STYLE_PARETO,0,COMPLETE,INCLUDED,0.0,0,20,20,0,20
r8c-1803-3fa3a97661492cc0,1803,E1_ROLLING,RR-SMOOTH/2,MATCHED_SHADE_STYLE_PARETO,0,COMPLETE,INCLUDED,0.0,0,20,20,0,20
r8c-1804-a8c1186808bf2219,1804,E1_ROLLING,RR-SMOOTH/2,JMETALPY_1_7_GDE3_STANDARD_PARETO_DE,0,COMPLETE,INCLUDED,0.0,0,20,20,0,20
r8c-1805-97dc7edc0e39dc96,1805,E1_ROLLING,RR-SMOOTH/2,JMETALPY_1_7_NSGAII_DYNAMIC_RESTART_BRIDGE,0,COMPLETE,INCLUDED,0.0,0,20,20,0,20
r8c-1806-8529088b4e65310a,1806,E1_ROLLING,RR-SMOOTH/2,DT-RAMDE_TS2_FULL,1,COMPLETE,INCLUDED,0.0,0,20,20,0,20
r8c-1807-4f251d749cd34146,1807,E1_ROLLING,RR-SMOOTH/2,MATCHED_FIXED_DE_PARETO,1,COMPLETE,INCLUDED,0.0,0,20,20,0,20
r8c-1808-d4d9d6a9cf35cca8,1808,E1_ROLLING,RR-SMOOTH/2,MATCHED_JDE_STYLE_PARETO,1,COMPLETE,INCLUDED,0.0,0,20,20,0,20
r8c-1809-842717541ebd4459,1809,E1_ROLLING,RR-SMOOTH/2,MATCHED_SHADE_STYLE_PARETO,1,COMPLETE,INCLUDED,0.0,0,20,20,0,20
r8c-1810-8da2925dfe57ea00,1810,E1_ROLLING,RR-SMOOTH/2,JMETALPY_1_7_GDE3_STANDARD_PARETO_DE,1,COMPLETE,INCLUDED,0.0,0,20,20,0,20
r8c-1811-74725f0c33e81080,1811,E1_ROLLING,RR-SMOOTH/2,JMETALPY_1_7_NSGAII_DYNAMIC_RESTART_BRIDGE,1,COMPLETE,INCLUDED,0.0,0,20,20,0,20
r8c-1812-d5138abb4100e7cd,1812,E1_ROLLING,RR-SMOOTH/2,DT-RAMDE_TS2_FULL,2,COMPLETE,INCLUDED,0.0,0,20,20,0,20
r8c-1813-b92e0cec0fb2a640,1813,E1_ROLLING,RR-SMOOTH/2,MATCHED_FIXED_DE_PARETO,2,COMPLETE,INCLUDED,0.0,0,20,20,0,20
r8c-1814-b751dca8fe6c1997,1814,E1_ROLLING,RR-SMOOTH/2,MATCHED_JDE_STYLE_PARETO,2,COMPLETE,INCLUDED,0.0,0,20,20,0,20
r8c-1815-85ae164dba1e3179,1815,E1_ROLLING,RR-SMOOTH/2,MATCHED_SHADE_STYLE_PARETO,2,COMPLETE,INCLUDED,0.0,0,20,20,0,20
r8c-1816-3afec15ac509c416,1816,E1_ROLLING,RR-SMOOTH/2,JMETALPY_1_7_GDE3_STANDARD_PARETO_DE,2,COMPLETE,INCLUDED,0.0,0,20,20,0,20
r8c-1817-afbbc3196b384c81,1817,E1_ROLLING,RR-SMOOTH/2,JMETALPY_1_7_NSGAII_DYNAMIC_RESTART_BRIDGE,2,COMPLETE,INCLUDED,0.0,0,20,20,0,20
r8c-1818-6114f44bc36a8691,1818,E1_ROLLING,RR-SMOOTH/2,DT-RAMDE_TS2_FULL,3,COMPLETE,INCLUDED,0.0,0,20,20,0,20
r8c-1819-3e27e2ff22f52769,1819,E1_ROLLING,RR-SMOOTH/2,MATCHED_FIXED_DE_PARETO,3,COMPLETE,INCLUDED,0.0,0,20,20,0,20
r8c-1820-cdb311cd011b13f2,1820,E1_ROLLING,RR-SMOOTH/2,MATCHED_JDE_STYLE_PARETO,3,COMPLETE,INCLUDED,0.0,0,20,20,0,20
r8c-1821-96f022cf072106e0,1821,E1_ROLLING,RR-SMOOTH/2,MATCHED_SHADE_STYLE_PARETO,3,COMPLETE,INCLUDED,0.0,0,20,20,0,20
r8c-1822-6a8346e4df6be7db,1822,E1_ROLLING,RR-SMOOTH/2,JMETALPY_1_7_GDE3_STANDARD_PARETO_DE,3,COMPLETE,INCLUDED,0.0,0,20,20,0,20
r8c-1823-65083534b34fd617,1823,E1_ROLLING,RR-SMOOTH/2,JMETALPY_1_7_NSGAII_DYNAMIC_RESTART_BRIDGE,3,COMPLETE,INCLUDED,0.0,0,20,20,0,20
r8c-1824-5e60f85df25727b5,1824,E1_ROLLING,RR-SMOOTH/2,DT-RAMDE_TS2_FULL,4,COMPLETE,INCLUDED,0.0,0,20,20,0,20
r8c-1825-e39dabf1cc89125b,1825,E1_ROLLING,RR-SMOOTH/2,MATCHED_FIXED_DE_PARETO,4,COMPLETE,INCLUDED,0.0,0,20,20,0,20
r8c-1826-db635218d67af988,1826,E1_ROLLING,RR-SMOOTH/2,MATCHED_JDE_STYLE_PARETO,4,COMPLETE,INCLUDED,0.0,0,20,20,0,20
r8c-1827-31003c9b6ca4aabc,1827,E1_ROLLING,RR-SMOOTH/2,MATCHED_SHADE_STYLE_PARETO,4,COMPLETE,INCLUDED,0.0,0,20,20,0,20
r8c-1828-3a6e4436af19af75,1828,E1_ROLLING,RR-SMOOTH/2,JMETALPY_1_7_GDE3_STANDARD_PARETO_DE,4,COMPLETE,INCLUDED,0.0,0,20,20,0,20
r8c-1829-81d3fd710c21ccaa,1829,E1_ROLLING,RR-SMOOTH/2,JMETALPY_1_7_NSGAII_DYNAMIC_RESTART_BRIDGE,4,COMPLETE,INCLUDED,0.0,0,20,20,0,20
r8c-1830-c11663e3951ee24b,1830,E1_ROLLING,RR-SMOOTH/3,DT-RAMDE_TS2_FULL,0,COMPLETE,INCLUDED,0.05,1,20,20,0,20
r8c-1831-ea2926274f564031,1831,E1_ROLLING,RR-SMOOTH/3,MATCHED_FIXED_DE_PARETO,0,COMPLETE,INCLUDED,0.0,0,20,20,0,20
r8c-1832-e13b538c89b61c60,1832,E1_ROLLING,RR-SMOOTH/3,MATCHED_JDE_STYLE_PARETO,0,COMPLETE,INCLUDED,0.0,0,20,20,0,20
r8c-1833-65e8043425d72d9a,1833,E1_ROLLING,RR-SMOOTH/3,MATCHED_SHADE_STYLE_PARETO,0,COMPLETE,INCLUDED,0.0,0,20,20,0,20
r8c-1834-0e4e704516e61f4e,1834,E1_ROLLING,RR-SMOOTH/3,JMETALPY_1_7_GDE3_STANDARD_PARETO_DE,0,COMPLETE,INCLUDED,0.0,0,20,20,0,20
r8c-1835-86e3f4c0caf70610,1835,E1_ROLLING,RR-SMOOTH/3,JMETALPY_1_7_NSGAII_DYNAMIC_RESTART_BRIDGE,0,COMPLETE,INCLUDED,0.05,1,20,20,0,20
r8c-1836-cdf600473bd55c2d,1836,E1_ROLLING,RR-SMOOTH/3,DT-RAMDE_TS2_FULL,1,COMPLETE,NOT_COMPUTED_MISSING_EXECUTION_OBSERVATION,,0,20,18,2,20
r8c-1837-5c489cdab49d0394,1837,E1_ROLLING,RR-SMOOTH/3,MATCHED_FIXED_DE_PARETO,1,COMPLETE,INCLUDED,0.0,0,20,20,0,20
r8c-1838-0581d3a209dfcee0,1838,E1_ROLLING,RR-SMOOTH/3,MATCHED_JDE_STYLE_PARETO,1,COMPLETE,INCLUDED,0.05,1,20,20,0,20
r8c-1839-a5c5dd1a2459e1dd,1839,E1_ROLLING,RR-SMOOTH/3,MATCHED_SHADE_STYLE_PARETO,1,COMPLETE,INCLUDED,0.0,0,20,20,0,20
r8c-1840-83592e463bc61b68,1840,E1_ROLLING,RR-SMOOTH/3,JMETALPY_1_7_GDE3_STANDARD_PARETO_DE,1,COMPLETE,INCLUDED,0.0,0,20,20,0,20
r8c-1841-f89afcb4cb2a35c0,1841,E1_ROLLING,RR-SMOOTH/3,JMETALPY_1_7_NSGAII_DYNAMIC_RESTART_BRIDGE,1,COMPLETE,INCLUDED,0.05,1,20,20,0,20
r8c-1842-8ad1d8e7c32e4c94,1842,E1_ROLLING,RR-SMOOTH/3,DT-RAMDE_TS2_FULL,2,COMPLETE,NOT_COMPUTED_MISSING_EXECUTION_OBSERVATION,,1,20,19,1,20
r8c-1843-9188126750886994,1843,E1_ROLLING,RR-SMOOTH/3,MATCHED_FIXED_DE_PARETO,2,COMPLETE,INCLUDED,0.0,0,20,20,0,20
r8c-1844-05146d900174e63a,1844,E1_ROLLING,RR-SMOOTH/3,MATCHED_JDE_STYLE_PARETO,2,COMPLETE,INCLUDED,0.0,0,20,20,0,20
r8c-1845-2738c1fa7a5ac02f,1845,E1_ROLLING,RR-SMOOTH/3,MATCHED_SHADE_STYLE_PARETO,2,COMPLETE,INCLUDED,0.0,0,20,20,0,20
r8c-1846-ec83ae1b59adbfd9,1846,E1_ROLLING,RR-SMOOTH/3,JMETALPY_1_7_GDE3_STANDARD_PARETO_DE,2,COMPLETE,INCLUDED,0.0,0,20,20,0,20
r8c-1847-8d07c2d304727bc5,1847,E1_ROLLING,RR-SMOOTH/3,JMETALPY_1_7_NSGAII_DYNAMIC_RESTART_BRIDGE,2,COMPLETE,INCLUDED,0.0,0,20,20,0,20
r8c-1848-df85bb8b819bf383,1848,E1_ROLLING,RR-SMOOTH/3,DT-RAMDE_TS2_FULL,3,COMPLETE,INCLUDED,0.05,1,20,20,0,20
r8c-1849-4bfadc54209eceea,1849,E1_ROLLING,RR-SMOOTH/3,MATCHED_FIXED_DE_PARETO,3,COMPLETE,INCLUDED,0.0,0,20,20,0,20
r8c-1850-38305a683f03fa59,1850,E1_ROLLING,RR-SMOOTH/3,MATCHED_JDE_STYLE_PARETO,3,COMPLETE,INCLUDED,0.0,0,20,20,0,20
r8c-1851-550531bf11955148,1851,E1_ROLLING,RR-SMOOTH/3,MATCHED_SHADE_STYLE_PARETO,3,COMPLETE,INCLUDED,0.0,0,20,20,0,20
r8c-1852-7465d4c7c72962e4,1852,E1_ROLLING,RR-SMOOTH/3,JMETALPY_1_7_GDE3_STANDARD_PARETO_DE,3,COMPLETE,INCLUDED,0.0,0,20,20,0,20
r8c-1853-67abf1f016873193,1853,E1_ROLLING,RR-SMOOTH/3,JMETALPY_1_7_NSGAII_DYNAMIC_RESTART_BRIDGE,3,COMPLETE,INCLUDED,0.0,0,20,20,0,20
r8c-1854-a813b6e4b7cad3b7,1854,E1_ROLLING,RR-SMOOTH/3,DT-RAMDE_TS2_FULL,4,COMPLETE,INCLUDED,0.0,0,20,20,0,20
r8c-1855-bcc0a1d119876d3e,1855,E1_ROLLING,RR-SMOOTH/3,MATCHED_FIXED_DE_PARETO,4,COMPLETE,INCLUDED,0.0,0,20,20,0,20
r8c-1856-dcdf2eb84040b723,1856,E1_ROLLING,RR-SMOOTH/3,MATCHED_JDE_STYLE_PARETO,4,COMPLETE,INCLUDED,0.0,0,20,20,0,20
r8c-1857-7c6a7a0fe1d85804,1857,E1_ROLLING,RR-SMOOTH/3,MATCHED_SHADE_STYLE_PARETO,4,COMPLETE,INCLUDED,0.0,0,20,20,0,20
r8c-1858-f39d5335c0753001,1858,E1_ROLLING,RR-SMOOTH/3,JMETALPY_1_7_GDE3_STANDARD_PARETO_DE,4,COMPLETE,INCLUDED,0.0,0,20,20,0,20
r8c-1859-5fb79ac59c92cd28,1859,E1_ROLLING,RR-SMOOTH/3,JMETALPY_1_7_NSGAII_DYNAMIC_RESTART_BRIDGE,4,COMPLETE,INCLUDED,0.05,1,20,20,0,20
r8c-1860-7808880f1bff17d3,1860,E1_ROLLING,RR-SMOOTH/4,DT-RAMDE_TS2_FULL,0,COMPLETE,NOT_COMPUTED_MISSING_EXECUTION_OBSERVATION,,1,20,10,10,20
r8c-1861-ce3b26ebdd511eb3,1861,E1_ROLLING,RR-SMOOTH/4,MATCHED_FIXED_DE_PARETO,0,COMPLETE,NOT_COMPUTED_MISSING_EXECUTION_OBSERVATION,,1,20,15,5,20
r8c-1862-fca739d26bd9a5d8,1862,E1_ROLLING,RR-SMOOTH/4,MATCHED_JDE_STYLE_PARETO,0,COMPLETE,NOT_COMPUTED_MISSING_EXECUTION_OBSERVATION,,2,20,14,6,20
r8c-1863-eff6172be6c284a0,1863,E1_ROLLING,RR-SMOOTH/4,MATCHED_SHADE_STYLE_PARETO,0,COMPLETE,NOT_COMPUTED_MISSING_EXECUTION_OBSERVATION,,2,20,15,5,20
r8c-1864-6a9fd657ccc068ef,1864,E1_ROLLING,RR-SMOOTH/4,JMETALPY_1_7_GDE3_STANDARD_PARETO_DE,0,COMPLETE,NOT_COMPUTED_MISSING_EXECUTION_OBSERVATION,,2,20,15,5,20
r8c-1865-9e007e922a067670,1865,E1_ROLLING,RR-SMOOTH/4,JMETALPY_1_7_NSGAII_DYNAMIC_RESTART_BRIDGE,0,COMPLETE,NOT_COMPUTED_MISSING_EXECUTION_OBSERVATION,,4,20,14,6,20
r8c-1866-b934969809881476,1866,E1_ROLLING,RR-SMOOTH/4,DT-RAMDE_TS2_FULL,1,COMPLETE,NOT_COMPUTED_MISSING_EXECUTION_OBSERVATION,,2,20,11,9,20
r8c-1867-fdf23c458af15697,1867,E1_ROLLING,RR-SMOOTH/4,MATCHED_FIXED_DE_PARETO,1,COMPLETE,NOT_COMPUTED_MISSING_EXECUTION_OBSERVATION,,1,20,15,5,20
r8c-1868-e9a7b2e02b637dff,1868,E1_ROLLING,RR-SMOOTH/4,MATCHED_JDE_STYLE_PARETO,1,COMPLETE,NOT_COMPUTED_MISSING_EXECUTION_OBSERVATION,,2,20,14,6,20
r8c-1869-903990ae06d37fc8,1869,E1_ROLLING,RR-SMOOTH/4,MATCHED_SHADE_STYLE_PARETO,1,COMPLETE,NOT_COMPUTED_MISSING_EXECUTION_OBSERVATION,,1,20,15,5,20
r8c-1870-0773fdd742a68019,1870,E1_ROLLING,RR-SMOOTH/4,JMETALPY_1_7_GDE3_STANDARD_PARETO_DE,1,COMPLETE,NOT_COMPUTED_MISSING_EXECUTION_OBSERVATION,,1,20,15,5,20
r8c-1871-d85ac189b37b1ffc,1871,E1_ROLLING,RR-SMOOTH/4,JMETALPY_1_7_NSGAII_DYNAMIC_RESTART_BRIDGE,1,COMPLETE,NOT_COMPUTED_MISSING_EXECUTION_OBSERVATION,,2,20,12,8,20
r8c-1872-0519872e762d61dd,1872,E1_ROLLING,RR-SMOOTH/4,DT-RAMDE_TS2_FULL,2,COMPLETE,NOT_COMPUTED_MISSING_EXECUTION_OBSERVATION,,3,20,6,14,20
r8c-1873-519022589baa9276,1873,E1_ROLLING,RR-SMOOTH/4,MATCHED_FIXED_DE_PARETO,2,COMPLETE,NOT_COMPUTED_MISSING_EXECUTION_OBSERVATION,,2,20,15,5,20
r8c-1874-62204fd8c6fdd670,1874,E1_ROLLING,RR-SMOOTH/4,MATCHED_JDE_STYLE_PARETO,2,COMPLETE,NOT_COMPUTED_MISSING_EXECUTION_OBSERVATION,,2,20,14,6,20
r8c-1875-8664c81a2e635c39,1875,E1_ROLLING,RR-SMOOTH/4,MATCHED_SHADE_STYLE_PARETO,2,COMPLETE,NOT_COMPUTED_MISSING_EXECUTION_OBSERVATION,,2,20,15,5,20
r8c-1876-42fcf7a71104331c,1876,E1_ROLLING,RR-SMOOTH/4,JMETALPY_1_7_GDE3_STANDARD_PARETO_DE,2,COMPLETE,NOT_COMPUTED_MISSING_EXECUTION_OBSERVATION,,2,20,15,5,20
r8c-1877-c54d9d6f08c4622e,1877,E1_ROLLING,RR-SMOOTH/4,JMETALPY_1_7_NSGAII_DYNAMIC_RESTART_BRIDGE,2,COMPLETE,NOT_COMPUTED_MISSING_EXECUTION_OBSERVATION,,3,20,14,6,20
r8c-1878-11d5c1995769b6ce,1878,E1_ROLLING,RR-SMOOTH/4,DT-RAMDE_TS2_FULL,3,COMPLETE,NOT_COMPUTED_MISSING_EXECUTION_OBSERVATION,,0,20,1,19,20
r8c-1879-9298c10eb1f21605,1879,E1_ROLLING,RR-SMOOTH/4,MATCHED_FIXED_DE_PARETO,3,COMPLETE,NOT_COMPUTED_MISSING_EXECUTION_OBSERVATION,,3,20,15,5,20
r8c-1880-32d5d922503da281,1880,E1_ROLLING,RR-SMOOTH/4,MATCHED_JDE_STYLE_PARETO,3,COMPLETE,NOT_COMPUTED_MISSING_EXECUTION_OBSERVATION,,2,20,15,5,20
r8c-1881-a483a8fc37066a54,1881,E1_ROLLING,RR-SMOOTH/4,MATCHED_SHADE_STYLE_PARETO,3,COMPLETE,NOT_COMPUTED_MISSING_EXECUTION_OBSERVATION,,1,20,15,5,20
r8c-1882-e7dc87e97cc2feb6,1882,E1_ROLLING,RR-SMOOTH/4,JMETALPY_1_7_GDE3_STANDARD_PARETO_DE,3,COMPLETE,NOT_COMPUTED_MISSING_EXECUTION_OBSERVATION,,1,20,15,5,20
r8c-1883-4f5f0d0d04f5d344,1883,E1_ROLLING,RR-SMOOTH/4,JMETALPY_1_7_NSGAII_DYNAMIC_RESTART_BRIDGE,3,COMPLETE,NOT_COMPUTED_MISSING_EXECUTION_OBSERVATION,,2,20,13,7,20
r8c-1884-68178940d62dc272,1884,E1_ROLLING,RR-SMOOTH/4,DT-RAMDE_TS2_FULL,4,COMPLETE,NOT_COMPUTED_MISSING_EXECUTION_OBSERVATION,,0,20,8,12,20
r8c-1885-e9b8e503fa0a317b,1885,E1_ROLLING,RR-SMOOTH/4,MATCHED_FIXED_DE_PARETO,4,COMPLETE,NOT_COMPUTED_MISSING_EXECUTION_OBSERVATION,,1,20,15,5,20
r8c-1886-b74b17ecb28d10e8,1886,E1_ROLLING,RR-SMOOTH/4,MATCHED_JDE_STYLE_PARETO,4,COMPLETE,NOT_COMPUTED_MISSING_EXECUTION_OBSERVATION,,2,20,14,6,20
r8c-1887-e499a2a829d8f40d,1887,E1_ROLLING,RR-SMOOTH/4,MATCHED_SHADE_STYLE_PARETO,4,COMPLETE,NOT_COMPUTED_MISSING_EXECUTION_OBSERVATION,,0,20,15,5,20
r8c-1888-85a1a1deee2b3c2e,1888,E1_ROLLING,RR-SMOOTH/4,JMETALPY_1_7_GDE3_STANDARD_PARETO_DE,4,COMPLETE,NOT_COMPUTED_MISSING_EXECUTION_OBSERVATION,,2,20,15,5,20
r8c-1889-47a45c22b22367a0,1889,E1_ROLLING,RR-SMOOTH/4,JMETALPY_1_7_NSGAII_DYNAMIC_RESTART_BRIDGE,4,COMPLETE,NOT_COMPUTED_MISSING_EXECUTION_OBSERVATION,,3,20,11,9,20
r8c-1890-64b4911ea9a1af87,1890,E1_ROLLING,RR-SMOOTH/5,DT-RAMDE_TS2_FULL,0,COMPLETE,NOT_COMPUTED_MISSING_EXECUTION_OBSERVATION,,0,20,19,1,20
r8c-1891-2b68b95d058592be,1891,E1_ROLLING,RR-SMOOTH/5,MATCHED_FIXED_DE_PARETO,0,COMPLETE,INCLUDED,0.0,0,20,20,0,20
r8c-1892-80773bd817464b06,1892,E1_ROLLING,RR-SMOOTH/5,MATCHED_JDE_STYLE_PARETO,0,COMPLETE,INCLUDED,0.05,1,20,20,0,20
r8c-1893-71dabc4a0590d5ef,1893,E1_ROLLING,RR-SMOOTH/5,MATCHED_SHADE_STYLE_PARETO,0,COMPLETE,INCLUDED,0.0,0,20,20,0,20
r8c-1894-7bba24b542b7ca84,1894,E1_ROLLING,RR-SMOOTH/5,JMETALPY_1_7_GDE3_STANDARD_PARETO_DE,0,COMPLETE,INCLUDED,0.0,0,20,20,0,20
r8c-1895-68c2cca00d8a96c8,1895,E1_ROLLING,RR-SMOOTH/5,JMETALPY_1_7_NSGAII_DYNAMIC_RESTART_BRIDGE,0,COMPLETE,INCLUDED,0.1,2,20,20,0,20
r8c-1896-7214852ffce4ad1a,1896,E1_ROLLING,RR-SMOOTH/5,DT-RAMDE_TS2_FULL,1,COMPLETE,INCLUDED,0.0,0,20,20,0,20
r8c-1897-6944fc50de060e75,1897,E1_ROLLING,RR-SMOOTH/5,MATCHED_FIXED_DE_PARETO,1,COMPLETE,INCLUDED,0.05,1,20,20,0,20
r8c-1898-a66d481422bdfc73,1898,E1_ROLLING,RR-SMOOTH/5,MATCHED_JDE_STYLE_PARETO,1,COMPLETE,INCLUDED,0.05,1,20,20,0,20
r8c-1899-e2e752410966978a,1899,E1_ROLLING,RR-SMOOTH/5,MATCHED_SHADE_STYLE_PARETO,1,COMPLETE,INCLUDED,0.0,0,20,20,0,20
r8c-1900-0961079e7d396a1b,1900,E1_ROLLING,RR-SMOOTH/5,JMETALPY_1_7_GDE3_STANDARD_PARETO_DE,1,COMPLETE,INCLUDED,0.0,0,20,20,0,20
r8c-1901-e0d10cb6e5171a11,1901,E1_ROLLING,RR-SMOOTH/5,JMETALPY_1_7_NSGAII_DYNAMIC_RESTART_BRIDGE,1,COMPLETE,INCLUDED,0.05,1,20,20,0,20
r8c-1902-9bf83e925ea9655e,1902,E1_ROLLING,RR-SMOOTH/5,DT-RAMDE_TS2_FULL,2,COMPLETE,NOT_COMPUTED_MISSING_EXECUTION_OBSERVATION,,1,20,19,1,20
r8c-1903-c32867a1177d1e5b,1903,E1_ROLLING,RR-SMOOTH/5,MATCHED_FIXED_DE_PARETO,2,COMPLETE,INCLUDED,0.0,0,20,20,0,20
r8c-1904-6e32b85dbc90c214,1904,E1_ROLLING,RR-SMOOTH/5,MATCHED_JDE_STYLE_PARETO,2,COMPLETE,INCLUDED,0.0,0,20,20,0,20
r8c-1905-b2ee70d4b4bf5e8b,1905,E1_ROLLING,RR-SMOOTH/5,MATCHED_SHADE_STYLE_PARETO,2,COMPLETE,INCLUDED,0.05,1,20,20,0,20
r8c-1906-939d0f187ea68f5f,1906,E1_ROLLING,RR-SMOOTH/5,JMETALPY_1_7_GDE3_STANDARD_PARETO_DE,2,COMPLETE,INCLUDED,0.05,1,20,20,0,20
r8c-1907-1116828c32374382,1907,E1_ROLLING,RR-SMOOTH/5,JMETALPY_1_7_NSGAII_DYNAMIC_RESTART_BRIDGE,2,COMPLETE,INCLUDED,0.05,1,20,20,0,20
r8c-1908-6ab94279b0457e74,1908,E1_ROLLING,RR-SMOOTH/5,DT-RAMDE_TS2_FULL,3,COMPLETE,INCLUDED,0.15,3,20,20,0,20
r8c-1909-d62b0182a750d612,1909,E1_ROLLING,RR-SMOOTH/5,MATCHED_FIXED_DE_PARETO,3,COMPLETE,INCLUDED,0.0,0,20,20,0,20
r8c-1910-976de71fef71a835,1910,E1_ROLLING,RR-SMOOTH/5,MATCHED_JDE_STYLE_PARETO,3,COMPLETE,INCLUDED,0.05,1,20,20,0,20
r8c-1911-76fe5c04adbeee05,1911,E1_ROLLING,RR-SMOOTH/5,MATCHED_SHADE_STYLE_PARETO,3,COMPLETE,INCLUDED,0.05,1,20,20,0,20
r8c-1912-135bf57425ec46a8,1912,E1_ROLLING,RR-SMOOTH/5,JMETALPY_1_7_GDE3_STANDARD_PARETO_DE,3,COMPLETE,INCLUDED,0.0,0,20,20,0,20
r8c-1913-dd8400b6a263de1d,1913,E1_ROLLING,RR-SMOOTH/5,JMETALPY_1_7_NSGAII_DYNAMIC_RESTART_BRIDGE,3,COMPLETE,INCLUDED,0.0,0,20,20,0,20
r8c-1914-8db07d88dab9a967,1914,E1_ROLLING,RR-SMOOTH/5,DT-RAMDE_TS2_FULL,4,COMPLETE,INCLUDED,0.05,1,20,20,0,20
r8c-1915-a22abb136c3dafff,1915,E1_ROLLING,RR-SMOOTH/5,MATCHED_FIXED_DE_PARETO,4,COMPLETE,INCLUDED,0.0,0,20,20,0,20
r8c-1916-d328b97abd178939,1916,E1_ROLLING,RR-SMOOTH/5,MATCHED_JDE_STYLE_PARETO,4,COMPLETE,INCLUDED,0.05,1,20,20,0,20
r8c-1917-e8d2aa4086662ab8,1917,E1_ROLLING,RR-SMOOTH/5,MATCHED_SHADE_STYLE_PARETO,4,COMPLETE,INCLUDED,0.05,1,20,20,0,20
r8c-1918-1aa2de3d4fddeb5a,1918,E1_ROLLING,RR-SMOOTH/5,JMETALPY_1_7_GDE3_STANDARD_PARETO_DE,4,COMPLETE,INCLUDED,0.0,0,20,20,0,20
r8c-1919-4214d11ae1aad4b0,1919,E1_ROLLING,RR-SMOOTH/5,JMETALPY_1_7_NSGAII_DYNAMIC_RESTART_BRIDGE,4,COMPLETE,INCLUDED,0.2,4,20,20,0,20
r8c-1920-61dd9f9276544e60,1920,E1_ROLLING,RR-SMOOTH/6,DT-RAMDE_TS2_FULL,0,COMPLETE,INCLUDED,0.05,1,20,20,0,20
r8c-1921-a2e9cd7a0f682b9d,1921,E1_ROLLING,RR-SMOOTH/6,MATCHED_FIXED_DE_PARETO,0,COMPLETE,INCLUDED,0.0,0,20,20,0,20
r8c-1922-a85f424715c9bb81,1922,E1_ROLLING,RR-SMOOTH/6,MATCHED_JDE_STYLE_PARETO,0,COMPLETE,INCLUDED,0.0,0,20,20,0,20
r8c-1923-9a311b4cc3d0bc16,1923,E1_ROLLING,RR-SMOOTH/6,MATCHED_SHADE_STYLE_PARETO,0,COMPLETE,INCLUDED,0.0,0,20,20,0,20
r8c-1924-b5cef82cfabc8b1d,1924,E1_ROLLING,RR-SMOOTH/6,JMETALPY_1_7_GDE3_STANDARD_PARETO_DE,0,COMPLETE,INCLUDED,0.05,1,20,20,0,20
r8c-1925-839da4c9c2893b74,1925,E1_ROLLING,RR-SMOOTH/6,JMETALPY_1_7_NSGAII_DYNAMIC_RESTART_BRIDGE,0,COMPLETE,INCLUDED,0.1,2,20,20,0,20
r8c-1926-d9221b52fffd8295,1926,E1_ROLLING,RR-SMOOTH/6,DT-RAMDE_TS2_FULL,1,COMPLETE,NOT_COMPUTED_MISSING_EXECUTION_OBSERVATION,,1,20,2,18,20
r8c-1927-68f477edcf72fffd,1927,E1_ROLLING,RR-SMOOTH/6,MATCHED_FIXED_DE_PARETO,1,COMPLETE,INCLUDED,0.05,1,20,20,0,20
r8c-1928-1f1df18f3ddde223,1928,E1_ROLLING,RR-SMOOTH/6,MATCHED_JDE_STYLE_PARETO,1,COMPLETE,INCLUDED,0.05,1,20,20,0,20
r8c-1929-2c33cb23e3cf7831,1929,E1_ROLLING,RR-SMOOTH/6,MATCHED_SHADE_STYLE_PARETO,1,COMPLETE,INCLUDED,0.1,2,20,20,0,20
r8c-1930-838b05d61cbb6015,1930,E1_ROLLING,RR-SMOOTH/6,JMETALPY_1_7_GDE3_STANDARD_PARETO_DE,1,COMPLETE,INCLUDED,0.15,3,20,20,0,20
r8c-1931-78048377931262d7,1931,E1_ROLLING,RR-SMOOTH/6,JMETALPY_1_7_NSGAII_DYNAMIC_RESTART_BRIDGE,1,COMPLETE,INCLUDED,0.1,2,20,20,0,20
r8c-1932-91eafdf4fe808951,1932,E1_ROLLING,RR-SMOOTH/6,DT-RAMDE_TS2_FULL,2,COMPLETE,NOT_COMPUTED_MISSING_EXECUTION_OBSERVATION,,0,20,1,19,20
r8c-1933-64cc7a981923dccf,1933,E1_ROLLING,RR-SMOOTH/6,MATCHED_FIXED_DE_PARETO,2,COMPLETE,INCLUDED,0.05,1,20,20,0,20
r8c-1934-bcf3ada8f9396841,1934,E1_ROLLING,RR-SMOOTH/6,MATCHED_JDE_STYLE_PARETO,2,COMPLETE,INCLUDED,0.05,1,20,20,0,20
r8c-1935-5c72984a615ee4a0,1935,E1_ROLLING,RR-SMOOTH/6,MATCHED_SHADE_STYLE_PARETO,2,COMPLETE,INCLUDED,0.1,2,20,20,0,20
r8c-1936-35f1ca6083668eda,1936,E1_ROLLING,RR-SMOOTH/6,JMETALPY_1_7_GDE3_STANDARD_PARETO_DE,2,COMPLETE,INCLUDED,0.1,2,20,20,0,20
r8c-1937-bf1cb90b1dc39379,1937,E1_ROLLING,RR-SMOOTH/6,JMETALPY_1_7_NSGAII_DYNAMIC_RESTART_BRIDGE,2,COMPLETE,INCLUDED,0.2,4,20,20,0,20
r8c-1938-a2b31c0e812f968a,1938,E1_ROLLING,RR-SMOOTH/6,DT-RAMDE_TS2_FULL,3,COMPLETE,INCLUDED,0.0,0,20,20,0,20
r8c-1939-47e82cdc3b94cdb1,1939,E1_ROLLING,RR-SMOOTH/6,MATCHED_FIXED_DE_PARETO,3,COMPLETE,INCLUDED,0.1,2,20,20,0,20
r8c-1940-6840e63a68a5c29f,1940,E1_ROLLING,RR-SMOOTH/6,MATCHED_JDE_STYLE_PARETO,3,COMPLETE,INCLUDED,0.1,2,20,20,0,20
r8c-1941-df4f562ef0dda22b,1941,E1_ROLLING,RR-SMOOTH/6,MATCHED_SHADE_STYLE_PARETO,3,COMPLETE,INCLUDED,0.15,3,20,20,0,20
r8c-1942-07529fb7700e4c5e,1942,E1_ROLLING,RR-SMOOTH/6,JMETALPY_1_7_GDE3_STANDARD_PARETO_DE,3,COMPLETE,INCLUDED,0.0,0,20,20,0,20
r8c-1943-ad918a8ab42d4e00,1943,E1_ROLLING,RR-SMOOTH/6,JMETALPY_1_7_NSGAII_DYNAMIC_RESTART_BRIDGE,3,COMPLETE,INCLUDED,0.2,4,20,20,0,20
r8c-1944-e92c2eb364033dd7,1944,E1_ROLLING,RR-SMOOTH/6,DT-RAMDE_TS2_FULL,4,COMPLETE,NOT_COMPUTED_MISSING_EXECUTION_OBSERVATION,,0,20,2,18,20
r8c-1945-b545052ede25dffa,1945,E1_ROLLING,RR-SMOOTH/6,MATCHED_FIXED_DE_PARETO,4,COMPLETE,INCLUDED,0.2,4,20,20,0,20
r8c-1946-8ad5a46acd746057,1946,E1_ROLLING,RR-SMOOTH/6,MATCHED_JDE_STYLE_PARETO,4,COMPLETE,INCLUDED,0.1,2,20,20,0,20
r8c-1947-42cf3a827297f556,1947,E1_ROLLING,RR-SMOOTH/6,MATCHED_SHADE_STYLE_PARETO,4,COMPLETE,INCLUDED,0.0,0,20,20,0,20
r8c-1948-09c0f9135d9c189b,1948,E1_ROLLING,RR-SMOOTH/6,JMETALPY_1_7_GDE3_STANDARD_PARETO_DE,4,COMPLETE,INCLUDED,0.0,0,20,20,0,20
r8c-1949-57290566e1ecda05,1949,E1_ROLLING,RR-SMOOTH/6,JMETALPY_1_7_NSGAII_DYNAMIC_RESTART_BRIDGE,4,COMPLETE,INCLUDED,0.05,1,20,20,0,20
r8c-1950-2748a6f918fa233c,1950,E1_ROLLING,RR-SMOOTH/7,DT-RAMDE_TS2_FULL,0,COMPLETE,NOT_COMPUTED_MISSING_EXECUTION_OBSERVATION,,2,20,18,2,20
r8c-1951-5aa14b5b20e30430,1951,E1_ROLLING,RR-SMOOTH/7,MATCHED_FIXED_DE_PARETO,0,COMPLETE,INCLUDED,0.0,0,20,20,0,20
r8c-1952-2bfd7e4b80018f1f,1952,E1_ROLLING,RR-SMOOTH/7,MATCHED_JDE_STYLE_PARETO,0,COMPLETE,INCLUDED,0.1,2,20,20,0,20
r8c-1953-1a18247631e65040,1953,E1_ROLLING,RR-SMOOTH/7,MATCHED_SHADE_STYLE_PARETO,0,COMPLETE,INCLUDED,0.1,2,20,20,0,20
r8c-1954-caddde97ed4cf0f3,1954,E1_ROLLING,RR-SMOOTH/7,JMETALPY_1_7_GDE3_STANDARD_PARETO_DE,0,COMPLETE,INCLUDED,0.05,1,20,20,0,20
r8c-1955-db267c692262f479,1955,E1_ROLLING,RR-SMOOTH/7,JMETALPY_1_7_NSGAII_DYNAMIC_RESTART_BRIDGE,0,COMPLETE,INCLUDED,0.1,2,20,20,0,20
r8c-1956-02dfb95da2ed088d,1956,E1_ROLLING,RR-SMOOTH/7,DT-RAMDE_TS2_FULL,1,COMPLETE,NOT_COMPUTED_MISSING_EXECUTION_OBSERVATION,,1,20,17,3,20
r8c-1957-874809a5d9308f9f,1957,E1_ROLLING,RR-SMOOTH/7,MATCHED_FIXED_DE_PARETO,1,COMPLETE,INCLUDED,0.0,0,20,20,0,20
r8c-1958-d56cebc3e5bca027,1958,E1_ROLLING,RR-SMOOTH/7,MATCHED_JDE_STYLE_PARETO,1,COMPLETE,INCLUDED,0.1,2,20,20,0,20
r8c-1959-a6ef8988b1a6e81a,1959,E1_ROLLING,RR-SMOOTH/7,MATCHED_SHADE_STYLE_PARETO,1,COMPLETE,INCLUDED,0.1,2,20,20,0,20
r8c-1960-38fe5689da1cd7dc,1960,E1_ROLLING,RR-SMOOTH/7,JMETALPY_1_7_GDE3_STANDARD_PARETO_DE,1,COMPLETE,INCLUDED,0.2,4,20,20,0,20
r8c-1961-41a47aadc7367f0d,1961,E1_ROLLING,RR-SMOOTH/7,JMETALPY_1_7_NSGAII_DYNAMIC_RESTART_BRIDGE,1,COMPLETE,INCLUDED,0.1,2,20,20,0,20
r8c-1962-6131f44f06efbc5b,1962,E1_ROLLING,RR-SMOOTH/7,DT-RAMDE_TS2_FULL,2,COMPLETE,NOT_COMPUTED_MISSING_EXECUTION_OBSERVATION,,1,20,18,2,20
r8c-1963-307f3363a881b07a,1963,E1_ROLLING,RR-SMOOTH/7,MATCHED_FIXED_DE_PARETO,2,COMPLETE,INCLUDED,0.05,1,20,20,0,20
r8c-1964-c6507ab732aaff16,1964,E1_ROLLING,RR-SMOOTH/7,MATCHED_JDE_STYLE_PARETO,2,COMPLETE,INCLUDED,0.15,3,20,20,0,20
r8c-1965-b7120fdd3822e1b4,1965,E1_ROLLING,RR-SMOOTH/7,MATCHED_SHADE_STYLE_PARETO,2,COMPLETE,INCLUDED,0.1,2,20,20,0,20
r8c-1966-94b0beb4143c58fe,1966,E1_ROLLING,RR-SMOOTH/7,JMETALPY_1_7_GDE3_STANDARD_PARETO_DE,2,COMPLETE,INCLUDED,0.0,0,20,20,0,20
r8c-1967-8f418ba862cae8c0,1967,E1_ROLLING,RR-SMOOTH/7,JMETALPY_1_7_NSGAII_DYNAMIC_RESTART_BRIDGE,2,COMPLETE,INCLUDED,0.15,3,20,20,0,20
r8c-1968-72e475ee8712475f,1968,E1_ROLLING,RR-SMOOTH/7,DT-RAMDE_TS2_FULL,3,COMPLETE,NOT_COMPUTED_MISSING_EXECUTION_OBSERVATION,,2,20,19,1,20
r8c-1969-7d19082baa740041,1969,E1_ROLLING,RR-SMOOTH/7,MATCHED_FIXED_DE_PARETO,3,COMPLETE,INCLUDED,0.1,2,20,20,0,20
r8c-1970-ea96bd0307ca8266,1970,E1_ROLLING,RR-SMOOTH/7,MATCHED_JDE_STYLE_PARETO,3,COMPLETE,INCLUDED,0.1,2,20,20,0,20
r8c-1971-f10239c06946657a,1971,E1_ROLLING,RR-SMOOTH/7,MATCHED_SHADE_STYLE_PARETO,3,COMPLETE,INCLUDED,0.05,1,20,20,0,20
r8c-1972-33de52277d122246,1972,E1_ROLLING,RR-SMOOTH/7,JMETALPY_1_7_GDE3_STANDARD_PARETO_DE,3,COMPLETE,INCLUDED,0.1,2,20,20,0,20
r8c-1973-8d87d7d936f9753a,1973,E1_ROLLING,RR-SMOOTH/7,JMETALPY_1_7_NSGAII_DYNAMIC_RESTART_BRIDGE,3,COMPLETE,INCLUDED,0.1,2,20,20,0,20
r8c-1974-de5e9f13d2b72545,1974,E1_ROLLING,RR-SMOOTH/7,DT-RAMDE_TS2_FULL,4,COMPLETE,NOT_COMPUTED_MISSING_EXECUTION_OBSERVATION,,3,20,19,1,20
r8c-1975-71d00a341892e7ab,1975,E1_ROLLING,RR-SMOOTH/7,MATCHED_FIXED_DE_PARETO,4,COMPLETE,INCLUDED,0.1,2,20,20,0,20
r8c-1976-3f299b972aa83f46,1976,E1_ROLLING,RR-SMOOTH/7,MATCHED_JDE_STYLE_PARETO,4,COMPLETE,INCLUDED,0.1,2,20,20,0,20
r8c-1977-e07395625eb774bb,1977,E1_ROLLING,RR-SMOOTH/7,MATCHED_SHADE_STYLE_PARETO,4,COMPLETE,INCLUDED,0.1,2,20,20,0,20
r8c-1978-c21bd342170621f7,1978,E1_ROLLING,RR-SMOOTH/7,JMETALPY_1_7_GDE3_STANDARD_PARETO_DE,4,COMPLETE,INCLUDED,0.1,2,20,20,0,20
r8c-1979-1ca95ed986693ead,1979,E1_ROLLING,RR-SMOOTH/7,JMETALPY_1_7_NSGAII_DYNAMIC_RESTART_BRIDGE,4,COMPLETE,INCLUDED,0.2,4,20,20,0,20
r8c-1980-4bb1402d5d38cc73,1980,E1_ROLLING,RR-SHOCK/0,DT-RAMDE_TS2_FULL,0,COMPLETE,INCLUDED,0.0,0,20,20,0,20
r8c-1981-96d2a382d4fdf8a2,1981,E1_ROLLING,RR-SHOCK/0,MATCHED_FIXED_DE_PARETO,0,COMPLETE,INCLUDED,0.0,0,20,20,0,20
r8c-1982-4b73df224dba1de2,1982,E1_ROLLING,RR-SHOCK/0,MATCHED_JDE_STYLE_PARETO,0,COMPLETE,INCLUDED,0.0,0,20,20,0,20
r8c-1983-571022d9e54ced5e,1983,E1_ROLLING,RR-SHOCK/0,MATCHED_SHADE_STYLE_PARETO,0,COMPLETE,INCLUDED,0.0,0,20,20,0,20
r8c-1984-8851267a12b57610,1984,E1_ROLLING,RR-SHOCK/0,JMETALPY_1_7_GDE3_STANDARD_PARETO_DE,0,COMPLETE,INCLUDED,0.0,0,20,20,0,20
r8c-1985-9d41f5608d75a94c,1985,E1_ROLLING,RR-SHOCK/0,JMETALPY_1_7_NSGAII_DYNAMIC_RESTART_BRIDGE,0,COMPLETE,INCLUDED,0.0,0,20,20,0,20
r8c-1986-08e4339cdd3b7546,1986,E1_ROLLING,RR-SHOCK/0,DT-RAMDE_TS2_FULL,1,COMPLETE,INCLUDED,0.0,0,20,20,0,20
r8c-1987-ca58767013fafddd,1987,E1_ROLLING,RR-SHOCK/0,MATCHED_FIXED_DE_PARETO,1,COMPLETE,INCLUDED,0.0,0,20,20,0,20
r8c-1988-c9caf9fbab0e6d12,1988,E1_ROLLING,RR-SHOCK/0,MATCHED_JDE_STYLE_PARETO,1,COMPLETE,INCLUDED,0.0,0,20,20,0,20
r8c-1989-c19320ccfa2d74a7,1989,E1_ROLLING,RR-SHOCK/0,MATCHED_SHADE_STYLE_PARETO,1,COMPLETE,INCLUDED,0.0,0,20,20,0,20
r8c-1990-67a90d5fd4a56c8c,1990,E1_ROLLING,RR-SHOCK/0,JMETALPY_1_7_GDE3_STANDARD_PARETO_DE,1,COMPLETE,INCLUDED,0.0,0,20,20,0,20
r8c-1991-b350bc29262935f5,1991,E1_ROLLING,RR-SHOCK/0,JMETALPY_1_7_NSGAII_DYNAMIC_RESTART_BRIDGE,1,COMPLETE,INCLUDED,0.0,0,20,20,0,20
r8c-1992-41074067932d3149,1992,E1_ROLLING,RR-SHOCK/0,DT-RAMDE_TS2_FULL,2,COMPLETE,INCLUDED,0.0,0,20,20,0,20
r8c-1993-bff5dfc61442a7b1,1993,E1_ROLLING,RR-SHOCK/0,MATCHED_FIXED_DE_PARETO,2,COMPLETE,INCLUDED,0.0,0,20,20,0,20
r8c-1994-daac30162f9bf20b,1994,E1_ROLLING,RR-SHOCK/0,MATCHED_JDE_STYLE_PARETO,2,COMPLETE,INCLUDED,0.0,0,20,20,0,20
r8c-1995-0e496eb710ea7cc8,1995,E1_ROLLING,RR-SHOCK/0,MATCHED_SHADE_STYLE_PARETO,2,COMPLETE,INCLUDED,0.0,0,20,20,0,20
r8c-1996-7582d89f9349f877,1996,E1_ROLLING,RR-SHOCK/0,JMETALPY_1_7_GDE3_STANDARD_PARETO_DE,2,COMPLETE,INCLUDED,0.0,0,20,20,0,20
r8c-1997-9640e6021df65c82,1997,E1_ROLLING,RR-SHOCK/0,JMETALPY_1_7_NSGAII_DYNAMIC_RESTART_BRIDGE,2,COMPLETE,INCLUDED,0.0,0,20,20,0,20
r8c-1998-9e2b7dfbadaae990,1998,E1_ROLLING,RR-SHOCK/0,DT-RAMDE_TS2_FULL,3,COMPLETE,INCLUDED,0.0,0,20,20,0,20
r8c-1999-ef67883b321b7b44,1999,E1_ROLLING,RR-SHOCK/0,MATCHED_FIXED_DE_PARETO,3,COMPLETE,INCLUDED,0.0,0,20,20,0,20
r8c-2000-abba0cbbfae03058,2000,E1_ROLLING,RR-SHOCK/0,MATCHED_JDE_STYLE_PARETO,3,COMPLETE,INCLUDED,0.0,0,20,20,0,20
r8c-2001-c05a3cd5ae84071a,2001,E1_ROLLING,RR-SHOCK/0,MATCHED_SHADE_STYLE_PARETO,3,COMPLETE,INCLUDED,0.0,0,20,20,0,20
r8c-2002-4ed42c27b87d467e,2002,E1_ROLLING,RR-SHOCK/0,JMETALPY_1_7_GDE3_STANDARD_PARETO_DE,3,COMPLETE,INCLUDED,0.0,0,20,20,0,20
r8c-2003-57b202a432f12f4a,2003,E1_ROLLING,RR-SHOCK/0,JMETALPY_1_7_NSGAII_DYNAMIC_RESTART_BRIDGE,3,COMPLETE,INCLUDED,0.0,0,20,20,0,20
r8c-2004-335a76bf4c5032d9,2004,E1_ROLLING,RR-SHOCK/0,DT-RAMDE_TS2_FULL,4,COMPLETE,INCLUDED,0.0,0,20,20,0,20
r8c-2005-dfbc177a0863a37f,2005,E1_ROLLING,RR-SHOCK/0,MATCHED_FIXED_DE_PARETO,4,COMPLETE,INCLUDED,0.0,0,20,20,0,20
r8c-2006-efda4f397b520be2,2006,E1_ROLLING,RR-SHOCK/0,MATCHED_JDE_STYLE_PARETO,4,COMPLETE,INCLUDED,0.0,0,20,20,0,20
r8c-2007-d7bca1196ff7530d,2007,E1_ROLLING,RR-SHOCK/0,MATCHED_SHADE_STYLE_PARETO,4,COMPLETE,INCLUDED,0.0,0,20,20,0,20
r8c-2008-35d153021aa9fd8c,2008,E1_ROLLING,RR-SHOCK/0,JMETALPY_1_7_GDE3_STANDARD_PARETO_DE,4,COMPLETE,INCLUDED,0.0,0,20,20,0,20
r8c-2009-29ac843eb52677dc,2009,E1_ROLLING,RR-SHOCK/0,JMETALPY_1_7_NSGAII_DYNAMIC_RESTART_BRIDGE,4,COMPLETE,INCLUDED,0.0,0,20,20,0,20
r8c-2010-06044a608478db88,2010,E1_ROLLING,RR-SHOCK/1,DT-RAMDE_TS2_FULL,0,COMPLETE,INCLUDED,0.0,0,20,20,0,20
r8c-2011-0f8ecb42af748f57,2011,E1_ROLLING,RR-SHOCK/1,MATCHED_FIXED_DE_PARETO,0,COMPLETE,INCLUDED,0.0,0,20,20,0,20
r8c-2012-a0742a9da220f36c,2012,E1_ROLLING,RR-SHOCK/1,MATCHED_JDE_STYLE_PARETO,0,COMPLETE,INCLUDED,0.0,0,20,20,0,20
r8c-2013-e61da00c19c30dae,2013,E1_ROLLING,RR-SHOCK/1,MATCHED_SHADE_STYLE_PARETO,0,COMPLETE,INCLUDED,0.0,0,20,20,0,20
r8c-2014-4405b8afa1d38e06,2014,E1_ROLLING,RR-SHOCK/1,JMETALPY_1_7_GDE3_STANDARD_PARETO_DE,0,COMPLETE,INCLUDED,0.0,0,20,20,0,20
r8c-2015-283d67dc377a1edc,2015,E1_ROLLING,RR-SHOCK/1,JMETALPY_1_7_NSGAII_DYNAMIC_RESTART_BRIDGE,0,COMPLETE,INCLUDED,0.0,0,20,20,0,20
r8c-2016-dfcfa2bf97caef77,2016,E1_ROLLING,RR-SHOCK/1,DT-RAMDE_TS2_FULL,1,COMPLETE,INCLUDED,0.0,0,20,20,0,20
r8c-2017-1f54eede9dcb6067,2017,E1_ROLLING,RR-SHOCK/1,MATCHED_FIXED_DE_PARETO,1,COMPLETE,INCLUDED,0.0,0,20,20,0,20
r8c-2018-a74043069a872ea1,2018,E1_ROLLING,RR-SHOCK/1,MATCHED_JDE_STYLE_PARETO,1,COMPLETE,INCLUDED,0.0,0,20,20,0,20
r8c-2019-3cae83c1eb528c28,2019,E1_ROLLING,RR-SHOCK/1,MATCHED_SHADE_STYLE_PARETO,1,COMPLETE,INCLUDED,0.0,0,20,20,0,20
r8c-2020-1e11ef161e4ece98,2020,E1_ROLLING,RR-SHOCK/1,JMETALPY_1_7_GDE3_STANDARD_PARETO_DE,1,COMPLETE,INCLUDED,0.0,0,20,20,0,20
r8c-2021-8437609e21ee288b,2021,E1_ROLLING,RR-SHOCK/1,JMETALPY_1_7_NSGAII_DYNAMIC_RESTART_BRIDGE,1,COMPLETE,INCLUDED,0.0,0,20,20,0,20
r8c-2022-a888ffb5b597a340,2022,E1_ROLLING,RR-SHOCK/1,DT-RAMDE_TS2_FULL,2,COMPLETE,INCLUDED,0.0,0,20,20,0,20
r8c-2023-0e0b2e4e8e47dabf,2023,E1_ROLLING,RR-SHOCK/1,MATCHED_FIXED_DE_PARETO,2,COMPLETE,INCLUDED,0.0,0,20,20,0,20
r8c-2024-71471317ec400979,2024,E1_ROLLING,RR-SHOCK/1,MATCHED_JDE_STYLE_PARETO,2,COMPLETE,INCLUDED,0.0,0,20,20,0,20
r8c-2025-b81e24d8c8a4e667,2025,E1_ROLLING,RR-SHOCK/1,MATCHED_SHADE_STYLE_PARETO,2,COMPLETE,INCLUDED,0.0,0,20,20,0,20
r8c-2026-322602ddddbd63d5,2026,E1_ROLLING,RR-SHOCK/1,JMETALPY_1_7_GDE3_STANDARD_PARETO_DE,2,COMPLETE,INCLUDED,0.0,0,20,20,0,20
r8c-2027-4d9879ae1aed3a9d,2027,E1_ROLLING,RR-SHOCK/1,JMETALPY_1_7_NSGAII_DYNAMIC_RESTART_BRIDGE,2,COMPLETE,INCLUDED,0.0,0,20,20,0,20
r8c-2028-57c25bf7c388c5a5,2028,E1_ROLLING,RR-SHOCK/1,DT-RAMDE_TS2_FULL,3,COMPLETE,INCLUDED,0.0,0,20,20,0,20
r8c-2029-3a825d1664bee71e,2029,E1_ROLLING,RR-SHOCK/1,MATCHED_FIXED_DE_PARETO,3,COMPLETE,INCLUDED,0.0,0,20,20,0,20
r8c-2030-388ac9d3e9c63f60,2030,E1_ROLLING,RR-SHOCK/1,MATCHED_JDE_STYLE_PARETO,3,COMPLETE,INCLUDED,0.0,0,20,20,0,20
r8c-2031-6c69401cf41f0934,2031,E1_ROLLING,RR-SHOCK/1,MATCHED_SHADE_STYLE_PARETO,3,COMPLETE,INCLUDED,0.0,0,20,20,0,20
r8c-2032-0dd189b5b8f9701d,2032,E1_ROLLING,RR-SHOCK/1,JMETALPY_1_7_GDE3_STANDARD_PARETO_DE,3,COMPLETE,INCLUDED,0.0,0,20,20,0,20
r8c-2033-918229e7ec7aa0dd,2033,E1_ROLLING,RR-SHOCK/1,JMETALPY_1_7_NSGAII_DYNAMIC_RESTART_BRIDGE,3,COMPLETE,INCLUDED,0.0,0,20,20,0,20
r8c-2034-321b7576d76958ea,2034,E1_ROLLING,RR-SHOCK/1,DT-RAMDE_TS2_FULL,4,COMPLETE,INCLUDED,0.0,0,20,20,0,20
r8c-2035-93d03cf4ec4a4bd4,2035,E1_ROLLING,RR-SHOCK/1,MATCHED_FIXED_DE_PARETO,4,COMPLETE,INCLUDED,0.0,0,20,20,0,20
r8c-2036-0372240af7d587af,2036,E1_ROLLING,RR-SHOCK/1,MATCHED_JDE_STYLE_PARETO,4,COMPLETE,INCLUDED,0.0,0,20,20,0,20
r8c-2037-c2166d1ea351e9c1,2037,E1_ROLLING,RR-SHOCK/1,MATCHED_SHADE_STYLE_PARETO,4,COMPLETE,INCLUDED,0.0,0,20,20,0,20
r8c-2038-3357d01f12984ba7,2038,E1_ROLLING,RR-SHOCK/1,JMETALPY_1_7_GDE3_STANDARD_PARETO_DE,4,COMPLETE,INCLUDED,0.0,0,20,20,0,20
r8c-2039-4a854dc34879ba35,2039,E1_ROLLING,RR-SHOCK/1,JMETALPY_1_7_NSGAII_DYNAMIC_RESTART_BRIDGE,4,COMPLETE,INCLUDED,0.0,0,20,20,0,20
r8c-2040-2e1500bb9e0d3f23,2040,E1_ROLLING,RR-SHOCK/2,DT-RAMDE_TS2_FULL,0,COMPLETE,INCLUDED,0.1,2,20,20,0,20
r8c-2041-971f5ec58cd826d6,2041,E1_ROLLING,RR-SHOCK/2,MATCHED_FIXED_DE_PARETO,0,COMPLETE,INCLUDED,0.05,1,20,20,0,20
r8c-2042-7a936323979f03a7,2042,E1_ROLLING,RR-SHOCK/2,MATCHED_JDE_STYLE_PARETO,0,COMPLETE,INCLUDED,0.05,1,20,20,0,20
r8c-2043-dcb0c81a64425c92,2043,E1_ROLLING,RR-SHOCK/2,MATCHED_SHADE_STYLE_PARETO,0,COMPLETE,INCLUDED,0.05,1,20,20,0,20
r8c-2044-9ba5bfc22d47e2e9,2044,E1_ROLLING,RR-SHOCK/2,JMETALPY_1_7_GDE3_STANDARD_PARETO_DE,0,COMPLETE,INCLUDED,0.1,2,20,20,0,20
r8c-2045-6ba296eab34b3c24,2045,E1_ROLLING,RR-SHOCK/2,JMETALPY_1_7_NSGAII_DYNAMIC_RESTART_BRIDGE,0,COMPLETE,INCLUDED,0.05,1,20,20,0,20
r8c-2046-29b6b140ff622fe0,2046,E1_ROLLING,RR-SHOCK/2,DT-RAMDE_TS2_FULL,1,COMPLETE,INCLUDED,0.1,2,20,20,0,20
r8c-2047-aada0f09b265724c,2047,E1_ROLLING,RR-SHOCK/2,MATCHED_FIXED_DE_PARETO,1,COMPLETE,INCLUDED,0.05,1,20,20,0,20
r8c-2048-413d014f9226b820,2048,E1_ROLLING,RR-SHOCK/2,MATCHED_JDE_STYLE_PARETO,1,COMPLETE,INCLUDED,0.05,1,20,20,0,20
r8c-2049-822aede8ab8819df,2049,E1_ROLLING,RR-SHOCK/2,MATCHED_SHADE_STYLE_PARETO,1,COMPLETE,INCLUDED,0.05,1,20,20,0,20
r8c-2050-4fd62a256f02d521,2050,E1_ROLLING,RR-SHOCK/2,JMETALPY_1_7_GDE3_STANDARD_PARETO_DE,1,COMPLETE,INCLUDED,0.05,1,20,20,0,20
r8c-2051-292c140b89da8424,2051,E1_ROLLING,RR-SHOCK/2,JMETALPY_1_7_NSGAII_DYNAMIC_RESTART_BRIDGE,1,COMPLETE,INCLUDED,0.15,3,20,20,0,20
r8c-2052-01547e0eadb20135,2052,E1_ROLLING,RR-SHOCK/2,DT-RAMDE_TS2_FULL,2,COMPLETE,INCLUDED,0.05,1,20,20,0,20
r8c-2053-ef65e8021c0639ea,2053,E1_ROLLING,RR-SHOCK/2,MATCHED_FIXED_DE_PARETO,2,COMPLETE,INCLUDED,0.05,1,20,20,0,20
r8c-2054-53fccfef0f54c477,2054,E1_ROLLING,RR-SHOCK/2,MATCHED_JDE_STYLE_PARETO,2,COMPLETE,INCLUDED,0.05,1,20,20,0,20
r8c-2055-babe26f98d062f13,2055,E1_ROLLING,RR-SHOCK/2,MATCHED_SHADE_STYLE_PARETO,2,COMPLETE,INCLUDED,0.05,1,20,20,0,20
r8c-2056-dc297d1f931d91fc,2056,E1_ROLLING,RR-SHOCK/2,JMETALPY_1_7_GDE3_STANDARD_PARETO_DE,2,COMPLETE,INCLUDED,0.1,2,20,20,0,20
r8c-2057-4834acc79ee5e298,2057,E1_ROLLING,RR-SHOCK/2,JMETALPY_1_7_NSGAII_DYNAMIC_RESTART_BRIDGE,2,COMPLETE,INCLUDED,0.05,1,20,20,0,20
r8c-2058-d282a2ad3a1d9dcb,2058,E1_ROLLING,RR-SHOCK/2,DT-RAMDE_TS2_FULL,3,COMPLETE,NOT_COMPUTED_MISSING_EXECUTION_OBSERVATION,,1,20,17,3,20
r8c-2059-bce4123ca162ae6a,2059,E1_ROLLING,RR-SHOCK/2,MATCHED_FIXED_DE_PARETO,3,COMPLETE,INCLUDED,0.05,1,20,20,0,20
r8c-2060-fbb10de5aac833a0,2060,E1_ROLLING,RR-SHOCK/2,MATCHED_JDE_STYLE_PARETO,3,COMPLETE,INCLUDED,0.1,2,20,20,0,20
r8c-2061-cf79f7951a2f3e01,2061,E1_ROLLING,RR-SHOCK/2,MATCHED_SHADE_STYLE_PARETO,3,COMPLETE,INCLUDED,0.05,1,20,20,0,20
r8c-2062-33036441f2d95d12,2062,E1_ROLLING,RR-SHOCK/2,JMETALPY_1_7_GDE3_STANDARD_PARETO_DE,3,COMPLETE,INCLUDED,0.05,1,20,20,0,20
r8c-2063-e24fac9f8fcdc69c,2063,E1_ROLLING,RR-SHOCK/2,JMETALPY_1_7_NSGAII_DYNAMIC_RESTART_BRIDGE,3,COMPLETE,INCLUDED,0.25,5,20,20,0,20
r8c-2064-9968f0f785f0a35b,2064,E1_ROLLING,RR-SHOCK/2,DT-RAMDE_TS2_FULL,4,COMPLETE,NOT_COMPUTED_MISSING_EXECUTION_OBSERVATION,,0,20,16,4,20
r8c-2065-c8a24fe3cf92653f,2065,E1_ROLLING,RR-SHOCK/2,MATCHED_FIXED_DE_PARETO,4,COMPLETE,INCLUDED,0.05,1,20,20,0,20
r8c-2066-2333aff5273b29ae,2066,E1_ROLLING,RR-SHOCK/2,MATCHED_JDE_STYLE_PARETO,4,COMPLETE,INCLUDED,0.1,2,20,20,0,20
r8c-2067-7880d99adc0048d0,2067,E1_ROLLING,RR-SHOCK/2,MATCHED_SHADE_STYLE_PARETO,4,COMPLETE,INCLUDED,0.05,1,20,20,0,20
r8c-2068-214595b485c4ea99,2068,E1_ROLLING,RR-SHOCK/2,JMETALPY_1_7_GDE3_STANDARD_PARETO_DE,4,COMPLETE,INCLUDED,0.05,1,20,20,0,20
r8c-2069-4024fc2140419e30,2069,E1_ROLLING,RR-SHOCK/2,JMETALPY_1_7_NSGAII_DYNAMIC_RESTART_BRIDGE,4,COMPLETE,INCLUDED,0.1,2,20,20,0,20
r8c-2070-241fdde2e0df2612,2070,E1_ROLLING,RR-SHOCK/3,DT-RAMDE_TS2_FULL,0,COMPLETE,NOT_COMPUTED_MISSING_EXECUTION_OBSERVATION,,1,20,7,13,20
r8c-2071-0a8af372a6a7686a,2071,E1_ROLLING,RR-SHOCK/3,MATCHED_FIXED_DE_PARETO,0,COMPLETE,INCLUDED,0.0,0,20,20,0,20
r8c-2072-9c3391e5ae05fade,2072,E1_ROLLING,RR-SHOCK/3,MATCHED_JDE_STYLE_PARETO,0,COMPLETE,NOT_COMPUTED_MISSING_EXECUTION_OBSERVATION,,2,20,14,6,20
r8c-2073-2579dd1f6765657c,2073,E1_ROLLING,RR-SHOCK/3,MATCHED_SHADE_STYLE_PARETO,0,COMPLETE,INCLUDED,0.05,1,20,20,0,20
r8c-2074-94b00b66bb5cda8f,2074,E1_ROLLING,RR-SHOCK/3,JMETALPY_1_7_GDE3_STANDARD_PARETO_DE,0,COMPLETE,INCLUDED,0.0,0,20,20,0,20
r8c-2075-1f76dacd11bc1402,2075,E1_ROLLING,RR-SHOCK/3,JMETALPY_1_7_NSGAII_DYNAMIC_RESTART_BRIDGE,0,COMPLETE,NOT_COMPUTED_MISSING_EXECUTION_OBSERVATION,,1,20,13,7,20
r8c-2076-50234d1dee240b46,2076,E1_ROLLING,RR-SHOCK/3,DT-RAMDE_TS2_FULL,1,COMPLETE,NOT_COMPUTED_MISSING_EXECUTION_OBSERVATION,,2,20,9,11,20
r8c-2077-1d6c581bbb425ba7,2077,E1_ROLLING,RR-SHOCK/3,MATCHED_FIXED_DE_PARETO,1,COMPLETE,INCLUDED,0.0,0,20,20,0,20
r8c-2078-f6729e5b9d433613,2078,E1_ROLLING,RR-SHOCK/3,MATCHED_JDE_STYLE_PARETO,1,COMPLETE,INCLUDED,0.05,1,20,20,0,20
r8c-2079-37ef18c0db85133f,2079,E1_ROLLING,RR-SHOCK/3,MATCHED_SHADE_STYLE_PARETO,1,COMPLETE,INCLUDED,0.0,0,20,20,0,20
r8c-2080-31750c168a3192f3,2080,E1_ROLLING,RR-SHOCK/3,JMETALPY_1_7_GDE3_STANDARD_PARETO_DE,1,COMPLETE,INCLUDED,0.05,1,20,20,0,20
r8c-2081-ecdce83b1e03d099,2081,E1_ROLLING,RR-SHOCK/3,JMETALPY_1_7_NSGAII_DYNAMIC_RESTART_BRIDGE,1,COMPLETE,NOT_COMPUTED_MISSING_EXECUTION_OBSERVATION,,2,20,14,6,20
r8c-2082-030a606e2b1db024,2082,E1_ROLLING,RR-SHOCK/3,DT-RAMDE_TS2_FULL,2,COMPLETE,NOT_COMPUTED_MISSING_EXECUTION_OBSERVATION,,1,20,12,8,20
r8c-2083-87c27a6f45f0b07e,2083,E1_ROLLING,RR-SHOCK/3,MATCHED_FIXED_DE_PARETO,2,COMPLETE,INCLUDED,0.0,0,20,20,0,20
r8c-2084-ca7ecffd71da826f,2084,E1_ROLLING,RR-SHOCK/3,MATCHED_JDE_STYLE_PARETO,2,COMPLETE,NOT_COMPUTED_MISSING_EXECUTION_OBSERVATION,,1,20,14,6,20
r8c-2085-72c044886b91d6e9,2085,E1_ROLLING,RR-SHOCK/3,MATCHED_SHADE_STYLE_PARETO,2,COMPLETE,INCLUDED,0.0,0,20,20,0,20
r8c-2086-6a1cac4a6df469d7,2086,E1_ROLLING,RR-SHOCK/3,JMETALPY_1_7_GDE3_STANDARD_PARETO_DE,2,COMPLETE,INCLUDED,0.05,1,20,20,0,20
r8c-2087-13d4b4e4d6563028,2087,E1_ROLLING,RR-SHOCK/3,JMETALPY_1_7_NSGAII_DYNAMIC_RESTART_BRIDGE,2,COMPLETE,NOT_COMPUTED_MISSING_EXECUTION_OBSERVATION,,2,20,13,7,20
r8c-2088-0fa80ee88c7c68ab,2088,E1_ROLLING,RR-SHOCK/3,DT-RAMDE_TS2_FULL,3,COMPLETE,NOT_COMPUTED_MISSING_EXECUTION_OBSERVATION,,1,20,12,8,20
r8c-2089-e2668a48ff95948a,2089,E1_ROLLING,RR-SHOCK/3,MATCHED_FIXED_DE_PARETO,3,COMPLETE,INCLUDED,0.0,0,20,20,0,20
r8c-2090-46cf654c80287e74,2090,E1_ROLLING,RR-SHOCK/3,MATCHED_JDE_STYLE_PARETO,3,COMPLETE,INCLUDED,0.05,1,20,20,0,20
r8c-2091-d204d35b7fab5e3e,2091,E1_ROLLING,RR-SHOCK/3,MATCHED_SHADE_STYLE_PARETO,3,COMPLETE,INCLUDED,0.05,1,20,20,0,20
r8c-2092-6914054757f66404,2092,E1_ROLLING,RR-SHOCK/3,JMETALPY_1_7_GDE3_STANDARD_PARETO_DE,3,COMPLETE,INCLUDED,0.05,1,20,20,0,20
r8c-2093-bfda98611388e4be,2093,E1_ROLLING,RR-SHOCK/3,JMETALPY_1_7_NSGAII_DYNAMIC_RESTART_BRIDGE,3,COMPLETE,NOT_COMPUTED_MISSING_EXECUTION_OBSERVATION,,1,20,13,7,20
r8c-2094-109fc12955e3db40,2094,E1_ROLLING,RR-SHOCK/3,DT-RAMDE_TS2_FULL,4,COMPLETE,NOT_COMPUTED_MISSING_EXECUTION_OBSERVATION,,1,20,12,8,20
r8c-2095-42b1c14ad9ca2d4f,2095,E1_ROLLING,RR-SHOCK/3,MATCHED_FIXED_DE_PARETO,4,COMPLETE,INCLUDED,0.0,0,20,20,0,20
r8c-2096-5357032554d56475,2096,E1_ROLLING,RR-SHOCK/3,MATCHED_JDE_STYLE_PARETO,4,COMPLETE,NOT_COMPUTED_MISSING_EXECUTION_OBSERVATION,,1,20,14,6,20
r8c-2097-bdf65cc707ad0b41,2097,E1_ROLLING,RR-SHOCK/3,MATCHED_SHADE_STYLE_PARETO,4,COMPLETE,INCLUDED,0.0,0,20,20,0,20
r8c-2098-b90b72bd539c011d,2098,E1_ROLLING,RR-SHOCK/3,JMETALPY_1_7_GDE3_STANDARD_PARETO_DE,4,COMPLETE,INCLUDED,0.0,0,20,20,0,20
r8c-2099-d241ee648f767d90,2099,E1_ROLLING,RR-SHOCK/3,JMETALPY_1_7_NSGAII_DYNAMIC_RESTART_BRIDGE,4,COMPLETE,NOT_COMPUTED_MISSING_EXECUTION_OBSERVATION,,1,20,11,9,20
r8c-2100-2d21ce29d70d7a86,2100,E1_ROLLING,RR-SHOCK/4,DT-RAMDE_TS2_FULL,0,COMPLETE,NOT_COMPUTED_MISSING_EXECUTION_OBSERVATION,,4,20,18,2,20
r8c-2101-c85e2763b2066771,2101,E1_ROLLING,RR-SHOCK/4,MATCHED_FIXED_DE_PARETO,0,COMPLETE,INCLUDED,0.0,0,20,20,0,20
r8c-2102-2fc30dc4fb238adc,2102,E1_ROLLING,RR-SHOCK/4,MATCHED_JDE_STYLE_PARETO,0,COMPLETE,INCLUDED,0.0,0,20,20,0,20
r8c-2103-cdff603313c6240d,2103,E1_ROLLING,RR-SHOCK/4,MATCHED_SHADE_STYLE_PARETO,0,COMPLETE,INCLUDED,0.05,1,20,20,0,20
r8c-2104-29d6bc7905bea3f4,2104,E1_ROLLING,RR-SHOCK/4,JMETALPY_1_7_GDE3_STANDARD_PARETO_DE,0,COMPLETE,INCLUDED,0.05,1,20,20,0,20
r8c-2105-a5cdee8febb06258,2105,E1_ROLLING,RR-SHOCK/4,JMETALPY_1_7_NSGAII_DYNAMIC_RESTART_BRIDGE,0,COMPLETE,INCLUDED,0.05,1,20,20,0,20
r8c-2106-d512053bb73b74a2,2106,E1_ROLLING,RR-SHOCK/4,DT-RAMDE_TS2_FULL,1,COMPLETE,INCLUDED,0.0,0,20,20,0,20
r8c-2107-024fef47b718f4b6,2107,E1_ROLLING,RR-SHOCK/4,MATCHED_FIXED_DE_PARETO,1,COMPLETE,INCLUDED,0.1,2,20,20,0,20
r8c-2108-d173e5d2a3815d7a,2108,E1_ROLLING,RR-SHOCK/4,MATCHED_JDE_STYLE_PARETO,1,COMPLETE,INCLUDED,0.15,3,20,20,0,20
r8c-2109-93638d80438bb868,2109,E1_ROLLING,RR-SHOCK/4,MATCHED_SHADE_STYLE_PARETO,1,COMPLETE,INCLUDED,0.0,0,20,20,0,20
r8c-2110-c247761526c6ade7,2110,E1_ROLLING,RR-SHOCK/4,JMETALPY_1_7_GDE3_STANDARD_PARETO_DE,1,COMPLETE,INCLUDED,0.1,2,20,20,0,20
r8c-2111-529dc5af3f5d4602,2111,E1_ROLLING,RR-SHOCK/4,JMETALPY_1_7_NSGAII_DYNAMIC_RESTART_BRIDGE,1,COMPLETE,INCLUDED,0.2,4,20,20,0,20
r8c-2112-11508eefd5323bda,2112,E1_ROLLING,RR-SHOCK/4,DT-RAMDE_TS2_FULL,2,COMPLETE,INCLUDED,0.0,0,20,20,0,20
r8c-2113-4b1434b1ed0dd8d8,2113,E1_ROLLING,RR-SHOCK/4,MATCHED_FIXED_DE_PARETO,2,COMPLETE,INCLUDED,0.0,0,20,20,0,20
r8c-2114-73bfc08ef80b0480,2114,E1_ROLLING,RR-SHOCK/4,MATCHED_JDE_STYLE_PARETO,2,COMPLETE,INCLUDED,0.1,2,20,20,0,20
r8c-2115-a049e133fff05188,2115,E1_ROLLING,RR-SHOCK/4,MATCHED_SHADE_STYLE_PARETO,2,COMPLETE,INCLUDED,0.05,1,20,20,0,20
r8c-2116-185e5b779658f820,2116,E1_ROLLING,RR-SHOCK/4,JMETALPY_1_7_GDE3_STANDARD_PARETO_DE,2,COMPLETE,INCLUDED,0.0,0,20,20,0,20
r8c-2117-981395cdebcb10b5,2117,E1_ROLLING,RR-SHOCK/4,JMETALPY_1_7_NSGAII_DYNAMIC_RESTART_BRIDGE,2,COMPLETE,NOT_COMPUTED_MISSING_EXECUTION_OBSERVATION,,1,20,19,1,20
r8c-2118-d096bd3c98af00a2,2118,E1_ROLLING,RR-SHOCK/4,DT-RAMDE_TS2_FULL,3,COMPLETE,NOT_COMPUTED_MISSING_EXECUTION_OBSERVATION,,0,20,13,7,20
r8c-2119-eacc368ce30abbab,2119,E1_ROLLING,RR-SHOCK/4,MATCHED_FIXED_DE_PARETO,3,COMPLETE,INCLUDED,0.0,0,20,20,0,20
r8c-2120-b4f061d9aa7d9c9a,2120,E1_ROLLING,RR-SHOCK/4,MATCHED_JDE_STYLE_PARETO,3,COMPLETE,INCLUDED,0.15,3,20,20,0,20
r8c-2121-c34c64653537a17b,2121,E1_ROLLING,RR-SHOCK/4,MATCHED_SHADE_STYLE_PARETO,3,COMPLETE,INCLUDED,0.0,0,20,20,0,20
r8c-2122-ca9e49cb779efb8b,2122,E1_ROLLING,RR-SHOCK/4,JMETALPY_1_7_GDE3_STANDARD_PARETO_DE,3,COMPLETE,INCLUDED,0.05,1,20,20,0,20
r8c-2123-68673738ce962dec,2123,E1_ROLLING,RR-SHOCK/4,JMETALPY_1_7_NSGAII_DYNAMIC_RESTART_BRIDGE,3,COMPLETE,INCLUDED,0.0,0,20,20,0,20
r8c-2124-510b775d350ce570,2124,E1_ROLLING,RR-SHOCK/4,DT-RAMDE_TS2_FULL,4,COMPLETE,INCLUDED,0.0,0,20,20,0,20
r8c-2125-27b3d34a9d46c2d5,2125,E1_ROLLING,RR-SHOCK/4,MATCHED_FIXED_DE_PARETO,4,COMPLETE,INCLUDED,0.05,1,20,20,0,20
r8c-2126-10bb10870028687f,2126,E1_ROLLING,RR-SHOCK/4,MATCHED_JDE_STYLE_PARETO,4,COMPLETE,INCLUDED,0.0,0,20,20,0,20
r8c-2127-397649c83e96cc01,2127,E1_ROLLING,RR-SHOCK/4,MATCHED_SHADE_STYLE_PARETO,4,COMPLETE,INCLUDED,0.05,1,20,20,0,20
r8c-2128-525221d9e5bafaa0,2128,E1_ROLLING,RR-SHOCK/4,JMETALPY_1_7_GDE3_STANDARD_PARETO_DE,4,COMPLETE,INCLUDED,0.05,1,20,20,0,20
r8c-2129-6307901ce2c7961b,2129,E1_ROLLING,RR-SHOCK/4,JMETALPY_1_7_NSGAII_DYNAMIC_RESTART_BRIDGE,4,COMPLETE,INCLUDED,0.05,1,20,20,0,20
r8c-2130-9bf5c8af66c2487f,2130,E1_ROLLING,RR-SHOCK/5,DT-RAMDE_TS2_FULL,0,COMPLETE,NOT_COMPUTED_MISSING_EXECUTION_OBSERVATION,,1,20,13,7,20
r8c-2131-19aa9ec70149204d,2131,E1_ROLLING,RR-SHOCK/5,MATCHED_FIXED_DE_PARETO,0,COMPLETE,NOT_COMPUTED_MISSING_EXECUTION_OBSERVATION,,2,20,17,3,20
r8c-2132-795a04bd8748e828,2132,E1_ROLLING,RR-SHOCK/5,MATCHED_JDE_STYLE_PARETO,0,COMPLETE,NOT_COMPUTED_MISSING_EXECUTION_OBSERVATION,,2,20,17,3,20
r8c-2133-e3b385c7537d56aa,2133,E1_ROLLING,RR-SHOCK/5,MATCHED_SHADE_STYLE_PARETO,0,COMPLETE,NOT_COMPUTED_MISSING_EXECUTION_OBSERVATION,,2,20,17,3,20
r8c-2134-21328c40e7842924,2134,E1_ROLLING,RR-SHOCK/5,JMETALPY_1_7_GDE3_STANDARD_PARETO_DE,0,COMPLETE,NOT_COMPUTED_MISSING_EXECUTION_OBSERVATION,,1,20,17,3,20
r8c-2135-5e30da79888410eb,2135,E1_ROLLING,RR-SHOCK/5,JMETALPY_1_7_NSGAII_DYNAMIC_RESTART_BRIDGE,0,COMPLETE,NOT_COMPUTED_MISSING_EXECUTION_OBSERVATION,,3,20,17,3,20
r8c-2136-00ab315d38d2dc3a,2136,E1_ROLLING,RR-SHOCK/5,DT-RAMDE_TS2_FULL,1,COMPLETE,NOT_COMPUTED_MISSING_EXECUTION_OBSERVATION,,1,20,14,6,20
r8c-2137-dd3a1724e0e7ad74,2137,E1_ROLLING,RR-SHOCK/5,MATCHED_FIXED_DE_PARETO,1,COMPLETE,NOT_COMPUTED_MISSING_EXECUTION_OBSERVATION,,1,20,17,3,20
r8c-2138-d496b5d2eaf6b94a,2138,E1_ROLLING,RR-SHOCK/5,MATCHED_JDE_STYLE_PARETO,1,COMPLETE,NOT_COMPUTED_MISSING_EXECUTION_OBSERVATION,,2,20,17,3,20
r8c-2139-1063ec50663b7b38,2139,E1_ROLLING,RR-SHOCK/5,MATCHED_SHADE_STYLE_PARETO,1,COMPLETE,NOT_COMPUTED_MISSING_EXECUTION_OBSERVATION,,2,20,17,3,20
r8c-2140-48e8ed9c18318ac2,2140,E1_ROLLING,RR-SHOCK/5,JMETALPY_1_7_GDE3_STANDARD_PARETO_DE,1,COMPLETE,NOT_COMPUTED_MISSING_EXECUTION_OBSERVATION,,3,20,17,3,20
r8c-2141-2cf180fc5f64db44,2141,E1_ROLLING,RR-SHOCK/5,JMETALPY_1_7_NSGAII_DYNAMIC_RESTART_BRIDGE,1,COMPLETE,NOT_COMPUTED_MISSING_EXECUTION_OBSERVATION,,1,20,14,6,20
r8c-2142-d0791d4c2074b02b,2142,E1_ROLLING,RR-SHOCK/5,DT-RAMDE_TS2_FULL,2,COMPLETE,NOT_COMPUTED_MISSING_EXECUTION_OBSERVATION,,0,20,10,10,20
r8c-2143-0c9c5056f40b0865,2143,E1_ROLLING,RR-SHOCK/5,MATCHED_FIXED_DE_PARETO,2,COMPLETE,NOT_COMPUTED_MISSING_EXECUTION_OBSERVATION,,2,20,17,3,20
r8c-2144-1c5f20901f5ad90c,2144,E1_ROLLING,RR-SHOCK/5,MATCHED_JDE_STYLE_PARETO,2,COMPLETE,NOT_COMPUTED_MISSING_EXECUTION_OBSERVATION,,3,20,17,3,20
r8c-2145-ae51dbcad9578e51,2145,E1_ROLLING,RR-SHOCK/5,MATCHED_SHADE_STYLE_PARETO,2,COMPLETE,NOT_COMPUTED_MISSING_EXECUTION_OBSERVATION,,2,20,17,3,20
r8c-2146-585c9785d8f63947,2146,E1_ROLLING,RR-SHOCK/5,JMETALPY_1_7_GDE3_STANDARD_PARETO_DE,2,COMPLETE,NOT_COMPUTED_MISSING_EXECUTION_OBSERVATION,,2,20,17,3,20
r8c-2147-48ea4a93be7e30fe,2147,E1_ROLLING,RR-SHOCK/5,JMETALPY_1_7_NSGAII_DYNAMIC_RESTART_BRIDGE,2,COMPLETE,NOT_COMPUTED_MISSING_EXECUTION_OBSERVATION,,2,20,17,3,20
r8c-2148-c795de35785fac5d,2148,E1_ROLLING,RR-SHOCK/5,DT-RAMDE_TS2_FULL,3,COMPLETE,NOT_COMPUTED_MISSING_EXECUTION_OBSERVATION,,0,20,10,10,20
r8c-2149-4085e748288611c2,2149,E1_ROLLING,RR-SHOCK/5,MATCHED_FIXED_DE_PARETO,3,COMPLETE,NOT_COMPUTED_MISSING_EXECUTION_OBSERVATION,,2,20,17,3,20
r8c-2150-4f908ecf07b5b0d9,2150,E1_ROLLING,RR-SHOCK/5,MATCHED_JDE_STYLE_PARETO,3,COMPLETE,NOT_COMPUTED_MISSING_EXECUTION_OBSERVATION,,3,20,17,3,20
r8c-2151-b46d81237e2b447e,2151,E1_ROLLING,RR-SHOCK/5,MATCHED_SHADE_STYLE_PARETO,3,COMPLETE,NOT_COMPUTED_MISSING_EXECUTION_OBSERVATION,,3,20,17,3,20
r8c-2152-3ce4390e452f1dcd,2152,E1_ROLLING,RR-SHOCK/5,JMETALPY_1_7_GDE3_STANDARD_PARETO_DE,3,COMPLETE,NOT_COMPUTED_MISSING_EXECUTION_OBSERVATION,,1,20,17,3,20
r8c-2153-6609f7d7fb8bcb7e,2153,E1_ROLLING,RR-SHOCK/5,JMETALPY_1_7_NSGAII_DYNAMIC_RESTART_BRIDGE,3,COMPLETE,NOT_COMPUTED_MISSING_EXECUTION_OBSERVATION,,2,20,14,6,20
r8c-2154-e0641d02d2c81317,2154,E1_ROLLING,RR-SHOCK/5,DT-RAMDE_TS2_FULL,4,COMPLETE,NOT_COMPUTED_MISSING_EXECUTION_OBSERVATION,,1,20,12,8,20
r8c-2155-97dcd97ec4225177,2155,E1_ROLLING,RR-SHOCK/5,MATCHED_FIXED_DE_PARETO,4,COMPLETE,NOT_COMPUTED_MISSING_EXECUTION_OBSERVATION,,1,20,17,3,20
r8c-2156-f213ea5e33ce9c9d,2156,E1_ROLLING,RR-SHOCK/5,MATCHED_JDE_STYLE_PARETO,4,COMPLETE,NOT_COMPUTED_MISSING_EXECUTION_OBSERVATION,,2,20,16,4,20
r8c-2157-967a48f9b1949506,2157,E1_ROLLING,RR-SHOCK/5,MATCHED_SHADE_STYLE_PARETO,4,COMPLETE,NOT_COMPUTED_MISSING_EXECUTION_OBSERVATION,,3,20,17,3,20
r8c-2158-9d4676ee5131921b,2158,E1_ROLLING,RR-SHOCK/5,JMETALPY_1_7_GDE3_STANDARD_PARETO_DE,4,COMPLETE,NOT_COMPUTED_MISSING_EXECUTION_OBSERVATION,,2,20,17,3,20
r8c-2159-8adf65f4bd0ca47d,2159,E1_ROLLING,RR-SHOCK/5,JMETALPY_1_7_NSGAII_DYNAMIC_RESTART_BRIDGE,4,COMPLETE,NOT_COMPUTED_MISSING_EXECUTION_OBSERVATION,,2,20,14,6,20
r8c-2160-90a8fc05efaf4465,2160,E1_ROLLING,RR-SHOCK/6,DT-RAMDE_TS2_FULL,0,COMPLETE,NOT_COMPUTED_MISSING_EXECUTION_OBSERVATION,,0,20,1,19,20
r8c-2161-6fc527b91a1bde86,2161,E1_ROLLING,RR-SHOCK/6,MATCHED_FIXED_DE_PARETO,0,COMPLETE,INCLUDED,0.1,2,20,20,0,20
r8c-2162-a3f886de396a65fd,2162,E1_ROLLING,RR-SHOCK/6,MATCHED_JDE_STYLE_PARETO,0,COMPLETE,INCLUDED,0.1,2,20,20,0,20
r8c-2163-7cc8425f4a7a0a4d,2163,E1_ROLLING,RR-SHOCK/6,MATCHED_SHADE_STYLE_PARETO,0,COMPLETE,INCLUDED,0.2,4,20,20,0,20
r8c-2164-61f2180a8d934907,2164,E1_ROLLING,RR-SHOCK/6,JMETALPY_1_7_GDE3_STANDARD_PARETO_DE,0,COMPLETE,INCLUDED,0.15,3,20,20,0,20
r8c-2165-6476bcb1e77d0ecf,2165,E1_ROLLING,RR-SHOCK/6,JMETALPY_1_7_NSGAII_DYNAMIC_RESTART_BRIDGE,0,COMPLETE,NOT_COMPUTED_MISSING_EXECUTION_OBSERVATION,,5,20,19,1,20
r8c-2166-0d8aa969d1272bb0,2166,E1_ROLLING,RR-SHOCK/6,DT-RAMDE_TS2_FULL,1,COMPLETE,NOT_COMPUTED_MISSING_EXECUTION_OBSERVATION,,4,20,19,1,20
r8c-2167-fcdbb7215609e045,2167,E1_ROLLING,RR-SHOCK/6,MATCHED_FIXED_DE_PARETO,1,COMPLETE,INCLUDED,0.0,0,20,20,0,20
r8c-2168-d736af9616ee81c2,2168,E1_ROLLING,RR-SHOCK/6,MATCHED_JDE_STYLE_PARETO,1,COMPLETE,INCLUDED,0.15,3,20,20,0,20
r8c-2169-682ae170fe93b6e6,2169,E1_ROLLING,RR-SHOCK/6,MATCHED_SHADE_STYLE_PARETO,1,COMPLETE,INCLUDED,0.15,3,20,20,0,20
r8c-2170-eefe045858361580,2170,E1_ROLLING,RR-SHOCK/6,JMETALPY_1_7_GDE3_STANDARD_PARETO_DE,1,COMPLETE,INCLUDED,0.1,2,20,20,0,20
r8c-2171-7dd78598c9b6d8c5,2171,E1_ROLLING,RR-SHOCK/6,JMETALPY_1_7_NSGAII_DYNAMIC_RESTART_BRIDGE,1,COMPLETE,NOT_COMPUTED_MISSING_EXECUTION_OBSERVATION,,4,20,19,1,20
r8c-2172-bf16e90467e9cb41,2172,E1_ROLLING,RR-SHOCK/6,DT-RAMDE_TS2_FULL,2,COMPLETE,NOT_COMPUTED_MISSING_EXECUTION_OBSERVATION,,4,20,18,2,20
r8c-2173-4656b02864ac1cbd,2173,E1_ROLLING,RR-SHOCK/6,MATCHED_FIXED_DE_PARETO,2,COMPLETE,INCLUDED,0.1,2,20,20,0,20
r8c-2174-d9103c949ef30080,2174,E1_ROLLING,RR-SHOCK/6,MATCHED_JDE_STYLE_PARETO,2,COMPLETE,INCLUDED,0.15,3,20,20,0,20
r8c-2175-52ce353a5f3f78dc,2175,E1_ROLLING,RR-SHOCK/6,MATCHED_SHADE_STYLE_PARETO,2,COMPLETE,INCLUDED,0.2,4,20,20,0,20
r8c-2176-7fd13b5d0b2a2e8e,2176,E1_ROLLING,RR-SHOCK/6,JMETALPY_1_7_GDE3_STANDARD_PARETO_DE,2,COMPLETE,INCLUDED,0.1,2,20,20,0,20
r8c-2177-14d1179eb5dbe4b7,2177,E1_ROLLING,RR-SHOCK/6,JMETALPY_1_7_NSGAII_DYNAMIC_RESTART_BRIDGE,2,COMPLETE,NOT_COMPUTED_MISSING_EXECUTION_OBSERVATION,,4,20,19,1,20
r8c-2178-dc06240ab39c409a,2178,E1_ROLLING,RR-SHOCK/6,DT-RAMDE_TS2_FULL,3,COMPLETE,NOT_COMPUTED_MISSING_EXECUTION_OBSERVATION,,4,20,18,2,20
r8c-2179-87151ffa93b46074,2179,E1_ROLLING,RR-SHOCK/6,MATCHED_FIXED_DE_PARETO,3,COMPLETE,INCLUDED,0.1,2,20,20,0,20
r8c-2180-0613851b58cc6dd2,2180,E1_ROLLING,RR-SHOCK/6,MATCHED_JDE_STYLE_PARETO,3,COMPLETE,INCLUDED,0.15,3,20,20,0,20
r8c-2181-bd312e1b6963e83e,2181,E1_ROLLING,RR-SHOCK/6,MATCHED_SHADE_STYLE_PARETO,3,COMPLETE,INCLUDED,0.15,3,20,20,0,20
r8c-2182-4dbcbc23675fe903,2182,E1_ROLLING,RR-SHOCK/6,JMETALPY_1_7_GDE3_STANDARD_PARETO_DE,3,COMPLETE,INCLUDED,0.2,4,20,20,0,20
r8c-2183-6901c89c7ccfe3d7,2183,E1_ROLLING,RR-SHOCK/6,JMETALPY_1_7_NSGAII_DYNAMIC_RESTART_BRIDGE,3,COMPLETE,INCLUDED,0.1,2,20,20,0,20
r8c-2184-0ea0c2c93482cb03,2184,E1_ROLLING,RR-SHOCK/6,DT-RAMDE_TS2_FULL,4,COMPLETE,NOT_COMPUTED_MISSING_EXECUTION_OBSERVATION,,3,20,16,4,20
r8c-2185-28cf48277c88d78f,2185,E1_ROLLING,RR-SHOCK/6,MATCHED_FIXED_DE_PARETO,4,COMPLETE,INCLUDED,0.2,4,20,20,0,20
r8c-2186-857ffd58a49c38f7,2186,E1_ROLLING,RR-SHOCK/6,MATCHED_JDE_STYLE_PARETO,4,COMPLETE,INCLUDED,0.2,4,20,20,0,20
r8c-2187-23620353869a0995,2187,E1_ROLLING,RR-SHOCK/6,MATCHED_SHADE_STYLE_PARETO,4,COMPLETE,INCLUDED,0.0,0,20,20,0,20
r8c-2188-c471ab8e2a7d30bc,2188,E1_ROLLING,RR-SHOCK/6,JMETALPY_1_7_GDE3_STANDARD_PARETO_DE,4,COMPLETE,INCLUDED,0.2,4,20,20,0,20
r8c-2189-f4f2cca6c8fe5cf4,2189,E1_ROLLING,RR-SHOCK/6,JMETALPY_1_7_NSGAII_DYNAMIC_RESTART_BRIDGE,4,COMPLETE,NOT_COMPUTED_MISSING_EXECUTION_OBSERVATION,,6,20,19,1,20
r8c-2190-12cd3365d4bbe56b,2190,E1_ROLLING,RR-SHOCK/7,DT-RAMDE_TS2_FULL,0,COMPLETE,INCLUDED,0.0,0,20,20,0,20
r8c-2191-0b707e2c7f053a66,2191,E1_ROLLING,RR-SHOCK/7,MATCHED_FIXED_DE_PARETO,0,COMPLETE,INCLUDED,0.0,0,20,20,0,20
r8c-2192-b8234fe4f90bc745,2192,E1_ROLLING,RR-SHOCK/7,MATCHED_JDE_STYLE_PARETO,0,COMPLETE,INCLUDED,0.0,0,20,20,0,20
r8c-2193-2d8fde40daa99fae,2193,E1_ROLLING,RR-SHOCK/7,MATCHED_SHADE_STYLE_PARETO,0,COMPLETE,INCLUDED,0.0,0,20,20,0,20
r8c-2194-78998b4e70e29047,2194,E1_ROLLING,RR-SHOCK/7,JMETALPY_1_7_GDE3_STANDARD_PARETO_DE,0,COMPLETE,INCLUDED,0.0,0,20,20,0,20
r8c-2195-0aef3455ae260632,2195,E1_ROLLING,RR-SHOCK/7,JMETALPY_1_7_NSGAII_DYNAMIC_RESTART_BRIDGE,0,COMPLETE,INCLUDED,0.0,0,20,20,0,20
r8c-2196-0cda7ae12c0916c6,2196,E1_ROLLING,RR-SHOCK/7,DT-RAMDE_TS2_FULL,1,COMPLETE,INCLUDED,0.0,0,20,20,0,20
r8c-2197-35e7257c3d172a2b,2197,E1_ROLLING,RR-SHOCK/7,MATCHED_FIXED_DE_PARETO,1,COMPLETE,INCLUDED,0.0,0,20,20,0,20
r8c-2198-0aede4415f5de897,2198,E1_ROLLING,RR-SHOCK/7,MATCHED_JDE_STYLE_PARETO,1,COMPLETE,INCLUDED,0.0,0,20,20,0,20
r8c-2199-0514639c3e4fe1f9,2199,E1_ROLLING,RR-SHOCK/7,MATCHED_SHADE_STYLE_PARETO,1,COMPLETE,INCLUDED,0.0,0,20,20,0,20
r8c-2200-0fced1dc2c3ad2e8,2200,E1_ROLLING,RR-SHOCK/7,JMETALPY_1_7_GDE3_STANDARD_PARETO_DE,1,COMPLETE,INCLUDED,0.0,0,20,20,0,20
r8c-2201-7f21e64ec9686c01,2201,E1_ROLLING,RR-SHOCK/7,JMETALPY_1_7_NSGAII_DYNAMIC_RESTART_BRIDGE,1,COMPLETE,INCLUDED,0.0,0,20,20,0,20
r8c-2202-235d7e73ed965f87,2202,E1_ROLLING,RR-SHOCK/7,DT-RAMDE_TS2_FULL,2,COMPLETE,INCLUDED,0.0,0,20,20,0,20
r8c-2203-dca987efb438adc7,2203,E1_ROLLING,RR-SHOCK/7,MATCHED_FIXED_DE_PARETO,2,COMPLETE,INCLUDED,0.0,0,20,20,0,20
r8c-2204-14df2356ef148451,2204,E1_ROLLING,RR-SHOCK/7,MATCHED_JDE_STYLE_PARETO,2,COMPLETE,INCLUDED,0.0,0,20,20,0,20
r8c-2205-0c86b1405c3ac181,2205,E1_ROLLING,RR-SHOCK/7,MATCHED_SHADE_STYLE_PARETO,2,COMPLETE,INCLUDED,0.0,0,20,20,0,20
r8c-2206-ecb43d173a358204,2206,E1_ROLLING,RR-SHOCK/7,JMETALPY_1_7_GDE3_STANDARD_PARETO_DE,2,COMPLETE,INCLUDED,0.0,0,20,20,0,20
r8c-2207-ea275a92ec9074b4,2207,E1_ROLLING,RR-SHOCK/7,JMETALPY_1_7_NSGAII_DYNAMIC_RESTART_BRIDGE,2,COMPLETE,INCLUDED,0.0,0,20,20,0,20
r8c-2208-c84abbec42c490aa,2208,E1_ROLLING,RR-SHOCK/7,DT-RAMDE_TS2_FULL,3,COMPLETE,INCLUDED,0.0,0,20,20,0,20
r8c-2209-0afaad184a9a35cd,2209,E1_ROLLING,RR-SHOCK/7,MATCHED_FIXED_DE_PARETO,3,COMPLETE,INCLUDED,0.0,0,20,20,0,20
r8c-2210-eb4b1404c4e74083,2210,E1_ROLLING,RR-SHOCK/7,MATCHED_JDE_STYLE_PARETO,3,COMPLETE,INCLUDED,0.0,0,20,20,0,20
r8c-2211-650bd10022ea1cae,2211,E1_ROLLING,RR-SHOCK/7,MATCHED_SHADE_STYLE_PARETO,3,COMPLETE,INCLUDED,0.0,0,20,20,0,20
r8c-2212-0d7e1add81f45ba8,2212,E1_ROLLING,RR-SHOCK/7,JMETALPY_1_7_GDE3_STANDARD_PARETO_DE,3,COMPLETE,INCLUDED,0.0,0,20,20,0,20
r8c-2213-5f200065d098fe80,2213,E1_ROLLING,RR-SHOCK/7,JMETALPY_1_7_NSGAII_DYNAMIC_RESTART_BRIDGE,3,COMPLETE,INCLUDED,0.0,0,20,20,0,20
r8c-2214-347869459658c649,2214,E1_ROLLING,RR-SHOCK/7,DT-RAMDE_TS2_FULL,4,COMPLETE,INCLUDED,0.0,0,20,20,0,20
r8c-2215-aed978e73ed9de07,2215,E1_ROLLING,RR-SHOCK/7,MATCHED_FIXED_DE_PARETO,4,COMPLETE,INCLUDED,0.0,0,20,20,0,20
r8c-2216-d3af9eaa791f3a63,2216,E1_ROLLING,RR-SHOCK/7,MATCHED_JDE_STYLE_PARETO,4,COMPLETE,INCLUDED,0.0,0,20,20,0,20
r8c-2217-fad9d0e1a07ffc56,2217,E1_ROLLING,RR-SHOCK/7,MATCHED_SHADE_STYLE_PARETO,4,COMPLETE,INCLUDED,0.0,0,20,20,0,20
r8c-2218-813359ee060350c6,2218,E1_ROLLING,RR-SHOCK/7,JMETALPY_1_7_GDE3_STANDARD_PARETO_DE,4,COMPLETE,INCLUDED,0.0,0,20,20,0,20
r8c-2219-cf3603674fc869c3,2219,E1_ROLLING,RR-SHOCK/7,JMETALPY_1_7_NSGAII_DYNAMIC_RESTART_BRIDGE,4,COMPLETE,INCLUDED,0.0,0,20,20,0,20
r8c-2220-a6bd9bf16403dbf9,2220,E1_ROLLING,RR-REJECTION/0,DT-RAMDE_TS2_FULL,0,COMPLETE,NOT_COMPUTED_MISSING_EXECUTION_OBSERVATION,,0,20,15,5,20
r8c-2221-b6bf9375bfb355b9,2221,E1_ROLLING,RR-REJECTION/0,MATCHED_FIXED_DE_PARETO,0,COMPLETE,INCLUDED,0.05,1,20,20,0,20
r8c-2222-9c97046335f442e5,2222,E1_ROLLING,RR-REJECTION/0,MATCHED_JDE_STYLE_PARETO,0,COMPLETE,INCLUDED,0.05,1,20,20,0,20
r8c-2223-6f226afb3d12ecf9,2223,E1_ROLLING,RR-REJECTION/0,MATCHED_SHADE_STYLE_PARETO,0,COMPLETE,INCLUDED,0.0,0,20,20,0,20
r8c-2224-be347bee6eca0a02,2224,E1_ROLLING,RR-REJECTION/0,JMETALPY_1_7_GDE3_STANDARD_PARETO_DE,0,COMPLETE,INCLUDED,0.05,1,20,20,0,20
r8c-2225-8ca1c4ea0bf79065,2225,E1_ROLLING,RR-REJECTION/0,JMETALPY_1_7_NSGAII_DYNAMIC_RESTART_BRIDGE,0,COMPLETE,INCLUDED,0.1,2,20,20,0,20
r8c-2226-bb881ac727b0e214,2226,E1_ROLLING,RR-REJECTION/0,DT-RAMDE_TS2_FULL,1,COMPLETE,NOT_COMPUTED_MISSING_EXECUTION_OBSERVATION,,1,20,16,4,20
r8c-2227-07b6336ae65d79e9,2227,E1_ROLLING,RR-REJECTION/0,MATCHED_FIXED_DE_PARETO,1,COMPLETE,INCLUDED,0.05,1,20,20,0,20
r8c-2228-be1a3acf415b8221,2228,E1_ROLLING,RR-REJECTION/0,MATCHED_JDE_STYLE_PARETO,1,COMPLETE,INCLUDED,0.05,1,20,20,0,20
r8c-2229-dbdf568aed1e52e7,2229,E1_ROLLING,RR-REJECTION/0,MATCHED_SHADE_STYLE_PARETO,1,COMPLETE,INCLUDED,0.0,0,20,20,0,20
r8c-2230-e80a7d3cef7edfdb,2230,E1_ROLLING,RR-REJECTION/0,JMETALPY_1_7_GDE3_STANDARD_PARETO_DE,1,COMPLETE,INCLUDED,0.0,0,20,20,0,20
r8c-2231-29aa0361781e64f4,2231,E1_ROLLING,RR-REJECTION/0,JMETALPY_1_7_NSGAII_DYNAMIC_RESTART_BRIDGE,1,COMPLETE,INCLUDED,0.05,1,20,20,0,20
r8c-2232-a25f7d9ddd6080c0,2232,E1_ROLLING,RR-REJECTION/0,DT-RAMDE_TS2_FULL,2,COMPLETE,NOT_COMPUTED_MISSING_EXECUTION_OBSERVATION,,0,20,15,5,20
r8c-2233-8e8730fb552eb9d4,2233,E1_ROLLING,RR-REJECTION/0,MATCHED_FIXED_DE_PARETO,2,COMPLETE,INCLUDED,0.0,0,20,20,0,20
r8c-2234-2cdd42ec46edde44,2234,E1_ROLLING,RR-REJECTION/0,MATCHED_JDE_STYLE_PARETO,2,COMPLETE,INCLUDED,0.1,2,20,20,0,20
r8c-2235-c724a46a55863446,2235,E1_ROLLING,RR-REJECTION/0,MATCHED_SHADE_STYLE_PARETO,2,COMPLETE,INCLUDED,0.05,1,20,20,0,20
r8c-2236-13edc065fb2fc793,2236,E1_ROLLING,RR-REJECTION/0,JMETALPY_1_7_GDE3_STANDARD_PARETO_DE,2,COMPLETE,INCLUDED,0.0,0,20,20,0,20
r8c-2237-a94d25cfe149ed38,2237,E1_ROLLING,RR-REJECTION/0,JMETALPY_1_7_NSGAII_DYNAMIC_RESTART_BRIDGE,2,COMPLETE,INCLUDED,0.05,1,20,20,0,20
r8c-2238-3d426d3a2f340bc5,2238,E1_ROLLING,RR-REJECTION/0,DT-RAMDE_TS2_FULL,3,COMPLETE,NOT_COMPUTED_MISSING_EXECUTION_OBSERVATION,,0,20,15,5,20
r8c-2239-7c4f4f2be8b5c0a8,2239,E1_ROLLING,RR-REJECTION/0,MATCHED_FIXED_DE_PARETO,3,COMPLETE,INCLUDED,0.0,0,20,20,0,20
r8c-2240-684a907b4940a0c2,2240,E1_ROLLING,RR-REJECTION/0,MATCHED_JDE_STYLE_PARETO,3,COMPLETE,INCLUDED,0.0,0,20,20,0,20
r8c-2241-1c3b773871e56310,2241,E1_ROLLING,RR-REJECTION/0,MATCHED_SHADE_STYLE_PARETO,3,COMPLETE,INCLUDED,0.05,1,20,20,0,20
r8c-2242-45022a2f92702b06,2242,E1_ROLLING,RR-REJECTION/0,JMETALPY_1_7_GDE3_STANDARD_PARETO_DE,3,COMPLETE,INCLUDED,0.0,0,20,20,0,20
r8c-2243-375af85a749746a7,2243,E1_ROLLING,RR-REJECTION/0,JMETALPY_1_7_NSGAII_DYNAMIC_RESTART_BRIDGE,3,COMPLETE,INCLUDED,0.1,2,20,20,0,20
r8c-2244-6346263c425042f5,2244,E1_ROLLING,RR-REJECTION/0,DT-RAMDE_TS2_FULL,4,COMPLETE,NOT_COMPUTED_MISSING_EXECUTION_OBSERVATION,,0,20,15,5,20
r8c-2245-dfca10427f8d8679,2245,E1_ROLLING,RR-REJECTION/0,MATCHED_FIXED_DE_PARETO,4,COMPLETE,INCLUDED,0.0,0,20,20,0,20
r8c-2246-b90aa9ac0f3651eb,2246,E1_ROLLING,RR-REJECTION/0,MATCHED_JDE_STYLE_PARETO,4,COMPLETE,INCLUDED,0.1,2,20,20,0,20
r8c-2247-a66c0b39450d4e53,2247,E1_ROLLING,RR-REJECTION/0,MATCHED_SHADE_STYLE_PARETO,4,COMPLETE,INCLUDED,0.05,1,20,20,0,20
r8c-2248-508661f7dab5fa27,2248,E1_ROLLING,RR-REJECTION/0,JMETALPY_1_7_GDE3_STANDARD_PARETO_DE,4,COMPLETE,INCLUDED,0.0,0,20,20,0,20
r8c-2249-c75ab64239582092,2249,E1_ROLLING,RR-REJECTION/0,JMETALPY_1_7_NSGAII_DYNAMIC_RESTART_BRIDGE,4,COMPLETE,INCLUDED,0.05,1,20,20,0,20
r8c-2250-3eadbed3c762af5d,2250,E1_ROLLING,RR-REJECTION/1,DT-RAMDE_TS2_FULL,0,COMPLETE,NOT_COMPUTED_MISSING_EXECUTION_OBSERVATION,,0,20,18,2,20
r8c-2251-cb34cdaab0b4039c,2251,E1_ROLLING,RR-REJECTION/1,MATCHED_FIXED_DE_PARETO,0,COMPLETE,INCLUDED,0.0,0,20,20,0,20
r8c-2252-ef1c65435daa014f,2252,E1_ROLLING,RR-REJECTION/1,MATCHED_JDE_STYLE_PARETO,0,COMPLETE,NOT_COMPUTED_MISSING_EXECUTION_OBSERVATION,,0,20,19,1,20
r8c-2253-8c2ef7ae1b733431,2253,E1_ROLLING,RR-REJECTION/1,MATCHED_SHADE_STYLE_PARETO,0,COMPLETE,INCLUDED,0.0,0,20,20,0,20
r8c-2254-2f7a6b86c62777df,2254,E1_ROLLING,RR-REJECTION/1,JMETALPY_1_7_GDE3_STANDARD_PARETO_DE,0,COMPLETE,INCLUDED,0.05,1,20,20,0,20
r8c-2255-da728e6584559666,2255,E1_ROLLING,RR-REJECTION/1,JMETALPY_1_7_NSGAII_DYNAMIC_RESTART_BRIDGE,0,COMPLETE,NOT_COMPUTED_MISSING_EXECUTION_OBSERVATION,,0,20,18,2,20
r8c-2256-9964dac91078a02e,2256,E1_ROLLING,RR-REJECTION/1,DT-RAMDE_TS2_FULL,1,COMPLETE,NOT_COMPUTED_MISSING_EXECUTION_OBSERVATION,,0,20,18,2,20
r8c-2257-3594e2834cb31f3f,2257,E1_ROLLING,RR-REJECTION/1,MATCHED_FIXED_DE_PARETO,1,COMPLETE,INCLUDED,0.0,0,20,20,0,20
r8c-2258-dcf76807d1fd18c8,2258,E1_ROLLING,RR-REJECTION/1,MATCHED_JDE_STYLE_PARETO,1,COMPLETE,INCLUDED,0.0,0,20,20,0,20
r8c-2259-ca875b532fbbee76,2259,E1_ROLLING,RR-REJECTION/1,MATCHED_SHADE_STYLE_PARETO,1,COMPLETE,INCLUDED,0.0,0,20,20,0,20
r8c-2260-df12f5cc10ea4adc,2260,E1_ROLLING,RR-REJECTION/1,JMETALPY_1_7_GDE3_STANDARD_PARETO_DE,1,COMPLETE,INCLUDED,0.05,1,20,20,0,20
r8c-2261-6e4e3e7c2ef59b8c,2261,E1_ROLLING,RR-REJECTION/1,JMETALPY_1_7_NSGAII_DYNAMIC_RESTART_BRIDGE,1,COMPLETE,NOT_COMPUTED_MISSING_EXECUTION_OBSERVATION,,0,20,18,2,20
r8c-2262-f18a0558b3b3623f,2262,E1_ROLLING,RR-REJECTION/1,DT-RAMDE_TS2_FULL,2,COMPLETE,NOT_COMPUTED_MISSING_EXECUTION_OBSERVATION,,0,20,18,2,20
r8c-2263-beb8068653508775,2263,E1_ROLLING,RR-REJECTION/1,MATCHED_FIXED_DE_PARETO,2,COMPLETE,INCLUDED,0.05,1,20,20,0,20
r8c-2264-2cff06ead758a337,2264,E1_ROLLING,RR-REJECTION/1,MATCHED_JDE_STYLE_PARETO,2,COMPLETE,NOT_COMPUTED_MISSING_EXECUTION_OBSERVATION,,0,20,19,1,20
r8c-2265-5138637ea0585842,2265,E1_ROLLING,RR-REJECTION/1,MATCHED_SHADE_STYLE_PARETO,2,COMPLETE,INCLUDED,0.0,0,20,20,0,20
r8c-2266-4cd261a65c86daea,2266,E1_ROLLING,RR-REJECTION/1,JMETALPY_1_7_GDE3_STANDARD_PARETO_DE,2,COMPLETE,INCLUDED,0.0,0,20,20,0,20
r8c-2267-1b1dbb72cb6b2ca8,2267,E1_ROLLING,RR-REJECTION/1,JMETALPY_1_7_NSGAII_DYNAMIC_RESTART_BRIDGE,2,COMPLETE,INCLUDED,0.0,0,20,20,0,20
r8c-2268-ac876337818644b6,2268,E1_ROLLING,RR-REJECTION/1,DT-RAMDE_TS2_FULL,3,COMPLETE,NOT_COMPUTED_MISSING_EXECUTION_OBSERVATION,,0,20,18,2,20
r8c-2269-cc9523615aa1f430,2269,E1_ROLLING,RR-REJECTION/1,MATCHED_FIXED_DE_PARETO,3,COMPLETE,INCLUDED,0.0,0,20,20,0,20
r8c-2270-6d52ca448953fffc,2270,E1_ROLLING,RR-REJECTION/1,MATCHED_JDE_STYLE_PARETO,3,COMPLETE,NOT_COMPUTED_MISSING_EXECUTION_OBSERVATION,,0,20,19,1,20
r8c-2271-75002561a8e7f4bb,2271,E1_ROLLING,RR-REJECTION/1,MATCHED_SHADE_STYLE_PARETO,3,COMPLETE,INCLUDED,0.0,0,20,20,0,20
r8c-2272-6e0f115a61ff5aef,2272,E1_ROLLING,RR-REJECTION/1,JMETALPY_1_7_GDE3_STANDARD_PARETO_DE,3,COMPLETE,INCLUDED,0.0,0,20,20,0,20
r8c-2273-47392238669e2b05,2273,E1_ROLLING,RR-REJECTION/1,JMETALPY_1_7_NSGAII_DYNAMIC_RESTART_BRIDGE,3,COMPLETE,NOT_COMPUTED_MISSING_EXECUTION_OBSERVATION,,1,20,18,2,20
r8c-2274-8bd838f7950df506,2274,E1_ROLLING,RR-REJECTION/1,DT-RAMDE_TS2_FULL,4,COMPLETE,NOT_COMPUTED_MISSING_EXECUTION_OBSERVATION,,1,20,18,2,20
r8c-2275-c355f6da858fadec,2275,E1_ROLLING,RR-REJECTION/1,MATCHED_FIXED_DE_PARETO,4,COMPLETE,INCLUDED,0.05,1,20,20,0,20
r8c-2276-75d2391cb3d03077,2276,E1_ROLLING,RR-REJECTION/1,MATCHED_JDE_STYLE_PARETO,4,COMPLETE,INCLUDED,0.0,0,20,20,0,20
r8c-2277-eecfdb7342a5cbb8,2277,E1_ROLLING,RR-REJECTION/1,MATCHED_SHADE_STYLE_PARETO,4,COMPLETE,INCLUDED,0.05,1,20,20,0,20
r8c-2278-375fd27daf1cc1b4,2278,E1_ROLLING,RR-REJECTION/1,JMETALPY_1_7_GDE3_STANDARD_PARETO_DE,4,COMPLETE,INCLUDED,0.0,0,20,20,0,20
r8c-2279-d998b903ea01166c,2279,E1_ROLLING,RR-REJECTION/1,JMETALPY_1_7_NSGAII_DYNAMIC_RESTART_BRIDGE,4,COMPLETE,NOT_COMPUTED_MISSING_EXECUTION_OBSERVATION,,0,20,18,2,20
r8c-2280-5193a29e6741ae89,2280,E1_ROLLING,RR-REJECTION/2,DT-RAMDE_TS2_FULL,0,COMPLETE,NOT_COMPUTED_MISSING_EXECUTION_OBSERVATION,,0,20,11,9,20
r8c-2281-8b6921719b5029f0,2281,E1_ROLLING,RR-REJECTION/2,MATCHED_FIXED_DE_PARETO,0,COMPLETE,INCLUDED,0.0,0,20,20,0,20
r8c-2282-1462d6bcad6683ea,2282,E1_ROLLING,RR-REJECTION/2,MATCHED_JDE_STYLE_PARETO,0,COMPLETE,INCLUDED,0.0,0,20,20,0,20
r8c-2283-fd6c7de54dc3be3d,2283,E1_ROLLING,RR-REJECTION/2,MATCHED_SHADE_STYLE_PARETO,0,COMPLETE,INCLUDED,0.0,0,20,20,0,20
r8c-2284-2768a35c2b4e1c30,2284,E1_ROLLING,RR-REJECTION/2,JMETALPY_1_7_GDE3_STANDARD_PARETO_DE,0,COMPLETE,INCLUDED,0.0,0,20,20,0,20
r8c-2285-ce1e83f987dcaba4,2285,E1_ROLLING,RR-REJECTION/2,JMETALPY_1_7_NSGAII_DYNAMIC_RESTART_BRIDGE,0,COMPLETE,NOT_COMPUTED_MISSING_EXECUTION_OBSERVATION,,0,20,18,2,20
r8c-2286-65ff47984f005da1,2286,E1_ROLLING,RR-REJECTION/2,DT-RAMDE_TS2_FULL,1,COMPLETE,NOT_COMPUTED_MISSING_EXECUTION_OBSERVATION,,0,20,11,9,20
r8c-2287-04de3119dabab1ed,2287,E1_ROLLING,RR-REJECTION/2,MATCHED_FIXED_DE_PARETO,1,COMPLETE,INCLUDED,0.0,0,20,20,0,20
r8c-2288-3682d23c058aa69e,2288,E1_ROLLING,RR-REJECTION/2,MATCHED_JDE_STYLE_PARETO,1,COMPLETE,INCLUDED,0.0,0,20,20,0,20
r8c-2289-2835074369330e91,2289,E1_ROLLING,RR-REJECTION/2,MATCHED_SHADE_STYLE_PARETO,1,COMPLETE,INCLUDED,0.0,0,20,20,0,20
r8c-2290-8411216265af116d,2290,E1_ROLLING,RR-REJECTION/2,JMETALPY_1_7_GDE3_STANDARD_PARETO_DE,1,COMPLETE,INCLUDED,0.0,0,20,20,0,20
r8c-2291-a5ab6c2e5e90addd,2291,E1_ROLLING,RR-REJECTION/2,JMETALPY_1_7_NSGAII_DYNAMIC_RESTART_BRIDGE,1,COMPLETE,INCLUDED,0.0,0,20,20,0,20
r8c-2292-3117e113ca9d60b4,2292,E1_ROLLING,RR-REJECTION/2,DT-RAMDE_TS2_FULL,2,COMPLETE,NOT_COMPUTED_MISSING_EXECUTION_OBSERVATION,,0,20,11,9,20
r8c-2293-b379a56934108365,2293,E1_ROLLING,RR-REJECTION/2,MATCHED_FIXED_DE_PARETO,2,COMPLETE,INCLUDED,0.0,0,20,20,0,20
r8c-2294-3f605476431a4950,2294,E1_ROLLING,RR-REJECTION/2,MATCHED_JDE_STYLE_PARETO,2,COMPLETE,INCLUDED,0.0,0,20,20,0,20
r8c-2295-95bb4b9432f24bdd,2295,E1_ROLLING,RR-REJECTION/2,MATCHED_SHADE_STYLE_PARETO,2,COMPLETE,INCLUDED,0.0,0,20,20,0,20
r8c-2296-ed8a65f8e2f52ac0,2296,E1_ROLLING,RR-REJECTION/2,JMETALPY_1_7_GDE3_STANDARD_PARETO_DE,2,COMPLETE,INCLUDED,0.0,0,20,20,0,20
r8c-2297-83a5146cb054362a,2297,E1_ROLLING,RR-REJECTION/2,JMETALPY_1_7_NSGAII_DYNAMIC_RESTART_BRIDGE,2,COMPLETE,INCLUDED,0.0,0,20,20,0,20
r8c-2298-ce5689baae323973,2298,E1_ROLLING,RR-REJECTION/2,DT-RAMDE_TS2_FULL,3,COMPLETE,NOT_COMPUTED_MISSING_EXECUTION_OBSERVATION,,0,20,11,9,20
r8c-2299-127cb61f513e441f,2299,E1_ROLLING,RR-REJECTION/2,MATCHED_FIXED_DE_PARETO,3,COMPLETE,INCLUDED,0.0,0,20,20,0,20
r8c-2300-2df89d672b23dfb0,2300,E1_ROLLING,RR-REJECTION/2,MATCHED_JDE_STYLE_PARETO,3,COMPLETE,INCLUDED,0.0,0,20,20,0,20
r8c-2301-26f6d64a258c0fd0,2301,E1_ROLLING,RR-REJECTION/2,MATCHED_SHADE_STYLE_PARETO,3,COMPLETE,INCLUDED,0.0,0,20,20,0,20
r8c-2302-b2bb11153f3dce45,2302,E1_ROLLING,RR-REJECTION/2,JMETALPY_1_7_GDE3_STANDARD_PARETO_DE,3,COMPLETE,INCLUDED,0.0,0,20,20,0,20
r8c-2303-6fc49f95078ac707,2303,E1_ROLLING,RR-REJECTION/2,JMETALPY_1_7_NSGAII_DYNAMIC_RESTART_BRIDGE,3,COMPLETE,INCLUDED,0.0,0,20,20,0,20
r8c-2304-ff10bd84ef1a7cb6,2304,E1_ROLLING,RR-REJECTION/2,DT-RAMDE_TS2_FULL,4,COMPLETE,NOT_COMPUTED_MISSING_EXECUTION_OBSERVATION,,0,20,11,9,20
r8c-2305-090a623d2abbb2a0,2305,E1_ROLLING,RR-REJECTION/2,MATCHED_FIXED_DE_PARETO,4,COMPLETE,INCLUDED,0.0,0,20,20,0,20
r8c-2306-4cf2c053b2fd4d0b,2306,E1_ROLLING,RR-REJECTION/2,MATCHED_JDE_STYLE_PARETO,4,COMPLETE,INCLUDED,0.0,0,20,20,0,20
r8c-2307-7ec6af783cdbac8c,2307,E1_ROLLING,RR-REJECTION/2,MATCHED_SHADE_STYLE_PARETO,4,COMPLETE,INCLUDED,0.0,0,20,20,0,20
r8c-2308-3921ba56b33938fc,2308,E1_ROLLING,RR-REJECTION/2,JMETALPY_1_7_GDE3_STANDARD_PARETO_DE,4,COMPLETE,INCLUDED,0.0,0,20,20,0,20
r8c-2309-92111211a1583e88,2309,E1_ROLLING,RR-REJECTION/2,JMETALPY_1_7_NSGAII_DYNAMIC_RESTART_BRIDGE,4,COMPLETE,NOT_COMPUTED_MISSING_EXECUTION_OBSERVATION,,0,20,18,2,20
r8c-2310-61912eb243de67f3,2310,E1_ROLLING,RR-REJECTION/3,DT-RAMDE_TS2_FULL,0,COMPLETE,INCLUDED,0.0,0,20,20,0,20
r8c-2311-c5089d561c6bae89,2311,E1_ROLLING,RR-REJECTION/3,MATCHED_FIXED_DE_PARETO,0,COMPLETE,INCLUDED,0.0,0,20,20,0,20
r8c-2312-da5502a35e3d8ba9,2312,E1_ROLLING,RR-REJECTION/3,MATCHED_JDE_STYLE_PARETO,0,COMPLETE,INCLUDED,0.05,1,20,20,0,20
r8c-2313-1caafd59e3e1c136,2313,E1_ROLLING,RR-REJECTION/3,MATCHED_SHADE_STYLE_PARETO,0,COMPLETE,INCLUDED,0.05,1,20,20,0,20
r8c-2314-12b6c76894b0a481,2314,E1_ROLLING,RR-REJECTION/3,JMETALPY_1_7_GDE3_STANDARD_PARETO_DE,0,COMPLETE,INCLUDED,0.1,2,20,20,0,20
r8c-2315-20a509014d87275b,2315,E1_ROLLING,RR-REJECTION/3,JMETALPY_1_7_NSGAII_DYNAMIC_RESTART_BRIDGE,0,COMPLETE,INCLUDED,0.05,1,20,20,0,20
r8c-2316-2d944434d187da48,2316,E1_ROLLING,RR-REJECTION/3,DT-RAMDE_TS2_FULL,1,COMPLETE,INCLUDED,0.0,0,20,20,0,20
r8c-2317-72554f9b1567116c,2317,E1_ROLLING,RR-REJECTION/3,MATCHED_FIXED_DE_PARETO,1,COMPLETE,INCLUDED,0.0,0,20,20,0,20
r8c-2318-64e62ab8561f9bd2,2318,E1_ROLLING,RR-REJECTION/3,MATCHED_JDE_STYLE_PARETO,1,COMPLETE,INCLUDED,0.0,0,20,20,0,20
r8c-2319-f2eabc3f1a617ba0,2319,E1_ROLLING,RR-REJECTION/3,MATCHED_SHADE_STYLE_PARETO,1,COMPLETE,INCLUDED,0.0,0,20,20,0,20
r8c-2320-4822fe25a1c1e041,2320,E1_ROLLING,RR-REJECTION/3,JMETALPY_1_7_GDE3_STANDARD_PARETO_DE,1,COMPLETE,INCLUDED,0.0,0,20,20,0,20
r8c-2321-6cbdac8e43854514,2321,E1_ROLLING,RR-REJECTION/3,JMETALPY_1_7_NSGAII_DYNAMIC_RESTART_BRIDGE,1,COMPLETE,INCLUDED,0.05,1,20,20,0,20
r8c-2322-2bc1cd70c8e5fbef,2322,E1_ROLLING,RR-REJECTION/3,DT-RAMDE_TS2_FULL,2,COMPLETE,INCLUDED,0.0,0,20,20,0,20
r8c-2323-f06b993a35a05c50,2323,E1_ROLLING,RR-REJECTION/3,MATCHED_FIXED_DE_PARETO,2,COMPLETE,INCLUDED,0.0,0,20,20,0,20
r8c-2324-6337a67c2ef505ae,2324,E1_ROLLING,RR-REJECTION/3,MATCHED_JDE_STYLE_PARETO,2,COMPLETE,INCLUDED,0.0,0,20,20,0,20
r8c-2325-4ff5460a2ef99a25,2325,E1_ROLLING,RR-REJECTION/3,MATCHED_SHADE_STYLE_PARETO,2,COMPLETE,INCLUDED,0.0,0,20,20,0,20
r8c-2326-a369044c6677bae9,2326,E1_ROLLING,RR-REJECTION/3,JMETALPY_1_7_GDE3_STANDARD_PARETO_DE,2,COMPLETE,INCLUDED,0.05,1,20,20,0,20
r8c-2327-1d6f71197abdddcb,2327,E1_ROLLING,RR-REJECTION/3,JMETALPY_1_7_NSGAII_DYNAMIC_RESTART_BRIDGE,2,COMPLETE,INCLUDED,0.0,0,20,20,0,20
r8c-2328-37bd594ebf5d1ee8,2328,E1_ROLLING,RR-REJECTION/3,DT-RAMDE_TS2_FULL,3,COMPLETE,NOT_COMPUTED_MISSING_EXECUTION_OBSERVATION,,2,20,16,4,20
r8c-2329-56c3346df6952f69,2329,E1_ROLLING,RR-REJECTION/3,MATCHED_FIXED_DE_PARETO,3,COMPLETE,INCLUDED,0.0,0,20,20,0,20
r8c-2330-daed4f27f4754f1f,2330,E1_ROLLING,RR-REJECTION/3,MATCHED_JDE_STYLE_PARETO,3,COMPLETE,INCLUDED,0.05,1,20,20,0,20
r8c-2331-d3c73c7aa373db10,2331,E1_ROLLING,RR-REJECTION/3,MATCHED_SHADE_STYLE_PARETO,3,COMPLETE,INCLUDED,0.0,0,20,20,0,20
r8c-2332-a248a93cced5264f,2332,E1_ROLLING,RR-REJECTION/3,JMETALPY_1_7_GDE3_STANDARD_PARETO_DE,3,COMPLETE,INCLUDED,0.0,0,20,20,0,20
r8c-2333-1c6eaec8d4f6868c,2333,E1_ROLLING,RR-REJECTION/3,JMETALPY_1_7_NSGAII_DYNAMIC_RESTART_BRIDGE,3,COMPLETE,INCLUDED,0.05,1,20,20,0,20
r8c-2334-8f2b600d0a7a4442,2334,E1_ROLLING,RR-REJECTION/3,DT-RAMDE_TS2_FULL,4,COMPLETE,INCLUDED,0.0,0,20,20,0,20
r8c-2335-8f6b396113d420d5,2335,E1_ROLLING,RR-REJECTION/3,MATCHED_FIXED_DE_PARETO,4,COMPLETE,INCLUDED,0.0,0,20,20,0,20
r8c-2336-22c40c4defa86e78,2336,E1_ROLLING,RR-REJECTION/3,MATCHED_JDE_STYLE_PARETO,4,COMPLETE,INCLUDED,0.05,1,20,20,0,20
r8c-2337-a5f11eee0a87f515,2337,E1_ROLLING,RR-REJECTION/3,MATCHED_SHADE_STYLE_PARETO,4,COMPLETE,INCLUDED,0.0,0,20,20,0,20
r8c-2338-4dc5a46c9aea6907,2338,E1_ROLLING,RR-REJECTION/3,JMETALPY_1_7_GDE3_STANDARD_PARETO_DE,4,COMPLETE,INCLUDED,0.0,0,20,20,0,20
r8c-2339-c33eefbcf3006b57,2339,E1_ROLLING,RR-REJECTION/3,JMETALPY_1_7_NSGAII_DYNAMIC_RESTART_BRIDGE,4,COMPLETE,INCLUDED,0.0,0,20,20,0,20
r8c-2340-b22a87bd00fb619c,2340,E1_ROLLING,RR-REJECTION/4,DT-RAMDE_TS2_FULL,0,COMPLETE,INCLUDED,0.0,0,20,20,0,20
r8c-2341-86aa74d3606947da,2341,E1_ROLLING,RR-REJECTION/4,MATCHED_FIXED_DE_PARETO,0,COMPLETE,INCLUDED,0.0,0,20,20,0,20
r8c-2342-d1c015803a902fbb,2342,E1_ROLLING,RR-REJECTION/4,MATCHED_JDE_STYLE_PARETO,0,COMPLETE,INCLUDED,0.0,0,20,20,0,20
r8c-2343-ce5186cca222f1d1,2343,E1_ROLLING,RR-REJECTION/4,MATCHED_SHADE_STYLE_PARETO,0,COMPLETE,INCLUDED,0.0,0,20,20,0,20
r8c-2344-d9bfcbe7250813a4,2344,E1_ROLLING,RR-REJECTION/4,JMETALPY_1_7_GDE3_STANDARD_PARETO_DE,0,COMPLETE,INCLUDED,0.0,0,20,20,0,20
r8c-2345-31ba6cbf39b1d1e3,2345,E1_ROLLING,RR-REJECTION/4,JMETALPY_1_7_NSGAII_DYNAMIC_RESTART_BRIDGE,0,COMPLETE,INCLUDED,0.0,0,20,20,0,20
r8c-2346-3a216fbb11c01ce8,2346,E1_ROLLING,RR-REJECTION/4,DT-RAMDE_TS2_FULL,1,COMPLETE,NOT_COMPUTED_MISSING_EXECUTION_OBSERVATION,,0,20,19,1,20
r8c-2347-2bb79bcc1a6fcc08,2347,E1_ROLLING,RR-REJECTION/4,MATCHED_FIXED_DE_PARETO,1,COMPLETE,INCLUDED,0.0,0,20,20,0,20
r8c-2348-06f33b7285f9004f,2348,E1_ROLLING,RR-REJECTION/4,MATCHED_JDE_STYLE_PARETO,1,COMPLETE,INCLUDED,0.0,0,20,20,0,20
r8c-2349-3c6add7bdf412728,2349,E1_ROLLING,RR-REJECTION/4,MATCHED_SHADE_STYLE_PARETO,1,COMPLETE,INCLUDED,0.0,0,20,20,0,20
r8c-2350-205cd8d169b2fee8,2350,E1_ROLLING,RR-REJECTION/4,JMETALPY_1_7_GDE3_STANDARD_PARETO_DE,1,COMPLETE,INCLUDED,0.0,0,20,20,0,20
r8c-2351-3fd2abbc6666fdfa,2351,E1_ROLLING,RR-REJECTION/4,JMETALPY_1_7_NSGAII_DYNAMIC_RESTART_BRIDGE,1,COMPLETE,INCLUDED,0.0,0,20,20,0,20
r8c-2352-2130e8c0af97af80,2352,E1_ROLLING,RR-REJECTION/4,DT-RAMDE_TS2_FULL,2,COMPLETE,NOT_COMPUTED_MISSING_EXECUTION_OBSERVATION,,0,20,18,2,20
r8c-2353-2560b4fcaf8faca0,2353,E1_ROLLING,RR-REJECTION/4,MATCHED_FIXED_DE_PARETO,2,COMPLETE,INCLUDED,0.0,0,20,20,0,20
r8c-2354-93c0fe0124875ecd,2354,E1_ROLLING,RR-REJECTION/4,MATCHED_JDE_STYLE_PARETO,2,COMPLETE,INCLUDED,0.0,0,20,20,0,20
r8c-2355-549757eab51ee1f6,2355,E1_ROLLING,RR-REJECTION/4,MATCHED_SHADE_STYLE_PARETO,2,COMPLETE,INCLUDED,0.0,0,20,20,0,20
r8c-2356-815c13144dafde0e,2356,E1_ROLLING,RR-REJECTION/4,JMETALPY_1_7_GDE3_STANDARD_PARETO_DE,2,COMPLETE,INCLUDED,0.0,0,20,20,0,20
r8c-2357-c16cace7a1057d62,2357,E1_ROLLING,RR-REJECTION/4,JMETALPY_1_7_NSGAII_DYNAMIC_RESTART_BRIDGE,2,COMPLETE,NOT_COMPUTED_MISSING_EXECUTION_OBSERVATION,,0,20,19,1,20
r8c-2358-f0f5989fb56271ff,2358,E1_ROLLING,RR-REJECTION/4,DT-RAMDE_TS2_FULL,3,COMPLETE,INCLUDED,0.0,0,20,20,0,20
r8c-2359-8c0aa8aba59d186d,2359,E1_ROLLING,RR-REJECTION/4,MATCHED_FIXED_DE_PARETO,3,COMPLETE,INCLUDED,0.0,0,20,20,0,20
r8c-2360-34bb6b5b4263059e,2360,E1_ROLLING,RR-REJECTION/4,MATCHED_JDE_STYLE_PARETO,3,COMPLETE,INCLUDED,0.0,0,20,20,0,20
r8c-2361-7e662a0393f1d627,2361,E1_ROLLING,RR-REJECTION/4,MATCHED_SHADE_STYLE_PARETO,3,COMPLETE,INCLUDED,0.0,0,20,20,0,20
r8c-2362-d09c052b028c8ca3,2362,E1_ROLLING,RR-REJECTION/4,JMETALPY_1_7_GDE3_STANDARD_PARETO_DE,3,COMPLETE,INCLUDED,0.0,0,20,20,0,20
r8c-2363-91962b46b9cb3d26,2363,E1_ROLLING,RR-REJECTION/4,JMETALPY_1_7_NSGAII_DYNAMIC_RESTART_BRIDGE,3,COMPLETE,INCLUDED,0.0,0,20,20,0,20
r8c-2364-62aa56772e54e2ec,2364,E1_ROLLING,RR-REJECTION/4,DT-RAMDE_TS2_FULL,4,COMPLETE,NOT_COMPUTED_MISSING_EXECUTION_OBSERVATION,,0,20,18,2,20
r8c-2365-cc50fb7c05a43a88,2365,E1_ROLLING,RR-REJECTION/4,MATCHED_FIXED_DE_PARETO,4,COMPLETE,INCLUDED,0.0,0,20,20,0,20
r8c-2366-668a722f2ecc2148,2366,E1_ROLLING,RR-REJECTION/4,MATCHED_JDE_STYLE_PARETO,4,COMPLETE,INCLUDED,0.0,0,20,20,0,20
r8c-2367-f684274a1422b3ef,2367,E1_ROLLING,RR-REJECTION/4,MATCHED_SHADE_STYLE_PARETO,4,COMPLETE,INCLUDED,0.0,0,20,20,0,20
r8c-2368-4c20fc9718080a43,2368,E1_ROLLING,RR-REJECTION/4,JMETALPY_1_7_GDE3_STANDARD_PARETO_DE,4,COMPLETE,INCLUDED,0.0,0,20,20,0,20
r8c-2369-cb5dfd671a9fe8d2,2369,E1_ROLLING,RR-REJECTION/4,JMETALPY_1_7_NSGAII_DYNAMIC_RESTART_BRIDGE,4,COMPLETE,INCLUDED,0.0,0,20,20,0,20
r8c-2370-3874b6fc7986d5b6,2370,E1_ROLLING,RR-REJECTION/5,DT-RAMDE_TS2_FULL,0,COMPLETE,NOT_COMPUTED_MISSING_EXECUTION_OBSERVATION,,1,20,18,2,20
r8c-2371-e4d80c91115d3964,2371,E1_ROLLING,RR-REJECTION/5,MATCHED_FIXED_DE_PARETO,0,COMPLETE,INCLUDED,0.0,0,20,20,0,20
r8c-2372-9f240d9bcb9a011f,2372,E1_ROLLING,RR-REJECTION/5,MATCHED_JDE_STYLE_PARETO,0,COMPLETE,INCLUDED,0.05,1,20,20,0,20
r8c-2373-3968e1c582cdf460,2373,E1_ROLLING,RR-REJECTION/5,MATCHED_SHADE_STYLE_PARETO,0,COMPLETE,INCLUDED,0.0,0,20,20,0,20
r8c-2374-e48f1658c12b1787,2374,E1_ROLLING,RR-REJECTION/5,JMETALPY_1_7_GDE3_STANDARD_PARETO_DE,0,COMPLETE,INCLUDED,0.05,1,20,20,0,20
r8c-2375-41fffacba9f647fa,2375,E1_ROLLING,RR-REJECTION/5,JMETALPY_1_7_NSGAII_DYNAMIC_RESTART_BRIDGE,0,COMPLETE,INCLUDED,0.05,1,20,20,0,20
r8c-2376-1db94e5e9ef111d5,2376,E1_ROLLING,RR-REJECTION/5,DT-RAMDE_TS2_FULL,1,COMPLETE,NOT_COMPUTED_MISSING_EXECUTION_OBSERVATION,,0,20,18,2,20
r8c-2377-3954a5f299183d35,2377,E1_ROLLING,RR-REJECTION/5,MATCHED_FIXED_DE_PARETO,1,COMPLETE,INCLUDED,0.0,0,20,20,0,20
r8c-2378-9e740be0c5f675ee,2378,E1_ROLLING,RR-REJECTION/5,MATCHED_JDE_STYLE_PARETO,1,COMPLETE,INCLUDED,0.0,0,20,20,0,20
r8c-2379-1983e49e449fe83e,2379,E1_ROLLING,RR-REJECTION/5,MATCHED_SHADE_STYLE_PARETO,1,COMPLETE,INCLUDED,0.1,2,20,20,0,20
r8c-2380-e817062b03364d46,2380,E1_ROLLING,RR-REJECTION/5,JMETALPY_1_7_GDE3_STANDARD_PARETO_DE,1,COMPLETE,INCLUDED,0.05,1,20,20,0,20
r8c-2381-8e85591404cc7294,2381,E1_ROLLING,RR-REJECTION/5,JMETALPY_1_7_NSGAII_DYNAMIC_RESTART_BRIDGE,1,COMPLETE,INCLUDED,0.05,1,20,20,0,20
r8c-2382-cb79c42d1de3364f,2382,E1_ROLLING,RR-REJECTION/5,DT-RAMDE_TS2_FULL,2,COMPLETE,NOT_COMPUTED_MISSING_EXECUTION_OBSERVATION,,1,20,19,1,20
r8c-2383-4922d8cc0168c8a7,2383,E1_ROLLING,RR-REJECTION/5,MATCHED_FIXED_DE_PARETO,2,COMPLETE,INCLUDED,0.0,0,20,20,0,20
r8c-2384-71037433c2b1b093,2384,E1_ROLLING,RR-REJECTION/5,MATCHED_JDE_STYLE_PARETO,2,COMPLETE,INCLUDED,0.1,2,20,20,0,20
r8c-2385-41f4f1b9f36b8163,2385,E1_ROLLING,RR-REJECTION/5,MATCHED_SHADE_STYLE_PARETO,2,COMPLETE,INCLUDED,0.05,1,20,20,0,20
r8c-2386-c50ed6a20f7afdc8,2386,E1_ROLLING,RR-REJECTION/5,JMETALPY_1_7_GDE3_STANDARD_PARETO_DE,2,COMPLETE,INCLUDED,0.0,0,20,20,0,20
r8c-2387-608b3a15dc350a1e,2387,E1_ROLLING,RR-REJECTION/5,JMETALPY_1_7_NSGAII_DYNAMIC_RESTART_BRIDGE,2,COMPLETE,INCLUDED,0.0,0,20,20,0,20
r8c-2388-271872e3f29ff662,2388,E1_ROLLING,RR-REJECTION/5,DT-RAMDE_TS2_FULL,3,COMPLETE,NOT_COMPUTED_MISSING_EXECUTION_OBSERVATION,,1,20,18,2,20
r8c-2389-d89cf03122399f61,2389,E1_ROLLING,RR-REJECTION/5,MATCHED_FIXED_DE_PARETO,3,COMPLETE,INCLUDED,0.0,0,20,20,0,20
r8c-2390-8c812b60d9fabbcf,2390,E1_ROLLING,RR-REJECTION/5,MATCHED_JDE_STYLE_PARETO,3,COMPLETE,INCLUDED,0.0,0,20,20,0,20
r8c-2391-9994d89c97ed54d4,2391,E1_ROLLING,RR-REJECTION/5,MATCHED_SHADE_STYLE_PARETO,3,COMPLETE,INCLUDED,0.0,0,20,20,0,20
r8c-2392-64645ea4bb6cc874,2392,E1_ROLLING,RR-REJECTION/5,JMETALPY_1_7_GDE3_STANDARD_PARETO_DE,3,COMPLETE,INCLUDED,0.0,0,20,20,0,20
r8c-2393-55f9b0d4f3911b6b,2393,E1_ROLLING,RR-REJECTION/5,JMETALPY_1_7_NSGAII_DYNAMIC_RESTART_BRIDGE,3,COMPLETE,INCLUDED,0.0,0,20,20,0,20
r8c-2394-42c1f89e66101153,2394,E1_ROLLING,RR-REJECTION/5,DT-RAMDE_TS2_FULL,4,COMPLETE,NOT_COMPUTED_MISSING_EXECUTION_OBSERVATION,,1,20,18,2,20
r8c-2395-0ac2d97ca3527d2a,2395,E1_ROLLING,RR-REJECTION/5,MATCHED_FIXED_DE_PARETO,4,COMPLETE,INCLUDED,0.0,0,20,20,0,20
r8c-2396-f61411ecd4fe214b,2396,E1_ROLLING,RR-REJECTION/5,MATCHED_JDE_STYLE_PARETO,4,COMPLETE,INCLUDED,0.0,0,20,20,0,20
r8c-2397-3b1a6ce9bed0cb05,2397,E1_ROLLING,RR-REJECTION/5,MATCHED_SHADE_STYLE_PARETO,4,COMPLETE,INCLUDED,0.0,0,20,20,0,20
r8c-2398-f141134d80497cb5,2398,E1_ROLLING,RR-REJECTION/5,JMETALPY_1_7_GDE3_STANDARD_PARETO_DE,4,COMPLETE,INCLUDED,0.0,0,20,20,0,20
r8c-2399-f3d80d149b7c8d61,2399,E1_ROLLING,RR-REJECTION/5,JMETALPY_1_7_NSGAII_DYNAMIC_RESTART_BRIDGE,4,COMPLETE,INCLUDED,0.0,0,20,20,0,20
r8c-2400-5a28549c72f5649c,2400,E1_ROLLING,RR-REJECTION/6,DT-RAMDE_TS2_FULL,0,COMPLETE,NOT_COMPUTED_MISSING_EXECUTION_OBSERVATION,,0,20,19,1,20
r8c-2401-1d9fa012d1ffd10c,2401,E1_ROLLING,RR-REJECTION/6,MATCHED_FIXED_DE_PARETO,0,COMPLETE,INCLUDED,0.0,0,20,20,0,20
r8c-2402-69117f82814de9ab,2402,E1_ROLLING,RR-REJECTION/6,MATCHED_JDE_STYLE_PARETO,0,COMPLETE,INCLUDED,0.0,0,20,20,0,20
r8c-2403-ffd470f58347c21e,2403,E1_ROLLING,RR-REJECTION/6,MATCHED_SHADE_STYLE_PARETO,0,COMPLETE,INCLUDED,0.0,0,20,20,0,20
r8c-2404-50f41d39af394552,2404,E1_ROLLING,RR-REJECTION/6,JMETALPY_1_7_GDE3_STANDARD_PARETO_DE,0,COMPLETE,INCLUDED,0.0,0,20,20,0,20
r8c-2405-a074ed41ab1c967c,2405,E1_ROLLING,RR-REJECTION/6,JMETALPY_1_7_NSGAII_DYNAMIC_RESTART_BRIDGE,0,COMPLETE,INCLUDED,0.0,0,20,20,0,20
r8c-2406-2bfec57082aad79a,2406,E1_ROLLING,RR-REJECTION/6,DT-RAMDE_TS2_FULL,1,COMPLETE,INCLUDED,0.05,1,20,20,0,20
r8c-2407-285b8c9de187be11,2407,E1_ROLLING,RR-REJECTION/6,MATCHED_FIXED_DE_PARETO,1,COMPLETE,INCLUDED,0.0,0,20,20,0,20
r8c-2408-e5a725b0401b0c74,2408,E1_ROLLING,RR-REJECTION/6,MATCHED_JDE_STYLE_PARETO,1,COMPLETE,INCLUDED,0.0,0,20,20,0,20
r8c-2409-9a06a0f780f182e0,2409,E1_ROLLING,RR-REJECTION/6,MATCHED_SHADE_STYLE_PARETO,1,COMPLETE,INCLUDED,0.0,0,20,20,0,20
r8c-2410-994475dc55f5c5e5,2410,E1_ROLLING,RR-REJECTION/6,JMETALPY_1_7_GDE3_STANDARD_PARETO_DE,1,COMPLETE,INCLUDED,0.0,0,20,20,0,20
r8c-2411-a239d70bbcb34814,2411,E1_ROLLING,RR-REJECTION/6,JMETALPY_1_7_NSGAII_DYNAMIC_RESTART_BRIDGE,1,COMPLETE,INCLUDED,0.0,0,20,20,0,20
r8c-2412-2a862add53e5a0c5,2412,E1_ROLLING,RR-REJECTION/6,DT-RAMDE_TS2_FULL,2,COMPLETE,INCLUDED,0.0,0,20,20,0,20
r8c-2413-d0871b1b8ad9c0ab,2413,E1_ROLLING,RR-REJECTION/6,MATCHED_FIXED_DE_PARETO,2,COMPLETE,INCLUDED,0.0,0,20,20,0,20
r8c-2414-13e81b67db9e997a,2414,E1_ROLLING,RR-REJECTION/6,MATCHED_JDE_STYLE_PARETO,2,COMPLETE,INCLUDED,0.0,0,20,20,0,20
r8c-2415-632e163130f98118,2415,E1_ROLLING,RR-REJECTION/6,MATCHED_SHADE_STYLE_PARETO,2,COMPLETE,INCLUDED,0.0,0,20,20,0,20
r8c-2416-aa336012d93f26cf,2416,E1_ROLLING,RR-REJECTION/6,JMETALPY_1_7_GDE3_STANDARD_PARETO_DE,2,COMPLETE,INCLUDED,0.0,0,20,20,0,20
r8c-2417-a948487e8503bc83,2417,E1_ROLLING,RR-REJECTION/6,JMETALPY_1_7_NSGAII_DYNAMIC_RESTART_BRIDGE,2,COMPLETE,INCLUDED,0.0,0,20,20,0,20
r8c-2418-469b7ba3ce7740bc,2418,E1_ROLLING,RR-REJECTION/6,DT-RAMDE_TS2_FULL,3,COMPLETE,INCLUDED,0.05,1,20,20,0,20
r8c-2419-45125425dd32ca48,2419,E1_ROLLING,RR-REJECTION/6,MATCHED_FIXED_DE_PARETO,3,COMPLETE,INCLUDED,0.0,0,20,20,0,20
r8c-2420-efe207512b8b3784,2420,E1_ROLLING,RR-REJECTION/6,MATCHED_JDE_STYLE_PARETO,3,COMPLETE,INCLUDED,0.0,0,20,20,0,20
r8c-2421-65947694ac954aa6,2421,E1_ROLLING,RR-REJECTION/6,MATCHED_SHADE_STYLE_PARETO,3,COMPLETE,INCLUDED,0.0,0,20,20,0,20
r8c-2422-b3e96feaf839c24a,2422,E1_ROLLING,RR-REJECTION/6,JMETALPY_1_7_GDE3_STANDARD_PARETO_DE,3,COMPLETE,INCLUDED,0.0,0,20,20,0,20
r8c-2423-6e043891f86fa5a1,2423,E1_ROLLING,RR-REJECTION/6,JMETALPY_1_7_NSGAII_DYNAMIC_RESTART_BRIDGE,3,COMPLETE,INCLUDED,0.05,1,20,20,0,20
r8c-2424-928fc511808dec54,2424,E1_ROLLING,RR-REJECTION/6,DT-RAMDE_TS2_FULL,4,COMPLETE,NOT_COMPUTED_MISSING_EXECUTION_OBSERVATION,,0,20,19,1,20
r8c-2425-896b1d186c560fdc,2425,E1_ROLLING,RR-REJECTION/6,MATCHED_FIXED_DE_PARETO,4,COMPLETE,INCLUDED,0.0,0,20,20,0,20
r8c-2426-8bc80f6088dcfe3a,2426,E1_ROLLING,RR-REJECTION/6,MATCHED_JDE_STYLE_PARETO,4,COMPLETE,INCLUDED,0.0,0,20,20,0,20
r8c-2427-1c1670f8ed92ba97,2427,E1_ROLLING,RR-REJECTION/6,MATCHED_SHADE_STYLE_PARETO,4,COMPLETE,INCLUDED,0.0,0,20,20,0,20
r8c-2428-90a24df3cb5ca452,2428,E1_ROLLING,RR-REJECTION/6,JMETALPY_1_7_GDE3_STANDARD_PARETO_DE,4,COMPLETE,INCLUDED,0.0,0,20,20,0,20
r8c-2429-328a68e37e66c41b,2429,E1_ROLLING,RR-REJECTION/6,JMETALPY_1_7_NSGAII_DYNAMIC_RESTART_BRIDGE,4,COMPLETE,INCLUDED,0.0,0,20,20,0,20
r8c-2430-4d9262a741d714c5,2430,E1_ROLLING,RR-REJECTION/7,DT-RAMDE_TS2_FULL,0,COMPLETE,NOT_COMPUTED_MISSING_EXECUTION_OBSERVATION,,0,20,15,5,20
r8c-2431-037a7ddca40860bd,2431,E1_ROLLING,RR-REJECTION/7,MATCHED_FIXED_DE_PARETO,0,COMPLETE,INCLUDED,0.0,0,20,20,0,20
r8c-2432-740e8d81e3f13b39,2432,E1_ROLLING,RR-REJECTION/7,MATCHED_JDE_STYLE_PARETO,0,COMPLETE,INCLUDED,0.0,0,20,20,0,20
r8c-2433-d01bcff1305ff0e6,2433,E1_ROLLING,RR-REJECTION/7,MATCHED_SHADE_STYLE_PARETO,0,COMPLETE,INCLUDED,0.0,0,20,20,0,20
r8c-2434-346a81f513548548,2434,E1_ROLLING,RR-REJECTION/7,JMETALPY_1_7_GDE3_STANDARD_PARETO_DE,0,COMPLETE,INCLUDED,0.0,0,20,20,0,20
r8c-2435-e2450a8de0dfea79,2435,E1_ROLLING,RR-REJECTION/7,JMETALPY_1_7_NSGAII_DYNAMIC_RESTART_BRIDGE,0,COMPLETE,INCLUDED,0.0,0,20,20,0,20
r8c-2436-5e1dfd00c465802d,2436,E1_ROLLING,RR-REJECTION/7,DT-RAMDE_TS2_FULL,1,COMPLETE,NOT_COMPUTED_MISSING_EXECUTION_OBSERVATION,,0,20,13,7,20
r8c-2437-b79f42dbf3668997,2437,E1_ROLLING,RR-REJECTION/7,MATCHED_FIXED_DE_PARETO,1,COMPLETE,INCLUDED,0.0,0,20,20,0,20
r8c-2438-0deee34cf7c6e5b0,2438,E1_ROLLING,RR-REJECTION/7,MATCHED_JDE_STYLE_PARETO,1,COMPLETE,INCLUDED,0.0,0,20,20,0,20
r8c-2439-cc4b7f2c110b87bb,2439,E1_ROLLING,RR-REJECTION/7,MATCHED_SHADE_STYLE_PARETO,1,COMPLETE,INCLUDED,0.0,0,20,20,0,20
r8c-2440-6307b671ee63dede,2440,E1_ROLLING,RR-REJECTION/7,JMETALPY_1_7_GDE3_STANDARD_PARETO_DE,1,COMPLETE,INCLUDED,0.0,0,20,20,0,20
r8c-2441-1857365b504b593c,2441,E1_ROLLING,RR-REJECTION/7,JMETALPY_1_7_NSGAII_DYNAMIC_RESTART_BRIDGE,1,COMPLETE,INCLUDED,0.0,0,20,20,0,20
r8c-2442-d7147d3f34ba2774,2442,E1_ROLLING,RR-REJECTION/7,DT-RAMDE_TS2_FULL,2,COMPLETE,NOT_COMPUTED_MISSING_EXECUTION_OBSERVATION,,0,20,18,2,20
r8c-2443-98f9e1b4e2dda580,2443,E1_ROLLING,RR-REJECTION/7,MATCHED_FIXED_DE_PARETO,2,COMPLETE,INCLUDED,0.0,0,20,20,0,20
r8c-2444-58eda88f7d50b198,2444,E1_ROLLING,RR-REJECTION/7,MATCHED_JDE_STYLE_PARETO,2,COMPLETE,INCLUDED,0.0,0,20,20,0,20
r8c-2445-455c24c16530dcf4,2445,E1_ROLLING,RR-REJECTION/7,MATCHED_SHADE_STYLE_PARETO,2,COMPLETE,INCLUDED,0.05,1,20,20,0,20
r8c-2446-990584d84dd848cd,2446,E1_ROLLING,RR-REJECTION/7,JMETALPY_1_7_GDE3_STANDARD_PARETO_DE,2,COMPLETE,INCLUDED,0.0,0,20,20,0,20
r8c-2447-2671d57ee1029360,2447,E1_ROLLING,RR-REJECTION/7,JMETALPY_1_7_NSGAII_DYNAMIC_RESTART_BRIDGE,2,COMPLETE,INCLUDED,0.0,0,20,20,0,20
r8c-2448-cba6d659a46341d1,2448,E1_ROLLING,RR-REJECTION/7,DT-RAMDE_TS2_FULL,3,COMPLETE,NOT_COMPUTED_MISSING_EXECUTION_OBSERVATION,,0,20,17,3,20
r8c-2449-649c8734ad08d3ef,2449,E1_ROLLING,RR-REJECTION/7,MATCHED_FIXED_DE_PARETO,3,COMPLETE,INCLUDED,0.0,0,20,20,0,20
r8c-2450-15622e764634fb6c,2450,E1_ROLLING,RR-REJECTION/7,MATCHED_JDE_STYLE_PARETO,3,COMPLETE,INCLUDED,0.0,0,20,20,0,20
r8c-2451-24d81d5d90ccf65d,2451,E1_ROLLING,RR-REJECTION/7,MATCHED_SHADE_STYLE_PARETO,3,COMPLETE,INCLUDED,0.0,0,20,20,0,20
r8c-2452-aa91b5b69258677d,2452,E1_ROLLING,RR-REJECTION/7,JMETALPY_1_7_GDE3_STANDARD_PARETO_DE,3,COMPLETE,INCLUDED,0.0,0,20,20,0,20
r8c-2453-b084a2202f36621e,2453,E1_ROLLING,RR-REJECTION/7,JMETALPY_1_7_NSGAII_DYNAMIC_RESTART_BRIDGE,3,COMPLETE,INCLUDED,0.0,0,20,20,0,20
r8c-2454-4e6312d7cd0c83a5,2454,E1_ROLLING,RR-REJECTION/7,DT-RAMDE_TS2_FULL,4,COMPLETE,NOT_COMPUTED_MISSING_EXECUTION_OBSERVATION,,0,20,13,7,20
r8c-2455-5f83dceb869d84b6,2455,E1_ROLLING,RR-REJECTION/7,MATCHED_FIXED_DE_PARETO,4,COMPLETE,INCLUDED,0.0,0,20,20,0,20
r8c-2456-4e987847ac14cbfb,2456,E1_ROLLING,RR-REJECTION/7,MATCHED_JDE_STYLE_PARETO,4,COMPLETE,INCLUDED,0.0,0,20,20,0,20
r8c-2457-8b0e1932c0b92dfb,2457,E1_ROLLING,RR-REJECTION/7,MATCHED_SHADE_STYLE_PARETO,4,COMPLETE,INCLUDED,0.0,0,20,20,0,20
r8c-2458-885046a3854e2cfa,2458,E1_ROLLING,RR-REJECTION/7,JMETALPY_1_7_GDE3_STANDARD_PARETO_DE,4,COMPLETE,INCLUDED,0.0,0,20,20,0,20
r8c-2459-39d055ff2eb0415f,2459,E1_ROLLING,RR-REJECTION/7,JMETALPY_1_7_NSGAII_DYNAMIC_RESTART_BRIDGE,4,COMPLETE,INCLUDED,0.05,1,20,20,0,20
r8c-2460-dba68bdfc20f2a7d,2460,E1_ROLLING,RR-INTERMITTENT/0,DT-RAMDE_TS2_FULL,0,COMPLETE,NOT_COMPUTED_MISSING_EXECUTION_OBSERVATION,,0,20,5,15,20
r8c-2461-8bcecb2537b20606,2461,E1_ROLLING,RR-INTERMITTENT/0,MATCHED_FIXED_DE_PARETO,0,COMPLETE,NOT_COMPUTED_MISSING_EXECUTION_OBSERVATION,,0,20,14,6,20
r8c-2462-7f5a2bc5b618f101,2462,E1_ROLLING,RR-INTERMITTENT/0,MATCHED_JDE_STYLE_PARETO,0,COMPLETE,NOT_COMPUTED_MISSING_EXECUTION_OBSERVATION,,2,20,14,6,20
r8c-2463-c7d6af04938e3f9e,2463,E1_ROLLING,RR-INTERMITTENT/0,MATCHED_SHADE_STYLE_PARETO,0,COMPLETE,NOT_COMPUTED_MISSING_EXECUTION_OBSERVATION,,0,20,14,6,20
r8c-2464-8fc58801f94802f9,2464,E1_ROLLING,RR-INTERMITTENT/0,JMETALPY_1_7_GDE3_STANDARD_PARETO_DE,0,COMPLETE,NOT_COMPUTED_MISSING_EXECUTION_OBSERVATION,,1,20,14,6,20
r8c-2465-3dfef91fd95afbcd,2465,E1_ROLLING,RR-INTERMITTENT/0,JMETALPY_1_7_NSGAII_DYNAMIC_RESTART_BRIDGE,0,COMPLETE,NOT_COMPUTED_MISSING_EXECUTION_OBSERVATION,,1,20,14,6,20
r8c-2466-172f61346f97cc1b,2466,E1_ROLLING,RR-INTERMITTENT/0,DT-RAMDE_TS2_FULL,1,COMPLETE,NOT_COMPUTED_MISSING_EXECUTION_OBSERVATION,,1,20,10,10,20
r8c-2467-2dab16b5efe06645,2467,E1_ROLLING,RR-INTERMITTENT/0,MATCHED_FIXED_DE_PARETO,1,COMPLETE,NOT_COMPUTED_MISSING_EXECUTION_OBSERVATION,,0,20,14,6,20
r8c-2468-17ac8d34b98fc742,2468,E1_ROLLING,RR-INTERMITTENT/0,MATCHED_JDE_STYLE_PARETO,1,COMPLETE,NOT_COMPUTED_MISSING_EXECUTION_OBSERVATION,,0,20,14,6,20
r8c-2469-ddb22e69aeae2158,2469,E1_ROLLING,RR-INTERMITTENT/0,MATCHED_SHADE_STYLE_PARETO,1,COMPLETE,NOT_COMPUTED_MISSING_EXECUTION_OBSERVATION,,0,20,14,6,20
r8c-2470-beef176ea17b831e,2470,E1_ROLLING,RR-INTERMITTENT/0,JMETALPY_1_7_GDE3_STANDARD_PARETO_DE,1,COMPLETE,NOT_COMPUTED_MISSING_EXECUTION_OBSERVATION,,0,20,14,6,20
r8c-2471-e1ad944f9596b08d,2471,E1_ROLLING,RR-INTERMITTENT/0,JMETALPY_1_7_NSGAII_DYNAMIC_RESTART_BRIDGE,1,COMPLETE,NOT_COMPUTED_MISSING_EXECUTION_OBSERVATION,,1,20,14,6,20
r8c-2472-3c3734cc2012bf1d,2472,E1_ROLLING,RR-INTERMITTENT/0,DT-RAMDE_TS2_FULL,2,COMPLETE,NOT_COMPUTED_MISSING_EXECUTION_OBSERVATION,,0,20,9,11,20
r8c-2473-7630549494dff4a0,2473,E1_ROLLING,RR-INTERMITTENT/0,MATCHED_FIXED_DE_PARETO,2,COMPLETE,NOT_COMPUTED_MISSING_EXECUTION_OBSERVATION,,0,20,14,6,20
r8c-2474-c856506276d5048b,2474,E1_ROLLING,RR-INTERMITTENT/0,MATCHED_JDE_STYLE_PARETO,2,COMPLETE,NOT_COMPUTED_MISSING_EXECUTION_OBSERVATION,,3,20,14,6,20
r8c-2475-b8ccc3dc5205df08,2475,E1_ROLLING,RR-INTERMITTENT/0,MATCHED_SHADE_STYLE_PARETO,2,COMPLETE,NOT_COMPUTED_MISSING_EXECUTION_OBSERVATION,,0,20,14,6,20
r8c-2476-5f27d3a8dc2075a1,2476,E1_ROLLING,RR-INTERMITTENT/0,JMETALPY_1_7_GDE3_STANDARD_PARETO_DE,2,COMPLETE,NOT_COMPUTED_MISSING_EXECUTION_OBSERVATION,,0,20,14,6,20
r8c-2477-b2bd6dc988e2efcd,2477,E1_ROLLING,RR-INTERMITTENT/0,JMETALPY_1_7_NSGAII_DYNAMIC_RESTART_BRIDGE,2,COMPLETE,NOT_COMPUTED_MISSING_EXECUTION_OBSERVATION,,2,20,14,6,20
r8c-2478-13d148ad54bcdfc9,2478,E1_ROLLING,RR-INTERMITTENT/0,DT-RAMDE_TS2_FULL,3,COMPLETE,NOT_COMPUTED_MISSING_EXECUTION_OBSERVATION,,3,20,8,12,20
r8c-2479-9ac1f3f4f38f1f4d,2479,E1_ROLLING,RR-INTERMITTENT/0,MATCHED_FIXED_DE_PARETO,3,COMPLETE,NOT_COMPUTED_MISSING_EXECUTION_OBSERVATION,,0,20,14,6,20
r8c-2480-94fb373682eb1294,2480,E1_ROLLING,RR-INTERMITTENT/0,MATCHED_JDE_STYLE_PARETO,3,COMPLETE,NOT_COMPUTED_MISSING_EXECUTION_OBSERVATION,,1,20,14,6,20
r8c-2481-6ad2abf07c470edc,2481,E1_ROLLING,RR-INTERMITTENT/0,MATCHED_SHADE_STYLE_PARETO,3,COMPLETE,NOT_COMPUTED_MISSING_EXECUTION_OBSERVATION,,0,20,14,6,20
r8c-2482-d94165a8d1c59964,2482,E1_ROLLING,RR-INTERMITTENT/0,JMETALPY_1_7_GDE3_STANDARD_PARETO_DE,3,COMPLETE,NOT_COMPUTED_MISSING_EXECUTION_OBSERVATION,,0,20,14,6,20
r8c-2483-93e9fa89298bee3c,2483,E1_ROLLING,RR-INTERMITTENT/0,JMETALPY_1_7_NSGAII_DYNAMIC_RESTART_BRIDGE,3,COMPLETE,NOT_COMPUTED_MISSING_EXECUTION_OBSERVATION,,1,20,14,6,20
r8c-2484-739a0a42cd4fc4bd,2484,E1_ROLLING,RR-INTERMITTENT/0,DT-RAMDE_TS2_FULL,4,COMPLETE,NOT_COMPUTED_MISSING_EXECUTION_OBSERVATION,,1,20,14,6,20
r8c-2485-5db0892507294745,2485,E1_ROLLING,RR-INTERMITTENT/0,MATCHED_FIXED_DE_PARETO,4,COMPLETE,NOT_COMPUTED_MISSING_EXECUTION_OBSERVATION,,0,20,14,6,20
r8c-2486-68fe4576c0f2c534,2486,E1_ROLLING,RR-INTERMITTENT/0,MATCHED_JDE_STYLE_PARETO,4,COMPLETE,NOT_COMPUTED_MISSING_EXECUTION_OBSERVATION,,0,20,14,6,20
r8c-2487-f118ff79c53ebe0a,2487,E1_ROLLING,RR-INTERMITTENT/0,MATCHED_SHADE_STYLE_PARETO,4,COMPLETE,NOT_COMPUTED_MISSING_EXECUTION_OBSERVATION,,0,20,14,6,20
r8c-2488-bc5874903fec5ddd,2488,E1_ROLLING,RR-INTERMITTENT/0,JMETALPY_1_7_GDE3_STANDARD_PARETO_DE,4,COMPLETE,NOT_COMPUTED_MISSING_EXECUTION_OBSERVATION,,0,20,14,6,20
r8c-2489-31037d13f6a24ca5,2489,E1_ROLLING,RR-INTERMITTENT/0,JMETALPY_1_7_NSGAII_DYNAMIC_RESTART_BRIDGE,4,COMPLETE,NOT_COMPUTED_MISSING_EXECUTION_OBSERVATION,,2,20,14,6,20
r8c-2490-c6faf57dfc458c5c,2490,E1_ROLLING,RR-INTERMITTENT/1,DT-RAMDE_TS2_FULL,0,COMPLETE,NOT_COMPUTED_MISSING_EXECUTION_OBSERVATION,,1,20,16,4,20
r8c-2491-d1f7b73bef58417d,2491,E1_ROLLING,RR-INTERMITTENT/1,MATCHED_FIXED_DE_PARETO,0,COMPLETE,NOT_COMPUTED_MISSING_EXECUTION_OBSERVATION,,1,20,17,3,20
r8c-2492-7816558e86703a2d,2492,E1_ROLLING,RR-INTERMITTENT/1,MATCHED_JDE_STYLE_PARETO,0,COMPLETE,NOT_COMPUTED_MISSING_EXECUTION_OBSERVATION,,1,20,17,3,20
r8c-2493-21c1ccd8f9e0be40,2493,E1_ROLLING,RR-INTERMITTENT/1,MATCHED_SHADE_STYLE_PARETO,0,COMPLETE,NOT_COMPUTED_MISSING_EXECUTION_OBSERVATION,,2,20,17,3,20
r8c-2494-f46dfc213dd911cb,2494,E1_ROLLING,RR-INTERMITTENT/1,JMETALPY_1_7_GDE3_STANDARD_PARETO_DE,0,COMPLETE,NOT_COMPUTED_MISSING_EXECUTION_OBSERVATION,,2,20,17,3,20
r8c-2495-94ceb12ec3777a10,2495,E1_ROLLING,RR-INTERMITTENT/1,JMETALPY_1_7_NSGAII_DYNAMIC_RESTART_BRIDGE,0,COMPLETE,NOT_COMPUTED_MISSING_EXECUTION_OBSERVATION,,1,20,16,4,20
r8c-2496-bedc5f8999053676,2496,E1_ROLLING,RR-INTERMITTENT/1,DT-RAMDE_TS2_FULL,1,COMPLETE,NOT_COMPUTED_MISSING_EXECUTION_OBSERVATION,,1,20,16,4,20
r8c-2497-69d738b1ae88bfc0,2497,E1_ROLLING,RR-INTERMITTENT/1,MATCHED_FIXED_DE_PARETO,1,COMPLETE,NOT_COMPUTED_MISSING_EXECUTION_OBSERVATION,,1,20,17,3,20
r8c-2498-2d5aec9d8574c658,2498,E1_ROLLING,RR-INTERMITTENT/1,MATCHED_JDE_STYLE_PARETO,1,COMPLETE,NOT_COMPUTED_MISSING_EXECUTION_OBSERVATION,,1,20,17,3,20
r8c-2499-4e2859fa44544886,2499,E1_ROLLING,RR-INTERMITTENT/1,MATCHED_SHADE_STYLE_PARETO,1,COMPLETE,NOT_COMPUTED_MISSING_EXECUTION_OBSERVATION,,0,20,17,3,20
r8c-2500-d99d9d04e16b3f4a,2500,E1_ROLLING,RR-INTERMITTENT/1,JMETALPY_1_7_GDE3_STANDARD_PARETO_DE,1,COMPLETE,NOT_COMPUTED_MISSING_EXECUTION_OBSERVATION,,2,20,17,3,20
r8c-2501-74e83b6b9ecae11d,2501,E1_ROLLING,RR-INTERMITTENT/1,JMETALPY_1_7_NSGAII_DYNAMIC_RESTART_BRIDGE,1,COMPLETE,NOT_COMPUTED_MISSING_EXECUTION_OBSERVATION,,2,20,17,3,20
r8c-2502-621b9cd4fb4fd0fd,2502,E1_ROLLING,RR-INTERMITTENT/1,DT-RAMDE_TS2_FULL,2,COMPLETE,NOT_COMPUTED_MISSING_EXECUTION_OBSERVATION,,1,20,16,4,20
r8c-2503-335b49d87d9a0304,2503,E1_ROLLING,RR-INTERMITTENT/1,MATCHED_FIXED_DE_PARETO,2,COMPLETE,NOT_COMPUTED_MISSING_EXECUTION_OBSERVATION,,1,20,17,3,20
r8c-2504-746d33f7c3555ecf,2504,E1_ROLLING,RR-INTERMITTENT/1,MATCHED_JDE_STYLE_PARETO,2,COMPLETE,NOT_COMPUTED_MISSING_EXECUTION_OBSERVATION,,1,20,17,3,20
r8c-2505-715edd685bfe6430,2505,E1_ROLLING,RR-INTERMITTENT/1,MATCHED_SHADE_STYLE_PARETO,2,COMPLETE,NOT_COMPUTED_MISSING_EXECUTION_OBSERVATION,,1,20,17,3,20
r8c-2506-f3545269e0d6a4f9,2506,E1_ROLLING,RR-INTERMITTENT/1,JMETALPY_1_7_GDE3_STANDARD_PARETO_DE,2,COMPLETE,NOT_COMPUTED_MISSING_EXECUTION_OBSERVATION,,1,20,17,3,20
r8c-2507-f619cbdcdc74b8fd,2507,E1_ROLLING,RR-INTERMITTENT/1,JMETALPY_1_7_NSGAII_DYNAMIC_RESTART_BRIDGE,2,COMPLETE,NOT_COMPUTED_MISSING_EXECUTION_OBSERVATION,,1,20,16,4,20
r8c-2508-44b8f7fdaba80d7c,2508,E1_ROLLING,RR-INTERMITTENT/1,DT-RAMDE_TS2_FULL,3,COMPLETE,NOT_COMPUTED_MISSING_EXECUTION_OBSERVATION,,1,20,16,4,20
r8c-2509-21ba3b825746d569,2509,E1_ROLLING,RR-INTERMITTENT/1,MATCHED_FIXED_DE_PARETO,3,COMPLETE,NOT_COMPUTED_MISSING_EXECUTION_OBSERVATION,,1,20,17,3,20
r8c-2510-df70cd47346de261,2510,E1_ROLLING,RR-INTERMITTENT/1,MATCHED_JDE_STYLE_PARETO,3,COMPLETE,NOT_COMPUTED_MISSING_EXECUTION_OBSERVATION,,1,20,17,3,20
r8c-2511-42607a6adb42a948,2511,E1_ROLLING,RR-INTERMITTENT/1,MATCHED_SHADE_STYLE_PARETO,3,COMPLETE,NOT_COMPUTED_MISSING_EXECUTION_OBSERVATION,,1,20,17,3,20
r8c-2512-0571039630bc986a,2512,E1_ROLLING,RR-INTERMITTENT/1,JMETALPY_1_7_GDE3_STANDARD_PARETO_DE,3,COMPLETE,NOT_COMPUTED_MISSING_EXECUTION_OBSERVATION,,1,20,17,3,20
r8c-2513-8fe34762f04fe0db,2513,E1_ROLLING,RR-INTERMITTENT/1,JMETALPY_1_7_NSGAII_DYNAMIC_RESTART_BRIDGE,3,COMPLETE,NOT_COMPUTED_MISSING_EXECUTION_OBSERVATION,,1,20,16,4,20
r8c-2514-45602fc72f726f49,2514,E1_ROLLING,RR-INTERMITTENT/1,DT-RAMDE_TS2_FULL,4,COMPLETE,NOT_COMPUTED_MISSING_EXECUTION_OBSERVATION,,2,20,15,5,20
r8c-2515-d73981f9c6ec8730,2515,E1_ROLLING,RR-INTERMITTENT/1,MATCHED_FIXED_DE_PARETO,4,COMPLETE,NOT_COMPUTED_MISSING_EXECUTION_OBSERVATION,,2,20,17,3,20
r8c-2516-a6941ebd35f3a41e,2516,E1_ROLLING,RR-INTERMITTENT/1,MATCHED_JDE_STYLE_PARETO,4,COMPLETE,NOT_COMPUTED_MISSING_EXECUTION_OBSERVATION,,1,20,17,3,20
r8c-2517-6e5a08595f852a43,2517,E1_ROLLING,RR-INTERMITTENT/1,MATCHED_SHADE_STYLE_PARETO,4,COMPLETE,NOT_COMPUTED_MISSING_EXECUTION_OBSERVATION,,1,20,17,3,20
r8c-2518-5d3fad3636e566b8,2518,E1_ROLLING,RR-INTERMITTENT/1,JMETALPY_1_7_GDE3_STANDARD_PARETO_DE,4,COMPLETE,NOT_COMPUTED_MISSING_EXECUTION_OBSERVATION,,1,20,17,3,20
r8c-2519-5da638cce0b2afc2,2519,E1_ROLLING,RR-INTERMITTENT/1,JMETALPY_1_7_NSGAII_DYNAMIC_RESTART_BRIDGE,4,COMPLETE,NOT_COMPUTED_MISSING_EXECUTION_OBSERVATION,,1,20,16,4,20
r8c-2520-9a11fb4ba17d4f6c,2520,E1_ROLLING,RR-INTERMITTENT/2,DT-RAMDE_TS2_FULL,0,COMPLETE,NOT_COMPUTED_MISSING_EXECUTION_OBSERVATION,,0,20,13,7,20
r8c-2521-d04190ee01f571eb,2521,E1_ROLLING,RR-INTERMITTENT/2,MATCHED_FIXED_DE_PARETO,0,COMPLETE,NOT_COMPUTED_MISSING_EXECUTION_OBSERVATION,,0,20,13,7,20
r8c-2522-7e5715bbc851988a,2522,E1_ROLLING,RR-INTERMITTENT/2,MATCHED_JDE_STYLE_PARETO,0,COMPLETE,NOT_COMPUTED_MISSING_EXECUTION_OBSERVATION,,0,20,13,7,20
r8c-2523-fd8b80ca43c6d3f8,2523,E1_ROLLING,RR-INTERMITTENT/2,MATCHED_SHADE_STYLE_PARETO,0,COMPLETE,NOT_COMPUTED_MISSING_EXECUTION_OBSERVATION,,0,20,13,7,20
r8c-2524-33561a0795263c61,2524,E1_ROLLING,RR-INTERMITTENT/2,JMETALPY_1_7_GDE3_STANDARD_PARETO_DE,0,COMPLETE,NOT_COMPUTED_MISSING_EXECUTION_OBSERVATION,,0,20,13,7,20
r8c-2525-f197e77ca0e7f8da,2525,E1_ROLLING,RR-INTERMITTENT/2,JMETALPY_1_7_NSGAII_DYNAMIC_RESTART_BRIDGE,0,COMPLETE,NOT_COMPUTED_MISSING_EXECUTION_OBSERVATION,,0,20,13,7,20
r8c-2526-4d4f5a192b374c06,2526,E1_ROLLING,RR-INTERMITTENT/2,DT-RAMDE_TS2_FULL,1,COMPLETE,NOT_COMPUTED_MISSING_EXECUTION_OBSERVATION,,0,20,12,8,20
r8c-2527-0f05237c7a12b205,2527,E1_ROLLING,RR-INTERMITTENT/2,MATCHED_FIXED_DE_PARETO,1,COMPLETE,NOT_COMPUTED_MISSING_EXECUTION_OBSERVATION,,0,20,13,7,20
r8c-2528-082421c709178554,2528,E1_ROLLING,RR-INTERMITTENT/2,MATCHED_JDE_STYLE_PARETO,1,COMPLETE,NOT_COMPUTED_MISSING_EXECUTION_OBSERVATION,,0,20,13,7,20
r8c-2529-eef2ca62ed2928b8,2529,E1_ROLLING,RR-INTERMITTENT/2,MATCHED_SHADE_STYLE_PARETO,1,COMPLETE,NOT_COMPUTED_MISSING_EXECUTION_OBSERVATION,,0,20,13,7,20
r8c-2530-d9a7cdc46d70fdbe,2530,E1_ROLLING,RR-INTERMITTENT/2,JMETALPY_1_7_GDE3_STANDARD_PARETO_DE,1,COMPLETE,NOT_COMPUTED_MISSING_EXECUTION_OBSERVATION,,0,20,13,7,20
r8c-2531-49d11cccd7c01723,2531,E1_ROLLING,RR-INTERMITTENT/2,JMETALPY_1_7_NSGAII_DYNAMIC_RESTART_BRIDGE,1,COMPLETE,NOT_COMPUTED_MISSING_EXECUTION_OBSERVATION,,0,20,13,7,20
r8c-2532-c19e90f3316478fb,2532,E1_ROLLING,RR-INTERMITTENT/2,DT-RAMDE_TS2_FULL,2,COMPLETE,NOT_COMPUTED_MISSING_EXECUTION_OBSERVATION,,0,20,13,7,20
r8c-2533-7e52c0e90af7be79,2533,E1_ROLLING,RR-INTERMITTENT/2,MATCHED_FIXED_DE_PARETO,2,COMPLETE,NOT_COMPUTED_MISSING_EXECUTION_OBSERVATION,,0,20,13,7,20
r8c-2534-ce986be7101e8dee,2534,E1_ROLLING,RR-INTERMITTENT/2,MATCHED_JDE_STYLE_PARETO,2,COMPLETE,NOT_COMPUTED_MISSING_EXECUTION_OBSERVATION,,0,20,13,7,20
r8c-2535-43fe11b07ebc8498,2535,E1_ROLLING,RR-INTERMITTENT/2,MATCHED_SHADE_STYLE_PARETO,2,COMPLETE,NOT_COMPUTED_MISSING_EXECUTION_OBSERVATION,,0,20,13,7,20
r8c-2536-f0dc9873195a1f75,2536,E1_ROLLING,RR-INTERMITTENT/2,JMETALPY_1_7_GDE3_STANDARD_PARETO_DE,2,COMPLETE,NOT_COMPUTED_MISSING_EXECUTION_OBSERVATION,,0,20,13,7,20
r8c-2537-058b9220f5209c0e,2537,E1_ROLLING,RR-INTERMITTENT/2,JMETALPY_1_7_NSGAII_DYNAMIC_RESTART_BRIDGE,2,COMPLETE,NOT_COMPUTED_MISSING_EXECUTION_OBSERVATION,,0,20,13,7,20
r8c-2538-078293040646ce2c,2538,E1_ROLLING,RR-INTERMITTENT/2,DT-RAMDE_TS2_FULL,3,COMPLETE,NOT_COMPUTED_MISSING_EXECUTION_OBSERVATION,,0,20,12,8,20
r8c-2539-1966590c349b5cbb,2539,E1_ROLLING,RR-INTERMITTENT/2,MATCHED_FIXED_DE_PARETO,3,COMPLETE,NOT_COMPUTED_MISSING_EXECUTION_OBSERVATION,,0,20,13,7,20
r8c-2540-f83f8d6d95ecbe24,2540,E1_ROLLING,RR-INTERMITTENT/2,MATCHED_JDE_STYLE_PARETO,3,COMPLETE,NOT_COMPUTED_MISSING_EXECUTION_OBSERVATION,,0,20,13,7,20
r8c-2541-d6dbd72e6a481038,2541,E1_ROLLING,RR-INTERMITTENT/2,MATCHED_SHADE_STYLE_PARETO,3,COMPLETE,NOT_COMPUTED_MISSING_EXECUTION_OBSERVATION,,0,20,13,7,20
r8c-2542-92fb5e12291fa5ed,2542,E1_ROLLING,RR-INTERMITTENT/2,JMETALPY_1_7_GDE3_STANDARD_PARETO_DE,3,COMPLETE,NOT_COMPUTED_MISSING_EXECUTION_OBSERVATION,,0,20,13,7,20
r8c-2543-8b86c06bb38a01d5,2543,E1_ROLLING,RR-INTERMITTENT/2,JMETALPY_1_7_NSGAII_DYNAMIC_RESTART_BRIDGE,3,COMPLETE,NOT_COMPUTED_MISSING_EXECUTION_OBSERVATION,,0,20,13,7,20
r8c-2544-8a2b77837d67d37d,2544,E1_ROLLING,RR-INTERMITTENT/2,DT-RAMDE_TS2_FULL,4,COMPLETE,NOT_COMPUTED_MISSING_EXECUTION_OBSERVATION,,0,20,12,8,20
r8c-2545-7303fa79cd1412f9,2545,E1_ROLLING,RR-INTERMITTENT/2,MATCHED_FIXED_DE_PARETO,4,COMPLETE,NOT_COMPUTED_MISSING_EXECUTION_OBSERVATION,,0,20,13,7,20
r8c-2546-bc09bb4607e108f4,2546,E1_ROLLING,RR-INTERMITTENT/2,MATCHED_JDE_STYLE_PARETO,4,COMPLETE,NOT_COMPUTED_MISSING_EXECUTION_OBSERVATION,,0,20,13,7,20
r8c-2547-4d736fbaf58d0d25,2547,E1_ROLLING,RR-INTERMITTENT/2,MATCHED_SHADE_STYLE_PARETO,4,COMPLETE,NOT_COMPUTED_MISSING_EXECUTION_OBSERVATION,,0,20,13,7,20
r8c-2548-589479f1723880cd,2548,E1_ROLLING,RR-INTERMITTENT/2,JMETALPY_1_7_GDE3_STANDARD_PARETO_DE,4,COMPLETE,NOT_COMPUTED_MISSING_EXECUTION_OBSERVATION,,0,20,13,7,20
r8c-2549-fa11984f0c06cbf9,2549,E1_ROLLING,RR-INTERMITTENT/2,JMETALPY_1_7_NSGAII_DYNAMIC_RESTART_BRIDGE,4,COMPLETE,NOT_COMPUTED_MISSING_EXECUTION_OBSERVATION,,0,20,13,7,20
r8c-2550-4231d6edeedd5c91,2550,E1_ROLLING,RR-INTERMITTENT/3,DT-RAMDE_TS2_FULL,0,COMPLETE,NOT_COMPUTED_MISSING_EXECUTION_OBSERVATION,,0,20,3,17,20
r8c-2551-3922642a91056eea,2551,E1_ROLLING,RR-INTERMITTENT/3,MATCHED_FIXED_DE_PARETO,0,COMPLETE,NOT_COMPUTED_MISSING_EXECUTION_OBSERVATION,,0,20,13,7,20
r8c-2552-75354d1e4396df8a,2552,E1_ROLLING,RR-INTERMITTENT/3,MATCHED_JDE_STYLE_PARETO,0,COMPLETE,NOT_COMPUTED_MISSING_EXECUTION_OBSERVATION,,0,20,13,7,20
r8c-2553-1a8c5121f9959937,2553,E1_ROLLING,RR-INTERMITTENT/3,MATCHED_SHADE_STYLE_PARETO,0,COMPLETE,NOT_COMPUTED_MISSING_EXECUTION_OBSERVATION,,1,20,13,7,20
r8c-2554-058f89c2417dad65,2554,E1_ROLLING,RR-INTERMITTENT/3,JMETALPY_1_7_GDE3_STANDARD_PARETO_DE,0,COMPLETE,NOT_COMPUTED_MISSING_EXECUTION_OBSERVATION,,0,20,13,7,20
r8c-2555-b1b6968eb2677406,2555,E1_ROLLING,RR-INTERMITTENT/3,JMETALPY_1_7_NSGAII_DYNAMIC_RESTART_BRIDGE,0,COMPLETE,NOT_COMPUTED_MISSING_EXECUTION_OBSERVATION,,0,20,13,7,20
r8c-2556-ec358098268129f6,2556,E1_ROLLING,RR-INTERMITTENT/3,DT-RAMDE_TS2_FULL,1,COMPLETE,NOT_COMPUTED_MISSING_EXECUTION_OBSERVATION,,1,20,13,7,20
r8c-2557-93c0927e27ce13c5,2557,E1_ROLLING,RR-INTERMITTENT/3,MATCHED_FIXED_DE_PARETO,1,COMPLETE,NOT_COMPUTED_MISSING_EXECUTION_OBSERVATION,,0,20,13,7,20
r8c-2558-ad00e77c27b6e9f1,2558,E1_ROLLING,RR-INTERMITTENT/3,MATCHED_JDE_STYLE_PARETO,1,COMPLETE,NOT_COMPUTED_MISSING_EXECUTION_OBSERVATION,,0,20,13,7,20
r8c-2559-639b24f9038c4a45,2559,E1_ROLLING,RR-INTERMITTENT/3,MATCHED_SHADE_STYLE_PARETO,1,COMPLETE,NOT_COMPUTED_MISSING_EXECUTION_OBSERVATION,,0,20,13,7,20
r8c-2560-8ecad86f775537a6,2560,E1_ROLLING,RR-INTERMITTENT/3,JMETALPY_1_7_GDE3_STANDARD_PARETO_DE,1,COMPLETE,NOT_COMPUTED_MISSING_EXECUTION_OBSERVATION,,0,20,13,7,20
r8c-2561-199cc20cc5f48d49,2561,E1_ROLLING,RR-INTERMITTENT/3,JMETALPY_1_7_NSGAII_DYNAMIC_RESTART_BRIDGE,1,COMPLETE,NOT_COMPUTED_MISSING_EXECUTION_OBSERVATION,,2,20,13,7,20
r8c-2562-e283199511d20b73,2562,E1_ROLLING,RR-INTERMITTENT/3,DT-RAMDE_TS2_FULL,2,COMPLETE,NOT_COMPUTED_MISSING_EXECUTION_OBSERVATION,,0,20,2,18,20
r8c-2563-41c81bcda8754ac9,2563,E1_ROLLING,RR-INTERMITTENT/3,MATCHED_FIXED_DE_PARETO,2,COMPLETE,NOT_COMPUTED_MISSING_EXECUTION_OBSERVATION,,0,20,13,7,20
r8c-2564-c0fcb76eb4b9ca5f,2564,E1_ROLLING,RR-INTERMITTENT/3,MATCHED_JDE_STYLE_PARETO,2,COMPLETE,NOT_COMPUTED_MISSING_EXECUTION_OBSERVATION,,0,20,13,7,20
r8c-2565-7f242023aaab9906,2565,E1_ROLLING,RR-INTERMITTENT/3,MATCHED_SHADE_STYLE_PARETO,2,COMPLETE,NOT_COMPUTED_MISSING_EXECUTION_OBSERVATION,,1,20,13,7,20
r8c-2566-e0eadc8877eba576,2566,E1_ROLLING,RR-INTERMITTENT/3,JMETALPY_1_7_GDE3_STANDARD_PARETO_DE,2,COMPLETE,NOT_COMPUTED_MISSING_EXECUTION_OBSERVATION,,1,20,13,7,20
r8c-2567-9f9ffad5b8a561a3,2567,E1_ROLLING,RR-INTERMITTENT/3,JMETALPY_1_7_NSGAII_DYNAMIC_RESTART_BRIDGE,2,COMPLETE,NOT_COMPUTED_MISSING_EXECUTION_OBSERVATION,,0,20,13,7,20
r8c-2568-1c2e69e2415bbc1a,2568,E1_ROLLING,RR-INTERMITTENT/3,DT-RAMDE_TS2_FULL,3,COMPLETE,NOT_COMPUTED_MISSING_EXECUTION_OBSERVATION,,1,20,3,17,20
r8c-2569-0ad86efb95490e61,2569,E1_ROLLING,RR-INTERMITTENT/3,MATCHED_FIXED_DE_PARETO,3,COMPLETE,NOT_COMPUTED_MISSING_EXECUTION_OBSERVATION,,0,20,13,7,20
r8c-2570-606a9344e4fa3561,2570,E1_ROLLING,RR-INTERMITTENT/3,MATCHED_JDE_STYLE_PARETO,3,COMPLETE,NOT_COMPUTED_MISSING_EXECUTION_OBSERVATION,,1,20,13,7,20
r8c-2571-1f3344f168f8d7b1,2571,E1_ROLLING,RR-INTERMITTENT/3,MATCHED_SHADE_STYLE_PARETO,3,COMPLETE,NOT_COMPUTED_MISSING_EXECUTION_OBSERVATION,,0,20,13,7,20
r8c-2572-1a3a59ead4f46ee5,2572,E1_ROLLING,RR-INTERMITTENT/3,JMETALPY_1_7_GDE3_STANDARD_PARETO_DE,3,COMPLETE,NOT_COMPUTED_MISSING_EXECUTION_OBSERVATION,,1,20,13,7,20
r8c-2573-7428f2d10e31c268,2573,E1_ROLLING,RR-INTERMITTENT/3,JMETALPY_1_7_NSGAII_DYNAMIC_RESTART_BRIDGE,3,COMPLETE,NOT_COMPUTED_MISSING_EXECUTION_OBSERVATION,,1,20,13,7,20
r8c-2574-cbb85f49b1b7574d,2574,E1_ROLLING,RR-INTERMITTENT/3,DT-RAMDE_TS2_FULL,4,COMPLETE,NOT_COMPUTED_MISSING_EXECUTION_OBSERVATION,,2,20,12,8,20
r8c-2575-451aab581e58abd1,2575,E1_ROLLING,RR-INTERMITTENT/3,MATCHED_FIXED_DE_PARETO,4,COMPLETE,NOT_COMPUTED_MISSING_EXECUTION_OBSERVATION,,1,20,13,7,20
r8c-2576-be386ca2754ba589,2576,E1_ROLLING,RR-INTERMITTENT/3,MATCHED_JDE_STYLE_PARETO,4,COMPLETE,NOT_COMPUTED_MISSING_EXECUTION_OBSERVATION,,0,20,13,7,20
r8c-2577-677daee593660bdf,2577,E1_ROLLING,RR-INTERMITTENT/3,MATCHED_SHADE_STYLE_PARETO,4,COMPLETE,NOT_COMPUTED_MISSING_EXECUTION_OBSERVATION,,0,20,13,7,20
r8c-2578-a3b482b44654fbf0,2578,E1_ROLLING,RR-INTERMITTENT/3,JMETALPY_1_7_GDE3_STANDARD_PARETO_DE,4,COMPLETE,NOT_COMPUTED_MISSING_EXECUTION_OBSERVATION,,0,20,13,7,20
r8c-2579-515e22d107d7abd2,2579,E1_ROLLING,RR-INTERMITTENT/3,JMETALPY_1_7_NSGAII_DYNAMIC_RESTART_BRIDGE,4,COMPLETE,NOT_COMPUTED_MISSING_EXECUTION_OBSERVATION,,2,20,13,7,20
r8c-2580-4bbcecb7e6e59ffc,2580,E1_ROLLING,RR-INTERMITTENT/4,DT-RAMDE_TS2_FULL,0,COMPLETE,NOT_COMPUTED_MISSING_EXECUTION_OBSERVATION,,0,20,13,7,20
r8c-2581-bc9644be6bded0ac,2581,E1_ROLLING,RR-INTERMITTENT/4,MATCHED_FIXED_DE_PARETO,0,COMPLETE,NOT_COMPUTED_MISSING_EXECUTION_OBSERVATION,,1,20,15,5,20
r8c-2582-758c48c671953e4a,2582,E1_ROLLING,RR-INTERMITTENT/4,MATCHED_JDE_STYLE_PARETO,0,COMPLETE,NOT_COMPUTED_MISSING_EXECUTION_OBSERVATION,,1,20,15,5,20
r8c-2583-099fcf445de8c93d,2583,E1_ROLLING,RR-INTERMITTENT/4,MATCHED_SHADE_STYLE_PARETO,0,COMPLETE,NOT_COMPUTED_MISSING_EXECUTION_OBSERVATION,,1,20,15,5,20
r8c-2584-0a0debadf0ba2d70,2584,E1_ROLLING,RR-INTERMITTENT/4,JMETALPY_1_7_GDE3_STANDARD_PARETO_DE,0,COMPLETE,NOT_COMPUTED_MISSING_EXECUTION_OBSERVATION,,1,20,15,5,20
r8c-2585-9c98ea47ff8ec8d1,2585,E1_ROLLING,RR-INTERMITTENT/4,JMETALPY_1_7_NSGAII_DYNAMIC_RESTART_BRIDGE,0,COMPLETE,NOT_COMPUTED_MISSING_EXECUTION_OBSERVATION,,1,20,15,5,20
r8c-2586-a8d0a46cbd27c7c3,2586,E1_ROLLING,RR-INTERMITTENT/4,DT-RAMDE_TS2_FULL,1,COMPLETE,NOT_COMPUTED_MISSING_EXECUTION_OBSERVATION,,2,20,15,5,20
r8c-2587-dab5ee41739a583c,2587,E1_ROLLING,RR-INTERMITTENT/4,MATCHED_FIXED_DE_PARETO,1,COMPLETE,NOT_COMPUTED_MISSING_EXECUTION_OBSERVATION,,1,20,15,5,20
r8c-2588-c488ba959545f674,2588,E1_ROLLING,RR-INTERMITTENT/4,MATCHED_JDE_STYLE_PARETO,1,COMPLETE,NOT_COMPUTED_MISSING_EXECUTION_OBSERVATION,,0,20,15,5,20
r8c-2589-1fb51feb8fc87407,2589,E1_ROLLING,RR-INTERMITTENT/4,MATCHED_SHADE_STYLE_PARETO,1,COMPLETE,NOT_COMPUTED_MISSING_EXECUTION_OBSERVATION,,1,20,15,5,20
r8c-2590-f364efe04a7c905e,2590,E1_ROLLING,RR-INTERMITTENT/4,JMETALPY_1_7_GDE3_STANDARD_PARETO_DE,1,COMPLETE,NOT_COMPUTED_MISSING_EXECUTION_OBSERVATION,,0,20,15,5,20
r8c-2591-3d6b2df864ff31e6,2591,E1_ROLLING,RR-INTERMITTENT/4,JMETALPY_1_7_NSGAII_DYNAMIC_RESTART_BRIDGE,1,COMPLETE,NOT_COMPUTED_MISSING_EXECUTION_OBSERVATION,,2,20,15,5,20
r8c-2592-0e649863658518be,2592,E1_ROLLING,RR-INTERMITTENT/4,DT-RAMDE_TS2_FULL,2,COMPLETE,NOT_COMPUTED_MISSING_EXECUTION_OBSERVATION,,2,20,14,6,20
r8c-2593-6ee3b2e190c5b2ca,2593,E1_ROLLING,RR-INTERMITTENT/4,MATCHED_FIXED_DE_PARETO,2,COMPLETE,NOT_COMPUTED_MISSING_EXECUTION_OBSERVATION,,0,20,15,5,20
r8c-2594-dea58a477f61efdf,2594,E1_ROLLING,RR-INTERMITTENT/4,MATCHED_JDE_STYLE_PARETO,2,COMPLETE,NOT_COMPUTED_MISSING_EXECUTION_OBSERVATION,,1,20,15,5,20
r8c-2595-2630117a9749f300,2595,E1_ROLLING,RR-INTERMITTENT/4,MATCHED_SHADE_STYLE_PARETO,2,COMPLETE,NOT_COMPUTED_MISSING_EXECUTION_OBSERVATION,,0,20,15,5,20
r8c-2596-14afb4fcccc9ab35,2596,E1_ROLLING,RR-INTERMITTENT/4,JMETALPY_1_7_GDE3_STANDARD_PARETO_DE,2,COMPLETE,NOT_COMPUTED_MISSING_EXECUTION_OBSERVATION,,0,20,15,5,20
r8c-2597-a7583d1c9ffefa72,2597,E1_ROLLING,RR-INTERMITTENT/4,JMETALPY_1_7_NSGAII_DYNAMIC_RESTART_BRIDGE,2,COMPLETE,NOT_COMPUTED_MISSING_EXECUTION_OBSERVATION,,2,20,15,5,20
r8c-2598-c2ffe467ff94f5c5,2598,E1_ROLLING,RR-INTERMITTENT/4,DT-RAMDE_TS2_FULL,3,COMPLETE,NOT_COMPUTED_MISSING_EXECUTION_OBSERVATION,,0,20,12,8,20
r8c-2599-081f2326155f91f6,2599,E1_ROLLING,RR-INTERMITTENT/4,MATCHED_FIXED_DE_PARETO,3,COMPLETE,NOT_COMPUTED_MISSING_EXECUTION_OBSERVATION,,0,20,15,5,20
r8c-2600-b920e845751b79a4,2600,E1_ROLLING,RR-INTERMITTENT/4,MATCHED_JDE_STYLE_PARETO,3,COMPLETE,NOT_COMPUTED_MISSING_EXECUTION_OBSERVATION,,1,20,15,5,20
r8c-2601-ce9bb4772e62acc1,2601,E1_ROLLING,RR-INTERMITTENT/4,MATCHED_SHADE_STYLE_PARETO,3,COMPLETE,NOT_COMPUTED_MISSING_EXECUTION_OBSERVATION,,0,20,15,5,20
r8c-2602-1344d64f2f9474f4,2602,E1_ROLLING,RR-INTERMITTENT/4,JMETALPY_1_7_GDE3_STANDARD_PARETO_DE,3,COMPLETE,NOT_COMPUTED_MISSING_EXECUTION_OBSERVATION,,0,20,15,5,20
r8c-2603-a89d5e6129f70649,2603,E1_ROLLING,RR-INTERMITTENT/4,JMETALPY_1_7_NSGAII_DYNAMIC_RESTART_BRIDGE,3,COMPLETE,NOT_COMPUTED_MISSING_EXECUTION_OBSERVATION,,2,20,15,5,20
r8c-2604-67d499b71153c6b5,2604,E1_ROLLING,RR-INTERMITTENT/4,DT-RAMDE_TS2_FULL,4,COMPLETE,NOT_COMPUTED_MISSING_EXECUTION_OBSERVATION,,0,20,12,8,20
r8c-2605-a4b390e5b61b8f0b,2605,E1_ROLLING,RR-INTERMITTENT/4,MATCHED_FIXED_DE_PARETO,4,COMPLETE,NOT_COMPUTED_MISSING_EXECUTION_OBSERVATION,,0,20,15,5,20
r8c-2606-1104ac65050f4629,2606,E1_ROLLING,RR-INTERMITTENT/4,MATCHED_JDE_STYLE_PARETO,4,COMPLETE,NOT_COMPUTED_MISSING_EXECUTION_OBSERVATION,,1,20,15,5,20
r8c-2607-92fc45b66b70f427,2607,E1_ROLLING,RR-INTERMITTENT/4,MATCHED_SHADE_STYLE_PARETO,4,COMPLETE,NOT_COMPUTED_MISSING_EXECUTION_OBSERVATION,,0,20,15,5,20
r8c-2608-5fa772d468556278,2608,E1_ROLLING,RR-INTERMITTENT/4,JMETALPY_1_7_GDE3_STANDARD_PARETO_DE,4,COMPLETE,NOT_COMPUTED_MISSING_EXECUTION_OBSERVATION,,1,20,15,5,20
r8c-2609-04c3ef3ec968d2c2,2609,E1_ROLLING,RR-INTERMITTENT/4,JMETALPY_1_7_NSGAII_DYNAMIC_RESTART_BRIDGE,4,COMPLETE,NOT_COMPUTED_MISSING_EXECUTION_OBSERVATION,,1,20,15,5,20
r8c-2610-b63cb25ea242d435,2610,E1_ROLLING,RR-INTERMITTENT/5,DT-RAMDE_TS2_FULL,0,COMPLETE,NOT_COMPUTED_MISSING_EXECUTION_OBSERVATION,,2,20,14,6,20
r8c-2611-6b37f074a07b1bd0,2611,E1_ROLLING,RR-INTERMITTENT/5,MATCHED_FIXED_DE_PARETO,0,COMPLETE,NOT_COMPUTED_MISSING_EXECUTION_OBSERVATION,,0,20,17,3,20
r8c-2612-66aadb0cb87e9d07,2612,E1_ROLLING,RR-INTERMITTENT/5,MATCHED_JDE_STYLE_PARETO,0,COMPLETE,NOT_COMPUTED_MISSING_EXECUTION_OBSERVATION,,1,20,17,3,20
r8c-2613-a602873a7a765523,2613,E1_ROLLING,RR-INTERMITTENT/5,MATCHED_SHADE_STYLE_PARETO,0,COMPLETE,NOT_COMPUTED_MISSING_EXECUTION_OBSERVATION,,0,20,17,3,20
r8c-2614-34700e9aea1594e1,2614,E1_ROLLING,RR-INTERMITTENT/5,JMETALPY_1_7_GDE3_STANDARD_PARETO_DE,0,COMPLETE,NOT_COMPUTED_MISSING_EXECUTION_OBSERVATION,,0,20,17,3,20
r8c-2615-ff79a27bc93f8a41,2615,E1_ROLLING,RR-INTERMITTENT/5,JMETALPY_1_7_NSGAII_DYNAMIC_RESTART_BRIDGE,0,COMPLETE,NOT_COMPUTED_MISSING_EXECUTION_OBSERVATION,,1,20,17,3,20
r8c-2616-7fd5b34c05624a0a,2616,E1_ROLLING,RR-INTERMITTENT/5,DT-RAMDE_TS2_FULL,1,COMPLETE,NOT_COMPUTED_MISSING_EXECUTION_OBSERVATION,,1,20,12,8,20
r8c-2617-25ff7ef783b24e7a,2617,E1_ROLLING,RR-INTERMITTENT/5,MATCHED_FIXED_DE_PARETO,1,COMPLETE,NOT_COMPUTED_MISSING_EXECUTION_OBSERVATION,,1,20,17,3,20
r8c-2618-36076f4ea23a24ef,2618,E1_ROLLING,RR-INTERMITTENT/5,MATCHED_JDE_STYLE_PARETO,1,COMPLETE,NOT_COMPUTED_MISSING_EXECUTION_OBSERVATION,,1,20,17,3,20
r8c-2619-771e706bc6463a9a,2619,E1_ROLLING,RR-INTERMITTENT/5,MATCHED_SHADE_STYLE_PARETO,1,COMPLETE,NOT_COMPUTED_MISSING_EXECUTION_OBSERVATION,,0,20,17,3,20
r8c-2620-e5dc8c6f9c76ccad,2620,E1_ROLLING,RR-INTERMITTENT/5,JMETALPY_1_7_GDE3_STANDARD_PARETO_DE,1,COMPLETE,NOT_COMPUTED_MISSING_EXECUTION_OBSERVATION,,2,20,17,3,20
r8c-2621-712c4a10e0dd0b53,2621,E1_ROLLING,RR-INTERMITTENT/5,JMETALPY_1_7_NSGAII_DYNAMIC_RESTART_BRIDGE,1,COMPLETE,NOT_COMPUTED_MISSING_EXECUTION_OBSERVATION,,1,20,17,3,20
r8c-2622-54509cb865849d04,2622,E1_ROLLING,RR-INTERMITTENT/5,DT-RAMDE_TS2_FULL,2,COMPLETE,NOT_COMPUTED_MISSING_EXECUTION_OBSERVATION,,0,20,13,7,20
r8c-2623-31e570f1ea5dde32,2623,E1_ROLLING,RR-INTERMITTENT/5,MATCHED_FIXED_DE_PARETO,2,COMPLETE,NOT_COMPUTED_MISSING_EXECUTION_OBSERVATION,,0,20,17,3,20
r8c-2624-ecc13ad269f7545f,2624,E1_ROLLING,RR-INTERMITTENT/5,MATCHED_JDE_STYLE_PARETO,2,COMPLETE,NOT_COMPUTED_MISSING_EXECUTION_OBSERVATION,,1,20,17,3,20
r8c-2625-f419efa76ea8a911,2625,E1_ROLLING,RR-INTERMITTENT/5,MATCHED_SHADE_STYLE_PARETO,2,COMPLETE,NOT_COMPUTED_MISSING_EXECUTION_OBSERVATION,,1,20,17,3,20
r8c-2626-c306a728d6afcf88,2626,E1_ROLLING,RR-INTERMITTENT/5,JMETALPY_1_7_GDE3_STANDARD_PARETO_DE,2,COMPLETE,NOT_COMPUTED_MISSING_EXECUTION_OBSERVATION,,0,20,17,3,20
r8c-2627-fb02637fa52f914a,2627,E1_ROLLING,RR-INTERMITTENT/5,JMETALPY_1_7_NSGAII_DYNAMIC_RESTART_BRIDGE,2,COMPLETE,NOT_COMPUTED_MISSING_EXECUTION_OBSERVATION,,2,20,17,3,20
r8c-2628-fdf0defacf9dd18d,2628,E1_ROLLING,RR-INTERMITTENT/5,DT-RAMDE_TS2_FULL,3,COMPLETE,NOT_COMPUTED_MISSING_EXECUTION_OBSERVATION,,0,20,11,9,20
r8c-2629-11f641ad826e4c9f,2629,E1_ROLLING,RR-INTERMITTENT/5,MATCHED_FIXED_DE_PARETO,3,COMPLETE,NOT_COMPUTED_MISSING_EXECUTION_OBSERVATION,,0,20,17,3,20
r8c-2630-e5b0654dfd32e50f,2630,E1_ROLLING,RR-INTERMITTENT/5,MATCHED_JDE_STYLE_PARETO,3,COMPLETE,NOT_COMPUTED_MISSING_EXECUTION_OBSERVATION,,1,20,17,3,20
r8c-2631-4126cff98ae0fa53,2631,E1_ROLLING,RR-INTERMITTENT/5,MATCHED_SHADE_STYLE_PARETO,3,COMPLETE,NOT_COMPUTED_MISSING_EXECUTION_OBSERVATION,,1,20,17,3,20
r8c-2632-7800463e115f23cc,2632,E1_ROLLING,RR-INTERMITTENT/5,JMETALPY_1_7_GDE3_STANDARD_PARETO_DE,3,COMPLETE,NOT_COMPUTED_MISSING_EXECUTION_OBSERVATION,,2,20,17,3,20
r8c-2633-f4f278f9abf6512a,2633,E1_ROLLING,RR-INTERMITTENT/5,JMETALPY_1_7_NSGAII_DYNAMIC_RESTART_BRIDGE,3,COMPLETE,NOT_COMPUTED_MISSING_EXECUTION_OBSERVATION,,2,20,17,3,20
r8c-2634-285df0b7293ded70,2634,E1_ROLLING,RR-INTERMITTENT/5,DT-RAMDE_TS2_FULL,4,COMPLETE,NOT_COMPUTED_MISSING_EXECUTION_OBSERVATION,,2,20,14,6,20
r8c-2635-e76c1633d57d4382,2635,E1_ROLLING,RR-INTERMITTENT/5,MATCHED_FIXED_DE_PARETO,4,COMPLETE,NOT_COMPUTED_MISSING_EXECUTION_OBSERVATION,,1,20,17,3,20
r8c-2636-ac4d6be9353f941c,2636,E1_ROLLING,RR-INTERMITTENT/5,MATCHED_JDE_STYLE_PARETO,4,COMPLETE,NOT_COMPUTED_MISSING_EXECUTION_OBSERVATION,,2,20,17,3,20
r8c-2637-015bde0abe1926cb,2637,E1_ROLLING,RR-INTERMITTENT/5,MATCHED_SHADE_STYLE_PARETO,4,COMPLETE,NOT_COMPUTED_MISSING_EXECUTION_OBSERVATION,,1,20,17,3,20
r8c-2638-5d1f88a0ecd22b75,2638,E1_ROLLING,RR-INTERMITTENT/5,JMETALPY_1_7_GDE3_STANDARD_PARETO_DE,4,COMPLETE,NOT_COMPUTED_MISSING_EXECUTION_OBSERVATION,,1,20,17,3,20
r8c-2639-d7723780b5ec406b,2639,E1_ROLLING,RR-INTERMITTENT/5,JMETALPY_1_7_NSGAII_DYNAMIC_RESTART_BRIDGE,4,COMPLETE,NOT_COMPUTED_MISSING_EXECUTION_OBSERVATION,,1,20,17,3,20
r8c-2640-b4a9d1f28b71e42e,2640,E1_ROLLING,RR-INTERMITTENT/6,DT-RAMDE_TS2_FULL,0,COMPLETE,NOT_COMPUTED_MISSING_EXECUTION_OBSERVATION,,0,20,16,4,20
r8c-2641-b603b0db6e1484ef,2641,E1_ROLLING,RR-INTERMITTENT/6,MATCHED_FIXED_DE_PARETO,0,COMPLETE,NOT_COMPUTED_MISSING_EXECUTION_OBSERVATION,,0,20,16,4,20
r8c-2642-86241069bba0c84b,2642,E1_ROLLING,RR-INTERMITTENT/6,MATCHED_JDE_STYLE_PARETO,0,COMPLETE,NOT_COMPUTED_MISSING_EXECUTION_OBSERVATION,,0,20,16,4,20
r8c-2643-1592ff54f9779b3f,2643,E1_ROLLING,RR-INTERMITTENT/6,MATCHED_SHADE_STYLE_PARETO,0,COMPLETE,NOT_COMPUTED_MISSING_EXECUTION_OBSERVATION,,0,20,16,4,20
r8c-2644-55d15e82f34e75b6,2644,E1_ROLLING,RR-INTERMITTENT/6,JMETALPY_1_7_GDE3_STANDARD_PARETO_DE,0,COMPLETE,NOT_COMPUTED_MISSING_EXECUTION_OBSERVATION,,0,20,16,4,20
r8c-2645-2cc991492460853d,2645,E1_ROLLING,RR-INTERMITTENT/6,JMETALPY_1_7_NSGAII_DYNAMIC_RESTART_BRIDGE,0,COMPLETE,NOT_COMPUTED_MISSING_EXECUTION_OBSERVATION,,0,20,16,4,20
r8c-2646-70657db053cf8fe1,2646,E1_ROLLING,RR-INTERMITTENT/6,DT-RAMDE_TS2_FULL,1,COMPLETE,NOT_COMPUTED_MISSING_EXECUTION_OBSERVATION,,0,20,16,4,20
r8c-2647-e02421ffe79caa6c,2647,E1_ROLLING,RR-INTERMITTENT/6,MATCHED_FIXED_DE_PARETO,1,COMPLETE,NOT_COMPUTED_MISSING_EXECUTION_OBSERVATION,,0,20,16,4,20
r8c-2648-677401216af8da31,2648,E1_ROLLING,RR-INTERMITTENT/6,MATCHED_JDE_STYLE_PARETO,1,COMPLETE,NOT_COMPUTED_MISSING_EXECUTION_OBSERVATION,,0,20,16,4,20
r8c-2649-c25ad44d38dd430f,2649,E1_ROLLING,RR-INTERMITTENT/6,MATCHED_SHADE_STYLE_PARETO,1,COMPLETE,NOT_COMPUTED_MISSING_EXECUTION_OBSERVATION,,0,20,16,4,20
r8c-2650-6863b967b3129e23,2650,E1_ROLLING,RR-INTERMITTENT/6,JMETALPY_1_7_GDE3_STANDARD_PARETO_DE,1,COMPLETE,NOT_COMPUTED_MISSING_EXECUTION_OBSERVATION,,0,20,16,4,20
r8c-2651-21f41e2a76b20387,2651,E1_ROLLING,RR-INTERMITTENT/6,JMETALPY_1_7_NSGAII_DYNAMIC_RESTART_BRIDGE,1,COMPLETE,NOT_COMPUTED_MISSING_EXECUTION_OBSERVATION,,0,20,16,4,20
r8c-2652-0595fc12f97f44fc,2652,E1_ROLLING,RR-INTERMITTENT/6,DT-RAMDE_TS2_FULL,2,COMPLETE,NOT_COMPUTED_MISSING_EXECUTION_OBSERVATION,,0,20,16,4,20
r8c-2653-5436aed6509f032a,2653,E1_ROLLING,RR-INTERMITTENT/6,MATCHED_FIXED_DE_PARETO,2,COMPLETE,NOT_COMPUTED_MISSING_EXECUTION_OBSERVATION,,0,20,16,4,20
r8c-2654-a777d3ecaebc9901,2654,E1_ROLLING,RR-INTERMITTENT/6,MATCHED_JDE_STYLE_PARETO,2,COMPLETE,NOT_COMPUTED_MISSING_EXECUTION_OBSERVATION,,0,20,16,4,20
r8c-2655-f8ddae0031f66ed2,2655,E1_ROLLING,RR-INTERMITTENT/6,MATCHED_SHADE_STYLE_PARETO,2,COMPLETE,NOT_COMPUTED_MISSING_EXECUTION_OBSERVATION,,0,20,16,4,20
r8c-2656-783bac741ee8bc4d,2656,E1_ROLLING,RR-INTERMITTENT/6,JMETALPY_1_7_GDE3_STANDARD_PARETO_DE,2,COMPLETE,NOT_COMPUTED_MISSING_EXECUTION_OBSERVATION,,0,20,16,4,20
r8c-2657-577eea5714fd4a95,2657,E1_ROLLING,RR-INTERMITTENT/6,JMETALPY_1_7_NSGAII_DYNAMIC_RESTART_BRIDGE,2,COMPLETE,NOT_COMPUTED_MISSING_EXECUTION_OBSERVATION,,0,20,16,4,20
r8c-2658-908c77033c43ed88,2658,E1_ROLLING,RR-INTERMITTENT/6,DT-RAMDE_TS2_FULL,3,COMPLETE,NOT_COMPUTED_MISSING_EXECUTION_OBSERVATION,,0,20,16,4,20
r8c-2659-b81100c14d8cebc4,2659,E1_ROLLING,RR-INTERMITTENT/6,MATCHED_FIXED_DE_PARETO,3,COMPLETE,NOT_COMPUTED_MISSING_EXECUTION_OBSERVATION,,0,20,16,4,20
r8c-2660-8a364cfa987b1656,2660,E1_ROLLING,RR-INTERMITTENT/6,MATCHED_JDE_STYLE_PARETO,3,COMPLETE,NOT_COMPUTED_MISSING_EXECUTION_OBSERVATION,,0,20,16,4,20
r8c-2661-440b33677ee2b8a0,2661,E1_ROLLING,RR-INTERMITTENT/6,MATCHED_SHADE_STYLE_PARETO,3,COMPLETE,NOT_COMPUTED_MISSING_EXECUTION_OBSERVATION,,0,20,16,4,20
r8c-2662-6bc676c38c39e000,2662,E1_ROLLING,RR-INTERMITTENT/6,JMETALPY_1_7_GDE3_STANDARD_PARETO_DE,3,COMPLETE,NOT_COMPUTED_MISSING_EXECUTION_OBSERVATION,,0,20,16,4,20
r8c-2663-c05d4a465e176c7d,2663,E1_ROLLING,RR-INTERMITTENT/6,JMETALPY_1_7_NSGAII_DYNAMIC_RESTART_BRIDGE,3,COMPLETE,NOT_COMPUTED_MISSING_EXECUTION_OBSERVATION,,0,20,16,4,20
r8c-2664-40e94fdeea4ae215,2664,E1_ROLLING,RR-INTERMITTENT/6,DT-RAMDE_TS2_FULL,4,COMPLETE,NOT_COMPUTED_MISSING_EXECUTION_OBSERVATION,,0,20,16,4,20
r8c-2665-296ce4c959e32b8e,2665,E1_ROLLING,RR-INTERMITTENT/6,MATCHED_FIXED_DE_PARETO,4,COMPLETE,NOT_COMPUTED_MISSING_EXECUTION_OBSERVATION,,0,20,16,4,20
r8c-2666-7a03ec81d1048681,2666,E1_ROLLING,RR-INTERMITTENT/6,MATCHED_JDE_STYLE_PARETO,4,COMPLETE,NOT_COMPUTED_MISSING_EXECUTION_OBSERVATION,,0,20,16,4,20
r8c-2667-87c9feb436035593,2667,E1_ROLLING,RR-INTERMITTENT/6,MATCHED_SHADE_STYLE_PARETO,4,COMPLETE,NOT_COMPUTED_MISSING_EXECUTION_OBSERVATION,,0,20,16,4,20
r8c-2668-7aa9014cbdae8f34,2668,E1_ROLLING,RR-INTERMITTENT/6,JMETALPY_1_7_GDE3_STANDARD_PARETO_DE,4,COMPLETE,NOT_COMPUTED_MISSING_EXECUTION_OBSERVATION,,0,20,16,4,20
r8c-2669-0664df2e91ca5f97,2669,E1_ROLLING,RR-INTERMITTENT/6,JMETALPY_1_7_NSGAII_DYNAMIC_RESTART_BRIDGE,4,COMPLETE,NOT_COMPUTED_MISSING_EXECUTION_OBSERVATION,,0,20,16,4,20
r8c-2670-0e327b357881da89,2670,E1_ROLLING,RR-INTERMITTENT/7,DT-RAMDE_TS2_FULL,0,COMPLETE,NOT_COMPUTED_MISSING_EXECUTION_OBSERVATION,,0,20,4,16,20
r8c-2671-ea51ef485a7e0f41,2671,E1_ROLLING,RR-INTERMITTENT/7,MATCHED_FIXED_DE_PARETO,0,COMPLETE,NOT_COMPUTED_MISSING_EXECUTION_OBSERVATION,,0,20,11,9,20
r8c-2672-e8813d635ca7365c,2672,E1_ROLLING,RR-INTERMITTENT/7,MATCHED_JDE_STYLE_PARETO,0,COMPLETE,NOT_COMPUTED_MISSING_EXECUTION_OBSERVATION,,0,20,10,10,20
r8c-2673-2609195d3caada40,2673,E1_ROLLING,RR-INTERMITTENT/7,MATCHED_SHADE_STYLE_PARETO,0,COMPLETE,NOT_COMPUTED_MISSING_EXECUTION_OBSERVATION,,0,20,11,9,20
r8c-2674-3ec62e64497480f2,2674,E1_ROLLING,RR-INTERMITTENT/7,JMETALPY_1_7_GDE3_STANDARD_PARETO_DE,0,COMPLETE,NOT_COMPUTED_MISSING_EXECUTION_OBSERVATION,,0,20,11,9,20
r8c-2675-f3a7e0a5448406e4,2675,E1_ROLLING,RR-INTERMITTENT/7,JMETALPY_1_7_NSGAII_DYNAMIC_RESTART_BRIDGE,0,COMPLETE,NOT_COMPUTED_MISSING_EXECUTION_OBSERVATION,,0,20,6,14,20
r8c-2676-37611fc717b43848,2676,E1_ROLLING,RR-INTERMITTENT/7,DT-RAMDE_TS2_FULL,1,COMPLETE,NOT_COMPUTED_MISSING_EXECUTION_OBSERVATION,,0,20,2,18,20
r8c-2677-67ef88d9c837e680,2677,E1_ROLLING,RR-INTERMITTENT/7,MATCHED_FIXED_DE_PARETO,1,COMPLETE,NOT_COMPUTED_MISSING_EXECUTION_OBSERVATION,,0,20,11,9,20
r8c-2678-ac5d4932143dca41,2678,E1_ROLLING,RR-INTERMITTENT/7,MATCHED_JDE_STYLE_PARETO,1,COMPLETE,NOT_COMPUTED_MISSING_EXECUTION_OBSERVATION,,0,20,11,9,20
r8c-2679-ed83ed18e620f945,2679,E1_ROLLING,RR-INTERMITTENT/7,MATCHED_SHADE_STYLE_PARETO,1,COMPLETE,NOT_COMPUTED_MISSING_EXECUTION_OBSERVATION,,0,20,11,9,20
r8c-2680-1979917ab07ab758,2680,E1_ROLLING,RR-INTERMITTENT/7,JMETALPY_1_7_GDE3_STANDARD_PARETO_DE,1,COMPLETE,NOT_COMPUTED_MISSING_EXECUTION_OBSERVATION,,0,20,11,9,20
r8c-2681-77d638aa22d6262b,2681,E1_ROLLING,RR-INTERMITTENT/7,JMETALPY_1_7_NSGAII_DYNAMIC_RESTART_BRIDGE,1,COMPLETE,NOT_COMPUTED_MISSING_EXECUTION_OBSERVATION,,1,20,10,10,20
r8c-2682-d21150936ce7e8bd,2682,E1_ROLLING,RR-INTERMITTENT/7,DT-RAMDE_TS2_FULL,2,COMPLETE,NOT_COMPUTED_MISSING_EXECUTION_OBSERVATION,,0,20,1,19,20
r8c-2683-819d8ec24f431372,2683,E1_ROLLING,RR-INTERMITTENT/7,MATCHED_FIXED_DE_PARETO,2,COMPLETE,NOT_COMPUTED_MISSING_EXECUTION_OBSERVATION,,0,20,11,9,20
r8c-2684-b7206faf28f94e73,2684,E1_ROLLING,RR-INTERMITTENT/7,MATCHED_JDE_STYLE_PARETO,2,COMPLETE,NOT_COMPUTED_MISSING_EXECUTION_OBSERVATION,,1,20,10,10,20
r8c-2685-408c1880e2dc4fd8,2685,E1_ROLLING,RR-INTERMITTENT/7,MATCHED_SHADE_STYLE_PARETO,2,COMPLETE,NOT_COMPUTED_MISSING_EXECUTION_OBSERVATION,,0,20,11,9,20
r8c-2686-ddce4c2c8a47669e,2686,E1_ROLLING,RR-INTERMITTENT/7,JMETALPY_1_7_GDE3_STANDARD_PARETO_DE,2,COMPLETE,NOT_COMPUTED_MISSING_EXECUTION_OBSERVATION,,0,20,11,9,20
r8c-2687-ac3d7a28d9cc8b87,2687,E1_ROLLING,RR-INTERMITTENT/7,JMETALPY_1_7_NSGAII_DYNAMIC_RESTART_BRIDGE,2,COMPLETE,NOT_COMPUTED_MISSING_EXECUTION_OBSERVATION,,0,20,9,11,20
r8c-2688-7951118eab0c066c,2688,E1_ROLLING,RR-INTERMITTENT/7,DT-RAMDE_TS2_FULL,3,COMPLETE,NOT_COMPUTED_MISSING_EXECUTION_OBSERVATION,,0,20,0,20,20
r8c-2689-2542354ba7f875df,2689,E1_ROLLING,RR-INTERMITTENT/7,MATCHED_FIXED_DE_PARETO,3,COMPLETE,NOT_COMPUTED_MISSING_EXECUTION_OBSERVATION,,1,20,11,9,20
r8c-2690-a8c995255f00c915,2690,E1_ROLLING,RR-INTERMITTENT/7,MATCHED_JDE_STYLE_PARETO,3,COMPLETE,NOT_COMPUTED_MISSING_EXECUTION_OBSERVATION,,1,20,10,10,20
r8c-2691-6e7c256f653cf67e,2691,E1_ROLLING,RR-INTERMITTENT/7,MATCHED_SHADE_STYLE_PARETO,3,COMPLETE,NOT_COMPUTED_MISSING_EXECUTION_OBSERVATION,,0,20,11,9,20
r8c-2692-aad35c672889fe26,2692,E1_ROLLING,RR-INTERMITTENT/7,JMETALPY_1_7_GDE3_STANDARD_PARETO_DE,3,COMPLETE,NOT_COMPUTED_MISSING_EXECUTION_OBSERVATION,,0,20,11,9,20
r8c-2693-9edc2c34b68ac874,2693,E1_ROLLING,RR-INTERMITTENT/7,JMETALPY_1_7_NSGAII_DYNAMIC_RESTART_BRIDGE,3,COMPLETE,NOT_COMPUTED_MISSING_EXECUTION_OBSERVATION,,0,20,8,12,20
r8c-2694-fca069b0f249bb86,2694,E1_ROLLING,RR-INTERMITTENT/7,DT-RAMDE_TS2_FULL,4,COMPLETE,NOT_COMPUTED_MISSING_EXECUTION_OBSERVATION,,1,20,5,15,20
r8c-2695-c4d7433956c2cd97,2695,E1_ROLLING,RR-INTERMITTENT/7,MATCHED_FIXED_DE_PARETO,4,COMPLETE,NOT_COMPUTED_MISSING_EXECUTION_OBSERVATION,,0,20,11,9,20
r8c-2696-ad67487c5b4470b9,2696,E1_ROLLING,RR-INTERMITTENT/7,MATCHED_JDE_STYLE_PARETO,4,COMPLETE,NOT_COMPUTED_MISSING_EXECUTION_OBSERVATION,,1,20,10,10,20
r8c-2697-a49b7fab1a479e4c,2697,E1_ROLLING,RR-INTERMITTENT/7,MATCHED_SHADE_STYLE_PARETO,4,COMPLETE,NOT_COMPUTED_MISSING_EXECUTION_OBSERVATION,,0,20,11,9,20
r8c-2698-ab839449b74e081c,2698,E1_ROLLING,RR-INTERMITTENT/7,JMETALPY_1_7_GDE3_STANDARD_PARETO_DE,4,COMPLETE,NOT_COMPUTED_MISSING_EXECUTION_OBSERVATION,,0,20,11,9,20
r8c-2699-7c6507a067ae2f79,2699,E1_ROLLING,RR-INTERMITTENT/7,JMETALPY_1_7_NSGAII_DYNAMIC_RESTART_BRIDGE,4,COMPLETE,NOT_COMPUTED_MISSING_EXECUTION_OBSERVATION,,0,20,10,10,20
r8c-2700-3b05949e953a0e17,2700,E2_DYNAMIC_INCREMENTAL_AFTER_FULL_REUSE,CDF1/CDF-HARSH,NO_CROSS_EVENT_MEMORY,0,COMPLETE,NOT_COMPUTED_MISSING_EXECUTION_OBSERVATION,,0,60,0,60,60
r8c-2701-eebb20febba0d912,2701,E2_DYNAMIC_INCREMENTAL_AFTER_FULL_REUSE,CDF1/CDF-HARSH,NO_REJECTION_CREDIT,0,COMPLETE,NOT_COMPUTED_MISSING_EXECUTION_OBSERVATION,,0,60,0,60,60
r8c-2702-da15d9314ace911b,2702,E2_DYNAMIC_INCREMENTAL_AFTER_FULL_REUSE,CDF1/CDF-HARSH,NO_MEMORY_RESET_GATE,0,COMPLETE,NOT_COMPUTED_MISSING_EXECUTION_OBSERVATION,,0,60,0,60,60
r8c-2703-d4b483ec46f4dfe5,2703,E2_DYNAMIC_INCREMENTAL_AFTER_FULL_REUSE,CDF1/CDF-HARSH,NO_LINEAGE_CREDIT,0,COMPLETE,NOT_COMPUTED_MISSING_EXECUTION_OBSERVATION,,0,60,0,60,60
r8c-2704-8f85c7a550c245cd,2704,E2_DYNAMIC_INCREMENTAL_AFTER_FULL_REUSE,CDF1/CDF-HARSH,CROSS_EVENT_WARM_START_ONLY,0,COMPLETE,NOT_COMPUTED_MISSING_EXECUTION_OBSERVATION,,0,60,0,60,60
r8c-2705-6f27d711ca25c02a,2705,E2_DYNAMIC_INCREMENTAL_AFTER_FULL_REUSE,CDF1/CDF-HARSH,CROSS_EVENT_MEMORY_ONLY,0,COMPLETE,NOT_COMPUTED_MISSING_EXECUTION_OBSERVATION,,0,60,0,60,60
r8c-2706-f9b689c449ced358,2706,E2_DYNAMIC_INCREMENTAL_AFTER_FULL_REUSE,CDF1/CDF-HARSH,SHADE_ONLY,0,COMPLETE,NOT_COMPUTED_MISSING_EXECUTION_OBSERVATION,,0,60,0,60,60
r8c-2707-a29f27a563aadf93,2707,E2_DYNAMIC_INCREMENTAL_AFTER_FULL_REUSE,CDF1/CDF-HARSH,NO_CROSS_EVENT_MEMORY,1,COMPLETE,NOT_COMPUTED_MISSING_EXECUTION_OBSERVATION,,0,60,0,60,60
r8c-2708-55c5c612108b2459,2708,E2_DYNAMIC_INCREMENTAL_AFTER_FULL_REUSE,CDF1/CDF-HARSH,NO_REJECTION_CREDIT,1,COMPLETE,NOT_COMPUTED_MISSING_EXECUTION_OBSERVATION,,0,60,0,60,60
r8c-2709-238c86f59bfa525b,2709,E2_DYNAMIC_INCREMENTAL_AFTER_FULL_REUSE,CDF1/CDF-HARSH,NO_MEMORY_RESET_GATE,1,COMPLETE,NOT_COMPUTED_MISSING_EXECUTION_OBSERVATION,,0,60,0,60,60
r8c-2710-6f0a35b92004e3d4,2710,E2_DYNAMIC_INCREMENTAL_AFTER_FULL_REUSE,CDF1/CDF-HARSH,NO_LINEAGE_CREDIT,1,COMPLETE,NOT_COMPUTED_MISSING_EXECUTION_OBSERVATION,,0,60,0,60,60
r8c-2711-ebc08daec3d414bf,2711,E2_DYNAMIC_INCREMENTAL_AFTER_FULL_REUSE,CDF1/CDF-HARSH,CROSS_EVENT_WARM_START_ONLY,1,COMPLETE,NOT_COMPUTED_MISSING_EXECUTION_OBSERVATION,,0,60,0,60,60
r8c-2712-5352b31a4239e2aa,2712,E2_DYNAMIC_INCREMENTAL_AFTER_FULL_REUSE,CDF1/CDF-HARSH,CROSS_EVENT_MEMORY_ONLY,1,COMPLETE,NOT_COMPUTED_MISSING_EXECUTION_OBSERVATION,,0,60,0,60,60
r8c-2713-526ca4f428dc644d,2713,E2_DYNAMIC_INCREMENTAL_AFTER_FULL_REUSE,CDF1/CDF-HARSH,SHADE_ONLY,1,COMPLETE,NOT_COMPUTED_MISSING_EXECUTION_OBSERVATION,,0,60,0,60,60
r8c-2714-cd411854b3b36aab,2714,E2_DYNAMIC_INCREMENTAL_AFTER_FULL_REUSE,CDF1/CDF-HARSH,NO_CROSS_EVENT_MEMORY,2,COMPLETE,NOT_COMPUTED_MISSING_EXECUTION_OBSERVATION,,0,60,0,60,60
r8c-2715-4bdae3b0b260f6a8,2715,E2_DYNAMIC_INCREMENTAL_AFTER_FULL_REUSE,CDF1/CDF-HARSH,NO_REJECTION_CREDIT,2,COMPLETE,NOT_COMPUTED_MISSING_EXECUTION_OBSERVATION,,0,60,0,60,60
r8c-2716-6d76345f086f1759,2716,E2_DYNAMIC_INCREMENTAL_AFTER_FULL_REUSE,CDF1/CDF-HARSH,NO_MEMORY_RESET_GATE,2,COMPLETE,NOT_COMPUTED_MISSING_EXECUTION_OBSERVATION,,0,60,0,60,60
r8c-2717-920c47a81aae4f6a,2717,E2_DYNAMIC_INCREMENTAL_AFTER_FULL_REUSE,CDF1/CDF-HARSH,NO_LINEAGE_CREDIT,2,COMPLETE,NOT_COMPUTED_MISSING_EXECUTION_OBSERVATION,,0,60,0,60,60
r8c-2718-39d49ca63833895e,2718,E2_DYNAMIC_INCREMENTAL_AFTER_FULL_REUSE,CDF1/CDF-HARSH,CROSS_EVENT_WARM_START_ONLY,2,COMPLETE,NOT_COMPUTED_MISSING_EXECUTION_OBSERVATION,,0,60,0,60,60
r8c-2719-02f4a4f3d17e6d14,2719,E2_DYNAMIC_INCREMENTAL_AFTER_FULL_REUSE,CDF1/CDF-HARSH,CROSS_EVENT_MEMORY_ONLY,2,COMPLETE,NOT_COMPUTED_MISSING_EXECUTION_OBSERVATION,,0,60,0,60,60
r8c-2720-96047d21270eaf0c,2720,E2_DYNAMIC_INCREMENTAL_AFTER_FULL_REUSE,CDF1/CDF-HARSH,SHADE_ONLY,2,COMPLETE,NOT_COMPUTED_MISSING_EXECUTION_OBSERVATION,,0,60,0,60,60
r8c-2721-75cc9bf7d52300c0,2721,E2_DYNAMIC_INCREMENTAL_AFTER_FULL_REUSE,CDF1/CDF-HARSH,NO_CROSS_EVENT_MEMORY,3,COMPLETE,NOT_COMPUTED_MISSING_EXECUTION_OBSERVATION,,0,60,0,60,60
r8c-2722-29d6b414308d00f3,2722,E2_DYNAMIC_INCREMENTAL_AFTER_FULL_REUSE,CDF1/CDF-HARSH,NO_REJECTION_CREDIT,3,COMPLETE,NOT_COMPUTED_MISSING_EXECUTION_OBSERVATION,,0,60,0,60,60
r8c-2723-d0b2880208e08de6,2723,E2_DYNAMIC_INCREMENTAL_AFTER_FULL_REUSE,CDF1/CDF-HARSH,NO_MEMORY_RESET_GATE,3,COMPLETE,NOT_COMPUTED_MISSING_EXECUTION_OBSERVATION,,0,60,0,60,60
r8c-2724-11dc443205c0bf52,2724,E2_DYNAMIC_INCREMENTAL_AFTER_FULL_REUSE,CDF1/CDF-HARSH,NO_LINEAGE_CREDIT,3,COMPLETE,NOT_COMPUTED_MISSING_EXECUTION_OBSERVATION,,0,60,0,60,60
r8c-2725-1ad191b3b4d14162,2725,E2_DYNAMIC_INCREMENTAL_AFTER_FULL_REUSE,CDF1/CDF-HARSH,CROSS_EVENT_WARM_START_ONLY,3,COMPLETE,NOT_COMPUTED_MISSING_EXECUTION_OBSERVATION,,0,60,0,60,60
r8c-2726-8d538f99d246e212,2726,E2_DYNAMIC_INCREMENTAL_AFTER_FULL_REUSE,CDF1/CDF-HARSH,CROSS_EVENT_MEMORY_ONLY,3,COMPLETE,NOT_COMPUTED_MISSING_EXECUTION_OBSERVATION,,0,60,0,60,60
r8c-2727-832669f29f180401,2727,E2_DYNAMIC_INCREMENTAL_AFTER_FULL_REUSE,CDF1/CDF-HARSH,SHADE_ONLY,3,COMPLETE,NOT_COMPUTED_MISSING_EXECUTION_OBSERVATION,,0,60,0,60,60
r8c-2728-5264da246f34e1eb,2728,E2_DYNAMIC_INCREMENTAL_AFTER_FULL_REUSE,CDF1/CDF-HARSH,NO_CROSS_EVENT_MEMORY,4,COMPLETE,NOT_COMPUTED_MISSING_EXECUTION_OBSERVATION,,0,60,0,60,60
r8c-2729-6c9d608938e13899,2729,E2_DYNAMIC_INCREMENTAL_AFTER_FULL_REUSE,CDF1/CDF-HARSH,NO_REJECTION_CREDIT,4,COMPLETE,NOT_COMPUTED_MISSING_EXECUTION_OBSERVATION,,0,60,0,60,60
r8c-2730-2846aaeb006151e2,2730,E2_DYNAMIC_INCREMENTAL_AFTER_FULL_REUSE,CDF1/CDF-HARSH,NO_MEMORY_RESET_GATE,4,COMPLETE,NOT_COMPUTED_MISSING_EXECUTION_OBSERVATION,,0,60,0,60,60
r8c-2731-26f3f2d4e1d455b1,2731,E2_DYNAMIC_INCREMENTAL_AFTER_FULL_REUSE,CDF1/CDF-HARSH,NO_LINEAGE_CREDIT,4,COMPLETE,NOT_COMPUTED_MISSING_EXECUTION_OBSERVATION,,0,60,0,60,60
r8c-2732-d01fe4955d3bb0f1,2732,E2_DYNAMIC_INCREMENTAL_AFTER_FULL_REUSE,CDF1/CDF-HARSH,CROSS_EVENT_WARM_START_ONLY,4,COMPLETE,NOT_COMPUTED_MISSING_EXECUTION_OBSERVATION,,0,60,0,60,60
r8c-2733-1523abd6177ab878,2733,E2_DYNAMIC_INCREMENTAL_AFTER_FULL_REUSE,CDF1/CDF-HARSH,CROSS_EVENT_MEMORY_ONLY,4,COMPLETE,NOT_COMPUTED_MISSING_EXECUTION_OBSERVATION,,0,60,0,60,60
r8c-2734-3b281d97ac5d581f,2734,E2_DYNAMIC_INCREMENTAL_AFTER_FULL_REUSE,CDF1/CDF-HARSH,SHADE_ONLY,4,COMPLETE,NOT_COMPUTED_MISSING_EXECUTION_OBSERVATION,,0,60,0,60,60
r8c-2735-ad111c29c40a77e6,2735,E2_DYNAMIC_INCREMENTAL_AFTER_FULL_REUSE,CDF1/CDF-MILD,NO_CROSS_EVENT_MEMORY,0,COMPLETE,NOT_COMPUTED_MISSING_EXECUTION_OBSERVATION,,0,60,0,60,60
r8c-2736-cbe7bb608b2ed5de,2736,E2_DYNAMIC_INCREMENTAL_AFTER_FULL_REUSE,CDF1/CDF-MILD,NO_REJECTION_CREDIT,0,COMPLETE,NOT_COMPUTED_MISSING_EXECUTION_OBSERVATION,,0,60,0,60,60
r8c-2737-dddfb6dcea7ea3de,2737,E2_DYNAMIC_INCREMENTAL_AFTER_FULL_REUSE,CDF1/CDF-MILD,NO_MEMORY_RESET_GATE,0,COMPLETE,NOT_COMPUTED_MISSING_EXECUTION_OBSERVATION,,0,60,0,60,60
r8c-2738-fa467c7907e52d6f,2738,E2_DYNAMIC_INCREMENTAL_AFTER_FULL_REUSE,CDF1/CDF-MILD,NO_LINEAGE_CREDIT,0,COMPLETE,NOT_COMPUTED_MISSING_EXECUTION_OBSERVATION,,0,60,0,60,60
r8c-2739-4c90b260abe1a374,2739,E2_DYNAMIC_INCREMENTAL_AFTER_FULL_REUSE,CDF1/CDF-MILD,CROSS_EVENT_WARM_START_ONLY,0,COMPLETE,NOT_COMPUTED_MISSING_EXECUTION_OBSERVATION,,0,60,0,60,60
r8c-2740-f818ae94a1f182de,2740,E2_DYNAMIC_INCREMENTAL_AFTER_FULL_REUSE,CDF1/CDF-MILD,CROSS_EVENT_MEMORY_ONLY,0,COMPLETE,NOT_COMPUTED_MISSING_EXECUTION_OBSERVATION,,0,60,0,60,60
r8c-2741-97a019ff691ae441,2741,E2_DYNAMIC_INCREMENTAL_AFTER_FULL_REUSE,CDF1/CDF-MILD,SHADE_ONLY,0,COMPLETE,NOT_COMPUTED_MISSING_EXECUTION_OBSERVATION,,0,60,0,60,60
r8c-2742-a619fb05d4138593,2742,E2_DYNAMIC_INCREMENTAL_AFTER_FULL_REUSE,CDF1/CDF-MILD,NO_CROSS_EVENT_MEMORY,1,COMPLETE,NOT_COMPUTED_MISSING_EXECUTION_OBSERVATION,,0,60,0,60,60
r8c-2743-d2968e5f24ab9a96,2743,E2_DYNAMIC_INCREMENTAL_AFTER_FULL_REUSE,CDF1/CDF-MILD,NO_REJECTION_CREDIT,1,COMPLETE,NOT_COMPUTED_MISSING_EXECUTION_OBSERVATION,,0,60,0,60,60
r8c-2744-3db5cb412c61bf1b,2744,E2_DYNAMIC_INCREMENTAL_AFTER_FULL_REUSE,CDF1/CDF-MILD,NO_MEMORY_RESET_GATE,1,COMPLETE,NOT_COMPUTED_MISSING_EXECUTION_OBSERVATION,,0,60,0,60,60
r8c-2745-f4f9afd2dfab04a0,2745,E2_DYNAMIC_INCREMENTAL_AFTER_FULL_REUSE,CDF1/CDF-MILD,NO_LINEAGE_CREDIT,1,COMPLETE,NOT_COMPUTED_MISSING_EXECUTION_OBSERVATION,,0,60,0,60,60
r8c-2746-da4f2b118e21b4b3,2746,E2_DYNAMIC_INCREMENTAL_AFTER_FULL_REUSE,CDF1/CDF-MILD,CROSS_EVENT_WARM_START_ONLY,1,COMPLETE,NOT_COMPUTED_MISSING_EXECUTION_OBSERVATION,,0,60,0,60,60
r8c-2747-9e1f7a0c51c1c709,2747,E2_DYNAMIC_INCREMENTAL_AFTER_FULL_REUSE,CDF1/CDF-MILD,CROSS_EVENT_MEMORY_ONLY,1,COMPLETE,NOT_COMPUTED_MISSING_EXECUTION_OBSERVATION,,0,60,0,60,60
r8c-2748-387fa34209848726,2748,E2_DYNAMIC_INCREMENTAL_AFTER_FULL_REUSE,CDF1/CDF-MILD,SHADE_ONLY,1,COMPLETE,NOT_COMPUTED_MISSING_EXECUTION_OBSERVATION,,0,60,0,60,60
r8c-2749-5a3f0d16a1877f65,2749,E2_DYNAMIC_INCREMENTAL_AFTER_FULL_REUSE,CDF1/CDF-MILD,NO_CROSS_EVENT_MEMORY,2,COMPLETE,NOT_COMPUTED_MISSING_EXECUTION_OBSERVATION,,0,60,0,60,60
r8c-2750-8e106e94d0642287,2750,E2_DYNAMIC_INCREMENTAL_AFTER_FULL_REUSE,CDF1/CDF-MILD,NO_REJECTION_CREDIT,2,COMPLETE,NOT_COMPUTED_MISSING_EXECUTION_OBSERVATION,,0,60,0,60,60
r8c-2751-b93918226ff1414c,2751,E2_DYNAMIC_INCREMENTAL_AFTER_FULL_REUSE,CDF1/CDF-MILD,NO_MEMORY_RESET_GATE,2,COMPLETE,NOT_COMPUTED_MISSING_EXECUTION_OBSERVATION,,0,60,0,60,60
r8c-2752-0a7a4183c67e961d,2752,E2_DYNAMIC_INCREMENTAL_AFTER_FULL_REUSE,CDF1/CDF-MILD,NO_LINEAGE_CREDIT,2,COMPLETE,NOT_COMPUTED_MISSING_EXECUTION_OBSERVATION,,0,60,0,60,60
r8c-2753-0d3c273d2d3e9505,2753,E2_DYNAMIC_INCREMENTAL_AFTER_FULL_REUSE,CDF1/CDF-MILD,CROSS_EVENT_WARM_START_ONLY,2,COMPLETE,NOT_COMPUTED_MISSING_EXECUTION_OBSERVATION,,0,60,0,60,60
r8c-2754-c70a2417ffe62a95,2754,E2_DYNAMIC_INCREMENTAL_AFTER_FULL_REUSE,CDF1/CDF-MILD,CROSS_EVENT_MEMORY_ONLY,2,COMPLETE,NOT_COMPUTED_MISSING_EXECUTION_OBSERVATION,,0,60,0,60,60
r8c-2755-2e44708487ae816c,2755,E2_DYNAMIC_INCREMENTAL_AFTER_FULL_REUSE,CDF1/CDF-MILD,SHADE_ONLY,2,COMPLETE,NOT_COMPUTED_MISSING_EXECUTION_OBSERVATION,,0,60,0,60,60
r8c-2756-8efd819697d2bb1f,2756,E2_DYNAMIC_INCREMENTAL_AFTER_FULL_REUSE,CDF1/CDF-MILD,NO_CROSS_EVENT_MEMORY,3,COMPLETE,NOT_COMPUTED_MISSING_EXECUTION_OBSERVATION,,0,60,0,60,60
r8c-2757-17338d08188bc5ee,2757,E2_DYNAMIC_INCREMENTAL_AFTER_FULL_REUSE,CDF1/CDF-MILD,NO_REJECTION_CREDIT,3,COMPLETE,NOT_COMPUTED_MISSING_EXECUTION_OBSERVATION,,0,60,0,60,60
r8c-2758-970a49c2d92a5bbf,2758,E2_DYNAMIC_INCREMENTAL_AFTER_FULL_REUSE,CDF1/CDF-MILD,NO_MEMORY_RESET_GATE,3,COMPLETE,NOT_COMPUTED_MISSING_EXECUTION_OBSERVATION,,0,60,0,60,60
r8c-2759-e4958944b5ba0f1b,2759,E2_DYNAMIC_INCREMENTAL_AFTER_FULL_REUSE,CDF1/CDF-MILD,NO_LINEAGE_CREDIT,3,COMPLETE,NOT_COMPUTED_MISSING_EXECUTION_OBSERVATION,,0,60,0,60,60
r8c-2760-4f869ef53479f74a,2760,E2_DYNAMIC_INCREMENTAL_AFTER_FULL_REUSE,CDF1/CDF-MILD,CROSS_EVENT_WARM_START_ONLY,3,COMPLETE,NOT_COMPUTED_MISSING_EXECUTION_OBSERVATION,,0,60,0,60,60
r8c-2761-35ab330e7dd270f7,2761,E2_DYNAMIC_INCREMENTAL_AFTER_FULL_REUSE,CDF1/CDF-MILD,CROSS_EVENT_MEMORY_ONLY,3,COMPLETE,NOT_COMPUTED_MISSING_EXECUTION_OBSERVATION,,0,60,0,60,60
r8c-2762-e7a6634de12120d5,2762,E2_DYNAMIC_INCREMENTAL_AFTER_FULL_REUSE,CDF1/CDF-MILD,SHADE_ONLY,3,COMPLETE,NOT_COMPUTED_MISSING_EXECUTION_OBSERVATION,,0,60,0,60,60
r8c-2763-1c7e7bc53c10888c,2763,E2_DYNAMIC_INCREMENTAL_AFTER_FULL_REUSE,CDF1/CDF-MILD,NO_CROSS_EVENT_MEMORY,4,COMPLETE,NOT_COMPUTED_MISSING_EXECUTION_OBSERVATION,,0,60,0,60,60
r8c-2764-8990aafc5b8ee7a1,2764,E2_DYNAMIC_INCREMENTAL_AFTER_FULL_REUSE,CDF1/CDF-MILD,NO_REJECTION_CREDIT,4,COMPLETE,NOT_COMPUTED_MISSING_EXECUTION_OBSERVATION,,0,60,0,60,60
r8c-2765-8821c6c0b8b93063,2765,E2_DYNAMIC_INCREMENTAL_AFTER_FULL_REUSE,CDF1/CDF-MILD,NO_MEMORY_RESET_GATE,4,COMPLETE,NOT_COMPUTED_MISSING_EXECUTION_OBSERVATION,,0,60,0,60,60
r8c-2766-5765fa964d98082a,2766,E2_DYNAMIC_INCREMENTAL_AFTER_FULL_REUSE,CDF1/CDF-MILD,NO_LINEAGE_CREDIT,4,COMPLETE,NOT_COMPUTED_MISSING_EXECUTION_OBSERVATION,,0,60,0,60,60
r8c-2767-598b03e33b97e813,2767,E2_DYNAMIC_INCREMENTAL_AFTER_FULL_REUSE,CDF1/CDF-MILD,CROSS_EVENT_WARM_START_ONLY,4,COMPLETE,NOT_COMPUTED_MISSING_EXECUTION_OBSERVATION,,0,60,0,60,60
r8c-2768-567c03b9176d5740,2768,E2_DYNAMIC_INCREMENTAL_AFTER_FULL_REUSE,CDF1/CDF-MILD,CROSS_EVENT_MEMORY_ONLY,4,COMPLETE,NOT_COMPUTED_MISSING_EXECUTION_OBSERVATION,,0,60,0,60,60
r8c-2769-255f0e5dc3ac3df2,2769,E2_DYNAMIC_INCREMENTAL_AFTER_FULL_REUSE,CDF1/CDF-MILD,SHADE_ONLY,4,COMPLETE,NOT_COMPUTED_MISSING_EXECUTION_OBSERVATION,,0,60,0,60,60
r8c-2770-f3bf5600d6f48548,2770,E2_DYNAMIC_INCREMENTAL_AFTER_FULL_REUSE,CDF2/CDF-HARSH,NO_CROSS_EVENT_MEMORY,0,COMPLETE,NOT_COMPUTED_MISSING_EXECUTION_OBSERVATION,,0,60,0,60,60
r8c-2771-e6e85a4e9c5bc362,2771,E2_DYNAMIC_INCREMENTAL_AFTER_FULL_REUSE,CDF2/CDF-HARSH,NO_REJECTION_CREDIT,0,COMPLETE,NOT_COMPUTED_MISSING_EXECUTION_OBSERVATION,,0,60,0,60,60
r8c-2772-cf5a242c4c60d865,2772,E2_DYNAMIC_INCREMENTAL_AFTER_FULL_REUSE,CDF2/CDF-HARSH,NO_MEMORY_RESET_GATE,0,COMPLETE,NOT_COMPUTED_MISSING_EXECUTION_OBSERVATION,,0,60,0,60,60
r8c-2773-87b26973529be611,2773,E2_DYNAMIC_INCREMENTAL_AFTER_FULL_REUSE,CDF2/CDF-HARSH,NO_LINEAGE_CREDIT,0,COMPLETE,NOT_COMPUTED_MISSING_EXECUTION_OBSERVATION,,0,60,0,60,60
r8c-2774-22599abce350a404,2774,E2_DYNAMIC_INCREMENTAL_AFTER_FULL_REUSE,CDF2/CDF-HARSH,CROSS_EVENT_WARM_START_ONLY,0,COMPLETE,NOT_COMPUTED_MISSING_EXECUTION_OBSERVATION,,0,60,0,60,60
r8c-2775-b4179a1f07031294,2775,E2_DYNAMIC_INCREMENTAL_AFTER_FULL_REUSE,CDF2/CDF-HARSH,CROSS_EVENT_MEMORY_ONLY,0,COMPLETE,NOT_COMPUTED_MISSING_EXECUTION_OBSERVATION,,0,60,0,60,60
r8c-2776-ee6f3f54174c5fff,2776,E2_DYNAMIC_INCREMENTAL_AFTER_FULL_REUSE,CDF2/CDF-HARSH,SHADE_ONLY,0,COMPLETE,NOT_COMPUTED_MISSING_EXECUTION_OBSERVATION,,0,60,0,60,60
r8c-2777-5360f5b5d9c5d690,2777,E2_DYNAMIC_INCREMENTAL_AFTER_FULL_REUSE,CDF2/CDF-HARSH,NO_CROSS_EVENT_MEMORY,1,COMPLETE,NOT_COMPUTED_MISSING_EXECUTION_OBSERVATION,,0,60,0,60,60
r8c-2778-65f6eed498f81823,2778,E2_DYNAMIC_INCREMENTAL_AFTER_FULL_REUSE,CDF2/CDF-HARSH,NO_REJECTION_CREDIT,1,COMPLETE,NOT_COMPUTED_MISSING_EXECUTION_OBSERVATION,,0,60,0,60,60
r8c-2779-649bae5a54da7a4e,2779,E2_DYNAMIC_INCREMENTAL_AFTER_FULL_REUSE,CDF2/CDF-HARSH,NO_MEMORY_RESET_GATE,1,COMPLETE,NOT_COMPUTED_MISSING_EXECUTION_OBSERVATION,,0,60,0,60,60
r8c-2780-52eccaee87649202,2780,E2_DYNAMIC_INCREMENTAL_AFTER_FULL_REUSE,CDF2/CDF-HARSH,NO_LINEAGE_CREDIT,1,COMPLETE,NOT_COMPUTED_MISSING_EXECUTION_OBSERVATION,,0,60,0,60,60
r8c-2781-5c909c028c2fb3b0,2781,E2_DYNAMIC_INCREMENTAL_AFTER_FULL_REUSE,CDF2/CDF-HARSH,CROSS_EVENT_WARM_START_ONLY,1,COMPLETE,NOT_COMPUTED_MISSING_EXECUTION_OBSERVATION,,0,60,0,60,60
r8c-2782-0a2400f802dde3ba,2782,E2_DYNAMIC_INCREMENTAL_AFTER_FULL_REUSE,CDF2/CDF-HARSH,CROSS_EVENT_MEMORY_ONLY,1,COMPLETE,NOT_COMPUTED_MISSING_EXECUTION_OBSERVATION,,0,60,0,60,60
r8c-2783-457bbae7d001671c,2783,E2_DYNAMIC_INCREMENTAL_AFTER_FULL_REUSE,CDF2/CDF-HARSH,SHADE_ONLY,1,COMPLETE,NOT_COMPUTED_MISSING_EXECUTION_OBSERVATION,,0,60,0,60,60
r8c-2784-8846d650d446ebce,2784,E2_DYNAMIC_INCREMENTAL_AFTER_FULL_REUSE,CDF2/CDF-HARSH,NO_CROSS_EVENT_MEMORY,2,COMPLETE,NOT_COMPUTED_MISSING_EXECUTION_OBSERVATION,,0,60,0,60,60
r8c-2785-9c8c836d82d2abb8,2785,E2_DYNAMIC_INCREMENTAL_AFTER_FULL_REUSE,CDF2/CDF-HARSH,NO_REJECTION_CREDIT,2,COMPLETE,NOT_COMPUTED_MISSING_EXECUTION_OBSERVATION,,0,60,0,60,60
r8c-2786-4aa132889cb9f346,2786,E2_DYNAMIC_INCREMENTAL_AFTER_FULL_REUSE,CDF2/CDF-HARSH,NO_MEMORY_RESET_GATE,2,COMPLETE,NOT_COMPUTED_MISSING_EXECUTION_OBSERVATION,,0,60,0,60,60
r8c-2787-53c26de34944d4fd,2787,E2_DYNAMIC_INCREMENTAL_AFTER_FULL_REUSE,CDF2/CDF-HARSH,NO_LINEAGE_CREDIT,2,COMPLETE,NOT_COMPUTED_MISSING_EXECUTION_OBSERVATION,,0,60,0,60,60
r8c-2788-d67347d51437a088,2788,E2_DYNAMIC_INCREMENTAL_AFTER_FULL_REUSE,CDF2/CDF-HARSH,CROSS_EVENT_WARM_START_ONLY,2,COMPLETE,NOT_COMPUTED_MISSING_EXECUTION_OBSERVATION,,0,60,0,60,60
r8c-2789-da2fce48977e68db,2789,E2_DYNAMIC_INCREMENTAL_AFTER_FULL_REUSE,CDF2/CDF-HARSH,CROSS_EVENT_MEMORY_ONLY,2,COMPLETE,NOT_COMPUTED_MISSING_EXECUTION_OBSERVATION,,0,60,0,60,60
r8c-2790-c998a5400a96b5ff,2790,E2_DYNAMIC_INCREMENTAL_AFTER_FULL_REUSE,CDF2/CDF-HARSH,SHADE_ONLY,2,COMPLETE,NOT_COMPUTED_MISSING_EXECUTION_OBSERVATION,,0,60,0,60,60
r8c-2791-a8b796313a4326bc,2791,E2_DYNAMIC_INCREMENTAL_AFTER_FULL_REUSE,CDF2/CDF-HARSH,NO_CROSS_EVENT_MEMORY,3,COMPLETE,NOT_COMPUTED_MISSING_EXECUTION_OBSERVATION,,0,60,0,60,60
r8c-2792-f8e68028b5c5e43d,2792,E2_DYNAMIC_INCREMENTAL_AFTER_FULL_REUSE,CDF2/CDF-HARSH,NO_REJECTION_CREDIT,3,COMPLETE,NOT_COMPUTED_MISSING_EXECUTION_OBSERVATION,,0,60,0,60,60
r8c-2793-c363403f8c02db34,2793,E2_DYNAMIC_INCREMENTAL_AFTER_FULL_REUSE,CDF2/CDF-HARSH,NO_MEMORY_RESET_GATE,3,COMPLETE,NOT_COMPUTED_MISSING_EXECUTION_OBSERVATION,,0,60,0,60,60
r8c-2794-eb3b7059865dc5dd,2794,E2_DYNAMIC_INCREMENTAL_AFTER_FULL_REUSE,CDF2/CDF-HARSH,NO_LINEAGE_CREDIT,3,COMPLETE,NOT_COMPUTED_MISSING_EXECUTION_OBSERVATION,,0,60,0,60,60
r8c-2795-31e380e16bf88c12,2795,E2_DYNAMIC_INCREMENTAL_AFTER_FULL_REUSE,CDF2/CDF-HARSH,CROSS_EVENT_WARM_START_ONLY,3,COMPLETE,NOT_COMPUTED_MISSING_EXECUTION_OBSERVATION,,0,60,0,60,60
r8c-2796-3ca4c5e36873f252,2796,E2_DYNAMIC_INCREMENTAL_AFTER_FULL_REUSE,CDF2/CDF-HARSH,CROSS_EVENT_MEMORY_ONLY,3,COMPLETE,NOT_COMPUTED_MISSING_EXECUTION_OBSERVATION,,0,60,0,60,60
r8c-2797-51c762eac4294f96,2797,E2_DYNAMIC_INCREMENTAL_AFTER_FULL_REUSE,CDF2/CDF-HARSH,SHADE_ONLY,3,COMPLETE,NOT_COMPUTED_MISSING_EXECUTION_OBSERVATION,,0,60,0,60,60
r8c-2798-a3a1612fdef883ce,2798,E2_DYNAMIC_INCREMENTAL_AFTER_FULL_REUSE,CDF2/CDF-HARSH,NO_CROSS_EVENT_MEMORY,4,COMPLETE,NOT_COMPUTED_MISSING_EXECUTION_OBSERVATION,,0,60,0,60,60
r8c-2799-c88e2a3bedd54568,2799,E2_DYNAMIC_INCREMENTAL_AFTER_FULL_REUSE,CDF2/CDF-HARSH,NO_REJECTION_CREDIT,4,COMPLETE,NOT_COMPUTED_MISSING_EXECUTION_OBSERVATION,,0,60,0,60,60
r8c-2800-fba3787466c371a5,2800,E2_DYNAMIC_INCREMENTAL_AFTER_FULL_REUSE,CDF2/CDF-HARSH,NO_MEMORY_RESET_GATE,4,COMPLETE,NOT_COMPUTED_MISSING_EXECUTION_OBSERVATION,,0,60,0,60,60
r8c-2801-2c5a2225a8f22c34,2801,E2_DYNAMIC_INCREMENTAL_AFTER_FULL_REUSE,CDF2/CDF-HARSH,NO_LINEAGE_CREDIT,4,COMPLETE,NOT_COMPUTED_MISSING_EXECUTION_OBSERVATION,,0,60,0,60,60
r8c-2802-47e0d56df2496009,2802,E2_DYNAMIC_INCREMENTAL_AFTER_FULL_REUSE,CDF2/CDF-HARSH,CROSS_EVENT_WARM_START_ONLY,4,COMPLETE,NOT_COMPUTED_MISSING_EXECUTION_OBSERVATION,,0,60,0,60,60
r8c-2803-6b5ba79b7289a256,2803,E2_DYNAMIC_INCREMENTAL_AFTER_FULL_REUSE,CDF2/CDF-HARSH,CROSS_EVENT_MEMORY_ONLY,4,COMPLETE,NOT_COMPUTED_MISSING_EXECUTION_OBSERVATION,,0,60,0,60,60
r8c-2804-ccbe88ff6604a742,2804,E2_DYNAMIC_INCREMENTAL_AFTER_FULL_REUSE,CDF2/CDF-HARSH,SHADE_ONLY,4,COMPLETE,NOT_COMPUTED_MISSING_EXECUTION_OBSERVATION,,0,60,0,60,60
r8c-2805-cd199168144c7012,2805,E2_DYNAMIC_INCREMENTAL_AFTER_FULL_REUSE,CDF2/CDF-MILD,NO_CROSS_EVENT_MEMORY,0,COMPLETE,NOT_COMPUTED_MISSING_EXECUTION_OBSERVATION,,0,60,0,60,60
r8c-2806-91ad0af1da74a690,2806,E2_DYNAMIC_INCREMENTAL_AFTER_FULL_REUSE,CDF2/CDF-MILD,NO_REJECTION_CREDIT,0,COMPLETE,NOT_COMPUTED_MISSING_EXECUTION_OBSERVATION,,0,60,0,60,60
r8c-2807-41995d5f1debcde6,2807,E2_DYNAMIC_INCREMENTAL_AFTER_FULL_REUSE,CDF2/CDF-MILD,NO_MEMORY_RESET_GATE,0,COMPLETE,NOT_COMPUTED_MISSING_EXECUTION_OBSERVATION,,0,60,0,60,60
r8c-2808-e07649fdb161803a,2808,E2_DYNAMIC_INCREMENTAL_AFTER_FULL_REUSE,CDF2/CDF-MILD,NO_LINEAGE_CREDIT,0,COMPLETE,NOT_COMPUTED_MISSING_EXECUTION_OBSERVATION,,0,60,0,60,60
r8c-2809-db03db1965538b03,2809,E2_DYNAMIC_INCREMENTAL_AFTER_FULL_REUSE,CDF2/CDF-MILD,CROSS_EVENT_WARM_START_ONLY,0,COMPLETE,NOT_COMPUTED_MISSING_EXECUTION_OBSERVATION,,0,60,0,60,60
r8c-2810-76fb7c43f7332814,2810,E2_DYNAMIC_INCREMENTAL_AFTER_FULL_REUSE,CDF2/CDF-MILD,CROSS_EVENT_MEMORY_ONLY,0,COMPLETE,NOT_COMPUTED_MISSING_EXECUTION_OBSERVATION,,0,60,0,60,60
r8c-2811-fb9ccd6b048dd711,2811,E2_DYNAMIC_INCREMENTAL_AFTER_FULL_REUSE,CDF2/CDF-MILD,SHADE_ONLY,0,COMPLETE,NOT_COMPUTED_MISSING_EXECUTION_OBSERVATION,,0,60,0,60,60
r8c-2812-26c952e2f6e97d5e,2812,E2_DYNAMIC_INCREMENTAL_AFTER_FULL_REUSE,CDF2/CDF-MILD,NO_CROSS_EVENT_MEMORY,1,COMPLETE,NOT_COMPUTED_MISSING_EXECUTION_OBSERVATION,,0,60,0,60,60
r8c-2813-e3236ce6110b0d8e,2813,E2_DYNAMIC_INCREMENTAL_AFTER_FULL_REUSE,CDF2/CDF-MILD,NO_REJECTION_CREDIT,1,COMPLETE,NOT_COMPUTED_MISSING_EXECUTION_OBSERVATION,,0,60,0,60,60
r8c-2814-49523c563b2b79e2,2814,E2_DYNAMIC_INCREMENTAL_AFTER_FULL_REUSE,CDF2/CDF-MILD,NO_MEMORY_RESET_GATE,1,COMPLETE,NOT_COMPUTED_MISSING_EXECUTION_OBSERVATION,,0,60,0,60,60
r8c-2815-f6fc81b335cf317a,2815,E2_DYNAMIC_INCREMENTAL_AFTER_FULL_REUSE,CDF2/CDF-MILD,NO_LINEAGE_CREDIT,1,COMPLETE,NOT_COMPUTED_MISSING_EXECUTION_OBSERVATION,,0,60,0,60,60
r8c-2816-f5ad53040ff3111c,2816,E2_DYNAMIC_INCREMENTAL_AFTER_FULL_REUSE,CDF2/CDF-MILD,CROSS_EVENT_WARM_START_ONLY,1,COMPLETE,NOT_COMPUTED_MISSING_EXECUTION_OBSERVATION,,0,60,0,60,60
r8c-2817-1d30d8a0d1e252e4,2817,E2_DYNAMIC_INCREMENTAL_AFTER_FULL_REUSE,CDF2/CDF-MILD,CROSS_EVENT_MEMORY_ONLY,1,COMPLETE,NOT_COMPUTED_MISSING_EXECUTION_OBSERVATION,,0,60,0,60,60
r8c-2818-e0a2de5e01a1cc56,2818,E2_DYNAMIC_INCREMENTAL_AFTER_FULL_REUSE,CDF2/CDF-MILD,SHADE_ONLY,1,COMPLETE,NOT_COMPUTED_MISSING_EXECUTION_OBSERVATION,,0,60,0,60,60
r8c-2819-3e3934d4cf39f54f,2819,E2_DYNAMIC_INCREMENTAL_AFTER_FULL_REUSE,CDF2/CDF-MILD,NO_CROSS_EVENT_MEMORY,2,COMPLETE,NOT_COMPUTED_MISSING_EXECUTION_OBSERVATION,,0,60,0,60,60
r8c-2820-1a3bc1885f601bf1,2820,E2_DYNAMIC_INCREMENTAL_AFTER_FULL_REUSE,CDF2/CDF-MILD,NO_REJECTION_CREDIT,2,COMPLETE,NOT_COMPUTED_MISSING_EXECUTION_OBSERVATION,,0,60,0,60,60
r8c-2821-03df236561a52967,2821,E2_DYNAMIC_INCREMENTAL_AFTER_FULL_REUSE,CDF2/CDF-MILD,NO_MEMORY_RESET_GATE,2,COMPLETE,NOT_COMPUTED_MISSING_EXECUTION_OBSERVATION,,0,60,0,60,60
r8c-2822-9c305832ae3cb2cd,2822,E2_DYNAMIC_INCREMENTAL_AFTER_FULL_REUSE,CDF2/CDF-MILD,NO_LINEAGE_CREDIT,2,COMPLETE,NOT_COMPUTED_MISSING_EXECUTION_OBSERVATION,,0,60,0,60,60
r8c-2823-af49230869731487,2823,E2_DYNAMIC_INCREMENTAL_AFTER_FULL_REUSE,CDF2/CDF-MILD,CROSS_EVENT_WARM_START_ONLY,2,COMPLETE,NOT_COMPUTED_MISSING_EXECUTION_OBSERVATION,,0,60,0,60,60
r8c-2824-c4e424192ed94f77,2824,E2_DYNAMIC_INCREMENTAL_AFTER_FULL_REUSE,CDF2/CDF-MILD,CROSS_EVENT_MEMORY_ONLY,2,COMPLETE,NOT_COMPUTED_MISSING_EXECUTION_OBSERVATION,,0,60,0,60,60
r8c-2825-51ec2c489414c1d8,2825,E2_DYNAMIC_INCREMENTAL_AFTER_FULL_REUSE,CDF2/CDF-MILD,SHADE_ONLY,2,COMPLETE,NOT_COMPUTED_MISSING_EXECUTION_OBSERVATION,,0,60,0,60,60
r8c-2826-7a83eb66a1d66d3f,2826,E2_DYNAMIC_INCREMENTAL_AFTER_FULL_REUSE,CDF2/CDF-MILD,NO_CROSS_EVENT_MEMORY,3,COMPLETE,NOT_COMPUTED_MISSING_EXECUTION_OBSERVATION,,0,60,0,60,60
r8c-2827-a5cd577702dd3e9a,2827,E2_DYNAMIC_INCREMENTAL_AFTER_FULL_REUSE,CDF2/CDF-MILD,NO_REJECTION_CREDIT,3,COMPLETE,NOT_COMPUTED_MISSING_EXECUTION_OBSERVATION,,0,60,0,60,60
r8c-2828-984c28bd882484a6,2828,E2_DYNAMIC_INCREMENTAL_AFTER_FULL_REUSE,CDF2/CDF-MILD,NO_MEMORY_RESET_GATE,3,COMPLETE,NOT_COMPUTED_MISSING_EXECUTION_OBSERVATION,,0,60,0,60,60
r8c-2829-acf6a49023347f79,2829,E2_DYNAMIC_INCREMENTAL_AFTER_FULL_REUSE,CDF2/CDF-MILD,NO_LINEAGE_CREDIT,3,COMPLETE,NOT_COMPUTED_MISSING_EXECUTION_OBSERVATION,,0,60,0,60,60
r8c-2830-ecb798a3933b7f3f,2830,E2_DYNAMIC_INCREMENTAL_AFTER_FULL_REUSE,CDF2/CDF-MILD,CROSS_EVENT_WARM_START_ONLY,3,COMPLETE,NOT_COMPUTED_MISSING_EXECUTION_OBSERVATION,,0,60,0,60,60
r8c-2831-41ecfa21132d9247,2831,E2_DYNAMIC_INCREMENTAL_AFTER_FULL_REUSE,CDF2/CDF-MILD,CROSS_EVENT_MEMORY_ONLY,3,COMPLETE,NOT_COMPUTED_MISSING_EXECUTION_OBSERVATION,,0,60,0,60,60
r8c-2832-42cc496253c6abb5,2832,E2_DYNAMIC_INCREMENTAL_AFTER_FULL_REUSE,CDF2/CDF-MILD,SHADE_ONLY,3,COMPLETE,NOT_COMPUTED_MISSING_EXECUTION_OBSERVATION,,0,60,0,60,60
r8c-2833-8fa67d4f892debc4,2833,E2_DYNAMIC_INCREMENTAL_AFTER_FULL_REUSE,CDF2/CDF-MILD,NO_CROSS_EVENT_MEMORY,4,COMPLETE,NOT_COMPUTED_MISSING_EXECUTION_OBSERVATION,,0,60,0,60,60
r8c-2834-54fc7d0d31190953,2834,E2_DYNAMIC_INCREMENTAL_AFTER_FULL_REUSE,CDF2/CDF-MILD,NO_REJECTION_CREDIT,4,COMPLETE,NOT_COMPUTED_MISSING_EXECUTION_OBSERVATION,,0,60,0,60,60
r8c-2835-87241e69ae2efd9b,2835,E2_DYNAMIC_INCREMENTAL_AFTER_FULL_REUSE,CDF2/CDF-MILD,NO_MEMORY_RESET_GATE,4,COMPLETE,NOT_COMPUTED_MISSING_EXECUTION_OBSERVATION,,0,60,0,60,60
r8c-2836-5597a8cbe8b875d8,2836,E2_DYNAMIC_INCREMENTAL_AFTER_FULL_REUSE,CDF2/CDF-MILD,NO_LINEAGE_CREDIT,4,COMPLETE,NOT_COMPUTED_MISSING_EXECUTION_OBSERVATION,,0,60,0,60,60
r8c-2837-29a03e38ec0ad28c,2837,E2_DYNAMIC_INCREMENTAL_AFTER_FULL_REUSE,CDF2/CDF-MILD,CROSS_EVENT_WARM_START_ONLY,4,COMPLETE,NOT_COMPUTED_MISSING_EXECUTION_OBSERVATION,,0,60,0,60,60
r8c-2838-6b3c05e0b5d45338,2838,E2_DYNAMIC_INCREMENTAL_AFTER_FULL_REUSE,CDF2/CDF-MILD,CROSS_EVENT_MEMORY_ONLY,4,COMPLETE,NOT_COMPUTED_MISSING_EXECUTION_OBSERVATION,,0,60,0,60,60
r8c-2839-ccec42d522b455ed,2839,E2_DYNAMIC_INCREMENTAL_AFTER_FULL_REUSE,CDF2/CDF-MILD,SHADE_ONLY,4,COMPLETE,NOT_COMPUTED_MISSING_EXECUTION_OBSERVATION,,0,60,0,60,60
r8c-2840-45bfa800fa240b01,2840,E2_DYNAMIC_INCREMENTAL_AFTER_FULL_REUSE,CDF3/CDF-HARSH,NO_CROSS_EVENT_MEMORY,0,COMPLETE,NOT_COMPUTED_MISSING_EXECUTION_OBSERVATION,,0,60,0,60,60
r8c-2841-842007896ebdfef7,2841,E2_DYNAMIC_INCREMENTAL_AFTER_FULL_REUSE,CDF3/CDF-HARSH,NO_REJECTION_CREDIT,0,COMPLETE,NOT_COMPUTED_MISSING_EXECUTION_OBSERVATION,,0,60,0,60,60
r8c-2842-ee46c47d51cde57b,2842,E2_DYNAMIC_INCREMENTAL_AFTER_FULL_REUSE,CDF3/CDF-HARSH,NO_MEMORY_RESET_GATE,0,COMPLETE,NOT_COMPUTED_MISSING_EXECUTION_OBSERVATION,,0,60,0,60,60
r8c-2843-778270f5c8f49b71,2843,E2_DYNAMIC_INCREMENTAL_AFTER_FULL_REUSE,CDF3/CDF-HARSH,NO_LINEAGE_CREDIT,0,COMPLETE,NOT_COMPUTED_MISSING_EXECUTION_OBSERVATION,,0,60,0,60,60
r8c-2844-84a7c68a28b31bcc,2844,E2_DYNAMIC_INCREMENTAL_AFTER_FULL_REUSE,CDF3/CDF-HARSH,CROSS_EVENT_WARM_START_ONLY,0,COMPLETE,NOT_COMPUTED_MISSING_EXECUTION_OBSERVATION,,0,60,0,60,60
r8c-2845-25008c83769fa555,2845,E2_DYNAMIC_INCREMENTAL_AFTER_FULL_REUSE,CDF3/CDF-HARSH,CROSS_EVENT_MEMORY_ONLY,0,COMPLETE,NOT_COMPUTED_MISSING_EXECUTION_OBSERVATION,,0,60,0,60,60
r8c-2846-66bc132fb4991d59,2846,E2_DYNAMIC_INCREMENTAL_AFTER_FULL_REUSE,CDF3/CDF-HARSH,SHADE_ONLY,0,COMPLETE,NOT_COMPUTED_MISSING_EXECUTION_OBSERVATION,,0,60,0,60,60
r8c-2847-b71abad1599a2815,2847,E2_DYNAMIC_INCREMENTAL_AFTER_FULL_REUSE,CDF3/CDF-HARSH,NO_CROSS_EVENT_MEMORY,1,COMPLETE,NOT_COMPUTED_MISSING_EXECUTION_OBSERVATION,,0,60,0,60,60
r8c-2848-c8158b1acfa68e9b,2848,E2_DYNAMIC_INCREMENTAL_AFTER_FULL_REUSE,CDF3/CDF-HARSH,NO_REJECTION_CREDIT,1,COMPLETE,NOT_COMPUTED_MISSING_EXECUTION_OBSERVATION,,0,60,0,60,60
r8c-2849-b90a819e8dc0fc07,2849,E2_DYNAMIC_INCREMENTAL_AFTER_FULL_REUSE,CDF3/CDF-HARSH,NO_MEMORY_RESET_GATE,1,COMPLETE,NOT_COMPUTED_MISSING_EXECUTION_OBSERVATION,,0,60,0,60,60
r8c-2850-406b0cde817ac220,2850,E2_DYNAMIC_INCREMENTAL_AFTER_FULL_REUSE,CDF3/CDF-HARSH,NO_LINEAGE_CREDIT,1,COMPLETE,NOT_COMPUTED_MISSING_EXECUTION_OBSERVATION,,0,60,0,60,60
r8c-2851-0cd7fa5c4dc29aef,2851,E2_DYNAMIC_INCREMENTAL_AFTER_FULL_REUSE,CDF3/CDF-HARSH,CROSS_EVENT_WARM_START_ONLY,1,COMPLETE,NOT_COMPUTED_MISSING_EXECUTION_OBSERVATION,,0,60,0,60,60
r8c-2852-c1d01a165016c2e8,2852,E2_DYNAMIC_INCREMENTAL_AFTER_FULL_REUSE,CDF3/CDF-HARSH,CROSS_EVENT_MEMORY_ONLY,1,COMPLETE,NOT_COMPUTED_MISSING_EXECUTION_OBSERVATION,,0,60,0,60,60
r8c-2853-c5b0b56f8e9aff22,2853,E2_DYNAMIC_INCREMENTAL_AFTER_FULL_REUSE,CDF3/CDF-HARSH,SHADE_ONLY,1,COMPLETE,NOT_COMPUTED_MISSING_EXECUTION_OBSERVATION,,0,60,0,60,60
r8c-2854-f4134c9e731a4ab0,2854,E2_DYNAMIC_INCREMENTAL_AFTER_FULL_REUSE,CDF3/CDF-HARSH,NO_CROSS_EVENT_MEMORY,2,COMPLETE,NOT_COMPUTED_MISSING_EXECUTION_OBSERVATION,,0,60,0,60,60
r8c-2855-5d06ce982fb54e36,2855,E2_DYNAMIC_INCREMENTAL_AFTER_FULL_REUSE,CDF3/CDF-HARSH,NO_REJECTION_CREDIT,2,COMPLETE,NOT_COMPUTED_MISSING_EXECUTION_OBSERVATION,,0,60,0,60,60
r8c-2856-f46552e4055e826e,2856,E2_DYNAMIC_INCREMENTAL_AFTER_FULL_REUSE,CDF3/CDF-HARSH,NO_MEMORY_RESET_GATE,2,COMPLETE,NOT_COMPUTED_MISSING_EXECUTION_OBSERVATION,,0,60,0,60,60
r8c-2857-fb89520403f5b3c9,2857,E2_DYNAMIC_INCREMENTAL_AFTER_FULL_REUSE,CDF3/CDF-HARSH,NO_LINEAGE_CREDIT,2,COMPLETE,NOT_COMPUTED_MISSING_EXECUTION_OBSERVATION,,0,60,0,60,60
r8c-2858-bdfc69102a5d51a2,2858,E2_DYNAMIC_INCREMENTAL_AFTER_FULL_REUSE,CDF3/CDF-HARSH,CROSS_EVENT_WARM_START_ONLY,2,COMPLETE,NOT_COMPUTED_MISSING_EXECUTION_OBSERVATION,,0,60,0,60,60
r8c-2859-d05619518190a71f,2859,E2_DYNAMIC_INCREMENTAL_AFTER_FULL_REUSE,CDF3/CDF-HARSH,CROSS_EVENT_MEMORY_ONLY,2,COMPLETE,NOT_COMPUTED_MISSING_EXECUTION_OBSERVATION,,0,60,0,60,60
r8c-2860-898a5b84ea2795cb,2860,E2_DYNAMIC_INCREMENTAL_AFTER_FULL_REUSE,CDF3/CDF-HARSH,SHADE_ONLY,2,COMPLETE,NOT_COMPUTED_MISSING_EXECUTION_OBSERVATION,,0,60,0,60,60
r8c-2861-11b8c39d4b124b03,2861,E2_DYNAMIC_INCREMENTAL_AFTER_FULL_REUSE,CDF3/CDF-HARSH,NO_CROSS_EVENT_MEMORY,3,COMPLETE,NOT_COMPUTED_MISSING_EXECUTION_OBSERVATION,,0,60,0,60,60
r8c-2862-8cb2a3ea5b982164,2862,E2_DYNAMIC_INCREMENTAL_AFTER_FULL_REUSE,CDF3/CDF-HARSH,NO_REJECTION_CREDIT,3,COMPLETE,NOT_COMPUTED_MISSING_EXECUTION_OBSERVATION,,0,60,0,60,60
r8c-2863-8dd35c1169acdadf,2863,E2_DYNAMIC_INCREMENTAL_AFTER_FULL_REUSE,CDF3/CDF-HARSH,NO_MEMORY_RESET_GATE,3,COMPLETE,NOT_COMPUTED_MISSING_EXECUTION_OBSERVATION,,0,60,0,60,60
r8c-2864-6da9f46d71ae543b,2864,E2_DYNAMIC_INCREMENTAL_AFTER_FULL_REUSE,CDF3/CDF-HARSH,NO_LINEAGE_CREDIT,3,COMPLETE,NOT_COMPUTED_MISSING_EXECUTION_OBSERVATION,,0,60,0,60,60
r8c-2865-61d4e8d0c5b3731c,2865,E2_DYNAMIC_INCREMENTAL_AFTER_FULL_REUSE,CDF3/CDF-HARSH,CROSS_EVENT_WARM_START_ONLY,3,COMPLETE,NOT_COMPUTED_MISSING_EXECUTION_OBSERVATION,,0,60,0,60,60
r8c-2866-69d95f0431957d83,2866,E2_DYNAMIC_INCREMENTAL_AFTER_FULL_REUSE,CDF3/CDF-HARSH,CROSS_EVENT_MEMORY_ONLY,3,COMPLETE,NOT_COMPUTED_MISSING_EXECUTION_OBSERVATION,,0,60,0,60,60
r8c-2867-e529598cb1d720b6,2867,E2_DYNAMIC_INCREMENTAL_AFTER_FULL_REUSE,CDF3/CDF-HARSH,SHADE_ONLY,3,COMPLETE,NOT_COMPUTED_MISSING_EXECUTION_OBSERVATION,,0,60,0,60,60
r8c-2868-656b1ab8d28fe46f,2868,E2_DYNAMIC_INCREMENTAL_AFTER_FULL_REUSE,CDF3/CDF-HARSH,NO_CROSS_EVENT_MEMORY,4,COMPLETE,NOT_COMPUTED_MISSING_EXECUTION_OBSERVATION,,0,60,0,60,60
r8c-2869-3873df8cbc3603bf,2869,E2_DYNAMIC_INCREMENTAL_AFTER_FULL_REUSE,CDF3/CDF-HARSH,NO_REJECTION_CREDIT,4,COMPLETE,NOT_COMPUTED_MISSING_EXECUTION_OBSERVATION,,0,60,0,60,60
r8c-2870-bed9597e7647a034,2870,E2_DYNAMIC_INCREMENTAL_AFTER_FULL_REUSE,CDF3/CDF-HARSH,NO_MEMORY_RESET_GATE,4,COMPLETE,NOT_COMPUTED_MISSING_EXECUTION_OBSERVATION,,0,60,0,60,60
r8c-2871-448ce56f7741c417,2871,E2_DYNAMIC_INCREMENTAL_AFTER_FULL_REUSE,CDF3/CDF-HARSH,NO_LINEAGE_CREDIT,4,COMPLETE,NOT_COMPUTED_MISSING_EXECUTION_OBSERVATION,,0,60,0,60,60
r8c-2872-e11760037076f6d1,2872,E2_DYNAMIC_INCREMENTAL_AFTER_FULL_REUSE,CDF3/CDF-HARSH,CROSS_EVENT_WARM_START_ONLY,4,COMPLETE,NOT_COMPUTED_MISSING_EXECUTION_OBSERVATION,,0,60,0,60,60
r8c-2873-40cde4b63d755729,2873,E2_DYNAMIC_INCREMENTAL_AFTER_FULL_REUSE,CDF3/CDF-HARSH,CROSS_EVENT_MEMORY_ONLY,4,COMPLETE,NOT_COMPUTED_MISSING_EXECUTION_OBSERVATION,,0,60,0,60,60
r8c-2874-cd7a9c4471c253a5,2874,E2_DYNAMIC_INCREMENTAL_AFTER_FULL_REUSE,CDF3/CDF-HARSH,SHADE_ONLY,4,COMPLETE,NOT_COMPUTED_MISSING_EXECUTION_OBSERVATION,,0,60,0,60,60
r8c-2875-96716b97897729c9,2875,E2_DYNAMIC_INCREMENTAL_AFTER_FULL_REUSE,CDF3/CDF-MILD,NO_CROSS_EVENT_MEMORY,0,COMPLETE,NOT_COMPUTED_MISSING_EXECUTION_OBSERVATION,,0,60,0,60,60
r8c-2876-b78b6efdf8df3de6,2876,E2_DYNAMIC_INCREMENTAL_AFTER_FULL_REUSE,CDF3/CDF-MILD,NO_REJECTION_CREDIT,0,COMPLETE,NOT_COMPUTED_MISSING_EXECUTION_OBSERVATION,,0,60,0,60,60
r8c-2877-14a698174095c794,2877,E2_DYNAMIC_INCREMENTAL_AFTER_FULL_REUSE,CDF3/CDF-MILD,NO_MEMORY_RESET_GATE,0,COMPLETE,NOT_COMPUTED_MISSING_EXECUTION_OBSERVATION,,0,60,0,60,60
r8c-2878-a1bb4c1bf1c931c4,2878,E2_DYNAMIC_INCREMENTAL_AFTER_FULL_REUSE,CDF3/CDF-MILD,NO_LINEAGE_CREDIT,0,COMPLETE,NOT_COMPUTED_MISSING_EXECUTION_OBSERVATION,,0,60,0,60,60
r8c-2879-f784ca0e701ec3b5,2879,E2_DYNAMIC_INCREMENTAL_AFTER_FULL_REUSE,CDF3/CDF-MILD,CROSS_EVENT_WARM_START_ONLY,0,COMPLETE,NOT_COMPUTED_MISSING_EXECUTION_OBSERVATION,,0,60,0,60,60
r8c-2880-1b7196756e1091d3,2880,E2_DYNAMIC_INCREMENTAL_AFTER_FULL_REUSE,CDF3/CDF-MILD,CROSS_EVENT_MEMORY_ONLY,0,COMPLETE,NOT_COMPUTED_MISSING_EXECUTION_OBSERVATION,,0,60,0,60,60
r8c-2881-966ca03711773969,2881,E2_DYNAMIC_INCREMENTAL_AFTER_FULL_REUSE,CDF3/CDF-MILD,SHADE_ONLY,0,COMPLETE,NOT_COMPUTED_MISSING_EXECUTION_OBSERVATION,,0,60,0,60,60
r8c-2882-0cd255d39780956e,2882,E2_DYNAMIC_INCREMENTAL_AFTER_FULL_REUSE,CDF3/CDF-MILD,NO_CROSS_EVENT_MEMORY,1,COMPLETE,NOT_COMPUTED_MISSING_EXECUTION_OBSERVATION,,0,60,0,60,60
r8c-2883-3b1368fc9974122c,2883,E2_DYNAMIC_INCREMENTAL_AFTER_FULL_REUSE,CDF3/CDF-MILD,NO_REJECTION_CREDIT,1,COMPLETE,NOT_COMPUTED_MISSING_EXECUTION_OBSERVATION,,0,60,0,60,60
r8c-2884-4aa1e6f6efcb9981,2884,E2_DYNAMIC_INCREMENTAL_AFTER_FULL_REUSE,CDF3/CDF-MILD,NO_MEMORY_RESET_GATE,1,COMPLETE,NOT_COMPUTED_MISSING_EXECUTION_OBSERVATION,,0,60,0,60,60
r8c-2885-a6fb936182ae18b9,2885,E2_DYNAMIC_INCREMENTAL_AFTER_FULL_REUSE,CDF3/CDF-MILD,NO_LINEAGE_CREDIT,1,COMPLETE,NOT_COMPUTED_MISSING_EXECUTION_OBSERVATION,,0,60,0,60,60
r8c-2886-1d711ce046c12f21,2886,E2_DYNAMIC_INCREMENTAL_AFTER_FULL_REUSE,CDF3/CDF-MILD,CROSS_EVENT_WARM_START_ONLY,1,COMPLETE,NOT_COMPUTED_MISSING_EXECUTION_OBSERVATION,,0,60,0,60,60
r8c-2887-99aef7a05850556c,2887,E2_DYNAMIC_INCREMENTAL_AFTER_FULL_REUSE,CDF3/CDF-MILD,CROSS_EVENT_MEMORY_ONLY,1,COMPLETE,NOT_COMPUTED_MISSING_EXECUTION_OBSERVATION,,0,60,0,60,60
r8c-2888-652bb8f97fcff65c,2888,E2_DYNAMIC_INCREMENTAL_AFTER_FULL_REUSE,CDF3/CDF-MILD,SHADE_ONLY,1,COMPLETE,NOT_COMPUTED_MISSING_EXECUTION_OBSERVATION,,0,60,0,60,60
r8c-2889-be8a98d38bb2df8f,2889,E2_DYNAMIC_INCREMENTAL_AFTER_FULL_REUSE,CDF3/CDF-MILD,NO_CROSS_EVENT_MEMORY,2,COMPLETE,NOT_COMPUTED_MISSING_EXECUTION_OBSERVATION,,0,60,0,60,60
r8c-2890-3b57e803e058812f,2890,E2_DYNAMIC_INCREMENTAL_AFTER_FULL_REUSE,CDF3/CDF-MILD,NO_REJECTION_CREDIT,2,COMPLETE,NOT_COMPUTED_MISSING_EXECUTION_OBSERVATION,,0,60,0,60,60
r8c-2891-9bcc0070c8a826b0,2891,E2_DYNAMIC_INCREMENTAL_AFTER_FULL_REUSE,CDF3/CDF-MILD,NO_MEMORY_RESET_GATE,2,COMPLETE,NOT_COMPUTED_MISSING_EXECUTION_OBSERVATION,,0,60,0,60,60
r8c-2892-25c71dff88ba987d,2892,E2_DYNAMIC_INCREMENTAL_AFTER_FULL_REUSE,CDF3/CDF-MILD,NO_LINEAGE_CREDIT,2,COMPLETE,NOT_COMPUTED_MISSING_EXECUTION_OBSERVATION,,0,60,0,60,60
r8c-2893-cfbeca4dc61359e7,2893,E2_DYNAMIC_INCREMENTAL_AFTER_FULL_REUSE,CDF3/CDF-MILD,CROSS_EVENT_WARM_START_ONLY,2,COMPLETE,NOT_COMPUTED_MISSING_EXECUTION_OBSERVATION,,0,60,0,60,60
r8c-2894-2c8c85514b9342f2,2894,E2_DYNAMIC_INCREMENTAL_AFTER_FULL_REUSE,CDF3/CDF-MILD,CROSS_EVENT_MEMORY_ONLY,2,COMPLETE,NOT_COMPUTED_MISSING_EXECUTION_OBSERVATION,,0,60,0,60,60
r8c-2895-915cf6f0922fcba5,2895,E2_DYNAMIC_INCREMENTAL_AFTER_FULL_REUSE,CDF3/CDF-MILD,SHADE_ONLY,2,COMPLETE,NOT_COMPUTED_MISSING_EXECUTION_OBSERVATION,,0,60,0,60,60
r8c-2896-f3c2be31a6dd5098,2896,E2_DYNAMIC_INCREMENTAL_AFTER_FULL_REUSE,CDF3/CDF-MILD,NO_CROSS_EVENT_MEMORY,3,COMPLETE,NOT_COMPUTED_MISSING_EXECUTION_OBSERVATION,,0,60,0,60,60
r8c-2897-5fe4e9b37a4b9cd4,2897,E2_DYNAMIC_INCREMENTAL_AFTER_FULL_REUSE,CDF3/CDF-MILD,NO_REJECTION_CREDIT,3,COMPLETE,NOT_COMPUTED_MISSING_EXECUTION_OBSERVATION,,0,60,0,60,60
r8c-2898-6b388d2ec14784cd,2898,E2_DYNAMIC_INCREMENTAL_AFTER_FULL_REUSE,CDF3/CDF-MILD,NO_MEMORY_RESET_GATE,3,COMPLETE,NOT_COMPUTED_MISSING_EXECUTION_OBSERVATION,,0,60,0,60,60
r8c-2899-a2d007a168a051c8,2899,E2_DYNAMIC_INCREMENTAL_AFTER_FULL_REUSE,CDF3/CDF-MILD,NO_LINEAGE_CREDIT,3,COMPLETE,NOT_COMPUTED_MISSING_EXECUTION_OBSERVATION,,0,60,0,60,60
r8c-2900-457ef1d80cddbbdb,2900,E2_DYNAMIC_INCREMENTAL_AFTER_FULL_REUSE,CDF3/CDF-MILD,CROSS_EVENT_WARM_START_ONLY,3,COMPLETE,NOT_COMPUTED_MISSING_EXECUTION_OBSERVATION,,0,60,0,60,60
r8c-2901-d9d1a3b5d1a06e43,2901,E2_DYNAMIC_INCREMENTAL_AFTER_FULL_REUSE,CDF3/CDF-MILD,CROSS_EVENT_MEMORY_ONLY,3,COMPLETE,NOT_COMPUTED_MISSING_EXECUTION_OBSERVATION,,0,60,0,60,60
r8c-2902-00559d7c4593ebe7,2902,E2_DYNAMIC_INCREMENTAL_AFTER_FULL_REUSE,CDF3/CDF-MILD,SHADE_ONLY,3,COMPLETE,NOT_COMPUTED_MISSING_EXECUTION_OBSERVATION,,0,60,0,60,60
r8c-2903-e6343693191d33d9,2903,E2_DYNAMIC_INCREMENTAL_AFTER_FULL_REUSE,CDF3/CDF-MILD,NO_CROSS_EVENT_MEMORY,4,COMPLETE,NOT_COMPUTED_MISSING_EXECUTION_OBSERVATION,,0,60,0,60,60
r8c-2904-e807f5184e401707,2904,E2_DYNAMIC_INCREMENTAL_AFTER_FULL_REUSE,CDF3/CDF-MILD,NO_REJECTION_CREDIT,4,COMPLETE,NOT_COMPUTED_MISSING_EXECUTION_OBSERVATION,,0,60,0,60,60
r8c-2905-87db32de77169d95,2905,E2_DYNAMIC_INCREMENTAL_AFTER_FULL_REUSE,CDF3/CDF-MILD,NO_MEMORY_RESET_GATE,4,COMPLETE,NOT_COMPUTED_MISSING_EXECUTION_OBSERVATION,,0,60,0,60,60
r8c-2906-5975f9029f88fed8,2906,E2_DYNAMIC_INCREMENTAL_AFTER_FULL_REUSE,CDF3/CDF-MILD,NO_LINEAGE_CREDIT,4,COMPLETE,NOT_COMPUTED_MISSING_EXECUTION_OBSERVATION,,0,60,0,60,60
r8c-2907-24ca968acda5d40f,2907,E2_DYNAMIC_INCREMENTAL_AFTER_FULL_REUSE,CDF3/CDF-MILD,CROSS_EVENT_WARM_START_ONLY,4,COMPLETE,NOT_COMPUTED_MISSING_EXECUTION_OBSERVATION,,0,60,0,60,60
r8c-2908-8422bb1015a848e4,2908,E2_DYNAMIC_INCREMENTAL_AFTER_FULL_REUSE,CDF3/CDF-MILD,CROSS_EVENT_MEMORY_ONLY,4,COMPLETE,NOT_COMPUTED_MISSING_EXECUTION_OBSERVATION,,0,60,0,60,60
r8c-2909-135a51948de3b946,2909,E2_DYNAMIC_INCREMENTAL_AFTER_FULL_REUSE,CDF3/CDF-MILD,SHADE_ONLY,4,COMPLETE,NOT_COMPUTED_MISSING_EXECUTION_OBSERVATION,,0,60,0,60,60
r8c-2910-1511595835d0200b,2910,E2_DYNAMIC_INCREMENTAL_AFTER_FULL_REUSE,CDF4/CDF-HARSH,NO_CROSS_EVENT_MEMORY,0,COMPLETE,NOT_COMPUTED_MISSING_EXECUTION_OBSERVATION,,0,60,0,60,60
r8c-2911-0458c13e0414db3f,2911,E2_DYNAMIC_INCREMENTAL_AFTER_FULL_REUSE,CDF4/CDF-HARSH,NO_REJECTION_CREDIT,0,COMPLETE,NOT_COMPUTED_MISSING_EXECUTION_OBSERVATION,,0,60,0,60,60
r8c-2912-6c85d20e2503d199,2912,E2_DYNAMIC_INCREMENTAL_AFTER_FULL_REUSE,CDF4/CDF-HARSH,NO_MEMORY_RESET_GATE,0,COMPLETE,NOT_COMPUTED_MISSING_EXECUTION_OBSERVATION,,0,60,0,60,60
r8c-2913-fec9c4495098ef8d,2913,E2_DYNAMIC_INCREMENTAL_AFTER_FULL_REUSE,CDF4/CDF-HARSH,NO_LINEAGE_CREDIT,0,COMPLETE,NOT_COMPUTED_MISSING_EXECUTION_OBSERVATION,,0,60,0,60,60
r8c-2914-1a506ab74148adab,2914,E2_DYNAMIC_INCREMENTAL_AFTER_FULL_REUSE,CDF4/CDF-HARSH,CROSS_EVENT_WARM_START_ONLY,0,COMPLETE,NOT_COMPUTED_MISSING_EXECUTION_OBSERVATION,,0,60,0,60,60
r8c-2915-df341bc5264c1ec6,2915,E2_DYNAMIC_INCREMENTAL_AFTER_FULL_REUSE,CDF4/CDF-HARSH,CROSS_EVENT_MEMORY_ONLY,0,COMPLETE,NOT_COMPUTED_MISSING_EXECUTION_OBSERVATION,,0,60,0,60,60
r8c-2916-9570096ba874cc33,2916,E2_DYNAMIC_INCREMENTAL_AFTER_FULL_REUSE,CDF4/CDF-HARSH,SHADE_ONLY,0,COMPLETE,NOT_COMPUTED_MISSING_EXECUTION_OBSERVATION,,0,60,0,60,60
r8c-2917-c7d2ceac58e2bf0c,2917,E2_DYNAMIC_INCREMENTAL_AFTER_FULL_REUSE,CDF4/CDF-HARSH,NO_CROSS_EVENT_MEMORY,1,COMPLETE,NOT_COMPUTED_MISSING_EXECUTION_OBSERVATION,,0,60,0,60,60
r8c-2918-3c693a022334cab5,2918,E2_DYNAMIC_INCREMENTAL_AFTER_FULL_REUSE,CDF4/CDF-HARSH,NO_REJECTION_CREDIT,1,COMPLETE,NOT_COMPUTED_MISSING_EXECUTION_OBSERVATION,,0,60,0,60,60
r8c-2919-e93f012c513208cb,2919,E2_DYNAMIC_INCREMENTAL_AFTER_FULL_REUSE,CDF4/CDF-HARSH,NO_MEMORY_RESET_GATE,1,COMPLETE,NOT_COMPUTED_MISSING_EXECUTION_OBSERVATION,,0,60,0,60,60
r8c-2920-11430d0489713e71,2920,E2_DYNAMIC_INCREMENTAL_AFTER_FULL_REUSE,CDF4/CDF-HARSH,NO_LINEAGE_CREDIT,1,COMPLETE,NOT_COMPUTED_MISSING_EXECUTION_OBSERVATION,,0,60,0,60,60
r8c-2921-b5b21fec957a3da4,2921,E2_DYNAMIC_INCREMENTAL_AFTER_FULL_REUSE,CDF4/CDF-HARSH,CROSS_EVENT_WARM_START_ONLY,1,COMPLETE,NOT_COMPUTED_MISSING_EXECUTION_OBSERVATION,,0,60,0,60,60
r8c-2922-c39524d60b2f7b31,2922,E2_DYNAMIC_INCREMENTAL_AFTER_FULL_REUSE,CDF4/CDF-HARSH,CROSS_EVENT_MEMORY_ONLY,1,COMPLETE,NOT_COMPUTED_MISSING_EXECUTION_OBSERVATION,,0,60,0,60,60
r8c-2923-20ef33ccf6e358a7,2923,E2_DYNAMIC_INCREMENTAL_AFTER_FULL_REUSE,CDF4/CDF-HARSH,SHADE_ONLY,1,COMPLETE,NOT_COMPUTED_MISSING_EXECUTION_OBSERVATION,,0,60,0,60,60
r8c-2924-4cdeaf03ae124a3b,2924,E2_DYNAMIC_INCREMENTAL_AFTER_FULL_REUSE,CDF4/CDF-HARSH,NO_CROSS_EVENT_MEMORY,2,COMPLETE,NOT_COMPUTED_MISSING_EXECUTION_OBSERVATION,,0,60,0,60,60
r8c-2925-5c08c7350ba53385,2925,E2_DYNAMIC_INCREMENTAL_AFTER_FULL_REUSE,CDF4/CDF-HARSH,NO_REJECTION_CREDIT,2,COMPLETE,NOT_COMPUTED_MISSING_EXECUTION_OBSERVATION,,0,60,0,60,60
r8c-2926-38d611d8e81e2ac1,2926,E2_DYNAMIC_INCREMENTAL_AFTER_FULL_REUSE,CDF4/CDF-HARSH,NO_MEMORY_RESET_GATE,2,COMPLETE,NOT_COMPUTED_MISSING_EXECUTION_OBSERVATION,,0,60,0,60,60
r8c-2927-2dbe366afb41a722,2927,E2_DYNAMIC_INCREMENTAL_AFTER_FULL_REUSE,CDF4/CDF-HARSH,NO_LINEAGE_CREDIT,2,COMPLETE,NOT_COMPUTED_MISSING_EXECUTION_OBSERVATION,,0,60,0,60,60
r8c-2928-a57f3f5f724b10b6,2928,E2_DYNAMIC_INCREMENTAL_AFTER_FULL_REUSE,CDF4/CDF-HARSH,CROSS_EVENT_WARM_START_ONLY,2,COMPLETE,NOT_COMPUTED_MISSING_EXECUTION_OBSERVATION,,0,60,0,60,60
r8c-2929-8f537c21de32d9b9,2929,E2_DYNAMIC_INCREMENTAL_AFTER_FULL_REUSE,CDF4/CDF-HARSH,CROSS_EVENT_MEMORY_ONLY,2,COMPLETE,NOT_COMPUTED_MISSING_EXECUTION_OBSERVATION,,0,60,0,60,60
r8c-2930-dfd2bc6b3b1a63c7,2930,E2_DYNAMIC_INCREMENTAL_AFTER_FULL_REUSE,CDF4/CDF-HARSH,SHADE_ONLY,2,COMPLETE,NOT_COMPUTED_MISSING_EXECUTION_OBSERVATION,,0,60,0,60,60
r8c-2931-121b0718170230be,2931,E2_DYNAMIC_INCREMENTAL_AFTER_FULL_REUSE,CDF4/CDF-HARSH,NO_CROSS_EVENT_MEMORY,3,COMPLETE,NOT_COMPUTED_MISSING_EXECUTION_OBSERVATION,,0,60,0,60,60
r8c-2932-2a419a87f8ad3bbe,2932,E2_DYNAMIC_INCREMENTAL_AFTER_FULL_REUSE,CDF4/CDF-HARSH,NO_REJECTION_CREDIT,3,COMPLETE,NOT_COMPUTED_MISSING_EXECUTION_OBSERVATION,,0,60,0,60,60
r8c-2933-56a326a94b0b8d2b,2933,E2_DYNAMIC_INCREMENTAL_AFTER_FULL_REUSE,CDF4/CDF-HARSH,NO_MEMORY_RESET_GATE,3,COMPLETE,NOT_COMPUTED_MISSING_EXECUTION_OBSERVATION,,0,60,0,60,60
r8c-2934-d838e1090419dae6,2934,E2_DYNAMIC_INCREMENTAL_AFTER_FULL_REUSE,CDF4/CDF-HARSH,NO_LINEAGE_CREDIT,3,COMPLETE,NOT_COMPUTED_MISSING_EXECUTION_OBSERVATION,,0,60,0,60,60
r8c-2935-ebb6f401ed5b679d,2935,E2_DYNAMIC_INCREMENTAL_AFTER_FULL_REUSE,CDF4/CDF-HARSH,CROSS_EVENT_WARM_START_ONLY,3,COMPLETE,NOT_COMPUTED_MISSING_EXECUTION_OBSERVATION,,0,60,0,60,60
r8c-2936-6bf4986a06ff3285,2936,E2_DYNAMIC_INCREMENTAL_AFTER_FULL_REUSE,CDF4/CDF-HARSH,CROSS_EVENT_MEMORY_ONLY,3,COMPLETE,NOT_COMPUTED_MISSING_EXECUTION_OBSERVATION,,0,60,0,60,60
r8c-2937-fbf9073717f2178b,2937,E2_DYNAMIC_INCREMENTAL_AFTER_FULL_REUSE,CDF4/CDF-HARSH,SHADE_ONLY,3,COMPLETE,NOT_COMPUTED_MISSING_EXECUTION_OBSERVATION,,0,60,0,60,60
r8c-2938-c0dd33c57816c5ef,2938,E2_DYNAMIC_INCREMENTAL_AFTER_FULL_REUSE,CDF4/CDF-HARSH,NO_CROSS_EVENT_MEMORY,4,COMPLETE,NOT_COMPUTED_MISSING_EXECUTION_OBSERVATION,,0,60,0,60,60
r8c-2939-427e2a526d756c41,2939,E2_DYNAMIC_INCREMENTAL_AFTER_FULL_REUSE,CDF4/CDF-HARSH,NO_REJECTION_CREDIT,4,COMPLETE,NOT_COMPUTED_MISSING_EXECUTION_OBSERVATION,,0,60,0,60,60
r8c-2940-26486aaa9711c629,2940,E2_DYNAMIC_INCREMENTAL_AFTER_FULL_REUSE,CDF4/CDF-HARSH,NO_MEMORY_RESET_GATE,4,COMPLETE,NOT_COMPUTED_MISSING_EXECUTION_OBSERVATION,,0,60,0,60,60
r8c-2941-cc0ab6ec3890f09f,2941,E2_DYNAMIC_INCREMENTAL_AFTER_FULL_REUSE,CDF4/CDF-HARSH,NO_LINEAGE_CREDIT,4,COMPLETE,NOT_COMPUTED_MISSING_EXECUTION_OBSERVATION,,0,60,0,60,60
r8c-2942-2e5a9ba96868d77d,2942,E2_DYNAMIC_INCREMENTAL_AFTER_FULL_REUSE,CDF4/CDF-HARSH,CROSS_EVENT_WARM_START_ONLY,4,COMPLETE,NOT_COMPUTED_MISSING_EXECUTION_OBSERVATION,,0,60,0,60,60
r8c-2943-27171c5d04533ef8,2943,E2_DYNAMIC_INCREMENTAL_AFTER_FULL_REUSE,CDF4/CDF-HARSH,CROSS_EVENT_MEMORY_ONLY,4,COMPLETE,NOT_COMPUTED_MISSING_EXECUTION_OBSERVATION,,0,60,0,60,60
r8c-2944-194196aa5e3a4149,2944,E2_DYNAMIC_INCREMENTAL_AFTER_FULL_REUSE,CDF4/CDF-HARSH,SHADE_ONLY,4,COMPLETE,NOT_COMPUTED_MISSING_EXECUTION_OBSERVATION,,0,60,0,60,60
r8c-2945-ce76917fcc100a11,2945,E2_DYNAMIC_INCREMENTAL_AFTER_FULL_REUSE,CDF4/CDF-MILD,NO_CROSS_EVENT_MEMORY,0,COMPLETE,NOT_COMPUTED_MISSING_EXECUTION_OBSERVATION,,0,60,0,60,60
r8c-2946-43cea32c14fb9c2b,2946,E2_DYNAMIC_INCREMENTAL_AFTER_FULL_REUSE,CDF4/CDF-MILD,NO_REJECTION_CREDIT,0,COMPLETE,NOT_COMPUTED_MISSING_EXECUTION_OBSERVATION,,0,60,0,60,60
r8c-2947-d1a15e04648ea394,2947,E2_DYNAMIC_INCREMENTAL_AFTER_FULL_REUSE,CDF4/CDF-MILD,NO_MEMORY_RESET_GATE,0,COMPLETE,NOT_COMPUTED_MISSING_EXECUTION_OBSERVATION,,0,60,0,60,60
r8c-2948-539993ee7cefaac8,2948,E2_DYNAMIC_INCREMENTAL_AFTER_FULL_REUSE,CDF4/CDF-MILD,NO_LINEAGE_CREDIT,0,COMPLETE,NOT_COMPUTED_MISSING_EXECUTION_OBSERVATION,,0,60,0,60,60
r8c-2949-d15dfb88276c7d6f,2949,E2_DYNAMIC_INCREMENTAL_AFTER_FULL_REUSE,CDF4/CDF-MILD,CROSS_EVENT_WARM_START_ONLY,0,COMPLETE,NOT_COMPUTED_MISSING_EXECUTION_OBSERVATION,,0,60,0,60,60
r8c-2950-c10d84b0906ff734,2950,E2_DYNAMIC_INCREMENTAL_AFTER_FULL_REUSE,CDF4/CDF-MILD,CROSS_EVENT_MEMORY_ONLY,0,COMPLETE,NOT_COMPUTED_MISSING_EXECUTION_OBSERVATION,,0,60,0,60,60
r8c-2951-fb9ce7cc1a6f6c19,2951,E2_DYNAMIC_INCREMENTAL_AFTER_FULL_REUSE,CDF4/CDF-MILD,SHADE_ONLY,0,COMPLETE,NOT_COMPUTED_MISSING_EXECUTION_OBSERVATION,,0,60,0,60,60
r8c-2952-e37717faf27cd321,2952,E2_DYNAMIC_INCREMENTAL_AFTER_FULL_REUSE,CDF4/CDF-MILD,NO_CROSS_EVENT_MEMORY,1,COMPLETE,NOT_COMPUTED_MISSING_EXECUTION_OBSERVATION,,0,60,0,60,60
r8c-2953-edd122adef8056cd,2953,E2_DYNAMIC_INCREMENTAL_AFTER_FULL_REUSE,CDF4/CDF-MILD,NO_REJECTION_CREDIT,1,COMPLETE,NOT_COMPUTED_MISSING_EXECUTION_OBSERVATION,,0,60,0,60,60
r8c-2954-6ed51ba308d3aaa2,2954,E2_DYNAMIC_INCREMENTAL_AFTER_FULL_REUSE,CDF4/CDF-MILD,NO_MEMORY_RESET_GATE,1,COMPLETE,NOT_COMPUTED_MISSING_EXECUTION_OBSERVATION,,0,60,0,60,60
r8c-2955-23428c877ff1f021,2955,E2_DYNAMIC_INCREMENTAL_AFTER_FULL_REUSE,CDF4/CDF-MILD,NO_LINEAGE_CREDIT,1,COMPLETE,NOT_COMPUTED_MISSING_EXECUTION_OBSERVATION,,0,60,0,60,60
r8c-2956-2e073ed551010fdc,2956,E2_DYNAMIC_INCREMENTAL_AFTER_FULL_REUSE,CDF4/CDF-MILD,CROSS_EVENT_WARM_START_ONLY,1,COMPLETE,NOT_COMPUTED_MISSING_EXECUTION_OBSERVATION,,0,60,0,60,60
r8c-2957-36c0a8cdd98f9899,2957,E2_DYNAMIC_INCREMENTAL_AFTER_FULL_REUSE,CDF4/CDF-MILD,CROSS_EVENT_MEMORY_ONLY,1,COMPLETE,NOT_COMPUTED_MISSING_EXECUTION_OBSERVATION,,0,60,0,60,60
r8c-2958-798bcabfd4166b41,2958,E2_DYNAMIC_INCREMENTAL_AFTER_FULL_REUSE,CDF4/CDF-MILD,SHADE_ONLY,1,COMPLETE,NOT_COMPUTED_MISSING_EXECUTION_OBSERVATION,,0,60,0,60,60
r8c-2959-6b249503052a0ff1,2959,E2_DYNAMIC_INCREMENTAL_AFTER_FULL_REUSE,CDF4/CDF-MILD,NO_CROSS_EVENT_MEMORY,2,COMPLETE,NOT_COMPUTED_MISSING_EXECUTION_OBSERVATION,,0,60,0,60,60
r8c-2960-7f1f3c187ee16717,2960,E2_DYNAMIC_INCREMENTAL_AFTER_FULL_REUSE,CDF4/CDF-MILD,NO_REJECTION_CREDIT,2,COMPLETE,NOT_COMPUTED_MISSING_EXECUTION_OBSERVATION,,0,60,0,60,60
r8c-2961-5b56d1fdcf9446f2,2961,E2_DYNAMIC_INCREMENTAL_AFTER_FULL_REUSE,CDF4/CDF-MILD,NO_MEMORY_RESET_GATE,2,COMPLETE,NOT_COMPUTED_MISSING_EXECUTION_OBSERVATION,,0,60,0,60,60
r8c-2962-fe90d9fef968fd3f,2962,E2_DYNAMIC_INCREMENTAL_AFTER_FULL_REUSE,CDF4/CDF-MILD,NO_LINEAGE_CREDIT,2,COMPLETE,NOT_COMPUTED_MISSING_EXECUTION_OBSERVATION,,0,60,0,60,60
r8c-2963-97402865f9b17e59,2963,E2_DYNAMIC_INCREMENTAL_AFTER_FULL_REUSE,CDF4/CDF-MILD,CROSS_EVENT_WARM_START_ONLY,2,COMPLETE,NOT_COMPUTED_MISSING_EXECUTION_OBSERVATION,,0,60,0,60,60
r8c-2964-9a3cd8ae9f260857,2964,E2_DYNAMIC_INCREMENTAL_AFTER_FULL_REUSE,CDF4/CDF-MILD,CROSS_EVENT_MEMORY_ONLY,2,COMPLETE,NOT_COMPUTED_MISSING_EXECUTION_OBSERVATION,,0,60,0,60,60
r8c-2965-00ce2651f6fa534f,2965,E2_DYNAMIC_INCREMENTAL_AFTER_FULL_REUSE,CDF4/CDF-MILD,SHADE_ONLY,2,COMPLETE,NOT_COMPUTED_MISSING_EXECUTION_OBSERVATION,,0,60,0,60,60
r8c-2966-441f2ec3115699f9,2966,E2_DYNAMIC_INCREMENTAL_AFTER_FULL_REUSE,CDF4/CDF-MILD,NO_CROSS_EVENT_MEMORY,3,COMPLETE,NOT_COMPUTED_MISSING_EXECUTION_OBSERVATION,,0,60,0,60,60
r8c-2967-38176cfb5ebe9cc9,2967,E2_DYNAMIC_INCREMENTAL_AFTER_FULL_REUSE,CDF4/CDF-MILD,NO_REJECTION_CREDIT,3,COMPLETE,NOT_COMPUTED_MISSING_EXECUTION_OBSERVATION,,0,60,0,60,60
r8c-2968-9331c8413561df5b,2968,E2_DYNAMIC_INCREMENTAL_AFTER_FULL_REUSE,CDF4/CDF-MILD,NO_MEMORY_RESET_GATE,3,COMPLETE,NOT_COMPUTED_MISSING_EXECUTION_OBSERVATION,,0,60,0,60,60
r8c-2969-b7c6e91e29e37371,2969,E2_DYNAMIC_INCREMENTAL_AFTER_FULL_REUSE,CDF4/CDF-MILD,NO_LINEAGE_CREDIT,3,COMPLETE,NOT_COMPUTED_MISSING_EXECUTION_OBSERVATION,,0,60,0,60,60
r8c-2970-1c6420007599d48e,2970,E2_DYNAMIC_INCREMENTAL_AFTER_FULL_REUSE,CDF4/CDF-MILD,CROSS_EVENT_WARM_START_ONLY,3,COMPLETE,NOT_COMPUTED_MISSING_EXECUTION_OBSERVATION,,0,60,0,60,60
r8c-2971-f3f96c622663800b,2971,E2_DYNAMIC_INCREMENTAL_AFTER_FULL_REUSE,CDF4/CDF-MILD,CROSS_EVENT_MEMORY_ONLY,3,COMPLETE,NOT_COMPUTED_MISSING_EXECUTION_OBSERVATION,,0,60,0,60,60
r8c-2972-061687ac95aa3f46,2972,E2_DYNAMIC_INCREMENTAL_AFTER_FULL_REUSE,CDF4/CDF-MILD,SHADE_ONLY,3,COMPLETE,NOT_COMPUTED_MISSING_EXECUTION_OBSERVATION,,0,60,0,60,60
r8c-2973-f84e94c80b53f141,2973,E2_DYNAMIC_INCREMENTAL_AFTER_FULL_REUSE,CDF4/CDF-MILD,NO_CROSS_EVENT_MEMORY,4,COMPLETE,NOT_COMPUTED_MISSING_EXECUTION_OBSERVATION,,0,60,0,60,60
r8c-2974-5fff46e9095f149f,2974,E2_DYNAMIC_INCREMENTAL_AFTER_FULL_REUSE,CDF4/CDF-MILD,NO_REJECTION_CREDIT,4,COMPLETE,NOT_COMPUTED_MISSING_EXECUTION_OBSERVATION,,0,60,0,60,60
r8c-2975-6d862e820dc45f5a,2975,E2_DYNAMIC_INCREMENTAL_AFTER_FULL_REUSE,CDF4/CDF-MILD,NO_MEMORY_RESET_GATE,4,COMPLETE,NOT_COMPUTED_MISSING_EXECUTION_OBSERVATION,,0,60,0,60,60
r8c-2976-e509e800c0321a82,2976,E2_DYNAMIC_INCREMENTAL_AFTER_FULL_REUSE,CDF4/CDF-MILD,NO_LINEAGE_CREDIT,4,COMPLETE,NOT_COMPUTED_MISSING_EXECUTION_OBSERVATION,,0,60,0,60,60
r8c-2977-edd1fbfbdb89e226,2977,E2_DYNAMIC_INCREMENTAL_AFTER_FULL_REUSE,CDF4/CDF-MILD,CROSS_EVENT_WARM_START_ONLY,4,COMPLETE,NOT_COMPUTED_MISSING_EXECUTION_OBSERVATION,,0,60,0,60,60
r8c-2978-fefd727a184a074e,2978,E2_DYNAMIC_INCREMENTAL_AFTER_FULL_REUSE,CDF4/CDF-MILD,CROSS_EVENT_MEMORY_ONLY,4,COMPLETE,NOT_COMPUTED_MISSING_EXECUTION_OBSERVATION,,0,60,0,60,60
r8c-2979-e964046c258aef5b,2979,E2_DYNAMIC_INCREMENTAL_AFTER_FULL_REUSE,CDF4/CDF-MILD,SHADE_ONLY,4,COMPLETE,NOT_COMPUTED_MISSING_EXECUTION_OBSERVATION,,0,60,0,60,60
r8c-2980-34868f7847515d2c,2980,E2_DYNAMIC_INCREMENTAL_AFTER_FULL_REUSE,CDF5/CDF-HARSH,NO_CROSS_EVENT_MEMORY,0,COMPLETE,NOT_COMPUTED_MISSING_EXECUTION_OBSERVATION,,0,60,0,60,60
r8c-2981-3d0ae8f44e83590f,2981,E2_DYNAMIC_INCREMENTAL_AFTER_FULL_REUSE,CDF5/CDF-HARSH,NO_REJECTION_CREDIT,0,COMPLETE,NOT_COMPUTED_MISSING_EXECUTION_OBSERVATION,,0,60,0,60,60
r8c-2982-55a571fd93df21ff,2982,E2_DYNAMIC_INCREMENTAL_AFTER_FULL_REUSE,CDF5/CDF-HARSH,NO_MEMORY_RESET_GATE,0,COMPLETE,NOT_COMPUTED_MISSING_EXECUTION_OBSERVATION,,0,60,0,60,60
r8c-2983-ee6154478454c2b0,2983,E2_DYNAMIC_INCREMENTAL_AFTER_FULL_REUSE,CDF5/CDF-HARSH,NO_LINEAGE_CREDIT,0,COMPLETE,NOT_COMPUTED_MISSING_EXECUTION_OBSERVATION,,0,60,0,60,60
r8c-2984-63a96d1da30607f4,2984,E2_DYNAMIC_INCREMENTAL_AFTER_FULL_REUSE,CDF5/CDF-HARSH,CROSS_EVENT_WARM_START_ONLY,0,COMPLETE,NOT_COMPUTED_MISSING_EXECUTION_OBSERVATION,,0,60,0,60,60
r8c-2985-76f35b290192c2c6,2985,E2_DYNAMIC_INCREMENTAL_AFTER_FULL_REUSE,CDF5/CDF-HARSH,CROSS_EVENT_MEMORY_ONLY,0,COMPLETE,NOT_COMPUTED_MISSING_EXECUTION_OBSERVATION,,0,60,0,60,60
r8c-2986-765cd80f5b06315d,2986,E2_DYNAMIC_INCREMENTAL_AFTER_FULL_REUSE,CDF5/CDF-HARSH,SHADE_ONLY,0,COMPLETE,NOT_COMPUTED_MISSING_EXECUTION_OBSERVATION,,0,60,0,60,60
r8c-2987-6491f7a63339e389,2987,E2_DYNAMIC_INCREMENTAL_AFTER_FULL_REUSE,CDF5/CDF-HARSH,NO_CROSS_EVENT_MEMORY,1,COMPLETE,NOT_COMPUTED_MISSING_EXECUTION_OBSERVATION,,0,60,0,60,60
r8c-2988-1d0004a6967f47b5,2988,E2_DYNAMIC_INCREMENTAL_AFTER_FULL_REUSE,CDF5/CDF-HARSH,NO_REJECTION_CREDIT,1,COMPLETE,NOT_COMPUTED_MISSING_EXECUTION_OBSERVATION,,0,60,0,60,60
r8c-2989-2a07de963bc66acc,2989,E2_DYNAMIC_INCREMENTAL_AFTER_FULL_REUSE,CDF5/CDF-HARSH,NO_MEMORY_RESET_GATE,1,COMPLETE,NOT_COMPUTED_MISSING_EXECUTION_OBSERVATION,,0,60,0,60,60
r8c-2990-2638316d70175866,2990,E2_DYNAMIC_INCREMENTAL_AFTER_FULL_REUSE,CDF5/CDF-HARSH,NO_LINEAGE_CREDIT,1,COMPLETE,NOT_COMPUTED_MISSING_EXECUTION_OBSERVATION,,0,60,0,60,60
r8c-2991-31721107ef671ee5,2991,E2_DYNAMIC_INCREMENTAL_AFTER_FULL_REUSE,CDF5/CDF-HARSH,CROSS_EVENT_WARM_START_ONLY,1,COMPLETE,NOT_COMPUTED_MISSING_EXECUTION_OBSERVATION,,0,60,0,60,60
r8c-2992-42e1bc31be4698b2,2992,E2_DYNAMIC_INCREMENTAL_AFTER_FULL_REUSE,CDF5/CDF-HARSH,CROSS_EVENT_MEMORY_ONLY,1,COMPLETE,NOT_COMPUTED_MISSING_EXECUTION_OBSERVATION,,0,60,0,60,60
r8c-2993-69f3fcdee2594369,2993,E2_DYNAMIC_INCREMENTAL_AFTER_FULL_REUSE,CDF5/CDF-HARSH,SHADE_ONLY,1,COMPLETE,NOT_COMPUTED_MISSING_EXECUTION_OBSERVATION,,0,60,0,60,60
r8c-2994-ef892aa3c2136471,2994,E2_DYNAMIC_INCREMENTAL_AFTER_FULL_REUSE,CDF5/CDF-HARSH,NO_CROSS_EVENT_MEMORY,2,COMPLETE,NOT_COMPUTED_MISSING_EXECUTION_OBSERVATION,,0,60,0,60,60
r8c-2995-23288108f0b4a51c,2995,E2_DYNAMIC_INCREMENTAL_AFTER_FULL_REUSE,CDF5/CDF-HARSH,NO_REJECTION_CREDIT,2,COMPLETE,NOT_COMPUTED_MISSING_EXECUTION_OBSERVATION,,0,60,0,60,60
r8c-2996-001df5f5a7c11808,2996,E2_DYNAMIC_INCREMENTAL_AFTER_FULL_REUSE,CDF5/CDF-HARSH,NO_MEMORY_RESET_GATE,2,COMPLETE,NOT_COMPUTED_MISSING_EXECUTION_OBSERVATION,,0,60,0,60,60
r8c-2997-16a8a55a064b71be,2997,E2_DYNAMIC_INCREMENTAL_AFTER_FULL_REUSE,CDF5/CDF-HARSH,NO_LINEAGE_CREDIT,2,COMPLETE,NOT_COMPUTED_MISSING_EXECUTION_OBSERVATION,,0,60,0,60,60
r8c-2998-3323f6f7d1298842,2998,E2_DYNAMIC_INCREMENTAL_AFTER_FULL_REUSE,CDF5/CDF-HARSH,CROSS_EVENT_WARM_START_ONLY,2,COMPLETE,NOT_COMPUTED_MISSING_EXECUTION_OBSERVATION,,0,60,0,60,60
r8c-2999-15e7bddccce603cc,2999,E2_DYNAMIC_INCREMENTAL_AFTER_FULL_REUSE,CDF5/CDF-HARSH,CROSS_EVENT_MEMORY_ONLY,2,COMPLETE,NOT_COMPUTED_MISSING_EXECUTION_OBSERVATION,,0,60,0,60,60
r8c-3000-3ebf178d45d9b738,3000,E2_DYNAMIC_INCREMENTAL_AFTER_FULL_REUSE,CDF5/CDF-HARSH,SHADE_ONLY,2,COMPLETE,NOT_COMPUTED_MISSING_EXECUTION_OBSERVATION,,0,60,0,60,60
r8c-3001-0e49a2f431110383,3001,E2_DYNAMIC_INCREMENTAL_AFTER_FULL_REUSE,CDF5/CDF-HARSH,NO_CROSS_EVENT_MEMORY,3,COMPLETE,NOT_COMPUTED_MISSING_EXECUTION_OBSERVATION,,0,60,0,60,60
r8c-3002-fa87000d78b7122d,3002,E2_DYNAMIC_INCREMENTAL_AFTER_FULL_REUSE,CDF5/CDF-HARSH,NO_REJECTION_CREDIT,3,COMPLETE,NOT_COMPUTED_MISSING_EXECUTION_OBSERVATION,,0,60,0,60,60
r8c-3003-f17504c35540d07a,3003,E2_DYNAMIC_INCREMENTAL_AFTER_FULL_REUSE,CDF5/CDF-HARSH,NO_MEMORY_RESET_GATE,3,COMPLETE,NOT_COMPUTED_MISSING_EXECUTION_OBSERVATION,,0,60,0,60,60
r8c-3004-4e93ee08a2547ce6,3004,E2_DYNAMIC_INCREMENTAL_AFTER_FULL_REUSE,CDF5/CDF-HARSH,NO_LINEAGE_CREDIT,3,COMPLETE,NOT_COMPUTED_MISSING_EXECUTION_OBSERVATION,,0,60,0,60,60
r8c-3005-b315aa205d7b23e5,3005,E2_DYNAMIC_INCREMENTAL_AFTER_FULL_REUSE,CDF5/CDF-HARSH,CROSS_EVENT_WARM_START_ONLY,3,COMPLETE,NOT_COMPUTED_MISSING_EXECUTION_OBSERVATION,,0,60,0,60,60
r8c-3006-cc3744592cc5ea40,3006,E2_DYNAMIC_INCREMENTAL_AFTER_FULL_REUSE,CDF5/CDF-HARSH,CROSS_EVENT_MEMORY_ONLY,3,COMPLETE,NOT_COMPUTED_MISSING_EXECUTION_OBSERVATION,,0,60,0,60,60
r8c-3007-f07b743d25e434dd,3007,E2_DYNAMIC_INCREMENTAL_AFTER_FULL_REUSE,CDF5/CDF-HARSH,SHADE_ONLY,3,COMPLETE,NOT_COMPUTED_MISSING_EXECUTION_OBSERVATION,,0,60,0,60,60
r8c-3008-020fb177edb84919,3008,E2_DYNAMIC_INCREMENTAL_AFTER_FULL_REUSE,CDF5/CDF-HARSH,NO_CROSS_EVENT_MEMORY,4,COMPLETE,NOT_COMPUTED_MISSING_EXECUTION_OBSERVATION,,0,60,0,60,60
r8c-3009-cf53b4acfa6ae3c6,3009,E2_DYNAMIC_INCREMENTAL_AFTER_FULL_REUSE,CDF5/CDF-HARSH,NO_REJECTION_CREDIT,4,COMPLETE,NOT_COMPUTED_MISSING_EXECUTION_OBSERVATION,,0,60,0,60,60
r8c-3010-f43b47794979bd92,3010,E2_DYNAMIC_INCREMENTAL_AFTER_FULL_REUSE,CDF5/CDF-HARSH,NO_MEMORY_RESET_GATE,4,COMPLETE,NOT_COMPUTED_MISSING_EXECUTION_OBSERVATION,,0,60,0,60,60
r8c-3011-0ef054a6b6a0c693,3011,E2_DYNAMIC_INCREMENTAL_AFTER_FULL_REUSE,CDF5/CDF-HARSH,NO_LINEAGE_CREDIT,4,COMPLETE,NOT_COMPUTED_MISSING_EXECUTION_OBSERVATION,,0,60,0,60,60
r8c-3012-c2e477e083e3acf7,3012,E2_DYNAMIC_INCREMENTAL_AFTER_FULL_REUSE,CDF5/CDF-HARSH,CROSS_EVENT_WARM_START_ONLY,4,COMPLETE,NOT_COMPUTED_MISSING_EXECUTION_OBSERVATION,,0,60,0,60,60
r8c-3013-c2b7b4e9054c1961,3013,E2_DYNAMIC_INCREMENTAL_AFTER_FULL_REUSE,CDF5/CDF-HARSH,CROSS_EVENT_MEMORY_ONLY,4,COMPLETE,NOT_COMPUTED_MISSING_EXECUTION_OBSERVATION,,0,60,0,60,60
r8c-3014-d80f718db706b932,3014,E2_DYNAMIC_INCREMENTAL_AFTER_FULL_REUSE,CDF5/CDF-HARSH,SHADE_ONLY,4,COMPLETE,NOT_COMPUTED_MISSING_EXECUTION_OBSERVATION,,0,60,0,60,60
r8c-3015-4ac3ff6f77159bb1,3015,E2_DYNAMIC_INCREMENTAL_AFTER_FULL_REUSE,CDF5/CDF-MILD,NO_CROSS_EVENT_MEMORY,0,COMPLETE,NOT_COMPUTED_MISSING_EXECUTION_OBSERVATION,,0,60,0,60,60
r8c-3016-60f001166932c4ec,3016,E2_DYNAMIC_INCREMENTAL_AFTER_FULL_REUSE,CDF5/CDF-MILD,NO_REJECTION_CREDIT,0,COMPLETE,NOT_COMPUTED_MISSING_EXECUTION_OBSERVATION,,0,60,0,60,60
r8c-3017-3b6ece16990201b5,3017,E2_DYNAMIC_INCREMENTAL_AFTER_FULL_REUSE,CDF5/CDF-MILD,NO_MEMORY_RESET_GATE,0,COMPLETE,NOT_COMPUTED_MISSING_EXECUTION_OBSERVATION,,0,60,0,60,60
r8c-3018-b44431d6fa7692c1,3018,E2_DYNAMIC_INCREMENTAL_AFTER_FULL_REUSE,CDF5/CDF-MILD,NO_LINEAGE_CREDIT,0,COMPLETE,NOT_COMPUTED_MISSING_EXECUTION_OBSERVATION,,0,60,0,60,60
r8c-3019-e9c3505a5fd5676b,3019,E2_DYNAMIC_INCREMENTAL_AFTER_FULL_REUSE,CDF5/CDF-MILD,CROSS_EVENT_WARM_START_ONLY,0,COMPLETE,NOT_COMPUTED_MISSING_EXECUTION_OBSERVATION,,0,60,0,60,60
r8c-3020-c4ef3ba4b1c7249b,3020,E2_DYNAMIC_INCREMENTAL_AFTER_FULL_REUSE,CDF5/CDF-MILD,CROSS_EVENT_MEMORY_ONLY,0,COMPLETE,NOT_COMPUTED_MISSING_EXECUTION_OBSERVATION,,0,60,0,60,60
r8c-3021-c14bdcf6556dc3b3,3021,E2_DYNAMIC_INCREMENTAL_AFTER_FULL_REUSE,CDF5/CDF-MILD,SHADE_ONLY,0,COMPLETE,NOT_COMPUTED_MISSING_EXECUTION_OBSERVATION,,0,60,0,60,60
r8c-3022-986dc20a01dac371,3022,E2_DYNAMIC_INCREMENTAL_AFTER_FULL_REUSE,CDF5/CDF-MILD,NO_CROSS_EVENT_MEMORY,1,COMPLETE,NOT_COMPUTED_MISSING_EXECUTION_OBSERVATION,,0,60,0,60,60
r8c-3023-2673d9c8df357772,3023,E2_DYNAMIC_INCREMENTAL_AFTER_FULL_REUSE,CDF5/CDF-MILD,NO_REJECTION_CREDIT,1,COMPLETE,NOT_COMPUTED_MISSING_EXECUTION_OBSERVATION,,0,60,0,60,60
r8c-3024-c1303db69014e2b2,3024,E2_DYNAMIC_INCREMENTAL_AFTER_FULL_REUSE,CDF5/CDF-MILD,NO_MEMORY_RESET_GATE,1,COMPLETE,NOT_COMPUTED_MISSING_EXECUTION_OBSERVATION,,0,60,0,60,60
r8c-3025-5ad0cb5549525888,3025,E2_DYNAMIC_INCREMENTAL_AFTER_FULL_REUSE,CDF5/CDF-MILD,NO_LINEAGE_CREDIT,1,COMPLETE,NOT_COMPUTED_MISSING_EXECUTION_OBSERVATION,,0,60,0,60,60
r8c-3026-6a7b2ac656545d30,3026,E2_DYNAMIC_INCREMENTAL_AFTER_FULL_REUSE,CDF5/CDF-MILD,CROSS_EVENT_WARM_START_ONLY,1,COMPLETE,NOT_COMPUTED_MISSING_EXECUTION_OBSERVATION,,0,60,0,60,60
r8c-3027-05e4302c248d3f22,3027,E2_DYNAMIC_INCREMENTAL_AFTER_FULL_REUSE,CDF5/CDF-MILD,CROSS_EVENT_MEMORY_ONLY,1,COMPLETE,NOT_COMPUTED_MISSING_EXECUTION_OBSERVATION,,0,60,0,60,60
r8c-3028-0f54c8d79b4e4f01,3028,E2_DYNAMIC_INCREMENTAL_AFTER_FULL_REUSE,CDF5/CDF-MILD,SHADE_ONLY,1,COMPLETE,NOT_COMPUTED_MISSING_EXECUTION_OBSERVATION,,0,60,0,60,60
r8c-3029-75eb7a526036f197,3029,E2_DYNAMIC_INCREMENTAL_AFTER_FULL_REUSE,CDF5/CDF-MILD,NO_CROSS_EVENT_MEMORY,2,COMPLETE,NOT_COMPUTED_MISSING_EXECUTION_OBSERVATION,,0,60,0,60,60
r8c-3030-749d7703523854f7,3030,E2_DYNAMIC_INCREMENTAL_AFTER_FULL_REUSE,CDF5/CDF-MILD,NO_REJECTION_CREDIT,2,COMPLETE,NOT_COMPUTED_MISSING_EXECUTION_OBSERVATION,,0,60,0,60,60
r8c-3031-bcec5600f6ce3acb,3031,E2_DYNAMIC_INCREMENTAL_AFTER_FULL_REUSE,CDF5/CDF-MILD,NO_MEMORY_RESET_GATE,2,COMPLETE,NOT_COMPUTED_MISSING_EXECUTION_OBSERVATION,,0,60,0,60,60
r8c-3032-9c0fa7cf72699873,3032,E2_DYNAMIC_INCREMENTAL_AFTER_FULL_REUSE,CDF5/CDF-MILD,NO_LINEAGE_CREDIT,2,COMPLETE,NOT_COMPUTED_MISSING_EXECUTION_OBSERVATION,,0,60,0,60,60
r8c-3033-b837e7bdaf8ac96f,3033,E2_DYNAMIC_INCREMENTAL_AFTER_FULL_REUSE,CDF5/CDF-MILD,CROSS_EVENT_WARM_START_ONLY,2,COMPLETE,NOT_COMPUTED_MISSING_EXECUTION_OBSERVATION,,0,60,0,60,60
r8c-3034-d39bf8381ee8689a,3034,E2_DYNAMIC_INCREMENTAL_AFTER_FULL_REUSE,CDF5/CDF-MILD,CROSS_EVENT_MEMORY_ONLY,2,COMPLETE,NOT_COMPUTED_MISSING_EXECUTION_OBSERVATION,,0,60,0,60,60
r8c-3035-48867926d78d7dd2,3035,E2_DYNAMIC_INCREMENTAL_AFTER_FULL_REUSE,CDF5/CDF-MILD,SHADE_ONLY,2,COMPLETE,NOT_COMPUTED_MISSING_EXECUTION_OBSERVATION,,0,60,0,60,60
r8c-3036-62f77f9e47ea3b7c,3036,E2_DYNAMIC_INCREMENTAL_AFTER_FULL_REUSE,CDF5/CDF-MILD,NO_CROSS_EVENT_MEMORY,3,COMPLETE,NOT_COMPUTED_MISSING_EXECUTION_OBSERVATION,,0,60,0,60,60
r8c-3037-f3a472cf1107a4ff,3037,E2_DYNAMIC_INCREMENTAL_AFTER_FULL_REUSE,CDF5/CDF-MILD,NO_REJECTION_CREDIT,3,COMPLETE,NOT_COMPUTED_MISSING_EXECUTION_OBSERVATION,,0,60,0,60,60
r8c-3038-abafe6a565e29baf,3038,E2_DYNAMIC_INCREMENTAL_AFTER_FULL_REUSE,CDF5/CDF-MILD,NO_MEMORY_RESET_GATE,3,COMPLETE,NOT_COMPUTED_MISSING_EXECUTION_OBSERVATION,,0,60,0,60,60
r8c-3039-f0eb911fdadaa369,3039,E2_DYNAMIC_INCREMENTAL_AFTER_FULL_REUSE,CDF5/CDF-MILD,NO_LINEAGE_CREDIT,3,COMPLETE,NOT_COMPUTED_MISSING_EXECUTION_OBSERVATION,,0,60,0,60,60
r8c-3040-15ef87d898b97f22,3040,E2_DYNAMIC_INCREMENTAL_AFTER_FULL_REUSE,CDF5/CDF-MILD,CROSS_EVENT_WARM_START_ONLY,3,COMPLETE,NOT_COMPUTED_MISSING_EXECUTION_OBSERVATION,,0,60,0,60,60
r8c-3041-185aaa8833d36d3d,3041,E2_DYNAMIC_INCREMENTAL_AFTER_FULL_REUSE,CDF5/CDF-MILD,CROSS_EVENT_MEMORY_ONLY,3,COMPLETE,NOT_COMPUTED_MISSING_EXECUTION_OBSERVATION,,0,60,0,60,60
r8c-3042-1599f3ead3404a27,3042,E2_DYNAMIC_INCREMENTAL_AFTER_FULL_REUSE,CDF5/CDF-MILD,SHADE_ONLY,3,COMPLETE,NOT_COMPUTED_MISSING_EXECUTION_OBSERVATION,,0,60,0,60,60
r8c-3043-2c9cc80098546627,3043,E2_DYNAMIC_INCREMENTAL_AFTER_FULL_REUSE,CDF5/CDF-MILD,NO_CROSS_EVENT_MEMORY,4,COMPLETE,NOT_COMPUTED_MISSING_EXECUTION_OBSERVATION,,0,60,0,60,60
r8c-3044-585ec86d40522c92,3044,E2_DYNAMIC_INCREMENTAL_AFTER_FULL_REUSE,CDF5/CDF-MILD,NO_REJECTION_CREDIT,4,COMPLETE,NOT_COMPUTED_MISSING_EXECUTION_OBSERVATION,,0,60,0,60,60
r8c-3045-68706dfd73b2b92a,3045,E2_DYNAMIC_INCREMENTAL_AFTER_FULL_REUSE,CDF5/CDF-MILD,NO_MEMORY_RESET_GATE,4,COMPLETE,NOT_COMPUTED_MISSING_EXECUTION_OBSERVATION,,0,60,0,60,60
r8c-3046-d5d271eb6db8df3c,3046,E2_DYNAMIC_INCREMENTAL_AFTER_FULL_REUSE,CDF5/CDF-MILD,NO_LINEAGE_CREDIT,4,COMPLETE,NOT_COMPUTED_MISSING_EXECUTION_OBSERVATION,,0,60,0,60,60
r8c-3047-1285cdba65229384,3047,E2_DYNAMIC_INCREMENTAL_AFTER_FULL_REUSE,CDF5/CDF-MILD,CROSS_EVENT_WARM_START_ONLY,4,COMPLETE,NOT_COMPUTED_MISSING_EXECUTION_OBSERVATION,,0,60,0,60,60
r8c-3048-8799f630697a87b9,3048,E2_DYNAMIC_INCREMENTAL_AFTER_FULL_REUSE,CDF5/CDF-MILD,CROSS_EVENT_MEMORY_ONLY,4,COMPLETE,NOT_COMPUTED_MISSING_EXECUTION_OBSERVATION,,0,60,0,60,60
r8c-3049-8b7569b3d30501a6,3049,E2_DYNAMIC_INCREMENTAL_AFTER_FULL_REUSE,CDF5/CDF-MILD,SHADE_ONLY,4,COMPLETE,NOT_COMPUTED_MISSING_EXECUTION_OBSERVATION,,0,60,0,60,60
r8c-3050-806551bca70e9870,3050,E2_DYNAMIC_INCREMENTAL_AFTER_FULL_REUSE,CDF6/CDF-HARSH,NO_CROSS_EVENT_MEMORY,0,COMPLETE,NOT_COMPUTED_MISSING_EXECUTION_OBSERVATION,,0,60,0,60,60
r8c-3051-2d0f5004b6e59a1b,3051,E2_DYNAMIC_INCREMENTAL_AFTER_FULL_REUSE,CDF6/CDF-HARSH,NO_REJECTION_CREDIT,0,COMPLETE,NOT_COMPUTED_MISSING_EXECUTION_OBSERVATION,,0,60,0,60,60
r8c-3052-aab98bf736cddd64,3052,E2_DYNAMIC_INCREMENTAL_AFTER_FULL_REUSE,CDF6/CDF-HARSH,NO_MEMORY_RESET_GATE,0,COMPLETE,NOT_COMPUTED_MISSING_EXECUTION_OBSERVATION,,0,60,0,60,60
r8c-3053-2abdde26d5bebbf3,3053,E2_DYNAMIC_INCREMENTAL_AFTER_FULL_REUSE,CDF6/CDF-HARSH,NO_LINEAGE_CREDIT,0,COMPLETE,NOT_COMPUTED_MISSING_EXECUTION_OBSERVATION,,0,60,0,60,60
r8c-3054-8140f0abc4ce2968,3054,E2_DYNAMIC_INCREMENTAL_AFTER_FULL_REUSE,CDF6/CDF-HARSH,CROSS_EVENT_WARM_START_ONLY,0,COMPLETE,NOT_COMPUTED_MISSING_EXECUTION_OBSERVATION,,0,60,0,60,60
r8c-3055-ad4f28babe6654fe,3055,E2_DYNAMIC_INCREMENTAL_AFTER_FULL_REUSE,CDF6/CDF-HARSH,CROSS_EVENT_MEMORY_ONLY,0,COMPLETE,NOT_COMPUTED_MISSING_EXECUTION_OBSERVATION,,0,60,0,60,60
r8c-3056-ddff1bf99d06cc1c,3056,E2_DYNAMIC_INCREMENTAL_AFTER_FULL_REUSE,CDF6/CDF-HARSH,SHADE_ONLY,0,COMPLETE,NOT_COMPUTED_MISSING_EXECUTION_OBSERVATION,,0,60,0,60,60
r8c-3057-7e1af9ff580f7646,3057,E2_DYNAMIC_INCREMENTAL_AFTER_FULL_REUSE,CDF6/CDF-HARSH,NO_CROSS_EVENT_MEMORY,1,COMPLETE,NOT_COMPUTED_MISSING_EXECUTION_OBSERVATION,,0,60,0,60,60
r8c-3058-4e3606c53fc5609f,3058,E2_DYNAMIC_INCREMENTAL_AFTER_FULL_REUSE,CDF6/CDF-HARSH,NO_REJECTION_CREDIT,1,COMPLETE,NOT_COMPUTED_MISSING_EXECUTION_OBSERVATION,,0,60,0,60,60
r8c-3059-b7fc094bc90bde55,3059,E2_DYNAMIC_INCREMENTAL_AFTER_FULL_REUSE,CDF6/CDF-HARSH,NO_MEMORY_RESET_GATE,1,COMPLETE,NOT_COMPUTED_MISSING_EXECUTION_OBSERVATION,,0,60,0,60,60
r8c-3060-aba16c0be312bf70,3060,E2_DYNAMIC_INCREMENTAL_AFTER_FULL_REUSE,CDF6/CDF-HARSH,NO_LINEAGE_CREDIT,1,COMPLETE,NOT_COMPUTED_MISSING_EXECUTION_OBSERVATION,,0,60,0,60,60
r8c-3061-423d4dc528f1cc66,3061,E2_DYNAMIC_INCREMENTAL_AFTER_FULL_REUSE,CDF6/CDF-HARSH,CROSS_EVENT_WARM_START_ONLY,1,COMPLETE,NOT_COMPUTED_MISSING_EXECUTION_OBSERVATION,,0,60,0,60,60
r8c-3062-fa3ecdd458f1ebc4,3062,E2_DYNAMIC_INCREMENTAL_AFTER_FULL_REUSE,CDF6/CDF-HARSH,CROSS_EVENT_MEMORY_ONLY,1,COMPLETE,NOT_COMPUTED_MISSING_EXECUTION_OBSERVATION,,0,60,0,60,60
r8c-3063-8d5fe8c3c6d6692c,3063,E2_DYNAMIC_INCREMENTAL_AFTER_FULL_REUSE,CDF6/CDF-HARSH,SHADE_ONLY,1,COMPLETE,NOT_COMPUTED_MISSING_EXECUTION_OBSERVATION,,0,60,0,60,60
r8c-3064-f1ae8fafe8f150c2,3064,E2_DYNAMIC_INCREMENTAL_AFTER_FULL_REUSE,CDF6/CDF-HARSH,NO_CROSS_EVENT_MEMORY,2,COMPLETE,NOT_COMPUTED_MISSING_EXECUTION_OBSERVATION,,0,60,0,60,60
r8c-3065-ce42062fc64b19bc,3065,E2_DYNAMIC_INCREMENTAL_AFTER_FULL_REUSE,CDF6/CDF-HARSH,NO_REJECTION_CREDIT,2,COMPLETE,NOT_COMPUTED_MISSING_EXECUTION_OBSERVATION,,0,60,0,60,60
r8c-3066-de84560c61c212a8,3066,E2_DYNAMIC_INCREMENTAL_AFTER_FULL_REUSE,CDF6/CDF-HARSH,NO_MEMORY_RESET_GATE,2,COMPLETE,NOT_COMPUTED_MISSING_EXECUTION_OBSERVATION,,0,60,0,60,60
r8c-3067-65c8ad1a3803fcfc,3067,E2_DYNAMIC_INCREMENTAL_AFTER_FULL_REUSE,CDF6/CDF-HARSH,NO_LINEAGE_CREDIT,2,COMPLETE,NOT_COMPUTED_MISSING_EXECUTION_OBSERVATION,,0,60,0,60,60
r8c-3068-fb2354f37b4f02c2,3068,E2_DYNAMIC_INCREMENTAL_AFTER_FULL_REUSE,CDF6/CDF-HARSH,CROSS_EVENT_WARM_START_ONLY,2,COMPLETE,NOT_COMPUTED_MISSING_EXECUTION_OBSERVATION,,0,60,0,60,60
r8c-3069-41a3bd66091076de,3069,E2_DYNAMIC_INCREMENTAL_AFTER_FULL_REUSE,CDF6/CDF-HARSH,CROSS_EVENT_MEMORY_ONLY,2,COMPLETE,NOT_COMPUTED_MISSING_EXECUTION_OBSERVATION,,0,60,0,60,60
r8c-3070-19f38196ace151d1,3070,E2_DYNAMIC_INCREMENTAL_AFTER_FULL_REUSE,CDF6/CDF-HARSH,SHADE_ONLY,2,COMPLETE,NOT_COMPUTED_MISSING_EXECUTION_OBSERVATION,,0,60,0,60,60
r8c-3071-f513cf9cb9970009,3071,E2_DYNAMIC_INCREMENTAL_AFTER_FULL_REUSE,CDF6/CDF-HARSH,NO_CROSS_EVENT_MEMORY,3,COMPLETE,NOT_COMPUTED_MISSING_EXECUTION_OBSERVATION,,0,60,0,60,60
r8c-3072-5aca76a6a0e20504,3072,E2_DYNAMIC_INCREMENTAL_AFTER_FULL_REUSE,CDF6/CDF-HARSH,NO_REJECTION_CREDIT,3,COMPLETE,NOT_COMPUTED_MISSING_EXECUTION_OBSERVATION,,0,60,0,60,60
r8c-3073-31e053ac3b5e8a51,3073,E2_DYNAMIC_INCREMENTAL_AFTER_FULL_REUSE,CDF6/CDF-HARSH,NO_MEMORY_RESET_GATE,3,COMPLETE,NOT_COMPUTED_MISSING_EXECUTION_OBSERVATION,,0,60,0,60,60
r8c-3074-03b5a87a58754549,3074,E2_DYNAMIC_INCREMENTAL_AFTER_FULL_REUSE,CDF6/CDF-HARSH,NO_LINEAGE_CREDIT,3,COMPLETE,NOT_COMPUTED_MISSING_EXECUTION_OBSERVATION,,0,60,0,60,60
r8c-3075-63237bc91cb15306,3075,E2_DYNAMIC_INCREMENTAL_AFTER_FULL_REUSE,CDF6/CDF-HARSH,CROSS_EVENT_WARM_START_ONLY,3,COMPLETE,NOT_COMPUTED_MISSING_EXECUTION_OBSERVATION,,0,60,0,60,60
r8c-3076-999e08a653f8620e,3076,E2_DYNAMIC_INCREMENTAL_AFTER_FULL_REUSE,CDF6/CDF-HARSH,CROSS_EVENT_MEMORY_ONLY,3,COMPLETE,NOT_COMPUTED_MISSING_EXECUTION_OBSERVATION,,0,60,0,60,60
r8c-3077-c10c07685f7b926e,3077,E2_DYNAMIC_INCREMENTAL_AFTER_FULL_REUSE,CDF6/CDF-HARSH,SHADE_ONLY,3,COMPLETE,NOT_COMPUTED_MISSING_EXECUTION_OBSERVATION,,0,60,0,60,60
r8c-3078-3f23529b82be31f9,3078,E2_DYNAMIC_INCREMENTAL_AFTER_FULL_REUSE,CDF6/CDF-HARSH,NO_CROSS_EVENT_MEMORY,4,COMPLETE,NOT_COMPUTED_MISSING_EXECUTION_OBSERVATION,,0,60,0,60,60
r8c-3079-501d26fadbbb5dce,3079,E2_DYNAMIC_INCREMENTAL_AFTER_FULL_REUSE,CDF6/CDF-HARSH,NO_REJECTION_CREDIT,4,COMPLETE,NOT_COMPUTED_MISSING_EXECUTION_OBSERVATION,,0,60,0,60,60
r8c-3080-bc1216db8b7bc1f1,3080,E2_DYNAMIC_INCREMENTAL_AFTER_FULL_REUSE,CDF6/CDF-HARSH,NO_MEMORY_RESET_GATE,4,COMPLETE,NOT_COMPUTED_MISSING_EXECUTION_OBSERVATION,,0,60,0,60,60
r8c-3081-1df0de4af52d7d0d,3081,E2_DYNAMIC_INCREMENTAL_AFTER_FULL_REUSE,CDF6/CDF-HARSH,NO_LINEAGE_CREDIT,4,COMPLETE,NOT_COMPUTED_MISSING_EXECUTION_OBSERVATION,,0,60,0,60,60
r8c-3082-3ea0a3dbcde16ede,3082,E2_DYNAMIC_INCREMENTAL_AFTER_FULL_REUSE,CDF6/CDF-HARSH,CROSS_EVENT_WARM_START_ONLY,4,COMPLETE,NOT_COMPUTED_MISSING_EXECUTION_OBSERVATION,,0,60,0,60,60
r8c-3083-43ac4725b135ed39,3083,E2_DYNAMIC_INCREMENTAL_AFTER_FULL_REUSE,CDF6/CDF-HARSH,CROSS_EVENT_MEMORY_ONLY,4,COMPLETE,NOT_COMPUTED_MISSING_EXECUTION_OBSERVATION,,0,60,0,60,60
r8c-3084-30498288f0d49ade,3084,E2_DYNAMIC_INCREMENTAL_AFTER_FULL_REUSE,CDF6/CDF-HARSH,SHADE_ONLY,4,COMPLETE,NOT_COMPUTED_MISSING_EXECUTION_OBSERVATION,,0,60,0,60,60
r8c-3085-e762df01cf989749,3085,E2_DYNAMIC_INCREMENTAL_AFTER_FULL_REUSE,CDF6/CDF-MILD,NO_CROSS_EVENT_MEMORY,0,COMPLETE,NOT_COMPUTED_MISSING_EXECUTION_OBSERVATION,,0,60,0,60,60
r8c-3086-5156ae78d28e495e,3086,E2_DYNAMIC_INCREMENTAL_AFTER_FULL_REUSE,CDF6/CDF-MILD,NO_REJECTION_CREDIT,0,COMPLETE,NOT_COMPUTED_MISSING_EXECUTION_OBSERVATION,,0,60,0,60,60
r8c-3087-40bb8cb1e38d14c3,3087,E2_DYNAMIC_INCREMENTAL_AFTER_FULL_REUSE,CDF6/CDF-MILD,NO_MEMORY_RESET_GATE,0,COMPLETE,NOT_COMPUTED_MISSING_EXECUTION_OBSERVATION,,0,60,0,60,60
r8c-3088-3a634cc9b703f402,3088,E2_DYNAMIC_INCREMENTAL_AFTER_FULL_REUSE,CDF6/CDF-MILD,NO_LINEAGE_CREDIT,0,COMPLETE,NOT_COMPUTED_MISSING_EXECUTION_OBSERVATION,,0,60,0,60,60
r8c-3089-3ea4e34d7ecf936e,3089,E2_DYNAMIC_INCREMENTAL_AFTER_FULL_REUSE,CDF6/CDF-MILD,CROSS_EVENT_WARM_START_ONLY,0,COMPLETE,NOT_COMPUTED_MISSING_EXECUTION_OBSERVATION,,0,60,0,60,60
r8c-3090-7262888c18e52d32,3090,E2_DYNAMIC_INCREMENTAL_AFTER_FULL_REUSE,CDF6/CDF-MILD,CROSS_EVENT_MEMORY_ONLY,0,COMPLETE,NOT_COMPUTED_MISSING_EXECUTION_OBSERVATION,,0,60,0,60,60
r8c-3091-59041e5d47870647,3091,E2_DYNAMIC_INCREMENTAL_AFTER_FULL_REUSE,CDF6/CDF-MILD,SHADE_ONLY,0,COMPLETE,NOT_COMPUTED_MISSING_EXECUTION_OBSERVATION,,0,60,0,60,60
r8c-3092-176d49b597d48c49,3092,E2_DYNAMIC_INCREMENTAL_AFTER_FULL_REUSE,CDF6/CDF-MILD,NO_CROSS_EVENT_MEMORY,1,COMPLETE,NOT_COMPUTED_MISSING_EXECUTION_OBSERVATION,,0,60,0,60,60
r8c-3093-0a8f4fdfc6a5e714,3093,E2_DYNAMIC_INCREMENTAL_AFTER_FULL_REUSE,CDF6/CDF-MILD,NO_REJECTION_CREDIT,1,COMPLETE,NOT_COMPUTED_MISSING_EXECUTION_OBSERVATION,,0,60,0,60,60
r8c-3094-662cbec86bac987d,3094,E2_DYNAMIC_INCREMENTAL_AFTER_FULL_REUSE,CDF6/CDF-MILD,NO_MEMORY_RESET_GATE,1,COMPLETE,NOT_COMPUTED_MISSING_EXECUTION_OBSERVATION,,0,60,0,60,60
r8c-3095-7065facc909ced92,3095,E2_DYNAMIC_INCREMENTAL_AFTER_FULL_REUSE,CDF6/CDF-MILD,NO_LINEAGE_CREDIT,1,COMPLETE,NOT_COMPUTED_MISSING_EXECUTION_OBSERVATION,,0,60,0,60,60
r8c-3096-6b100be66c7ccaba,3096,E2_DYNAMIC_INCREMENTAL_AFTER_FULL_REUSE,CDF6/CDF-MILD,CROSS_EVENT_WARM_START_ONLY,1,COMPLETE,NOT_COMPUTED_MISSING_EXECUTION_OBSERVATION,,0,60,0,60,60
r8c-3097-0f1d2835b9583baf,3097,E2_DYNAMIC_INCREMENTAL_AFTER_FULL_REUSE,CDF6/CDF-MILD,CROSS_EVENT_MEMORY_ONLY,1,COMPLETE,NOT_COMPUTED_MISSING_EXECUTION_OBSERVATION,,0,60,0,60,60
r8c-3098-97bfc11a31f320fa,3098,E2_DYNAMIC_INCREMENTAL_AFTER_FULL_REUSE,CDF6/CDF-MILD,SHADE_ONLY,1,COMPLETE,NOT_COMPUTED_MISSING_EXECUTION_OBSERVATION,,0,60,0,60,60
r8c-3099-547deaeba09ccfed,3099,E2_DYNAMIC_INCREMENTAL_AFTER_FULL_REUSE,CDF6/CDF-MILD,NO_CROSS_EVENT_MEMORY,2,COMPLETE,NOT_COMPUTED_MISSING_EXECUTION_OBSERVATION,,0,60,0,60,60
r8c-3100-cc2de0edae550a70,3100,E2_DYNAMIC_INCREMENTAL_AFTER_FULL_REUSE,CDF6/CDF-MILD,NO_REJECTION_CREDIT,2,COMPLETE,NOT_COMPUTED_MISSING_EXECUTION_OBSERVATION,,0,60,0,60,60
r8c-3101-3f7ad3d480c0c9ab,3101,E2_DYNAMIC_INCREMENTAL_AFTER_FULL_REUSE,CDF6/CDF-MILD,NO_MEMORY_RESET_GATE,2,COMPLETE,NOT_COMPUTED_MISSING_EXECUTION_OBSERVATION,,0,60,0,60,60
r8c-3102-a2fe0ed47db43b9c,3102,E2_DYNAMIC_INCREMENTAL_AFTER_FULL_REUSE,CDF6/CDF-MILD,NO_LINEAGE_CREDIT,2,COMPLETE,NOT_COMPUTED_MISSING_EXECUTION_OBSERVATION,,0,60,0,60,60
r8c-3103-2c73a223b18998c7,3103,E2_DYNAMIC_INCREMENTAL_AFTER_FULL_REUSE,CDF6/CDF-MILD,CROSS_EVENT_WARM_START_ONLY,2,COMPLETE,NOT_COMPUTED_MISSING_EXECUTION_OBSERVATION,,0,60,0,60,60
r8c-3104-809bce22d3422612,3104,E2_DYNAMIC_INCREMENTAL_AFTER_FULL_REUSE,CDF6/CDF-MILD,CROSS_EVENT_MEMORY_ONLY,2,COMPLETE,NOT_COMPUTED_MISSING_EXECUTION_OBSERVATION,,0,60,0,60,60
r8c-3105-00ea3f5588ae4fc8,3105,E2_DYNAMIC_INCREMENTAL_AFTER_FULL_REUSE,CDF6/CDF-MILD,SHADE_ONLY,2,COMPLETE,NOT_COMPUTED_MISSING_EXECUTION_OBSERVATION,,0,60,0,60,60
r8c-3106-23a8e92b28057d82,3106,E2_DYNAMIC_INCREMENTAL_AFTER_FULL_REUSE,CDF6/CDF-MILD,NO_CROSS_EVENT_MEMORY,3,COMPLETE,NOT_COMPUTED_MISSING_EXECUTION_OBSERVATION,,0,60,0,60,60
r8c-3107-844d180f8abb7d3f,3107,E2_DYNAMIC_INCREMENTAL_AFTER_FULL_REUSE,CDF6/CDF-MILD,NO_REJECTION_CREDIT,3,COMPLETE,NOT_COMPUTED_MISSING_EXECUTION_OBSERVATION,,0,60,0,60,60
r8c-3108-aaca949b9f896089,3108,E2_DYNAMIC_INCREMENTAL_AFTER_FULL_REUSE,CDF6/CDF-MILD,NO_MEMORY_RESET_GATE,3,COMPLETE,NOT_COMPUTED_MISSING_EXECUTION_OBSERVATION,,0,60,0,60,60
r8c-3109-d265a32a62d584cd,3109,E2_DYNAMIC_INCREMENTAL_AFTER_FULL_REUSE,CDF6/CDF-MILD,NO_LINEAGE_CREDIT,3,COMPLETE,NOT_COMPUTED_MISSING_EXECUTION_OBSERVATION,,0,60,0,60,60
r8c-3110-6304a545313c99e4,3110,E2_DYNAMIC_INCREMENTAL_AFTER_FULL_REUSE,CDF6/CDF-MILD,CROSS_EVENT_WARM_START_ONLY,3,COMPLETE,NOT_COMPUTED_MISSING_EXECUTION_OBSERVATION,,0,60,0,60,60
r8c-3111-d4d9d1e3846da112,3111,E2_DYNAMIC_INCREMENTAL_AFTER_FULL_REUSE,CDF6/CDF-MILD,CROSS_EVENT_MEMORY_ONLY,3,COMPLETE,NOT_COMPUTED_MISSING_EXECUTION_OBSERVATION,,0,60,0,60,60
r8c-3112-7ee9d73ce97ed068,3112,E2_DYNAMIC_INCREMENTAL_AFTER_FULL_REUSE,CDF6/CDF-MILD,SHADE_ONLY,3,COMPLETE,NOT_COMPUTED_MISSING_EXECUTION_OBSERVATION,,0,60,0,60,60
r8c-3113-5d9d8687b4807a72,3113,E2_DYNAMIC_INCREMENTAL_AFTER_FULL_REUSE,CDF6/CDF-MILD,NO_CROSS_EVENT_MEMORY,4,COMPLETE,NOT_COMPUTED_MISSING_EXECUTION_OBSERVATION,,0,60,0,60,60
r8c-3114-204a7ccf44f9807d,3114,E2_DYNAMIC_INCREMENTAL_AFTER_FULL_REUSE,CDF6/CDF-MILD,NO_REJECTION_CREDIT,4,COMPLETE,NOT_COMPUTED_MISSING_EXECUTION_OBSERVATION,,0,60,0,60,60
r8c-3115-9ed96c648b5d6e11,3115,E2_DYNAMIC_INCREMENTAL_AFTER_FULL_REUSE,CDF6/CDF-MILD,NO_MEMORY_RESET_GATE,4,COMPLETE,NOT_COMPUTED_MISSING_EXECUTION_OBSERVATION,,0,60,0,60,60
r8c-3116-01852770545c33d5,3116,E2_DYNAMIC_INCREMENTAL_AFTER_FULL_REUSE,CDF6/CDF-MILD,NO_LINEAGE_CREDIT,4,COMPLETE,NOT_COMPUTED_MISSING_EXECUTION_OBSERVATION,,0,60,0,60,60
r8c-3117-fbd7d1996a7f9958,3117,E2_DYNAMIC_INCREMENTAL_AFTER_FULL_REUSE,CDF6/CDF-MILD,CROSS_EVENT_WARM_START_ONLY,4,COMPLETE,NOT_COMPUTED_MISSING_EXECUTION_OBSERVATION,,0,60,0,60,60
r8c-3118-1b942380f1bcea0b,3118,E2_DYNAMIC_INCREMENTAL_AFTER_FULL_REUSE,CDF6/CDF-MILD,CROSS_EVENT_MEMORY_ONLY,4,COMPLETE,NOT_COMPUTED_MISSING_EXECUTION_OBSERVATION,,0,60,0,60,60
r8c-3119-e27f4c2200393ac4,3119,E2_DYNAMIC_INCREMENTAL_AFTER_FULL_REUSE,CDF6/CDF-MILD,SHADE_ONLY,4,COMPLETE,NOT_COMPUTED_MISSING_EXECUTION_OBSERVATION,,0,60,0,60,60
r8c-3120-1b1a278980d15c98,3120,E2_DYNAMIC_INCREMENTAL_AFTER_FULL_REUSE,CDF7/CDF-HARSH,NO_CROSS_EVENT_MEMORY,0,COMPLETE,NOT_COMPUTED_MISSING_EXECUTION_OBSERVATION,,0,60,0,60,60
r8c-3121-1f7fec7c8ff96a73,3121,E2_DYNAMIC_INCREMENTAL_AFTER_FULL_REUSE,CDF7/CDF-HARSH,NO_REJECTION_CREDIT,0,COMPLETE,NOT_COMPUTED_MISSING_EXECUTION_OBSERVATION,,0,60,0,60,60
r8c-3122-94b0c084006944d0,3122,E2_DYNAMIC_INCREMENTAL_AFTER_FULL_REUSE,CDF7/CDF-HARSH,NO_MEMORY_RESET_GATE,0,COMPLETE,NOT_COMPUTED_MISSING_EXECUTION_OBSERVATION,,0,60,0,60,60
r8c-3123-2eb30ae864310287,3123,E2_DYNAMIC_INCREMENTAL_AFTER_FULL_REUSE,CDF7/CDF-HARSH,NO_LINEAGE_CREDIT,0,COMPLETE,NOT_COMPUTED_MISSING_EXECUTION_OBSERVATION,,0,60,0,60,60
r8c-3124-bfe831738ac8fc71,3124,E2_DYNAMIC_INCREMENTAL_AFTER_FULL_REUSE,CDF7/CDF-HARSH,CROSS_EVENT_WARM_START_ONLY,0,COMPLETE,NOT_COMPUTED_MISSING_EXECUTION_OBSERVATION,,0,60,0,60,60
r8c-3125-ae27fe2dd619356a,3125,E2_DYNAMIC_INCREMENTAL_AFTER_FULL_REUSE,CDF7/CDF-HARSH,CROSS_EVENT_MEMORY_ONLY,0,COMPLETE,NOT_COMPUTED_MISSING_EXECUTION_OBSERVATION,,0,60,0,60,60
r8c-3126-3f7e0acb7614074a,3126,E2_DYNAMIC_INCREMENTAL_AFTER_FULL_REUSE,CDF7/CDF-HARSH,SHADE_ONLY,0,COMPLETE,NOT_COMPUTED_MISSING_EXECUTION_OBSERVATION,,0,60,0,60,60
r8c-3127-da2293455e8599b6,3127,E2_DYNAMIC_INCREMENTAL_AFTER_FULL_REUSE,CDF7/CDF-HARSH,NO_CROSS_EVENT_MEMORY,1,COMPLETE,NOT_COMPUTED_MISSING_EXECUTION_OBSERVATION,,0,60,0,60,60
r8c-3128-2d327f8d5617c376,3128,E2_DYNAMIC_INCREMENTAL_AFTER_FULL_REUSE,CDF7/CDF-HARSH,NO_REJECTION_CREDIT,1,COMPLETE,NOT_COMPUTED_MISSING_EXECUTION_OBSERVATION,,0,60,0,60,60
r8c-3129-66a529cb975ed859,3129,E2_DYNAMIC_INCREMENTAL_AFTER_FULL_REUSE,CDF7/CDF-HARSH,NO_MEMORY_RESET_GATE,1,COMPLETE,NOT_COMPUTED_MISSING_EXECUTION_OBSERVATION,,0,60,0,60,60
r8c-3130-2469645bd5e255f2,3130,E2_DYNAMIC_INCREMENTAL_AFTER_FULL_REUSE,CDF7/CDF-HARSH,NO_LINEAGE_CREDIT,1,COMPLETE,NOT_COMPUTED_MISSING_EXECUTION_OBSERVATION,,0,60,0,60,60
r8c-3131-18dd1efb5a3bd312,3131,E2_DYNAMIC_INCREMENTAL_AFTER_FULL_REUSE,CDF7/CDF-HARSH,CROSS_EVENT_WARM_START_ONLY,1,COMPLETE,NOT_COMPUTED_MISSING_EXECUTION_OBSERVATION,,0,60,0,60,60
r8c-3132-4013bb9627644146,3132,E2_DYNAMIC_INCREMENTAL_AFTER_FULL_REUSE,CDF7/CDF-HARSH,CROSS_EVENT_MEMORY_ONLY,1,COMPLETE,NOT_COMPUTED_MISSING_EXECUTION_OBSERVATION,,0,60,0,60,60
r8c-3133-fd7141d7f3112eb0,3133,E2_DYNAMIC_INCREMENTAL_AFTER_FULL_REUSE,CDF7/CDF-HARSH,SHADE_ONLY,1,COMPLETE,NOT_COMPUTED_MISSING_EXECUTION_OBSERVATION,,0,60,0,60,60
r8c-3134-b9c281d6ebd91086,3134,E2_DYNAMIC_INCREMENTAL_AFTER_FULL_REUSE,CDF7/CDF-HARSH,NO_CROSS_EVENT_MEMORY,2,COMPLETE,NOT_COMPUTED_MISSING_EXECUTION_OBSERVATION,,0,60,0,60,60
r8c-3135-ca7452b077573184,3135,E2_DYNAMIC_INCREMENTAL_AFTER_FULL_REUSE,CDF7/CDF-HARSH,NO_REJECTION_CREDIT,2,COMPLETE,NOT_COMPUTED_MISSING_EXECUTION_OBSERVATION,,0,60,0,60,60
r8c-3136-81cd221f91899da9,3136,E2_DYNAMIC_INCREMENTAL_AFTER_FULL_REUSE,CDF7/CDF-HARSH,NO_MEMORY_RESET_GATE,2,COMPLETE,NOT_COMPUTED_MISSING_EXECUTION_OBSERVATION,,0,60,0,60,60
r8c-3137-11b8a61886c9a718,3137,E2_DYNAMIC_INCREMENTAL_AFTER_FULL_REUSE,CDF7/CDF-HARSH,NO_LINEAGE_CREDIT,2,COMPLETE,NOT_COMPUTED_MISSING_EXECUTION_OBSERVATION,,0,60,0,60,60
r8c-3138-37636b94c249a131,3138,E2_DYNAMIC_INCREMENTAL_AFTER_FULL_REUSE,CDF7/CDF-HARSH,CROSS_EVENT_WARM_START_ONLY,2,COMPLETE,NOT_COMPUTED_MISSING_EXECUTION_OBSERVATION,,0,60,0,60,60
r8c-3139-14492e21f1b156ef,3139,E2_DYNAMIC_INCREMENTAL_AFTER_FULL_REUSE,CDF7/CDF-HARSH,CROSS_EVENT_MEMORY_ONLY,2,COMPLETE,NOT_COMPUTED_MISSING_EXECUTION_OBSERVATION,,0,60,0,60,60
r8c-3140-68d2a6a939215953,3140,E2_DYNAMIC_INCREMENTAL_AFTER_FULL_REUSE,CDF7/CDF-HARSH,SHADE_ONLY,2,COMPLETE,NOT_COMPUTED_MISSING_EXECUTION_OBSERVATION,,0,60,0,60,60
r8c-3141-9270437bb2c09f76,3141,E2_DYNAMIC_INCREMENTAL_AFTER_FULL_REUSE,CDF7/CDF-HARSH,NO_CROSS_EVENT_MEMORY,3,COMPLETE,NOT_COMPUTED_MISSING_EXECUTION_OBSERVATION,,0,60,0,60,60
r8c-3142-104d2dcc828d0d66,3142,E2_DYNAMIC_INCREMENTAL_AFTER_FULL_REUSE,CDF7/CDF-HARSH,NO_REJECTION_CREDIT,3,COMPLETE,NOT_COMPUTED_MISSING_EXECUTION_OBSERVATION,,0,60,0,60,60
r8c-3143-ac9368393b26d98a,3143,E2_DYNAMIC_INCREMENTAL_AFTER_FULL_REUSE,CDF7/CDF-HARSH,NO_MEMORY_RESET_GATE,3,COMPLETE,NOT_COMPUTED_MISSING_EXECUTION_OBSERVATION,,0,60,0,60,60
r8c-3144-3201ad7a5eda24d2,3144,E2_DYNAMIC_INCREMENTAL_AFTER_FULL_REUSE,CDF7/CDF-HARSH,NO_LINEAGE_CREDIT,3,COMPLETE,NOT_COMPUTED_MISSING_EXECUTION_OBSERVATION,,0,60,0,60,60
r8c-3145-e3141564728c4820,3145,E2_DYNAMIC_INCREMENTAL_AFTER_FULL_REUSE,CDF7/CDF-HARSH,CROSS_EVENT_WARM_START_ONLY,3,COMPLETE,NOT_COMPUTED_MISSING_EXECUTION_OBSERVATION,,0,60,0,60,60
r8c-3146-a1a6c2955cb8135a,3146,E2_DYNAMIC_INCREMENTAL_AFTER_FULL_REUSE,CDF7/CDF-HARSH,CROSS_EVENT_MEMORY_ONLY,3,COMPLETE,NOT_COMPUTED_MISSING_EXECUTION_OBSERVATION,,0,60,0,60,60
r8c-3147-d8f4b022d6df6308,3147,E2_DYNAMIC_INCREMENTAL_AFTER_FULL_REUSE,CDF7/CDF-HARSH,SHADE_ONLY,3,COMPLETE,NOT_COMPUTED_MISSING_EXECUTION_OBSERVATION,,0,60,0,60,60
r8c-3148-08209c4e04c474a8,3148,E2_DYNAMIC_INCREMENTAL_AFTER_FULL_REUSE,CDF7/CDF-HARSH,NO_CROSS_EVENT_MEMORY,4,COMPLETE,NOT_COMPUTED_MISSING_EXECUTION_OBSERVATION,,0,60,0,60,60
r8c-3149-7606f65280075860,3149,E2_DYNAMIC_INCREMENTAL_AFTER_FULL_REUSE,CDF7/CDF-HARSH,NO_REJECTION_CREDIT,4,COMPLETE,NOT_COMPUTED_MISSING_EXECUTION_OBSERVATION,,0,60,0,60,60
r8c-3150-deea1c0a7de864ba,3150,E2_DYNAMIC_INCREMENTAL_AFTER_FULL_REUSE,CDF7/CDF-HARSH,NO_MEMORY_RESET_GATE,4,COMPLETE,NOT_COMPUTED_MISSING_EXECUTION_OBSERVATION,,0,60,0,60,60
r8c-3151-6a94533f7d6c51fb,3151,E2_DYNAMIC_INCREMENTAL_AFTER_FULL_REUSE,CDF7/CDF-HARSH,NO_LINEAGE_CREDIT,4,COMPLETE,NOT_COMPUTED_MISSING_EXECUTION_OBSERVATION,,0,60,0,60,60
r8c-3152-65a42255bbc95388,3152,E2_DYNAMIC_INCREMENTAL_AFTER_FULL_REUSE,CDF7/CDF-HARSH,CROSS_EVENT_WARM_START_ONLY,4,COMPLETE,NOT_COMPUTED_MISSING_EXECUTION_OBSERVATION,,0,60,0,60,60
r8c-3153-e473e497b7cb5fc7,3153,E2_DYNAMIC_INCREMENTAL_AFTER_FULL_REUSE,CDF7/CDF-HARSH,CROSS_EVENT_MEMORY_ONLY,4,COMPLETE,NOT_COMPUTED_MISSING_EXECUTION_OBSERVATION,,0,60,0,60,60
r8c-3154-5b666b6e3c5878f9,3154,E2_DYNAMIC_INCREMENTAL_AFTER_FULL_REUSE,CDF7/CDF-HARSH,SHADE_ONLY,4,COMPLETE,NOT_COMPUTED_MISSING_EXECUTION_OBSERVATION,,0,60,0,60,60
r8c-3155-fc7743b4e4991a35,3155,E2_DYNAMIC_INCREMENTAL_AFTER_FULL_REUSE,CDF7/CDF-MILD,NO_CROSS_EVENT_MEMORY,0,COMPLETE,NOT_COMPUTED_MISSING_EXECUTION_OBSERVATION,,0,60,0,60,60
r8c-3156-5582a594f45dc216,3156,E2_DYNAMIC_INCREMENTAL_AFTER_FULL_REUSE,CDF7/CDF-MILD,NO_REJECTION_CREDIT,0,COMPLETE,NOT_COMPUTED_MISSING_EXECUTION_OBSERVATION,,0,60,0,60,60
r8c-3157-a9561b283fa4e8c3,3157,E2_DYNAMIC_INCREMENTAL_AFTER_FULL_REUSE,CDF7/CDF-MILD,NO_MEMORY_RESET_GATE,0,COMPLETE,NOT_COMPUTED_MISSING_EXECUTION_OBSERVATION,,0,60,0,60,60
r8c-3158-2698142d16cdc151,3158,E2_DYNAMIC_INCREMENTAL_AFTER_FULL_REUSE,CDF7/CDF-MILD,NO_LINEAGE_CREDIT,0,COMPLETE,NOT_COMPUTED_MISSING_EXECUTION_OBSERVATION,,0,60,0,60,60
r8c-3159-3a290b149124fe87,3159,E2_DYNAMIC_INCREMENTAL_AFTER_FULL_REUSE,CDF7/CDF-MILD,CROSS_EVENT_WARM_START_ONLY,0,COMPLETE,NOT_COMPUTED_MISSING_EXECUTION_OBSERVATION,,0,60,0,60,60
r8c-3160-f6aa4383395eb109,3160,E2_DYNAMIC_INCREMENTAL_AFTER_FULL_REUSE,CDF7/CDF-MILD,CROSS_EVENT_MEMORY_ONLY,0,COMPLETE,NOT_COMPUTED_MISSING_EXECUTION_OBSERVATION,,0,60,0,60,60
r8c-3161-2a7209f7f3c05f68,3161,E2_DYNAMIC_INCREMENTAL_AFTER_FULL_REUSE,CDF7/CDF-MILD,SHADE_ONLY,0,COMPLETE,NOT_COMPUTED_MISSING_EXECUTION_OBSERVATION,,0,60,0,60,60
r8c-3162-64c9a5ebd61ceb9b,3162,E2_DYNAMIC_INCREMENTAL_AFTER_FULL_REUSE,CDF7/CDF-MILD,NO_CROSS_EVENT_MEMORY,1,COMPLETE,NOT_COMPUTED_MISSING_EXECUTION_OBSERVATION,,0,60,0,60,60
r8c-3163-c08d99b677d0c34c,3163,E2_DYNAMIC_INCREMENTAL_AFTER_FULL_REUSE,CDF7/CDF-MILD,NO_REJECTION_CREDIT,1,COMPLETE,NOT_COMPUTED_MISSING_EXECUTION_OBSERVATION,,0,60,0,60,60
r8c-3164-80fd21f7943f1bc5,3164,E2_DYNAMIC_INCREMENTAL_AFTER_FULL_REUSE,CDF7/CDF-MILD,NO_MEMORY_RESET_GATE,1,COMPLETE,NOT_COMPUTED_MISSING_EXECUTION_OBSERVATION,,0,60,0,60,60
r8c-3165-13c8712580ca1f8f,3165,E2_DYNAMIC_INCREMENTAL_AFTER_FULL_REUSE,CDF7/CDF-MILD,NO_LINEAGE_CREDIT,1,COMPLETE,NOT_COMPUTED_MISSING_EXECUTION_OBSERVATION,,0,60,0,60,60
r8c-3166-f81c6aff13bcc88d,3166,E2_DYNAMIC_INCREMENTAL_AFTER_FULL_REUSE,CDF7/CDF-MILD,CROSS_EVENT_WARM_START_ONLY,1,COMPLETE,NOT_COMPUTED_MISSING_EXECUTION_OBSERVATION,,0,60,0,60,60
r8c-3167-0848579228ca86f0,3167,E2_DYNAMIC_INCREMENTAL_AFTER_FULL_REUSE,CDF7/CDF-MILD,CROSS_EVENT_MEMORY_ONLY,1,COMPLETE,NOT_COMPUTED_MISSING_EXECUTION_OBSERVATION,,0,60,0,60,60
r8c-3168-92791eeeed63ff98,3168,E2_DYNAMIC_INCREMENTAL_AFTER_FULL_REUSE,CDF7/CDF-MILD,SHADE_ONLY,1,COMPLETE,NOT_COMPUTED_MISSING_EXECUTION_OBSERVATION,,0,60,0,60,60
r8c-3169-beee5614679ae200,3169,E2_DYNAMIC_INCREMENTAL_AFTER_FULL_REUSE,CDF7/CDF-MILD,NO_CROSS_EVENT_MEMORY,2,COMPLETE,NOT_COMPUTED_MISSING_EXECUTION_OBSERVATION,,0,60,0,60,60
r8c-3170-df3d90d914add57a,3170,E2_DYNAMIC_INCREMENTAL_AFTER_FULL_REUSE,CDF7/CDF-MILD,NO_REJECTION_CREDIT,2,COMPLETE,NOT_COMPUTED_MISSING_EXECUTION_OBSERVATION,,0,60,0,60,60
r8c-3171-20cd212cbe802cf6,3171,E2_DYNAMIC_INCREMENTAL_AFTER_FULL_REUSE,CDF7/CDF-MILD,NO_MEMORY_RESET_GATE,2,COMPLETE,NOT_COMPUTED_MISSING_EXECUTION_OBSERVATION,,0,60,0,60,60
r8c-3172-55a5de8004ecfd1d,3172,E2_DYNAMIC_INCREMENTAL_AFTER_FULL_REUSE,CDF7/CDF-MILD,NO_LINEAGE_CREDIT,2,COMPLETE,NOT_COMPUTED_MISSING_EXECUTION_OBSERVATION,,0,60,0,60,60
r8c-3173-eb13e5b0a400fa2a,3173,E2_DYNAMIC_INCREMENTAL_AFTER_FULL_REUSE,CDF7/CDF-MILD,CROSS_EVENT_WARM_START_ONLY,2,COMPLETE,NOT_COMPUTED_MISSING_EXECUTION_OBSERVATION,,0,60,0,60,60
r8c-3174-f324a8fc869cb0d8,3174,E2_DYNAMIC_INCREMENTAL_AFTER_FULL_REUSE,CDF7/CDF-MILD,CROSS_EVENT_MEMORY_ONLY,2,COMPLETE,NOT_COMPUTED_MISSING_EXECUTION_OBSERVATION,,0,60,0,60,60
r8c-3175-6f60e435fe02c6db,3175,E2_DYNAMIC_INCREMENTAL_AFTER_FULL_REUSE,CDF7/CDF-MILD,SHADE_ONLY,2,COMPLETE,NOT_COMPUTED_MISSING_EXECUTION_OBSERVATION,,0,60,0,60,60
r8c-3176-bfd48a15dec66e29,3176,E2_DYNAMIC_INCREMENTAL_AFTER_FULL_REUSE,CDF7/CDF-MILD,NO_CROSS_EVENT_MEMORY,3,COMPLETE,NOT_COMPUTED_MISSING_EXECUTION_OBSERVATION,,0,60,0,60,60
r8c-3177-8222f5188417f3af,3177,E2_DYNAMIC_INCREMENTAL_AFTER_FULL_REUSE,CDF7/CDF-MILD,NO_REJECTION_CREDIT,3,COMPLETE,NOT_COMPUTED_MISSING_EXECUTION_OBSERVATION,,0,60,0,60,60
r8c-3178-e6275b10f2d4f0c4,3178,E2_DYNAMIC_INCREMENTAL_AFTER_FULL_REUSE,CDF7/CDF-MILD,NO_MEMORY_RESET_GATE,3,COMPLETE,NOT_COMPUTED_MISSING_EXECUTION_OBSERVATION,,0,60,0,60,60
r8c-3179-239c37193319aa44,3179,E2_DYNAMIC_INCREMENTAL_AFTER_FULL_REUSE,CDF7/CDF-MILD,NO_LINEAGE_CREDIT,3,COMPLETE,NOT_COMPUTED_MISSING_EXECUTION_OBSERVATION,,0,60,0,60,60
r8c-3180-dc4aeb99efb2c54b,3180,E2_DYNAMIC_INCREMENTAL_AFTER_FULL_REUSE,CDF7/CDF-MILD,CROSS_EVENT_WARM_START_ONLY,3,COMPLETE,NOT_COMPUTED_MISSING_EXECUTION_OBSERVATION,,0,60,0,60,60
r8c-3181-a2982a419a056b06,3181,E2_DYNAMIC_INCREMENTAL_AFTER_FULL_REUSE,CDF7/CDF-MILD,CROSS_EVENT_MEMORY_ONLY,3,COMPLETE,NOT_COMPUTED_MISSING_EXECUTION_OBSERVATION,,0,60,0,60,60
r8c-3182-2a650931fecc902b,3182,E2_DYNAMIC_INCREMENTAL_AFTER_FULL_REUSE,CDF7/CDF-MILD,SHADE_ONLY,3,COMPLETE,NOT_COMPUTED_MISSING_EXECUTION_OBSERVATION,,0,60,0,60,60
r8c-3183-351ef172545c4d04,3183,E2_DYNAMIC_INCREMENTAL_AFTER_FULL_REUSE,CDF7/CDF-MILD,NO_CROSS_EVENT_MEMORY,4,COMPLETE,NOT_COMPUTED_MISSING_EXECUTION_OBSERVATION,,0,60,0,60,60
r8c-3184-bb9270b88a75e5b6,3184,E2_DYNAMIC_INCREMENTAL_AFTER_FULL_REUSE,CDF7/CDF-MILD,NO_REJECTION_CREDIT,4,COMPLETE,NOT_COMPUTED_MISSING_EXECUTION_OBSERVATION,,0,60,0,60,60
r8c-3185-abe2a997a210500b,3185,E2_DYNAMIC_INCREMENTAL_AFTER_FULL_REUSE,CDF7/CDF-MILD,NO_MEMORY_RESET_GATE,4,COMPLETE,NOT_COMPUTED_MISSING_EXECUTION_OBSERVATION,,0,60,0,60,60
r8c-3186-7682bf5ccada4db3,3186,E2_DYNAMIC_INCREMENTAL_AFTER_FULL_REUSE,CDF7/CDF-MILD,NO_LINEAGE_CREDIT,4,COMPLETE,NOT_COMPUTED_MISSING_EXECUTION_OBSERVATION,,0,60,0,60,60
r8c-3187-a70fb3926e7e75a6,3187,E2_DYNAMIC_INCREMENTAL_AFTER_FULL_REUSE,CDF7/CDF-MILD,CROSS_EVENT_WARM_START_ONLY,4,COMPLETE,NOT_COMPUTED_MISSING_EXECUTION_OBSERVATION,,0,60,0,60,60
r8c-3188-a62a47f6616fd3f2,3188,E2_DYNAMIC_INCREMENTAL_AFTER_FULL_REUSE,CDF7/CDF-MILD,CROSS_EVENT_MEMORY_ONLY,4,COMPLETE,NOT_COMPUTED_MISSING_EXECUTION_OBSERVATION,,0,60,0,60,60
r8c-3189-01ca34b09538ad48,3189,E2_DYNAMIC_INCREMENTAL_AFTER_FULL_REUSE,CDF7/CDF-MILD,SHADE_ONLY,4,COMPLETE,NOT_COMPUTED_MISSING_EXECUTION_OBSERVATION,,0,60,0,60,60
r8c-3190-645cba3a76157ee4,3190,E2_DYNAMIC_INCREMENTAL_AFTER_FULL_REUSE,CDF8/CDF-HARSH,NO_CROSS_EVENT_MEMORY,0,COMPLETE,NOT_COMPUTED_MISSING_EXECUTION_OBSERVATION,,0,60,0,60,60
r8c-3191-c79c3719aed3dbfe,3191,E2_DYNAMIC_INCREMENTAL_AFTER_FULL_REUSE,CDF8/CDF-HARSH,NO_REJECTION_CREDIT,0,COMPLETE,NOT_COMPUTED_MISSING_EXECUTION_OBSERVATION,,0,60,0,60,60
r8c-3192-0be8473d31f47301,3192,E2_DYNAMIC_INCREMENTAL_AFTER_FULL_REUSE,CDF8/CDF-HARSH,NO_MEMORY_RESET_GATE,0,COMPLETE,NOT_COMPUTED_MISSING_EXECUTION_OBSERVATION,,0,60,0,60,60
r8c-3193-057b939ab7e050a9,3193,E2_DYNAMIC_INCREMENTAL_AFTER_FULL_REUSE,CDF8/CDF-HARSH,NO_LINEAGE_CREDIT,0,COMPLETE,NOT_COMPUTED_MISSING_EXECUTION_OBSERVATION,,0,60,0,60,60
r8c-3194-06d4f1ebe088f52f,3194,E2_DYNAMIC_INCREMENTAL_AFTER_FULL_REUSE,CDF8/CDF-HARSH,CROSS_EVENT_WARM_START_ONLY,0,COMPLETE,NOT_COMPUTED_MISSING_EXECUTION_OBSERVATION,,0,60,0,60,60
r8c-3195-69d19606405a2ef5,3195,E2_DYNAMIC_INCREMENTAL_AFTER_FULL_REUSE,CDF8/CDF-HARSH,CROSS_EVENT_MEMORY_ONLY,0,COMPLETE,NOT_COMPUTED_MISSING_EXECUTION_OBSERVATION,,0,60,0,60,60
r8c-3196-f658631c219af544,3196,E2_DYNAMIC_INCREMENTAL_AFTER_FULL_REUSE,CDF8/CDF-HARSH,SHADE_ONLY,0,COMPLETE,NOT_COMPUTED_MISSING_EXECUTION_OBSERVATION,,0,60,0,60,60
r8c-3197-b434e8cd44986afd,3197,E2_DYNAMIC_INCREMENTAL_AFTER_FULL_REUSE,CDF8/CDF-HARSH,NO_CROSS_EVENT_MEMORY,1,COMPLETE,NOT_COMPUTED_MISSING_EXECUTION_OBSERVATION,,0,60,0,60,60
r8c-3198-fe1daf5aa0805794,3198,E2_DYNAMIC_INCREMENTAL_AFTER_FULL_REUSE,CDF8/CDF-HARSH,NO_REJECTION_CREDIT,1,COMPLETE,NOT_COMPUTED_MISSING_EXECUTION_OBSERVATION,,0,60,0,60,60
r8c-3199-69d7a3266760e69d,3199,E2_DYNAMIC_INCREMENTAL_AFTER_FULL_REUSE,CDF8/CDF-HARSH,NO_MEMORY_RESET_GATE,1,COMPLETE,NOT_COMPUTED_MISSING_EXECUTION_OBSERVATION,,0,60,0,60,60
r8c-3200-29c7a3ff8be2948b,3200,E2_DYNAMIC_INCREMENTAL_AFTER_FULL_REUSE,CDF8/CDF-HARSH,NO_LINEAGE_CREDIT,1,COMPLETE,NOT_COMPUTED_MISSING_EXECUTION_OBSERVATION,,0,60,0,60,60
r8c-3201-6d073e6237b32c25,3201,E2_DYNAMIC_INCREMENTAL_AFTER_FULL_REUSE,CDF8/CDF-HARSH,CROSS_EVENT_WARM_START_ONLY,1,COMPLETE,NOT_COMPUTED_MISSING_EXECUTION_OBSERVATION,,0,60,0,60,60
r8c-3202-83fda6e9e2538c24,3202,E2_DYNAMIC_INCREMENTAL_AFTER_FULL_REUSE,CDF8/CDF-HARSH,CROSS_EVENT_MEMORY_ONLY,1,COMPLETE,NOT_COMPUTED_MISSING_EXECUTION_OBSERVATION,,0,60,0,60,60
r8c-3203-49cd38e8e5a0d0e3,3203,E2_DYNAMIC_INCREMENTAL_AFTER_FULL_REUSE,CDF8/CDF-HARSH,SHADE_ONLY,1,COMPLETE,NOT_COMPUTED_MISSING_EXECUTION_OBSERVATION,,0,60,0,60,60
r8c-3204-5eb958b617dbdeaa,3204,E2_DYNAMIC_INCREMENTAL_AFTER_FULL_REUSE,CDF8/CDF-HARSH,NO_CROSS_EVENT_MEMORY,2,COMPLETE,NOT_COMPUTED_MISSING_EXECUTION_OBSERVATION,,0,60,0,60,60
r8c-3205-d74aa3c334039d3d,3205,E2_DYNAMIC_INCREMENTAL_AFTER_FULL_REUSE,CDF8/CDF-HARSH,NO_REJECTION_CREDIT,2,COMPLETE,NOT_COMPUTED_MISSING_EXECUTION_OBSERVATION,,0,60,0,60,60
r8c-3206-cb0ac68b0fbc4096,3206,E2_DYNAMIC_INCREMENTAL_AFTER_FULL_REUSE,CDF8/CDF-HARSH,NO_MEMORY_RESET_GATE,2,COMPLETE,NOT_COMPUTED_MISSING_EXECUTION_OBSERVATION,,0,60,0,60,60
r8c-3207-d69faed6ecce052d,3207,E2_DYNAMIC_INCREMENTAL_AFTER_FULL_REUSE,CDF8/CDF-HARSH,NO_LINEAGE_CREDIT,2,COMPLETE,NOT_COMPUTED_MISSING_EXECUTION_OBSERVATION,,0,60,0,60,60
r8c-3208-cd9e9b434a5d19a0,3208,E2_DYNAMIC_INCREMENTAL_AFTER_FULL_REUSE,CDF8/CDF-HARSH,CROSS_EVENT_WARM_START_ONLY,2,COMPLETE,NOT_COMPUTED_MISSING_EXECUTION_OBSERVATION,,0,60,0,60,60
r8c-3209-9b13da05da2e4d0e,3209,E2_DYNAMIC_INCREMENTAL_AFTER_FULL_REUSE,CDF8/CDF-HARSH,CROSS_EVENT_MEMORY_ONLY,2,COMPLETE,NOT_COMPUTED_MISSING_EXECUTION_OBSERVATION,,0,60,0,60,60
r8c-3210-dde47eaa1991348b,3210,E2_DYNAMIC_INCREMENTAL_AFTER_FULL_REUSE,CDF8/CDF-HARSH,SHADE_ONLY,2,COMPLETE,NOT_COMPUTED_MISSING_EXECUTION_OBSERVATION,,0,60,0,60,60
r8c-3211-52f286fc7905eae1,3211,E2_DYNAMIC_INCREMENTAL_AFTER_FULL_REUSE,CDF8/CDF-HARSH,NO_CROSS_EVENT_MEMORY,3,COMPLETE,NOT_COMPUTED_MISSING_EXECUTION_OBSERVATION,,0,60,0,60,60
r8c-3212-98bba1fa03aadcf8,3212,E2_DYNAMIC_INCREMENTAL_AFTER_FULL_REUSE,CDF8/CDF-HARSH,NO_REJECTION_CREDIT,3,COMPLETE,NOT_COMPUTED_MISSING_EXECUTION_OBSERVATION,,0,60,0,60,60
r8c-3213-57f150531c58d664,3213,E2_DYNAMIC_INCREMENTAL_AFTER_FULL_REUSE,CDF8/CDF-HARSH,NO_MEMORY_RESET_GATE,3,COMPLETE,NOT_COMPUTED_MISSING_EXECUTION_OBSERVATION,,0,60,0,60,60
r8c-3214-e08bb2970f996651,3214,E2_DYNAMIC_INCREMENTAL_AFTER_FULL_REUSE,CDF8/CDF-HARSH,NO_LINEAGE_CREDIT,3,COMPLETE,NOT_COMPUTED_MISSING_EXECUTION_OBSERVATION,,0,60,0,60,60
r8c-3215-60a1bb6c74ced668,3215,E2_DYNAMIC_INCREMENTAL_AFTER_FULL_REUSE,CDF8/CDF-HARSH,CROSS_EVENT_WARM_START_ONLY,3,COMPLETE,NOT_COMPUTED_MISSING_EXECUTION_OBSERVATION,,0,60,0,60,60
r8c-3216-e71a6e50c77d1d1d,3216,E2_DYNAMIC_INCREMENTAL_AFTER_FULL_REUSE,CDF8/CDF-HARSH,CROSS_EVENT_MEMORY_ONLY,3,COMPLETE,NOT_COMPUTED_MISSING_EXECUTION_OBSERVATION,,0,60,0,60,60
r8c-3217-cf743da5fa980bb2,3217,E2_DYNAMIC_INCREMENTAL_AFTER_FULL_REUSE,CDF8/CDF-HARSH,SHADE_ONLY,3,COMPLETE,NOT_COMPUTED_MISSING_EXECUTION_OBSERVATION,,0,60,0,60,60
r8c-3218-b5a49f64b57d4845,3218,E2_DYNAMIC_INCREMENTAL_AFTER_FULL_REUSE,CDF8/CDF-HARSH,NO_CROSS_EVENT_MEMORY,4,COMPLETE,NOT_COMPUTED_MISSING_EXECUTION_OBSERVATION,,0,60,0,60,60
r8c-3219-76de5b6a7b59bb2a,3219,E2_DYNAMIC_INCREMENTAL_AFTER_FULL_REUSE,CDF8/CDF-HARSH,NO_REJECTION_CREDIT,4,COMPLETE,NOT_COMPUTED_MISSING_EXECUTION_OBSERVATION,,0,60,0,60,60
r8c-3220-dcb8741707bcb87e,3220,E2_DYNAMIC_INCREMENTAL_AFTER_FULL_REUSE,CDF8/CDF-HARSH,NO_MEMORY_RESET_GATE,4,COMPLETE,NOT_COMPUTED_MISSING_EXECUTION_OBSERVATION,,0,60,0,60,60
r8c-3221-c93729b88a2da60e,3221,E2_DYNAMIC_INCREMENTAL_AFTER_FULL_REUSE,CDF8/CDF-HARSH,NO_LINEAGE_CREDIT,4,COMPLETE,NOT_COMPUTED_MISSING_EXECUTION_OBSERVATION,,0,60,0,60,60
r8c-3222-5179e9659f30ecf6,3222,E2_DYNAMIC_INCREMENTAL_AFTER_FULL_REUSE,CDF8/CDF-HARSH,CROSS_EVENT_WARM_START_ONLY,4,COMPLETE,NOT_COMPUTED_MISSING_EXECUTION_OBSERVATION,,0,60,0,60,60
r8c-3223-0e33120d68f8cbb2,3223,E2_DYNAMIC_INCREMENTAL_AFTER_FULL_REUSE,CDF8/CDF-HARSH,CROSS_EVENT_MEMORY_ONLY,4,COMPLETE,NOT_COMPUTED_MISSING_EXECUTION_OBSERVATION,,0,60,0,60,60
r8c-3224-3ec4610eb50bbdb1,3224,E2_DYNAMIC_INCREMENTAL_AFTER_FULL_REUSE,CDF8/CDF-HARSH,SHADE_ONLY,4,COMPLETE,NOT_COMPUTED_MISSING_EXECUTION_OBSERVATION,,0,60,0,60,60
r8c-3225-564ea2da05c6baf9,3225,E2_DYNAMIC_INCREMENTAL_AFTER_FULL_REUSE,CDF8/CDF-MILD,NO_CROSS_EVENT_MEMORY,0,COMPLETE,NOT_COMPUTED_MISSING_EXECUTION_OBSERVATION,,0,60,0,60,60
r8c-3226-5f1960ead4d46bac,3226,E2_DYNAMIC_INCREMENTAL_AFTER_FULL_REUSE,CDF8/CDF-MILD,NO_REJECTION_CREDIT,0,COMPLETE,NOT_COMPUTED_MISSING_EXECUTION_OBSERVATION,,0,60,0,60,60
r8c-3227-c08034fb335b39db,3227,E2_DYNAMIC_INCREMENTAL_AFTER_FULL_REUSE,CDF8/CDF-MILD,NO_MEMORY_RESET_GATE,0,COMPLETE,NOT_COMPUTED_MISSING_EXECUTION_OBSERVATION,,0,60,0,60,60
r8c-3228-7f6e4ebca2c27f93,3228,E2_DYNAMIC_INCREMENTAL_AFTER_FULL_REUSE,CDF8/CDF-MILD,NO_LINEAGE_CREDIT,0,COMPLETE,NOT_COMPUTED_MISSING_EXECUTION_OBSERVATION,,0,60,0,60,60
r8c-3229-b98e134525759661,3229,E2_DYNAMIC_INCREMENTAL_AFTER_FULL_REUSE,CDF8/CDF-MILD,CROSS_EVENT_WARM_START_ONLY,0,COMPLETE,NOT_COMPUTED_MISSING_EXECUTION_OBSERVATION,,0,60,0,60,60
r8c-3230-1362383decb7e1f8,3230,E2_DYNAMIC_INCREMENTAL_AFTER_FULL_REUSE,CDF8/CDF-MILD,CROSS_EVENT_MEMORY_ONLY,0,COMPLETE,NOT_COMPUTED_MISSING_EXECUTION_OBSERVATION,,0,60,0,60,60
r8c-3231-c55dc7eff52aa0a2,3231,E2_DYNAMIC_INCREMENTAL_AFTER_FULL_REUSE,CDF8/CDF-MILD,SHADE_ONLY,0,COMPLETE,NOT_COMPUTED_MISSING_EXECUTION_OBSERVATION,,0,60,0,60,60
r8c-3232-15bb14c04452acfd,3232,E2_DYNAMIC_INCREMENTAL_AFTER_FULL_REUSE,CDF8/CDF-MILD,NO_CROSS_EVENT_MEMORY,1,COMPLETE,NOT_COMPUTED_MISSING_EXECUTION_OBSERVATION,,0,60,0,60,60
r8c-3233-89eaaaaa7bafd79b,3233,E2_DYNAMIC_INCREMENTAL_AFTER_FULL_REUSE,CDF8/CDF-MILD,NO_REJECTION_CREDIT,1,COMPLETE,NOT_COMPUTED_MISSING_EXECUTION_OBSERVATION,,0,60,0,60,60
r8c-3234-936e134d3bfa9701,3234,E2_DYNAMIC_INCREMENTAL_AFTER_FULL_REUSE,CDF8/CDF-MILD,NO_MEMORY_RESET_GATE,1,COMPLETE,NOT_COMPUTED_MISSING_EXECUTION_OBSERVATION,,0,60,0,60,60
r8c-3235-640fa59e2a93f971,3235,E2_DYNAMIC_INCREMENTAL_AFTER_FULL_REUSE,CDF8/CDF-MILD,NO_LINEAGE_CREDIT,1,COMPLETE,NOT_COMPUTED_MISSING_EXECUTION_OBSERVATION,,0,60,0,60,60
r8c-3236-aad7b07eb923b19d,3236,E2_DYNAMIC_INCREMENTAL_AFTER_FULL_REUSE,CDF8/CDF-MILD,CROSS_EVENT_WARM_START_ONLY,1,COMPLETE,NOT_COMPUTED_MISSING_EXECUTION_OBSERVATION,,0,60,0,60,60
r8c-3237-b85f5682ca6a8c77,3237,E2_DYNAMIC_INCREMENTAL_AFTER_FULL_REUSE,CDF8/CDF-MILD,CROSS_EVENT_MEMORY_ONLY,1,COMPLETE,NOT_COMPUTED_MISSING_EXECUTION_OBSERVATION,,0,60,0,60,60
r8c-3238-4869136cebff6a84,3238,E2_DYNAMIC_INCREMENTAL_AFTER_FULL_REUSE,CDF8/CDF-MILD,SHADE_ONLY,1,COMPLETE,NOT_COMPUTED_MISSING_EXECUTION_OBSERVATION,,0,60,0,60,60
r8c-3239-a014d1fc52e8ee5f,3239,E2_DYNAMIC_INCREMENTAL_AFTER_FULL_REUSE,CDF8/CDF-MILD,NO_CROSS_EVENT_MEMORY,2,COMPLETE,NOT_COMPUTED_MISSING_EXECUTION_OBSERVATION,,0,60,0,60,60
r8c-3240-e6b8e6a64911dc0f,3240,E2_DYNAMIC_INCREMENTAL_AFTER_FULL_REUSE,CDF8/CDF-MILD,NO_REJECTION_CREDIT,2,COMPLETE,NOT_COMPUTED_MISSING_EXECUTION_OBSERVATION,,0,60,0,60,60
r8c-3241-2e5af1f0ddbedfef,3241,E2_DYNAMIC_INCREMENTAL_AFTER_FULL_REUSE,CDF8/CDF-MILD,NO_MEMORY_RESET_GATE,2,COMPLETE,NOT_COMPUTED_MISSING_EXECUTION_OBSERVATION,,0,60,0,60,60
r8c-3242-47d043983ba1acc6,3242,E2_DYNAMIC_INCREMENTAL_AFTER_FULL_REUSE,CDF8/CDF-MILD,NO_LINEAGE_CREDIT,2,COMPLETE,NOT_COMPUTED_MISSING_EXECUTION_OBSERVATION,,0,60,0,60,60
r8c-3243-b2d367ced2b4f50b,3243,E2_DYNAMIC_INCREMENTAL_AFTER_FULL_REUSE,CDF8/CDF-MILD,CROSS_EVENT_WARM_START_ONLY,2,COMPLETE,NOT_COMPUTED_MISSING_EXECUTION_OBSERVATION,,0,60,0,60,60
r8c-3244-916fccf6bc2905a6,3244,E2_DYNAMIC_INCREMENTAL_AFTER_FULL_REUSE,CDF8/CDF-MILD,CROSS_EVENT_MEMORY_ONLY,2,COMPLETE,NOT_COMPUTED_MISSING_EXECUTION_OBSERVATION,,0,60,0,60,60
r8c-3245-8396fb6e6540824e,3245,E2_DYNAMIC_INCREMENTAL_AFTER_FULL_REUSE,CDF8/CDF-MILD,SHADE_ONLY,2,COMPLETE,NOT_COMPUTED_MISSING_EXECUTION_OBSERVATION,,0,60,0,60,60
r8c-3246-d545f877cfb0fbf6,3246,E2_DYNAMIC_INCREMENTAL_AFTER_FULL_REUSE,CDF8/CDF-MILD,NO_CROSS_EVENT_MEMORY,3,COMPLETE,NOT_COMPUTED_MISSING_EXECUTION_OBSERVATION,,0,60,0,60,60
r8c-3247-ceec38197e2fab87,3247,E2_DYNAMIC_INCREMENTAL_AFTER_FULL_REUSE,CDF8/CDF-MILD,NO_REJECTION_CREDIT,3,COMPLETE,NOT_COMPUTED_MISSING_EXECUTION_OBSERVATION,,0,60,0,60,60
r8c-3248-24f86273a6c7104b,3248,E2_DYNAMIC_INCREMENTAL_AFTER_FULL_REUSE,CDF8/CDF-MILD,NO_MEMORY_RESET_GATE,3,COMPLETE,NOT_COMPUTED_MISSING_EXECUTION_OBSERVATION,,0,60,0,60,60
r8c-3249-34e3bfb82de6339d,3249,E2_DYNAMIC_INCREMENTAL_AFTER_FULL_REUSE,CDF8/CDF-MILD,NO_LINEAGE_CREDIT,3,COMPLETE,NOT_COMPUTED_MISSING_EXECUTION_OBSERVATION,,0,60,0,60,60
r8c-3250-28551154dbf681b0,3250,E2_DYNAMIC_INCREMENTAL_AFTER_FULL_REUSE,CDF8/CDF-MILD,CROSS_EVENT_WARM_START_ONLY,3,COMPLETE,NOT_COMPUTED_MISSING_EXECUTION_OBSERVATION,,0,60,0,60,60
r8c-3251-dfd7aceb49e55324,3251,E2_DYNAMIC_INCREMENTAL_AFTER_FULL_REUSE,CDF8/CDF-MILD,CROSS_EVENT_MEMORY_ONLY,3,COMPLETE,NOT_COMPUTED_MISSING_EXECUTION_OBSERVATION,,0,60,0,60,60
r8c-3252-b7d0f11480e8ea56,3252,E2_DYNAMIC_INCREMENTAL_AFTER_FULL_REUSE,CDF8/CDF-MILD,SHADE_ONLY,3,COMPLETE,NOT_COMPUTED_MISSING_EXECUTION_OBSERVATION,,0,60,0,60,60
r8c-3253-e6cbed28ce3963e3,3253,E2_DYNAMIC_INCREMENTAL_AFTER_FULL_REUSE,CDF8/CDF-MILD,NO_CROSS_EVENT_MEMORY,4,COMPLETE,NOT_COMPUTED_MISSING_EXECUTION_OBSERVATION,,0,60,0,60,60
r8c-3254-321ab9eec8963f1c,3254,E2_DYNAMIC_INCREMENTAL_AFTER_FULL_REUSE,CDF8/CDF-MILD,NO_REJECTION_CREDIT,4,COMPLETE,NOT_COMPUTED_MISSING_EXECUTION_OBSERVATION,,0,60,0,60,60
r8c-3255-3f254dec5290ca23,3255,E2_DYNAMIC_INCREMENTAL_AFTER_FULL_REUSE,CDF8/CDF-MILD,NO_MEMORY_RESET_GATE,4,COMPLETE,NOT_COMPUTED_MISSING_EXECUTION_OBSERVATION,,0,60,0,60,60
r8c-3256-2295f9913f2e78f3,3256,E2_DYNAMIC_INCREMENTAL_AFTER_FULL_REUSE,CDF8/CDF-MILD,NO_LINEAGE_CREDIT,4,COMPLETE,NOT_COMPUTED_MISSING_EXECUTION_OBSERVATION,,0,60,0,60,60
r8c-3257-da869f42f7a66492,3257,E2_DYNAMIC_INCREMENTAL_AFTER_FULL_REUSE,CDF8/CDF-MILD,CROSS_EVENT_WARM_START_ONLY,4,COMPLETE,NOT_COMPUTED_MISSING_EXECUTION_OBSERVATION,,0,60,0,60,60
r8c-3258-eebbe914e9d6162e,3258,E2_DYNAMIC_INCREMENTAL_AFTER_FULL_REUSE,CDF8/CDF-MILD,CROSS_EVENT_MEMORY_ONLY,4,COMPLETE,NOT_COMPUTED_MISSING_EXECUTION_OBSERVATION,,0,60,0,60,60
r8c-3259-553311f71a6fd547,3259,E2_DYNAMIC_INCREMENTAL_AFTER_FULL_REUSE,CDF8/CDF-MILD,SHADE_ONLY,4,COMPLETE,NOT_COMPUTED_MISSING_EXECUTION_OBSERVATION,,0,60,0,60,60
r8c-3260-bf99ccd6820020d8,3260,E2_DYNAMIC_INCREMENTAL_AFTER_FULL_REUSE,CDF9/CDF-HARSH,NO_CROSS_EVENT_MEMORY,0,COMPLETE,NOT_COMPUTED_MISSING_EXECUTION_OBSERVATION,,0,60,0,60,60
r8c-3261-359ebdebf755ee50,3261,E2_DYNAMIC_INCREMENTAL_AFTER_FULL_REUSE,CDF9/CDF-HARSH,NO_REJECTION_CREDIT,0,COMPLETE,NOT_COMPUTED_MISSING_EXECUTION_OBSERVATION,,0,60,0,60,60
r8c-3262-77ad86b5fb1f30af,3262,E2_DYNAMIC_INCREMENTAL_AFTER_FULL_REUSE,CDF9/CDF-HARSH,NO_MEMORY_RESET_GATE,0,COMPLETE,NOT_COMPUTED_MISSING_EXECUTION_OBSERVATION,,0,60,0,60,60
r8c-3263-70a40d6f85163d52,3263,E2_DYNAMIC_INCREMENTAL_AFTER_FULL_REUSE,CDF9/CDF-HARSH,NO_LINEAGE_CREDIT,0,COMPLETE,NOT_COMPUTED_MISSING_EXECUTION_OBSERVATION,,0,60,0,60,60
r8c-3264-69ec0af55e0694d3,3264,E2_DYNAMIC_INCREMENTAL_AFTER_FULL_REUSE,CDF9/CDF-HARSH,CROSS_EVENT_WARM_START_ONLY,0,COMPLETE,NOT_COMPUTED_MISSING_EXECUTION_OBSERVATION,,0,60,0,60,60
r8c-3265-f3a120f59ee8c0fc,3265,E2_DYNAMIC_INCREMENTAL_AFTER_FULL_REUSE,CDF9/CDF-HARSH,CROSS_EVENT_MEMORY_ONLY,0,COMPLETE,NOT_COMPUTED_MISSING_EXECUTION_OBSERVATION,,0,60,0,60,60
r8c-3266-679a87b06d2e4c17,3266,E2_DYNAMIC_INCREMENTAL_AFTER_FULL_REUSE,CDF9/CDF-HARSH,SHADE_ONLY,0,COMPLETE,NOT_COMPUTED_MISSING_EXECUTION_OBSERVATION,,0,60,0,60,60
r8c-3267-a9846fc9407e973a,3267,E2_DYNAMIC_INCREMENTAL_AFTER_FULL_REUSE,CDF9/CDF-HARSH,NO_CROSS_EVENT_MEMORY,1,COMPLETE,NOT_COMPUTED_MISSING_EXECUTION_OBSERVATION,,0,60,0,60,60
r8c-3268-190da0eb74daabaf,3268,E2_DYNAMIC_INCREMENTAL_AFTER_FULL_REUSE,CDF9/CDF-HARSH,NO_REJECTION_CREDIT,1,COMPLETE,NOT_COMPUTED_MISSING_EXECUTION_OBSERVATION,,0,60,0,60,60
r8c-3269-485e79ac97072c30,3269,E2_DYNAMIC_INCREMENTAL_AFTER_FULL_REUSE,CDF9/CDF-HARSH,NO_MEMORY_RESET_GATE,1,COMPLETE,NOT_COMPUTED_MISSING_EXECUTION_OBSERVATION,,0,60,0,60,60
r8c-3270-681feaa1209501c6,3270,E2_DYNAMIC_INCREMENTAL_AFTER_FULL_REUSE,CDF9/CDF-HARSH,NO_LINEAGE_CREDIT,1,COMPLETE,NOT_COMPUTED_MISSING_EXECUTION_OBSERVATION,,0,60,0,60,60
r8c-3271-88f143a77a0559db,3271,E2_DYNAMIC_INCREMENTAL_AFTER_FULL_REUSE,CDF9/CDF-HARSH,CROSS_EVENT_WARM_START_ONLY,1,COMPLETE,NOT_COMPUTED_MISSING_EXECUTION_OBSERVATION,,0,60,0,60,60
r8c-3272-a4ee99df573c2a43,3272,E2_DYNAMIC_INCREMENTAL_AFTER_FULL_REUSE,CDF9/CDF-HARSH,CROSS_EVENT_MEMORY_ONLY,1,COMPLETE,NOT_COMPUTED_MISSING_EXECUTION_OBSERVATION,,0,60,0,60,60
r8c-3273-41f84218f2e93975,3273,E2_DYNAMIC_INCREMENTAL_AFTER_FULL_REUSE,CDF9/CDF-HARSH,SHADE_ONLY,1,COMPLETE,NOT_COMPUTED_MISSING_EXECUTION_OBSERVATION,,0,60,0,60,60
r8c-3274-bc2079a084629b29,3274,E2_DYNAMIC_INCREMENTAL_AFTER_FULL_REUSE,CDF9/CDF-HARSH,NO_CROSS_EVENT_MEMORY,2,COMPLETE,NOT_COMPUTED_MISSING_EXECUTION_OBSERVATION,,0,60,0,60,60
r8c-3275-c0d2954f13007301,3275,E2_DYNAMIC_INCREMENTAL_AFTER_FULL_REUSE,CDF9/CDF-HARSH,NO_REJECTION_CREDIT,2,COMPLETE,NOT_COMPUTED_MISSING_EXECUTION_OBSERVATION,,0,60,0,60,60
r8c-3276-f6493a9a3625fa66,3276,E2_DYNAMIC_INCREMENTAL_AFTER_FULL_REUSE,CDF9/CDF-HARSH,NO_MEMORY_RESET_GATE,2,COMPLETE,NOT_COMPUTED_MISSING_EXECUTION_OBSERVATION,,0,60,0,60,60
r8c-3277-997394b794aebd3b,3277,E2_DYNAMIC_INCREMENTAL_AFTER_FULL_REUSE,CDF9/CDF-HARSH,NO_LINEAGE_CREDIT,2,COMPLETE,NOT_COMPUTED_MISSING_EXECUTION_OBSERVATION,,0,60,0,60,60
r8c-3278-f8cf08d568eb4ca6,3278,E2_DYNAMIC_INCREMENTAL_AFTER_FULL_REUSE,CDF9/CDF-HARSH,CROSS_EVENT_WARM_START_ONLY,2,COMPLETE,NOT_COMPUTED_MISSING_EXECUTION_OBSERVATION,,0,60,0,60,60
r8c-3279-316d2d5d5e8c08a1,3279,E2_DYNAMIC_INCREMENTAL_AFTER_FULL_REUSE,CDF9/CDF-HARSH,CROSS_EVENT_MEMORY_ONLY,2,COMPLETE,NOT_COMPUTED_MISSING_EXECUTION_OBSERVATION,,0,60,0,60,60
r8c-3280-8daf324f73e7dc03,3280,E2_DYNAMIC_INCREMENTAL_AFTER_FULL_REUSE,CDF9/CDF-HARSH,SHADE_ONLY,2,COMPLETE,NOT_COMPUTED_MISSING_EXECUTION_OBSERVATION,,0,60,0,60,60
r8c-3281-610c99cd50fd83e9,3281,E2_DYNAMIC_INCREMENTAL_AFTER_FULL_REUSE,CDF9/CDF-HARSH,NO_CROSS_EVENT_MEMORY,3,COMPLETE,NOT_COMPUTED_MISSING_EXECUTION_OBSERVATION,,0,60,0,60,60
r8c-3282-c2305a2b787a9964,3282,E2_DYNAMIC_INCREMENTAL_AFTER_FULL_REUSE,CDF9/CDF-HARSH,NO_REJECTION_CREDIT,3,COMPLETE,NOT_COMPUTED_MISSING_EXECUTION_OBSERVATION,,0,60,0,60,60
r8c-3283-13caa8e0f28c3347,3283,E2_DYNAMIC_INCREMENTAL_AFTER_FULL_REUSE,CDF9/CDF-HARSH,NO_MEMORY_RESET_GATE,3,COMPLETE,NOT_COMPUTED_MISSING_EXECUTION_OBSERVATION,,0,60,0,60,60
r8c-3284-f22719c5b59678e3,3284,E2_DYNAMIC_INCREMENTAL_AFTER_FULL_REUSE,CDF9/CDF-HARSH,NO_LINEAGE_CREDIT,3,COMPLETE,NOT_COMPUTED_MISSING_EXECUTION_OBSERVATION,,0,60,0,60,60
r8c-3285-c8ea4dca3b4378f4,3285,E2_DYNAMIC_INCREMENTAL_AFTER_FULL_REUSE,CDF9/CDF-HARSH,CROSS_EVENT_WARM_START_ONLY,3,COMPLETE,NOT_COMPUTED_MISSING_EXECUTION_OBSERVATION,,0,60,0,60,60
r8c-3286-deba88fc99efe0e5,3286,E2_DYNAMIC_INCREMENTAL_AFTER_FULL_REUSE,CDF9/CDF-HARSH,CROSS_EVENT_MEMORY_ONLY,3,COMPLETE,NOT_COMPUTED_MISSING_EXECUTION_OBSERVATION,,0,60,0,60,60
r8c-3287-491527da6df45723,3287,E2_DYNAMIC_INCREMENTAL_AFTER_FULL_REUSE,CDF9/CDF-HARSH,SHADE_ONLY,3,COMPLETE,NOT_COMPUTED_MISSING_EXECUTION_OBSERVATION,,0,60,0,60,60
r8c-3288-e194317253d73ac5,3288,E2_DYNAMIC_INCREMENTAL_AFTER_FULL_REUSE,CDF9/CDF-HARSH,NO_CROSS_EVENT_MEMORY,4,COMPLETE,NOT_COMPUTED_MISSING_EXECUTION_OBSERVATION,,0,60,0,60,60
r8c-3289-f1da367eb0341128,3289,E2_DYNAMIC_INCREMENTAL_AFTER_FULL_REUSE,CDF9/CDF-HARSH,NO_REJECTION_CREDIT,4,COMPLETE,NOT_COMPUTED_MISSING_EXECUTION_OBSERVATION,,0,60,0,60,60
r8c-3290-e27d39bce08086dd,3290,E2_DYNAMIC_INCREMENTAL_AFTER_FULL_REUSE,CDF9/CDF-HARSH,NO_MEMORY_RESET_GATE,4,COMPLETE,NOT_COMPUTED_MISSING_EXECUTION_OBSERVATION,,0,60,0,60,60
r8c-3291-0406926877bfe73c,3291,E2_DYNAMIC_INCREMENTAL_AFTER_FULL_REUSE,CDF9/CDF-HARSH,NO_LINEAGE_CREDIT,4,COMPLETE,NOT_COMPUTED_MISSING_EXECUTION_OBSERVATION,,0,60,0,60,60
r8c-3292-1473385acd2e6d56,3292,E2_DYNAMIC_INCREMENTAL_AFTER_FULL_REUSE,CDF9/CDF-HARSH,CROSS_EVENT_WARM_START_ONLY,4,COMPLETE,NOT_COMPUTED_MISSING_EXECUTION_OBSERVATION,,0,60,0,60,60
r8c-3293-83db6004b3bf5b1c,3293,E2_DYNAMIC_INCREMENTAL_AFTER_FULL_REUSE,CDF9/CDF-HARSH,CROSS_EVENT_MEMORY_ONLY,4,COMPLETE,NOT_COMPUTED_MISSING_EXECUTION_OBSERVATION,,0,60,0,60,60
r8c-3294-549d33b11ca12f1d,3294,E2_DYNAMIC_INCREMENTAL_AFTER_FULL_REUSE,CDF9/CDF-HARSH,SHADE_ONLY,4,COMPLETE,NOT_COMPUTED_MISSING_EXECUTION_OBSERVATION,,0,60,0,60,60
r8c-3295-e90147ffbec5d91c,3295,E2_DYNAMIC_INCREMENTAL_AFTER_FULL_REUSE,CDF9/CDF-MILD,NO_CROSS_EVENT_MEMORY,0,COMPLETE,NOT_COMPUTED_MISSING_EXECUTION_OBSERVATION,,0,60,0,60,60
r8c-3296-0b3b3287aa3555bb,3296,E2_DYNAMIC_INCREMENTAL_AFTER_FULL_REUSE,CDF9/CDF-MILD,NO_REJECTION_CREDIT,0,COMPLETE,NOT_COMPUTED_MISSING_EXECUTION_OBSERVATION,,0,60,0,60,60
r8c-3297-825f0db539d58ef3,3297,E2_DYNAMIC_INCREMENTAL_AFTER_FULL_REUSE,CDF9/CDF-MILD,NO_MEMORY_RESET_GATE,0,COMPLETE,NOT_COMPUTED_MISSING_EXECUTION_OBSERVATION,,0,60,0,60,60
r8c-3298-0fe65157ed8c541a,3298,E2_DYNAMIC_INCREMENTAL_AFTER_FULL_REUSE,CDF9/CDF-MILD,NO_LINEAGE_CREDIT,0,COMPLETE,NOT_COMPUTED_MISSING_EXECUTION_OBSERVATION,,0,60,0,60,60
r8c-3299-1ebd1f07f3f79035,3299,E2_DYNAMIC_INCREMENTAL_AFTER_FULL_REUSE,CDF9/CDF-MILD,CROSS_EVENT_WARM_START_ONLY,0,COMPLETE,NOT_COMPUTED_MISSING_EXECUTION_OBSERVATION,,0,60,0,60,60
r8c-3300-ec11375cc36edc38,3300,E2_DYNAMIC_INCREMENTAL_AFTER_FULL_REUSE,CDF9/CDF-MILD,CROSS_EVENT_MEMORY_ONLY,0,COMPLETE,NOT_COMPUTED_MISSING_EXECUTION_OBSERVATION,,0,60,0,60,60
r8c-3301-8449f00c6c737ad3,3301,E2_DYNAMIC_INCREMENTAL_AFTER_FULL_REUSE,CDF9/CDF-MILD,SHADE_ONLY,0,COMPLETE,NOT_COMPUTED_MISSING_EXECUTION_OBSERVATION,,0,60,0,60,60
r8c-3302-7d26d9d94a7848bf,3302,E2_DYNAMIC_INCREMENTAL_AFTER_FULL_REUSE,CDF9/CDF-MILD,NO_CROSS_EVENT_MEMORY,1,COMPLETE,NOT_COMPUTED_MISSING_EXECUTION_OBSERVATION,,0,60,0,60,60
r8c-3303-da8263236556793d,3303,E2_DYNAMIC_INCREMENTAL_AFTER_FULL_REUSE,CDF9/CDF-MILD,NO_REJECTION_CREDIT,1,COMPLETE,NOT_COMPUTED_MISSING_EXECUTION_OBSERVATION,,0,60,0,60,60
r8c-3304-e1259892fda8028b,3304,E2_DYNAMIC_INCREMENTAL_AFTER_FULL_REUSE,CDF9/CDF-MILD,NO_MEMORY_RESET_GATE,1,COMPLETE,NOT_COMPUTED_MISSING_EXECUTION_OBSERVATION,,0,60,0,60,60
r8c-3305-f925576b226968da,3305,E2_DYNAMIC_INCREMENTAL_AFTER_FULL_REUSE,CDF9/CDF-MILD,NO_LINEAGE_CREDIT,1,COMPLETE,NOT_COMPUTED_MISSING_EXECUTION_OBSERVATION,,0,60,0,60,60
r8c-3306-29202e483e417a46,3306,E2_DYNAMIC_INCREMENTAL_AFTER_FULL_REUSE,CDF9/CDF-MILD,CROSS_EVENT_WARM_START_ONLY,1,COMPLETE,NOT_COMPUTED_MISSING_EXECUTION_OBSERVATION,,0,60,0,60,60
r8c-3307-03d599dd8574f98f,3307,E2_DYNAMIC_INCREMENTAL_AFTER_FULL_REUSE,CDF9/CDF-MILD,CROSS_EVENT_MEMORY_ONLY,1,COMPLETE,NOT_COMPUTED_MISSING_EXECUTION_OBSERVATION,,0,60,0,60,60
r8c-3308-12ee6325796c727f,3308,E2_DYNAMIC_INCREMENTAL_AFTER_FULL_REUSE,CDF9/CDF-MILD,SHADE_ONLY,1,COMPLETE,NOT_COMPUTED_MISSING_EXECUTION_OBSERVATION,,0,60,0,60,60
r8c-3309-720c8f2f3fc86056,3309,E2_DYNAMIC_INCREMENTAL_AFTER_FULL_REUSE,CDF9/CDF-MILD,NO_CROSS_EVENT_MEMORY,2,COMPLETE,NOT_COMPUTED_MISSING_EXECUTION_OBSERVATION,,0,60,0,60,60
r8c-3310-66a77a7cdbaa0257,3310,E2_DYNAMIC_INCREMENTAL_AFTER_FULL_REUSE,CDF9/CDF-MILD,NO_REJECTION_CREDIT,2,COMPLETE,NOT_COMPUTED_MISSING_EXECUTION_OBSERVATION,,0,60,0,60,60
r8c-3311-f24b75eae3bd10e0,3311,E2_DYNAMIC_INCREMENTAL_AFTER_FULL_REUSE,CDF9/CDF-MILD,NO_MEMORY_RESET_GATE,2,COMPLETE,NOT_COMPUTED_MISSING_EXECUTION_OBSERVATION,,0,60,0,60,60
r8c-3312-fec93d21ab76d671,3312,E2_DYNAMIC_INCREMENTAL_AFTER_FULL_REUSE,CDF9/CDF-MILD,NO_LINEAGE_CREDIT,2,COMPLETE,NOT_COMPUTED_MISSING_EXECUTION_OBSERVATION,,0,60,0,60,60
r8c-3313-c9a962c02df4ac32,3313,E2_DYNAMIC_INCREMENTAL_AFTER_FULL_REUSE,CDF9/CDF-MILD,CROSS_EVENT_WARM_START_ONLY,2,COMPLETE,NOT_COMPUTED_MISSING_EXECUTION_OBSERVATION,,0,60,0,60,60
r8c-3314-5a14aaa4f37767bb,3314,E2_DYNAMIC_INCREMENTAL_AFTER_FULL_REUSE,CDF9/CDF-MILD,CROSS_EVENT_MEMORY_ONLY,2,COMPLETE,NOT_COMPUTED_MISSING_EXECUTION_OBSERVATION,,0,60,0,60,60
r8c-3315-0d876a7477db85ed,3315,E2_DYNAMIC_INCREMENTAL_AFTER_FULL_REUSE,CDF9/CDF-MILD,SHADE_ONLY,2,COMPLETE,NOT_COMPUTED_MISSING_EXECUTION_OBSERVATION,,0,60,0,60,60
r8c-3316-905173d90915a3d8,3316,E2_DYNAMIC_INCREMENTAL_AFTER_FULL_REUSE,CDF9/CDF-MILD,NO_CROSS_EVENT_MEMORY,3,COMPLETE,NOT_COMPUTED_MISSING_EXECUTION_OBSERVATION,,0,60,0,60,60
r8c-3317-eebf6b26c02825a6,3317,E2_DYNAMIC_INCREMENTAL_AFTER_FULL_REUSE,CDF9/CDF-MILD,NO_REJECTION_CREDIT,3,COMPLETE,NOT_COMPUTED_MISSING_EXECUTION_OBSERVATION,,0,60,0,60,60
r8c-3318-2920721568a5d9b7,3318,E2_DYNAMIC_INCREMENTAL_AFTER_FULL_REUSE,CDF9/CDF-MILD,NO_MEMORY_RESET_GATE,3,COMPLETE,NOT_COMPUTED_MISSING_EXECUTION_OBSERVATION,,0,60,0,60,60
r8c-3319-2edf805dca1e8564,3319,E2_DYNAMIC_INCREMENTAL_AFTER_FULL_REUSE,CDF9/CDF-MILD,NO_LINEAGE_CREDIT,3,COMPLETE,NOT_COMPUTED_MISSING_EXECUTION_OBSERVATION,,0,60,0,60,60
r8c-3320-008b431de857a022,3320,E2_DYNAMIC_INCREMENTAL_AFTER_FULL_REUSE,CDF9/CDF-MILD,CROSS_EVENT_WARM_START_ONLY,3,COMPLETE,NOT_COMPUTED_MISSING_EXECUTION_OBSERVATION,,0,60,0,60,60
r8c-3321-bdd0996e99cda018,3321,E2_DYNAMIC_INCREMENTAL_AFTER_FULL_REUSE,CDF9/CDF-MILD,CROSS_EVENT_MEMORY_ONLY,3,COMPLETE,NOT_COMPUTED_MISSING_EXECUTION_OBSERVATION,,0,60,0,60,60
r8c-3322-6e791bdbb1aa1c46,3322,E2_DYNAMIC_INCREMENTAL_AFTER_FULL_REUSE,CDF9/CDF-MILD,SHADE_ONLY,3,COMPLETE,NOT_COMPUTED_MISSING_EXECUTION_OBSERVATION,,0,60,0,60,60
r8c-3323-2dc4b585c118df9b,3323,E2_DYNAMIC_INCREMENTAL_AFTER_FULL_REUSE,CDF9/CDF-MILD,NO_CROSS_EVENT_MEMORY,4,COMPLETE,NOT_COMPUTED_MISSING_EXECUTION_OBSERVATION,,0,60,0,60,60
r8c-3324-23ce37aaae291abf,3324,E2_DYNAMIC_INCREMENTAL_AFTER_FULL_REUSE,CDF9/CDF-MILD,NO_REJECTION_CREDIT,4,COMPLETE,NOT_COMPUTED_MISSING_EXECUTION_OBSERVATION,,0,60,0,60,60
r8c-3325-bbfc5282d76d27ae,3325,E2_DYNAMIC_INCREMENTAL_AFTER_FULL_REUSE,CDF9/CDF-MILD,NO_MEMORY_RESET_GATE,4,COMPLETE,NOT_COMPUTED_MISSING_EXECUTION_OBSERVATION,,0,60,0,60,60
r8c-3326-283e1c2e6c20a84b,3326,E2_DYNAMIC_INCREMENTAL_AFTER_FULL_REUSE,CDF9/CDF-MILD,NO_LINEAGE_CREDIT,4,COMPLETE,NOT_COMPUTED_MISSING_EXECUTION_OBSERVATION,,0,60,0,60,60
r8c-3327-8929e530e8dd9ccd,3327,E2_DYNAMIC_INCREMENTAL_AFTER_FULL_REUSE,CDF9/CDF-MILD,CROSS_EVENT_WARM_START_ONLY,4,COMPLETE,NOT_COMPUTED_MISSING_EXECUTION_OBSERVATION,,0,60,0,60,60
r8c-3328-8dadc30a0c67d3ec,3328,E2_DYNAMIC_INCREMENTAL_AFTER_FULL_REUSE,CDF9/CDF-MILD,CROSS_EVENT_MEMORY_ONLY,4,COMPLETE,NOT_COMPUTED_MISSING_EXECUTION_OBSERVATION,,0,60,0,60,60
r8c-3329-a64433fbbaf8f1ec,3329,E2_DYNAMIC_INCREMENTAL_AFTER_FULL_REUSE,CDF9/CDF-MILD,SHADE_ONLY,4,COMPLETE,NOT_COMPUTED_MISSING_EXECUTION_OBSERVATION,,0,60,0,60,60
r8c-3330-49090f1df739e06f,3330,E2_DYNAMIC_INCREMENTAL_AFTER_FULL_REUSE,CDF10/CDF-HARSH,NO_CROSS_EVENT_MEMORY,0,COMPLETE,NOT_COMPUTED_MISSING_EXECUTION_OBSERVATION,,0,60,0,60,60
r8c-3331-699a0a1d0f546245,3331,E2_DYNAMIC_INCREMENTAL_AFTER_FULL_REUSE,CDF10/CDF-HARSH,NO_REJECTION_CREDIT,0,COMPLETE,NOT_COMPUTED_MISSING_EXECUTION_OBSERVATION,,0,60,0,60,60
r8c-3332-95d0e995a65ba4ee,3332,E2_DYNAMIC_INCREMENTAL_AFTER_FULL_REUSE,CDF10/CDF-HARSH,NO_MEMORY_RESET_GATE,0,COMPLETE,NOT_COMPUTED_MISSING_EXECUTION_OBSERVATION,,0,60,0,60,60
r8c-3333-771f00467108d41f,3333,E2_DYNAMIC_INCREMENTAL_AFTER_FULL_REUSE,CDF10/CDF-HARSH,NO_LINEAGE_CREDIT,0,COMPLETE,NOT_COMPUTED_MISSING_EXECUTION_OBSERVATION,,0,60,0,60,60
r8c-3334-21db83be8350488e,3334,E2_DYNAMIC_INCREMENTAL_AFTER_FULL_REUSE,CDF10/CDF-HARSH,CROSS_EVENT_WARM_START_ONLY,0,COMPLETE,NOT_COMPUTED_MISSING_EXECUTION_OBSERVATION,,0,60,0,60,60
r8c-3335-4df2c279a549828a,3335,E2_DYNAMIC_INCREMENTAL_AFTER_FULL_REUSE,CDF10/CDF-HARSH,CROSS_EVENT_MEMORY_ONLY,0,COMPLETE,NOT_COMPUTED_MISSING_EXECUTION_OBSERVATION,,0,60,0,60,60
r8c-3336-6e919a5fa627fc3a,3336,E2_DYNAMIC_INCREMENTAL_AFTER_FULL_REUSE,CDF10/CDF-HARSH,SHADE_ONLY,0,COMPLETE,NOT_COMPUTED_MISSING_EXECUTION_OBSERVATION,,0,60,0,60,60
r8c-3337-2253a7190a546345,3337,E2_DYNAMIC_INCREMENTAL_AFTER_FULL_REUSE,CDF10/CDF-HARSH,NO_CROSS_EVENT_MEMORY,1,COMPLETE,NOT_COMPUTED_MISSING_EXECUTION_OBSERVATION,,0,60,0,60,60
r8c-3338-53d159e9ed558af0,3338,E2_DYNAMIC_INCREMENTAL_AFTER_FULL_REUSE,CDF10/CDF-HARSH,NO_REJECTION_CREDIT,1,COMPLETE,NOT_COMPUTED_MISSING_EXECUTION_OBSERVATION,,0,60,0,60,60
r8c-3339-a7af6261d585034b,3339,E2_DYNAMIC_INCREMENTAL_AFTER_FULL_REUSE,CDF10/CDF-HARSH,NO_MEMORY_RESET_GATE,1,COMPLETE,NOT_COMPUTED_MISSING_EXECUTION_OBSERVATION,,0,60,0,60,60
r8c-3340-414c924f5c6938c1,3340,E2_DYNAMIC_INCREMENTAL_AFTER_FULL_REUSE,CDF10/CDF-HARSH,NO_LINEAGE_CREDIT,1,COMPLETE,NOT_COMPUTED_MISSING_EXECUTION_OBSERVATION,,0,60,0,60,60
r8c-3341-7b515b6f257eba41,3341,E2_DYNAMIC_INCREMENTAL_AFTER_FULL_REUSE,CDF10/CDF-HARSH,CROSS_EVENT_WARM_START_ONLY,1,COMPLETE,NOT_COMPUTED_MISSING_EXECUTION_OBSERVATION,,0,60,0,60,60
r8c-3342-0d08ea9e8d01c398,3342,E2_DYNAMIC_INCREMENTAL_AFTER_FULL_REUSE,CDF10/CDF-HARSH,CROSS_EVENT_MEMORY_ONLY,1,COMPLETE,NOT_COMPUTED_MISSING_EXECUTION_OBSERVATION,,0,60,0,60,60
r8c-3343-aba23028fc6337c8,3343,E2_DYNAMIC_INCREMENTAL_AFTER_FULL_REUSE,CDF10/CDF-HARSH,SHADE_ONLY,1,COMPLETE,NOT_COMPUTED_MISSING_EXECUTION_OBSERVATION,,0,60,0,60,60
r8c-3344-31b78daef8c27c10,3344,E2_DYNAMIC_INCREMENTAL_AFTER_FULL_REUSE,CDF10/CDF-HARSH,NO_CROSS_EVENT_MEMORY,2,COMPLETE,NOT_COMPUTED_MISSING_EXECUTION_OBSERVATION,,0,60,0,60,60
r8c-3345-4f865d0b9e7cf281,3345,E2_DYNAMIC_INCREMENTAL_AFTER_FULL_REUSE,CDF10/CDF-HARSH,NO_REJECTION_CREDIT,2,COMPLETE,NOT_COMPUTED_MISSING_EXECUTION_OBSERVATION,,0,60,0,60,60
r8c-3346-191c74d3a7f3f8b2,3346,E2_DYNAMIC_INCREMENTAL_AFTER_FULL_REUSE,CDF10/CDF-HARSH,NO_MEMORY_RESET_GATE,2,COMPLETE,NOT_COMPUTED_MISSING_EXECUTION_OBSERVATION,,0,60,0,60,60
r8c-3347-8c2cc02aa81f1b4f,3347,E2_DYNAMIC_INCREMENTAL_AFTER_FULL_REUSE,CDF10/CDF-HARSH,NO_LINEAGE_CREDIT,2,COMPLETE,NOT_COMPUTED_MISSING_EXECUTION_OBSERVATION,,0,60,0,60,60
r8c-3348-8e0e789f95511b56,3348,E2_DYNAMIC_INCREMENTAL_AFTER_FULL_REUSE,CDF10/CDF-HARSH,CROSS_EVENT_WARM_START_ONLY,2,COMPLETE,NOT_COMPUTED_MISSING_EXECUTION_OBSERVATION,,0,60,0,60,60
r8c-3349-557513cd11e90a05,3349,E2_DYNAMIC_INCREMENTAL_AFTER_FULL_REUSE,CDF10/CDF-HARSH,CROSS_EVENT_MEMORY_ONLY,2,COMPLETE,NOT_COMPUTED_MISSING_EXECUTION_OBSERVATION,,0,60,0,60,60
r8c-3350-509b7719979c04db,3350,E2_DYNAMIC_INCREMENTAL_AFTER_FULL_REUSE,CDF10/CDF-HARSH,SHADE_ONLY,2,COMPLETE,NOT_COMPUTED_MISSING_EXECUTION_OBSERVATION,,0,60,0,60,60
r8c-3351-ddc6ac2b7e1fef67,3351,E2_DYNAMIC_INCREMENTAL_AFTER_FULL_REUSE,CDF10/CDF-HARSH,NO_CROSS_EVENT_MEMORY,3,COMPLETE,NOT_COMPUTED_MISSING_EXECUTION_OBSERVATION,,0,60,0,60,60
r8c-3352-42f7ec01a6513b5c,3352,E2_DYNAMIC_INCREMENTAL_AFTER_FULL_REUSE,CDF10/CDF-HARSH,NO_REJECTION_CREDIT,3,COMPLETE,NOT_COMPUTED_MISSING_EXECUTION_OBSERVATION,,0,60,0,60,60
r8c-3353-febd64aa70995644,3353,E2_DYNAMIC_INCREMENTAL_AFTER_FULL_REUSE,CDF10/CDF-HARSH,NO_MEMORY_RESET_GATE,3,COMPLETE,NOT_COMPUTED_MISSING_EXECUTION_OBSERVATION,,0,60,0,60,60
r8c-3354-e4404509c220b1ea,3354,E2_DYNAMIC_INCREMENTAL_AFTER_FULL_REUSE,CDF10/CDF-HARSH,NO_LINEAGE_CREDIT,3,COMPLETE,NOT_COMPUTED_MISSING_EXECUTION_OBSERVATION,,0,60,0,60,60
r8c-3355-9db3b397d454bd7e,3355,E2_DYNAMIC_INCREMENTAL_AFTER_FULL_REUSE,CDF10/CDF-HARSH,CROSS_EVENT_WARM_START_ONLY,3,COMPLETE,NOT_COMPUTED_MISSING_EXECUTION_OBSERVATION,,0,60,0,60,60
r8c-3356-dc39d58c7b87dd75,3356,E2_DYNAMIC_INCREMENTAL_AFTER_FULL_REUSE,CDF10/CDF-HARSH,CROSS_EVENT_MEMORY_ONLY,3,COMPLETE,NOT_COMPUTED_MISSING_EXECUTION_OBSERVATION,,0,60,0,60,60
r8c-3357-5a3fe6730ec2e4a4,3357,E2_DYNAMIC_INCREMENTAL_AFTER_FULL_REUSE,CDF10/CDF-HARSH,SHADE_ONLY,3,COMPLETE,NOT_COMPUTED_MISSING_EXECUTION_OBSERVATION,,0,60,0,60,60
r8c-3358-2dff2c5b093973ec,3358,E2_DYNAMIC_INCREMENTAL_AFTER_FULL_REUSE,CDF10/CDF-HARSH,NO_CROSS_EVENT_MEMORY,4,COMPLETE,NOT_COMPUTED_MISSING_EXECUTION_OBSERVATION,,0,60,0,60,60
r8c-3359-58fdaf1ae5778a44,3359,E2_DYNAMIC_INCREMENTAL_AFTER_FULL_REUSE,CDF10/CDF-HARSH,NO_REJECTION_CREDIT,4,COMPLETE,NOT_COMPUTED_MISSING_EXECUTION_OBSERVATION,,0,60,0,60,60
r8c-3360-103ef737314777b4,3360,E2_DYNAMIC_INCREMENTAL_AFTER_FULL_REUSE,CDF10/CDF-HARSH,NO_MEMORY_RESET_GATE,4,COMPLETE,NOT_COMPUTED_MISSING_EXECUTION_OBSERVATION,,0,60,0,60,60
r8c-3361-a4fa9ff2bc648502,3361,E2_DYNAMIC_INCREMENTAL_AFTER_FULL_REUSE,CDF10/CDF-HARSH,NO_LINEAGE_CREDIT,4,COMPLETE,NOT_COMPUTED_MISSING_EXECUTION_OBSERVATION,,0,60,0,60,60
r8c-3362-2173c4ed549bda9b,3362,E2_DYNAMIC_INCREMENTAL_AFTER_FULL_REUSE,CDF10/CDF-HARSH,CROSS_EVENT_WARM_START_ONLY,4,COMPLETE,NOT_COMPUTED_MISSING_EXECUTION_OBSERVATION,,0,60,0,60,60
r8c-3363-67536cfb2f9ddf14,3363,E2_DYNAMIC_INCREMENTAL_AFTER_FULL_REUSE,CDF10/CDF-HARSH,CROSS_EVENT_MEMORY_ONLY,4,COMPLETE,NOT_COMPUTED_MISSING_EXECUTION_OBSERVATION,,0,60,0,60,60
r8c-3364-b1eaadee90703a03,3364,E2_DYNAMIC_INCREMENTAL_AFTER_FULL_REUSE,CDF10/CDF-HARSH,SHADE_ONLY,4,COMPLETE,NOT_COMPUTED_MISSING_EXECUTION_OBSERVATION,,0,60,0,60,60
r8c-3365-0b75e3d47d66606d,3365,E2_DYNAMIC_INCREMENTAL_AFTER_FULL_REUSE,CDF10/CDF-MILD,NO_CROSS_EVENT_MEMORY,0,COMPLETE,NOT_COMPUTED_MISSING_EXECUTION_OBSERVATION,,0,60,0,60,60
r8c-3366-d2d595608cdce02a,3366,E2_DYNAMIC_INCREMENTAL_AFTER_FULL_REUSE,CDF10/CDF-MILD,NO_REJECTION_CREDIT,0,COMPLETE,NOT_COMPUTED_MISSING_EXECUTION_OBSERVATION,,0,60,0,60,60
r8c-3367-ae4ccd8922d06400,3367,E2_DYNAMIC_INCREMENTAL_AFTER_FULL_REUSE,CDF10/CDF-MILD,NO_MEMORY_RESET_GATE,0,COMPLETE,NOT_COMPUTED_MISSING_EXECUTION_OBSERVATION,,0,60,0,60,60
r8c-3368-fd46b4b5890b8856,3368,E2_DYNAMIC_INCREMENTAL_AFTER_FULL_REUSE,CDF10/CDF-MILD,NO_LINEAGE_CREDIT,0,COMPLETE,NOT_COMPUTED_MISSING_EXECUTION_OBSERVATION,,0,60,0,60,60
r8c-3369-4500e7f5b13692a5,3369,E2_DYNAMIC_INCREMENTAL_AFTER_FULL_REUSE,CDF10/CDF-MILD,CROSS_EVENT_WARM_START_ONLY,0,COMPLETE,NOT_COMPUTED_MISSING_EXECUTION_OBSERVATION,,0,60,0,60,60
r8c-3370-37ded3004605f35d,3370,E2_DYNAMIC_INCREMENTAL_AFTER_FULL_REUSE,CDF10/CDF-MILD,CROSS_EVENT_MEMORY_ONLY,0,COMPLETE,NOT_COMPUTED_MISSING_EXECUTION_OBSERVATION,,0,60,0,60,60
r8c-3371-3aef34a3a9104259,3371,E2_DYNAMIC_INCREMENTAL_AFTER_FULL_REUSE,CDF10/CDF-MILD,SHADE_ONLY,0,COMPLETE,NOT_COMPUTED_MISSING_EXECUTION_OBSERVATION,,0,60,0,60,60
r8c-3372-250b0e798d80b639,3372,E2_DYNAMIC_INCREMENTAL_AFTER_FULL_REUSE,CDF10/CDF-MILD,NO_CROSS_EVENT_MEMORY,1,COMPLETE,NOT_COMPUTED_MISSING_EXECUTION_OBSERVATION,,0,60,0,60,60
r8c-3373-00094171538a5696,3373,E2_DYNAMIC_INCREMENTAL_AFTER_FULL_REUSE,CDF10/CDF-MILD,NO_REJECTION_CREDIT,1,COMPLETE,NOT_COMPUTED_MISSING_EXECUTION_OBSERVATION,,0,60,0,60,60
r8c-3374-4337cd62aebab539,3374,E2_DYNAMIC_INCREMENTAL_AFTER_FULL_REUSE,CDF10/CDF-MILD,NO_MEMORY_RESET_GATE,1,COMPLETE,NOT_COMPUTED_MISSING_EXECUTION_OBSERVATION,,0,60,0,60,60
r8c-3375-f861da7684003a61,3375,E2_DYNAMIC_INCREMENTAL_AFTER_FULL_REUSE,CDF10/CDF-MILD,NO_LINEAGE_CREDIT,1,COMPLETE,NOT_COMPUTED_MISSING_EXECUTION_OBSERVATION,,0,60,0,60,60
r8c-3376-7784013d0bbd9fd9,3376,E2_DYNAMIC_INCREMENTAL_AFTER_FULL_REUSE,CDF10/CDF-MILD,CROSS_EVENT_WARM_START_ONLY,1,COMPLETE,NOT_COMPUTED_MISSING_EXECUTION_OBSERVATION,,0,60,0,60,60
r8c-3377-ab7923b09b567c79,3377,E2_DYNAMIC_INCREMENTAL_AFTER_FULL_REUSE,CDF10/CDF-MILD,CROSS_EVENT_MEMORY_ONLY,1,COMPLETE,NOT_COMPUTED_MISSING_EXECUTION_OBSERVATION,,0,60,0,60,60
r8c-3378-fbeaa58331a7a85e,3378,E2_DYNAMIC_INCREMENTAL_AFTER_FULL_REUSE,CDF10/CDF-MILD,SHADE_ONLY,1,COMPLETE,NOT_COMPUTED_MISSING_EXECUTION_OBSERVATION,,0,60,0,60,60
r8c-3379-2a032774fb4cf370,3379,E2_DYNAMIC_INCREMENTAL_AFTER_FULL_REUSE,CDF10/CDF-MILD,NO_CROSS_EVENT_MEMORY,2,COMPLETE,NOT_COMPUTED_MISSING_EXECUTION_OBSERVATION,,0,60,0,60,60
r8c-3380-f0b23602f3da5571,3380,E2_DYNAMIC_INCREMENTAL_AFTER_FULL_REUSE,CDF10/CDF-MILD,NO_REJECTION_CREDIT,2,COMPLETE,NOT_COMPUTED_MISSING_EXECUTION_OBSERVATION,,0,60,0,60,60
r8c-3381-f68831f1443c7f99,3381,E2_DYNAMIC_INCREMENTAL_AFTER_FULL_REUSE,CDF10/CDF-MILD,NO_MEMORY_RESET_GATE,2,COMPLETE,NOT_COMPUTED_MISSING_EXECUTION_OBSERVATION,,0,60,0,60,60
r8c-3382-7ccece6c0b59471b,3382,E2_DYNAMIC_INCREMENTAL_AFTER_FULL_REUSE,CDF10/CDF-MILD,NO_LINEAGE_CREDIT,2,COMPLETE,NOT_COMPUTED_MISSING_EXECUTION_OBSERVATION,,0,60,0,60,60
r8c-3383-e41161061cd87b59,3383,E2_DYNAMIC_INCREMENTAL_AFTER_FULL_REUSE,CDF10/CDF-MILD,CROSS_EVENT_WARM_START_ONLY,2,COMPLETE,NOT_COMPUTED_MISSING_EXECUTION_OBSERVATION,,0,60,0,60,60
r8c-3384-0ad7c7ef3960a832,3384,E2_DYNAMIC_INCREMENTAL_AFTER_FULL_REUSE,CDF10/CDF-MILD,CROSS_EVENT_MEMORY_ONLY,2,COMPLETE,NOT_COMPUTED_MISSING_EXECUTION_OBSERVATION,,0,60,0,60,60
r8c-3385-50dd48b9e5a39e4e,3385,E2_DYNAMIC_INCREMENTAL_AFTER_FULL_REUSE,CDF10/CDF-MILD,SHADE_ONLY,2,COMPLETE,NOT_COMPUTED_MISSING_EXECUTION_OBSERVATION,,0,60,0,60,60
r8c-3386-db08ad7dccf5c2ec,3386,E2_DYNAMIC_INCREMENTAL_AFTER_FULL_REUSE,CDF10/CDF-MILD,NO_CROSS_EVENT_MEMORY,3,COMPLETE,NOT_COMPUTED_MISSING_EXECUTION_OBSERVATION,,0,60,0,60,60
r8c-3387-20741974c3ad107b,3387,E2_DYNAMIC_INCREMENTAL_AFTER_FULL_REUSE,CDF10/CDF-MILD,NO_REJECTION_CREDIT,3,COMPLETE,NOT_COMPUTED_MISSING_EXECUTION_OBSERVATION,,0,60,0,60,60
r8c-3388-f31f5e571a9ded63,3388,E2_DYNAMIC_INCREMENTAL_AFTER_FULL_REUSE,CDF10/CDF-MILD,NO_MEMORY_RESET_GATE,3,COMPLETE,NOT_COMPUTED_MISSING_EXECUTION_OBSERVATION,,0,60,0,60,60
r8c-3389-4f3f53d73da51f00,3389,E2_DYNAMIC_INCREMENTAL_AFTER_FULL_REUSE,CDF10/CDF-MILD,NO_LINEAGE_CREDIT,3,COMPLETE,NOT_COMPUTED_MISSING_EXECUTION_OBSERVATION,,0,60,0,60,60
r8c-3390-619bfce7f23836b4,3390,E2_DYNAMIC_INCREMENTAL_AFTER_FULL_REUSE,CDF10/CDF-MILD,CROSS_EVENT_WARM_START_ONLY,3,COMPLETE,NOT_COMPUTED_MISSING_EXECUTION_OBSERVATION,,0,60,0,60,60
r8c-3391-f4792d8b994b9c3a,3391,E2_DYNAMIC_INCREMENTAL_AFTER_FULL_REUSE,CDF10/CDF-MILD,CROSS_EVENT_MEMORY_ONLY,3,COMPLETE,NOT_COMPUTED_MISSING_EXECUTION_OBSERVATION,,0,60,0,60,60
r8c-3392-a7218ebfe98f1a6a,3392,E2_DYNAMIC_INCREMENTAL_AFTER_FULL_REUSE,CDF10/CDF-MILD,SHADE_ONLY,3,COMPLETE,NOT_COMPUTED_MISSING_EXECUTION_OBSERVATION,,0,60,0,60,60
r8c-3393-2266d011606869c9,3393,E2_DYNAMIC_INCREMENTAL_AFTER_FULL_REUSE,CDF10/CDF-MILD,NO_CROSS_EVENT_MEMORY,4,COMPLETE,NOT_COMPUTED_MISSING_EXECUTION_OBSERVATION,,0,60,0,60,60
r8c-3394-ee1716ea6a812eec,3394,E2_DYNAMIC_INCREMENTAL_AFTER_FULL_REUSE,CDF10/CDF-MILD,NO_REJECTION_CREDIT,4,COMPLETE,NOT_COMPUTED_MISSING_EXECUTION_OBSERVATION,,0,60,0,60,60
r8c-3395-1cd096d1d30fc2a0,3395,E2_DYNAMIC_INCREMENTAL_AFTER_FULL_REUSE,CDF10/CDF-MILD,NO_MEMORY_RESET_GATE,4,COMPLETE,NOT_COMPUTED_MISSING_EXECUTION_OBSERVATION,,0,60,0,60,60
r8c-3396-c6c51d6dd5845c07,3396,E2_DYNAMIC_INCREMENTAL_AFTER_FULL_REUSE,CDF10/CDF-MILD,NO_LINEAGE_CREDIT,4,COMPLETE,NOT_COMPUTED_MISSING_EXECUTION_OBSERVATION,,0,60,0,60,60
r8c-3397-2fe1d87ed5183fc0,3397,E2_DYNAMIC_INCREMENTAL_AFTER_FULL_REUSE,CDF10/CDF-MILD,CROSS_EVENT_WARM_START_ONLY,4,COMPLETE,NOT_COMPUTED_MISSING_EXECUTION_OBSERVATION,,0,60,0,60,60
r8c-3398-2195ceb0e82599d2,3398,E2_DYNAMIC_INCREMENTAL_AFTER_FULL_REUSE,CDF10/CDF-MILD,CROSS_EVENT_MEMORY_ONLY,4,COMPLETE,NOT_COMPUTED_MISSING_EXECUTION_OBSERVATION,,0,60,0,60,60
r8c-3399-c5b03db15b49d34e,3399,E2_DYNAMIC_INCREMENTAL_AFTER_FULL_REUSE,CDF10/CDF-MILD,SHADE_ONLY,4,COMPLETE,NOT_COMPUTED_MISSING_EXECUTION_OBSERVATION,,0,60,0,60,60
r8c-3400-b98b52959ba04652,3400,E2_DYNAMIC_INCREMENTAL_AFTER_FULL_REUSE,CDF11/CDF-HARSH,NO_CROSS_EVENT_MEMORY,0,COMPLETE,NOT_COMPUTED_MISSING_EXECUTION_OBSERVATION,,0,60,0,60,60
r8c-3401-f28bc7a9ed9ad466,3401,E2_DYNAMIC_INCREMENTAL_AFTER_FULL_REUSE,CDF11/CDF-HARSH,NO_REJECTION_CREDIT,0,COMPLETE,NOT_COMPUTED_MISSING_EXECUTION_OBSERVATION,,0,60,0,60,60
r8c-3402-867f79e1f4a62524,3402,E2_DYNAMIC_INCREMENTAL_AFTER_FULL_REUSE,CDF11/CDF-HARSH,NO_MEMORY_RESET_GATE,0,COMPLETE,NOT_COMPUTED_MISSING_EXECUTION_OBSERVATION,,0,60,0,60,60
r8c-3403-1adf40c771a4a2a1,3403,E2_DYNAMIC_INCREMENTAL_AFTER_FULL_REUSE,CDF11/CDF-HARSH,NO_LINEAGE_CREDIT,0,COMPLETE,NOT_COMPUTED_MISSING_EXECUTION_OBSERVATION,,0,60,0,60,60
r8c-3404-a4f54c2a12362321,3404,E2_DYNAMIC_INCREMENTAL_AFTER_FULL_REUSE,CDF11/CDF-HARSH,CROSS_EVENT_WARM_START_ONLY,0,COMPLETE,NOT_COMPUTED_MISSING_EXECUTION_OBSERVATION,,0,60,0,60,60
r8c-3405-6558b6812c2f805a,3405,E2_DYNAMIC_INCREMENTAL_AFTER_FULL_REUSE,CDF11/CDF-HARSH,CROSS_EVENT_MEMORY_ONLY,0,COMPLETE,NOT_COMPUTED_MISSING_EXECUTION_OBSERVATION,,0,60,0,60,60
r8c-3406-d20565771a7dfae2,3406,E2_DYNAMIC_INCREMENTAL_AFTER_FULL_REUSE,CDF11/CDF-HARSH,SHADE_ONLY,0,COMPLETE,NOT_COMPUTED_MISSING_EXECUTION_OBSERVATION,,0,60,0,60,60
r8c-3407-c5aef817ca3daa31,3407,E2_DYNAMIC_INCREMENTAL_AFTER_FULL_REUSE,CDF11/CDF-HARSH,NO_CROSS_EVENT_MEMORY,1,COMPLETE,NOT_COMPUTED_MISSING_EXECUTION_OBSERVATION,,0,60,0,60,60
r8c-3408-60a6d435edc8d2ce,3408,E2_DYNAMIC_INCREMENTAL_AFTER_FULL_REUSE,CDF11/CDF-HARSH,NO_REJECTION_CREDIT,1,COMPLETE,NOT_COMPUTED_MISSING_EXECUTION_OBSERVATION,,0,60,0,60,60
r8c-3409-4e18c05785cd5005,3409,E2_DYNAMIC_INCREMENTAL_AFTER_FULL_REUSE,CDF11/CDF-HARSH,NO_MEMORY_RESET_GATE,1,COMPLETE,NOT_COMPUTED_MISSING_EXECUTION_OBSERVATION,,0,60,0,60,60
r8c-3410-fdd587b9d16bc2cc,3410,E2_DYNAMIC_INCREMENTAL_AFTER_FULL_REUSE,CDF11/CDF-HARSH,NO_LINEAGE_CREDIT,1,COMPLETE,NOT_COMPUTED_MISSING_EXECUTION_OBSERVATION,,0,60,0,60,60
r8c-3411-35ea00c64c6e360e,3411,E2_DYNAMIC_INCREMENTAL_AFTER_FULL_REUSE,CDF11/CDF-HARSH,CROSS_EVENT_WARM_START_ONLY,1,COMPLETE,NOT_COMPUTED_MISSING_EXECUTION_OBSERVATION,,0,60,0,60,60
r8c-3412-cc31c84a0d7ac80f,3412,E2_DYNAMIC_INCREMENTAL_AFTER_FULL_REUSE,CDF11/CDF-HARSH,CROSS_EVENT_MEMORY_ONLY,1,COMPLETE,NOT_COMPUTED_MISSING_EXECUTION_OBSERVATION,,0,60,0,60,60
r8c-3413-f226bba0b3d373c7,3413,E2_DYNAMIC_INCREMENTAL_AFTER_FULL_REUSE,CDF11/CDF-HARSH,SHADE_ONLY,1,COMPLETE,NOT_COMPUTED_MISSING_EXECUTION_OBSERVATION,,0,60,0,60,60
r8c-3414-8b2acd57b13e8dc5,3414,E2_DYNAMIC_INCREMENTAL_AFTER_FULL_REUSE,CDF11/CDF-HARSH,NO_CROSS_EVENT_MEMORY,2,COMPLETE,NOT_COMPUTED_MISSING_EXECUTION_OBSERVATION,,0,60,0,60,60
r8c-3415-65bbe455977dcaf0,3415,E2_DYNAMIC_INCREMENTAL_AFTER_FULL_REUSE,CDF11/CDF-HARSH,NO_REJECTION_CREDIT,2,COMPLETE,NOT_COMPUTED_MISSING_EXECUTION_OBSERVATION,,0,60,0,60,60
r8c-3416-3667bfa5109824ff,3416,E2_DYNAMIC_INCREMENTAL_AFTER_FULL_REUSE,CDF11/CDF-HARSH,NO_MEMORY_RESET_GATE,2,COMPLETE,NOT_COMPUTED_MISSING_EXECUTION_OBSERVATION,,0,60,0,60,60
r8c-3417-2518d776e5fa482e,3417,E2_DYNAMIC_INCREMENTAL_AFTER_FULL_REUSE,CDF11/CDF-HARSH,NO_LINEAGE_CREDIT,2,COMPLETE,NOT_COMPUTED_MISSING_EXECUTION_OBSERVATION,,0,60,0,60,60
r8c-3418-f5c7df18a27e98d5,3418,E2_DYNAMIC_INCREMENTAL_AFTER_FULL_REUSE,CDF11/CDF-HARSH,CROSS_EVENT_WARM_START_ONLY,2,COMPLETE,NOT_COMPUTED_MISSING_EXECUTION_OBSERVATION,,0,60,0,60,60
r8c-3419-07f9f7673149a72e,3419,E2_DYNAMIC_INCREMENTAL_AFTER_FULL_REUSE,CDF11/CDF-HARSH,CROSS_EVENT_MEMORY_ONLY,2,COMPLETE,NOT_COMPUTED_MISSING_EXECUTION_OBSERVATION,,0,60,0,60,60
r8c-3420-236f606192eb459d,3420,E2_DYNAMIC_INCREMENTAL_AFTER_FULL_REUSE,CDF11/CDF-HARSH,SHADE_ONLY,2,COMPLETE,NOT_COMPUTED_MISSING_EXECUTION_OBSERVATION,,0,60,0,60,60
r8c-3421-50a73561b78ce71a,3421,E2_DYNAMIC_INCREMENTAL_AFTER_FULL_REUSE,CDF11/CDF-HARSH,NO_CROSS_EVENT_MEMORY,3,COMPLETE,NOT_COMPUTED_MISSING_EXECUTION_OBSERVATION,,0,60,0,60,60
r8c-3422-a091e06d7e957125,3422,E2_DYNAMIC_INCREMENTAL_AFTER_FULL_REUSE,CDF11/CDF-HARSH,NO_REJECTION_CREDIT,3,COMPLETE,NOT_COMPUTED_MISSING_EXECUTION_OBSERVATION,,0,60,0,60,60
r8c-3423-5dabbf3825b0004a,3423,E2_DYNAMIC_INCREMENTAL_AFTER_FULL_REUSE,CDF11/CDF-HARSH,NO_MEMORY_RESET_GATE,3,COMPLETE,NOT_COMPUTED_MISSING_EXECUTION_OBSERVATION,,0,60,0,60,60
r8c-3424-da4f26b74880f320,3424,E2_DYNAMIC_INCREMENTAL_AFTER_FULL_REUSE,CDF11/CDF-HARSH,NO_LINEAGE_CREDIT,3,COMPLETE,NOT_COMPUTED_MISSING_EXECUTION_OBSERVATION,,0,60,0,60,60
r8c-3425-c9040a27394a8297,3425,E2_DYNAMIC_INCREMENTAL_AFTER_FULL_REUSE,CDF11/CDF-HARSH,CROSS_EVENT_WARM_START_ONLY,3,COMPLETE,NOT_COMPUTED_MISSING_EXECUTION_OBSERVATION,,0,60,0,60,60
r8c-3426-ad25f04b2cc56dc0,3426,E2_DYNAMIC_INCREMENTAL_AFTER_FULL_REUSE,CDF11/CDF-HARSH,CROSS_EVENT_MEMORY_ONLY,3,COMPLETE,NOT_COMPUTED_MISSING_EXECUTION_OBSERVATION,,0,60,0,60,60
r8c-3427-35496c45fd05012d,3427,E2_DYNAMIC_INCREMENTAL_AFTER_FULL_REUSE,CDF11/CDF-HARSH,SHADE_ONLY,3,COMPLETE,NOT_COMPUTED_MISSING_EXECUTION_OBSERVATION,,0,60,0,60,60
r8c-3428-7f3b49bd0070883a,3428,E2_DYNAMIC_INCREMENTAL_AFTER_FULL_REUSE,CDF11/CDF-HARSH,NO_CROSS_EVENT_MEMORY,4,COMPLETE,NOT_COMPUTED_MISSING_EXECUTION_OBSERVATION,,0,60,0,60,60
r8c-3429-125bc2713e4ff508,3429,E2_DYNAMIC_INCREMENTAL_AFTER_FULL_REUSE,CDF11/CDF-HARSH,NO_REJECTION_CREDIT,4,COMPLETE,NOT_COMPUTED_MISSING_EXECUTION_OBSERVATION,,0,60,0,60,60
r8c-3430-b91b497604823e5d,3430,E2_DYNAMIC_INCREMENTAL_AFTER_FULL_REUSE,CDF11/CDF-HARSH,NO_MEMORY_RESET_GATE,4,COMPLETE,NOT_COMPUTED_MISSING_EXECUTION_OBSERVATION,,0,60,0,60,60
r8c-3431-bd924a7c786ced4c,3431,E2_DYNAMIC_INCREMENTAL_AFTER_FULL_REUSE,CDF11/CDF-HARSH,NO_LINEAGE_CREDIT,4,COMPLETE,NOT_COMPUTED_MISSING_EXECUTION_OBSERVATION,,0,60,0,60,60
r8c-3432-84286cc72310edcc,3432,E2_DYNAMIC_INCREMENTAL_AFTER_FULL_REUSE,CDF11/CDF-HARSH,CROSS_EVENT_WARM_START_ONLY,4,COMPLETE,NOT_COMPUTED_MISSING_EXECUTION_OBSERVATION,,0,60,0,60,60
r8c-3433-02d2abf24543edd1,3433,E2_DYNAMIC_INCREMENTAL_AFTER_FULL_REUSE,CDF11/CDF-HARSH,CROSS_EVENT_MEMORY_ONLY,4,COMPLETE,NOT_COMPUTED_MISSING_EXECUTION_OBSERVATION,,0,60,0,60,60
r8c-3434-0867bf89925f06f4,3434,E2_DYNAMIC_INCREMENTAL_AFTER_FULL_REUSE,CDF11/CDF-HARSH,SHADE_ONLY,4,COMPLETE,NOT_COMPUTED_MISSING_EXECUTION_OBSERVATION,,0,60,0,60,60
r8c-3435-1e724a1c393bd7f1,3435,E2_DYNAMIC_INCREMENTAL_AFTER_FULL_REUSE,CDF11/CDF-MILD,NO_CROSS_EVENT_MEMORY,0,COMPLETE,NOT_COMPUTED_MISSING_EXECUTION_OBSERVATION,,0,60,0,60,60
r8c-3436-abd870dd98f80064,3436,E2_DYNAMIC_INCREMENTAL_AFTER_FULL_REUSE,CDF11/CDF-MILD,NO_REJECTION_CREDIT,0,COMPLETE,NOT_COMPUTED_MISSING_EXECUTION_OBSERVATION,,0,60,0,60,60
r8c-3437-a7631e52484a3856,3437,E2_DYNAMIC_INCREMENTAL_AFTER_FULL_REUSE,CDF11/CDF-MILD,NO_MEMORY_RESET_GATE,0,COMPLETE,NOT_COMPUTED_MISSING_EXECUTION_OBSERVATION,,0,60,0,60,60
r8c-3438-bad4ff02fb97f11b,3438,E2_DYNAMIC_INCREMENTAL_AFTER_FULL_REUSE,CDF11/CDF-MILD,NO_LINEAGE_CREDIT,0,COMPLETE,NOT_COMPUTED_MISSING_EXECUTION_OBSERVATION,,0,60,0,60,60
r8c-3439-b794d26ce6c8943c,3439,E2_DYNAMIC_INCREMENTAL_AFTER_FULL_REUSE,CDF11/CDF-MILD,CROSS_EVENT_WARM_START_ONLY,0,COMPLETE,NOT_COMPUTED_MISSING_EXECUTION_OBSERVATION,,0,60,0,60,60
r8c-3440-6085af8ec121d429,3440,E2_DYNAMIC_INCREMENTAL_AFTER_FULL_REUSE,CDF11/CDF-MILD,CROSS_EVENT_MEMORY_ONLY,0,COMPLETE,NOT_COMPUTED_MISSING_EXECUTION_OBSERVATION,,0,60,0,60,60
r8c-3441-b2dae890daa34655,3441,E2_DYNAMIC_INCREMENTAL_AFTER_FULL_REUSE,CDF11/CDF-MILD,SHADE_ONLY,0,COMPLETE,NOT_COMPUTED_MISSING_EXECUTION_OBSERVATION,,0,60,0,60,60
r8c-3442-4415a8ea677fe1a7,3442,E2_DYNAMIC_INCREMENTAL_AFTER_FULL_REUSE,CDF11/CDF-MILD,NO_CROSS_EVENT_MEMORY,1,COMPLETE,NOT_COMPUTED_MISSING_EXECUTION_OBSERVATION,,0,60,0,60,60
r8c-3443-56cb0636b719f4cd,3443,E2_DYNAMIC_INCREMENTAL_AFTER_FULL_REUSE,CDF11/CDF-MILD,NO_REJECTION_CREDIT,1,COMPLETE,NOT_COMPUTED_MISSING_EXECUTION_OBSERVATION,,0,60,0,60,60
r8c-3444-82c6ae779d025eb8,3444,E2_DYNAMIC_INCREMENTAL_AFTER_FULL_REUSE,CDF11/CDF-MILD,NO_MEMORY_RESET_GATE,1,COMPLETE,NOT_COMPUTED_MISSING_EXECUTION_OBSERVATION,,0,60,0,60,60
r8c-3445-3ee1462980bd8aee,3445,E2_DYNAMIC_INCREMENTAL_AFTER_FULL_REUSE,CDF11/CDF-MILD,NO_LINEAGE_CREDIT,1,COMPLETE,NOT_COMPUTED_MISSING_EXECUTION_OBSERVATION,,0,60,0,60,60
r8c-3446-48aa75904f28a139,3446,E2_DYNAMIC_INCREMENTAL_AFTER_FULL_REUSE,CDF11/CDF-MILD,CROSS_EVENT_WARM_START_ONLY,1,COMPLETE,NOT_COMPUTED_MISSING_EXECUTION_OBSERVATION,,0,60,0,60,60
r8c-3447-53785406e7683961,3447,E2_DYNAMIC_INCREMENTAL_AFTER_FULL_REUSE,CDF11/CDF-MILD,CROSS_EVENT_MEMORY_ONLY,1,COMPLETE,NOT_COMPUTED_MISSING_EXECUTION_OBSERVATION,,0,60,0,60,60
r8c-3448-a00fa197f0363a1e,3448,E2_DYNAMIC_INCREMENTAL_AFTER_FULL_REUSE,CDF11/CDF-MILD,SHADE_ONLY,1,COMPLETE,NOT_COMPUTED_MISSING_EXECUTION_OBSERVATION,,0,60,0,60,60
r8c-3449-c760e78ccd2abf47,3449,E2_DYNAMIC_INCREMENTAL_AFTER_FULL_REUSE,CDF11/CDF-MILD,NO_CROSS_EVENT_MEMORY,2,COMPLETE,NOT_COMPUTED_MISSING_EXECUTION_OBSERVATION,,0,60,0,60,60
r8c-3450-425fb722c667b5df,3450,E2_DYNAMIC_INCREMENTAL_AFTER_FULL_REUSE,CDF11/CDF-MILD,NO_REJECTION_CREDIT,2,COMPLETE,NOT_COMPUTED_MISSING_EXECUTION_OBSERVATION,,0,60,0,60,60
r8c-3451-b00a346fa3f2c071,3451,E2_DYNAMIC_INCREMENTAL_AFTER_FULL_REUSE,CDF11/CDF-MILD,NO_MEMORY_RESET_GATE,2,COMPLETE,NOT_COMPUTED_MISSING_EXECUTION_OBSERVATION,,0,60,0,60,60
r8c-3452-ad34f25db2016c61,3452,E2_DYNAMIC_INCREMENTAL_AFTER_FULL_REUSE,CDF11/CDF-MILD,NO_LINEAGE_CREDIT,2,COMPLETE,NOT_COMPUTED_MISSING_EXECUTION_OBSERVATION,,0,60,0,60,60
r8c-3453-316bd6ac06f90e29,3453,E2_DYNAMIC_INCREMENTAL_AFTER_FULL_REUSE,CDF11/CDF-MILD,CROSS_EVENT_WARM_START_ONLY,2,COMPLETE,NOT_COMPUTED_MISSING_EXECUTION_OBSERVATION,,0,60,0,60,60
r8c-3454-bca29ee9c14e07b9,3454,E2_DYNAMIC_INCREMENTAL_AFTER_FULL_REUSE,CDF11/CDF-MILD,CROSS_EVENT_MEMORY_ONLY,2,COMPLETE,NOT_COMPUTED_MISSING_EXECUTION_OBSERVATION,,0,60,0,60,60
r8c-3455-a90e379b5b107f54,3455,E2_DYNAMIC_INCREMENTAL_AFTER_FULL_REUSE,CDF11/CDF-MILD,SHADE_ONLY,2,COMPLETE,NOT_COMPUTED_MISSING_EXECUTION_OBSERVATION,,0,60,0,60,60
r8c-3456-adb5cc37b5d2472f,3456,E2_DYNAMIC_INCREMENTAL_AFTER_FULL_REUSE,CDF11/CDF-MILD,NO_CROSS_EVENT_MEMORY,3,COMPLETE,NOT_COMPUTED_MISSING_EXECUTION_OBSERVATION,,0,60,0,60,60
r8c-3457-4dc919e501489e4d,3457,E2_DYNAMIC_INCREMENTAL_AFTER_FULL_REUSE,CDF11/CDF-MILD,NO_REJECTION_CREDIT,3,COMPLETE,NOT_COMPUTED_MISSING_EXECUTION_OBSERVATION,,0,60,0,60,60
r8c-3458-13c5536b31f32b6e,3458,E2_DYNAMIC_INCREMENTAL_AFTER_FULL_REUSE,CDF11/CDF-MILD,NO_MEMORY_RESET_GATE,3,COMPLETE,NOT_COMPUTED_MISSING_EXECUTION_OBSERVATION,,0,60,0,60,60
r8c-3459-56d70e7ada148034,3459,E2_DYNAMIC_INCREMENTAL_AFTER_FULL_REUSE,CDF11/CDF-MILD,NO_LINEAGE_CREDIT,3,COMPLETE,NOT_COMPUTED_MISSING_EXECUTION_OBSERVATION,,0,60,0,60,60
r8c-3460-a6772337dc0e19ca,3460,E2_DYNAMIC_INCREMENTAL_AFTER_FULL_REUSE,CDF11/CDF-MILD,CROSS_EVENT_WARM_START_ONLY,3,COMPLETE,NOT_COMPUTED_MISSING_EXECUTION_OBSERVATION,,0,60,0,60,60
r8c-3461-ef6c5f4e5e01350a,3461,E2_DYNAMIC_INCREMENTAL_AFTER_FULL_REUSE,CDF11/CDF-MILD,CROSS_EVENT_MEMORY_ONLY,3,COMPLETE,NOT_COMPUTED_MISSING_EXECUTION_OBSERVATION,,0,60,0,60,60
r8c-3462-32ecda4a1dd83bdf,3462,E2_DYNAMIC_INCREMENTAL_AFTER_FULL_REUSE,CDF11/CDF-MILD,SHADE_ONLY,3,COMPLETE,NOT_COMPUTED_MISSING_EXECUTION_OBSERVATION,,0,60,0,60,60
r8c-3463-d77d3a5a1d82f0d3,3463,E2_DYNAMIC_INCREMENTAL_AFTER_FULL_REUSE,CDF11/CDF-MILD,NO_CROSS_EVENT_MEMORY,4,COMPLETE,NOT_COMPUTED_MISSING_EXECUTION_OBSERVATION,,0,60,0,60,60
r8c-3464-4c71c90e4d946ad7,3464,E2_DYNAMIC_INCREMENTAL_AFTER_FULL_REUSE,CDF11/CDF-MILD,NO_REJECTION_CREDIT,4,COMPLETE,NOT_COMPUTED_MISSING_EXECUTION_OBSERVATION,,0,60,0,60,60
r8c-3465-9ea3ac60dcad036a,3465,E2_DYNAMIC_INCREMENTAL_AFTER_FULL_REUSE,CDF11/CDF-MILD,NO_MEMORY_RESET_GATE,4,COMPLETE,NOT_COMPUTED_MISSING_EXECUTION_OBSERVATION,,0,60,0,60,60
r8c-3466-58b8326682572255,3466,E2_DYNAMIC_INCREMENTAL_AFTER_FULL_REUSE,CDF11/CDF-MILD,NO_LINEAGE_CREDIT,4,COMPLETE,NOT_COMPUTED_MISSING_EXECUTION_OBSERVATION,,0,60,0,60,60
r8c-3467-4969a973da316aae,3467,E2_DYNAMIC_INCREMENTAL_AFTER_FULL_REUSE,CDF11/CDF-MILD,CROSS_EVENT_WARM_START_ONLY,4,COMPLETE,NOT_COMPUTED_MISSING_EXECUTION_OBSERVATION,,0,60,0,60,60
r8c-3468-4ed0e93245fefb6c,3468,E2_DYNAMIC_INCREMENTAL_AFTER_FULL_REUSE,CDF11/CDF-MILD,CROSS_EVENT_MEMORY_ONLY,4,COMPLETE,NOT_COMPUTED_MISSING_EXECUTION_OBSERVATION,,0,60,0,60,60
r8c-3469-9111737f0e5f9c43,3469,E2_DYNAMIC_INCREMENTAL_AFTER_FULL_REUSE,CDF11/CDF-MILD,SHADE_ONLY,4,COMPLETE,NOT_COMPUTED_MISSING_EXECUTION_OBSERVATION,,0,60,0,60,60
r8c-3470-5dd39379d2f16aa5,3470,E2_DYNAMIC_INCREMENTAL_AFTER_FULL_REUSE,CDF12/CDF-HARSH,NO_CROSS_EVENT_MEMORY,0,COMPLETE,NOT_COMPUTED_MISSING_EXECUTION_OBSERVATION,,0,60,0,60,60
r8c-3471-f89815d7f7fc2af2,3471,E2_DYNAMIC_INCREMENTAL_AFTER_FULL_REUSE,CDF12/CDF-HARSH,NO_REJECTION_CREDIT,0,COMPLETE,NOT_COMPUTED_MISSING_EXECUTION_OBSERVATION,,0,60,0,60,60
r8c-3472-9b0c55a05d641433,3472,E2_DYNAMIC_INCREMENTAL_AFTER_FULL_REUSE,CDF12/CDF-HARSH,NO_MEMORY_RESET_GATE,0,COMPLETE,NOT_COMPUTED_MISSING_EXECUTION_OBSERVATION,,0,60,0,60,60
r8c-3473-878d25d3dbda08c2,3473,E2_DYNAMIC_INCREMENTAL_AFTER_FULL_REUSE,CDF12/CDF-HARSH,NO_LINEAGE_CREDIT,0,COMPLETE,NOT_COMPUTED_MISSING_EXECUTION_OBSERVATION,,0,60,0,60,60
r8c-3474-c7213c883e7ad90e,3474,E2_DYNAMIC_INCREMENTAL_AFTER_FULL_REUSE,CDF12/CDF-HARSH,CROSS_EVENT_WARM_START_ONLY,0,COMPLETE,NOT_COMPUTED_MISSING_EXECUTION_OBSERVATION,,0,60,0,60,60
r8c-3475-dca4e888308b1839,3475,E2_DYNAMIC_INCREMENTAL_AFTER_FULL_REUSE,CDF12/CDF-HARSH,CROSS_EVENT_MEMORY_ONLY,0,COMPLETE,NOT_COMPUTED_MISSING_EXECUTION_OBSERVATION,,0,60,0,60,60
r8c-3476-cdc13f418737000c,3476,E2_DYNAMIC_INCREMENTAL_AFTER_FULL_REUSE,CDF12/CDF-HARSH,SHADE_ONLY,0,COMPLETE,NOT_COMPUTED_MISSING_EXECUTION_OBSERVATION,,0,60,0,60,60
r8c-3477-de28d847de73898b,3477,E2_DYNAMIC_INCREMENTAL_AFTER_FULL_REUSE,CDF12/CDF-HARSH,NO_CROSS_EVENT_MEMORY,1,COMPLETE,NOT_COMPUTED_MISSING_EXECUTION_OBSERVATION,,0,60,0,60,60
r8c-3478-3d32359a2beb51b2,3478,E2_DYNAMIC_INCREMENTAL_AFTER_FULL_REUSE,CDF12/CDF-HARSH,NO_REJECTION_CREDIT,1,COMPLETE,NOT_COMPUTED_MISSING_EXECUTION_OBSERVATION,,0,60,0,60,60
r8c-3479-419842f41c7abf55,3479,E2_DYNAMIC_INCREMENTAL_AFTER_FULL_REUSE,CDF12/CDF-HARSH,NO_MEMORY_RESET_GATE,1,COMPLETE,NOT_COMPUTED_MISSING_EXECUTION_OBSERVATION,,0,60,0,60,60
r8c-3480-51a0ec96814f63cb,3480,E2_DYNAMIC_INCREMENTAL_AFTER_FULL_REUSE,CDF12/CDF-HARSH,NO_LINEAGE_CREDIT,1,COMPLETE,NOT_COMPUTED_MISSING_EXECUTION_OBSERVATION,,0,60,0,60,60
r8c-3481-fce31bf4e5faec84,3481,E2_DYNAMIC_INCREMENTAL_AFTER_FULL_REUSE,CDF12/CDF-HARSH,CROSS_EVENT_WARM_START_ONLY,1,COMPLETE,NOT_COMPUTED_MISSING_EXECUTION_OBSERVATION,,0,60,0,60,60
r8c-3482-47096bda1f770678,3482,E2_DYNAMIC_INCREMENTAL_AFTER_FULL_REUSE,CDF12/CDF-HARSH,CROSS_EVENT_MEMORY_ONLY,1,COMPLETE,NOT_COMPUTED_MISSING_EXECUTION_OBSERVATION,,0,60,0,60,60
r8c-3483-12dd210e217b294f,3483,E2_DYNAMIC_INCREMENTAL_AFTER_FULL_REUSE,CDF12/CDF-HARSH,SHADE_ONLY,1,COMPLETE,NOT_COMPUTED_MISSING_EXECUTION_OBSERVATION,,0,60,0,60,60
r8c-3484-f43fd0fe03775d54,3484,E2_DYNAMIC_INCREMENTAL_AFTER_FULL_REUSE,CDF12/CDF-HARSH,NO_CROSS_EVENT_MEMORY,2,COMPLETE,NOT_COMPUTED_MISSING_EXECUTION_OBSERVATION,,0,60,0,60,60
r8c-3485-0504c56247b94c85,3485,E2_DYNAMIC_INCREMENTAL_AFTER_FULL_REUSE,CDF12/CDF-HARSH,NO_REJECTION_CREDIT,2,COMPLETE,NOT_COMPUTED_MISSING_EXECUTION_OBSERVATION,,0,60,0,60,60
r8c-3486-26a9eb8d662f89e2,3486,E2_DYNAMIC_INCREMENTAL_AFTER_FULL_REUSE,CDF12/CDF-HARSH,NO_MEMORY_RESET_GATE,2,COMPLETE,NOT_COMPUTED_MISSING_EXECUTION_OBSERVATION,,0,60,0,60,60
r8c-3487-2eb4b693174d3afa,3487,E2_DYNAMIC_INCREMENTAL_AFTER_FULL_REUSE,CDF12/CDF-HARSH,NO_LINEAGE_CREDIT,2,COMPLETE,NOT_COMPUTED_MISSING_EXECUTION_OBSERVATION,,0,60,0,60,60
r8c-3488-26855d6bf8247733,3488,E2_DYNAMIC_INCREMENTAL_AFTER_FULL_REUSE,CDF12/CDF-HARSH,CROSS_EVENT_WARM_START_ONLY,2,COMPLETE,NOT_COMPUTED_MISSING_EXECUTION_OBSERVATION,,0,60,0,60,60
r8c-3489-c238654e95a09d5b,3489,E2_DYNAMIC_INCREMENTAL_AFTER_FULL_REUSE,CDF12/CDF-HARSH,CROSS_EVENT_MEMORY_ONLY,2,COMPLETE,NOT_COMPUTED_MISSING_EXECUTION_OBSERVATION,,0,60,0,60,60
r8c-3490-25c495eb8cb518c6,3490,E2_DYNAMIC_INCREMENTAL_AFTER_FULL_REUSE,CDF12/CDF-HARSH,SHADE_ONLY,2,COMPLETE,NOT_COMPUTED_MISSING_EXECUTION_OBSERVATION,,0,60,0,60,60
r8c-3491-e7d745ecaf7f1ef6,3491,E2_DYNAMIC_INCREMENTAL_AFTER_FULL_REUSE,CDF12/CDF-HARSH,NO_CROSS_EVENT_MEMORY,3,COMPLETE,NOT_COMPUTED_MISSING_EXECUTION_OBSERVATION,,0,60,0,60,60
r8c-3492-e7d9d2fb8a1c914a,3492,E2_DYNAMIC_INCREMENTAL_AFTER_FULL_REUSE,CDF12/CDF-HARSH,NO_REJECTION_CREDIT,3,COMPLETE,NOT_COMPUTED_MISSING_EXECUTION_OBSERVATION,,0,60,0,60,60
r8c-3493-8614ef72b2fb7c79,3493,E2_DYNAMIC_INCREMENTAL_AFTER_FULL_REUSE,CDF12/CDF-HARSH,NO_MEMORY_RESET_GATE,3,COMPLETE,NOT_COMPUTED_MISSING_EXECUTION_OBSERVATION,,0,60,0,60,60
r8c-3494-686956b2c73fabc1,3494,E2_DYNAMIC_INCREMENTAL_AFTER_FULL_REUSE,CDF12/CDF-HARSH,NO_LINEAGE_CREDIT,3,COMPLETE,NOT_COMPUTED_MISSING_EXECUTION_OBSERVATION,,0,60,0,60,60
r8c-3495-42be335b390ebbfa,3495,E2_DYNAMIC_INCREMENTAL_AFTER_FULL_REUSE,CDF12/CDF-HARSH,CROSS_EVENT_WARM_START_ONLY,3,COMPLETE,NOT_COMPUTED_MISSING_EXECUTION_OBSERVATION,,0,60,0,60,60
r8c-3496-ffc5ba70a887b421,3496,E2_DYNAMIC_INCREMENTAL_AFTER_FULL_REUSE,CDF12/CDF-HARSH,CROSS_EVENT_MEMORY_ONLY,3,COMPLETE,NOT_COMPUTED_MISSING_EXECUTION_OBSERVATION,,0,60,0,60,60
r8c-3497-6cfa74ae482379bb,3497,E2_DYNAMIC_INCREMENTAL_AFTER_FULL_REUSE,CDF12/CDF-HARSH,SHADE_ONLY,3,COMPLETE,NOT_COMPUTED_MISSING_EXECUTION_OBSERVATION,,0,60,0,60,60
r8c-3498-3befef2de0a0c06d,3498,E2_DYNAMIC_INCREMENTAL_AFTER_FULL_REUSE,CDF12/CDF-HARSH,NO_CROSS_EVENT_MEMORY,4,COMPLETE,NOT_COMPUTED_MISSING_EXECUTION_OBSERVATION,,0,60,0,60,60
r8c-3499-3fb3a83de336ae58,3499,E2_DYNAMIC_INCREMENTAL_AFTER_FULL_REUSE,CDF12/CDF-HARSH,NO_REJECTION_CREDIT,4,COMPLETE,NOT_COMPUTED_MISSING_EXECUTION_OBSERVATION,,0,60,0,60,60
r8c-3500-b2b585728aa63d3f,3500,E2_DYNAMIC_INCREMENTAL_AFTER_FULL_REUSE,CDF12/CDF-HARSH,NO_MEMORY_RESET_GATE,4,COMPLETE,NOT_COMPUTED_MISSING_EXECUTION_OBSERVATION,,0,60,0,60,60
r8c-3501-865a7ea0968c9a4d,3501,E2_DYNAMIC_INCREMENTAL_AFTER_FULL_REUSE,CDF12/CDF-HARSH,NO_LINEAGE_CREDIT,4,COMPLETE,NOT_COMPUTED_MISSING_EXECUTION_OBSERVATION,,0,60,0,60,60
r8c-3502-8404f45e10ebd709,3502,E2_DYNAMIC_INCREMENTAL_AFTER_FULL_REUSE,CDF12/CDF-HARSH,CROSS_EVENT_WARM_START_ONLY,4,COMPLETE,NOT_COMPUTED_MISSING_EXECUTION_OBSERVATION,,0,60,0,60,60
r8c-3503-ec59ca2a599dff42,3503,E2_DYNAMIC_INCREMENTAL_AFTER_FULL_REUSE,CDF12/CDF-HARSH,CROSS_EVENT_MEMORY_ONLY,4,COMPLETE,NOT_COMPUTED_MISSING_EXECUTION_OBSERVATION,,0,60,0,60,60
r8c-3504-8f3fcca4c165aff3,3504,E2_DYNAMIC_INCREMENTAL_AFTER_FULL_REUSE,CDF12/CDF-HARSH,SHADE_ONLY,4,COMPLETE,NOT_COMPUTED_MISSING_EXECUTION_OBSERVATION,,0,60,0,60,60
r8c-3505-e3e6cd8d4efcf98d,3505,E2_DYNAMIC_INCREMENTAL_AFTER_FULL_REUSE,CDF12/CDF-MILD,NO_CROSS_EVENT_MEMORY,0,COMPLETE,NOT_COMPUTED_MISSING_EXECUTION_OBSERVATION,,0,60,0,60,60
r8c-3506-3c181ad5665ecfa6,3506,E2_DYNAMIC_INCREMENTAL_AFTER_FULL_REUSE,CDF12/CDF-MILD,NO_REJECTION_CREDIT,0,COMPLETE,NOT_COMPUTED_MISSING_EXECUTION_OBSERVATION,,0,60,0,60,60
r8c-3507-aba22222ebe746c5,3507,E2_DYNAMIC_INCREMENTAL_AFTER_FULL_REUSE,CDF12/CDF-MILD,NO_MEMORY_RESET_GATE,0,COMPLETE,NOT_COMPUTED_MISSING_EXECUTION_OBSERVATION,,0,60,0,60,60
r8c-3508-a5757f3c4887f047,3508,E2_DYNAMIC_INCREMENTAL_AFTER_FULL_REUSE,CDF12/CDF-MILD,NO_LINEAGE_CREDIT,0,COMPLETE,NOT_COMPUTED_MISSING_EXECUTION_OBSERVATION,,0,60,0,60,60
r8c-3509-45818b6008d7ea83,3509,E2_DYNAMIC_INCREMENTAL_AFTER_FULL_REUSE,CDF12/CDF-MILD,CROSS_EVENT_WARM_START_ONLY,0,COMPLETE,NOT_COMPUTED_MISSING_EXECUTION_OBSERVATION,,0,60,0,60,60
r8c-3510-ad984ad1c80a710c,3510,E2_DYNAMIC_INCREMENTAL_AFTER_FULL_REUSE,CDF12/CDF-MILD,CROSS_EVENT_MEMORY_ONLY,0,COMPLETE,NOT_COMPUTED_MISSING_EXECUTION_OBSERVATION,,0,60,0,60,60
r8c-3511-4206f5d396393113,3511,E2_DYNAMIC_INCREMENTAL_AFTER_FULL_REUSE,CDF12/CDF-MILD,SHADE_ONLY,0,COMPLETE,NOT_COMPUTED_MISSING_EXECUTION_OBSERVATION,,0,60,0,60,60
r8c-3512-3981f3f75579b351,3512,E2_DYNAMIC_INCREMENTAL_AFTER_FULL_REUSE,CDF12/CDF-MILD,NO_CROSS_EVENT_MEMORY,1,COMPLETE,NOT_COMPUTED_MISSING_EXECUTION_OBSERVATION,,0,60,0,60,60
r8c-3513-3a67b64814598708,3513,E2_DYNAMIC_INCREMENTAL_AFTER_FULL_REUSE,CDF12/CDF-MILD,NO_REJECTION_CREDIT,1,COMPLETE,NOT_COMPUTED_MISSING_EXECUTION_OBSERVATION,,0,60,0,60,60
r8c-3514-b593562544809bd1,3514,E2_DYNAMIC_INCREMENTAL_AFTER_FULL_REUSE,CDF12/CDF-MILD,NO_MEMORY_RESET_GATE,1,COMPLETE,NOT_COMPUTED_MISSING_EXECUTION_OBSERVATION,,0,60,0,60,60
r8c-3515-4ad7880e1540e1d5,3515,E2_DYNAMIC_INCREMENTAL_AFTER_FULL_REUSE,CDF12/CDF-MILD,NO_LINEAGE_CREDIT,1,COMPLETE,NOT_COMPUTED_MISSING_EXECUTION_OBSERVATION,,0,60,0,60,60
r8c-3516-aaf5199baa5f819d,3516,E2_DYNAMIC_INCREMENTAL_AFTER_FULL_REUSE,CDF12/CDF-MILD,CROSS_EVENT_WARM_START_ONLY,1,COMPLETE,NOT_COMPUTED_MISSING_EXECUTION_OBSERVATION,,0,60,0,60,60
r8c-3517-48d53b5dea8418ce,3517,E2_DYNAMIC_INCREMENTAL_AFTER_FULL_REUSE,CDF12/CDF-MILD,CROSS_EVENT_MEMORY_ONLY,1,COMPLETE,NOT_COMPUTED_MISSING_EXECUTION_OBSERVATION,,0,60,0,60,60
r8c-3518-707f22ad697b63da,3518,E2_DYNAMIC_INCREMENTAL_AFTER_FULL_REUSE,CDF12/CDF-MILD,SHADE_ONLY,1,COMPLETE,NOT_COMPUTED_MISSING_EXECUTION_OBSERVATION,,0,60,0,60,60
r8c-3519-6ead89e365ca4264,3519,E2_DYNAMIC_INCREMENTAL_AFTER_FULL_REUSE,CDF12/CDF-MILD,NO_CROSS_EVENT_MEMORY,2,COMPLETE,NOT_COMPUTED_MISSING_EXECUTION_OBSERVATION,,0,60,0,60,60
r8c-3520-f8809eea69c5d50d,3520,E2_DYNAMIC_INCREMENTAL_AFTER_FULL_REUSE,CDF12/CDF-MILD,NO_REJECTION_CREDIT,2,COMPLETE,NOT_COMPUTED_MISSING_EXECUTION_OBSERVATION,,0,60,0,60,60
r8c-3521-821990f92391ef60,3521,E2_DYNAMIC_INCREMENTAL_AFTER_FULL_REUSE,CDF12/CDF-MILD,NO_MEMORY_RESET_GATE,2,COMPLETE,NOT_COMPUTED_MISSING_EXECUTION_OBSERVATION,,0,60,0,60,60
r8c-3522-b9a4997a8e342809,3522,E2_DYNAMIC_INCREMENTAL_AFTER_FULL_REUSE,CDF12/CDF-MILD,NO_LINEAGE_CREDIT,2,COMPLETE,NOT_COMPUTED_MISSING_EXECUTION_OBSERVATION,,0,60,0,60,60
r8c-3523-bce42c2850735928,3523,E2_DYNAMIC_INCREMENTAL_AFTER_FULL_REUSE,CDF12/CDF-MILD,CROSS_EVENT_WARM_START_ONLY,2,COMPLETE,NOT_COMPUTED_MISSING_EXECUTION_OBSERVATION,,0,60,0,60,60
r8c-3524-a6eec670e0f7c249,3524,E2_DYNAMIC_INCREMENTAL_AFTER_FULL_REUSE,CDF12/CDF-MILD,CROSS_EVENT_MEMORY_ONLY,2,COMPLETE,NOT_COMPUTED_MISSING_EXECUTION_OBSERVATION,,0,60,0,60,60
r8c-3525-38080b69ef7a269b,3525,E2_DYNAMIC_INCREMENTAL_AFTER_FULL_REUSE,CDF12/CDF-MILD,SHADE_ONLY,2,COMPLETE,NOT_COMPUTED_MISSING_EXECUTION_OBSERVATION,,0,60,0,60,60
r8c-3526-60adf53a4cce9ede,3526,E2_DYNAMIC_INCREMENTAL_AFTER_FULL_REUSE,CDF12/CDF-MILD,NO_CROSS_EVENT_MEMORY,3,COMPLETE,NOT_COMPUTED_MISSING_EXECUTION_OBSERVATION,,0,60,0,60,60
r8c-3527-0f0da78f9b0c110d,3527,E2_DYNAMIC_INCREMENTAL_AFTER_FULL_REUSE,CDF12/CDF-MILD,NO_REJECTION_CREDIT,3,COMPLETE,NOT_COMPUTED_MISSING_EXECUTION_OBSERVATION,,0,60,0,60,60
r8c-3528-7402a203b6ec2138,3528,E2_DYNAMIC_INCREMENTAL_AFTER_FULL_REUSE,CDF12/CDF-MILD,NO_MEMORY_RESET_GATE,3,COMPLETE,NOT_COMPUTED_MISSING_EXECUTION_OBSERVATION,,0,60,0,60,60
r8c-3529-92c9884ac06bceef,3529,E2_DYNAMIC_INCREMENTAL_AFTER_FULL_REUSE,CDF12/CDF-MILD,NO_LINEAGE_CREDIT,3,COMPLETE,NOT_COMPUTED_MISSING_EXECUTION_OBSERVATION,,0,60,0,60,60
r8c-3530-95f6999737bad546,3530,E2_DYNAMIC_INCREMENTAL_AFTER_FULL_REUSE,CDF12/CDF-MILD,CROSS_EVENT_WARM_START_ONLY,3,COMPLETE,NOT_COMPUTED_MISSING_EXECUTION_OBSERVATION,,0,60,0,60,60
r8c-3531-df8d09fcfde6d387,3531,E2_DYNAMIC_INCREMENTAL_AFTER_FULL_REUSE,CDF12/CDF-MILD,CROSS_EVENT_MEMORY_ONLY,3,COMPLETE,NOT_COMPUTED_MISSING_EXECUTION_OBSERVATION,,0,60,0,60,60
r8c-3532-bd844fb1d3b6271d,3532,E2_DYNAMIC_INCREMENTAL_AFTER_FULL_REUSE,CDF12/CDF-MILD,SHADE_ONLY,3,COMPLETE,NOT_COMPUTED_MISSING_EXECUTION_OBSERVATION,,0,60,0,60,60
r8c-3533-b7af39b4607bc905,3533,E2_DYNAMIC_INCREMENTAL_AFTER_FULL_REUSE,CDF12/CDF-MILD,NO_CROSS_EVENT_MEMORY,4,COMPLETE,NOT_COMPUTED_MISSING_EXECUTION_OBSERVATION,,0,60,0,60,60
r8c-3534-7428cb0b0dc702a8,3534,E2_DYNAMIC_INCREMENTAL_AFTER_FULL_REUSE,CDF12/CDF-MILD,NO_REJECTION_CREDIT,4,COMPLETE,NOT_COMPUTED_MISSING_EXECUTION_OBSERVATION,,0,60,0,60,60
r8c-3535-3ae40a76c9185082,3535,E2_DYNAMIC_INCREMENTAL_AFTER_FULL_REUSE,CDF12/CDF-MILD,NO_MEMORY_RESET_GATE,4,COMPLETE,NOT_COMPUTED_MISSING_EXECUTION_OBSERVATION,,0,60,0,60,60
r8c-3536-168750fcb341b45e,3536,E2_DYNAMIC_INCREMENTAL_AFTER_FULL_REUSE,CDF12/CDF-MILD,NO_LINEAGE_CREDIT,4,COMPLETE,NOT_COMPUTED_MISSING_EXECUTION_OBSERVATION,,0,60,0,60,60
r8c-3537-e298816f90c3333a,3537,E2_DYNAMIC_INCREMENTAL_AFTER_FULL_REUSE,CDF12/CDF-MILD,CROSS_EVENT_WARM_START_ONLY,4,COMPLETE,NOT_COMPUTED_MISSING_EXECUTION_OBSERVATION,,0,60,0,60,60
r8c-3538-7c51d41b55e9267e,3538,E2_DYNAMIC_INCREMENTAL_AFTER_FULL_REUSE,CDF12/CDF-MILD,CROSS_EVENT_MEMORY_ONLY,4,COMPLETE,NOT_COMPUTED_MISSING_EXECUTION_OBSERVATION,,0,60,0,60,60
r8c-3539-df440cc2c73e2187,3539,E2_DYNAMIC_INCREMENTAL_AFTER_FULL_REUSE,CDF12/CDF-MILD,SHADE_ONLY,4,COMPLETE,NOT_COMPUTED_MISSING_EXECUTION_OBSERVATION,,0,60,0,60,60
r8c-3540-d098d85e9a67e7e8,3540,E2_DYNAMIC_INCREMENTAL_AFTER_FULL_REUSE,CDF13/CDF-HARSH,NO_CROSS_EVENT_MEMORY,0,COMPLETE,NOT_COMPUTED_MISSING_EXECUTION_OBSERVATION,,0,60,0,60,60
r8c-3541-b0157bc9e1d7e111,3541,E2_DYNAMIC_INCREMENTAL_AFTER_FULL_REUSE,CDF13/CDF-HARSH,NO_REJECTION_CREDIT,0,COMPLETE,NOT_COMPUTED_MISSING_EXECUTION_OBSERVATION,,0,60,0,60,60
r8c-3542-e2bad7c976a8ca20,3542,E2_DYNAMIC_INCREMENTAL_AFTER_FULL_REUSE,CDF13/CDF-HARSH,NO_MEMORY_RESET_GATE,0,COMPLETE,NOT_COMPUTED_MISSING_EXECUTION_OBSERVATION,,0,60,0,60,60
r8c-3543-0be7dc636fd38bc6,3543,E2_DYNAMIC_INCREMENTAL_AFTER_FULL_REUSE,CDF13/CDF-HARSH,NO_LINEAGE_CREDIT,0,COMPLETE,NOT_COMPUTED_MISSING_EXECUTION_OBSERVATION,,0,60,0,60,60
r8c-3544-beb95571704065fb,3544,E2_DYNAMIC_INCREMENTAL_AFTER_FULL_REUSE,CDF13/CDF-HARSH,CROSS_EVENT_WARM_START_ONLY,0,COMPLETE,NOT_COMPUTED_MISSING_EXECUTION_OBSERVATION,,0,60,0,60,60
r8c-3545-06381669f018e721,3545,E2_DYNAMIC_INCREMENTAL_AFTER_FULL_REUSE,CDF13/CDF-HARSH,CROSS_EVENT_MEMORY_ONLY,0,COMPLETE,NOT_COMPUTED_MISSING_EXECUTION_OBSERVATION,,0,60,0,60,60
r8c-3546-0fe3f260e4610a42,3546,E2_DYNAMIC_INCREMENTAL_AFTER_FULL_REUSE,CDF13/CDF-HARSH,SHADE_ONLY,0,COMPLETE,NOT_COMPUTED_MISSING_EXECUTION_OBSERVATION,,0,60,0,60,60
r8c-3547-18a32d39e3035ce2,3547,E2_DYNAMIC_INCREMENTAL_AFTER_FULL_REUSE,CDF13/CDF-HARSH,NO_CROSS_EVENT_MEMORY,1,COMPLETE,NOT_COMPUTED_MISSING_EXECUTION_OBSERVATION,,0,60,0,60,60
r8c-3548-4c15b5b0f07b96fc,3548,E2_DYNAMIC_INCREMENTAL_AFTER_FULL_REUSE,CDF13/CDF-HARSH,NO_REJECTION_CREDIT,1,COMPLETE,NOT_COMPUTED_MISSING_EXECUTION_OBSERVATION,,0,60,0,60,60
r8c-3549-f790862f89cb451c,3549,E2_DYNAMIC_INCREMENTAL_AFTER_FULL_REUSE,CDF13/CDF-HARSH,NO_MEMORY_RESET_GATE,1,COMPLETE,NOT_COMPUTED_MISSING_EXECUTION_OBSERVATION,,0,60,0,60,60
r8c-3550-3c77c5ede681dea1,3550,E2_DYNAMIC_INCREMENTAL_AFTER_FULL_REUSE,CDF13/CDF-HARSH,NO_LINEAGE_CREDIT,1,COMPLETE,NOT_COMPUTED_MISSING_EXECUTION_OBSERVATION,,0,60,0,60,60
r8c-3551-558128008a08818b,3551,E2_DYNAMIC_INCREMENTAL_AFTER_FULL_REUSE,CDF13/CDF-HARSH,CROSS_EVENT_WARM_START_ONLY,1,COMPLETE,NOT_COMPUTED_MISSING_EXECUTION_OBSERVATION,,0,60,0,60,60
r8c-3552-d14846237b1621fa,3552,E2_DYNAMIC_INCREMENTAL_AFTER_FULL_REUSE,CDF13/CDF-HARSH,CROSS_EVENT_MEMORY_ONLY,1,COMPLETE,NOT_COMPUTED_MISSING_EXECUTION_OBSERVATION,,0,60,0,60,60
r8c-3553-fadbbc3678f24f59,3553,E2_DYNAMIC_INCREMENTAL_AFTER_FULL_REUSE,CDF13/CDF-HARSH,SHADE_ONLY,1,COMPLETE,NOT_COMPUTED_MISSING_EXECUTION_OBSERVATION,,0,60,0,60,60
r8c-3554-2da019832bec4474,3554,E2_DYNAMIC_INCREMENTAL_AFTER_FULL_REUSE,CDF13/CDF-HARSH,NO_CROSS_EVENT_MEMORY,2,COMPLETE,NOT_COMPUTED_MISSING_EXECUTION_OBSERVATION,,0,60,0,60,60
r8c-3555-8b0cd863d8132f6a,3555,E2_DYNAMIC_INCREMENTAL_AFTER_FULL_REUSE,CDF13/CDF-HARSH,NO_REJECTION_CREDIT,2,COMPLETE,NOT_COMPUTED_MISSING_EXECUTION_OBSERVATION,,0,60,0,60,60
r8c-3556-85ce0fb0f144050b,3556,E2_DYNAMIC_INCREMENTAL_AFTER_FULL_REUSE,CDF13/CDF-HARSH,NO_MEMORY_RESET_GATE,2,COMPLETE,NOT_COMPUTED_MISSING_EXECUTION_OBSERVATION,,0,60,0,60,60
r8c-3557-2409ed3fd436a4ad,3557,E2_DYNAMIC_INCREMENTAL_AFTER_FULL_REUSE,CDF13/CDF-HARSH,NO_LINEAGE_CREDIT,2,COMPLETE,NOT_COMPUTED_MISSING_EXECUTION_OBSERVATION,,0,60,0,60,60
r8c-3558-1098ecd03b34ec35,3558,E2_DYNAMIC_INCREMENTAL_AFTER_FULL_REUSE,CDF13/CDF-HARSH,CROSS_EVENT_WARM_START_ONLY,2,COMPLETE,NOT_COMPUTED_MISSING_EXECUTION_OBSERVATION,,0,60,0,60,60
r8c-3559-33762493af454317,3559,E2_DYNAMIC_INCREMENTAL_AFTER_FULL_REUSE,CDF13/CDF-HARSH,CROSS_EVENT_MEMORY_ONLY,2,COMPLETE,NOT_COMPUTED_MISSING_EXECUTION_OBSERVATION,,0,60,0,60,60
r8c-3560-e5d5b914d5fdf7c6,3560,E2_DYNAMIC_INCREMENTAL_AFTER_FULL_REUSE,CDF13/CDF-HARSH,SHADE_ONLY,2,COMPLETE,NOT_COMPUTED_MISSING_EXECUTION_OBSERVATION,,0,60,0,60,60
r8c-3561-781bd3849bf19c26,3561,E2_DYNAMIC_INCREMENTAL_AFTER_FULL_REUSE,CDF13/CDF-HARSH,NO_CROSS_EVENT_MEMORY,3,COMPLETE,NOT_COMPUTED_MISSING_EXECUTION_OBSERVATION,,0,60,0,60,60
r8c-3562-008870b279bc3f42,3562,E2_DYNAMIC_INCREMENTAL_AFTER_FULL_REUSE,CDF13/CDF-HARSH,NO_REJECTION_CREDIT,3,COMPLETE,NOT_COMPUTED_MISSING_EXECUTION_OBSERVATION,,0,60,0,60,60
r8c-3563-f73746966bd1fc7e,3563,E2_DYNAMIC_INCREMENTAL_AFTER_FULL_REUSE,CDF13/CDF-HARSH,NO_MEMORY_RESET_GATE,3,COMPLETE,NOT_COMPUTED_MISSING_EXECUTION_OBSERVATION,,0,60,0,60,60
r8c-3564-9489756a615ba3ec,3564,E2_DYNAMIC_INCREMENTAL_AFTER_FULL_REUSE,CDF13/CDF-HARSH,NO_LINEAGE_CREDIT,3,COMPLETE,NOT_COMPUTED_MISSING_EXECUTION_OBSERVATION,,0,60,0,60,60
r8c-3565-72d1caa218e61340,3565,E2_DYNAMIC_INCREMENTAL_AFTER_FULL_REUSE,CDF13/CDF-HARSH,CROSS_EVENT_WARM_START_ONLY,3,COMPLETE,NOT_COMPUTED_MISSING_EXECUTION_OBSERVATION,,0,60,0,60,60
r8c-3566-4cebce1aacde6e6d,3566,E2_DYNAMIC_INCREMENTAL_AFTER_FULL_REUSE,CDF13/CDF-HARSH,CROSS_EVENT_MEMORY_ONLY,3,COMPLETE,NOT_COMPUTED_MISSING_EXECUTION_OBSERVATION,,0,60,0,60,60
r8c-3567-dde78694be0ac01b,3567,E2_DYNAMIC_INCREMENTAL_AFTER_FULL_REUSE,CDF13/CDF-HARSH,SHADE_ONLY,3,COMPLETE,NOT_COMPUTED_MISSING_EXECUTION_OBSERVATION,,0,60,0,60,60
r8c-3568-a13a0c5347aba540,3568,E2_DYNAMIC_INCREMENTAL_AFTER_FULL_REUSE,CDF13/CDF-HARSH,NO_CROSS_EVENT_MEMORY,4,COMPLETE,NOT_COMPUTED_MISSING_EXECUTION_OBSERVATION,,0,60,0,60,60
r8c-3569-bccc1703a47eb339,3569,E2_DYNAMIC_INCREMENTAL_AFTER_FULL_REUSE,CDF13/CDF-HARSH,NO_REJECTION_CREDIT,4,COMPLETE,NOT_COMPUTED_MISSING_EXECUTION_OBSERVATION,,0,60,0,60,60
r8c-3570-4586de06b9c80740,3570,E2_DYNAMIC_INCREMENTAL_AFTER_FULL_REUSE,CDF13/CDF-HARSH,NO_MEMORY_RESET_GATE,4,COMPLETE,NOT_COMPUTED_MISSING_EXECUTION_OBSERVATION,,0,60,0,60,60
r8c-3571-a41194c53153196c,3571,E2_DYNAMIC_INCREMENTAL_AFTER_FULL_REUSE,CDF13/CDF-HARSH,NO_LINEAGE_CREDIT,4,COMPLETE,NOT_COMPUTED_MISSING_EXECUTION_OBSERVATION,,0,60,0,60,60
r8c-3572-a4926e0c8008b98f,3572,E2_DYNAMIC_INCREMENTAL_AFTER_FULL_REUSE,CDF13/CDF-HARSH,CROSS_EVENT_WARM_START_ONLY,4,COMPLETE,NOT_COMPUTED_MISSING_EXECUTION_OBSERVATION,,0,60,0,60,60
r8c-3573-82d936441aef7c24,3573,E2_DYNAMIC_INCREMENTAL_AFTER_FULL_REUSE,CDF13/CDF-HARSH,CROSS_EVENT_MEMORY_ONLY,4,COMPLETE,NOT_COMPUTED_MISSING_EXECUTION_OBSERVATION,,0,60,0,60,60
r8c-3574-95649e056e49201a,3574,E2_DYNAMIC_INCREMENTAL_AFTER_FULL_REUSE,CDF13/CDF-HARSH,SHADE_ONLY,4,COMPLETE,NOT_COMPUTED_MISSING_EXECUTION_OBSERVATION,,0,60,0,60,60
r8c-3575-cd2e692f4a357a1f,3575,E2_DYNAMIC_INCREMENTAL_AFTER_FULL_REUSE,CDF13/CDF-MILD,NO_CROSS_EVENT_MEMORY,0,COMPLETE,NOT_COMPUTED_MISSING_EXECUTION_OBSERVATION,,0,60,0,60,60
r8c-3576-10b525c1c744bcb9,3576,E2_DYNAMIC_INCREMENTAL_AFTER_FULL_REUSE,CDF13/CDF-MILD,NO_REJECTION_CREDIT,0,COMPLETE,NOT_COMPUTED_MISSING_EXECUTION_OBSERVATION,,0,60,0,60,60
r8c-3577-828b3ac02808cff9,3577,E2_DYNAMIC_INCREMENTAL_AFTER_FULL_REUSE,CDF13/CDF-MILD,NO_MEMORY_RESET_GATE,0,COMPLETE,NOT_COMPUTED_MISSING_EXECUTION_OBSERVATION,,0,60,0,60,60
r8c-3578-d1fa5a8a0c61bedd,3578,E2_DYNAMIC_INCREMENTAL_AFTER_FULL_REUSE,CDF13/CDF-MILD,NO_LINEAGE_CREDIT,0,COMPLETE,NOT_COMPUTED_MISSING_EXECUTION_OBSERVATION,,0,60,0,60,60
r8c-3579-09b9099e58ab3401,3579,E2_DYNAMIC_INCREMENTAL_AFTER_FULL_REUSE,CDF13/CDF-MILD,CROSS_EVENT_WARM_START_ONLY,0,COMPLETE,NOT_COMPUTED_MISSING_EXECUTION_OBSERVATION,,0,60,0,60,60
r8c-3580-ea797e1aa31b7243,3580,E2_DYNAMIC_INCREMENTAL_AFTER_FULL_REUSE,CDF13/CDF-MILD,CROSS_EVENT_MEMORY_ONLY,0,COMPLETE,NOT_COMPUTED_MISSING_EXECUTION_OBSERVATION,,0,60,0,60,60
r8c-3581-2db6b41caf40f0f9,3581,E2_DYNAMIC_INCREMENTAL_AFTER_FULL_REUSE,CDF13/CDF-MILD,SHADE_ONLY,0,COMPLETE,NOT_COMPUTED_MISSING_EXECUTION_OBSERVATION,,0,60,0,60,60
r8c-3582-a4d3fef52af90e66,3582,E2_DYNAMIC_INCREMENTAL_AFTER_FULL_REUSE,CDF13/CDF-MILD,NO_CROSS_EVENT_MEMORY,1,COMPLETE,NOT_COMPUTED_MISSING_EXECUTION_OBSERVATION,,0,60,0,60,60
r8c-3583-74503257e4fab984,3583,E2_DYNAMIC_INCREMENTAL_AFTER_FULL_REUSE,CDF13/CDF-MILD,NO_REJECTION_CREDIT,1,COMPLETE,NOT_COMPUTED_MISSING_EXECUTION_OBSERVATION,,0,60,0,60,60
r8c-3584-559dc8008170eb88,3584,E2_DYNAMIC_INCREMENTAL_AFTER_FULL_REUSE,CDF13/CDF-MILD,NO_MEMORY_RESET_GATE,1,COMPLETE,NOT_COMPUTED_MISSING_EXECUTION_OBSERVATION,,0,60,0,60,60
r8c-3585-e71b6c57eb071926,3585,E2_DYNAMIC_INCREMENTAL_AFTER_FULL_REUSE,CDF13/CDF-MILD,NO_LINEAGE_CREDIT,1,COMPLETE,NOT_COMPUTED_MISSING_EXECUTION_OBSERVATION,,0,60,0,60,60
r8c-3586-975362d458a42b84,3586,E2_DYNAMIC_INCREMENTAL_AFTER_FULL_REUSE,CDF13/CDF-MILD,CROSS_EVENT_WARM_START_ONLY,1,COMPLETE,NOT_COMPUTED_MISSING_EXECUTION_OBSERVATION,,0,60,0,60,60
r8c-3587-27c36faea2d85d0f,3587,E2_DYNAMIC_INCREMENTAL_AFTER_FULL_REUSE,CDF13/CDF-MILD,CROSS_EVENT_MEMORY_ONLY,1,COMPLETE,NOT_COMPUTED_MISSING_EXECUTION_OBSERVATION,,0,60,0,60,60
r8c-3588-d1b90b02d5b65fd5,3588,E2_DYNAMIC_INCREMENTAL_AFTER_FULL_REUSE,CDF13/CDF-MILD,SHADE_ONLY,1,COMPLETE,NOT_COMPUTED_MISSING_EXECUTION_OBSERVATION,,0,60,0,60,60
r8c-3589-5532c799cc1c4e1b,3589,E2_DYNAMIC_INCREMENTAL_AFTER_FULL_REUSE,CDF13/CDF-MILD,NO_CROSS_EVENT_MEMORY,2,COMPLETE,NOT_COMPUTED_MISSING_EXECUTION_OBSERVATION,,0,60,0,60,60
r8c-3590-9a67de9c3c578e74,3590,E2_DYNAMIC_INCREMENTAL_AFTER_FULL_REUSE,CDF13/CDF-MILD,NO_REJECTION_CREDIT,2,COMPLETE,NOT_COMPUTED_MISSING_EXECUTION_OBSERVATION,,0,60,0,60,60
r8c-3591-bfc92518f1c9f332,3591,E2_DYNAMIC_INCREMENTAL_AFTER_FULL_REUSE,CDF13/CDF-MILD,NO_MEMORY_RESET_GATE,2,COMPLETE,NOT_COMPUTED_MISSING_EXECUTION_OBSERVATION,,0,60,0,60,60
r8c-3592-b2f4ef791f1eb48d,3592,E2_DYNAMIC_INCREMENTAL_AFTER_FULL_REUSE,CDF13/CDF-MILD,NO_LINEAGE_CREDIT,2,COMPLETE,NOT_COMPUTED_MISSING_EXECUTION_OBSERVATION,,0,60,0,60,60
r8c-3593-86556ae3bcc0abbd,3593,E2_DYNAMIC_INCREMENTAL_AFTER_FULL_REUSE,CDF13/CDF-MILD,CROSS_EVENT_WARM_START_ONLY,2,COMPLETE,NOT_COMPUTED_MISSING_EXECUTION_OBSERVATION,,0,60,0,60,60
r8c-3594-0c6477624b6f2ae3,3594,E2_DYNAMIC_INCREMENTAL_AFTER_FULL_REUSE,CDF13/CDF-MILD,CROSS_EVENT_MEMORY_ONLY,2,COMPLETE,NOT_COMPUTED_MISSING_EXECUTION_OBSERVATION,,0,60,0,60,60
r8c-3595-345fc5185dc9b6a3,3595,E2_DYNAMIC_INCREMENTAL_AFTER_FULL_REUSE,CDF13/CDF-MILD,SHADE_ONLY,2,COMPLETE,NOT_COMPUTED_MISSING_EXECUTION_OBSERVATION,,0,60,0,60,60
r8c-3596-aff20479a456fd01,3596,E2_DYNAMIC_INCREMENTAL_AFTER_FULL_REUSE,CDF13/CDF-MILD,NO_CROSS_EVENT_MEMORY,3,COMPLETE,NOT_COMPUTED_MISSING_EXECUTION_OBSERVATION,,0,60,0,60,60
r8c-3597-a7213dbfdd7eb339,3597,E2_DYNAMIC_INCREMENTAL_AFTER_FULL_REUSE,CDF13/CDF-MILD,NO_REJECTION_CREDIT,3,COMPLETE,NOT_COMPUTED_MISSING_EXECUTION_OBSERVATION,,0,60,0,60,60
r8c-3598-15d57772bb00c791,3598,E2_DYNAMIC_INCREMENTAL_AFTER_FULL_REUSE,CDF13/CDF-MILD,NO_MEMORY_RESET_GATE,3,COMPLETE,NOT_COMPUTED_MISSING_EXECUTION_OBSERVATION,,0,60,0,60,60
r8c-3599-c2f1342c0866d7c4,3599,E2_DYNAMIC_INCREMENTAL_AFTER_FULL_REUSE,CDF13/CDF-MILD,NO_LINEAGE_CREDIT,3,COMPLETE,NOT_COMPUTED_MISSING_EXECUTION_OBSERVATION,,0,60,0,60,60
r8c-3600-2aaf78c8c9947228,3600,E2_DYNAMIC_INCREMENTAL_AFTER_FULL_REUSE,CDF13/CDF-MILD,CROSS_EVENT_WARM_START_ONLY,3,COMPLETE,NOT_COMPUTED_MISSING_EXECUTION_OBSERVATION,,0,60,0,60,60
r8c-3601-68a88967d55a1df8,3601,E2_DYNAMIC_INCREMENTAL_AFTER_FULL_REUSE,CDF13/CDF-MILD,CROSS_EVENT_MEMORY_ONLY,3,COMPLETE,NOT_COMPUTED_MISSING_EXECUTION_OBSERVATION,,0,60,0,60,60
r8c-3602-bc18d78698d169a9,3602,E2_DYNAMIC_INCREMENTAL_AFTER_FULL_REUSE,CDF13/CDF-MILD,SHADE_ONLY,3,COMPLETE,NOT_COMPUTED_MISSING_EXECUTION_OBSERVATION,,0,60,0,60,60
r8c-3603-0a0d3bf238a37335,3603,E2_DYNAMIC_INCREMENTAL_AFTER_FULL_REUSE,CDF13/CDF-MILD,NO_CROSS_EVENT_MEMORY,4,COMPLETE,NOT_COMPUTED_MISSING_EXECUTION_OBSERVATION,,0,60,0,60,60
r8c-3604-edc166da2e8ef3bc,3604,E2_DYNAMIC_INCREMENTAL_AFTER_FULL_REUSE,CDF13/CDF-MILD,NO_REJECTION_CREDIT,4,COMPLETE,NOT_COMPUTED_MISSING_EXECUTION_OBSERVATION,,0,60,0,60,60
r8c-3605-13ca729e66292abd,3605,E2_DYNAMIC_INCREMENTAL_AFTER_FULL_REUSE,CDF13/CDF-MILD,NO_MEMORY_RESET_GATE,4,COMPLETE,NOT_COMPUTED_MISSING_EXECUTION_OBSERVATION,,0,60,0,60,60
r8c-3606-47575bbbbafc76fe,3606,E2_DYNAMIC_INCREMENTAL_AFTER_FULL_REUSE,CDF13/CDF-MILD,NO_LINEAGE_CREDIT,4,COMPLETE,NOT_COMPUTED_MISSING_EXECUTION_OBSERVATION,,0,60,0,60,60
r8c-3607-e668ebd4523fbec6,3607,E2_DYNAMIC_INCREMENTAL_AFTER_FULL_REUSE,CDF13/CDF-MILD,CROSS_EVENT_WARM_START_ONLY,4,COMPLETE,NOT_COMPUTED_MISSING_EXECUTION_OBSERVATION,,0,60,0,60,60
r8c-3608-5d0fbd8219694895,3608,E2_DYNAMIC_INCREMENTAL_AFTER_FULL_REUSE,CDF13/CDF-MILD,CROSS_EVENT_MEMORY_ONLY,4,COMPLETE,NOT_COMPUTED_MISSING_EXECUTION_OBSERVATION,,0,60,0,60,60
r8c-3609-9d99c6187c475b28,3609,E2_DYNAMIC_INCREMENTAL_AFTER_FULL_REUSE,CDF13/CDF-MILD,SHADE_ONLY,4,COMPLETE,NOT_COMPUTED_MISSING_EXECUTION_OBSERVATION,,0,60,0,60,60
r8c-3610-ccb1fffb4643290d,3610,E2_DYNAMIC_INCREMENTAL_AFTER_FULL_REUSE,CDF14/CDF-HARSH,NO_CROSS_EVENT_MEMORY,0,COMPLETE,NOT_COMPUTED_MISSING_EXECUTION_OBSERVATION,,0,60,0,60,60
r8c-3611-5f2c2dbc013b3681,3611,E2_DYNAMIC_INCREMENTAL_AFTER_FULL_REUSE,CDF14/CDF-HARSH,NO_REJECTION_CREDIT,0,COMPLETE,NOT_COMPUTED_MISSING_EXECUTION_OBSERVATION,,0,60,0,60,60
r8c-3612-57949580f77aa875,3612,E2_DYNAMIC_INCREMENTAL_AFTER_FULL_REUSE,CDF14/CDF-HARSH,NO_MEMORY_RESET_GATE,0,COMPLETE,NOT_COMPUTED_MISSING_EXECUTION_OBSERVATION,,0,60,0,60,60
r8c-3613-535fc31be38da020,3613,E2_DYNAMIC_INCREMENTAL_AFTER_FULL_REUSE,CDF14/CDF-HARSH,NO_LINEAGE_CREDIT,0,COMPLETE,NOT_COMPUTED_MISSING_EXECUTION_OBSERVATION,,0,60,0,60,60
r8c-3614-c1a01bdca2823a35,3614,E2_DYNAMIC_INCREMENTAL_AFTER_FULL_REUSE,CDF14/CDF-HARSH,CROSS_EVENT_WARM_START_ONLY,0,COMPLETE,NOT_COMPUTED_MISSING_EXECUTION_OBSERVATION,,0,60,0,60,60
r8c-3615-0f13790c2c560f8f,3615,E2_DYNAMIC_INCREMENTAL_AFTER_FULL_REUSE,CDF14/CDF-HARSH,CROSS_EVENT_MEMORY_ONLY,0,COMPLETE,NOT_COMPUTED_MISSING_EXECUTION_OBSERVATION,,0,60,0,60,60
r8c-3616-8803fc0a7bcfaf4c,3616,E2_DYNAMIC_INCREMENTAL_AFTER_FULL_REUSE,CDF14/CDF-HARSH,SHADE_ONLY,0,COMPLETE,NOT_COMPUTED_MISSING_EXECUTION_OBSERVATION,,0,60,0,60,60
r8c-3617-5e0144d53a809d81,3617,E2_DYNAMIC_INCREMENTAL_AFTER_FULL_REUSE,CDF14/CDF-HARSH,NO_CROSS_EVENT_MEMORY,1,COMPLETE,NOT_COMPUTED_MISSING_EXECUTION_OBSERVATION,,0,60,0,60,60
r8c-3618-499e93a6817d6b5e,3618,E2_DYNAMIC_INCREMENTAL_AFTER_FULL_REUSE,CDF14/CDF-HARSH,NO_REJECTION_CREDIT,1,COMPLETE,NOT_COMPUTED_MISSING_EXECUTION_OBSERVATION,,0,60,0,60,60
r8c-3619-7807db2af459d70a,3619,E2_DYNAMIC_INCREMENTAL_AFTER_FULL_REUSE,CDF14/CDF-HARSH,NO_MEMORY_RESET_GATE,1,COMPLETE,NOT_COMPUTED_MISSING_EXECUTION_OBSERVATION,,0,60,0,60,60
r8c-3620-8981cca42351672b,3620,E2_DYNAMIC_INCREMENTAL_AFTER_FULL_REUSE,CDF14/CDF-HARSH,NO_LINEAGE_CREDIT,1,COMPLETE,NOT_COMPUTED_MISSING_EXECUTION_OBSERVATION,,0,60,0,60,60
r8c-3621-b16068598cbfda00,3621,E2_DYNAMIC_INCREMENTAL_AFTER_FULL_REUSE,CDF14/CDF-HARSH,CROSS_EVENT_WARM_START_ONLY,1,COMPLETE,NOT_COMPUTED_MISSING_EXECUTION_OBSERVATION,,0,60,0,60,60
r8c-3622-1072ce58ce9e0575,3622,E2_DYNAMIC_INCREMENTAL_AFTER_FULL_REUSE,CDF14/CDF-HARSH,CROSS_EVENT_MEMORY_ONLY,1,COMPLETE,NOT_COMPUTED_MISSING_EXECUTION_OBSERVATION,,0,60,0,60,60
r8c-3623-11e47d29c41b615b,3623,E2_DYNAMIC_INCREMENTAL_AFTER_FULL_REUSE,CDF14/CDF-HARSH,SHADE_ONLY,1,COMPLETE,NOT_COMPUTED_MISSING_EXECUTION_OBSERVATION,,0,60,0,60,60
r8c-3624-768f56a0faf4a7a7,3624,E2_DYNAMIC_INCREMENTAL_AFTER_FULL_REUSE,CDF14/CDF-HARSH,NO_CROSS_EVENT_MEMORY,2,COMPLETE,NOT_COMPUTED_MISSING_EXECUTION_OBSERVATION,,0,60,0,60,60
r8c-3625-e9710cf42c2f35df,3625,E2_DYNAMIC_INCREMENTAL_AFTER_FULL_REUSE,CDF14/CDF-HARSH,NO_REJECTION_CREDIT,2,COMPLETE,NOT_COMPUTED_MISSING_EXECUTION_OBSERVATION,,0,60,0,60,60
r8c-3626-dc9c0982e12e6574,3626,E2_DYNAMIC_INCREMENTAL_AFTER_FULL_REUSE,CDF14/CDF-HARSH,NO_MEMORY_RESET_GATE,2,COMPLETE,NOT_COMPUTED_MISSING_EXECUTION_OBSERVATION,,0,60,0,60,60
r8c-3627-b71d2488c2784987,3627,E2_DYNAMIC_INCREMENTAL_AFTER_FULL_REUSE,CDF14/CDF-HARSH,NO_LINEAGE_CREDIT,2,COMPLETE,NOT_COMPUTED_MISSING_EXECUTION_OBSERVATION,,0,60,0,60,60
r8c-3628-a6c0858663bdc403,3628,E2_DYNAMIC_INCREMENTAL_AFTER_FULL_REUSE,CDF14/CDF-HARSH,CROSS_EVENT_WARM_START_ONLY,2,COMPLETE,NOT_COMPUTED_MISSING_EXECUTION_OBSERVATION,,0,60,0,60,60
r8c-3629-c5222883361318f2,3629,E2_DYNAMIC_INCREMENTAL_AFTER_FULL_REUSE,CDF14/CDF-HARSH,CROSS_EVENT_MEMORY_ONLY,2,COMPLETE,NOT_COMPUTED_MISSING_EXECUTION_OBSERVATION,,0,60,0,60,60
r8c-3630-d32b56bb750ff08f,3630,E2_DYNAMIC_INCREMENTAL_AFTER_FULL_REUSE,CDF14/CDF-HARSH,SHADE_ONLY,2,COMPLETE,NOT_COMPUTED_MISSING_EXECUTION_OBSERVATION,,0,60,0,60,60
r8c-3631-052ef1459e5b80de,3631,E2_DYNAMIC_INCREMENTAL_AFTER_FULL_REUSE,CDF14/CDF-HARSH,NO_CROSS_EVENT_MEMORY,3,COMPLETE,NOT_COMPUTED_MISSING_EXECUTION_OBSERVATION,,0,60,0,60,60
r8c-3632-f454130420bd19f9,3632,E2_DYNAMIC_INCREMENTAL_AFTER_FULL_REUSE,CDF14/CDF-HARSH,NO_REJECTION_CREDIT,3,COMPLETE,NOT_COMPUTED_MISSING_EXECUTION_OBSERVATION,,0,60,0,60,60
r8c-3633-8de058b7b918dcd6,3633,E2_DYNAMIC_INCREMENTAL_AFTER_FULL_REUSE,CDF14/CDF-HARSH,NO_MEMORY_RESET_GATE,3,COMPLETE,NOT_COMPUTED_MISSING_EXECUTION_OBSERVATION,,0,60,0,60,60
r8c-3634-e467c26ed1cd17b9,3634,E2_DYNAMIC_INCREMENTAL_AFTER_FULL_REUSE,CDF14/CDF-HARSH,NO_LINEAGE_CREDIT,3,COMPLETE,NOT_COMPUTED_MISSING_EXECUTION_OBSERVATION,,0,60,0,60,60
r8c-3635-c59cdb45a01d3362,3635,E2_DYNAMIC_INCREMENTAL_AFTER_FULL_REUSE,CDF14/CDF-HARSH,CROSS_EVENT_WARM_START_ONLY,3,COMPLETE,NOT_COMPUTED_MISSING_EXECUTION_OBSERVATION,,0,60,0,60,60
r8c-3636-50177058fd74a50d,3636,E2_DYNAMIC_INCREMENTAL_AFTER_FULL_REUSE,CDF14/CDF-HARSH,CROSS_EVENT_MEMORY_ONLY,3,COMPLETE,NOT_COMPUTED_MISSING_EXECUTION_OBSERVATION,,0,60,0,60,60
r8c-3637-8b16c4108a7d0376,3637,E2_DYNAMIC_INCREMENTAL_AFTER_FULL_REUSE,CDF14/CDF-HARSH,SHADE_ONLY,3,COMPLETE,NOT_COMPUTED_MISSING_EXECUTION_OBSERVATION,,0,60,0,60,60
r8c-3638-3d2477a94eb85953,3638,E2_DYNAMIC_INCREMENTAL_AFTER_FULL_REUSE,CDF14/CDF-HARSH,NO_CROSS_EVENT_MEMORY,4,COMPLETE,NOT_COMPUTED_MISSING_EXECUTION_OBSERVATION,,0,60,0,60,60
r8c-3639-398db031d49d8563,3639,E2_DYNAMIC_INCREMENTAL_AFTER_FULL_REUSE,CDF14/CDF-HARSH,NO_REJECTION_CREDIT,4,COMPLETE,NOT_COMPUTED_MISSING_EXECUTION_OBSERVATION,,0,60,0,60,60
r8c-3640-3d7a4f0c297d5167,3640,E2_DYNAMIC_INCREMENTAL_AFTER_FULL_REUSE,CDF14/CDF-HARSH,NO_MEMORY_RESET_GATE,4,COMPLETE,NOT_COMPUTED_MISSING_EXECUTION_OBSERVATION,,0,60,0,60,60
r8c-3641-c5a8237d371c5586,3641,E2_DYNAMIC_INCREMENTAL_AFTER_FULL_REUSE,CDF14/CDF-HARSH,NO_LINEAGE_CREDIT,4,COMPLETE,NOT_COMPUTED_MISSING_EXECUTION_OBSERVATION,,0,60,0,60,60
r8c-3642-d6fc46b29a45d756,3642,E2_DYNAMIC_INCREMENTAL_AFTER_FULL_REUSE,CDF14/CDF-HARSH,CROSS_EVENT_WARM_START_ONLY,4,COMPLETE,NOT_COMPUTED_MISSING_EXECUTION_OBSERVATION,,0,60,0,60,60
r8c-3643-3192efa136120adc,3643,E2_DYNAMIC_INCREMENTAL_AFTER_FULL_REUSE,CDF14/CDF-HARSH,CROSS_EVENT_MEMORY_ONLY,4,COMPLETE,NOT_COMPUTED_MISSING_EXECUTION_OBSERVATION,,0,60,0,60,60
r8c-3644-eb416247cc5ee860,3644,E2_DYNAMIC_INCREMENTAL_AFTER_FULL_REUSE,CDF14/CDF-HARSH,SHADE_ONLY,4,COMPLETE,NOT_COMPUTED_MISSING_EXECUTION_OBSERVATION,,0,60,0,60,60
r8c-3645-104e704870f81298,3645,E2_DYNAMIC_INCREMENTAL_AFTER_FULL_REUSE,CDF14/CDF-MILD,NO_CROSS_EVENT_MEMORY,0,COMPLETE,NOT_COMPUTED_MISSING_EXECUTION_OBSERVATION,,0,60,0,60,60
r8c-3646-a22daa027da408e1,3646,E2_DYNAMIC_INCREMENTAL_AFTER_FULL_REUSE,CDF14/CDF-MILD,NO_REJECTION_CREDIT,0,COMPLETE,NOT_COMPUTED_MISSING_EXECUTION_OBSERVATION,,0,60,0,60,60
r8c-3647-d3040b969aaaf8dd,3647,E2_DYNAMIC_INCREMENTAL_AFTER_FULL_REUSE,CDF14/CDF-MILD,NO_MEMORY_RESET_GATE,0,COMPLETE,NOT_COMPUTED_MISSING_EXECUTION_OBSERVATION,,0,60,0,60,60
r8c-3648-fc13a309819c6c40,3648,E2_DYNAMIC_INCREMENTAL_AFTER_FULL_REUSE,CDF14/CDF-MILD,NO_LINEAGE_CREDIT,0,COMPLETE,NOT_COMPUTED_MISSING_EXECUTION_OBSERVATION,,0,60,0,60,60
r8c-3649-32d0d2ecafe4cfe6,3649,E2_DYNAMIC_INCREMENTAL_AFTER_FULL_REUSE,CDF14/CDF-MILD,CROSS_EVENT_WARM_START_ONLY,0,COMPLETE,NOT_COMPUTED_MISSING_EXECUTION_OBSERVATION,,0,60,0,60,60
r8c-3650-b7f2683a8b8bccbd,3650,E2_DYNAMIC_INCREMENTAL_AFTER_FULL_REUSE,CDF14/CDF-MILD,CROSS_EVENT_MEMORY_ONLY,0,COMPLETE,NOT_COMPUTED_MISSING_EXECUTION_OBSERVATION,,0,60,0,60,60
r8c-3651-ced1d81d8a5ae82d,3651,E2_DYNAMIC_INCREMENTAL_AFTER_FULL_REUSE,CDF14/CDF-MILD,SHADE_ONLY,0,COMPLETE,NOT_COMPUTED_MISSING_EXECUTION_OBSERVATION,,0,60,0,60,60
r8c-3652-740bc4aa6177cf51,3652,E2_DYNAMIC_INCREMENTAL_AFTER_FULL_REUSE,CDF14/CDF-MILD,NO_CROSS_EVENT_MEMORY,1,COMPLETE,NOT_COMPUTED_MISSING_EXECUTION_OBSERVATION,,0,60,0,60,60
r8c-3653-354900b641fda439,3653,E2_DYNAMIC_INCREMENTAL_AFTER_FULL_REUSE,CDF14/CDF-MILD,NO_REJECTION_CREDIT,1,COMPLETE,NOT_COMPUTED_MISSING_EXECUTION_OBSERVATION,,0,60,0,60,60
r8c-3654-1fcd561c01d7fa2b,3654,E2_DYNAMIC_INCREMENTAL_AFTER_FULL_REUSE,CDF14/CDF-MILD,NO_MEMORY_RESET_GATE,1,COMPLETE,NOT_COMPUTED_MISSING_EXECUTION_OBSERVATION,,0,60,0,60,60
r8c-3655-54059b9791842ac8,3655,E2_DYNAMIC_INCREMENTAL_AFTER_FULL_REUSE,CDF14/CDF-MILD,NO_LINEAGE_CREDIT,1,COMPLETE,NOT_COMPUTED_MISSING_EXECUTION_OBSERVATION,,0,60,0,60,60
r8c-3656-f8cafdbfdecb598b,3656,E2_DYNAMIC_INCREMENTAL_AFTER_FULL_REUSE,CDF14/CDF-MILD,CROSS_EVENT_WARM_START_ONLY,1,COMPLETE,NOT_COMPUTED_MISSING_EXECUTION_OBSERVATION,,0,60,0,60,60
r8c-3657-858c3ff928e28703,3657,E2_DYNAMIC_INCREMENTAL_AFTER_FULL_REUSE,CDF14/CDF-MILD,CROSS_EVENT_MEMORY_ONLY,1,COMPLETE,NOT_COMPUTED_MISSING_EXECUTION_OBSERVATION,,0,60,0,60,60
r8c-3658-f644de9b06361f6c,3658,E2_DYNAMIC_INCREMENTAL_AFTER_FULL_REUSE,CDF14/CDF-MILD,SHADE_ONLY,1,COMPLETE,NOT_COMPUTED_MISSING_EXECUTION_OBSERVATION,,0,60,0,60,60
r8c-3659-feca6ac19e50a3f7,3659,E2_DYNAMIC_INCREMENTAL_AFTER_FULL_REUSE,CDF14/CDF-MILD,NO_CROSS_EVENT_MEMORY,2,COMPLETE,NOT_COMPUTED_MISSING_EXECUTION_OBSERVATION,,0,60,0,60,60
r8c-3660-399595b2d3ab2295,3660,E2_DYNAMIC_INCREMENTAL_AFTER_FULL_REUSE,CDF14/CDF-MILD,NO_REJECTION_CREDIT,2,COMPLETE,NOT_COMPUTED_MISSING_EXECUTION_OBSERVATION,,0,60,0,60,60
r8c-3661-9b485737e1c2578b,3661,E2_DYNAMIC_INCREMENTAL_AFTER_FULL_REUSE,CDF14/CDF-MILD,NO_MEMORY_RESET_GATE,2,COMPLETE,NOT_COMPUTED_MISSING_EXECUTION_OBSERVATION,,0,60,0,60,60
r8c-3662-8ca0b07fb1e8ed84,3662,E2_DYNAMIC_INCREMENTAL_AFTER_FULL_REUSE,CDF14/CDF-MILD,NO_LINEAGE_CREDIT,2,COMPLETE,NOT_COMPUTED_MISSING_EXECUTION_OBSERVATION,,0,60,0,60,60
r8c-3663-12b77983975b2293,3663,E2_DYNAMIC_INCREMENTAL_AFTER_FULL_REUSE,CDF14/CDF-MILD,CROSS_EVENT_WARM_START_ONLY,2,COMPLETE,NOT_COMPUTED_MISSING_EXECUTION_OBSERVATION,,0,60,0,60,60
r8c-3664-6b1c6dcbe50f6456,3664,E2_DYNAMIC_INCREMENTAL_AFTER_FULL_REUSE,CDF14/CDF-MILD,CROSS_EVENT_MEMORY_ONLY,2,COMPLETE,NOT_COMPUTED_MISSING_EXECUTION_OBSERVATION,,0,60,0,60,60
r8c-3665-28f6f962684a4148,3665,E2_DYNAMIC_INCREMENTAL_AFTER_FULL_REUSE,CDF14/CDF-MILD,SHADE_ONLY,2,COMPLETE,NOT_COMPUTED_MISSING_EXECUTION_OBSERVATION,,0,60,0,60,60
r8c-3666-7001673ce515148d,3666,E2_DYNAMIC_INCREMENTAL_AFTER_FULL_REUSE,CDF14/CDF-MILD,NO_CROSS_EVENT_MEMORY,3,COMPLETE,NOT_COMPUTED_MISSING_EXECUTION_OBSERVATION,,0,60,0,60,60
r8c-3667-259afa7c4be75e10,3667,E2_DYNAMIC_INCREMENTAL_AFTER_FULL_REUSE,CDF14/CDF-MILD,NO_REJECTION_CREDIT,3,COMPLETE,NOT_COMPUTED_MISSING_EXECUTION_OBSERVATION,,0,60,0,60,60
r8c-3668-324d7203d84a5697,3668,E2_DYNAMIC_INCREMENTAL_AFTER_FULL_REUSE,CDF14/CDF-MILD,NO_MEMORY_RESET_GATE,3,COMPLETE,NOT_COMPUTED_MISSING_EXECUTION_OBSERVATION,,0,60,0,60,60
r8c-3669-e8713cd04fcae845,3669,E2_DYNAMIC_INCREMENTAL_AFTER_FULL_REUSE,CDF14/CDF-MILD,NO_LINEAGE_CREDIT,3,COMPLETE,NOT_COMPUTED_MISSING_EXECUTION_OBSERVATION,,0,60,0,60,60
r8c-3670-257a74bf2ff0eddc,3670,E2_DYNAMIC_INCREMENTAL_AFTER_FULL_REUSE,CDF14/CDF-MILD,CROSS_EVENT_WARM_START_ONLY,3,COMPLETE,NOT_COMPUTED_MISSING_EXECUTION_OBSERVATION,,0,60,0,60,60
r8c-3671-6a02577dceccbed6,3671,E2_DYNAMIC_INCREMENTAL_AFTER_FULL_REUSE,CDF14/CDF-MILD,CROSS_EVENT_MEMORY_ONLY,3,COMPLETE,NOT_COMPUTED_MISSING_EXECUTION_OBSERVATION,,0,60,0,60,60
r8c-3672-bef825950acd2235,3672,E2_DYNAMIC_INCREMENTAL_AFTER_FULL_REUSE,CDF14/CDF-MILD,SHADE_ONLY,3,COMPLETE,NOT_COMPUTED_MISSING_EXECUTION_OBSERVATION,,0,60,0,60,60
r8c-3673-39e502a06ad552bf,3673,E2_DYNAMIC_INCREMENTAL_AFTER_FULL_REUSE,CDF14/CDF-MILD,NO_CROSS_EVENT_MEMORY,4,COMPLETE,NOT_COMPUTED_MISSING_EXECUTION_OBSERVATION,,0,60,0,60,60
r8c-3674-872494e3676bc559,3674,E2_DYNAMIC_INCREMENTAL_AFTER_FULL_REUSE,CDF14/CDF-MILD,NO_REJECTION_CREDIT,4,COMPLETE,NOT_COMPUTED_MISSING_EXECUTION_OBSERVATION,,0,60,0,60,60
r8c-3675-f179809f874750d8,3675,E2_DYNAMIC_INCREMENTAL_AFTER_FULL_REUSE,CDF14/CDF-MILD,NO_MEMORY_RESET_GATE,4,COMPLETE,NOT_COMPUTED_MISSING_EXECUTION_OBSERVATION,,0,60,0,60,60
r8c-3676-40151bacedc2935a,3676,E2_DYNAMIC_INCREMENTAL_AFTER_FULL_REUSE,CDF14/CDF-MILD,NO_LINEAGE_CREDIT,4,COMPLETE,NOT_COMPUTED_MISSING_EXECUTION_OBSERVATION,,0,60,0,60,60
r8c-3677-1377f8d9edead9d9,3677,E2_DYNAMIC_INCREMENTAL_AFTER_FULL_REUSE,CDF14/CDF-MILD,CROSS_EVENT_WARM_START_ONLY,4,COMPLETE,NOT_COMPUTED_MISSING_EXECUTION_OBSERVATION,,0,60,0,60,60
r8c-3678-d160e0723dd68028,3678,E2_DYNAMIC_INCREMENTAL_AFTER_FULL_REUSE,CDF14/CDF-MILD,CROSS_EVENT_MEMORY_ONLY,4,COMPLETE,NOT_COMPUTED_MISSING_EXECUTION_OBSERVATION,,0,60,0,60,60
r8c-3679-3160b818438f3895,3679,E2_DYNAMIC_INCREMENTAL_AFTER_FULL_REUSE,CDF14/CDF-MILD,SHADE_ONLY,4,COMPLETE,NOT_COMPUTED_MISSING_EXECUTION_OBSERVATION,,0,60,0,60,60
r8c-3680-e335010940c03544,3680,E2_DYNAMIC_INCREMENTAL_AFTER_FULL_REUSE,CDF15/CDF-HARSH,NO_CROSS_EVENT_MEMORY,0,COMPLETE,NOT_COMPUTED_MISSING_EXECUTION_OBSERVATION,,0,60,0,60,60
r8c-3681-b7b620521d380d17,3681,E2_DYNAMIC_INCREMENTAL_AFTER_FULL_REUSE,CDF15/CDF-HARSH,NO_REJECTION_CREDIT,0,COMPLETE,NOT_COMPUTED_MISSING_EXECUTION_OBSERVATION,,0,60,0,60,60
r8c-3682-67660bd7b957b333,3682,E2_DYNAMIC_INCREMENTAL_AFTER_FULL_REUSE,CDF15/CDF-HARSH,NO_MEMORY_RESET_GATE,0,COMPLETE,NOT_COMPUTED_MISSING_EXECUTION_OBSERVATION,,0,60,0,60,60
r8c-3683-0805b2fd3c50c640,3683,E2_DYNAMIC_INCREMENTAL_AFTER_FULL_REUSE,CDF15/CDF-HARSH,NO_LINEAGE_CREDIT,0,COMPLETE,NOT_COMPUTED_MISSING_EXECUTION_OBSERVATION,,0,60,0,60,60
r8c-3684-b941d32b831924fd,3684,E2_DYNAMIC_INCREMENTAL_AFTER_FULL_REUSE,CDF15/CDF-HARSH,CROSS_EVENT_WARM_START_ONLY,0,COMPLETE,NOT_COMPUTED_MISSING_EXECUTION_OBSERVATION,,0,60,0,60,60
r8c-3685-6f744b03c8998142,3685,E2_DYNAMIC_INCREMENTAL_AFTER_FULL_REUSE,CDF15/CDF-HARSH,CROSS_EVENT_MEMORY_ONLY,0,COMPLETE,NOT_COMPUTED_MISSING_EXECUTION_OBSERVATION,,0,60,0,60,60
r8c-3686-f1eaf296c316283e,3686,E2_DYNAMIC_INCREMENTAL_AFTER_FULL_REUSE,CDF15/CDF-HARSH,SHADE_ONLY,0,COMPLETE,NOT_COMPUTED_MISSING_EXECUTION_OBSERVATION,,0,60,0,60,60
r8c-3687-93914d57aecf582c,3687,E2_DYNAMIC_INCREMENTAL_AFTER_FULL_REUSE,CDF15/CDF-HARSH,NO_CROSS_EVENT_MEMORY,1,COMPLETE,NOT_COMPUTED_MISSING_EXECUTION_OBSERVATION,,0,60,0,60,60
r8c-3688-aba56ac9cfe86701,3688,E2_DYNAMIC_INCREMENTAL_AFTER_FULL_REUSE,CDF15/CDF-HARSH,NO_REJECTION_CREDIT,1,COMPLETE,NOT_COMPUTED_MISSING_EXECUTION_OBSERVATION,,0,60,0,60,60
r8c-3689-0feb04b17dfbcbbb,3689,E2_DYNAMIC_INCREMENTAL_AFTER_FULL_REUSE,CDF15/CDF-HARSH,NO_MEMORY_RESET_GATE,1,COMPLETE,NOT_COMPUTED_MISSING_EXECUTION_OBSERVATION,,0,60,0,60,60
r8c-3690-655d3d59418a8b96,3690,E2_DYNAMIC_INCREMENTAL_AFTER_FULL_REUSE,CDF15/CDF-HARSH,NO_LINEAGE_CREDIT,1,COMPLETE,NOT_COMPUTED_MISSING_EXECUTION_OBSERVATION,,0,60,0,60,60
r8c-3691-fe7af5899db4651e,3691,E2_DYNAMIC_INCREMENTAL_AFTER_FULL_REUSE,CDF15/CDF-HARSH,CROSS_EVENT_WARM_START_ONLY,1,COMPLETE,NOT_COMPUTED_MISSING_EXECUTION_OBSERVATION,,0,60,0,60,60
r8c-3692-df63faa280518cca,3692,E2_DYNAMIC_INCREMENTAL_AFTER_FULL_REUSE,CDF15/CDF-HARSH,CROSS_EVENT_MEMORY_ONLY,1,COMPLETE,NOT_COMPUTED_MISSING_EXECUTION_OBSERVATION,,0,60,0,60,60
r8c-3693-338f34e14294e878,3693,E2_DYNAMIC_INCREMENTAL_AFTER_FULL_REUSE,CDF15/CDF-HARSH,SHADE_ONLY,1,COMPLETE,NOT_COMPUTED_MISSING_EXECUTION_OBSERVATION,,0,60,0,60,60
r8c-3694-1f7607937a85f549,3694,E2_DYNAMIC_INCREMENTAL_AFTER_FULL_REUSE,CDF15/CDF-HARSH,NO_CROSS_EVENT_MEMORY,2,COMPLETE,NOT_COMPUTED_MISSING_EXECUTION_OBSERVATION,,0,60,0,60,60
r8c-3695-45beaf70832b0e53,3695,E2_DYNAMIC_INCREMENTAL_AFTER_FULL_REUSE,CDF15/CDF-HARSH,NO_REJECTION_CREDIT,2,COMPLETE,NOT_COMPUTED_MISSING_EXECUTION_OBSERVATION,,0,60,0,60,60
r8c-3696-0b7062777cbd3a98,3696,E2_DYNAMIC_INCREMENTAL_AFTER_FULL_REUSE,CDF15/CDF-HARSH,NO_MEMORY_RESET_GATE,2,COMPLETE,NOT_COMPUTED_MISSING_EXECUTION_OBSERVATION,,0,60,0,60,60
r8c-3697-15f179391ff771f9,3697,E2_DYNAMIC_INCREMENTAL_AFTER_FULL_REUSE,CDF15/CDF-HARSH,NO_LINEAGE_CREDIT,2,COMPLETE,NOT_COMPUTED_MISSING_EXECUTION_OBSERVATION,,0,60,0,60,60
r8c-3698-f3fc498fb65cf8fa,3698,E2_DYNAMIC_INCREMENTAL_AFTER_FULL_REUSE,CDF15/CDF-HARSH,CROSS_EVENT_WARM_START_ONLY,2,COMPLETE,NOT_COMPUTED_MISSING_EXECUTION_OBSERVATION,,0,60,0,60,60
r8c-3699-b30e1bba4882d1c1,3699,E2_DYNAMIC_INCREMENTAL_AFTER_FULL_REUSE,CDF15/CDF-HARSH,CROSS_EVENT_MEMORY_ONLY,2,COMPLETE,NOT_COMPUTED_MISSING_EXECUTION_OBSERVATION,,0,60,0,60,60
r8c-3700-5838d030bfe100f8,3700,E2_DYNAMIC_INCREMENTAL_AFTER_FULL_REUSE,CDF15/CDF-HARSH,SHADE_ONLY,2,COMPLETE,NOT_COMPUTED_MISSING_EXECUTION_OBSERVATION,,0,60,0,60,60
r8c-3701-2618f49df6efcf0e,3701,E2_DYNAMIC_INCREMENTAL_AFTER_FULL_REUSE,CDF15/CDF-HARSH,NO_CROSS_EVENT_MEMORY,3,COMPLETE,NOT_COMPUTED_MISSING_EXECUTION_OBSERVATION,,0,60,0,60,60
r8c-3702-1419c9168ff3a7e5,3702,E2_DYNAMIC_INCREMENTAL_AFTER_FULL_REUSE,CDF15/CDF-HARSH,NO_REJECTION_CREDIT,3,COMPLETE,NOT_COMPUTED_MISSING_EXECUTION_OBSERVATION,,0,60,0,60,60
r8c-3703-19686810f25fe27c,3703,E2_DYNAMIC_INCREMENTAL_AFTER_FULL_REUSE,CDF15/CDF-HARSH,NO_MEMORY_RESET_GATE,3,COMPLETE,NOT_COMPUTED_MISSING_EXECUTION_OBSERVATION,,0,60,0,60,60
r8c-3704-fe3d3d429edb9eb7,3704,E2_DYNAMIC_INCREMENTAL_AFTER_FULL_REUSE,CDF15/CDF-HARSH,NO_LINEAGE_CREDIT,3,COMPLETE,NOT_COMPUTED_MISSING_EXECUTION_OBSERVATION,,0,60,0,60,60
r8c-3705-1657bd43e17a51e4,3705,E2_DYNAMIC_INCREMENTAL_AFTER_FULL_REUSE,CDF15/CDF-HARSH,CROSS_EVENT_WARM_START_ONLY,3,COMPLETE,NOT_COMPUTED_MISSING_EXECUTION_OBSERVATION,,0,60,0,60,60
r8c-3706-d3d9349ddf20588c,3706,E2_DYNAMIC_INCREMENTAL_AFTER_FULL_REUSE,CDF15/CDF-HARSH,CROSS_EVENT_MEMORY_ONLY,3,COMPLETE,NOT_COMPUTED_MISSING_EXECUTION_OBSERVATION,,0,60,0,60,60
r8c-3707-2ebceb4a75ec885a,3707,E2_DYNAMIC_INCREMENTAL_AFTER_FULL_REUSE,CDF15/CDF-HARSH,SHADE_ONLY,3,COMPLETE,NOT_COMPUTED_MISSING_EXECUTION_OBSERVATION,,0,60,0,60,60
r8c-3708-654add545605cb67,3708,E2_DYNAMIC_INCREMENTAL_AFTER_FULL_REUSE,CDF15/CDF-HARSH,NO_CROSS_EVENT_MEMORY,4,COMPLETE,NOT_COMPUTED_MISSING_EXECUTION_OBSERVATION,,0,60,0,60,60
r8c-3709-594200385cd4b834,3709,E2_DYNAMIC_INCREMENTAL_AFTER_FULL_REUSE,CDF15/CDF-HARSH,NO_REJECTION_CREDIT,4,COMPLETE,NOT_COMPUTED_MISSING_EXECUTION_OBSERVATION,,0,60,0,60,60
r8c-3710-837fd36e4e40f65a,3710,E2_DYNAMIC_INCREMENTAL_AFTER_FULL_REUSE,CDF15/CDF-HARSH,NO_MEMORY_RESET_GATE,4,COMPLETE,NOT_COMPUTED_MISSING_EXECUTION_OBSERVATION,,0,60,0,60,60
r8c-3711-1bddb58b390f72a5,3711,E2_DYNAMIC_INCREMENTAL_AFTER_FULL_REUSE,CDF15/CDF-HARSH,NO_LINEAGE_CREDIT,4,COMPLETE,NOT_COMPUTED_MISSING_EXECUTION_OBSERVATION,,0,60,0,60,60
r8c-3712-e57157f259310106,3712,E2_DYNAMIC_INCREMENTAL_AFTER_FULL_REUSE,CDF15/CDF-HARSH,CROSS_EVENT_WARM_START_ONLY,4,COMPLETE,NOT_COMPUTED_MISSING_EXECUTION_OBSERVATION,,0,60,0,60,60
r8c-3713-6e6f47672bb80847,3713,E2_DYNAMIC_INCREMENTAL_AFTER_FULL_REUSE,CDF15/CDF-HARSH,CROSS_EVENT_MEMORY_ONLY,4,COMPLETE,NOT_COMPUTED_MISSING_EXECUTION_OBSERVATION,,0,60,0,60,60
r8c-3714-c9cc280b75b6f314,3714,E2_DYNAMIC_INCREMENTAL_AFTER_FULL_REUSE,CDF15/CDF-HARSH,SHADE_ONLY,4,COMPLETE,NOT_COMPUTED_MISSING_EXECUTION_OBSERVATION,,0,60,0,60,60
r8c-3715-5380347d31c1e7af,3715,E2_DYNAMIC_INCREMENTAL_AFTER_FULL_REUSE,CDF15/CDF-MILD,NO_CROSS_EVENT_MEMORY,0,COMPLETE,NOT_COMPUTED_MISSING_EXECUTION_OBSERVATION,,0,60,0,60,60
r8c-3716-208199aa7c45410b,3716,E2_DYNAMIC_INCREMENTAL_AFTER_FULL_REUSE,CDF15/CDF-MILD,NO_REJECTION_CREDIT,0,COMPLETE,NOT_COMPUTED_MISSING_EXECUTION_OBSERVATION,,0,60,0,60,60
r8c-3717-ecacd4cabac9e9c4,3717,E2_DYNAMIC_INCREMENTAL_AFTER_FULL_REUSE,CDF15/CDF-MILD,NO_MEMORY_RESET_GATE,0,COMPLETE,NOT_COMPUTED_MISSING_EXECUTION_OBSERVATION,,0,60,0,60,60
r8c-3718-85c6d1d55b922a6b,3718,E2_DYNAMIC_INCREMENTAL_AFTER_FULL_REUSE,CDF15/CDF-MILD,NO_LINEAGE_CREDIT,0,COMPLETE,NOT_COMPUTED_MISSING_EXECUTION_OBSERVATION,,0,60,0,60,60
r8c-3719-16e194a6be30e3a7,3719,E2_DYNAMIC_INCREMENTAL_AFTER_FULL_REUSE,CDF15/CDF-MILD,CROSS_EVENT_WARM_START_ONLY,0,COMPLETE,NOT_COMPUTED_MISSING_EXECUTION_OBSERVATION,,0,60,0,60,60
r8c-3720-acc9c3dee2be600e,3720,E2_DYNAMIC_INCREMENTAL_AFTER_FULL_REUSE,CDF15/CDF-MILD,CROSS_EVENT_MEMORY_ONLY,0,COMPLETE,NOT_COMPUTED_MISSING_EXECUTION_OBSERVATION,,0,60,0,60,60
r8c-3721-1c6436abfdfd5da8,3721,E2_DYNAMIC_INCREMENTAL_AFTER_FULL_REUSE,CDF15/CDF-MILD,SHADE_ONLY,0,COMPLETE,NOT_COMPUTED_MISSING_EXECUTION_OBSERVATION,,0,60,0,60,60
r8c-3722-009b0abd562a6531,3722,E2_DYNAMIC_INCREMENTAL_AFTER_FULL_REUSE,CDF15/CDF-MILD,NO_CROSS_EVENT_MEMORY,1,COMPLETE,NOT_COMPUTED_MISSING_EXECUTION_OBSERVATION,,0,60,0,60,60
r8c-3723-b2375d8bc88fd132,3723,E2_DYNAMIC_INCREMENTAL_AFTER_FULL_REUSE,CDF15/CDF-MILD,NO_REJECTION_CREDIT,1,COMPLETE,NOT_COMPUTED_MISSING_EXECUTION_OBSERVATION,,0,60,0,60,60
r8c-3724-3ae86388177d3a49,3724,E2_DYNAMIC_INCREMENTAL_AFTER_FULL_REUSE,CDF15/CDF-MILD,NO_MEMORY_RESET_GATE,1,COMPLETE,NOT_COMPUTED_MISSING_EXECUTION_OBSERVATION,,0,60,0,60,60
r8c-3725-5d85725396766eff,3725,E2_DYNAMIC_INCREMENTAL_AFTER_FULL_REUSE,CDF15/CDF-MILD,NO_LINEAGE_CREDIT,1,COMPLETE,NOT_COMPUTED_MISSING_EXECUTION_OBSERVATION,,0,60,0,60,60
r8c-3726-e3a5df3131b75eb5,3726,E2_DYNAMIC_INCREMENTAL_AFTER_FULL_REUSE,CDF15/CDF-MILD,CROSS_EVENT_WARM_START_ONLY,1,COMPLETE,NOT_COMPUTED_MISSING_EXECUTION_OBSERVATION,,0,60,0,60,60
r8c-3727-b20fa96a7e905f07,3727,E2_DYNAMIC_INCREMENTAL_AFTER_FULL_REUSE,CDF15/CDF-MILD,CROSS_EVENT_MEMORY_ONLY,1,COMPLETE,NOT_COMPUTED_MISSING_EXECUTION_OBSERVATION,,0,60,0,60,60
r8c-3728-4c86702bb1f6fb33,3728,E2_DYNAMIC_INCREMENTAL_AFTER_FULL_REUSE,CDF15/CDF-MILD,SHADE_ONLY,1,COMPLETE,NOT_COMPUTED_MISSING_EXECUTION_OBSERVATION,,0,60,0,60,60
r8c-3729-9a0d213d9e8f81cb,3729,E2_DYNAMIC_INCREMENTAL_AFTER_FULL_REUSE,CDF15/CDF-MILD,NO_CROSS_EVENT_MEMORY,2,COMPLETE,NOT_COMPUTED_MISSING_EXECUTION_OBSERVATION,,0,60,0,60,60
r8c-3730-a1e7067227bddf1d,3730,E2_DYNAMIC_INCREMENTAL_AFTER_FULL_REUSE,CDF15/CDF-MILD,NO_REJECTION_CREDIT,2,COMPLETE,NOT_COMPUTED_MISSING_EXECUTION_OBSERVATION,,0,60,0,60,60
r8c-3731-557dbe07e5d43925,3731,E2_DYNAMIC_INCREMENTAL_AFTER_FULL_REUSE,CDF15/CDF-MILD,NO_MEMORY_RESET_GATE,2,COMPLETE,NOT_COMPUTED_MISSING_EXECUTION_OBSERVATION,,0,60,0,60,60
r8c-3732-c50f65b839575961,3732,E2_DYNAMIC_INCREMENTAL_AFTER_FULL_REUSE,CDF15/CDF-MILD,NO_LINEAGE_CREDIT,2,COMPLETE,NOT_COMPUTED_MISSING_EXECUTION_OBSERVATION,,0,60,0,60,60
r8c-3733-41ac4cc0fc0c80a8,3733,E2_DYNAMIC_INCREMENTAL_AFTER_FULL_REUSE,CDF15/CDF-MILD,CROSS_EVENT_WARM_START_ONLY,2,COMPLETE,NOT_COMPUTED_MISSING_EXECUTION_OBSERVATION,,0,60,0,60,60
r8c-3734-821c1e8a92e1e0ab,3734,E2_DYNAMIC_INCREMENTAL_AFTER_FULL_REUSE,CDF15/CDF-MILD,CROSS_EVENT_MEMORY_ONLY,2,COMPLETE,NOT_COMPUTED_MISSING_EXECUTION_OBSERVATION,,0,60,0,60,60
r8c-3735-f3ef1b7c72dfd290,3735,E2_DYNAMIC_INCREMENTAL_AFTER_FULL_REUSE,CDF15/CDF-MILD,SHADE_ONLY,2,COMPLETE,NOT_COMPUTED_MISSING_EXECUTION_OBSERVATION,,0,60,0,60,60
r8c-3736-964f501b2c2278fb,3736,E2_DYNAMIC_INCREMENTAL_AFTER_FULL_REUSE,CDF15/CDF-MILD,NO_CROSS_EVENT_MEMORY,3,COMPLETE,NOT_COMPUTED_MISSING_EXECUTION_OBSERVATION,,0,60,0,60,60
r8c-3737-53192a4e5adfcce6,3737,E2_DYNAMIC_INCREMENTAL_AFTER_FULL_REUSE,CDF15/CDF-MILD,NO_REJECTION_CREDIT,3,COMPLETE,NOT_COMPUTED_MISSING_EXECUTION_OBSERVATION,,0,60,0,60,60
r8c-3738-f27c43dd668f8508,3738,E2_DYNAMIC_INCREMENTAL_AFTER_FULL_REUSE,CDF15/CDF-MILD,NO_MEMORY_RESET_GATE,3,COMPLETE,NOT_COMPUTED_MISSING_EXECUTION_OBSERVATION,,0,60,0,60,60
r8c-3739-0062c382da0921fb,3739,E2_DYNAMIC_INCREMENTAL_AFTER_FULL_REUSE,CDF15/CDF-MILD,NO_LINEAGE_CREDIT,3,COMPLETE,NOT_COMPUTED_MISSING_EXECUTION_OBSERVATION,,0,60,0,60,60
r8c-3740-c40d3f414588770b,3740,E2_DYNAMIC_INCREMENTAL_AFTER_FULL_REUSE,CDF15/CDF-MILD,CROSS_EVENT_WARM_START_ONLY,3,COMPLETE,NOT_COMPUTED_MISSING_EXECUTION_OBSERVATION,,0,60,0,60,60
r8c-3741-3559e016886d2345,3741,E2_DYNAMIC_INCREMENTAL_AFTER_FULL_REUSE,CDF15/CDF-MILD,CROSS_EVENT_MEMORY_ONLY,3,COMPLETE,NOT_COMPUTED_MISSING_EXECUTION_OBSERVATION,,0,60,0,60,60
r8c-3742-e147a42b0054c840,3742,E2_DYNAMIC_INCREMENTAL_AFTER_FULL_REUSE,CDF15/CDF-MILD,SHADE_ONLY,3,COMPLETE,NOT_COMPUTED_MISSING_EXECUTION_OBSERVATION,,0,60,0,60,60
r8c-3743-c6fc42adf7425194,3743,E2_DYNAMIC_INCREMENTAL_AFTER_FULL_REUSE,CDF15/CDF-MILD,NO_CROSS_EVENT_MEMORY,4,COMPLETE,NOT_COMPUTED_MISSING_EXECUTION_OBSERVATION,,0,60,0,60,60
r8c-3744-8783ce2cc8b8e38f,3744,E2_DYNAMIC_INCREMENTAL_AFTER_FULL_REUSE,CDF15/CDF-MILD,NO_REJECTION_CREDIT,4,COMPLETE,NOT_COMPUTED_MISSING_EXECUTION_OBSERVATION,,0,60,0,60,60
r8c-3745-2b6b249517e2b2ad,3745,E2_DYNAMIC_INCREMENTAL_AFTER_FULL_REUSE,CDF15/CDF-MILD,NO_MEMORY_RESET_GATE,4,COMPLETE,NOT_COMPUTED_MISSING_EXECUTION_OBSERVATION,,0,60,0,60,60
r8c-3746-e384a5b58a3f7021,3746,E2_DYNAMIC_INCREMENTAL_AFTER_FULL_REUSE,CDF15/CDF-MILD,NO_LINEAGE_CREDIT,4,COMPLETE,NOT_COMPUTED_MISSING_EXECUTION_OBSERVATION,,0,60,0,60,60
r8c-3747-8836892446e07605,3747,E2_DYNAMIC_INCREMENTAL_AFTER_FULL_REUSE,CDF15/CDF-MILD,CROSS_EVENT_WARM_START_ONLY,4,COMPLETE,NOT_COMPUTED_MISSING_EXECUTION_OBSERVATION,,0,60,0,60,60
r8c-3748-fb8df5ad0b2f220f,3748,E2_DYNAMIC_INCREMENTAL_AFTER_FULL_REUSE,CDF15/CDF-MILD,CROSS_EVENT_MEMORY_ONLY,4,COMPLETE,NOT_COMPUTED_MISSING_EXECUTION_OBSERVATION,,0,60,0,60,60
r8c-3749-a186ff9418b5ec99,3749,E2_DYNAMIC_INCREMENTAL_AFTER_FULL_REUSE,CDF15/CDF-MILD,SHADE_ONLY,4,COMPLETE,NOT_COMPUTED_MISSING_EXECUTION_OBSERVATION,,0,60,0,60,60
r8c-3750-41e6560fb1a308f8,3750,E2_ROLLING_INCREMENTAL_AFTER_FULL_REUSE,RR-SMOOTH/0,NO_CROSS_EVENT_MEMORY,0,COMPLETE,INCLUDED,0.05,1,20,20,0,20
r8c-3751-37cdfd3a4d3ad74f,3751,E2_ROLLING_INCREMENTAL_AFTER_FULL_REUSE,RR-SMOOTH/0,NO_EXECUTION_FEEDBACK,0,COMPLETE,NOT_COMPUTED_MISSING_EXECUTION_OBSERVATION,,3,20,14,6,20
r8c-3752-ff089486d0296500,3752,E2_ROLLING_INCREMENTAL_AFTER_FULL_REUSE,RR-SMOOTH/0,NO_REJECTION_CREDIT,0,COMPLETE,INCLUDED,0.2,4,20,20,0,20
r8c-3753-9773ffa5bfad656a,3753,E2_ROLLING_INCREMENTAL_AFTER_FULL_REUSE,RR-SMOOTH/0,NO_MEMORY_RESET_GATE,0,COMPLETE,NOT_COMPUTED_MISSING_EXECUTION_OBSERVATION,,5,20,16,4,20
r8c-3754-e481d4331c942772,3754,E2_ROLLING_INCREMENTAL_AFTER_FULL_REUSE,RR-SMOOTH/0,NO_LINEAGE_CREDIT,0,COMPLETE,NOT_COMPUTED_MISSING_EXECUTION_OBSERVATION,,1,20,19,1,20
r8c-3755-07e9a7bfdf61045b,3755,E2_ROLLING_INCREMENTAL_AFTER_FULL_REUSE,RR-SMOOTH/0,CROSS_EVENT_WARM_START_ONLY,0,COMPLETE,INCLUDED,0.0,0,20,20,0,20
r8c-3756-b6d0a15c936b356d,3756,E2_ROLLING_INCREMENTAL_AFTER_FULL_REUSE,RR-SMOOTH/0,CROSS_EVENT_MEMORY_ONLY,0,COMPLETE,INCLUDED,0.1,2,20,20,0,20
r8c-3757-d9793ed5546e6133,3757,E2_ROLLING_INCREMENTAL_AFTER_FULL_REUSE,RR-SMOOTH/0,SHADE_ONLY,0,COMPLETE,INCLUDED,0.0,0,20,20,0,20
r8c-3758-9dbdfa8e990fcc32,3758,E2_ROLLING_INCREMENTAL_AFTER_FULL_REUSE,RR-SMOOTH/0,NO_CROSS_EVENT_MEMORY,1,COMPLETE,INCLUDED,0.2,4,20,20,0,20
r8c-3759-dd854c6e60610e04,3759,E2_ROLLING_INCREMENTAL_AFTER_FULL_REUSE,RR-SMOOTH/0,NO_EXECUTION_FEEDBACK,1,COMPLETE,NOT_COMPUTED_MISSING_EXECUTION_OBSERVATION,,2,20,16,4,20
r8c-3760-e164f2b0a61176fa,3760,E2_ROLLING_INCREMENTAL_AFTER_FULL_REUSE,RR-SMOOTH/0,NO_REJECTION_CREDIT,1,COMPLETE,INCLUDED,0.05,1,20,20,0,20
r8c-3761-91515530bdeb373e,3761,E2_ROLLING_INCREMENTAL_AFTER_FULL_REUSE,RR-SMOOTH/0,NO_MEMORY_RESET_GATE,1,COMPLETE,INCLUDED,0.2,4,20,20,0,20
r8c-3762-b836998656a2ca50,3762,E2_ROLLING_INCREMENTAL_AFTER_FULL_REUSE,RR-SMOOTH/0,NO_LINEAGE_CREDIT,1,COMPLETE,INCLUDED,0.0,0,20,20,0,20
r8c-3763-784cd2dcde7029ae,3763,E2_ROLLING_INCREMENTAL_AFTER_FULL_REUSE,RR-SMOOTH/0,CROSS_EVENT_WARM_START_ONLY,1,COMPLETE,NOT_COMPUTED_MISSING_EXECUTION_OBSERVATION,,2,20,16,4,20
r8c-3764-0d9f809fef944f89,3764,E2_ROLLING_INCREMENTAL_AFTER_FULL_REUSE,RR-SMOOTH/0,CROSS_EVENT_MEMORY_ONLY,1,COMPLETE,INCLUDED,0.05,1,20,20,0,20
r8c-3765-f95da1962cf1bcdc,3765,E2_ROLLING_INCREMENTAL_AFTER_FULL_REUSE,RR-SMOOTH/0,SHADE_ONLY,1,COMPLETE,INCLUDED,0.05,1,20,20,0,20
r8c-3766-0982462367738688,3766,E2_ROLLING_INCREMENTAL_AFTER_FULL_REUSE,RR-SMOOTH/0,NO_CROSS_EVENT_MEMORY,2,COMPLETE,NOT_COMPUTED_MISSING_EXECUTION_OBSERVATION,,5,20,18,2,20
r8c-3767-444ba9de883ecbf6,3767,E2_ROLLING_INCREMENTAL_AFTER_FULL_REUSE,RR-SMOOTH/0,NO_EXECUTION_FEEDBACK,2,COMPLETE,NOT_COMPUTED_MISSING_EXECUTION_OBSERVATION,,1,20,18,2,20
r8c-3768-5e2824f114624ec3,3768,E2_ROLLING_INCREMENTAL_AFTER_FULL_REUSE,RR-SMOOTH/0,NO_REJECTION_CREDIT,2,COMPLETE,NOT_COMPUTED_MISSING_EXECUTION_OBSERVATION,,1,20,18,2,20
r8c-3769-27c11096365ad982,3769,E2_ROLLING_INCREMENTAL_AFTER_FULL_REUSE,RR-SMOOTH/0,NO_MEMORY_RESET_GATE,2,COMPLETE,NOT_COMPUTED_MISSING_EXECUTION_OBSERVATION,,2,20,18,2,20
r8c-3770-7f53473d818cc534,3770,E2_ROLLING_INCREMENTAL_AFTER_FULL_REUSE,RR-SMOOTH/0,NO_LINEAGE_CREDIT,2,COMPLETE,NOT_COMPUTED_MISSING_EXECUTION_OBSERVATION,,2,20,19,1,20
r8c-3771-0fe59122ac3c8e91,3771,E2_ROLLING_INCREMENTAL_AFTER_FULL_REUSE,RR-SMOOTH/0,CROSS_EVENT_WARM_START_ONLY,2,COMPLETE,INCLUDED,0.0,0,20,20,0,20
r8c-3772-5dab3b8496204cd4,3772,E2_ROLLING_INCREMENTAL_AFTER_FULL_REUSE,RR-SMOOTH/0,CROSS_EVENT_MEMORY_ONLY,2,COMPLETE,INCLUDED,0.0,0,20,20,0,20
r8c-3773-2016741f9478417d,3773,E2_ROLLING_INCREMENTAL_AFTER_FULL_REUSE,RR-SMOOTH/0,SHADE_ONLY,2,COMPLETE,INCLUDED,0.05,1,20,20,0,20
r8c-3774-4342f59db9db743e,3774,E2_ROLLING_INCREMENTAL_AFTER_FULL_REUSE,RR-SMOOTH/0,NO_CROSS_EVENT_MEMORY,3,COMPLETE,INCLUDED,0.05,1,20,20,0,20
r8c-3775-509940bce5da159e,3775,E2_ROLLING_INCREMENTAL_AFTER_FULL_REUSE,RR-SMOOTH/0,NO_EXECUTION_FEEDBACK,3,COMPLETE,NOT_COMPUTED_MISSING_EXECUTION_OBSERVATION,,0,20,19,1,20
r8c-3776-f6e5a6926af0f0b6,3776,E2_ROLLING_INCREMENTAL_AFTER_FULL_REUSE,RR-SMOOTH/0,NO_REJECTION_CREDIT,3,COMPLETE,INCLUDED,0.15,3,20,20,0,20
r8c-3777-1cb2aa42a1656e7c,3777,E2_ROLLING_INCREMENTAL_AFTER_FULL_REUSE,RR-SMOOTH/0,NO_MEMORY_RESET_GATE,3,COMPLETE,INCLUDED,0.15,3,20,20,0,20
r8c-3778-8d181759c39b8c1a,3778,E2_ROLLING_INCREMENTAL_AFTER_FULL_REUSE,RR-SMOOTH/0,NO_LINEAGE_CREDIT,3,COMPLETE,NOT_COMPUTED_MISSING_EXECUTION_OBSERVATION,,1,20,19,1,20
r8c-3779-66508f67f89c835c,3779,E2_ROLLING_INCREMENTAL_AFTER_FULL_REUSE,RR-SMOOTH/0,CROSS_EVENT_WARM_START_ONLY,3,COMPLETE,INCLUDED,0.05,1,20,20,0,20
r8c-3780-9b3e6e14c8917338,3780,E2_ROLLING_INCREMENTAL_AFTER_FULL_REUSE,RR-SMOOTH/0,CROSS_EVENT_MEMORY_ONLY,3,COMPLETE,INCLUDED,0.05,1,20,20,0,20
r8c-3781-2327a3bc8b097a17,3781,E2_ROLLING_INCREMENTAL_AFTER_FULL_REUSE,RR-SMOOTH/0,SHADE_ONLY,3,COMPLETE,INCLUDED,0.0,0,20,20,0,20
r8c-3782-23b730f6e3790576,3782,E2_ROLLING_INCREMENTAL_AFTER_FULL_REUSE,RR-SMOOTH/0,NO_CROSS_EVENT_MEMORY,4,COMPLETE,INCLUDED,0.05,1,20,20,0,20
r8c-3783-eb589193deea8804,3783,E2_ROLLING_INCREMENTAL_AFTER_FULL_REUSE,RR-SMOOTH/0,NO_EXECUTION_FEEDBACK,4,COMPLETE,NOT_COMPUTED_MISSING_EXECUTION_OBSERVATION,,2,20,17,3,20
r8c-3784-908d08ff65c6928c,3784,E2_ROLLING_INCREMENTAL_AFTER_FULL_REUSE,RR-SMOOTH/0,NO_REJECTION_CREDIT,4,COMPLETE,NOT_COMPUTED_MISSING_EXECUTION_OBSERVATION,,1,20,19,1,20
r8c-3785-cdc2541757394c88,3785,E2_ROLLING_INCREMENTAL_AFTER_FULL_REUSE,RR-SMOOTH/0,NO_MEMORY_RESET_GATE,4,COMPLETE,NOT_COMPUTED_MISSING_EXECUTION_OBSERVATION,,1,20,18,2,20
r8c-3786-c5417722b9a7d8c8,3786,E2_ROLLING_INCREMENTAL_AFTER_FULL_REUSE,RR-SMOOTH/0,NO_LINEAGE_CREDIT,4,COMPLETE,NOT_COMPUTED_MISSING_EXECUTION_OBSERVATION,,1,20,19,1,20
r8c-3787-417b38d5dd40fc66,3787,E2_ROLLING_INCREMENTAL_AFTER_FULL_REUSE,RR-SMOOTH/0,CROSS_EVENT_WARM_START_ONLY,4,COMPLETE,NOT_COMPUTED_MISSING_EXECUTION_OBSERVATION,,1,20,19,1,20
r8c-3788-50623dd92e1ae664,3788,E2_ROLLING_INCREMENTAL_AFTER_FULL_REUSE,RR-SMOOTH/0,CROSS_EVENT_MEMORY_ONLY,4,COMPLETE,INCLUDED,0.05,1,20,20,0,20
r8c-3789-1341e2c81afb6aaa,3789,E2_ROLLING_INCREMENTAL_AFTER_FULL_REUSE,RR-SMOOTH/0,SHADE_ONLY,4,COMPLETE,INCLUDED,0.05,1,20,20,0,20
r8c-3790-5c7270e8da5ac687,3790,E2_ROLLING_INCREMENTAL_AFTER_FULL_REUSE,RR-SMOOTH/1,NO_CROSS_EVENT_MEMORY,0,COMPLETE,NOT_COMPUTED_MISSING_EXECUTION_OBSERVATION,,0,20,1,19,20
r8c-3791-8fe1e0bd0b2cbaeb,3791,E2_ROLLING_INCREMENTAL_AFTER_FULL_REUSE,RR-SMOOTH/1,NO_EXECUTION_FEEDBACK,0,COMPLETE,NOT_COMPUTED_MISSING_EXECUTION_OBSERVATION,,0,20,11,9,20
r8c-3792-0bcda51e5f00e37c,3792,E2_ROLLING_INCREMENTAL_AFTER_FULL_REUSE,RR-SMOOTH/1,NO_REJECTION_CREDIT,0,COMPLETE,NOT_COMPUTED_MISSING_EXECUTION_OBSERVATION,,0,20,0,20,20
r8c-3793-7013e02632284dd8,3793,E2_ROLLING_INCREMENTAL_AFTER_FULL_REUSE,RR-SMOOTH/1,NO_MEMORY_RESET_GATE,0,COMPLETE,NOT_COMPUTED_MISSING_EXECUTION_OBSERVATION,,0,20,0,20,20
r8c-3794-c34a891b6ffe8966,3794,E2_ROLLING_INCREMENTAL_AFTER_FULL_REUSE,RR-SMOOTH/1,NO_LINEAGE_CREDIT,0,COMPLETE,NOT_COMPUTED_MISSING_EXECUTION_OBSERVATION,,0,20,13,7,20
r8c-3795-a5d285e0ff91ab73,3795,E2_ROLLING_INCREMENTAL_AFTER_FULL_REUSE,RR-SMOOTH/1,CROSS_EVENT_WARM_START_ONLY,0,COMPLETE,NOT_COMPUTED_MISSING_EXECUTION_OBSERVATION,,1,20,18,2,20
r8c-3796-4ffb8427d8b3d23d,3796,E2_ROLLING_INCREMENTAL_AFTER_FULL_REUSE,RR-SMOOTH/1,CROSS_EVENT_MEMORY_ONLY,0,COMPLETE,NOT_COMPUTED_MISSING_EXECUTION_OBSERVATION,,0,20,8,12,20
r8c-3797-4403720509855106,3797,E2_ROLLING_INCREMENTAL_AFTER_FULL_REUSE,RR-SMOOTH/1,SHADE_ONLY,0,COMPLETE,NOT_COMPUTED_MISSING_EXECUTION_OBSERVATION,,0,20,16,4,20
r8c-3798-9a31e5476d08dd4f,3798,E2_ROLLING_INCREMENTAL_AFTER_FULL_REUSE,RR-SMOOTH/1,NO_CROSS_EVENT_MEMORY,1,COMPLETE,INCLUDED,0.0,0,20,20,0,20
r8c-3799-04d27db6426871da,3799,E2_ROLLING_INCREMENTAL_AFTER_FULL_REUSE,RR-SMOOTH/1,NO_EXECUTION_FEEDBACK,1,COMPLETE,NOT_COMPUTED_MISSING_EXECUTION_OBSERVATION,,0,20,8,12,20
r8c-3800-61f4b8c8428433d8,3800,E2_ROLLING_INCREMENTAL_AFTER_FULL_REUSE,RR-SMOOTH/1,NO_REJECTION_CREDIT,1,COMPLETE,NOT_COMPUTED_MISSING_EXECUTION_OBSERVATION,,1,20,10,10,20
r8c-3801-84e2f8c0c3330ce6,3801,E2_ROLLING_INCREMENTAL_AFTER_FULL_REUSE,RR-SMOOTH/1,NO_MEMORY_RESET_GATE,1,COMPLETE,NOT_COMPUTED_MISSING_EXECUTION_OBSERVATION,,0,20,9,11,20
r8c-3802-e873fb1b0c83208d,3802,E2_ROLLING_INCREMENTAL_AFTER_FULL_REUSE,RR-SMOOTH/1,NO_LINEAGE_CREDIT,1,COMPLETE,NOT_COMPUTED_MISSING_EXECUTION_OBSERVATION,,0,20,9,11,20
r8c-3803-c1df44be47568298,3803,E2_ROLLING_INCREMENTAL_AFTER_FULL_REUSE,RR-SMOOTH/1,CROSS_EVENT_WARM_START_ONLY,1,COMPLETE,NOT_COMPUTED_MISSING_EXECUTION_OBSERVATION,,0,20,0,20,20
r8c-3804-be7c1673ee9173e7,3804,E2_ROLLING_INCREMENTAL_AFTER_FULL_REUSE,RR-SMOOTH/1,CROSS_EVENT_MEMORY_ONLY,1,COMPLETE,NOT_COMPUTED_MISSING_EXECUTION_OBSERVATION,,0,20,0,20,20
r8c-3805-115fcef90c52233a,3805,E2_ROLLING_INCREMENTAL_AFTER_FULL_REUSE,RR-SMOOTH/1,SHADE_ONLY,1,COMPLETE,NOT_COMPUTED_MISSING_EXECUTION_OBSERVATION,,0,20,8,12,20
r8c-3806-835bfad86a261345,3806,E2_ROLLING_INCREMENTAL_AFTER_FULL_REUSE,RR-SMOOTH/1,NO_CROSS_EVENT_MEMORY,2,COMPLETE,NOT_COMPUTED_MISSING_EXECUTION_OBSERVATION,,0,20,16,4,20
r8c-3807-a8db57f68096f43f,3807,E2_ROLLING_INCREMENTAL_AFTER_FULL_REUSE,RR-SMOOTH/1,NO_EXECUTION_FEEDBACK,2,COMPLETE,NOT_COMPUTED_MISSING_EXECUTION_OBSERVATION,,1,20,8,12,20
r8c-3808-6ae3499b4109a4c3,3808,E2_ROLLING_INCREMENTAL_AFTER_FULL_REUSE,RR-SMOOTH/1,NO_REJECTION_CREDIT,2,COMPLETE,NOT_COMPUTED_MISSING_EXECUTION_OBSERVATION,,0,20,0,20,20
r8c-3809-6662c4dd9e72a109,3809,E2_ROLLING_INCREMENTAL_AFTER_FULL_REUSE,RR-SMOOTH/1,NO_MEMORY_RESET_GATE,2,COMPLETE,NOT_COMPUTED_MISSING_EXECUTION_OBSERVATION,,0,20,7,13,20
r8c-3810-3723fd45b069ad73,3810,E2_ROLLING_INCREMENTAL_AFTER_FULL_REUSE,RR-SMOOTH/1,NO_LINEAGE_CREDIT,2,COMPLETE,NOT_COMPUTED_MISSING_EXECUTION_OBSERVATION,,0,20,6,14,20
r8c-3811-41b314d5f593cadb,3811,E2_ROLLING_INCREMENTAL_AFTER_FULL_REUSE,RR-SMOOTH/1,CROSS_EVENT_WARM_START_ONLY,2,COMPLETE,NOT_COMPUTED_MISSING_EXECUTION_OBSERVATION,,0,20,14,6,20
r8c-3812-aab4b2ed863772ec,3812,E2_ROLLING_INCREMENTAL_AFTER_FULL_REUSE,RR-SMOOTH/1,CROSS_EVENT_MEMORY_ONLY,2,COMPLETE,NOT_COMPUTED_MISSING_EXECUTION_OBSERVATION,,0,20,0,20,20
r8c-3813-15b03a032205182a,3813,E2_ROLLING_INCREMENTAL_AFTER_FULL_REUSE,RR-SMOOTH/1,SHADE_ONLY,2,COMPLETE,NOT_COMPUTED_MISSING_EXECUTION_OBSERVATION,,0,20,1,19,20
r8c-3814-6533570ce70e2217,3814,E2_ROLLING_INCREMENTAL_AFTER_FULL_REUSE,RR-SMOOTH/1,NO_CROSS_EVENT_MEMORY,3,COMPLETE,NOT_COMPUTED_MISSING_EXECUTION_OBSERVATION,,0,20,0,20,20
r8c-3815-1b28d0773ff5717b,3815,E2_ROLLING_INCREMENTAL_AFTER_FULL_REUSE,RR-SMOOTH/1,NO_EXECUTION_FEEDBACK,3,COMPLETE,NOT_COMPUTED_MISSING_EXECUTION_OBSERVATION,,1,20,15,5,20
r8c-3816-a36def9c44f164a6,3816,E2_ROLLING_INCREMENTAL_AFTER_FULL_REUSE,RR-SMOOTH/1,NO_REJECTION_CREDIT,3,COMPLETE,NOT_COMPUTED_MISSING_EXECUTION_OBSERVATION,,0,20,8,12,20
r8c-3817-29c21c036dec6d7e,3817,E2_ROLLING_INCREMENTAL_AFTER_FULL_REUSE,RR-SMOOTH/1,NO_MEMORY_RESET_GATE,3,COMPLETE,NOT_COMPUTED_MISSING_EXECUTION_OBSERVATION,,0,20,12,8,20
r8c-3818-9d85ce18b7b8b5fe,3818,E2_ROLLING_INCREMENTAL_AFTER_FULL_REUSE,RR-SMOOTH/1,NO_LINEAGE_CREDIT,3,COMPLETE,NOT_COMPUTED_MISSING_EXECUTION_OBSERVATION,,0,20,0,20,20
r8c-3819-603fe64b26478e15,3819,E2_ROLLING_INCREMENTAL_AFTER_FULL_REUSE,RR-SMOOTH/1,CROSS_EVENT_WARM_START_ONLY,3,COMPLETE,NOT_COMPUTED_MISSING_EXECUTION_OBSERVATION,,0,20,13,7,20
r8c-3820-08ae82492a397de2,3820,E2_ROLLING_INCREMENTAL_AFTER_FULL_REUSE,RR-SMOOTH/1,CROSS_EVENT_MEMORY_ONLY,3,COMPLETE,NOT_COMPUTED_MISSING_EXECUTION_OBSERVATION,,0,20,0,20,20
r8c-3821-a7e13a59b20c4361,3821,E2_ROLLING_INCREMENTAL_AFTER_FULL_REUSE,RR-SMOOTH/1,SHADE_ONLY,3,COMPLETE,NOT_COMPUTED_MISSING_EXECUTION_OBSERVATION,,0,20,13,7,20
r8c-3822-80e8f41dbe3255d2,3822,E2_ROLLING_INCREMENTAL_AFTER_FULL_REUSE,RR-SMOOTH/1,NO_CROSS_EVENT_MEMORY,4,COMPLETE,NOT_COMPUTED_MISSING_EXECUTION_OBSERVATION,,1,20,17,3,20
r8c-3823-c8c2df74caf799d6,3823,E2_ROLLING_INCREMENTAL_AFTER_FULL_REUSE,RR-SMOOTH/1,NO_EXECUTION_FEEDBACK,4,COMPLETE,NOT_COMPUTED_MISSING_EXECUTION_OBSERVATION,,0,20,1,19,20
r8c-3824-063e14d825859ab0,3824,E2_ROLLING_INCREMENTAL_AFTER_FULL_REUSE,RR-SMOOTH/1,NO_REJECTION_CREDIT,4,COMPLETE,NOT_COMPUTED_MISSING_EXECUTION_OBSERVATION,,0,20,1,19,20
r8c-3825-212fee7665479b8a,3825,E2_ROLLING_INCREMENTAL_AFTER_FULL_REUSE,RR-SMOOTH/1,NO_MEMORY_RESET_GATE,4,COMPLETE,NOT_COMPUTED_MISSING_EXECUTION_OBSERVATION,,0,20,10,10,20
r8c-3826-5d3e761854a616ec,3826,E2_ROLLING_INCREMENTAL_AFTER_FULL_REUSE,RR-SMOOTH/1,NO_LINEAGE_CREDIT,4,COMPLETE,NOT_COMPUTED_MISSING_EXECUTION_OBSERVATION,,0,20,17,3,20
r8c-3827-13a8eb5cb5a21f44,3827,E2_ROLLING_INCREMENTAL_AFTER_FULL_REUSE,RR-SMOOTH/1,CROSS_EVENT_WARM_START_ONLY,4,COMPLETE,NOT_COMPUTED_MISSING_EXECUTION_OBSERVATION,,0,20,1,19,20
r8c-3828-c0e6dce4053ff7e1,3828,E2_ROLLING_INCREMENTAL_AFTER_FULL_REUSE,RR-SMOOTH/1,CROSS_EVENT_MEMORY_ONLY,4,COMPLETE,NOT_COMPUTED_MISSING_EXECUTION_OBSERVATION,,0,20,7,13,20
r8c-3829-b87c4c1a18232ea5,3829,E2_ROLLING_INCREMENTAL_AFTER_FULL_REUSE,RR-SMOOTH/1,SHADE_ONLY,4,COMPLETE,INCLUDED,0.05,1,20,20,0,20
r8c-3830-537a0fa07f4db9f0,3830,E2_ROLLING_INCREMENTAL_AFTER_FULL_REUSE,RR-SMOOTH/2,NO_CROSS_EVENT_MEMORY,0,COMPLETE,INCLUDED,0.0,0,20,20,0,20
r8c-3831-a026b3726ff79a3b,3831,E2_ROLLING_INCREMENTAL_AFTER_FULL_REUSE,RR-SMOOTH/2,NO_EXECUTION_FEEDBACK,0,COMPLETE,INCLUDED,0.0,0,20,20,0,20
r8c-3832-6dc65a01458eabfe,3832,E2_ROLLING_INCREMENTAL_AFTER_FULL_REUSE,RR-SMOOTH/2,NO_REJECTION_CREDIT,0,COMPLETE,INCLUDED,0.0,0,20,20,0,20
r8c-3833-ea4a8f5b86e5de0c,3833,E2_ROLLING_INCREMENTAL_AFTER_FULL_REUSE,RR-SMOOTH/2,NO_MEMORY_RESET_GATE,0,COMPLETE,INCLUDED,0.0,0,20,20,0,20
r8c-3834-0685e90687743960,3834,E2_ROLLING_INCREMENTAL_AFTER_FULL_REUSE,RR-SMOOTH/2,NO_LINEAGE_CREDIT,0,COMPLETE,INCLUDED,0.0,0,20,20,0,20
r8c-3835-9d3ac2a6b33efd1c,3835,E2_ROLLING_INCREMENTAL_AFTER_FULL_REUSE,RR-SMOOTH/2,CROSS_EVENT_WARM_START_ONLY,0,COMPLETE,INCLUDED,0.0,0,20,20,0,20
r8c-3836-92dd6b486d2a9560,3836,E2_ROLLING_INCREMENTAL_AFTER_FULL_REUSE,RR-SMOOTH/2,CROSS_EVENT_MEMORY_ONLY,0,COMPLETE,INCLUDED,0.0,0,20,20,0,20
r8c-3837-6a83a816e513a97c,3837,E2_ROLLING_INCREMENTAL_AFTER_FULL_REUSE,RR-SMOOTH/2,SHADE_ONLY,0,COMPLETE,INCLUDED,0.0,0,20,20,0,20
r8c-3838-3c5e2437b1ab8f12,3838,E2_ROLLING_INCREMENTAL_AFTER_FULL_REUSE,RR-SMOOTH/2,NO_CROSS_EVENT_MEMORY,1,COMPLETE,INCLUDED,0.0,0,20,20,0,20
r8c-3839-bace6dd7802766c2,3839,E2_ROLLING_INCREMENTAL_AFTER_FULL_REUSE,RR-SMOOTH/2,NO_EXECUTION_FEEDBACK,1,COMPLETE,INCLUDED,0.0,0,20,20,0,20
r8c-3840-008382a62af007eb,3840,E2_ROLLING_INCREMENTAL_AFTER_FULL_REUSE,RR-SMOOTH/2,NO_REJECTION_CREDIT,1,COMPLETE,INCLUDED,0.0,0,20,20,0,20
r8c-3841-0101bb031a1ad1dc,3841,E2_ROLLING_INCREMENTAL_AFTER_FULL_REUSE,RR-SMOOTH/2,NO_MEMORY_RESET_GATE,1,COMPLETE,INCLUDED,0.0,0,20,20,0,20
r8c-3842-8ca5851ef3b869fd,3842,E2_ROLLING_INCREMENTAL_AFTER_FULL_REUSE,RR-SMOOTH/2,NO_LINEAGE_CREDIT,1,COMPLETE,INCLUDED,0.0,0,20,20,0,20
r8c-3843-a41f9f1c127d3f4d,3843,E2_ROLLING_INCREMENTAL_AFTER_FULL_REUSE,RR-SMOOTH/2,CROSS_EVENT_WARM_START_ONLY,1,COMPLETE,INCLUDED,0.0,0,20,20,0,20
r8c-3844-2c698b90e0863df5,3844,E2_ROLLING_INCREMENTAL_AFTER_FULL_REUSE,RR-SMOOTH/2,CROSS_EVENT_MEMORY_ONLY,1,COMPLETE,INCLUDED,0.0,0,20,20,0,20
r8c-3845-63a3a5e693d47675,3845,E2_ROLLING_INCREMENTAL_AFTER_FULL_REUSE,RR-SMOOTH/2,SHADE_ONLY,1,COMPLETE,INCLUDED,0.0,0,20,20,0,20
r8c-3846-561c2a0dc869646c,3846,E2_ROLLING_INCREMENTAL_AFTER_FULL_REUSE,RR-SMOOTH/2,NO_CROSS_EVENT_MEMORY,2,COMPLETE,INCLUDED,0.0,0,20,20,0,20
r8c-3847-a7d0774a847d59bc,3847,E2_ROLLING_INCREMENTAL_AFTER_FULL_REUSE,RR-SMOOTH/2,NO_EXECUTION_FEEDBACK,2,COMPLETE,INCLUDED,0.0,0,20,20,0,20
r8c-3848-e7826225013a161e,3848,E2_ROLLING_INCREMENTAL_AFTER_FULL_REUSE,RR-SMOOTH/2,NO_REJECTION_CREDIT,2,COMPLETE,INCLUDED,0.0,0,20,20,0,20
r8c-3849-194a829cf27138d5,3849,E2_ROLLING_INCREMENTAL_AFTER_FULL_REUSE,RR-SMOOTH/2,NO_MEMORY_RESET_GATE,2,COMPLETE,NOT_COMPUTED_MISSING_EXECUTION_OBSERVATION,,0,20,19,1,20
r8c-3850-efbe8cd69e1179a1,3850,E2_ROLLING_INCREMENTAL_AFTER_FULL_REUSE,RR-SMOOTH/2,NO_LINEAGE_CREDIT,2,COMPLETE,INCLUDED,0.0,0,20,20,0,20
r8c-3851-e55187e827eb9eb7,3851,E2_ROLLING_INCREMENTAL_AFTER_FULL_REUSE,RR-SMOOTH/2,CROSS_EVENT_WARM_START_ONLY,2,COMPLETE,INCLUDED,0.0,0,20,20,0,20
r8c-3852-8d6f389691145cad,3852,E2_ROLLING_INCREMENTAL_AFTER_FULL_REUSE,RR-SMOOTH/2,CROSS_EVENT_MEMORY_ONLY,2,COMPLETE,INCLUDED,0.0,0,20,20,0,20
r8c-3853-874b11f5479f6968,3853,E2_ROLLING_INCREMENTAL_AFTER_FULL_REUSE,RR-SMOOTH/2,SHADE_ONLY,2,COMPLETE,INCLUDED,0.0,0,20,20,0,20
r8c-3854-2412e857c1961ba9,3854,E2_ROLLING_INCREMENTAL_AFTER_FULL_REUSE,RR-SMOOTH/2,NO_CROSS_EVENT_MEMORY,3,COMPLETE,INCLUDED,0.0,0,20,20,0,20
r8c-3855-b4600ea65a21ea70,3855,E2_ROLLING_INCREMENTAL_AFTER_FULL_REUSE,RR-SMOOTH/2,NO_EXECUTION_FEEDBACK,3,COMPLETE,INCLUDED,0.0,0,20,20,0,20
r8c-3856-689e57244c12df8f,3856,E2_ROLLING_INCREMENTAL_AFTER_FULL_REUSE,RR-SMOOTH/2,NO_REJECTION_CREDIT,3,COMPLETE,INCLUDED,0.0,0,20,20,0,20
r8c-3857-8d48158122b7d39a,3857,E2_ROLLING_INCREMENTAL_AFTER_FULL_REUSE,RR-SMOOTH/2,NO_MEMORY_RESET_GATE,3,COMPLETE,INCLUDED,0.0,0,20,20,0,20
r8c-3858-6e5145cd517d9153,3858,E2_ROLLING_INCREMENTAL_AFTER_FULL_REUSE,RR-SMOOTH/2,NO_LINEAGE_CREDIT,3,COMPLETE,INCLUDED,0.0,0,20,20,0,20
r8c-3859-2a7e318a5987ea89,3859,E2_ROLLING_INCREMENTAL_AFTER_FULL_REUSE,RR-SMOOTH/2,CROSS_EVENT_WARM_START_ONLY,3,COMPLETE,INCLUDED,0.0,0,20,20,0,20
r8c-3860-8ff1c8d099fecf41,3860,E2_ROLLING_INCREMENTAL_AFTER_FULL_REUSE,RR-SMOOTH/2,CROSS_EVENT_MEMORY_ONLY,3,COMPLETE,INCLUDED,0.0,0,20,20,0,20
r8c-3861-43a5440f0cf87a38,3861,E2_ROLLING_INCREMENTAL_AFTER_FULL_REUSE,RR-SMOOTH/2,SHADE_ONLY,3,COMPLETE,INCLUDED,0.0,0,20,20,0,20
r8c-3862-f07d7f933898dc42,3862,E2_ROLLING_INCREMENTAL_AFTER_FULL_REUSE,RR-SMOOTH/2,NO_CROSS_EVENT_MEMORY,4,COMPLETE,INCLUDED,0.0,0,20,20,0,20
r8c-3863-66c78745f1821dd3,3863,E2_ROLLING_INCREMENTAL_AFTER_FULL_REUSE,RR-SMOOTH/2,NO_EXECUTION_FEEDBACK,4,COMPLETE,INCLUDED,0.0,0,20,20,0,20
r8c-3864-23e603ac33e88c43,3864,E2_ROLLING_INCREMENTAL_AFTER_FULL_REUSE,RR-SMOOTH/2,NO_REJECTION_CREDIT,4,COMPLETE,INCLUDED,0.0,0,20,20,0,20
r8c-3865-640b64425d7c4fc3,3865,E2_ROLLING_INCREMENTAL_AFTER_FULL_REUSE,RR-SMOOTH/2,NO_MEMORY_RESET_GATE,4,COMPLETE,INCLUDED,0.0,0,20,20,0,20
r8c-3866-a660e86a8798828e,3866,E2_ROLLING_INCREMENTAL_AFTER_FULL_REUSE,RR-SMOOTH/2,NO_LINEAGE_CREDIT,4,COMPLETE,INCLUDED,0.0,0,20,20,0,20
r8c-3867-66d916ea25f688fe,3867,E2_ROLLING_INCREMENTAL_AFTER_FULL_REUSE,RR-SMOOTH/2,CROSS_EVENT_WARM_START_ONLY,4,COMPLETE,INCLUDED,0.0,0,20,20,0,20
r8c-3868-e338f14a8fc2c86d,3868,E2_ROLLING_INCREMENTAL_AFTER_FULL_REUSE,RR-SMOOTH/2,CROSS_EVENT_MEMORY_ONLY,4,COMPLETE,INCLUDED,0.0,0,20,20,0,20
r8c-3869-72f70e596d0104b9,3869,E2_ROLLING_INCREMENTAL_AFTER_FULL_REUSE,RR-SMOOTH/2,SHADE_ONLY,4,COMPLETE,INCLUDED,0.0,0,20,20,0,20
r8c-3870-5c19db67b83eca4c,3870,E2_ROLLING_INCREMENTAL_AFTER_FULL_REUSE,RR-SMOOTH/3,NO_CROSS_EVENT_MEMORY,0,COMPLETE,NOT_COMPUTED_MISSING_EXECUTION_OBSERVATION,,0,20,18,2,20
r8c-3871-3ff7a6903dee1162,3871,E2_ROLLING_INCREMENTAL_AFTER_FULL_REUSE,RR-SMOOTH/3,NO_EXECUTION_FEEDBACK,0,COMPLETE,INCLUDED,0.0,0,20,20,0,20
r8c-3872-2b01d65effe08064,3872,E2_ROLLING_INCREMENTAL_AFTER_FULL_REUSE,RR-SMOOTH/3,NO_REJECTION_CREDIT,0,COMPLETE,NOT_COMPUTED_MISSING_EXECUTION_OBSERVATION,,0,20,18,2,20
r8c-3873-7e165abe9b472d0a,3873,E2_ROLLING_INCREMENTAL_AFTER_FULL_REUSE,RR-SMOOTH/3,NO_MEMORY_RESET_GATE,0,COMPLETE,NOT_COMPUTED_MISSING_EXECUTION_OBSERVATION,,0,20,19,1,20
r8c-3874-07061c1caef71ae8,3874,E2_ROLLING_INCREMENTAL_AFTER_FULL_REUSE,RR-SMOOTH/3,NO_LINEAGE_CREDIT,0,COMPLETE,INCLUDED,0.0,0,20,20,0,20
r8c-3875-405ab0cd3c0f0398,3875,E2_ROLLING_INCREMENTAL_AFTER_FULL_REUSE,RR-SMOOTH/3,CROSS_EVENT_WARM_START_ONLY,0,COMPLETE,NOT_COMPUTED_MISSING_EXECUTION_OBSERVATION,,0,20,19,1,20
r8c-3876-40b70073b2f1d037,3876,E2_ROLLING_INCREMENTAL_AFTER_FULL_REUSE,RR-SMOOTH/3,CROSS_EVENT_MEMORY_ONLY,0,COMPLETE,NOT_COMPUTED_MISSING_EXECUTION_OBSERVATION,,0,20,19,1,20
r8c-3877-531c3d865bd47586,3877,E2_ROLLING_INCREMENTAL_AFTER_FULL_REUSE,RR-SMOOTH/3,SHADE_ONLY,0,COMPLETE,NOT_COMPUTED_MISSING_EXECUTION_OBSERVATION,,0,20,19,1,20
r8c-3878-897cbfb7a2cd1d83,3878,E2_ROLLING_INCREMENTAL_AFTER_FULL_REUSE,RR-SMOOTH/3,NO_CROSS_EVENT_MEMORY,1,COMPLETE,INCLUDED,0.0,0,20,20,0,20
r8c-3879-208a1383747ba0e8,3879,E2_ROLLING_INCREMENTAL_AFTER_FULL_REUSE,RR-SMOOTH/3,NO_EXECUTION_FEEDBACK,1,COMPLETE,INCLUDED,0.0,0,20,20,0,20
r8c-3880-b045361ebb60eca0,3880,E2_ROLLING_INCREMENTAL_AFTER_FULL_REUSE,RR-SMOOTH/3,NO_REJECTION_CREDIT,1,COMPLETE,NOT_COMPUTED_MISSING_EXECUTION_OBSERVATION,,0,20,19,1,20
r8c-3881-e1bcceb3e776b831,3881,E2_ROLLING_INCREMENTAL_AFTER_FULL_REUSE,RR-SMOOTH/3,NO_MEMORY_RESET_GATE,1,COMPLETE,INCLUDED,0.0,0,20,20,0,20
r8c-3882-17f09828182f7d14,3882,E2_ROLLING_INCREMENTAL_AFTER_FULL_REUSE,RR-SMOOTH/3,NO_LINEAGE_CREDIT,1,COMPLETE,NOT_COMPUTED_MISSING_EXECUTION_OBSERVATION,,1,20,18,2,20
r8c-3883-82251eaeae0bfae3,3883,E2_ROLLING_INCREMENTAL_AFTER_FULL_REUSE,RR-SMOOTH/3,CROSS_EVENT_WARM_START_ONLY,1,COMPLETE,INCLUDED,0.0,0,20,20,0,20
r8c-3884-c1f0527f2d82bbd2,3884,E2_ROLLING_INCREMENTAL_AFTER_FULL_REUSE,RR-SMOOTH/3,CROSS_EVENT_MEMORY_ONLY,1,COMPLETE,NOT_COMPUTED_MISSING_EXECUTION_OBSERVATION,,0,20,19,1,20
r8c-3885-99074d2f3b890315,3885,E2_ROLLING_INCREMENTAL_AFTER_FULL_REUSE,RR-SMOOTH/3,SHADE_ONLY,1,COMPLETE,INCLUDED,0.0,0,20,20,0,20
r8c-3886-e1c93f1a5642008e,3886,E2_ROLLING_INCREMENTAL_AFTER_FULL_REUSE,RR-SMOOTH/3,NO_CROSS_EVENT_MEMORY,2,COMPLETE,NOT_COMPUTED_MISSING_EXECUTION_OBSERVATION,,0,20,19,1,20
r8c-3887-c4b79d636bde7e9c,3887,E2_ROLLING_INCREMENTAL_AFTER_FULL_REUSE,RR-SMOOTH/3,NO_EXECUTION_FEEDBACK,2,COMPLETE,INCLUDED,0.05,1,20,20,0,20
r8c-3888-9c5f0209a2031d9d,3888,E2_ROLLING_INCREMENTAL_AFTER_FULL_REUSE,RR-SMOOTH/3,NO_REJECTION_CREDIT,2,COMPLETE,NOT_COMPUTED_MISSING_EXECUTION_OBSERVATION,,0,20,19,1,20
r8c-3889-21f39185b8cff7c7,3889,E2_ROLLING_INCREMENTAL_AFTER_FULL_REUSE,RR-SMOOTH/3,NO_MEMORY_RESET_GATE,2,COMPLETE,NOT_COMPUTED_MISSING_EXECUTION_OBSERVATION,,0,20,18,2,20
r8c-3890-05f064e704f68936,3890,E2_ROLLING_INCREMENTAL_AFTER_FULL_REUSE,RR-SMOOTH/3,NO_LINEAGE_CREDIT,2,COMPLETE,INCLUDED,0.0,0,20,20,0,20
r8c-3891-0c78259ac10e44ce,3891,E2_ROLLING_INCREMENTAL_AFTER_FULL_REUSE,RR-SMOOTH/3,CROSS_EVENT_WARM_START_ONLY,2,COMPLETE,INCLUDED,0.0,0,20,20,0,20
r8c-3892-23945245c7005b48,3892,E2_ROLLING_INCREMENTAL_AFTER_FULL_REUSE,RR-SMOOTH/3,CROSS_EVENT_MEMORY_ONLY,2,COMPLETE,INCLUDED,0.0,0,20,20,0,20
r8c-3893-2f4f1d0beef8562a,3893,E2_ROLLING_INCREMENTAL_AFTER_FULL_REUSE,RR-SMOOTH/3,SHADE_ONLY,2,COMPLETE,NOT_COMPUTED_MISSING_EXECUTION_OBSERVATION,,0,20,19,1,20
r8c-3894-d07a2f8f65495328,3894,E2_ROLLING_INCREMENTAL_AFTER_FULL_REUSE,RR-SMOOTH/3,NO_CROSS_EVENT_MEMORY,3,COMPLETE,INCLUDED,0.0,0,20,20,0,20
r8c-3895-f1326a7a8ee41b8d,3895,E2_ROLLING_INCREMENTAL_AFTER_FULL_REUSE,RR-SMOOTH/3,NO_EXECUTION_FEEDBACK,3,COMPLETE,INCLUDED,0.0,0,20,20,0,20
r8c-3896-1b01ca82ef0405de,3896,E2_ROLLING_INCREMENTAL_AFTER_FULL_REUSE,RR-SMOOTH/3,NO_REJECTION_CREDIT,3,COMPLETE,INCLUDED,0.0,0,20,20,0,20
r8c-3897-feba8b2dfba9b7e1,3897,E2_ROLLING_INCREMENTAL_AFTER_FULL_REUSE,RR-SMOOTH/3,NO_MEMORY_RESET_GATE,3,COMPLETE,NOT_COMPUTED_MISSING_EXECUTION_OBSERVATION,,0,20,17,3,20
r8c-3898-6ecfe0ded12b9f6d,3898,E2_ROLLING_INCREMENTAL_AFTER_FULL_REUSE,RR-SMOOTH/3,NO_LINEAGE_CREDIT,3,COMPLETE,INCLUDED,0.0,0,20,20,0,20
r8c-3899-591a805ba4eb7b2d,3899,E2_ROLLING_INCREMENTAL_AFTER_FULL_REUSE,RR-SMOOTH/3,CROSS_EVENT_WARM_START_ONLY,3,COMPLETE,NOT_COMPUTED_MISSING_EXECUTION_OBSERVATION,,0,20,19,1,20
r8c-3900-7f50a0eee8e6a296,3900,E2_ROLLING_INCREMENTAL_AFTER_FULL_REUSE,RR-SMOOTH/3,CROSS_EVENT_MEMORY_ONLY,3,COMPLETE,NOT_COMPUTED_MISSING_EXECUTION_OBSERVATION,,2,20,18,2,20
r8c-3901-5043194c77b53ab6,3901,E2_ROLLING_INCREMENTAL_AFTER_FULL_REUSE,RR-SMOOTH/3,SHADE_ONLY,3,COMPLETE,INCLUDED,0.0,0,20,20,0,20
r8c-3902-5756dac5b4d5f494,3902,E2_ROLLING_INCREMENTAL_AFTER_FULL_REUSE,RR-SMOOTH/3,NO_CROSS_EVENT_MEMORY,4,COMPLETE,INCLUDED,0.0,0,20,20,0,20
r8c-3903-5270190babe5285f,3903,E2_ROLLING_INCREMENTAL_AFTER_FULL_REUSE,RR-SMOOTH/3,NO_EXECUTION_FEEDBACK,4,COMPLETE,INCLUDED,0.0,0,20,20,0,20
r8c-3904-13fbc319498b3ecb,3904,E2_ROLLING_INCREMENTAL_AFTER_FULL_REUSE,RR-SMOOTH/3,NO_REJECTION_CREDIT,4,COMPLETE,NOT_COMPUTED_MISSING_EXECUTION_OBSERVATION,,0,20,19,1,20
r8c-3905-72e2333d570f8d40,3905,E2_ROLLING_INCREMENTAL_AFTER_FULL_REUSE,RR-SMOOTH/3,NO_MEMORY_RESET_GATE,4,COMPLETE,NOT_COMPUTED_MISSING_EXECUTION_OBSERVATION,,0,20,18,2,20
r8c-3906-a92ce61b1a28b5c3,3906,E2_ROLLING_INCREMENTAL_AFTER_FULL_REUSE,RR-SMOOTH/3,NO_LINEAGE_CREDIT,4,COMPLETE,INCLUDED,0.05,1,20,20,0,20
r8c-3907-a432776a680ca244,3907,E2_ROLLING_INCREMENTAL_AFTER_FULL_REUSE,RR-SMOOTH/3,CROSS_EVENT_WARM_START_ONLY,4,COMPLETE,INCLUDED,0.0,0,20,20,0,20
r8c-3908-5e3cdad65d9a8b48,3908,E2_ROLLING_INCREMENTAL_AFTER_FULL_REUSE,RR-SMOOTH/3,CROSS_EVENT_MEMORY_ONLY,4,COMPLETE,NOT_COMPUTED_MISSING_EXECUTION_OBSERVATION,,0,20,19,1,20
r8c-3909-64ac10acb5151715,3909,E2_ROLLING_INCREMENTAL_AFTER_FULL_REUSE,RR-SMOOTH/3,SHADE_ONLY,4,COMPLETE,NOT_COMPUTED_MISSING_EXECUTION_OBSERVATION,,0,20,18,2,20
r8c-3910-b8e276d85652fc81,3910,E2_ROLLING_INCREMENTAL_AFTER_FULL_REUSE,RR-SMOOTH/4,NO_CROSS_EVENT_MEMORY,0,COMPLETE,NOT_COMPUTED_MISSING_EXECUTION_OBSERVATION,,1,20,10,10,20
r8c-3911-96610b50496c872e,3911,E2_ROLLING_INCREMENTAL_AFTER_FULL_REUSE,RR-SMOOTH/4,NO_EXECUTION_FEEDBACK,0,COMPLETE,NOT_COMPUTED_MISSING_EXECUTION_OBSERVATION,,0,20,11,9,20
r8c-3912-346828c51dd93205,3912,E2_ROLLING_INCREMENTAL_AFTER_FULL_REUSE,RR-SMOOTH/4,NO_REJECTION_CREDIT,0,COMPLETE,NOT_COMPUTED_MISSING_EXECUTION_OBSERVATION,,2,20,7,13,20
r8c-3913-8c97f0c95fce9a21,3913,E2_ROLLING_INCREMENTAL_AFTER_FULL_REUSE,RR-SMOOTH/4,NO_MEMORY_RESET_GATE,0,COMPLETE,NOT_COMPUTED_MISSING_EXECUTION_OBSERVATION,,2,20,7,13,20
r8c-3914-1179f1792a5a8137,3914,E2_ROLLING_INCREMENTAL_AFTER_FULL_REUSE,RR-SMOOTH/4,NO_LINEAGE_CREDIT,0,COMPLETE,NOT_COMPUTED_MISSING_EXECUTION_OBSERVATION,,3,20,9,11,20
r8c-3915-849d0dde8082ef27,3915,E2_ROLLING_INCREMENTAL_AFTER_FULL_REUSE,RR-SMOOTH/4,CROSS_EVENT_WARM_START_ONLY,0,COMPLETE,NOT_COMPUTED_MISSING_EXECUTION_OBSERVATION,,2,20,7,13,20
r8c-3916-284be046177db24b,3916,E2_ROLLING_INCREMENTAL_AFTER_FULL_REUSE,RR-SMOOTH/4,CROSS_EVENT_MEMORY_ONLY,0,COMPLETE,NOT_COMPUTED_MISSING_EXECUTION_OBSERVATION,,1,20,2,18,20
r8c-3917-977a01be3b222032,3917,E2_ROLLING_INCREMENTAL_AFTER_FULL_REUSE,RR-SMOOTH/4,SHADE_ONLY,0,COMPLETE,NOT_COMPUTED_MISSING_EXECUTION_OBSERVATION,,1,20,8,12,20
r8c-3918-6c62dc8a03967df3,3918,E2_ROLLING_INCREMENTAL_AFTER_FULL_REUSE,RR-SMOOTH/4,NO_CROSS_EVENT_MEMORY,1,COMPLETE,NOT_COMPUTED_MISSING_EXECUTION_OBSERVATION,,1,20,9,11,20
r8c-3919-91a0c051bc55d87a,3919,E2_ROLLING_INCREMENTAL_AFTER_FULL_REUSE,RR-SMOOTH/4,NO_EXECUTION_FEEDBACK,1,COMPLETE,NOT_COMPUTED_MISSING_EXECUTION_OBSERVATION,,2,20,7,13,20
r8c-3920-36809614e538e4da,3920,E2_ROLLING_INCREMENTAL_AFTER_FULL_REUSE,RR-SMOOTH/4,NO_REJECTION_CREDIT,1,COMPLETE,NOT_COMPUTED_MISSING_EXECUTION_OBSERVATION,,1,20,6,14,20
r8c-3921-24b4d3fbe765f2c0,3921,E2_ROLLING_INCREMENTAL_AFTER_FULL_REUSE,RR-SMOOTH/4,NO_MEMORY_RESET_GATE,1,COMPLETE,NOT_COMPUTED_MISSING_EXECUTION_OBSERVATION,,1,20,7,13,20
r8c-3922-15d430073bbc5478,3922,E2_ROLLING_INCREMENTAL_AFTER_FULL_REUSE,RR-SMOOTH/4,NO_LINEAGE_CREDIT,1,COMPLETE,NOT_COMPUTED_MISSING_EXECUTION_OBSERVATION,,1,20,7,13,20
r8c-3923-abc37bc4c4a10311,3923,E2_ROLLING_INCREMENTAL_AFTER_FULL_REUSE,RR-SMOOTH/4,CROSS_EVENT_WARM_START_ONLY,1,COMPLETE,NOT_COMPUTED_MISSING_EXECUTION_OBSERVATION,,2,20,7,13,20
r8c-3924-81fd2c609582393c,3924,E2_ROLLING_INCREMENTAL_AFTER_FULL_REUSE,RR-SMOOTH/4,CROSS_EVENT_MEMORY_ONLY,1,COMPLETE,NOT_COMPUTED_MISSING_EXECUTION_OBSERVATION,,1,20,13,7,20
r8c-3925-cf7eb1e139cdafc0,3925,E2_ROLLING_INCREMENTAL_AFTER_FULL_REUSE,RR-SMOOTH/4,SHADE_ONLY,1,COMPLETE,NOT_COMPUTED_MISSING_EXECUTION_OBSERVATION,,3,20,6,14,20
r8c-3926-0e136d2da7bc38f1,3926,E2_ROLLING_INCREMENTAL_AFTER_FULL_REUSE,RR-SMOOTH/4,NO_CROSS_EVENT_MEMORY,2,COMPLETE,NOT_COMPUTED_MISSING_EXECUTION_OBSERVATION,,0,20,8,12,20
r8c-3927-8e3575867607147a,3927,E2_ROLLING_INCREMENTAL_AFTER_FULL_REUSE,RR-SMOOTH/4,NO_EXECUTION_FEEDBACK,2,COMPLETE,NOT_COMPUTED_MISSING_EXECUTION_OBSERVATION,,1,20,5,15,20
r8c-3928-02ccc24d25a9428e,3928,E2_ROLLING_INCREMENTAL_AFTER_FULL_REUSE,RR-SMOOTH/4,NO_REJECTION_CREDIT,2,COMPLETE,NOT_COMPUTED_MISSING_EXECUTION_OBSERVATION,,1,20,9,11,20
r8c-3929-86562583304f4037,3929,E2_ROLLING_INCREMENTAL_AFTER_FULL_REUSE,RR-SMOOTH/4,NO_MEMORY_RESET_GATE,2,COMPLETE,NOT_COMPUTED_MISSING_EXECUTION_OBSERVATION,,2,20,7,13,20
r8c-3930-26fbae992382bd36,3930,E2_ROLLING_INCREMENTAL_AFTER_FULL_REUSE,RR-SMOOTH/4,NO_LINEAGE_CREDIT,2,COMPLETE,NOT_COMPUTED_MISSING_EXECUTION_OBSERVATION,,2,20,7,13,20
r8c-3931-69752f034e217c94,3931,E2_ROLLING_INCREMENTAL_AFTER_FULL_REUSE,RR-SMOOTH/4,CROSS_EVENT_WARM_START_ONLY,2,COMPLETE,NOT_COMPUTED_MISSING_EXECUTION_OBSERVATION,,3,20,6,14,20
r8c-3932-f4951882af116c22,3932,E2_ROLLING_INCREMENTAL_AFTER_FULL_REUSE,RR-SMOOTH/4,CROSS_EVENT_MEMORY_ONLY,2,COMPLETE,NOT_COMPUTED_MISSING_EXECUTION_OBSERVATION,,1,20,11,9,20
r8c-3933-53d9b03e7b84650a,3933,E2_ROLLING_INCREMENTAL_AFTER_FULL_REUSE,RR-SMOOTH/4,SHADE_ONLY,2,COMPLETE,NOT_COMPUTED_MISSING_EXECUTION_OBSERVATION,,1,20,8,12,20
r8c-3934-d239159571563b83,3934,E2_ROLLING_INCREMENTAL_AFTER_FULL_REUSE,RR-SMOOTH/4,NO_CROSS_EVENT_MEMORY,3,COMPLETE,NOT_COMPUTED_MISSING_EXECUTION_OBSERVATION,,2,20,9,11,20
r8c-3935-1152fccd028e4b58,3935,E2_ROLLING_INCREMENTAL_AFTER_FULL_REUSE,RR-SMOOTH/4,NO_EXECUTION_FEEDBACK,3,COMPLETE,NOT_COMPUTED_MISSING_EXECUTION_OBSERVATION,,0,20,9,11,20
r8c-3936-7fa09223af3f3f0c,3936,E2_ROLLING_INCREMENTAL_AFTER_FULL_REUSE,RR-SMOOTH/4,NO_REJECTION_CREDIT,3,COMPLETE,NOT_COMPUTED_MISSING_EXECUTION_OBSERVATION,,1,20,7,13,20
r8c-3937-826a8e1ec286f4d8,3937,E2_ROLLING_INCREMENTAL_AFTER_FULL_REUSE,RR-SMOOTH/4,NO_MEMORY_RESET_GATE,3,COMPLETE,NOT_COMPUTED_MISSING_EXECUTION_OBSERVATION,,1,20,2,18,20
r8c-3938-c2f50d3eecd0e381,3938,E2_ROLLING_INCREMENTAL_AFTER_FULL_REUSE,RR-SMOOTH/4,NO_LINEAGE_CREDIT,3,COMPLETE,NOT_COMPUTED_MISSING_EXECUTION_OBSERVATION,,0,20,6,14,20
r8c-3939-0055736fc0caaee0,3939,E2_ROLLING_INCREMENTAL_AFTER_FULL_REUSE,RR-SMOOTH/4,CROSS_EVENT_WARM_START_ONLY,3,COMPLETE,NOT_COMPUTED_MISSING_EXECUTION_OBSERVATION,,2,20,7,13,20
r8c-3940-468e33e506ae2d34,3940,E2_ROLLING_INCREMENTAL_AFTER_FULL_REUSE,RR-SMOOTH/4,CROSS_EVENT_MEMORY_ONLY,3,COMPLETE,NOT_COMPUTED_MISSING_EXECUTION_OBSERVATION,,0,20,7,13,20
r8c-3941-05eca436f32f163a,3941,E2_ROLLING_INCREMENTAL_AFTER_FULL_REUSE,RR-SMOOTH/4,SHADE_ONLY,3,COMPLETE,NOT_COMPUTED_MISSING_EXECUTION_OBSERVATION,,0,20,7,13,20
r8c-3942-3b4e54b9373318bf,3942,E2_ROLLING_INCREMENTAL_AFTER_FULL_REUSE,RR-SMOOTH/4,NO_CROSS_EVENT_MEMORY,4,COMPLETE,NOT_COMPUTED_MISSING_EXECUTION_OBSERVATION,,0,20,9,11,20
r8c-3943-97e4b6f7bef16fe4,3943,E2_ROLLING_INCREMENTAL_AFTER_FULL_REUSE,RR-SMOOTH/4,NO_EXECUTION_FEEDBACK,4,COMPLETE,NOT_COMPUTED_MISSING_EXECUTION_OBSERVATION,,1,20,7,13,20
r8c-3944-6f54db2457c9cc4a,3944,E2_ROLLING_INCREMENTAL_AFTER_FULL_REUSE,RR-SMOOTH/4,NO_REJECTION_CREDIT,4,COMPLETE,NOT_COMPUTED_MISSING_EXECUTION_OBSERVATION,,1,20,8,12,20
r8c-3945-01927bdc33bd0a45,3945,E2_ROLLING_INCREMENTAL_AFTER_FULL_REUSE,RR-SMOOTH/4,NO_MEMORY_RESET_GATE,4,COMPLETE,NOT_COMPUTED_MISSING_EXECUTION_OBSERVATION,,3,20,6,14,20
r8c-3946-cdc272a3304f0917,3946,E2_ROLLING_INCREMENTAL_AFTER_FULL_REUSE,RR-SMOOTH/4,NO_LINEAGE_CREDIT,4,COMPLETE,NOT_COMPUTED_MISSING_EXECUTION_OBSERVATION,,1,20,6,14,20
r8c-3947-67a899b992caf808,3947,E2_ROLLING_INCREMENTAL_AFTER_FULL_REUSE,RR-SMOOTH/4,CROSS_EVENT_WARM_START_ONLY,4,COMPLETE,NOT_COMPUTED_MISSING_EXECUTION_OBSERVATION,,1,20,8,12,20
r8c-3948-1b8998246db11563,3948,E2_ROLLING_INCREMENTAL_AFTER_FULL_REUSE,RR-SMOOTH/4,CROSS_EVENT_MEMORY_ONLY,4,COMPLETE,NOT_COMPUTED_MISSING_EXECUTION_OBSERVATION,,2,20,7,13,20
r8c-3949-1615e33b701db2e5,3949,E2_ROLLING_INCREMENTAL_AFTER_FULL_REUSE,RR-SMOOTH/4,SHADE_ONLY,4,COMPLETE,NOT_COMPUTED_MISSING_EXECUTION_OBSERVATION,,0,20,0,20,20
r8c-3950-1de933142434e196,3950,E2_ROLLING_INCREMENTAL_AFTER_FULL_REUSE,RR-SMOOTH/5,NO_CROSS_EVENT_MEMORY,0,COMPLETE,NOT_COMPUTED_MISSING_EXECUTION_OBSERVATION,,0,20,19,1,20
r8c-3951-6f16098db1b38695,3951,E2_ROLLING_INCREMENTAL_AFTER_FULL_REUSE,RR-SMOOTH/5,NO_EXECUTION_FEEDBACK,0,COMPLETE,NOT_COMPUTED_MISSING_EXECUTION_OBSERVATION,,1,20,17,3,20
r8c-3952-fc083997349b6131,3952,E2_ROLLING_INCREMENTAL_AFTER_FULL_REUSE,RR-SMOOTH/5,NO_REJECTION_CREDIT,0,COMPLETE,NOT_COMPUTED_MISSING_EXECUTION_OBSERVATION,,0,20,16,4,20
r8c-3953-e719e7e4365db4fc,3953,E2_ROLLING_INCREMENTAL_AFTER_FULL_REUSE,RR-SMOOTH/5,NO_MEMORY_RESET_GATE,0,COMPLETE,NOT_COMPUTED_MISSING_EXECUTION_OBSERVATION,,0,20,16,4,20
r8c-3954-872a46fe50f4a79d,3954,E2_ROLLING_INCREMENTAL_AFTER_FULL_REUSE,RR-SMOOTH/5,NO_LINEAGE_CREDIT,0,COMPLETE,NOT_COMPUTED_MISSING_EXECUTION_OBSERVATION,,0,20,17,3,20
r8c-3955-dea5960e6dd6e894,3955,E2_ROLLING_INCREMENTAL_AFTER_FULL_REUSE,RR-SMOOTH/5,CROSS_EVENT_WARM_START_ONLY,0,COMPLETE,NOT_COMPUTED_MISSING_EXECUTION_OBSERVATION,,1,20,14,6,20
r8c-3956-d33458c70ce2de45,3956,E2_ROLLING_INCREMENTAL_AFTER_FULL_REUSE,RR-SMOOTH/5,CROSS_EVENT_MEMORY_ONLY,0,COMPLETE,INCLUDED,0.1,2,20,20,0,20
r8c-3957-8a67c8b6609cd36d,3957,E2_ROLLING_INCREMENTAL_AFTER_FULL_REUSE,RR-SMOOTH/5,SHADE_ONLY,0,COMPLETE,NOT_COMPUTED_MISSING_EXECUTION_OBSERVATION,,0,20,17,3,20
r8c-3958-3d7dba1161fb2e96,3958,E2_ROLLING_INCREMENTAL_AFTER_FULL_REUSE,RR-SMOOTH/5,NO_CROSS_EVENT_MEMORY,1,COMPLETE,NOT_COMPUTED_MISSING_EXECUTION_OBSERVATION,,1,20,18,2,20
r8c-3959-273d7db384d3377e,3959,E2_ROLLING_INCREMENTAL_AFTER_FULL_REUSE,RR-SMOOTH/5,NO_EXECUTION_FEEDBACK,1,COMPLETE,INCLUDED,0.1,2,20,20,0,20
r8c-3960-cebbfc4b03789edb,3960,E2_ROLLING_INCREMENTAL_AFTER_FULL_REUSE,RR-SMOOTH/5,NO_REJECTION_CREDIT,1,COMPLETE,NOT_COMPUTED_MISSING_EXECUTION_OBSERVATION,,0,20,17,3,20
r8c-3961-eac646de8c5f2236,3961,E2_ROLLING_INCREMENTAL_AFTER_FULL_REUSE,RR-SMOOTH/5,NO_MEMORY_RESET_GATE,1,COMPLETE,NOT_COMPUTED_MISSING_EXECUTION_OBSERVATION,,0,20,18,2,20
r8c-3962-8b595eec049495c6,3962,E2_ROLLING_INCREMENTAL_AFTER_FULL_REUSE,RR-SMOOTH/5,NO_LINEAGE_CREDIT,1,COMPLETE,NOT_COMPUTED_MISSING_EXECUTION_OBSERVATION,,0,20,19,1,20
r8c-3963-97966cbdc7cda47f,3963,E2_ROLLING_INCREMENTAL_AFTER_FULL_REUSE,RR-SMOOTH/5,CROSS_EVENT_WARM_START_ONLY,1,COMPLETE,NOT_COMPUTED_MISSING_EXECUTION_OBSERVATION,,0,20,19,1,20
r8c-3964-6829c536c40e8690,3964,E2_ROLLING_INCREMENTAL_AFTER_FULL_REUSE,RR-SMOOTH/5,CROSS_EVENT_MEMORY_ONLY,1,COMPLETE,NOT_COMPUTED_MISSING_EXECUTION_OBSERVATION,,1,20,17,3,20
r8c-3965-0adc7ee9c66c9ac8,3965,E2_ROLLING_INCREMENTAL_AFTER_FULL_REUSE,RR-SMOOTH/5,SHADE_ONLY,1,COMPLETE,INCLUDED,0.0,0,20,20,0,20
r8c-3966-cb709a4ef897e429,3966,E2_ROLLING_INCREMENTAL_AFTER_FULL_REUSE,RR-SMOOTH/5,NO_CROSS_EVENT_MEMORY,2,COMPLETE,NOT_COMPUTED_MISSING_EXECUTION_OBSERVATION,,0,20,19,1,20
r8c-3967-cc921ab393c815fd,3967,E2_ROLLING_INCREMENTAL_AFTER_FULL_REUSE,RR-SMOOTH/5,NO_EXECUTION_FEEDBACK,2,COMPLETE,NOT_COMPUTED_MISSING_EXECUTION_OBSERVATION,,1,20,18,2,20
r8c-3968-557ebb649e6ae9a1,3968,E2_ROLLING_INCREMENTAL_AFTER_FULL_REUSE,RR-SMOOTH/5,NO_REJECTION_CREDIT,2,COMPLETE,NOT_COMPUTED_MISSING_EXECUTION_OBSERVATION,,1,20,19,1,20
r8c-3969-d657c0b89118d558,3969,E2_ROLLING_INCREMENTAL_AFTER_FULL_REUSE,RR-SMOOTH/5,NO_MEMORY_RESET_GATE,2,COMPLETE,NOT_COMPUTED_MISSING_EXECUTION_OBSERVATION,,0,20,11,9,20
r8c-3970-9acaa7b25de88740,3970,E2_ROLLING_INCREMENTAL_AFTER_FULL_REUSE,RR-SMOOTH/5,NO_LINEAGE_CREDIT,2,COMPLETE,NOT_COMPUTED_MISSING_EXECUTION_OBSERVATION,,0,20,17,3,20
r8c-3971-8820549b9dfd9fca,3971,E2_ROLLING_INCREMENTAL_AFTER_FULL_REUSE,RR-SMOOTH/5,CROSS_EVENT_WARM_START_ONLY,2,COMPLETE,NOT_COMPUTED_MISSING_EXECUTION_OBSERVATION,,0,20,18,2,20
r8c-3972-f9cbcfdbb17bd4b1,3972,E2_ROLLING_INCREMENTAL_AFTER_FULL_REUSE,RR-SMOOTH/5,CROSS_EVENT_MEMORY_ONLY,2,COMPLETE,NOT_COMPUTED_MISSING_EXECUTION_OBSERVATION,,0,20,15,5,20
r8c-3973-6dc8f2c28418884d,3973,E2_ROLLING_INCREMENTAL_AFTER_FULL_REUSE,RR-SMOOTH/5,SHADE_ONLY,2,COMPLETE,NOT_COMPUTED_MISSING_EXECUTION_OBSERVATION,,1,20,11,9,20
r8c-3974-7e40672ec7b80f50,3974,E2_ROLLING_INCREMENTAL_AFTER_FULL_REUSE,RR-SMOOTH/5,NO_CROSS_EVENT_MEMORY,3,COMPLETE,NOT_COMPUTED_MISSING_EXECUTION_OBSERVATION,,2,20,19,1,20
r8c-3975-55abedcc0e530166,3975,E2_ROLLING_INCREMENTAL_AFTER_FULL_REUSE,RR-SMOOTH/5,NO_EXECUTION_FEEDBACK,3,COMPLETE,NOT_COMPUTED_MISSING_EXECUTION_OBSERVATION,,0,20,18,2,20
r8c-3976-caa0d3be8165a7db,3976,E2_ROLLING_INCREMENTAL_AFTER_FULL_REUSE,RR-SMOOTH/5,NO_REJECTION_CREDIT,3,COMPLETE,NOT_COMPUTED_MISSING_EXECUTION_OBSERVATION,,0,20,12,8,20
r8c-3977-048117b4e39187af,3977,E2_ROLLING_INCREMENTAL_AFTER_FULL_REUSE,RR-SMOOTH/5,NO_MEMORY_RESET_GATE,3,COMPLETE,INCLUDED,0.15,3,20,20,0,20
r8c-3978-30ca4f3721f54356,3978,E2_ROLLING_INCREMENTAL_AFTER_FULL_REUSE,RR-SMOOTH/5,NO_LINEAGE_CREDIT,3,COMPLETE,INCLUDED,0.05,1,20,20,0,20
r8c-3979-ed5b1d9f638e2a88,3979,E2_ROLLING_INCREMENTAL_AFTER_FULL_REUSE,RR-SMOOTH/5,CROSS_EVENT_WARM_START_ONLY,3,COMPLETE,NOT_COMPUTED_MISSING_EXECUTION_OBSERVATION,,1,20,19,1,20
r8c-3980-eb427bb122cd42c6,3980,E2_ROLLING_INCREMENTAL_AFTER_FULL_REUSE,RR-SMOOTH/5,CROSS_EVENT_MEMORY_ONLY,3,COMPLETE,NOT_COMPUTED_MISSING_EXECUTION_OBSERVATION,,1,20,18,2,20
r8c-3981-0c16641f70934f2c,3981,E2_ROLLING_INCREMENTAL_AFTER_FULL_REUSE,RR-SMOOTH/5,SHADE_ONLY,3,COMPLETE,INCLUDED,0.0,0,20,20,0,20
r8c-3982-9d14528d544e303a,3982,E2_ROLLING_INCREMENTAL_AFTER_FULL_REUSE,RR-SMOOTH/5,NO_CROSS_EVENT_MEMORY,4,COMPLETE,NOT_COMPUTED_MISSING_EXECUTION_OBSERVATION,,1,20,19,1,20
r8c-3983-6bcafa94710a08a0,3983,E2_ROLLING_INCREMENTAL_AFTER_FULL_REUSE,RR-SMOOTH/5,NO_EXECUTION_FEEDBACK,4,COMPLETE,NOT_COMPUTED_MISSING_EXECUTION_OBSERVATION,,0,20,18,2,20
r8c-3984-7982e56a5a90aa54,3984,E2_ROLLING_INCREMENTAL_AFTER_FULL_REUSE,RR-SMOOTH/5,NO_REJECTION_CREDIT,4,COMPLETE,NOT_COMPUTED_MISSING_EXECUTION_OBSERVATION,,1,20,17,3,20
r8c-3985-267f40a3cc77ad3e,3985,E2_ROLLING_INCREMENTAL_AFTER_FULL_REUSE,RR-SMOOTH/5,NO_MEMORY_RESET_GATE,4,COMPLETE,INCLUDED,0.05,1,20,20,0,20
r8c-3986-8b970f1918bfa441,3986,E2_ROLLING_INCREMENTAL_AFTER_FULL_REUSE,RR-SMOOTH/5,NO_LINEAGE_CREDIT,4,COMPLETE,NOT_COMPUTED_MISSING_EXECUTION_OBSERVATION,,0,20,18,2,20
r8c-3987-c2531ac7bc4bcc94,3987,E2_ROLLING_INCREMENTAL_AFTER_FULL_REUSE,RR-SMOOTH/5,CROSS_EVENT_WARM_START_ONLY,4,COMPLETE,INCLUDED,0.15,3,20,20,0,20
r8c-3988-70709a1638673a30,3988,E2_ROLLING_INCREMENTAL_AFTER_FULL_REUSE,RR-SMOOTH/5,CROSS_EVENT_MEMORY_ONLY,4,COMPLETE,NOT_COMPUTED_MISSING_EXECUTION_OBSERVATION,,0,20,18,2,20
r8c-3989-3cd63be17f1a77a3,3989,E2_ROLLING_INCREMENTAL_AFTER_FULL_REUSE,RR-SMOOTH/5,SHADE_ONLY,4,COMPLETE,NOT_COMPUTED_MISSING_EXECUTION_OBSERVATION,,1,20,16,4,20
r8c-3990-e42046410aa6d590,3990,E2_ROLLING_INCREMENTAL_AFTER_FULL_REUSE,RR-SMOOTH/6,NO_CROSS_EVENT_MEMORY,0,COMPLETE,NOT_COMPUTED_MISSING_EXECUTION_OBSERVATION,,1,20,7,13,20
r8c-3991-086e6015adb2335d,3991,E2_ROLLING_INCREMENTAL_AFTER_FULL_REUSE,RR-SMOOTH/6,NO_EXECUTION_FEEDBACK,0,COMPLETE,NOT_COMPUTED_MISSING_EXECUTION_OBSERVATION,,0,20,12,8,20
r8c-3992-1f2d177808fceb92,3992,E2_ROLLING_INCREMENTAL_AFTER_FULL_REUSE,RR-SMOOTH/6,NO_REJECTION_CREDIT,0,COMPLETE,INCLUDED,0.2,4,20,20,0,20
r8c-3993-a620b7450f51af8c,3993,E2_ROLLING_INCREMENTAL_AFTER_FULL_REUSE,RR-SMOOTH/6,NO_MEMORY_RESET_GATE,0,COMPLETE,NOT_COMPUTED_MISSING_EXECUTION_OBSERVATION,,1,20,3,17,20
r8c-3994-b522c5907feb420e,3994,E2_ROLLING_INCREMENTAL_AFTER_FULL_REUSE,RR-SMOOTH/6,NO_LINEAGE_CREDIT,0,COMPLETE,NOT_COMPUTED_MISSING_EXECUTION_OBSERVATION,,0,20,1,19,20
r8c-3995-391131f49eda4724,3995,E2_ROLLING_INCREMENTAL_AFTER_FULL_REUSE,RR-SMOOTH/6,CROSS_EVENT_WARM_START_ONLY,0,COMPLETE,NOT_COMPUTED_MISSING_EXECUTION_OBSERVATION,,1,20,2,18,20
r8c-3996-1f7ff761b375d48b,3996,E2_ROLLING_INCREMENTAL_AFTER_FULL_REUSE,RR-SMOOTH/6,CROSS_EVENT_MEMORY_ONLY,0,COMPLETE,NOT_COMPUTED_MISSING_EXECUTION_OBSERVATION,,1,20,2,18,20
r8c-3997-295fd891eb0238f3,3997,E2_ROLLING_INCREMENTAL_AFTER_FULL_REUSE,RR-SMOOTH/6,SHADE_ONLY,0,COMPLETE,INCLUDED,0.1,2,20,20,0,20
r8c-3998-6795a56975a4452c,3998,E2_ROLLING_INCREMENTAL_AFTER_FULL_REUSE,RR-SMOOTH/6,NO_CROSS_EVENT_MEMORY,1,COMPLETE,NOT_COMPUTED_MISSING_EXECUTION_OBSERVATION,,0,20,3,17,20
r8c-3999-231e3e107db31dfe,3999,E2_ROLLING_INCREMENTAL_AFTER_FULL_REUSE,RR-SMOOTH/6,NO_EXECUTION_FEEDBACK,1,COMPLETE,NOT_COMPUTED_MISSING_EXECUTION_OBSERVATION,,2,20,10,10,20
r8c-4000-6db856cc1b2c44f7,4000,E2_ROLLING_INCREMENTAL_AFTER_FULL_REUSE,RR-SMOOTH/6,NO_REJECTION_CREDIT,1,COMPLETE,NOT_COMPUTED_MISSING_EXECUTION_OBSERVATION,,0,20,12,8,20
r8c-4001-ac6af46f168b3986,4001,E2_ROLLING_INCREMENTAL_AFTER_FULL_REUSE,RR-SMOOTH/6,NO_MEMORY_RESET_GATE,1,COMPLETE,NOT_COMPUTED_MISSING_EXECUTION_OBSERVATION,,1,20,12,8,20
r8c-4002-9783427b27cbda7a,4002,E2_ROLLING_INCREMENTAL_AFTER_FULL_REUSE,RR-SMOOTH/6,NO_LINEAGE_CREDIT,1,COMPLETE,NOT_COMPUTED_MISSING_EXECUTION_OBSERVATION,,1,20,12,8,20
r8c-4003-5f043870b0980c2d,4003,E2_ROLLING_INCREMENTAL_AFTER_FULL_REUSE,RR-SMOOTH/6,CROSS_EVENT_WARM_START_ONLY,1,COMPLETE,NOT_COMPUTED_MISSING_EXECUTION_OBSERVATION,,0,20,12,8,20
r8c-4004-42866a87d89449be,4004,E2_ROLLING_INCREMENTAL_AFTER_FULL_REUSE,RR-SMOOTH/6,CROSS_EVENT_MEMORY_ONLY,1,COMPLETE,NOT_COMPUTED_MISSING_EXECUTION_OBSERVATION,,1,20,19,1,20
r8c-4005-7c848c0594c4ee83,4005,E2_ROLLING_INCREMENTAL_AFTER_FULL_REUSE,RR-SMOOTH/6,SHADE_ONLY,1,COMPLETE,INCLUDED,0.0,0,20,20,0,20
r8c-4006-283d2877e57ebb29,4006,E2_ROLLING_INCREMENTAL_AFTER_FULL_REUSE,RR-SMOOTH/6,NO_CROSS_EVENT_MEMORY,2,COMPLETE,NOT_COMPUTED_MISSING_EXECUTION_OBSERVATION,,1,20,2,18,20
r8c-4007-8f7c71b40a91f976,4007,E2_ROLLING_INCREMENTAL_AFTER_FULL_REUSE,RR-SMOOTH/6,NO_EXECUTION_FEEDBACK,2,COMPLETE,NOT_COMPUTED_MISSING_EXECUTION_OBSERVATION,,0,20,0,20,20
r8c-4008-84945eeda1d15e74,4008,E2_ROLLING_INCREMENTAL_AFTER_FULL_REUSE,RR-SMOOTH/6,NO_REJECTION_CREDIT,2,COMPLETE,NOT_COMPUTED_MISSING_EXECUTION_OBSERVATION,,0,20,2,18,20
r8c-4009-ffb5997568890787,4009,E2_ROLLING_INCREMENTAL_AFTER_FULL_REUSE,RR-SMOOTH/6,NO_MEMORY_RESET_GATE,2,COMPLETE,NOT_COMPUTED_MISSING_EXECUTION_OBSERVATION,,1,20,9,11,20
r8c-4010-86f8e9557ade192d,4010,E2_ROLLING_INCREMENTAL_AFTER_FULL_REUSE,RR-SMOOTH/6,NO_LINEAGE_CREDIT,2,COMPLETE,INCLUDED,0.05,1,20,20,0,20
r8c-4011-6432369480e6c53d,4011,E2_ROLLING_INCREMENTAL_AFTER_FULL_REUSE,RR-SMOOTH/6,CROSS_EVENT_WARM_START_ONLY,2,COMPLETE,NOT_COMPUTED_MISSING_EXECUTION_OBSERVATION,,2,20,9,11,20
r8c-4012-8fd26ce096336acd,4012,E2_ROLLING_INCREMENTAL_AFTER_FULL_REUSE,RR-SMOOTH/6,CROSS_EVENT_MEMORY_ONLY,2,COMPLETE,NOT_COMPUTED_MISSING_EXECUTION_OBSERVATION,,0,20,1,19,20
r8c-4013-9c14c8998c8d62dc,4013,E2_ROLLING_INCREMENTAL_AFTER_FULL_REUSE,RR-SMOOTH/6,SHADE_ONLY,2,COMPLETE,INCLUDED,0.0,0,20,20,0,20
r8c-4014-d037d12d4fc38802,4014,E2_ROLLING_INCREMENTAL_AFTER_FULL_REUSE,RR-SMOOTH/6,NO_CROSS_EVENT_MEMORY,3,COMPLETE,NOT_COMPUTED_MISSING_EXECUTION_OBSERVATION,,1,20,2,18,20
r8c-4015-419c9d1616bb5f4c,4015,E2_ROLLING_INCREMENTAL_AFTER_FULL_REUSE,RR-SMOOTH/6,NO_EXECUTION_FEEDBACK,3,COMPLETE,NOT_COMPUTED_MISSING_EXECUTION_OBSERVATION,,0,20,2,18,20
r8c-4016-3f6a34ccd542c256,4016,E2_ROLLING_INCREMENTAL_AFTER_FULL_REUSE,RR-SMOOTH/6,NO_REJECTION_CREDIT,3,COMPLETE,INCLUDED,0.05,1,20,20,0,20
r8c-4017-76001f5073207432,4017,E2_ROLLING_INCREMENTAL_AFTER_FULL_REUSE,RR-SMOOTH/6,NO_MEMORY_RESET_GATE,3,COMPLETE,NOT_COMPUTED_MISSING_EXECUTION_OBSERVATION,,1,20,2,18,20
r8c-4018-916fd77263bd5dc3,4018,E2_ROLLING_INCREMENTAL_AFTER_FULL_REUSE,RR-SMOOTH/6,NO_LINEAGE_CREDIT,3,COMPLETE,NOT_COMPUTED_MISSING_EXECUTION_OBSERVATION,,4,20,15,5,20
r8c-4019-c0de66e407110c3d,4019,E2_ROLLING_INCREMENTAL_AFTER_FULL_REUSE,RR-SMOOTH/6,CROSS_EVENT_WARM_START_ONLY,3,COMPLETE,NOT_COMPUTED_MISSING_EXECUTION_OBSERVATION,,1,20,2,18,20
r8c-4020-5fc72bcf3e8150e9,4020,E2_ROLLING_INCREMENTAL_AFTER_FULL_REUSE,RR-SMOOTH/6,CROSS_EVENT_MEMORY_ONLY,3,COMPLETE,NOT_COMPUTED_MISSING_EXECUTION_OBSERVATION,,0,20,1,19,20
r8c-4021-5c8688ab9d48ed4c,4021,E2_ROLLING_INCREMENTAL_AFTER_FULL_REUSE,RR-SMOOTH/6,SHADE_ONLY,3,COMPLETE,NOT_COMPUTED_MISSING_EXECUTION_OBSERVATION,,2,20,11,9,20
r8c-4022-64f812fa0f638530,4022,E2_ROLLING_INCREMENTAL_AFTER_FULL_REUSE,RR-SMOOTH/6,NO_CROSS_EVENT_MEMORY,4,COMPLETE,NOT_COMPUTED_MISSING_EXECUTION_OBSERVATION,,0,20,6,14,20
r8c-4023-30f9b53756b90d96,4023,E2_ROLLING_INCREMENTAL_AFTER_FULL_REUSE,RR-SMOOTH/6,NO_EXECUTION_FEEDBACK,4,COMPLETE,NOT_COMPUTED_MISSING_EXECUTION_OBSERVATION,,1,20,2,18,20
r8c-4024-e45a1c3bcf279d32,4024,E2_ROLLING_INCREMENTAL_AFTER_FULL_REUSE,RR-SMOOTH/6,NO_REJECTION_CREDIT,4,COMPLETE,NOT_COMPUTED_MISSING_EXECUTION_OBSERVATION,,0,20,1,19,20
r8c-4025-e19eebe9bafcc69b,4025,E2_ROLLING_INCREMENTAL_AFTER_FULL_REUSE,RR-SMOOTH/6,NO_MEMORY_RESET_GATE,4,COMPLETE,NOT_COMPUTED_MISSING_EXECUTION_OBSERVATION,,0,20,0,20,20
r8c-4026-332f8a06939af64f,4026,E2_ROLLING_INCREMENTAL_AFTER_FULL_REUSE,RR-SMOOTH/6,NO_LINEAGE_CREDIT,4,COMPLETE,NOT_COMPUTED_MISSING_EXECUTION_OBSERVATION,,0,20,0,20,20
r8c-4027-f96aa9fd5bbba448,4027,E2_ROLLING_INCREMENTAL_AFTER_FULL_REUSE,RR-SMOOTH/6,CROSS_EVENT_WARM_START_ONLY,4,COMPLETE,NOT_COMPUTED_MISSING_EXECUTION_OBSERVATION,,0,20,2,18,20
r8c-4028-92c66aaf547386f4,4028,E2_ROLLING_INCREMENTAL_AFTER_FULL_REUSE,RR-SMOOTH/6,CROSS_EVENT_MEMORY_ONLY,4,COMPLETE,INCLUDED,0.05,1,20,20,0,20
r8c-4029-a61ef41472d9cb1c,4029,E2_ROLLING_INCREMENTAL_AFTER_FULL_REUSE,RR-SMOOTH/6,SHADE_ONLY,4,COMPLETE,NOT_COMPUTED_MISSING_EXECUTION_OBSERVATION,,0,20,0,20,20
r8c-4030-a4c4fdf841636dac,4030,E2_ROLLING_INCREMENTAL_AFTER_FULL_REUSE,RR-SMOOTH/7,NO_CROSS_EVENT_MEMORY,0,COMPLETE,NOT_COMPUTED_MISSING_EXECUTION_OBSERVATION,,2,20,19,1,20
r8c-4031-c960c2e149eecf7c,4031,E2_ROLLING_INCREMENTAL_AFTER_FULL_REUSE,RR-SMOOTH/7,NO_EXECUTION_FEEDBACK,0,COMPLETE,NOT_COMPUTED_MISSING_EXECUTION_OBSERVATION,,3,20,19,1,20
r8c-4032-3bad58f23281d8d3,4032,E2_ROLLING_INCREMENTAL_AFTER_FULL_REUSE,RR-SMOOTH/7,NO_REJECTION_CREDIT,0,COMPLETE,INCLUDED,0.1,2,20,20,0,20
r8c-4033-bc1f96da61ea97fd,4033,E2_ROLLING_INCREMENTAL_AFTER_FULL_REUSE,RR-SMOOTH/7,NO_MEMORY_RESET_GATE,0,COMPLETE,NOT_COMPUTED_MISSING_EXECUTION_OBSERVATION,,1,20,17,3,20
r8c-4034-f7d644e6c3602a77,4034,E2_ROLLING_INCREMENTAL_AFTER_FULL_REUSE,RR-SMOOTH/7,NO_LINEAGE_CREDIT,0,COMPLETE,NOT_COMPUTED_MISSING_EXECUTION_OBSERVATION,,0,20,16,4,20
r8c-4035-cececbab726fd2b1,4035,E2_ROLLING_INCREMENTAL_AFTER_FULL_REUSE,RR-SMOOTH/7,CROSS_EVENT_WARM_START_ONLY,0,COMPLETE,NOT_COMPUTED_MISSING_EXECUTION_OBSERVATION,,1,20,17,3,20
r8c-4036-164611fd8df7ade4,4036,E2_ROLLING_INCREMENTAL_AFTER_FULL_REUSE,RR-SMOOTH/7,CROSS_EVENT_MEMORY_ONLY,0,COMPLETE,NOT_COMPUTED_MISSING_EXECUTION_OBSERVATION,,2,20,19,1,20
r8c-4037-41c3cf3facea73f5,4037,E2_ROLLING_INCREMENTAL_AFTER_FULL_REUSE,RR-SMOOTH/7,SHADE_ONLY,0,COMPLETE,NOT_COMPUTED_MISSING_EXECUTION_OBSERVATION,,1,20,17,3,20
r8c-4038-7f97574963f0caf8,4038,E2_ROLLING_INCREMENTAL_AFTER_FULL_REUSE,RR-SMOOTH/7,NO_CROSS_EVENT_MEMORY,1,COMPLETE,NOT_COMPUTED_MISSING_EXECUTION_OBSERVATION,,1,20,19,1,20
r8c-4039-a523b70d78ca17a2,4039,E2_ROLLING_INCREMENTAL_AFTER_FULL_REUSE,RR-SMOOTH/7,NO_EXECUTION_FEEDBACK,1,COMPLETE,NOT_COMPUTED_MISSING_EXECUTION_OBSERVATION,,2,20,17,3,20
r8c-4040-ff47f0b4549dbbdb,4040,E2_ROLLING_INCREMENTAL_AFTER_FULL_REUSE,RR-SMOOTH/7,NO_REJECTION_CREDIT,1,COMPLETE,NOT_COMPUTED_MISSING_EXECUTION_OBSERVATION,,1,20,17,3,20
r8c-4041-6011813392716061,4041,E2_ROLLING_INCREMENTAL_AFTER_FULL_REUSE,RR-SMOOTH/7,NO_MEMORY_RESET_GATE,1,COMPLETE,NOT_COMPUTED_MISSING_EXECUTION_OBSERVATION,,1,20,16,4,20
r8c-4042-0071cc4c8fa88bcb,4042,E2_ROLLING_INCREMENTAL_AFTER_FULL_REUSE,RR-SMOOTH/7,NO_LINEAGE_CREDIT,1,COMPLETE,INCLUDED,0.1,2,20,20,0,20
r8c-4043-ea1a76bf3cbfacce,4043,E2_ROLLING_INCREMENTAL_AFTER_FULL_REUSE,RR-SMOOTH/7,CROSS_EVENT_WARM_START_ONLY,1,COMPLETE,NOT_COMPUTED_MISSING_EXECUTION_OBSERVATION,,1,20,17,3,20
r8c-4044-28e23959d398ffa8,4044,E2_ROLLING_INCREMENTAL_AFTER_FULL_REUSE,RR-SMOOTH/7,CROSS_EVENT_MEMORY_ONLY,1,COMPLETE,NOT_COMPUTED_MISSING_EXECUTION_OBSERVATION,,2,20,18,2,20
r8c-4045-ffad5ac16e9b2e37,4045,E2_ROLLING_INCREMENTAL_AFTER_FULL_REUSE,RR-SMOOTH/7,SHADE_ONLY,1,COMPLETE,NOT_COMPUTED_MISSING_EXECUTION_OBSERVATION,,1,20,17,3,20
r8c-4046-d33918d9ffb2a0da,4046,E2_ROLLING_INCREMENTAL_AFTER_FULL_REUSE,RR-SMOOTH/7,NO_CROSS_EVENT_MEMORY,2,COMPLETE,NOT_COMPUTED_MISSING_EXECUTION_OBSERVATION,,2,20,18,2,20
r8c-4047-4865d2ef5141baac,4047,E2_ROLLING_INCREMENTAL_AFTER_FULL_REUSE,RR-SMOOTH/7,NO_EXECUTION_FEEDBACK,2,COMPLETE,NOT_COMPUTED_MISSING_EXECUTION_OBSERVATION,,2,20,19,1,20
r8c-4048-359b002335c60bff,4048,E2_ROLLING_INCREMENTAL_AFTER_FULL_REUSE,RR-SMOOTH/7,NO_REJECTION_CREDIT,2,COMPLETE,NOT_COMPUTED_MISSING_EXECUTION_OBSERVATION,,2,20,18,2,20
r8c-4049-a8f42882289a8c5a,4049,E2_ROLLING_INCREMENTAL_AFTER_FULL_REUSE,RR-SMOOTH/7,NO_MEMORY_RESET_GATE,2,COMPLETE,NOT_COMPUTED_MISSING_EXECUTION_OBSERVATION,,1,20,17,3,20
r8c-4050-444808509ac36606,4050,E2_ROLLING_INCREMENTAL_AFTER_FULL_REUSE,RR-SMOOTH/7,NO_LINEAGE_CREDIT,2,COMPLETE,NOT_COMPUTED_MISSING_EXECUTION_OBSERVATION,,2,20,18,2,20
r8c-4051-0ec50d3dd31f8ad0,4051,E2_ROLLING_INCREMENTAL_AFTER_FULL_REUSE,RR-SMOOTH/7,CROSS_EVENT_WARM_START_ONLY,2,COMPLETE,NOT_COMPUTED_MISSING_EXECUTION_OBSERVATION,,1,20,17,3,20
r8c-4052-a0f25be9c057ac90,4052,E2_ROLLING_INCREMENTAL_AFTER_FULL_REUSE,RR-SMOOTH/7,CROSS_EVENT_MEMORY_ONLY,2,COMPLETE,NOT_COMPUTED_MISSING_EXECUTION_OBSERVATION,,1,20,19,1,20
r8c-4053-0bf3fbeccb4ed424,4053,E2_ROLLING_INCREMENTAL_AFTER_FULL_REUSE,RR-SMOOTH/7,SHADE_ONLY,2,COMPLETE,NOT_COMPUTED_MISSING_EXECUTION_OBSERVATION,,2,20,17,3,20
r8c-4054-d576a20f7a7e69ed,4054,E2_ROLLING_INCREMENTAL_AFTER_FULL_REUSE,RR-SMOOTH/7,NO_CROSS_EVENT_MEMORY,3,COMPLETE,NOT_COMPUTED_MISSING_EXECUTION_OBSERVATION,,2,20,19,1,20
r8c-4055-144743c21d1f365c,4055,E2_ROLLING_INCREMENTAL_AFTER_FULL_REUSE,RR-SMOOTH/7,NO_EXECUTION_FEEDBACK,3,COMPLETE,NOT_COMPUTED_MISSING_EXECUTION_OBSERVATION,,2,20,18,2,20
r8c-4056-3d667250f64f4602,4056,E2_ROLLING_INCREMENTAL_AFTER_FULL_REUSE,RR-SMOOTH/7,NO_REJECTION_CREDIT,3,COMPLETE,NOT_COMPUTED_MISSING_EXECUTION_OBSERVATION,,1,20,17,3,20
r8c-4057-c2e8ff6aaec20bff,4057,E2_ROLLING_INCREMENTAL_AFTER_FULL_REUSE,RR-SMOOTH/7,NO_MEMORY_RESET_GATE,3,COMPLETE,NOT_COMPUTED_MISSING_EXECUTION_OBSERVATION,,2,20,19,1,20
r8c-4058-a61318e9094ea11d,4058,E2_ROLLING_INCREMENTAL_AFTER_FULL_REUSE,RR-SMOOTH/7,NO_LINEAGE_CREDIT,3,COMPLETE,NOT_COMPUTED_MISSING_EXECUTION_OBSERVATION,,1,20,17,3,20
r8c-4059-e55e3c501256760e,4059,E2_ROLLING_INCREMENTAL_AFTER_FULL_REUSE,RR-SMOOTH/7,CROSS_EVENT_WARM_START_ONLY,3,COMPLETE,NOT_COMPUTED_MISSING_EXECUTION_OBSERVATION,,0,20,17,3,20
r8c-4060-465211057026bb99,4060,E2_ROLLING_INCREMENTAL_AFTER_FULL_REUSE,RR-SMOOTH/7,CROSS_EVENT_MEMORY_ONLY,3,COMPLETE,NOT_COMPUTED_MISSING_EXECUTION_OBSERVATION,,2,20,17,3,20
r8c-4061-43d1d1a7c6ae9301,4061,E2_ROLLING_INCREMENTAL_AFTER_FULL_REUSE,RR-SMOOTH/7,SHADE_ONLY,3,COMPLETE,NOT_COMPUTED_MISSING_EXECUTION_OBSERVATION,,2,20,18,2,20
r8c-4062-0b6220ddc7128328,4062,E2_ROLLING_INCREMENTAL_AFTER_FULL_REUSE,RR-SMOOTH/7,NO_CROSS_EVENT_MEMORY,4,COMPLETE,NOT_COMPUTED_MISSING_EXECUTION_OBSERVATION,,0,20,17,3,20
r8c-4063-d3d2f97eb5e8593f,4063,E2_ROLLING_INCREMENTAL_AFTER_FULL_REUSE,RR-SMOOTH/7,NO_EXECUTION_FEEDBACK,4,COMPLETE,NOT_COMPUTED_MISSING_EXECUTION_OBSERVATION,,1,20,17,3,20
r8c-4064-c6f6a204dea117d1,4064,E2_ROLLING_INCREMENTAL_AFTER_FULL_REUSE,RR-SMOOTH/7,NO_REJECTION_CREDIT,4,COMPLETE,NOT_COMPUTED_MISSING_EXECUTION_OBSERVATION,,1,20,17,3,20
r8c-4065-df87f4a47126b033,4065,E2_ROLLING_INCREMENTAL_AFTER_FULL_REUSE,RR-SMOOTH/7,NO_MEMORY_RESET_GATE,4,COMPLETE,NOT_COMPUTED_MISSING_EXECUTION_OBSERVATION,,1,20,17,3,20
r8c-4066-11395514f828cdaf,4066,E2_ROLLING_INCREMENTAL_AFTER_FULL_REUSE,RR-SMOOTH/7,NO_LINEAGE_CREDIT,4,COMPLETE,NOT_COMPUTED_MISSING_EXECUTION_OBSERVATION,,0,20,18,2,20
r8c-4067-63097dcbb2990ae0,4067,E2_ROLLING_INCREMENTAL_AFTER_FULL_REUSE,RR-SMOOTH/7,CROSS_EVENT_WARM_START_ONLY,4,COMPLETE,NOT_COMPUTED_MISSING_EXECUTION_OBSERVATION,,1,20,17,3,20
r8c-4068-4f2bbc2e4b5e8fb0,4068,E2_ROLLING_INCREMENTAL_AFTER_FULL_REUSE,RR-SMOOTH/7,CROSS_EVENT_MEMORY_ONLY,4,COMPLETE,NOT_COMPUTED_MISSING_EXECUTION_OBSERVATION,,2,20,18,2,20
r8c-4069-51e8073c6ae0f43c,4069,E2_ROLLING_INCREMENTAL_AFTER_FULL_REUSE,RR-SMOOTH/7,SHADE_ONLY,4,COMPLETE,NOT_COMPUTED_MISSING_EXECUTION_OBSERVATION,,1,20,16,4,20
r8c-4070-15818b4e3ad92225,4070,E2_ROLLING_INCREMENTAL_AFTER_FULL_REUSE,RR-SHOCK/0,NO_CROSS_EVENT_MEMORY,0,COMPLETE,INCLUDED,0.0,0,20,20,0,20
r8c-4071-0403dbc9efb00253,4071,E2_ROLLING_INCREMENTAL_AFTER_FULL_REUSE,RR-SHOCK/0,NO_EXECUTION_FEEDBACK,0,COMPLETE,INCLUDED,0.0,0,20,20,0,20
r8c-4072-32d9f648c9bd1e17,4072,E2_ROLLING_INCREMENTAL_AFTER_FULL_REUSE,RR-SHOCK/0,NO_REJECTION_CREDIT,0,COMPLETE,INCLUDED,0.0,0,20,20,0,20
r8c-4073-50252908a7a3d8ba,4073,E2_ROLLING_INCREMENTAL_AFTER_FULL_REUSE,RR-SHOCK/0,NO_MEMORY_RESET_GATE,0,COMPLETE,INCLUDED,0.0,0,20,20,0,20
r8c-4074-d2d79e4bc35077e6,4074,E2_ROLLING_INCREMENTAL_AFTER_FULL_REUSE,RR-SHOCK/0,NO_LINEAGE_CREDIT,0,COMPLETE,INCLUDED,0.0,0,20,20,0,20
r8c-4075-7b539c39157e6825,4075,E2_ROLLING_INCREMENTAL_AFTER_FULL_REUSE,RR-SHOCK/0,CROSS_EVENT_WARM_START_ONLY,0,COMPLETE,INCLUDED,0.0,0,20,20,0,20
r8c-4076-1e0a534a7252caa1,4076,E2_ROLLING_INCREMENTAL_AFTER_FULL_REUSE,RR-SHOCK/0,CROSS_EVENT_MEMORY_ONLY,0,COMPLETE,INCLUDED,0.0,0,20,20,0,20
r8c-4077-af23360940b4bf49,4077,E2_ROLLING_INCREMENTAL_AFTER_FULL_REUSE,RR-SHOCK/0,SHADE_ONLY,0,COMPLETE,INCLUDED,0.0,0,20,20,0,20
r8c-4078-9b54e97861f96765,4078,E2_ROLLING_INCREMENTAL_AFTER_FULL_REUSE,RR-SHOCK/0,NO_CROSS_EVENT_MEMORY,1,COMPLETE,INCLUDED,0.0,0,20,20,0,20
r8c-4079-246dc01658d29599,4079,E2_ROLLING_INCREMENTAL_AFTER_FULL_REUSE,RR-SHOCK/0,NO_EXECUTION_FEEDBACK,1,COMPLETE,INCLUDED,0.0,0,20,20,0,20
r8c-4080-d941399f4760f376,4080,E2_ROLLING_INCREMENTAL_AFTER_FULL_REUSE,RR-SHOCK/0,NO_REJECTION_CREDIT,1,COMPLETE,INCLUDED,0.0,0,20,20,0,20
r8c-4081-3700c9524a77a02a,4081,E2_ROLLING_INCREMENTAL_AFTER_FULL_REUSE,RR-SHOCK/0,NO_MEMORY_RESET_GATE,1,COMPLETE,INCLUDED,0.0,0,20,20,0,20
r8c-4082-48edc61195a4d0d9,4082,E2_ROLLING_INCREMENTAL_AFTER_FULL_REUSE,RR-SHOCK/0,NO_LINEAGE_CREDIT,1,COMPLETE,INCLUDED,0.0,0,20,20,0,20
r8c-4083-da7e2c3d41772f64,4083,E2_ROLLING_INCREMENTAL_AFTER_FULL_REUSE,RR-SHOCK/0,CROSS_EVENT_WARM_START_ONLY,1,COMPLETE,INCLUDED,0.0,0,20,20,0,20
r8c-4084-2c28fb4d19ac5238,4084,E2_ROLLING_INCREMENTAL_AFTER_FULL_REUSE,RR-SHOCK/0,CROSS_EVENT_MEMORY_ONLY,1,COMPLETE,INCLUDED,0.0,0,20,20,0,20
r8c-4085-e39479371890b251,4085,E2_ROLLING_INCREMENTAL_AFTER_FULL_REUSE,RR-SHOCK/0,SHADE_ONLY,1,COMPLETE,INCLUDED,0.0,0,20,20,0,20
r8c-4086-69269691f9d6747a,4086,E2_ROLLING_INCREMENTAL_AFTER_FULL_REUSE,RR-SHOCK/0,NO_CROSS_EVENT_MEMORY,2,COMPLETE,INCLUDED,0.0,0,20,20,0,20
r8c-4087-a223295aa925871f,4087,E2_ROLLING_INCREMENTAL_AFTER_FULL_REUSE,RR-SHOCK/0,NO_EXECUTION_FEEDBACK,2,COMPLETE,INCLUDED,0.0,0,20,20,0,20
r8c-4088-451bc957cd6284c4,4088,E2_ROLLING_INCREMENTAL_AFTER_FULL_REUSE,RR-SHOCK/0,NO_REJECTION_CREDIT,2,COMPLETE,INCLUDED,0.0,0,20,20,0,20
r8c-4089-826e8cd96cda892f,4089,E2_ROLLING_INCREMENTAL_AFTER_FULL_REUSE,RR-SHOCK/0,NO_MEMORY_RESET_GATE,2,COMPLETE,INCLUDED,0.0,0,20,20,0,20
r8c-4090-a21cc5015acbdf42,4090,E2_ROLLING_INCREMENTAL_AFTER_FULL_REUSE,RR-SHOCK/0,NO_LINEAGE_CREDIT,2,COMPLETE,INCLUDED,0.0,0,20,20,0,20
r8c-4091-94d0d6602d9dcfbf,4091,E2_ROLLING_INCREMENTAL_AFTER_FULL_REUSE,RR-SHOCK/0,CROSS_EVENT_WARM_START_ONLY,2,COMPLETE,INCLUDED,0.0,0,20,20,0,20
r8c-4092-8a394e1a6ec181f1,4092,E2_ROLLING_INCREMENTAL_AFTER_FULL_REUSE,RR-SHOCK/0,CROSS_EVENT_MEMORY_ONLY,2,COMPLETE,INCLUDED,0.0,0,20,20,0,20
r8c-4093-ee6fcc0f9a626d80,4093,E2_ROLLING_INCREMENTAL_AFTER_FULL_REUSE,RR-SHOCK/0,SHADE_ONLY,2,COMPLETE,INCLUDED,0.0,0,20,20,0,20
r8c-4094-b720da5fc26c02a4,4094,E2_ROLLING_INCREMENTAL_AFTER_FULL_REUSE,RR-SHOCK/0,NO_CROSS_EVENT_MEMORY,3,COMPLETE,INCLUDED,0.0,0,20,20,0,20
r8c-4095-50d9b9ca69a185a3,4095,E2_ROLLING_INCREMENTAL_AFTER_FULL_REUSE,RR-SHOCK/0,NO_EXECUTION_FEEDBACK,3,COMPLETE,INCLUDED,0.0,0,20,20,0,20
r8c-4096-c8e97046af136790,4096,E2_ROLLING_INCREMENTAL_AFTER_FULL_REUSE,RR-SHOCK/0,NO_REJECTION_CREDIT,3,COMPLETE,INCLUDED,0.0,0,20,20,0,20
r8c-4097-0ba74c0345d58b8c,4097,E2_ROLLING_INCREMENTAL_AFTER_FULL_REUSE,RR-SHOCK/0,NO_MEMORY_RESET_GATE,3,COMPLETE,INCLUDED,0.0,0,20,20,0,20
r8c-4098-be1f1e23038f17fe,4098,E2_ROLLING_INCREMENTAL_AFTER_FULL_REUSE,RR-SHOCK/0,NO_LINEAGE_CREDIT,3,COMPLETE,INCLUDED,0.0,0,20,20,0,20
r8c-4099-a8ab489d5e50a749,4099,E2_ROLLING_INCREMENTAL_AFTER_FULL_REUSE,RR-SHOCK/0,CROSS_EVENT_WARM_START_ONLY,3,COMPLETE,INCLUDED,0.0,0,20,20,0,20
r8c-4100-ed0c3f806243a626,4100,E2_ROLLING_INCREMENTAL_AFTER_FULL_REUSE,RR-SHOCK/0,CROSS_EVENT_MEMORY_ONLY,3,COMPLETE,INCLUDED,0.0,0,20,20,0,20
r8c-4101-cbd5e6e018eecc09,4101,E2_ROLLING_INCREMENTAL_AFTER_FULL_REUSE,RR-SHOCK/0,SHADE_ONLY,3,COMPLETE,INCLUDED,0.0,0,20,20,0,20
r8c-4102-abe31b9966c88992,4102,E2_ROLLING_INCREMENTAL_AFTER_FULL_REUSE,RR-SHOCK/0,NO_CROSS_EVENT_MEMORY,4,COMPLETE,INCLUDED,0.0,0,20,20,0,20
r8c-4103-976a1acabef64f42,4103,E2_ROLLING_INCREMENTAL_AFTER_FULL_REUSE,RR-SHOCK/0,NO_EXECUTION_FEEDBACK,4,COMPLETE,INCLUDED,0.0,0,20,20,0,20
r8c-4104-9b5391188bbfd9bc,4104,E2_ROLLING_INCREMENTAL_AFTER_FULL_REUSE,RR-SHOCK/0,NO_REJECTION_CREDIT,4,COMPLETE,INCLUDED,0.0,0,20,20,0,20
r8c-4105-763414890dec49f3,4105,E2_ROLLING_INCREMENTAL_AFTER_FULL_REUSE,RR-SHOCK/0,NO_MEMORY_RESET_GATE,4,COMPLETE,INCLUDED,0.0,0,20,20,0,20
r8c-4106-fdd55b6e7b1bfe63,4106,E2_ROLLING_INCREMENTAL_AFTER_FULL_REUSE,RR-SHOCK/0,NO_LINEAGE_CREDIT,4,COMPLETE,INCLUDED,0.0,0,20,20,0,20
r8c-4107-e9d63be24fddadd2,4107,E2_ROLLING_INCREMENTAL_AFTER_FULL_REUSE,RR-SHOCK/0,CROSS_EVENT_WARM_START_ONLY,4,COMPLETE,INCLUDED,0.0,0,20,20,0,20
r8c-4108-d542d359fd426012,4108,E2_ROLLING_INCREMENTAL_AFTER_FULL_REUSE,RR-SHOCK/0,CROSS_EVENT_MEMORY_ONLY,4,COMPLETE,INCLUDED,0.0,0,20,20,0,20
r8c-4109-0497028fc8d3cd7e,4109,E2_ROLLING_INCREMENTAL_AFTER_FULL_REUSE,RR-SHOCK/0,SHADE_ONLY,4,COMPLETE,INCLUDED,0.0,0,20,20,0,20
r8c-4110-47855080e992706d,4110,E2_ROLLING_INCREMENTAL_AFTER_FULL_REUSE,RR-SHOCK/1,NO_CROSS_EVENT_MEMORY,0,COMPLETE,INCLUDED,0.0,0,20,20,0,20
r8c-4111-a3ab69b9db1cec0c,4111,E2_ROLLING_INCREMENTAL_AFTER_FULL_REUSE,RR-SHOCK/1,NO_EXECUTION_FEEDBACK,0,COMPLETE,INCLUDED,0.0,0,20,20,0,20
r8c-4112-529cf2082c9f35be,4112,E2_ROLLING_INCREMENTAL_AFTER_FULL_REUSE,RR-SHOCK/1,NO_REJECTION_CREDIT,0,COMPLETE,INCLUDED,0.0,0,20,20,0,20
r8c-4113-36c1977bb1a7eee9,4113,E2_ROLLING_INCREMENTAL_AFTER_FULL_REUSE,RR-SHOCK/1,NO_MEMORY_RESET_GATE,0,COMPLETE,INCLUDED,0.0,0,20,20,0,20
r8c-4114-69c9b3862958f9ac,4114,E2_ROLLING_INCREMENTAL_AFTER_FULL_REUSE,RR-SHOCK/1,NO_LINEAGE_CREDIT,0,COMPLETE,INCLUDED,0.0,0,20,20,0,20
r8c-4115-4be059711e5efb2c,4115,E2_ROLLING_INCREMENTAL_AFTER_FULL_REUSE,RR-SHOCK/1,CROSS_EVENT_WARM_START_ONLY,0,COMPLETE,INCLUDED,0.0,0,20,20,0,20
r8c-4116-dce40d00a772419f,4116,E2_ROLLING_INCREMENTAL_AFTER_FULL_REUSE,RR-SHOCK/1,CROSS_EVENT_MEMORY_ONLY,0,COMPLETE,INCLUDED,0.0,0,20,20,0,20
r8c-4117-f0064718c1d9d066,4117,E2_ROLLING_INCREMENTAL_AFTER_FULL_REUSE,RR-SHOCK/1,SHADE_ONLY,0,COMPLETE,INCLUDED,0.0,0,20,20,0,20
r8c-4118-e56042ea14802cf7,4118,E2_ROLLING_INCREMENTAL_AFTER_FULL_REUSE,RR-SHOCK/1,NO_CROSS_EVENT_MEMORY,1,COMPLETE,INCLUDED,0.0,0,20,20,0,20
r8c-4119-79a2dca855d2a7db,4119,E2_ROLLING_INCREMENTAL_AFTER_FULL_REUSE,RR-SHOCK/1,NO_EXECUTION_FEEDBACK,1,COMPLETE,INCLUDED,0.0,0,20,20,0,20
r8c-4120-63f9734ff6ef02bd,4120,E2_ROLLING_INCREMENTAL_AFTER_FULL_REUSE,RR-SHOCK/1,NO_REJECTION_CREDIT,1,COMPLETE,INCLUDED,0.0,0,20,20,0,20
r8c-4121-a098df23713d4fb9,4121,E2_ROLLING_INCREMENTAL_AFTER_FULL_REUSE,RR-SHOCK/1,NO_MEMORY_RESET_GATE,1,COMPLETE,INCLUDED,0.0,0,20,20,0,20
r8c-4122-e6f59a111c37c471,4122,E2_ROLLING_INCREMENTAL_AFTER_FULL_REUSE,RR-SHOCK/1,NO_LINEAGE_CREDIT,1,COMPLETE,INCLUDED,0.0,0,20,20,0,20
r8c-4123-e3464810cbbbb1a5,4123,E2_ROLLING_INCREMENTAL_AFTER_FULL_REUSE,RR-SHOCK/1,CROSS_EVENT_WARM_START_ONLY,1,COMPLETE,INCLUDED,0.0,0,20,20,0,20
r8c-4124-13e2a5c0a3c29edd,4124,E2_ROLLING_INCREMENTAL_AFTER_FULL_REUSE,RR-SHOCK/1,CROSS_EVENT_MEMORY_ONLY,1,COMPLETE,INCLUDED,0.0,0,20,20,0,20
r8c-4125-b9c5277630be3ac0,4125,E2_ROLLING_INCREMENTAL_AFTER_FULL_REUSE,RR-SHOCK/1,SHADE_ONLY,1,COMPLETE,INCLUDED,0.0,0,20,20,0,20
r8c-4126-d865143d1304cd1c,4126,E2_ROLLING_INCREMENTAL_AFTER_FULL_REUSE,RR-SHOCK/1,NO_CROSS_EVENT_MEMORY,2,COMPLETE,INCLUDED,0.0,0,20,20,0,20
r8c-4127-269e629300a7bd04,4127,E2_ROLLING_INCREMENTAL_AFTER_FULL_REUSE,RR-SHOCK/1,NO_EXECUTION_FEEDBACK,2,COMPLETE,NOT_COMPUTED_MISSING_EXECUTION_OBSERVATION,,0,20,19,1,20
r8c-4128-9a7bbd226caffc62,4128,E2_ROLLING_INCREMENTAL_AFTER_FULL_REUSE,RR-SHOCK/1,NO_REJECTION_CREDIT,2,COMPLETE,INCLUDED,0.0,0,20,20,0,20
r8c-4129-45ac0b9c8fdab080,4129,E2_ROLLING_INCREMENTAL_AFTER_FULL_REUSE,RR-SHOCK/1,NO_MEMORY_RESET_GATE,2,COMPLETE,INCLUDED,0.0,0,20,20,0,20
r8c-4130-8b5b9afc205cfad4,4130,E2_ROLLING_INCREMENTAL_AFTER_FULL_REUSE,RR-SHOCK/1,NO_LINEAGE_CREDIT,2,COMPLETE,INCLUDED,0.0,0,20,20,0,20
r8c-4131-e7b811ca41ef9b17,4131,E2_ROLLING_INCREMENTAL_AFTER_FULL_REUSE,RR-SHOCK/1,CROSS_EVENT_WARM_START_ONLY,2,COMPLETE,INCLUDED,0.0,0,20,20,0,20
r8c-4132-1c111bcf3a9f87e1,4132,E2_ROLLING_INCREMENTAL_AFTER_FULL_REUSE,RR-SHOCK/1,CROSS_EVENT_MEMORY_ONLY,2,COMPLETE,INCLUDED,0.0,0,20,20,0,20
r8c-4133-797a619dc0b74909,4133,E2_ROLLING_INCREMENTAL_AFTER_FULL_REUSE,RR-SHOCK/1,SHADE_ONLY,2,COMPLETE,INCLUDED,0.0,0,20,20,0,20
r8c-4134-5b8166b1a192864d,4134,E2_ROLLING_INCREMENTAL_AFTER_FULL_REUSE,RR-SHOCK/1,NO_CROSS_EVENT_MEMORY,3,COMPLETE,INCLUDED,0.0,0,20,20,0,20
r8c-4135-20e449775c3dbf90,4135,E2_ROLLING_INCREMENTAL_AFTER_FULL_REUSE,RR-SHOCK/1,NO_EXECUTION_FEEDBACK,3,COMPLETE,INCLUDED,0.0,0,20,20,0,20
r8c-4136-ed2eae3b51848a9d,4136,E2_ROLLING_INCREMENTAL_AFTER_FULL_REUSE,RR-SHOCK/1,NO_REJECTION_CREDIT,3,COMPLETE,INCLUDED,0.0,0,20,20,0,20
r8c-4137-f7fe0e61ad0be199,4137,E2_ROLLING_INCREMENTAL_AFTER_FULL_REUSE,RR-SHOCK/1,NO_MEMORY_RESET_GATE,3,COMPLETE,INCLUDED,0.0,0,20,20,0,20
r8c-4138-498ff6c14be73ec3,4138,E2_ROLLING_INCREMENTAL_AFTER_FULL_REUSE,RR-SHOCK/1,NO_LINEAGE_CREDIT,3,COMPLETE,INCLUDED,0.0,0,20,20,0,20
r8c-4139-3fd935b23977af96,4139,E2_ROLLING_INCREMENTAL_AFTER_FULL_REUSE,RR-SHOCK/1,CROSS_EVENT_WARM_START_ONLY,3,COMPLETE,INCLUDED,0.0,0,20,20,0,20
r8c-4140-2bd8aa3f6ec678a7,4140,E2_ROLLING_INCREMENTAL_AFTER_FULL_REUSE,RR-SHOCK/1,CROSS_EVENT_MEMORY_ONLY,3,COMPLETE,INCLUDED,0.0,0,20,20,0,20
r8c-4141-1f1042c0902251cb,4141,E2_ROLLING_INCREMENTAL_AFTER_FULL_REUSE,RR-SHOCK/1,SHADE_ONLY,3,COMPLETE,INCLUDED,0.0,0,20,20,0,20
r8c-4142-a4c33859685071f1,4142,E2_ROLLING_INCREMENTAL_AFTER_FULL_REUSE,RR-SHOCK/1,NO_CROSS_EVENT_MEMORY,4,COMPLETE,INCLUDED,0.0,0,20,20,0,20
r8c-4143-b134654e6e6fbe0b,4143,E2_ROLLING_INCREMENTAL_AFTER_FULL_REUSE,RR-SHOCK/1,NO_EXECUTION_FEEDBACK,4,COMPLETE,INCLUDED,0.0,0,20,20,0,20
r8c-4144-bdcf7dc529c8a504,4144,E2_ROLLING_INCREMENTAL_AFTER_FULL_REUSE,RR-SHOCK/1,NO_REJECTION_CREDIT,4,COMPLETE,NOT_COMPUTED_MISSING_EXECUTION_OBSERVATION,,0,20,19,1,20
r8c-4145-7f14fff973664859,4145,E2_ROLLING_INCREMENTAL_AFTER_FULL_REUSE,RR-SHOCK/1,NO_MEMORY_RESET_GATE,4,COMPLETE,INCLUDED,0.0,0,20,20,0,20
r8c-4146-0548e24e25ce0ded,4146,E2_ROLLING_INCREMENTAL_AFTER_FULL_REUSE,RR-SHOCK/1,NO_LINEAGE_CREDIT,4,COMPLETE,INCLUDED,0.0,0,20,20,0,20
r8c-4147-00a134288173a00e,4147,E2_ROLLING_INCREMENTAL_AFTER_FULL_REUSE,RR-SHOCK/1,CROSS_EVENT_WARM_START_ONLY,4,COMPLETE,INCLUDED,0.0,0,20,20,0,20
r8c-4148-d9289a1a69be771b,4148,E2_ROLLING_INCREMENTAL_AFTER_FULL_REUSE,RR-SHOCK/1,CROSS_EVENT_MEMORY_ONLY,4,COMPLETE,INCLUDED,0.0,0,20,20,0,20
r8c-4149-cf681322e9b2cb84,4149,E2_ROLLING_INCREMENTAL_AFTER_FULL_REUSE,RR-SHOCK/1,SHADE_ONLY,4,COMPLETE,INCLUDED,0.0,0,20,20,0,20
r8c-4150-67eb095ece9078eb,4150,E2_ROLLING_INCREMENTAL_AFTER_FULL_REUSE,RR-SHOCK/2,NO_CROSS_EVENT_MEMORY,0,COMPLETE,NOT_COMPUTED_MISSING_EXECUTION_OBSERVATION,,2,20,19,1,20
r8c-4151-12c98d1c6d3f0748,4151,E2_ROLLING_INCREMENTAL_AFTER_FULL_REUSE,RR-SHOCK/2,NO_EXECUTION_FEEDBACK,0,COMPLETE,NOT_COMPUTED_MISSING_EXECUTION_OBSERVATION,,1,20,19,1,20
r8c-4152-e8d36ba579884f54,4152,E2_ROLLING_INCREMENTAL_AFTER_FULL_REUSE,RR-SHOCK/2,NO_REJECTION_CREDIT,0,COMPLETE,NOT_COMPUTED_MISSING_EXECUTION_OBSERVATION,,1,20,18,2,20
r8c-4153-6dd6e4cad2d3f313,4153,E2_ROLLING_INCREMENTAL_AFTER_FULL_REUSE,RR-SHOCK/2,NO_MEMORY_RESET_GATE,0,COMPLETE,NOT_COMPUTED_MISSING_EXECUTION_OBSERVATION,,1,20,18,2,20
r8c-4154-bb7172323e8d6913,4154,E2_ROLLING_INCREMENTAL_AFTER_FULL_REUSE,RR-SHOCK/2,NO_LINEAGE_CREDIT,0,COMPLETE,NOT_COMPUTED_MISSING_EXECUTION_OBSERVATION,,1,20,19,1,20
r8c-4155-a741293dedb8425e,4155,E2_ROLLING_INCREMENTAL_AFTER_FULL_REUSE,RR-SHOCK/2,CROSS_EVENT_WARM_START_ONLY,0,COMPLETE,NOT_COMPUTED_MISSING_EXECUTION_OBSERVATION,,1,20,19,1,20
r8c-4156-98e28e0605375374,4156,E2_ROLLING_INCREMENTAL_AFTER_FULL_REUSE,RR-SHOCK/2,CROSS_EVENT_MEMORY_ONLY,0,COMPLETE,NOT_COMPUTED_MISSING_EXECUTION_OBSERVATION,,2,20,16,4,20
r8c-4157-24f7c44994726f51,4157,E2_ROLLING_INCREMENTAL_AFTER_FULL_REUSE,RR-SHOCK/2,SHADE_ONLY,0,COMPLETE,NOT_COMPUTED_MISSING_EXECUTION_OBSERVATION,,2,20,19,1,20
r8c-4158-6030b90bf5b2d6fc,4158,E2_ROLLING_INCREMENTAL_AFTER_FULL_REUSE,RR-SHOCK/2,NO_CROSS_EVENT_MEMORY,1,COMPLETE,NOT_COMPUTED_MISSING_EXECUTION_OBSERVATION,,2,20,17,3,20
r8c-4159-87bc4f1ca305922b,4159,E2_ROLLING_INCREMENTAL_AFTER_FULL_REUSE,RR-SHOCK/2,NO_EXECUTION_FEEDBACK,1,COMPLETE,NOT_COMPUTED_MISSING_EXECUTION_OBSERVATION,,2,20,18,2,20
r8c-4160-db785ba6c3c3c8f4,4160,E2_ROLLING_INCREMENTAL_AFTER_FULL_REUSE,RR-SHOCK/2,NO_REJECTION_CREDIT,1,COMPLETE,NOT_COMPUTED_MISSING_EXECUTION_OBSERVATION,,1,20,17,3,20
r8c-4161-05bd8603999ccb34,4161,E2_ROLLING_INCREMENTAL_AFTER_FULL_REUSE,RR-SHOCK/2,NO_MEMORY_RESET_GATE,1,COMPLETE,NOT_COMPUTED_MISSING_EXECUTION_OBSERVATION,,2,20,17,3,20
r8c-4162-a7958fd985120e12,4162,E2_ROLLING_INCREMENTAL_AFTER_FULL_REUSE,RR-SHOCK/2,NO_LINEAGE_CREDIT,1,COMPLETE,NOT_COMPUTED_MISSING_EXECUTION_OBSERVATION,,2,20,18,2,20
r8c-4163-ec3143c9432f5827,4163,E2_ROLLING_INCREMENTAL_AFTER_FULL_REUSE,RR-SHOCK/2,CROSS_EVENT_WARM_START_ONLY,1,COMPLETE,INCLUDED,0.1,2,20,20,0,20
r8c-4164-70e0e1024da1e493,4164,E2_ROLLING_INCREMENTAL_AFTER_FULL_REUSE,RR-SHOCK/2,CROSS_EVENT_MEMORY_ONLY,1,COMPLETE,NOT_COMPUTED_MISSING_EXECUTION_OBSERVATION,,2,20,19,1,20
r8c-4165-300498ac26c760e7,4165,E2_ROLLING_INCREMENTAL_AFTER_FULL_REUSE,RR-SHOCK/2,SHADE_ONLY,1,COMPLETE,NOT_COMPUTED_MISSING_EXECUTION_OBSERVATION,,2,20,18,2,20
r8c-4166-7b455ee75cc9eb5c,4166,E2_ROLLING_INCREMENTAL_AFTER_FULL_REUSE,RR-SHOCK/2,NO_CROSS_EVENT_MEMORY,2,COMPLETE,NOT_COMPUTED_MISSING_EXECUTION_OBSERVATION,,1,20,19,1,20
r8c-4167-6649db4274500e2a,4167,E2_ROLLING_INCREMENTAL_AFTER_FULL_REUSE,RR-SHOCK/2,NO_EXECUTION_FEEDBACK,2,COMPLETE,NOT_COMPUTED_MISSING_EXECUTION_OBSERVATION,,1,20,18,2,20
r8c-4168-640280296d36fa81,4168,E2_ROLLING_INCREMENTAL_AFTER_FULL_REUSE,RR-SHOCK/2,NO_REJECTION_CREDIT,2,COMPLETE,NOT_COMPUTED_MISSING_EXECUTION_OBSERVATION,,1,20,10,10,20
r8c-4169-e3d5a9a40f6e325c,4169,E2_ROLLING_INCREMENTAL_AFTER_FULL_REUSE,RR-SHOCK/2,NO_MEMORY_RESET_GATE,2,COMPLETE,NOT_COMPUTED_MISSING_EXECUTION_OBSERVATION,,1,20,18,2,20
r8c-4170-6dc23f783d0a4636,4170,E2_ROLLING_INCREMENTAL_AFTER_FULL_REUSE,RR-SHOCK/2,NO_LINEAGE_CREDIT,2,COMPLETE,NOT_COMPUTED_MISSING_EXECUTION_OBSERVATION,,1,20,18,2,20
r8c-4171-c04f949efe0a7fbd,4171,E2_ROLLING_INCREMENTAL_AFTER_FULL_REUSE,RR-SHOCK/2,CROSS_EVENT_WARM_START_ONLY,2,COMPLETE,NOT_COMPUTED_MISSING_EXECUTION_OBSERVATION,,2,20,18,2,20
r8c-4172-9daf4066c1f64b89,4172,E2_ROLLING_INCREMENTAL_AFTER_FULL_REUSE,RR-SHOCK/2,CROSS_EVENT_MEMORY_ONLY,2,COMPLETE,NOT_COMPUTED_MISSING_EXECUTION_OBSERVATION,,2,20,18,2,20
r8c-4173-838d5145a1594762,4173,E2_ROLLING_INCREMENTAL_AFTER_FULL_REUSE,RR-SHOCK/2,SHADE_ONLY,2,COMPLETE,NOT_COMPUTED_MISSING_EXECUTION_OBSERVATION,,1,20,19,1,20
r8c-4174-62b8c2deecbccca7,4174,E2_ROLLING_INCREMENTAL_AFTER_FULL_REUSE,RR-SHOCK/2,NO_CROSS_EVENT_MEMORY,3,COMPLETE,NOT_COMPUTED_MISSING_EXECUTION_OBSERVATION,,1,20,18,2,20
r8c-4175-c9cac6e64845fa71,4175,E2_ROLLING_INCREMENTAL_AFTER_FULL_REUSE,RR-SHOCK/2,NO_EXECUTION_FEEDBACK,3,COMPLETE,NOT_COMPUTED_MISSING_EXECUTION_OBSERVATION,,0,20,17,3,20
r8c-4176-5dc313793ec63831,4176,E2_ROLLING_INCREMENTAL_AFTER_FULL_REUSE,RR-SHOCK/2,NO_REJECTION_CREDIT,3,COMPLETE,NOT_COMPUTED_MISSING_EXECUTION_OBSERVATION,,2,20,19,1,20
r8c-4177-9a580496f6e0cd15,4177,E2_ROLLING_INCREMENTAL_AFTER_FULL_REUSE,RR-SHOCK/2,NO_MEMORY_RESET_GATE,3,COMPLETE,NOT_COMPUTED_MISSING_EXECUTION_OBSERVATION,,1,20,12,8,20
r8c-4178-90d24c1243c645d4,4178,E2_ROLLING_INCREMENTAL_AFTER_FULL_REUSE,RR-SHOCK/2,NO_LINEAGE_CREDIT,3,COMPLETE,NOT_COMPUTED_MISSING_EXECUTION_OBSERVATION,,2,20,19,1,20
r8c-4179-93080f7e9c206173,4179,E2_ROLLING_INCREMENTAL_AFTER_FULL_REUSE,RR-SHOCK/2,CROSS_EVENT_WARM_START_ONLY,3,COMPLETE,NOT_COMPUTED_MISSING_EXECUTION_OBSERVATION,,1,20,18,2,20
r8c-4180-6abfbe82a42b3a79,4180,E2_ROLLING_INCREMENTAL_AFTER_FULL_REUSE,RR-SHOCK/2,CROSS_EVENT_MEMORY_ONLY,3,COMPLETE,NOT_COMPUTED_MISSING_EXECUTION_OBSERVATION,,0,20,16,4,20
r8c-4181-a9b9317b5c9a6b86,4181,E2_ROLLING_INCREMENTAL_AFTER_FULL_REUSE,RR-SHOCK/2,SHADE_ONLY,3,COMPLETE,NOT_COMPUTED_MISSING_EXECUTION_OBSERVATION,,1,20,19,1,20
r8c-4182-c0e0a17625503482,4182,E2_ROLLING_INCREMENTAL_AFTER_FULL_REUSE,RR-SHOCK/2,NO_CROSS_EVENT_MEMORY,4,COMPLETE,NOT_COMPUTED_MISSING_EXECUTION_OBSERVATION,,1,20,18,2,20
r8c-4183-8fe80689e665004d,4183,E2_ROLLING_INCREMENTAL_AFTER_FULL_REUSE,RR-SHOCK/2,NO_EXECUTION_FEEDBACK,4,COMPLETE,NOT_COMPUTED_MISSING_EXECUTION_OBSERVATION,,2,20,19,1,20
r8c-4184-d3ae104edde8c3dc,4184,E2_ROLLING_INCREMENTAL_AFTER_FULL_REUSE,RR-SHOCK/2,NO_REJECTION_CREDIT,4,COMPLETE,INCLUDED,0.1,2,20,20,0,20
r8c-4185-c33a91a7f1cfb94d,4185,E2_ROLLING_INCREMENTAL_AFTER_FULL_REUSE,RR-SHOCK/2,NO_MEMORY_RESET_GATE,4,COMPLETE,NOT_COMPUTED_MISSING_EXECUTION_OBSERVATION,,1,20,18,2,20
r8c-4186-7808e38e28d7a536,4186,E2_ROLLING_INCREMENTAL_AFTER_FULL_REUSE,RR-SHOCK/2,NO_LINEAGE_CREDIT,4,COMPLETE,NOT_COMPUTED_MISSING_EXECUTION_OBSERVATION,,0,20,16,4,20
r8c-4187-dfb445a965324db2,4187,E2_ROLLING_INCREMENTAL_AFTER_FULL_REUSE,RR-SHOCK/2,CROSS_EVENT_WARM_START_ONLY,4,COMPLETE,INCLUDED,0.1,2,20,20,0,20
r8c-4188-722f0dfb32647ae8,4188,E2_ROLLING_INCREMENTAL_AFTER_FULL_REUSE,RR-SHOCK/2,CROSS_EVENT_MEMORY_ONLY,4,COMPLETE,NOT_COMPUTED_MISSING_EXECUTION_OBSERVATION,,0,20,16,4,20
r8c-4189-74cde626d6c3c519,4189,E2_ROLLING_INCREMENTAL_AFTER_FULL_REUSE,RR-SHOCK/2,SHADE_ONLY,4,COMPLETE,NOT_COMPUTED_MISSING_EXECUTION_OBSERVATION,,2,20,19,1,20
r8c-4190-c01d9e3333413324,4190,E2_ROLLING_INCREMENTAL_AFTER_FULL_REUSE,RR-SHOCK/3,NO_CROSS_EVENT_MEMORY,0,COMPLETE,NOT_COMPUTED_MISSING_EXECUTION_OBSERVATION,,2,20,9,11,20
r8c-4191-c04cdff08faa50f8,4191,E2_ROLLING_INCREMENTAL_AFTER_FULL_REUSE,RR-SHOCK/3,NO_EXECUTION_FEEDBACK,0,COMPLETE,NOT_COMPUTED_MISSING_EXECUTION_OBSERVATION,,2,20,8,12,20
r8c-4192-7f88f6949864922d,4192,E2_ROLLING_INCREMENTAL_AFTER_FULL_REUSE,RR-SHOCK/3,NO_REJECTION_CREDIT,0,COMPLETE,NOT_COMPUTED_MISSING_EXECUTION_OBSERVATION,,0,20,0,20,20
r8c-4193-c80ad1120a72f36b,4193,E2_ROLLING_INCREMENTAL_AFTER_FULL_REUSE,RR-SHOCK/3,NO_MEMORY_RESET_GATE,0,COMPLETE,NOT_COMPUTED_MISSING_EXECUTION_OBSERVATION,,3,20,7,13,20
r8c-4194-287bd4462e8b23c3,4194,E2_ROLLING_INCREMENTAL_AFTER_FULL_REUSE,RR-SHOCK/3,NO_LINEAGE_CREDIT,0,COMPLETE,NOT_COMPUTED_MISSING_EXECUTION_OBSERVATION,,2,20,9,11,20
r8c-4195-41d49732ce6ecd5f,4195,E2_ROLLING_INCREMENTAL_AFTER_FULL_REUSE,RR-SHOCK/3,CROSS_EVENT_WARM_START_ONLY,0,COMPLETE,NOT_COMPUTED_MISSING_EXECUTION_OBSERVATION,,1,20,8,12,20
r8c-4196-36644984dd5749d4,4196,E2_ROLLING_INCREMENTAL_AFTER_FULL_REUSE,RR-SHOCK/3,CROSS_EVENT_MEMORY_ONLY,0,COMPLETE,NOT_COMPUTED_MISSING_EXECUTION_OBSERVATION,,0,20,8,12,20
r8c-4197-f3711cc84736bebc,4197,E2_ROLLING_INCREMENTAL_AFTER_FULL_REUSE,RR-SHOCK/3,SHADE_ONLY,0,COMPLETE,NOT_COMPUTED_MISSING_EXECUTION_OBSERVATION,,2,20,8,12,20
r8c-4198-555ae3b73bbc73ce,4198,E2_ROLLING_INCREMENTAL_AFTER_FULL_REUSE,RR-SHOCK/3,NO_CROSS_EVENT_MEMORY,1,COMPLETE,NOT_COMPUTED_MISSING_EXECUTION_OBSERVATION,,1,20,10,10,20
r8c-4199-62ea20f414fd78d0,4199,E2_ROLLING_INCREMENTAL_AFTER_FULL_REUSE,RR-SHOCK/3,NO_EXECUTION_FEEDBACK,1,COMPLETE,NOT_COMPUTED_MISSING_EXECUTION_OBSERVATION,,2,20,9,11,20
r8c-4200-9e420a8815348199,4200,E2_ROLLING_INCREMENTAL_AFTER_FULL_REUSE,RR-SHOCK/3,NO_REJECTION_CREDIT,1,COMPLETE,NOT_COMPUTED_MISSING_EXECUTION_OBSERVATION,,0,20,8,12,20
r8c-4201-72684f202fe553b3,4201,E2_ROLLING_INCREMENTAL_AFTER_FULL_REUSE,RR-SHOCK/3,NO_MEMORY_RESET_GATE,1,COMPLETE,NOT_COMPUTED_MISSING_EXECUTION_OBSERVATION,,2,20,8,12,20
r8c-4202-da952bb691bae982,4202,E2_ROLLING_INCREMENTAL_AFTER_FULL_REUSE,RR-SHOCK/3,NO_LINEAGE_CREDIT,1,COMPLETE,NOT_COMPUTED_MISSING_EXECUTION_OBSERVATION,,1,20,12,8,20
r8c-4203-ec6b5a876576d020,4203,E2_ROLLING_INCREMENTAL_AFTER_FULL_REUSE,RR-SHOCK/3,CROSS_EVENT_WARM_START_ONLY,1,COMPLETE,NOT_COMPUTED_MISSING_EXECUTION_OBSERVATION,,1,20,9,11,20
r8c-4204-19a35f6eb2b44562,4204,E2_ROLLING_INCREMENTAL_AFTER_FULL_REUSE,RR-SHOCK/3,CROSS_EVENT_MEMORY_ONLY,1,COMPLETE,NOT_COMPUTED_MISSING_EXECUTION_OBSERVATION,,1,20,12,8,20
r8c-4205-52b0bffaf74167b3,4205,E2_ROLLING_INCREMENTAL_AFTER_FULL_REUSE,RR-SHOCK/3,SHADE_ONLY,1,COMPLETE,NOT_COMPUTED_MISSING_EXECUTION_OBSERVATION,,2,20,11,9,20
r8c-4206-681a2bc4cb8a59db,4206,E2_ROLLING_INCREMENTAL_AFTER_FULL_REUSE,RR-SHOCK/3,NO_CROSS_EVENT_MEMORY,2,COMPLETE,NOT_COMPUTED_MISSING_EXECUTION_OBSERVATION,,0,20,11,9,20
r8c-4207-02f0c2bade95aab1,4207,E2_ROLLING_INCREMENTAL_AFTER_FULL_REUSE,RR-SHOCK/3,NO_EXECUTION_FEEDBACK,2,COMPLETE,NOT_COMPUTED_MISSING_EXECUTION_OBSERVATION,,2,20,8,12,20
r8c-4208-ca9c1b575be4b05c,4208,E2_ROLLING_INCREMENTAL_AFTER_FULL_REUSE,RR-SHOCK/3,NO_REJECTION_CREDIT,2,COMPLETE,NOT_COMPUTED_MISSING_EXECUTION_OBSERVATION,,2,20,10,10,20
r8c-4209-52c2702572d0c9e4,4209,E2_ROLLING_INCREMENTAL_AFTER_FULL_REUSE,RR-SHOCK/3,NO_MEMORY_RESET_GATE,2,COMPLETE,NOT_COMPUTED_MISSING_EXECUTION_OBSERVATION,,1,20,8,12,20
r8c-4210-77019fd7625154ae,4210,E2_ROLLING_INCREMENTAL_AFTER_FULL_REUSE,RR-SHOCK/3,NO_LINEAGE_CREDIT,2,COMPLETE,NOT_COMPUTED_MISSING_EXECUTION_OBSERVATION,,1,20,10,10,20
r8c-4211-65d998a06bf76112,4211,E2_ROLLING_INCREMENTAL_AFTER_FULL_REUSE,RR-SHOCK/3,CROSS_EVENT_WARM_START_ONLY,2,COMPLETE,NOT_COMPUTED_MISSING_EXECUTION_OBSERVATION,,2,20,8,12,20
r8c-4212-6e706e992ef34d61,4212,E2_ROLLING_INCREMENTAL_AFTER_FULL_REUSE,RR-SHOCK/3,CROSS_EVENT_MEMORY_ONLY,2,COMPLETE,NOT_COMPUTED_MISSING_EXECUTION_OBSERVATION,,3,20,10,10,20
r8c-4213-5c37a7dc8daddc06,4213,E2_ROLLING_INCREMENTAL_AFTER_FULL_REUSE,RR-SHOCK/3,SHADE_ONLY,2,COMPLETE,NOT_COMPUTED_MISSING_EXECUTION_OBSERVATION,,1,20,12,8,20
r8c-4214-5a849630ad9fba56,4214,E2_ROLLING_INCREMENTAL_AFTER_FULL_REUSE,RR-SHOCK/3,NO_CROSS_EVENT_MEMORY,3,COMPLETE,NOT_COMPUTED_MISSING_EXECUTION_OBSERVATION,,0,20,11,9,20
r8c-4215-f10020dcd1a39b7f,4215,E2_ROLLING_INCREMENTAL_AFTER_FULL_REUSE,RR-SHOCK/3,NO_EXECUTION_FEEDBACK,3,COMPLETE,NOT_COMPUTED_MISSING_EXECUTION_OBSERVATION,,1,20,7,13,20
r8c-4216-7fa76634a543e506,4216,E2_ROLLING_INCREMENTAL_AFTER_FULL_REUSE,RR-SHOCK/3,NO_REJECTION_CREDIT,3,COMPLETE,NOT_COMPUTED_MISSING_EXECUTION_OBSERVATION,,2,20,6,14,20
r8c-4217-988438a7f6b33d91,4217,E2_ROLLING_INCREMENTAL_AFTER_FULL_REUSE,RR-SHOCK/3,NO_MEMORY_RESET_GATE,3,COMPLETE,NOT_COMPUTED_MISSING_EXECUTION_OBSERVATION,,1,20,10,10,20
r8c-4218-b0b9b36d54b1ac5f,4218,E2_ROLLING_INCREMENTAL_AFTER_FULL_REUSE,RR-SHOCK/3,NO_LINEAGE_CREDIT,3,COMPLETE,NOT_COMPUTED_MISSING_EXECUTION_OBSERVATION,,1,20,9,11,20
r8c-4219-f7651e13b92edc2f,4219,E2_ROLLING_INCREMENTAL_AFTER_FULL_REUSE,RR-SHOCK/3,CROSS_EVENT_WARM_START_ONLY,3,COMPLETE,NOT_COMPUTED_MISSING_EXECUTION_OBSERVATION,,4,20,9,11,20
r8c-4220-139b67ab18900613,4220,E2_ROLLING_INCREMENTAL_AFTER_FULL_REUSE,RR-SHOCK/3,CROSS_EVENT_MEMORY_ONLY,3,COMPLETE,NOT_COMPUTED_MISSING_EXECUTION_OBSERVATION,,2,20,11,9,20
r8c-4221-b6d3e19a06762dd1,4221,E2_ROLLING_INCREMENTAL_AFTER_FULL_REUSE,RR-SHOCK/3,SHADE_ONLY,3,COMPLETE,NOT_COMPUTED_MISSING_EXECUTION_OBSERVATION,,1,20,11,9,20
r8c-4222-2fe633b944ce9492,4222,E2_ROLLING_INCREMENTAL_AFTER_FULL_REUSE,RR-SHOCK/3,NO_CROSS_EVENT_MEMORY,4,COMPLETE,NOT_COMPUTED_MISSING_EXECUTION_OBSERVATION,,1,20,13,7,20
r8c-4223-430fed03e9c4b377,4223,E2_ROLLING_INCREMENTAL_AFTER_FULL_REUSE,RR-SHOCK/3,NO_EXECUTION_FEEDBACK,4,COMPLETE,NOT_COMPUTED_MISSING_EXECUTION_OBSERVATION,,3,20,10,10,20
r8c-4224-5e9c279437212669,4224,E2_ROLLING_INCREMENTAL_AFTER_FULL_REUSE,RR-SHOCK/3,NO_REJECTION_CREDIT,4,COMPLETE,NOT_COMPUTED_MISSING_EXECUTION_OBSERVATION,,0,20,8,12,20
r8c-4225-af279365ee460f23,4225,E2_ROLLING_INCREMENTAL_AFTER_FULL_REUSE,RR-SHOCK/3,NO_MEMORY_RESET_GATE,4,COMPLETE,NOT_COMPUTED_MISSING_EXECUTION_OBSERVATION,,0,20,6,14,20
r8c-4226-ea0d1c6c6fcaa7f4,4226,E2_ROLLING_INCREMENTAL_AFTER_FULL_REUSE,RR-SHOCK/3,NO_LINEAGE_CREDIT,4,COMPLETE,NOT_COMPUTED_MISSING_EXECUTION_OBSERVATION,,1,20,9,11,20
r8c-4227-1a2204bf738a7470,4227,E2_ROLLING_INCREMENTAL_AFTER_FULL_REUSE,RR-SHOCK/3,CROSS_EVENT_WARM_START_ONLY,4,COMPLETE,NOT_COMPUTED_MISSING_EXECUTION_OBSERVATION,,1,20,7,13,20
r8c-4228-0078555d1b96ca97,4228,E2_ROLLING_INCREMENTAL_AFTER_FULL_REUSE,RR-SHOCK/3,CROSS_EVENT_MEMORY_ONLY,4,COMPLETE,NOT_COMPUTED_MISSING_EXECUTION_OBSERVATION,,1,20,14,6,20
r8c-4229-f989c052d1e4a372,4229,E2_ROLLING_INCREMENTAL_AFTER_FULL_REUSE,RR-SHOCK/3,SHADE_ONLY,4,COMPLETE,NOT_COMPUTED_MISSING_EXECUTION_OBSERVATION,,1,20,11,9,20
r8c-4230-f2e2a175d382ca64,4230,E2_ROLLING_INCREMENTAL_AFTER_FULL_REUSE,RR-SHOCK/4,NO_CROSS_EVENT_MEMORY,0,COMPLETE,NOT_COMPUTED_MISSING_EXECUTION_OBSERVATION,,2,20,15,5,20
r8c-4231-a87c029bbc4eefa5,4231,E2_ROLLING_INCREMENTAL_AFTER_FULL_REUSE,RR-SHOCK/4,NO_EXECUTION_FEEDBACK,0,COMPLETE,INCLUDED,0.05,1,20,20,0,20
r8c-4232-ff86ba2b2f1a0930,4232,E2_ROLLING_INCREMENTAL_AFTER_FULL_REUSE,RR-SHOCK/4,NO_REJECTION_CREDIT,0,COMPLETE,NOT_COMPUTED_MISSING_EXECUTION_OBSERVATION,,1,20,16,4,20
r8c-4233-51ac8c46c8230223,4233,E2_ROLLING_INCREMENTAL_AFTER_FULL_REUSE,RR-SHOCK/4,NO_MEMORY_RESET_GATE,0,COMPLETE,NOT_COMPUTED_MISSING_EXECUTION_OBSERVATION,,3,20,18,2,20
r8c-4234-d0a9381d63d84fc0,4234,E2_ROLLING_INCREMENTAL_AFTER_FULL_REUSE,RR-SHOCK/4,NO_LINEAGE_CREDIT,0,COMPLETE,NOT_COMPUTED_MISSING_EXECUTION_OBSERVATION,,2,20,17,3,20
r8c-4235-56e1f30b0da55279,4235,E2_ROLLING_INCREMENTAL_AFTER_FULL_REUSE,RR-SHOCK/4,CROSS_EVENT_WARM_START_ONLY,0,COMPLETE,INCLUDED,0.05,1,20,20,0,20
r8c-4236-bc3c0139f0aa141b,4236,E2_ROLLING_INCREMENTAL_AFTER_FULL_REUSE,RR-SHOCK/4,CROSS_EVENT_MEMORY_ONLY,0,COMPLETE,NOT_COMPUTED_MISSING_EXECUTION_OBSERVATION,,3,20,19,1,20
r8c-4237-60cf8eaf541be08a,4237,E2_ROLLING_INCREMENTAL_AFTER_FULL_REUSE,RR-SHOCK/4,SHADE_ONLY,0,COMPLETE,INCLUDED,0.0,0,20,20,0,20
r8c-4238-e1a18297212c1506,4238,E2_ROLLING_INCREMENTAL_AFTER_FULL_REUSE,RR-SHOCK/4,NO_CROSS_EVENT_MEMORY,1,COMPLETE,INCLUDED,0.1,2,20,20,0,20
r8c-4239-3bd036c22cc05bfa,4239,E2_ROLLING_INCREMENTAL_AFTER_FULL_REUSE,RR-SHOCK/4,NO_EXECUTION_FEEDBACK,1,COMPLETE,NOT_COMPUTED_MISSING_EXECUTION_OBSERVATION,,1,20,14,6,20
r8c-4240-66b70e528932b594,4240,E2_ROLLING_INCREMENTAL_AFTER_FULL_REUSE,RR-SHOCK/4,NO_REJECTION_CREDIT,1,COMPLETE,INCLUDED,0.05,1,20,20,0,20
r8c-4241-568ef5dabe27ba2c,4241,E2_ROLLING_INCREMENTAL_AFTER_FULL_REUSE,RR-SHOCK/4,NO_MEMORY_RESET_GATE,1,COMPLETE,INCLUDED,0.15,3,20,20,0,20
r8c-4242-5900201ed8937a15,4242,E2_ROLLING_INCREMENTAL_AFTER_FULL_REUSE,RR-SHOCK/4,NO_LINEAGE_CREDIT,1,COMPLETE,NOT_COMPUTED_MISSING_EXECUTION_OBSERVATION,,4,20,19,1,20
r8c-4243-f14908afc56afc66,4243,E2_ROLLING_INCREMENTAL_AFTER_FULL_REUSE,RR-SHOCK/4,CROSS_EVENT_WARM_START_ONLY,1,COMPLETE,NOT_COMPUTED_MISSING_EXECUTION_OBSERVATION,,0,20,16,4,20
r8c-4244-b432f91ebd3999fb,4244,E2_ROLLING_INCREMENTAL_AFTER_FULL_REUSE,RR-SHOCK/4,CROSS_EVENT_MEMORY_ONLY,1,COMPLETE,NOT_COMPUTED_MISSING_EXECUTION_OBSERVATION,,0,20,18,2,20
r8c-4245-3d12cd9e951eda6b,4245,E2_ROLLING_INCREMENTAL_AFTER_FULL_REUSE,RR-SHOCK/4,SHADE_ONLY,1,COMPLETE,NOT_COMPUTED_MISSING_EXECUTION_OBSERVATION,,1,20,15,5,20
r8c-4246-db90e14060939e4b,4246,E2_ROLLING_INCREMENTAL_AFTER_FULL_REUSE,RR-SHOCK/4,NO_CROSS_EVENT_MEMORY,2,COMPLETE,NOT_COMPUTED_MISSING_EXECUTION_OBSERVATION,,1,20,15,5,20
r8c-4247-d64ae64101e6fe5f,4247,E2_ROLLING_INCREMENTAL_AFTER_FULL_REUSE,RR-SHOCK/4,NO_EXECUTION_FEEDBACK,2,COMPLETE,INCLUDED,0.05,1,20,20,0,20
r8c-4248-0461fe9dbfa34169,4248,E2_ROLLING_INCREMENTAL_AFTER_FULL_REUSE,RR-SHOCK/4,NO_REJECTION_CREDIT,2,COMPLETE,NOT_COMPUTED_MISSING_EXECUTION_OBSERVATION,,1,20,14,6,20
r8c-4249-9221bb50d903af34,4249,E2_ROLLING_INCREMENTAL_AFTER_FULL_REUSE,RR-SHOCK/4,NO_MEMORY_RESET_GATE,2,COMPLETE,NOT_COMPUTED_MISSING_EXECUTION_OBSERVATION,,1,20,16,4,20
r8c-4250-f20169bb4923e4dd,4250,E2_ROLLING_INCREMENTAL_AFTER_FULL_REUSE,RR-SHOCK/4,NO_LINEAGE_CREDIT,2,COMPLETE,INCLUDED,0.0,0,20,20,0,20
r8c-4251-78f1939cac4fa1c5,4251,E2_ROLLING_INCREMENTAL_AFTER_FULL_REUSE,RR-SHOCK/4,CROSS_EVENT_WARM_START_ONLY,2,COMPLETE,NOT_COMPUTED_MISSING_EXECUTION_OBSERVATION,,0,20,16,4,20
r8c-4252-039bbebfabe6039e,4252,E2_ROLLING_INCREMENTAL_AFTER_FULL_REUSE,RR-SHOCK/4,CROSS_EVENT_MEMORY_ONLY,2,COMPLETE,INCLUDED,0.05,1,20,20,0,20
r8c-4253-d9fe762c948f1ad3,4253,E2_ROLLING_INCREMENTAL_AFTER_FULL_REUSE,RR-SHOCK/4,SHADE_ONLY,2,COMPLETE,INCLUDED,0.0,0,20,20,0,20
r8c-4254-5ce839feb25001df,4254,E2_ROLLING_INCREMENTAL_AFTER_FULL_REUSE,RR-SHOCK/4,NO_CROSS_EVENT_MEMORY,3,COMPLETE,NOT_COMPUTED_MISSING_EXECUTION_OBSERVATION,,0,20,17,3,20
r8c-4255-a0ecb1f76fd5badd,4255,E2_ROLLING_INCREMENTAL_AFTER_FULL_REUSE,RR-SHOCK/4,NO_EXECUTION_FEEDBACK,3,COMPLETE,NOT_COMPUTED_MISSING_EXECUTION_OBSERVATION,,1,20,16,4,20
r8c-4256-7ae7cd4207ae75fe,4256,E2_ROLLING_INCREMENTAL_AFTER_FULL_REUSE,RR-SHOCK/4,NO_REJECTION_CREDIT,3,COMPLETE,INCLUDED,0.05,1,20,20,0,20
r8c-4257-b6488a7275b225f3,4257,E2_ROLLING_INCREMENTAL_AFTER_FULL_REUSE,RR-SHOCK/4,NO_MEMORY_RESET_GATE,3,COMPLETE,INCLUDED,0.05,1,20,20,0,20
r8c-4258-e441b862ce6f74e3,4258,E2_ROLLING_INCREMENTAL_AFTER_FULL_REUSE,RR-SHOCK/4,NO_LINEAGE_CREDIT,3,COMPLETE,INCLUDED,0.0,0,20,20,0,20
r8c-4259-93fab1c3b567d373,4259,E2_ROLLING_INCREMENTAL_AFTER_FULL_REUSE,RR-SHOCK/4,CROSS_EVENT_WARM_START_ONLY,3,COMPLETE,INCLUDED,0.0,0,20,20,0,20
r8c-4260-1303471229c0f720,4260,E2_ROLLING_INCREMENTAL_AFTER_FULL_REUSE,RR-SHOCK/4,CROSS_EVENT_MEMORY_ONLY,3,COMPLETE,INCLUDED,0.05,1,20,20,0,20
r8c-4261-b9caad7265bb3f4d,4261,E2_ROLLING_INCREMENTAL_AFTER_FULL_REUSE,RR-SHOCK/4,SHADE_ONLY,3,COMPLETE,NOT_COMPUTED_MISSING_EXECUTION_OBSERVATION,,0,20,19,1,20
r8c-4262-11aaacfb0316c91f,4262,E2_ROLLING_INCREMENTAL_AFTER_FULL_REUSE,RR-SHOCK/4,NO_CROSS_EVENT_MEMORY,4,COMPLETE,NOT_COMPUTED_MISSING_EXECUTION_OBSERVATION,,2,20,19,1,20
r8c-4263-7e710860cb528d13,4263,E2_ROLLING_INCREMENTAL_AFTER_FULL_REUSE,RR-SHOCK/4,NO_EXECUTION_FEEDBACK,4,COMPLETE,NOT_COMPUTED_MISSING_EXECUTION_OBSERVATION,,1,20,18,2,20
r8c-4264-ecdb2cfc3af187f0,4264,E2_ROLLING_INCREMENTAL_AFTER_FULL_REUSE,RR-SHOCK/4,NO_REJECTION_CREDIT,4,COMPLETE,NOT_COMPUTED_MISSING_EXECUTION_OBSERVATION,,1,20,17,3,20
r8c-4265-80959f4934d2a49d,4265,E2_ROLLING_INCREMENTAL_AFTER_FULL_REUSE,RR-SHOCK/4,NO_MEMORY_RESET_GATE,4,COMPLETE,INCLUDED,0.05,1,20,20,0,20
r8c-4266-894d14be1c8059b2,4266,E2_ROLLING_INCREMENTAL_AFTER_FULL_REUSE,RR-SHOCK/4,NO_LINEAGE_CREDIT,4,COMPLETE,INCLUDED,0.0,0,20,20,0,20
r8c-4267-61a8844caf25e047,4267,E2_ROLLING_INCREMENTAL_AFTER_FULL_REUSE,RR-SHOCK/4,CROSS_EVENT_WARM_START_ONLY,4,COMPLETE,INCLUDED,0.05,1,20,20,0,20
r8c-4268-cdd32889f6272a31,4268,E2_ROLLING_INCREMENTAL_AFTER_FULL_REUSE,RR-SHOCK/4,CROSS_EVENT_MEMORY_ONLY,4,COMPLETE,NOT_COMPUTED_MISSING_EXECUTION_OBSERVATION,,0,20,14,6,20
r8c-4269-8a2890fd55cf2887,4269,E2_ROLLING_INCREMENTAL_AFTER_FULL_REUSE,RR-SHOCK/4,SHADE_ONLY,4,COMPLETE,NOT_COMPUTED_MISSING_EXECUTION_OBSERVATION,,1,20,15,5,20
r8c-4270-d00ba55956423d35,4270,E2_ROLLING_INCREMENTAL_AFTER_FULL_REUSE,RR-SHOCK/5,NO_CROSS_EVENT_MEMORY,0,COMPLETE,NOT_COMPUTED_MISSING_EXECUTION_OBSERVATION,,2,20,14,6,20
r8c-4271-ef88d85242abdb2e,4271,E2_ROLLING_INCREMENTAL_AFTER_FULL_REUSE,RR-SHOCK/5,NO_EXECUTION_FEEDBACK,0,COMPLETE,NOT_COMPUTED_MISSING_EXECUTION_OBSERVATION,,0,20,10,10,20
r8c-4272-9c7ff264b96fb6a9,4272,E2_ROLLING_INCREMENTAL_AFTER_FULL_REUSE,RR-SHOCK/5,NO_REJECTION_CREDIT,0,COMPLETE,NOT_COMPUTED_MISSING_EXECUTION_OBSERVATION,,0,20,10,10,20
r8c-4273-26d3896b8b5b1786,4273,E2_ROLLING_INCREMENTAL_AFTER_FULL_REUSE,RR-SHOCK/5,NO_MEMORY_RESET_GATE,0,COMPLETE,NOT_COMPUTED_MISSING_EXECUTION_OBSERVATION,,2,20,13,7,20
r8c-4274-e53780c5f4c63e9b,4274,E2_ROLLING_INCREMENTAL_AFTER_FULL_REUSE,RR-SHOCK/5,NO_LINEAGE_CREDIT,0,COMPLETE,NOT_COMPUTED_MISSING_EXECUTION_OBSERVATION,,1,20,12,8,20
r8c-4275-d4298def5dafc045,4275,E2_ROLLING_INCREMENTAL_AFTER_FULL_REUSE,RR-SHOCK/5,CROSS_EVENT_WARM_START_ONLY,0,COMPLETE,NOT_COMPUTED_MISSING_EXECUTION_OBSERVATION,,1,20,11,9,20
r8c-4276-ecde00ab253a2941,4276,E2_ROLLING_INCREMENTAL_AFTER_FULL_REUSE,RR-SHOCK/5,CROSS_EVENT_MEMORY_ONLY,0,COMPLETE,NOT_COMPUTED_MISSING_EXECUTION_OBSERVATION,,0,20,10,10,20
r8c-4277-198213de7e949a65,4277,E2_ROLLING_INCREMENTAL_AFTER_FULL_REUSE,RR-SHOCK/5,SHADE_ONLY,0,COMPLETE,NOT_COMPUTED_MISSING_EXECUTION_OBSERVATION,,1,20,12,8,20
r8c-4278-0e32bd1179dd8d95,4278,E2_ROLLING_INCREMENTAL_AFTER_FULL_REUSE,RR-SHOCK/5,NO_CROSS_EVENT_MEMORY,1,COMPLETE,NOT_COMPUTED_MISSING_EXECUTION_OBSERVATION,,1,20,11,9,20
r8c-4279-a16d16545b00104d,4279,E2_ROLLING_INCREMENTAL_AFTER_FULL_REUSE,RR-SHOCK/5,NO_EXECUTION_FEEDBACK,1,COMPLETE,NOT_COMPUTED_MISSING_EXECUTION_OBSERVATION,,1,20,12,8,20
r8c-4280-2f52ddf6a8a4d6eb,4280,E2_ROLLING_INCREMENTAL_AFTER_FULL_REUSE,RR-SHOCK/5,NO_REJECTION_CREDIT,1,COMPLETE,NOT_COMPUTED_MISSING_EXECUTION_OBSERVATION,,1,20,12,8,20
r8c-4281-185cbebd4d80c3de,4281,E2_ROLLING_INCREMENTAL_AFTER_FULL_REUSE,RR-SHOCK/5,NO_MEMORY_RESET_GATE,1,COMPLETE,NOT_COMPUTED_MISSING_EXECUTION_OBSERVATION,,1,20,10,10,20
r8c-4282-002948045f8a1b56,4282,E2_ROLLING_INCREMENTAL_AFTER_FULL_REUSE,RR-SHOCK/5,NO_LINEAGE_CREDIT,1,COMPLETE,NOT_COMPUTED_MISSING_EXECUTION_OBSERVATION,,0,20,11,9,20
r8c-4283-f792721f262d601e,4283,E2_ROLLING_INCREMENTAL_AFTER_FULL_REUSE,RR-SHOCK/5,CROSS_EVENT_WARM_START_ONLY,1,COMPLETE,NOT_COMPUTED_MISSING_EXECUTION_OBSERVATION,,1,20,11,9,20
r8c-4284-78938a37c10751a0,4284,E2_ROLLING_INCREMENTAL_AFTER_FULL_REUSE,RR-SHOCK/5,CROSS_EVENT_MEMORY_ONLY,1,COMPLETE,NOT_COMPUTED_MISSING_EXECUTION_OBSERVATION,,1,20,10,10,20
r8c-4285-90191c730ebc932e,4285,E2_ROLLING_INCREMENTAL_AFTER_FULL_REUSE,RR-SHOCK/5,SHADE_ONLY,1,COMPLETE,NOT_COMPUTED_MISSING_EXECUTION_OBSERVATION,,0,20,11,9,20
r8c-4286-3b362dba07897c9b,4286,E2_ROLLING_INCREMENTAL_AFTER_FULL_REUSE,RR-SHOCK/5,NO_CROSS_EVENT_MEMORY,2,COMPLETE,NOT_COMPUTED_MISSING_EXECUTION_OBSERVATION,,1,20,10,10,20
r8c-4287-14d379f72c7c14d1,4287,E2_ROLLING_INCREMENTAL_AFTER_FULL_REUSE,RR-SHOCK/5,NO_EXECUTION_FEEDBACK,2,COMPLETE,NOT_COMPUTED_MISSING_EXECUTION_OBSERVATION,,1,20,10,10,20
r8c-4288-2e0fb128a22c8090,4288,E2_ROLLING_INCREMENTAL_AFTER_FULL_REUSE,RR-SHOCK/5,NO_REJECTION_CREDIT,2,COMPLETE,NOT_COMPUTED_MISSING_EXECUTION_OBSERVATION,,0,20,10,10,20
r8c-4289-749e0e8af27142e0,4289,E2_ROLLING_INCREMENTAL_AFTER_FULL_REUSE,RR-SHOCK/5,NO_MEMORY_RESET_GATE,2,COMPLETE,NOT_COMPUTED_MISSING_EXECUTION_OBSERVATION,,1,20,10,10,20
r8c-4290-022cda7f422bd867,4290,E2_ROLLING_INCREMENTAL_AFTER_FULL_REUSE,RR-SHOCK/5,NO_LINEAGE_CREDIT,2,COMPLETE,NOT_COMPUTED_MISSING_EXECUTION_OBSERVATION,,0,20,10,10,20
r8c-4291-7aca9a82776effbd,4291,E2_ROLLING_INCREMENTAL_AFTER_FULL_REUSE,RR-SHOCK/5,CROSS_EVENT_WARM_START_ONLY,2,COMPLETE,NOT_COMPUTED_MISSING_EXECUTION_OBSERVATION,,0,20,9,11,20
r8c-4292-e2296156e4c23196,4292,E2_ROLLING_INCREMENTAL_AFTER_FULL_REUSE,RR-SHOCK/5,CROSS_EVENT_MEMORY_ONLY,2,COMPLETE,NOT_COMPUTED_MISSING_EXECUTION_OBSERVATION,,0,20,10,10,20
r8c-4293-95894414e4cc4de2,4293,E2_ROLLING_INCREMENTAL_AFTER_FULL_REUSE,RR-SHOCK/5,SHADE_ONLY,2,COMPLETE,NOT_COMPUTED_MISSING_EXECUTION_OBSERVATION,,1,20,11,9,20
r8c-4294-086977f36b46be1d,4294,E2_ROLLING_INCREMENTAL_AFTER_FULL_REUSE,RR-SHOCK/5,NO_CROSS_EVENT_MEMORY,3,COMPLETE,NOT_COMPUTED_MISSING_EXECUTION_OBSERVATION,,1,20,11,9,20
r8c-4295-6eeb9d6dee01e91b,4295,E2_ROLLING_INCREMENTAL_AFTER_FULL_REUSE,RR-SHOCK/5,NO_EXECUTION_FEEDBACK,3,COMPLETE,NOT_COMPUTED_MISSING_EXECUTION_OBSERVATION,,0,20,10,10,20
r8c-4296-7e27225913f2c4e5,4296,E2_ROLLING_INCREMENTAL_AFTER_FULL_REUSE,RR-SHOCK/5,NO_REJECTION_CREDIT,3,COMPLETE,NOT_COMPUTED_MISSING_EXECUTION_OBSERVATION,,0,20,11,9,20
r8c-4297-30886a0e4cbd4f16,4297,E2_ROLLING_INCREMENTAL_AFTER_FULL_REUSE,RR-SHOCK/5,NO_MEMORY_RESET_GATE,3,COMPLETE,NOT_COMPUTED_MISSING_EXECUTION_OBSERVATION,,0,20,10,10,20
r8c-4298-53d3ef4df43528cd,4298,E2_ROLLING_INCREMENTAL_AFTER_FULL_REUSE,RR-SHOCK/5,NO_LINEAGE_CREDIT,3,COMPLETE,NOT_COMPUTED_MISSING_EXECUTION_OBSERVATION,,0,20,10,10,20
r8c-4299-e8b395ed82311ed0,4299,E2_ROLLING_INCREMENTAL_AFTER_FULL_REUSE,RR-SHOCK/5,CROSS_EVENT_WARM_START_ONLY,3,COMPLETE,NOT_COMPUTED_MISSING_EXECUTION_OBSERVATION,,0,20,10,10,20
r8c-4300-616a7341653f14a3,4300,E2_ROLLING_INCREMENTAL_AFTER_FULL_REUSE,RR-SHOCK/5,CROSS_EVENT_MEMORY_ONLY,3,COMPLETE,NOT_COMPUTED_MISSING_EXECUTION_OBSERVATION,,0,20,10,10,20
r8c-4301-ac6fb123f7748e58,4301,E2_ROLLING_INCREMENTAL_AFTER_FULL_REUSE,RR-SHOCK/5,SHADE_ONLY,3,COMPLETE,NOT_COMPUTED_MISSING_EXECUTION_OBSERVATION,,1,20,10,10,20
r8c-4302-ba6e6c2dcec5cf50,4302,E2_ROLLING_INCREMENTAL_AFTER_FULL_REUSE,RR-SHOCK/5,NO_CROSS_EVENT_MEMORY,4,COMPLETE,NOT_COMPUTED_MISSING_EXECUTION_OBSERVATION,,1,20,13,7,20
r8c-4303-c432dcc735d04d11,4303,E2_ROLLING_INCREMENTAL_AFTER_FULL_REUSE,RR-SHOCK/5,NO_EXECUTION_FEEDBACK,4,COMPLETE,NOT_COMPUTED_MISSING_EXECUTION_OBSERVATION,,1,20,11,9,20
r8c-4304-ee5fe6be70c51e19,4304,E2_ROLLING_INCREMENTAL_AFTER_FULL_REUSE,RR-SHOCK/5,NO_REJECTION_CREDIT,4,COMPLETE,NOT_COMPUTED_MISSING_EXECUTION_OBSERVATION,,0,20,11,9,20
r8c-4305-07887b9afa12cf14,4305,E2_ROLLING_INCREMENTAL_AFTER_FULL_REUSE,RR-SHOCK/5,NO_MEMORY_RESET_GATE,4,COMPLETE,NOT_COMPUTED_MISSING_EXECUTION_OBSERVATION,,0,20,10,10,20
r8c-4306-3ba2320096adb4d6,4306,E2_ROLLING_INCREMENTAL_AFTER_FULL_REUSE,RR-SHOCK/5,NO_LINEAGE_CREDIT,4,COMPLETE,NOT_COMPUTED_MISSING_EXECUTION_OBSERVATION,,0,20,11,9,20
r8c-4307-71af3ad2f2ed59f0,4307,E2_ROLLING_INCREMENTAL_AFTER_FULL_REUSE,RR-SHOCK/5,CROSS_EVENT_WARM_START_ONLY,4,COMPLETE,NOT_COMPUTED_MISSING_EXECUTION_OBSERVATION,,1,20,10,10,20
r8c-4308-1ce9799cb1f4b735,4308,E2_ROLLING_INCREMENTAL_AFTER_FULL_REUSE,RR-SHOCK/5,CROSS_EVENT_MEMORY_ONLY,4,COMPLETE,NOT_COMPUTED_MISSING_EXECUTION_OBSERVATION,,0,20,10,10,20
r8c-4309-e0223fc9d08c1495,4309,E2_ROLLING_INCREMENTAL_AFTER_FULL_REUSE,RR-SHOCK/5,SHADE_ONLY,4,COMPLETE,NOT_COMPUTED_MISSING_EXECUTION_OBSERVATION,,0,20,10,10,20
r8c-4310-9e7b4fe5b13add03,4310,E2_ROLLING_INCREMENTAL_AFTER_FULL_REUSE,RR-SHOCK/6,NO_CROSS_EVENT_MEMORY,0,COMPLETE,NOT_COMPUTED_MISSING_EXECUTION_OBSERVATION,,4,20,9,11,20
r8c-4311-7537d41faeae24a9,4311,E2_ROLLING_INCREMENTAL_AFTER_FULL_REUSE,RR-SHOCK/6,NO_EXECUTION_FEEDBACK,0,COMPLETE,NOT_COMPUTED_MISSING_EXECUTION_OBSERVATION,,5,20,18,2,20
r8c-4312-fece783475e443ef,4312,E2_ROLLING_INCREMENTAL_AFTER_FULL_REUSE,RR-SHOCK/6,NO_REJECTION_CREDIT,0,COMPLETE,NOT_COMPUTED_MISSING_EXECUTION_OBSERVATION,,2,20,7,13,20
r8c-4313-8b154f61da5a8f49,4313,E2_ROLLING_INCREMENTAL_AFTER_FULL_REUSE,RR-SHOCK/6,NO_MEMORY_RESET_GATE,0,COMPLETE,NOT_COMPUTED_MISSING_EXECUTION_OBSERVATION,,0,20,2,18,20
r8c-4314-d17b0f15eff9e612,4314,E2_ROLLING_INCREMENTAL_AFTER_FULL_REUSE,RR-SHOCK/6,NO_LINEAGE_CREDIT,0,COMPLETE,NOT_COMPUTED_MISSING_EXECUTION_OBSERVATION,,3,20,11,9,20
r8c-4315-a6e2225d84389cab,4315,E2_ROLLING_INCREMENTAL_AFTER_FULL_REUSE,RR-SHOCK/6,CROSS_EVENT_WARM_START_ONLY,0,COMPLETE,NOT_COMPUTED_MISSING_EXECUTION_OBSERVATION,,3,20,13,7,20
r8c-4316-8b5fd9dd9d33fbfc,4316,E2_ROLLING_INCREMENTAL_AFTER_FULL_REUSE,RR-SHOCK/6,CROSS_EVENT_MEMORY_ONLY,0,COMPLETE,NOT_COMPUTED_MISSING_EXECUTION_OBSERVATION,,4,20,18,2,20
r8c-4317-571c22eccc5c6ee5,4317,E2_ROLLING_INCREMENTAL_AFTER_FULL_REUSE,RR-SHOCK/6,SHADE_ONLY,0,COMPLETE,NOT_COMPUTED_MISSING_EXECUTION_OBSERVATION,,0,20,2,18,20
r8c-4318-24409c6fe620f6fc,4318,E2_ROLLING_INCREMENTAL_AFTER_FULL_REUSE,RR-SHOCK/6,NO_CROSS_EVENT_MEMORY,1,COMPLETE,NOT_COMPUTED_MISSING_EXECUTION_OBSERVATION,,0,20,2,18,20
r8c-4319-59d52ce877f123de,4319,E2_ROLLING_INCREMENTAL_AFTER_FULL_REUSE,RR-SHOCK/6,NO_EXECUTION_FEEDBACK,1,COMPLETE,NOT_COMPUTED_MISSING_EXECUTION_OBSERVATION,,3,20,8,12,20
r8c-4320-b5865d2862a992b6,4320,E2_ROLLING_INCREMENTAL_AFTER_FULL_REUSE,RR-SHOCK/6,NO_REJECTION_CREDIT,1,COMPLETE,NOT_COMPUTED_MISSING_EXECUTION_OBSERVATION,,3,20,18,2,20
r8c-4321-49312ec4bfee17b1,4321,E2_ROLLING_INCREMENTAL_AFTER_FULL_REUSE,RR-SHOCK/6,NO_MEMORY_RESET_GATE,1,COMPLETE,NOT_COMPUTED_MISSING_EXECUTION_OBSERVATION,,4,20,18,2,20
r8c-4322-272cf96e78c549bd,4322,E2_ROLLING_INCREMENTAL_AFTER_FULL_REUSE,RR-SHOCK/6,NO_LINEAGE_CREDIT,1,COMPLETE,NOT_COMPUTED_MISSING_EXECUTION_OBSERVATION,,4,20,18,2,20
r8c-4323-eafe15d0468f3873,4323,E2_ROLLING_INCREMENTAL_AFTER_FULL_REUSE,RR-SHOCK/6,CROSS_EVENT_WARM_START_ONLY,1,COMPLETE,NOT_COMPUTED_MISSING_EXECUTION_OBSERVATION,,4,20,18,2,20
r8c-4324-1c20d9318bd102ed,4324,E2_ROLLING_INCREMENTAL_AFTER_FULL_REUSE,RR-SHOCK/6,CROSS_EVENT_MEMORY_ONLY,1,COMPLETE,NOT_COMPUTED_MISSING_EXECUTION_OBSERVATION,,4,20,19,1,20
r8c-4325-bf13453752790c8a,4325,E2_ROLLING_INCREMENTAL_AFTER_FULL_REUSE,RR-SHOCK/6,SHADE_ONLY,1,COMPLETE,NOT_COMPUTED_MISSING_EXECUTION_OBSERVATION,,3,20,11,9,20
r8c-4326-f2339d5f0f885db9,4326,E2_ROLLING_INCREMENTAL_AFTER_FULL_REUSE,RR-SHOCK/6,NO_CROSS_EVENT_MEMORY,2,COMPLETE,NOT_COMPUTED_MISSING_EXECUTION_OBSERVATION,,2,20,9,11,20
r8c-4327-66574acc2c045592,4327,E2_ROLLING_INCREMENTAL_AFTER_FULL_REUSE,RR-SHOCK/6,NO_EXECUTION_FEEDBACK,2,COMPLETE,NOT_COMPUTED_MISSING_EXECUTION_OBSERVATION,,0,20,8,12,20
r8c-4328-2ccdce84914531a9,4328,E2_ROLLING_INCREMENTAL_AFTER_FULL_REUSE,RR-SHOCK/6,NO_REJECTION_CREDIT,2,COMPLETE,NOT_COMPUTED_MISSING_EXECUTION_OBSERVATION,,3,20,12,8,20
r8c-4329-62502ebd902d5fc6,4329,E2_ROLLING_INCREMENTAL_AFTER_FULL_REUSE,RR-SHOCK/6,NO_MEMORY_RESET_GATE,2,COMPLETE,NOT_COMPUTED_MISSING_EXECUTION_OBSERVATION,,0,20,1,19,20
r8c-4330-12a8d783d7452960,4330,E2_ROLLING_INCREMENTAL_AFTER_FULL_REUSE,RR-SHOCK/6,NO_LINEAGE_CREDIT,2,COMPLETE,NOT_COMPUTED_MISSING_EXECUTION_OBSERVATION,,4,20,11,9,20
r8c-4331-e5e6758cde9f956c,4331,E2_ROLLING_INCREMENTAL_AFTER_FULL_REUSE,RR-SHOCK/6,CROSS_EVENT_WARM_START_ONLY,2,COMPLETE,NOT_COMPUTED_MISSING_EXECUTION_OBSERVATION,,1,20,1,19,20
r8c-4332-2010fb8717fd1153,4332,E2_ROLLING_INCREMENTAL_AFTER_FULL_REUSE,RR-SHOCK/6,CROSS_EVENT_MEMORY_ONLY,2,COMPLETE,NOT_COMPUTED_MISSING_EXECUTION_OBSERVATION,,3,20,10,10,20
r8c-4333-7e059cf67e137ca3,4333,E2_ROLLING_INCREMENTAL_AFTER_FULL_REUSE,RR-SHOCK/6,SHADE_ONLY,2,COMPLETE,NOT_COMPUTED_MISSING_EXECUTION_OBSERVATION,,4,20,10,10,20
r8c-4334-164b5087b5953d15,4334,E2_ROLLING_INCREMENTAL_AFTER_FULL_REUSE,RR-SHOCK/6,NO_CROSS_EVENT_MEMORY,3,COMPLETE,NOT_COMPUTED_MISSING_EXECUTION_OBSERVATION,,4,20,14,6,20
r8c-4335-e192d21994f09621,4335,E2_ROLLING_INCREMENTAL_AFTER_FULL_REUSE,RR-SHOCK/6,NO_EXECUTION_FEEDBACK,3,COMPLETE,NOT_COMPUTED_MISSING_EXECUTION_OBSERVATION,,2,20,8,12,20
r8c-4336-b85c87bce20f7980,4336,E2_ROLLING_INCREMENTAL_AFTER_FULL_REUSE,RR-SHOCK/6,NO_REJECTION_CREDIT,3,COMPLETE,NOT_COMPUTED_MISSING_EXECUTION_OBSERVATION,,0,20,1,19,20
r8c-4337-b0f03e7305d17f64,4337,E2_ROLLING_INCREMENTAL_AFTER_FULL_REUSE,RR-SHOCK/6,NO_MEMORY_RESET_GATE,3,COMPLETE,NOT_COMPUTED_MISSING_EXECUTION_OBSERVATION,,0,20,0,20,20
r8c-4338-a002e9cca8e4ac91,4338,E2_ROLLING_INCREMENTAL_AFTER_FULL_REUSE,RR-SHOCK/6,NO_LINEAGE_CREDIT,3,COMPLETE,NOT_COMPUTED_MISSING_EXECUTION_OBSERVATION,,2,20,18,2,20
r8c-4339-c1a47c86d8b78f97,4339,E2_ROLLING_INCREMENTAL_AFTER_FULL_REUSE,RR-SHOCK/6,CROSS_EVENT_WARM_START_ONLY,3,COMPLETE,NOT_COMPUTED_MISSING_EXECUTION_OBSERVATION,,0,20,1,19,20
r8c-4340-765b2c13bdedba53,4340,E2_ROLLING_INCREMENTAL_AFTER_FULL_REUSE,RR-SHOCK/6,CROSS_EVENT_MEMORY_ONLY,3,COMPLETE,NOT_COMPUTED_MISSING_EXECUTION_OBSERVATION,,4,20,12,8,20
r8c-4341-88b338bac752499c,4341,E2_ROLLING_INCREMENTAL_AFTER_FULL_REUSE,RR-SHOCK/6,SHADE_ONLY,3,COMPLETE,NOT_COMPUTED_MISSING_EXECUTION_OBSERVATION,,4,20,12,8,20
r8c-4342-cdd593d3e9df301b,4342,E2_ROLLING_INCREMENTAL_AFTER_FULL_REUSE,RR-SHOCK/6,NO_CROSS_EVENT_MEMORY,4,COMPLETE,NOT_COMPUTED_MISSING_EXECUTION_OBSERVATION,,2,20,12,8,20
r8c-4343-83c0ecf674b154c7,4343,E2_ROLLING_INCREMENTAL_AFTER_FULL_REUSE,RR-SHOCK/6,NO_EXECUTION_FEEDBACK,4,COMPLETE,NOT_COMPUTED_MISSING_EXECUTION_OBSERVATION,,2,20,8,12,20
r8c-4344-8ed63497069405e2,4344,E2_ROLLING_INCREMENTAL_AFTER_FULL_REUSE,RR-SHOCK/6,NO_REJECTION_CREDIT,4,COMPLETE,NOT_COMPUTED_MISSING_EXECUTION_OBSERVATION,,3,20,11,9,20
r8c-4345-639529468189f2ec,4345,E2_ROLLING_INCREMENTAL_AFTER_FULL_REUSE,RR-SHOCK/6,NO_MEMORY_RESET_GATE,4,COMPLETE,NOT_COMPUTED_MISSING_EXECUTION_OBSERVATION,,3,20,10,10,20
r8c-4346-18d869669aa33165,4346,E2_ROLLING_INCREMENTAL_AFTER_FULL_REUSE,RR-SHOCK/6,NO_LINEAGE_CREDIT,4,COMPLETE,NOT_COMPUTED_MISSING_EXECUTION_OBSERVATION,,0,20,0,20,20
r8c-4347-534e764bc25c979c,4347,E2_ROLLING_INCREMENTAL_AFTER_FULL_REUSE,RR-SHOCK/6,CROSS_EVENT_WARM_START_ONLY,4,COMPLETE,NOT_COMPUTED_MISSING_EXECUTION_OBSERVATION,,3,20,18,2,20
r8c-4348-9c8098aa1d315b37,4348,E2_ROLLING_INCREMENTAL_AFTER_FULL_REUSE,RR-SHOCK/6,CROSS_EVENT_MEMORY_ONLY,4,COMPLETE,NOT_COMPUTED_MISSING_EXECUTION_OBSERVATION,,3,20,17,3,20
r8c-4349-e7163b1bd9c8b31b,4349,E2_ROLLING_INCREMENTAL_AFTER_FULL_REUSE,RR-SHOCK/6,SHADE_ONLY,4,COMPLETE,NOT_COMPUTED_MISSING_EXECUTION_OBSERVATION,,0,20,1,19,20
r8c-4350-f6b4751af9bd7a33,4350,E2_ROLLING_INCREMENTAL_AFTER_FULL_REUSE,RR-SHOCK/7,NO_CROSS_EVENT_MEMORY,0,COMPLETE,INCLUDED,0.0,0,20,20,0,20
r8c-4351-049e7f0913906a2b,4351,E2_ROLLING_INCREMENTAL_AFTER_FULL_REUSE,RR-SHOCK/7,NO_EXECUTION_FEEDBACK,0,COMPLETE,INCLUDED,0.0,0,20,20,0,20
r8c-4352-008f4a0f94684356,4352,E2_ROLLING_INCREMENTAL_AFTER_FULL_REUSE,RR-SHOCK/7,NO_REJECTION_CREDIT,0,COMPLETE,INCLUDED,0.0,0,20,20,0,20
r8c-4353-c7b9312c28b90b9f,4353,E2_ROLLING_INCREMENTAL_AFTER_FULL_REUSE,RR-SHOCK/7,NO_MEMORY_RESET_GATE,0,COMPLETE,INCLUDED,0.0,0,20,20,0,20
r8c-4354-3cdd2d9d6cc26ff3,4354,E2_ROLLING_INCREMENTAL_AFTER_FULL_REUSE,RR-SHOCK/7,NO_LINEAGE_CREDIT,0,COMPLETE,INCLUDED,0.0,0,20,20,0,20
r8c-4355-c064105e5690ffc1,4355,E2_ROLLING_INCREMENTAL_AFTER_FULL_REUSE,RR-SHOCK/7,CROSS_EVENT_WARM_START_ONLY,0,COMPLETE,INCLUDED,0.0,0,20,20,0,20
r8c-4356-e40cc8b20d980764,4356,E2_ROLLING_INCREMENTAL_AFTER_FULL_REUSE,RR-SHOCK/7,CROSS_EVENT_MEMORY_ONLY,0,COMPLETE,INCLUDED,0.0,0,20,20,0,20
r8c-4357-85611bc321b23973,4357,E2_ROLLING_INCREMENTAL_AFTER_FULL_REUSE,RR-SHOCK/7,SHADE_ONLY,0,COMPLETE,INCLUDED,0.0,0,20,20,0,20
r8c-4358-52674583c8dfa553,4358,E2_ROLLING_INCREMENTAL_AFTER_FULL_REUSE,RR-SHOCK/7,NO_CROSS_EVENT_MEMORY,1,COMPLETE,INCLUDED,0.0,0,20,20,0,20
r8c-4359-772c77184d53aeed,4359,E2_ROLLING_INCREMENTAL_AFTER_FULL_REUSE,RR-SHOCK/7,NO_EXECUTION_FEEDBACK,1,COMPLETE,INCLUDED,0.0,0,20,20,0,20
r8c-4360-0b20e5f97ae6f146,4360,E2_ROLLING_INCREMENTAL_AFTER_FULL_REUSE,RR-SHOCK/7,NO_REJECTION_CREDIT,1,COMPLETE,INCLUDED,0.0,0,20,20,0,20
r8c-4361-982a5d9a6f5d6c4d,4361,E2_ROLLING_INCREMENTAL_AFTER_FULL_REUSE,RR-SHOCK/7,NO_MEMORY_RESET_GATE,1,COMPLETE,INCLUDED,0.0,0,20,20,0,20
r8c-4362-fb1acfa27d7437d1,4362,E2_ROLLING_INCREMENTAL_AFTER_FULL_REUSE,RR-SHOCK/7,NO_LINEAGE_CREDIT,1,COMPLETE,INCLUDED,0.0,0,20,20,0,20
r8c-4363-0107e191109569e3,4363,E2_ROLLING_INCREMENTAL_AFTER_FULL_REUSE,RR-SHOCK/7,CROSS_EVENT_WARM_START_ONLY,1,COMPLETE,INCLUDED,0.0,0,20,20,0,20
r8c-4364-cf09c69b701d145f,4364,E2_ROLLING_INCREMENTAL_AFTER_FULL_REUSE,RR-SHOCK/7,CROSS_EVENT_MEMORY_ONLY,1,COMPLETE,INCLUDED,0.0,0,20,20,0,20
r8c-4365-b0726c394504a5ff,4365,E2_ROLLING_INCREMENTAL_AFTER_FULL_REUSE,RR-SHOCK/7,SHADE_ONLY,1,COMPLETE,INCLUDED,0.0,0,20,20,0,20
r8c-4366-6e76f1e4b1528805,4366,E2_ROLLING_INCREMENTAL_AFTER_FULL_REUSE,RR-SHOCK/7,NO_CROSS_EVENT_MEMORY,2,COMPLETE,INCLUDED,0.0,0,20,20,0,20
r8c-4367-bc70e32627750d8f,4367,E2_ROLLING_INCREMENTAL_AFTER_FULL_REUSE,RR-SHOCK/7,NO_EXECUTION_FEEDBACK,2,COMPLETE,INCLUDED,0.0,0,20,20,0,20
r8c-4368-492abf531c18c80c,4368,E2_ROLLING_INCREMENTAL_AFTER_FULL_REUSE,RR-SHOCK/7,NO_REJECTION_CREDIT,2,COMPLETE,INCLUDED,0.0,0,20,20,0,20
r8c-4369-349127e9638b1e61,4369,E2_ROLLING_INCREMENTAL_AFTER_FULL_REUSE,RR-SHOCK/7,NO_MEMORY_RESET_GATE,2,COMPLETE,INCLUDED,0.0,0,20,20,0,20
r8c-4370-0bd6e20b5a820829,4370,E2_ROLLING_INCREMENTAL_AFTER_FULL_REUSE,RR-SHOCK/7,NO_LINEAGE_CREDIT,2,COMPLETE,INCLUDED,0.0,0,20,20,0,20
r8c-4371-a42cca34739c47fc,4371,E2_ROLLING_INCREMENTAL_AFTER_FULL_REUSE,RR-SHOCK/7,CROSS_EVENT_WARM_START_ONLY,2,COMPLETE,INCLUDED,0.0,0,20,20,0,20
r8c-4372-7a614c3217060bca,4372,E2_ROLLING_INCREMENTAL_AFTER_FULL_REUSE,RR-SHOCK/7,CROSS_EVENT_MEMORY_ONLY,2,COMPLETE,INCLUDED,0.0,0,20,20,0,20
r8c-4373-14122e47d689f184,4373,E2_ROLLING_INCREMENTAL_AFTER_FULL_REUSE,RR-SHOCK/7,SHADE_ONLY,2,COMPLETE,INCLUDED,0.0,0,20,20,0,20
r8c-4374-aaa00e4d63916d45,4374,E2_ROLLING_INCREMENTAL_AFTER_FULL_REUSE,RR-SHOCK/7,NO_CROSS_EVENT_MEMORY,3,COMPLETE,INCLUDED,0.0,0,20,20,0,20
r8c-4375-0a30121107449e47,4375,E2_ROLLING_INCREMENTAL_AFTER_FULL_REUSE,RR-SHOCK/7,NO_EXECUTION_FEEDBACK,3,COMPLETE,INCLUDED,0.0,0,20,20,0,20
r8c-4376-3bcf0b65520c270a,4376,E2_ROLLING_INCREMENTAL_AFTER_FULL_REUSE,RR-SHOCK/7,NO_REJECTION_CREDIT,3,COMPLETE,INCLUDED,0.0,0,20,20,0,20
r8c-4377-683c8f05ec10cf63,4377,E2_ROLLING_INCREMENTAL_AFTER_FULL_REUSE,RR-SHOCK/7,NO_MEMORY_RESET_GATE,3,COMPLETE,INCLUDED,0.0,0,20,20,0,20
r8c-4378-7e27c5f7b7b87426,4378,E2_ROLLING_INCREMENTAL_AFTER_FULL_REUSE,RR-SHOCK/7,NO_LINEAGE_CREDIT,3,COMPLETE,INCLUDED,0.0,0,20,20,0,20
r8c-4379-6e7fb4baf11a9dca,4379,E2_ROLLING_INCREMENTAL_AFTER_FULL_REUSE,RR-SHOCK/7,CROSS_EVENT_WARM_START_ONLY,3,COMPLETE,INCLUDED,0.0,0,20,20,0,20
r8c-4380-c2c657bbd131283b,4380,E2_ROLLING_INCREMENTAL_AFTER_FULL_REUSE,RR-SHOCK/7,CROSS_EVENT_MEMORY_ONLY,3,COMPLETE,INCLUDED,0.0,0,20,20,0,20
r8c-4381-c692db7698ef62d2,4381,E2_ROLLING_INCREMENTAL_AFTER_FULL_REUSE,RR-SHOCK/7,SHADE_ONLY,3,COMPLETE,INCLUDED,0.0,0,20,20,0,20
r8c-4382-b55ded866bc58b20,4382,E2_ROLLING_INCREMENTAL_AFTER_FULL_REUSE,RR-SHOCK/7,NO_CROSS_EVENT_MEMORY,4,COMPLETE,INCLUDED,0.0,0,20,20,0,20
r8c-4383-933a2837e05241ce,4383,E2_ROLLING_INCREMENTAL_AFTER_FULL_REUSE,RR-SHOCK/7,NO_EXECUTION_FEEDBACK,4,COMPLETE,INCLUDED,0.0,0,20,20,0,20
r8c-4384-76edb6475826bc0a,4384,E2_ROLLING_INCREMENTAL_AFTER_FULL_REUSE,RR-SHOCK/7,NO_REJECTION_CREDIT,4,COMPLETE,INCLUDED,0.0,0,20,20,0,20
r8c-4385-65de2c14e1d09c95,4385,E2_ROLLING_INCREMENTAL_AFTER_FULL_REUSE,RR-SHOCK/7,NO_MEMORY_RESET_GATE,4,COMPLETE,INCLUDED,0.0,0,20,20,0,20
r8c-4386-4b34762d7e922347,4386,E2_ROLLING_INCREMENTAL_AFTER_FULL_REUSE,RR-SHOCK/7,NO_LINEAGE_CREDIT,4,COMPLETE,INCLUDED,0.0,0,20,20,0,20
r8c-4387-c5a7d56d80b3c30f,4387,E2_ROLLING_INCREMENTAL_AFTER_FULL_REUSE,RR-SHOCK/7,CROSS_EVENT_WARM_START_ONLY,4,COMPLETE,INCLUDED,0.0,0,20,20,0,20
r8c-4388-a4cc4ae7abf2be35,4388,E2_ROLLING_INCREMENTAL_AFTER_FULL_REUSE,RR-SHOCK/7,CROSS_EVENT_MEMORY_ONLY,4,COMPLETE,INCLUDED,0.0,0,20,20,0,20
r8c-4389-4c870f78e3335a50,4389,E2_ROLLING_INCREMENTAL_AFTER_FULL_REUSE,RR-SHOCK/7,SHADE_ONLY,4,COMPLETE,INCLUDED,0.0,0,20,20,0,20
r8c-4390-8e2d2ba0ce1ded8e,4390,E2_ROLLING_INCREMENTAL_AFTER_FULL_REUSE,RR-REJECTION/0,NO_CROSS_EVENT_MEMORY,0,COMPLETE,NOT_COMPUTED_MISSING_EXECUTION_OBSERVATION,,1,20,17,3,20
r8c-4391-bda7b9a0bab6eef3,4391,E2_ROLLING_INCREMENTAL_AFTER_FULL_REUSE,RR-REJECTION/0,NO_EXECUTION_FEEDBACK,0,COMPLETE,NOT_COMPUTED_MISSING_EXECUTION_OBSERVATION,,0,20,17,3,20
r8c-4392-fa74812d79ea7699,4392,E2_ROLLING_INCREMENTAL_AFTER_FULL_REUSE,RR-REJECTION/0,NO_REJECTION_CREDIT,0,COMPLETE,NOT_COMPUTED_MISSING_EXECUTION_OBSERVATION,,0,20,16,4,20
r8c-4393-7de4c122dd34c9fc,4393,E2_ROLLING_INCREMENTAL_AFTER_FULL_REUSE,RR-REJECTION/0,NO_MEMORY_RESET_GATE,0,COMPLETE,NOT_COMPUTED_MISSING_EXECUTION_OBSERVATION,,1,20,15,5,20
r8c-4394-af84566119437315,4394,E2_ROLLING_INCREMENTAL_AFTER_FULL_REUSE,RR-REJECTION/0,NO_LINEAGE_CREDIT,0,COMPLETE,NOT_COMPUTED_MISSING_EXECUTION_OBSERVATION,,1,20,18,2,20
r8c-4395-de2bcbf24c2b350f,4395,E2_ROLLING_INCREMENTAL_AFTER_FULL_REUSE,RR-REJECTION/0,CROSS_EVENT_WARM_START_ONLY,0,COMPLETE,NOT_COMPUTED_MISSING_EXECUTION_OBSERVATION,,1,20,16,4,20
r8c-4396-d740d54d50379d89,4396,E2_ROLLING_INCREMENTAL_AFTER_FULL_REUSE,RR-REJECTION/0,CROSS_EVENT_MEMORY_ONLY,0,COMPLETE,NOT_COMPUTED_MISSING_EXECUTION_OBSERVATION,,1,20,17,3,20
r8c-4397-74ff22f810f0b548,4397,E2_ROLLING_INCREMENTAL_AFTER_FULL_REUSE,RR-REJECTION/0,SHADE_ONLY,0,COMPLETE,INCLUDED,0.05,1,20,20,0,20
r8c-4398-c9210f4c2b24d753,4398,E2_ROLLING_INCREMENTAL_AFTER_FULL_REUSE,RR-REJECTION/0,NO_CROSS_EVENT_MEMORY,1,COMPLETE,NOT_COMPUTED_MISSING_EXECUTION_OBSERVATION,,1,20,17,3,20
r8c-4399-913d42c902ca9990,4399,E2_ROLLING_INCREMENTAL_AFTER_FULL_REUSE,RR-REJECTION/0,NO_EXECUTION_FEEDBACK,1,COMPLETE,NOT_COMPUTED_MISSING_EXECUTION_OBSERVATION,,0,20,16,4,20
r8c-4400-ca8e348f83763363,4400,E2_ROLLING_INCREMENTAL_AFTER_FULL_REUSE,RR-REJECTION/0,NO_REJECTION_CREDIT,1,COMPLETE,NOT_COMPUTED_MISSING_EXECUTION_OBSERVATION,,1,20,16,4,20
r8c-4401-e3702a4a934e5628,4401,E2_ROLLING_INCREMENTAL_AFTER_FULL_REUSE,RR-REJECTION/0,NO_MEMORY_RESET_GATE,1,COMPLETE,NOT_COMPUTED_MISSING_EXECUTION_OBSERVATION,,0,20,15,5,20
r8c-4402-8715aba00725e32b,4402,E2_ROLLING_INCREMENTAL_AFTER_FULL_REUSE,RR-REJECTION/0,NO_LINEAGE_CREDIT,1,COMPLETE,NOT_COMPUTED_MISSING_EXECUTION_OBSERVATION,,1,20,16,4,20
r8c-4403-f37e77c8a07cf643,4403,E2_ROLLING_INCREMENTAL_AFTER_FULL_REUSE,RR-REJECTION/0,CROSS_EVENT_WARM_START_ONLY,1,COMPLETE,NOT_COMPUTED_MISSING_EXECUTION_OBSERVATION,,1,20,16,4,20
r8c-4404-b8207db977c6714e,4404,E2_ROLLING_INCREMENTAL_AFTER_FULL_REUSE,RR-REJECTION/0,CROSS_EVENT_MEMORY_ONLY,1,COMPLETE,NOT_COMPUTED_MISSING_EXECUTION_OBSERVATION,,1,20,16,4,20
r8c-4405-8e143b081c71bdbd,4405,E2_ROLLING_INCREMENTAL_AFTER_FULL_REUSE,RR-REJECTION/0,SHADE_ONLY,1,COMPLETE,NOT_COMPUTED_MISSING_EXECUTION_OBSERVATION,,0,20,15,5,20
r8c-4406-7bfce38abf6f15db,4406,E2_ROLLING_INCREMENTAL_AFTER_FULL_REUSE,RR-REJECTION/0,NO_CROSS_EVENT_MEMORY,2,COMPLETE,NOT_COMPUTED_MISSING_EXECUTION_OBSERVATION,,0,20,15,5,20
r8c-4407-4656ed6d235cbbf4,4407,E2_ROLLING_INCREMENTAL_AFTER_FULL_REUSE,RR-REJECTION/0,NO_EXECUTION_FEEDBACK,2,COMPLETE,NOT_COMPUTED_MISSING_EXECUTION_OBSERVATION,,2,20,17,3,20
r8c-4408-67d82921e9a18d1e,4408,E2_ROLLING_INCREMENTAL_AFTER_FULL_REUSE,RR-REJECTION/0,NO_REJECTION_CREDIT,2,COMPLETE,NOT_COMPUTED_MISSING_EXECUTION_OBSERVATION,,0,20,16,4,20
r8c-4409-3d84ce09733c83fb,4409,E2_ROLLING_INCREMENTAL_AFTER_FULL_REUSE,RR-REJECTION/0,NO_MEMORY_RESET_GATE,2,COMPLETE,NOT_COMPUTED_MISSING_EXECUTION_OBSERVATION,,0,20,15,5,20
r8c-4410-7e95ee3379201f7b,4410,E2_ROLLING_INCREMENTAL_AFTER_FULL_REUSE,RR-REJECTION/0,NO_LINEAGE_CREDIT,2,COMPLETE,NOT_COMPUTED_MISSING_EXECUTION_OBSERVATION,,1,20,16,4,20
r8c-4411-5b6c01c91a45d633,4411,E2_ROLLING_INCREMENTAL_AFTER_FULL_REUSE,RR-REJECTION/0,CROSS_EVENT_WARM_START_ONLY,2,COMPLETE,NOT_COMPUTED_MISSING_EXECUTION_OBSERVATION,,0,20,15,5,20
r8c-4412-9544ae4781233d75,4412,E2_ROLLING_INCREMENTAL_AFTER_FULL_REUSE,RR-REJECTION/0,CROSS_EVENT_MEMORY_ONLY,2,COMPLETE,NOT_COMPUTED_MISSING_EXECUTION_OBSERVATION,,1,20,16,4,20
r8c-4413-30f65140b275140f,4413,E2_ROLLING_INCREMENTAL_AFTER_FULL_REUSE,RR-REJECTION/0,SHADE_ONLY,2,COMPLETE,NOT_COMPUTED_MISSING_EXECUTION_OBSERVATION,,0,20,15,5,20
r8c-4414-d88c5029c553169d,4414,E2_ROLLING_INCREMENTAL_AFTER_FULL_REUSE,RR-REJECTION/0,NO_CROSS_EVENT_MEMORY,3,COMPLETE,NOT_COMPUTED_MISSING_EXECUTION_OBSERVATION,,1,20,16,4,20
r8c-4415-2540482e49952efa,4415,E2_ROLLING_INCREMENTAL_AFTER_FULL_REUSE,RR-REJECTION/0,NO_EXECUTION_FEEDBACK,3,COMPLETE,NOT_COMPUTED_MISSING_EXECUTION_OBSERVATION,,0,20,15,5,20
r8c-4416-9f8cc1d2cc8582ed,4416,E2_ROLLING_INCREMENTAL_AFTER_FULL_REUSE,RR-REJECTION/0,NO_REJECTION_CREDIT,3,COMPLETE,NOT_COMPUTED_MISSING_EXECUTION_OBSERVATION,,0,20,17,3,20
r8c-4417-42b99aed5ced6645,4417,E2_ROLLING_INCREMENTAL_AFTER_FULL_REUSE,RR-REJECTION/0,NO_MEMORY_RESET_GATE,3,COMPLETE,NOT_COMPUTED_MISSING_EXECUTION_OBSERVATION,,0,20,15,5,20
r8c-4418-a0fd6f10d6ee25df,4418,E2_ROLLING_INCREMENTAL_AFTER_FULL_REUSE,RR-REJECTION/0,NO_LINEAGE_CREDIT,3,COMPLETE,NOT_COMPUTED_MISSING_EXECUTION_OBSERVATION,,1,20,19,1,20
r8c-4419-05f02d0e5740d370,4419,E2_ROLLING_INCREMENTAL_AFTER_FULL_REUSE,RR-REJECTION/0,CROSS_EVENT_WARM_START_ONLY,3,COMPLETE,NOT_COMPUTED_MISSING_EXECUTION_OBSERVATION,,0,20,15,5,20
r8c-4420-84d61377d0205d42,4420,E2_ROLLING_INCREMENTAL_AFTER_FULL_REUSE,RR-REJECTION/0,CROSS_EVENT_MEMORY_ONLY,3,COMPLETE,NOT_COMPUTED_MISSING_EXECUTION_OBSERVATION,,0,20,15,5,20
r8c-4421-d02c37fd36407ae9,4421,E2_ROLLING_INCREMENTAL_AFTER_FULL_REUSE,RR-REJECTION/0,SHADE_ONLY,3,COMPLETE,NOT_COMPUTED_MISSING_EXECUTION_OBSERVATION,,1,20,19,1,20
r8c-4422-694f74dedf72f330,4422,E2_ROLLING_INCREMENTAL_AFTER_FULL_REUSE,RR-REJECTION/0,NO_CROSS_EVENT_MEMORY,4,COMPLETE,NOT_COMPUTED_MISSING_EXECUTION_OBSERVATION,,0,20,14,6,20
r8c-4423-8c67cdd7c178412f,4423,E2_ROLLING_INCREMENTAL_AFTER_FULL_REUSE,RR-REJECTION/0,NO_EXECUTION_FEEDBACK,4,COMPLETE,NOT_COMPUTED_MISSING_EXECUTION_OBSERVATION,,0,20,16,4,20
r8c-4424-a6a2eced3858f9e2,4424,E2_ROLLING_INCREMENTAL_AFTER_FULL_REUSE,RR-REJECTION/0,NO_REJECTION_CREDIT,4,COMPLETE,NOT_COMPUTED_MISSING_EXECUTION_OBSERVATION,,2,20,17,3,20
r8c-4425-f099ff9a9b75b577,4425,E2_ROLLING_INCREMENTAL_AFTER_FULL_REUSE,RR-REJECTION/0,NO_MEMORY_RESET_GATE,4,COMPLETE,NOT_COMPUTED_MISSING_EXECUTION_OBSERVATION,,0,20,14,6,20
r8c-4426-ef4e59ca80613d29,4426,E2_ROLLING_INCREMENTAL_AFTER_FULL_REUSE,RR-REJECTION/0,NO_LINEAGE_CREDIT,4,COMPLETE,NOT_COMPUTED_MISSING_EXECUTION_OBSERVATION,,0,20,14,6,20
r8c-4427-6e822f99e28210d3,4427,E2_ROLLING_INCREMENTAL_AFTER_FULL_REUSE,RR-REJECTION/0,CROSS_EVENT_WARM_START_ONLY,4,COMPLETE,NOT_COMPUTED_MISSING_EXECUTION_OBSERVATION,,0,20,16,4,20
r8c-4428-b54ffd1cbf372056,4428,E2_ROLLING_INCREMENTAL_AFTER_FULL_REUSE,RR-REJECTION/0,CROSS_EVENT_MEMORY_ONLY,4,COMPLETE,NOT_COMPUTED_MISSING_EXECUTION_OBSERVATION,,0,20,16,4,20
r8c-4429-7abe05266d0d4223,4429,E2_ROLLING_INCREMENTAL_AFTER_FULL_REUSE,RR-REJECTION/0,SHADE_ONLY,4,COMPLETE,NOT_COMPUTED_MISSING_EXECUTION_OBSERVATION,,0,20,15,5,20
r8c-4430-580cc022b175a67b,4430,E2_ROLLING_INCREMENTAL_AFTER_FULL_REUSE,RR-REJECTION/1,NO_CROSS_EVENT_MEMORY,0,COMPLETE,NOT_COMPUTED_MISSING_EXECUTION_OBSERVATION,,0,20,18,2,20
r8c-4431-d46d9fdefd51c313,4431,E2_ROLLING_INCREMENTAL_AFTER_FULL_REUSE,RR-REJECTION/1,NO_EXECUTION_FEEDBACK,0,COMPLETE,NOT_COMPUTED_MISSING_EXECUTION_OBSERVATION,,0,20,18,2,20
r8c-4432-acc4fc6645e692f2,4432,E2_ROLLING_INCREMENTAL_AFTER_FULL_REUSE,RR-REJECTION/1,NO_REJECTION_CREDIT,0,COMPLETE,NOT_COMPUTED_MISSING_EXECUTION_OBSERVATION,,0,20,18,2,20
r8c-4433-8af280ede6d6ab39,4433,E2_ROLLING_INCREMENTAL_AFTER_FULL_REUSE,RR-REJECTION/1,NO_MEMORY_RESET_GATE,0,COMPLETE,NOT_COMPUTED_MISSING_EXECUTION_OBSERVATION,,0,20,18,2,20
r8c-4434-87f661519fd09457,4434,E2_ROLLING_INCREMENTAL_AFTER_FULL_REUSE,RR-REJECTION/1,NO_LINEAGE_CREDIT,0,COMPLETE,NOT_COMPUTED_MISSING_EXECUTION_OBSERVATION,,0,20,18,2,20
r8c-4435-d001e2882ee79a00,4435,E2_ROLLING_INCREMENTAL_AFTER_FULL_REUSE,RR-REJECTION/1,CROSS_EVENT_WARM_START_ONLY,0,COMPLETE,NOT_COMPUTED_MISSING_EXECUTION_OBSERVATION,,0,20,18,2,20
r8c-4436-0828592c5b2347b1,4436,E2_ROLLING_INCREMENTAL_AFTER_FULL_REUSE,RR-REJECTION/1,CROSS_EVENT_MEMORY_ONLY,0,COMPLETE,NOT_COMPUTED_MISSING_EXECUTION_OBSERVATION,,0,20,18,2,20
r8c-4437-3e96ece54a106e44,4437,E2_ROLLING_INCREMENTAL_AFTER_FULL_REUSE,RR-REJECTION/1,SHADE_ONLY,0,COMPLETE,NOT_COMPUTED_MISSING_EXECUTION_OBSERVATION,,0,20,17,3,20
r8c-4438-2ac2a27d51a5e8ea,4438,E2_ROLLING_INCREMENTAL_AFTER_FULL_REUSE,RR-REJECTION/1,NO_CROSS_EVENT_MEMORY,1,COMPLETE,NOT_COMPUTED_MISSING_EXECUTION_OBSERVATION,,0,20,18,2,20
r8c-4439-ed98f0cb1c723bba,4439,E2_ROLLING_INCREMENTAL_AFTER_FULL_REUSE,RR-REJECTION/1,NO_EXECUTION_FEEDBACK,1,COMPLETE,NOT_COMPUTED_MISSING_EXECUTION_OBSERVATION,,0,20,18,2,20
r8c-4440-fb8077572540012e,4440,E2_ROLLING_INCREMENTAL_AFTER_FULL_REUSE,RR-REJECTION/1,NO_REJECTION_CREDIT,1,COMPLETE,NOT_COMPUTED_MISSING_EXECUTION_OBSERVATION,,0,20,19,1,20
r8c-4441-d69dfb2fc43eb605,4441,E2_ROLLING_INCREMENTAL_AFTER_FULL_REUSE,RR-REJECTION/1,NO_MEMORY_RESET_GATE,1,COMPLETE,NOT_COMPUTED_MISSING_EXECUTION_OBSERVATION,,0,20,18,2,20
r8c-4442-fb538917f43685e0,4442,E2_ROLLING_INCREMENTAL_AFTER_FULL_REUSE,RR-REJECTION/1,NO_LINEAGE_CREDIT,1,COMPLETE,NOT_COMPUTED_MISSING_EXECUTION_OBSERVATION,,0,20,18,2,20
r8c-4443-43ef486e069ac634,4443,E2_ROLLING_INCREMENTAL_AFTER_FULL_REUSE,RR-REJECTION/1,CROSS_EVENT_WARM_START_ONLY,1,COMPLETE,NOT_COMPUTED_MISSING_EXECUTION_OBSERVATION,,0,20,18,2,20
r8c-4444-c112f4bdd9ec36db,4444,E2_ROLLING_INCREMENTAL_AFTER_FULL_REUSE,RR-REJECTION/1,CROSS_EVENT_MEMORY_ONLY,1,COMPLETE,NOT_COMPUTED_MISSING_EXECUTION_OBSERVATION,,0,20,18,2,20
r8c-4445-1630c2cbc62ed972,4445,E2_ROLLING_INCREMENTAL_AFTER_FULL_REUSE,RR-REJECTION/1,SHADE_ONLY,1,COMPLETE,INCLUDED,0.0,0,20,20,0,20
r8c-4446-9ed03fcf15b95ff1,4446,E2_ROLLING_INCREMENTAL_AFTER_FULL_REUSE,RR-REJECTION/1,NO_CROSS_EVENT_MEMORY,2,COMPLETE,NOT_COMPUTED_MISSING_EXECUTION_OBSERVATION,,0,20,18,2,20
r8c-4447-bfaf6f99f957706b,4447,E2_ROLLING_INCREMENTAL_AFTER_FULL_REUSE,RR-REJECTION/1,NO_EXECUTION_FEEDBACK,2,COMPLETE,NOT_COMPUTED_MISSING_EXECUTION_OBSERVATION,,0,20,17,3,20
r8c-4448-c5cc8c6e1b782cfb,4448,E2_ROLLING_INCREMENTAL_AFTER_FULL_REUSE,RR-REJECTION/1,NO_REJECTION_CREDIT,2,COMPLETE,NOT_COMPUTED_MISSING_EXECUTION_OBSERVATION,,0,20,18,2,20
r8c-4449-c7032ce1fa959012,4449,E2_ROLLING_INCREMENTAL_AFTER_FULL_REUSE,RR-REJECTION/1,NO_MEMORY_RESET_GATE,2,COMPLETE,NOT_COMPUTED_MISSING_EXECUTION_OBSERVATION,,0,20,17,3,20
r8c-4450-b302e3a629206893,4450,E2_ROLLING_INCREMENTAL_AFTER_FULL_REUSE,RR-REJECTION/1,NO_LINEAGE_CREDIT,2,COMPLETE,NOT_COMPUTED_MISSING_EXECUTION_OBSERVATION,,0,20,18,2,20
r8c-4451-a933f79c714680f4,4451,E2_ROLLING_INCREMENTAL_AFTER_FULL_REUSE,RR-REJECTION/1,CROSS_EVENT_WARM_START_ONLY,2,COMPLETE,NOT_COMPUTED_MISSING_EXECUTION_OBSERVATION,,0,20,18,2,20
r8c-4452-19cbfafc0836b6ea,4452,E2_ROLLING_INCREMENTAL_AFTER_FULL_REUSE,RR-REJECTION/1,CROSS_EVENT_MEMORY_ONLY,2,COMPLETE,NOT_COMPUTED_MISSING_EXECUTION_OBSERVATION,,0,20,18,2,20
r8c-4453-a5f222acc465d1eb,4453,E2_ROLLING_INCREMENTAL_AFTER_FULL_REUSE,RR-REJECTION/1,SHADE_ONLY,2,COMPLETE,NOT_COMPUTED_MISSING_EXECUTION_OBSERVATION,,0,20,19,1,20
r8c-4454-11cbba954bbc96d0,4454,E2_ROLLING_INCREMENTAL_AFTER_FULL_REUSE,RR-REJECTION/1,NO_CROSS_EVENT_MEMORY,3,COMPLETE,INCLUDED,0.05,1,20,20,0,20
r8c-4455-dcbfa9d3917c7dee,4455,E2_ROLLING_INCREMENTAL_AFTER_FULL_REUSE,RR-REJECTION/1,NO_EXECUTION_FEEDBACK,3,COMPLETE,NOT_COMPUTED_MISSING_EXECUTION_OBSERVATION,,1,20,18,2,20
r8c-4456-bca34df50dd77965,4456,E2_ROLLING_INCREMENTAL_AFTER_FULL_REUSE,RR-REJECTION/1,NO_REJECTION_CREDIT,3,COMPLETE,NOT_COMPUTED_MISSING_EXECUTION_OBSERVATION,,0,20,18,2,20
r8c-4457-6102e784cbbaed20,4457,E2_ROLLING_INCREMENTAL_AFTER_FULL_REUSE,RR-REJECTION/1,NO_MEMORY_RESET_GATE,3,COMPLETE,NOT_COMPUTED_MISSING_EXECUTION_OBSERVATION,,0,20,18,2,20
r8c-4458-713933e5614997d7,4458,E2_ROLLING_INCREMENTAL_AFTER_FULL_REUSE,RR-REJECTION/1,NO_LINEAGE_CREDIT,3,COMPLETE,NOT_COMPUTED_MISSING_EXECUTION_OBSERVATION,,0,20,18,2,20
r8c-4459-0d143a932eb3e1f3,4459,E2_ROLLING_INCREMENTAL_AFTER_FULL_REUSE,RR-REJECTION/1,CROSS_EVENT_WARM_START_ONLY,3,COMPLETE,NOT_COMPUTED_MISSING_EXECUTION_OBSERVATION,,0,20,18,2,20
r8c-4460-0d4446875cecbc72,4460,E2_ROLLING_INCREMENTAL_AFTER_FULL_REUSE,RR-REJECTION/1,CROSS_EVENT_MEMORY_ONLY,3,COMPLETE,INCLUDED,0.0,0,20,20,0,20
r8c-4461-f5b2e3b215c92d05,4461,E2_ROLLING_INCREMENTAL_AFTER_FULL_REUSE,RR-REJECTION/1,SHADE_ONLY,3,COMPLETE,NOT_COMPUTED_MISSING_EXECUTION_OBSERVATION,,0,20,19,1,20
r8c-4462-d50154f3d39df084,4462,E2_ROLLING_INCREMENTAL_AFTER_FULL_REUSE,RR-REJECTION/1,NO_CROSS_EVENT_MEMORY,4,COMPLETE,NOT_COMPUTED_MISSING_EXECUTION_OBSERVATION,,0,20,18,2,20
r8c-4463-4c74e0d0c5b60b36,4463,E2_ROLLING_INCREMENTAL_AFTER_FULL_REUSE,RR-REJECTION/1,NO_EXECUTION_FEEDBACK,4,COMPLETE,NOT_COMPUTED_MISSING_EXECUTION_OBSERVATION,,0,20,17,3,20
r8c-4464-7561f717f2cba9f6,4464,E2_ROLLING_INCREMENTAL_AFTER_FULL_REUSE,RR-REJECTION/1,NO_REJECTION_CREDIT,4,COMPLETE,NOT_COMPUTED_MISSING_EXECUTION_OBSERVATION,,0,20,19,1,20
r8c-4465-697694ec3abb7c4c,4465,E2_ROLLING_INCREMENTAL_AFTER_FULL_REUSE,RR-REJECTION/1,NO_MEMORY_RESET_GATE,4,COMPLETE,INCLUDED,0.05,1,20,20,0,20
r8c-4466-79b6b2d1e4932280,4466,E2_ROLLING_INCREMENTAL_AFTER_FULL_REUSE,RR-REJECTION/1,NO_LINEAGE_CREDIT,4,COMPLETE,NOT_COMPUTED_MISSING_EXECUTION_OBSERVATION,,0,20,18,2,20
r8c-4467-cec498f984999b25,4467,E2_ROLLING_INCREMENTAL_AFTER_FULL_REUSE,RR-REJECTION/1,CROSS_EVENT_WARM_START_ONLY,4,COMPLETE,NOT_COMPUTED_MISSING_EXECUTION_OBSERVATION,,0,20,18,2,20
r8c-4468-c2c4fe15229f0244,4468,E2_ROLLING_INCREMENTAL_AFTER_FULL_REUSE,RR-REJECTION/1,CROSS_EVENT_MEMORY_ONLY,4,COMPLETE,NOT_COMPUTED_MISSING_EXECUTION_OBSERVATION,,0,20,18,2,20
r8c-4469-c4215978aea9ddf2,4469,E2_ROLLING_INCREMENTAL_AFTER_FULL_REUSE,RR-REJECTION/1,SHADE_ONLY,4,COMPLETE,NOT_COMPUTED_MISSING_EXECUTION_OBSERVATION,,0,20,18,2,20
r8c-4470-d08376a195588258,4470,E2_ROLLING_INCREMENTAL_AFTER_FULL_REUSE,RR-REJECTION/2,NO_CROSS_EVENT_MEMORY,0,COMPLETE,NOT_COMPUTED_MISSING_EXECUTION_OBSERVATION,,0,20,12,8,20
r8c-4471-cc0b131a573be9d1,4471,E2_ROLLING_INCREMENTAL_AFTER_FULL_REUSE,RR-REJECTION/2,NO_EXECUTION_FEEDBACK,0,COMPLETE,NOT_COMPUTED_MISSING_EXECUTION_OBSERVATION,,0,20,11,9,20
r8c-4472-1dbbd64d5723f3c0,4472,E2_ROLLING_INCREMENTAL_AFTER_FULL_REUSE,RR-REJECTION/2,NO_REJECTION_CREDIT,0,COMPLETE,NOT_COMPUTED_MISSING_EXECUTION_OBSERVATION,,0,20,11,9,20
r8c-4473-89b5b5b43ca69bb6,4473,E2_ROLLING_INCREMENTAL_AFTER_FULL_REUSE,RR-REJECTION/2,NO_MEMORY_RESET_GATE,0,COMPLETE,NOT_COMPUTED_MISSING_EXECUTION_OBSERVATION,,0,20,11,9,20
r8c-4474-3ae3ca069cd7be45,4474,E2_ROLLING_INCREMENTAL_AFTER_FULL_REUSE,RR-REJECTION/2,NO_LINEAGE_CREDIT,0,COMPLETE,NOT_COMPUTED_MISSING_EXECUTION_OBSERVATION,,0,20,11,9,20
r8c-4475-ab090532dda0c4f5,4475,E2_ROLLING_INCREMENTAL_AFTER_FULL_REUSE,RR-REJECTION/2,CROSS_EVENT_WARM_START_ONLY,0,COMPLETE,NOT_COMPUTED_MISSING_EXECUTION_OBSERVATION,,0,20,11,9,20
r8c-4476-cebf8f6c1eec3c9c,4476,E2_ROLLING_INCREMENTAL_AFTER_FULL_REUSE,RR-REJECTION/2,CROSS_EVENT_MEMORY_ONLY,0,COMPLETE,NOT_COMPUTED_MISSING_EXECUTION_OBSERVATION,,0,20,11,9,20
r8c-4477-b8a6187ce8ab1276,4477,E2_ROLLING_INCREMENTAL_AFTER_FULL_REUSE,RR-REJECTION/2,SHADE_ONLY,0,COMPLETE,NOT_COMPUTED_MISSING_EXECUTION_OBSERVATION,,0,20,11,9,20
r8c-4478-e0ff654a43799db4,4478,E2_ROLLING_INCREMENTAL_AFTER_FULL_REUSE,RR-REJECTION/2,NO_CROSS_EVENT_MEMORY,1,COMPLETE,NOT_COMPUTED_MISSING_EXECUTION_OBSERVATION,,0,20,11,9,20
r8c-4479-1d5d64cecb6caad3,4479,E2_ROLLING_INCREMENTAL_AFTER_FULL_REUSE,RR-REJECTION/2,NO_EXECUTION_FEEDBACK,1,COMPLETE,NOT_COMPUTED_MISSING_EXECUTION_OBSERVATION,,0,20,11,9,20
r8c-4480-7544c7588460d592,4480,E2_ROLLING_INCREMENTAL_AFTER_FULL_REUSE,RR-REJECTION/2,NO_REJECTION_CREDIT,1,COMPLETE,NOT_COMPUTED_MISSING_EXECUTION_OBSERVATION,,0,20,11,9,20
r8c-4481-479051a4b80609d5,4481,E2_ROLLING_INCREMENTAL_AFTER_FULL_REUSE,RR-REJECTION/2,NO_MEMORY_RESET_GATE,1,COMPLETE,NOT_COMPUTED_MISSING_EXECUTION_OBSERVATION,,0,20,11,9,20
r8c-4482-102651bab30b2380,4482,E2_ROLLING_INCREMENTAL_AFTER_FULL_REUSE,RR-REJECTION/2,NO_LINEAGE_CREDIT,1,COMPLETE,NOT_COMPUTED_MISSING_EXECUTION_OBSERVATION,,0,20,11,9,20
r8c-4483-3a72e408f334157d,4483,E2_ROLLING_INCREMENTAL_AFTER_FULL_REUSE,RR-REJECTION/2,CROSS_EVENT_WARM_START_ONLY,1,COMPLETE,NOT_COMPUTED_MISSING_EXECUTION_OBSERVATION,,0,20,11,9,20
r8c-4484-a53cb4a54d4bc4cb,4484,E2_ROLLING_INCREMENTAL_AFTER_FULL_REUSE,RR-REJECTION/2,CROSS_EVENT_MEMORY_ONLY,1,COMPLETE,NOT_COMPUTED_MISSING_EXECUTION_OBSERVATION,,0,20,11,9,20
r8c-4485-58d0537dfba8b1ed,4485,E2_ROLLING_INCREMENTAL_AFTER_FULL_REUSE,RR-REJECTION/2,SHADE_ONLY,1,COMPLETE,NOT_COMPUTED_MISSING_EXECUTION_OBSERVATION,,0,20,11,9,20
r8c-4486-4ec6932ad0c62f8a,4486,E2_ROLLING_INCREMENTAL_AFTER_FULL_REUSE,RR-REJECTION/2,NO_CROSS_EVENT_MEMORY,2,COMPLETE,NOT_COMPUTED_MISSING_EXECUTION_OBSERVATION,,0,20,11,9,20
r8c-4487-15c8036e23d159e3,4487,E2_ROLLING_INCREMENTAL_AFTER_FULL_REUSE,RR-REJECTION/2,NO_EXECUTION_FEEDBACK,2,COMPLETE,NOT_COMPUTED_MISSING_EXECUTION_OBSERVATION,,0,20,11,9,20
r8c-4488-89c85581379f48b3,4488,E2_ROLLING_INCREMENTAL_AFTER_FULL_REUSE,RR-REJECTION/2,NO_REJECTION_CREDIT,2,COMPLETE,NOT_COMPUTED_MISSING_EXECUTION_OBSERVATION,,0,20,11,9,20
r8c-4489-ac2619b2c52f048f,4489,E2_ROLLING_INCREMENTAL_AFTER_FULL_REUSE,RR-REJECTION/2,NO_MEMORY_RESET_GATE,2,COMPLETE,NOT_COMPUTED_MISSING_EXECUTION_OBSERVATION,,0,20,11,9,20
r8c-4490-79f016be37cf18bd,4490,E2_ROLLING_INCREMENTAL_AFTER_FULL_REUSE,RR-REJECTION/2,NO_LINEAGE_CREDIT,2,COMPLETE,NOT_COMPUTED_MISSING_EXECUTION_OBSERVATION,,0,20,11,9,20
r8c-4491-ceaf915927e84e70,4491,E2_ROLLING_INCREMENTAL_AFTER_FULL_REUSE,RR-REJECTION/2,CROSS_EVENT_WARM_START_ONLY,2,COMPLETE,NOT_COMPUTED_MISSING_EXECUTION_OBSERVATION,,0,20,11,9,20
r8c-4492-89aba46e14b56c93,4492,E2_ROLLING_INCREMENTAL_AFTER_FULL_REUSE,RR-REJECTION/2,CROSS_EVENT_MEMORY_ONLY,2,COMPLETE,NOT_COMPUTED_MISSING_EXECUTION_OBSERVATION,,0,20,11,9,20
r8c-4493-a06ba4d258250656,4493,E2_ROLLING_INCREMENTAL_AFTER_FULL_REUSE,RR-REJECTION/2,SHADE_ONLY,2,COMPLETE,NOT_COMPUTED_MISSING_EXECUTION_OBSERVATION,,0,20,11,9,20
r8c-4494-04775ccb757def4b,4494,E2_ROLLING_INCREMENTAL_AFTER_FULL_REUSE,RR-REJECTION/2,NO_CROSS_EVENT_MEMORY,3,COMPLETE,NOT_COMPUTED_MISSING_EXECUTION_OBSERVATION,,0,20,12,8,20
r8c-4495-97063b57876b694b,4495,E2_ROLLING_INCREMENTAL_AFTER_FULL_REUSE,RR-REJECTION/2,NO_EXECUTION_FEEDBACK,3,COMPLETE,NOT_COMPUTED_MISSING_EXECUTION_OBSERVATION,,0,20,12,8,20
r8c-4496-9ee766f92c1c2ad0,4496,E2_ROLLING_INCREMENTAL_AFTER_FULL_REUSE,RR-REJECTION/2,NO_REJECTION_CREDIT,3,COMPLETE,NOT_COMPUTED_MISSING_EXECUTION_OBSERVATION,,0,20,11,9,20
r8c-4497-76d92967229ac0de,4497,E2_ROLLING_INCREMENTAL_AFTER_FULL_REUSE,RR-REJECTION/2,NO_MEMORY_RESET_GATE,3,COMPLETE,NOT_COMPUTED_MISSING_EXECUTION_OBSERVATION,,0,20,11,9,20
r8c-4498-0199dd7a011be2d6,4498,E2_ROLLING_INCREMENTAL_AFTER_FULL_REUSE,RR-REJECTION/2,NO_LINEAGE_CREDIT,3,COMPLETE,NOT_COMPUTED_MISSING_EXECUTION_OBSERVATION,,0,20,11,9,20
r8c-4499-6e9e24c588c47c4c,4499,E2_ROLLING_INCREMENTAL_AFTER_FULL_REUSE,RR-REJECTION/2,CROSS_EVENT_WARM_START_ONLY,3,COMPLETE,NOT_COMPUTED_MISSING_EXECUTION_OBSERVATION,,0,20,11,9,20
r8c-4500-9fd82574b285bc86,4500,E2_ROLLING_INCREMENTAL_AFTER_FULL_REUSE,RR-REJECTION/2,CROSS_EVENT_MEMORY_ONLY,3,COMPLETE,NOT_COMPUTED_MISSING_EXECUTION_OBSERVATION,,0,20,11,9,20
r8c-4501-256018e4c80ae909,4501,E2_ROLLING_INCREMENTAL_AFTER_FULL_REUSE,RR-REJECTION/2,SHADE_ONLY,3,COMPLETE,NOT_COMPUTED_MISSING_EXECUTION_OBSERVATION,,0,20,11,9,20
r8c-4502-55644cc8675bacfd,4502,E2_ROLLING_INCREMENTAL_AFTER_FULL_REUSE,RR-REJECTION/2,NO_CROSS_EVENT_MEMORY,4,COMPLETE,NOT_COMPUTED_MISSING_EXECUTION_OBSERVATION,,0,20,11,9,20
r8c-4503-aaba2aedbe0c2c40,4503,E2_ROLLING_INCREMENTAL_AFTER_FULL_REUSE,RR-REJECTION/2,NO_EXECUTION_FEEDBACK,4,COMPLETE,NOT_COMPUTED_MISSING_EXECUTION_OBSERVATION,,0,20,11,9,20
r8c-4504-87e1006bcb72eb52,4504,E2_ROLLING_INCREMENTAL_AFTER_FULL_REUSE,RR-REJECTION/2,NO_REJECTION_CREDIT,4,COMPLETE,NOT_COMPUTED_MISSING_EXECUTION_OBSERVATION,,0,20,11,9,20
r8c-4505-c0d3321a365c1c06,4505,E2_ROLLING_INCREMENTAL_AFTER_FULL_REUSE,RR-REJECTION/2,NO_MEMORY_RESET_GATE,4,COMPLETE,NOT_COMPUTED_MISSING_EXECUTION_OBSERVATION,,0,20,11,9,20
r8c-4506-904dc61b1e088fa6,4506,E2_ROLLING_INCREMENTAL_AFTER_FULL_REUSE,RR-REJECTION/2,NO_LINEAGE_CREDIT,4,COMPLETE,NOT_COMPUTED_MISSING_EXECUTION_OBSERVATION,,0,20,11,9,20
r8c-4507-e13dce645191d254,4507,E2_ROLLING_INCREMENTAL_AFTER_FULL_REUSE,RR-REJECTION/2,CROSS_EVENT_WARM_START_ONLY,4,COMPLETE,NOT_COMPUTED_MISSING_EXECUTION_OBSERVATION,,0,20,11,9,20
r8c-4508-f6466a2d14941727,4508,E2_ROLLING_INCREMENTAL_AFTER_FULL_REUSE,RR-REJECTION/2,CROSS_EVENT_MEMORY_ONLY,4,COMPLETE,NOT_COMPUTED_MISSING_EXECUTION_OBSERVATION,,0,20,12,8,20
r8c-4509-035c12fe53d31b54,4509,E2_ROLLING_INCREMENTAL_AFTER_FULL_REUSE,RR-REJECTION/2,SHADE_ONLY,4,COMPLETE,NOT_COMPUTED_MISSING_EXECUTION_OBSERVATION,,0,20,11,9,20
r8c-4510-ba5bcf594f6f7043,4510,E2_ROLLING_INCREMENTAL_AFTER_FULL_REUSE,RR-REJECTION/3,NO_CROSS_EVENT_MEMORY,0,COMPLETE,INCLUDED,0.0,0,20,20,0,20
r8c-4511-38b8b5b703adf85d,4511,E2_ROLLING_INCREMENTAL_AFTER_FULL_REUSE,RR-REJECTION/3,NO_EXECUTION_FEEDBACK,0,COMPLETE,INCLUDED,0.0,0,20,20,0,20
r8c-4512-6cd1e37873460342,4512,E2_ROLLING_INCREMENTAL_AFTER_FULL_REUSE,RR-REJECTION/3,NO_REJECTION_CREDIT,0,COMPLETE,NOT_COMPUTED_MISSING_EXECUTION_OBSERVATION,,0,20,14,6,20
r8c-4513-77526c16a928021a,4513,E2_ROLLING_INCREMENTAL_AFTER_FULL_REUSE,RR-REJECTION/3,NO_MEMORY_RESET_GATE,0,COMPLETE,INCLUDED,0.0,0,20,20,0,20
r8c-4514-516b2bd2ced3827e,4514,E2_ROLLING_INCREMENTAL_AFTER_FULL_REUSE,RR-REJECTION/3,NO_LINEAGE_CREDIT,0,COMPLETE,INCLUDED,0.0,0,20,20,0,20
r8c-4515-1c7e97680350ff36,4515,E2_ROLLING_INCREMENTAL_AFTER_FULL_REUSE,RR-REJECTION/3,CROSS_EVENT_WARM_START_ONLY,0,COMPLETE,NOT_COMPUTED_MISSING_EXECUTION_OBSERVATION,,2,20,9,11,20
r8c-4516-afadc917ef607782,4516,E2_ROLLING_INCREMENTAL_AFTER_FULL_REUSE,RR-REJECTION/3,CROSS_EVENT_MEMORY_ONLY,0,COMPLETE,NOT_COMPUTED_MISSING_EXECUTION_OBSERVATION,,0,20,17,3,20
r8c-4517-88c199fd687a75a0,4517,E2_ROLLING_INCREMENTAL_AFTER_FULL_REUSE,RR-REJECTION/3,SHADE_ONLY,0,COMPLETE,NOT_COMPUTED_MISSING_EXECUTION_OBSERVATION,,0,20,15,5,20
r8c-4518-4c8fee7198fc63f9,4518,E2_ROLLING_INCREMENTAL_AFTER_FULL_REUSE,RR-REJECTION/3,NO_CROSS_EVENT_MEMORY,1,COMPLETE,NOT_COMPUTED_MISSING_EXECUTION_OBSERVATION,,0,20,13,7,20
r8c-4519-55101bf9b60b645c,4519,E2_ROLLING_INCREMENTAL_AFTER_FULL_REUSE,RR-REJECTION/3,NO_EXECUTION_FEEDBACK,1,COMPLETE,INCLUDED,0.05,1,20,20,0,20
r8c-4520-605cd094c8042814,4520,E2_ROLLING_INCREMENTAL_AFTER_FULL_REUSE,RR-REJECTION/3,NO_REJECTION_CREDIT,1,COMPLETE,INCLUDED,0.0,0,20,20,0,20
r8c-4521-16e26f8e92b9091a,4521,E2_ROLLING_INCREMENTAL_AFTER_FULL_REUSE,RR-REJECTION/3,NO_MEMORY_RESET_GATE,1,COMPLETE,INCLUDED,0.0,0,20,20,0,20
r8c-4522-ed69cf8b965c3d52,4522,E2_ROLLING_INCREMENTAL_AFTER_FULL_REUSE,RR-REJECTION/3,NO_LINEAGE_CREDIT,1,COMPLETE,INCLUDED,0.0,0,20,20,0,20
r8c-4523-2e281a48fd86db67,4523,E2_ROLLING_INCREMENTAL_AFTER_FULL_REUSE,RR-REJECTION/3,CROSS_EVENT_WARM_START_ONLY,1,COMPLETE,NOT_COMPUTED_MISSING_EXECUTION_OBSERVATION,,1,20,11,9,20
r8c-4524-43f7ad94872e5cd9,4524,E2_ROLLING_INCREMENTAL_AFTER_FULL_REUSE,RR-REJECTION/3,CROSS_EVENT_MEMORY_ONLY,1,COMPLETE,INCLUDED,0.05,1,20,20,0,20
r8c-4525-3b3a0f27d998f4b2,4525,E2_ROLLING_INCREMENTAL_AFTER_FULL_REUSE,RR-REJECTION/3,SHADE_ONLY,1,COMPLETE,INCLUDED,0.0,0,20,20,0,20
r8c-4526-9df89ddeffaa49b8,4526,E2_ROLLING_INCREMENTAL_AFTER_FULL_REUSE,RR-REJECTION/3,NO_CROSS_EVENT_MEMORY,2,COMPLETE,INCLUDED,0.0,0,20,20,0,20
r8c-4527-4270eb028fc402f7,4527,E2_ROLLING_INCREMENTAL_AFTER_FULL_REUSE,RR-REJECTION/3,NO_EXECUTION_FEEDBACK,2,COMPLETE,INCLUDED,0.0,0,20,20,0,20
r8c-4528-c40d85977af3bd0a,4528,E2_ROLLING_INCREMENTAL_AFTER_FULL_REUSE,RR-REJECTION/3,NO_REJECTION_CREDIT,2,COMPLETE,INCLUDED,0.0,0,20,20,0,20
r8c-4529-44613cffdbcc4e3b,4529,E2_ROLLING_INCREMENTAL_AFTER_FULL_REUSE,RR-REJECTION/3,NO_MEMORY_RESET_GATE,2,COMPLETE,NOT_COMPUTED_MISSING_EXECUTION_OBSERVATION,,1,20,8,12,20
r8c-4530-ac760a493b6b600a,4530,E2_ROLLING_INCREMENTAL_AFTER_FULL_REUSE,RR-REJECTION/3,NO_LINEAGE_CREDIT,2,COMPLETE,INCLUDED,0.0,0,20,20,0,20
r8c-4531-845e6451af03b2b4,4531,E2_ROLLING_INCREMENTAL_AFTER_FULL_REUSE,RR-REJECTION/3,CROSS_EVENT_WARM_START_ONLY,2,COMPLETE,NOT_COMPUTED_MISSING_EXECUTION_OBSERVATION,,1,20,14,6,20
r8c-4532-a9fb75b5ff3cf10a,4532,E2_ROLLING_INCREMENTAL_AFTER_FULL_REUSE,RR-REJECTION/3,CROSS_EVENT_MEMORY_ONLY,2,COMPLETE,INCLUDED,0.0,0,20,20,0,20
r8c-4533-e45733501ba882bb,4533,E2_ROLLING_INCREMENTAL_AFTER_FULL_REUSE,RR-REJECTION/3,SHADE_ONLY,2,COMPLETE,NOT_COMPUTED_MISSING_EXECUTION_OBSERVATION,,3,20,18,2,20
r8c-4534-44b456942c3d6cc4,4534,E2_ROLLING_INCREMENTAL_AFTER_FULL_REUSE,RR-REJECTION/3,NO_CROSS_EVENT_MEMORY,3,COMPLETE,NOT_COMPUTED_MISSING_EXECUTION_OBSERVATION,,1,20,17,3,20
r8c-4535-14d214c72fe40da4,4535,E2_ROLLING_INCREMENTAL_AFTER_FULL_REUSE,RR-REJECTION/3,NO_EXECUTION_FEEDBACK,3,COMPLETE,NOT_COMPUTED_MISSING_EXECUTION_OBSERVATION,,1,20,14,6,20
r8c-4536-405ddef61f611cc6,4536,E2_ROLLING_INCREMENTAL_AFTER_FULL_REUSE,RR-REJECTION/3,NO_REJECTION_CREDIT,3,COMPLETE,INCLUDED,0.0,0,20,20,0,20
r8c-4537-c968ddb026d73afc,4537,E2_ROLLING_INCREMENTAL_AFTER_FULL_REUSE,RR-REJECTION/3,NO_MEMORY_RESET_GATE,3,COMPLETE,INCLUDED,0.0,0,20,20,0,20
r8c-4538-aa5cc20a293bdb9e,4538,E2_ROLLING_INCREMENTAL_AFTER_FULL_REUSE,RR-REJECTION/3,NO_LINEAGE_CREDIT,3,COMPLETE,NOT_COMPUTED_MISSING_EXECUTION_OBSERVATION,,0,20,19,1,20
r8c-4539-e034f32219fcf662,4539,E2_ROLLING_INCREMENTAL_AFTER_FULL_REUSE,RR-REJECTION/3,CROSS_EVENT_WARM_START_ONLY,3,COMPLETE,NOT_COMPUTED_MISSING_EXECUTION_OBSERVATION,,3,20,16,4,20
r8c-4540-268abd4d658cac66,4540,E2_ROLLING_INCREMENTAL_AFTER_FULL_REUSE,RR-REJECTION/3,CROSS_EVENT_MEMORY_ONLY,3,COMPLETE,INCLUDED,0.0,0,20,20,0,20
r8c-4541-308421a8e75d2087,4541,E2_ROLLING_INCREMENTAL_AFTER_FULL_REUSE,RR-REJECTION/3,SHADE_ONLY,3,COMPLETE,INCLUDED,0.0,0,20,20,0,20
r8c-4542-8d58a3388da27f35,4542,E2_ROLLING_INCREMENTAL_AFTER_FULL_REUSE,RR-REJECTION/3,NO_CROSS_EVENT_MEMORY,4,COMPLETE,INCLUDED,0.05,1,20,20,0,20
r8c-4543-1718c4bf1a9bdd80,4543,E2_ROLLING_INCREMENTAL_AFTER_FULL_REUSE,RR-REJECTION/3,NO_EXECUTION_FEEDBACK,4,COMPLETE,INCLUDED,0.0,0,20,20,0,20
r8c-4544-68baeb53f5463c73,4544,E2_ROLLING_INCREMENTAL_AFTER_FULL_REUSE,RR-REJECTION/3,NO_REJECTION_CREDIT,4,COMPLETE,NOT_COMPUTED_MISSING_EXECUTION_OBSERVATION,,0,20,14,6,20
r8c-4545-2a77bca71eff61ee,4545,E2_ROLLING_INCREMENTAL_AFTER_FULL_REUSE,RR-REJECTION/3,NO_MEMORY_RESET_GATE,4,COMPLETE,NOT_COMPUTED_MISSING_EXECUTION_OBSERVATION,,1,20,15,5,20
r8c-4546-d19d9add3873c9c2,4546,E2_ROLLING_INCREMENTAL_AFTER_FULL_REUSE,RR-REJECTION/3,NO_LINEAGE_CREDIT,4,COMPLETE,INCLUDED,0.0,0,20,20,0,20
r8c-4547-ec9ed9a8e6f7ea7a,4547,E2_ROLLING_INCREMENTAL_AFTER_FULL_REUSE,RR-REJECTION/3,CROSS_EVENT_WARM_START_ONLY,4,COMPLETE,NOT_COMPUTED_MISSING_EXECUTION_OBSERVATION,,1,20,15,5,20
r8c-4548-5d2e467ed9a8cfce,4548,E2_ROLLING_INCREMENTAL_AFTER_FULL_REUSE,RR-REJECTION/3,CROSS_EVENT_MEMORY_ONLY,4,COMPLETE,INCLUDED,0.0,0,20,20,0,20
r8c-4549-529cf0fcc19a77de,4549,E2_ROLLING_INCREMENTAL_AFTER_FULL_REUSE,RR-REJECTION/3,SHADE_ONLY,4,COMPLETE,INCLUDED,0.0,0,20,20,0,20
r8c-4550-92594408347f4325,4550,E2_ROLLING_INCREMENTAL_AFTER_FULL_REUSE,RR-REJECTION/4,NO_CROSS_EVENT_MEMORY,0,COMPLETE,NOT_COMPUTED_MISSING_EXECUTION_OBSERVATION,,1,20,19,1,20
r8c-4551-7313a74c2ef84269,4551,E2_ROLLING_INCREMENTAL_AFTER_FULL_REUSE,RR-REJECTION/4,NO_EXECUTION_FEEDBACK,0,COMPLETE,INCLUDED,0.0,0,20,20,0,20
r8c-4552-59cbc1cad9ad506c,4552,E2_ROLLING_INCREMENTAL_AFTER_FULL_REUSE,RR-REJECTION/4,NO_REJECTION_CREDIT,0,COMPLETE,INCLUDED,0.0,0,20,20,0,20
r8c-4553-80e8c7290d40b55f,4553,E2_ROLLING_INCREMENTAL_AFTER_FULL_REUSE,RR-REJECTION/4,NO_MEMORY_RESET_GATE,0,COMPLETE,NOT_COMPUTED_MISSING_EXECUTION_OBSERVATION,,0,20,18,2,20
r8c-4554-f85f9babe7b383c2,4554,E2_ROLLING_INCREMENTAL_AFTER_FULL_REUSE,RR-REJECTION/4,NO_LINEAGE_CREDIT,0,COMPLETE,NOT_COMPUTED_MISSING_EXECUTION_OBSERVATION,,0,20,19,1,20
r8c-4555-b2335c6e1b44a92a,4555,E2_ROLLING_INCREMENTAL_AFTER_FULL_REUSE,RR-REJECTION/4,CROSS_EVENT_WARM_START_ONLY,0,COMPLETE,NOT_COMPUTED_MISSING_EXECUTION_OBSERVATION,,0,20,19,1,20
r8c-4556-bd62b5347fd7e965,4556,E2_ROLLING_INCREMENTAL_AFTER_FULL_REUSE,RR-REJECTION/4,CROSS_EVENT_MEMORY_ONLY,0,COMPLETE,NOT_COMPUTED_MISSING_EXECUTION_OBSERVATION,,0,20,14,6,20
r8c-4557-9fbbf908c5bf1124,4557,E2_ROLLING_INCREMENTAL_AFTER_FULL_REUSE,RR-REJECTION/4,SHADE_ONLY,0,COMPLETE,INCLUDED,0.0,0,20,20,0,20
r8c-4558-70070172192c6570,4558,E2_ROLLING_INCREMENTAL_AFTER_FULL_REUSE,RR-REJECTION/4,NO_CROSS_EVENT_MEMORY,1,COMPLETE,INCLUDED,0.0,0,20,20,0,20
r8c-4559-6bdf398bc22bfac9,4559,E2_ROLLING_INCREMENTAL_AFTER_FULL_REUSE,RR-REJECTION/4,NO_EXECUTION_FEEDBACK,1,COMPLETE,INCLUDED,0.0,0,20,20,0,20
r8c-4560-839c8046c0c0ecdb,4560,E2_ROLLING_INCREMENTAL_AFTER_FULL_REUSE,RR-REJECTION/4,NO_REJECTION_CREDIT,1,COMPLETE,NOT_COMPUTED_MISSING_EXECUTION_OBSERVATION,,0,20,18,2,20
r8c-4561-1d452284233d0022,4561,E2_ROLLING_INCREMENTAL_AFTER_FULL_REUSE,RR-REJECTION/4,NO_MEMORY_RESET_GATE,1,COMPLETE,NOT_COMPUTED_MISSING_EXECUTION_OBSERVATION,,0,20,15,5,20
r8c-4562-b5a30ffbe60c287e,4562,E2_ROLLING_INCREMENTAL_AFTER_FULL_REUSE,RR-REJECTION/4,NO_LINEAGE_CREDIT,1,COMPLETE,NOT_COMPUTED_MISSING_EXECUTION_OBSERVATION,,0,20,19,1,20
r8c-4563-31c3f3320bc95b0b,4563,E2_ROLLING_INCREMENTAL_AFTER_FULL_REUSE,RR-REJECTION/4,CROSS_EVENT_WARM_START_ONLY,1,COMPLETE,NOT_COMPUTED_MISSING_EXECUTION_OBSERVATION,,0,20,19,1,20
r8c-4564-d493d979bfb18236,4564,E2_ROLLING_INCREMENTAL_AFTER_FULL_REUSE,RR-REJECTION/4,CROSS_EVENT_MEMORY_ONLY,1,COMPLETE,NOT_COMPUTED_MISSING_EXECUTION_OBSERVATION,,0,20,16,4,20
r8c-4565-b8d013e05d0947c3,4565,E2_ROLLING_INCREMENTAL_AFTER_FULL_REUSE,RR-REJECTION/4,SHADE_ONLY,1,COMPLETE,INCLUDED,0.0,0,20,20,0,20
r8c-4566-2fdb79775995688b,4566,E2_ROLLING_INCREMENTAL_AFTER_FULL_REUSE,RR-REJECTION/4,NO_CROSS_EVENT_MEMORY,2,COMPLETE,INCLUDED,0.0,0,20,20,0,20
r8c-4567-0962af013637e605,4567,E2_ROLLING_INCREMENTAL_AFTER_FULL_REUSE,RR-REJECTION/4,NO_EXECUTION_FEEDBACK,2,COMPLETE,NOT_COMPUTED_MISSING_EXECUTION_OBSERVATION,,0,20,15,5,20
r8c-4568-10091b81b9934dcc,4568,E2_ROLLING_INCREMENTAL_AFTER_FULL_REUSE,RR-REJECTION/4,NO_REJECTION_CREDIT,2,COMPLETE,INCLUDED,0.0,0,20,20,0,20
r8c-4569-765df7c0fe7b7ce6,4569,E2_ROLLING_INCREMENTAL_AFTER_FULL_REUSE,RR-REJECTION/4,NO_MEMORY_RESET_GATE,2,COMPLETE,NOT_COMPUTED_MISSING_EXECUTION_OBSERVATION,,0,20,17,3,20
r8c-4570-98d8c5df5209ac04,4570,E2_ROLLING_INCREMENTAL_AFTER_FULL_REUSE,RR-REJECTION/4,NO_LINEAGE_CREDIT,2,COMPLETE,INCLUDED,0.0,0,20,20,0,20
r8c-4571-63d32fe6147dbbf3,4571,E2_ROLLING_INCREMENTAL_AFTER_FULL_REUSE,RR-REJECTION/4,CROSS_EVENT_WARM_START_ONLY,2,COMPLETE,NOT_COMPUTED_MISSING_EXECUTION_OBSERVATION,,0,20,14,6,20
r8c-4572-1c3259b68d012573,4572,E2_ROLLING_INCREMENTAL_AFTER_FULL_REUSE,RR-REJECTION/4,CROSS_EVENT_MEMORY_ONLY,2,COMPLETE,NOT_COMPUTED_MISSING_EXECUTION_OBSERVATION,,0,20,17,3,20
r8c-4573-defe2b97bf97eeea,4573,E2_ROLLING_INCREMENTAL_AFTER_FULL_REUSE,RR-REJECTION/4,SHADE_ONLY,2,COMPLETE,NOT_COMPUTED_MISSING_EXECUTION_OBSERVATION,,0,20,19,1,20
r8c-4574-448827e1b6f38905,4574,E2_ROLLING_INCREMENTAL_AFTER_FULL_REUSE,RR-REJECTION/4,NO_CROSS_EVENT_MEMORY,3,COMPLETE,INCLUDED,0.0,0,20,20,0,20
r8c-4575-c2b687830df737ab,4575,E2_ROLLING_INCREMENTAL_AFTER_FULL_REUSE,RR-REJECTION/4,NO_EXECUTION_FEEDBACK,3,COMPLETE,NOT_COMPUTED_MISSING_EXECUTION_OBSERVATION,,1,20,13,7,20
r8c-4576-bd8d3a5dd435510a,4576,E2_ROLLING_INCREMENTAL_AFTER_FULL_REUSE,RR-REJECTION/4,NO_REJECTION_CREDIT,3,COMPLETE,NOT_COMPUTED_MISSING_EXECUTION_OBSERVATION,,0,20,19,1,20
r8c-4577-c3663b4b14081a6c,4577,E2_ROLLING_INCREMENTAL_AFTER_FULL_REUSE,RR-REJECTION/4,NO_MEMORY_RESET_GATE,3,COMPLETE,NOT_COMPUTED_MISSING_EXECUTION_OBSERVATION,,0,20,15,5,20
r8c-4578-2292e985885dda4e,4578,E2_ROLLING_INCREMENTAL_AFTER_FULL_REUSE,RR-REJECTION/4,NO_LINEAGE_CREDIT,3,COMPLETE,NOT_COMPUTED_MISSING_EXECUTION_OBSERVATION,,0,20,14,6,20
r8c-4579-0a27ceccb56abfa5,4579,E2_ROLLING_INCREMENTAL_AFTER_FULL_REUSE,RR-REJECTION/4,CROSS_EVENT_WARM_START_ONLY,3,COMPLETE,NOT_COMPUTED_MISSING_EXECUTION_OBSERVATION,,0,20,12,8,20
r8c-4580-724b5724984b601f,4580,E2_ROLLING_INCREMENTAL_AFTER_FULL_REUSE,RR-REJECTION/4,CROSS_EVENT_MEMORY_ONLY,3,COMPLETE,INCLUDED,0.0,0,20,20,0,20
r8c-4581-00288c1873196453,4581,E2_ROLLING_INCREMENTAL_AFTER_FULL_REUSE,RR-REJECTION/4,SHADE_ONLY,3,COMPLETE,NOT_COMPUTED_MISSING_EXECUTION_OBSERVATION,,0,20,13,7,20
r8c-4582-3df0d59d870c028b,4582,E2_ROLLING_INCREMENTAL_AFTER_FULL_REUSE,RR-REJECTION/4,NO_CROSS_EVENT_MEMORY,4,COMPLETE,NOT_COMPUTED_MISSING_EXECUTION_OBSERVATION,,0,20,18,2,20
r8c-4583-b61136e3e79de07a,4583,E2_ROLLING_INCREMENTAL_AFTER_FULL_REUSE,RR-REJECTION/4,NO_EXECUTION_FEEDBACK,4,COMPLETE,NOT_COMPUTED_MISSING_EXECUTION_OBSERVATION,,0,20,17,3,20
r8c-4584-20ee266695748d3d,4584,E2_ROLLING_INCREMENTAL_AFTER_FULL_REUSE,RR-REJECTION/4,NO_REJECTION_CREDIT,4,COMPLETE,NOT_COMPUTED_MISSING_EXECUTION_OBSERVATION,,0,20,18,2,20
r8c-4585-b7f8a558619b82c3,4585,E2_ROLLING_INCREMENTAL_AFTER_FULL_REUSE,RR-REJECTION/4,NO_MEMORY_RESET_GATE,4,COMPLETE,NOT_COMPUTED_MISSING_EXECUTION_OBSERVATION,,0,20,19,1,20
r8c-4586-dfe189d20626fb1d,4586,E2_ROLLING_INCREMENTAL_AFTER_FULL_REUSE,RR-REJECTION/4,NO_LINEAGE_CREDIT,4,COMPLETE,NOT_COMPUTED_MISSING_EXECUTION_OBSERVATION,,0,20,19,1,20
r8c-4587-81f923aa44884113,4587,E2_ROLLING_INCREMENTAL_AFTER_FULL_REUSE,RR-REJECTION/4,CROSS_EVENT_WARM_START_ONLY,4,COMPLETE,NOT_COMPUTED_MISSING_EXECUTION_OBSERVATION,,0,20,18,2,20
r8c-4588-d4cd97a4e63e953f,4588,E2_ROLLING_INCREMENTAL_AFTER_FULL_REUSE,RR-REJECTION/4,CROSS_EVENT_MEMORY_ONLY,4,COMPLETE,INCLUDED,0.0,0,20,20,0,20
r8c-4589-ecb956425fe5aae9,4589,E2_ROLLING_INCREMENTAL_AFTER_FULL_REUSE,RR-REJECTION/4,SHADE_ONLY,4,COMPLETE,INCLUDED,0.0,0,20,20,0,20
r8c-4590-8d15f96817097eba,4590,E2_ROLLING_INCREMENTAL_AFTER_FULL_REUSE,RR-REJECTION/5,NO_CROSS_EVENT_MEMORY,0,COMPLETE,NOT_COMPUTED_MISSING_EXECUTION_OBSERVATION,,1,20,13,7,20
r8c-4591-6a17506272f74cca,4591,E2_ROLLING_INCREMENTAL_AFTER_FULL_REUSE,RR-REJECTION/5,NO_EXECUTION_FEEDBACK,0,COMPLETE,NOT_COMPUTED_MISSING_EXECUTION_OBSERVATION,,1,20,18,2,20
r8c-4592-166c4d6c74c0ddf3,4592,E2_ROLLING_INCREMENTAL_AFTER_FULL_REUSE,RR-REJECTION/5,NO_REJECTION_CREDIT,0,COMPLETE,NOT_COMPUTED_MISSING_EXECUTION_OBSERVATION,,0,20,16,4,20
r8c-4593-e7c80245eb166374,4593,E2_ROLLING_INCREMENTAL_AFTER_FULL_REUSE,RR-REJECTION/5,NO_MEMORY_RESET_GATE,0,COMPLETE,NOT_COMPUTED_MISSING_EXECUTION_OBSERVATION,,1,20,19,1,20
r8c-4594-008869763073688b,4594,E2_ROLLING_INCREMENTAL_AFTER_FULL_REUSE,RR-REJECTION/5,NO_LINEAGE_CREDIT,0,COMPLETE,NOT_COMPUTED_MISSING_EXECUTION_OBSERVATION,,0,20,19,1,20
r8c-4595-5720cc132d168840,4595,E2_ROLLING_INCREMENTAL_AFTER_FULL_REUSE,RR-REJECTION/5,CROSS_EVENT_WARM_START_ONLY,0,COMPLETE,NOT_COMPUTED_MISSING_EXECUTION_OBSERVATION,,2,20,17,3,20
r8c-4596-626e3f6d9d9797be,4596,E2_ROLLING_INCREMENTAL_AFTER_FULL_REUSE,RR-REJECTION/5,CROSS_EVENT_MEMORY_ONLY,0,COMPLETE,NOT_COMPUTED_MISSING_EXECUTION_OBSERVATION,,0,20,19,1,20
r8c-4597-9ada39f68d12d7f8,4597,E2_ROLLING_INCREMENTAL_AFTER_FULL_REUSE,RR-REJECTION/5,SHADE_ONLY,0,COMPLETE,NOT_COMPUTED_MISSING_EXECUTION_OBSERVATION,,1,20,16,4,20
r8c-4598-1398d1d38f4213c1,4598,E2_ROLLING_INCREMENTAL_AFTER_FULL_REUSE,RR-REJECTION/5,NO_CROSS_EVENT_MEMORY,1,COMPLETE,NOT_COMPUTED_MISSING_EXECUTION_OBSERVATION,,0,20,19,1,20
r8c-4599-c770a72b8046bf58,4599,E2_ROLLING_INCREMENTAL_AFTER_FULL_REUSE,RR-REJECTION/5,NO_EXECUTION_FEEDBACK,1,COMPLETE,NOT_COMPUTED_MISSING_EXECUTION_OBSERVATION,,2,20,18,2,20
r8c-4600-66cc673d2138b680,4600,E2_ROLLING_INCREMENTAL_AFTER_FULL_REUSE,RR-REJECTION/5,NO_REJECTION_CREDIT,1,COMPLETE,NOT_COMPUTED_MISSING_EXECUTION_OBSERVATION,,0,20,18,2,20
r8c-4601-759ed71a6c94c154,4601,E2_ROLLING_INCREMENTAL_AFTER_FULL_REUSE,RR-REJECTION/5,NO_MEMORY_RESET_GATE,1,COMPLETE,NOT_COMPUTED_MISSING_EXECUTION_OBSERVATION,,1,20,18,2,20
r8c-4602-5ba4dc6af75017c3,4602,E2_ROLLING_INCREMENTAL_AFTER_FULL_REUSE,RR-REJECTION/5,NO_LINEAGE_CREDIT,1,COMPLETE,NOT_COMPUTED_MISSING_EXECUTION_OBSERVATION,,0,20,19,1,20
r8c-4603-fee82ce8b7be6fa2,4603,E2_ROLLING_INCREMENTAL_AFTER_FULL_REUSE,RR-REJECTION/5,CROSS_EVENT_WARM_START_ONLY,1,COMPLETE,NOT_COMPUTED_MISSING_EXECUTION_OBSERVATION,,0,20,18,2,20
r8c-4604-e32eba367afcca68,4604,E2_ROLLING_INCREMENTAL_AFTER_FULL_REUSE,RR-REJECTION/5,CROSS_EVENT_MEMORY_ONLY,1,COMPLETE,NOT_COMPUTED_MISSING_EXECUTION_OBSERVATION,,1,20,18,2,20
r8c-4605-65d96b41d6d72c03,4605,E2_ROLLING_INCREMENTAL_AFTER_FULL_REUSE,RR-REJECTION/5,SHADE_ONLY,1,COMPLETE,NOT_COMPUTED_MISSING_EXECUTION_OBSERVATION,,1,20,18,2,20
r8c-4606-2764d42648f15f77,4606,E2_ROLLING_INCREMENTAL_AFTER_FULL_REUSE,RR-REJECTION/5,NO_CROSS_EVENT_MEMORY,2,COMPLETE,NOT_COMPUTED_MISSING_EXECUTION_OBSERVATION,,0,20,18,2,20
r8c-4607-cf280611751245ca,4607,E2_ROLLING_INCREMENTAL_AFTER_FULL_REUSE,RR-REJECTION/5,NO_EXECUTION_FEEDBACK,2,COMPLETE,NOT_COMPUTED_MISSING_EXECUTION_OBSERVATION,,0,20,17,3,20
r8c-4608-f0852f5f41ba118c,4608,E2_ROLLING_INCREMENTAL_AFTER_FULL_REUSE,RR-REJECTION/5,NO_REJECTION_CREDIT,2,COMPLETE,NOT_COMPUTED_MISSING_EXECUTION_OBSERVATION,,0,20,19,1,20
r8c-4609-1902721b771ed54f,4609,E2_ROLLING_INCREMENTAL_AFTER_FULL_REUSE,RR-REJECTION/5,NO_MEMORY_RESET_GATE,2,COMPLETE,NOT_COMPUTED_MISSING_EXECUTION_OBSERVATION,,1,20,18,2,20
r8c-4610-0e116bda0051935f,4610,E2_ROLLING_INCREMENTAL_AFTER_FULL_REUSE,RR-REJECTION/5,NO_LINEAGE_CREDIT,2,COMPLETE,NOT_COMPUTED_MISSING_EXECUTION_OBSERVATION,,2,20,18,2,20
r8c-4611-54793ccc4d973cd5,4611,E2_ROLLING_INCREMENTAL_AFTER_FULL_REUSE,RR-REJECTION/5,CROSS_EVENT_WARM_START_ONLY,2,COMPLETE,NOT_COMPUTED_MISSING_EXECUTION_OBSERVATION,,1,20,16,4,20
r8c-4612-cbd5de03cf916d2e,4612,E2_ROLLING_INCREMENTAL_AFTER_FULL_REUSE,RR-REJECTION/5,CROSS_EVENT_MEMORY_ONLY,2,COMPLETE,NOT_COMPUTED_MISSING_EXECUTION_OBSERVATION,,2,20,18,2,20
r8c-4613-56ee7ce7559fc18f,4613,E2_ROLLING_INCREMENTAL_AFTER_FULL_REUSE,RR-REJECTION/5,SHADE_ONLY,2,COMPLETE,NOT_COMPUTED_MISSING_EXECUTION_OBSERVATION,,1,20,19,1,20
r8c-4614-d9052389270471f5,4614,E2_ROLLING_INCREMENTAL_AFTER_FULL_REUSE,RR-REJECTION/5,NO_CROSS_EVENT_MEMORY,3,COMPLETE,NOT_COMPUTED_MISSING_EXECUTION_OBSERVATION,,1,20,16,4,20
r8c-4615-5eaace1bf45763f0,4615,E2_ROLLING_INCREMENTAL_AFTER_FULL_REUSE,RR-REJECTION/5,NO_EXECUTION_FEEDBACK,3,COMPLETE,NOT_COMPUTED_MISSING_EXECUTION_OBSERVATION,,0,20,17,3,20
r8c-4616-6001016f2a493e56,4616,E2_ROLLING_INCREMENTAL_AFTER_FULL_REUSE,RR-REJECTION/5,NO_REJECTION_CREDIT,3,COMPLETE,NOT_COMPUTED_MISSING_EXECUTION_OBSERVATION,,1,20,19,1,20
r8c-4617-013471b10828695c,4617,E2_ROLLING_INCREMENTAL_AFTER_FULL_REUSE,RR-REJECTION/5,NO_MEMORY_RESET_GATE,3,COMPLETE,NOT_COMPUTED_MISSING_EXECUTION_OBSERVATION,,1,20,11,9,20
r8c-4618-7a962e971bd3007b,4618,E2_ROLLING_INCREMENTAL_AFTER_FULL_REUSE,RR-REJECTION/5,NO_LINEAGE_CREDIT,3,COMPLETE,NOT_COMPUTED_MISSING_EXECUTION_OBSERVATION,,1,20,19,1,20
r8c-4619-742e0fc14f4234cc,4619,E2_ROLLING_INCREMENTAL_AFTER_FULL_REUSE,RR-REJECTION/5,CROSS_EVENT_WARM_START_ONLY,3,COMPLETE,NOT_COMPUTED_MISSING_EXECUTION_OBSERVATION,,0,20,14,6,20
r8c-4620-f0e96c98a1becc34,4620,E2_ROLLING_INCREMENTAL_AFTER_FULL_REUSE,RR-REJECTION/5,CROSS_EVENT_MEMORY_ONLY,3,COMPLETE,NOT_COMPUTED_MISSING_EXECUTION_OBSERVATION,,1,20,18,2,20
r8c-4621-f16d199efdb87ce3,4621,E2_ROLLING_INCREMENTAL_AFTER_FULL_REUSE,RR-REJECTION/5,SHADE_ONLY,3,COMPLETE,NOT_COMPUTED_MISSING_EXECUTION_OBSERVATION,,0,20,19,1,20
r8c-4622-055138364d60aa84,4622,E2_ROLLING_INCREMENTAL_AFTER_FULL_REUSE,RR-REJECTION/5,NO_CROSS_EVENT_MEMORY,4,COMPLETE,NOT_COMPUTED_MISSING_EXECUTION_OBSERVATION,,2,20,19,1,20
r8c-4623-aef50084e559c5c9,4623,E2_ROLLING_INCREMENTAL_AFTER_FULL_REUSE,RR-REJECTION/5,NO_EXECUTION_FEEDBACK,4,COMPLETE,NOT_COMPUTED_MISSING_EXECUTION_OBSERVATION,,1,20,17,3,20
r8c-4624-f7db2de2fee8a434,4624,E2_ROLLING_INCREMENTAL_AFTER_FULL_REUSE,RR-REJECTION/5,NO_REJECTION_CREDIT,4,COMPLETE,NOT_COMPUTED_MISSING_EXECUTION_OBSERVATION,,1,20,14,6,20
r8c-4625-91195ad41a7e8a94,4625,E2_ROLLING_INCREMENTAL_AFTER_FULL_REUSE,RR-REJECTION/5,NO_MEMORY_RESET_GATE,4,COMPLETE,NOT_COMPUTED_MISSING_EXECUTION_OBSERVATION,,1,20,17,3,20
r8c-4626-8ea41289bde26cd4,4626,E2_ROLLING_INCREMENTAL_AFTER_FULL_REUSE,RR-REJECTION/5,NO_LINEAGE_CREDIT,4,COMPLETE,NOT_COMPUTED_MISSING_EXECUTION_OBSERVATION,,1,20,17,3,20
r8c-4627-5ac5fa3d6c6c67bb,4627,E2_ROLLING_INCREMENTAL_AFTER_FULL_REUSE,RR-REJECTION/5,CROSS_EVENT_WARM_START_ONLY,4,COMPLETE,NOT_COMPUTED_MISSING_EXECUTION_OBSERVATION,,1,20,17,3,20
r8c-4628-eebc40dcca0369c2,4628,E2_ROLLING_INCREMENTAL_AFTER_FULL_REUSE,RR-REJECTION/5,CROSS_EVENT_MEMORY_ONLY,4,COMPLETE,NOT_COMPUTED_MISSING_EXECUTION_OBSERVATION,,1,20,18,2,20
r8c-4629-2210f2654be306b6,4629,E2_ROLLING_INCREMENTAL_AFTER_FULL_REUSE,RR-REJECTION/5,SHADE_ONLY,4,COMPLETE,NOT_COMPUTED_MISSING_EXECUTION_OBSERVATION,,0,20,19,1,20
r8c-4630-bc59be01798d7d2b,4630,E2_ROLLING_INCREMENTAL_AFTER_FULL_REUSE,RR-REJECTION/6,NO_CROSS_EVENT_MEMORY,0,COMPLETE,INCLUDED,0.0,0,20,20,0,20
r8c-4631-f1f00b6401b9345e,4631,E2_ROLLING_INCREMENTAL_AFTER_FULL_REUSE,RR-REJECTION/6,NO_EXECUTION_FEEDBACK,0,COMPLETE,NOT_COMPUTED_MISSING_EXECUTION_OBSERVATION,,1,20,19,1,20
r8c-4632-d10456836911dc1a,4632,E2_ROLLING_INCREMENTAL_AFTER_FULL_REUSE,RR-REJECTION/6,NO_REJECTION_CREDIT,0,COMPLETE,INCLUDED,0.0,0,20,20,0,20
r8c-4633-f7c71d2b3b96ec5d,4633,E2_ROLLING_INCREMENTAL_AFTER_FULL_REUSE,RR-REJECTION/6,NO_MEMORY_RESET_GATE,0,COMPLETE,NOT_COMPUTED_MISSING_EXECUTION_OBSERVATION,,2,20,12,8,20
r8c-4634-4a8e3e4e891a5143,4634,E2_ROLLING_INCREMENTAL_AFTER_FULL_REUSE,RR-REJECTION/6,NO_LINEAGE_CREDIT,0,COMPLETE,INCLUDED,0.05,1,20,20,0,20
r8c-4635-1871c9b57921013f,4635,E2_ROLLING_INCREMENTAL_AFTER_FULL_REUSE,RR-REJECTION/6,CROSS_EVENT_WARM_START_ONLY,0,COMPLETE,INCLUDED,0.0,0,20,20,0,20
r8c-4636-a82310f024871a0b,4636,E2_ROLLING_INCREMENTAL_AFTER_FULL_REUSE,RR-REJECTION/6,CROSS_EVENT_MEMORY_ONLY,0,COMPLETE,INCLUDED,0.0,0,20,20,0,20
r8c-4637-dd425474deaf8b23,4637,E2_ROLLING_INCREMENTAL_AFTER_FULL_REUSE,RR-REJECTION/6,SHADE_ONLY,0,COMPLETE,INCLUDED,0.0,0,20,20,0,20
r8c-4638-f6093db5257e91dd,4638,E2_ROLLING_INCREMENTAL_AFTER_FULL_REUSE,RR-REJECTION/6,NO_CROSS_EVENT_MEMORY,1,COMPLETE,INCLUDED,0.0,0,20,20,0,20
r8c-4639-1de4ee458fe7b594,4639,E2_ROLLING_INCREMENTAL_AFTER_FULL_REUSE,RR-REJECTION/6,NO_EXECUTION_FEEDBACK,1,COMPLETE,INCLUDED,0.05,1,20,20,0,20
r8c-4640-71ab316488b8cf3d,4640,E2_ROLLING_INCREMENTAL_AFTER_FULL_REUSE,RR-REJECTION/6,NO_REJECTION_CREDIT,1,COMPLETE,INCLUDED,0.05,1,20,20,0,20
r8c-4641-6148fedd079b8780,4641,E2_ROLLING_INCREMENTAL_AFTER_FULL_REUSE,RR-REJECTION/6,NO_MEMORY_RESET_GATE,1,COMPLETE,INCLUDED,0.1,2,20,20,0,20
r8c-4642-f3428f84fac2253a,4642,E2_ROLLING_INCREMENTAL_AFTER_FULL_REUSE,RR-REJECTION/6,NO_LINEAGE_CREDIT,1,COMPLETE,NOT_COMPUTED_MISSING_EXECUTION_OBSERVATION,,0,20,19,1,20
r8c-4643-d7be543cea50fcda,4643,E2_ROLLING_INCREMENTAL_AFTER_FULL_REUSE,RR-REJECTION/6,CROSS_EVENT_WARM_START_ONLY,1,COMPLETE,INCLUDED,0.05,1,20,20,0,20
r8c-4644-6e96b1e701736ea1,4644,E2_ROLLING_INCREMENTAL_AFTER_FULL_REUSE,RR-REJECTION/6,CROSS_EVENT_MEMORY_ONLY,1,COMPLETE,INCLUDED,0.0,0,20,20,0,20
r8c-4645-a1c5f351bfc395da,4645,E2_ROLLING_INCREMENTAL_AFTER_FULL_REUSE,RR-REJECTION/6,SHADE_ONLY,1,COMPLETE,INCLUDED,0.05,1,20,20,0,20
r8c-4646-ef8df1acd571fd0d,4646,E2_ROLLING_INCREMENTAL_AFTER_FULL_REUSE,RR-REJECTION/6,NO_CROSS_EVENT_MEMORY,2,COMPLETE,INCLUDED,0.05,1,20,20,0,20
r8c-4647-48fba957830d20a7,4647,E2_ROLLING_INCREMENTAL_AFTER_FULL_REUSE,RR-REJECTION/6,NO_EXECUTION_FEEDBACK,2,COMPLETE,INCLUDED,0.05,1,20,20,0,20
r8c-4648-89823035c8730358,4648,E2_ROLLING_INCREMENTAL_AFTER_FULL_REUSE,RR-REJECTION/6,NO_REJECTION_CREDIT,2,COMPLETE,INCLUDED,0.0,0,20,20,0,20
r8c-4649-cc570f72988b5a1d,4649,E2_ROLLING_INCREMENTAL_AFTER_FULL_REUSE,RR-REJECTION/6,NO_MEMORY_RESET_GATE,2,COMPLETE,INCLUDED,0.05,1,20,20,0,20
r8c-4650-f60b5f418c271f10,4650,E2_ROLLING_INCREMENTAL_AFTER_FULL_REUSE,RR-REJECTION/6,NO_LINEAGE_CREDIT,2,COMPLETE,INCLUDED,0.05,1,20,20,0,20
r8c-4651-06ecd18cd845d2b7,4651,E2_ROLLING_INCREMENTAL_AFTER_FULL_REUSE,RR-REJECTION/6,CROSS_EVENT_WARM_START_ONLY,2,COMPLETE,NOT_COMPUTED_MISSING_EXECUTION_OBSERVATION,,0,20,19,1,20
r8c-4652-5a4a7d3c089308f9,4652,E2_ROLLING_INCREMENTAL_AFTER_FULL_REUSE,RR-REJECTION/6,CROSS_EVENT_MEMORY_ONLY,2,COMPLETE,NOT_COMPUTED_MISSING_EXECUTION_OBSERVATION,,0,20,19,1,20
r8c-4653-7cd7aa882b210dbd,4653,E2_ROLLING_INCREMENTAL_AFTER_FULL_REUSE,RR-REJECTION/6,SHADE_ONLY,2,COMPLETE,INCLUDED,0.05,1,20,20,0,20
r8c-4654-e50459f1ead3c80d,4654,E2_ROLLING_INCREMENTAL_AFTER_FULL_REUSE,RR-REJECTION/6,NO_CROSS_EVENT_MEMORY,3,COMPLETE,INCLUDED,0.05,1,20,20,0,20
r8c-4655-51a7db24c87a2f72,4655,E2_ROLLING_INCREMENTAL_AFTER_FULL_REUSE,RR-REJECTION/6,NO_EXECUTION_FEEDBACK,3,COMPLETE,NOT_COMPUTED_MISSING_EXECUTION_OBSERVATION,,1,20,19,1,20
r8c-4656-95007f2dd2609d0c,4656,E2_ROLLING_INCREMENTAL_AFTER_FULL_REUSE,RR-REJECTION/6,NO_REJECTION_CREDIT,3,COMPLETE,INCLUDED,0.0,0,20,20,0,20
r8c-4657-49b70b4dc956a1ba,4657,E2_ROLLING_INCREMENTAL_AFTER_FULL_REUSE,RR-REJECTION/6,NO_MEMORY_RESET_GATE,3,COMPLETE,INCLUDED,0.05,1,20,20,0,20
r8c-4658-803668025955f448,4658,E2_ROLLING_INCREMENTAL_AFTER_FULL_REUSE,RR-REJECTION/6,NO_LINEAGE_CREDIT,3,COMPLETE,INCLUDED,0.1,2,20,20,0,20
r8c-4659-a05533aa53c98e3a,4659,E2_ROLLING_INCREMENTAL_AFTER_FULL_REUSE,RR-REJECTION/6,CROSS_EVENT_WARM_START_ONLY,3,COMPLETE,INCLUDED,0.05,1,20,20,0,20
r8c-4660-da5103c3b1e8da6d,4660,E2_ROLLING_INCREMENTAL_AFTER_FULL_REUSE,RR-REJECTION/6,CROSS_EVENT_MEMORY_ONLY,3,COMPLETE,INCLUDED,0.0,0,20,20,0,20
r8c-4661-fe1b40d4f6e7883e,4661,E2_ROLLING_INCREMENTAL_AFTER_FULL_REUSE,RR-REJECTION/6,SHADE_ONLY,3,COMPLETE,INCLUDED,0.0,0,20,20,0,20
r8c-4662-ef876f98a20620b5,4662,E2_ROLLING_INCREMENTAL_AFTER_FULL_REUSE,RR-REJECTION/6,NO_CROSS_EVENT_MEMORY,4,COMPLETE,NOT_COMPUTED_MISSING_EXECUTION_OBSERVATION,,0,20,19,1,20
r8c-4663-8ef19c611c307c3e,4663,E2_ROLLING_INCREMENTAL_AFTER_FULL_REUSE,RR-REJECTION/6,NO_EXECUTION_FEEDBACK,4,COMPLETE,INCLUDED,0.1,2,20,20,0,20
r8c-4664-b225ffe56a8450b2,4664,E2_ROLLING_INCREMENTAL_AFTER_FULL_REUSE,RR-REJECTION/6,NO_REJECTION_CREDIT,4,COMPLETE,NOT_COMPUTED_MISSING_EXECUTION_OBSERVATION,,0,20,19,1,20
r8c-4665-d334d4ffc5d093f4,4665,E2_ROLLING_INCREMENTAL_AFTER_FULL_REUSE,RR-REJECTION/6,NO_MEMORY_RESET_GATE,4,COMPLETE,INCLUDED,0.1,2,20,20,0,20
r8c-4666-c9262247661a4dda,4666,E2_ROLLING_INCREMENTAL_AFTER_FULL_REUSE,RR-REJECTION/6,NO_LINEAGE_CREDIT,4,COMPLETE,NOT_COMPUTED_MISSING_EXECUTION_OBSERVATION,,2,20,18,2,20
r8c-4667-bdea8f2a62c03454,4667,E2_ROLLING_INCREMENTAL_AFTER_FULL_REUSE,RR-REJECTION/6,CROSS_EVENT_WARM_START_ONLY,4,COMPLETE,INCLUDED,0.05,1,20,20,0,20
r8c-4668-df69b7fcca4e5c97,4668,E2_ROLLING_INCREMENTAL_AFTER_FULL_REUSE,RR-REJECTION/6,CROSS_EVENT_MEMORY_ONLY,4,COMPLETE,NOT_COMPUTED_MISSING_EXECUTION_OBSERVATION,,1,20,19,1,20
r8c-4669-9006f13783898d25,4669,E2_ROLLING_INCREMENTAL_AFTER_FULL_REUSE,RR-REJECTION/6,SHADE_ONLY,4,COMPLETE,INCLUDED,0.0,0,20,20,0,20
r8c-4670-d12644bc08924456,4670,E2_ROLLING_INCREMENTAL_AFTER_FULL_REUSE,RR-REJECTION/7,NO_CROSS_EVENT_MEMORY,0,COMPLETE,NOT_COMPUTED_MISSING_EXECUTION_OBSERVATION,,0,20,15,5,20
r8c-4671-445840b23cb79ae0,4671,E2_ROLLING_INCREMENTAL_AFTER_FULL_REUSE,RR-REJECTION/7,NO_EXECUTION_FEEDBACK,0,COMPLETE,NOT_COMPUTED_MISSING_EXECUTION_OBSERVATION,,1,20,13,7,20
r8c-4672-68c8e19f6edc8b66,4672,E2_ROLLING_INCREMENTAL_AFTER_FULL_REUSE,RR-REJECTION/7,NO_REJECTION_CREDIT,0,COMPLETE,NOT_COMPUTED_MISSING_EXECUTION_OBSERVATION,,0,20,15,5,20
r8c-4673-b10e17f62fca1302,4673,E2_ROLLING_INCREMENTAL_AFTER_FULL_REUSE,RR-REJECTION/7,NO_MEMORY_RESET_GATE,0,COMPLETE,NOT_COMPUTED_MISSING_EXECUTION_OBSERVATION,,0,20,15,5,20
r8c-4674-17a170c2ece83afc,4674,E2_ROLLING_INCREMENTAL_AFTER_FULL_REUSE,RR-REJECTION/7,NO_LINEAGE_CREDIT,0,COMPLETE,NOT_COMPUTED_MISSING_EXECUTION_OBSERVATION,,0,20,13,7,20
r8c-4675-646c214392b45f50,4675,E2_ROLLING_INCREMENTAL_AFTER_FULL_REUSE,RR-REJECTION/7,CROSS_EVENT_WARM_START_ONLY,0,COMPLETE,NOT_COMPUTED_MISSING_EXECUTION_OBSERVATION,,0,20,6,14,20
r8c-4676-1f110e6c27fe78d8,4676,E2_ROLLING_INCREMENTAL_AFTER_FULL_REUSE,RR-REJECTION/7,CROSS_EVENT_MEMORY_ONLY,0,COMPLETE,NOT_COMPUTED_MISSING_EXECUTION_OBSERVATION,,0,20,13,7,20
r8c-4677-6e5d3551f33c3d7d,4677,E2_ROLLING_INCREMENTAL_AFTER_FULL_REUSE,RR-REJECTION/7,SHADE_ONLY,0,COMPLETE,NOT_COMPUTED_MISSING_EXECUTION_OBSERVATION,,0,20,14,6,20
r8c-4678-ebec39c1c4a77f5a,4678,E2_ROLLING_INCREMENTAL_AFTER_FULL_REUSE,RR-REJECTION/7,NO_CROSS_EVENT_MEMORY,1,COMPLETE,NOT_COMPUTED_MISSING_EXECUTION_OBSERVATION,,0,20,14,6,20
r8c-4679-0a48ebc7cae711db,4679,E2_ROLLING_INCREMENTAL_AFTER_FULL_REUSE,RR-REJECTION/7,NO_EXECUTION_FEEDBACK,1,COMPLETE,NOT_COMPUTED_MISSING_EXECUTION_OBSERVATION,,1,20,13,7,20
r8c-4680-fea95d4c3db04901,4680,E2_ROLLING_INCREMENTAL_AFTER_FULL_REUSE,RR-REJECTION/7,NO_REJECTION_CREDIT,1,COMPLETE,NOT_COMPUTED_MISSING_EXECUTION_OBSERVATION,,0,20,14,6,20
r8c-4681-f7403046b05481c5,4681,E2_ROLLING_INCREMENTAL_AFTER_FULL_REUSE,RR-REJECTION/7,NO_MEMORY_RESET_GATE,1,COMPLETE,NOT_COMPUTED_MISSING_EXECUTION_OBSERVATION,,1,20,12,8,20
r8c-4682-7af69d60bdf7818c,4682,E2_ROLLING_INCREMENTAL_AFTER_FULL_REUSE,RR-REJECTION/7,NO_LINEAGE_CREDIT,1,COMPLETE,NOT_COMPUTED_MISSING_EXECUTION_OBSERVATION,,1,20,8,12,20
r8c-4683-d8498d9c7b305713,4683,E2_ROLLING_INCREMENTAL_AFTER_FULL_REUSE,RR-REJECTION/7,CROSS_EVENT_WARM_START_ONLY,1,COMPLETE,NOT_COMPUTED_MISSING_EXECUTION_OBSERVATION,,1,20,14,6,20
r8c-4684-131792ad44db920b,4684,E2_ROLLING_INCREMENTAL_AFTER_FULL_REUSE,RR-REJECTION/7,CROSS_EVENT_MEMORY_ONLY,1,COMPLETE,NOT_COMPUTED_MISSING_EXECUTION_OBSERVATION,,1,20,13,7,20
r8c-4685-c257bfed4584c637,4685,E2_ROLLING_INCREMENTAL_AFTER_FULL_REUSE,RR-REJECTION/7,SHADE_ONLY,1,COMPLETE,NOT_COMPUTED_MISSING_EXECUTION_OBSERVATION,,0,20,16,4,20
r8c-4686-2f4a04b4417fcef2,4686,E2_ROLLING_INCREMENTAL_AFTER_FULL_REUSE,RR-REJECTION/7,NO_CROSS_EVENT_MEMORY,2,COMPLETE,NOT_COMPUTED_MISSING_EXECUTION_OBSERVATION,,0,20,14,6,20
r8c-4687-151878e106e524bb,4687,E2_ROLLING_INCREMENTAL_AFTER_FULL_REUSE,RR-REJECTION/7,NO_EXECUTION_FEEDBACK,2,COMPLETE,NOT_COMPUTED_MISSING_EXECUTION_OBSERVATION,,0,20,7,13,20
r8c-4688-df86b506adffc8e8,4688,E2_ROLLING_INCREMENTAL_AFTER_FULL_REUSE,RR-REJECTION/7,NO_REJECTION_CREDIT,2,COMPLETE,NOT_COMPUTED_MISSING_EXECUTION_OBSERVATION,,1,20,12,8,20
r8c-4689-294ede5a060fbfd7,4689,E2_ROLLING_INCREMENTAL_AFTER_FULL_REUSE,RR-REJECTION/7,NO_MEMORY_RESET_GATE,2,COMPLETE,NOT_COMPUTED_MISSING_EXECUTION_OBSERVATION,,0,20,15,5,20
r8c-4690-5e08e575e9b7d977,4690,E2_ROLLING_INCREMENTAL_AFTER_FULL_REUSE,RR-REJECTION/7,NO_LINEAGE_CREDIT,2,COMPLETE,NOT_COMPUTED_MISSING_EXECUTION_OBSERVATION,,0,20,14,6,20
r8c-4691-233a54cc41618313,4691,E2_ROLLING_INCREMENTAL_AFTER_FULL_REUSE,RR-REJECTION/7,CROSS_EVENT_WARM_START_ONLY,2,COMPLETE,NOT_COMPUTED_MISSING_EXECUTION_OBSERVATION,,0,20,12,8,20
r8c-4692-75b91efaf712ef39,4692,E2_ROLLING_INCREMENTAL_AFTER_FULL_REUSE,RR-REJECTION/7,CROSS_EVENT_MEMORY_ONLY,2,COMPLETE,NOT_COMPUTED_MISSING_EXECUTION_OBSERVATION,,0,20,15,5,20
r8c-4693-76337e215b48cac2,4693,E2_ROLLING_INCREMENTAL_AFTER_FULL_REUSE,RR-REJECTION/7,SHADE_ONLY,2,COMPLETE,NOT_COMPUTED_MISSING_EXECUTION_OBSERVATION,,1,20,10,10,20
r8c-4694-ed81649ac61c6d93,4694,E2_ROLLING_INCREMENTAL_AFTER_FULL_REUSE,RR-REJECTION/7,NO_CROSS_EVENT_MEMORY,3,COMPLETE,NOT_COMPUTED_MISSING_EXECUTION_OBSERVATION,,0,20,15,5,20
r8c-4695-d51f111f85e689be,4695,E2_ROLLING_INCREMENTAL_AFTER_FULL_REUSE,RR-REJECTION/7,NO_EXECUTION_FEEDBACK,3,COMPLETE,NOT_COMPUTED_MISSING_EXECUTION_OBSERVATION,,0,20,14,6,20
r8c-4696-b91c5455b525bba6,4696,E2_ROLLING_INCREMENTAL_AFTER_FULL_REUSE,RR-REJECTION/7,NO_REJECTION_CREDIT,3,COMPLETE,NOT_COMPUTED_MISSING_EXECUTION_OBSERVATION,,0,20,7,13,20
r8c-4697-ffec69b87c8a6585,4697,E2_ROLLING_INCREMENTAL_AFTER_FULL_REUSE,RR-REJECTION/7,NO_MEMORY_RESET_GATE,3,COMPLETE,NOT_COMPUTED_MISSING_EXECUTION_OBSERVATION,,0,20,14,6,20
r8c-4698-351575495be536f7,4698,E2_ROLLING_INCREMENTAL_AFTER_FULL_REUSE,RR-REJECTION/7,NO_LINEAGE_CREDIT,3,COMPLETE,NOT_COMPUTED_MISSING_EXECUTION_OBSERVATION,,0,20,19,1,20
r8c-4699-310c0e6608e9cdd2,4699,E2_ROLLING_INCREMENTAL_AFTER_FULL_REUSE,RR-REJECTION/7,CROSS_EVENT_WARM_START_ONLY,3,COMPLETE,NOT_COMPUTED_MISSING_EXECUTION_OBSERVATION,,0,20,7,13,20
r8c-4700-4a03d19f9a37ffd1,4700,E2_ROLLING_INCREMENTAL_AFTER_FULL_REUSE,RR-REJECTION/7,CROSS_EVENT_MEMORY_ONLY,3,COMPLETE,NOT_COMPUTED_MISSING_EXECUTION_OBSERVATION,,0,20,14,6,20
r8c-4701-65c53e8ae4aa9796,4701,E2_ROLLING_INCREMENTAL_AFTER_FULL_REUSE,RR-REJECTION/7,SHADE_ONLY,3,COMPLETE,INCLUDED,0.0,0,20,20,0,20
r8c-4702-05d1e1d56ecd42a1,4702,E2_ROLLING_INCREMENTAL_AFTER_FULL_REUSE,RR-REJECTION/7,NO_CROSS_EVENT_MEMORY,4,COMPLETE,INCLUDED,0.0,0,20,20,0,20
r8c-4703-b77dc8a0cbf70779,4703,E2_ROLLING_INCREMENTAL_AFTER_FULL_REUSE,RR-REJECTION/7,NO_EXECUTION_FEEDBACK,4,COMPLETE,NOT_COMPUTED_MISSING_EXECUTION_OBSERVATION,,0,20,14,6,20
r8c-4704-fad3d43deb1b75fd,4704,E2_ROLLING_INCREMENTAL_AFTER_FULL_REUSE,RR-REJECTION/7,NO_REJECTION_CREDIT,4,COMPLETE,NOT_COMPUTED_MISSING_EXECUTION_OBSERVATION,,1,20,14,6,20
r8c-4705-eb9c08f3515c1d3f,4705,E2_ROLLING_INCREMENTAL_AFTER_FULL_REUSE,RR-REJECTION/7,NO_MEMORY_RESET_GATE,4,COMPLETE,NOT_COMPUTED_MISSING_EXECUTION_OBSERVATION,,1,20,14,6,20
r8c-4706-b2d60e2e8355f36b,4706,E2_ROLLING_INCREMENTAL_AFTER_FULL_REUSE,RR-REJECTION/7,NO_LINEAGE_CREDIT,4,COMPLETE,NOT_COMPUTED_MISSING_EXECUTION_OBSERVATION,,0,20,19,1,20
r8c-4707-b5cba2fa43110f77,4707,E2_ROLLING_INCREMENTAL_AFTER_FULL_REUSE,RR-REJECTION/7,CROSS_EVENT_WARM_START_ONLY,4,COMPLETE,NOT_COMPUTED_MISSING_EXECUTION_OBSERVATION,,0,20,19,1,20
r8c-4708-1695d8724afc7b82,4708,E2_ROLLING_INCREMENTAL_AFTER_FULL_REUSE,RR-REJECTION/7,CROSS_EVENT_MEMORY_ONLY,4,COMPLETE,NOT_COMPUTED_MISSING_EXECUTION_OBSERVATION,,0,20,14,6,20
r8c-4709-52bd18cb70dd0397,4709,E2_ROLLING_INCREMENTAL_AFTER_FULL_REUSE,RR-REJECTION/7,SHADE_ONLY,4,COMPLETE,INCLUDED,0.0,0,20,20,0,20
r8c-4710-5e4cff2b95e7facd,4710,E2_ROLLING_INCREMENTAL_AFTER_FULL_REUSE,RR-INTERMITTENT/0,NO_CROSS_EVENT_MEMORY,0,COMPLETE,NOT_COMPUTED_MISSING_EXECUTION_OBSERVATION,,2,20,11,9,20
r8c-4711-788c7ea52c16c8f1,4711,E2_ROLLING_INCREMENTAL_AFTER_FULL_REUSE,RR-INTERMITTENT/0,NO_EXECUTION_FEEDBACK,0,COMPLETE,NOT_COMPUTED_MISSING_EXECUTION_OBSERVATION,,1,20,14,6,20
r8c-4712-582b9e44da204431,4712,E2_ROLLING_INCREMENTAL_AFTER_FULL_REUSE,RR-INTERMITTENT/0,NO_REJECTION_CREDIT,0,COMPLETE,NOT_COMPUTED_MISSING_EXECUTION_OBSERVATION,,0,20,8,12,20
r8c-4713-5147bedd11cb5113,4713,E2_ROLLING_INCREMENTAL_AFTER_FULL_REUSE,RR-INTERMITTENT/0,NO_MEMORY_RESET_GATE,0,COMPLETE,NOT_COMPUTED_MISSING_EXECUTION_OBSERVATION,,2,20,7,13,20
r8c-4714-8501994dc4b9c4bc,4714,E2_ROLLING_INCREMENTAL_AFTER_FULL_REUSE,RR-INTERMITTENT/0,NO_LINEAGE_CREDIT,0,COMPLETE,NOT_COMPUTED_MISSING_EXECUTION_OBSERVATION,,1,20,9,11,20
r8c-4715-33afb184ee69b2f0,4715,E2_ROLLING_INCREMENTAL_AFTER_FULL_REUSE,RR-INTERMITTENT/0,CROSS_EVENT_WARM_START_ONLY,0,COMPLETE,NOT_COMPUTED_MISSING_EXECUTION_OBSERVATION,,1,20,10,10,20
r8c-4716-084f3ab5d7a1bfa9,4716,E2_ROLLING_INCREMENTAL_AFTER_FULL_REUSE,RR-INTERMITTENT/0,CROSS_EVENT_MEMORY_ONLY,0,COMPLETE,NOT_COMPUTED_MISSING_EXECUTION_OBSERVATION,,0,20,7,13,20
r8c-4717-87d9f3d5ba970756,4717,E2_ROLLING_INCREMENTAL_AFTER_FULL_REUSE,RR-INTERMITTENT/0,SHADE_ONLY,0,COMPLETE,NOT_COMPUTED_MISSING_EXECUTION_OBSERVATION,,0,20,14,6,20
r8c-4718-a25b7a7da3971f40,4718,E2_ROLLING_INCREMENTAL_AFTER_FULL_REUSE,RR-INTERMITTENT/0,NO_CROSS_EVENT_MEMORY,1,COMPLETE,NOT_COMPUTED_MISSING_EXECUTION_OBSERVATION,,0,20,14,6,20
r8c-4719-9ae036eed7729a6c,4719,E2_ROLLING_INCREMENTAL_AFTER_FULL_REUSE,RR-INTERMITTENT/0,NO_EXECUTION_FEEDBACK,1,COMPLETE,NOT_COMPUTED_MISSING_EXECUTION_OBSERVATION,,1,20,13,7,20
r8c-4720-7c3b85924571a721,4720,E2_ROLLING_INCREMENTAL_AFTER_FULL_REUSE,RR-INTERMITTENT/0,NO_REJECTION_CREDIT,1,COMPLETE,NOT_COMPUTED_MISSING_EXECUTION_OBSERVATION,,1,20,7,13,20
r8c-4721-4cf7fc1da56e0053,4721,E2_ROLLING_INCREMENTAL_AFTER_FULL_REUSE,RR-INTERMITTENT/0,NO_MEMORY_RESET_GATE,1,COMPLETE,NOT_COMPUTED_MISSING_EXECUTION_OBSERVATION,,3,20,11,9,20
r8c-4722-69a542148b743790,4722,E2_ROLLING_INCREMENTAL_AFTER_FULL_REUSE,RR-INTERMITTENT/0,NO_LINEAGE_CREDIT,1,COMPLETE,NOT_COMPUTED_MISSING_EXECUTION_OBSERVATION,,0,20,7,13,20
r8c-4723-b07ba995920db242,4723,E2_ROLLING_INCREMENTAL_AFTER_FULL_REUSE,RR-INTERMITTENT/0,CROSS_EVENT_WARM_START_ONLY,1,COMPLETE,NOT_COMPUTED_MISSING_EXECUTION_OBSERVATION,,1,20,10,10,20
r8c-4724-fa6b2f73499ac7eb,4724,E2_ROLLING_INCREMENTAL_AFTER_FULL_REUSE,RR-INTERMITTENT/0,CROSS_EVENT_MEMORY_ONLY,1,COMPLETE,NOT_COMPUTED_MISSING_EXECUTION_OBSERVATION,,1,20,14,6,20
r8c-4725-7ce6b8db5e9cff8b,4725,E2_ROLLING_INCREMENTAL_AFTER_FULL_REUSE,RR-INTERMITTENT/0,SHADE_ONLY,1,COMPLETE,NOT_COMPUTED_MISSING_EXECUTION_OBSERVATION,,0,20,12,8,20
r8c-4726-32f65a4e829f4d11,4726,E2_ROLLING_INCREMENTAL_AFTER_FULL_REUSE,RR-INTERMITTENT/0,NO_CROSS_EVENT_MEMORY,2,COMPLETE,NOT_COMPUTED_MISSING_EXECUTION_OBSERVATION,,1,20,14,6,20
r8c-4727-78b4545369458a51,4727,E2_ROLLING_INCREMENTAL_AFTER_FULL_REUSE,RR-INTERMITTENT/0,NO_EXECUTION_FEEDBACK,2,COMPLETE,NOT_COMPUTED_MISSING_EXECUTION_OBSERVATION,,1,20,13,7,20
r8c-4728-8ea5f71db0741a62,4728,E2_ROLLING_INCREMENTAL_AFTER_FULL_REUSE,RR-INTERMITTENT/0,NO_REJECTION_CREDIT,2,COMPLETE,NOT_COMPUTED_MISSING_EXECUTION_OBSERVATION,,1,20,13,7,20
r8c-4729-a0421e20b46ce4f9,4729,E2_ROLLING_INCREMENTAL_AFTER_FULL_REUSE,RR-INTERMITTENT/0,NO_MEMORY_RESET_GATE,2,COMPLETE,NOT_COMPUTED_MISSING_EXECUTION_OBSERVATION,,1,20,14,6,20
r8c-4730-f8b3cdc4c0537821,4730,E2_ROLLING_INCREMENTAL_AFTER_FULL_REUSE,RR-INTERMITTENT/0,NO_LINEAGE_CREDIT,2,COMPLETE,NOT_COMPUTED_MISSING_EXECUTION_OBSERVATION,,0,20,8,12,20
r8c-4731-4bc725ca099af63c,4731,E2_ROLLING_INCREMENTAL_AFTER_FULL_REUSE,RR-INTERMITTENT/0,CROSS_EVENT_WARM_START_ONLY,2,COMPLETE,NOT_COMPUTED_MISSING_EXECUTION_OBSERVATION,,1,20,9,11,20
r8c-4732-63286fd03187135a,4732,E2_ROLLING_INCREMENTAL_AFTER_FULL_REUSE,RR-INTERMITTENT/0,CROSS_EVENT_MEMORY_ONLY,2,COMPLETE,NOT_COMPUTED_MISSING_EXECUTION_OBSERVATION,,0,20,14,6,20
r8c-4733-f9494d988cfcc3f1,4733,E2_ROLLING_INCREMENTAL_AFTER_FULL_REUSE,RR-INTERMITTENT/0,SHADE_ONLY,2,COMPLETE,NOT_COMPUTED_MISSING_EXECUTION_OBSERVATION,,0,20,14,6,20
r8c-4734-39d7c3879e78e526,4734,E2_ROLLING_INCREMENTAL_AFTER_FULL_REUSE,RR-INTERMITTENT/0,NO_CROSS_EVENT_MEMORY,3,COMPLETE,NOT_COMPUTED_MISSING_EXECUTION_OBSERVATION,,0,20,14,6,20
r8c-4735-c576d414338994b5,4735,E2_ROLLING_INCREMENTAL_AFTER_FULL_REUSE,RR-INTERMITTENT/0,NO_EXECUTION_FEEDBACK,3,COMPLETE,NOT_COMPUTED_MISSING_EXECUTION_OBSERVATION,,1,20,8,12,20
r8c-4736-d0975e1f95da6782,4736,E2_ROLLING_INCREMENTAL_AFTER_FULL_REUSE,RR-INTERMITTENT/0,NO_REJECTION_CREDIT,3,COMPLETE,NOT_COMPUTED_MISSING_EXECUTION_OBSERVATION,,0,20,14,6,20
r8c-4737-d51e02861bc7b84b,4737,E2_ROLLING_INCREMENTAL_AFTER_FULL_REUSE,RR-INTERMITTENT/0,NO_MEMORY_RESET_GATE,3,COMPLETE,NOT_COMPUTED_MISSING_EXECUTION_OBSERVATION,,0,20,6,14,20
r8c-4738-a2cdc0700bef2cd3,4738,E2_ROLLING_INCREMENTAL_AFTER_FULL_REUSE,RR-INTERMITTENT/0,NO_LINEAGE_CREDIT,3,COMPLETE,NOT_COMPUTED_MISSING_EXECUTION_OBSERVATION,,1,20,14,6,20
r8c-4739-c3923269a25ef6cf,4739,E2_ROLLING_INCREMENTAL_AFTER_FULL_REUSE,RR-INTERMITTENT/0,CROSS_EVENT_WARM_START_ONLY,3,COMPLETE,NOT_COMPUTED_MISSING_EXECUTION_OBSERVATION,,1,20,10,10,20
r8c-4740-6d84f18a20aab566,4740,E2_ROLLING_INCREMENTAL_AFTER_FULL_REUSE,RR-INTERMITTENT/0,CROSS_EVENT_MEMORY_ONLY,3,COMPLETE,NOT_COMPUTED_MISSING_EXECUTION_OBSERVATION,,0,20,14,6,20
r8c-4741-cabccfca8a0ed275,4741,E2_ROLLING_INCREMENTAL_AFTER_FULL_REUSE,RR-INTERMITTENT/0,SHADE_ONLY,3,COMPLETE,NOT_COMPUTED_MISSING_EXECUTION_OBSERVATION,,0,20,8,12,20
r8c-4742-6947c2b4faf06197,4742,E2_ROLLING_INCREMENTAL_AFTER_FULL_REUSE,RR-INTERMITTENT/0,NO_CROSS_EVENT_MEMORY,4,COMPLETE,NOT_COMPUTED_MISSING_EXECUTION_OBSERVATION,,0,20,14,6,20
r8c-4743-29eaa38558dfa521,4743,E2_ROLLING_INCREMENTAL_AFTER_FULL_REUSE,RR-INTERMITTENT/0,NO_EXECUTION_FEEDBACK,4,COMPLETE,NOT_COMPUTED_MISSING_EXECUTION_OBSERVATION,,0,20,9,11,20
r8c-4744-988e4e5e7b4d7906,4744,E2_ROLLING_INCREMENTAL_AFTER_FULL_REUSE,RR-INTERMITTENT/0,NO_REJECTION_CREDIT,4,COMPLETE,NOT_COMPUTED_MISSING_EXECUTION_OBSERVATION,,1,20,14,6,20
r8c-4745-3d871b99bc45bb3e,4745,E2_ROLLING_INCREMENTAL_AFTER_FULL_REUSE,RR-INTERMITTENT/0,NO_MEMORY_RESET_GATE,4,COMPLETE,NOT_COMPUTED_MISSING_EXECUTION_OBSERVATION,,0,20,8,12,20
r8c-4746-9e4394e2207508ae,4746,E2_ROLLING_INCREMENTAL_AFTER_FULL_REUSE,RR-INTERMITTENT/0,NO_LINEAGE_CREDIT,4,COMPLETE,NOT_COMPUTED_MISSING_EXECUTION_OBSERVATION,,0,20,11,9,20
r8c-4747-ae1d459d04f3c528,4747,E2_ROLLING_INCREMENTAL_AFTER_FULL_REUSE,RR-INTERMITTENT/0,CROSS_EVENT_WARM_START_ONLY,4,COMPLETE,NOT_COMPUTED_MISSING_EXECUTION_OBSERVATION,,1,20,9,11,20
r8c-4748-5d1acd1873ffbf81,4748,E2_ROLLING_INCREMENTAL_AFTER_FULL_REUSE,RR-INTERMITTENT/0,CROSS_EVENT_MEMORY_ONLY,4,COMPLETE,NOT_COMPUTED_MISSING_EXECUTION_OBSERVATION,,1,20,13,7,20
r8c-4749-6a9c902a30740d5c,4749,E2_ROLLING_INCREMENTAL_AFTER_FULL_REUSE,RR-INTERMITTENT/0,SHADE_ONLY,4,COMPLETE,NOT_COMPUTED_MISSING_EXECUTION_OBSERVATION,,1,20,14,6,20
r8c-4750-caaf2aea05aa80f0,4750,E2_ROLLING_INCREMENTAL_AFTER_FULL_REUSE,RR-INTERMITTENT/1,NO_CROSS_EVENT_MEMORY,0,COMPLETE,NOT_COMPUTED_MISSING_EXECUTION_OBSERVATION,,0,20,15,5,20
r8c-4751-9271c84aff144c91,4751,E2_ROLLING_INCREMENTAL_AFTER_FULL_REUSE,RR-INTERMITTENT/1,NO_EXECUTION_FEEDBACK,0,COMPLETE,NOT_COMPUTED_MISSING_EXECUTION_OBSERVATION,,1,20,16,4,20
r8c-4752-eacafabb555728f0,4752,E2_ROLLING_INCREMENTAL_AFTER_FULL_REUSE,RR-INTERMITTENT/1,NO_REJECTION_CREDIT,0,COMPLETE,NOT_COMPUTED_MISSING_EXECUTION_OBSERVATION,,1,20,16,4,20
r8c-4753-cd78940c8a23a363,4753,E2_ROLLING_INCREMENTAL_AFTER_FULL_REUSE,RR-INTERMITTENT/1,NO_MEMORY_RESET_GATE,0,COMPLETE,NOT_COMPUTED_MISSING_EXECUTION_OBSERVATION,,1,20,16,4,20
r8c-4754-a7b150bd90bfd68a,4754,E2_ROLLING_INCREMENTAL_AFTER_FULL_REUSE,RR-INTERMITTENT/1,NO_LINEAGE_CREDIT,0,COMPLETE,NOT_COMPUTED_MISSING_EXECUTION_OBSERVATION,,1,20,16,4,20
r8c-4755-21c49d185aa40b86,4755,E2_ROLLING_INCREMENTAL_AFTER_FULL_REUSE,RR-INTERMITTENT/1,CROSS_EVENT_WARM_START_ONLY,0,COMPLETE,NOT_COMPUTED_MISSING_EXECUTION_OBSERVATION,,1,20,16,4,20
r8c-4756-21c9790df0f75063,4756,E2_ROLLING_INCREMENTAL_AFTER_FULL_REUSE,RR-INTERMITTENT/1,CROSS_EVENT_MEMORY_ONLY,0,COMPLETE,NOT_COMPUTED_MISSING_EXECUTION_OBSERVATION,,1,20,17,3,20
r8c-4757-0411730f87b631ff,4757,E2_ROLLING_INCREMENTAL_AFTER_FULL_REUSE,RR-INTERMITTENT/1,SHADE_ONLY,0,COMPLETE,NOT_COMPUTED_MISSING_EXECUTION_OBSERVATION,,1,20,16,4,20
r8c-4758-01ec591cd4d529ea,4758,E2_ROLLING_INCREMENTAL_AFTER_FULL_REUSE,RR-INTERMITTENT/1,NO_CROSS_EVENT_MEMORY,1,COMPLETE,NOT_COMPUTED_MISSING_EXECUTION_OBSERVATION,,1,20,16,4,20
r8c-4759-00043fe426d6c6d4,4759,E2_ROLLING_INCREMENTAL_AFTER_FULL_REUSE,RR-INTERMITTENT/1,NO_EXECUTION_FEEDBACK,1,COMPLETE,NOT_COMPUTED_MISSING_EXECUTION_OBSERVATION,,2,20,15,5,20
r8c-4760-544955707fa4ff49,4760,E2_ROLLING_INCREMENTAL_AFTER_FULL_REUSE,RR-INTERMITTENT/1,NO_REJECTION_CREDIT,1,COMPLETE,NOT_COMPUTED_MISSING_EXECUTION_OBSERVATION,,1,20,16,4,20
r8c-4761-bbcd8b2ae1518d9d,4761,E2_ROLLING_INCREMENTAL_AFTER_FULL_REUSE,RR-INTERMITTENT/1,NO_MEMORY_RESET_GATE,1,COMPLETE,NOT_COMPUTED_MISSING_EXECUTION_OBSERVATION,,1,20,16,4,20
r8c-4762-9421a60393c5c7f2,4762,E2_ROLLING_INCREMENTAL_AFTER_FULL_REUSE,RR-INTERMITTENT/1,NO_LINEAGE_CREDIT,1,COMPLETE,NOT_COMPUTED_MISSING_EXECUTION_OBSERVATION,,1,20,16,4,20
r8c-4763-bf51d498b1967f25,4763,E2_ROLLING_INCREMENTAL_AFTER_FULL_REUSE,RR-INTERMITTENT/1,CROSS_EVENT_WARM_START_ONLY,1,COMPLETE,NOT_COMPUTED_MISSING_EXECUTION_OBSERVATION,,1,20,16,4,20
r8c-4764-3e6bd8d48b460f3b,4764,E2_ROLLING_INCREMENTAL_AFTER_FULL_REUSE,RR-INTERMITTENT/1,CROSS_EVENT_MEMORY_ONLY,1,COMPLETE,NOT_COMPUTED_MISSING_EXECUTION_OBSERVATION,,1,20,15,5,20
r8c-4765-6ba6ba58b8c30c88,4765,E2_ROLLING_INCREMENTAL_AFTER_FULL_REUSE,RR-INTERMITTENT/1,SHADE_ONLY,1,COMPLETE,NOT_COMPUTED_MISSING_EXECUTION_OBSERVATION,,1,20,16,4,20
r8c-4766-4158ada6fd8f3c73,4766,E2_ROLLING_INCREMENTAL_AFTER_FULL_REUSE,RR-INTERMITTENT/1,NO_CROSS_EVENT_MEMORY,2,COMPLETE,NOT_COMPUTED_MISSING_EXECUTION_OBSERVATION,,1,20,16,4,20
r8c-4767-66985f37c40ceb48,4767,E2_ROLLING_INCREMENTAL_AFTER_FULL_REUSE,RR-INTERMITTENT/1,NO_EXECUTION_FEEDBACK,2,COMPLETE,NOT_COMPUTED_MISSING_EXECUTION_OBSERVATION,,1,20,16,4,20
r8c-4768-2cca187f1050d13b,4768,E2_ROLLING_INCREMENTAL_AFTER_FULL_REUSE,RR-INTERMITTENT/1,NO_REJECTION_CREDIT,2,COMPLETE,NOT_COMPUTED_MISSING_EXECUTION_OBSERVATION,,1,20,16,4,20
r8c-4769-f56210dee1296aa5,4769,E2_ROLLING_INCREMENTAL_AFTER_FULL_REUSE,RR-INTERMITTENT/1,NO_MEMORY_RESET_GATE,2,COMPLETE,NOT_COMPUTED_MISSING_EXECUTION_OBSERVATION,,1,20,16,4,20
r8c-4770-7595a1570ba16dea,4770,E2_ROLLING_INCREMENTAL_AFTER_FULL_REUSE,RR-INTERMITTENT/1,NO_LINEAGE_CREDIT,2,COMPLETE,NOT_COMPUTED_MISSING_EXECUTION_OBSERVATION,,1,20,16,4,20
r8c-4771-db9b143a71a08c97,4771,E2_ROLLING_INCREMENTAL_AFTER_FULL_REUSE,RR-INTERMITTENT/1,CROSS_EVENT_WARM_START_ONLY,2,COMPLETE,NOT_COMPUTED_MISSING_EXECUTION_OBSERVATION,,1,20,16,4,20
r8c-4772-59b11f307cbc85c8,4772,E2_ROLLING_INCREMENTAL_AFTER_FULL_REUSE,RR-INTERMITTENT/1,CROSS_EVENT_MEMORY_ONLY,2,COMPLETE,NOT_COMPUTED_MISSING_EXECUTION_OBSERVATION,,1,20,16,4,20
r8c-4773-1ad8dd82016cf92b,4773,E2_ROLLING_INCREMENTAL_AFTER_FULL_REUSE,RR-INTERMITTENT/1,SHADE_ONLY,2,COMPLETE,NOT_COMPUTED_MISSING_EXECUTION_OBSERVATION,,1,20,16,4,20
r8c-4774-1eb14b0ef48f1e28,4774,E2_ROLLING_INCREMENTAL_AFTER_FULL_REUSE,RR-INTERMITTENT/1,NO_CROSS_EVENT_MEMORY,3,COMPLETE,NOT_COMPUTED_MISSING_EXECUTION_OBSERVATION,,2,20,16,4,20
r8c-4775-3d560d3263778f37,4775,E2_ROLLING_INCREMENTAL_AFTER_FULL_REUSE,RR-INTERMITTENT/1,NO_EXECUTION_FEEDBACK,3,COMPLETE,NOT_COMPUTED_MISSING_EXECUTION_OBSERVATION,,1,20,16,4,20
r8c-4776-5f42eb266a162bd9,4776,E2_ROLLING_INCREMENTAL_AFTER_FULL_REUSE,RR-INTERMITTENT/1,NO_REJECTION_CREDIT,3,COMPLETE,NOT_COMPUTED_MISSING_EXECUTION_OBSERVATION,,0,20,16,4,20
r8c-4777-74de124fcaf650d8,4777,E2_ROLLING_INCREMENTAL_AFTER_FULL_REUSE,RR-INTERMITTENT/1,NO_MEMORY_RESET_GATE,3,COMPLETE,NOT_COMPUTED_MISSING_EXECUTION_OBSERVATION,,1,20,16,4,20
r8c-4778-96bcacf83a18c9d9,4778,E2_ROLLING_INCREMENTAL_AFTER_FULL_REUSE,RR-INTERMITTENT/1,NO_LINEAGE_CREDIT,3,COMPLETE,NOT_COMPUTED_MISSING_EXECUTION_OBSERVATION,,1,20,16,4,20
r8c-4779-d55fee11ad730338,4779,E2_ROLLING_INCREMENTAL_AFTER_FULL_REUSE,RR-INTERMITTENT/1,CROSS_EVENT_WARM_START_ONLY,3,COMPLETE,NOT_COMPUTED_MISSING_EXECUTION_OBSERVATION,,2,20,16,4,20
r8c-4780-90e90003fda65177,4780,E2_ROLLING_INCREMENTAL_AFTER_FULL_REUSE,RR-INTERMITTENT/1,CROSS_EVENT_MEMORY_ONLY,3,COMPLETE,NOT_COMPUTED_MISSING_EXECUTION_OBSERVATION,,1,20,17,3,20
r8c-4781-65639384de163f7b,4781,E2_ROLLING_INCREMENTAL_AFTER_FULL_REUSE,RR-INTERMITTENT/1,SHADE_ONLY,3,COMPLETE,NOT_COMPUTED_MISSING_EXECUTION_OBSERVATION,,2,20,16,4,20
r8c-4782-feca96a0b89d0493,4782,E2_ROLLING_INCREMENTAL_AFTER_FULL_REUSE,RR-INTERMITTENT/1,NO_CROSS_EVENT_MEMORY,4,COMPLETE,NOT_COMPUTED_MISSING_EXECUTION_OBSERVATION,,1,20,16,4,20
r8c-4783-8d4dd33602ad6da7,4783,E2_ROLLING_INCREMENTAL_AFTER_FULL_REUSE,RR-INTERMITTENT/1,NO_EXECUTION_FEEDBACK,4,COMPLETE,NOT_COMPUTED_MISSING_EXECUTION_OBSERVATION,,1,20,16,4,20
r8c-4784-a62081a6acd3c10f,4784,E2_ROLLING_INCREMENTAL_AFTER_FULL_REUSE,RR-INTERMITTENT/1,NO_REJECTION_CREDIT,4,COMPLETE,NOT_COMPUTED_MISSING_EXECUTION_OBSERVATION,,1,20,16,4,20
r8c-4785-e29eb14476356c46,4785,E2_ROLLING_INCREMENTAL_AFTER_FULL_REUSE,RR-INTERMITTENT/1,NO_MEMORY_RESET_GATE,4,COMPLETE,NOT_COMPUTED_MISSING_EXECUTION_OBSERVATION,,1,20,16,4,20
r8c-4786-7519c80add581381,4786,E2_ROLLING_INCREMENTAL_AFTER_FULL_REUSE,RR-INTERMITTENT/1,NO_LINEAGE_CREDIT,4,COMPLETE,NOT_COMPUTED_MISSING_EXECUTION_OBSERVATION,,1,20,16,4,20
r8c-4787-fd68b6eca66e77c1,4787,E2_ROLLING_INCREMENTAL_AFTER_FULL_REUSE,RR-INTERMITTENT/1,CROSS_EVENT_WARM_START_ONLY,4,COMPLETE,NOT_COMPUTED_MISSING_EXECUTION_OBSERVATION,,1,20,16,4,20
r8c-4788-a77fc80d2468ef0f,4788,E2_ROLLING_INCREMENTAL_AFTER_FULL_REUSE,RR-INTERMITTENT/1,CROSS_EVENT_MEMORY_ONLY,4,COMPLETE,NOT_COMPUTED_MISSING_EXECUTION_OBSERVATION,,1,20,17,3,20
r8c-4789-bcfd60340da2b94f,4789,E2_ROLLING_INCREMENTAL_AFTER_FULL_REUSE,RR-INTERMITTENT/1,SHADE_ONLY,4,COMPLETE,NOT_COMPUTED_MISSING_EXECUTION_OBSERVATION,,1,20,15,5,20
r8c-4790-91514cb7bb1ce917,4790,E2_ROLLING_INCREMENTAL_AFTER_FULL_REUSE,RR-INTERMITTENT/2,NO_CROSS_EVENT_MEMORY,0,COMPLETE,NOT_COMPUTED_MISSING_EXECUTION_OBSERVATION,,0,20,13,7,20
r8c-4791-b2991752bbd0e10f,4791,E2_ROLLING_INCREMENTAL_AFTER_FULL_REUSE,RR-INTERMITTENT/2,NO_EXECUTION_FEEDBACK,0,COMPLETE,NOT_COMPUTED_MISSING_EXECUTION_OBSERVATION,,1,20,4,16,20
r8c-4792-4910dd4fd10b380e,4792,E2_ROLLING_INCREMENTAL_AFTER_FULL_REUSE,RR-INTERMITTENT/2,NO_REJECTION_CREDIT,0,COMPLETE,NOT_COMPUTED_MISSING_EXECUTION_OBSERVATION,,0,20,12,8,20
r8c-4793-4cdee1b30d9532f7,4793,E2_ROLLING_INCREMENTAL_AFTER_FULL_REUSE,RR-INTERMITTENT/2,NO_MEMORY_RESET_GATE,0,COMPLETE,NOT_COMPUTED_MISSING_EXECUTION_OBSERVATION,,0,20,12,8,20
r8c-4794-9b6acfc7ea8c4e37,4794,E2_ROLLING_INCREMENTAL_AFTER_FULL_REUSE,RR-INTERMITTENT/2,NO_LINEAGE_CREDIT,0,COMPLETE,NOT_COMPUTED_MISSING_EXECUTION_OBSERVATION,,0,20,12,8,20
r8c-4795-66cec1797a0c63f4,4795,E2_ROLLING_INCREMENTAL_AFTER_FULL_REUSE,RR-INTERMITTENT/2,CROSS_EVENT_WARM_START_ONLY,0,COMPLETE,NOT_COMPUTED_MISSING_EXECUTION_OBSERVATION,,0,20,13,7,20
r8c-4796-67b3a7c58a8eddc8,4796,E2_ROLLING_INCREMENTAL_AFTER_FULL_REUSE,RR-INTERMITTENT/2,CROSS_EVENT_MEMORY_ONLY,0,COMPLETE,NOT_COMPUTED_MISSING_EXECUTION_OBSERVATION,,0,20,12,8,20
r8c-4797-a92965a22b3414da,4797,E2_ROLLING_INCREMENTAL_AFTER_FULL_REUSE,RR-INTERMITTENT/2,SHADE_ONLY,0,COMPLETE,NOT_COMPUTED_MISSING_EXECUTION_OBSERVATION,,0,20,12,8,20
r8c-4798-00918834e6ad123a,4798,E2_ROLLING_INCREMENTAL_AFTER_FULL_REUSE,RR-INTERMITTENT/2,NO_CROSS_EVENT_MEMORY,1,COMPLETE,NOT_COMPUTED_MISSING_EXECUTION_OBSERVATION,,0,20,13,7,20
r8c-4799-d1aaf08173183bb5,4799,E2_ROLLING_INCREMENTAL_AFTER_FULL_REUSE,RR-INTERMITTENT/2,NO_EXECUTION_FEEDBACK,1,COMPLETE,NOT_COMPUTED_MISSING_EXECUTION_OBSERVATION,,0,20,13,7,20
r8c-4800-f1686a38fc8ef43a,4800,E2_ROLLING_INCREMENTAL_AFTER_FULL_REUSE,RR-INTERMITTENT/2,NO_REJECTION_CREDIT,1,COMPLETE,NOT_COMPUTED_MISSING_EXECUTION_OBSERVATION,,0,20,12,8,20
r8c-4801-ceb2a02c7d3cdca5,4801,E2_ROLLING_INCREMENTAL_AFTER_FULL_REUSE,RR-INTERMITTENT/2,NO_MEMORY_RESET_GATE,1,COMPLETE,NOT_COMPUTED_MISSING_EXECUTION_OBSERVATION,,0,20,13,7,20
r8c-4802-b4db9a35df8490b5,4802,E2_ROLLING_INCREMENTAL_AFTER_FULL_REUSE,RR-INTERMITTENT/2,NO_LINEAGE_CREDIT,1,COMPLETE,NOT_COMPUTED_MISSING_EXECUTION_OBSERVATION,,0,20,13,7,20
r8c-4803-e55eaa440ba46783,4803,E2_ROLLING_INCREMENTAL_AFTER_FULL_REUSE,RR-INTERMITTENT/2,CROSS_EVENT_WARM_START_ONLY,1,COMPLETE,NOT_COMPUTED_MISSING_EXECUTION_OBSERVATION,,0,20,13,7,20
r8c-4804-8a132115e47100ba,4804,E2_ROLLING_INCREMENTAL_AFTER_FULL_REUSE,RR-INTERMITTENT/2,CROSS_EVENT_MEMORY_ONLY,1,COMPLETE,NOT_COMPUTED_MISSING_EXECUTION_OBSERVATION,,0,20,13,7,20
r8c-4805-6642f12526c874c1,4805,E2_ROLLING_INCREMENTAL_AFTER_FULL_REUSE,RR-INTERMITTENT/2,SHADE_ONLY,1,COMPLETE,NOT_COMPUTED_MISSING_EXECUTION_OBSERVATION,,0,20,13,7,20
r8c-4806-52594f3a71ed2acb,4806,E2_ROLLING_INCREMENTAL_AFTER_FULL_REUSE,RR-INTERMITTENT/2,NO_CROSS_EVENT_MEMORY,2,COMPLETE,NOT_COMPUTED_MISSING_EXECUTION_OBSERVATION,,0,20,13,7,20
r8c-4807-2dcd77057cd315e7,4807,E2_ROLLING_INCREMENTAL_AFTER_FULL_REUSE,RR-INTERMITTENT/2,NO_EXECUTION_FEEDBACK,2,COMPLETE,NOT_COMPUTED_MISSING_EXECUTION_OBSERVATION,,0,20,12,8,20
r8c-4808-88f2e4a2bb707b7d,4808,E2_ROLLING_INCREMENTAL_AFTER_FULL_REUSE,RR-INTERMITTENT/2,NO_REJECTION_CREDIT,2,COMPLETE,NOT_COMPUTED_MISSING_EXECUTION_OBSERVATION,,0,20,12,8,20
r8c-4809-abd0aaab388ff3ee,4809,E2_ROLLING_INCREMENTAL_AFTER_FULL_REUSE,RR-INTERMITTENT/2,NO_MEMORY_RESET_GATE,2,COMPLETE,NOT_COMPUTED_MISSING_EXECUTION_OBSERVATION,,0,20,11,9,20
r8c-4810-e0b8c7548585ca1a,4810,E2_ROLLING_INCREMENTAL_AFTER_FULL_REUSE,RR-INTERMITTENT/2,NO_LINEAGE_CREDIT,2,COMPLETE,NOT_COMPUTED_MISSING_EXECUTION_OBSERVATION,,0,20,13,7,20
r8c-4811-d15e0a8241dc5906,4811,E2_ROLLING_INCREMENTAL_AFTER_FULL_REUSE,RR-INTERMITTENT/2,CROSS_EVENT_WARM_START_ONLY,2,COMPLETE,NOT_COMPUTED_MISSING_EXECUTION_OBSERVATION,,0,20,12,8,20
r8c-4812-d1fd3cb5a5e2494f,4812,E2_ROLLING_INCREMENTAL_AFTER_FULL_REUSE,RR-INTERMITTENT/2,CROSS_EVENT_MEMORY_ONLY,2,COMPLETE,NOT_COMPUTED_MISSING_EXECUTION_OBSERVATION,,0,20,13,7,20
r8c-4813-e90d7a73f2eaecc9,4813,E2_ROLLING_INCREMENTAL_AFTER_FULL_REUSE,RR-INTERMITTENT/2,SHADE_ONLY,2,COMPLETE,NOT_COMPUTED_MISSING_EXECUTION_OBSERVATION,,0,20,12,8,20
r8c-4814-bc5ce3b55749d476,4814,E2_ROLLING_INCREMENTAL_AFTER_FULL_REUSE,RR-INTERMITTENT/2,NO_CROSS_EVENT_MEMORY,3,COMPLETE,NOT_COMPUTED_MISSING_EXECUTION_OBSERVATION,,0,20,13,7,20
r8c-4815-3735359dea002d1c,4815,E2_ROLLING_INCREMENTAL_AFTER_FULL_REUSE,RR-INTERMITTENT/2,NO_EXECUTION_FEEDBACK,3,COMPLETE,NOT_COMPUTED_MISSING_EXECUTION_OBSERVATION,,0,20,11,9,20
r8c-4816-a2090a94b1a0b04c,4816,E2_ROLLING_INCREMENTAL_AFTER_FULL_REUSE,RR-INTERMITTENT/2,NO_REJECTION_CREDIT,3,COMPLETE,NOT_COMPUTED_MISSING_EXECUTION_OBSERVATION,,0,20,13,7,20
r8c-4817-b95ed629852eafdb,4817,E2_ROLLING_INCREMENTAL_AFTER_FULL_REUSE,RR-INTERMITTENT/2,NO_MEMORY_RESET_GATE,3,COMPLETE,NOT_COMPUTED_MISSING_EXECUTION_OBSERVATION,,0,20,12,8,20
r8c-4818-b5c345eb05c897a7,4818,E2_ROLLING_INCREMENTAL_AFTER_FULL_REUSE,RR-INTERMITTENT/2,NO_LINEAGE_CREDIT,3,COMPLETE,NOT_COMPUTED_MISSING_EXECUTION_OBSERVATION,,0,20,12,8,20
r8c-4819-6a4a51c43a75ec58,4819,E2_ROLLING_INCREMENTAL_AFTER_FULL_REUSE,RR-INTERMITTENT/2,CROSS_EVENT_WARM_START_ONLY,3,COMPLETE,NOT_COMPUTED_MISSING_EXECUTION_OBSERVATION,,0,20,12,8,20
r8c-4820-f317be7e46a10b6f,4820,E2_ROLLING_INCREMENTAL_AFTER_FULL_REUSE,RR-INTERMITTENT/2,CROSS_EVENT_MEMORY_ONLY,3,COMPLETE,NOT_COMPUTED_MISSING_EXECUTION_OBSERVATION,,0,20,13,7,20
r8c-4821-2edced16c58b8fcd,4821,E2_ROLLING_INCREMENTAL_AFTER_FULL_REUSE,RR-INTERMITTENT/2,SHADE_ONLY,3,COMPLETE,NOT_COMPUTED_MISSING_EXECUTION_OBSERVATION,,0,20,12,8,20
r8c-4822-6259cfec4427decb,4822,E2_ROLLING_INCREMENTAL_AFTER_FULL_REUSE,RR-INTERMITTENT/2,NO_CROSS_EVENT_MEMORY,4,COMPLETE,NOT_COMPUTED_MISSING_EXECUTION_OBSERVATION,,0,20,12,8,20
r8c-4823-6434afbcf198f355,4823,E2_ROLLING_INCREMENTAL_AFTER_FULL_REUSE,RR-INTERMITTENT/2,NO_EXECUTION_FEEDBACK,4,COMPLETE,NOT_COMPUTED_MISSING_EXECUTION_OBSERVATION,,0,20,13,7,20
r8c-4824-23dbde1d25589534,4824,E2_ROLLING_INCREMENTAL_AFTER_FULL_REUSE,RR-INTERMITTENT/2,NO_REJECTION_CREDIT,4,COMPLETE,NOT_COMPUTED_MISSING_EXECUTION_OBSERVATION,,0,20,13,7,20
r8c-4825-547aa87063e5c39c,4825,E2_ROLLING_INCREMENTAL_AFTER_FULL_REUSE,RR-INTERMITTENT/2,NO_MEMORY_RESET_GATE,4,COMPLETE,NOT_COMPUTED_MISSING_EXECUTION_OBSERVATION,,0,20,12,8,20
r8c-4826-3b23138092535c10,4826,E2_ROLLING_INCREMENTAL_AFTER_FULL_REUSE,RR-INTERMITTENT/2,NO_LINEAGE_CREDIT,4,COMPLETE,NOT_COMPUTED_MISSING_EXECUTION_OBSERVATION,,0,20,12,8,20
r8c-4827-ece6b10612da3870,4827,E2_ROLLING_INCREMENTAL_AFTER_FULL_REUSE,RR-INTERMITTENT/2,CROSS_EVENT_WARM_START_ONLY,4,COMPLETE,NOT_COMPUTED_MISSING_EXECUTION_OBSERVATION,,0,20,13,7,20
r8c-4828-4c0e017cea44c6f5,4828,E2_ROLLING_INCREMENTAL_AFTER_FULL_REUSE,RR-INTERMITTENT/2,CROSS_EVENT_MEMORY_ONLY,4,COMPLETE,NOT_COMPUTED_MISSING_EXECUTION_OBSERVATION,,0,20,13,7,20
r8c-4829-eaa540c718f8db41,4829,E2_ROLLING_INCREMENTAL_AFTER_FULL_REUSE,RR-INTERMITTENT/2,SHADE_ONLY,4,COMPLETE,NOT_COMPUTED_MISSING_EXECUTION_OBSERVATION,,0,20,12,8,20
r8c-4830-c8753455b1b495ad,4830,E2_ROLLING_INCREMENTAL_AFTER_FULL_REUSE,RR-INTERMITTENT/3,NO_CROSS_EVENT_MEMORY,0,COMPLETE,NOT_COMPUTED_MISSING_EXECUTION_OBSERVATION,,0,20,5,15,20
r8c-4831-c75d2910c2311a84,4831,E2_ROLLING_INCREMENTAL_AFTER_FULL_REUSE,RR-INTERMITTENT/3,NO_EXECUTION_FEEDBACK,0,COMPLETE,NOT_COMPUTED_MISSING_EXECUTION_OBSERVATION,,1,20,13,7,20
r8c-4832-c07db4e00b8b6abb,4832,E2_ROLLING_INCREMENTAL_AFTER_FULL_REUSE,RR-INTERMITTENT/3,NO_REJECTION_CREDIT,0,COMPLETE,NOT_COMPUTED_MISSING_EXECUTION_OBSERVATION,,1,20,12,8,20
r8c-4833-d0743e8a551cdab3,4833,E2_ROLLING_INCREMENTAL_AFTER_FULL_REUSE,RR-INTERMITTENT/3,NO_MEMORY_RESET_GATE,0,COMPLETE,NOT_COMPUTED_MISSING_EXECUTION_OBSERVATION,,0,20,3,17,20
r8c-4834-bd7f9c2955d16e4d,4834,E2_ROLLING_INCREMENTAL_AFTER_FULL_REUSE,RR-INTERMITTENT/3,NO_LINEAGE_CREDIT,0,COMPLETE,NOT_COMPUTED_MISSING_EXECUTION_OBSERVATION,,0,20,2,18,20
r8c-4835-24d192d74bf3aec6,4835,E2_ROLLING_INCREMENTAL_AFTER_FULL_REUSE,RR-INTERMITTENT/3,CROSS_EVENT_WARM_START_ONLY,0,COMPLETE,NOT_COMPUTED_MISSING_EXECUTION_OBSERVATION,,0,20,3,17,20
r8c-4836-80b4ce53e08ce13b,4836,E2_ROLLING_INCREMENTAL_AFTER_FULL_REUSE,RR-INTERMITTENT/3,CROSS_EVENT_MEMORY_ONLY,0,COMPLETE,NOT_COMPUTED_MISSING_EXECUTION_OBSERVATION,,1,20,5,15,20
r8c-4837-731d2ff97e519e52,4837,E2_ROLLING_INCREMENTAL_AFTER_FULL_REUSE,RR-INTERMITTENT/3,SHADE_ONLY,0,COMPLETE,NOT_COMPUTED_MISSING_EXECUTION_OBSERVATION,,1,20,11,9,20
r8c-4838-2a27cf0212d9dc77,4838,E2_ROLLING_INCREMENTAL_AFTER_FULL_REUSE,RR-INTERMITTENT/3,NO_CROSS_EVENT_MEMORY,1,COMPLETE,NOT_COMPUTED_MISSING_EXECUTION_OBSERVATION,,1,20,13,7,20
r8c-4839-f6d566d313a9588f,4839,E2_ROLLING_INCREMENTAL_AFTER_FULL_REUSE,RR-INTERMITTENT/3,NO_EXECUTION_FEEDBACK,1,COMPLETE,NOT_COMPUTED_MISSING_EXECUTION_OBSERVATION,,2,20,7,13,20
r8c-4840-cbefa276776b075a,4840,E2_ROLLING_INCREMENTAL_AFTER_FULL_REUSE,RR-INTERMITTENT/3,NO_REJECTION_CREDIT,1,COMPLETE,NOT_COMPUTED_MISSING_EXECUTION_OBSERVATION,,1,20,5,15,20
r8c-4841-8d6c87714c394c84,4841,E2_ROLLING_INCREMENTAL_AFTER_FULL_REUSE,RR-INTERMITTENT/3,NO_MEMORY_RESET_GATE,1,COMPLETE,NOT_COMPUTED_MISSING_EXECUTION_OBSERVATION,,2,20,10,10,20
r8c-4842-a8a2e0b5b91f515d,4842,E2_ROLLING_INCREMENTAL_AFTER_FULL_REUSE,RR-INTERMITTENT/3,NO_LINEAGE_CREDIT,1,COMPLETE,NOT_COMPUTED_MISSING_EXECUTION_OBSERVATION,,1,20,3,17,20
r8c-4843-a6e888127c5a7a34,4843,E2_ROLLING_INCREMENTAL_AFTER_FULL_REUSE,RR-INTERMITTENT/3,CROSS_EVENT_WARM_START_ONLY,1,COMPLETE,NOT_COMPUTED_MISSING_EXECUTION_OBSERVATION,,2,20,12,8,20
r8c-4844-9eea10e4f972905b,4844,E2_ROLLING_INCREMENTAL_AFTER_FULL_REUSE,RR-INTERMITTENT/3,CROSS_EVENT_MEMORY_ONLY,1,COMPLETE,NOT_COMPUTED_MISSING_EXECUTION_OBSERVATION,,1,20,12,8,20
r8c-4845-054614eff1ef06dc,4845,E2_ROLLING_INCREMENTAL_AFTER_FULL_REUSE,RR-INTERMITTENT/3,SHADE_ONLY,1,COMPLETE,NOT_COMPUTED_MISSING_EXECUTION_OBSERVATION,,2,20,13,7,20
r8c-4846-a2b4db4853ae5236,4846,E2_ROLLING_INCREMENTAL_AFTER_FULL_REUSE,RR-INTERMITTENT/3,NO_CROSS_EVENT_MEMORY,2,COMPLETE,NOT_COMPUTED_MISSING_EXECUTION_OBSERVATION,,1,20,7,13,20
r8c-4847-4e2325cfcb888de4,4847,E2_ROLLING_INCREMENTAL_AFTER_FULL_REUSE,RR-INTERMITTENT/3,NO_EXECUTION_FEEDBACK,2,COMPLETE,NOT_COMPUTED_MISSING_EXECUTION_OBSERVATION,,1,20,3,17,20
r8c-4848-727dcd65d533c331,4848,E2_ROLLING_INCREMENTAL_AFTER_FULL_REUSE,RR-INTERMITTENT/3,NO_REJECTION_CREDIT,2,COMPLETE,NOT_COMPUTED_MISSING_EXECUTION_OBSERVATION,,2,20,3,17,20
r8c-4849-4487426ce402a81d,4849,E2_ROLLING_INCREMENTAL_AFTER_FULL_REUSE,RR-INTERMITTENT/3,NO_MEMORY_RESET_GATE,2,COMPLETE,NOT_COMPUTED_MISSING_EXECUTION_OBSERVATION,,1,20,3,17,20
r8c-4850-b7ac29fc006d9941,4850,E2_ROLLING_INCREMENTAL_AFTER_FULL_REUSE,RR-INTERMITTENT/3,NO_LINEAGE_CREDIT,2,COMPLETE,NOT_COMPUTED_MISSING_EXECUTION_OBSERVATION,,0,20,3,17,20
r8c-4851-dc469bc4cb14673e,4851,E2_ROLLING_INCREMENTAL_AFTER_FULL_REUSE,RR-INTERMITTENT/3,CROSS_EVENT_WARM_START_ONLY,2,COMPLETE,NOT_COMPUTED_MISSING_EXECUTION_OBSERVATION,,2,20,4,16,20
r8c-4852-7a3fd14fd3748a34,4852,E2_ROLLING_INCREMENTAL_AFTER_FULL_REUSE,RR-INTERMITTENT/3,CROSS_EVENT_MEMORY_ONLY,2,COMPLETE,NOT_COMPUTED_MISSING_EXECUTION_OBSERVATION,,2,20,13,7,20
r8c-4853-6cb3fc7fb4094933,4853,E2_ROLLING_INCREMENTAL_AFTER_FULL_REUSE,RR-INTERMITTENT/3,SHADE_ONLY,2,COMPLETE,NOT_COMPUTED_MISSING_EXECUTION_OBSERVATION,,1,20,13,7,20
r8c-4854-fcd8288cde89d836,4854,E2_ROLLING_INCREMENTAL_AFTER_FULL_REUSE,RR-INTERMITTENT/3,NO_CROSS_EVENT_MEMORY,3,COMPLETE,NOT_COMPUTED_MISSING_EXECUTION_OBSERVATION,,2,20,13,7,20
r8c-4855-4a54eb023fab21b3,4855,E2_ROLLING_INCREMENTAL_AFTER_FULL_REUSE,RR-INTERMITTENT/3,NO_EXECUTION_FEEDBACK,3,COMPLETE,NOT_COMPUTED_MISSING_EXECUTION_OBSERVATION,,1,20,13,7,20
r8c-4856-4a3d59896dad4d24,4856,E2_ROLLING_INCREMENTAL_AFTER_FULL_REUSE,RR-INTERMITTENT/3,NO_REJECTION_CREDIT,3,COMPLETE,NOT_COMPUTED_MISSING_EXECUTION_OBSERVATION,,3,20,7,13,20
r8c-4857-166242226a530e0c,4857,E2_ROLLING_INCREMENTAL_AFTER_FULL_REUSE,RR-INTERMITTENT/3,NO_MEMORY_RESET_GATE,3,COMPLETE,NOT_COMPUTED_MISSING_EXECUTION_OBSERVATION,,1,20,3,17,20
r8c-4858-5304bb91af9c868f,4858,E2_ROLLING_INCREMENTAL_AFTER_FULL_REUSE,RR-INTERMITTENT/3,NO_LINEAGE_CREDIT,3,COMPLETE,NOT_COMPUTED_MISSING_EXECUTION_OBSERVATION,,1,20,6,14,20
r8c-4859-a27d484ab8badf24,4859,E2_ROLLING_INCREMENTAL_AFTER_FULL_REUSE,RR-INTERMITTENT/3,CROSS_EVENT_WARM_START_ONLY,3,COMPLETE,NOT_COMPUTED_MISSING_EXECUTION_OBSERVATION,,0,20,10,10,20
r8c-4860-89eabf15b7ac7a7a,4860,E2_ROLLING_INCREMENTAL_AFTER_FULL_REUSE,RR-INTERMITTENT/3,CROSS_EVENT_MEMORY_ONLY,3,COMPLETE,NOT_COMPUTED_MISSING_EXECUTION_OBSERVATION,,1,20,11,9,20
r8c-4861-4cf283559672a755,4861,E2_ROLLING_INCREMENTAL_AFTER_FULL_REUSE,RR-INTERMITTENT/3,SHADE_ONLY,3,COMPLETE,NOT_COMPUTED_MISSING_EXECUTION_OBSERVATION,,1,20,12,8,20
r8c-4862-24bbf198456fb887,4862,E2_ROLLING_INCREMENTAL_AFTER_FULL_REUSE,RR-INTERMITTENT/3,NO_CROSS_EVENT_MEMORY,4,COMPLETE,NOT_COMPUTED_MISSING_EXECUTION_OBSERVATION,,0,20,8,12,20
r8c-4863-cfd88ae07b51efc3,4863,E2_ROLLING_INCREMENTAL_AFTER_FULL_REUSE,RR-INTERMITTENT/3,NO_EXECUTION_FEEDBACK,4,COMPLETE,NOT_COMPUTED_MISSING_EXECUTION_OBSERVATION,,1,20,2,18,20
r8c-4864-a8da053b0a2a005e,4864,E2_ROLLING_INCREMENTAL_AFTER_FULL_REUSE,RR-INTERMITTENT/3,NO_REJECTION_CREDIT,4,COMPLETE,NOT_COMPUTED_MISSING_EXECUTION_OBSERVATION,,1,20,12,8,20
r8c-4865-672c2774689cbfcc,4865,E2_ROLLING_INCREMENTAL_AFTER_FULL_REUSE,RR-INTERMITTENT/3,NO_MEMORY_RESET_GATE,4,COMPLETE,NOT_COMPUTED_MISSING_EXECUTION_OBSERVATION,,0,20,3,17,20
r8c-4866-eb0333857c8792d7,4866,E2_ROLLING_INCREMENTAL_AFTER_FULL_REUSE,RR-INTERMITTENT/3,NO_LINEAGE_CREDIT,4,COMPLETE,NOT_COMPUTED_MISSING_EXECUTION_OBSERVATION,,2,20,12,8,20
r8c-4867-2e5fb41f283f1b61,4867,E2_ROLLING_INCREMENTAL_AFTER_FULL_REUSE,RR-INTERMITTENT/3,CROSS_EVENT_WARM_START_ONLY,4,COMPLETE,NOT_COMPUTED_MISSING_EXECUTION_OBSERVATION,,6,20,12,8,20
r8c-4868-6cee7b76e86ea117,4868,E2_ROLLING_INCREMENTAL_AFTER_FULL_REUSE,RR-INTERMITTENT/3,CROSS_EVENT_MEMORY_ONLY,4,COMPLETE,NOT_COMPUTED_MISSING_EXECUTION_OBSERVATION,,1,20,12,8,20
r8c-4869-c1a83be330f2191f,4869,E2_ROLLING_INCREMENTAL_AFTER_FULL_REUSE,RR-INTERMITTENT/3,SHADE_ONLY,4,COMPLETE,NOT_COMPUTED_MISSING_EXECUTION_OBSERVATION,,1,20,11,9,20
r8c-4870-f54b8d2a168bd67c,4870,E2_ROLLING_INCREMENTAL_AFTER_FULL_REUSE,RR-INTERMITTENT/4,NO_CROSS_EVENT_MEMORY,0,COMPLETE,NOT_COMPUTED_MISSING_EXECUTION_OBSERVATION,,2,20,15,5,20
r8c-4871-143ee9d35842508f,4871,E2_ROLLING_INCREMENTAL_AFTER_FULL_REUSE,RR-INTERMITTENT/4,NO_EXECUTION_FEEDBACK,0,COMPLETE,NOT_COMPUTED_MISSING_EXECUTION_OBSERVATION,,2,20,15,5,20
r8c-4872-f36779a76fa300f3,4872,E2_ROLLING_INCREMENTAL_AFTER_FULL_REUSE,RR-INTERMITTENT/4,NO_REJECTION_CREDIT,0,COMPLETE,NOT_COMPUTED_MISSING_EXECUTION_OBSERVATION,,1,20,13,7,20
r8c-4873-c97c89be3f640161,4873,E2_ROLLING_INCREMENTAL_AFTER_FULL_REUSE,RR-INTERMITTENT/4,NO_MEMORY_RESET_GATE,0,COMPLETE,NOT_COMPUTED_MISSING_EXECUTION_OBSERVATION,,1,20,13,7,20
r8c-4874-eee852486b4b8e36,4874,E2_ROLLING_INCREMENTAL_AFTER_FULL_REUSE,RR-INTERMITTENT/4,NO_LINEAGE_CREDIT,0,COMPLETE,NOT_COMPUTED_MISSING_EXECUTION_OBSERVATION,,1,20,15,5,20
r8c-4875-f65b31bf707d15ca,4875,E2_ROLLING_INCREMENTAL_AFTER_FULL_REUSE,RR-INTERMITTENT/4,CROSS_EVENT_WARM_START_ONLY,0,COMPLETE,NOT_COMPUTED_MISSING_EXECUTION_OBSERVATION,,0,20,12,8,20
r8c-4876-54c9ca6c90957843,4876,E2_ROLLING_INCREMENTAL_AFTER_FULL_REUSE,RR-INTERMITTENT/4,CROSS_EVENT_MEMORY_ONLY,0,COMPLETE,NOT_COMPUTED_MISSING_EXECUTION_OBSERVATION,,0,20,15,5,20
r8c-4877-8d9be7dd3b0a9559,4877,E2_ROLLING_INCREMENTAL_AFTER_FULL_REUSE,RR-INTERMITTENT/4,SHADE_ONLY,0,COMPLETE,NOT_COMPUTED_MISSING_EXECUTION_OBSERVATION,,1,20,15,5,20
r8c-4878-4eb2906d3f6b9156,4878,E2_ROLLING_INCREMENTAL_AFTER_FULL_REUSE,RR-INTERMITTENT/4,NO_CROSS_EVENT_MEMORY,1,COMPLETE,NOT_COMPUTED_MISSING_EXECUTION_OBSERVATION,,1,20,15,5,20
r8c-4879-3c23cf9d102f4257,4879,E2_ROLLING_INCREMENTAL_AFTER_FULL_REUSE,RR-INTERMITTENT/4,NO_EXECUTION_FEEDBACK,1,COMPLETE,NOT_COMPUTED_MISSING_EXECUTION_OBSERVATION,,1,20,13,7,20
r8c-4880-58c8c2e4a85ce3b5,4880,E2_ROLLING_INCREMENTAL_AFTER_FULL_REUSE,RR-INTERMITTENT/4,NO_REJECTION_CREDIT,1,COMPLETE,NOT_COMPUTED_MISSING_EXECUTION_OBSERVATION,,2,20,15,5,20
r8c-4881-a8656ea093e22a2a,4881,E2_ROLLING_INCREMENTAL_AFTER_FULL_REUSE,RR-INTERMITTENT/4,NO_MEMORY_RESET_GATE,1,COMPLETE,NOT_COMPUTED_MISSING_EXECUTION_OBSERVATION,,1,20,15,5,20
r8c-4882-88a1772f20f3ec07,4882,E2_ROLLING_INCREMENTAL_AFTER_FULL_REUSE,RR-INTERMITTENT/4,NO_LINEAGE_CREDIT,1,COMPLETE,NOT_COMPUTED_MISSING_EXECUTION_OBSERVATION,,1,20,15,5,20
r8c-4883-25f4eeb964267aae,4883,E2_ROLLING_INCREMENTAL_AFTER_FULL_REUSE,RR-INTERMITTENT/4,CROSS_EVENT_WARM_START_ONLY,1,COMPLETE,NOT_COMPUTED_MISSING_EXECUTION_OBSERVATION,,1,20,14,6,20
r8c-4884-283298dfc4ead446,4884,E2_ROLLING_INCREMENTAL_AFTER_FULL_REUSE,RR-INTERMITTENT/4,CROSS_EVENT_MEMORY_ONLY,1,COMPLETE,NOT_COMPUTED_MISSING_EXECUTION_OBSERVATION,,1,20,15,5,20
r8c-4885-11e240fa75d91fc5,4885,E2_ROLLING_INCREMENTAL_AFTER_FULL_REUSE,RR-INTERMITTENT/4,SHADE_ONLY,1,COMPLETE,NOT_COMPUTED_MISSING_EXECUTION_OBSERVATION,,2,20,15,5,20
r8c-4886-4a4fa9b9a4d695cd,4886,E2_ROLLING_INCREMENTAL_AFTER_FULL_REUSE,RR-INTERMITTENT/4,NO_CROSS_EVENT_MEMORY,2,COMPLETE,NOT_COMPUTED_MISSING_EXECUTION_OBSERVATION,,2,20,15,5,20
r8c-4887-5e2f23b743b36a33,4887,E2_ROLLING_INCREMENTAL_AFTER_FULL_REUSE,RR-INTERMITTENT/4,NO_EXECUTION_FEEDBACK,2,COMPLETE,NOT_COMPUTED_MISSING_EXECUTION_OBSERVATION,,1,20,13,7,20
r8c-4888-89f34f8db473fe52,4888,E2_ROLLING_INCREMENTAL_AFTER_FULL_REUSE,RR-INTERMITTENT/4,NO_REJECTION_CREDIT,2,COMPLETE,NOT_COMPUTED_MISSING_EXECUTION_OBSERVATION,,1,20,15,5,20
r8c-4889-fdd79cfcc823fa8b,4889,E2_ROLLING_INCREMENTAL_AFTER_FULL_REUSE,RR-INTERMITTENT/4,NO_MEMORY_RESET_GATE,2,COMPLETE,NOT_COMPUTED_MISSING_EXECUTION_OBSERVATION,,0,20,12,8,20
r8c-4890-901b631e69890397,4890,E2_ROLLING_INCREMENTAL_AFTER_FULL_REUSE,RR-INTERMITTENT/4,NO_LINEAGE_CREDIT,2,COMPLETE,NOT_COMPUTED_MISSING_EXECUTION_OBSERVATION,,0,20,13,7,20
r8c-4891-417dc3b2caad460e,4891,E2_ROLLING_INCREMENTAL_AFTER_FULL_REUSE,RR-INTERMITTENT/4,CROSS_EVENT_WARM_START_ONLY,2,COMPLETE,NOT_COMPUTED_MISSING_EXECUTION_OBSERVATION,,1,20,15,5,20
r8c-4892-e5856dfbcfc5e062,4892,E2_ROLLING_INCREMENTAL_AFTER_FULL_REUSE,RR-INTERMITTENT/4,CROSS_EVENT_MEMORY_ONLY,2,COMPLETE,NOT_COMPUTED_MISSING_EXECUTION_OBSERVATION,,1,20,15,5,20
r8c-4893-d19c4303eb0e3638,4893,E2_ROLLING_INCREMENTAL_AFTER_FULL_REUSE,RR-INTERMITTENT/4,SHADE_ONLY,2,COMPLETE,NOT_COMPUTED_MISSING_EXECUTION_OBSERVATION,,0,20,12,8,20
r8c-4894-e05d0f36b676deec,4894,E2_ROLLING_INCREMENTAL_AFTER_FULL_REUSE,RR-INTERMITTENT/4,NO_CROSS_EVENT_MEMORY,3,COMPLETE,NOT_COMPUTED_MISSING_EXECUTION_OBSERVATION,,1,20,13,7,20
r8c-4895-b86294dfc3426457,4895,E2_ROLLING_INCREMENTAL_AFTER_FULL_REUSE,RR-INTERMITTENT/4,NO_EXECUTION_FEEDBACK,3,COMPLETE,NOT_COMPUTED_MISSING_EXECUTION_OBSERVATION,,0,20,11,9,20
r8c-4896-8547dceaf52294fd,4896,E2_ROLLING_INCREMENTAL_AFTER_FULL_REUSE,RR-INTERMITTENT/4,NO_REJECTION_CREDIT,3,COMPLETE,NOT_COMPUTED_MISSING_EXECUTION_OBSERVATION,,1,20,13,7,20
r8c-4897-1ed6fb321b76c190,4897,E2_ROLLING_INCREMENTAL_AFTER_FULL_REUSE,RR-INTERMITTENT/4,NO_MEMORY_RESET_GATE,3,COMPLETE,NOT_COMPUTED_MISSING_EXECUTION_OBSERVATION,,2,20,14,6,20
r8c-4898-d10bbc8e5bd4bf86,4898,E2_ROLLING_INCREMENTAL_AFTER_FULL_REUSE,RR-INTERMITTENT/4,NO_LINEAGE_CREDIT,3,COMPLETE,NOT_COMPUTED_MISSING_EXECUTION_OBSERVATION,,1,20,15,5,20
r8c-4899-2217dce1a46a191b,4899,E2_ROLLING_INCREMENTAL_AFTER_FULL_REUSE,RR-INTERMITTENT/4,CROSS_EVENT_WARM_START_ONLY,3,COMPLETE,NOT_COMPUTED_MISSING_EXECUTION_OBSERVATION,,1,20,15,5,20
r8c-4900-c23e6eae1bbcee42,4900,E2_ROLLING_INCREMENTAL_AFTER_FULL_REUSE,RR-INTERMITTENT/4,CROSS_EVENT_MEMORY_ONLY,3,COMPLETE,NOT_COMPUTED_MISSING_EXECUTION_OBSERVATION,,2,20,15,5,20
r8c-4901-cb8a87b454c96a64,4901,E2_ROLLING_INCREMENTAL_AFTER_FULL_REUSE,RR-INTERMITTENT/4,SHADE_ONLY,3,COMPLETE,NOT_COMPUTED_MISSING_EXECUTION_OBSERVATION,,1,20,14,6,20
r8c-4902-69a0e539fcd3e0bf,4902,E2_ROLLING_INCREMENTAL_AFTER_FULL_REUSE,RR-INTERMITTENT/4,NO_CROSS_EVENT_MEMORY,4,COMPLETE,NOT_COMPUTED_MISSING_EXECUTION_OBSERVATION,,1,20,15,5,20
r8c-4903-358bb5f47086498b,4903,E2_ROLLING_INCREMENTAL_AFTER_FULL_REUSE,RR-INTERMITTENT/4,NO_EXECUTION_FEEDBACK,4,COMPLETE,NOT_COMPUTED_MISSING_EXECUTION_OBSERVATION,,1,20,15,5,20
r8c-4904-caa51059ecaf65fa,4904,E2_ROLLING_INCREMENTAL_AFTER_FULL_REUSE,RR-INTERMITTENT/4,NO_REJECTION_CREDIT,4,COMPLETE,NOT_COMPUTED_MISSING_EXECUTION_OBSERVATION,,1,20,13,7,20
r8c-4905-fad1fba56b444892,4905,E2_ROLLING_INCREMENTAL_AFTER_FULL_REUSE,RR-INTERMITTENT/4,NO_MEMORY_RESET_GATE,4,COMPLETE,NOT_COMPUTED_MISSING_EXECUTION_OBSERVATION,,2,20,13,7,20
r8c-4906-f6701086b7f2bdfb,4906,E2_ROLLING_INCREMENTAL_AFTER_FULL_REUSE,RR-INTERMITTENT/4,NO_LINEAGE_CREDIT,4,COMPLETE,NOT_COMPUTED_MISSING_EXECUTION_OBSERVATION,,0,20,12,8,20
r8c-4907-d0be2b48b17c28ce,4907,E2_ROLLING_INCREMENTAL_AFTER_FULL_REUSE,RR-INTERMITTENT/4,CROSS_EVENT_WARM_START_ONLY,4,COMPLETE,NOT_COMPUTED_MISSING_EXECUTION_OBSERVATION,,1,20,14,6,20
r8c-4908-a164c4c2f78dafab,4908,E2_ROLLING_INCREMENTAL_AFTER_FULL_REUSE,RR-INTERMITTENT/4,CROSS_EVENT_MEMORY_ONLY,4,COMPLETE,NOT_COMPUTED_MISSING_EXECUTION_OBSERVATION,,1,20,15,5,20
r8c-4909-89ceffb610bb7bf7,4909,E2_ROLLING_INCREMENTAL_AFTER_FULL_REUSE,RR-INTERMITTENT/4,SHADE_ONLY,4,COMPLETE,NOT_COMPUTED_MISSING_EXECUTION_OBSERVATION,,1,20,15,5,20
r8c-4910-9fb58be33cddafeb,4910,E2_ROLLING_INCREMENTAL_AFTER_FULL_REUSE,RR-INTERMITTENT/5,NO_CROSS_EVENT_MEMORY,0,COMPLETE,NOT_COMPUTED_MISSING_EXECUTION_OBSERVATION,,1,20,17,3,20
r8c-4911-d5dc1198fd4fe766,4911,E2_ROLLING_INCREMENTAL_AFTER_FULL_REUSE,RR-INTERMITTENT/5,NO_EXECUTION_FEEDBACK,0,COMPLETE,NOT_COMPUTED_MISSING_EXECUTION_OBSERVATION,,2,20,16,4,20
r8c-4912-434f09e7400c6dd7,4912,E2_ROLLING_INCREMENTAL_AFTER_FULL_REUSE,RR-INTERMITTENT/5,NO_REJECTION_CREDIT,0,COMPLETE,NOT_COMPUTED_MISSING_EXECUTION_OBSERVATION,,1,20,15,5,20
r8c-4913-b48f94cf93d95be4,4913,E2_ROLLING_INCREMENTAL_AFTER_FULL_REUSE,RR-INTERMITTENT/5,NO_MEMORY_RESET_GATE,0,COMPLETE,NOT_COMPUTED_MISSING_EXECUTION_OBSERVATION,,1,20,15,5,20
r8c-4914-41c2eb02a6bfb322,4914,E2_ROLLING_INCREMENTAL_AFTER_FULL_REUSE,RR-INTERMITTENT/5,NO_LINEAGE_CREDIT,0,COMPLETE,NOT_COMPUTED_MISSING_EXECUTION_OBSERVATION,,2,20,15,5,20
r8c-4915-599ab99f331e3c3b,4915,E2_ROLLING_INCREMENTAL_AFTER_FULL_REUSE,RR-INTERMITTENT/5,CROSS_EVENT_WARM_START_ONLY,0,COMPLETE,NOT_COMPUTED_MISSING_EXECUTION_OBSERVATION,,1,20,16,4,20
r8c-4916-84f6775663b0613a,4916,E2_ROLLING_INCREMENTAL_AFTER_FULL_REUSE,RR-INTERMITTENT/5,CROSS_EVENT_MEMORY_ONLY,0,COMPLETE,NOT_COMPUTED_MISSING_EXECUTION_OBSERVATION,,2,20,12,8,20
r8c-4917-72fbbb581dfa60af,4917,E2_ROLLING_INCREMENTAL_AFTER_FULL_REUSE,RR-INTERMITTENT/5,SHADE_ONLY,0,COMPLETE,NOT_COMPUTED_MISSING_EXECUTION_OBSERVATION,,1,20,13,7,20
r8c-4918-35408dc57e4f300c,4918,E2_ROLLING_INCREMENTAL_AFTER_FULL_REUSE,RR-INTERMITTENT/5,NO_CROSS_EVENT_MEMORY,1,COMPLETE,NOT_COMPUTED_MISSING_EXECUTION_OBSERVATION,,2,20,16,4,20
r8c-4919-547dd617f5c7c157,4919,E2_ROLLING_INCREMENTAL_AFTER_FULL_REUSE,RR-INTERMITTENT/5,NO_EXECUTION_FEEDBACK,1,COMPLETE,NOT_COMPUTED_MISSING_EXECUTION_OBSERVATION,,2,20,16,4,20
r8c-4920-e1d19ff3a92ca8c5,4920,E2_ROLLING_INCREMENTAL_AFTER_FULL_REUSE,RR-INTERMITTENT/5,NO_REJECTION_CREDIT,1,COMPLETE,NOT_COMPUTED_MISSING_EXECUTION_OBSERVATION,,0,20,12,8,20
r8c-4921-9c4f2be6eb86d189,4921,E2_ROLLING_INCREMENTAL_AFTER_FULL_REUSE,RR-INTERMITTENT/5,NO_MEMORY_RESET_GATE,1,COMPLETE,NOT_COMPUTED_MISSING_EXECUTION_OBSERVATION,,0,20,12,8,20
r8c-4922-2bea98f397435c60,4922,E2_ROLLING_INCREMENTAL_AFTER_FULL_REUSE,RR-INTERMITTENT/5,NO_LINEAGE_CREDIT,1,COMPLETE,NOT_COMPUTED_MISSING_EXECUTION_OBSERVATION,,2,20,16,4,20
r8c-4923-905e23fab4695914,4923,E2_ROLLING_INCREMENTAL_AFTER_FULL_REUSE,RR-INTERMITTENT/5,CROSS_EVENT_WARM_START_ONLY,1,COMPLETE,NOT_COMPUTED_MISSING_EXECUTION_OBSERVATION,,2,20,16,4,20
r8c-4924-35232b7c28023bcb,4924,E2_ROLLING_INCREMENTAL_AFTER_FULL_REUSE,RR-INTERMITTENT/5,CROSS_EVENT_MEMORY_ONLY,1,COMPLETE,NOT_COMPUTED_MISSING_EXECUTION_OBSERVATION,,3,20,14,6,20
r8c-4925-ec01d76d6137c15d,4925,E2_ROLLING_INCREMENTAL_AFTER_FULL_REUSE,RR-INTERMITTENT/5,SHADE_ONLY,1,COMPLETE,NOT_COMPUTED_MISSING_EXECUTION_OBSERVATION,,1,20,17,3,20
r8c-4926-e3a841067aa92a12,4926,E2_ROLLING_INCREMENTAL_AFTER_FULL_REUSE,RR-INTERMITTENT/5,NO_CROSS_EVENT_MEMORY,2,COMPLETE,NOT_COMPUTED_MISSING_EXECUTION_OBSERVATION,,1,20,17,3,20
r8c-4927-c00f7ee95a69cd80,4927,E2_ROLLING_INCREMENTAL_AFTER_FULL_REUSE,RR-INTERMITTENT/5,NO_EXECUTION_FEEDBACK,2,COMPLETE,NOT_COMPUTED_MISSING_EXECUTION_OBSERVATION,,1,20,16,4,20
r8c-4928-e382dbc1393239c6,4928,E2_ROLLING_INCREMENTAL_AFTER_FULL_REUSE,RR-INTERMITTENT/5,NO_REJECTION_CREDIT,2,COMPLETE,NOT_COMPUTED_MISSING_EXECUTION_OBSERVATION,,2,20,14,6,20
r8c-4929-c0a7fbfd3cd43b29,4929,E2_ROLLING_INCREMENTAL_AFTER_FULL_REUSE,RR-INTERMITTENT/5,NO_MEMORY_RESET_GATE,2,COMPLETE,NOT_COMPUTED_MISSING_EXECUTION_OBSERVATION,,1,20,15,5,20
r8c-4930-852a0d700d15bb4c,4930,E2_ROLLING_INCREMENTAL_AFTER_FULL_REUSE,RR-INTERMITTENT/5,NO_LINEAGE_CREDIT,2,COMPLETE,NOT_COMPUTED_MISSING_EXECUTION_OBSERVATION,,0,20,12,8,20
r8c-4931-e35a1a16263f4a4c,4931,E2_ROLLING_INCREMENTAL_AFTER_FULL_REUSE,RR-INTERMITTENT/5,CROSS_EVENT_WARM_START_ONLY,2,COMPLETE,NOT_COMPUTED_MISSING_EXECUTION_OBSERVATION,,2,20,16,4,20
r8c-4932-1bf127d20f09ec75,4932,E2_ROLLING_INCREMENTAL_AFTER_FULL_REUSE,RR-INTERMITTENT/5,CROSS_EVENT_MEMORY_ONLY,2,COMPLETE,NOT_COMPUTED_MISSING_EXECUTION_OBSERVATION,,0,20,13,7,20
r8c-4933-aed862bf22167186,4933,E2_ROLLING_INCREMENTAL_AFTER_FULL_REUSE,RR-INTERMITTENT/5,SHADE_ONLY,2,COMPLETE,NOT_COMPUTED_MISSING_EXECUTION_OBSERVATION,,0,20,12,8,20
r8c-4934-13887f0a33df927b,4934,E2_ROLLING_INCREMENTAL_AFTER_FULL_REUSE,RR-INTERMITTENT/5,NO_CROSS_EVENT_MEMORY,3,COMPLETE,NOT_COMPUTED_MISSING_EXECUTION_OBSERVATION,,2,20,13,7,20
r8c-4935-d3283943d2a2c8c0,4935,E2_ROLLING_INCREMENTAL_AFTER_FULL_REUSE,RR-INTERMITTENT/5,NO_EXECUTION_FEEDBACK,3,COMPLETE,NOT_COMPUTED_MISSING_EXECUTION_OBSERVATION,,2,20,14,6,20
r8c-4936-51ff25d5f5588c07,4936,E2_ROLLING_INCREMENTAL_AFTER_FULL_REUSE,RR-INTERMITTENT/5,NO_REJECTION_CREDIT,3,COMPLETE,NOT_COMPUTED_MISSING_EXECUTION_OBSERVATION,,0,20,12,8,20
r8c-4937-038cd927f7613d1f,4937,E2_ROLLING_INCREMENTAL_AFTER_FULL_REUSE,RR-INTERMITTENT/5,NO_MEMORY_RESET_GATE,3,COMPLETE,NOT_COMPUTED_MISSING_EXECUTION_OBSERVATION,,0,20,11,9,20
r8c-4938-4bb5925118a79629,4938,E2_ROLLING_INCREMENTAL_AFTER_FULL_REUSE,RR-INTERMITTENT/5,NO_LINEAGE_CREDIT,3,COMPLETE,NOT_COMPUTED_MISSING_EXECUTION_OBSERVATION,,1,20,16,4,20
r8c-4939-03022aad77916bf6,4939,E2_ROLLING_INCREMENTAL_AFTER_FULL_REUSE,RR-INTERMITTENT/5,CROSS_EVENT_WARM_START_ONLY,3,COMPLETE,NOT_COMPUTED_MISSING_EXECUTION_OBSERVATION,,2,20,14,6,20
r8c-4940-23254cede3426488,4940,E2_ROLLING_INCREMENTAL_AFTER_FULL_REUSE,RR-INTERMITTENT/5,CROSS_EVENT_MEMORY_ONLY,3,COMPLETE,NOT_COMPUTED_MISSING_EXECUTION_OBSERVATION,,1,20,15,5,20
r8c-4941-7483ead4c22b182f,4941,E2_ROLLING_INCREMENTAL_AFTER_FULL_REUSE,RR-INTERMITTENT/5,SHADE_ONLY,3,COMPLETE,NOT_COMPUTED_MISSING_EXECUTION_OBSERVATION,,1,20,13,7,20
r8c-4942-510279c980fe5616,4942,E2_ROLLING_INCREMENTAL_AFTER_FULL_REUSE,RR-INTERMITTENT/5,NO_CROSS_EVENT_MEMORY,4,COMPLETE,NOT_COMPUTED_MISSING_EXECUTION_OBSERVATION,,2,20,16,4,20
r8c-4943-5f726ddfa447bcc1,4943,E2_ROLLING_INCREMENTAL_AFTER_FULL_REUSE,RR-INTERMITTENT/5,NO_EXECUTION_FEEDBACK,4,COMPLETE,NOT_COMPUTED_MISSING_EXECUTION_OBSERVATION,,2,20,14,6,20
r8c-4944-6d1daf0d006c3744,4944,E2_ROLLING_INCREMENTAL_AFTER_FULL_REUSE,RR-INTERMITTENT/5,NO_REJECTION_CREDIT,4,COMPLETE,NOT_COMPUTED_MISSING_EXECUTION_OBSERVATION,,0,20,11,9,20
r8c-4945-e1ebf95100045aa7,4945,E2_ROLLING_INCREMENTAL_AFTER_FULL_REUSE,RR-INTERMITTENT/5,NO_MEMORY_RESET_GATE,4,COMPLETE,NOT_COMPUTED_MISSING_EXECUTION_OBSERVATION,,0,20,12,8,20
r8c-4946-8510fcb472e1bd5c,4946,E2_ROLLING_INCREMENTAL_AFTER_FULL_REUSE,RR-INTERMITTENT/5,NO_LINEAGE_CREDIT,4,COMPLETE,NOT_COMPUTED_MISSING_EXECUTION_OBSERVATION,,1,20,16,4,20
r8c-4947-4c72c8066411495e,4947,E2_ROLLING_INCREMENTAL_AFTER_FULL_REUSE,RR-INTERMITTENT/5,CROSS_EVENT_WARM_START_ONLY,4,COMPLETE,NOT_COMPUTED_MISSING_EXECUTION_OBSERVATION,,1,20,16,4,20
r8c-4948-995193ae3d5d76ff,4948,E2_ROLLING_INCREMENTAL_AFTER_FULL_REUSE,RR-INTERMITTENT/5,CROSS_EVENT_MEMORY_ONLY,4,COMPLETE,NOT_COMPUTED_MISSING_EXECUTION_OBSERVATION,,1,20,16,4,20
r8c-4949-11be0483fb05feca,4949,E2_ROLLING_INCREMENTAL_AFTER_FULL_REUSE,RR-INTERMITTENT/5,SHADE_ONLY,4,COMPLETE,NOT_COMPUTED_MISSING_EXECUTION_OBSERVATION,,2,20,16,4,20
r8c-4950-0553df6a18444f7e,4950,E2_ROLLING_INCREMENTAL_AFTER_FULL_REUSE,RR-INTERMITTENT/6,NO_CROSS_EVENT_MEMORY,0,COMPLETE,NOT_COMPUTED_MISSING_EXECUTION_OBSERVATION,,0,20,16,4,20
r8c-4951-3a2445040e20a952,4951,E2_ROLLING_INCREMENTAL_AFTER_FULL_REUSE,RR-INTERMITTENT/6,NO_EXECUTION_FEEDBACK,0,COMPLETE,NOT_COMPUTED_MISSING_EXECUTION_OBSERVATION,,0,20,16,4,20
r8c-4952-0fbd70d539bab85a,4952,E2_ROLLING_INCREMENTAL_AFTER_FULL_REUSE,RR-INTERMITTENT/6,NO_REJECTION_CREDIT,0,COMPLETE,NOT_COMPUTED_MISSING_EXECUTION_OBSERVATION,,0,20,16,4,20
r8c-4953-7fff9f5f2935fcb0,4953,E2_ROLLING_INCREMENTAL_AFTER_FULL_REUSE,RR-INTERMITTENT/6,NO_MEMORY_RESET_GATE,0,COMPLETE,NOT_COMPUTED_MISSING_EXECUTION_OBSERVATION,,0,20,16,4,20
r8c-4954-7bc1d487cc8c94f2,4954,E2_ROLLING_INCREMENTAL_AFTER_FULL_REUSE,RR-INTERMITTENT/6,NO_LINEAGE_CREDIT,0,COMPLETE,NOT_COMPUTED_MISSING_EXECUTION_OBSERVATION,,0,20,16,4,20
r8c-4955-eb07089a3fde94ee,4955,E2_ROLLING_INCREMENTAL_AFTER_FULL_REUSE,RR-INTERMITTENT/6,CROSS_EVENT_WARM_START_ONLY,0,COMPLETE,NOT_COMPUTED_MISSING_EXECUTION_OBSERVATION,,0,20,15,5,20
r8c-4956-a9f1ace8cd42adb5,4956,E2_ROLLING_INCREMENTAL_AFTER_FULL_REUSE,RR-INTERMITTENT/6,CROSS_EVENT_MEMORY_ONLY,0,COMPLETE,NOT_COMPUTED_MISSING_EXECUTION_OBSERVATION,,0,20,16,4,20
r8c-4957-5b1a79cc1e580351,4957,E2_ROLLING_INCREMENTAL_AFTER_FULL_REUSE,RR-INTERMITTENT/6,SHADE_ONLY,0,COMPLETE,NOT_COMPUTED_MISSING_EXECUTION_OBSERVATION,,0,20,16,4,20
r8c-4958-d3b6b899f373b83c,4958,E2_ROLLING_INCREMENTAL_AFTER_FULL_REUSE,RR-INTERMITTENT/6,NO_CROSS_EVENT_MEMORY,1,COMPLETE,NOT_COMPUTED_MISSING_EXECUTION_OBSERVATION,,0,20,16,4,20
r8c-4959-31a72cd5ac955e59,4959,E2_ROLLING_INCREMENTAL_AFTER_FULL_REUSE,RR-INTERMITTENT/6,NO_EXECUTION_FEEDBACK,1,COMPLETE,NOT_COMPUTED_MISSING_EXECUTION_OBSERVATION,,0,20,16,4,20
r8c-4960-e2f5cb0466da87c4,4960,E2_ROLLING_INCREMENTAL_AFTER_FULL_REUSE,RR-INTERMITTENT/6,NO_REJECTION_CREDIT,1,COMPLETE,NOT_COMPUTED_MISSING_EXECUTION_OBSERVATION,,0,20,16,4,20
r8c-4961-77d456c56a469602,4961,E2_ROLLING_INCREMENTAL_AFTER_FULL_REUSE,RR-INTERMITTENT/6,NO_MEMORY_RESET_GATE,1,COMPLETE,NOT_COMPUTED_MISSING_EXECUTION_OBSERVATION,,0,20,16,4,20
r8c-4962-887640deba2bae2e,4962,E2_ROLLING_INCREMENTAL_AFTER_FULL_REUSE,RR-INTERMITTENT/6,NO_LINEAGE_CREDIT,1,COMPLETE,NOT_COMPUTED_MISSING_EXECUTION_OBSERVATION,,0,20,16,4,20
r8c-4963-8afe9b5f1a19d156,4963,E2_ROLLING_INCREMENTAL_AFTER_FULL_REUSE,RR-INTERMITTENT/6,CROSS_EVENT_WARM_START_ONLY,1,COMPLETE,NOT_COMPUTED_MISSING_EXECUTION_OBSERVATION,,0,20,16,4,20
r8c-4964-9d99ec3d68248357,4964,E2_ROLLING_INCREMENTAL_AFTER_FULL_REUSE,RR-INTERMITTENT/6,CROSS_EVENT_MEMORY_ONLY,1,COMPLETE,NOT_COMPUTED_MISSING_EXECUTION_OBSERVATION,,0,20,16,4,20
r8c-4965-eaf91888fa014727,4965,E2_ROLLING_INCREMENTAL_AFTER_FULL_REUSE,RR-INTERMITTENT/6,SHADE_ONLY,1,COMPLETE,NOT_COMPUTED_MISSING_EXECUTION_OBSERVATION,,0,20,16,4,20
r8c-4966-9579c97eefa076f9,4966,E2_ROLLING_INCREMENTAL_AFTER_FULL_REUSE,RR-INTERMITTENT/6,NO_CROSS_EVENT_MEMORY,2,COMPLETE,NOT_COMPUTED_MISSING_EXECUTION_OBSERVATION,,0,20,16,4,20
r8c-4967-0f761a7e39fa34e9,4967,E2_ROLLING_INCREMENTAL_AFTER_FULL_REUSE,RR-INTERMITTENT/6,NO_EXECUTION_FEEDBACK,2,COMPLETE,NOT_COMPUTED_MISSING_EXECUTION_OBSERVATION,,0,20,16,4,20
r8c-4968-b422509de3665715,4968,E2_ROLLING_INCREMENTAL_AFTER_FULL_REUSE,RR-INTERMITTENT/6,NO_REJECTION_CREDIT,2,COMPLETE,NOT_COMPUTED_MISSING_EXECUTION_OBSERVATION,,0,20,16,4,20
r8c-4969-40817e8f47578815,4969,E2_ROLLING_INCREMENTAL_AFTER_FULL_REUSE,RR-INTERMITTENT/6,NO_MEMORY_RESET_GATE,2,COMPLETE,NOT_COMPUTED_MISSING_EXECUTION_OBSERVATION,,0,20,16,4,20
r8c-4970-9383423b18a0c582,4970,E2_ROLLING_INCREMENTAL_AFTER_FULL_REUSE,RR-INTERMITTENT/6,NO_LINEAGE_CREDIT,2,COMPLETE,NOT_COMPUTED_MISSING_EXECUTION_OBSERVATION,,0,20,16,4,20
r8c-4971-579fb95e0d367ba9,4971,E2_ROLLING_INCREMENTAL_AFTER_FULL_REUSE,RR-INTERMITTENT/6,CROSS_EVENT_WARM_START_ONLY,2,COMPLETE,NOT_COMPUTED_MISSING_EXECUTION_OBSERVATION,,0,20,16,4,20
r8c-4972-53ef892f2112bbc0,4972,E2_ROLLING_INCREMENTAL_AFTER_FULL_REUSE,RR-INTERMITTENT/6,CROSS_EVENT_MEMORY_ONLY,2,COMPLETE,NOT_COMPUTED_MISSING_EXECUTION_OBSERVATION,,0,20,16,4,20
r8c-4973-c5236d6a86c28564,4973,E2_ROLLING_INCREMENTAL_AFTER_FULL_REUSE,RR-INTERMITTENT/6,SHADE_ONLY,2,COMPLETE,NOT_COMPUTED_MISSING_EXECUTION_OBSERVATION,,0,20,16,4,20
r8c-4974-b753bbae54cdd498,4974,E2_ROLLING_INCREMENTAL_AFTER_FULL_REUSE,RR-INTERMITTENT/6,NO_CROSS_EVENT_MEMORY,3,COMPLETE,NOT_COMPUTED_MISSING_EXECUTION_OBSERVATION,,0,20,16,4,20
r8c-4975-21809f4e94418f33,4975,E2_ROLLING_INCREMENTAL_AFTER_FULL_REUSE,RR-INTERMITTENT/6,NO_EXECUTION_FEEDBACK,3,COMPLETE,NOT_COMPUTED_MISSING_EXECUTION_OBSERVATION,,0,20,16,4,20
r8c-4976-2d5bc9fdb6e4f2bb,4976,E2_ROLLING_INCREMENTAL_AFTER_FULL_REUSE,RR-INTERMITTENT/6,NO_REJECTION_CREDIT,3,COMPLETE,NOT_COMPUTED_MISSING_EXECUTION_OBSERVATION,,0,20,16,4,20
r8c-4977-82cdf395aa92598c,4977,E2_ROLLING_INCREMENTAL_AFTER_FULL_REUSE,RR-INTERMITTENT/6,NO_MEMORY_RESET_GATE,3,COMPLETE,NOT_COMPUTED_MISSING_EXECUTION_OBSERVATION,,0,20,16,4,20
r8c-4978-7fcba8880370f3eb,4978,E2_ROLLING_INCREMENTAL_AFTER_FULL_REUSE,RR-INTERMITTENT/6,NO_LINEAGE_CREDIT,3,COMPLETE,NOT_COMPUTED_MISSING_EXECUTION_OBSERVATION,,0,20,16,4,20
r8c-4979-ea8d6af845b4559c,4979,E2_ROLLING_INCREMENTAL_AFTER_FULL_REUSE,RR-INTERMITTENT/6,CROSS_EVENT_WARM_START_ONLY,3,COMPLETE,NOT_COMPUTED_MISSING_EXECUTION_OBSERVATION,,0,20,16,4,20
r8c-4980-f946affdfe86db2f,4980,E2_ROLLING_INCREMENTAL_AFTER_FULL_REUSE,RR-INTERMITTENT/6,CROSS_EVENT_MEMORY_ONLY,3,COMPLETE,NOT_COMPUTED_MISSING_EXECUTION_OBSERVATION,,0,20,16,4,20
r8c-4981-8be79c120c42f24d,4981,E2_ROLLING_INCREMENTAL_AFTER_FULL_REUSE,RR-INTERMITTENT/6,SHADE_ONLY,3,COMPLETE,NOT_COMPUTED_MISSING_EXECUTION_OBSERVATION,,0,20,16,4,20
r8c-4982-6b4ffdd0c7ce0a0a,4982,E2_ROLLING_INCREMENTAL_AFTER_FULL_REUSE,RR-INTERMITTENT/6,NO_CROSS_EVENT_MEMORY,4,COMPLETE,NOT_COMPUTED_MISSING_EXECUTION_OBSERVATION,,0,20,16,4,20
r8c-4983-2de57f92a4c0ec30,4983,E2_ROLLING_INCREMENTAL_AFTER_FULL_REUSE,RR-INTERMITTENT/6,NO_EXECUTION_FEEDBACK,4,COMPLETE,NOT_COMPUTED_MISSING_EXECUTION_OBSERVATION,,0,20,16,4,20
r8c-4984-289de4e67ca2b0b9,4984,E2_ROLLING_INCREMENTAL_AFTER_FULL_REUSE,RR-INTERMITTENT/6,NO_REJECTION_CREDIT,4,COMPLETE,NOT_COMPUTED_MISSING_EXECUTION_OBSERVATION,,0,20,16,4,20
r8c-4985-91032ce6a0f2e40a,4985,E2_ROLLING_INCREMENTAL_AFTER_FULL_REUSE,RR-INTERMITTENT/6,NO_MEMORY_RESET_GATE,4,COMPLETE,NOT_COMPUTED_MISSING_EXECUTION_OBSERVATION,,0,20,16,4,20
r8c-4986-8d7c98ebb1c4188c,4986,E2_ROLLING_INCREMENTAL_AFTER_FULL_REUSE,RR-INTERMITTENT/6,NO_LINEAGE_CREDIT,4,COMPLETE,NOT_COMPUTED_MISSING_EXECUTION_OBSERVATION,,0,20,16,4,20
r8c-4987-ff7076ae7cb1b022,4987,E2_ROLLING_INCREMENTAL_AFTER_FULL_REUSE,RR-INTERMITTENT/6,CROSS_EVENT_WARM_START_ONLY,4,COMPLETE,NOT_COMPUTED_MISSING_EXECUTION_OBSERVATION,,0,20,16,4,20
r8c-4988-b8261118621706bf,4988,E2_ROLLING_INCREMENTAL_AFTER_FULL_REUSE,RR-INTERMITTENT/6,CROSS_EVENT_MEMORY_ONLY,4,COMPLETE,NOT_COMPUTED_MISSING_EXECUTION_OBSERVATION,,0,20,16,4,20
r8c-4989-8f7dc5e47ad2d6e1,4989,E2_ROLLING_INCREMENTAL_AFTER_FULL_REUSE,RR-INTERMITTENT/6,SHADE_ONLY,4,COMPLETE,NOT_COMPUTED_MISSING_EXECUTION_OBSERVATION,,0,20,16,4,20
r8c-4990-b533c474f8c4551d,4990,E2_ROLLING_INCREMENTAL_AFTER_FULL_REUSE,RR-INTERMITTENT/7,NO_CROSS_EVENT_MEMORY,0,COMPLETE,NOT_COMPUTED_MISSING_EXECUTION_OBSERVATION,,1,20,5,15,20
r8c-4991-bf00f3231999c1bc,4991,E2_ROLLING_INCREMENTAL_AFTER_FULL_REUSE,RR-INTERMITTENT/7,NO_EXECUTION_FEEDBACK,0,COMPLETE,NOT_COMPUTED_MISSING_EXECUTION_OBSERVATION,,0,20,3,17,20
r8c-4992-b19ab6d553e54bb4,4992,E2_ROLLING_INCREMENTAL_AFTER_FULL_REUSE,RR-INTERMITTENT/7,NO_REJECTION_CREDIT,0,COMPLETE,NOT_COMPUTED_MISSING_EXECUTION_OBSERVATION,,0,20,1,19,20
r8c-4993-32b25cf83a1cd535,4993,E2_ROLLING_INCREMENTAL_AFTER_FULL_REUSE,RR-INTERMITTENT/7,NO_MEMORY_RESET_GATE,0,COMPLETE,NOT_COMPUTED_MISSING_EXECUTION_OBSERVATION,,0,20,1,19,20
r8c-4994-f3734377434e4382,4994,E2_ROLLING_INCREMENTAL_AFTER_FULL_REUSE,RR-INTERMITTENT/7,NO_LINEAGE_CREDIT,0,COMPLETE,NOT_COMPUTED_MISSING_EXECUTION_OBSERVATION,,1,20,5,15,20
r8c-4995-daf49148deb0bf36,4995,E2_ROLLING_INCREMENTAL_AFTER_FULL_REUSE,RR-INTERMITTENT/7,CROSS_EVENT_WARM_START_ONLY,0,COMPLETE,NOT_COMPUTED_MISSING_EXECUTION_OBSERVATION,,0,20,4,16,20
r8c-4996-0dbfe744798aa6b5,4996,E2_ROLLING_INCREMENTAL_AFTER_FULL_REUSE,RR-INTERMITTENT/7,CROSS_EVENT_MEMORY_ONLY,0,COMPLETE,NOT_COMPUTED_MISSING_EXECUTION_OBSERVATION,,1,20,5,15,20
r8c-4997-67c8f0851578577c,4997,E2_ROLLING_INCREMENTAL_AFTER_FULL_REUSE,RR-INTERMITTENT/7,SHADE_ONLY,0,COMPLETE,NOT_COMPUTED_MISSING_EXECUTION_OBSERVATION,,0,20,4,16,20
r8c-4998-1cdbbff8519a38bb,4998,E2_ROLLING_INCREMENTAL_AFTER_FULL_REUSE,RR-INTERMITTENT/7,NO_CROSS_EVENT_MEMORY,1,COMPLETE,NOT_COMPUTED_MISSING_EXECUTION_OBSERVATION,,0,20,3,17,20
r8c-4999-a9f4361dd66b2301,4999,E2_ROLLING_INCREMENTAL_AFTER_FULL_REUSE,RR-INTERMITTENT/7,NO_EXECUTION_FEEDBACK,1,COMPLETE,NOT_COMPUTED_MISSING_EXECUTION_OBSERVATION,,0,20,4,16,20
r8c-5000-a4a076d50a611654,5000,E2_ROLLING_INCREMENTAL_AFTER_FULL_REUSE,RR-INTERMITTENT/7,NO_REJECTION_CREDIT,1,COMPLETE,NOT_COMPUTED_MISSING_EXECUTION_OBSERVATION,,0,20,2,18,20
r8c-5001-cd631f02fbe042a3,5001,E2_ROLLING_INCREMENTAL_AFTER_FULL_REUSE,RR-INTERMITTENT/7,NO_MEMORY_RESET_GATE,1,COMPLETE,NOT_COMPUTED_MISSING_EXECUTION_OBSERVATION,,0,20,2,18,20
r8c-5002-ee46c5ce83271df2,5002,E2_ROLLING_INCREMENTAL_AFTER_FULL_REUSE,RR-INTERMITTENT/7,NO_LINEAGE_CREDIT,1,COMPLETE,NOT_COMPUTED_MISSING_EXECUTION_OBSERVATION,,1,20,5,15,20
r8c-5003-1ea5402719841150,5003,E2_ROLLING_INCREMENTAL_AFTER_FULL_REUSE,RR-INTERMITTENT/7,CROSS_EVENT_WARM_START_ONLY,1,COMPLETE,NOT_COMPUTED_MISSING_EXECUTION_OBSERVATION,,1,20,2,18,20
r8c-5004-05308bc1580c7cd1,5004,E2_ROLLING_INCREMENTAL_AFTER_FULL_REUSE,RR-INTERMITTENT/7,CROSS_EVENT_MEMORY_ONLY,1,COMPLETE,NOT_COMPUTED_MISSING_EXECUTION_OBSERVATION,,1,20,5,15,20
r8c-5005-789908c3ad9f4f85,5005,E2_ROLLING_INCREMENTAL_AFTER_FULL_REUSE,RR-INTERMITTENT/7,SHADE_ONLY,1,COMPLETE,NOT_COMPUTED_MISSING_EXECUTION_OBSERVATION,,0,20,2,18,20
r8c-5006-5ad10af4248165da,5006,E2_ROLLING_INCREMENTAL_AFTER_FULL_REUSE,RR-INTERMITTENT/7,NO_CROSS_EVENT_MEMORY,2,COMPLETE,NOT_COMPUTED_MISSING_EXECUTION_OBSERVATION,,0,20,4,16,20
r8c-5007-f67d160408427774,5007,E2_ROLLING_INCREMENTAL_AFTER_FULL_REUSE,RR-INTERMITTENT/7,NO_EXECUTION_FEEDBACK,2,COMPLETE,NOT_COMPUTED_MISSING_EXECUTION_OBSERVATION,,1,20,5,15,20
r8c-5008-6e5bcc46f40b903b,5008,E2_ROLLING_INCREMENTAL_AFTER_FULL_REUSE,RR-INTERMITTENT/7,NO_REJECTION_CREDIT,2,COMPLETE,NOT_COMPUTED_MISSING_EXECUTION_OBSERVATION,,0,20,3,17,20
r8c-5009-5a7300d4b9f55e0e,5009,E2_ROLLING_INCREMENTAL_AFTER_FULL_REUSE,RR-INTERMITTENT/7,NO_MEMORY_RESET_GATE,2,COMPLETE,NOT_COMPUTED_MISSING_EXECUTION_OBSERVATION,,0,20,1,19,20
r8c-5010-a87f9cb819c467bf,5010,E2_ROLLING_INCREMENTAL_AFTER_FULL_REUSE,RR-INTERMITTENT/7,NO_LINEAGE_CREDIT,2,COMPLETE,NOT_COMPUTED_MISSING_EXECUTION_OBSERVATION,,0,20,2,18,20
r8c-5011-584576e2ffb6a99e,5011,E2_ROLLING_INCREMENTAL_AFTER_FULL_REUSE,RR-INTERMITTENT/7,CROSS_EVENT_WARM_START_ONLY,2,COMPLETE,NOT_COMPUTED_MISSING_EXECUTION_OBSERVATION,,1,20,5,15,20
r8c-5012-fbf0296601342412,5012,E2_ROLLING_INCREMENTAL_AFTER_FULL_REUSE,RR-INTERMITTENT/7,CROSS_EVENT_MEMORY_ONLY,2,COMPLETE,NOT_COMPUTED_MISSING_EXECUTION_OBSERVATION,,0,20,2,18,20
r8c-5013-c16b573b7f7adae5,5013,E2_ROLLING_INCREMENTAL_AFTER_FULL_REUSE,RR-INTERMITTENT/7,SHADE_ONLY,2,COMPLETE,NOT_COMPUTED_MISSING_EXECUTION_OBSERVATION,,0,20,3,17,20
r8c-5014-391799dabc5b37bc,5014,E2_ROLLING_INCREMENTAL_AFTER_FULL_REUSE,RR-INTERMITTENT/7,NO_CROSS_EVENT_MEMORY,3,COMPLETE,NOT_COMPUTED_MISSING_EXECUTION_OBSERVATION,,1,20,4,16,20
r8c-5015-57dee01324e5dd54,5015,E2_ROLLING_INCREMENTAL_AFTER_FULL_REUSE,RR-INTERMITTENT/7,NO_EXECUTION_FEEDBACK,3,COMPLETE,NOT_COMPUTED_MISSING_EXECUTION_OBSERVATION,,0,20,3,17,20
r8c-5016-ccf7a5edd847e3ce,5016,E2_ROLLING_INCREMENTAL_AFTER_FULL_REUSE,RR-INTERMITTENT/7,NO_REJECTION_CREDIT,3,COMPLETE,NOT_COMPUTED_MISSING_EXECUTION_OBSERVATION,,1,20,5,15,20
r8c-5017-ffea2a8f72574bc5,5017,E2_ROLLING_INCREMENTAL_AFTER_FULL_REUSE,RR-INTERMITTENT/7,NO_MEMORY_RESET_GATE,3,COMPLETE,NOT_COMPUTED_MISSING_EXECUTION_OBSERVATION,,0,20,4,16,20
r8c-5018-2862f1ab0e55fc95,5018,E2_ROLLING_INCREMENTAL_AFTER_FULL_REUSE,RR-INTERMITTENT/7,NO_LINEAGE_CREDIT,3,COMPLETE,NOT_COMPUTED_MISSING_EXECUTION_OBSERVATION,,1,20,5,15,20
r8c-5019-26f7ed33f9462f53,5019,E2_ROLLING_INCREMENTAL_AFTER_FULL_REUSE,RR-INTERMITTENT/7,CROSS_EVENT_WARM_START_ONLY,3,COMPLETE,NOT_COMPUTED_MISSING_EXECUTION_OBSERVATION,,0,20,0,20,20
r8c-5020-e6b319f4354a9406,5020,E2_ROLLING_INCREMENTAL_AFTER_FULL_REUSE,RR-INTERMITTENT/7,CROSS_EVENT_MEMORY_ONLY,3,COMPLETE,NOT_COMPUTED_MISSING_EXECUTION_OBSERVATION,,0,20,2,18,20
r8c-5021-bd2fd9ff92150ef8,5021,E2_ROLLING_INCREMENTAL_AFTER_FULL_REUSE,RR-INTERMITTENT/7,SHADE_ONLY,3,COMPLETE,NOT_COMPUTED_MISSING_EXECUTION_OBSERVATION,,0,20,4,16,20
r8c-5022-87f5fae3baebf592,5022,E2_ROLLING_INCREMENTAL_AFTER_FULL_REUSE,RR-INTERMITTENT/7,NO_CROSS_EVENT_MEMORY,4,COMPLETE,NOT_COMPUTED_MISSING_EXECUTION_OBSERVATION,,1,20,5,15,20
r8c-5023-4ed8ba76967e7db5,5023,E2_ROLLING_INCREMENTAL_AFTER_FULL_REUSE,RR-INTERMITTENT/7,NO_EXECUTION_FEEDBACK,4,COMPLETE,NOT_COMPUTED_MISSING_EXECUTION_OBSERVATION,,0,20,4,16,20
r8c-5024-f571d27abf9db9aa,5024,E2_ROLLING_INCREMENTAL_AFTER_FULL_REUSE,RR-INTERMITTENT/7,NO_REJECTION_CREDIT,4,COMPLETE,NOT_COMPUTED_MISSING_EXECUTION_OBSERVATION,,1,20,4,16,20
r8c-5025-c9c2db780c01aed4,5025,E2_ROLLING_INCREMENTAL_AFTER_FULL_REUSE,RR-INTERMITTENT/7,NO_MEMORY_RESET_GATE,4,COMPLETE,NOT_COMPUTED_MISSING_EXECUTION_OBSERVATION,,0,20,4,16,20
r8c-5026-fd921bfc1103a21e,5026,E2_ROLLING_INCREMENTAL_AFTER_FULL_REUSE,RR-INTERMITTENT/7,NO_LINEAGE_CREDIT,4,COMPLETE,NOT_COMPUTED_MISSING_EXECUTION_OBSERVATION,,0,20,2,18,20
r8c-5027-59dab9e12a425140,5027,E2_ROLLING_INCREMENTAL_AFTER_FULL_REUSE,RR-INTERMITTENT/7,CROSS_EVENT_WARM_START_ONLY,4,COMPLETE,NOT_COMPUTED_MISSING_EXECUTION_OBSERVATION,,0,20,4,16,20
r8c-5028-96f7de6ccabaf073,5028,E2_ROLLING_INCREMENTAL_AFTER_FULL_REUSE,RR-INTERMITTENT/7,CROSS_EVENT_MEMORY_ONLY,4,COMPLETE,NOT_COMPUTED_MISSING_EXECUTION_OBSERVATION,,1,20,5,15,20
r8c-5029-b80858bff85ca8ff,5029,E2_ROLLING_INCREMENTAL_AFTER_FULL_REUSE,RR-INTERMITTENT/7,SHADE_ONLY,4,COMPLETE,NOT_COMPUTED_MISSING_EXECUTION_OBSERVATION,,0,20,4,16,20
