task_id,schedule_index,workload_id,unit_id,method_id,replicate_index,task_status,endpoint_status,anytime_nhv_auc,final_nhv,transfer_early_auc,timeout_carried_forward_event_count
r8c-0000-4f3a9cb5e670fbca,0,E1_STATIC,LIRCMOP1,F22_MG_STATIC,0,COMPLETE,INCLUDED,0.20908227996870613,0.22742357761948032,,0
r8c-0001-8c303b91052c0df0,1,E1_STATIC,LIRCMOP1,MATCHED_FIXED_DE_PARETO,0,COMPLETE,INCLUDED,0.1934142559503921,0.24406378308945192,,0
r8c-0002-f9518517cb52ca55,2,E1_STATIC,LIRCMOP1,MATCHED_JDE_STYLE_PARETO,0,COMPLETE,INCLUDED,0.22128548790398786,0.2295755798589037,,0
r8c-0003-1f0b9baef503709c,3,E1_STATIC,LIRCMOP1,MATCHED_SHADE_STYLE_PARETO,0,COMPLETE,INCLUDED,0.20572727062255602,0.2257797597126493,,0
r8c-0004-cc5c39bef10a9bb7,4,E1_STATIC,LIRCMOP1,JMETALPY_1_7_GDE3_STANDARD_PARETO_DE,0,COMPLETE,INCLUDED,0.18972304272492915,0.2353213320550107,,0
r8c-0005-b5faf1bc6a50ca91,5,E1_STATIC,LIRCMOP1,JMETALPY_1_7_NSGAII_STATIC_CMOEA,0,COMPLETE,INCLUDED,0.20270292647988944,0.212568344865252,,0
r8c-0006-d34659944459900c,6,E1_STATIC,LIRCMOP1,F22_MG_STATIC,1,COMPLETE,INCLUDED,0.24792692444755512,0.2559325032217826,,0
r8c-0007-e02fa6798a5f7e75,7,E1_STATIC,LIRCMOP1,MATCHED_FIXED_DE_PARETO,1,COMPLETE,INCLUDED,0.18560983909232218,0.2425180285839313,,0
r8c-0008-9c26d484e6a203f7,8,E1_STATIC,LIRCMOP1,MATCHED_JDE_STYLE_PARETO,1,COMPLETE,INCLUDED,0.19385588986227262,0.2142290656804636,,0
r8c-0009-585bf8d691d34994,9,E1_STATIC,LIRCMOP1,MATCHED_SHADE_STYLE_PARETO,1,COMPLETE,INCLUDED,0.21406747897601566,0.234836268866652,,0
r8c-0010-c42ab0e326df3c1b,10,E1_STATIC,LIRCMOP1,JMETALPY_1_7_GDE3_STANDARD_PARETO_DE,1,COMPLETE,INCLUDED,0.19482616674621855,0.2555705168625631,,0
r8c-0011-e7c8d2b84d1c5fd7,11,E1_STATIC,LIRCMOP1,JMETALPY_1_7_NSGAII_STATIC_CMOEA,1,COMPLETE,INCLUDED,0.21864316332415873,0.2272233517936361,,0
r8c-0012-58cfb5d1ee22c305,12,E1_STATIC,LIRCMOP1,F22_MG_STATIC,2,COMPLETE,INCLUDED,0.21618964614334585,0.2249657813490723,,0
r8c-0013-2cd582277ac9f573,13,E1_STATIC,LIRCMOP1,MATCHED_FIXED_DE_PARETO,2,COMPLETE,INCLUDED,0.2144904470823606,0.276184734519653,,0
r8c-0014-b0dddd87ada33865,14,E1_STATIC,LIRCMOP1,MATCHED_JDE_STYLE_PARETO,2,COMPLETE,INCLUDED,0.2189312165986865,0.2271611794965735,,0
r8c-0015-f35d6a982f114039,15,E1_STATIC,LIRCMOP1,MATCHED_SHADE_STYLE_PARETO,2,COMPLETE,INCLUDED,0.20296266129829726,0.2175374458524311,,0
r8c-0016-24ab5a8ed45ac8f8,16,E1_STATIC,LIRCMOP1,JMETALPY_1_7_GDE3_STANDARD_PARETO_DE,2,COMPLETE,INCLUDED,0.22244429880917743,0.2789167187352968,,0
r8c-0017-8e0fef3cd3cb25a1,17,E1_STATIC,LIRCMOP1,JMETALPY_1_7_NSGAII_STATIC_CMOEA,2,COMPLETE,INCLUDED,0.1867184290883945,0.19162105186607653,,0
r8c-0018-242018159896a22b,18,E1_STATIC,LIRCMOP1,F22_MG_STATIC,3,COMPLETE,INCLUDED,0.19902208182581468,0.2093318874604524,,0
r8c-0019-41ace4b6777f4c76,19,E1_STATIC,LIRCMOP1,MATCHED_FIXED_DE_PARETO,3,COMPLETE,INCLUDED,0.2437390736875103,0.2862945613511704,,0
r8c-0020-e2632fb7d82d8afa,20,E1_STATIC,LIRCMOP1,MATCHED_JDE_STYLE_PARETO,3,COMPLETE,INCLUDED,0.19566273862639358,0.20462676468373103,,0
r8c-0021-51d55a35165bb464,21,E1_STATIC,LIRCMOP1,MATCHED_SHADE_STYLE_PARETO,3,COMPLETE,INCLUDED,0.2024559967657153,0.22368948639041028,,0
r8c-0022-d6a8249e4bcb9eec,22,E1_STATIC,LIRCMOP1,JMETALPY_1_7_GDE3_STANDARD_PARETO_DE,3,COMPLETE,INCLUDED,0.23614920094938624,0.3059172653666404,,0
r8c-0023-cd4e231ce768d689,23,E1_STATIC,LIRCMOP1,JMETALPY_1_7_NSGAII_STATIC_CMOEA,3,COMPLETE,INCLUDED,0.19753878130657593,0.20647223544362817,,0
r8c-0024-14d2ad928ad974c1,24,E1_STATIC,LIRCMOP1,F22_MG_STATIC,4,COMPLETE,INCLUDED,0.20339336952016152,0.2125451118693428,,0
r8c-0025-f579752dd1e961b4,25,E1_STATIC,LIRCMOP1,MATCHED_FIXED_DE_PARETO,4,COMPLETE,INCLUDED,0.2342531470726232,0.24791848564840482,,0
r8c-0026-a254b85bd51614b7,26,E1_STATIC,LIRCMOP1,MATCHED_JDE_STYLE_PARETO,4,COMPLETE,INCLUDED,0.1791286895240089,0.1980823483020557,,0
r8c-0027-bed8dbb39bfd9b8b,27,E1_STATIC,LIRCMOP1,MATCHED_SHADE_STYLE_PARETO,4,COMPLETE,INCLUDED,0.19730799177412317,0.22015324777502313,,0
r8c-0028-862740c7cc080f0a,28,E1_STATIC,LIRCMOP1,JMETALPY_1_7_GDE3_STANDARD_PARETO_DE,4,COMPLETE,INCLUDED,0.20108038651362098,0.25839821453094564,,0
r8c-0029-7882c6de8781cfa4,29,E1_STATIC,LIRCMOP1,JMETALPY_1_7_NSGAII_STATIC_CMOEA,4,COMPLETE,INCLUDED,0.20427468409331162,0.2137295390846803,,0
r8c-0030-190eeebdf4df7a58,30,E1_STATIC,LIRCMOP1,F22_MG_STATIC,5,COMPLETE,INCLUDED,0.2249798595311827,0.2323801885177018,,0
r8c-0031-0c3e2dbd42304e3b,31,E1_STATIC,LIRCMOP1,MATCHED_FIXED_DE_PARETO,5,COMPLETE,INCLUDED,0.1880981169023661,0.2296533134337385,,0
r8c-0032-dfd1554c8e39b98f,32,E1_STATIC,LIRCMOP1,MATCHED_JDE_STYLE_PARETO,5,COMPLETE,INCLUDED,0.18021138745155355,0.19852460904986882,,0
r8c-0033-f2830a8f3af54f7c,33,E1_STATIC,LIRCMOP1,MATCHED_SHADE_STYLE_PARETO,5,COMPLETE,INCLUDED,0.18541593026257716,0.2195154378593253,,0
r8c-0034-8eedcdc8d919ef11,34,E1_STATIC,LIRCMOP1,JMETALPY_1_7_GDE3_STANDARD_PARETO_DE,5,COMPLETE,INCLUDED,0.2406193782258623,0.2796194139326392,,0
r8c-0035-251d6024c600d499,35,E1_STATIC,LIRCMOP1,JMETALPY_1_7_NSGAII_STATIC_CMOEA,5,COMPLETE,INCLUDED,0.1927432375995544,0.19943663604065054,,0
r8c-0036-09b77d0091e3aea0,36,E1_STATIC,LIRCMOP1,F22_MG_STATIC,6,COMPLETE,INCLUDED,0.21316839809686727,0.23226118783765737,,0
r8c-0037-9f2b8b90384fe3a3,37,E1_STATIC,LIRCMOP1,MATCHED_FIXED_DE_PARETO,6,COMPLETE,INCLUDED,0.17728107468573165,0.24934898015703064,,0
r8c-0038-8f5e60d058952af2,38,E1_STATIC,LIRCMOP1,MATCHED_JDE_STYLE_PARETO,6,COMPLETE,INCLUDED,0.19134634534299097,0.20446714313348158,,0
r8c-0039-be84c5f5842b627f,39,E1_STATIC,LIRCMOP1,MATCHED_SHADE_STYLE_PARETO,6,COMPLETE,INCLUDED,0.21086418404962068,0.22437858696864732,,0
r8c-0040-1ac14a3e1c86696d,40,E1_STATIC,LIRCMOP1,JMETALPY_1_7_GDE3_STANDARD_PARETO_DE,6,COMPLETE,INCLUDED,0.18287867098007296,0.2467895306671356,,0
r8c-0041-59a42ec799a68e56,41,E1_STATIC,LIRCMOP1,JMETALPY_1_7_NSGAII_STATIC_CMOEA,6,COMPLETE,INCLUDED,0.18590115232593624,0.21063492307647375,,0
r8c-0042-6bc369440ae5a463,42,E1_STATIC,LIRCMOP1,F22_MG_STATIC,7,COMPLETE,INCLUDED,0.2152996516585744,0.2340708468618778,,0
r8c-0043-57d1b22ba5ee3760,43,E1_STATIC,LIRCMOP1,MATCHED_FIXED_DE_PARETO,7,COMPLETE,INCLUDED,0.21164483120673025,0.26303877679836274,,0
r8c-0044-d4ed0c767221a913,44,E1_STATIC,LIRCMOP1,MATCHED_JDE_STYLE_PARETO,7,COMPLETE,INCLUDED,0.13848897989984438,0.14972008137436674,,0
r8c-0045-886744a502293570,45,E1_STATIC,LIRCMOP1,MATCHED_SHADE_STYLE_PARETO,7,COMPLETE,INCLUDED,0.22745604832660768,0.24644540664745923,,0
r8c-0046-26f4b776291f8d9d,46,E1_STATIC,LIRCMOP1,JMETALPY_1_7_GDE3_STANDARD_PARETO_DE,7,COMPLETE,INCLUDED,0.24128533972627625,0.2561861053936042,,0
r8c-0047-c565901e413d8e6c,47,E1_STATIC,LIRCMOP1,JMETALPY_1_7_NSGAII_STATIC_CMOEA,7,COMPLETE,INCLUDED,0.18899425841633866,0.19718098182855112,,0
r8c-0048-08fc622f5903da35,48,E1_STATIC,LIRCMOP1,F22_MG_STATIC,8,COMPLETE,INCLUDED,0.24496392135999506,0.25532604425693434,,0
r8c-0049-6de25f5646bd1737,49,E1_STATIC,LIRCMOP1,MATCHED_FIXED_DE_PARETO,8,COMPLETE,INCLUDED,0.24328155712168836,0.25475831207694066,,0
r8c-0050-43636230d18f372e,50,E1_STATIC,LIRCMOP1,MATCHED_JDE_STYLE_PARETO,8,COMPLETE,INCLUDED,0.2154573749765741,0.2265111548690756,,0
r8c-0051-77be4beead5b1571,51,E1_STATIC,LIRCMOP1,MATCHED_SHADE_STYLE_PARETO,8,COMPLETE,INCLUDED,0.21053274563843563,0.23452491488989788,,0
r8c-0052-3dfd34c7f2f6de79,52,E1_STATIC,LIRCMOP1,JMETALPY_1_7_GDE3_STANDARD_PARETO_DE,8,COMPLETE,INCLUDED,0.2348822732550666,0.2896417566364951,,0
r8c-0053-ef79ababd4fb60cf,53,E1_STATIC,LIRCMOP1,JMETALPY_1_7_NSGAII_STATIC_CMOEA,8,COMPLETE,INCLUDED,0.23906783749891444,0.2493239948531768,,0
r8c-0054-7244623785db0ec2,54,E1_STATIC,LIRCMOP1,F22_MG_STATIC,9,COMPLETE,INCLUDED,0.24699056849814244,0.2591936171702408,,0
r8c-0055-b1088d7183b6d9d4,55,E1_STATIC,LIRCMOP1,MATCHED_FIXED_DE_PARETO,9,COMPLETE,INCLUDED,0.20015728198658117,0.23696663121009176,,0
r8c-0056-56b28cd4fda51dca,56,E1_STATIC,LIRCMOP1,MATCHED_JDE_STYLE_PARETO,9,COMPLETE,INCLUDED,0.17779032683890095,0.18302035944380524,,0
r8c-0057-d7f139c65cc51a75,57,E1_STATIC,LIRCMOP1,MATCHED_SHADE_STYLE_PARETO,9,COMPLETE,INCLUDED,0.21875073073411164,0.23700918951146885,,0
r8c-0058-c233bed2ce56f797,58,E1_STATIC,LIRCMOP1,JMETALPY_1_7_GDE3_STANDARD_PARETO_DE,9,COMPLETE,INCLUDED,0.19870707394100143,0.25238248080066605,,0
r8c-0059-d4c25ea36d4237cf,59,E1_STATIC,LIRCMOP1,JMETALPY_1_7_NSGAII_STATIC_CMOEA,9,COMPLETE,INCLUDED,0.15056350204389088,0.1598119932929316,,0
r8c-0060-5f3a8612b4321503,60,E1_STATIC,LIRCMOP2,F22_MG_STATIC,0,COMPLETE,INCLUDED,0.4473068455143274,0.4863501996257593,,0
r8c-0061-daafe7a8c90828f1,61,E1_STATIC,LIRCMOP2,MATCHED_FIXED_DE_PARETO,0,COMPLETE,INCLUDED,0.4049899495003837,0.446640621949987,,0
r8c-0062-8270c0ce56a35179,62,E1_STATIC,LIRCMOP2,MATCHED_JDE_STYLE_PARETO,0,COMPLETE,INCLUDED,0.4564500488097939,0.4912561934942252,,0
r8c-0063-6ccc7e38b536fc29,63,E1_STATIC,LIRCMOP2,MATCHED_SHADE_STYLE_PARETO,0,COMPLETE,INCLUDED,0.44574010101383266,0.4836077787807894,,0
r8c-0064-2cb186732520cee1,64,E1_STATIC,LIRCMOP2,JMETALPY_1_7_GDE3_STANDARD_PARETO_DE,0,COMPLETE,INCLUDED,0.42305165591512645,0.49977110256840485,,0
r8c-0065-ecab925ba6b60e5a,65,E1_STATIC,LIRCMOP2,JMETALPY_1_7_NSGAII_STATIC_CMOEA,0,COMPLETE,INCLUDED,0.40654255638303993,0.4259678849789625,,0
r8c-0066-595349937ce7d7eb,66,E1_STATIC,LIRCMOP2,F22_MG_STATIC,1,COMPLETE,INCLUDED,0.48301374236039646,0.4983193540759328,,0
r8c-0067-29f1f48f05f9cd82,67,E1_STATIC,LIRCMOP2,MATCHED_FIXED_DE_PARETO,1,COMPLETE,INCLUDED,0.467341536239059,0.5523989642058168,,0
r8c-0068-530b866e315e49de,68,E1_STATIC,LIRCMOP2,MATCHED_JDE_STYLE_PARETO,1,COMPLETE,INCLUDED,0.4114565329216381,0.45308184002312085,,0
r8c-0069-2a2955a2d23f95e4,69,E1_STATIC,LIRCMOP2,MATCHED_SHADE_STYLE_PARETO,1,COMPLETE,INCLUDED,0.44407607723024806,0.4901660239190964,,0
r8c-0070-08131eab5bf90513,70,E1_STATIC,LIRCMOP2,JMETALPY_1_7_GDE3_STANDARD_PARETO_DE,1,COMPLETE,INCLUDED,0.38172721698963097,0.4834636238157903,,0
r8c-0071-b3b37a816eb17035,71,E1_STATIC,LIRCMOP2,JMETALPY_1_7_NSGAII_STATIC_CMOEA,1,COMPLETE,INCLUDED,0.4020328015028146,0.41941102522942036,,0
r8c-0072-c1b0864007e13395,72,E1_STATIC,LIRCMOP2,F22_MG_STATIC,2,COMPLETE,INCLUDED,0.4378735452872335,0.45302367291817286,,0
r8c-0073-ba030363a028aa53,73,E1_STATIC,LIRCMOP2,MATCHED_FIXED_DE_PARETO,2,COMPLETE,INCLUDED,0.4499347762574015,0.5074989710246424,,0
r8c-0074-920abfcfd8a71d53,74,E1_STATIC,LIRCMOP2,MATCHED_JDE_STYLE_PARETO,2,COMPLETE,INCLUDED,0.4448967699635484,0.4630724037865733,,0
r8c-0075-a8a9b6e63feb2c0a,75,E1_STATIC,LIRCMOP2,MATCHED_SHADE_STYLE_PARETO,2,COMPLETE,INCLUDED,0.4378792000328729,0.4743175936647359,,0
r8c-0076-8cf4dd05b2a67b07,76,E1_STATIC,LIRCMOP2,JMETALPY_1_7_GDE3_STANDARD_PARETO_DE,2,COMPLETE,INCLUDED,0.48397233314272403,0.5441841570999981,,0
r8c-0077-0d768cd34f4ebc53,77,E1_STATIC,LIRCMOP2,JMETALPY_1_7_NSGAII_STATIC_CMOEA,2,COMPLETE,INCLUDED,0.3874248535057178,0.42902149081871166,,0
r8c-0078-9a756622888f541f,78,E1_STATIC,LIRCMOP2,F22_MG_STATIC,3,COMPLETE,INCLUDED,0.44143732245335415,0.45745677992446715,,0
r8c-0079-8fe627967f583232,79,E1_STATIC,LIRCMOP2,MATCHED_FIXED_DE_PARETO,3,COMPLETE,INCLUDED,0.41353543340705207,0.45836184952551473,,0
r8c-0080-93369cd636a0c16d,80,E1_STATIC,LIRCMOP2,MATCHED_JDE_STYLE_PARETO,3,COMPLETE,INCLUDED,0.40278208314287656,0.4229462129114034,,0
r8c-0081-86f5ed2b860268b5,81,E1_STATIC,LIRCMOP2,MATCHED_SHADE_STYLE_PARETO,3,COMPLETE,INCLUDED,0.40914060544473696,0.4511433643593743,,0
r8c-0082-959bbaed5c703f2a,82,E1_STATIC,LIRCMOP2,JMETALPY_1_7_GDE3_STANDARD_PARETO_DE,3,COMPLETE,INCLUDED,0.4205421834378012,0.5377742792602184,,0
r8c-0083-4f64e655a395f6a9,83,E1_STATIC,LIRCMOP2,JMETALPY_1_7_NSGAII_STATIC_CMOEA,3,COMPLETE,INCLUDED,0.4044014809730191,0.4155827594406698,,0
r8c-0084-7eacc88938493e16,84,E1_STATIC,LIRCMOP2,F22_MG_STATIC,4,COMPLETE,INCLUDED,0.44460747743758544,0.45936485532429444,,0
r8c-0085-a99db58068fe7068,85,E1_STATIC,LIRCMOP2,MATCHED_FIXED_DE_PARETO,4,COMPLETE,INCLUDED,0.4512860778533165,0.46893492910259477,,0
r8c-0086-180b7343bdcb9c29,86,E1_STATIC,LIRCMOP2,MATCHED_JDE_STYLE_PARETO,4,COMPLETE,INCLUDED,0.4169295604717682,0.45260822724526945,,0
r8c-0087-b3661a00682d758c,87,E1_STATIC,LIRCMOP2,MATCHED_SHADE_STYLE_PARETO,4,COMPLETE,INCLUDED,0.4244523544917925,0.46716987822904643,,0
r8c-0088-dd5ffe541d7ee8f3,88,E1_STATIC,LIRCMOP2,JMETALPY_1_7_GDE3_STANDARD_PARETO_DE,4,COMPLETE,INCLUDED,0.3969967599256572,0.5013631141056054,,0
r8c-0089-6726325cb38d7535,89,E1_STATIC,LIRCMOP2,JMETALPY_1_7_NSGAII_STATIC_CMOEA,4,COMPLETE,INCLUDED,0.4244979248667817,0.4368681459950427,,0
r8c-0090-a851f80bed681057,90,E1_STATIC,LIRCMOP2,F22_MG_STATIC,5,COMPLETE,INCLUDED,0.4379394924819163,0.45103206503952914,,0
r8c-0091-cd810670c344e4ff,91,E1_STATIC,LIRCMOP2,MATCHED_FIXED_DE_PARETO,5,COMPLETE,INCLUDED,0.43344424675424886,0.49899819533316003,,0
r8c-0092-c5879315d8e7a1b7,92,E1_STATIC,LIRCMOP2,MATCHED_JDE_STYLE_PARETO,5,COMPLETE,INCLUDED,0.4015385882898742,0.4439942703484154,,0
r8c-0093-97294d7b24123c4b,93,E1_STATIC,LIRCMOP2,MATCHED_SHADE_STYLE_PARETO,5,COMPLETE,INCLUDED,0.3872541001930255,0.4511260093931602,,0
r8c-0094-140d945a52902c01,94,E1_STATIC,LIRCMOP2,JMETALPY_1_7_GDE3_STANDARD_PARETO_DE,5,COMPLETE,INCLUDED,0.4060486333651,0.47685591137226124,,0
r8c-0095-4b6d57e5998a845e,95,E1_STATIC,LIRCMOP2,JMETALPY_1_7_NSGAII_STATIC_CMOEA,5,COMPLETE,INCLUDED,0.3883346688256306,0.40095624862251256,,0
r8c-0096-063c3e351119c9b0,96,E1_STATIC,LIRCMOP2,F22_MG_STATIC,6,COMPLETE,INCLUDED,0.4106353531330791,0.44711381105327536,,0
r8c-0097-d9ac915f04fd0907,97,E1_STATIC,LIRCMOP2,MATCHED_FIXED_DE_PARETO,6,COMPLETE,INCLUDED,0.3565731756022817,0.49120792611427355,,0
r8c-0098-23f2c0d64bff1f2c,98,E1_STATIC,LIRCMOP2,MATCHED_JDE_STYLE_PARETO,6,COMPLETE,INCLUDED,0.41164685065340606,0.43737493058112953,,0
r8c-0099-b30a7d8beecf4ab8,99,E1_STATIC,LIRCMOP2,MATCHED_SHADE_STYLE_PARETO,6,COMPLETE,INCLUDED,0.4503259059157939,0.47148949424175457,,0
r8c-0100-6fa9072a153e43d9,100,E1_STATIC,LIRCMOP2,JMETALPY_1_7_GDE3_STANDARD_PARETO_DE,6,COMPLETE,INCLUDED,0.39072394274906735,0.5016342323778841,,0
r8c-0101-23d8438beed5764e,101,E1_STATIC,LIRCMOP2,JMETALPY_1_7_NSGAII_STATIC_CMOEA,6,COMPLETE,INCLUDED,0.41196674125013794,0.4236105739396033,,0
r8c-0102-9703d33827288d9e,102,E1_STATIC,LIRCMOP2,F22_MG_STATIC,7,COMPLETE,INCLUDED,0.451030790248332,0.4887060507924051,,0
r8c-0103-0338e0e828dd7543,103,E1_STATIC,LIRCMOP2,MATCHED_FIXED_DE_PARETO,7,COMPLETE,INCLUDED,0.4036581571489392,0.45541397457111116,,0
r8c-0104-e5f9f38a5e54c406,104,E1_STATIC,LIRCMOP2,MATCHED_JDE_STYLE_PARETO,7,COMPLETE,INCLUDED,0.39231424200274057,0.42412587463556006,,0
r8c-0105-b925c7308c7ddf0e,105,E1_STATIC,LIRCMOP2,MATCHED_SHADE_STYLE_PARETO,7,COMPLETE,INCLUDED,0.45507676401623254,0.47829216548147896,,0
r8c-0106-2d641592d04ecb77,106,E1_STATIC,LIRCMOP2,JMETALPY_1_7_GDE3_STANDARD_PARETO_DE,7,COMPLETE,INCLUDED,0.47469563607994203,0.5071264168973726,,0
r8c-0107-2f68d30ed6246381,107,E1_STATIC,LIRCMOP2,JMETALPY_1_7_NSGAII_STATIC_CMOEA,7,COMPLETE,INCLUDED,0.41687069575666297,0.42933358902446545,,0
r8c-0108-959d1a8b59a89b5b,108,E1_STATIC,LIRCMOP2,F22_MG_STATIC,8,COMPLETE,INCLUDED,0.4559133170417294,0.4714716991699848,,0
r8c-0109-e3a22d1a7c20275c,109,E1_STATIC,LIRCMOP2,MATCHED_FIXED_DE_PARETO,8,COMPLETE,INCLUDED,0.4885689152573013,0.5280175090876567,,0
r8c-0110-603e60d0ec3aaacd,110,E1_STATIC,LIRCMOP2,MATCHED_JDE_STYLE_PARETO,8,COMPLETE,INCLUDED,0.4064807878550724,0.42083698237706585,,0
r8c-0111-2796a2376cc5c744,111,E1_STATIC,LIRCMOP2,MATCHED_SHADE_STYLE_PARETO,8,COMPLETE,INCLUDED,0.45433158013067304,0.5050540337424836,,0
r8c-0112-75595309ada114d1,112,E1_STATIC,LIRCMOP2,JMETALPY_1_7_GDE3_STANDARD_PARETO_DE,8,COMPLETE,INCLUDED,0.4537854669822279,0.5169417373065565,,0
r8c-0113-2ab787a8407930de,113,E1_STATIC,LIRCMOP2,JMETALPY_1_7_NSGAII_STATIC_CMOEA,8,COMPLETE,INCLUDED,0.4216225446891284,0.44331913057610517,,0
r8c-0114-5e2af40c65916daf,114,E1_STATIC,LIRCMOP2,F22_MG_STATIC,9,COMPLETE,INCLUDED,0.4488961375199947,0.4653681926109884,,0
r8c-0115-bed6ba1d872e3def,115,E1_STATIC,LIRCMOP2,MATCHED_FIXED_DE_PARETO,9,COMPLETE,INCLUDED,0.44519336551884653,0.4797710768651876,,0
r8c-0116-24e01c218cf6e453,116,E1_STATIC,LIRCMOP2,MATCHED_JDE_STYLE_PARETO,9,COMPLETE,INCLUDED,0.378435305599044,0.38871438968411676,,0
r8c-0117-2e10cdd76538974c,117,E1_STATIC,LIRCMOP2,MATCHED_SHADE_STYLE_PARETO,9,COMPLETE,INCLUDED,0.41815954723150056,0.45588075318700777,,0
r8c-0118-7bdc53790230a741,118,E1_STATIC,LIRCMOP2,JMETALPY_1_7_GDE3_STANDARD_PARETO_DE,9,COMPLETE,INCLUDED,0.39875243674288025,0.49211648960900123,,0
r8c-0119-df0fa577f11e7077,119,E1_STATIC,LIRCMOP2,JMETALPY_1_7_NSGAII_STATIC_CMOEA,9,COMPLETE,INCLUDED,0.4185694471645482,0.43063029048742935,,0
r8c-0120-a3f95a16d24b2320,120,E1_STATIC,LIRCMOP3,F22_MG_STATIC,0,COMPLETE,INCLUDED,0.21134128548172074,0.21988504821050187,,0
r8c-0121-209455c475b2af80,121,E1_STATIC,LIRCMOP3,MATCHED_FIXED_DE_PARETO,0,COMPLETE,INCLUDED,0.12609816530899629,0.21187744399088876,,0
r8c-0122-058a459096bb0b96,122,E1_STATIC,LIRCMOP3,MATCHED_JDE_STYLE_PARETO,0,COMPLETE,INCLUDED,0.2138768437929955,0.22292727726249364,,0
r8c-0123-5faec7f76175cabe,123,E1_STATIC,LIRCMOP3,MATCHED_SHADE_STYLE_PARETO,0,COMPLETE,INCLUDED,0.20128903201180098,0.22292742174489127,,0
r8c-0124-1433f7b6617c4157,124,E1_STATIC,LIRCMOP3,JMETALPY_1_7_GDE3_STANDARD_PARETO_DE,0,COMPLETE,INCLUDED,0.1797501249961651,0.2019074112166656,,0
r8c-0125-60b297931329611b,125,E1_STATIC,LIRCMOP3,JMETALPY_1_7_NSGAII_STATIC_CMOEA,0,COMPLETE,INCLUDED,0.18924505768599717,0.1995494581217895,,0
r8c-0126-e0f4d0913c7a984a,126,E1_STATIC,LIRCMOP3,F22_MG_STATIC,1,COMPLETE,INCLUDED,0.21544928184560233,0.22254668404464029,,0
r8c-0127-409415a15de238a2,127,E1_STATIC,LIRCMOP3,MATCHED_FIXED_DE_PARETO,1,COMPLETE,INCLUDED,0.1841974293238142,0.21913998906831217,,0
r8c-0128-25c1002d89c9aa01,128,E1_STATIC,LIRCMOP3,MATCHED_JDE_STYLE_PARETO,1,COMPLETE,INCLUDED,0.19573985880789985,0.21227538849375469,,0
r8c-0129-ed3f1f017e333b6d,129,E1_STATIC,LIRCMOP3,MATCHED_SHADE_STYLE_PARETO,1,COMPLETE,INCLUDED,0.24319073607137565,0.26752319569417815,,0
r8c-0130-903b5a1d521099f2,130,E1_STATIC,LIRCMOP3,JMETALPY_1_7_GDE3_STANDARD_PARETO_DE,1,COMPLETE,INCLUDED,0.22986206989406624,0.2624549249323575,,0
r8c-0131-02774901ffc8b05c,131,E1_STATIC,LIRCMOP3,JMETALPY_1_7_NSGAII_STATIC_CMOEA,1,COMPLETE,INCLUDED,0.18555762178204058,0.1920065258893287,,0
r8c-0132-fe1ec32c1bb746cf,132,E1_STATIC,LIRCMOP3,F22_MG_STATIC,2,COMPLETE,INCLUDED,0.21641989437256298,0.22421093307100043,,0
r8c-0133-c3f18812d15afc29,133,E1_STATIC,LIRCMOP3,MATCHED_FIXED_DE_PARETO,2,COMPLETE,INCLUDED,0.16938258698764785,0.2144001878051215,,0
r8c-0134-1252c2f031939495,134,E1_STATIC,LIRCMOP3,MATCHED_JDE_STYLE_PARETO,2,COMPLETE,INCLUDED,0.1866531236546704,0.19212672485367902,,0
r8c-0135-2497fbceb20c8113,135,E1_STATIC,LIRCMOP3,MATCHED_SHADE_STYLE_PARETO,2,COMPLETE,INCLUDED,0.1893890135970476,0.21936763220114072,,0
r8c-0136-8b8f91301ac4b741,136,E1_STATIC,LIRCMOP3,JMETALPY_1_7_GDE3_STANDARD_PARETO_DE,2,COMPLETE,INCLUDED,0.1513689054998309,0.21335256834678148,,0
r8c-0137-316163a603762dce,137,E1_STATIC,LIRCMOP3,JMETALPY_1_7_NSGAII_STATIC_CMOEA,2,COMPLETE,INCLUDED,0.16519719756489865,0.16979381835198984,,0
r8c-0138-42165d1020834b0c,138,E1_STATIC,LIRCMOP3,F22_MG_STATIC,3,COMPLETE,INCLUDED,0.2514523847231581,0.269729024317933,,0
r8c-0139-78ba33763c8e7496,139,E1_STATIC,LIRCMOP3,MATCHED_FIXED_DE_PARETO,3,COMPLETE,INCLUDED,0.1933095766212257,0.22953812426560638,,0
r8c-0140-bb75be985b14dcb9,140,E1_STATIC,LIRCMOP3,MATCHED_JDE_STYLE_PARETO,3,COMPLETE,INCLUDED,0.18969266603599244,0.1960124120211161,,0
r8c-0141-2c9b8705735684c0,141,E1_STATIC,LIRCMOP3,MATCHED_SHADE_STYLE_PARETO,3,COMPLETE,INCLUDED,0.2045402487702175,0.22357431320373763,,0
r8c-0142-26794222b28eb1d1,142,E1_STATIC,LIRCMOP3,JMETALPY_1_7_GDE3_STANDARD_PARETO_DE,3,COMPLETE,INCLUDED,0.16586048768447406,0.19305846347915986,,0
r8c-0143-5fb01e0604dd2c73,143,E1_STATIC,LIRCMOP3,JMETALPY_1_7_NSGAII_STATIC_CMOEA,3,COMPLETE,INCLUDED,0.21631167265021684,0.2263790636891254,,0
r8c-0144-9c0d71efff7da928,144,E1_STATIC,LIRCMOP3,F22_MG_STATIC,4,COMPLETE,INCLUDED,0.20359481897245488,0.22225634888517395,,0
r8c-0145-4cea291168ac95cd,145,E1_STATIC,LIRCMOP3,MATCHED_FIXED_DE_PARETO,4,COMPLETE,INCLUDED,0.12953415982549352,0.2132092104748651,,0
r8c-0146-87e1e20e0723a4a3,146,E1_STATIC,LIRCMOP3,MATCHED_JDE_STYLE_PARETO,4,COMPLETE,INCLUDED,0.22431420269905789,0.2481032687394274,,0
r8c-0147-74d71a27a8fd2675,147,E1_STATIC,LIRCMOP3,MATCHED_SHADE_STYLE_PARETO,4,COMPLETE,INCLUDED,0.1829636901425038,0.19840269947087788,,0
r8c-0148-eff01c3103a513ab,148,E1_STATIC,LIRCMOP3,JMETALPY_1_7_GDE3_STANDARD_PARETO_DE,4,COMPLETE,INCLUDED,0.16729894335803683,0.19432871331767318,,0
r8c-0149-1f808a84d31ba0a4,149,E1_STATIC,LIRCMOP3,JMETALPY_1_7_NSGAII_STATIC_CMOEA,4,COMPLETE,INCLUDED,0.18831133093198216,0.19415566184743188,,0
r8c-0150-b3e4758fa559dcec,150,E1_STATIC,LIRCMOP3,F22_MG_STATIC,5,COMPLETE,INCLUDED,0.21061816215623794,0.21973829308765053,,0
r8c-0151-e324333091e428be,151,E1_STATIC,LIRCMOP3,MATCHED_FIXED_DE_PARETO,5,COMPLETE,INCLUDED,0.19744439903908564,0.258191115627163,,0
r8c-0152-510bf7e9fd0e8ced,152,E1_STATIC,LIRCMOP3,MATCHED_JDE_STYLE_PARETO,5,COMPLETE,INCLUDED,0.18640799263091745,0.19260401054746284,,0
r8c-0153-120d02de3271261e,153,E1_STATIC,LIRCMOP3,MATCHED_SHADE_STYLE_PARETO,5,COMPLETE,INCLUDED,0.17864674686925772,0.196529108396006,,0
r8c-0154-4eb35bf59a19e9ac,154,E1_STATIC,LIRCMOP3,JMETALPY_1_7_GDE3_STANDARD_PARETO_DE,5,COMPLETE,INCLUDED,0.21479298880539907,0.2576811646475641,,0
r8c-0155-e6b36e9e27c984ab,155,E1_STATIC,LIRCMOP3,JMETALPY_1_7_NSGAII_STATIC_CMOEA,5,COMPLETE,INCLUDED,0.18958693569103263,0.19944053839682804,,0
r8c-0156-6e7267ef752d9816,156,E1_STATIC,LIRCMOP3,F22_MG_STATIC,6,COMPLETE,INCLUDED,0.18181163066073933,0.19673937561664429,,0
r8c-0157-fd6d11f9342e0cab,157,E1_STATIC,LIRCMOP3,MATCHED_FIXED_DE_PARETO,6,COMPLETE,INCLUDED,0.18351656778786213,0.21161773684527121,,0
r8c-0158-af6159a8bbbf3844,158,E1_STATIC,LIRCMOP3,MATCHED_JDE_STYLE_PARETO,6,COMPLETE,INCLUDED,0.2309595363266659,0.23930401532238418,,0
r8c-0159-eca2a3cd4eb6111b,159,E1_STATIC,LIRCMOP3,MATCHED_SHADE_STYLE_PARETO,6,COMPLETE,INCLUDED,0.24416492098180045,0.2555820264033636,,0
r8c-0160-876878a5a14f15b7,160,E1_STATIC,LIRCMOP3,JMETALPY_1_7_GDE3_STANDARD_PARETO_DE,6,COMPLETE,INCLUDED,0.22739807714872975,0.2585640410609929,,0
r8c-0161-f58a680a2e7a7d95,161,E1_STATIC,LIRCMOP3,JMETALPY_1_7_NSGAII_STATIC_CMOEA,6,COMPLETE,INCLUDED,0.18820637246422145,0.1976842358633776,,0
r8c-0162-89ed3a960147453a,162,E1_STATIC,LIRCMOP3,F22_MG_STATIC,7,COMPLETE,INCLUDED,0.1927733608436724,0.19889035398202437,,0
r8c-0163-f716b7d8ce95c2bd,163,E1_STATIC,LIRCMOP3,MATCHED_FIXED_DE_PARETO,7,COMPLETE,INCLUDED,0.1557424451701531,0.19416257165868064,,0
r8c-0164-41d53e15c986a9ab,164,E1_STATIC,LIRCMOP3,MATCHED_JDE_STYLE_PARETO,7,COMPLETE,INCLUDED,0.18298051502238594,0.2002180677548683,,0
r8c-0165-46393f5345749908,165,E1_STATIC,LIRCMOP3,MATCHED_SHADE_STYLE_PARETO,7,COMPLETE,INCLUDED,0.23865534820413364,0.2588372645893509,,0
r8c-0166-306a9eb1faa732e5,166,E1_STATIC,LIRCMOP3,JMETALPY_1_7_GDE3_STANDARD_PARETO_DE,7,COMPLETE,INCLUDED,0.16334853941545796,0.2164899896171429,,0
r8c-0167-8a61930415bc0150,167,E1_STATIC,LIRCMOP3,JMETALPY_1_7_NSGAII_STATIC_CMOEA,7,COMPLETE,INCLUDED,0.17850942932369163,0.1838585709136486,,0
r8c-0168-67343d5a840b39bf,168,E1_STATIC,LIRCMOP3,F22_MG_STATIC,8,COMPLETE,INCLUDED,0.2106904858812917,0.21692068823774088,,0
r8c-0169-67334d49e97d3eae,169,E1_STATIC,LIRCMOP3,MATCHED_FIXED_DE_PARETO,8,COMPLETE,INCLUDED,0.17704290741127487,0.21248292333216148,,0
r8c-0170-4734886e5d68c8a1,170,E1_STATIC,LIRCMOP3,MATCHED_JDE_STYLE_PARETO,8,COMPLETE,INCLUDED,0.18163411628789639,0.19766223597145005,,0
r8c-0171-2b60a9e686a40e66,171,E1_STATIC,LIRCMOP3,MATCHED_SHADE_STYLE_PARETO,8,COMPLETE,INCLUDED,0.20727065127487498,0.2258149162996126,,0
r8c-0172-41c2ea9a451d66da,172,E1_STATIC,LIRCMOP3,JMETALPY_1_7_GDE3_STANDARD_PARETO_DE,8,COMPLETE,INCLUDED,0.16017906843622867,0.21576509584070408,,0
r8c-0173-ed6670b6e6faa97b,173,E1_STATIC,LIRCMOP3,JMETALPY_1_7_NSGAII_STATIC_CMOEA,8,COMPLETE,INCLUDED,0.22585376717626596,0.2399178635406779,,0
r8c-0174-82429cdc6e75ff4a,174,E1_STATIC,LIRCMOP3,F22_MG_STATIC,9,COMPLETE,INCLUDED,0.2144879861283505,0.2248758333913521,,0
r8c-0175-2cc6c763c52fcb4e,175,E1_STATIC,LIRCMOP3,MATCHED_FIXED_DE_PARETO,9,COMPLETE,INCLUDED,0.20799680497172207,0.2597847548784929,,0
r8c-0176-7b61f25793906759,176,E1_STATIC,LIRCMOP3,MATCHED_JDE_STYLE_PARETO,9,COMPLETE,INCLUDED,0.17757124393083307,0.19698698839644554,,0
r8c-0177-81367ae98a76cd28,177,E1_STATIC,LIRCMOP3,MATCHED_SHADE_STYLE_PARETO,9,COMPLETE,INCLUDED,0.1830130109565802,0.19900170142440135,,0
r8c-0178-80a8433ad5ea066c,178,E1_STATIC,LIRCMOP3,JMETALPY_1_7_GDE3_STANDARD_PARETO_DE,9,COMPLETE,INCLUDED,0.1556280546941605,0.1970991395644911,,0
r8c-0179-9adb046521edd4f3,179,E1_STATIC,LIRCMOP3,JMETALPY_1_7_NSGAII_STATIC_CMOEA,9,COMPLETE,INCLUDED,0.16200321346116192,0.16642049518363494,,0
r8c-0180-a8e4c0be04778f03,180,E1_STATIC,LIRCMOP4,F22_MG_STATIC,0,COMPLETE,INCLUDED,0.39534363378459636,0.4092744650337427,,0
r8c-0181-6d09ad8a99d049f4,181,E1_STATIC,LIRCMOP4,MATCHED_FIXED_DE_PARETO,0,COMPLETE,INCLUDED,0.25632778842682724,0.4285519493962659,,0
r8c-0182-756914f2bda86c75,182,E1_STATIC,LIRCMOP4,MATCHED_JDE_STYLE_PARETO,0,COMPLETE,INCLUDED,0.42255385246761035,0.4403134924244687,,0
r8c-0183-dcf25a3dca93f7e9,183,E1_STATIC,LIRCMOP4,MATCHED_SHADE_STYLE_PARETO,0,COMPLETE,INCLUDED,0.40487190737621054,0.4477171555345504,,0
r8c-0184-663512426eea0cc0,184,E1_STATIC,LIRCMOP4,JMETALPY_1_7_GDE3_STANDARD_PARETO_DE,0,COMPLETE,INCLUDED,0.38980423133952585,0.4281105423430025,,0
r8c-0185-9f38c994be540cc7,185,E1_STATIC,LIRCMOP4,JMETALPY_1_7_NSGAII_STATIC_CMOEA,0,COMPLETE,INCLUDED,0.3665162188613835,0.378251389382198,,0
r8c-0186-2d1cd3ff41f2a4b9,186,E1_STATIC,LIRCMOP4,F22_MG_STATIC,1,COMPLETE,INCLUDED,0.435003258802909,0.4486327424217915,,0
r8c-0187-9690298ee7553a9a,187,E1_STATIC,LIRCMOP4,MATCHED_FIXED_DE_PARETO,1,COMPLETE,INCLUDED,0.3768622778572661,0.43888728681338357,,0
r8c-0188-73f6b9793909346a,188,E1_STATIC,LIRCMOP4,MATCHED_JDE_STYLE_PARETO,1,COMPLETE,INCLUDED,0.3152710057148708,0.3409874852309627,,0
r8c-0189-11bda50be0ef510f,189,E1_STATIC,LIRCMOP4,MATCHED_SHADE_STYLE_PARETO,1,COMPLETE,INCLUDED,0.4322459690160973,0.46788395009402794,,0
r8c-0190-47a705ee0cade588,190,E1_STATIC,LIRCMOP4,JMETALPY_1_7_GDE3_STANDARD_PARETO_DE,1,COMPLETE,INCLUDED,0.4187455588362416,0.46239417903307495,,0
r8c-0191-e1a8af2f873d7c5a,191,E1_STATIC,LIRCMOP4,JMETALPY_1_7_NSGAII_STATIC_CMOEA,1,COMPLETE,INCLUDED,0.3676176222383608,0.37948000737789545,,0
r8c-0192-ae20fb375ecc3cb0,192,E1_STATIC,LIRCMOP4,F22_MG_STATIC,2,COMPLETE,INCLUDED,0.4332196825379196,0.44859931383909285,,0
r8c-0193-39bb86126c98d1dc,193,E1_STATIC,LIRCMOP4,MATCHED_FIXED_DE_PARETO,2,COMPLETE,INCLUDED,0.33981562012245914,0.4295121541300909,,0
r8c-0194-dd2739c02d31b955,194,E1_STATIC,LIRCMOP4,MATCHED_JDE_STYLE_PARETO,2,COMPLETE,INCLUDED,0.36337070628160356,0.37407065159698133,,0
r8c-0195-e4dc5d7f26f8f6e7,195,E1_STATIC,LIRCMOP4,MATCHED_SHADE_STYLE_PARETO,2,COMPLETE,INCLUDED,0.38027671429166127,0.4429667258316838,,0
r8c-0196-39a657d9ef5105b2,196,E1_STATIC,LIRCMOP4,JMETALPY_1_7_GDE3_STANDARD_PARETO_DE,2,COMPLETE,INCLUDED,0.3147556783868641,0.4377669068415729,,0
r8c-0197-e6bbe531a4de0cb2,197,E1_STATIC,LIRCMOP4,JMETALPY_1_7_NSGAII_STATIC_CMOEA,2,COMPLETE,INCLUDED,0.4007228168308389,0.412022688137438,,0
r8c-0198-e44daa8f32475e42,198,E1_STATIC,LIRCMOP4,F22_MG_STATIC,3,COMPLETE,INCLUDED,0.3954059787376471,0.4097871508158547,,0
r8c-0199-177cb92b83357ae0,199,E1_STATIC,LIRCMOP4,MATCHED_FIXED_DE_PARETO,3,COMPLETE,INCLUDED,0.3385393458737121,0.39897481566806475,,0
r8c-0200-58391caf6342ce60,200,E1_STATIC,LIRCMOP4,MATCHED_JDE_STYLE_PARETO,3,COMPLETE,INCLUDED,0.37207970599447804,0.3843310530495773,,0
r8c-0201-d901717d2121705f,201,E1_STATIC,LIRCMOP4,MATCHED_SHADE_STYLE_PARETO,3,COMPLETE,INCLUDED,0.40953699243581587,0.4477835339692085,,0
r8c-0202-c7f62a4f8e9ff4ac,202,E1_STATIC,LIRCMOP4,JMETALPY_1_7_GDE3_STANDARD_PARETO_DE,3,COMPLETE,INCLUDED,0.3280789285076045,0.37656130190443865,,0
r8c-0203-cbcbfedb5a8ddce5,203,E1_STATIC,LIRCMOP4,JMETALPY_1_7_NSGAII_STATIC_CMOEA,3,COMPLETE,INCLUDED,0.438840312819092,0.4520557667008159,,0
r8c-0204-9e4ddb4910f1f694,204,E1_STATIC,LIRCMOP4,F22_MG_STATIC,4,COMPLETE,INCLUDED,0.40504706418774755,0.44233999692808723,,0
r8c-0205-158cd39991df1ba0,205,E1_STATIC,LIRCMOP4,MATCHED_FIXED_DE_PARETO,4,COMPLETE,INCLUDED,0.26706076421240166,0.4415893975388239,,0
r8c-0206-8993f3fe07bd89fa,206,E1_STATIC,LIRCMOP4,MATCHED_JDE_STYLE_PARETO,4,COMPLETE,INCLUDED,0.3759880524826825,0.41187618492807565,,0
r8c-0207-878c4a9ec6b2c386,207,E1_STATIC,LIRCMOP4,MATCHED_SHADE_STYLE_PARETO,4,COMPLETE,INCLUDED,0.35704620789856917,0.3868660170448646,,0
r8c-0208-d750f7d966c19ad7,208,E1_STATIC,LIRCMOP4,JMETALPY_1_7_GDE3_STANDARD_PARETO_DE,4,COMPLETE,INCLUDED,0.33034220292522454,0.3795885050831455,,0
r8c-0209-1245ff0c24def429,209,E1_STATIC,LIRCMOP4,JMETALPY_1_7_NSGAII_STATIC_CMOEA,4,COMPLETE,INCLUDED,0.3724525734097172,0.3847601721004415,,0
r8c-0210-1760876c0f4a925b,210,E1_STATIC,LIRCMOP4,F22_MG_STATIC,5,COMPLETE,INCLUDED,0.43303574973293746,0.44725056444587796,,0
r8c-0211-4013b45f2a875959,211,E1_STATIC,LIRCMOP4,MATCHED_FIXED_DE_PARETO,5,COMPLETE,INCLUDED,0.37051197302995537,0.4373917679724416,,0
r8c-0212-c0425df78a051366,212,E1_STATIC,LIRCMOP4,MATCHED_JDE_STYLE_PARETO,5,COMPLETE,INCLUDED,0.3707411953191655,0.3863404863829125,,0
r8c-0213-c6826d41322c7995,213,E1_STATIC,LIRCMOP4,MATCHED_SHADE_STYLE_PARETO,5,COMPLETE,INCLUDED,0.35492609856799795,0.38811408864040214,,0
r8c-0214-be9fc347bdbd8adc,214,E1_STATIC,LIRCMOP4,JMETALPY_1_7_GDE3_STANDARD_PARETO_DE,5,COMPLETE,INCLUDED,0.37650621355946196,0.4561402349049989,,0
r8c-0215-414b2d9aa17f1241,215,E1_STATIC,LIRCMOP4,JMETALPY_1_7_NSGAII_STATIC_CMOEA,5,COMPLETE,INCLUDED,0.3682950818887599,0.37982930971271256,,0
r8c-0216-ef4273022ed2e34e,216,E1_STATIC,LIRCMOP4,F22_MG_STATIC,6,COMPLETE,INCLUDED,0.3537785651821198,0.38271028693113146,,0
r8c-0217-c019902316362c7e,217,E1_STATIC,LIRCMOP4,MATCHED_FIXED_DE_PARETO,6,COMPLETE,INCLUDED,0.37134376368305805,0.4347586997506235,,0
r8c-0218-e727d45ac01558bd,218,E1_STATIC,LIRCMOP4,MATCHED_JDE_STYLE_PARETO,6,COMPLETE,INCLUDED,0.38365457502123623,0.39780418062873046,,0
r8c-0219-1c74a0fe082a4ced,219,E1_STATIC,LIRCMOP4,MATCHED_SHADE_STYLE_PARETO,6,COMPLETE,INCLUDED,0.4473058356257633,0.463303941009326,,0
r8c-0220-c1b2a56216bf2671,220,E1_STATIC,LIRCMOP4,JMETALPY_1_7_GDE3_STANDARD_PARETO_DE,6,COMPLETE,INCLUDED,0.39959506096676184,0.461045266690069,,0
r8c-0221-a38d34c46729ccb1,221,E1_STATIC,LIRCMOP4,JMETALPY_1_7_NSGAII_STATIC_CMOEA,6,COMPLETE,INCLUDED,0.3760413679655205,0.38785086666196994,,0
r8c-0222-a4bd844d57b908e4,222,E1_STATIC,LIRCMOP4,F22_MG_STATIC,7,COMPLETE,INCLUDED,0.3941785955294682,0.4075263046281676,,0
r8c-0223-b864eee9088e68a9,223,E1_STATIC,LIRCMOP4,MATCHED_FIXED_DE_PARETO,7,COMPLETE,INCLUDED,0.3271970628602601,0.44067984412834715,,0
r8c-0224-396d3693387591db,224,E1_STATIC,LIRCMOP4,MATCHED_JDE_STYLE_PARETO,7,COMPLETE,INCLUDED,0.3560361196854448,0.3868138941920631,,0
r8c-0225-76f6adfdeb8572c8,225,E1_STATIC,LIRCMOP4,MATCHED_SHADE_STYLE_PARETO,7,COMPLETE,INCLUDED,0.4318190654687648,0.468972829524402,,0
r8c-0226-cc95451ddad258ec,226,E1_STATIC,LIRCMOP4,JMETALPY_1_7_GDE3_STANDARD_PARETO_DE,7,COMPLETE,INCLUDED,0.3478533737087316,0.4420188652947327,,0
r8c-0227-c64a370b422def70,227,E1_STATIC,LIRCMOP4,JMETALPY_1_7_NSGAII_STATIC_CMOEA,7,COMPLETE,INCLUDED,0.3702077474200883,0.3798697303151018,,0
r8c-0228-aa1adce5712534f1,228,E1_STATIC,LIRCMOP4,F22_MG_STATIC,8,COMPLETE,INCLUDED,0.419751551425127,0.43121898616844995,,0
r8c-0229-d0e15eed40aa9f3c,229,E1_STATIC,LIRCMOP4,MATCHED_FIXED_DE_PARETO,8,COMPLETE,INCLUDED,0.3721179309454385,0.4339768930260565,,0
r8c-0230-8dc57e47ba60bbff,230,E1_STATIC,LIRCMOP4,MATCHED_JDE_STYLE_PARETO,8,COMPLETE,INCLUDED,0.355927057417667,0.3881553982086446,,0
r8c-0231-ca53f9c762d43fa1,231,E1_STATIC,LIRCMOP4,MATCHED_SHADE_STYLE_PARETO,8,COMPLETE,INCLUDED,0.4138413771277534,0.44917882841129103,,0
r8c-0232-01ab6e96b80b3b03,232,E1_STATIC,LIRCMOP4,JMETALPY_1_7_GDE3_STANDARD_PARETO_DE,8,COMPLETE,INCLUDED,0.3329580236192054,0.4361498097993281,,0
r8c-0233-6b7794ca9bff1069,233,E1_STATIC,LIRCMOP4,JMETALPY_1_7_NSGAII_STATIC_CMOEA,8,COMPLETE,INCLUDED,0.38789679019631423,0.4025774962724286,,0
r8c-0234-233e26e81790733c,234,E1_STATIC,LIRCMOP4,F22_MG_STATIC,9,COMPLETE,INCLUDED,0.4360400452628944,0.4517899827562433,,0
r8c-0235-c5d0f665dd3ec747,235,E1_STATIC,LIRCMOP4,MATCHED_FIXED_DE_PARETO,9,COMPLETE,INCLUDED,0.3645442644012428,0.4061969932343682,,0
r8c-0236-8819d8f57c19c0af,236,E1_STATIC,LIRCMOP4,MATCHED_JDE_STYLE_PARETO,9,COMPLETE,INCLUDED,0.3474628363323006,0.378861007600547,,0
r8c-0237-5b27a21a6d66eca6,237,E1_STATIC,LIRCMOP4,MATCHED_SHADE_STYLE_PARETO,9,COMPLETE,INCLUDED,0.35572477431931226,0.38508859112599086,,0
r8c-0238-e217cc3b42c1ccbf,238,E1_STATIC,LIRCMOP4,JMETALPY_1_7_GDE3_STANDARD_PARETO_DE,9,COMPLETE,INCLUDED,0.3052158177184271,0.37983102970629956,,0
r8c-0239-35b576708c17bd22,239,E1_STATIC,LIRCMOP4,JMETALPY_1_7_NSGAII_STATIC_CMOEA,9,COMPLETE,INCLUDED,0.39298464364861674,0.4037231476675866,,0
r8c-0240-28ae4f8f86aa962c,240,E1_STATIC,LIRCMOP5,F22_MG_STATIC,0,COMPLETE,INCLUDED,0.0,0.0,,0
r8c-0241-d33e77ce70f17327,241,E1_STATIC,LIRCMOP5,MATCHED_FIXED_DE_PARETO,0,COMPLETE,INCLUDED,0.0,0.0,,0
r8c-0242-ac52070d478169e9,242,E1_STATIC,LIRCMOP5,MATCHED_JDE_STYLE_PARETO,0,COMPLETE,INCLUDED,0.0,0.0,,0
r8c-0243-9be115e7531157f6,243,E1_STATIC,LIRCMOP5,MATCHED_SHADE_STYLE_PARETO,0,COMPLETE,INCLUDED,0.0,0.0,,0
r8c-0244-a8f12ef77a0dbc32,244,E1_STATIC,LIRCMOP5,JMETALPY_1_7_GDE3_STANDARD_PARETO_DE,0,COMPLETE,INCLUDED,0.0,0.0,,0
r8c-0245-9462f72c6f6aaae1,245,E1_STATIC,LIRCMOP5,JMETALPY_1_7_NSGAII_STATIC_CMOEA,0,COMPLETE,INCLUDED,0.0,0.0,,0
r8c-0246-dc32b0c74b6278af,246,E1_STATIC,LIRCMOP5,F22_MG_STATIC,1,COMPLETE,INCLUDED,0.0,0.0,,0
r8c-0247-d84751a533aca248,247,E1_STATIC,LIRCMOP5,MATCHED_FIXED_DE_PARETO,1,COMPLETE,INCLUDED,0.0,0.0,,0
r8c-0248-30ffaa0fede7ed34,248,E1_STATIC,LIRCMOP5,MATCHED_JDE_STYLE_PARETO,1,COMPLETE,INCLUDED,0.0,0.0,,0
r8c-0249-5899eec39f0e4f11,249,E1_STATIC,LIRCMOP5,MATCHED_SHADE_STYLE_PARETO,1,COMPLETE,INCLUDED,0.0,0.0,,0
r8c-0250-1123103cf4f0e0f7,250,E1_STATIC,LIRCMOP5,JMETALPY_1_7_GDE3_STANDARD_PARETO_DE,1,COMPLETE,INCLUDED,0.0,0.0,,0
r8c-0251-b5f0c438b0ee63ed,251,E1_STATIC,LIRCMOP5,JMETALPY_1_7_NSGAII_STATIC_CMOEA,1,COMPLETE,INCLUDED,0.0,0.0,,0
r8c-0252-dfdce53b65794fc6,252,E1_STATIC,LIRCMOP5,F22_MG_STATIC,2,COMPLETE,INCLUDED,0.0,0.0,,0
r8c-0253-1f455e2473c04b99,253,E1_STATIC,LIRCMOP5,MATCHED_FIXED_DE_PARETO,2,COMPLETE,INCLUDED,0.0,0.0,,0
r8c-0254-515c040b15c3e005,254,E1_STATIC,LIRCMOP5,MATCHED_JDE_STYLE_PARETO,2,COMPLETE,INCLUDED,0.0,0.0,,0
r8c-0255-24d11ccc3bea0926,255,E1_STATIC,LIRCMOP5,MATCHED_SHADE_STYLE_PARETO,2,COMPLETE,INCLUDED,0.0,0.0,,0
r8c-0256-fc9d151753e79831,256,E1_STATIC,LIRCMOP5,JMETALPY_1_7_GDE3_STANDARD_PARETO_DE,2,COMPLETE,INCLUDED,0.0,0.0,,0
r8c-0257-3b0bf9ae18fe87da,257,E1_STATIC,LIRCMOP5,JMETALPY_1_7_NSGAII_STATIC_CMOEA,2,COMPLETE,INCLUDED,0.0,0.0,,0
r8c-0258-06b314ec5d6fc1f9,258,E1_STATIC,LIRCMOP5,F22_MG_STATIC,3,COMPLETE,INCLUDED,0.0,0.0,,0
r8c-0259-430b434ee58d8f8a,259,E1_STATIC,LIRCMOP5,MATCHED_FIXED_DE_PARETO,3,COMPLETE,INCLUDED,0.0,0.0,,0
r8c-0260-ea8ba857cb41b9ad,260,E1_STATIC,LIRCMOP5,MATCHED_JDE_STYLE_PARETO,3,COMPLETE,INCLUDED,0.0,0.0,,0
r8c-0261-f09d008faf64a425,261,E1_STATIC,LIRCMOP5,MATCHED_SHADE_STYLE_PARETO,3,COMPLETE,INCLUDED,0.0,0.0,,0
r8c-0262-7dd596a034750bb6,262,E1_STATIC,LIRCMOP5,JMETALPY_1_7_GDE3_STANDARD_PARETO_DE,3,COMPLETE,INCLUDED,0.0,0.0,,0
r8c-0263-6d50a9445a70b966,263,E1_STATIC,LIRCMOP5,JMETALPY_1_7_NSGAII_STATIC_CMOEA,3,COMPLETE,INCLUDED,0.0,0.0,,0
r8c-0264-1ca1a3a9675900d0,264,E1_STATIC,LIRCMOP5,F22_MG_STATIC,4,COMPLETE,INCLUDED,0.0,0.0,,0
r8c-0265-037b3e4ac5a092fe,265,E1_STATIC,LIRCMOP5,MATCHED_FIXED_DE_PARETO,4,COMPLETE,INCLUDED,0.0,0.0,,0
r8c-0266-4500c29d90ae3934,266,E1_STATIC,LIRCMOP5,MATCHED_JDE_STYLE_PARETO,4,COMPLETE,INCLUDED,0.0,0.0,,0
r8c-0267-03ab969fe5170e94,267,E1_STATIC,LIRCMOP5,MATCHED_SHADE_STYLE_PARETO,4,COMPLETE,INCLUDED,0.0,0.0,,0
r8c-0268-c6438e666ba9c8bc,268,E1_STATIC,LIRCMOP5,JMETALPY_1_7_GDE3_STANDARD_PARETO_DE,4,COMPLETE,INCLUDED,0.0,0.0,,0
r8c-0269-b8d3d8d5f91cb1fb,269,E1_STATIC,LIRCMOP5,JMETALPY_1_7_NSGAII_STATIC_CMOEA,4,COMPLETE,INCLUDED,0.0,0.0,,0
r8c-0270-a22295156b45962f,270,E1_STATIC,LIRCMOP5,F22_MG_STATIC,5,COMPLETE,INCLUDED,0.0,0.0,,0
r8c-0271-eb840be4e7223a4e,271,E1_STATIC,LIRCMOP5,MATCHED_FIXED_DE_PARETO,5,COMPLETE,INCLUDED,0.0,0.0,,0
r8c-0272-cfd71b083abf8b62,272,E1_STATIC,LIRCMOP5,MATCHED_JDE_STYLE_PARETO,5,COMPLETE,INCLUDED,0.0,0.0,,0
r8c-0273-72a6634a596ca134,273,E1_STATIC,LIRCMOP5,MATCHED_SHADE_STYLE_PARETO,5,COMPLETE,INCLUDED,0.0,0.0,,0
r8c-0274-708a80e0bd27d6d7,274,E1_STATIC,LIRCMOP5,JMETALPY_1_7_GDE3_STANDARD_PARETO_DE,5,COMPLETE,INCLUDED,0.0,0.0,,0
r8c-0275-100f214222fdf647,275,E1_STATIC,LIRCMOP5,JMETALPY_1_7_NSGAII_STATIC_CMOEA,5,COMPLETE,INCLUDED,0.0,0.0,,0
r8c-0276-e299cde0bc66ba7d,276,E1_STATIC,LIRCMOP5,F22_MG_STATIC,6,COMPLETE,INCLUDED,0.0,0.0,,0
r8c-0277-8fbc7fd15f355f1d,277,E1_STATIC,LIRCMOP5,MATCHED_FIXED_DE_PARETO,6,COMPLETE,INCLUDED,0.0,0.0,,0
r8c-0278-9f61690f55ccf217,278,E1_STATIC,LIRCMOP5,MATCHED_JDE_STYLE_PARETO,6,COMPLETE,INCLUDED,0.0,0.0,,0
r8c-0279-f8217710a91b2925,279,E1_STATIC,LIRCMOP5,MATCHED_SHADE_STYLE_PARETO,6,COMPLETE,INCLUDED,0.0,0.0,,0
r8c-0280-df9db0e3b4f420c8,280,E1_STATIC,LIRCMOP5,JMETALPY_1_7_GDE3_STANDARD_PARETO_DE,6,COMPLETE,INCLUDED,0.0,0.0,,0
r8c-0281-a17a1a9dd9ac2101,281,E1_STATIC,LIRCMOP5,JMETALPY_1_7_NSGAII_STATIC_CMOEA,6,COMPLETE,INCLUDED,0.0,0.0,,0
r8c-0282-c41bd62a94ab53e1,282,E1_STATIC,LIRCMOP5,F22_MG_STATIC,7,COMPLETE,INCLUDED,0.0,0.0,,0
r8c-0283-c36a1b73f61bdab7,283,E1_STATIC,LIRCMOP5,MATCHED_FIXED_DE_PARETO,7,COMPLETE,INCLUDED,0.0,0.0,,0
r8c-0284-597eaa5b698c31c5,284,E1_STATIC,LIRCMOP5,MATCHED_JDE_STYLE_PARETO,7,COMPLETE,INCLUDED,0.0,0.0,,0
r8c-0285-f5f8709126bc286b,285,E1_STATIC,LIRCMOP5,MATCHED_SHADE_STYLE_PARETO,7,COMPLETE,INCLUDED,0.0,0.0,,0
r8c-0286-ecb4038103ef2a5b,286,E1_STATIC,LIRCMOP5,JMETALPY_1_7_GDE3_STANDARD_PARETO_DE,7,COMPLETE,INCLUDED,0.0,0.0,,0
r8c-0287-e86b34d3e03d9658,287,E1_STATIC,LIRCMOP5,JMETALPY_1_7_NSGAII_STATIC_CMOEA,7,COMPLETE,INCLUDED,0.0,0.0,,0
r8c-0288-b560554ece77962c,288,E1_STATIC,LIRCMOP5,F22_MG_STATIC,8,COMPLETE,INCLUDED,0.0,0.0,,0
r8c-0289-37579be80630d247,289,E1_STATIC,LIRCMOP5,MATCHED_FIXED_DE_PARETO,8,COMPLETE,INCLUDED,0.0,0.0,,0
r8c-0290-a378c83fb08b03bf,290,E1_STATIC,LIRCMOP5,MATCHED_JDE_STYLE_PARETO,8,COMPLETE,INCLUDED,0.0,0.0,,0
r8c-0291-953103ccaec4e7c9,291,E1_STATIC,LIRCMOP5,MATCHED_SHADE_STYLE_PARETO,8,COMPLETE,INCLUDED,0.0,0.0,,0
r8c-0292-814f80e4a557ceed,292,E1_STATIC,LIRCMOP5,JMETALPY_1_7_GDE3_STANDARD_PARETO_DE,8,COMPLETE,INCLUDED,0.0,0.0,,0
r8c-0293-549e521907aebcf2,293,E1_STATIC,LIRCMOP5,JMETALPY_1_7_NSGAII_STATIC_CMOEA,8,COMPLETE,INCLUDED,0.0,0.0,,0
r8c-0294-5bd9b55f61ec729f,294,E1_STATIC,LIRCMOP5,F22_MG_STATIC,9,COMPLETE,INCLUDED,0.0,0.0,,0
r8c-0295-043744cf0d17e38e,295,E1_STATIC,LIRCMOP5,MATCHED_FIXED_DE_PARETO,9,COMPLETE,INCLUDED,0.0,0.0,,0
r8c-0296-681eae6f1f513715,296,E1_STATIC,LIRCMOP5,MATCHED_JDE_STYLE_PARETO,9,COMPLETE,INCLUDED,0.0,0.0,,0
r8c-0297-be20547bb672a38a,297,E1_STATIC,LIRCMOP5,MATCHED_SHADE_STYLE_PARETO,9,COMPLETE,INCLUDED,0.0,0.0,,0
r8c-0298-5aa27fc493e0534a,298,E1_STATIC,LIRCMOP5,JMETALPY_1_7_GDE3_STANDARD_PARETO_DE,9,COMPLETE,INCLUDED,0.0,0.0,,0
r8c-0299-5b6f3377e8bd5e9a,299,E1_STATIC,LIRCMOP5,JMETALPY_1_7_NSGAII_STATIC_CMOEA,9,COMPLETE,INCLUDED,0.0,0.0,,0
r8c-0300-ecde2f7308c0ab69,300,E1_STATIC,LIRCMOP6,F22_MG_STATIC,0,COMPLETE,INCLUDED,0.0,0.0,,0
r8c-0301-e78e6b5e0866c8bc,301,E1_STATIC,LIRCMOP6,MATCHED_FIXED_DE_PARETO,0,COMPLETE,INCLUDED,0.0,0.0,,0
r8c-0302-d12911cd24fa37ff,302,E1_STATIC,LIRCMOP6,MATCHED_JDE_STYLE_PARETO,0,COMPLETE,INCLUDED,0.0,0.0,,0
r8c-0303-c2d746c04e031355,303,E1_STATIC,LIRCMOP6,MATCHED_SHADE_STYLE_PARETO,0,COMPLETE,INCLUDED,0.0,0.0,,0
r8c-0304-272dfe851a4b36fc,304,E1_STATIC,LIRCMOP6,JMETALPY_1_7_GDE3_STANDARD_PARETO_DE,0,COMPLETE,INCLUDED,0.0,0.0,,0
r8c-0305-54f7fc7eb1e2595a,305,E1_STATIC,LIRCMOP6,JMETALPY_1_7_NSGAII_STATIC_CMOEA,0,COMPLETE,INCLUDED,0.0,0.0,,0
r8c-0306-55a9d7a8a7b0fabf,306,E1_STATIC,LIRCMOP6,F22_MG_STATIC,1,COMPLETE,INCLUDED,0.0,0.0,,0
r8c-0307-8e3abd13d6bf4d90,307,E1_STATIC,LIRCMOP6,MATCHED_FIXED_DE_PARETO,1,COMPLETE,INCLUDED,0.0,0.0,,0
r8c-0308-4a37a2129849532e,308,E1_STATIC,LIRCMOP6,MATCHED_JDE_STYLE_PARETO,1,COMPLETE,INCLUDED,0.0,0.0,,0
r8c-0309-534032a17a9a9dae,309,E1_STATIC,LIRCMOP6,MATCHED_SHADE_STYLE_PARETO,1,COMPLETE,INCLUDED,0.0,0.0,,0
r8c-0310-bbdfd39bd8c43554,310,E1_STATIC,LIRCMOP6,JMETALPY_1_7_GDE3_STANDARD_PARETO_DE,1,COMPLETE,INCLUDED,0.0,0.0,,0
r8c-0311-9ebb006b21cf102f,311,E1_STATIC,LIRCMOP6,JMETALPY_1_7_NSGAII_STATIC_CMOEA,1,COMPLETE,INCLUDED,0.0,0.0,,0
r8c-0312-c2e949def9ebe064,312,E1_STATIC,LIRCMOP6,F22_MG_STATIC,2,COMPLETE,INCLUDED,0.0,0.0,,0
r8c-0313-0aa5f20b0777243f,313,E1_STATIC,LIRCMOP6,MATCHED_FIXED_DE_PARETO,2,COMPLETE,INCLUDED,0.0,0.0,,0
r8c-0314-ee04c93d2850d91f,314,E1_STATIC,LIRCMOP6,MATCHED_JDE_STYLE_PARETO,2,COMPLETE,INCLUDED,0.0,0.0,,0
r8c-0315-e97dbc08b9f641c2,315,E1_STATIC,LIRCMOP6,MATCHED_SHADE_STYLE_PARETO,2,COMPLETE,INCLUDED,0.0,0.0,,0
r8c-0316-7abe30290496e45c,316,E1_STATIC,LIRCMOP6,JMETALPY_1_7_GDE3_STANDARD_PARETO_DE,2,COMPLETE,INCLUDED,0.0,0.0,,0
r8c-0317-01bce51027955184,317,E1_STATIC,LIRCMOP6,JMETALPY_1_7_NSGAII_STATIC_CMOEA,2,COMPLETE,INCLUDED,0.0,0.0,,0
r8c-0318-4e65e4573307e39a,318,E1_STATIC,LIRCMOP6,F22_MG_STATIC,3,COMPLETE,INCLUDED,0.0,0.0,,0
r8c-0319-269c47dc21ba04f4,319,E1_STATIC,LIRCMOP6,MATCHED_FIXED_DE_PARETO,3,COMPLETE,INCLUDED,0.0,0.0,,0
r8c-0320-77f5d40b30c4846a,320,E1_STATIC,LIRCMOP6,MATCHED_JDE_STYLE_PARETO,3,COMPLETE,INCLUDED,0.0,0.0,,0
r8c-0321-cda8cb20e6f67a2c,321,E1_STATIC,LIRCMOP6,MATCHED_SHADE_STYLE_PARETO,3,COMPLETE,INCLUDED,0.0,0.0,,0
r8c-0322-b2dc88d91d1a65f2,322,E1_STATIC,LIRCMOP6,JMETALPY_1_7_GDE3_STANDARD_PARETO_DE,3,COMPLETE,INCLUDED,0.0,0.0,,0
r8c-0323-e0cfc667151f8703,323,E1_STATIC,LIRCMOP6,JMETALPY_1_7_NSGAII_STATIC_CMOEA,3,COMPLETE,INCLUDED,0.0,0.0,,0
r8c-0324-46d72d9cd8754a8b,324,E1_STATIC,LIRCMOP6,F22_MG_STATIC,4,COMPLETE,INCLUDED,0.01664955588167604,0.10846947940644568,,0
r8c-0325-a5e6ac3208cc36db,325,E1_STATIC,LIRCMOP6,MATCHED_FIXED_DE_PARETO,4,COMPLETE,INCLUDED,0.0,0.0,,0
r8c-0326-4508234d8b065c6c,326,E1_STATIC,LIRCMOP6,MATCHED_JDE_STYLE_PARETO,4,COMPLETE,INCLUDED,0.0,0.0,,0
r8c-0327-59eb866902b35ba7,327,E1_STATIC,LIRCMOP6,MATCHED_SHADE_STYLE_PARETO,4,COMPLETE,INCLUDED,0.0,0.0,,0
r8c-0328-ada7a968122bf069,328,E1_STATIC,LIRCMOP6,JMETALPY_1_7_GDE3_STANDARD_PARETO_DE,4,COMPLETE,INCLUDED,0.0,0.0,,0
r8c-0329-7bf62474889e69d6,329,E1_STATIC,LIRCMOP6,JMETALPY_1_7_NSGAII_STATIC_CMOEA,4,COMPLETE,INCLUDED,0.0,0.0,,0
r8c-0330-4e9cc5f50b25c5b8,330,E1_STATIC,LIRCMOP6,F22_MG_STATIC,5,COMPLETE,INCLUDED,0.0,0.0,,0
r8c-0331-d03cb70c1088cc05,331,E1_STATIC,LIRCMOP6,MATCHED_FIXED_DE_PARETO,5,COMPLETE,INCLUDED,0.0,0.0,,0
r8c-0332-d554da043abd21bc,332,E1_STATIC,LIRCMOP6,MATCHED_JDE_STYLE_PARETO,5,COMPLETE,INCLUDED,0.0,0.0,,0
r8c-0333-d9213ad935c3fae5,333,E1_STATIC,LIRCMOP6,MATCHED_SHADE_STYLE_PARETO,5,COMPLETE,INCLUDED,0.0,0.0,,0
r8c-0334-b882929e42058704,334,E1_STATIC,LIRCMOP6,JMETALPY_1_7_GDE3_STANDARD_PARETO_DE,5,COMPLETE,INCLUDED,0.0,0.0,,0
r8c-0335-4d05367d60c68612,335,E1_STATIC,LIRCMOP6,JMETALPY_1_7_NSGAII_STATIC_CMOEA,5,COMPLETE,INCLUDED,0.0,0.0,,0
r8c-0336-b0d1647ed5a8c0f0,336,E1_STATIC,LIRCMOP6,F22_MG_STATIC,6,COMPLETE,INCLUDED,0.0,0.0,,0
r8c-0337-ef8703cd5393a9ee,337,E1_STATIC,LIRCMOP6,MATCHED_FIXED_DE_PARETO,6,COMPLETE,INCLUDED,0.0,0.0,,0
r8c-0338-877c8452782514d1,338,E1_STATIC,LIRCMOP6,MATCHED_JDE_STYLE_PARETO,6,COMPLETE,INCLUDED,0.0,0.0,,0
r8c-0339-b5bc1bdca8fe26fb,339,E1_STATIC,LIRCMOP6,MATCHED_SHADE_STYLE_PARETO,6,COMPLETE,INCLUDED,0.0,0.0,,0
r8c-0340-6caacae2aaadcc37,340,E1_STATIC,LIRCMOP6,JMETALPY_1_7_GDE3_STANDARD_PARETO_DE,6,COMPLETE,INCLUDED,0.0,0.0,,0
r8c-0341-ebfd6f88bdb48c8b,341,E1_STATIC,LIRCMOP6,JMETALPY_1_7_NSGAII_STATIC_CMOEA,6,COMPLETE,INCLUDED,0.0,0.0,,0
r8c-0342-f6d95b020b8e2839,342,E1_STATIC,LIRCMOP6,F22_MG_STATIC,7,COMPLETE,INCLUDED,0.0,0.0,,0
r8c-0343-4cd5da46e6de019c,343,E1_STATIC,LIRCMOP6,MATCHED_FIXED_DE_PARETO,7,COMPLETE,INCLUDED,0.0,0.0,,0
r8c-0344-e5c6d84d08cbd0f7,344,E1_STATIC,LIRCMOP6,MATCHED_JDE_STYLE_PARETO,7,COMPLETE,INCLUDED,0.0,0.0,,0
r8c-0345-7d444be984ca4e3b,345,E1_STATIC,LIRCMOP6,MATCHED_SHADE_STYLE_PARETO,7,COMPLETE,INCLUDED,0.0,0.0,,0
r8c-0346-aff2214dd60f43a7,346,E1_STATIC,LIRCMOP6,JMETALPY_1_7_GDE3_STANDARD_PARETO_DE,7,COMPLETE,INCLUDED,0.0,0.0,,0
r8c-0347-1fa3f2bc6d7103f4,347,E1_STATIC,LIRCMOP6,JMETALPY_1_7_NSGAII_STATIC_CMOEA,7,COMPLETE,INCLUDED,0.0,0.0,,0
r8c-0348-601b39b95c7fa1cd,348,E1_STATIC,LIRCMOP6,F22_MG_STATIC,8,COMPLETE,INCLUDED,0.0,0.0,,0
r8c-0349-4426190d2cb3fae1,349,E1_STATIC,LIRCMOP6,MATCHED_FIXED_DE_PARETO,8,COMPLETE,INCLUDED,0.0,0.0,,0
r8c-0350-84a6875e808e0d5a,350,E1_STATIC,LIRCMOP6,MATCHED_JDE_STYLE_PARETO,8,COMPLETE,INCLUDED,0.0,0.0,,0
r8c-0351-875111d414f51b7b,351,E1_STATIC,LIRCMOP6,MATCHED_SHADE_STYLE_PARETO,8,COMPLETE,INCLUDED,0.0,0.0,,0
r8c-0352-5177990836c09874,352,E1_STATIC,LIRCMOP6,JMETALPY_1_7_GDE3_STANDARD_PARETO_DE,8,COMPLETE,INCLUDED,0.0,0.0,,0
r8c-0353-16c50f77dea70166,353,E1_STATIC,LIRCMOP6,JMETALPY_1_7_NSGAII_STATIC_CMOEA,8,COMPLETE,INCLUDED,0.0,0.0,,0
r8c-0354-8c311c0920861ea7,354,E1_STATIC,LIRCMOP6,F22_MG_STATIC,9,COMPLETE,INCLUDED,0.0,0.0,,0
r8c-0355-cd0100370d0f0750,355,E1_STATIC,LIRCMOP6,MATCHED_FIXED_DE_PARETO,9,COMPLETE,INCLUDED,0.0,0.0,,0
r8c-0356-517dd640c0c0b8e3,356,E1_STATIC,LIRCMOP6,MATCHED_JDE_STYLE_PARETO,9,COMPLETE,INCLUDED,0.0,0.0,,0
r8c-0357-7c6ddb123d6d40a7,357,E1_STATIC,LIRCMOP6,MATCHED_SHADE_STYLE_PARETO,9,COMPLETE,INCLUDED,0.0,0.0,,0
r8c-0358-e43d5a10ba3eeee7,358,E1_STATIC,LIRCMOP6,JMETALPY_1_7_GDE3_STANDARD_PARETO_DE,9,COMPLETE,INCLUDED,0.0,0.0,,0
r8c-0359-8a27526b55191f42,359,E1_STATIC,LIRCMOP6,JMETALPY_1_7_NSGAII_STATIC_CMOEA,9,COMPLETE,INCLUDED,0.0,0.0,,0
r8c-0360-7309f9de6ab11c80,360,E1_STATIC,LIRCMOP7,F22_MG_STATIC,0,COMPLETE,INCLUDED,0.0,0.0,,0
r8c-0361-830656e798dde959,361,E1_STATIC,LIRCMOP7,MATCHED_FIXED_DE_PARETO,0,COMPLETE,INCLUDED,0.0,0.0,,0
r8c-0362-00d5fb196f407d01,362,E1_STATIC,LIRCMOP7,MATCHED_JDE_STYLE_PARETO,0,COMPLETE,INCLUDED,0.0,0.0,,0
r8c-0363-6ab2fe122154832f,363,E1_STATIC,LIRCMOP7,MATCHED_SHADE_STYLE_PARETO,0,COMPLETE,INCLUDED,0.0,0.0,,0
r8c-0364-4fe26d55d4d4a68a,364,E1_STATIC,LIRCMOP7,JMETALPY_1_7_GDE3_STANDARD_PARETO_DE,0,COMPLETE,INCLUDED,0.0,0.0,,0
r8c-0365-917fa17c444fcc7a,365,E1_STATIC,LIRCMOP7,JMETALPY_1_7_NSGAII_STATIC_CMOEA,0,COMPLETE,INCLUDED,0.0,0.0,,0
r8c-0366-6dcf75081799dec7,366,E1_STATIC,LIRCMOP7,F22_MG_STATIC,1,COMPLETE,INCLUDED,0.0,0.0,,0
r8c-0367-49637d624bd79e16,367,E1_STATIC,LIRCMOP7,MATCHED_FIXED_DE_PARETO,1,COMPLETE,INCLUDED,0.0,0.0,,0
r8c-0368-b2f13dbf37b1c486,368,E1_STATIC,LIRCMOP7,MATCHED_JDE_STYLE_PARETO,1,COMPLETE,INCLUDED,0.23201607555105633,0.43981665762968375,,0
r8c-0369-0aca8bf54d078672,369,E1_STATIC,LIRCMOP7,MATCHED_SHADE_STYLE_PARETO,1,COMPLETE,INCLUDED,0.0,0.0,,0
r8c-0370-0a13f9d3de9acfba,370,E1_STATIC,LIRCMOP7,JMETALPY_1_7_GDE3_STANDARD_PARETO_DE,1,COMPLETE,INCLUDED,0.0,0.0,,0
r8c-0371-63a40b71d4721ef3,371,E1_STATIC,LIRCMOP7,JMETALPY_1_7_NSGAII_STATIC_CMOEA,1,COMPLETE,INCLUDED,0.3600660783654537,0.43367501160763794,,0
r8c-0372-0a99b93cf4a4b3ef,372,E1_STATIC,LIRCMOP7,F22_MG_STATIC,2,COMPLETE,INCLUDED,0.0,0.0,,0
r8c-0373-f189b4739981e5d0,373,E1_STATIC,LIRCMOP7,MATCHED_FIXED_DE_PARETO,2,COMPLETE,INCLUDED,0.0,0.0,,0
r8c-0374-5d2c386fc1fc706f,374,E1_STATIC,LIRCMOP7,MATCHED_JDE_STYLE_PARETO,2,COMPLETE,INCLUDED,0.0,0.0,,0
r8c-0375-a792359fd3f760e2,375,E1_STATIC,LIRCMOP7,MATCHED_SHADE_STYLE_PARETO,2,COMPLETE,INCLUDED,0.30387246510730903,0.4181958896612894,,0
r8c-0376-3368f9f2f439f3f6,376,E1_STATIC,LIRCMOP7,JMETALPY_1_7_GDE3_STANDARD_PARETO_DE,2,COMPLETE,INCLUDED,0.0,0.0,,0
r8c-0377-9a2e6ac62b09f9cc,377,E1_STATIC,LIRCMOP7,JMETALPY_1_7_NSGAII_STATIC_CMOEA,2,COMPLETE,INCLUDED,0.0,0.0,,0
r8c-0378-58f8b7ea96fed1c3,378,E1_STATIC,LIRCMOP7,F22_MG_STATIC,3,COMPLETE,INCLUDED,0.32458415785542805,0.40165207962490806,,0
r8c-0379-65f5c12ce5d0310e,379,E1_STATIC,LIRCMOP7,MATCHED_FIXED_DE_PARETO,3,COMPLETE,INCLUDED,0.0,0.0,,0
r8c-0380-bfc937a753ee1aa4,380,E1_STATIC,LIRCMOP7,MATCHED_JDE_STYLE_PARETO,3,COMPLETE,INCLUDED,0.0,0.0,,0
r8c-0381-3ee6a4726255e6c5,381,E1_STATIC,LIRCMOP7,MATCHED_SHADE_STYLE_PARETO,3,COMPLETE,INCLUDED,0.164887738556633,0.30864823961564664,,0
r8c-0382-6c666256ad010d6d,382,E1_STATIC,LIRCMOP7,JMETALPY_1_7_GDE3_STANDARD_PARETO_DE,3,COMPLETE,INCLUDED,0.0,0.0,,0
r8c-0383-46d41ec16c155b72,383,E1_STATIC,LIRCMOP7,JMETALPY_1_7_NSGAII_STATIC_CMOEA,3,COMPLETE,INCLUDED,0.0,0.0,,0
r8c-0384-fc119d7d84c1bcb5,384,E1_STATIC,LIRCMOP7,F22_MG_STATIC,4,COMPLETE,INCLUDED,0.0,0.0,,0
r8c-0385-3d8961398b19c116,385,E1_STATIC,LIRCMOP7,MATCHED_FIXED_DE_PARETO,4,COMPLETE,INCLUDED,0.0,0.0,,0
r8c-0386-3e8e44770d0a3a88,386,E1_STATIC,LIRCMOP7,MATCHED_JDE_STYLE_PARETO,4,COMPLETE,INCLUDED,0.29223319116318364,0.4214264605936232,,0
r8c-0387-cf2f084b2afe20f6,387,E1_STATIC,LIRCMOP7,MATCHED_SHADE_STYLE_PARETO,4,COMPLETE,INCLUDED,0.0,0.0,,0
r8c-0388-f896c0b73f953b73,388,E1_STATIC,LIRCMOP7,JMETALPY_1_7_GDE3_STANDARD_PARETO_DE,4,COMPLETE,INCLUDED,0.0,0.0,,0
r8c-0389-272ee48c12604a91,389,E1_STATIC,LIRCMOP7,JMETALPY_1_7_NSGAII_STATIC_CMOEA,4,COMPLETE,INCLUDED,0.0,0.0,,0
r8c-0390-76491222cccfd173,390,E1_STATIC,LIRCMOP7,F22_MG_STATIC,5,COMPLETE,INCLUDED,0.0,0.0,,0
r8c-0391-39e8e85cd8a43ddb,391,E1_STATIC,LIRCMOP7,MATCHED_FIXED_DE_PARETO,5,COMPLETE,INCLUDED,0.0,0.0,,0
r8c-0392-1830da1e19995b01,392,E1_STATIC,LIRCMOP7,MATCHED_JDE_STYLE_PARETO,5,COMPLETE,INCLUDED,0.14358007529879374,0.4297709368657709,,0
r8c-0393-8cc05b157461d19a,393,E1_STATIC,LIRCMOP7,MATCHED_SHADE_STYLE_PARETO,5,COMPLETE,INCLUDED,0.0,0.0,,0
r8c-0394-dd382f381faf0bba,394,E1_STATIC,LIRCMOP7,JMETALPY_1_7_GDE3_STANDARD_PARETO_DE,5,COMPLETE,INCLUDED,0.0,0.0,,0
r8c-0395-d32539ee05432834,395,E1_STATIC,LIRCMOP7,JMETALPY_1_7_NSGAII_STATIC_CMOEA,5,COMPLETE,INCLUDED,0.183376305606845,0.42390973094546036,,0
r8c-0396-5f6cee49047ec625,396,E1_STATIC,LIRCMOP7,F22_MG_STATIC,6,COMPLETE,INCLUDED,0.2786528432140498,0.4147020179369797,,0
r8c-0397-ad801b662bc8bba1,397,E1_STATIC,LIRCMOP7,MATCHED_FIXED_DE_PARETO,6,COMPLETE,INCLUDED,0.0,0.0,,0
r8c-0398-458f7f0346b81a49,398,E1_STATIC,LIRCMOP7,MATCHED_JDE_STYLE_PARETO,6,COMPLETE,INCLUDED,0.1343032601609764,0.41626931520200994,,0
r8c-0399-4735a71cc54048c3,399,E1_STATIC,LIRCMOP7,MATCHED_SHADE_STYLE_PARETO,6,COMPLETE,INCLUDED,0.006815639598640951,0.2726255839456378,,0
r8c-0400-cd9745935fe0eff0,400,E1_STATIC,LIRCMOP7,JMETALPY_1_7_GDE3_STANDARD_PARETO_DE,6,COMPLETE,INCLUDED,0.0,0.0,,0
r8c-0401-c297d56d3a135d16,401,E1_STATIC,LIRCMOP7,JMETALPY_1_7_NSGAII_STATIC_CMOEA,6,COMPLETE,INCLUDED,0.0,0.0,,0
r8c-0402-b60c3ae95d8ba6ae,402,E1_STATIC,LIRCMOP7,F22_MG_STATIC,7,COMPLETE,INCLUDED,0.0,0.0,,0
r8c-0403-5c66c95c87cad5a5,403,E1_STATIC,LIRCMOP7,MATCHED_FIXED_DE_PARETO,7,COMPLETE,INCLUDED,0.018303157507763235,0.27264179929192567,,0
r8c-0404-486bb56b44cf65ad,404,E1_STATIC,LIRCMOP7,MATCHED_JDE_STYLE_PARETO,7,COMPLETE,INCLUDED,0.3027184156720752,0.43484411575216353,,0
r8c-0405-dd8a9d3d5bd81553,405,E1_STATIC,LIRCMOP7,MATCHED_SHADE_STYLE_PARETO,7,COMPLETE,INCLUDED,0.0,0.0,,0
r8c-0406-8cb42ee488d6ec8b,406,E1_STATIC,LIRCMOP7,JMETALPY_1_7_GDE3_STANDARD_PARETO_DE,7,COMPLETE,INCLUDED,0.0,0.0,,0
r8c-0407-49a160b710b08ace,407,E1_STATIC,LIRCMOP7,JMETALPY_1_7_NSGAII_STATIC_CMOEA,7,COMPLETE,INCLUDED,0.18327968172649642,0.4461303123333673,,0
r8c-0408-28b82f896e2cc00f,408,E1_STATIC,LIRCMOP7,F22_MG_STATIC,8,COMPLETE,INCLUDED,0.0,0.0,,0
r8c-0409-dcfbfb06c08c91cd,409,E1_STATIC,LIRCMOP7,MATCHED_FIXED_DE_PARETO,8,COMPLETE,INCLUDED,0.0,0.0,,0
r8c-0410-27afa2c25aaa7220,410,E1_STATIC,LIRCMOP7,MATCHED_JDE_STYLE_PARETO,8,COMPLETE,INCLUDED,0.2515908164237083,0.4249521311777551,,0
r8c-0411-71a17180371993ca,411,E1_STATIC,LIRCMOP7,MATCHED_SHADE_STYLE_PARETO,8,COMPLETE,INCLUDED,0.0,0.0,,0
r8c-0412-125b3c76895b101a,412,E1_STATIC,LIRCMOP7,JMETALPY_1_7_GDE3_STANDARD_PARETO_DE,8,COMPLETE,INCLUDED,0.0,0.0,,0
r8c-0413-66a36f6781657ce2,413,E1_STATIC,LIRCMOP7,JMETALPY_1_7_NSGAII_STATIC_CMOEA,8,COMPLETE,INCLUDED,0.0,0.0,,0
r8c-0414-42c31379f4c9560d,414,E1_STATIC,LIRCMOP7,F22_MG_STATIC,9,COMPLETE,INCLUDED,0.2039539163848899,0.41913532479702065,,0
r8c-0415-ed379846cb355cc4,415,E1_STATIC,LIRCMOP7,MATCHED_FIXED_DE_PARETO,9,COMPLETE,INCLUDED,0.0,0.0,,0
r8c-0416-f9871faf3931c277,416,E1_STATIC,LIRCMOP7,MATCHED_JDE_STYLE_PARETO,9,COMPLETE,INCLUDED,0.0,0.0,,0
r8c-0417-5580fd5394aabda4,417,E1_STATIC,LIRCMOP7,MATCHED_SHADE_STYLE_PARETO,9,COMPLETE,INCLUDED,0.0,0.0,,0
r8c-0418-f3595c4004a6eb19,418,E1_STATIC,LIRCMOP7,JMETALPY_1_7_GDE3_STANDARD_PARETO_DE,9,COMPLETE,INCLUDED,0.0,0.0,,0
r8c-0419-aea6cb38cd9f0814,419,E1_STATIC,LIRCMOP7,JMETALPY_1_7_NSGAII_STATIC_CMOEA,9,COMPLETE,INCLUDED,0.271126235470028,0.3868579446615203,,0
r8c-0420-fd4f375bb8f4492f,420,E1_STATIC,LIRCMOP8,F22_MG_STATIC,0,COMPLETE,INCLUDED,0.0,0.0,,0
r8c-0421-026d5e729e7d00e2,421,E1_STATIC,LIRCMOP8,MATCHED_FIXED_DE_PARETO,0,COMPLETE,INCLUDED,0.0,0.0,,0
r8c-0422-7479ae9a34f5ded4,422,E1_STATIC,LIRCMOP8,MATCHED_JDE_STYLE_PARETO,0,COMPLETE,INCLUDED,0.0,0.0,,0
r8c-0423-02f4faec4116b84a,423,E1_STATIC,LIRCMOP8,MATCHED_SHADE_STYLE_PARETO,0,COMPLETE,INCLUDED,0.1414183287688533,0.34005322738350907,,0
r8c-0424-a8a11d1535987e21,424,E1_STATIC,LIRCMOP8,JMETALPY_1_7_GDE3_STANDARD_PARETO_DE,0,COMPLETE,INCLUDED,0.0,0.0,,0
r8c-0425-95f16ccb55bf5174,425,E1_STATIC,LIRCMOP8,JMETALPY_1_7_NSGAII_STATIC_CMOEA,0,COMPLETE,INCLUDED,0.0,0.0,,0
r8c-0426-df25302c19057107,426,E1_STATIC,LIRCMOP8,F22_MG_STATIC,1,COMPLETE,INCLUDED,0.0,0.0,,0
r8c-0427-7fb6c82e2221639d,427,E1_STATIC,LIRCMOP8,MATCHED_FIXED_DE_PARETO,1,COMPLETE,INCLUDED,0.0,0.0,,0
r8c-0428-9e0bdd8edbf55639,428,E1_STATIC,LIRCMOP8,MATCHED_JDE_STYLE_PARETO,1,COMPLETE,INCLUDED,0.0,0.0,,0
r8c-0429-ac30c7a7778ca32c,429,E1_STATIC,LIRCMOP8,MATCHED_SHADE_STYLE_PARETO,1,COMPLETE,INCLUDED,0.0,0.0,,0
r8c-0430-31336bff8866de6e,430,E1_STATIC,LIRCMOP8,JMETALPY_1_7_GDE3_STANDARD_PARETO_DE,1,COMPLETE,INCLUDED,0.0,0.0,,0
r8c-0431-44fe86e33b76e4f8,431,E1_STATIC,LIRCMOP8,JMETALPY_1_7_NSGAII_STATIC_CMOEA,1,COMPLETE,INCLUDED,0.0,0.0,,0
r8c-0432-dda5f2131149065a,432,E1_STATIC,LIRCMOP8,F22_MG_STATIC,2,COMPLETE,INCLUDED,0.0,0.0,,0
r8c-0433-ee0f555fdd6b7f23,433,E1_STATIC,LIRCMOP8,MATCHED_FIXED_DE_PARETO,2,COMPLETE,INCLUDED,0.0,0.0,,0
r8c-0434-e6e203ab5260b37d,434,E1_STATIC,LIRCMOP8,MATCHED_JDE_STYLE_PARETO,2,COMPLETE,INCLUDED,0.0,0.0,,0
r8c-0435-cff9c253f35e66e8,435,E1_STATIC,LIRCMOP8,MATCHED_SHADE_STYLE_PARETO,2,COMPLETE,INCLUDED,0.0,0.0,,0
r8c-0436-76535b7354a3a6fe,436,E1_STATIC,LIRCMOP8,JMETALPY_1_7_GDE3_STANDARD_PARETO_DE,2,COMPLETE,INCLUDED,0.0,0.0,,0
r8c-0437-2be142c65748fb3d,437,E1_STATIC,LIRCMOP8,JMETALPY_1_7_NSGAII_STATIC_CMOEA,2,COMPLETE,INCLUDED,0.0,0.0,,0
r8c-0438-ce205b48ce21bcf7,438,E1_STATIC,LIRCMOP8,F22_MG_STATIC,3,COMPLETE,INCLUDED,0.0,0.0,,0
r8c-0439-ebc8af480ecdc704,439,E1_STATIC,LIRCMOP8,MATCHED_FIXED_DE_PARETO,3,COMPLETE,INCLUDED,0.0,0.0,,0
r8c-0440-afaf7cbdf6c3e64d,440,E1_STATIC,LIRCMOP8,MATCHED_JDE_STYLE_PARETO,3,COMPLETE,INCLUDED,0.0,0.0,,0
r8c-0441-4883a3c7be7aba12,441,E1_STATIC,LIRCMOP8,MATCHED_SHADE_STYLE_PARETO,3,COMPLETE,INCLUDED,0.0,0.0,,0
r8c-0442-a5e5facd56d70c58,442,E1_STATIC,LIRCMOP8,JMETALPY_1_7_GDE3_STANDARD_PARETO_DE,3,COMPLETE,INCLUDED,0.0,0.0,,0
r8c-0443-da7367ee13e3ff1b,443,E1_STATIC,LIRCMOP8,JMETALPY_1_7_NSGAII_STATIC_CMOEA,3,COMPLETE,INCLUDED,0.0,0.0,,0
r8c-0444-65b428ee52d2c49c,444,E1_STATIC,LIRCMOP8,F22_MG_STATIC,4,COMPLETE,INCLUDED,0.0,0.0,,0
r8c-0445-a2281b4565a09209,445,E1_STATIC,LIRCMOP8,MATCHED_FIXED_DE_PARETO,4,COMPLETE,INCLUDED,0.0,0.0,,0
r8c-0446-dcf6908c513fc49d,446,E1_STATIC,LIRCMOP8,MATCHED_JDE_STYLE_PARETO,4,COMPLETE,INCLUDED,0.0,0.0,,0
r8c-0447-10c47533d6d2e7d1,447,E1_STATIC,LIRCMOP8,MATCHED_SHADE_STYLE_PARETO,4,COMPLETE,INCLUDED,0.2892674124762531,0.3893476910083796,,0
r8c-0448-4840b180d9d0c752,448,E1_STATIC,LIRCMOP8,JMETALPY_1_7_GDE3_STANDARD_PARETO_DE,4,COMPLETE,INCLUDED,0.18143760796178107,0.4487041965132364,,0
r8c-0449-d1946fd98c34fcf7,449,E1_STATIC,LIRCMOP8,JMETALPY_1_7_NSGAII_STATIC_CMOEA,4,COMPLETE,INCLUDED,0.0,0.0,,0
r8c-0450-71528156348a5a4b,450,E1_STATIC,LIRCMOP8,F22_MG_STATIC,5,COMPLETE,INCLUDED,0.0,0.0,,0
r8c-0451-40b0b8d802937280,451,E1_STATIC,LIRCMOP8,MATCHED_FIXED_DE_PARETO,5,COMPLETE,INCLUDED,0.0,0.0,,0
r8c-0452-74d869a567361543,452,E1_STATIC,LIRCMOP8,MATCHED_JDE_STYLE_PARETO,5,COMPLETE,INCLUDED,0.1522135827152911,0.3824948303945,,0
r8c-0453-f6cc6989a134b21e,453,E1_STATIC,LIRCMOP8,MATCHED_SHADE_STYLE_PARETO,5,COMPLETE,INCLUDED,0.0,0.0,,0
r8c-0454-93f2c3518a2b1f47,454,E1_STATIC,LIRCMOP8,JMETALPY_1_7_GDE3_STANDARD_PARETO_DE,5,COMPLETE,INCLUDED,0.0,0.0,,0
r8c-0455-7826f98e10dd80e6,455,E1_STATIC,LIRCMOP8,JMETALPY_1_7_NSGAII_STATIC_CMOEA,5,COMPLETE,INCLUDED,0.0,0.0,,0
r8c-0456-66385b1d9f0b64e1,456,E1_STATIC,LIRCMOP8,F22_MG_STATIC,6,COMPLETE,INCLUDED,0.07838501336360282,0.3361899338654679,,0
r8c-0457-e4f82dccf1b94161,457,E1_STATIC,LIRCMOP8,MATCHED_FIXED_DE_PARETO,6,COMPLETE,INCLUDED,0.0,0.0,,0
r8c-0458-cb6a95944c5ecdc7,458,E1_STATIC,LIRCMOP8,MATCHED_JDE_STYLE_PARETO,6,COMPLETE,INCLUDED,0.0,0.0,,0
r8c-0459-fb1ca3f91d14a9f7,459,E1_STATIC,LIRCMOP8,MATCHED_SHADE_STYLE_PARETO,6,COMPLETE,INCLUDED,0.0,0.0,,0
r8c-0460-4dfbdb96627f9cbe,460,E1_STATIC,LIRCMOP8,JMETALPY_1_7_GDE3_STANDARD_PARETO_DE,6,COMPLETE,INCLUDED,0.0,0.0,,0
r8c-0461-90e9247f06bfba77,461,E1_STATIC,LIRCMOP8,JMETALPY_1_7_NSGAII_STATIC_CMOEA,6,COMPLETE,INCLUDED,0.0,0.0,,0
r8c-0462-5fb74fb787655d89,462,E1_STATIC,LIRCMOP8,F22_MG_STATIC,7,COMPLETE,INCLUDED,0.0,0.0,,0
r8c-0463-b5741e9881d3fb7a,463,E1_STATIC,LIRCMOP8,MATCHED_FIXED_DE_PARETO,7,COMPLETE,INCLUDED,0.0,0.0,,0
r8c-0464-6db59cb0be93d45f,464,E1_STATIC,LIRCMOP8,MATCHED_JDE_STYLE_PARETO,7,COMPLETE,INCLUDED,0.13637451477257784,0.40517109688188035,,0
r8c-0465-c8b20e88485c30ab,465,E1_STATIC,LIRCMOP8,MATCHED_SHADE_STYLE_PARETO,7,COMPLETE,INCLUDED,0.0,0.0,,0
r8c-0466-9f5ea8cc3d822fd0,466,E1_STATIC,LIRCMOP8,JMETALPY_1_7_GDE3_STANDARD_PARETO_DE,7,COMPLETE,INCLUDED,0.0,0.0,,0
r8c-0467-1ad8b215e11562c0,467,E1_STATIC,LIRCMOP8,JMETALPY_1_7_NSGAII_STATIC_CMOEA,7,COMPLETE,INCLUDED,0.0,0.0,,0
r8c-0468-5dbdd3a62e17db45,468,E1_STATIC,LIRCMOP8,F22_MG_STATIC,8,COMPLETE,INCLUDED,0.0,0.0,,0
r8c-0469-0580ea9ef02e8fcf,469,E1_STATIC,LIRCMOP8,MATCHED_FIXED_DE_PARETO,8,COMPLETE,INCLUDED,0.0,0.0,,0
r8c-0470-de34a879a9d46f1d,470,E1_STATIC,LIRCMOP8,MATCHED_JDE_STYLE_PARETO,8,COMPLETE,INCLUDED,0.0,0.0,,0
r8c-0471-d16ce735339b699b,471,E1_STATIC,LIRCMOP8,MATCHED_SHADE_STYLE_PARETO,8,COMPLETE,INCLUDED,0.0,0.0,,0
r8c-0472-8508998b6379fcc1,472,E1_STATIC,LIRCMOP8,JMETALPY_1_7_GDE3_STANDARD_PARETO_DE,8,COMPLETE,INCLUDED,0.0,0.0,,0
r8c-0473-99a8c0fe33972adf,473,E1_STATIC,LIRCMOP8,JMETALPY_1_7_NSGAII_STATIC_CMOEA,8,COMPLETE,INCLUDED,0.11545220635881337,0.365251331885335,,0
r8c-0474-acab06fc0e469b2d,474,E1_STATIC,LIRCMOP8,F22_MG_STATIC,9,COMPLETE,INCLUDED,0.0,0.0,,0
r8c-0475-9b6d1fe9e328925b,475,E1_STATIC,LIRCMOP8,MATCHED_FIXED_DE_PARETO,9,COMPLETE,INCLUDED,0.0,0.0,,0
r8c-0476-38e66f289fd204f4,476,E1_STATIC,LIRCMOP8,MATCHED_JDE_STYLE_PARETO,9,COMPLETE,INCLUDED,0.036920495478612536,0.31568949027548815,,0
r8c-0477-51f6081770e46c2c,477,E1_STATIC,LIRCMOP8,MATCHED_SHADE_STYLE_PARETO,9,COMPLETE,INCLUDED,0.0,0.0,,0
r8c-0478-52103e879db44904,478,E1_STATIC,LIRCMOP8,JMETALPY_1_7_GDE3_STANDARD_PARETO_DE,9,COMPLETE,INCLUDED,0.0,0.0,,0
r8c-0479-77f2ed7f54698d7d,479,E1_STATIC,LIRCMOP8,JMETALPY_1_7_NSGAII_STATIC_CMOEA,9,COMPLETE,INCLUDED,0.3195345417880901,0.3943733063212325,,0
r8c-0480-ff079cae2e2dafde,480,E1_STATIC,LIRCMOP9,F22_MG_STATIC,0,COMPLETE,INCLUDED,0.17407308840210153,0.26096176161490586,,0
r8c-0481-578f0908abd56f8e,481,E1_STATIC,LIRCMOP9,MATCHED_FIXED_DE_PARETO,0,COMPLETE,INCLUDED,0.11844873551250798,0.17350111268773497,,0
r8c-0482-3cf7b0f5e8a8aee8,482,E1_STATIC,LIRCMOP9,MATCHED_JDE_STYLE_PARETO,0,COMPLETE,INCLUDED,0.20338538158034494,0.3732094377139752,,0
r8c-0483-dd11391afe571a29,483,E1_STATIC,LIRCMOP9,MATCHED_SHADE_STYLE_PARETO,0,COMPLETE,INCLUDED,0.09163237387930842,0.17351526179789417,,0
r8c-0484-968996c7c16679a8,484,E1_STATIC,LIRCMOP9,JMETALPY_1_7_GDE3_STANDARD_PARETO_DE,0,COMPLETE,INCLUDED,0.2727807733827947,0.37364732544054,,0
r8c-0485-3c1f4a6ab1071434,485,E1_STATIC,LIRCMOP9,JMETALPY_1_7_NSGAII_STATIC_CMOEA,0,COMPLETE,INCLUDED,0.144923080802989,0.19859169696250914,,0
r8c-0486-e6a23ceb37f2ab97,486,E1_STATIC,LIRCMOP9,F22_MG_STATIC,1,COMPLETE,INCLUDED,0.14319607635938889,0.19238200629357677,,0
r8c-0487-cdf5ab669819aed8,487,E1_STATIC,LIRCMOP9,MATCHED_FIXED_DE_PARETO,1,COMPLETE,INCLUDED,0.1548796717593531,0.2316804751795034,,0
r8c-0488-a8a8fb206d1a9b32,488,E1_STATIC,LIRCMOP9,MATCHED_JDE_STYLE_PARETO,1,COMPLETE,INCLUDED,0.09196895406154575,0.13348202683414098,,0
r8c-0489-3cc3aaac85dfe58b,489,E1_STATIC,LIRCMOP9,MATCHED_SHADE_STYLE_PARETO,1,COMPLETE,INCLUDED,0.21534918108627,0.3505013147033966,,0
r8c-0490-72a9e5aed3f30d3d,490,E1_STATIC,LIRCMOP9,JMETALPY_1_7_GDE3_STANDARD_PARETO_DE,1,COMPLETE,INCLUDED,0.12986449540583891,0.17354383894871983,,0
r8c-0491-a6bda5a820c2ecc9,491,E1_STATIC,LIRCMOP9,JMETALPY_1_7_NSGAII_STATIC_CMOEA,1,COMPLETE,INCLUDED,0.10766193354586598,0.1440275216933012,,0
r8c-0492-fa10d5e61969c919,492,E1_STATIC,LIRCMOP9,F22_MG_STATIC,2,COMPLETE,INCLUDED,0.0850194115614426,0.14474925214599016,,0
r8c-0493-481f04c8e8010477,493,E1_STATIC,LIRCMOP9,MATCHED_FIXED_DE_PARETO,2,COMPLETE,INCLUDED,0.12864198811691782,0.17322614289910562,,0
r8c-0494-88c0c59284647cad,494,E1_STATIC,LIRCMOP9,MATCHED_JDE_STYLE_PARETO,2,COMPLETE,INCLUDED,0.1602017376937824,0.23066195878370305,,0
r8c-0495-e71a704d6ea9bb19,495,E1_STATIC,LIRCMOP9,MATCHED_SHADE_STYLE_PARETO,2,COMPLETE,INCLUDED,0.12653986354478491,0.19334628167778514,,0
r8c-0496-1763455e21edf827,496,E1_STATIC,LIRCMOP9,JMETALPY_1_7_GDE3_STANDARD_PARETO_DE,2,COMPLETE,INCLUDED,0.13008891070299713,0.1731668413545513,,0
r8c-0497-11a897e078cd1b4a,497,E1_STATIC,LIRCMOP9,JMETALPY_1_7_NSGAII_STATIC_CMOEA,2,COMPLETE,INCLUDED,0.07687453460492563,0.09141553073830576,,0
r8c-0498-41a603dabac17fed,498,E1_STATIC,LIRCMOP9,F22_MG_STATIC,3,COMPLETE,INCLUDED,0.1303257190274453,0.19648822228192353,,0
r8c-0499-8c4d7919738ce1c5,499,E1_STATIC,LIRCMOP9,MATCHED_FIXED_DE_PARETO,3,COMPLETE,INCLUDED,0.09351572920213379,0.1732519126900185,,0
r8c-0500-42d950e584fa5458,500,E1_STATIC,LIRCMOP9,MATCHED_JDE_STYLE_PARETO,3,COMPLETE,INCLUDED,0.14215633128504285,0.1831912115742172,,0
r8c-0501-1d249c46a796da46,501,E1_STATIC,LIRCMOP9,MATCHED_SHADE_STYLE_PARETO,3,COMPLETE,INCLUDED,0.23647621344831077,0.3265477163080632,,0
r8c-0502-40b0841de9fde923,502,E1_STATIC,LIRCMOP9,JMETALPY_1_7_GDE3_STANDARD_PARETO_DE,3,COMPLETE,INCLUDED,0.13857816057805636,0.1735096118068643,,0
r8c-0503-b201dc4bc9420402,503,E1_STATIC,LIRCMOP9,JMETALPY_1_7_NSGAII_STATIC_CMOEA,3,COMPLETE,INCLUDED,0.08038196650964771,0.14438014427511958,,0
r8c-0504-77263fa45bd85815,504,E1_STATIC,LIRCMOP9,F22_MG_STATIC,4,COMPLETE,INCLUDED,0.13622950757799454,0.1735513095673836,,0
r8c-0505-f733b451f7f1699c,505,E1_STATIC,LIRCMOP9,MATCHED_FIXED_DE_PARETO,4,COMPLETE,INCLUDED,0.12918340455744767,0.19028034190268764,,0
r8c-0506-7e9d03769d05cf7a,506,E1_STATIC,LIRCMOP9,MATCHED_JDE_STYLE_PARETO,4,COMPLETE,INCLUDED,0.1491159325822271,0.1962433964314472,,0
r8c-0507-c2c4869d4f55b76d,507,E1_STATIC,LIRCMOP9,MATCHED_SHADE_STYLE_PARETO,4,COMPLETE,INCLUDED,0.13283145269956254,0.1734680880430366,,0
r8c-0508-f41e90a065cec192,508,E1_STATIC,LIRCMOP9,JMETALPY_1_7_GDE3_STANDARD_PARETO_DE,4,COMPLETE,INCLUDED,0.13478134259890504,0.232011632618837,,0
r8c-0509-94fb2cc6ff991344,509,E1_STATIC,LIRCMOP9,JMETALPY_1_7_NSGAII_STATIC_CMOEA,4,COMPLETE,INCLUDED,0.13160783341155896,0.20330050069396574,,0
r8c-0510-6b206c5691633448,510,E1_STATIC,LIRCMOP9,F22_MG_STATIC,5,COMPLETE,INCLUDED,0.13768833386726623,0.173552774365533,,0
r8c-0511-7d18e6aa780f8143,511,E1_STATIC,LIRCMOP9,MATCHED_FIXED_DE_PARETO,5,COMPLETE,INCLUDED,0.14295140461982758,0.2196362622542899,,0
r8c-0512-3ad72efd8338d543,512,E1_STATIC,LIRCMOP9,MATCHED_JDE_STYLE_PARETO,5,COMPLETE,INCLUDED,0.18446810646390374,0.3502257115924868,,0
r8c-0513-95f22c43ebf5e39d,513,E1_STATIC,LIRCMOP9,MATCHED_SHADE_STYLE_PARETO,5,COMPLETE,INCLUDED,0.12679403140072973,0.1735478054808322,,0
r8c-0514-abfea9d6fe29e00e,514,E1_STATIC,LIRCMOP9,JMETALPY_1_7_GDE3_STANDARD_PARETO_DE,5,COMPLETE,INCLUDED,0.12776537702224225,0.17341939615190563,,0
r8c-0515-4d332ff620df23ca,515,E1_STATIC,LIRCMOP9,JMETALPY_1_7_NSGAII_STATIC_CMOEA,5,COMPLETE,INCLUDED,0.12061818087627477,0.17067303642246354,,0
r8c-0516-9148a3a3fb9ecf7f,516,E1_STATIC,LIRCMOP9,F22_MG_STATIC,6,COMPLETE,INCLUDED,0.07559611490420937,0.09090904367108334,,0
r8c-0517-f7a608301bfb5afc,517,E1_STATIC,LIRCMOP9,MATCHED_FIXED_DE_PARETO,6,COMPLETE,INCLUDED,0.13442835986732066,0.17349967048713394,,0
r8c-0518-65739522b51b1ce9,518,E1_STATIC,LIRCMOP9,MATCHED_JDE_STYLE_PARETO,6,COMPLETE,INCLUDED,0.23538835544524717,0.3387559739011547,,0
r8c-0519-02a033ace82758be,519,E1_STATIC,LIRCMOP9,MATCHED_SHADE_STYLE_PARETO,6,COMPLETE,INCLUDED,0.13815664598723573,0.19601509562303157,,0
r8c-0520-ef97659f6a265a45,520,E1_STATIC,LIRCMOP9,JMETALPY_1_7_GDE3_STANDARD_PARETO_DE,6,COMPLETE,INCLUDED,0.21360946566245842,0.2979384078724679,,0
r8c-0521-14e25a7c686e5162,521,E1_STATIC,LIRCMOP9,JMETALPY_1_7_NSGAII_STATIC_CMOEA,6,COMPLETE,INCLUDED,0.11170857258612904,0.144398421151229,,0
r8c-0522-895b90e7336b8d3a,522,E1_STATIC,LIRCMOP9,F22_MG_STATIC,7,COMPLETE,INCLUDED,0.1713207173812297,0.23301210340720596,,0
r8c-0523-5b7f9f1b34c09c39,523,E1_STATIC,LIRCMOP9,MATCHED_FIXED_DE_PARETO,7,COMPLETE,INCLUDED,0.10524893568620661,0.19338822198914374,,0
r8c-0524-3c299c38304756f0,524,E1_STATIC,LIRCMOP9,MATCHED_JDE_STYLE_PARETO,7,COMPLETE,INCLUDED,0.17261408429426084,0.28001853516054076,,0
r8c-0525-b7ef6ac6812af01a,525,E1_STATIC,LIRCMOP9,MATCHED_SHADE_STYLE_PARETO,7,COMPLETE,INCLUDED,0.0744901188294452,0.09638629446563347,,0
r8c-0526-83682823ae3ffdd3,526,E1_STATIC,LIRCMOP9,JMETALPY_1_7_GDE3_STANDARD_PARETO_DE,7,COMPLETE,INCLUDED,0.12771976993016437,0.17145542813320505,,0
r8c-0527-17a6616f9ddd5e10,527,E1_STATIC,LIRCMOP9,JMETALPY_1_7_NSGAII_STATIC_CMOEA,7,COMPLETE,INCLUDED,0.11154831959654009,0.19303208976711203,,0
r8c-0528-a7748669d1795388,528,E1_STATIC,LIRCMOP9,F22_MG_STATIC,8,COMPLETE,INCLUDED,0.21075704324124317,0.34870287363579866,,0
r8c-0529-d066071f30bb06cf,529,E1_STATIC,LIRCMOP9,MATCHED_FIXED_DE_PARETO,8,COMPLETE,INCLUDED,0.11230740123123657,0.21093939605610357,,0
r8c-0530-b7b3db408e1123ec,530,E1_STATIC,LIRCMOP9,MATCHED_JDE_STYLE_PARETO,8,COMPLETE,INCLUDED,0.08652057929906815,0.16537197247774588,,0
r8c-0531-d810cb94d9e7d356,531,E1_STATIC,LIRCMOP9,MATCHED_SHADE_STYLE_PARETO,8,COMPLETE,INCLUDED,0.20831521699143224,0.2868568247324219,,0
r8c-0532-82b6d614e21c3e17,532,E1_STATIC,LIRCMOP9,JMETALPY_1_7_GDE3_STANDARD_PARETO_DE,8,COMPLETE,INCLUDED,0.14631002311156796,0.22232563128742386,,0
r8c-0533-d5a3cf86ec0d2ac9,533,E1_STATIC,LIRCMOP9,JMETALPY_1_7_NSGAII_STATIC_CMOEA,8,COMPLETE,INCLUDED,0.12878635834174723,0.1980561539766081,,0
r8c-0534-0d177812455e6f25,534,E1_STATIC,LIRCMOP9,F22_MG_STATIC,9,COMPLETE,INCLUDED,0.08620383376545236,0.13134699339467787,,0
r8c-0535-f9ce75f445cee300,535,E1_STATIC,LIRCMOP9,MATCHED_FIXED_DE_PARETO,9,COMPLETE,INCLUDED,0.12318471704363479,0.1755113601506417,,0
r8c-0536-f373ca2cd79873e4,536,E1_STATIC,LIRCMOP9,MATCHED_JDE_STYLE_PARETO,9,COMPLETE,INCLUDED,0.14473637019526814,0.19438287413960278,,0
r8c-0537-a60cbe4c96443913,537,E1_STATIC,LIRCMOP9,MATCHED_SHADE_STYLE_PARETO,9,COMPLETE,INCLUDED,0.1263092632753536,0.17354996872945208,,0
r8c-0538-0b5f69ea11cefeaa,538,E1_STATIC,LIRCMOP9,JMETALPY_1_7_GDE3_STANDARD_PARETO_DE,9,COMPLETE,INCLUDED,0.14788137327458528,0.22794550757723284,,0
r8c-0539-43d4afe16c6eb936,539,E1_STATIC,LIRCMOP9,JMETALPY_1_7_NSGAII_STATIC_CMOEA,9,COMPLETE,INCLUDED,0.15016483030048153,0.20335757104369084,,0
r8c-0540-9fc7e084bcc3f768,540,E1_STATIC,LIRCMOP10,F22_MG_STATIC,0,COMPLETE,INCLUDED,0.07853664206086423,0.11349778941720297,,0
r8c-0541-7149fabfbf4d3e2d,541,E1_STATIC,LIRCMOP10,MATCHED_FIXED_DE_PARETO,0,COMPLETE,INCLUDED,0.28712222858541564,0.4626872072320589,,0
r8c-0542-7d421f4f2922089b,542,E1_STATIC,LIRCMOP10,MATCHED_JDE_STYLE_PARETO,0,COMPLETE,INCLUDED,0.08531258157616643,0.10961914046751553,,0
r8c-0543-43a68b6b5a2d2278,543,E1_STATIC,LIRCMOP10,MATCHED_SHADE_STYLE_PARETO,0,COMPLETE,INCLUDED,0.2862026562986431,0.4122976843168107,,0
r8c-0544-f2031ad9aa663d52,544,E1_STATIC,LIRCMOP10,JMETALPY_1_7_GDE3_STANDARD_PARETO_DE,0,COMPLETE,INCLUDED,0.036213192573324705,0.05132048304666301,,0
r8c-0545-c96e389fbc574ff4,545,E1_STATIC,LIRCMOP10,JMETALPY_1_7_NSGAII_STATIC_CMOEA,0,COMPLETE,INCLUDED,0.054956145516903795,0.09988128370591286,,0
r8c-0546-1374da57a66d1a6f,546,E1_STATIC,LIRCMOP10,F22_MG_STATIC,1,COMPLETE,INCLUDED,0.1916905208448133,0.4339275280867034,,0
r8c-0547-559f2cbb3420e7e1,547,E1_STATIC,LIRCMOP10,MATCHED_FIXED_DE_PARETO,1,COMPLETE,INCLUDED,0.33438864473558255,0.4355155207104225,,0
r8c-0548-74d87a3616277528,548,E1_STATIC,LIRCMOP10,MATCHED_JDE_STYLE_PARETO,1,COMPLETE,INCLUDED,0.2910214277362233,0.4810722945623196,,0
r8c-0549-860819fce3f515ad,549,E1_STATIC,LIRCMOP10,MATCHED_SHADE_STYLE_PARETO,1,COMPLETE,INCLUDED,0.27028224960972785,0.4412893595967579,,0
r8c-0550-16bb65f4d7a3eb10,550,E1_STATIC,LIRCMOP10,JMETALPY_1_7_GDE3_STANDARD_PARETO_DE,1,COMPLETE,INCLUDED,0.06863526261854086,0.09524237464361426,,0
r8c-0551-ed8175168f2e71ae,551,E1_STATIC,LIRCMOP10,JMETALPY_1_7_NSGAII_STATIC_CMOEA,1,COMPLETE,INCLUDED,0.23162684098052952,0.46664955773567984,,0
r8c-0552-74b9a8aa71cdeca9,552,E1_STATIC,LIRCMOP10,F22_MG_STATIC,2,COMPLETE,INCLUDED,0.26395887108471155,0.4677915764064914,,0
r8c-0553-c653bb99e9a91a65,553,E1_STATIC,LIRCMOP10,MATCHED_FIXED_DE_PARETO,2,COMPLETE,INCLUDED,0.280911183186963,0.43885870041297165,,0
r8c-0554-f29e62caa3ab9f91,554,E1_STATIC,LIRCMOP10,MATCHED_JDE_STYLE_PARETO,2,COMPLETE,INCLUDED,0.08030614549374289,0.10128421420271308,,0
r8c-0555-643960c4c2d3acbc,555,E1_STATIC,LIRCMOP10,MATCHED_SHADE_STYLE_PARETO,2,COMPLETE,INCLUDED,0.07426637305434668,0.09090850706618303,,0
r8c-0556-0cd7a8b5cabbe8d6,556,E1_STATIC,LIRCMOP10,JMETALPY_1_7_GDE3_STANDARD_PARETO_DE,2,COMPLETE,INCLUDED,0.3332742030269851,0.432525665578443,,0
r8c-0557-b437eb9fb64b1440,557,E1_STATIC,LIRCMOP10,JMETALPY_1_7_NSGAII_STATIC_CMOEA,2,COMPLETE,INCLUDED,0.0682802886075992,0.11341401698796887,,0
r8c-0558-3da4981a16cb515d,558,E1_STATIC,LIRCMOP10,F22_MG_STATIC,3,COMPLETE,INCLUDED,0.16446145797875608,0.42711958794291655,,0
r8c-0559-f45f11522b301fed,559,E1_STATIC,LIRCMOP10,MATCHED_FIXED_DE_PARETO,3,COMPLETE,INCLUDED,0.32297654962070577,0.4380004366923184,,0
r8c-0560-35fbb46aedf194fd,560,E1_STATIC,LIRCMOP10,MATCHED_JDE_STYLE_PARETO,3,COMPLETE,INCLUDED,0.0843504805508385,0.1726964920638502,,0
r8c-0561-b3f94da15373faa1,561,E1_STATIC,LIRCMOP10,MATCHED_SHADE_STYLE_PARETO,3,COMPLETE,INCLUDED,0.2772345267728242,0.425009007332332,,0
r8c-0562-6ac90be68d9e9b04,562,E1_STATIC,LIRCMOP10,JMETALPY_1_7_GDE3_STANDARD_PARETO_DE,3,COMPLETE,INCLUDED,0.30329604137908395,0.44482187006345597,,0
r8c-0563-dc95e00201acf7d1,563,E1_STATIC,LIRCMOP10,JMETALPY_1_7_NSGAII_STATIC_CMOEA,3,COMPLETE,INCLUDED,0.05410990792610067,0.09066750442299912,,0
r8c-0564-df37f037a7c48a63,564,E1_STATIC,LIRCMOP10,F22_MG_STATIC,4,COMPLETE,INCLUDED,0.3077970168317883,0.46899679818258655,,0
r8c-0565-1714cfcddc039817,565,E1_STATIC,LIRCMOP10,MATCHED_FIXED_DE_PARETO,4,COMPLETE,INCLUDED,0.3168620574535192,0.42864495461467556,,0
r8c-0566-53c5978ac44ab95c,566,E1_STATIC,LIRCMOP10,MATCHED_JDE_STYLE_PARETO,4,COMPLETE,INCLUDED,0.09233175151894532,0.1995050050359204,,0
r8c-0567-3c606ec9e84c1196,567,E1_STATIC,LIRCMOP10,MATCHED_SHADE_STYLE_PARETO,4,COMPLETE,INCLUDED,0.27236782844506846,0.4261852400019393,,0
r8c-0568-2cc748dad399d4a4,568,E1_STATIC,LIRCMOP10,JMETALPY_1_7_GDE3_STANDARD_PARETO_DE,4,COMPLETE,INCLUDED,0.29561485039681995,0.44058880934758043,,0
r8c-0569-bd173925bcb51949,569,E1_STATIC,LIRCMOP10,JMETALPY_1_7_NSGAII_STATIC_CMOEA,4,COMPLETE,INCLUDED,0.1234408952908448,0.4340583342004767,,0
r8c-0570-c8b3287aa70ae0d3,570,E1_STATIC,LIRCMOP10,F22_MG_STATIC,5,COMPLETE,INCLUDED,0.3495733865779005,0.4805317436557681,,0
r8c-0571-60aa72c2ff3e8256,571,E1_STATIC,LIRCMOP10,MATCHED_FIXED_DE_PARETO,5,COMPLETE,INCLUDED,0.3188598299568142,0.43129273569519444,,0
r8c-0572-7e0834dc8595c26f,572,E1_STATIC,LIRCMOP10,MATCHED_JDE_STYLE_PARETO,5,COMPLETE,INCLUDED,0.14161843532064688,0.2317779402740686,,0
r8c-0573-9f97a1460aacee7e,573,E1_STATIC,LIRCMOP10,MATCHED_SHADE_STYLE_PARETO,5,COMPLETE,INCLUDED,0.18192443038281042,0.2959809760090531,,0
r8c-0574-b361d7bc2c1e5b8c,574,E1_STATIC,LIRCMOP10,JMETALPY_1_7_GDE3_STANDARD_PARETO_DE,5,COMPLETE,INCLUDED,0.31335893128002373,0.43459880788139627,,0
r8c-0575-dcf2072a25ac9923,575,E1_STATIC,LIRCMOP10,JMETALPY_1_7_NSGAII_STATIC_CMOEA,5,COMPLETE,INCLUDED,0.05751796275255478,0.10322390008786916,,0
r8c-0576-92cd69b6d7a9c322,576,E1_STATIC,LIRCMOP10,F22_MG_STATIC,6,COMPLETE,INCLUDED,0.2981630944426053,0.4694873648412917,,0
r8c-0577-4535a3c28c0d96de,577,E1_STATIC,LIRCMOP10,MATCHED_FIXED_DE_PARETO,6,COMPLETE,INCLUDED,0.1414258302927304,0.1811423038050156,,0
r8c-0578-69bdd554a2bb965c,578,E1_STATIC,LIRCMOP10,MATCHED_JDE_STYLE_PARETO,6,COMPLETE,INCLUDED,0.29470296628178044,0.48202677269371347,,0
r8c-0579-ede25f4f9d8e3a0b,579,E1_STATIC,LIRCMOP10,MATCHED_SHADE_STYLE_PARETO,6,COMPLETE,INCLUDED,0.2515225353377554,0.4590929082705557,,0
r8c-0580-fa614ce4b0a5839d,580,E1_STATIC,LIRCMOP10,JMETALPY_1_7_GDE3_STANDARD_PARETO_DE,6,COMPLETE,INCLUDED,0.13669757444521333,0.2970901803178874,,0
r8c-0581-8e6f5e41d43c74d7,581,E1_STATIC,LIRCMOP10,JMETALPY_1_7_NSGAII_STATIC_CMOEA,6,COMPLETE,INCLUDED,0.1400628557522735,0.2696794713499111,,0
r8c-0582-e9b7d795ea311273,582,E1_STATIC,LIRCMOP10,F22_MG_STATIC,7,COMPLETE,INCLUDED,0.12606717136842868,0.44945178951481984,,0
r8c-0583-4d5859eb59e65cd1,583,E1_STATIC,LIRCMOP10,MATCHED_FIXED_DE_PARETO,7,COMPLETE,INCLUDED,0.310857535847972,0.4594237762381536,,0
r8c-0584-d5ec10ff272974e1,584,E1_STATIC,LIRCMOP10,MATCHED_JDE_STYLE_PARETO,7,COMPLETE,INCLUDED,0.1751820754869384,0.42035581316782766,,0
r8c-0585-8a5f5d78af6c7f51,585,E1_STATIC,LIRCMOP10,MATCHED_SHADE_STYLE_PARETO,7,COMPLETE,INCLUDED,0.2950969500641486,0.4158427008650504,,0
r8c-0586-69534f7bdc8e6464,586,E1_STATIC,LIRCMOP10,JMETALPY_1_7_GDE3_STANDARD_PARETO_DE,7,COMPLETE,INCLUDED,0.13651328395159698,0.18004172343952746,,0
r8c-0587-348b84656fa6357a,587,E1_STATIC,LIRCMOP10,JMETALPY_1_7_NSGAII_STATIC_CMOEA,7,COMPLETE,INCLUDED,0.05784855545280412,0.09459814265021259,,0
r8c-0588-34e6a6eca2a3570b,588,E1_STATIC,LIRCMOP10,F22_MG_STATIC,8,COMPLETE,INCLUDED,0.09025840103603118,0.11606455863608324,,0
r8c-0589-58ab845f72e27bcc,589,E1_STATIC,LIRCMOP10,MATCHED_FIXED_DE_PARETO,8,COMPLETE,INCLUDED,0.20112929221786174,0.2831746487100662,,0
r8c-0590-30247401e2635ff1,590,E1_STATIC,LIRCMOP10,MATCHED_JDE_STYLE_PARETO,8,COMPLETE,INCLUDED,0.3247780057564816,0.48215790059819424,,0
r8c-0591-cdaef0862440af19,591,E1_STATIC,LIRCMOP10,MATCHED_SHADE_STYLE_PARETO,8,COMPLETE,INCLUDED,0.2517798017267169,0.41249382970845505,,0
r8c-0592-cc0035e145166853,592,E1_STATIC,LIRCMOP10,JMETALPY_1_7_GDE3_STANDARD_PARETO_DE,8,COMPLETE,INCLUDED,0.18539264762469165,0.2928831007798508,,0
r8c-0593-faba075faf7c2d79,593,E1_STATIC,LIRCMOP10,JMETALPY_1_7_NSGAII_STATIC_CMOEA,8,COMPLETE,INCLUDED,0.06604971773858997,0.10237368247292578,,0
r8c-0594-5ba55930f74bc234,594,E1_STATIC,LIRCMOP10,F22_MG_STATIC,9,COMPLETE,INCLUDED,0.3381272124563319,0.47131038789131513,,0
r8c-0595-88bf396b10049499,595,E1_STATIC,LIRCMOP10,MATCHED_FIXED_DE_PARETO,9,COMPLETE,INCLUDED,0.17873836433262358,0.46746153313129435,,0
r8c-0596-61b3bde5150b6baa,596,E1_STATIC,LIRCMOP10,MATCHED_JDE_STYLE_PARETO,9,COMPLETE,INCLUDED,0.08261535931516045,0.11099185611325472,,0
r8c-0597-18cccf75216a4217,597,E1_STATIC,LIRCMOP10,MATCHED_SHADE_STYLE_PARETO,9,COMPLETE,INCLUDED,0.20245593132991163,0.4350765566790811,,0
r8c-0598-ad3b54e245c56fb0,598,E1_STATIC,LIRCMOP10,JMETALPY_1_7_GDE3_STANDARD_PARETO_DE,9,COMPLETE,INCLUDED,0.32916131552335604,0.4453912563359015,,0
r8c-0599-6a71e0424dfba217,599,E1_STATIC,LIRCMOP10,JMETALPY_1_7_NSGAII_STATIC_CMOEA,9,COMPLETE,INCLUDED,0.045690530667221244,0.062105648808064684,,0
r8c-0600-4b2d00693f815787,600,E1_STATIC,LIRCMOP11,F22_MG_STATIC,0,COMPLETE,INCLUDED,0.28211114615879174,0.5107908911415376,,0
r8c-0601-6b3362f0ff8bfa3b,601,E1_STATIC,LIRCMOP11,MATCHED_FIXED_DE_PARETO,0,COMPLETE,INCLUDED,0.16138960688607815,0.24067550062416304,,0
r8c-0602-8957553348780bc8,602,E1_STATIC,LIRCMOP11,MATCHED_JDE_STYLE_PARETO,0,COMPLETE,INCLUDED,0.15079688286898218,0.18870314739305813,,0
r8c-0603-ca3299c80314bd58,603,E1_STATIC,LIRCMOP11,MATCHED_SHADE_STYLE_PARETO,0,COMPLETE,INCLUDED,0.16322520284313205,0.22014877269012167,,0
r8c-0604-152ee200d06658d9,604,E1_STATIC,LIRCMOP11,JMETALPY_1_7_GDE3_STANDARD_PARETO_DE,0,COMPLETE,INCLUDED,0.1660405324502222,0.24435059352079241,,0
r8c-0605-1133ba9e27bd2a7d,605,E1_STATIC,LIRCMOP11,JMETALPY_1_7_NSGAII_STATIC_CMOEA,0,COMPLETE,INCLUDED,0.1705319928182195,0.2244530031340657,,0
r8c-0606-e3c43ff4030f1a88,606,E1_STATIC,LIRCMOP11,F22_MG_STATIC,1,COMPLETE,INCLUDED,0.38858288087838094,0.4645722699281934,,0
r8c-0607-6b443c02cfb63126,607,E1_STATIC,LIRCMOP11,MATCHED_FIXED_DE_PARETO,1,COMPLETE,INCLUDED,0.38680427360064146,0.48476122093284496,,0
r8c-0608-7773d2e8242cd548,608,E1_STATIC,LIRCMOP11,MATCHED_JDE_STYLE_PARETO,1,COMPLETE,INCLUDED,0.15456367321322753,0.19392558809855207,,0
r8c-0609-186542c7ee8ded42,609,E1_STATIC,LIRCMOP11,MATCHED_SHADE_STYLE_PARETO,1,COMPLETE,INCLUDED,0.35280746691031756,0.4985657376505119,,0
r8c-0610-ea8a414d5cdb9ce9,610,E1_STATIC,LIRCMOP11,JMETALPY_1_7_GDE3_STANDARD_PARETO_DE,1,COMPLETE,INCLUDED,0.16178516939789947,0.226781887223573,,0
r8c-0611-d214304036ff5d09,611,E1_STATIC,LIRCMOP11,JMETALPY_1_7_NSGAII_STATIC_CMOEA,1,COMPLETE,INCLUDED,0.32130553099961945,0.4041767695400319,,0
r8c-0612-0545f3f58416b908,612,E1_STATIC,LIRCMOP11,F22_MG_STATIC,2,COMPLETE,INCLUDED,0.2699863641044153,0.40464957920684336,,0
r8c-0613-ed971867fa5d2435,613,E1_STATIC,LIRCMOP11,MATCHED_FIXED_DE_PARETO,2,COMPLETE,INCLUDED,0.3384611921902675,0.46656812225139954,,0
r8c-0614-caaec07c72194cb1,614,E1_STATIC,LIRCMOP11,MATCHED_JDE_STYLE_PARETO,2,COMPLETE,INCLUDED,0.1530028922560658,0.23723020486299465,,0
r8c-0615-dfa744dfb03b99aa,615,E1_STATIC,LIRCMOP11,MATCHED_SHADE_STYLE_PARETO,2,COMPLETE,INCLUDED,0.212472480267466,0.420948958560027,,0
r8c-0616-72dc68f59c8ce5a1,616,E1_STATIC,LIRCMOP11,JMETALPY_1_7_GDE3_STANDARD_PARETO_DE,2,COMPLETE,INCLUDED,0.40861478449461947,0.4722670954367883,,0
r8c-0617-30ca84105be5d3d4,617,E1_STATIC,LIRCMOP11,JMETALPY_1_7_NSGAII_STATIC_CMOEA,2,COMPLETE,INCLUDED,0.17574739330097364,0.2227613694491744,,0
r8c-0618-c6b31a6602af215a,618,E1_STATIC,LIRCMOP11,F22_MG_STATIC,3,COMPLETE,INCLUDED,0.16682884897267058,0.2564638768737224,,0
r8c-0619-7994061d5728e908,619,E1_STATIC,LIRCMOP11,MATCHED_FIXED_DE_PARETO,3,COMPLETE,INCLUDED,0.35053656260121496,0.49192253790932544,,0
r8c-0620-b1867e9067e4b4dc,620,E1_STATIC,LIRCMOP11,MATCHED_JDE_STYLE_PARETO,3,COMPLETE,INCLUDED,0.16860005612288737,0.2626386924140746,,0
r8c-0621-4f92e2e9747bbddb,621,E1_STATIC,LIRCMOP11,MATCHED_SHADE_STYLE_PARETO,3,COMPLETE,INCLUDED,0.35497122807547926,0.4710213304658816,,0
r8c-0622-6c17fba2435f70d0,622,E1_STATIC,LIRCMOP11,JMETALPY_1_7_GDE3_STANDARD_PARETO_DE,3,COMPLETE,INCLUDED,0.18423186317018433,0.230708019398687,,0
r8c-0623-bd40c4c55be92f69,623,E1_STATIC,LIRCMOP11,JMETALPY_1_7_NSGAII_STATIC_CMOEA,3,COMPLETE,INCLUDED,0.18472781835964963,0.22477137344994325,,0
r8c-0624-b06901ab86fb9ea9,624,E1_STATIC,LIRCMOP11,F22_MG_STATIC,4,COMPLETE,INCLUDED,0.39175106072154753,0.4712654372791394,,0
r8c-0625-d6eadfcfda9d3d05,625,E1_STATIC,LIRCMOP11,MATCHED_FIXED_DE_PARETO,4,COMPLETE,INCLUDED,0.36636026226514196,0.4722380939122176,,0
r8c-0626-f89a7a31bc983592,626,E1_STATIC,LIRCMOP11,MATCHED_JDE_STYLE_PARETO,4,COMPLETE,INCLUDED,0.18035528648206067,0.21816054795870266,,0
r8c-0627-2c495d66f958a28c,627,E1_STATIC,LIRCMOP11,MATCHED_SHADE_STYLE_PARETO,4,COMPLETE,INCLUDED,0.2940490038956421,0.4415842886253987,,0
r8c-0628-61d50258bd9dcb72,628,E1_STATIC,LIRCMOP11,JMETALPY_1_7_GDE3_STANDARD_PARETO_DE,4,COMPLETE,INCLUDED,0.18463918234617474,0.2469767253250017,,0
r8c-0629-62975b4f106701d3,629,E1_STATIC,LIRCMOP11,JMETALPY_1_7_NSGAII_STATIC_CMOEA,4,COMPLETE,INCLUDED,0.18987103080092904,0.2250951056944721,,0
r8c-0630-d751fcf8faf0c3c3,630,E1_STATIC,LIRCMOP11,F22_MG_STATIC,5,COMPLETE,INCLUDED,0.2801843899325175,0.4642547797711865,,0
r8c-0631-0ec45aa40da351f3,631,E1_STATIC,LIRCMOP11,MATCHED_FIXED_DE_PARETO,5,COMPLETE,INCLUDED,0.3774900271676328,0.47259247716075103,,0
r8c-0632-265135f0effd0b47,632,E1_STATIC,LIRCMOP11,MATCHED_JDE_STYLE_PARETO,5,COMPLETE,INCLUDED,0.283970292604989,0.3911839170966058,,0
r8c-0633-cd3be2067a694106,633,E1_STATIC,LIRCMOP11,MATCHED_SHADE_STYLE_PARETO,5,COMPLETE,INCLUDED,0.1834641895397447,0.2380204664857776,,0
r8c-0634-0a6dc35281e97e4c,634,E1_STATIC,LIRCMOP11,JMETALPY_1_7_GDE3_STANDARD_PARETO_DE,5,COMPLETE,INCLUDED,0.3283411412498846,0.4685270430061105,,0
r8c-0635-5cce19308cf6f215,635,E1_STATIC,LIRCMOP11,JMETALPY_1_7_NSGAII_STATIC_CMOEA,5,COMPLETE,INCLUDED,0.18777606802635313,0.22252965917087575,,0
r8c-0636-ae433ef3a326aacd,636,E1_STATIC,LIRCMOP11,F22_MG_STATIC,6,COMPLETE,INCLUDED,0.41365417450395775,0.4725800009938787,,0
r8c-0637-1824d8de6b4d3a80,637,E1_STATIC,LIRCMOP11,MATCHED_FIXED_DE_PARETO,6,COMPLETE,INCLUDED,0.30167978892779945,0.4733808155304176,,0
r8c-0638-d53b2237c9e71ac7,638,E1_STATIC,LIRCMOP11,MATCHED_JDE_STYLE_PARETO,6,COMPLETE,INCLUDED,0.2577770660444968,0.39750070372354185,,0
r8c-0639-a81bf7a01e2132a1,639,E1_STATIC,LIRCMOP11,MATCHED_SHADE_STYLE_PARETO,6,COMPLETE,INCLUDED,0.2478016804047422,0.34395493664644416,,0
r8c-0640-93d1e97e01551660,640,E1_STATIC,LIRCMOP11,JMETALPY_1_7_GDE3_STANDARD_PARETO_DE,6,COMPLETE,INCLUDED,0.28695967839385533,0.44912285840088495,,0
r8c-0641-ad111bce53fd698d,641,E1_STATIC,LIRCMOP11,JMETALPY_1_7_NSGAII_STATIC_CMOEA,6,COMPLETE,INCLUDED,0.1456286713521393,0.2234993661644041,,0
r8c-0642-d7aea27b2078ddf4,642,E1_STATIC,LIRCMOP11,F22_MG_STATIC,7,COMPLETE,INCLUDED,0.1906469161124426,0.3888593430995118,,0
r8c-0643-216008577282e4f3,643,E1_STATIC,LIRCMOP11,MATCHED_FIXED_DE_PARETO,7,COMPLETE,INCLUDED,0.3471189246102316,0.4720847976744966,,0
r8c-0644-fc389e358c4d9beb,644,E1_STATIC,LIRCMOP11,MATCHED_JDE_STYLE_PARETO,7,COMPLETE,INCLUDED,0.1866487372017239,0.25446985018056045,,0
r8c-0645-80598c0dea426483,645,E1_STATIC,LIRCMOP11,MATCHED_SHADE_STYLE_PARETO,7,COMPLETE,INCLUDED,0.3627874650169445,0.47218516130677063,,0
r8c-0646-98bb86fab0f814b1,646,E1_STATIC,LIRCMOP11,JMETALPY_1_7_GDE3_STANDARD_PARETO_DE,7,COMPLETE,INCLUDED,0.17670064699504837,0.24842354612580567,,0
r8c-0647-f1495cd1bdf1cfc6,647,E1_STATIC,LIRCMOP11,JMETALPY_1_7_NSGAII_STATIC_CMOEA,7,COMPLETE,INCLUDED,0.17080220306453678,0.22045281219672846,,0
r8c-0648-5d5ee7ac9eea2358,648,E1_STATIC,LIRCMOP11,F22_MG_STATIC,8,COMPLETE,INCLUDED,0.1471774647387874,0.20364901160808357,,0
r8c-0649-cc2661649afc752a,649,E1_STATIC,LIRCMOP11,MATCHED_FIXED_DE_PARETO,8,COMPLETE,INCLUDED,0.2456640591026778,0.3727399187095044,,0
r8c-0650-a41adb8d9d746077,650,E1_STATIC,LIRCMOP11,MATCHED_JDE_STYLE_PARETO,8,COMPLETE,INCLUDED,0.30183496327992504,0.45749522459747405,,0
r8c-0651-0907090b95f17775,651,E1_STATIC,LIRCMOP11,MATCHED_SHADE_STYLE_PARETO,8,COMPLETE,INCLUDED,0.3174059157478356,0.4707554757638846,,0
r8c-0652-c768385726b1981c,652,E1_STATIC,LIRCMOP11,JMETALPY_1_7_GDE3_STANDARD_PARETO_DE,8,COMPLETE,INCLUDED,0.24865706995335227,0.39140774161199104,,0
r8c-0653-c4175178f7e536be,653,E1_STATIC,LIRCMOP11,JMETALPY_1_7_NSGAII_STATIC_CMOEA,8,COMPLETE,INCLUDED,0.1774700180292735,0.2244662330026175,,0
r8c-0654-53e2d6cbbd89b8ac,654,E1_STATIC,LIRCMOP11,F22_MG_STATIC,9,COMPLETE,INCLUDED,0.2678977016729072,0.35488221100846346,,0
r8c-0655-fbe583f4251cd9bd,655,E1_STATIC,LIRCMOP11,MATCHED_FIXED_DE_PARETO,9,COMPLETE,INCLUDED,0.30475365203300875,0.460124426812409,,0
r8c-0656-49519783c190f578,656,E1_STATIC,LIRCMOP11,MATCHED_JDE_STYLE_PARETO,9,COMPLETE,INCLUDED,0.13065753233301775,0.17199724887097712,,0
r8c-0657-47f0969c976c869b,657,E1_STATIC,LIRCMOP11,MATCHED_SHADE_STYLE_PARETO,9,COMPLETE,INCLUDED,0.13497980421314867,0.21321211631205542,,0
r8c-0658-e819cfb98840c007,658,E1_STATIC,LIRCMOP11,JMETALPY_1_7_GDE3_STANDARD_PARETO_DE,9,COMPLETE,INCLUDED,0.3873913168672702,0.49142941633695625,,0
r8c-0659-125be108c5a9f94f,659,E1_STATIC,LIRCMOP11,JMETALPY_1_7_NSGAII_STATIC_CMOEA,9,COMPLETE,INCLUDED,0.17543897383067386,0.22324035257400535,,0
r8c-0660-33af3f34294f3549,660,E1_STATIC,LIRCMOP12,F22_MG_STATIC,0,COMPLETE,INCLUDED,0.2159592019698374,0.3377450592544513,,0
r8c-0661-24e965bc9c56fd39,661,E1_STATIC,LIRCMOP12,MATCHED_FIXED_DE_PARETO,0,COMPLETE,INCLUDED,0.26075776204033013,0.4036990775617981,,0
r8c-0662-a9544278dc9f99c7,662,E1_STATIC,LIRCMOP12,MATCHED_JDE_STYLE_PARETO,0,COMPLETE,INCLUDED,0.2740509240676433,0.35363628347532305,,0
r8c-0663-fa80fe6297779958,663,E1_STATIC,LIRCMOP12,MATCHED_SHADE_STYLE_PARETO,0,COMPLETE,INCLUDED,0.22828388359491847,0.3388242200686612,,0
r8c-0664-b1b371a0629c8302,664,E1_STATIC,LIRCMOP12,JMETALPY_1_7_GDE3_STANDARD_PARETO_DE,0,COMPLETE,INCLUDED,0.2996397717534634,0.40054415722439174,,0
r8c-0665-f14127c96f3b9176,665,E1_STATIC,LIRCMOP12,JMETALPY_1_7_NSGAII_STATIC_CMOEA,0,COMPLETE,INCLUDED,0.2511170519585751,0.3479712899289439,,0
r8c-0666-2942d683424d95f6,666,E1_STATIC,LIRCMOP12,F22_MG_STATIC,1,COMPLETE,INCLUDED,0.13666325057394804,0.17355347033068969,,0
r8c-0667-de609df90b4f9bde,667,E1_STATIC,LIRCMOP12,MATCHED_FIXED_DE_PARETO,1,COMPLETE,INCLUDED,0.14750449657147138,0.17347595248834036,,0
r8c-0668-ec25b98f605b016f,668,E1_STATIC,LIRCMOP12,MATCHED_JDE_STYLE_PARETO,1,COMPLETE,INCLUDED,0.15515141168847782,0.18950609813600636,,0
r8c-0669-c3c7ac979699b59d,669,E1_STATIC,LIRCMOP12,MATCHED_SHADE_STYLE_PARETO,1,COMPLETE,INCLUDED,0.25392726751174616,0.4243528271645514,,0
r8c-0670-343e06c1ff6bd6de,670,E1_STATIC,LIRCMOP12,JMETALPY_1_7_GDE3_STANDARD_PARETO_DE,1,COMPLETE,INCLUDED,0.24828612527385205,0.3566943101307164,,0
r8c-0671-1412def45bc1751f,671,E1_STATIC,LIRCMOP12,JMETALPY_1_7_NSGAII_STATIC_CMOEA,1,COMPLETE,INCLUDED,0.13598151227113361,0.18243842888163794,,0
r8c-0672-91595db01d315397,672,E1_STATIC,LIRCMOP12,F22_MG_STATIC,2,COMPLETE,INCLUDED,0.32420151208278264,0.42273722322501806,,0
r8c-0673-56e09dc989bdf1e6,673,E1_STATIC,LIRCMOP12,MATCHED_FIXED_DE_PARETO,2,COMPLETE,INCLUDED,0.27149874749995784,0.4321411424304205,,0
r8c-0674-4e43641f8c3bbb94,674,E1_STATIC,LIRCMOP12,MATCHED_JDE_STYLE_PARETO,2,COMPLETE,INCLUDED,0.3447987384356145,0.42957582827320573,,0
r8c-0675-e1182f7df84f8c04,675,E1_STATIC,LIRCMOP12,MATCHED_SHADE_STYLE_PARETO,2,COMPLETE,INCLUDED,0.31141167822680577,0.4655752282743804,,0
r8c-0676-71fdd79bd69dd149,676,E1_STATIC,LIRCMOP12,JMETALPY_1_7_GDE3_STANDARD_PARETO_DE,2,COMPLETE,INCLUDED,0.2855990820709468,0.40229706618209843,,0
r8c-0677-b41418fe52dc5393,677,E1_STATIC,LIRCMOP12,JMETALPY_1_7_NSGAII_STATIC_CMOEA,2,COMPLETE,INCLUDED,0.15314958197431558,0.18540917841832752,,0
r8c-0678-4d9d7244e90d6d62,678,E1_STATIC,LIRCMOP12,F22_MG_STATIC,3,COMPLETE,INCLUDED,0.3086682048834334,0.4295239730530655,,0
r8c-0679-da4412cab87f6734,679,E1_STATIC,LIRCMOP12,MATCHED_FIXED_DE_PARETO,3,COMPLETE,INCLUDED,0.2793342120638893,0.3978623598255735,,0
r8c-0680-956369f85df173e7,680,E1_STATIC,LIRCMOP12,MATCHED_JDE_STYLE_PARETO,3,COMPLETE,INCLUDED,0.27148650677128394,0.47959326183130174,,0
r8c-0681-b10ab3752aa9942d,681,E1_STATIC,LIRCMOP12,MATCHED_SHADE_STYLE_PARETO,3,COMPLETE,INCLUDED,0.22103826378383526,0.4207698137030574,,0
r8c-0682-cd98f0d382cc1fb6,682,E1_STATIC,LIRCMOP12,JMETALPY_1_7_GDE3_STANDARD_PARETO_DE,3,COMPLETE,INCLUDED,0.29336636565308294,0.4095147722172593,,0
r8c-0683-e2ea5c584626dc61,683,E1_STATIC,LIRCMOP12,JMETALPY_1_7_NSGAII_STATIC_CMOEA,3,COMPLETE,INCLUDED,0.13399665051622114,0.17882807704506243,,0
r8c-0684-684b13e3796531fc,684,E1_STATIC,LIRCMOP12,F22_MG_STATIC,4,COMPLETE,INCLUDED,0.30309268290196867,0.42310019033695,,0
r8c-0685-c06ff1a401e0f808,685,E1_STATIC,LIRCMOP12,MATCHED_FIXED_DE_PARETO,4,COMPLETE,INCLUDED,0.28602631244396187,0.4107801498623641,,0
r8c-0686-058226d160104428,686,E1_STATIC,LIRCMOP12,MATCHED_JDE_STYLE_PARETO,4,COMPLETE,INCLUDED,0.32886689400499514,0.42601240550205227,,0
r8c-0687-0f4adb331200d956,687,E1_STATIC,LIRCMOP12,MATCHED_SHADE_STYLE_PARETO,4,COMPLETE,INCLUDED,0.18802836212925156,0.2961527612712161,,0
r8c-0688-2d78236d26b1ee31,688,E1_STATIC,LIRCMOP12,JMETALPY_1_7_GDE3_STANDARD_PARETO_DE,4,COMPLETE,INCLUDED,0.2824946235281245,0.39250792782279675,,0
r8c-0689-cb256012598e17f9,689,E1_STATIC,LIRCMOP12,JMETALPY_1_7_NSGAII_STATIC_CMOEA,4,COMPLETE,INCLUDED,0.16696763282973423,0.18582162445982658,,0
r8c-0690-102c30d14a1607f8,690,E1_STATIC,LIRCMOP12,F22_MG_STATIC,5,COMPLETE,INCLUDED,0.27469572598541986,0.3379716269246947,,0
r8c-0691-d193a35266065b14,691,E1_STATIC,LIRCMOP12,MATCHED_FIXED_DE_PARETO,5,COMPLETE,INCLUDED,0.2627990372722456,0.4515144114952766,,0
r8c-0692-6411f203cab38706,692,E1_STATIC,LIRCMOP12,MATCHED_JDE_STYLE_PARETO,5,COMPLETE,INCLUDED,0.23443429379976213,0.30747989725393365,,0
r8c-0693-15bce4fb1a192ce3,693,E1_STATIC,LIRCMOP12,MATCHED_SHADE_STYLE_PARETO,5,COMPLETE,INCLUDED,0.314467739991392,0.4096307202392268,,0
r8c-0694-16f20b72d991313d,694,E1_STATIC,LIRCMOP12,JMETALPY_1_7_GDE3_STANDARD_PARETO_DE,5,COMPLETE,INCLUDED,0.2102304570916586,0.3759562306532014,,0
r8c-0695-9bf4c25a9fea616a,695,E1_STATIC,LIRCMOP12,JMETALPY_1_7_NSGAII_STATIC_CMOEA,5,COMPLETE,INCLUDED,0.24737404432737303,0.37821091417644787,,0
r8c-0696-fdfef4487de5c712,696,E1_STATIC,LIRCMOP12,F22_MG_STATIC,6,COMPLETE,INCLUDED,0.25543971911172014,0.3379906254592852,,0
r8c-0697-9fe38b718cb5aeb2,697,E1_STATIC,LIRCMOP12,MATCHED_FIXED_DE_PARETO,6,COMPLETE,INCLUDED,0.2806065970908602,0.38397204069789953,,0
r8c-0698-6264142e1afead6a,698,E1_STATIC,LIRCMOP12,MATCHED_JDE_STYLE_PARETO,6,COMPLETE,INCLUDED,0.28406263600332987,0.3427457588618198,,0
r8c-0699-7ffcbe06a7ff85a3,699,E1_STATIC,LIRCMOP12,MATCHED_SHADE_STYLE_PARETO,6,COMPLETE,INCLUDED,0.257687827410644,0.4232970791100099,,0
r8c-0700-a204afa2c96f8553,700,E1_STATIC,LIRCMOP12,JMETALPY_1_7_GDE3_STANDARD_PARETO_DE,6,COMPLETE,INCLUDED,0.22301438843631688,0.34931648374793195,,0
r8c-0701-cee2877d42df961b,701,E1_STATIC,LIRCMOP12,JMETALPY_1_7_NSGAII_STATIC_CMOEA,6,COMPLETE,INCLUDED,0.33756897339343733,0.5100823041938213,,0
r8c-0702-c9a8f5fb63811d21,702,E1_STATIC,LIRCMOP12,F22_MG_STATIC,7,COMPLETE,INCLUDED,0.25632694039254184,0.3732457244010402,,0
r8c-0703-2efb6ea7c34c958a,703,E1_STATIC,LIRCMOP12,MATCHED_FIXED_DE_PARETO,7,COMPLETE,INCLUDED,0.2508779916884463,0.39830932475079933,,0
r8c-0704-e53fb1a027f6ea82,704,E1_STATIC,LIRCMOP12,MATCHED_JDE_STYLE_PARETO,7,COMPLETE,INCLUDED,0.32264388528607035,0.42268231699526987,,0
r8c-0705-05b615d8a64b9416,705,E1_STATIC,LIRCMOP12,MATCHED_SHADE_STYLE_PARETO,7,COMPLETE,INCLUDED,0.17853912999376592,0.27544114238226247,,0
r8c-0706-ee654f03ce086f7e,706,E1_STATIC,LIRCMOP12,JMETALPY_1_7_GDE3_STANDARD_PARETO_DE,7,COMPLETE,INCLUDED,0.271693069546123,0.406937685594783,,0
r8c-0707-51568ca777377778,707,E1_STATIC,LIRCMOP12,JMETALPY_1_7_NSGAII_STATIC_CMOEA,7,COMPLETE,INCLUDED,0.32226503869650536,0.3753777076229443,,0
r8c-0708-a6945e5cd93b44d0,708,E1_STATIC,LIRCMOP12,F22_MG_STATIC,8,COMPLETE,INCLUDED,0.2862813729275163,0.42559425013017693,,0
r8c-0709-622b481536453ef6,709,E1_STATIC,LIRCMOP12,MATCHED_FIXED_DE_PARETO,8,COMPLETE,INCLUDED,0.13873542632697897,0.1735205279330414,,0
r8c-0710-4b75f649255c667a,710,E1_STATIC,LIRCMOP12,MATCHED_JDE_STYLE_PARETO,8,COMPLETE,INCLUDED,0.19548009688913154,0.2978468931794668,,0
r8c-0711-60888599cdf8fea4,711,E1_STATIC,LIRCMOP12,MATCHED_SHADE_STYLE_PARETO,8,COMPLETE,INCLUDED,0.26145016429243556,0.42227077795305884,,0
r8c-0712-f793b6b779a035da,712,E1_STATIC,LIRCMOP12,JMETALPY_1_7_GDE3_STANDARD_PARETO_DE,8,COMPLETE,INCLUDED,0.30008082759211213,0.4102273046040915,,0
r8c-0713-90a0dd7cacb565a8,713,E1_STATIC,LIRCMOP12,JMETALPY_1_7_NSGAII_STATIC_CMOEA,8,COMPLETE,INCLUDED,0.21524246278937872,0.3571302713154399,,0
r8c-0714-40621c9d0fa8f683,714,E1_STATIC,LIRCMOP12,F22_MG_STATIC,9,COMPLETE,INCLUDED,0.28590915257765087,0.41377389985392926,,0
r8c-0715-666c8bdc97379cd0,715,E1_STATIC,LIRCMOP12,MATCHED_FIXED_DE_PARETO,9,COMPLETE,INCLUDED,0.2796459738239572,0.3877873405783618,,0
r8c-0716-01660700288468dc,716,E1_STATIC,LIRCMOP12,MATCHED_JDE_STYLE_PARETO,9,COMPLETE,INCLUDED,0.21678967278487274,0.30444953547932607,,0
r8c-0717-95692b1d94b1152e,717,E1_STATIC,LIRCMOP12,MATCHED_SHADE_STYLE_PARETO,9,COMPLETE,INCLUDED,0.295109753930043,0.3627515346651416,,0
r8c-0718-d61870ab4200e2b7,718,E1_STATIC,LIRCMOP12,JMETALPY_1_7_GDE3_STANDARD_PARETO_DE,9,COMPLETE,INCLUDED,0.3004864527166267,0.40460594188873905,,0
r8c-0719-b9060abffb122d20,719,E1_STATIC,LIRCMOP12,JMETALPY_1_7_NSGAII_STATIC_CMOEA,9,COMPLETE,INCLUDED,0.21151651422997486,0.2879840362360517,,0
r8c-0720-ed4d06d62efd5db5,720,E1_STATIC,LIRCMOP13,F22_MG_STATIC,0,COMPLETE,INCLUDED,6.318837180485732e-05,0.0,,0
r8c-0721-c791013fcd3bb1e5,721,E1_STATIC,LIRCMOP13,MATCHED_FIXED_DE_PARETO,0,COMPLETE,INCLUDED,7.820644985848896e-06,0.0,,0
r8c-0722-7e03875df0c74877,722,E1_STATIC,LIRCMOP13,MATCHED_JDE_STYLE_PARETO,0,COMPLETE,INCLUDED,3.6623683087140476e-06,0.0,,0
r8c-0723-b51f4a69a5e3a157,723,E1_STATIC,LIRCMOP13,MATCHED_SHADE_STYLE_PARETO,0,COMPLETE,INCLUDED,5.7462884024538265e-05,0.0,,0
r8c-0724-f50e3aa54985e71b,724,E1_STATIC,LIRCMOP13,JMETALPY_1_7_GDE3_STANDARD_PARETO_DE,0,COMPLETE,INCLUDED,0.0,0.0,,0
r8c-0725-57229d6913fdd0a5,725,E1_STATIC,LIRCMOP13,JMETALPY_1_7_NSGAII_STATIC_CMOEA,0,COMPLETE,INCLUDED,2.1343018920879297e-05,5.759003895933698e-06,,0
r8c-0726-162007975c7ba285,726,E1_STATIC,LIRCMOP13,F22_MG_STATIC,1,COMPLETE,INCLUDED,0.00016765686726973083,0.0,,0
r8c-0727-895782f084fe030c,727,E1_STATIC,LIRCMOP13,MATCHED_FIXED_DE_PARETO,1,COMPLETE,INCLUDED,6.002194755723626e-06,0.0,,0
r8c-0728-76e94ee58c8e63fe,728,E1_STATIC,LIRCMOP13,MATCHED_JDE_STYLE_PARETO,1,COMPLETE,INCLUDED,0.041041173518582524,0.026000071945581772,,0
r8c-0729-af2333010563ea9c,729,E1_STATIC,LIRCMOP13,MATCHED_SHADE_STYLE_PARETO,1,COMPLETE,INCLUDED,8.375958801328769e-05,0.0,,0
r8c-0730-ff49b14a69b410cc,730,E1_STATIC,LIRCMOP13,JMETALPY_1_7_GDE3_STANDARD_PARETO_DE,1,COMPLETE,INCLUDED,0.0,0.0,,0
r8c-0731-cfc3ebcfab88c783,731,E1_STATIC,LIRCMOP13,JMETALPY_1_7_NSGAII_STATIC_CMOEA,1,COMPLETE,INCLUDED,2.1279051629342712e-05,0.0,,0
r8c-0732-573b1921a360b961,732,E1_STATIC,LIRCMOP13,F22_MG_STATIC,2,COMPLETE,INCLUDED,6.609739770919469e-05,0.0,,0
r8c-0733-7a8aa4daebcedb6b,733,E1_STATIC,LIRCMOP13,MATCHED_FIXED_DE_PARETO,2,COMPLETE,INCLUDED,1.8637226105486037e-05,0.0,,0
r8c-0734-2925950c092afb2b,734,E1_STATIC,LIRCMOP13,MATCHED_JDE_STYLE_PARETO,2,COMPLETE,INCLUDED,2.3239127210914876e-05,0.0,,0
r8c-0735-3e65590611547c54,735,E1_STATIC,LIRCMOP13,MATCHED_SHADE_STYLE_PARETO,2,COMPLETE,INCLUDED,0.05116882832131482,0.32621986803577097,,0
r8c-0736-2d7de345504df766,736,E1_STATIC,LIRCMOP13,JMETALPY_1_7_GDE3_STANDARD_PARETO_DE,2,COMPLETE,INCLUDED,8.722396837589631e-06,0.0,,0
r8c-0737-30807ea447801134,737,E1_STATIC,LIRCMOP13,JMETALPY_1_7_NSGAII_STATIC_CMOEA,2,COMPLETE,INCLUDED,8.839364596763717e-05,0.00014085811022552624,,0
r8c-0738-e50e2dfe3fe83958,738,E1_STATIC,LIRCMOP13,F22_MG_STATIC,3,COMPLETE,INCLUDED,4.0242059422153354e-05,0.00018855138284275722,,0
r8c-0739-bb79edcf178da15c,739,E1_STATIC,LIRCMOP13,MATCHED_FIXED_DE_PARETO,3,COMPLETE,INCLUDED,2.601092506022243e-06,0.0,,0
r8c-0740-5c6af7bf84262f1b,740,E1_STATIC,LIRCMOP13,MATCHED_JDE_STYLE_PARETO,3,COMPLETE,INCLUDED,3.0084113005166184e-05,0.0,,0
r8c-0741-89f0dd046dcf1f12,741,E1_STATIC,LIRCMOP13,MATCHED_SHADE_STYLE_PARETO,3,COMPLETE,INCLUDED,0.00011155688974836593,0.0003355456895225227,,0
r8c-0742-2a0990efcc5b0f19,742,E1_STATIC,LIRCMOP13,JMETALPY_1_7_GDE3_STANDARD_PARETO_DE,3,COMPLETE,INCLUDED,5.966069635941679e-05,0.0,,0
r8c-0743-0f49a482d176490d,743,E1_STATIC,LIRCMOP13,JMETALPY_1_7_NSGAII_STATIC_CMOEA,3,COMPLETE,INCLUDED,9.308119093684297e-05,0.0,,0
r8c-0744-201d09987c76ee5e,744,E1_STATIC,LIRCMOP13,F22_MG_STATIC,4,COMPLETE,INCLUDED,4.4340367083407764e-05,0.0,,0
r8c-0745-38465c7ee451f9b0,745,E1_STATIC,LIRCMOP13,MATCHED_FIXED_DE_PARETO,4,COMPLETE,INCLUDED,0.0,0.0,,0
r8c-0746-608c4c0f83a9b189,746,E1_STATIC,LIRCMOP13,MATCHED_JDE_STYLE_PARETO,4,COMPLETE,INCLUDED,6.265752161203569e-06,0.0,,0
r8c-0747-ec2fd473901397ae,747,E1_STATIC,LIRCMOP13,MATCHED_SHADE_STYLE_PARETO,4,COMPLETE,INCLUDED,3.957671765281408e-05,4.836197092525554e-05,,0
r8c-0748-7a3b2be54614c540,748,E1_STATIC,LIRCMOP13,JMETALPY_1_7_GDE3_STANDARD_PARETO_DE,4,COMPLETE,INCLUDED,4.9892445354713315e-05,0.0,,0
r8c-0749-a0627eec057445c4,749,E1_STATIC,LIRCMOP13,JMETALPY_1_7_NSGAII_STATIC_CMOEA,4,COMPLETE,INCLUDED,4.5519040560711144e-05,0.0,,0
r8c-0750-57bc0bffd85b3bda,750,E1_STATIC,LIRCMOP13,F22_MG_STATIC,5,COMPLETE,INCLUDED,8.240903769828185e-05,0.00028103010630123673,,0
r8c-0751-3897abaa14459acf,751,E1_STATIC,LIRCMOP13,MATCHED_FIXED_DE_PARETO,5,COMPLETE,INCLUDED,3.153886883585803e-05,0.0,,0
r8c-0752-a712e2152b00faec,752,E1_STATIC,LIRCMOP13,MATCHED_JDE_STYLE_PARETO,5,COMPLETE,INCLUDED,5.9425962463656944e-05,0.0,,0
r8c-0753-8411053aab379289,753,E1_STATIC,LIRCMOP13,MATCHED_SHADE_STYLE_PARETO,5,COMPLETE,INCLUDED,8.335612212164455e-05,3.2055876095404296e-05,,0
r8c-0754-cb0b2156b6142aa5,754,E1_STATIC,LIRCMOP13,JMETALPY_1_7_GDE3_STANDARD_PARETO_DE,5,COMPLETE,INCLUDED,6.894406169764104e-06,0.0,,0
r8c-0755-d32be13e9e775cf6,755,E1_STATIC,LIRCMOP13,JMETALPY_1_7_NSGAII_STATIC_CMOEA,5,COMPLETE,INCLUDED,3.8941050458298766e-05,0.0,,0
r8c-0756-24812b6fa32031f7,756,E1_STATIC,LIRCMOP13,F22_MG_STATIC,6,COMPLETE,INCLUDED,0.00012125437371712959,0.0003829196254336332,,0
r8c-0757-55aabc20924e207f,757,E1_STATIC,LIRCMOP13,MATCHED_FIXED_DE_PARETO,6,COMPLETE,INCLUDED,0.0,0.0,,0
r8c-0758-7dd080c9ae3b7257,758,E1_STATIC,LIRCMOP13,MATCHED_JDE_STYLE_PARETO,6,COMPLETE,INCLUDED,1.0610045119428992e-05,0.0,,0
r8c-0759-5f68f81134b5c4ad,759,E1_STATIC,LIRCMOP13,MATCHED_SHADE_STYLE_PARETO,6,COMPLETE,INCLUDED,8.469080966729472e-05,2.098602190954457e-05,,0
r8c-0760-a1b1adfd8ff5e3b6,760,E1_STATIC,LIRCMOP13,JMETALPY_1_7_GDE3_STANDARD_PARETO_DE,6,COMPLETE,INCLUDED,4.414059540897593e-07,0.0,,0
r8c-0761-601f6709b69abf5b,761,E1_STATIC,LIRCMOP13,JMETALPY_1_7_NSGAII_STATIC_CMOEA,6,COMPLETE,INCLUDED,3.1123540473743234e-05,0.00048128314359573724,,0
r8c-0762-f091f99b199ea4a8,762,E1_STATIC,LIRCMOP13,F22_MG_STATIC,7,COMPLETE,INCLUDED,0.000139614752642691,0.00032850530033574346,,0
r8c-0763-b711383338d859be,763,E1_STATIC,LIRCMOP13,MATCHED_FIXED_DE_PARETO,7,COMPLETE,INCLUDED,0.0,0.0,,0
r8c-0764-333665f8ba672306,764,E1_STATIC,LIRCMOP13,MATCHED_JDE_STYLE_PARETO,7,COMPLETE,INCLUDED,3.258855715267079e-05,0.0,,0
r8c-0765-2dd4b83f939e8d7f,765,E1_STATIC,LIRCMOP13,MATCHED_SHADE_STYLE_PARETO,7,COMPLETE,INCLUDED,7.024316248008467e-05,0.0,,0
r8c-0766-85aa93b79037e8f3,766,E1_STATIC,LIRCMOP13,JMETALPY_1_7_GDE3_STANDARD_PARETO_DE,7,COMPLETE,INCLUDED,0.0,0.0,,0
r8c-0767-f4b38da839e9e6e9,767,E1_STATIC,LIRCMOP13,JMETALPY_1_7_NSGAII_STATIC_CMOEA,7,COMPLETE,INCLUDED,6.425061515172095e-05,0.0,,0
r8c-0768-809c16ca04974448,768,E1_STATIC,LIRCMOP13,F22_MG_STATIC,8,COMPLETE,INCLUDED,6.194795323242116e-05,0.0,,0
r8c-0769-116394642e316419,769,E1_STATIC,LIRCMOP13,MATCHED_FIXED_DE_PARETO,8,COMPLETE,INCLUDED,0.0,0.0,,0
r8c-0770-059b5e34fc36065f,770,E1_STATIC,LIRCMOP13,MATCHED_JDE_STYLE_PARETO,8,COMPLETE,INCLUDED,1.864988305112257e-06,0.0,,0
r8c-0771-092dcb1fd5e697cc,771,E1_STATIC,LIRCMOP13,MATCHED_SHADE_STYLE_PARETO,8,COMPLETE,INCLUDED,9.669779115301095e-07,0.0,,0
r8c-0772-5b6208914b3bb223,772,E1_STATIC,LIRCMOP13,JMETALPY_1_7_GDE3_STANDARD_PARETO_DE,8,COMPLETE,INCLUDED,3.616444494160584e-05,0.0,,0
r8c-0773-a573e4d62f79a9bf,773,E1_STATIC,LIRCMOP13,JMETALPY_1_7_NSGAII_STATIC_CMOEA,8,COMPLETE,INCLUDED,7.202655412271705e-05,0.000300068935978244,,0
r8c-0774-9f62832d393b6c2a,774,E1_STATIC,LIRCMOP13,F22_MG_STATIC,9,COMPLETE,INCLUDED,1.1752458744817258e-05,1.7095917472981927e-05,,0
r8c-0775-fd6258ee04da0aea,775,E1_STATIC,LIRCMOP13,MATCHED_FIXED_DE_PARETO,9,COMPLETE,INCLUDED,1.0096788475194642e-07,0.0,,0
r8c-0776-a78de8c7be3ab41a,776,E1_STATIC,LIRCMOP13,MATCHED_JDE_STYLE_PARETO,9,COMPLETE,INCLUDED,1.4784139928299084e-05,0.0,,0
r8c-0777-469ba0b71d0da304,777,E1_STATIC,LIRCMOP13,MATCHED_SHADE_STYLE_PARETO,9,COMPLETE,INCLUDED,0.0001135093186479013,2.69498701581094e-05,,0
r8c-0778-9c1b3286b171ae45,778,E1_STATIC,LIRCMOP13,JMETALPY_1_7_GDE3_STANDARD_PARETO_DE,9,COMPLETE,INCLUDED,2.0454764569536007e-05,0.0,,0
r8c-0779-3b8068d073875caa,779,E1_STATIC,LIRCMOP13,JMETALPY_1_7_NSGAII_STATIC_CMOEA,9,COMPLETE,INCLUDED,9.658724444682865e-06,9.876834873512427e-06,,0
r8c-0780-6c1e2dce0c87eb57,780,E1_STATIC,LIRCMOP14,F22_MG_STATIC,0,COMPLETE,INCLUDED,0.000253164547266833,4.163795902073361e-05,,0
r8c-0781-6ddaab3fbf90f5bf,781,E1_STATIC,LIRCMOP14,MATCHED_FIXED_DE_PARETO,0,COMPLETE,INCLUDED,0.00011589406868790013,0.0,,0
r8c-0782-aa03dd9837026941,782,E1_STATIC,LIRCMOP14,MATCHED_JDE_STYLE_PARETO,0,COMPLETE,INCLUDED,5.874026967051008e-05,0.0,,0
r8c-0783-5a0e067970d99dd9,783,E1_STATIC,LIRCMOP14,MATCHED_SHADE_STYLE_PARETO,0,COMPLETE,INCLUDED,0.0002342355942303141,0.0,,0
r8c-0784-9238056a7139d8a1,784,E1_STATIC,LIRCMOP14,JMETALPY_1_7_GDE3_STANDARD_PARETO_DE,0,COMPLETE,INCLUDED,2.4161621178703023e-05,0.0,,0
r8c-0785-a6908339f37a1169,785,E1_STATIC,LIRCMOP14,JMETALPY_1_7_NSGAII_STATIC_CMOEA,0,COMPLETE,INCLUDED,0.00016866266497743925,0.00021992102632555798,,0
r8c-0786-b022e5caa9777771,786,E1_STATIC,LIRCMOP14,F22_MG_STATIC,1,COMPLETE,INCLUDED,0.0006193978077196058,0.0,,0
r8c-0787-bff780723d62e816,787,E1_STATIC,LIRCMOP14,MATCHED_FIXED_DE_PARETO,1,COMPLETE,INCLUDED,2.560768821568378e-05,1.2503018586385783e-05,,0
r8c-0788-00f58024b375193a,788,E1_STATIC,LIRCMOP14,MATCHED_JDE_STYLE_PARETO,1,COMPLETE,INCLUDED,0.051933725058870714,0.05317817350555345,,0
r8c-0789-79e44fed9fc3548e,789,E1_STATIC,LIRCMOP14,MATCHED_SHADE_STYLE_PARETO,1,COMPLETE,INCLUDED,0.00039652427654643873,0.0,,0
r8c-0790-c6bd2d14f47efc63,790,E1_STATIC,LIRCMOP14,JMETALPY_1_7_GDE3_STANDARD_PARETO_DE,1,COMPLETE,INCLUDED,0.0,0.0,,0
r8c-0791-85134f03934cc596,791,E1_STATIC,LIRCMOP14,JMETALPY_1_7_NSGAII_STATIC_CMOEA,1,COMPLETE,INCLUDED,0.00010714181584460914,0.0,,0
r8c-0792-cdfc012a51457fae,792,E1_STATIC,LIRCMOP14,F22_MG_STATIC,2,COMPLETE,INCLUDED,0.000264632516638737,0.0,,0
r8c-0793-bd1fa26b18d27c61,793,E1_STATIC,LIRCMOP14,MATCHED_FIXED_DE_PARETO,2,COMPLETE,INCLUDED,0.0001508688395572073,0.000228067144295411,,0
r8c-0794-0452a70d4073106e,794,E1_STATIC,LIRCMOP14,MATCHED_JDE_STYLE_PARETO,2,COMPLETE,INCLUDED,0.00012055830005021977,0.0,,0
r8c-0795-6673fbb8c24aedd4,795,E1_STATIC,LIRCMOP14,MATCHED_SHADE_STYLE_PARETO,2,COMPLETE,INCLUDED,0.059741255354577326,0.3702603921348089,,0
r8c-0796-9057bf4126e75988,796,E1_STATIC,LIRCMOP14,JMETALPY_1_7_GDE3_STANDARD_PARETO_DE,2,COMPLETE,INCLUDED,5.5934413698712606e-05,0.0,,0
r8c-0797-68cab71b08a2ba0c,797,E1_STATIC,LIRCMOP14,JMETALPY_1_7_NSGAII_STATIC_CMOEA,2,COMPLETE,INCLUDED,0.0004151550527002411,0.0006207027104387104,,0
r8c-0798-9f77362c4270aa42,798,E1_STATIC,LIRCMOP14,F22_MG_STATIC,3,COMPLETE,INCLUDED,0.00015578113204629544,0.0006372806791569352,,0
r8c-0799-38acfb2f521e2c13,799,E1_STATIC,LIRCMOP14,MATCHED_FIXED_DE_PARETO,3,COMPLETE,INCLUDED,4.211397619217789e-05,0.0,,0
r8c-0800-a094661bc1d7d3d8,800,E1_STATIC,LIRCMOP14,MATCHED_JDE_STYLE_PARETO,3,COMPLETE,INCLUDED,9.061290856905696e-05,0.0,,0
r8c-0801-264b4c0ca6110703,801,E1_STATIC,LIRCMOP14,MATCHED_SHADE_STYLE_PARETO,3,COMPLETE,INCLUDED,0.00035319984822992283,0.0008530571354304887,,0
r8c-0802-0ed881181beebaaf,802,E1_STATIC,LIRCMOP14,JMETALPY_1_7_GDE3_STANDARD_PARETO_DE,3,COMPLETE,INCLUDED,0.00020470866198950272,5.1364387079296125e-05,,0
r8c-0803-c99948bc707b8c45,803,E1_STATIC,LIRCMOP14,JMETALPY_1_7_NSGAII_STATIC_CMOEA,3,COMPLETE,INCLUDED,0.00042074423420931375,0.0,,0
r8c-0804-206ae85a7b918124,804,E1_STATIC,LIRCMOP14,F22_MG_STATIC,4,COMPLETE,INCLUDED,0.0001660103477110839,0.0,,0
r8c-0805-696a75ae917bd40d,805,E1_STATIC,LIRCMOP14,MATCHED_FIXED_DE_PARETO,4,COMPLETE,INCLUDED,4.0523457086516225e-05,0.0,,0
r8c-0806-fc3b3c6aad125c65,806,E1_STATIC,LIRCMOP14,MATCHED_JDE_STYLE_PARETO,4,COMPLETE,INCLUDED,4.091800871554441e-05,0.0,,0
r8c-0807-6eb16b282f85476c,807,E1_STATIC,LIRCMOP14,MATCHED_SHADE_STYLE_PARETO,4,COMPLETE,INCLUDED,0.0002647289875063071,0.0004392586393882603,,0
r8c-0808-5d7475071f1662a5,808,E1_STATIC,LIRCMOP14,JMETALPY_1_7_GDE3_STANDARD_PARETO_DE,4,COMPLETE,INCLUDED,0.0001784721559426805,0.0,,0
r8c-0809-2ce50d61298bc38c,809,E1_STATIC,LIRCMOP14,JMETALPY_1_7_NSGAII_STATIC_CMOEA,4,COMPLETE,INCLUDED,0.0002731756822976472,0.0,,0
r8c-0810-757e377f55d8b8c2,810,E1_STATIC,LIRCMOP14,F22_MG_STATIC,5,COMPLETE,INCLUDED,0.00039527839855507045,0.0010763702171190212,,0
r8c-0811-58b8cbb20ef80463,811,E1_STATIC,LIRCMOP14,MATCHED_FIXED_DE_PARETO,5,COMPLETE,INCLUDED,9.745695854713084e-05,0.00011231543856394705,,0
r8c-0812-17915b9fe0e137a6,812,E1_STATIC,LIRCMOP14,MATCHED_JDE_STYLE_PARETO,5,COMPLETE,INCLUDED,0.0002561748617171696,0.0,,0
r8c-0813-9ae4cb53c79c4185,813,E1_STATIC,LIRCMOP14,MATCHED_SHADE_STYLE_PARETO,5,COMPLETE,INCLUDED,0.00025602568294853947,0.0003971883970119417,,0
r8c-0814-dc0a94854ae8fb18,814,E1_STATIC,LIRCMOP14,JMETALPY_1_7_GDE3_STANDARD_PARETO_DE,5,COMPLETE,INCLUDED,4.437002137135027e-05,0.0,,0
r8c-0815-0a93e73e6bd2a463,815,E1_STATIC,LIRCMOP14,JMETALPY_1_7_NSGAII_STATIC_CMOEA,5,COMPLETE,INCLUDED,0.000259825037738573,0.000337183824866508,,0
r8c-0816-ecb610fa1bc9b045,816,E1_STATIC,LIRCMOP14,F22_MG_STATIC,6,COMPLETE,INCLUDED,0.00037089929378764954,0.0010508174511354542,,0
r8c-0817-08df5dbad90874fd,817,E1_STATIC,LIRCMOP14,MATCHED_FIXED_DE_PARETO,6,COMPLETE,INCLUDED,1.2442077207627035e-05,0.0,,0
r8c-0818-aac4e201415c042f,818,E1_STATIC,LIRCMOP14,MATCHED_JDE_STYLE_PARETO,6,COMPLETE,INCLUDED,5.1859369476553945e-05,0.0,,0
r8c-0819-30b7cd22270077a5,819,E1_STATIC,LIRCMOP14,MATCHED_SHADE_STYLE_PARETO,6,COMPLETE,INCLUDED,0.00026421290498360086,0.0004803232264283235,,0
r8c-0820-7b042f5f67bea379,820,E1_STATIC,LIRCMOP14,JMETALPY_1_7_GDE3_STANDARD_PARETO_DE,6,COMPLETE,INCLUDED,4.132151130332157e-05,2.9408022048222487e-05,,0
r8c-0821-1ae8bb61ada2b38e,821,E1_STATIC,LIRCMOP14,JMETALPY_1_7_NSGAII_STATIC_CMOEA,6,COMPLETE,INCLUDED,0.000226267196358294,0.0013431619103367633,,0
r8c-0822-f61c68d332e5a556,822,E1_STATIC,LIRCMOP14,F22_MG_STATIC,7,COMPLETE,INCLUDED,0.00043376641079760685,0.0010336158400823562,,0
r8c-0823-80727733deca9c59,823,E1_STATIC,LIRCMOP14,MATCHED_FIXED_DE_PARETO,7,COMPLETE,INCLUDED,2.852091726932391e-05,0.0,,0
r8c-0824-eea212e38719d82b,824,E1_STATIC,LIRCMOP14,MATCHED_JDE_STYLE_PARETO,7,COMPLETE,INCLUDED,0.00014076397071993672,0.0,,0
r8c-0825-af7032827276a49e,825,E1_STATIC,LIRCMOP14,MATCHED_SHADE_STYLE_PARETO,7,COMPLETE,INCLUDED,0.0001997852650988069,0.0,,0
r8c-0826-6f07f686130fb25e,826,E1_STATIC,LIRCMOP14,JMETALPY_1_7_GDE3_STANDARD_PARETO_DE,7,COMPLETE,INCLUDED,2.0332946344475156e-05,0.0,,0
r8c-0827-60ee314b5e6cc172,827,E1_STATIC,LIRCMOP14,JMETALPY_1_7_NSGAII_STATIC_CMOEA,7,COMPLETE,INCLUDED,0.0002398918188566377,0.0001017024846942199,,0
r8c-0828-b5391c12e81a1454,828,E1_STATIC,LIRCMOP14,F22_MG_STATIC,8,COMPLETE,INCLUDED,0.00029037881520117717,0.0,,0
r8c-0829-a0271a607c2eb9de,829,E1_STATIC,LIRCMOP14,MATCHED_FIXED_DE_PARETO,8,COMPLETE,INCLUDED,7.114974568164661e-06,0.0,,0
r8c-0830-47cca17ee96db624,830,E1_STATIC,LIRCMOP14,MATCHED_JDE_STYLE_PARETO,8,COMPLETE,INCLUDED,2.896085220571292e-05,0.0,,0
r8c-0831-9385fd185c2c82b0,831,E1_STATIC,LIRCMOP14,MATCHED_SHADE_STYLE_PARETO,8,COMPLETE,INCLUDED,8.995802538415295e-05,0.0003799677990407426,,0
r8c-0832-6750aa2e5acf0418,832,E1_STATIC,LIRCMOP14,JMETALPY_1_7_GDE3_STANDARD_PARETO_DE,8,COMPLETE,INCLUDED,0.00012158317695441713,0.0,,0
r8c-0833-26861cba9415634c,833,E1_STATIC,LIRCMOP14,JMETALPY_1_7_NSGAII_STATIC_CMOEA,8,COMPLETE,INCLUDED,0.00021368728309904494,0.0008165671434970804,,0
r8c-0834-c9854038efca7c33,834,E1_STATIC,LIRCMOP14,F22_MG_STATIC,9,COMPLETE,INCLUDED,0.00034102240625888587,0.0005068731179994808,,0
r8c-0835-12ca396966b116ed,835,E1_STATIC,LIRCMOP14,MATCHED_FIXED_DE_PARETO,9,COMPLETE,INCLUDED,2.3721580813584655e-05,0.0,,0
r8c-0836-81fb1f8066f87d43,836,E1_STATIC,LIRCMOP14,MATCHED_JDE_STYLE_PARETO,9,COMPLETE,INCLUDED,0.00011264298571159459,0.0,,0
r8c-0837-5bd5764ba6651d7a,837,E1_STATIC,LIRCMOP14,MATCHED_SHADE_STYLE_PARETO,9,COMPLETE,INCLUDED,0.0004993945364439207,0.0008513945077595372,,0
r8c-0838-05269c66fb9fbae7,838,E1_STATIC,LIRCMOP14,JMETALPY_1_7_GDE3_STANDARD_PARETO_DE,9,COMPLETE,INCLUDED,0.0002183310899706268,0.0,,0
r8c-0839-1c5c24c52d77133e,839,E1_STATIC,LIRCMOP14,JMETALPY_1_7_NSGAII_STATIC_CMOEA,9,COMPLETE,INCLUDED,9.249019961269061e-05,0.0005330829047194318,,0
r8c-0840-f34262a9d8ac2ee4,840,E1_DYNAMIC,CDF1/CDF-HARSH,DT-RAMDE_TS2_FULL,0,COMPLETE,INCLUDED,0.6647235345538369,0.696260016754632,,0
r8c-0841-c75d5b9bfb13154a,841,E1_DYNAMIC,CDF1/CDF-HARSH,MATCHED_FIXED_DE_PARETO,0,COMPLETE,INCLUDED,0.45020400621479556,0.6528806597057226,,0
r8c-0842-8c8f871edd432601,842,E1_DYNAMIC,CDF1/CDF-HARSH,MATCHED_JDE_STYLE_PARETO,0,COMPLETE,INCLUDED,0.48901015210247023,0.6874490165605306,,0
r8c-0843-5d32e91a5c45726e,843,E1_DYNAMIC,CDF1/CDF-HARSH,MATCHED_SHADE_STYLE_PARETO,0,COMPLETE,INCLUDED,0.46656070087364776,0.6661597459037714,,0
r8c-0844-8a9f679e09c7a39c,844,E1_DYNAMIC,CDF1/CDF-HARSH,JMETALPY_1_7_GDE3_STANDARD_PARETO_DE,0,COMPLETE,INCLUDED,0.4524642312009795,0.6552940526540956,,0
r8c-0845-9f347f3ed78504f7,845,E1_DYNAMIC,CDF1/CDF-HARSH,JMETALPY_1_7_NSGAII_DYNAMIC_RESTART_BRIDGE,0,COMPLETE,INCLUDED,0.6508431640224224,0.6751058947426908,,0
r8c-0846-e1217d2c97d29b0e,846,E1_DYNAMIC,CDF1/CDF-HARSH,DT-RAMDE_TS2_FULL,1,COMPLETE,INCLUDED,0.6745482096061484,0.7072098837539512,,0
r8c-0847-ea31d6c43986d48a,847,E1_DYNAMIC,CDF1/CDF-HARSH,MATCHED_FIXED_DE_PARETO,1,COMPLETE,INCLUDED,0.4508066549676683,0.65402375293871,,0
r8c-0848-17df0e8ed7bda7c8,848,E1_DYNAMIC,CDF1/CDF-HARSH,MATCHED_JDE_STYLE_PARETO,1,COMPLETE,INCLUDED,0.48820144982704716,0.6863439460117456,,0
r8c-0849-385ac0c689278c3f,849,E1_DYNAMIC,CDF1/CDF-HARSH,MATCHED_SHADE_STYLE_PARETO,1,COMPLETE,INCLUDED,0.46353860285896903,0.6626571425517477,,0
r8c-0850-f551df2f4d9bd2f2,850,E1_DYNAMIC,CDF1/CDF-HARSH,JMETALPY_1_7_GDE3_STANDARD_PARETO_DE,1,COMPLETE,INCLUDED,0.44778975765770673,0.6529907323745021,,0
r8c-0851-4a288086eac7c6b7,851,E1_DYNAMIC,CDF1/CDF-HARSH,JMETALPY_1_7_NSGAII_DYNAMIC_RESTART_BRIDGE,1,COMPLETE,INCLUDED,0.6308260330122056,0.654809230460813,,0
r8c-0852-ebcb5677f447785c,852,E1_DYNAMIC,CDF1/CDF-HARSH,DT-RAMDE_TS2_FULL,2,COMPLETE,INCLUDED,0.6725924944064093,0.7054300162159846,,0
r8c-0853-c95462bcd9791b9f,853,E1_DYNAMIC,CDF1/CDF-HARSH,MATCHED_FIXED_DE_PARETO,2,COMPLETE,INCLUDED,0.4530697232923744,0.654275204516021,,0
r8c-0854-38b1b0b8ebc3b0e8,854,E1_DYNAMIC,CDF1/CDF-HARSH,MATCHED_JDE_STYLE_PARETO,2,COMPLETE,INCLUDED,0.48814577306021006,0.6868034430278462,,0
r8c-0855-a0616a1b23e34ae4,855,E1_DYNAMIC,CDF1/CDF-HARSH,MATCHED_SHADE_STYLE_PARETO,2,COMPLETE,INCLUDED,0.4633588673757599,0.6649855953308836,,0
r8c-0856-9215b304784247fa,856,E1_DYNAMIC,CDF1/CDF-HARSH,JMETALPY_1_7_GDE3_STANDARD_PARETO_DE,2,COMPLETE,INCLUDED,0.4542373530743779,0.6542140358993733,,0
r8c-0857-a0cfb43902cccd92,857,E1_DYNAMIC,CDF1/CDF-HARSH,JMETALPY_1_7_NSGAII_DYNAMIC_RESTART_BRIDGE,2,COMPLETE,INCLUDED,0.6563768433959949,0.680762057142522,,0
r8c-0858-53e1e25111304346,858,E1_DYNAMIC,CDF1/CDF-HARSH,DT-RAMDE_TS2_FULL,3,COMPLETE,INCLUDED,0.668036922914647,0.6983649647346731,,0
r8c-0859-4524b49329055238,859,E1_DYNAMIC,CDF1/CDF-HARSH,MATCHED_FIXED_DE_PARETO,3,COMPLETE,INCLUDED,0.4531390885186023,0.6528330120115192,,0
r8c-0860-a19b71a9b016e21b,860,E1_DYNAMIC,CDF1/CDF-HARSH,MATCHED_JDE_STYLE_PARETO,3,COMPLETE,INCLUDED,0.4846901379173151,0.6870025289604558,,0
r8c-0861-ec399f1afbf5d84d,861,E1_DYNAMIC,CDF1/CDF-HARSH,MATCHED_SHADE_STYLE_PARETO,3,COMPLETE,INCLUDED,0.4666570457982486,0.6656523222974768,,0
r8c-0862-331bc1136f07cbec,862,E1_DYNAMIC,CDF1/CDF-HARSH,JMETALPY_1_7_GDE3_STANDARD_PARETO_DE,3,COMPLETE,INCLUDED,0.44704218871337986,0.6513830764498011,,0
r8c-0863-ed0b3a5675d06eba,863,E1_DYNAMIC,CDF1/CDF-HARSH,JMETALPY_1_7_NSGAII_DYNAMIC_RESTART_BRIDGE,3,COMPLETE,INCLUDED,0.6559514241639737,0.6804267264728528,,0
r8c-0864-19e2fb3f9d8c7eed,864,E1_DYNAMIC,CDF1/CDF-HARSH,DT-RAMDE_TS2_FULL,4,COMPLETE,INCLUDED,0.6668878452223456,0.6972217279628786,,0
r8c-0865-b143ad55a8c221d1,865,E1_DYNAMIC,CDF1/CDF-HARSH,MATCHED_FIXED_DE_PARETO,4,COMPLETE,INCLUDED,0.4498033964171015,0.6527268621888548,,0
r8c-0866-2cd610afa2ed3be5,866,E1_DYNAMIC,CDF1/CDF-HARSH,MATCHED_JDE_STYLE_PARETO,4,COMPLETE,INCLUDED,0.48837723232046115,0.6882383124001126,,0
r8c-0867-2c15c93b94f19dc2,867,E1_DYNAMIC,CDF1/CDF-HARSH,MATCHED_SHADE_STYLE_PARETO,4,COMPLETE,INCLUDED,0.467530284186465,0.6671962196831889,,0
r8c-0868-0bf7ffc5a17a6317,868,E1_DYNAMIC,CDF1/CDF-HARSH,JMETALPY_1_7_GDE3_STANDARD_PARETO_DE,4,COMPLETE,INCLUDED,0.45298990726851013,0.6549750514747618,,0
r8c-0869-c1a734dca663b346,869,E1_DYNAMIC,CDF1/CDF-HARSH,JMETALPY_1_7_NSGAII_DYNAMIC_RESTART_BRIDGE,4,COMPLETE,INCLUDED,0.6477027442967065,0.6720137274763852,,0
r8c-0870-7b6d468eb884d4ed,870,E1_DYNAMIC,CDF1/CDF-MILD,DT-RAMDE_TS2_FULL,0,COMPLETE,INCLUDED,0.6786305376318905,0.7082166563131239,,0
r8c-0871-e0e3206aaa2fee94,871,E1_DYNAMIC,CDF1/CDF-MILD,MATCHED_FIXED_DE_PARETO,0,COMPLETE,INCLUDED,0.45027598571094163,0.65375706344452,,0
r8c-0872-2a2bb15865224095,872,E1_DYNAMIC,CDF1/CDF-MILD,MATCHED_JDE_STYLE_PARETO,0,COMPLETE,INCLUDED,0.49324517976186244,0.6876293096225329,,0
r8c-0873-06e8d43f564abe68,873,E1_DYNAMIC,CDF1/CDF-MILD,MATCHED_SHADE_STYLE_PARETO,0,COMPLETE,INCLUDED,0.4609271008584729,0.6632716229351241,,0
r8c-0874-c1229bb16641c5a6,874,E1_DYNAMIC,CDF1/CDF-MILD,JMETALPY_1_7_GDE3_STANDARD_PARETO_DE,0,COMPLETE,INCLUDED,0.4485150022230357,0.6538984981526348,,0
r8c-0875-b88dd31cbff3eaef,875,E1_DYNAMIC,CDF1/CDF-MILD,JMETALPY_1_7_NSGAII_DYNAMIC_RESTART_BRIDGE,0,COMPLETE,INCLUDED,0.6564404776663761,0.6783190790082595,,0
r8c-0876-69b99a7723908088,876,E1_DYNAMIC,CDF1/CDF-MILD,DT-RAMDE_TS2_FULL,1,COMPLETE,INCLUDED,0.6804199915452187,0.7100830880812886,,0
r8c-0877-2eec54f270af4bda,877,E1_DYNAMIC,CDF1/CDF-MILD,MATCHED_FIXED_DE_PARETO,1,COMPLETE,INCLUDED,0.4525516723527392,0.6539141466164887,,0
r8c-0878-0b5e0f78c3a24f93,878,E1_DYNAMIC,CDF1/CDF-MILD,MATCHED_JDE_STYLE_PARETO,1,COMPLETE,INCLUDED,0.4919050827148284,0.6873197218974754,,0
r8c-0879-dd7612574e39e2a5,879,E1_DYNAMIC,CDF1/CDF-MILD,MATCHED_SHADE_STYLE_PARETO,1,COMPLETE,INCLUDED,0.46489155574804536,0.6655378203104347,,0
r8c-0880-31925b1d0b7099cf,880,E1_DYNAMIC,CDF1/CDF-MILD,JMETALPY_1_7_GDE3_STANDARD_PARETO_DE,1,COMPLETE,INCLUDED,0.451318174581463,0.6539251671683142,,0
r8c-0881-37b8a7b9d12f0c91,881,E1_DYNAMIC,CDF1/CDF-MILD,JMETALPY_1_7_NSGAII_DYNAMIC_RESTART_BRIDGE,1,COMPLETE,INCLUDED,0.6613119554154036,0.6830448726919751,,0
r8c-0882-94858f5c08bae12d,882,E1_DYNAMIC,CDF1/CDF-MILD,DT-RAMDE_TS2_FULL,2,COMPLETE,INCLUDED,0.6781665706603643,0.7074589378292555,,0
r8c-0883-78f6ab13156b10c6,883,E1_DYNAMIC,CDF1/CDF-MILD,MATCHED_FIXED_DE_PARETO,2,COMPLETE,INCLUDED,0.4517378266342976,0.6532599876181496,,0
r8c-0884-e9c31aaef6e4ab20,884,E1_DYNAMIC,CDF1/CDF-MILD,MATCHED_JDE_STYLE_PARETO,2,COMPLETE,INCLUDED,0.48707516894108344,0.6874913540946223,,0
r8c-0885-866461445067d8bb,885,E1_DYNAMIC,CDF1/CDF-MILD,MATCHED_SHADE_STYLE_PARETO,2,COMPLETE,INCLUDED,0.4649108200112513,0.6645738426380117,,0
r8c-0886-fcc216094341d46b,886,E1_DYNAMIC,CDF1/CDF-MILD,JMETALPY_1_7_GDE3_STANDARD_PARETO_DE,2,COMPLETE,INCLUDED,0.4550151084166059,0.6567298839836834,,0
r8c-0887-09b135579bde72ee,887,E1_DYNAMIC,CDF1/CDF-MILD,JMETALPY_1_7_NSGAII_DYNAMIC_RESTART_BRIDGE,2,COMPLETE,INCLUDED,0.6777704154216067,0.7002749668207361,,0
r8c-0888-756a00070d0409e0,888,E1_DYNAMIC,CDF1/CDF-MILD,DT-RAMDE_TS2_FULL,3,COMPLETE,INCLUDED,0.6800971861466177,0.7078744528831825,,0
r8c-0889-29e82e567527d9c7,889,E1_DYNAMIC,CDF1/CDF-MILD,MATCHED_FIXED_DE_PARETO,3,COMPLETE,INCLUDED,0.4484168011278174,0.6524914862926978,,0
r8c-0890-e825867c0ad37ca5,890,E1_DYNAMIC,CDF1/CDF-MILD,MATCHED_JDE_STYLE_PARETO,3,COMPLETE,INCLUDED,0.48697969311983424,0.6873739959148207,,0
r8c-0891-93da56b965b1a5fe,891,E1_DYNAMIC,CDF1/CDF-MILD,MATCHED_SHADE_STYLE_PARETO,3,COMPLETE,INCLUDED,0.46424660975883364,0.6650578566223743,,0
r8c-0892-662f7900c51c04e2,892,E1_DYNAMIC,CDF1/CDF-MILD,JMETALPY_1_7_GDE3_STANDARD_PARETO_DE,3,COMPLETE,INCLUDED,0.4503626940432034,0.6537375916614114,,0
r8c-0893-a22ac4f58f945849,893,E1_DYNAMIC,CDF1/CDF-MILD,JMETALPY_1_7_NSGAII_DYNAMIC_RESTART_BRIDGE,3,COMPLETE,INCLUDED,0.6774510104171235,0.6996048153582214,,0
r8c-0894-1b54b8d000ac4e61,894,E1_DYNAMIC,CDF1/CDF-MILD,DT-RAMDE_TS2_FULL,4,COMPLETE,INCLUDED,0.6794248834083807,0.7089846635648615,,0
r8c-0895-a34ab1a082c9e2f4,895,E1_DYNAMIC,CDF1/CDF-MILD,MATCHED_FIXED_DE_PARETO,4,COMPLETE,INCLUDED,0.4514034516297259,0.6543559616430042,,0
r8c-0896-744928bbf996fd5d,896,E1_DYNAMIC,CDF1/CDF-MILD,MATCHED_JDE_STYLE_PARETO,4,COMPLETE,INCLUDED,0.4914031319956767,0.687576379151599,,0
r8c-0897-cd53296435c3899e,897,E1_DYNAMIC,CDF1/CDF-MILD,MATCHED_SHADE_STYLE_PARETO,4,COMPLETE,INCLUDED,0.46391574406906044,0.6655824065094934,,0
r8c-0898-3b93fc0266d01c7d,898,E1_DYNAMIC,CDF1/CDF-MILD,JMETALPY_1_7_GDE3_STANDARD_PARETO_DE,4,COMPLETE,INCLUDED,0.4483771239303749,0.6537961977671802,,0
r8c-0899-175b6dfe6c31002b,899,E1_DYNAMIC,CDF1/CDF-MILD,JMETALPY_1_7_NSGAII_DYNAMIC_RESTART_BRIDGE,4,COMPLETE,INCLUDED,0.6818644709529629,0.7044350760086461,,0
r8c-0900-844237da159dd0dd,900,E1_DYNAMIC,CDF2/CDF-HARSH,DT-RAMDE_TS2_FULL,0,COMPLETE,INCLUDED,0.3773421812035758,0.44799810027828146,,0
r8c-0901-0c98c3eeb5917c54,901,E1_DYNAMIC,CDF2/CDF-HARSH,MATCHED_FIXED_DE_PARETO,0,COMPLETE,INCLUDED,0.03390797469841962,0.1317475767982972,,0
r8c-0902-1c86ceba7d547ce8,902,E1_DYNAMIC,CDF2/CDF-HARSH,MATCHED_JDE_STYLE_PARETO,0,COMPLETE,INCLUDED,0.14696576992125587,0.3729728210858033,,0
r8c-0903-f77a8aef62dd93e8,903,E1_DYNAMIC,CDF2/CDF-HARSH,MATCHED_SHADE_STYLE_PARETO,0,COMPLETE,INCLUDED,0.11615805646833309,0.33088623749618434,,0
r8c-0904-0283dd021d76433d,904,E1_DYNAMIC,CDF2/CDF-HARSH,JMETALPY_1_7_GDE3_STANDARD_PARETO_DE,0,COMPLETE,INCLUDED,0.03402774859475676,0.12752625644145865,,0
r8c-0905-ef4798ecf638bb63,905,E1_DYNAMIC,CDF2/CDF-HARSH,JMETALPY_1_7_NSGAII_DYNAMIC_RESTART_BRIDGE,0,COMPLETE,INCLUDED,0.3298756627564441,0.3692590257771858,,0
r8c-0906-6f53905ea9b1870e,906,E1_DYNAMIC,CDF2/CDF-HARSH,DT-RAMDE_TS2_FULL,1,COMPLETE,INCLUDED,0.39025587203189754,0.4608091856331256,,0
r8c-0907-eb806ed095b75bca,907,E1_DYNAMIC,CDF2/CDF-HARSH,MATCHED_FIXED_DE_PARETO,1,COMPLETE,INCLUDED,0.043638938607772654,0.14245170153028158,,0
r8c-0908-3f6367c8944e4dd2,908,E1_DYNAMIC,CDF2/CDF-HARSH,MATCHED_JDE_STYLE_PARETO,1,COMPLETE,INCLUDED,0.13875085385356636,0.35733401384031244,,0
r8c-0909-6f086040a963a093,909,E1_DYNAMIC,CDF2/CDF-HARSH,MATCHED_SHADE_STYLE_PARETO,1,COMPLETE,INCLUDED,0.10627333245861467,0.3255475108968075,,0
r8c-0910-b892d6fc0a4b7c09,910,E1_DYNAMIC,CDF2/CDF-HARSH,JMETALPY_1_7_GDE3_STANDARD_PARETO_DE,1,COMPLETE,INCLUDED,0.033313835444793376,0.12362959102584711,,0
r8c-0911-1e1bb4bf83694b76,911,E1_DYNAMIC,CDF2/CDF-HARSH,JMETALPY_1_7_NSGAII_DYNAMIC_RESTART_BRIDGE,1,COMPLETE,INCLUDED,0.39351097977190624,0.441103838458214,,0
r8c-0912-a0c05c6d510300a9,912,E1_DYNAMIC,CDF2/CDF-HARSH,DT-RAMDE_TS2_FULL,2,COMPLETE,INCLUDED,0.3839317878367702,0.4592365840126319,,0
r8c-0913-236e0fbcada4b515,913,E1_DYNAMIC,CDF2/CDF-HARSH,MATCHED_FIXED_DE_PARETO,2,COMPLETE,INCLUDED,0.034828807646325545,0.13237121185339268,,0
r8c-0914-0602b098dc048ed4,914,E1_DYNAMIC,CDF2/CDF-HARSH,MATCHED_JDE_STYLE_PARETO,2,COMPLETE,INCLUDED,0.15296384424129406,0.37852825171180426,,0
r8c-0915-ca88ee773af0afd7,915,E1_DYNAMIC,CDF2/CDF-HARSH,MATCHED_SHADE_STYLE_PARETO,2,COMPLETE,INCLUDED,0.11705695050409051,0.3451645691414133,,0
r8c-0916-fd2bac337fdb1453,916,E1_DYNAMIC,CDF2/CDF-HARSH,JMETALPY_1_7_GDE3_STANDARD_PARETO_DE,2,COMPLETE,INCLUDED,0.037527151544717016,0.1332942952169584,,0
r8c-0917-bc02f4fc547e8579,917,E1_DYNAMIC,CDF2/CDF-HARSH,JMETALPY_1_7_NSGAII_DYNAMIC_RESTART_BRIDGE,2,COMPLETE,INCLUDED,0.3908929377196543,0.4328088489917513,,0
r8c-0918-06d3e07991487998,918,E1_DYNAMIC,CDF2/CDF-HARSH,DT-RAMDE_TS2_FULL,3,COMPLETE,INCLUDED,0.3821946565179873,0.4570727210973978,,0
r8c-0919-34cbb253bd0f1263,919,E1_DYNAMIC,CDF2/CDF-HARSH,MATCHED_FIXED_DE_PARETO,3,COMPLETE,INCLUDED,0.043510691489644794,0.1458821963393131,,0
r8c-0920-59c5ff0df6d071fd,920,E1_DYNAMIC,CDF2/CDF-HARSH,MATCHED_JDE_STYLE_PARETO,3,COMPLETE,INCLUDED,0.1523098931554461,0.37989798352948223,,0
r8c-0921-36efdf234b817705,921,E1_DYNAMIC,CDF2/CDF-HARSH,MATCHED_SHADE_STYLE_PARETO,3,COMPLETE,INCLUDED,0.1160713341836995,0.3375646667976994,,0
r8c-0922-d2b1dbb8198eaed9,922,E1_DYNAMIC,CDF2/CDF-HARSH,JMETALPY_1_7_GDE3_STANDARD_PARETO_DE,3,COMPLETE,INCLUDED,0.04343575999219115,0.14289965393690246,,0
r8c-0923-f71ede643f288479,923,E1_DYNAMIC,CDF2/CDF-HARSH,JMETALPY_1_7_NSGAII_DYNAMIC_RESTART_BRIDGE,3,COMPLETE,INCLUDED,0.4107882857753979,0.45609006384057776,,0
r8c-0924-ad15fb1b572092ed,924,E1_DYNAMIC,CDF2/CDF-HARSH,DT-RAMDE_TS2_FULL,4,COMPLETE,INCLUDED,0.3848251099712256,0.4511159042605191,,0
r8c-0925-08b14d280db6fad6,925,E1_DYNAMIC,CDF2/CDF-HARSH,MATCHED_FIXED_DE_PARETO,4,COMPLETE,INCLUDED,0.03936011396380676,0.1391987373010632,,0
r8c-0926-f8a6ff632879e4e3,926,E1_DYNAMIC,CDF2/CDF-HARSH,MATCHED_JDE_STYLE_PARETO,4,COMPLETE,INCLUDED,0.16127564380781303,0.3844098307122144,,0
r8c-0927-fe158241e660dcf9,927,E1_DYNAMIC,CDF2/CDF-HARSH,MATCHED_SHADE_STYLE_PARETO,4,COMPLETE,INCLUDED,0.10872013903400939,0.3269326648186887,,0
r8c-0928-6644173bb7420056,928,E1_DYNAMIC,CDF2/CDF-HARSH,JMETALPY_1_7_GDE3_STANDARD_PARETO_DE,4,COMPLETE,INCLUDED,0.036758102572389525,0.12994202894507437,,0
r8c-0929-a3780a14f5e6ee54,929,E1_DYNAMIC,CDF2/CDF-HARSH,JMETALPY_1_7_NSGAII_DYNAMIC_RESTART_BRIDGE,4,COMPLETE,INCLUDED,0.39891707389014713,0.44767955539027315,,0
r8c-0930-ded1d26197d770ba,930,E1_DYNAMIC,CDF2/CDF-MILD,DT-RAMDE_TS2_FULL,0,COMPLETE,INCLUDED,0.44125799177512603,0.48722297301485085,,0
r8c-0931-259a9da66c1babfd,931,E1_DYNAMIC,CDF2/CDF-MILD,MATCHED_FIXED_DE_PARETO,0,COMPLETE,INCLUDED,0.039008988401945825,0.1387999641160858,,0
r8c-0932-61574c1d0229dafe,932,E1_DYNAMIC,CDF2/CDF-MILD,MATCHED_JDE_STYLE_PARETO,0,COMPLETE,INCLUDED,0.15167439614047998,0.3761986160230197,,0
r8c-0933-d8c190d65bd862e8,933,E1_DYNAMIC,CDF2/CDF-MILD,MATCHED_SHADE_STYLE_PARETO,0,COMPLETE,INCLUDED,0.12836655992760565,0.34884831642284014,,0
r8c-0934-cfcf3484512a74c9,934,E1_DYNAMIC,CDF2/CDF-MILD,JMETALPY_1_7_GDE3_STANDARD_PARETO_DE,0,COMPLETE,INCLUDED,0.03527602574364142,0.11752715954828599,,0
r8c-0935-dc73ab2fe9ac36a5,935,E1_DYNAMIC,CDF2/CDF-MILD,JMETALPY_1_7_NSGAII_DYNAMIC_RESTART_BRIDGE,0,COMPLETE,INCLUDED,0.41748458461175636,0.45097543865564255,,0
r8c-0936-daa753aea81a4219,936,E1_DYNAMIC,CDF2/CDF-MILD,DT-RAMDE_TS2_FULL,1,COMPLETE,INCLUDED,0.4293783432250702,0.4656282016325022,,0
r8c-0937-67aae5fdb2ac8099,937,E1_DYNAMIC,CDF2/CDF-MILD,MATCHED_FIXED_DE_PARETO,1,COMPLETE,INCLUDED,0.039218523715081964,0.13894344595173944,,0
r8c-0938-c5044b2774fb6cda,938,E1_DYNAMIC,CDF2/CDF-MILD,MATCHED_JDE_STYLE_PARETO,1,COMPLETE,INCLUDED,0.1429453807838042,0.366247969505268,,0
r8c-0939-897f157ad9537e34,939,E1_DYNAMIC,CDF2/CDF-MILD,MATCHED_SHADE_STYLE_PARETO,1,COMPLETE,INCLUDED,0.11270310426404323,0.32172389379943217,,0
r8c-0940-a56759d52c54a853,940,E1_DYNAMIC,CDF2/CDF-MILD,JMETALPY_1_7_GDE3_STANDARD_PARETO_DE,1,COMPLETE,INCLUDED,0.035233013283173964,0.1293088438011933,,0
r8c-0941-c4e08a8a4e379998,941,E1_DYNAMIC,CDF2/CDF-MILD,JMETALPY_1_7_NSGAII_DYNAMIC_RESTART_BRIDGE,1,COMPLETE,INCLUDED,0.43208002705263876,0.4566537224760055,,0
r8c-0942-8d3428c196c1d4b0,942,E1_DYNAMIC,CDF2/CDF-MILD,DT-RAMDE_TS2_FULL,2,COMPLETE,INCLUDED,0.4386421307346896,0.4878276918775917,,0
r8c-0943-63f65c033684ef1a,943,E1_DYNAMIC,CDF2/CDF-MILD,MATCHED_FIXED_DE_PARETO,2,COMPLETE,INCLUDED,0.033019916219156425,0.1352276480345457,,0
r8c-0944-e19556f1186d6c42,944,E1_DYNAMIC,CDF2/CDF-MILD,MATCHED_JDE_STYLE_PARETO,2,COMPLETE,INCLUDED,0.14802091764920738,0.37432494434281405,,0
r8c-0945-f9fa51edcd1ca9bc,945,E1_DYNAMIC,CDF2/CDF-MILD,MATCHED_SHADE_STYLE_PARETO,2,COMPLETE,INCLUDED,0.10464039389360501,0.3186233338950897,,0
r8c-0946-95da873c8f095c6c,946,E1_DYNAMIC,CDF2/CDF-MILD,JMETALPY_1_7_GDE3_STANDARD_PARETO_DE,2,COMPLETE,INCLUDED,0.03767662966899812,0.14172394659081017,,0
r8c-0947-75116db19e24f048,947,E1_DYNAMIC,CDF2/CDF-MILD,JMETALPY_1_7_NSGAII_DYNAMIC_RESTART_BRIDGE,2,COMPLETE,INCLUDED,0.4417550327389197,0.4712220155962309,,0
r8c-0948-1c4f3c8b3a309b53,948,E1_DYNAMIC,CDF2/CDF-MILD,DT-RAMDE_TS2_FULL,3,COMPLETE,INCLUDED,0.428441152084096,0.46990161536294234,,0
r8c-0949-a919d9e6e60f5529,949,E1_DYNAMIC,CDF2/CDF-MILD,MATCHED_FIXED_DE_PARETO,3,COMPLETE,INCLUDED,0.03724001083416137,0.1345540464654435,,0
r8c-0950-81b1198fb42d18ef,950,E1_DYNAMIC,CDF2/CDF-MILD,MATCHED_JDE_STYLE_PARETO,3,COMPLETE,INCLUDED,0.14407102910623715,0.3681526929904463,,0
r8c-0951-8e0f3ca06b5f3b2c,951,E1_DYNAMIC,CDF2/CDF-MILD,MATCHED_SHADE_STYLE_PARETO,3,COMPLETE,INCLUDED,0.11430934766966135,0.3278156048732267,,0
r8c-0952-68960a69143972ea,952,E1_DYNAMIC,CDF2/CDF-MILD,JMETALPY_1_7_GDE3_STANDARD_PARETO_DE,3,COMPLETE,INCLUDED,0.03981965597827535,0.12989837523137612,,0
r8c-0953-fc49afe906ada4e4,953,E1_DYNAMIC,CDF2/CDF-MILD,JMETALPY_1_7_NSGAII_DYNAMIC_RESTART_BRIDGE,3,COMPLETE,INCLUDED,0.43788228757683656,0.46789218217572404,,0
r8c-0954-f42e9e55aab95566,954,E1_DYNAMIC,CDF2/CDF-MILD,DT-RAMDE_TS2_FULL,4,COMPLETE,INCLUDED,0.43470166376472835,0.47972893443440773,,0
r8c-0955-a2d16dd80fcb1b18,955,E1_DYNAMIC,CDF2/CDF-MILD,MATCHED_FIXED_DE_PARETO,4,COMPLETE,INCLUDED,0.035742823570673245,0.1199238379731151,,0
r8c-0956-0da5683829ace534,956,E1_DYNAMIC,CDF2/CDF-MILD,MATCHED_JDE_STYLE_PARETO,4,COMPLETE,INCLUDED,0.14643743423873462,0.3681069307474813,,0
r8c-0957-ff852540047fc226,957,E1_DYNAMIC,CDF2/CDF-MILD,MATCHED_SHADE_STYLE_PARETO,4,COMPLETE,INCLUDED,0.10979303689225467,0.3310436555369678,,0
r8c-0958-b56cbc302de706a3,958,E1_DYNAMIC,CDF2/CDF-MILD,JMETALPY_1_7_GDE3_STANDARD_PARETO_DE,4,COMPLETE,INCLUDED,0.0375600657287659,0.1342650518236872,,0
r8c-0959-8282cbd9261bcc26,959,E1_DYNAMIC,CDF2/CDF-MILD,JMETALPY_1_7_NSGAII_DYNAMIC_RESTART_BRIDGE,4,COMPLETE,INCLUDED,0.3742192583501515,0.39756370112619893,,0
r8c-0960-a6ba39e9601e722e,960,E1_DYNAMIC,CDF3/CDF-HARSH,DT-RAMDE_TS2_FULL,0,COMPLETE,INCLUDED,0.5208050041905362,0.546131802175276,,0
r8c-0961-db121567b1cc9a45,961,E1_DYNAMIC,CDF3/CDF-HARSH,MATCHED_FIXED_DE_PARETO,0,COMPLETE,INCLUDED,0.35953018741539106,0.4905593708806582,,0
r8c-0962-ec5ac14b40e88c99,962,E1_DYNAMIC,CDF3/CDF-HARSH,MATCHED_JDE_STYLE_PARETO,0,COMPLETE,INCLUDED,0.36897503327599246,0.4965022066714227,,0
r8c-0963-cca8a27bd3925fe4,963,E1_DYNAMIC,CDF3/CDF-HARSH,MATCHED_SHADE_STYLE_PARETO,0,COMPLETE,INCLUDED,0.3616703217917325,0.48999943358982473,,0
r8c-0964-8ce6bf0057b76a38,964,E1_DYNAMIC,CDF3/CDF-HARSH,JMETALPY_1_7_GDE3_STANDARD_PARETO_DE,0,COMPLETE,INCLUDED,0.36023820422166,0.48989654586639103,,0
r8c-0965-0ab781aceb57f6b6,965,E1_DYNAMIC,CDF3/CDF-HARSH,JMETALPY_1_7_NSGAII_DYNAMIC_RESTART_BRIDGE,0,COMPLETE,INCLUDED,0.49554609339915,0.5166889064600845,,0
r8c-0966-e74e3743c600d1f7,966,E1_DYNAMIC,CDF3/CDF-HARSH,DT-RAMDE_TS2_FULL,1,COMPLETE,INCLUDED,0.5196139731793556,0.5457729754928465,,0
r8c-0967-e782f62b979d3179,967,E1_DYNAMIC,CDF3/CDF-HARSH,MATCHED_FIXED_DE_PARETO,1,COMPLETE,INCLUDED,0.35934832885585394,0.48939129510428087,,0
r8c-0968-67be91ef3bc3bd74,968,E1_DYNAMIC,CDF3/CDF-HARSH,MATCHED_JDE_STYLE_PARETO,1,COMPLETE,INCLUDED,0.36720136614268667,0.49834660622914423,,0
r8c-0969-2b24f31378685f58,969,E1_DYNAMIC,CDF3/CDF-HARSH,MATCHED_SHADE_STYLE_PARETO,1,COMPLETE,INCLUDED,0.35842663351409815,0.48818994486983375,,0
r8c-0970-2b78dc7eb7b3b090,970,E1_DYNAMIC,CDF3/CDF-HARSH,JMETALPY_1_7_GDE3_STANDARD_PARETO_DE,1,COMPLETE,INCLUDED,0.3606247962413171,0.4901698540060009,,0
r8c-0971-e878c9642af8a9f1,971,E1_DYNAMIC,CDF3/CDF-HARSH,JMETALPY_1_7_NSGAII_DYNAMIC_RESTART_BRIDGE,1,COMPLETE,INCLUDED,0.49089344555766157,0.5121671360172813,,0
r8c-0972-f6099159e5b41bec,972,E1_DYNAMIC,CDF3/CDF-HARSH,DT-RAMDE_TS2_FULL,2,COMPLETE,INCLUDED,0.5226593684775925,0.5473038154148181,,0
r8c-0973-680d6e9cf580ea21,973,E1_DYNAMIC,CDF3/CDF-HARSH,MATCHED_FIXED_DE_PARETO,2,COMPLETE,INCLUDED,0.35907488424399364,0.4904083120451152,,0
r8c-0974-d5bf33e161f7a409,974,E1_DYNAMIC,CDF3/CDF-HARSH,MATCHED_JDE_STYLE_PARETO,2,COMPLETE,INCLUDED,0.36805844593353754,0.49900704253096784,,0
r8c-0975-f6c5614cf0577d3b,975,E1_DYNAMIC,CDF3/CDF-HARSH,MATCHED_SHADE_STYLE_PARETO,2,COMPLETE,INCLUDED,0.3599818262667464,0.490191247381963,,0
r8c-0976-92ed41c88ba9e711,976,E1_DYNAMIC,CDF3/CDF-HARSH,JMETALPY_1_7_GDE3_STANDARD_PARETO_DE,2,COMPLETE,INCLUDED,0.35427985074544277,0.4878361382509351,,0
r8c-0977-5ffd22fb0987af8d,977,E1_DYNAMIC,CDF3/CDF-HARSH,JMETALPY_1_7_NSGAII_DYNAMIC_RESTART_BRIDGE,2,COMPLETE,INCLUDED,0.49422242699642166,0.5168057204783844,,0
r8c-0978-08e7b871d09b84c1,978,E1_DYNAMIC,CDF3/CDF-HARSH,DT-RAMDE_TS2_FULL,3,COMPLETE,INCLUDED,0.5234935849052004,0.5481719500888087,,0
r8c-0979-97a2c263d96cf45f,979,E1_DYNAMIC,CDF3/CDF-HARSH,MATCHED_FIXED_DE_PARETO,3,COMPLETE,INCLUDED,0.36277158290310285,0.4914640345295434,,0
r8c-0980-db916e2482e2a1f4,980,E1_DYNAMIC,CDF3/CDF-HARSH,MATCHED_JDE_STYLE_PARETO,3,COMPLETE,INCLUDED,0.36998130772218396,0.49784033311286624,,0
r8c-0981-de7a54d745ada533,981,E1_DYNAMIC,CDF3/CDF-HARSH,MATCHED_SHADE_STYLE_PARETO,3,COMPLETE,INCLUDED,0.35780362644424313,0.4878235499556632,,0
r8c-0982-88530ba3455134c2,982,E1_DYNAMIC,CDF3/CDF-HARSH,JMETALPY_1_7_GDE3_STANDARD_PARETO_DE,3,COMPLETE,INCLUDED,0.3600834381340075,0.49189519210016147,,0
r8c-0983-f60b2ddaca13c4d8,983,E1_DYNAMIC,CDF3/CDF-HARSH,JMETALPY_1_7_NSGAII_DYNAMIC_RESTART_BRIDGE,3,COMPLETE,INCLUDED,0.4723520319252214,0.4952578743747707,,0
r8c-0984-d2f06c7cbf72972a,984,E1_DYNAMIC,CDF3/CDF-HARSH,DT-RAMDE_TS2_FULL,4,COMPLETE,INCLUDED,0.521184126646244,0.5464322726578008,,0
r8c-0985-3d39750abf7092e0,985,E1_DYNAMIC,CDF3/CDF-HARSH,MATCHED_FIXED_DE_PARETO,4,COMPLETE,INCLUDED,0.35788680628770647,0.48952043880885726,,0
r8c-0986-f9aa44ed72b552b1,986,E1_DYNAMIC,CDF3/CDF-HARSH,MATCHED_JDE_STYLE_PARETO,4,COMPLETE,INCLUDED,0.36993548700068196,0.4966362130565373,,0
r8c-0987-62ed5f67edc25fe0,987,E1_DYNAMIC,CDF3/CDF-HARSH,MATCHED_SHADE_STYLE_PARETO,4,COMPLETE,INCLUDED,0.3591370622862127,0.4877443469525568,,0
r8c-0988-6560865ff4b47927,988,E1_DYNAMIC,CDF3/CDF-HARSH,JMETALPY_1_7_GDE3_STANDARD_PARETO_DE,4,COMPLETE,INCLUDED,0.3603930663761127,0.49145530224139866,,0
r8c-0989-bbe52d7eb2ad3c80,989,E1_DYNAMIC,CDF3/CDF-HARSH,JMETALPY_1_7_NSGAII_DYNAMIC_RESTART_BRIDGE,4,COMPLETE,INCLUDED,0.47572298533988977,0.49928776359531835,,0
r8c-0990-46df0cba2676d12b,990,E1_DYNAMIC,CDF3/CDF-MILD,DT-RAMDE_TS2_FULL,0,COMPLETE,INCLUDED,0.529032354971606,0.5505069459321486,,0
r8c-0991-84bdadf8dc87f786,991,E1_DYNAMIC,CDF3/CDF-MILD,MATCHED_FIXED_DE_PARETO,0,COMPLETE,INCLUDED,0.3570178613676092,0.48795425759491573,,0
r8c-0992-ae064e51d92fa523,992,E1_DYNAMIC,CDF3/CDF-MILD,MATCHED_JDE_STYLE_PARETO,0,COMPLETE,INCLUDED,0.3701722007971106,0.4994399004730903,,0
r8c-0993-7b533cca426f3803,993,E1_DYNAMIC,CDF3/CDF-MILD,MATCHED_SHADE_STYLE_PARETO,0,COMPLETE,INCLUDED,0.3603362149859716,0.4888688930425059,,0
r8c-0994-2ae5ca07170e74a2,994,E1_DYNAMIC,CDF3/CDF-MILD,JMETALPY_1_7_GDE3_STANDARD_PARETO_DE,0,COMPLETE,INCLUDED,0.3579218756367328,0.48941172609274214,,0
r8c-0995-10d9aa4934272a4b,995,E1_DYNAMIC,CDF3/CDF-MILD,JMETALPY_1_7_NSGAII_DYNAMIC_RESTART_BRIDGE,0,COMPLETE,INCLUDED,0.5015530874587175,0.5198571176683492,,0
r8c-0996-58367a593860a669,996,E1_DYNAMIC,CDF3/CDF-MILD,DT-RAMDE_TS2_FULL,1,COMPLETE,INCLUDED,0.5281529700438853,0.5503300403222877,,0
r8c-0997-97c9bda53a0c8253,997,E1_DYNAMIC,CDF3/CDF-MILD,MATCHED_FIXED_DE_PARETO,1,COMPLETE,INCLUDED,0.35794138965371136,0.4876832660320665,,0
r8c-0998-fa60032214263dfb,998,E1_DYNAMIC,CDF3/CDF-MILD,MATCHED_JDE_STYLE_PARETO,1,COMPLETE,INCLUDED,0.3714204710856684,0.49750085680748873,,0
r8c-0999-6af5da270b6ed03e,999,E1_DYNAMIC,CDF3/CDF-MILD,MATCHED_SHADE_STYLE_PARETO,1,COMPLETE,INCLUDED,0.35952372003264527,0.48810187116045156,,0
r8c-1000-f0190158b0ea0a12,1000,E1_DYNAMIC,CDF3/CDF-MILD,JMETALPY_1_7_GDE3_STANDARD_PARETO_DE,1,COMPLETE,INCLUDED,0.3606792321889847,0.4910625199186608,,0
r8c-1001-1e92cafb519b078b,1001,E1_DYNAMIC,CDF3/CDF-MILD,JMETALPY_1_7_NSGAII_DYNAMIC_RESTART_BRIDGE,1,COMPLETE,INCLUDED,0.5076293587465551,0.5258928546978908,,0
r8c-1002-9146c9213e1b273e,1002,E1_DYNAMIC,CDF3/CDF-MILD,DT-RAMDE_TS2_FULL,2,COMPLETE,INCLUDED,0.5268653806734003,0.5490751029156922,,0
r8c-1003-7e5f72acb4a50a8a,1003,E1_DYNAMIC,CDF3/CDF-MILD,MATCHED_FIXED_DE_PARETO,2,COMPLETE,INCLUDED,0.35519700267213383,0.4867653191672178,,0
r8c-1004-6f563f16a1a7cb8c,1004,E1_DYNAMIC,CDF3/CDF-MILD,MATCHED_JDE_STYLE_PARETO,2,COMPLETE,INCLUDED,0.36525443644183964,0.4966340515160253,,0
r8c-1005-55af9fedf8a5a883,1005,E1_DYNAMIC,CDF3/CDF-MILD,MATCHED_SHADE_STYLE_PARETO,2,COMPLETE,INCLUDED,0.357052823523793,0.48712799093487297,,0
r8c-1006-16caed9bf659d8c2,1006,E1_DYNAMIC,CDF3/CDF-MILD,JMETALPY_1_7_GDE3_STANDARD_PARETO_DE,2,COMPLETE,INCLUDED,0.35602379342714463,0.487681488399859,,0
r8c-1007-daa2971500644a40,1007,E1_DYNAMIC,CDF3/CDF-MILD,JMETALPY_1_7_NSGAII_DYNAMIC_RESTART_BRIDGE,2,COMPLETE,INCLUDED,0.49715494796725734,0.5155573850646191,,0
r8c-1008-7894041d990ebc24,1008,E1_DYNAMIC,CDF3/CDF-MILD,DT-RAMDE_TS2_FULL,3,COMPLETE,INCLUDED,0.528194729504081,0.5496987305325685,,0
r8c-1009-a224614c7b0f0081,1009,E1_DYNAMIC,CDF3/CDF-MILD,MATCHED_FIXED_DE_PARETO,3,COMPLETE,INCLUDED,0.36096144708678923,0.4900707229163997,,0
r8c-1010-9131ec0aa884f3e6,1010,E1_DYNAMIC,CDF3/CDF-MILD,MATCHED_JDE_STYLE_PARETO,3,COMPLETE,INCLUDED,0.3711010643455725,0.49819092897031475,,0
r8c-1011-1ff970adaf4a1bf4,1011,E1_DYNAMIC,CDF3/CDF-MILD,MATCHED_SHADE_STYLE_PARETO,3,COMPLETE,INCLUDED,0.3595353059294537,0.4902383738122961,,0
r8c-1012-e14562e07530faff,1012,E1_DYNAMIC,CDF3/CDF-MILD,JMETALPY_1_7_GDE3_STANDARD_PARETO_DE,3,COMPLETE,INCLUDED,0.3607485984934408,0.4911094069856013,,0
r8c-1013-302414453bdebd7f,1013,E1_DYNAMIC,CDF3/CDF-MILD,JMETALPY_1_7_NSGAII_DYNAMIC_RESTART_BRIDGE,3,COMPLETE,INCLUDED,0.48444456685630105,0.5034140519613274,,0
r8c-1014-e5aaf009e24c4bfd,1014,E1_DYNAMIC,CDF3/CDF-MILD,DT-RAMDE_TS2_FULL,4,COMPLETE,INCLUDED,0.5293552654729599,0.5507309262637485,,0
r8c-1015-1d707f175593340a,1015,E1_DYNAMIC,CDF3/CDF-MILD,MATCHED_FIXED_DE_PARETO,4,COMPLETE,INCLUDED,0.35806304028768693,0.4907378474371838,,0
r8c-1016-e76f935996c9e6a0,1016,E1_DYNAMIC,CDF3/CDF-MILD,MATCHED_JDE_STYLE_PARETO,4,COMPLETE,INCLUDED,0.36884411297917175,0.4967191570311981,,0
r8c-1017-b6980e762340450d,1017,E1_DYNAMIC,CDF3/CDF-MILD,MATCHED_SHADE_STYLE_PARETO,4,COMPLETE,INCLUDED,0.35832253733304015,0.48863216190716535,,0
r8c-1018-f2bdd13671d3c782,1018,E1_DYNAMIC,CDF3/CDF-MILD,JMETALPY_1_7_GDE3_STANDARD_PARETO_DE,4,COMPLETE,INCLUDED,0.35811023848360896,0.4904215463211031,,0
r8c-1019-1ca0f6307fe5c866,1019,E1_DYNAMIC,CDF3/CDF-MILD,JMETALPY_1_7_NSGAII_DYNAMIC_RESTART_BRIDGE,4,COMPLETE,INCLUDED,0.4982621997517745,0.517695875729227,,0
r8c-1020-19f31dff92df0084,1020,E1_DYNAMIC,CDF4/CDF-HARSH,DT-RAMDE_TS2_FULL,0,COMPLETE,INCLUDED,0.3207662608794327,0.34860868225152253,,0
r8c-1021-28d45bf80d8d84b7,1021,E1_DYNAMIC,CDF4/CDF-HARSH,MATCHED_FIXED_DE_PARETO,0,COMPLETE,INCLUDED,0.12477339206338543,0.22343903742095397,,0
r8c-1022-fb4062885d83af92,1022,E1_DYNAMIC,CDF4/CDF-HARSH,MATCHED_JDE_STYLE_PARETO,0,COMPLETE,INCLUDED,0.144324640944418,0.2639777352132998,,0
r8c-1023-61786d963616e289,1023,E1_DYNAMIC,CDF4/CDF-HARSH,MATCHED_SHADE_STYLE_PARETO,0,COMPLETE,INCLUDED,0.13173339282267676,0.2357878540532729,,0
r8c-1024-3902cbf99f32f6ae,1024,E1_DYNAMIC,CDF4/CDF-HARSH,JMETALPY_1_7_GDE3_STANDARD_PARETO_DE,0,COMPLETE,INCLUDED,0.11647331100132857,0.2125584499198576,,0
r8c-1025-e16e1ec7d3e29342,1025,E1_DYNAMIC,CDF4/CDF-HARSH,JMETALPY_1_7_NSGAII_DYNAMIC_RESTART_BRIDGE,0,COMPLETE,INCLUDED,0.3450695975165284,0.3687546733444591,,0
r8c-1026-4f05f097d45332bc,1026,E1_DYNAMIC,CDF4/CDF-HARSH,DT-RAMDE_TS2_FULL,1,COMPLETE,INCLUDED,0.33497102733575296,0.3622926175278562,,0
r8c-1027-9848c85a20e33e49,1027,E1_DYNAMIC,CDF4/CDF-HARSH,MATCHED_FIXED_DE_PARETO,1,COMPLETE,INCLUDED,0.1224737032813418,0.22440607698444567,,0
r8c-1028-33b4eaca0fe8fd34,1028,E1_DYNAMIC,CDF4/CDF-HARSH,MATCHED_JDE_STYLE_PARETO,1,COMPLETE,INCLUDED,0.14379718175023745,0.26446278116652927,,0
r8c-1029-aa65daff5a3bc007,1029,E1_DYNAMIC,CDF4/CDF-HARSH,MATCHED_SHADE_STYLE_PARETO,1,COMPLETE,INCLUDED,0.12485119549249425,0.23036481661872255,,0
r8c-1030-b24e6a36ee7eb472,1030,E1_DYNAMIC,CDF4/CDF-HARSH,JMETALPY_1_7_GDE3_STANDARD_PARETO_DE,1,COMPLETE,INCLUDED,0.11981223628236409,0.2185932170461684,,0
r8c-1031-06e00464da972fb6,1031,E1_DYNAMIC,CDF4/CDF-HARSH,JMETALPY_1_7_NSGAII_DYNAMIC_RESTART_BRIDGE,1,COMPLETE,INCLUDED,0.3547147141210175,0.3781227318483743,,0
r8c-1032-efed9a003bea879b,1032,E1_DYNAMIC,CDF4/CDF-HARSH,DT-RAMDE_TS2_FULL,2,COMPLETE,INCLUDED,0.33090374129823114,0.3586215037461396,,0
r8c-1033-d576f4d4702029b3,1033,E1_DYNAMIC,CDF4/CDF-HARSH,MATCHED_FIXED_DE_PARETO,2,COMPLETE,INCLUDED,0.11767629572556418,0.21472509831324174,,0
r8c-1034-f67b02704f66b6a1,1034,E1_DYNAMIC,CDF4/CDF-HARSH,MATCHED_JDE_STYLE_PARETO,2,COMPLETE,INCLUDED,0.138629509677439,0.2586987131560197,,0
r8c-1035-36eebfe34396ec08,1035,E1_DYNAMIC,CDF4/CDF-HARSH,MATCHED_SHADE_STYLE_PARETO,2,COMPLETE,INCLUDED,0.13186466154333804,0.23842612734939295,,0
r8c-1036-035228b30da1ae0b,1036,E1_DYNAMIC,CDF4/CDF-HARSH,JMETALPY_1_7_GDE3_STANDARD_PARETO_DE,2,COMPLETE,INCLUDED,0.1205543546165609,0.2217515168455283,,0
r8c-1037-e08b920d3a6318e9,1037,E1_DYNAMIC,CDF4/CDF-HARSH,JMETALPY_1_7_NSGAII_DYNAMIC_RESTART_BRIDGE,2,COMPLETE,INCLUDED,0.3623123903052968,0.38457657130716344,,0
r8c-1038-96b9bbc891484289,1038,E1_DYNAMIC,CDF4/CDF-HARSH,DT-RAMDE_TS2_FULL,3,COMPLETE,INCLUDED,0.3255139690613247,0.35456989038543163,,0
r8c-1039-be9da02947b501a8,1039,E1_DYNAMIC,CDF4/CDF-HARSH,MATCHED_FIXED_DE_PARETO,3,COMPLETE,INCLUDED,0.11993415707721868,0.21791531938960151,,0
r8c-1040-27b252027396d0fb,1040,E1_DYNAMIC,CDF4/CDF-HARSH,MATCHED_JDE_STYLE_PARETO,3,COMPLETE,INCLUDED,0.14451552826313352,0.26064979439198743,,0
r8c-1041-a7cdf37e348e4b7a,1041,E1_DYNAMIC,CDF4/CDF-HARSH,MATCHED_SHADE_STYLE_PARETO,3,COMPLETE,INCLUDED,0.12791629055127532,0.23558276370793477,,0
r8c-1042-c64da889627ba725,1042,E1_DYNAMIC,CDF4/CDF-HARSH,JMETALPY_1_7_GDE3_STANDARD_PARETO_DE,3,COMPLETE,INCLUDED,0.1206477528781964,0.2213027620192328,,0
r8c-1043-00b128537a3c7464,1043,E1_DYNAMIC,CDF4/CDF-HARSH,JMETALPY_1_7_NSGAII_DYNAMIC_RESTART_BRIDGE,3,COMPLETE,INCLUDED,0.3556044546544503,0.37825226411467583,,0
r8c-1044-c5bf8e397f354681,1044,E1_DYNAMIC,CDF4/CDF-HARSH,DT-RAMDE_TS2_FULL,4,COMPLETE,INCLUDED,0.3388373203472222,0.3656520818308833,,0
r8c-1045-d3fb37f76f6beef3,1045,E1_DYNAMIC,CDF4/CDF-HARSH,MATCHED_FIXED_DE_PARETO,4,COMPLETE,INCLUDED,0.11990348940712597,0.2177509135132709,,0
r8c-1046-59470dc005bf340b,1046,E1_DYNAMIC,CDF4/CDF-HARSH,MATCHED_JDE_STYLE_PARETO,4,COMPLETE,INCLUDED,0.14471969820084787,0.2652962242656486,,0
r8c-1047-a04003de3b85d48a,1047,E1_DYNAMIC,CDF4/CDF-HARSH,MATCHED_SHADE_STYLE_PARETO,4,COMPLETE,INCLUDED,0.1267041234836228,0.2330072527071996,,0
r8c-1048-a02afc6a2f7e2ffb,1048,E1_DYNAMIC,CDF4/CDF-HARSH,JMETALPY_1_7_GDE3_STANDARD_PARETO_DE,4,COMPLETE,INCLUDED,0.12188010743402507,0.22160370907176066,,0
r8c-1049-979c5504b0a15a70,1049,E1_DYNAMIC,CDF4/CDF-HARSH,JMETALPY_1_7_NSGAII_DYNAMIC_RESTART_BRIDGE,4,COMPLETE,INCLUDED,0.35696312660720253,0.3795231143157424,,0
r8c-1050-d424c375f8eea7ae,1050,E1_DYNAMIC,CDF4/CDF-MILD,DT-RAMDE_TS2_FULL,0,COMPLETE,INCLUDED,0.3599222184732279,0.38085129850234195,,0
r8c-1051-9153ec3d19e5a40c,1051,E1_DYNAMIC,CDF4/CDF-MILD,MATCHED_FIXED_DE_PARETO,0,COMPLETE,INCLUDED,0.12327366506258737,0.22464075891986954,,0
r8c-1052-442ff855f6231fbb,1052,E1_DYNAMIC,CDF4/CDF-MILD,MATCHED_JDE_STYLE_PARETO,0,COMPLETE,INCLUDED,0.14358683388137977,0.26065430676385826,,0
r8c-1053-3bdd2d934116b72b,1053,E1_DYNAMIC,CDF4/CDF-MILD,MATCHED_SHADE_STYLE_PARETO,0,COMPLETE,INCLUDED,0.12950596142334733,0.2378639081466748,,0
r8c-1054-1b8676248eb74252,1054,E1_DYNAMIC,CDF4/CDF-MILD,JMETALPY_1_7_GDE3_STANDARD_PARETO_DE,0,COMPLETE,INCLUDED,0.12226169208597036,0.22217179699097195,,0
r8c-1055-50f3d64865485818,1055,E1_DYNAMIC,CDF4/CDF-MILD,JMETALPY_1_7_NSGAII_DYNAMIC_RESTART_BRIDGE,0,COMPLETE,INCLUDED,0.3912285822663902,0.4074236978595941,,0
r8c-1056-d9a6d9e3ebdc248f,1056,E1_DYNAMIC,CDF4/CDF-MILD,DT-RAMDE_TS2_FULL,1,COMPLETE,INCLUDED,0.3406011638637754,0.36159041022980026,,0
r8c-1057-f1fb9ca1e5686218,1057,E1_DYNAMIC,CDF4/CDF-MILD,MATCHED_FIXED_DE_PARETO,1,COMPLETE,INCLUDED,0.12170826666912202,0.22163350544841148,,0
r8c-1058-c5556dd1688e324b,1058,E1_DYNAMIC,CDF4/CDF-MILD,MATCHED_JDE_STYLE_PARETO,1,COMPLETE,INCLUDED,0.14397701953033926,0.2654999708866819,,0
r8c-1059-58f2296e7a42a743,1059,E1_DYNAMIC,CDF4/CDF-MILD,MATCHED_SHADE_STYLE_PARETO,1,COMPLETE,INCLUDED,0.12752353012793624,0.23294399083324147,,0
r8c-1060-fe922a7267a3f462,1060,E1_DYNAMIC,CDF4/CDF-MILD,JMETALPY_1_7_GDE3_STANDARD_PARETO_DE,1,COMPLETE,INCLUDED,0.1200331693359346,0.21671113446174742,,0
r8c-1061-d830fbb25be76a9f,1061,E1_DYNAMIC,CDF4/CDF-MILD,JMETALPY_1_7_NSGAII_DYNAMIC_RESTART_BRIDGE,1,COMPLETE,INCLUDED,0.38389891575625545,0.40108642824090934,,0
r8c-1062-3806987748bbc2a2,1062,E1_DYNAMIC,CDF4/CDF-MILD,DT-RAMDE_TS2_FULL,2,COMPLETE,INCLUDED,0.35830972340485073,0.37884884058811213,,0
r8c-1063-9a986c75f9dd1745,1063,E1_DYNAMIC,CDF4/CDF-MILD,MATCHED_FIXED_DE_PARETO,2,COMPLETE,INCLUDED,0.11911367198367302,0.2166566016598975,,0
r8c-1064-2da32b6948bf3a53,1064,E1_DYNAMIC,CDF4/CDF-MILD,MATCHED_JDE_STYLE_PARETO,2,COMPLETE,INCLUDED,0.14423833359125515,0.26663064477957754,,0
r8c-1065-2734763529167d75,1065,E1_DYNAMIC,CDF4/CDF-MILD,MATCHED_SHADE_STYLE_PARETO,2,COMPLETE,INCLUDED,0.12908037756141594,0.23597186411747323,,0
r8c-1066-a78075b4393f7d15,1066,E1_DYNAMIC,CDF4/CDF-MILD,JMETALPY_1_7_GDE3_STANDARD_PARETO_DE,2,COMPLETE,INCLUDED,0.11433987430516754,0.2176936738039685,,0
r8c-1067-2882d21af48825ec,1067,E1_DYNAMIC,CDF4/CDF-MILD,JMETALPY_1_7_NSGAII_DYNAMIC_RESTART_BRIDGE,2,COMPLETE,INCLUDED,0.39259079761544946,0.4085995146072035,,0
r8c-1068-42a8a5ad7e392835,1068,E1_DYNAMIC,CDF4/CDF-MILD,DT-RAMDE_TS2_FULL,3,COMPLETE,INCLUDED,0.3594168588970053,0.3806544299149843,,0
r8c-1069-c54521bac4fda322,1069,E1_DYNAMIC,CDF4/CDF-MILD,MATCHED_FIXED_DE_PARETO,3,COMPLETE,INCLUDED,0.11886582400298716,0.21678742499492015,,0
r8c-1070-9268005aa60a55c9,1070,E1_DYNAMIC,CDF4/CDF-MILD,MATCHED_JDE_STYLE_PARETO,3,COMPLETE,INCLUDED,0.1444677879027456,0.2637994645402591,,0
r8c-1071-63bf54ab229aef7b,1071,E1_DYNAMIC,CDF4/CDF-MILD,MATCHED_SHADE_STYLE_PARETO,3,COMPLETE,INCLUDED,0.1244641201450546,0.2282582388366411,,0
r8c-1072-08165d105e2ff75a,1072,E1_DYNAMIC,CDF4/CDF-MILD,JMETALPY_1_7_GDE3_STANDARD_PARETO_DE,3,COMPLETE,INCLUDED,0.12150761373668059,0.21832721552393566,,0
r8c-1073-a460d219d65d8dff,1073,E1_DYNAMIC,CDF4/CDF-MILD,JMETALPY_1_7_NSGAII_DYNAMIC_RESTART_BRIDGE,3,COMPLETE,INCLUDED,0.39091664998467784,0.40663943877213854,,0
r8c-1074-47f265d923aabf7f,1074,E1_DYNAMIC,CDF4/CDF-MILD,DT-RAMDE_TS2_FULL,4,COMPLETE,INCLUDED,0.36023874097643416,0.38059081455873806,,0
r8c-1075-4ac5ac7ae52ccaa7,1075,E1_DYNAMIC,CDF4/CDF-MILD,MATCHED_FIXED_DE_PARETO,4,COMPLETE,INCLUDED,0.12164464697214573,0.2247960771479599,,0
r8c-1076-bf0273fadd00901d,1076,E1_DYNAMIC,CDF4/CDF-MILD,MATCHED_JDE_STYLE_PARETO,4,COMPLETE,INCLUDED,0.14762105807592904,0.2666621868584842,,0
r8c-1077-20b26f5e9fefa657,1077,E1_DYNAMIC,CDF4/CDF-MILD,MATCHED_SHADE_STYLE_PARETO,4,COMPLETE,INCLUDED,0.12754953185527648,0.23744874249426043,,0
r8c-1078-d222364da0519e13,1078,E1_DYNAMIC,CDF4/CDF-MILD,JMETALPY_1_7_GDE3_STANDARD_PARETO_DE,4,COMPLETE,INCLUDED,0.12131810538867055,0.21708621178336793,,0
r8c-1079-f949dfbf741a48cb,1079,E1_DYNAMIC,CDF4/CDF-MILD,JMETALPY_1_7_NSGAII_DYNAMIC_RESTART_BRIDGE,4,COMPLETE,INCLUDED,0.38867172743289125,0.4053276849775073,,0
r8c-1080-f0b975ed26b8b2e9,1080,E1_DYNAMIC,CDF5/CDF-HARSH,DT-RAMDE_TS2_FULL,0,COMPLETE,INCLUDED,0.02442350124069072,0.07852552495088237,,0
r8c-1081-9ec468639a5e740d,1081,E1_DYNAMIC,CDF5/CDF-HARSH,MATCHED_FIXED_DE_PARETO,0,COMPLETE,INCLUDED,0.0,0.0,,0
r8c-1082-56c2298b940ec1d8,1082,E1_DYNAMIC,CDF5/CDF-HARSH,MATCHED_JDE_STYLE_PARETO,0,COMPLETE,INCLUDED,0.00562043485962063,0.0491723752922119,,0
r8c-1083-90d58f6172137352,1083,E1_DYNAMIC,CDF5/CDF-HARSH,MATCHED_SHADE_STYLE_PARETO,0,COMPLETE,INCLUDED,0.00025822904587888485,0.003540609556972486,,0
r8c-1084-636ff3e63769001b,1084,E1_DYNAMIC,CDF5/CDF-HARSH,JMETALPY_1_7_GDE3_STANDARD_PARETO_DE,0,COMPLETE,INCLUDED,0.0,0.0,,0
r8c-1085-a18a6c34676302d9,1085,E1_DYNAMIC,CDF5/CDF-HARSH,JMETALPY_1_7_NSGAII_DYNAMIC_RESTART_BRIDGE,0,COMPLETE,INCLUDED,0.09475501706249151,0.21115405840636522,,0
r8c-1086-339f2b28696d27a2,1086,E1_DYNAMIC,CDF5/CDF-HARSH,DT-RAMDE_TS2_FULL,1,COMPLETE,INCLUDED,0.018312901899173055,0.05165471981561785,,0
r8c-1087-49df39fc6f223178,1087,E1_DYNAMIC,CDF5/CDF-HARSH,MATCHED_FIXED_DE_PARETO,1,COMPLETE,INCLUDED,0.0,0.0,,0
r8c-1088-92a4359b21f4a3e4,1088,E1_DYNAMIC,CDF5/CDF-HARSH,MATCHED_JDE_STYLE_PARETO,1,COMPLETE,INCLUDED,0.005278395515837046,0.048299803768704165,,0
r8c-1089-f46a38e83dadfe72,1089,E1_DYNAMIC,CDF5/CDF-HARSH,MATCHED_SHADE_STYLE_PARETO,1,COMPLETE,INCLUDED,0.000424393680051897,0.004828996593029336,,0
r8c-1090-c2eb7447969ad4d8,1090,E1_DYNAMIC,CDF5/CDF-HARSH,JMETALPY_1_7_GDE3_STANDARD_PARETO_DE,1,COMPLETE,INCLUDED,0.0,0.0,,0
r8c-1091-b744ae092f15ee48,1091,E1_DYNAMIC,CDF5/CDF-HARSH,JMETALPY_1_7_NSGAII_DYNAMIC_RESTART_BRIDGE,1,COMPLETE,INCLUDED,0.08570282985924077,0.1885170007964545,,0
r8c-1092-5223c86d1353f642,1092,E1_DYNAMIC,CDF5/CDF-HARSH,DT-RAMDE_TS2_FULL,2,COMPLETE,INCLUDED,0.010995940725833219,0.04819570307523197,,0
r8c-1093-f98780db6f238f5c,1093,E1_DYNAMIC,CDF5/CDF-HARSH,MATCHED_FIXED_DE_PARETO,2,COMPLETE,INCLUDED,0.0,0.0,,0
r8c-1094-6d23389e4955f43a,1094,E1_DYNAMIC,CDF5/CDF-HARSH,MATCHED_JDE_STYLE_PARETO,2,COMPLETE,INCLUDED,0.0047523323952677115,0.04239134637281088,,0
r8c-1095-ca6a45c457e68a63,1095,E1_DYNAMIC,CDF5/CDF-HARSH,MATCHED_SHADE_STYLE_PARETO,2,COMPLETE,INCLUDED,0.0002506797981461043,0.004778163743256549,,0
r8c-1096-ea092a39521e742e,1096,E1_DYNAMIC,CDF5/CDF-HARSH,JMETALPY_1_7_GDE3_STANDARD_PARETO_DE,2,COMPLETE,INCLUDED,0.0,0.0,,0
r8c-1097-35ed1d4bf78ef6be,1097,E1_DYNAMIC,CDF5/CDF-HARSH,JMETALPY_1_7_NSGAII_DYNAMIC_RESTART_BRIDGE,2,COMPLETE,INCLUDED,0.0964142496168178,0.1999845136914829,,0
r8c-1098-259a5881a8da493c,1098,E1_DYNAMIC,CDF5/CDF-HARSH,DT-RAMDE_TS2_FULL,3,COMPLETE,INCLUDED,0.019840323449073095,0.0645666122473274,,0
r8c-1099-07a8c7d38e81a632,1099,E1_DYNAMIC,CDF5/CDF-HARSH,MATCHED_FIXED_DE_PARETO,3,COMPLETE,INCLUDED,0.0,0.0,,0
r8c-1100-d06af4bb4461b4da,1100,E1_DYNAMIC,CDF5/CDF-HARSH,MATCHED_JDE_STYLE_PARETO,3,COMPLETE,INCLUDED,0.005811624524338749,0.04525841044725629,,0
r8c-1101-745ec5c96320c7a1,1101,E1_DYNAMIC,CDF5/CDF-HARSH,MATCHED_SHADE_STYLE_PARETO,3,COMPLETE,INCLUDED,0.0005779688091724668,0.006601339833341938,,0
r8c-1102-d4bcf2fb8705cf5f,1102,E1_DYNAMIC,CDF5/CDF-HARSH,JMETALPY_1_7_GDE3_STANDARD_PARETO_DE,3,COMPLETE,INCLUDED,0.0,0.0,,0
r8c-1103-421614bebe884951,1103,E1_DYNAMIC,CDF5/CDF-HARSH,JMETALPY_1_7_NSGAII_DYNAMIC_RESTART_BRIDGE,3,COMPLETE,INCLUDED,0.10595919302924502,0.22341138457624507,,0
r8c-1104-9da0c5f6f99c8828,1104,E1_DYNAMIC,CDF5/CDF-HARSH,DT-RAMDE_TS2_FULL,4,COMPLETE,INCLUDED,0.019972704078191017,0.06321070764323786,,0
r8c-1105-d58846811e62b793,1105,E1_DYNAMIC,CDF5/CDF-HARSH,MATCHED_FIXED_DE_PARETO,4,COMPLETE,INCLUDED,0.0,0.0,,0
r8c-1106-c67e4167056cb583,1106,E1_DYNAMIC,CDF5/CDF-HARSH,MATCHED_JDE_STYLE_PARETO,4,COMPLETE,INCLUDED,0.0062360249619660465,0.05012338193308701,,0
r8c-1107-57cfeeca770bea8e,1107,E1_DYNAMIC,CDF5/CDF-HARSH,MATCHED_SHADE_STYLE_PARETO,4,COMPLETE,INCLUDED,0.00046682698725218944,0.0065235259485363645,,0
r8c-1108-59f990f7937fa2c5,1108,E1_DYNAMIC,CDF5/CDF-HARSH,JMETALPY_1_7_GDE3_STANDARD_PARETO_DE,4,COMPLETE,INCLUDED,0.0,0.0,,0
r8c-1109-e5e8ce78ac9d20d5,1109,E1_DYNAMIC,CDF5/CDF-HARSH,JMETALPY_1_7_NSGAII_DYNAMIC_RESTART_BRIDGE,4,COMPLETE,INCLUDED,0.09195849628377815,0.1943575027306017,,0
r8c-1110-2337f95fbe9fb4d6,1110,E1_DYNAMIC,CDF5/CDF-MILD,DT-RAMDE_TS2_FULL,0,COMPLETE,INCLUDED,0.04263446173248244,0.09706472643793658,,0
r8c-1111-12094402424210c7,1111,E1_DYNAMIC,CDF5/CDF-MILD,MATCHED_FIXED_DE_PARETO,0,COMPLETE,INCLUDED,0.0,0.0,,0
r8c-1112-ea61d82906b86dae,1112,E1_DYNAMIC,CDF5/CDF-MILD,MATCHED_JDE_STYLE_PARETO,0,COMPLETE,INCLUDED,0.006522509912507466,0.047124964537758676,,0
r8c-1113-24f926c42016cc3d,1113,E1_DYNAMIC,CDF5/CDF-MILD,MATCHED_SHADE_STYLE_PARETO,0,COMPLETE,INCLUDED,0.0006513484949059189,0.006781387062931716,,0
r8c-1114-fcd352609bf902e6,1114,E1_DYNAMIC,CDF5/CDF-MILD,JMETALPY_1_7_GDE3_STANDARD_PARETO_DE,0,COMPLETE,INCLUDED,0.0,0.0,,0
r8c-1115-d9d20cca0ee5f42b,1115,E1_DYNAMIC,CDF5/CDF-MILD,JMETALPY_1_7_NSGAII_DYNAMIC_RESTART_BRIDGE,0,COMPLETE,INCLUDED,0.15016137559751824,0.24497132207352715,,0
r8c-1116-53d30d6218ef6736,1116,E1_DYNAMIC,CDF5/CDF-MILD,DT-RAMDE_TS2_FULL,1,COMPLETE,INCLUDED,0.045920980164258364,0.09520702593111867,,0
r8c-1117-f7d42944c9fc967c,1117,E1_DYNAMIC,CDF5/CDF-MILD,MATCHED_FIXED_DE_PARETO,1,COMPLETE,INCLUDED,0.0,0.0,,0
r8c-1118-92724f2d7effc28c,1118,E1_DYNAMIC,CDF5/CDF-MILD,MATCHED_JDE_STYLE_PARETO,1,COMPLETE,INCLUDED,0.005237869588222801,0.0476462277679879,,0
r8c-1119-194acf7655fc2550,1119,E1_DYNAMIC,CDF5/CDF-MILD,MATCHED_SHADE_STYLE_PARETO,1,COMPLETE,INCLUDED,0.00031181236296429264,0.004889347631480727,,0
r8c-1120-056ef36aa254b9ae,1120,E1_DYNAMIC,CDF5/CDF-MILD,JMETALPY_1_7_GDE3_STANDARD_PARETO_DE,1,COMPLETE,INCLUDED,0.0,0.0,,0
r8c-1121-d3474d616209a375,1121,E1_DYNAMIC,CDF5/CDF-MILD,JMETALPY_1_7_NSGAII_DYNAMIC_RESTART_BRIDGE,1,COMPLETE,INCLUDED,0.13907987017465462,0.22757086642161228,,0
r8c-1122-8ea3e4809155b74a,1122,E1_DYNAMIC,CDF5/CDF-MILD,DT-RAMDE_TS2_FULL,2,COMPLETE,INCLUDED,0.07496950339849667,0.16206510558845277,,0
r8c-1123-0284b4739e430efe,1123,E1_DYNAMIC,CDF5/CDF-MILD,MATCHED_FIXED_DE_PARETO,2,COMPLETE,INCLUDED,0.0,0.0,,0
r8c-1124-f27d2259a6ea37fb,1124,E1_DYNAMIC,CDF5/CDF-MILD,MATCHED_JDE_STYLE_PARETO,2,COMPLETE,INCLUDED,0.005779568240355027,0.054782270928001475,,0
r8c-1125-15f314befd71b382,1125,E1_DYNAMIC,CDF5/CDF-MILD,MATCHED_SHADE_STYLE_PARETO,2,COMPLETE,INCLUDED,0.0001290561462337445,0.00336775586236311,,0
r8c-1126-e1fa8a43de1702ef,1126,E1_DYNAMIC,CDF5/CDF-MILD,JMETALPY_1_7_GDE3_STANDARD_PARETO_DE,2,COMPLETE,INCLUDED,0.0,0.0,,0
r8c-1127-cc3d9e633a751c53,1127,E1_DYNAMIC,CDF5/CDF-MILD,JMETALPY_1_7_NSGAII_DYNAMIC_RESTART_BRIDGE,2,COMPLETE,INCLUDED,0.12320220058940491,0.21464938161956584,,0
r8c-1128-0cc5dc2073ece276,1128,E1_DYNAMIC,CDF5/CDF-MILD,DT-RAMDE_TS2_FULL,3,COMPLETE,INCLUDED,0.05522366177321435,0.11347353539808881,,0
r8c-1129-edbaf2d6a699da1d,1129,E1_DYNAMIC,CDF5/CDF-MILD,MATCHED_FIXED_DE_PARETO,3,COMPLETE,INCLUDED,0.0,0.0,,0
r8c-1130-d8cd7a98feb85f45,1130,E1_DYNAMIC,CDF5/CDF-MILD,MATCHED_JDE_STYLE_PARETO,3,COMPLETE,INCLUDED,0.008022193690342802,0.06601036677805602,,0
r8c-1131-e19aa49eafdec272,1131,E1_DYNAMIC,CDF5/CDF-MILD,MATCHED_SHADE_STYLE_PARETO,3,COMPLETE,INCLUDED,0.0001526953185189961,0.0021538319570688427,,0
r8c-1132-7e64d089e0294240,1132,E1_DYNAMIC,CDF5/CDF-MILD,JMETALPY_1_7_GDE3_STANDARD_PARETO_DE,3,COMPLETE,INCLUDED,0.0,0.0,,0
r8c-1133-5cabf8b4a7bbb7e2,1133,E1_DYNAMIC,CDF5/CDF-MILD,JMETALPY_1_7_NSGAII_DYNAMIC_RESTART_BRIDGE,3,COMPLETE,INCLUDED,0.16854450429455373,0.2689704234013652,,0
r8c-1134-7f1ebb85f0d92f84,1134,E1_DYNAMIC,CDF5/CDF-MILD,DT-RAMDE_TS2_FULL,4,COMPLETE,INCLUDED,0.0718251983364421,0.15092418446237738,,0
r8c-1135-76b82b5c79bf8c4b,1135,E1_DYNAMIC,CDF5/CDF-MILD,MATCHED_FIXED_DE_PARETO,4,COMPLETE,INCLUDED,0.0,0.0,,0
r8c-1136-6a8716ef9afca3ad,1136,E1_DYNAMIC,CDF5/CDF-MILD,MATCHED_JDE_STYLE_PARETO,4,COMPLETE,INCLUDED,0.006330976696552032,0.05275956445747892,,0
r8c-1137-b4166efc0df570bd,1137,E1_DYNAMIC,CDF5/CDF-MILD,MATCHED_SHADE_STYLE_PARETO,4,COMPLETE,INCLUDED,0.0001558728015248564,0.0036328751682579616,,0
r8c-1138-279146820b81f479,1138,E1_DYNAMIC,CDF5/CDF-MILD,JMETALPY_1_7_GDE3_STANDARD_PARETO_DE,4,COMPLETE,INCLUDED,0.0,0.0,,0
r8c-1139-a381134f4ddaca1c,1139,E1_DYNAMIC,CDF5/CDF-MILD,JMETALPY_1_7_NSGAII_DYNAMIC_RESTART_BRIDGE,4,COMPLETE,INCLUDED,0.16911726711483233,0.2673111894858424,,0
r8c-1140-24b2396318b26bc1,1140,E1_DYNAMIC,CDF6/CDF-HARSH,DT-RAMDE_TS2_FULL,0,COMPLETE,INCLUDED,0.5422535839351866,0.6081085286994875,,0
r8c-1141-d8a44bf2cbdcc2c6,1141,E1_DYNAMIC,CDF6/CDF-HARSH,MATCHED_FIXED_DE_PARETO,0,COMPLETE,INCLUDED,0.2268373393008658,0.4653689616281278,,0
r8c-1142-418a13cb3fcebbd0,1142,E1_DYNAMIC,CDF6/CDF-HARSH,MATCHED_JDE_STYLE_PARETO,0,COMPLETE,INCLUDED,0.31871160286365835,0.5647869691634598,,0
r8c-1143-b2385fa12753d53f,1143,E1_DYNAMIC,CDF6/CDF-HARSH,MATCHED_SHADE_STYLE_PARETO,0,COMPLETE,INCLUDED,0.29352804554474066,0.5521307542135779,,0
r8c-1144-adf9b4b978e281c3,1144,E1_DYNAMIC,CDF6/CDF-HARSH,JMETALPY_1_7_GDE3_STANDARD_PARETO_DE,0,COMPLETE,INCLUDED,0.22662183463303073,0.47379334506206366,,0
r8c-1145-4b70d6f7c887990f,1145,E1_DYNAMIC,CDF6/CDF-HARSH,JMETALPY_1_7_NSGAII_DYNAMIC_RESTART_BRIDGE,0,COMPLETE,INCLUDED,0.5478953100041324,0.6009186721000312,,0
r8c-1146-dc63c8fd4ea2126a,1146,E1_DYNAMIC,CDF6/CDF-HARSH,DT-RAMDE_TS2_FULL,1,COMPLETE,INCLUDED,0.542849756527804,0.6072914719895361,,0
r8c-1147-1769b5f7a3b7e5b1,1147,E1_DYNAMIC,CDF6/CDF-HARSH,MATCHED_FIXED_DE_PARETO,1,COMPLETE,INCLUDED,0.22711198471420574,0.4640093711864714,,0
r8c-1148-647b6ced7ae6e2a9,1148,E1_DYNAMIC,CDF6/CDF-HARSH,MATCHED_JDE_STYLE_PARETO,1,COMPLETE,INCLUDED,0.32398952742351894,0.5624738641965514,,0
r8c-1149-121822afa08a0781,1149,E1_DYNAMIC,CDF6/CDF-HARSH,MATCHED_SHADE_STYLE_PARETO,1,COMPLETE,INCLUDED,0.2927691586502109,0.5501717354988814,,0
r8c-1150-99952d0bed1c9062,1150,E1_DYNAMIC,CDF6/CDF-HARSH,JMETALPY_1_7_GDE3_STANDARD_PARETO_DE,1,COMPLETE,INCLUDED,0.22501727998879,0.46436130949522386,,0
r8c-1151-392329cb6019ca81,1151,E1_DYNAMIC,CDF6/CDF-HARSH,JMETALPY_1_7_NSGAII_DYNAMIC_RESTART_BRIDGE,1,COMPLETE,INCLUDED,0.5451467583775566,0.5973701948497004,,0
r8c-1152-fbfd3327b3aa6e5e,1152,E1_DYNAMIC,CDF6/CDF-HARSH,DT-RAMDE_TS2_FULL,2,COMPLETE,INCLUDED,0.5405204899773527,0.6050183792929694,,0
r8c-1153-5cb5fa01017762c0,1153,E1_DYNAMIC,CDF6/CDF-HARSH,MATCHED_FIXED_DE_PARETO,2,COMPLETE,INCLUDED,0.2241403114057016,0.4647527733762036,,0
r8c-1154-18aab8a8bf84a45b,1154,E1_DYNAMIC,CDF6/CDF-HARSH,MATCHED_JDE_STYLE_PARETO,2,COMPLETE,INCLUDED,0.32038598882182057,0.5615526033478784,,0
r8c-1155-a8a5ef9f66435ede,1155,E1_DYNAMIC,CDF6/CDF-HARSH,MATCHED_SHADE_STYLE_PARETO,2,COMPLETE,INCLUDED,0.2900813083537567,0.5545533299309048,,0
r8c-1156-6e638159cf953a73,1156,E1_DYNAMIC,CDF6/CDF-HARSH,JMETALPY_1_7_GDE3_STANDARD_PARETO_DE,2,COMPLETE,INCLUDED,0.2263406865824347,0.4656340274239897,,0
r8c-1157-d77eb063b3e4fa5d,1157,E1_DYNAMIC,CDF6/CDF-HARSH,JMETALPY_1_7_NSGAII_DYNAMIC_RESTART_BRIDGE,2,COMPLETE,INCLUDED,0.5482445720539457,0.6001444105560174,,0
r8c-1158-aa7af74271871aa3,1158,E1_DYNAMIC,CDF6/CDF-HARSH,DT-RAMDE_TS2_FULL,3,COMPLETE,INCLUDED,0.5370446460801225,0.600186442634196,,0
r8c-1159-8b48c36dc36598ca,1159,E1_DYNAMIC,CDF6/CDF-HARSH,MATCHED_FIXED_DE_PARETO,3,COMPLETE,INCLUDED,0.22537077104851086,0.4638803303788468,,0
r8c-1160-f174b33e52063f19,1160,E1_DYNAMIC,CDF6/CDF-HARSH,MATCHED_JDE_STYLE_PARETO,3,COMPLETE,INCLUDED,0.3170308926122648,0.5644569848761667,,0
r8c-1161-6825c6729d000045,1161,E1_DYNAMIC,CDF6/CDF-HARSH,MATCHED_SHADE_STYLE_PARETO,3,COMPLETE,INCLUDED,0.30158565221491357,0.5555702621755708,,0
r8c-1162-b7f2e68846d7411b,1162,E1_DYNAMIC,CDF6/CDF-HARSH,JMETALPY_1_7_GDE3_STANDARD_PARETO_DE,3,COMPLETE,INCLUDED,0.22812937034277037,0.4662553520382275,,0
r8c-1163-2b9c1a8b883c5e76,1163,E1_DYNAMIC,CDF6/CDF-HARSH,JMETALPY_1_7_NSGAII_DYNAMIC_RESTART_BRIDGE,3,COMPLETE,INCLUDED,0.5562016004004153,0.6106357417018594,,0
r8c-1164-2997bc5691f83480,1164,E1_DYNAMIC,CDF6/CDF-HARSH,DT-RAMDE_TS2_FULL,4,COMPLETE,INCLUDED,0.5481254141386518,0.615953722870956,,0
r8c-1165-4b06466bb69d83c2,1165,E1_DYNAMIC,CDF6/CDF-HARSH,MATCHED_FIXED_DE_PARETO,4,COMPLETE,INCLUDED,0.22087185331659434,0.4700803982699739,,0
r8c-1166-19783fc8aba953f7,1166,E1_DYNAMIC,CDF6/CDF-HARSH,MATCHED_JDE_STYLE_PARETO,4,COMPLETE,INCLUDED,0.3115936738181616,0.5610993979586473,,0
r8c-1167-0ef60093a864df40,1167,E1_DYNAMIC,CDF6/CDF-HARSH,MATCHED_SHADE_STYLE_PARETO,4,COMPLETE,INCLUDED,0.29861145412129375,0.5505752035782498,,0
r8c-1168-73ce861f1a6d74d8,1168,E1_DYNAMIC,CDF6/CDF-HARSH,JMETALPY_1_7_GDE3_STANDARD_PARETO_DE,4,COMPLETE,INCLUDED,0.2223212946415793,0.4700745218872867,,0
r8c-1169-df81e49bbe4ae95d,1169,E1_DYNAMIC,CDF6/CDF-HARSH,JMETALPY_1_7_NSGAII_DYNAMIC_RESTART_BRIDGE,4,COMPLETE,INCLUDED,0.54106189070494,0.5929031508160308,,0
r8c-1170-fbb382d100d45931,1170,E1_DYNAMIC,CDF6/CDF-MILD,DT-RAMDE_TS2_FULL,0,COMPLETE,INCLUDED,0.5709582566428417,0.6099618774395192,,0
r8c-1171-9df99286e59dc60f,1171,E1_DYNAMIC,CDF6/CDF-MILD,MATCHED_FIXED_DE_PARETO,0,COMPLETE,INCLUDED,0.2289466980272436,0.4678421223326765,,0
r8c-1172-4cd3e321ebf724be,1172,E1_DYNAMIC,CDF6/CDF-MILD,MATCHED_JDE_STYLE_PARETO,0,COMPLETE,INCLUDED,0.3205805078354527,0.567640613999701,,0
r8c-1173-451fef407d006e32,1173,E1_DYNAMIC,CDF6/CDF-MILD,MATCHED_SHADE_STYLE_PARETO,0,COMPLETE,INCLUDED,0.2918483721278869,0.5540655688696545,,0
r8c-1174-432f4d307abdc78d,1174,E1_DYNAMIC,CDF6/CDF-MILD,JMETALPY_1_7_GDE3_STANDARD_PARETO_DE,0,COMPLETE,INCLUDED,0.2295714330885704,0.4628915664990184,,0
r8c-1175-1a39bac9d97aa6ab,1175,E1_DYNAMIC,CDF6/CDF-MILD,JMETALPY_1_7_NSGAII_DYNAMIC_RESTART_BRIDGE,0,COMPLETE,INCLUDED,0.578968635865223,0.6140780615094794,,0
r8c-1176-4b61dd2401cddb4c,1176,E1_DYNAMIC,CDF6/CDF-MILD,DT-RAMDE_TS2_FULL,1,COMPLETE,INCLUDED,0.5950224509345183,0.6407841077079037,,0
r8c-1177-546203670bc517a7,1177,E1_DYNAMIC,CDF6/CDF-MILD,MATCHED_FIXED_DE_PARETO,1,COMPLETE,INCLUDED,0.22279223656745586,0.46314324304389404,,0
r8c-1178-7a1d23e7ca9e3451,1178,E1_DYNAMIC,CDF6/CDF-MILD,MATCHED_JDE_STYLE_PARETO,1,COMPLETE,INCLUDED,0.32495581075003765,0.5671130646903723,,0
r8c-1179-f77d49645dd4d099,1179,E1_DYNAMIC,CDF6/CDF-MILD,MATCHED_SHADE_STYLE_PARETO,1,COMPLETE,INCLUDED,0.2956163650150556,0.5586815754717569,,0
r8c-1180-b8c9a8198eb562bf,1180,E1_DYNAMIC,CDF6/CDF-MILD,JMETALPY_1_7_GDE3_STANDARD_PARETO_DE,1,COMPLETE,INCLUDED,0.22538126466631814,0.46721712832337203,,0
r8c-1181-d788c3a87b1b6883,1181,E1_DYNAMIC,CDF6/CDF-MILD,JMETALPY_1_7_NSGAII_DYNAMIC_RESTART_BRIDGE,1,COMPLETE,INCLUDED,0.5792735530898442,0.6139638792360746,,0
r8c-1182-0b74e3b92f542a67,1182,E1_DYNAMIC,CDF6/CDF-MILD,DT-RAMDE_TS2_FULL,2,COMPLETE,INCLUDED,0.577549814614622,0.6170680939792584,,0
r8c-1183-0ff80af98643744c,1183,E1_DYNAMIC,CDF6/CDF-MILD,MATCHED_FIXED_DE_PARETO,2,COMPLETE,INCLUDED,0.22445122343352922,0.4680176513002644,,0
r8c-1184-ed13f16701982800,1184,E1_DYNAMIC,CDF6/CDF-MILD,MATCHED_JDE_STYLE_PARETO,2,COMPLETE,INCLUDED,0.315009828719193,0.5617338437519099,,0
r8c-1185-59df7630690a28a6,1185,E1_DYNAMIC,CDF6/CDF-MILD,MATCHED_SHADE_STYLE_PARETO,2,COMPLETE,INCLUDED,0.29519587301075206,0.555015910145617,,0
r8c-1186-3847fbb06e2d544b,1186,E1_DYNAMIC,CDF6/CDF-MILD,JMETALPY_1_7_GDE3_STANDARD_PARETO_DE,2,COMPLETE,INCLUDED,0.2274011154269049,0.46691600503603137,,0
r8c-1187-579ade2f94f36d10,1187,E1_DYNAMIC,CDF6/CDF-MILD,JMETALPY_1_7_NSGAII_DYNAMIC_RESTART_BRIDGE,2,COMPLETE,INCLUDED,0.5816437808632013,0.6166836664289352,,0
r8c-1188-289885be9d0c3185,1188,E1_DYNAMIC,CDF6/CDF-MILD,DT-RAMDE_TS2_FULL,3,COMPLETE,INCLUDED,0.5771392221764121,0.6161829853530765,,0
r8c-1189-c005add5cab83c53,1189,E1_DYNAMIC,CDF6/CDF-MILD,MATCHED_FIXED_DE_PARETO,3,COMPLETE,INCLUDED,0.22523680022839807,0.46336889692301975,,0
r8c-1190-69ed1f7ba0ffe9ad,1190,E1_DYNAMIC,CDF6/CDF-MILD,MATCHED_JDE_STYLE_PARETO,3,COMPLETE,INCLUDED,0.3257021742503149,0.5673431498023634,,0
r8c-1191-b0152f9d77583b10,1191,E1_DYNAMIC,CDF6/CDF-MILD,MATCHED_SHADE_STYLE_PARETO,3,COMPLETE,INCLUDED,0.29317672835091546,0.5531862984439876,,0
r8c-1192-0ad3202c29b3fada,1192,E1_DYNAMIC,CDF6/CDF-MILD,JMETALPY_1_7_GDE3_STANDARD_PARETO_DE,3,COMPLETE,INCLUDED,0.2225638129004002,0.4646219175779686,,0
r8c-1193-f67904a8a1e8a900,1193,E1_DYNAMIC,CDF6/CDF-MILD,JMETALPY_1_7_NSGAII_DYNAMIC_RESTART_BRIDGE,3,COMPLETE,INCLUDED,0.5882622606111468,0.6247980264612318,,0
r8c-1194-aed6e579485b014f,1194,E1_DYNAMIC,CDF6/CDF-MILD,DT-RAMDE_TS2_FULL,4,COMPLETE,INCLUDED,0.5942248959152839,0.6369017312619046,,0
r8c-1195-b981ca123f6a8947,1195,E1_DYNAMIC,CDF6/CDF-MILD,MATCHED_FIXED_DE_PARETO,4,COMPLETE,INCLUDED,0.2248307170019483,0.4686329125457277,,0
r8c-1196-cf5bd1e904168c95,1196,E1_DYNAMIC,CDF6/CDF-MILD,MATCHED_JDE_STYLE_PARETO,4,COMPLETE,INCLUDED,0.3213405395635069,0.5596243604904834,,0
r8c-1197-b081f7dbe9dafc1f,1197,E1_DYNAMIC,CDF6/CDF-MILD,MATCHED_SHADE_STYLE_PARETO,4,COMPLETE,INCLUDED,0.2965486396708889,0.557775629109755,,0
r8c-1198-46eb82eac20c383e,1198,E1_DYNAMIC,CDF6/CDF-MILD,JMETALPY_1_7_GDE3_STANDARD_PARETO_DE,4,COMPLETE,INCLUDED,0.22215550531842532,0.4689936539376451,,0
r8c-1199-f8c6fb231f99a12b,1199,E1_DYNAMIC,CDF6/CDF-MILD,JMETALPY_1_7_NSGAII_DYNAMIC_RESTART_BRIDGE,4,COMPLETE,INCLUDED,0.5726032290442692,0.6053800979532177,,0
r8c-1200-035016f2325f7956,1200,E1_DYNAMIC,CDF7/CDF-HARSH,DT-RAMDE_TS2_FULL,0,COMPLETE,INCLUDED,0.2926020759481819,0.3711745966927079,,0
r8c-1201-1fc785fa80dcea50,1201,E1_DYNAMIC,CDF7/CDF-HARSH,MATCHED_FIXED_DE_PARETO,0,COMPLETE,INCLUDED,0.18607663353287893,0.3221648632709004,,0
r8c-1202-21447bdd18135671,1202,E1_DYNAMIC,CDF7/CDF-HARSH,MATCHED_JDE_STYLE_PARETO,0,COMPLETE,INCLUDED,0.20441551575405098,0.35418248737865027,,0
r8c-1203-25c0a8fa176bb51e,1203,E1_DYNAMIC,CDF7/CDF-HARSH,MATCHED_SHADE_STYLE_PARETO,0,COMPLETE,INCLUDED,0.1980865904060014,0.33158168915084557,,0
r8c-1204-4bcaee616d2668c9,1204,E1_DYNAMIC,CDF7/CDF-HARSH,JMETALPY_1_7_GDE3_STANDARD_PARETO_DE,0,COMPLETE,INCLUDED,0.187680038049173,0.3225633110322736,,0
r8c-1205-38a7405bbb5783f1,1205,E1_DYNAMIC,CDF7/CDF-HARSH,JMETALPY_1_7_NSGAII_DYNAMIC_RESTART_BRIDGE,0,COMPLETE,INCLUDED,0.3289048225260735,0.397876327085628,,0
r8c-1206-7839e64b3bb431c0,1206,E1_DYNAMIC,CDF7/CDF-HARSH,DT-RAMDE_TS2_FULL,1,COMPLETE,INCLUDED,0.29851944643758815,0.37704988903305015,,0
r8c-1207-427e8e8f8e74aba5,1207,E1_DYNAMIC,CDF7/CDF-HARSH,MATCHED_FIXED_DE_PARETO,1,COMPLETE,INCLUDED,0.1879183615902849,0.32385374709374243,,0
r8c-1208-40089d764bf1c894,1208,E1_DYNAMIC,CDF7/CDF-HARSH,MATCHED_JDE_STYLE_PARETO,1,COMPLETE,INCLUDED,0.20551418495119977,0.3500255806193281,,0
r8c-1209-37420648ceb91980,1209,E1_DYNAMIC,CDF7/CDF-HARSH,MATCHED_SHADE_STYLE_PARETO,1,COMPLETE,INCLUDED,0.19765195884168354,0.32766826535144833,,0
r8c-1210-7e37b42f17f5d78c,1210,E1_DYNAMIC,CDF7/CDF-HARSH,JMETALPY_1_7_GDE3_STANDARD_PARETO_DE,1,COMPLETE,INCLUDED,0.1844156895953145,0.3209882825162596,,0
r8c-1211-425df913e679acf8,1211,E1_DYNAMIC,CDF7/CDF-HARSH,JMETALPY_1_7_NSGAII_DYNAMIC_RESTART_BRIDGE,1,COMPLETE,INCLUDED,0.3112767648382832,0.3882810618285512,,0
r8c-1212-e92f6d7205b04e9e,1212,E1_DYNAMIC,CDF7/CDF-HARSH,DT-RAMDE_TS2_FULL,2,COMPLETE,INCLUDED,0.2923870271809626,0.37157868090376084,,0
r8c-1213-cd7d30d75510ae29,1213,E1_DYNAMIC,CDF7/CDF-HARSH,MATCHED_FIXED_DE_PARETO,2,COMPLETE,INCLUDED,0.18386759772785954,0.3210931334097337,,0
r8c-1214-5ac651e5d2329e73,1214,E1_DYNAMIC,CDF7/CDF-HARSH,MATCHED_JDE_STYLE_PARETO,2,COMPLETE,INCLUDED,0.20372023587376004,0.35205178996613906,,0
r8c-1215-f20b602a93dbc28a,1215,E1_DYNAMIC,CDF7/CDF-HARSH,MATCHED_SHADE_STYLE_PARETO,2,COMPLETE,INCLUDED,0.199231875036633,0.33393359677516765,,0
r8c-1216-22455b4cce0f3fbc,1216,E1_DYNAMIC,CDF7/CDF-HARSH,JMETALPY_1_7_GDE3_STANDARD_PARETO_DE,2,COMPLETE,INCLUDED,0.1795803800301181,0.3158328552360139,,0
r8c-1217-cd3969c3dda8f57a,1217,E1_DYNAMIC,CDF7/CDF-HARSH,JMETALPY_1_7_NSGAII_DYNAMIC_RESTART_BRIDGE,2,COMPLETE,INCLUDED,0.31749031096443725,0.3895261272283135,,0
r8c-1218-b6f440cc9a15182f,1218,E1_DYNAMIC,CDF7/CDF-HARSH,DT-RAMDE_TS2_FULL,3,COMPLETE,INCLUDED,0.2927686195140881,0.3737699589656909,,0
r8c-1219-d1bed8fa4fd6545a,1219,E1_DYNAMIC,CDF7/CDF-HARSH,MATCHED_FIXED_DE_PARETO,3,COMPLETE,INCLUDED,0.1892599783891562,0.3226614952810632,,0
r8c-1220-c8e146e72490e85b,1220,E1_DYNAMIC,CDF7/CDF-HARSH,MATCHED_JDE_STYLE_PARETO,3,COMPLETE,INCLUDED,0.20863589749343653,0.3555878195710213,,0
r8c-1221-19f8134ec2ab7a47,1221,E1_DYNAMIC,CDF7/CDF-HARSH,MATCHED_SHADE_STYLE_PARETO,3,COMPLETE,INCLUDED,0.20061610058388993,0.3355758046293083,,0
r8c-1222-dbce041fce882b7f,1222,E1_DYNAMIC,CDF7/CDF-HARSH,JMETALPY_1_7_GDE3_STANDARD_PARETO_DE,3,COMPLETE,INCLUDED,0.1820854075403355,0.3197874027456255,,0
r8c-1223-0704b612e4e20b39,1223,E1_DYNAMIC,CDF7/CDF-HARSH,JMETALPY_1_7_NSGAII_DYNAMIC_RESTART_BRIDGE,3,COMPLETE,INCLUDED,0.32441620571341967,0.3959384345244599,,0
r8c-1224-132c14731ec4ddca,1224,E1_DYNAMIC,CDF7/CDF-HARSH,DT-RAMDE_TS2_FULL,4,COMPLETE,INCLUDED,0.2971036144712335,0.3771608108504273,,0
r8c-1225-ba347b1e64f2e877,1225,E1_DYNAMIC,CDF7/CDF-HARSH,MATCHED_FIXED_DE_PARETO,4,COMPLETE,INCLUDED,0.1884149344106201,0.32345502919233204,,0
r8c-1226-903b6a29c7ccfa01,1226,E1_DYNAMIC,CDF7/CDF-HARSH,MATCHED_JDE_STYLE_PARETO,4,COMPLETE,INCLUDED,0.20530523159874073,0.35018707958026346,,0
r8c-1227-7e59a7028e3beb13,1227,E1_DYNAMIC,CDF7/CDF-HARSH,MATCHED_SHADE_STYLE_PARETO,4,COMPLETE,INCLUDED,0.19869888105663966,0.33038521114380687,,0
r8c-1228-0471f92599cfad6f,1228,E1_DYNAMIC,CDF7/CDF-HARSH,JMETALPY_1_7_GDE3_STANDARD_PARETO_DE,4,COMPLETE,INCLUDED,0.18489408126390305,0.32125172970611887,,0
r8c-1229-e9f41b92a41179f9,1229,E1_DYNAMIC,CDF7/CDF-HARSH,JMETALPY_1_7_NSGAII_DYNAMIC_RESTART_BRIDGE,4,COMPLETE,INCLUDED,0.3162402884327263,0.38957822733550024,,0
r8c-1230-676e8daca749eb81,1230,E1_DYNAMIC,CDF7/CDF-MILD,DT-RAMDE_TS2_FULL,0,COMPLETE,INCLUDED,0.31205831923628286,0.3808412048129882,,0
r8c-1231-aba641784be4345f,1231,E1_DYNAMIC,CDF7/CDF-MILD,MATCHED_FIXED_DE_PARETO,0,COMPLETE,INCLUDED,0.1876127635796293,0.33019986203234125,,0
r8c-1232-da83b6351239b4b7,1232,E1_DYNAMIC,CDF7/CDF-MILD,MATCHED_JDE_STYLE_PARETO,0,COMPLETE,INCLUDED,0.2076654936353583,0.35485064194267524,,0
r8c-1233-3d92187bbe089022,1233,E1_DYNAMIC,CDF7/CDF-MILD,MATCHED_SHADE_STYLE_PARETO,0,COMPLETE,INCLUDED,0.20014371667408698,0.3302283325831877,,0
r8c-1234-8167c0ab70e19852,1234,E1_DYNAMIC,CDF7/CDF-MILD,JMETALPY_1_7_GDE3_STANDARD_PARETO_DE,0,COMPLETE,INCLUDED,0.18826151626948526,0.32584904319159563,,0
r8c-1235-ce415085dcd62246,1235,E1_DYNAMIC,CDF7/CDF-MILD,JMETALPY_1_7_NSGAII_DYNAMIC_RESTART_BRIDGE,0,COMPLETE,INCLUDED,0.3372071328885626,0.3989635133616683,,0
r8c-1236-d5b3f89557b9ab55,1236,E1_DYNAMIC,CDF7/CDF-MILD,DT-RAMDE_TS2_FULL,1,COMPLETE,INCLUDED,0.3121979283556282,0.38287121188339734,,0
r8c-1237-2e55570add9b2452,1237,E1_DYNAMIC,CDF7/CDF-MILD,MATCHED_FIXED_DE_PARETO,1,COMPLETE,INCLUDED,0.18669918255209336,0.32598901370110195,,0
r8c-1238-9ad792dfd46e50e5,1238,E1_DYNAMIC,CDF7/CDF-MILD,MATCHED_JDE_STYLE_PARETO,1,COMPLETE,INCLUDED,0.2102237019935087,0.35145047070560625,,0
r8c-1239-baa98e11ed9dcdc5,1239,E1_DYNAMIC,CDF7/CDF-MILD,MATCHED_SHADE_STYLE_PARETO,1,COMPLETE,INCLUDED,0.20093728128093163,0.33530312195760775,,0
r8c-1240-2bf9bcb7ba8a7904,1240,E1_DYNAMIC,CDF7/CDF-MILD,JMETALPY_1_7_GDE3_STANDARD_PARETO_DE,1,COMPLETE,INCLUDED,0.18647694850573726,0.3220469563724331,,0
r8c-1241-81eb89d2ac8b2a31,1241,E1_DYNAMIC,CDF7/CDF-MILD,JMETALPY_1_7_NSGAII_DYNAMIC_RESTART_BRIDGE,1,COMPLETE,INCLUDED,0.3300274566442034,0.39412403291139675,,0
r8c-1242-1c920c064081f84b,1242,E1_DYNAMIC,CDF7/CDF-MILD,DT-RAMDE_TS2_FULL,2,COMPLETE,INCLUDED,0.3188550997451128,0.38617323231782164,,0
r8c-1243-d9afae5a5285b5f5,1243,E1_DYNAMIC,CDF7/CDF-MILD,MATCHED_FIXED_DE_PARETO,2,COMPLETE,INCLUDED,0.1820082352329194,0.3190946340008146,,0
r8c-1244-97f8c1d6f26392b6,1244,E1_DYNAMIC,CDF7/CDF-MILD,MATCHED_JDE_STYLE_PARETO,2,COMPLETE,INCLUDED,0.20692560235435936,0.3545204728574637,,0
r8c-1245-0dd580891b327ac7,1245,E1_DYNAMIC,CDF7/CDF-MILD,MATCHED_SHADE_STYLE_PARETO,2,COMPLETE,INCLUDED,0.19634914064665815,0.32864169382359,,0
r8c-1246-53722e006442ffc9,1246,E1_DYNAMIC,CDF7/CDF-MILD,JMETALPY_1_7_GDE3_STANDARD_PARETO_DE,2,COMPLETE,INCLUDED,0.1844942771085823,0.3244539302680668,,0
r8c-1247-1189633c4fdb46ee,1247,E1_DYNAMIC,CDF7/CDF-MILD,JMETALPY_1_7_NSGAII_DYNAMIC_RESTART_BRIDGE,2,COMPLETE,INCLUDED,0.33052379466468357,0.39793129917539344,,0
r8c-1248-ca7d6175b3338d6f,1248,E1_DYNAMIC,CDF7/CDF-MILD,DT-RAMDE_TS2_FULL,3,COMPLETE,INCLUDED,0.3175700641243413,0.38421587880941915,,0
r8c-1249-b32ffc6f15cd05f4,1249,E1_DYNAMIC,CDF7/CDF-MILD,MATCHED_FIXED_DE_PARETO,3,COMPLETE,INCLUDED,0.18608341442884255,0.3293332546198263,,0
r8c-1250-621edec55aa4ffbc,1250,E1_DYNAMIC,CDF7/CDF-MILD,MATCHED_JDE_STYLE_PARETO,3,COMPLETE,INCLUDED,0.206445367600455,0.3529951608927747,,0
r8c-1251-fc664c1373de61c3,1251,E1_DYNAMIC,CDF7/CDF-MILD,MATCHED_SHADE_STYLE_PARETO,3,COMPLETE,INCLUDED,0.20040404280170054,0.328151033327212,,0
r8c-1252-b3b9d112be0d53c6,1252,E1_DYNAMIC,CDF7/CDF-MILD,JMETALPY_1_7_GDE3_STANDARD_PARETO_DE,3,COMPLETE,INCLUDED,0.19069231657623179,0.33350942875437384,,0
r8c-1253-4bdd12fcb305b630,1253,E1_DYNAMIC,CDF7/CDF-MILD,JMETALPY_1_7_NSGAII_DYNAMIC_RESTART_BRIDGE,3,COMPLETE,INCLUDED,0.33404396405041137,0.3971967463456041,,0
r8c-1254-f2bc04645c3a4c00,1254,E1_DYNAMIC,CDF7/CDF-MILD,DT-RAMDE_TS2_FULL,4,COMPLETE,INCLUDED,0.31983193282247824,0.38923626150103713,,0
r8c-1255-8110f78db269b1c1,1255,E1_DYNAMIC,CDF7/CDF-MILD,MATCHED_FIXED_DE_PARETO,4,COMPLETE,INCLUDED,0.18576490144611285,0.3271704908028736,,0
r8c-1256-953d787bfffeff86,1256,E1_DYNAMIC,CDF7/CDF-MILD,MATCHED_JDE_STYLE_PARETO,4,COMPLETE,INCLUDED,0.20628919024509232,0.3550001784861644,,0
r8c-1257-8481d6ecb59fabae,1257,E1_DYNAMIC,CDF7/CDF-MILD,MATCHED_SHADE_STYLE_PARETO,4,COMPLETE,INCLUDED,0.2061843198822407,0.3385086121737249,,0
r8c-1258-a0a854186730b25b,1258,E1_DYNAMIC,CDF7/CDF-MILD,JMETALPY_1_7_GDE3_STANDARD_PARETO_DE,4,COMPLETE,INCLUDED,0.18633253803985037,0.3236254051602809,,0
r8c-1259-f37ad5511011a03d,1259,E1_DYNAMIC,CDF7/CDF-MILD,JMETALPY_1_7_NSGAII_DYNAMIC_RESTART_BRIDGE,4,COMPLETE,INCLUDED,0.3271557814285972,0.39441881140669127,,0
r8c-1260-0de2bd598b9e62e9,1260,E1_DYNAMIC,CDF8/CDF-HARSH,DT-RAMDE_TS2_FULL,0,COMPLETE,INCLUDED,0.49013854417661,0.5153199764257153,,0
r8c-1261-40fd60b8e75a116f,1261,E1_DYNAMIC,CDF8/CDF-HARSH,MATCHED_FIXED_DE_PARETO,0,COMPLETE,INCLUDED,0.2844046178436695,0.42536579304651145,,0
r8c-1262-4ddfe27d9578790e,1262,E1_DYNAMIC,CDF8/CDF-HARSH,MATCHED_JDE_STYLE_PARETO,0,COMPLETE,INCLUDED,0.31461532375277185,0.4831449387771491,,0
r8c-1263-c73ed8bb955baa3f,1263,E1_DYNAMIC,CDF8/CDF-HARSH,MATCHED_SHADE_STYLE_PARETO,0,COMPLETE,INCLUDED,0.2910668515393152,0.44597831198363436,,0
r8c-1264-e85d947d695cde49,1264,E1_DYNAMIC,CDF8/CDF-HARSH,JMETALPY_1_7_GDE3_STANDARD_PARETO_DE,0,COMPLETE,INCLUDED,0.28457280210362845,0.42385235966821705,,0
r8c-1265-b202beb1e941bae7,1265,E1_DYNAMIC,CDF8/CDF-HARSH,JMETALPY_1_7_NSGAII_DYNAMIC_RESTART_BRIDGE,0,COMPLETE,INCLUDED,0.490603143579064,0.5132217411226212,,0
r8c-1266-53acbd6abcb439cf,1266,E1_DYNAMIC,CDF8/CDF-HARSH,DT-RAMDE_TS2_FULL,1,COMPLETE,INCLUDED,0.490498206419172,0.5157509376810903,,0
r8c-1267-a0f86189627cd4d2,1267,E1_DYNAMIC,CDF8/CDF-HARSH,MATCHED_FIXED_DE_PARETO,1,COMPLETE,INCLUDED,0.2834064226422193,0.4252278298628748,,0
r8c-1268-54641d9c2aac7b6f,1268,E1_DYNAMIC,CDF8/CDF-HARSH,MATCHED_JDE_STYLE_PARETO,1,COMPLETE,INCLUDED,0.3180214710124441,0.4829787918743789,,0
r8c-1269-1f4b725e87c6ed84,1269,E1_DYNAMIC,CDF8/CDF-HARSH,MATCHED_SHADE_STYLE_PARETO,1,COMPLETE,INCLUDED,0.2809550996939538,0.43732768932606914,,0
r8c-1270-da94018e21e94a46,1270,E1_DYNAMIC,CDF8/CDF-HARSH,JMETALPY_1_7_GDE3_STANDARD_PARETO_DE,1,COMPLETE,INCLUDED,0.2829958724158887,0.4261920176962859,,0
r8c-1271-47b3b711dc22b31b,1271,E1_DYNAMIC,CDF8/CDF-HARSH,JMETALPY_1_7_NSGAII_DYNAMIC_RESTART_BRIDGE,1,COMPLETE,INCLUDED,0.4908522911961772,0.513187790945253,,0
r8c-1272-97ffc75bde61d264,1272,E1_DYNAMIC,CDF8/CDF-HARSH,DT-RAMDE_TS2_FULL,2,COMPLETE,INCLUDED,0.49122580744744815,0.5162295305331032,,0
r8c-1273-14e0a99fc992f492,1273,E1_DYNAMIC,CDF8/CDF-HARSH,MATCHED_FIXED_DE_PARETO,2,COMPLETE,INCLUDED,0.2825684754217368,0.42212163635201244,,0
r8c-1274-19f905168c4af27e,1274,E1_DYNAMIC,CDF8/CDF-HARSH,MATCHED_JDE_STYLE_PARETO,2,COMPLETE,INCLUDED,0.31709945043439425,0.4826840899930113,,0
r8c-1275-7d9b233e76f21c0f,1275,E1_DYNAMIC,CDF8/CDF-HARSH,MATCHED_SHADE_STYLE_PARETO,2,COMPLETE,INCLUDED,0.28358892985785106,0.4375048286415015,,0
r8c-1276-77c63a2abe0018f3,1276,E1_DYNAMIC,CDF8/CDF-HARSH,JMETALPY_1_7_GDE3_STANDARD_PARETO_DE,2,COMPLETE,INCLUDED,0.27468914161870484,0.42221105231199574,,0
r8c-1277-4756a697543c8ac0,1277,E1_DYNAMIC,CDF8/CDF-HARSH,JMETALPY_1_7_NSGAII_DYNAMIC_RESTART_BRIDGE,2,COMPLETE,INCLUDED,0.48927392623330734,0.5120379650535295,,0
r8c-1278-1876297e0ae0a983,1278,E1_DYNAMIC,CDF8/CDF-HARSH,DT-RAMDE_TS2_FULL,3,COMPLETE,INCLUDED,0.49233596087578546,0.5165550601523328,,0
r8c-1279-e2c6ea8c24d3fb25,1279,E1_DYNAMIC,CDF8/CDF-HARSH,MATCHED_FIXED_DE_PARETO,3,COMPLETE,INCLUDED,0.28336124355789205,0.42540484234181425,,0
r8c-1280-09a98abcb5c7f219,1280,E1_DYNAMIC,CDF8/CDF-HARSH,MATCHED_JDE_STYLE_PARETO,3,COMPLETE,INCLUDED,0.32263143996286253,0.48542951293123354,,0
r8c-1281-03be80c93f377fe8,1281,E1_DYNAMIC,CDF8/CDF-HARSH,MATCHED_SHADE_STYLE_PARETO,3,COMPLETE,INCLUDED,0.2862901018863983,0.4405219919550755,,0
r8c-1282-649c8ad440f732e9,1282,E1_DYNAMIC,CDF8/CDF-HARSH,JMETALPY_1_7_GDE3_STANDARD_PARETO_DE,3,COMPLETE,INCLUDED,0.28018673098233127,0.42477914622744795,,0
r8c-1283-de72b987ba7c59d2,1283,E1_DYNAMIC,CDF8/CDF-HARSH,JMETALPY_1_7_NSGAII_DYNAMIC_RESTART_BRIDGE,3,COMPLETE,INCLUDED,0.49197869478384015,0.5136390894797757,,0
r8c-1284-52892249b316c22d,1284,E1_DYNAMIC,CDF8/CDF-HARSH,DT-RAMDE_TS2_FULL,4,COMPLETE,INCLUDED,0.4918538323095223,0.516788690134462,,0
r8c-1285-f9f67a9791f93b34,1285,E1_DYNAMIC,CDF8/CDF-HARSH,MATCHED_FIXED_DE_PARETO,4,COMPLETE,INCLUDED,0.28291466762688866,0.4266074913678685,,0
r8c-1286-4bbcfa041589c4f0,1286,E1_DYNAMIC,CDF8/CDF-HARSH,MATCHED_JDE_STYLE_PARETO,4,COMPLETE,INCLUDED,0.31581215647179744,0.48218197056310647,,0
r8c-1287-c3819b05b2c9ad9b,1287,E1_DYNAMIC,CDF8/CDF-HARSH,MATCHED_SHADE_STYLE_PARETO,4,COMPLETE,INCLUDED,0.2879143316941904,0.44199816098984357,,0
r8c-1288-5342f4b38ad1351e,1288,E1_DYNAMIC,CDF8/CDF-HARSH,JMETALPY_1_7_GDE3_STANDARD_PARETO_DE,4,COMPLETE,INCLUDED,0.2824237474581531,0.4208239536102945,,0
r8c-1289-c615c07dc8929c60,1289,E1_DYNAMIC,CDF8/CDF-HARSH,JMETALPY_1_7_NSGAII_DYNAMIC_RESTART_BRIDGE,4,COMPLETE,INCLUDED,0.4902530575973758,0.5127573823885438,,0
r8c-1290-b1ca96a3eacb8593,1290,E1_DYNAMIC,CDF8/CDF-MILD,DT-RAMDE_TS2_FULL,0,COMPLETE,INCLUDED,0.4945725184314399,0.517452548422654,,0
r8c-1291-c8c70425f6fb3bad,1291,E1_DYNAMIC,CDF8/CDF-MILD,MATCHED_FIXED_DE_PARETO,0,COMPLETE,INCLUDED,0.27978561622471987,0.4212749187765987,,0
r8c-1292-cefbff47de02d45b,1292,E1_DYNAMIC,CDF8/CDF-MILD,MATCHED_JDE_STYLE_PARETO,0,COMPLETE,INCLUDED,0.3132998156009614,0.47967313867702294,,0
r8c-1293-c9659b68f68ff53e,1293,E1_DYNAMIC,CDF8/CDF-MILD,MATCHED_SHADE_STYLE_PARETO,0,COMPLETE,INCLUDED,0.2876261974384037,0.445035464322666,,0
r8c-1294-025affdac6d3d36d,1294,E1_DYNAMIC,CDF8/CDF-MILD,JMETALPY_1_7_GDE3_STANDARD_PARETO_DE,0,COMPLETE,INCLUDED,0.28267641568837454,0.42353581822217207,,0
r8c-1295-f750cd23277ca8f0,1295,E1_DYNAMIC,CDF8/CDF-MILD,JMETALPY_1_7_NSGAII_DYNAMIC_RESTART_BRIDGE,0,COMPLETE,INCLUDED,0.4969446211754901,0.5164086790898245,,0
r8c-1296-eb45a9d0ce14787b,1296,E1_DYNAMIC,CDF8/CDF-MILD,DT-RAMDE_TS2_FULL,1,COMPLETE,INCLUDED,0.4939644974027417,0.5166791073669412,,0
r8c-1297-47b55f681e582fff,1297,E1_DYNAMIC,CDF8/CDF-MILD,MATCHED_FIXED_DE_PARETO,1,COMPLETE,INCLUDED,0.27771385849259905,0.42198880343510553,,0
r8c-1298-b2233913a7e35143,1298,E1_DYNAMIC,CDF8/CDF-MILD,MATCHED_JDE_STYLE_PARETO,1,COMPLETE,INCLUDED,0.31506100122997266,0.48202368435770016,,0
r8c-1299-41227026dc2e220d,1299,E1_DYNAMIC,CDF8/CDF-MILD,MATCHED_SHADE_STYLE_PARETO,1,COMPLETE,INCLUDED,0.28346800944323,0.43729013400889627,,0
r8c-1300-9b8e4e53fd6ff709,1300,E1_DYNAMIC,CDF8/CDF-MILD,JMETALPY_1_7_GDE3_STANDARD_PARETO_DE,1,COMPLETE,INCLUDED,0.2841273171198461,0.4241222992475565,,0
r8c-1301-d02dda58102f1b9b,1301,E1_DYNAMIC,CDF8/CDF-MILD,JMETALPY_1_7_NSGAII_DYNAMIC_RESTART_BRIDGE,1,COMPLETE,INCLUDED,0.49725892786988635,0.5167723403492779,,0
r8c-1302-b422497b5f8b6602,1302,E1_DYNAMIC,CDF8/CDF-MILD,DT-RAMDE_TS2_FULL,2,COMPLETE,INCLUDED,0.49519762916752996,0.5178365619392057,,0
r8c-1303-7547e77b03d3c8c6,1303,E1_DYNAMIC,CDF8/CDF-MILD,MATCHED_FIXED_DE_PARETO,2,COMPLETE,INCLUDED,0.28063365083278924,0.4232689084103016,,0
r8c-1304-beb9fd5ffbcfaa10,1304,E1_DYNAMIC,CDF8/CDF-MILD,MATCHED_JDE_STYLE_PARETO,2,COMPLETE,INCLUDED,0.314396504282136,0.4805499015436413,,0
r8c-1305-84c2f52bf0577b99,1305,E1_DYNAMIC,CDF8/CDF-MILD,MATCHED_SHADE_STYLE_PARETO,2,COMPLETE,INCLUDED,0.28499036117177795,0.43935840340306526,,0
r8c-1306-f7aedd7628418377,1306,E1_DYNAMIC,CDF8/CDF-MILD,JMETALPY_1_7_GDE3_STANDARD_PARETO_DE,2,COMPLETE,INCLUDED,0.28093772060958955,0.42467585048915873,,0
r8c-1307-3d9377d4a52aac40,1307,E1_DYNAMIC,CDF8/CDF-MILD,JMETALPY_1_7_NSGAII_DYNAMIC_RESTART_BRIDGE,2,COMPLETE,INCLUDED,0.49741379971529504,0.5169993626587046,,0
r8c-1308-3b4d18965e5242db,1308,E1_DYNAMIC,CDF8/CDF-MILD,DT-RAMDE_TS2_FULL,3,COMPLETE,INCLUDED,0.4935254981734772,0.5160168255243494,,0
r8c-1309-830cddefbbf2403a,1309,E1_DYNAMIC,CDF8/CDF-MILD,MATCHED_FIXED_DE_PARETO,3,COMPLETE,INCLUDED,0.27786860481951714,0.4233228321500017,,0
r8c-1310-c46b3b2573e2c87a,1310,E1_DYNAMIC,CDF8/CDF-MILD,MATCHED_JDE_STYLE_PARETO,3,COMPLETE,INCLUDED,0.3165436131570928,0.48006728983670827,,0
r8c-1311-83d16fc79ba91949,1311,E1_DYNAMIC,CDF8/CDF-MILD,MATCHED_SHADE_STYLE_PARETO,3,COMPLETE,INCLUDED,0.2912244133340609,0.43931597940725914,,0
r8c-1312-46cf08fa2d1e3336,1312,E1_DYNAMIC,CDF8/CDF-MILD,JMETALPY_1_7_GDE3_STANDARD_PARETO_DE,3,COMPLETE,INCLUDED,0.2799488351490061,0.423921677160875,,0
r8c-1313-3dbb6645586d7e54,1313,E1_DYNAMIC,CDF8/CDF-MILD,JMETALPY_1_7_NSGAII_DYNAMIC_RESTART_BRIDGE,3,COMPLETE,INCLUDED,0.4974274332790753,0.5162810313479675,,0
r8c-1314-f3ef7cc60259efa4,1314,E1_DYNAMIC,CDF8/CDF-MILD,DT-RAMDE_TS2_FULL,4,COMPLETE,INCLUDED,0.4948432552896017,0.5179315168968822,,0
r8c-1315-ac13bb7b2a28b621,1315,E1_DYNAMIC,CDF8/CDF-MILD,MATCHED_FIXED_DE_PARETO,4,COMPLETE,INCLUDED,0.2810332057283693,0.4232910865333335,,0
r8c-1316-2ece8ca8ea9233bb,1316,E1_DYNAMIC,CDF8/CDF-MILD,MATCHED_JDE_STYLE_PARETO,4,COMPLETE,INCLUDED,0.31484099498587714,0.4807326249989667,,0
r8c-1317-e37bf74bf9cd4577,1317,E1_DYNAMIC,CDF8/CDF-MILD,MATCHED_SHADE_STYLE_PARETO,4,COMPLETE,INCLUDED,0.28657853687179424,0.43921803999643405,,0
r8c-1318-464109d3bf72d4f4,1318,E1_DYNAMIC,CDF8/CDF-MILD,JMETALPY_1_7_GDE3_STANDARD_PARETO_DE,4,COMPLETE,INCLUDED,0.2737663560955457,0.4173678241052711,,0
r8c-1319-ad452671c6a9e6f4,1319,E1_DYNAMIC,CDF8/CDF-MILD,JMETALPY_1_7_NSGAII_DYNAMIC_RESTART_BRIDGE,4,COMPLETE,INCLUDED,0.49685648215123884,0.5161932196389204,,0
r8c-1320-4be18a752be7ecb7,1320,E1_DYNAMIC,CDF9/CDF-HARSH,DT-RAMDE_TS2_FULL,0,COMPLETE,EXCLUDED_NUMERICAL_FAILURE,,,,0
r8c-1321-90988ac1b67b10a0,1321,E1_DYNAMIC,CDF9/CDF-HARSH,MATCHED_FIXED_DE_PARETO,0,COMPLETE,EXCLUDED_NUMERICAL_FAILURE,,,,0
r8c-1322-2e999d1f4a48b39f,1322,E1_DYNAMIC,CDF9/CDF-HARSH,MATCHED_JDE_STYLE_PARETO,0,COMPLETE,EXCLUDED_NUMERICAL_FAILURE,,,,0
r8c-1323-72e8d61de394071c,1323,E1_DYNAMIC,CDF9/CDF-HARSH,MATCHED_SHADE_STYLE_PARETO,0,COMPLETE,EXCLUDED_NUMERICAL_FAILURE,,,,0
r8c-1324-ecdc8edccb6a1347,1324,E1_DYNAMIC,CDF9/CDF-HARSH,JMETALPY_1_7_GDE3_STANDARD_PARETO_DE,0,COMPLETE,EXCLUDED_NUMERICAL_FAILURE,,,,0
r8c-1325-cae006a75a7f9e60,1325,E1_DYNAMIC,CDF9/CDF-HARSH,JMETALPY_1_7_NSGAII_DYNAMIC_RESTART_BRIDGE,0,COMPLETE,EXCLUDED_NUMERICAL_FAILURE,,,,0
r8c-1326-05fdd324347199e9,1326,E1_DYNAMIC,CDF9/CDF-HARSH,DT-RAMDE_TS2_FULL,1,COMPLETE,EXCLUDED_NUMERICAL_FAILURE,,,,0
r8c-1327-8ebadf5f366117d1,1327,E1_DYNAMIC,CDF9/CDF-HARSH,MATCHED_FIXED_DE_PARETO,1,COMPLETE,EXCLUDED_NUMERICAL_FAILURE,,,,0
r8c-1328-804fb94cce2ccb3c,1328,E1_DYNAMIC,CDF9/CDF-HARSH,MATCHED_JDE_STYLE_PARETO,1,COMPLETE,EXCLUDED_NUMERICAL_FAILURE,,,,0
r8c-1329-d3b07f4e866f1f37,1329,E1_DYNAMIC,CDF9/CDF-HARSH,MATCHED_SHADE_STYLE_PARETO,1,COMPLETE,EXCLUDED_NUMERICAL_FAILURE,,,,0
r8c-1330-3854314c28a3e0c3,1330,E1_DYNAMIC,CDF9/CDF-HARSH,JMETALPY_1_7_GDE3_STANDARD_PARETO_DE,1,COMPLETE,EXCLUDED_NUMERICAL_FAILURE,,,,0
r8c-1331-bd9eb57d4fd29188,1331,E1_DYNAMIC,CDF9/CDF-HARSH,JMETALPY_1_7_NSGAII_DYNAMIC_RESTART_BRIDGE,1,COMPLETE,EXCLUDED_NUMERICAL_FAILURE,,,,0
r8c-1332-5c7bc5c905513293,1332,E1_DYNAMIC,CDF9/CDF-HARSH,DT-RAMDE_TS2_FULL,2,COMPLETE,EXCLUDED_NUMERICAL_FAILURE,,,,0
r8c-1333-af381b29a472c7c7,1333,E1_DYNAMIC,CDF9/CDF-HARSH,MATCHED_FIXED_DE_PARETO,2,COMPLETE,EXCLUDED_NUMERICAL_FAILURE,,,,0
r8c-1334-fcf941887ad3e6d3,1334,E1_DYNAMIC,CDF9/CDF-HARSH,MATCHED_JDE_STYLE_PARETO,2,COMPLETE,EXCLUDED_NUMERICAL_FAILURE,,,,0
r8c-1335-95af7ffa591defd4,1335,E1_DYNAMIC,CDF9/CDF-HARSH,MATCHED_SHADE_STYLE_PARETO,2,COMPLETE,EXCLUDED_NUMERICAL_FAILURE,,,,0
r8c-1336-1337e5ac9e1806f6,1336,E1_DYNAMIC,CDF9/CDF-HARSH,JMETALPY_1_7_GDE3_STANDARD_PARETO_DE,2,COMPLETE,EXCLUDED_NUMERICAL_FAILURE,,,,0
r8c-1337-17e55f2dfcb6031d,1337,E1_DYNAMIC,CDF9/CDF-HARSH,JMETALPY_1_7_NSGAII_DYNAMIC_RESTART_BRIDGE,2,COMPLETE,EXCLUDED_NUMERICAL_FAILURE,,,,0
r8c-1338-711c5e4fb55398d0,1338,E1_DYNAMIC,CDF9/CDF-HARSH,DT-RAMDE_TS2_FULL,3,COMPLETE,EXCLUDED_NUMERICAL_FAILURE,,,,0
r8c-1339-959cf4ace0aa5b44,1339,E1_DYNAMIC,CDF9/CDF-HARSH,MATCHED_FIXED_DE_PARETO,3,COMPLETE,EXCLUDED_NUMERICAL_FAILURE,,,,0
r8c-1340-fefe597d2a4cbacf,1340,E1_DYNAMIC,CDF9/CDF-HARSH,MATCHED_JDE_STYLE_PARETO,3,COMPLETE,EXCLUDED_NUMERICAL_FAILURE,,,,0
r8c-1341-c713d026b6277ec2,1341,E1_DYNAMIC,CDF9/CDF-HARSH,MATCHED_SHADE_STYLE_PARETO,3,COMPLETE,EXCLUDED_NUMERICAL_FAILURE,,,,0
r8c-1342-a783574cc90308f7,1342,E1_DYNAMIC,CDF9/CDF-HARSH,JMETALPY_1_7_GDE3_STANDARD_PARETO_DE,3,COMPLETE,EXCLUDED_NUMERICAL_FAILURE,,,,0
r8c-1343-aa5d4b5efd108be4,1343,E1_DYNAMIC,CDF9/CDF-HARSH,JMETALPY_1_7_NSGAII_DYNAMIC_RESTART_BRIDGE,3,COMPLETE,EXCLUDED_NUMERICAL_FAILURE,,,,0
r8c-1344-9713677c4f6a8608,1344,E1_DYNAMIC,CDF9/CDF-HARSH,DT-RAMDE_TS2_FULL,4,COMPLETE,EXCLUDED_NUMERICAL_FAILURE,,,,0
r8c-1345-ac6c4e86543afefc,1345,E1_DYNAMIC,CDF9/CDF-HARSH,MATCHED_FIXED_DE_PARETO,4,COMPLETE,EXCLUDED_NUMERICAL_FAILURE,,,,0
r8c-1346-350579ed20634f8d,1346,E1_DYNAMIC,CDF9/CDF-HARSH,MATCHED_JDE_STYLE_PARETO,4,COMPLETE,EXCLUDED_NUMERICAL_FAILURE,,,,0
r8c-1347-93b40363653284db,1347,E1_DYNAMIC,CDF9/CDF-HARSH,MATCHED_SHADE_STYLE_PARETO,4,COMPLETE,EXCLUDED_NUMERICAL_FAILURE,,,,0
r8c-1348-7721a2fe0126dba7,1348,E1_DYNAMIC,CDF9/CDF-HARSH,JMETALPY_1_7_GDE3_STANDARD_PARETO_DE,4,COMPLETE,EXCLUDED_NUMERICAL_FAILURE,,,,0
r8c-1349-d77ac7c771d14834,1349,E1_DYNAMIC,CDF9/CDF-HARSH,JMETALPY_1_7_NSGAII_DYNAMIC_RESTART_BRIDGE,4,COMPLETE,EXCLUDED_NUMERICAL_FAILURE,,,,0
r8c-1350-b792f2c9a29d2363,1350,E1_DYNAMIC,CDF9/CDF-MILD,DT-RAMDE_TS2_FULL,0,COMPLETE,EXCLUDED_NUMERICAL_FAILURE,,,,0
r8c-1351-a1b7d5d89a8fe75e,1351,E1_DYNAMIC,CDF9/CDF-MILD,MATCHED_FIXED_DE_PARETO,0,COMPLETE,EXCLUDED_NUMERICAL_FAILURE,,,,0
r8c-1352-d8ef7f8e2b3fbfc9,1352,E1_DYNAMIC,CDF9/CDF-MILD,MATCHED_JDE_STYLE_PARETO,0,COMPLETE,EXCLUDED_NUMERICAL_FAILURE,,,,0
r8c-1353-d1338ba3ad38620f,1353,E1_DYNAMIC,CDF9/CDF-MILD,MATCHED_SHADE_STYLE_PARETO,0,COMPLETE,EXCLUDED_NUMERICAL_FAILURE,,,,0
r8c-1354-a299e74c7a04b350,1354,E1_DYNAMIC,CDF9/CDF-MILD,JMETALPY_1_7_GDE3_STANDARD_PARETO_DE,0,COMPLETE,EXCLUDED_NUMERICAL_FAILURE,,,,0
r8c-1355-7ed84c8e4f27d171,1355,E1_DYNAMIC,CDF9/CDF-MILD,JMETALPY_1_7_NSGAII_DYNAMIC_RESTART_BRIDGE,0,COMPLETE,EXCLUDED_NUMERICAL_FAILURE,,,,0
r8c-1356-1cb7cd0bb3e74ee1,1356,E1_DYNAMIC,CDF9/CDF-MILD,DT-RAMDE_TS2_FULL,1,COMPLETE,EXCLUDED_NUMERICAL_FAILURE,,,,0
r8c-1357-ddb2f56b5bfc5f9f,1357,E1_DYNAMIC,CDF9/CDF-MILD,MATCHED_FIXED_DE_PARETO,1,COMPLETE,EXCLUDED_NUMERICAL_FAILURE,,,,0
r8c-1358-01fb7ef2ec2e8e32,1358,E1_DYNAMIC,CDF9/CDF-MILD,MATCHED_JDE_STYLE_PARETO,1,COMPLETE,EXCLUDED_NUMERICAL_FAILURE,,,,0
r8c-1359-58ed132b1e42cd46,1359,E1_DYNAMIC,CDF9/CDF-MILD,MATCHED_SHADE_STYLE_PARETO,1,COMPLETE,EXCLUDED_NUMERICAL_FAILURE,,,,0
r8c-1360-829577df5a912556,1360,E1_DYNAMIC,CDF9/CDF-MILD,JMETALPY_1_7_GDE3_STANDARD_PARETO_DE,1,COMPLETE,EXCLUDED_NUMERICAL_FAILURE,,,,0
r8c-1361-643273f1759d747c,1361,E1_DYNAMIC,CDF9/CDF-MILD,JMETALPY_1_7_NSGAII_DYNAMIC_RESTART_BRIDGE,1,COMPLETE,EXCLUDED_NUMERICAL_FAILURE,,,,0
r8c-1362-fb99afe138dd7f5d,1362,E1_DYNAMIC,CDF9/CDF-MILD,DT-RAMDE_TS2_FULL,2,COMPLETE,EXCLUDED_NUMERICAL_FAILURE,,,,0
r8c-1363-387d594287a1dcf0,1363,E1_DYNAMIC,CDF9/CDF-MILD,MATCHED_FIXED_DE_PARETO,2,COMPLETE,EXCLUDED_NUMERICAL_FAILURE,,,,0
r8c-1364-abb5bc9f6d6ee6d5,1364,E1_DYNAMIC,CDF9/CDF-MILD,MATCHED_JDE_STYLE_PARETO,2,COMPLETE,EXCLUDED_NUMERICAL_FAILURE,,,,0
r8c-1365-95e0c8ccabdd2674,1365,E1_DYNAMIC,CDF9/CDF-MILD,MATCHED_SHADE_STYLE_PARETO,2,COMPLETE,EXCLUDED_NUMERICAL_FAILURE,,,,0
r8c-1366-03b318055526366b,1366,E1_DYNAMIC,CDF9/CDF-MILD,JMETALPY_1_7_GDE3_STANDARD_PARETO_DE,2,COMPLETE,EXCLUDED_NUMERICAL_FAILURE,,,,0
r8c-1367-80675adaac23154e,1367,E1_DYNAMIC,CDF9/CDF-MILD,JMETALPY_1_7_NSGAII_DYNAMIC_RESTART_BRIDGE,2,COMPLETE,EXCLUDED_NUMERICAL_FAILURE,,,,0
r8c-1368-856caecbe85caa5d,1368,E1_DYNAMIC,CDF9/CDF-MILD,DT-RAMDE_TS2_FULL,3,COMPLETE,EXCLUDED_NUMERICAL_FAILURE,,,,0
r8c-1369-46c91430c6d915fa,1369,E1_DYNAMIC,CDF9/CDF-MILD,MATCHED_FIXED_DE_PARETO,3,COMPLETE,EXCLUDED_NUMERICAL_FAILURE,,,,0
r8c-1370-18744c84678c9eb9,1370,E1_DYNAMIC,CDF9/CDF-MILD,MATCHED_JDE_STYLE_PARETO,3,COMPLETE,EXCLUDED_NUMERICAL_FAILURE,,,,0
r8c-1371-42304308d481aaee,1371,E1_DYNAMIC,CDF9/CDF-MILD,MATCHED_SHADE_STYLE_PARETO,3,COMPLETE,EXCLUDED_NUMERICAL_FAILURE,,,,0
r8c-1372-9513dab92550d7ff,1372,E1_DYNAMIC,CDF9/CDF-MILD,JMETALPY_1_7_GDE3_STANDARD_PARETO_DE,3,COMPLETE,EXCLUDED_NUMERICAL_FAILURE,,,,0
r8c-1373-59505168a0ef8c86,1373,E1_DYNAMIC,CDF9/CDF-MILD,JMETALPY_1_7_NSGAII_DYNAMIC_RESTART_BRIDGE,3,COMPLETE,EXCLUDED_NUMERICAL_FAILURE,,,,0
r8c-1374-38e1775c72bd70e8,1374,E1_DYNAMIC,CDF9/CDF-MILD,DT-RAMDE_TS2_FULL,4,COMPLETE,EXCLUDED_NUMERICAL_FAILURE,,,,0
r8c-1375-5928089e62f1c2f3,1375,E1_DYNAMIC,CDF9/CDF-MILD,MATCHED_FIXED_DE_PARETO,4,COMPLETE,EXCLUDED_NUMERICAL_FAILURE,,,,0
r8c-1376-87ee988a36727b04,1376,E1_DYNAMIC,CDF9/CDF-MILD,MATCHED_JDE_STYLE_PARETO,4,COMPLETE,EXCLUDED_NUMERICAL_FAILURE,,,,0
r8c-1377-573d02558150ec3e,1377,E1_DYNAMIC,CDF9/CDF-MILD,MATCHED_SHADE_STYLE_PARETO,4,COMPLETE,EXCLUDED_NUMERICAL_FAILURE,,,,0
r8c-1378-0b3a024117324626,1378,E1_DYNAMIC,CDF9/CDF-MILD,JMETALPY_1_7_GDE3_STANDARD_PARETO_DE,4,COMPLETE,EXCLUDED_NUMERICAL_FAILURE,,,,0
r8c-1379-6e83320383e01992,1379,E1_DYNAMIC,CDF9/CDF-MILD,JMETALPY_1_7_NSGAII_DYNAMIC_RESTART_BRIDGE,4,COMPLETE,EXCLUDED_NUMERICAL_FAILURE,,,,0
r8c-1380-7677c615853fa84e,1380,E1_DYNAMIC,CDF10/CDF-HARSH,DT-RAMDE_TS2_FULL,0,COMPLETE,INCLUDED,0.25121244633561235,0.26044555427646265,,0
r8c-1381-637c3b2603be79d0,1381,E1_DYNAMIC,CDF10/CDF-HARSH,MATCHED_FIXED_DE_PARETO,0,COMPLETE,INCLUDED,0.0,0.0,,0
r8c-1382-f1ab4821a1306b06,1382,E1_DYNAMIC,CDF10/CDF-HARSH,MATCHED_JDE_STYLE_PARETO,0,COMPLETE,INCLUDED,0.0066030823619472375,0.0535266248552007,,0
r8c-1383-721d14e86d86acbd,1383,E1_DYNAMIC,CDF10/CDF-HARSH,MATCHED_SHADE_STYLE_PARETO,0,COMPLETE,INCLUDED,0.0003949600646305359,0.007956387808613815,,0
r8c-1384-3bd48541b1946d8f,1384,E1_DYNAMIC,CDF10/CDF-HARSH,JMETALPY_1_7_GDE3_STANDARD_PARETO_DE,0,COMPLETE,INCLUDED,0.0,0.0,,0
r8c-1385-2bf7894396c1c626,1385,E1_DYNAMIC,CDF10/CDF-HARSH,JMETALPY_1_7_NSGAII_DYNAMIC_RESTART_BRIDGE,0,COMPLETE,INCLUDED,0.31069292786161823,0.3210714656339449,,0
r8c-1386-c1c5535ede07a9a3,1386,E1_DYNAMIC,CDF10/CDF-HARSH,DT-RAMDE_TS2_FULL,1,COMPLETE,INCLUDED,0.3043879898388153,0.3162558502283135,,0
r8c-1387-5de6500e073ad8f9,1387,E1_DYNAMIC,CDF10/CDF-HARSH,MATCHED_FIXED_DE_PARETO,1,COMPLETE,INCLUDED,0.0,0.0,,0
r8c-1388-5c6d35bf01d29e9b,1388,E1_DYNAMIC,CDF10/CDF-HARSH,MATCHED_JDE_STYLE_PARETO,1,COMPLETE,INCLUDED,0.007809196225533657,0.06730714973277702,,0
r8c-1389-19c92380f6a57564,1389,E1_DYNAMIC,CDF10/CDF-HARSH,MATCHED_SHADE_STYLE_PARETO,1,COMPLETE,INCLUDED,0.00028807093044730836,0.0032768423336929794,,0
r8c-1390-bb1c65bb746e451d,1390,E1_DYNAMIC,CDF10/CDF-HARSH,JMETALPY_1_7_GDE3_STANDARD_PARETO_DE,1,COMPLETE,INCLUDED,0.0,0.0,,0
r8c-1391-d3172a9b763c1861,1391,E1_DYNAMIC,CDF10/CDF-HARSH,JMETALPY_1_7_NSGAII_DYNAMIC_RESTART_BRIDGE,1,COMPLETE,INCLUDED,0.24005396245301833,0.24806307779414716,,0
r8c-1392-fd7da44b9c28c0d2,1392,E1_DYNAMIC,CDF10/CDF-HARSH,DT-RAMDE_TS2_FULL,2,COMPLETE,INCLUDED,0.3297884764066591,0.3402297502651888,,0
r8c-1393-13db9b50fd7e536f,1393,E1_DYNAMIC,CDF10/CDF-HARSH,MATCHED_FIXED_DE_PARETO,2,COMPLETE,INCLUDED,0.0,0.0,,0
r8c-1394-337adb50788aed33,1394,E1_DYNAMIC,CDF10/CDF-HARSH,MATCHED_JDE_STYLE_PARETO,2,COMPLETE,INCLUDED,0.00592477018493156,0.0529778056690866,,0
r8c-1395-303f29a5b13d4454,1395,E1_DYNAMIC,CDF10/CDF-HARSH,MATCHED_SHADE_STYLE_PARETO,2,COMPLETE,INCLUDED,0.0003936417381638667,0.006903855781857641,,0
r8c-1396-1132ab4a4ab47e2f,1396,E1_DYNAMIC,CDF10/CDF-HARSH,JMETALPY_1_7_GDE3_STANDARD_PARETO_DE,2,COMPLETE,INCLUDED,0.0,0.0,,0
r8c-1397-04df4980f7558cbd,1397,E1_DYNAMIC,CDF10/CDF-HARSH,JMETALPY_1_7_NSGAII_DYNAMIC_RESTART_BRIDGE,2,COMPLETE,INCLUDED,0.3367046400119846,0.34808733759941596,,0
r8c-1398-5f4e58e397e39396,1398,E1_DYNAMIC,CDF10/CDF-HARSH,DT-RAMDE_TS2_FULL,3,COMPLETE,INCLUDED,0.38629592795594586,0.3998336766243106,,0
r8c-1399-b1e956c4b41eae58,1399,E1_DYNAMIC,CDF10/CDF-HARSH,MATCHED_FIXED_DE_PARETO,3,COMPLETE,INCLUDED,0.0,0.0,,0
r8c-1400-1dc4190bc851c1ee,1400,E1_DYNAMIC,CDF10/CDF-HARSH,MATCHED_JDE_STYLE_PARETO,3,COMPLETE,INCLUDED,0.006748325758398014,0.06696223581617448,,0
r8c-1401-e3a52592ea00e5ea,1401,E1_DYNAMIC,CDF10/CDF-HARSH,MATCHED_SHADE_STYLE_PARETO,3,COMPLETE,INCLUDED,0.00024771434861144766,0.0034612274535684574,,0
r8c-1402-35d97cd64cb5508b,1402,E1_DYNAMIC,CDF10/CDF-HARSH,JMETALPY_1_7_GDE3_STANDARD_PARETO_DE,3,COMPLETE,INCLUDED,0.0,0.0,,0
r8c-1403-9d5b6eb84b26c8ee,1403,E1_DYNAMIC,CDF10/CDF-HARSH,JMETALPY_1_7_NSGAII_DYNAMIC_RESTART_BRIDGE,3,COMPLETE,INCLUDED,0.2792977881989803,0.2884670739398645,,0
r8c-1404-63f9f3047baca778,1404,E1_DYNAMIC,CDF10/CDF-HARSH,DT-RAMDE_TS2_FULL,4,COMPLETE,INCLUDED,0.35204739667933327,0.36427074420016997,,0
r8c-1405-12511ee9fab50164,1405,E1_DYNAMIC,CDF10/CDF-HARSH,MATCHED_FIXED_DE_PARETO,4,COMPLETE,INCLUDED,0.0,0.0,,0
r8c-1406-bb0b2c82d422d8db,1406,E1_DYNAMIC,CDF10/CDF-HARSH,MATCHED_JDE_STYLE_PARETO,4,COMPLETE,INCLUDED,0.005306593723908535,0.052708931273933196,,0
r8c-1407-3135b4b2a20e7f1f,1407,E1_DYNAMIC,CDF10/CDF-HARSH,MATCHED_SHADE_STYLE_PARETO,4,COMPLETE,INCLUDED,0.00034996434635369765,0.004012403069496782,,0
r8c-1408-face6045a57015d9,1408,E1_DYNAMIC,CDF10/CDF-HARSH,JMETALPY_1_7_GDE3_STANDARD_PARETO_DE,4,COMPLETE,INCLUDED,0.0,0.0,,0
r8c-1409-f0247b09442e4dbe,1409,E1_DYNAMIC,CDF10/CDF-HARSH,JMETALPY_1_7_NSGAII_DYNAMIC_RESTART_BRIDGE,4,COMPLETE,INCLUDED,0.1767710542823841,0.18234773947415006,,0
r8c-1410-156d3fe22bc76c6d,1410,E1_DYNAMIC,CDF10/CDF-MILD,DT-RAMDE_TS2_FULL,0,COMPLETE,INCLUDED,0.24729409331221625,0.2557753850601537,,0
r8c-1411-196aa937fe514d6d,1411,E1_DYNAMIC,CDF10/CDF-MILD,MATCHED_FIXED_DE_PARETO,0,COMPLETE,INCLUDED,0.0,0.0,,0
r8c-1412-a7f0b6e102e51f3a,1412,E1_DYNAMIC,CDF10/CDF-MILD,MATCHED_JDE_STYLE_PARETO,0,COMPLETE,INCLUDED,0.004388844407113133,0.04920453970753694,,0
r8c-1413-9e2655fbace87aa8,1413,E1_DYNAMIC,CDF10/CDF-MILD,MATCHED_SHADE_STYLE_PARETO,0,COMPLETE,INCLUDED,0.00045585808339431507,0.006889289783788402,,0
r8c-1414-b90d5fd5692b9341,1414,E1_DYNAMIC,CDF10/CDF-MILD,JMETALPY_1_7_GDE3_STANDARD_PARETO_DE,0,COMPLETE,INCLUDED,0.0,0.0,,0
r8c-1415-5cad6d9dff61ec85,1415,E1_DYNAMIC,CDF10/CDF-MILD,JMETALPY_1_7_NSGAII_DYNAMIC_RESTART_BRIDGE,0,COMPLETE,INCLUDED,0.31157504113235274,0.321978753431082,,0
r8c-1416-7f6722a2162b7594,1416,E1_DYNAMIC,CDF10/CDF-MILD,DT-RAMDE_TS2_FULL,1,COMPLETE,INCLUDED,0.20753319468063097,0.21491954348599288,,0
r8c-1417-ac48085599d1a6ef,1417,E1_DYNAMIC,CDF10/CDF-MILD,MATCHED_FIXED_DE_PARETO,1,COMPLETE,INCLUDED,0.0,0.0,,0
r8c-1418-9a791643e1ec1923,1418,E1_DYNAMIC,CDF10/CDF-MILD,MATCHED_JDE_STYLE_PARETO,1,COMPLETE,INCLUDED,0.006205840026804155,0.06405702906207654,,0
r8c-1419-fdd4ac3b5f87e39c,1419,E1_DYNAMIC,CDF10/CDF-MILD,MATCHED_SHADE_STYLE_PARETO,1,COMPLETE,INCLUDED,0.0006212300051519025,0.009724221954288507,,0
r8c-1420-5365ada07cfaa9b6,1420,E1_DYNAMIC,CDF10/CDF-MILD,JMETALPY_1_7_GDE3_STANDARD_PARETO_DE,1,COMPLETE,INCLUDED,0.0,0.0,,0
r8c-1421-a2389f63c77378fe,1421,E1_DYNAMIC,CDF10/CDF-MILD,JMETALPY_1_7_NSGAII_DYNAMIC_RESTART_BRIDGE,1,COMPLETE,INCLUDED,0.2407179130184919,0.2487458770335478,,0
r8c-1422-1fd6414a680da147,1422,E1_DYNAMIC,CDF10/CDF-MILD,DT-RAMDE_TS2_FULL,2,COMPLETE,INCLUDED,0.1699221860358346,0.17603247699397848,,0
r8c-1423-49118597c375cd93,1423,E1_DYNAMIC,CDF10/CDF-MILD,MATCHED_FIXED_DE_PARETO,2,COMPLETE,INCLUDED,0.0,0.0,,0
r8c-1424-a13fda3c0388f197,1424,E1_DYNAMIC,CDF10/CDF-MILD,MATCHED_JDE_STYLE_PARETO,2,COMPLETE,INCLUDED,0.007413087259062076,0.06296964545110843,,0
r8c-1425-84709fc0cf4523b9,1425,E1_DYNAMIC,CDF10/CDF-MILD,MATCHED_SHADE_STYLE_PARETO,2,COMPLETE,INCLUDED,0.0007913073311779793,0.011548599407107701,,0
r8c-1426-8e7f58061fefad78,1426,E1_DYNAMIC,CDF10/CDF-MILD,JMETALPY_1_7_GDE3_STANDARD_PARETO_DE,2,COMPLETE,INCLUDED,0.0,0.0,,0
r8c-1427-100f3962f6158e2a,1427,E1_DYNAMIC,CDF10/CDF-MILD,JMETALPY_1_7_NSGAII_DYNAMIC_RESTART_BRIDGE,2,COMPLETE,INCLUDED,0.33752963217982296,0.34872119320876943,,0
r8c-1428-77f474813fb0ee69,1428,E1_DYNAMIC,CDF10/CDF-MILD,DT-RAMDE_TS2_FULL,3,COMPLETE,INCLUDED,0.4169805315522196,0.4312276703734134,,0
r8c-1429-64b1de4d20d10415,1429,E1_DYNAMIC,CDF10/CDF-MILD,MATCHED_FIXED_DE_PARETO,3,COMPLETE,INCLUDED,0.0,0.0,,0
r8c-1430-7658551f348ec665,1430,E1_DYNAMIC,CDF10/CDF-MILD,MATCHED_JDE_STYLE_PARETO,3,COMPLETE,INCLUDED,0.004956531554394077,0.049692867242270955,,0
r8c-1431-268bd055a835d399,1431,E1_DYNAMIC,CDF10/CDF-MILD,MATCHED_SHADE_STYLE_PARETO,3,COMPLETE,INCLUDED,0.00015480467980593372,0.005318571734015335,,0
r8c-1432-be2168cbcbbf1752,1432,E1_DYNAMIC,CDF10/CDF-MILD,JMETALPY_1_7_GDE3_STANDARD_PARETO_DE,3,COMPLETE,INCLUDED,0.0,0.0,,0
r8c-1433-9231fb94025c07a4,1433,E1_DYNAMIC,CDF10/CDF-MILD,JMETALPY_1_7_NSGAII_DYNAMIC_RESTART_BRIDGE,3,COMPLETE,INCLUDED,0.2800564641078255,0.28924473770181985,,0
r8c-1434-c97558f5034c077c,1434,E1_DYNAMIC,CDF10/CDF-MILD,DT-RAMDE_TS2_FULL,4,COMPLETE,INCLUDED,0.3449297619598987,0.357689363647059,,0
r8c-1435-57225a9bc6c6dd8e,1435,E1_DYNAMIC,CDF10/CDF-MILD,MATCHED_FIXED_DE_PARETO,4,COMPLETE,INCLUDED,0.0,0.0,,0
r8c-1436-203bc54a9e5db875,1436,E1_DYNAMIC,CDF10/CDF-MILD,MATCHED_JDE_STYLE_PARETO,4,COMPLETE,INCLUDED,0.00567305234619876,0.04761206502749336,,0
r8c-1437-700d5545564d9c24,1437,E1_DYNAMIC,CDF10/CDF-MILD,MATCHED_SHADE_STYLE_PARETO,4,COMPLETE,INCLUDED,0.0011254517113845003,0.012840409042941139,,0
r8c-1438-23063277c553dc14,1438,E1_DYNAMIC,CDF10/CDF-MILD,JMETALPY_1_7_GDE3_STANDARD_PARETO_DE,4,COMPLETE,INCLUDED,0.0,0.0,,0
r8c-1439-52404da0c50f963a,1439,E1_DYNAMIC,CDF10/CDF-MILD,JMETALPY_1_7_NSGAII_DYNAMIC_RESTART_BRIDGE,4,COMPLETE,INCLUDED,0.20015015576828654,0.20801676699390628,,0
r8c-1440-48ab29cf3f25a05d,1440,E1_DYNAMIC,CDF11/CDF-HARSH,DT-RAMDE_TS2_FULL,0,COMPLETE,INCLUDED,0.22059328404986014,0.23438105192665518,,0
r8c-1441-13fc7488bdebf4c5,1441,E1_DYNAMIC,CDF11/CDF-HARSH,MATCHED_FIXED_DE_PARETO,0,COMPLETE,INCLUDED,0.0,0.0,,0
r8c-1442-7912cdf7bc79adb7,1442,E1_DYNAMIC,CDF11/CDF-HARSH,MATCHED_JDE_STYLE_PARETO,0,COMPLETE,INCLUDED,0.0025449791182217984,0.025990802956949388,,0
r8c-1443-94dc3324abfec32b,1443,E1_DYNAMIC,CDF11/CDF-HARSH,MATCHED_SHADE_STYLE_PARETO,0,COMPLETE,INCLUDED,0.00017079155236998745,0.002577087737953494,,0
r8c-1444-fa6773bd09597485,1444,E1_DYNAMIC,CDF11/CDF-HARSH,JMETALPY_1_7_GDE3_STANDARD_PARETO_DE,0,COMPLETE,INCLUDED,0.0,0.0,,0
r8c-1445-06e5612f97f572bb,1445,E1_DYNAMIC,CDF11/CDF-HARSH,JMETALPY_1_7_NSGAII_DYNAMIC_RESTART_BRIDGE,0,COMPLETE,INCLUDED,0.10303495054058658,0.12344156036536921,,0
r8c-1446-5f3dd9b313d88fdc,1446,E1_DYNAMIC,CDF11/CDF-HARSH,DT-RAMDE_TS2_FULL,1,COMPLETE,INCLUDED,0.23822282652369,0.2600766900315826,,0
r8c-1447-b8daf8dc96465021,1447,E1_DYNAMIC,CDF11/CDF-HARSH,MATCHED_FIXED_DE_PARETO,1,COMPLETE,INCLUDED,0.0,0.0,,0
r8c-1448-c9a144260578556a,1448,E1_DYNAMIC,CDF11/CDF-HARSH,MATCHED_JDE_STYLE_PARETO,1,COMPLETE,INCLUDED,0.0028281095474977204,0.02526720495532571,,0
r8c-1449-0c9a28f4e4fd22c1,1449,E1_DYNAMIC,CDF11/CDF-HARSH,MATCHED_SHADE_STYLE_PARETO,1,COMPLETE,INCLUDED,0.00043201949790775784,0.006268698177573218,,0
r8c-1450-cff7672c0cdd016f,1450,E1_DYNAMIC,CDF11/CDF-HARSH,JMETALPY_1_7_GDE3_STANDARD_PARETO_DE,1,COMPLETE,INCLUDED,0.0,0.0,,0
r8c-1451-eac5008803fcbd1a,1451,E1_DYNAMIC,CDF11/CDF-HARSH,JMETALPY_1_7_NSGAII_DYNAMIC_RESTART_BRIDGE,1,COMPLETE,INCLUDED,0.2584739631328467,0.2800328005796792,,0
r8c-1452-77376ca80397bb4c,1452,E1_DYNAMIC,CDF11/CDF-HARSH,DT-RAMDE_TS2_FULL,2,COMPLETE,INCLUDED,0.11600805992886236,0.13974759983134896,,0
r8c-1453-7013e68d3a72d1b0,1453,E1_DYNAMIC,CDF11/CDF-HARSH,MATCHED_FIXED_DE_PARETO,2,COMPLETE,INCLUDED,0.0,0.0,,0
r8c-1454-0b82ae2d23366fc1,1454,E1_DYNAMIC,CDF11/CDF-HARSH,MATCHED_JDE_STYLE_PARETO,2,COMPLETE,INCLUDED,0.004451689083089395,0.03086813388187574,,0
r8c-1455-62810a2b02758d63,1455,E1_DYNAMIC,CDF11/CDF-HARSH,MATCHED_SHADE_STYLE_PARETO,2,COMPLETE,INCLUDED,0.00040167289735503696,0.0034714773735554836,,0
r8c-1456-9188762027345305,1456,E1_DYNAMIC,CDF11/CDF-HARSH,JMETALPY_1_7_GDE3_STANDARD_PARETO_DE,2,COMPLETE,INCLUDED,0.0,0.0,,0
r8c-1457-b77944ec4e92518b,1457,E1_DYNAMIC,CDF11/CDF-HARSH,JMETALPY_1_7_NSGAII_DYNAMIC_RESTART_BRIDGE,2,COMPLETE,INCLUDED,0.2433555548081149,0.2607587309914277,,0
r8c-1458-ca996688c84a01e6,1458,E1_DYNAMIC,CDF11/CDF-HARSH,DT-RAMDE_TS2_FULL,3,COMPLETE,INCLUDED,0.22988490197789066,0.25408079569798525,,0
r8c-1459-428fcdf1fd498e76,1459,E1_DYNAMIC,CDF11/CDF-HARSH,MATCHED_FIXED_DE_PARETO,3,COMPLETE,INCLUDED,0.0,0.0,,0
r8c-1460-dade2d0b63350742,1460,E1_DYNAMIC,CDF11/CDF-HARSH,MATCHED_JDE_STYLE_PARETO,3,COMPLETE,INCLUDED,0.004517642337844843,0.028299252334545368,,0
r8c-1461-3d4cb8b01b761427,1461,E1_DYNAMIC,CDF11/CDF-HARSH,MATCHED_SHADE_STYLE_PARETO,3,COMPLETE,INCLUDED,0.0005142688020261599,0.005179800758554932,,0
r8c-1462-8be6ec05d1e8962b,1462,E1_DYNAMIC,CDF11/CDF-HARSH,JMETALPY_1_7_GDE3_STANDARD_PARETO_DE,3,COMPLETE,INCLUDED,0.0,0.0,,0
r8c-1463-9e9bbe855413edc1,1463,E1_DYNAMIC,CDF11/CDF-HARSH,JMETALPY_1_7_NSGAII_DYNAMIC_RESTART_BRIDGE,3,COMPLETE,INCLUDED,0.2528546050759573,0.2685690435470417,,0
r8c-1464-ada27dc03f796cd7,1464,E1_DYNAMIC,CDF11/CDF-HARSH,DT-RAMDE_TS2_FULL,4,COMPLETE,INCLUDED,0.2236327650288195,0.2454928676390775,,0
r8c-1465-a4675e19b4c1ebed,1465,E1_DYNAMIC,CDF11/CDF-HARSH,MATCHED_FIXED_DE_PARETO,4,COMPLETE,INCLUDED,0.0,0.0,,0
r8c-1466-2f665d18d1aeab43,1466,E1_DYNAMIC,CDF11/CDF-HARSH,MATCHED_JDE_STYLE_PARETO,4,COMPLETE,INCLUDED,0.003092225634909133,0.032519356155437204,,0
r8c-1467-7fbc3cf9378fc609,1467,E1_DYNAMIC,CDF11/CDF-HARSH,MATCHED_SHADE_STYLE_PARETO,4,COMPLETE,INCLUDED,0.0003115471497910086,0.0038891912854809125,,0
r8c-1468-96aa18a737469b0c,1468,E1_DYNAMIC,CDF11/CDF-HARSH,JMETALPY_1_7_GDE3_STANDARD_PARETO_DE,4,COMPLETE,INCLUDED,0.0,0.0,,0
r8c-1469-2da405885172ac70,1469,E1_DYNAMIC,CDF11/CDF-HARSH,JMETALPY_1_7_NSGAII_DYNAMIC_RESTART_BRIDGE,4,COMPLETE,INCLUDED,0.1343590165767637,0.16735072577014629,,0
r8c-1470-53b00b66a44a96e3,1470,E1_DYNAMIC,CDF11/CDF-MILD,DT-RAMDE_TS2_FULL,0,COMPLETE,INCLUDED,0.19942641573841524,0.21260995036877725,,0
r8c-1471-789546c4968f4b1a,1471,E1_DYNAMIC,CDF11/CDF-MILD,MATCHED_FIXED_DE_PARETO,0,COMPLETE,INCLUDED,0.0,0.0,,0
r8c-1472-8ea28757a23272b4,1472,E1_DYNAMIC,CDF11/CDF-MILD,MATCHED_JDE_STYLE_PARETO,0,COMPLETE,INCLUDED,0.004643394482334037,0.03256503869553337,,0
r8c-1473-707f2fca005d2ee2,1473,E1_DYNAMIC,CDF11/CDF-MILD,MATCHED_SHADE_STYLE_PARETO,0,COMPLETE,INCLUDED,0.0006360168356082234,0.0049207894646006575,,0
r8c-1474-3e969088428c2e73,1474,E1_DYNAMIC,CDF11/CDF-MILD,JMETALPY_1_7_GDE3_STANDARD_PARETO_DE,0,COMPLETE,INCLUDED,0.0,0.0,,0
r8c-1475-5316df2ff9a56b64,1475,E1_DYNAMIC,CDF11/CDF-MILD,JMETALPY_1_7_NSGAII_DYNAMIC_RESTART_BRIDGE,0,COMPLETE,INCLUDED,0.10014476558416287,0.11131418137766794,,0
r8c-1476-89ec3eeb4c9ed5d3,1476,E1_DYNAMIC,CDF11/CDF-MILD,DT-RAMDE_TS2_FULL,1,COMPLETE,INCLUDED,0.240478794070794,0.26316961073299683,,0
r8c-1477-6bac4842961509e4,1477,E1_DYNAMIC,CDF11/CDF-MILD,MATCHED_FIXED_DE_PARETO,1,COMPLETE,INCLUDED,0.0,0.0,,0
r8c-1478-4bbfbdf2de1ee391,1478,E1_DYNAMIC,CDF11/CDF-MILD,MATCHED_JDE_STYLE_PARETO,1,COMPLETE,INCLUDED,0.0046738067451243676,0.03298547106816071,,0
r8c-1479-27be637adabc7469,1479,E1_DYNAMIC,CDF11/CDF-MILD,MATCHED_SHADE_STYLE_PARETO,1,COMPLETE,INCLUDED,0.00036430013772586534,0.004538338228707851,,0
r8c-1480-3256a83bc3e30834,1480,E1_DYNAMIC,CDF11/CDF-MILD,JMETALPY_1_7_GDE3_STANDARD_PARETO_DE,1,COMPLETE,INCLUDED,0.0,0.0,,0
r8c-1481-de56be2a8fc02d66,1481,E1_DYNAMIC,CDF11/CDF-MILD,JMETALPY_1_7_NSGAII_DYNAMIC_RESTART_BRIDGE,1,COMPLETE,INCLUDED,0.2560356514509816,0.27301989933785326,,0
r8c-1482-1b566f39e47008db,1482,E1_DYNAMIC,CDF11/CDF-MILD,DT-RAMDE_TS2_FULL,2,COMPLETE,INCLUDED,0.12222775774071773,0.14201114795937095,,0
r8c-1483-c1e5cda85a026f19,1483,E1_DYNAMIC,CDF11/CDF-MILD,MATCHED_FIXED_DE_PARETO,2,COMPLETE,INCLUDED,0.0,0.0,,0
r8c-1484-3e6c897f9255eff6,1484,E1_DYNAMIC,CDF11/CDF-MILD,MATCHED_JDE_STYLE_PARETO,2,COMPLETE,INCLUDED,0.0033204386011532363,0.02329260605530359,,0
r8c-1485-4ba704dd559593e5,1485,E1_DYNAMIC,CDF11/CDF-MILD,MATCHED_SHADE_STYLE_PARETO,2,COMPLETE,INCLUDED,0.0002761958988155052,0.0030157149767073596,,0
r8c-1486-dc62da35b4e356fd,1486,E1_DYNAMIC,CDF11/CDF-MILD,JMETALPY_1_7_GDE3_STANDARD_PARETO_DE,2,COMPLETE,INCLUDED,0.0,0.0,,0
r8c-1487-7ad4a9623968c44b,1487,E1_DYNAMIC,CDF11/CDF-MILD,JMETALPY_1_7_NSGAII_DYNAMIC_RESTART_BRIDGE,2,COMPLETE,INCLUDED,0.17347301788580363,0.1889914699002202,,0
r8c-1488-23041115252da144,1488,E1_DYNAMIC,CDF11/CDF-MILD,DT-RAMDE_TS2_FULL,3,COMPLETE,INCLUDED,0.23711817841006624,0.2593004762249234,,0
r8c-1489-f11df2ef255f7e54,1489,E1_DYNAMIC,CDF11/CDF-MILD,MATCHED_FIXED_DE_PARETO,3,COMPLETE,INCLUDED,0.0,0.0,,0
r8c-1490-4c30e17f30aa2213,1490,E1_DYNAMIC,CDF11/CDF-MILD,MATCHED_JDE_STYLE_PARETO,3,COMPLETE,INCLUDED,0.0052898796564130515,0.037092962600589016,,0
r8c-1491-cffda5136ca954c1,1491,E1_DYNAMIC,CDF11/CDF-MILD,MATCHED_SHADE_STYLE_PARETO,3,COMPLETE,INCLUDED,3.5160501139028145e-05,0.0014064200455611241,,0
r8c-1492-c7879b745e6d05bc,1492,E1_DYNAMIC,CDF11/CDF-MILD,JMETALPY_1_7_GDE3_STANDARD_PARETO_DE,3,COMPLETE,INCLUDED,0.0,0.0,,0
r8c-1493-c30c5a0f8114219d,1493,E1_DYNAMIC,CDF11/CDF-MILD,JMETALPY_1_7_NSGAII_DYNAMIC_RESTART_BRIDGE,3,COMPLETE,INCLUDED,0.267396534158403,0.2847206069021906,,0
r8c-1494-792e221ce0fb5509,1494,E1_DYNAMIC,CDF11/CDF-MILD,DT-RAMDE_TS2_FULL,4,COMPLETE,INCLUDED,0.22774734405085853,0.2504946714488846,,0
r8c-1495-34740bc9b3b289e4,1495,E1_DYNAMIC,CDF11/CDF-MILD,MATCHED_FIXED_DE_PARETO,4,COMPLETE,INCLUDED,0.0,0.0,,0
r8c-1496-b505f08dea5826ae,1496,E1_DYNAMIC,CDF11/CDF-MILD,MATCHED_JDE_STYLE_PARETO,4,COMPLETE,INCLUDED,0.0025854268038706433,0.026869049482381144,,0
r8c-1497-757163682935e5ce,1497,E1_DYNAMIC,CDF11/CDF-MILD,MATCHED_SHADE_STYLE_PARETO,4,COMPLETE,INCLUDED,0.0007490755383488616,0.00531840799243462,,0
r8c-1498-0c0e8c88b179ccf2,1498,E1_DYNAMIC,CDF11/CDF-MILD,JMETALPY_1_7_GDE3_STANDARD_PARETO_DE,4,COMPLETE,INCLUDED,0.0,0.0,,0
r8c-1499-c7db925638415d2c,1499,E1_DYNAMIC,CDF11/CDF-MILD,JMETALPY_1_7_NSGAII_DYNAMIC_RESTART_BRIDGE,4,COMPLETE,INCLUDED,0.17097060038223388,0.19207544911852223,,0
r8c-1500-eb6cf95c3fcee158,1500,E1_DYNAMIC,CDF12/CDF-HARSH,DT-RAMDE_TS2_FULL,0,COMPLETE,INCLUDED,0.4617201931355256,0.4811997013600859,,0
r8c-1501-21f7e94e77160879,1501,E1_DYNAMIC,CDF12/CDF-HARSH,MATCHED_FIXED_DE_PARETO,0,COMPLETE,INCLUDED,0.21504869790431458,0.35223227076176483,,0
r8c-1502-e11341527d01dbd1,1502,E1_DYNAMIC,CDF12/CDF-HARSH,MATCHED_JDE_STYLE_PARETO,0,COMPLETE,INCLUDED,0.2459415250898743,0.38856068885057543,,0
r8c-1503-089cdcdd34b3fc26,1503,E1_DYNAMIC,CDF12/CDF-HARSH,MATCHED_SHADE_STYLE_PARETO,0,COMPLETE,INCLUDED,0.2584459882335239,0.4003763557274509,,0
r8c-1504-26d923da1f9af508,1504,E1_DYNAMIC,CDF12/CDF-HARSH,JMETALPY_1_7_GDE3_STANDARD_PARETO_DE,0,COMPLETE,INCLUDED,0.21496694668626687,0.35367011233253526,,0
r8c-1505-0f4d321ab82090e8,1505,E1_DYNAMIC,CDF12/CDF-HARSH,JMETALPY_1_7_NSGAII_DYNAMIC_RESTART_BRIDGE,0,COMPLETE,INCLUDED,0.4392829716388735,0.4541810847617704,,0
r8c-1506-bc70e2d9c1434d59,1506,E1_DYNAMIC,CDF12/CDF-HARSH,DT-RAMDE_TS2_FULL,1,COMPLETE,INCLUDED,0.4593583296221816,0.47885950380270786,,0
r8c-1507-cbbf1dad971884ed,1507,E1_DYNAMIC,CDF12/CDF-HARSH,MATCHED_FIXED_DE_PARETO,1,COMPLETE,INCLUDED,0.2223580751797604,0.3532575709920332,,0
r8c-1508-0701a445f5932f94,1508,E1_DYNAMIC,CDF12/CDF-HARSH,MATCHED_JDE_STYLE_PARETO,1,COMPLETE,INCLUDED,0.2527861811244329,0.3940903790433862,,0
r8c-1509-086b736e04e89260,1509,E1_DYNAMIC,CDF12/CDF-HARSH,MATCHED_SHADE_STYLE_PARETO,1,COMPLETE,INCLUDED,0.26537778788174216,0.4024928715750064,,0
r8c-1510-cc2b6f1b068b7bef,1510,E1_DYNAMIC,CDF12/CDF-HARSH,JMETALPY_1_7_GDE3_STANDARD_PARETO_DE,1,COMPLETE,INCLUDED,0.2196228160446639,0.3571103239151344,,0
r8c-1511-42befa0df053aaec,1511,E1_DYNAMIC,CDF12/CDF-HARSH,JMETALPY_1_7_NSGAII_DYNAMIC_RESTART_BRIDGE,1,COMPLETE,INCLUDED,0.37458104879279586,0.3867160431132293,,0
r8c-1512-9137fc6e3b2fc7fd,1512,E1_DYNAMIC,CDF12/CDF-HARSH,DT-RAMDE_TS2_FULL,2,COMPLETE,INCLUDED,0.4661450531552782,0.4860270673194264,,0
r8c-1513-24ad1c375700d246,1513,E1_DYNAMIC,CDF12/CDF-HARSH,MATCHED_FIXED_DE_PARETO,2,COMPLETE,INCLUDED,0.21534250066469116,0.3510973751421512,,0
r8c-1514-2c89e2b72a73fb77,1514,E1_DYNAMIC,CDF12/CDF-HARSH,MATCHED_JDE_STYLE_PARETO,2,COMPLETE,INCLUDED,0.25072852237247906,0.3931652080599789,,0
r8c-1515-15a5cacf036b3061,1515,E1_DYNAMIC,CDF12/CDF-HARSH,MATCHED_SHADE_STYLE_PARETO,2,COMPLETE,INCLUDED,0.26093375057706214,0.40290478599062013,,0
r8c-1516-7fc0c1177d25a6ba,1516,E1_DYNAMIC,CDF12/CDF-HARSH,JMETALPY_1_7_GDE3_STANDARD_PARETO_DE,2,COMPLETE,INCLUDED,0.215663700422643,0.35350883414271106,,0
r8c-1517-12431f620a596a0f,1517,E1_DYNAMIC,CDF12/CDF-HARSH,JMETALPY_1_7_NSGAII_DYNAMIC_RESTART_BRIDGE,2,COMPLETE,INCLUDED,0.3898139756435873,0.40346289198881746,,0
r8c-1518-f5b58d7706f40819,1518,E1_DYNAMIC,CDF12/CDF-HARSH,DT-RAMDE_TS2_FULL,3,COMPLETE,INCLUDED,0.44752709314264805,0.4661898116962856,,0
r8c-1519-8dc0da419018d434,1519,E1_DYNAMIC,CDF12/CDF-HARSH,MATCHED_FIXED_DE_PARETO,3,COMPLETE,INCLUDED,0.2194492558859455,0.3536178590670185,,0
r8c-1520-411c8f75a047ca83,1520,E1_DYNAMIC,CDF12/CDF-HARSH,MATCHED_JDE_STYLE_PARETO,3,COMPLETE,INCLUDED,0.24521485992873157,0.389120434067449,,0
r8c-1521-950af85c670c897a,1521,E1_DYNAMIC,CDF12/CDF-HARSH,MATCHED_SHADE_STYLE_PARETO,3,COMPLETE,INCLUDED,0.25633644132710887,0.3984722255104557,,0
r8c-1522-ea1e37b198d35705,1522,E1_DYNAMIC,CDF12/CDF-HARSH,JMETALPY_1_7_GDE3_STANDARD_PARETO_DE,3,COMPLETE,INCLUDED,0.21609411286250121,0.3511651713121031,,0
r8c-1523-fa068bb79d15cd02,1523,E1_DYNAMIC,CDF12/CDF-HARSH,JMETALPY_1_7_NSGAII_DYNAMIC_RESTART_BRIDGE,3,COMPLETE,INCLUDED,0.403833362319317,0.4177970847054219,,0
r8c-1524-2819f6c46e80c8f8,1524,E1_DYNAMIC,CDF12/CDF-HARSH,DT-RAMDE_TS2_FULL,4,COMPLETE,INCLUDED,0.47731156269926406,0.49792936946158456,,0
r8c-1525-9d7a37f647dc388c,1525,E1_DYNAMIC,CDF12/CDF-HARSH,MATCHED_FIXED_DE_PARETO,4,COMPLETE,INCLUDED,0.2174571075331337,0.3503377901762553,,0
r8c-1526-820639fc64eec0ea,1526,E1_DYNAMIC,CDF12/CDF-HARSH,MATCHED_JDE_STYLE_PARETO,4,COMPLETE,INCLUDED,0.2464620553718274,0.389567477967132,,0
r8c-1527-fe4eae3e78d1ba50,1527,E1_DYNAMIC,CDF12/CDF-HARSH,MATCHED_SHADE_STYLE_PARETO,4,COMPLETE,INCLUDED,0.25508287538982777,0.3897910107384678,,0
r8c-1528-0400b71077347ca7,1528,E1_DYNAMIC,CDF12/CDF-HARSH,JMETALPY_1_7_GDE3_STANDARD_PARETO_DE,4,COMPLETE,INCLUDED,0.2161035479032676,0.34848570743351986,,0
r8c-1529-4827933ad4768608,1529,E1_DYNAMIC,CDF12/CDF-HARSH,JMETALPY_1_7_NSGAII_DYNAMIC_RESTART_BRIDGE,4,COMPLETE,INCLUDED,0.4472572833806934,0.46287428587666263,,0
r8c-1530-b0d290d35e526535,1530,E1_DYNAMIC,CDF12/CDF-MILD,DT-RAMDE_TS2_FULL,0,COMPLETE,INCLUDED,0.46105499944367606,0.47809368314653977,,0
r8c-1531-634d1f77916dd89c,1531,E1_DYNAMIC,CDF12/CDF-MILD,MATCHED_FIXED_DE_PARETO,0,COMPLETE,INCLUDED,0.21496501094284443,0.34687072369953664,,0
r8c-1532-9668553b647b7aef,1532,E1_DYNAMIC,CDF12/CDF-MILD,MATCHED_JDE_STYLE_PARETO,0,COMPLETE,INCLUDED,0.2438562965116082,0.3879826607806688,,0
r8c-1533-bc27f69d68a91c14,1533,E1_DYNAMIC,CDF12/CDF-MILD,MATCHED_SHADE_STYLE_PARETO,0,COMPLETE,INCLUDED,0.2565175892050949,0.39749444943846224,,0
r8c-1534-3b0b468786306a2e,1534,E1_DYNAMIC,CDF12/CDF-MILD,JMETALPY_1_7_GDE3_STANDARD_PARETO_DE,0,COMPLETE,INCLUDED,0.21524178334741748,0.35459167157325544,,0
r8c-1535-a57c5b57ff455d7c,1535,E1_DYNAMIC,CDF12/CDF-MILD,JMETALPY_1_7_NSGAII_DYNAMIC_RESTART_BRIDGE,0,COMPLETE,INCLUDED,0.4360189544584612,0.4507486690662812,,0
r8c-1536-3d79038f25f4671d,1536,E1_DYNAMIC,CDF12/CDF-MILD,DT-RAMDE_TS2_FULL,1,COMPLETE,INCLUDED,0.4581905892726423,0.47591098098342666,,0
r8c-1537-7fb83ff6776bcc18,1537,E1_DYNAMIC,CDF12/CDF-MILD,MATCHED_FIXED_DE_PARETO,1,COMPLETE,INCLUDED,0.21488039481647492,0.35158477180952,,0
r8c-1538-2b0fd52a181c109d,1538,E1_DYNAMIC,CDF12/CDF-MILD,MATCHED_JDE_STYLE_PARETO,1,COMPLETE,INCLUDED,0.2552591099002981,0.4016181262067226,,0
r8c-1539-530e94eaf952963a,1539,E1_DYNAMIC,CDF12/CDF-MILD,MATCHED_SHADE_STYLE_PARETO,1,COMPLETE,INCLUDED,0.260326144246126,0.4000327634809165,,0
r8c-1540-6c2c0d12750e1b97,1540,E1_DYNAMIC,CDF12/CDF-MILD,JMETALPY_1_7_GDE3_STANDARD_PARETO_DE,1,COMPLETE,INCLUDED,0.2223742085327145,0.3592118459762815,,0
r8c-1541-f84f7aeb352da072,1541,E1_DYNAMIC,CDF12/CDF-MILD,JMETALPY_1_7_NSGAII_DYNAMIC_RESTART_BRIDGE,1,COMPLETE,INCLUDED,0.3677220588890243,0.3789807381920803,,0
r8c-1542-21b942f99da1f73b,1542,E1_DYNAMIC,CDF12/CDF-MILD,DT-RAMDE_TS2_FULL,2,COMPLETE,INCLUDED,0.4784125093303532,0.49684091840060224,,0
r8c-1543-1ef3f0ae97df9382,1543,E1_DYNAMIC,CDF12/CDF-MILD,MATCHED_FIXED_DE_PARETO,2,COMPLETE,INCLUDED,0.21436570203640323,0.34656939164029066,,0
r8c-1544-9d0dba73e8a7e043,1544,E1_DYNAMIC,CDF12/CDF-MILD,MATCHED_JDE_STYLE_PARETO,2,COMPLETE,INCLUDED,0.24612324637856187,0.39002073155570854,,0
r8c-1545-148325b59efa5898,1545,E1_DYNAMIC,CDF12/CDF-MILD,MATCHED_SHADE_STYLE_PARETO,2,COMPLETE,INCLUDED,0.26039562091102975,0.4038547781484388,,0
r8c-1546-a15bcfbad0517544,1546,E1_DYNAMIC,CDF12/CDF-MILD,JMETALPY_1_7_GDE3_STANDARD_PARETO_DE,2,COMPLETE,INCLUDED,0.2212115926909994,0.35623376739856344,,0
r8c-1547-11d422b7baa7106a,1547,E1_DYNAMIC,CDF12/CDF-MILD,JMETALPY_1_7_NSGAII_DYNAMIC_RESTART_BRIDGE,2,COMPLETE,INCLUDED,0.409268289574668,0.423500663322699,,0
r8c-1548-032bffd7f711cbe0,1548,E1_DYNAMIC,CDF12/CDF-MILD,DT-RAMDE_TS2_FULL,3,COMPLETE,INCLUDED,0.44941274123386793,0.46687363158043954,,0
r8c-1549-60f0eee5526b2b07,1549,E1_DYNAMIC,CDF12/CDF-MILD,MATCHED_FIXED_DE_PARETO,3,COMPLETE,INCLUDED,0.21931341519913533,0.35263343154572163,,0
r8c-1550-f7f67434e35e8136,1550,E1_DYNAMIC,CDF12/CDF-MILD,MATCHED_JDE_STYLE_PARETO,3,COMPLETE,INCLUDED,0.2458808756332714,0.38874509868394375,,0
r8c-1551-bc78850888ff2fb7,1551,E1_DYNAMIC,CDF12/CDF-MILD,MATCHED_SHADE_STYLE_PARETO,3,COMPLETE,INCLUDED,0.2568944735047635,0.39612505308220736,,0
r8c-1552-7baaea0eddc7c3cb,1552,E1_DYNAMIC,CDF12/CDF-MILD,JMETALPY_1_7_GDE3_STANDARD_PARETO_DE,3,COMPLETE,INCLUDED,0.21718122160546657,0.35154418530245873,,0
r8c-1553-27112f01661d59fe,1553,E1_DYNAMIC,CDF12/CDF-MILD,JMETALPY_1_7_NSGAII_DYNAMIC_RESTART_BRIDGE,3,COMPLETE,INCLUDED,0.4161832306378467,0.43016876625417666,,0
r8c-1554-892894939c1ee00b,1554,E1_DYNAMIC,CDF12/CDF-MILD,DT-RAMDE_TS2_FULL,4,COMPLETE,INCLUDED,0.4720578242598173,0.49203258784864445,,0
r8c-1555-82b098e0cb79c0df,1555,E1_DYNAMIC,CDF12/CDF-MILD,MATCHED_FIXED_DE_PARETO,4,COMPLETE,INCLUDED,0.21710007098192813,0.3533262080696728,,0
r8c-1556-ffa8a1b04ed57abc,1556,E1_DYNAMIC,CDF12/CDF-MILD,MATCHED_JDE_STYLE_PARETO,4,COMPLETE,INCLUDED,0.2462928170664697,0.390841329952689,,0
r8c-1557-7c5b626aa19b61b8,1557,E1_DYNAMIC,CDF12/CDF-MILD,MATCHED_SHADE_STYLE_PARETO,4,COMPLETE,INCLUDED,0.2566899586433888,0.3982963680982707,,0
r8c-1558-0cfa0e71252b0339,1558,E1_DYNAMIC,CDF12/CDF-MILD,JMETALPY_1_7_GDE3_STANDARD_PARETO_DE,4,COMPLETE,INCLUDED,0.21406433075095346,0.3486446742597193,,0
r8c-1559-6cab102b04c9a329,1559,E1_DYNAMIC,CDF12/CDF-MILD,JMETALPY_1_7_NSGAII_DYNAMIC_RESTART_BRIDGE,4,COMPLETE,INCLUDED,0.45864641749512397,0.47422130391262773,,0
r8c-1560-c247594a47bf5a14,1560,E1_DYNAMIC,CDF13/CDF-HARSH,DT-RAMDE_TS2_FULL,0,COMPLETE,INCLUDED,0.4446927758099946,0.4847570800325593,,0
r8c-1561-bddebca06cfa52ef,1561,E1_DYNAMIC,CDF13/CDF-HARSH,MATCHED_FIXED_DE_PARETO,0,COMPLETE,INCLUDED,0.16188357399193784,0.30884194807835524,,0
r8c-1562-4106b2dd30f4b1fb,1562,E1_DYNAMIC,CDF13/CDF-HARSH,MATCHED_JDE_STYLE_PARETO,0,COMPLETE,INCLUDED,0.23599668633274684,0.4169712243020662,,0
r8c-1563-e89590db24a1ac0a,1563,E1_DYNAMIC,CDF13/CDF-HARSH,MATCHED_SHADE_STYLE_PARETO,0,COMPLETE,INCLUDED,0.22865030336693037,0.41545792133207315,,0
r8c-1564-d827d2de8bf56b34,1564,E1_DYNAMIC,CDF13/CDF-HARSH,JMETALPY_1_7_GDE3_STANDARD_PARETO_DE,0,COMPLETE,INCLUDED,0.16711292256837543,0.3181627167796392,,0
r8c-1565-24e6244e2be8b00c,1565,E1_DYNAMIC,CDF13/CDF-HARSH,JMETALPY_1_7_NSGAII_DYNAMIC_RESTART_BRIDGE,0,COMPLETE,INCLUDED,0.4099738791460261,0.4350031567362627,,0
r8c-1566-27fa1594e1287ed2,1566,E1_DYNAMIC,CDF13/CDF-HARSH,DT-RAMDE_TS2_FULL,1,COMPLETE,INCLUDED,0.41594678797936574,0.44906056782077175,,0
r8c-1567-893c3a231982314a,1567,E1_DYNAMIC,CDF13/CDF-HARSH,MATCHED_FIXED_DE_PARETO,1,COMPLETE,INCLUDED,0.14096208572135727,0.27986922414023613,,0
r8c-1568-b0bc8eaa836c75d7,1568,E1_DYNAMIC,CDF13/CDF-HARSH,MATCHED_JDE_STYLE_PARETO,1,COMPLETE,INCLUDED,0.22070699313643943,0.3948171231134768,,0
r8c-1569-fe1e2743d9cc7fb6,1569,E1_DYNAMIC,CDF13/CDF-HARSH,MATCHED_SHADE_STYLE_PARETO,1,COMPLETE,INCLUDED,0.1989834489366006,0.38032072960045576,,0
r8c-1570-292fffc3f8c60b7e,1570,E1_DYNAMIC,CDF13/CDF-HARSH,JMETALPY_1_7_GDE3_STANDARD_PARETO_DE,1,COMPLETE,INCLUDED,0.1401742570955257,0.27442276628150847,,0
r8c-1571-10106ce4fc73795e,1571,E1_DYNAMIC,CDF13/CDF-HARSH,JMETALPY_1_7_NSGAII_DYNAMIC_RESTART_BRIDGE,1,COMPLETE,INCLUDED,0.38211391566849645,0.4036232366219653,,0
r8c-1572-d5a9413e4b628cfd,1572,E1_DYNAMIC,CDF13/CDF-HARSH,DT-RAMDE_TS2_FULL,2,COMPLETE,INCLUDED,0.4742326491035476,0.5148806014763007,,0
r8c-1573-75169a4ff5e1ba1b,1573,E1_DYNAMIC,CDF13/CDF-HARSH,MATCHED_FIXED_DE_PARETO,2,COMPLETE,INCLUDED,0.16514368129932464,0.3254376022797206,,0
r8c-1574-0b142dae3643c6e8,1574,E1_DYNAMIC,CDF13/CDF-HARSH,MATCHED_JDE_STYLE_PARETO,2,COMPLETE,INCLUDED,0.2407990106382367,0.43209705925067,,0
r8c-1575-234fdf17b68f9eac,1575,E1_DYNAMIC,CDF13/CDF-HARSH,MATCHED_SHADE_STYLE_PARETO,2,COMPLETE,INCLUDED,0.22610386041231212,0.42449247501234305,,0
r8c-1576-3fc002474533f2f0,1576,E1_DYNAMIC,CDF13/CDF-HARSH,JMETALPY_1_7_GDE3_STANDARD_PARETO_DE,2,COMPLETE,INCLUDED,0.1579227402586034,0.3138028964144509,,0
r8c-1577-f8f69227b7a28569,1577,E1_DYNAMIC,CDF13/CDF-HARSH,JMETALPY_1_7_NSGAII_DYNAMIC_RESTART_BRIDGE,2,COMPLETE,INCLUDED,0.4166456710913055,0.4417295408628497,,0
r8c-1578-f4517039074fd063,1578,E1_DYNAMIC,CDF13/CDF-HARSH,DT-RAMDE_TS2_FULL,3,COMPLETE,INCLUDED,0.40590256020339227,0.45373077043509086,,0
r8c-1579-643c6e9d21972023,1579,E1_DYNAMIC,CDF13/CDF-HARSH,MATCHED_FIXED_DE_PARETO,3,COMPLETE,INCLUDED,0.12556354256340266,0.261098512933945,,0
r8c-1580-fdbc44c9be397682,1580,E1_DYNAMIC,CDF13/CDF-HARSH,MATCHED_JDE_STYLE_PARETO,3,COMPLETE,INCLUDED,0.20739018156289488,0.3852741928591754,,0
r8c-1581-e24e8bc5afd530e1,1581,E1_DYNAMIC,CDF13/CDF-HARSH,MATCHED_SHADE_STYLE_PARETO,3,COMPLETE,INCLUDED,0.18359176750493822,0.36378785592028734,,0
r8c-1582-9cf23fc25964d450,1582,E1_DYNAMIC,CDF13/CDF-HARSH,JMETALPY_1_7_GDE3_STANDARD_PARETO_DE,3,COMPLETE,INCLUDED,0.12290742329572929,0.2581848762639551,,0
r8c-1583-54b044f601ef104f,1583,E1_DYNAMIC,CDF13/CDF-HARSH,JMETALPY_1_7_NSGAII_DYNAMIC_RESTART_BRIDGE,3,COMPLETE,INCLUDED,0.38538810121701883,0.40823539896400224,,0
r8c-1584-416b0f7dc0b31391,1584,E1_DYNAMIC,CDF13/CDF-HARSH,DT-RAMDE_TS2_FULL,4,COMPLETE,INCLUDED,0.4556589686931568,0.5028092311144415,,0
r8c-1585-edd3ac540f43354e,1585,E1_DYNAMIC,CDF13/CDF-HARSH,MATCHED_FIXED_DE_PARETO,4,COMPLETE,INCLUDED,0.1851429173270989,0.3425186511284204,,0
r8c-1586-b158861a49598723,1586,E1_DYNAMIC,CDF13/CDF-HARSH,MATCHED_JDE_STYLE_PARETO,4,COMPLETE,INCLUDED,0.2603504673003944,0.4419758640638237,,0
r8c-1587-813f54c5c6e08ac4,1587,E1_DYNAMIC,CDF13/CDF-HARSH,MATCHED_SHADE_STYLE_PARETO,4,COMPLETE,INCLUDED,0.23913249326315036,0.43014496940938146,,0
r8c-1588-2075f720155c81b0,1588,E1_DYNAMIC,CDF13/CDF-HARSH,JMETALPY_1_7_GDE3_STANDARD_PARETO_DE,4,COMPLETE,INCLUDED,0.17455921739283412,0.33633368948681824,,0
r8c-1589-a99b7b38b2ff9103,1589,E1_DYNAMIC,CDF13/CDF-HARSH,JMETALPY_1_7_NSGAII_DYNAMIC_RESTART_BRIDGE,4,COMPLETE,INCLUDED,0.42399829285458074,0.4533941280886934,,0
r8c-1590-4727638f7af23d82,1590,E1_DYNAMIC,CDF13/CDF-MILD,DT-RAMDE_TS2_FULL,0,COMPLETE,INCLUDED,0.44108254520564716,0.4689580321010125,,0
r8c-1591-a594b280a91f1b1c,1591,E1_DYNAMIC,CDF13/CDF-MILD,MATCHED_FIXED_DE_PARETO,0,COMPLETE,INCLUDED,0.11915114658830275,0.26098489374393957,,0
r8c-1592-80bbcd6432c360cc,1592,E1_DYNAMIC,CDF13/CDF-MILD,MATCHED_JDE_STYLE_PARETO,0,COMPLETE,INCLUDED,0.19407924585963057,0.37176243505892653,,0
r8c-1593-3eac4145a767c770,1593,E1_DYNAMIC,CDF13/CDF-MILD,MATCHED_SHADE_STYLE_PARETO,0,COMPLETE,INCLUDED,0.18445627776104978,0.36516151348402487,,0
r8c-1594-b7755b670b90fc98,1594,E1_DYNAMIC,CDF13/CDF-MILD,JMETALPY_1_7_GDE3_STANDARD_PARETO_DE,0,COMPLETE,INCLUDED,0.12274125814530215,0.2715991180198347,,0
r8c-1595-1d9191acd9bebc18,1595,E1_DYNAMIC,CDF13/CDF-MILD,JMETALPY_1_7_NSGAII_DYNAMIC_RESTART_BRIDGE,0,COMPLETE,INCLUDED,0.40559127902154707,0.4232090678841584,,0
r8c-1596-35002cb99abf0313,1596,E1_DYNAMIC,CDF13/CDF-MILD,DT-RAMDE_TS2_FULL,1,COMPLETE,INCLUDED,0.48459423146739117,0.5114598490147013,,0
r8c-1597-4671fcef66e30552,1597,E1_DYNAMIC,CDF13/CDF-MILD,MATCHED_FIXED_DE_PARETO,1,COMPLETE,INCLUDED,0.17081757065989842,0.3306605986749517,,0
r8c-1598-cd08762a81596726,1598,E1_DYNAMIC,CDF13/CDF-MILD,MATCHED_JDE_STYLE_PARETO,1,COMPLETE,INCLUDED,0.2533918256629895,0.4473603462950367,,0
r8c-1599-2f795c76b1889990,1599,E1_DYNAMIC,CDF13/CDF-MILD,MATCHED_SHADE_STYLE_PARETO,1,COMPLETE,INCLUDED,0.23177302513127643,0.43142287024712983,,0
r8c-1600-449f3e76cee46ae7,1600,E1_DYNAMIC,CDF13/CDF-MILD,JMETALPY_1_7_GDE3_STANDARD_PARETO_DE,1,COMPLETE,INCLUDED,0.1710131070670897,0.3303997130126576,,0
r8c-1601-dbcb2bfd5104625f,1601,E1_DYNAMIC,CDF13/CDF-MILD,JMETALPY_1_7_NSGAII_DYNAMIC_RESTART_BRIDGE,1,COMPLETE,INCLUDED,0.46880793149478994,0.48758373912229486,,0
r8c-1602-4acf57dc0b2ddf90,1602,E1_DYNAMIC,CDF13/CDF-MILD,DT-RAMDE_TS2_FULL,2,COMPLETE,INCLUDED,0.4336764142198784,0.4621914533320524,,0
r8c-1603-7f313112156fa379,1603,E1_DYNAMIC,CDF13/CDF-MILD,MATCHED_FIXED_DE_PARETO,2,COMPLETE,INCLUDED,0.12778943509308602,0.27505825723409033,,0
r8c-1604-4127ed9d19974afe,1604,E1_DYNAMIC,CDF13/CDF-MILD,MATCHED_JDE_STYLE_PARETO,2,COMPLETE,INCLUDED,0.20676422448950735,0.3825960381776677,,0
r8c-1605-6cd9c48a8b7c5b9e,1605,E1_DYNAMIC,CDF13/CDF-MILD,MATCHED_SHADE_STYLE_PARETO,2,COMPLETE,INCLUDED,0.18895319965213198,0.3654398943710198,,0
r8c-1606-37f09c3bdc1c3012,1606,E1_DYNAMIC,CDF13/CDF-MILD,JMETALPY_1_7_GDE3_STANDARD_PARETO_DE,2,COMPLETE,INCLUDED,0.1328321368411346,0.2808186433672447,,0
r8c-1607-27b92fd2a9f1fff0,1607,E1_DYNAMIC,CDF13/CDF-MILD,JMETALPY_1_7_NSGAII_DYNAMIC_RESTART_BRIDGE,2,COMPLETE,INCLUDED,0.4309322037146474,0.45197590183452413,,0
r8c-1608-2d917e1a47c59995,1608,E1_DYNAMIC,CDF13/CDF-MILD,DT-RAMDE_TS2_FULL,3,COMPLETE,INCLUDED,0.46297351408875614,0.4902475936225997,,0
r8c-1609-0b12b0f28dec264e,1609,E1_DYNAMIC,CDF13/CDF-MILD,MATCHED_FIXED_DE_PARETO,3,COMPLETE,INCLUDED,0.17204398328621553,0.34632937723990614,,0
r8c-1610-2b43827ae70e3d53,1610,E1_DYNAMIC,CDF13/CDF-MILD,MATCHED_JDE_STYLE_PARETO,3,COMPLETE,INCLUDED,0.2558816106740201,0.44300972396269134,,0
r8c-1611-a9af907043feadfe,1611,E1_DYNAMIC,CDF13/CDF-MILD,MATCHED_SHADE_STYLE_PARETO,3,COMPLETE,INCLUDED,0.23788767212199174,0.4319700183031704,,0
r8c-1612-16287dc9fa8aecf7,1612,E1_DYNAMIC,CDF13/CDF-MILD,JMETALPY_1_7_GDE3_STANDARD_PARETO_DE,3,COMPLETE,INCLUDED,0.17550522231502125,0.34475232253242655,,0
r8c-1613-d8124cf5ed76f1d5,1613,E1_DYNAMIC,CDF13/CDF-MILD,JMETALPY_1_7_NSGAII_DYNAMIC_RESTART_BRIDGE,3,COMPLETE,INCLUDED,0.4611617683971034,0.4808279782230976,,0
r8c-1614-234bbb617cc3d69d,1614,E1_DYNAMIC,CDF13/CDF-MILD,DT-RAMDE_TS2_FULL,4,COMPLETE,INCLUDED,0.45408108268163005,0.4915706297182043,,0
r8c-1615-01bdc633b21144b4,1615,E1_DYNAMIC,CDF13/CDF-MILD,MATCHED_FIXED_DE_PARETO,4,COMPLETE,INCLUDED,0.14293626266624876,0.2877408299052958,,0
r8c-1616-7e904f17e0764bfc,1616,E1_DYNAMIC,CDF13/CDF-MILD,MATCHED_JDE_STYLE_PARETO,4,COMPLETE,INCLUDED,0.21655209261529446,0.4007367148795862,,0
r8c-1617-3b1ac7b22813b499,1617,E1_DYNAMIC,CDF13/CDF-MILD,MATCHED_SHADE_STYLE_PARETO,4,COMPLETE,INCLUDED,0.20586740869125583,0.39107849396275074,,0
r8c-1618-7c39654069ec3a3d,1618,E1_DYNAMIC,CDF13/CDF-MILD,JMETALPY_1_7_GDE3_STANDARD_PARETO_DE,4,COMPLETE,INCLUDED,0.13290922796181606,0.2782559972460985,,0
r8c-1619-9c21c836692cff6a,1619,E1_DYNAMIC,CDF13/CDF-MILD,JMETALPY_1_7_NSGAII_DYNAMIC_RESTART_BRIDGE,4,COMPLETE,INCLUDED,0.42443242659237623,0.44784524491965033,,0
r8c-1620-8bcd7cf8b976cc42,1620,E1_DYNAMIC,CDF14/CDF-HARSH,DT-RAMDE_TS2_FULL,0,COMPLETE,INCLUDED,0.5231860376487232,0.5496924070545635,,0
r8c-1621-2194d6af97187d00,1621,E1_DYNAMIC,CDF14/CDF-HARSH,MATCHED_FIXED_DE_PARETO,0,COMPLETE,INCLUDED,0.486505605557874,0.5478100482553122,,0
r8c-1622-25dd52710b14f385,1622,E1_DYNAMIC,CDF14/CDF-HARSH,MATCHED_JDE_STYLE_PARETO,0,COMPLETE,INCLUDED,0.48375214225778573,0.5474636655663391,,0
r8c-1623-1c91917d0e337627,1623,E1_DYNAMIC,CDF14/CDF-HARSH,MATCHED_SHADE_STYLE_PARETO,0,COMPLETE,INCLUDED,0.46820703833469146,0.5301461491680587,,0
r8c-1624-54920303ce6d626d,1624,E1_DYNAMIC,CDF14/CDF-HARSH,JMETALPY_1_7_GDE3_STANDARD_PARETO_DE,0,COMPLETE,INCLUDED,0.48696578722759354,0.5495474953871934,,0
r8c-1625-d10b54fbc0749c3f,1625,E1_DYNAMIC,CDF14/CDF-HARSH,JMETALPY_1_7_NSGAII_DYNAMIC_RESTART_BRIDGE,0,COMPLETE,INCLUDED,0.5240580108813664,0.5487922289188777,,0
r8c-1626-5e94eeeace123fab,1626,E1_DYNAMIC,CDF14/CDF-HARSH,DT-RAMDE_TS2_FULL,1,COMPLETE,INCLUDED,0.5258287876480916,0.5523284246021944,,0
r8c-1627-31fcab669f4ee400,1627,E1_DYNAMIC,CDF14/CDF-HARSH,MATCHED_FIXED_DE_PARETO,1,COMPLETE,INCLUDED,0.48684562848048907,0.5488509085203382,,0
r8c-1628-c12a39b3b426c377,1628,E1_DYNAMIC,CDF14/CDF-HARSH,MATCHED_JDE_STYLE_PARETO,1,COMPLETE,INCLUDED,0.48428383527910207,0.5475713727865427,,0
r8c-1629-05dd4f67eebb0b0c,1629,E1_DYNAMIC,CDF14/CDF-HARSH,MATCHED_SHADE_STYLE_PARETO,1,COMPLETE,INCLUDED,0.4705722524388397,0.5309269483643646,,0
r8c-1630-fb008d8b67dfe060,1630,E1_DYNAMIC,CDF14/CDF-HARSH,JMETALPY_1_7_GDE3_STANDARD_PARETO_DE,1,COMPLETE,INCLUDED,0.4866981754263308,0.5485604791236349,,0
r8c-1631-bdb0d33c0da33b1c,1631,E1_DYNAMIC,CDF14/CDF-HARSH,JMETALPY_1_7_NSGAII_DYNAMIC_RESTART_BRIDGE,1,COMPLETE,INCLUDED,0.5249449377441222,0.5499525237180902,,0
r8c-1632-82b641e970647675,1632,E1_DYNAMIC,CDF14/CDF-HARSH,DT-RAMDE_TS2_FULL,2,COMPLETE,INCLUDED,0.5253950251518185,0.551798159171378,,0
r8c-1633-584aefa95cec4dfa,1633,E1_DYNAMIC,CDF14/CDF-HARSH,MATCHED_FIXED_DE_PARETO,2,COMPLETE,INCLUDED,0.4858969334354582,0.548892531885998,,0
r8c-1634-8fa5c68a80189477,1634,E1_DYNAMIC,CDF14/CDF-HARSH,MATCHED_JDE_STYLE_PARETO,2,COMPLETE,INCLUDED,0.4847894435622812,0.5486860302653586,,0
r8c-1635-f7c29d768e1ea258,1635,E1_DYNAMIC,CDF14/CDF-HARSH,MATCHED_SHADE_STYLE_PARETO,2,COMPLETE,INCLUDED,0.4702505597412321,0.5317112044725913,,0
r8c-1636-9d3206a1785edfcf,1636,E1_DYNAMIC,CDF14/CDF-HARSH,JMETALPY_1_7_GDE3_STANDARD_PARETO_DE,2,COMPLETE,INCLUDED,0.48719195470681714,0.5498175646058824,,0
r8c-1637-e82042547001bd80,1637,E1_DYNAMIC,CDF14/CDF-HARSH,JMETALPY_1_7_NSGAII_DYNAMIC_RESTART_BRIDGE,2,COMPLETE,INCLUDED,0.5208214872493258,0.5461840994414878,,0
r8c-1638-6dcb947f3b744158,1638,E1_DYNAMIC,CDF14/CDF-HARSH,DT-RAMDE_TS2_FULL,3,COMPLETE,INCLUDED,0.5215622144136352,0.5490991211574308,,0
r8c-1639-469c5a25701ba8e1,1639,E1_DYNAMIC,CDF14/CDF-HARSH,MATCHED_FIXED_DE_PARETO,3,COMPLETE,INCLUDED,0.4867591247842347,0.5490087795778383,,0
r8c-1640-024055e60bccde3e,1640,E1_DYNAMIC,CDF14/CDF-HARSH,MATCHED_JDE_STYLE_PARETO,3,COMPLETE,INCLUDED,0.4832086910342657,0.5466617457347097,,0
r8c-1641-2d10a6f60730d914,1641,E1_DYNAMIC,CDF14/CDF-HARSH,MATCHED_SHADE_STYLE_PARETO,3,COMPLETE,INCLUDED,0.46950627146937735,0.531549970691582,,0
r8c-1642-bd55c9957eafc16d,1642,E1_DYNAMIC,CDF14/CDF-HARSH,JMETALPY_1_7_GDE3_STANDARD_PARETO_DE,3,COMPLETE,INCLUDED,0.4873614463505392,0.5493013435397641,,0
r8c-1643-48146de3d930428c,1643,E1_DYNAMIC,CDF14/CDF-HARSH,JMETALPY_1_7_NSGAII_DYNAMIC_RESTART_BRIDGE,3,COMPLETE,INCLUDED,0.5200240103855337,0.5457221578069519,,0
r8c-1644-5be9ebab60623d63,1644,E1_DYNAMIC,CDF14/CDF-HARSH,DT-RAMDE_TS2_FULL,4,COMPLETE,INCLUDED,0.5255574016285665,0.551405096785109,,0
r8c-1645-6e90e32344b3da4c,1645,E1_DYNAMIC,CDF14/CDF-HARSH,MATCHED_FIXED_DE_PARETO,4,COMPLETE,INCLUDED,0.48560386724503835,0.5495133971445768,,0
r8c-1646-0ea678ac87da41d2,1646,E1_DYNAMIC,CDF14/CDF-HARSH,MATCHED_JDE_STYLE_PARETO,4,COMPLETE,INCLUDED,0.4832697682025032,0.54678354913546,,0
r8c-1647-b3ed6f0f30675641,1647,E1_DYNAMIC,CDF14/CDF-HARSH,MATCHED_SHADE_STYLE_PARETO,4,COMPLETE,INCLUDED,0.4692810870054237,0.5303358723846651,,0
r8c-1648-3b22352eae712b46,1648,E1_DYNAMIC,CDF14/CDF-HARSH,JMETALPY_1_7_GDE3_STANDARD_PARETO_DE,4,COMPLETE,INCLUDED,0.4865374689505266,0.548906343923686,,0
r8c-1649-e220fa471f5fb95e,1649,E1_DYNAMIC,CDF14/CDF-HARSH,JMETALPY_1_7_NSGAII_DYNAMIC_RESTART_BRIDGE,4,COMPLETE,INCLUDED,0.52400512684376,0.5487730517828612,,0
r8c-1650-d81974b10271d1d3,1650,E1_DYNAMIC,CDF14/CDF-MILD,DT-RAMDE_TS2_FULL,0,COMPLETE,INCLUDED,0.5348348295498135,0.5576901539184923,,0
r8c-1651-aa1584992fe0662c,1651,E1_DYNAMIC,CDF14/CDF-MILD,MATCHED_FIXED_DE_PARETO,0,COMPLETE,INCLUDED,0.48831369651549117,0.5513092758518876,,0
r8c-1652-c69f36bb6fb89b64,1652,E1_DYNAMIC,CDF14/CDF-MILD,MATCHED_JDE_STYLE_PARETO,0,COMPLETE,INCLUDED,0.4851895547833912,0.549410227679284,,0
r8c-1653-4dfb75fc04cb5203,1653,E1_DYNAMIC,CDF14/CDF-MILD,MATCHED_SHADE_STYLE_PARETO,0,COMPLETE,INCLUDED,0.47020317068388634,0.5319186543682695,,0
r8c-1654-3e8783371cc9d363,1654,E1_DYNAMIC,CDF14/CDF-MILD,JMETALPY_1_7_GDE3_STANDARD_PARETO_DE,0,COMPLETE,INCLUDED,0.4883551841974455,0.5506158002248563,,0
r8c-1655-b73a489fc87d02e2,1655,E1_DYNAMIC,CDF14/CDF-MILD,JMETALPY_1_7_NSGAII_DYNAMIC_RESTART_BRIDGE,0,COMPLETE,INCLUDED,0.5356456139174847,0.5564712486904143,,0
r8c-1656-60b62d4c3710e169,1656,E1_DYNAMIC,CDF14/CDF-MILD,DT-RAMDE_TS2_FULL,1,COMPLETE,INCLUDED,0.5356785751713523,0.5582626846412355,,0
r8c-1657-c99c255a150ace28,1657,E1_DYNAMIC,CDF14/CDF-MILD,MATCHED_FIXED_DE_PARETO,1,COMPLETE,INCLUDED,0.4880079828226213,0.5506116880057267,,0
r8c-1658-87ab3df0afe536ee,1658,E1_DYNAMIC,CDF14/CDF-MILD,MATCHED_JDE_STYLE_PARETO,1,COMPLETE,INCLUDED,0.48530574522645614,0.5490788203234148,,0
r8c-1659-a17c26b34ec880bc,1659,E1_DYNAMIC,CDF14/CDF-MILD,MATCHED_SHADE_STYLE_PARETO,1,COMPLETE,INCLUDED,0.47217111025970754,0.532974534926596,,0
r8c-1660-f27dd4d48899cd54,1660,E1_DYNAMIC,CDF14/CDF-MILD,JMETALPY_1_7_GDE3_STANDARD_PARETO_DE,1,COMPLETE,INCLUDED,0.48780900817220924,0.5503085200150017,,0
r8c-1661-e70d4a65176fd5b1,1661,E1_DYNAMIC,CDF14/CDF-MILD,JMETALPY_1_7_NSGAII_DYNAMIC_RESTART_BRIDGE,1,COMPLETE,INCLUDED,0.5335784698291001,0.5549279879234282,,0
r8c-1662-40dce556468d1c3c,1662,E1_DYNAMIC,CDF14/CDF-MILD,DT-RAMDE_TS2_FULL,2,COMPLETE,INCLUDED,0.534925924568424,0.5582215890845386,,0
r8c-1663-5ed89589e901930d,1663,E1_DYNAMIC,CDF14/CDF-MILD,MATCHED_FIXED_DE_PARETO,2,COMPLETE,INCLUDED,0.48640179619826024,0.5496367713476176,,0
r8c-1664-009ee7aab67d6f61,1664,E1_DYNAMIC,CDF14/CDF-MILD,MATCHED_JDE_STYLE_PARETO,2,COMPLETE,INCLUDED,0.4852291509764464,0.5495409322901358,,0
r8c-1665-67349efb5f8f6559,1665,E1_DYNAMIC,CDF14/CDF-MILD,MATCHED_SHADE_STYLE_PARETO,2,COMPLETE,INCLUDED,0.4705005885474108,0.5321331320847699,,0
r8c-1666-935cf85dff8e698c,1666,E1_DYNAMIC,CDF14/CDF-MILD,JMETALPY_1_7_GDE3_STANDARD_PARETO_DE,2,COMPLETE,INCLUDED,0.48814315040772516,0.5514815216651474,,0
r8c-1667-8fbe2e250093ebd0,1667,E1_DYNAMIC,CDF14/CDF-MILD,JMETALPY_1_7_NSGAII_DYNAMIC_RESTART_BRIDGE,2,COMPLETE,INCLUDED,0.535083049409044,0.5560333092632809,,0
r8c-1668-40eca2da09ffa3c0,1668,E1_DYNAMIC,CDF14/CDF-MILD,DT-RAMDE_TS2_FULL,3,COMPLETE,INCLUDED,0.5351277226176119,0.557960345241102,,0
r8c-1669-95f112c7d42baab8,1669,E1_DYNAMIC,CDF14/CDF-MILD,MATCHED_FIXED_DE_PARETO,3,COMPLETE,INCLUDED,0.4884163694979479,0.5506757526524506,,0
r8c-1670-8b51038c1f7e4a23,1670,E1_DYNAMIC,CDF14/CDF-MILD,MATCHED_JDE_STYLE_PARETO,3,COMPLETE,INCLUDED,0.4859051465518844,0.5494507488700887,,0
r8c-1671-48a85f895ec29b9b,1671,E1_DYNAMIC,CDF14/CDF-MILD,MATCHED_SHADE_STYLE_PARETO,3,COMPLETE,INCLUDED,0.4715785112365054,0.5333109995594473,,0
r8c-1672-1c1046007e595cec,1672,E1_DYNAMIC,CDF14/CDF-MILD,JMETALPY_1_7_GDE3_STANDARD_PARETO_DE,3,COMPLETE,INCLUDED,0.48841085141913193,0.5514680221160729,,0
r8c-1673-a8d8030535c0837b,1673,E1_DYNAMIC,CDF14/CDF-MILD,JMETALPY_1_7_NSGAII_DYNAMIC_RESTART_BRIDGE,3,COMPLETE,INCLUDED,0.531369161838845,0.5533938560448081,,0
r8c-1674-a9be8dbb1ec3bdc3,1674,E1_DYNAMIC,CDF14/CDF-MILD,DT-RAMDE_TS2_FULL,4,COMPLETE,INCLUDED,0.5341865500427776,0.5577414498123296,,0
r8c-1675-c460b5e322201bbe,1675,E1_DYNAMIC,CDF14/CDF-MILD,MATCHED_FIXED_DE_PARETO,4,COMPLETE,INCLUDED,0.48821957729820065,0.551544051570206,,0
r8c-1676-9c1465bee600ff54,1676,E1_DYNAMIC,CDF14/CDF-MILD,MATCHED_JDE_STYLE_PARETO,4,COMPLETE,INCLUDED,0.48562556641855487,0.5485237681617707,,0
r8c-1677-985e215717d679fc,1677,E1_DYNAMIC,CDF14/CDF-MILD,MATCHED_SHADE_STYLE_PARETO,4,COMPLETE,INCLUDED,0.47160246620857044,0.532311804421256,,0
r8c-1678-5f43d0fa8cf8d7e3,1678,E1_DYNAMIC,CDF14/CDF-MILD,JMETALPY_1_7_GDE3_STANDARD_PARETO_DE,4,COMPLETE,INCLUDED,0.48745013544633287,0.5505418243078934,,0
r8c-1679-03f36a93f960ac1d,1679,E1_DYNAMIC,CDF14/CDF-MILD,JMETALPY_1_7_NSGAII_DYNAMIC_RESTART_BRIDGE,4,COMPLETE,INCLUDED,0.5336188327153805,0.5551451063945315,,0
r8c-1680-ed30551d6b4daefa,1680,E1_DYNAMIC,CDF15/CDF-HARSH,DT-RAMDE_TS2_FULL,0,COMPLETE,INCLUDED,0.2705555189091869,0.30368006349677523,,0
r8c-1681-94e381cc6d9a210a,1681,E1_DYNAMIC,CDF15/CDF-HARSH,MATCHED_FIXED_DE_PARETO,0,COMPLETE,INCLUDED,0.041385987384129935,0.11090296102301216,,0
r8c-1682-f1cba678e8779683,1682,E1_DYNAMIC,CDF15/CDF-HARSH,MATCHED_JDE_STYLE_PARETO,0,COMPLETE,INCLUDED,0.09141377598320845,0.22268266275360427,,0
r8c-1683-962d4054b86e95a1,1683,E1_DYNAMIC,CDF15/CDF-HARSH,MATCHED_SHADE_STYLE_PARETO,0,COMPLETE,INCLUDED,0.07700095681115914,0.21223516806319037,,0
r8c-1684-1ba5498f84479d35,1684,E1_DYNAMIC,CDF15/CDF-HARSH,JMETALPY_1_7_GDE3_STANDARD_PARETO_DE,0,COMPLETE,INCLUDED,0.04272966752797582,0.10907976606916901,,0
r8c-1685-8f06ac39470058a6,1685,E1_DYNAMIC,CDF15/CDF-HARSH,JMETALPY_1_7_NSGAII_DYNAMIC_RESTART_BRIDGE,0,COMPLETE,INCLUDED,0.23753991583267056,0.25974504479563343,,0
r8c-1686-7f66235e6b435cec,1686,E1_DYNAMIC,CDF15/CDF-HARSH,DT-RAMDE_TS2_FULL,1,COMPLETE,INCLUDED,0.27088166709427436,0.30146073386783273,,0
r8c-1687-d5d9bcf1322ed31c,1687,E1_DYNAMIC,CDF15/CDF-HARSH,MATCHED_FIXED_DE_PARETO,1,COMPLETE,INCLUDED,0.04635391121704365,0.12039756823703772,,0
r8c-1688-49bdaaea12340c55,1688,E1_DYNAMIC,CDF15/CDF-HARSH,MATCHED_JDE_STYLE_PARETO,1,COMPLETE,INCLUDED,0.10030355275385339,0.2463344298260974,,0
r8c-1689-591d2a61077b9c24,1689,E1_DYNAMIC,CDF15/CDF-HARSH,MATCHED_SHADE_STYLE_PARETO,1,COMPLETE,INCLUDED,0.08142556219164257,0.21948967580519754,,0
r8c-1690-ee9b9f2b446bed9c,1690,E1_DYNAMIC,CDF15/CDF-HARSH,JMETALPY_1_7_GDE3_STANDARD_PARETO_DE,1,COMPLETE,INCLUDED,0.041124904880802,0.10193017470924662,,0
r8c-1691-4b84c30b14c9d6bb,1691,E1_DYNAMIC,CDF15/CDF-HARSH,JMETALPY_1_7_NSGAII_DYNAMIC_RESTART_BRIDGE,1,COMPLETE,INCLUDED,0.2487242422290033,0.2693527679393668,,0
r8c-1692-9ac2a535e7306166,1692,E1_DYNAMIC,CDF15/CDF-HARSH,DT-RAMDE_TS2_FULL,2,COMPLETE,INCLUDED,0.2718707152906656,0.30144116019175776,,0
r8c-1693-d8dbf61ff420ae6c,1693,E1_DYNAMIC,CDF15/CDF-HARSH,MATCHED_FIXED_DE_PARETO,2,COMPLETE,INCLUDED,0.045699809994241766,0.12075998336500625,,0
r8c-1694-9ea63a47b7593a9b,1694,E1_DYNAMIC,CDF15/CDF-HARSH,MATCHED_JDE_STYLE_PARETO,2,COMPLETE,INCLUDED,0.09950982482045886,0.23338926762620835,,0
r8c-1695-c2e530a4c6f7ba72,1695,E1_DYNAMIC,CDF15/CDF-HARSH,MATCHED_SHADE_STYLE_PARETO,2,COMPLETE,INCLUDED,0.08453650884353782,0.230192757093004,,0
r8c-1696-e6c43b86fff4bc42,1696,E1_DYNAMIC,CDF15/CDF-HARSH,JMETALPY_1_7_GDE3_STANDARD_PARETO_DE,2,COMPLETE,INCLUDED,0.04753298701893647,0.11766975686152209,,0
r8c-1697-136ec86241eee5eb,1697,E1_DYNAMIC,CDF15/CDF-HARSH,JMETALPY_1_7_NSGAII_DYNAMIC_RESTART_BRIDGE,2,COMPLETE,INCLUDED,0.2606460067236636,0.2820724200583544,,0
r8c-1698-7bde11fbc8a146fd,1698,E1_DYNAMIC,CDF15/CDF-HARSH,DT-RAMDE_TS2_FULL,3,COMPLETE,INCLUDED,0.27103987232133825,0.30013430398162316,,0
r8c-1699-4a390cdcff50fda1,1699,E1_DYNAMIC,CDF15/CDF-HARSH,MATCHED_FIXED_DE_PARETO,3,COMPLETE,INCLUDED,0.04456529198699335,0.1162678289650311,,0
r8c-1700-32f43dd6873114ac,1700,E1_DYNAMIC,CDF15/CDF-HARSH,MATCHED_JDE_STYLE_PARETO,3,COMPLETE,INCLUDED,0.09484182081652875,0.23968120828949363,,0
r8c-1701-86c085b86eaad5d3,1701,E1_DYNAMIC,CDF15/CDF-HARSH,MATCHED_SHADE_STYLE_PARETO,3,COMPLETE,INCLUDED,0.07769818337685369,0.213836335625338,,0
r8c-1702-d8ec95afbc9337ee,1702,E1_DYNAMIC,CDF15/CDF-HARSH,JMETALPY_1_7_GDE3_STANDARD_PARETO_DE,3,COMPLETE,INCLUDED,0.04616121208871755,0.1177827283634911,,0
r8c-1703-fe5e9b0b960c773f,1703,E1_DYNAMIC,CDF15/CDF-HARSH,JMETALPY_1_7_NSGAII_DYNAMIC_RESTART_BRIDGE,3,COMPLETE,INCLUDED,0.27108183948880643,0.2942430560406225,,0
r8c-1704-68e5622b2b4f4d41,1704,E1_DYNAMIC,CDF15/CDF-HARSH,DT-RAMDE_TS2_FULL,4,COMPLETE,INCLUDED,0.27263917348719935,0.3056747039478662,,0
r8c-1705-78230917e1f38d27,1705,E1_DYNAMIC,CDF15/CDF-HARSH,MATCHED_FIXED_DE_PARETO,4,COMPLETE,INCLUDED,0.04469660238840203,0.11409301923818885,,0
r8c-1706-af252875851f11ff,1706,E1_DYNAMIC,CDF15/CDF-HARSH,MATCHED_JDE_STYLE_PARETO,4,COMPLETE,INCLUDED,0.09903297111554626,0.23880923301280516,,0
r8c-1707-d071aa780a4c5a07,1707,E1_DYNAMIC,CDF15/CDF-HARSH,MATCHED_SHADE_STYLE_PARETO,4,COMPLETE,INCLUDED,0.07738386328246384,0.20791239944830858,,0
r8c-1708-6005fda0357bdd72,1708,E1_DYNAMIC,CDF15/CDF-HARSH,JMETALPY_1_7_GDE3_STANDARD_PARETO_DE,4,COMPLETE,INCLUDED,0.04097276667655723,0.10393846845864077,,0
r8c-1709-9f89c743bb0609c2,1709,E1_DYNAMIC,CDF15/CDF-HARSH,JMETALPY_1_7_NSGAII_DYNAMIC_RESTART_BRIDGE,4,COMPLETE,INCLUDED,0.22411703562628313,0.24326862711813851,,0
r8c-1710-bcc68948995d2500,1710,E1_DYNAMIC,CDF15/CDF-MILD,DT-RAMDE_TS2_FULL,0,COMPLETE,INCLUDED,0.29108564109784213,0.31352235789253746,,0
r8c-1711-6c2b559d3d336eb9,1711,E1_DYNAMIC,CDF15/CDF-MILD,MATCHED_FIXED_DE_PARETO,0,COMPLETE,INCLUDED,0.04285149847513139,0.10858952783002336,,0
r8c-1712-9202c2774a66f782,1712,E1_DYNAMIC,CDF15/CDF-MILD,MATCHED_JDE_STYLE_PARETO,0,COMPLETE,INCLUDED,0.09384347179502132,0.230418492192225,,0
r8c-1713-3e26e313501c2055,1713,E1_DYNAMIC,CDF15/CDF-MILD,MATCHED_SHADE_STYLE_PARETO,0,COMPLETE,INCLUDED,0.07917212102957352,0.2047885471639533,,0
r8c-1714-3334c3ab0acea02f,1714,E1_DYNAMIC,CDF15/CDF-MILD,JMETALPY_1_7_GDE3_STANDARD_PARETO_DE,0,COMPLETE,INCLUDED,0.04130732894899924,0.10862064757631619,,0
r8c-1715-0e32ec446d5ba7c3,1715,E1_DYNAMIC,CDF15/CDF-MILD,JMETALPY_1_7_NSGAII_DYNAMIC_RESTART_BRIDGE,0,COMPLETE,INCLUDED,0.2613400051195303,0.2785349138788378,,0
r8c-1716-510ebdb74899d3a0,1716,E1_DYNAMIC,CDF15/CDF-MILD,DT-RAMDE_TS2_FULL,1,COMPLETE,INCLUDED,0.2845638111563812,0.30723941097379753,,0
r8c-1717-31a56d3466fc345d,1717,E1_DYNAMIC,CDF15/CDF-MILD,MATCHED_FIXED_DE_PARETO,1,COMPLETE,INCLUDED,0.04725841883848923,0.12027418647924464,,0
r8c-1718-ea8a3bcef5f2cf94,1718,E1_DYNAMIC,CDF15/CDF-MILD,MATCHED_JDE_STYLE_PARETO,1,COMPLETE,INCLUDED,0.10046667734274736,0.23930933765017207,,0
r8c-1719-1519014403781e2b,1719,E1_DYNAMIC,CDF15/CDF-MILD,MATCHED_SHADE_STYLE_PARETO,1,COMPLETE,INCLUDED,0.07925232404251828,0.21019133452063885,,0
r8c-1720-5de18f2a729614d7,1720,E1_DYNAMIC,CDF15/CDF-MILD,JMETALPY_1_7_GDE3_STANDARD_PARETO_DE,1,COMPLETE,INCLUDED,0.043536949716732366,0.11596371225993571,,0
r8c-1721-bbecb33661e93656,1721,E1_DYNAMIC,CDF15/CDF-MILD,JMETALPY_1_7_NSGAII_DYNAMIC_RESTART_BRIDGE,1,COMPLETE,INCLUDED,0.2558977623732581,0.27422879756369717,,0
r8c-1722-0ca1b8470d23cbf1,1722,E1_DYNAMIC,CDF15/CDF-MILD,DT-RAMDE_TS2_FULL,2,COMPLETE,INCLUDED,0.29633159561475275,0.31753571234558303,,0
r8c-1723-730ecd1be4a2a2b9,1723,E1_DYNAMIC,CDF15/CDF-MILD,MATCHED_FIXED_DE_PARETO,2,COMPLETE,INCLUDED,0.04359687138487967,0.11614099735025962,,0
r8c-1724-5a487ba745bf6b86,1724,E1_DYNAMIC,CDF15/CDF-MILD,MATCHED_JDE_STYLE_PARETO,2,COMPLETE,INCLUDED,0.09401488605388253,0.23128867551270682,,0
r8c-1725-3c0c3e7862694de1,1725,E1_DYNAMIC,CDF15/CDF-MILD,MATCHED_SHADE_STYLE_PARETO,2,COMPLETE,INCLUDED,0.08506620191023236,0.22586395826658412,,0
r8c-1726-1f723bd5392a3977,1726,E1_DYNAMIC,CDF15/CDF-MILD,JMETALPY_1_7_GDE3_STANDARD_PARETO_DE,2,COMPLETE,INCLUDED,0.04336718618068792,0.1145121548207983,,0
r8c-1727-9c8ab784effe1d3c,1727,E1_DYNAMIC,CDF15/CDF-MILD,JMETALPY_1_7_NSGAII_DYNAMIC_RESTART_BRIDGE,2,COMPLETE,INCLUDED,0.2623604551603943,0.27730006496953924,,0
r8c-1728-263a756bf149ad8f,1728,E1_DYNAMIC,CDF15/CDF-MILD,DT-RAMDE_TS2_FULL,3,COMPLETE,INCLUDED,0.2914259469804273,0.31204875078048794,,0
r8c-1729-49d858d7e13812f3,1729,E1_DYNAMIC,CDF15/CDF-MILD,MATCHED_FIXED_DE_PARETO,3,COMPLETE,INCLUDED,0.04537924153006199,0.11939658572681978,,0
r8c-1730-d4560dc87bd8e407,1730,E1_DYNAMIC,CDF15/CDF-MILD,MATCHED_JDE_STYLE_PARETO,3,COMPLETE,INCLUDED,0.09499510097473153,0.23526373657142344,,0
r8c-1731-d58fad9fdc53f107,1731,E1_DYNAMIC,CDF15/CDF-MILD,MATCHED_SHADE_STYLE_PARETO,3,COMPLETE,INCLUDED,0.07384039123577818,0.20811582448570884,,0
r8c-1732-42f0b2cb185672d9,1732,E1_DYNAMIC,CDF15/CDF-MILD,JMETALPY_1_7_GDE3_STANDARD_PARETO_DE,3,COMPLETE,INCLUDED,0.046150292037904654,0.11936683648067244,,0
r8c-1733-57331f3ab6d6cdb1,1733,E1_DYNAMIC,CDF15/CDF-MILD,JMETALPY_1_7_NSGAII_DYNAMIC_RESTART_BRIDGE,3,COMPLETE,INCLUDED,0.2526812479565612,0.2670379989545488,,0
r8c-1734-3d0cba0ac925f392,1734,E1_DYNAMIC,CDF15/CDF-MILD,DT-RAMDE_TS2_FULL,4,COMPLETE,INCLUDED,0.28378939236473866,0.30534556524508744,,0
r8c-1735-f032b4d0ca4d652a,1735,E1_DYNAMIC,CDF15/CDF-MILD,MATCHED_FIXED_DE_PARETO,4,COMPLETE,INCLUDED,0.0468461848966049,0.1134592144345928,,0
r8c-1736-cfe11c2ca8fb26ca,1736,E1_DYNAMIC,CDF15/CDF-MILD,MATCHED_JDE_STYLE_PARETO,4,COMPLETE,INCLUDED,0.09720537603539753,0.24041665517092542,,0
r8c-1737-e03951ce1a0f7cda,1737,E1_DYNAMIC,CDF15/CDF-MILD,MATCHED_SHADE_STYLE_PARETO,4,COMPLETE,INCLUDED,0.07885790588545505,0.21286516803157532,,0
r8c-1738-28d3cfec727d7a78,1738,E1_DYNAMIC,CDF15/CDF-MILD,JMETALPY_1_7_GDE3_STANDARD_PARETO_DE,4,COMPLETE,INCLUDED,0.0450241022841314,0.11572857494812099,,0
r8c-1739-951c5071dd11d6af,1739,E1_DYNAMIC,CDF15/CDF-MILD,JMETALPY_1_7_NSGAII_DYNAMIC_RESTART_BRIDGE,4,COMPLETE,INCLUDED,0.2745772118784456,0.2938146574256265,,0
r8c-1740-a0fc45d190b87a9a,1740,E1_ROLLING,RR-SMOOTH/0,DT-RAMDE_TS2_FULL,0,COMPLETE,INCLUDED,0.8827364845514012,0.969007462592567,,0
r8c-1741-620cf8dcde8355d8,1741,E1_ROLLING,RR-SMOOTH/0,MATCHED_FIXED_DE_PARETO,0,COMPLETE,INCLUDED,0.8019572677852805,0.953077529609339,,0
r8c-1742-033ce335736ac98b,1742,E1_ROLLING,RR-SMOOTH/0,MATCHED_JDE_STYLE_PARETO,0,COMPLETE,INCLUDED,0.7985594338717323,0.9637175803876641,,0
r8c-1743-23ab113ab7e9d536,1743,E1_ROLLING,RR-SMOOTH/0,MATCHED_SHADE_STYLE_PARETO,0,COMPLETE,INCLUDED,0.7453686428916979,0.9307664298345744,,0
r8c-1744-40df911f24f79d49,1744,E1_ROLLING,RR-SMOOTH/0,JMETALPY_1_7_GDE3_STANDARD_PARETO_DE,0,COMPLETE,INCLUDED,0.8016005526207788,0.9466659146236978,,0
r8c-1745-99a06f585d1f24fc,1745,E1_ROLLING,RR-SMOOTH/0,JMETALPY_1_7_NSGAII_DYNAMIC_RESTART_BRIDGE,0,COMPLETE,INCLUDED,0.9231032400950092,0.9644062817101409,,0
r8c-1746-3d4e3405fe0eaed3,1746,E1_ROLLING,RR-SMOOTH/0,DT-RAMDE_TS2_FULL,1,COMPLETE,INCLUDED,0.9030838399718413,0.9688216582091215,,0
r8c-1747-5badb0b8d52d75ac,1747,E1_ROLLING,RR-SMOOTH/0,MATCHED_FIXED_DE_PARETO,1,COMPLETE,INCLUDED,0.8008611819531396,0.9492226874220899,,0
r8c-1748-3f1aaa8fc93ad5e5,1748,E1_ROLLING,RR-SMOOTH/0,MATCHED_JDE_STYLE_PARETO,1,COMPLETE,INCLUDED,0.8006806520039037,0.9601073045397719,,0
r8c-1749-67b5527753366088,1749,E1_ROLLING,RR-SMOOTH/0,MATCHED_SHADE_STYLE_PARETO,1,COMPLETE,INCLUDED,0.7652602129150545,0.9491888626095621,,0
r8c-1750-c0edbbe71ba22851,1750,E1_ROLLING,RR-SMOOTH/0,JMETALPY_1_7_GDE3_STANDARD_PARETO_DE,1,COMPLETE,INCLUDED,0.7930728363388433,0.9514248775882654,,0
r8c-1751-189fc92edd5979f4,1751,E1_ROLLING,RR-SMOOTH/0,JMETALPY_1_7_NSGAII_DYNAMIC_RESTART_BRIDGE,1,COMPLETE,INCLUDED,0.928176978305881,0.9671737297040817,,0
r8c-1752-d872f2db34914202,1752,E1_ROLLING,RR-SMOOTH/0,DT-RAMDE_TS2_FULL,2,COMPLETE,INCLUDED,0.8976573031447094,0.9660530902353648,,0
r8c-1753-ea2f163eb1eadbcc,1753,E1_ROLLING,RR-SMOOTH/0,MATCHED_FIXED_DE_PARETO,2,COMPLETE,INCLUDED,0.8007600538152619,0.9541497488414926,,0
r8c-1754-938a347929b09dc2,1754,E1_ROLLING,RR-SMOOTH/0,MATCHED_JDE_STYLE_PARETO,2,COMPLETE,INCLUDED,0.8001736481004563,0.9565055337899293,,0
r8c-1755-b8e885dfd3f8cc20,1755,E1_ROLLING,RR-SMOOTH/0,MATCHED_SHADE_STYLE_PARETO,2,COMPLETE,INCLUDED,0.7627248686045996,0.9447151558029747,,0
r8c-1756-c74944356177e3d3,1756,E1_ROLLING,RR-SMOOTH/0,JMETALPY_1_7_GDE3_STANDARD_PARETO_DE,2,COMPLETE,INCLUDED,0.7993216402432743,0.9456379149450278,,0
r8c-1757-00d0f5f98ff2bb65,1757,E1_ROLLING,RR-SMOOTH/0,JMETALPY_1_7_NSGAII_DYNAMIC_RESTART_BRIDGE,2,COMPLETE,INCLUDED,0.931755899311933,0.9653865660564754,,0
r8c-1758-ff727e1101d2152d,1758,E1_ROLLING,RR-SMOOTH/0,DT-RAMDE_TS2_FULL,3,COMPLETE,INCLUDED,0.8854970700877607,0.9649847715668901,,0
r8c-1759-573cf7fbe83123e8,1759,E1_ROLLING,RR-SMOOTH/0,MATCHED_FIXED_DE_PARETO,3,COMPLETE,INCLUDED,0.7959907776687121,0.9486566120700118,,0
r8c-1760-948e3a8644563688,1760,E1_ROLLING,RR-SMOOTH/0,MATCHED_JDE_STYLE_PARETO,3,COMPLETE,INCLUDED,0.7906290867929683,0.9583654428929341,,0
r8c-1761-a827f201d3a851a5,1761,E1_ROLLING,RR-SMOOTH/0,MATCHED_SHADE_STYLE_PARETO,3,COMPLETE,INCLUDED,0.7733568108187237,0.9471091084192278,,0
r8c-1762-ba48cc958bf62c19,1762,E1_ROLLING,RR-SMOOTH/0,JMETALPY_1_7_GDE3_STANDARD_PARETO_DE,3,COMPLETE,INCLUDED,0.7789026463885855,0.9418544682183484,,0
r8c-1763-00f6df2017bee288,1763,E1_ROLLING,RR-SMOOTH/0,JMETALPY_1_7_NSGAII_DYNAMIC_RESTART_BRIDGE,3,COMPLETE,INCLUDED,0.9389995781774871,0.9738279395665799,,0
r8c-1764-ea5716cb83ee5ee1,1764,E1_ROLLING,RR-SMOOTH/0,DT-RAMDE_TS2_FULL,4,COMPLETE,INCLUDED,0.8786188769769936,0.9603496564157472,,0
r8c-1765-220c412979a5e2c9,1765,E1_ROLLING,RR-SMOOTH/0,MATCHED_FIXED_DE_PARETO,4,COMPLETE,INCLUDED,0.79484161439329,0.9546013000438803,,0
r8c-1766-834382b46c32cb85,1766,E1_ROLLING,RR-SMOOTH/0,MATCHED_JDE_STYLE_PARETO,4,COMPLETE,INCLUDED,0.8061172138858834,0.959582479545005,,0
r8c-1767-c7892cd3d43a1271,1767,E1_ROLLING,RR-SMOOTH/0,MATCHED_SHADE_STYLE_PARETO,4,COMPLETE,INCLUDED,0.7654658094734899,0.9487023989289174,,0
r8c-1768-ee2198a36a8ee7e5,1768,E1_ROLLING,RR-SMOOTH/0,JMETALPY_1_7_GDE3_STANDARD_PARETO_DE,4,COMPLETE,INCLUDED,0.7765445214396779,0.9391280346476307,,0
r8c-1769-be9df33d5b0ec81a,1769,E1_ROLLING,RR-SMOOTH/0,JMETALPY_1_7_NSGAII_DYNAMIC_RESTART_BRIDGE,4,COMPLETE,INCLUDED,0.9241554031993131,0.9590219413792568,,0
r8c-1770-2ea742462d018d6f,1770,E1_ROLLING,RR-SMOOTH/1,DT-RAMDE_TS2_FULL,0,COMPLETE,INCLUDED,0.8187423604352967,0.9153973223735934,,0
r8c-1771-681c5c224412af7b,1771,E1_ROLLING,RR-SMOOTH/1,MATCHED_FIXED_DE_PARETO,0,COMPLETE,INCLUDED,0.7361754764012691,0.9164987292544116,,0
r8c-1772-9e8ecb97630ae610,1772,E1_ROLLING,RR-SMOOTH/1,MATCHED_JDE_STYLE_PARETO,0,COMPLETE,INCLUDED,0.7395591391386452,0.9295513118021821,,0
r8c-1773-0286403c87486e04,1773,E1_ROLLING,RR-SMOOTH/1,MATCHED_SHADE_STYLE_PARETO,0,COMPLETE,INCLUDED,0.6967872512339734,0.9072272199146825,,0
r8c-1774-298573914d1fd88e,1774,E1_ROLLING,RR-SMOOTH/1,JMETALPY_1_7_GDE3_STANDARD_PARETO_DE,0,COMPLETE,INCLUDED,0.7330529930167935,0.9194010137479347,,0
r8c-1775-00bddb2d6c57733c,1775,E1_ROLLING,RR-SMOOTH/1,JMETALPY_1_7_NSGAII_DYNAMIC_RESTART_BRIDGE,0,COMPLETE,INCLUDED,0.9113229702401137,0.9464973098600655,,0
r8c-1776-fdd43d9eb6e030c2,1776,E1_ROLLING,RR-SMOOTH/1,DT-RAMDE_TS2_FULL,1,COMPLETE,INCLUDED,0.7867464064299188,0.8963280798703451,,0
r8c-1777-1ac4467b56c3895b,1777,E1_ROLLING,RR-SMOOTH/1,MATCHED_FIXED_DE_PARETO,1,COMPLETE,INCLUDED,0.7384336893389115,0.9168705164603912,,0
r8c-1778-ec7e8d2772993d5f,1778,E1_ROLLING,RR-SMOOTH/1,MATCHED_JDE_STYLE_PARETO,1,COMPLETE,INCLUDED,0.7379304127403041,0.924811403982291,,0
r8c-1779-1e858370de7bd1a6,1779,E1_ROLLING,RR-SMOOTH/1,MATCHED_SHADE_STYLE_PARETO,1,COMPLETE,INCLUDED,0.7211731425538825,0.917538894380311,,0
r8c-1780-b689b997c0336ecc,1780,E1_ROLLING,RR-SMOOTH/1,JMETALPY_1_7_GDE3_STANDARD_PARETO_DE,1,COMPLETE,INCLUDED,0.7362312594531079,0.9152532326593592,,0
r8c-1781-03d104d40f36c6b8,1781,E1_ROLLING,RR-SMOOTH/1,JMETALPY_1_7_NSGAII_DYNAMIC_RESTART_BRIDGE,1,COMPLETE,INCLUDED,0.9090311986686853,0.9456858720815733,,0
r8c-1782-f44229d6b134fa69,1782,E1_ROLLING,RR-SMOOTH/1,DT-RAMDE_TS2_FULL,2,COMPLETE,INCLUDED,0.8095668640460387,0.9031297198450945,,0
r8c-1783-d88528d9bafe2f00,1783,E1_ROLLING,RR-SMOOTH/1,MATCHED_FIXED_DE_PARETO,2,COMPLETE,INCLUDED,0.7574057737863625,0.9174979658778227,,0
r8c-1784-084782d7e6dd2923,1784,E1_ROLLING,RR-SMOOTH/1,MATCHED_JDE_STYLE_PARETO,2,COMPLETE,INCLUDED,0.7486869047336677,0.9233197341709415,,0
r8c-1785-05b85c3172652f4b,1785,E1_ROLLING,RR-SMOOTH/1,MATCHED_SHADE_STYLE_PARETO,2,COMPLETE,INCLUDED,0.7003477270885603,0.9076757914945996,,0
r8c-1786-fc8669d85a5599dc,1786,E1_ROLLING,RR-SMOOTH/1,JMETALPY_1_7_GDE3_STANDARD_PARETO_DE,2,COMPLETE,INCLUDED,0.732860563550489,0.9181271983782077,,0
r8c-1787-c59f16d0a986c4e3,1787,E1_ROLLING,RR-SMOOTH/1,JMETALPY_1_7_NSGAII_DYNAMIC_RESTART_BRIDGE,2,COMPLETE,INCLUDED,0.9108408397025928,0.9435600306970124,,0
r8c-1788-2263bee98a69b29b,1788,E1_ROLLING,RR-SMOOTH/1,DT-RAMDE_TS2_FULL,3,COMPLETE,INCLUDED,0.45638614715138603,0.5311967377189601,,0
r8c-1789-2fbd065e7247f10d,1789,E1_ROLLING,RR-SMOOTH/1,MATCHED_FIXED_DE_PARETO,3,COMPLETE,INCLUDED,0.7363378402758176,0.9132810210653004,,0
r8c-1790-98e2e7fdde06e4c8,1790,E1_ROLLING,RR-SMOOTH/1,MATCHED_JDE_STYLE_PARETO,3,COMPLETE,INCLUDED,0.7364433456869354,0.92647608906794,,0
r8c-1791-97d50032b7b2b6b5,1791,E1_ROLLING,RR-SMOOTH/1,MATCHED_SHADE_STYLE_PARETO,3,COMPLETE,INCLUDED,0.7165258392013624,0.9128245425165202,,0
r8c-1792-b1ba6f694f19119b,1792,E1_ROLLING,RR-SMOOTH/1,JMETALPY_1_7_GDE3_STANDARD_PARETO_DE,3,COMPLETE,INCLUDED,0.7422878801052331,0.919086950135255,,0
r8c-1793-fed94b74c3c2b010,1793,E1_ROLLING,RR-SMOOTH/1,JMETALPY_1_7_NSGAII_DYNAMIC_RESTART_BRIDGE,3,COMPLETE,INCLUDED,0.9107587255030609,0.9433108704215887,,0
r8c-1794-697cdf01d7bd9dbd,1794,E1_ROLLING,RR-SMOOTH/1,DT-RAMDE_TS2_FULL,4,COMPLETE,INCLUDED,0.8153456311255196,0.9240475151033136,,0
r8c-1795-ec9adb35020ce153,1795,E1_ROLLING,RR-SMOOTH/1,MATCHED_FIXED_DE_PARETO,4,COMPLETE,INCLUDED,0.7366899949109967,0.9132170549822767,,0
r8c-1796-036a1a1a31ddb151,1796,E1_ROLLING,RR-SMOOTH/1,MATCHED_JDE_STYLE_PARETO,4,COMPLETE,INCLUDED,0.7465369391407035,0.9259963651956535,,0
r8c-1797-aafc3b1ef6813a24,1797,E1_ROLLING,RR-SMOOTH/1,MATCHED_SHADE_STYLE_PARETO,4,COMPLETE,INCLUDED,0.7122324209552724,0.9135210806823956,,0
r8c-1798-f1d267e5c98bf391,1798,E1_ROLLING,RR-SMOOTH/1,JMETALPY_1_7_GDE3_STANDARD_PARETO_DE,4,COMPLETE,INCLUDED,0.7391323101340259,0.914704694821148,,0
r8c-1799-cb8f1ff637c82e1a,1799,E1_ROLLING,RR-SMOOTH/1,JMETALPY_1_7_NSGAII_DYNAMIC_RESTART_BRIDGE,4,COMPLETE,INCLUDED,0.9150666342117353,0.9479609001263635,,0
r8c-1800-144488c01747cf09,1800,E1_ROLLING,RR-SMOOTH/2,DT-RAMDE_TS2_FULL,0,COMPLETE,INCLUDED,0.9076070833722782,0.9781405839749213,,0
r8c-1801-9e4b7ee0c882541c,1801,E1_ROLLING,RR-SMOOTH/2,MATCHED_FIXED_DE_PARETO,0,COMPLETE,INCLUDED,0.8024488416306111,0.9598683400493702,,0
r8c-1802-e8d5de6021494956,1802,E1_ROLLING,RR-SMOOTH/2,MATCHED_JDE_STYLE_PARETO,0,COMPLETE,INCLUDED,0.7901347819921427,0.9691660962496933,,0
r8c-1803-3fa3a97661492cc0,1803,E1_ROLLING,RR-SMOOTH/2,MATCHED_SHADE_STYLE_PARETO,0,COMPLETE,INCLUDED,0.7704709291385814,0.9562800317493172,,0
r8c-1804-a8c1186808bf2219,1804,E1_ROLLING,RR-SMOOTH/2,JMETALPY_1_7_GDE3_STANDARD_PARETO_DE,0,COMPLETE,INCLUDED,0.7851349670879598,0.9560603380286322,,0
r8c-1805-97dc7edc0e39dc96,1805,E1_ROLLING,RR-SMOOTH/2,JMETALPY_1_7_NSGAII_DYNAMIC_RESTART_BRIDGE,0,COMPLETE,INCLUDED,0.9523859628512804,0.9836385914941708,,0
r8c-1806-8529088b4e65310a,1806,E1_ROLLING,RR-SMOOTH/2,DT-RAMDE_TS2_FULL,1,COMPLETE,INCLUDED,0.8972550517819237,0.9780116694364269,,0
r8c-1807-4f251d749cd34146,1807,E1_ROLLING,RR-SMOOTH/2,MATCHED_FIXED_DE_PARETO,1,COMPLETE,INCLUDED,0.785797294031603,0.95894334860317,,0
r8c-1808-d4d9d6a9cf35cca8,1808,E1_ROLLING,RR-SMOOTH/2,MATCHED_JDE_STYLE_PARETO,1,COMPLETE,INCLUDED,0.8005778363666648,0.9707772362322731,,0
r8c-1809-842717541ebd4459,1809,E1_ROLLING,RR-SMOOTH/2,MATCHED_SHADE_STYLE_PARETO,1,COMPLETE,INCLUDED,0.7731483118235333,0.9602733523293703,,0
r8c-1810-8da2925dfe57ea00,1810,E1_ROLLING,RR-SMOOTH/2,JMETALPY_1_7_GDE3_STANDARD_PARETO_DE,1,COMPLETE,INCLUDED,0.7863258209395618,0.9586841326721325,,0
r8c-1811-74725f0c33e81080,1811,E1_ROLLING,RR-SMOOTH/2,JMETALPY_1_7_NSGAII_DYNAMIC_RESTART_BRIDGE,1,COMPLETE,INCLUDED,0.9515342167323915,0.9839855215616158,,0
r8c-1812-d5138abb4100e7cd,1812,E1_ROLLING,RR-SMOOTH/2,DT-RAMDE_TS2_FULL,2,COMPLETE,INCLUDED,0.9057937449324595,0.9803649368930791,,0
r8c-1813-b92e0cec0fb2a640,1813,E1_ROLLING,RR-SMOOTH/2,MATCHED_FIXED_DE_PARETO,2,COMPLETE,INCLUDED,0.7973738343620732,0.9605284251022514,,0
r8c-1814-b751dca8fe6c1997,1814,E1_ROLLING,RR-SMOOTH/2,MATCHED_JDE_STYLE_PARETO,2,COMPLETE,INCLUDED,0.796229723814245,0.9712808690515022,,0
r8c-1815-85ae164dba1e3179,1815,E1_ROLLING,RR-SMOOTH/2,MATCHED_SHADE_STYLE_PARETO,2,COMPLETE,INCLUDED,0.7636304283205364,0.9592686529914033,,0
r8c-1816-3afec15ac509c416,1816,E1_ROLLING,RR-SMOOTH/2,JMETALPY_1_7_GDE3_STANDARD_PARETO_DE,2,COMPLETE,INCLUDED,0.7887167958868415,0.9570437689419744,,0
r8c-1817-afbbc3196b384c81,1817,E1_ROLLING,RR-SMOOTH/2,JMETALPY_1_7_NSGAII_DYNAMIC_RESTART_BRIDGE,2,COMPLETE,INCLUDED,0.9502223575325374,0.9833019209418212,,0
r8c-1818-6114f44bc36a8691,1818,E1_ROLLING,RR-SMOOTH/2,DT-RAMDE_TS2_FULL,3,COMPLETE,INCLUDED,0.9210094114132135,0.9801443372327874,,0
r8c-1819-3e27e2ff22f52769,1819,E1_ROLLING,RR-SMOOTH/2,MATCHED_FIXED_DE_PARETO,3,COMPLETE,INCLUDED,0.8004483077910359,0.9588585214541828,,0
r8c-1820-cdb311cd011b13f2,1820,E1_ROLLING,RR-SMOOTH/2,MATCHED_JDE_STYLE_PARETO,3,COMPLETE,INCLUDED,0.7928163384501885,0.9698263946903329,,0
r8c-1821-96f022cf072106e0,1821,E1_ROLLING,RR-SMOOTH/2,MATCHED_SHADE_STYLE_PARETO,3,COMPLETE,INCLUDED,0.7619380843688361,0.9593202240455515,,0
r8c-1822-6a8346e4df6be7db,1822,E1_ROLLING,RR-SMOOTH/2,JMETALPY_1_7_GDE3_STANDARD_PARETO_DE,3,COMPLETE,INCLUDED,0.7934752189084416,0.9607128185620498,,0
r8c-1823-65083534b34fd617,1823,E1_ROLLING,RR-SMOOTH/2,JMETALPY_1_7_NSGAII_DYNAMIC_RESTART_BRIDGE,3,COMPLETE,INCLUDED,0.9506806033687758,0.9830718975890498,,0
r8c-1824-5e60f85df25727b5,1824,E1_ROLLING,RR-SMOOTH/2,DT-RAMDE_TS2_FULL,4,COMPLETE,INCLUDED,0.9128387229342542,0.9786371254369376,,0
r8c-1825-e39dabf1cc89125b,1825,E1_ROLLING,RR-SMOOTH/2,MATCHED_FIXED_DE_PARETO,4,COMPLETE,INCLUDED,0.7922136830125582,0.956993122282514,,0
r8c-1826-db635218d67af988,1826,E1_ROLLING,RR-SMOOTH/2,MATCHED_JDE_STYLE_PARETO,4,COMPLETE,INCLUDED,0.8061306138825979,0.9699314808609522,,0
r8c-1827-31003c9b6ca4aabc,1827,E1_ROLLING,RR-SMOOTH/2,MATCHED_SHADE_STYLE_PARETO,4,COMPLETE,INCLUDED,0.7751077129780354,0.9545761869051355,,0
r8c-1828-3a6e4436af19af75,1828,E1_ROLLING,RR-SMOOTH/2,JMETALPY_1_7_GDE3_STANDARD_PARETO_DE,4,COMPLETE,INCLUDED,0.7818526205277245,0.9582943142917747,,0
r8c-1829-81d3fd710c21ccaa,1829,E1_ROLLING,RR-SMOOTH/2,JMETALPY_1_7_NSGAII_DYNAMIC_RESTART_BRIDGE,4,COMPLETE,INCLUDED,0.9512371486725447,0.9826523214254811,,0
r8c-1830-c11663e3951ee24b,1830,E1_ROLLING,RR-SMOOTH/3,DT-RAMDE_TS2_FULL,0,COMPLETE,INCLUDED,0.8869546987992962,0.9594112698089601,,0
r8c-1831-ea2926274f564031,1831,E1_ROLLING,RR-SMOOTH/3,MATCHED_FIXED_DE_PARETO,0,COMPLETE,INCLUDED,0.8062925628587797,0.9422636116768031,,0
r8c-1832-e13b538c89b61c60,1832,E1_ROLLING,RR-SMOOTH/3,MATCHED_JDE_STYLE_PARETO,0,COMPLETE,INCLUDED,0.810536228818122,0.9503267906047045,,0
r8c-1833-65e8043425d72d9a,1833,E1_ROLLING,RR-SMOOTH/3,MATCHED_SHADE_STYLE_PARETO,0,COMPLETE,INCLUDED,0.7667604890981328,0.9387286998366182,,0
r8c-1834-0e4e704516e61f4e,1834,E1_ROLLING,RR-SMOOTH/3,JMETALPY_1_7_GDE3_STANDARD_PARETO_DE,0,COMPLETE,INCLUDED,0.7984709540960335,0.940852662342261,,0
r8c-1835-86e3f4c0caf70610,1835,E1_ROLLING,RR-SMOOTH/3,JMETALPY_1_7_NSGAII_DYNAMIC_RESTART_BRIDGE,0,COMPLETE,INCLUDED,0.9315017075168045,0.9646543998153755,,0
r8c-1836-cdf600473bd55c2d,1836,E1_ROLLING,RR-SMOOTH/3,DT-RAMDE_TS2_FULL,1,COMPLETE,INCLUDED,0.8902356652469955,0.9582527605829997,,0
r8c-1837-5c489cdab49d0394,1837,E1_ROLLING,RR-SMOOTH/3,MATCHED_FIXED_DE_PARETO,1,COMPLETE,INCLUDED,0.805450894210159,0.9393713533744019,,0
r8c-1838-0581d3a209dfcee0,1838,E1_ROLLING,RR-SMOOTH/3,MATCHED_JDE_STYLE_PARETO,1,COMPLETE,INCLUDED,0.8099926048533849,0.9513861479534069,,0
r8c-1839-a5c5dd1a2459e1dd,1839,E1_ROLLING,RR-SMOOTH/3,MATCHED_SHADE_STYLE_PARETO,1,COMPLETE,INCLUDED,0.7747906503160099,0.9374121550963748,,0
r8c-1840-83592e463bc61b68,1840,E1_ROLLING,RR-SMOOTH/3,JMETALPY_1_7_GDE3_STANDARD_PARETO_DE,1,COMPLETE,INCLUDED,0.809508195741555,0.943296840791979,,0
r8c-1841-f89afcb4cb2a35c0,1841,E1_ROLLING,RR-SMOOTH/3,JMETALPY_1_7_NSGAII_DYNAMIC_RESTART_BRIDGE,1,COMPLETE,INCLUDED,0.9328862897841701,0.9636791521666641,,0
r8c-1842-8ad1d8e7c32e4c94,1842,E1_ROLLING,RR-SMOOTH/3,DT-RAMDE_TS2_FULL,2,COMPLETE,INCLUDED,0.8909917582688346,0.9582076972042565,,0
r8c-1843-9188126750886994,1843,E1_ROLLING,RR-SMOOTH/3,MATCHED_FIXED_DE_PARETO,2,COMPLETE,INCLUDED,0.799297096037748,0.9418315801356034,,0
r8c-1844-05146d900174e63a,1844,E1_ROLLING,RR-SMOOTH/3,MATCHED_JDE_STYLE_PARETO,2,COMPLETE,INCLUDED,0.8090436606434519,0.9539928178444779,,0
r8c-1845-2738c1fa7a5ac02f,1845,E1_ROLLING,RR-SMOOTH/3,MATCHED_SHADE_STYLE_PARETO,2,COMPLETE,INCLUDED,0.7785695715947487,0.9385446769244863,,0
r8c-1846-ec83ae1b59adbfd9,1846,E1_ROLLING,RR-SMOOTH/3,JMETALPY_1_7_GDE3_STANDARD_PARETO_DE,2,COMPLETE,INCLUDED,0.8108160517412001,0.9445104110686129,,0
r8c-1847-8d07c2d304727bc5,1847,E1_ROLLING,RR-SMOOTH/3,JMETALPY_1_7_NSGAII_DYNAMIC_RESTART_BRIDGE,2,COMPLETE,INCLUDED,0.9323720842185139,0.964901110990939,,0
r8c-1848-df85bb8b819bf383,1848,E1_ROLLING,RR-SMOOTH/3,DT-RAMDE_TS2_FULL,3,COMPLETE,INCLUDED,0.8938116481276982,0.9590182187933538,,0
r8c-1849-4bfadc54209eceea,1849,E1_ROLLING,RR-SMOOTH/3,MATCHED_FIXED_DE_PARETO,3,COMPLETE,INCLUDED,0.8133668021854588,0.9408206853013825,,0
r8c-1850-38305a683f03fa59,1850,E1_ROLLING,RR-SMOOTH/3,MATCHED_JDE_STYLE_PARETO,3,COMPLETE,INCLUDED,0.799368285992714,0.9537264048897354,,0
r8c-1851-550531bf11955148,1851,E1_ROLLING,RR-SMOOTH/3,MATCHED_SHADE_STYLE_PARETO,3,COMPLETE,INCLUDED,0.7837943142917639,0.9360366616022221,,0
r8c-1852-7465d4c7c72962e4,1852,E1_ROLLING,RR-SMOOTH/3,JMETALPY_1_7_GDE3_STANDARD_PARETO_DE,3,COMPLETE,INCLUDED,0.807025430420326,0.9404911073264259,,0
r8c-1853-67abf1f016873193,1853,E1_ROLLING,RR-SMOOTH/3,JMETALPY_1_7_NSGAII_DYNAMIC_RESTART_BRIDGE,3,COMPLETE,INCLUDED,0.9337844600068097,0.9659765932927764,,0
r8c-1854-a813b6e4b7cad3b7,1854,E1_ROLLING,RR-SMOOTH/3,DT-RAMDE_TS2_FULL,4,COMPLETE,INCLUDED,0.8820654732021571,0.9598604032090954,,0
r8c-1855-bcc0a1d119876d3e,1855,E1_ROLLING,RR-SMOOTH/3,MATCHED_FIXED_DE_PARETO,4,COMPLETE,INCLUDED,0.8164619389972501,0.9417017530166378,,0
r8c-1856-dcdf2eb84040b723,1856,E1_ROLLING,RR-SMOOTH/3,MATCHED_JDE_STYLE_PARETO,4,COMPLETE,INCLUDED,0.8062482578586266,0.9528252154668889,,0
r8c-1857-7c6a7a0fe1d85804,1857,E1_ROLLING,RR-SMOOTH/3,MATCHED_SHADE_STYLE_PARETO,4,COMPLETE,INCLUDED,0.7796464172450722,0.9372029803305428,,0
r8c-1858-f39d5335c0753001,1858,E1_ROLLING,RR-SMOOTH/3,JMETALPY_1_7_GDE3_STANDARD_PARETO_DE,4,COMPLETE,INCLUDED,0.8040497092569041,0.9435228964722218,,0
r8c-1859-5fb79ac59c92cd28,1859,E1_ROLLING,RR-SMOOTH/3,JMETALPY_1_7_NSGAII_DYNAMIC_RESTART_BRIDGE,4,COMPLETE,INCLUDED,0.9352224476030131,0.9653260555500485,,0
r8c-1860-7808880f1bff17d3,1860,E1_ROLLING,RR-SMOOTH/4,DT-RAMDE_TS2_FULL,0,COMPLETE,INCLUDED,0.6431455209603244,0.7051964294340836,,0
r8c-1861-ce3b26ebdd511eb3,1861,E1_ROLLING,RR-SMOOTH/4,MATCHED_FIXED_DE_PARETO,0,COMPLETE,INCLUDED,0.5982570184098461,0.6981287419382436,,0
r8c-1862-fca739d26bd9a5d8,1862,E1_ROLLING,RR-SMOOTH/4,MATCHED_JDE_STYLE_PARETO,0,COMPLETE,INCLUDED,0.5871481094739592,0.7032403174742182,,0
r8c-1863-eff6172be6c284a0,1863,E1_ROLLING,RR-SMOOTH/4,MATCHED_SHADE_STYLE_PARETO,0,COMPLETE,INCLUDED,0.5616013936056949,0.694213302917621,,0
r8c-1864-6a9fd657ccc068ef,1864,E1_ROLLING,RR-SMOOTH/4,JMETALPY_1_7_GDE3_STANDARD_PARETO_DE,0,COMPLETE,INCLUDED,0.5904114411317358,0.6952781077102773,,0
r8c-1865-9e007e922a067670,1865,E1_ROLLING,RR-SMOOTH/4,JMETALPY_1_7_NSGAII_DYNAMIC_RESTART_BRIDGE,0,COMPLETE,INCLUDED,0.6220243060940293,0.6547499324019117,,0
r8c-1866-b934969809881476,1866,E1_ROLLING,RR-SMOOTH/4,DT-RAMDE_TS2_FULL,1,COMPLETE,INCLUDED,0.6349513000244579,0.7035378568023564,,0
r8c-1867-fdf23c458af15697,1867,E1_ROLLING,RR-SMOOTH/4,MATCHED_FIXED_DE_PARETO,1,COMPLETE,INCLUDED,0.5815065238247984,0.6935693033572083,,0
r8c-1868-e9a7b2e02b637dff,1868,E1_ROLLING,RR-SMOOTH/4,MATCHED_JDE_STYLE_PARETO,1,COMPLETE,INCLUDED,0.5767114309233538,0.6988211755224578,,0
r8c-1869-903990ae06d37fc8,1869,E1_ROLLING,RR-SMOOTH/4,MATCHED_SHADE_STYLE_PARETO,1,COMPLETE,INCLUDED,0.559017194656165,0.6839643770353566,,0
r8c-1870-0773fdd742a68019,1870,E1_ROLLING,RR-SMOOTH/4,JMETALPY_1_7_GDE3_STANDARD_PARETO_DE,1,COMPLETE,INCLUDED,0.5884002616116777,0.7003678622844103,,0
r8c-1871-d85ac189b37b1ffc,1871,E1_ROLLING,RR-SMOOTH/4,JMETALPY_1_7_NSGAII_DYNAMIC_RESTART_BRIDGE,1,COMPLETE,INCLUDED,0.635164878303124,0.6875193964819427,,0
r8c-1872-0519872e762d61dd,1872,E1_ROLLING,RR-SMOOTH/4,DT-RAMDE_TS2_FULL,2,COMPLETE,INCLUDED,0.5406724719141844,0.600326693154883,,0
r8c-1873-519022589baa9276,1873,E1_ROLLING,RR-SMOOTH/4,MATCHED_FIXED_DE_PARETO,2,COMPLETE,INCLUDED,0.5827910402948361,0.6962290093422652,,0
r8c-1874-62204fd8c6fdd670,1874,E1_ROLLING,RR-SMOOTH/4,MATCHED_JDE_STYLE_PARETO,2,COMPLETE,INCLUDED,0.5817784279463986,0.6979029721010004,,0
r8c-1875-8664c81a2e635c39,1875,E1_ROLLING,RR-SMOOTH/4,MATCHED_SHADE_STYLE_PARETO,2,COMPLETE,INCLUDED,0.5603625172421791,0.6921027299561959,,0
r8c-1876-42fcf7a71104331c,1876,E1_ROLLING,RR-SMOOTH/4,JMETALPY_1_7_GDE3_STANDARD_PARETO_DE,2,COMPLETE,INCLUDED,0.588920673134883,0.695389379270237,,0
r8c-1877-c54d9d6f08c4622e,1877,E1_ROLLING,RR-SMOOTH/4,JMETALPY_1_7_NSGAII_DYNAMIC_RESTART_BRIDGE,2,COMPLETE,INCLUDED,0.6427162485568296,0.6681461111095424,,0
r8c-1878-11d5c1995769b6ce,1878,E1_ROLLING,RR-SMOOTH/4,DT-RAMDE_TS2_FULL,3,COMPLETE,INCLUDED,0.3419146954860216,0.40231685914194665,,0
r8c-1879-9298c10eb1f21605,1879,E1_ROLLING,RR-SMOOTH/4,MATCHED_FIXED_DE_PARETO,3,COMPLETE,INCLUDED,0.5755264328881109,0.6913981733667852,,0
r8c-1880-32d5d922503da281,1880,E1_ROLLING,RR-SMOOTH/4,MATCHED_JDE_STYLE_PARETO,3,COMPLETE,INCLUDED,0.5801309020354457,0.6965511420040408,,0
r8c-1881-a483a8fc37066a54,1881,E1_ROLLING,RR-SMOOTH/4,MATCHED_SHADE_STYLE_PARETO,3,COMPLETE,INCLUDED,0.5457012489910119,0.6740928876687106,,0
r8c-1882-e7dc87e97cc2feb6,1882,E1_ROLLING,RR-SMOOTH/4,JMETALPY_1_7_GDE3_STANDARD_PARETO_DE,3,COMPLETE,INCLUDED,0.5770552674629483,0.6916469247021493,,0
r8c-1883-4f5f0d0d04f5d344,1883,E1_ROLLING,RR-SMOOTH/4,JMETALPY_1_7_NSGAII_DYNAMIC_RESTART_BRIDGE,3,COMPLETE,INCLUDED,0.6395017066468026,0.6639226591015877,,0
r8c-1884-68178940d62dc272,1884,E1_ROLLING,RR-SMOOTH/4,DT-RAMDE_TS2_FULL,4,COMPLETE,INCLUDED,0.5850275291215534,0.6443056932935851,,0
r8c-1885-e9b8e503fa0a317b,1885,E1_ROLLING,RR-SMOOTH/4,MATCHED_FIXED_DE_PARETO,4,COMPLETE,INCLUDED,0.5739332615614339,0.6865042965861873,,0
r8c-1886-b74b17ecb28d10e8,1886,E1_ROLLING,RR-SMOOTH/4,MATCHED_JDE_STYLE_PARETO,4,COMPLETE,INCLUDED,0.5946270802658147,0.7064121859054319,,0
r8c-1887-e499a2a829d8f40d,1887,E1_ROLLING,RR-SMOOTH/4,MATCHED_SHADE_STYLE_PARETO,4,COMPLETE,INCLUDED,0.5639702341447447,0.6836762506561204,,0
r8c-1888-85a1a1deee2b3c2e,1888,E1_ROLLING,RR-SMOOTH/4,JMETALPY_1_7_GDE3_STANDARD_PARETO_DE,4,COMPLETE,INCLUDED,0.586473572237888,0.6914715126725752,,0
r8c-1889-47a45c22b22367a0,1889,E1_ROLLING,RR-SMOOTH/4,JMETALPY_1_7_NSGAII_DYNAMIC_RESTART_BRIDGE,4,COMPLETE,INCLUDED,0.6264608789875302,0.655927394574048,,0
r8c-1890-64b4911ea9a1af87,1890,E1_ROLLING,RR-SMOOTH/5,DT-RAMDE_TS2_FULL,0,COMPLETE,INCLUDED,0.9024280361797736,0.9699511041586778,,0
r8c-1891-2b68b95d058592be,1891,E1_ROLLING,RR-SMOOTH/5,MATCHED_FIXED_DE_PARETO,0,COMPLETE,INCLUDED,0.8007181008966725,0.9572381148686018,,0
r8c-1892-80773bd817464b06,1892,E1_ROLLING,RR-SMOOTH/5,MATCHED_JDE_STYLE_PARETO,0,COMPLETE,INCLUDED,0.7979516275009115,0.9620660616652904,,0
r8c-1893-71dabc4a0590d5ef,1893,E1_ROLLING,RR-SMOOTH/5,MATCHED_SHADE_STYLE_PARETO,0,COMPLETE,INCLUDED,0.7544966107581612,0.9411927422961343,,0
r8c-1894-7bba24b542b7ca84,1894,E1_ROLLING,RR-SMOOTH/5,JMETALPY_1_7_GDE3_STANDARD_PARETO_DE,0,COMPLETE,INCLUDED,0.8073752173043669,0.9552589180642217,,0
r8c-1895-68c2cca00d8a96c8,1895,E1_ROLLING,RR-SMOOTH/5,JMETALPY_1_7_NSGAII_DYNAMIC_RESTART_BRIDGE,0,COMPLETE,INCLUDED,0.9385279884621657,0.973694562888683,,0
r8c-1896-7214852ffce4ad1a,1896,E1_ROLLING,RR-SMOOTH/5,DT-RAMDE_TS2_FULL,1,COMPLETE,INCLUDED,0.9127697303357273,0.9773676456236748,,0
r8c-1897-6944fc50de060e75,1897,E1_ROLLING,RR-SMOOTH/5,MATCHED_FIXED_DE_PARETO,1,COMPLETE,INCLUDED,0.7557517260554919,0.9186093525344485,,0
r8c-1898-a66d481422bdfc73,1898,E1_ROLLING,RR-SMOOTH/5,MATCHED_JDE_STYLE_PARETO,1,COMPLETE,INCLUDED,0.8040895290545569,0.9646974018432081,,0
r8c-1899-e2e752410966978a,1899,E1_ROLLING,RR-SMOOTH/5,MATCHED_SHADE_STYLE_PARETO,1,COMPLETE,INCLUDED,0.7662010794020249,0.9448316278595226,,0
r8c-1900-0961079e7d396a1b,1900,E1_ROLLING,RR-SMOOTH/5,JMETALPY_1_7_GDE3_STANDARD_PARETO_DE,1,COMPLETE,INCLUDED,0.7507447877906114,0.9078404317592679,,0
r8c-1901-e0d10cb6e5171a11,1901,E1_ROLLING,RR-SMOOTH/5,JMETALPY_1_7_NSGAII_DYNAMIC_RESTART_BRIDGE,1,COMPLETE,INCLUDED,0.9439152273936953,0.9768872033634299,,0
r8c-1902-9bf83e925ea9655e,1902,E1_ROLLING,RR-SMOOTH/5,DT-RAMDE_TS2_FULL,2,COMPLETE,INCLUDED,0.9030118291984535,0.9748995750040169,,0
r8c-1903-c32867a1177d1e5b,1903,E1_ROLLING,RR-SMOOTH/5,MATCHED_FIXED_DE_PARETO,2,COMPLETE,INCLUDED,0.7940928476191649,0.947468613944422,,0
r8c-1904-6e32b85dbc90c214,1904,E1_ROLLING,RR-SMOOTH/5,MATCHED_JDE_STYLE_PARETO,2,COMPLETE,INCLUDED,0.7907700016434955,0.953791659728547,,0
r8c-1905-b2ee70d4b4bf5e8b,1905,E1_ROLLING,RR-SMOOTH/5,MATCHED_SHADE_STYLE_PARETO,2,COMPLETE,INCLUDED,0.7655921582616084,0.9444096037241995,,0
r8c-1906-939d0f187ea68f5f,1906,E1_ROLLING,RR-SMOOTH/5,JMETALPY_1_7_GDE3_STANDARD_PARETO_DE,2,COMPLETE,INCLUDED,0.8058709698970956,0.9489216824579312,,0
r8c-1907-1116828c32374382,1907,E1_ROLLING,RR-SMOOTH/5,JMETALPY_1_7_NSGAII_DYNAMIC_RESTART_BRIDGE,2,COMPLETE,INCLUDED,0.9385906263398522,0.9751807588872646,,0
r8c-1908-6ab94279b0457e74,1908,E1_ROLLING,RR-SMOOTH/5,DT-RAMDE_TS2_FULL,3,COMPLETE,INCLUDED,0.8843297059358373,0.9723919627422776,,0
r8c-1909-d62b0182a750d612,1909,E1_ROLLING,RR-SMOOTH/5,MATCHED_FIXED_DE_PARETO,3,COMPLETE,INCLUDED,0.8242163696808624,0.960772793097626,,0
r8c-1910-976de71fef71a835,1910,E1_ROLLING,RR-SMOOTH/5,MATCHED_JDE_STYLE_PARETO,3,COMPLETE,INCLUDED,0.8088831811037265,0.9701292023577416,,0
r8c-1911-76fe5c04adbeee05,1911,E1_ROLLING,RR-SMOOTH/5,MATCHED_SHADE_STYLE_PARETO,3,COMPLETE,INCLUDED,0.7623590931084544,0.9386344950337155,,0
r8c-1912-135bf57425ec46a8,1912,E1_ROLLING,RR-SMOOTH/5,JMETALPY_1_7_GDE3_STANDARD_PARETO_DE,3,COMPLETE,INCLUDED,0.8103711068199286,0.9568277220665719,,0
r8c-1913-dd8400b6a263de1d,1913,E1_ROLLING,RR-SMOOTH/5,JMETALPY_1_7_NSGAII_DYNAMIC_RESTART_BRIDGE,3,COMPLETE,INCLUDED,0.9363794807870469,0.9713948728041695,,0
r8c-1914-8db07d88dab9a967,1914,E1_ROLLING,RR-SMOOTH/5,DT-RAMDE_TS2_FULL,4,COMPLETE,INCLUDED,0.9035393585495612,0.9749055444973577,,0
r8c-1915-a22abb136c3dafff,1915,E1_ROLLING,RR-SMOOTH/5,MATCHED_FIXED_DE_PARETO,4,COMPLETE,INCLUDED,0.7975371952222396,0.9512637211037964,,0
r8c-1916-d328b97abd178939,1916,E1_ROLLING,RR-SMOOTH/5,MATCHED_JDE_STYLE_PARETO,4,COMPLETE,INCLUDED,0.8084317709448621,0.9665703877066683,,0
r8c-1917-e8d2aa4086662ab8,1917,E1_ROLLING,RR-SMOOTH/5,MATCHED_SHADE_STYLE_PARETO,4,COMPLETE,INCLUDED,0.770512075894483,0.9507277199170094,,0
r8c-1918-1aa2de3d4fddeb5a,1918,E1_ROLLING,RR-SMOOTH/5,JMETALPY_1_7_GDE3_STANDARD_PARETO_DE,4,COMPLETE,INCLUDED,0.7941132138451352,0.9521066249163805,,0
r8c-1919-4214d11ae1aad4b0,1919,E1_ROLLING,RR-SMOOTH/5,JMETALPY_1_7_NSGAII_DYNAMIC_RESTART_BRIDGE,4,COMPLETE,INCLUDED,0.937490547409341,0.9730153426677528,,0
r8c-1920-61dd9f9276544e60,1920,E1_ROLLING,RR-SMOOTH/6,DT-RAMDE_TS2_FULL,0,COMPLETE,INCLUDED,0.8586498021351003,0.9622845413791087,,0
r8c-1921-a2e9cd7a0f682b9d,1921,E1_ROLLING,RR-SMOOTH/6,MATCHED_FIXED_DE_PARETO,0,COMPLETE,INCLUDED,0.7128643238121098,0.9255175185891179,,0
r8c-1922-a85f424715c9bb81,1922,E1_ROLLING,RR-SMOOTH/6,MATCHED_JDE_STYLE_PARETO,0,COMPLETE,INCLUDED,0.7005992450674271,0.9364604982815738,,0
r8c-1923-9a311b4cc3d0bc16,1923,E1_ROLLING,RR-SMOOTH/6,MATCHED_SHADE_STYLE_PARETO,0,COMPLETE,INCLUDED,0.6187156028313889,0.8896408033123903,,0
r8c-1924-b5cef82cfabc8b1d,1924,E1_ROLLING,RR-SMOOTH/6,JMETALPY_1_7_GDE3_STANDARD_PARETO_DE,0,COMPLETE,INCLUDED,0.6919406904799177,0.9172144384212537,,0
r8c-1925-839da4c9c2893b74,1925,E1_ROLLING,RR-SMOOTH/6,JMETALPY_1_7_NSGAII_DYNAMIC_RESTART_BRIDGE,0,COMPLETE,INCLUDED,0.9094828475947793,0.9523128569139787,,0
r8c-1926-d9221b52fffd8295,1926,E1_ROLLING,RR-SMOOTH/6,DT-RAMDE_TS2_FULL,1,COMPLETE,INCLUDED,0.3798555871320847,0.5006092315539961,,0
r8c-1927-68f477edcf72fffd,1927,E1_ROLLING,RR-SMOOTH/6,MATCHED_FIXED_DE_PARETO,1,COMPLETE,INCLUDED,0.6966747951798993,0.9219849427427343,,0
r8c-1928-1f1df18f3ddde223,1928,E1_ROLLING,RR-SMOOTH/6,MATCHED_JDE_STYLE_PARETO,1,COMPLETE,INCLUDED,0.7126411457281814,0.9361082047507905,,0
r8c-1929-2c33cb23e3cf7831,1929,E1_ROLLING,RR-SMOOTH/6,MATCHED_SHADE_STYLE_PARETO,1,COMPLETE,INCLUDED,0.6405600190660052,0.9003768539921959,,0
r8c-1930-838b05d61cbb6015,1930,E1_ROLLING,RR-SMOOTH/6,JMETALPY_1_7_GDE3_STANDARD_PARETO_DE,1,COMPLETE,INCLUDED,0.6699228517937252,0.9036954728034765,,0
r8c-1931-78048377931262d7,1931,E1_ROLLING,RR-SMOOTH/6,JMETALPY_1_7_NSGAII_DYNAMIC_RESTART_BRIDGE,1,COMPLETE,INCLUDED,0.9220213999011454,0.9629131165471005,,0
r8c-1932-91eafdf4fe808951,1932,E1_ROLLING,RR-SMOOTH/6,DT-RAMDE_TS2_FULL,2,COMPLETE,INCLUDED,0.3844591633816782,0.5276464839810305,,0
r8c-1933-64cc7a981923dccf,1933,E1_ROLLING,RR-SMOOTH/6,MATCHED_FIXED_DE_PARETO,2,COMPLETE,INCLUDED,0.6948370094807238,0.9218007291429732,,0
r8c-1934-bcf3ada8f9396841,1934,E1_ROLLING,RR-SMOOTH/6,MATCHED_JDE_STYLE_PARETO,2,COMPLETE,INCLUDED,0.6922023147391297,0.9181640103139289,,0
r8c-1935-5c72984a615ee4a0,1935,E1_ROLLING,RR-SMOOTH/6,MATCHED_SHADE_STYLE_PARETO,2,COMPLETE,INCLUDED,0.6202097766314898,0.9074149349395132,,0
r8c-1936-35f1ca6083668eda,1936,E1_ROLLING,RR-SMOOTH/6,JMETALPY_1_7_GDE3_STANDARD_PARETO_DE,2,COMPLETE,INCLUDED,0.6962620285024441,0.9274061902086194,,0
r8c-1937-bf1cb90b1dc39379,1937,E1_ROLLING,RR-SMOOTH/6,JMETALPY_1_7_NSGAII_DYNAMIC_RESTART_BRIDGE,2,COMPLETE,INCLUDED,0.9129674508463118,0.9550005984241127,,0
r8c-1938-a2b31c0e812f968a,1938,E1_ROLLING,RR-SMOOTH/6,DT-RAMDE_TS2_FULL,3,COMPLETE,INCLUDED,0.8427562450928152,0.9589599845932628,,0
r8c-1939-47e82cdc3b94cdb1,1939,E1_ROLLING,RR-SMOOTH/6,MATCHED_FIXED_DE_PARETO,3,COMPLETE,INCLUDED,0.690017039448169,0.9105411414380618,,0
r8c-1940-6840e63a68a5c29f,1940,E1_ROLLING,RR-SMOOTH/6,MATCHED_JDE_STYLE_PARETO,3,COMPLETE,INCLUDED,0.6965630459467892,0.9322752853095929,,0
r8c-1941-df4f562ef0dda22b,1941,E1_ROLLING,RR-SMOOTH/6,MATCHED_SHADE_STYLE_PARETO,3,COMPLETE,INCLUDED,0.6085567900632327,0.8894668249386944,,0
r8c-1942-07529fb7700e4c5e,1942,E1_ROLLING,RR-SMOOTH/6,JMETALPY_1_7_GDE3_STANDARD_PARETO_DE,3,COMPLETE,INCLUDED,0.6824505097712009,0.907569562510924,,0
r8c-1943-ad918a8ab42d4e00,1943,E1_ROLLING,RR-SMOOTH/6,JMETALPY_1_7_NSGAII_DYNAMIC_RESTART_BRIDGE,3,COMPLETE,INCLUDED,0.9193276478475993,0.9548920935754772,,0
r8c-1944-e92c2eb364033dd7,1944,E1_ROLLING,RR-SMOOTH/6,DT-RAMDE_TS2_FULL,4,COMPLETE,INCLUDED,0.38187524266354134,0.5044924899395482,,0
r8c-1945-b545052ede25dffa,1945,E1_ROLLING,RR-SMOOTH/6,MATCHED_FIXED_DE_PARETO,4,COMPLETE,INCLUDED,0.6597916515685271,0.9030557017345762,,0
r8c-1946-8ad5a46acd746057,1946,E1_ROLLING,RR-SMOOTH/6,MATCHED_JDE_STYLE_PARETO,4,COMPLETE,INCLUDED,0.7101757764097341,0.9463377743755428,,0
r8c-1947-42cf3a827297f556,1947,E1_ROLLING,RR-SMOOTH/6,MATCHED_SHADE_STYLE_PARETO,4,COMPLETE,INCLUDED,0.628141324583684,0.8922003220713484,,0
r8c-1948-09c0f9135d9c189b,1948,E1_ROLLING,RR-SMOOTH/6,JMETALPY_1_7_GDE3_STANDARD_PARETO_DE,4,COMPLETE,INCLUDED,0.6969313000711717,0.9222727371470182,,0
r8c-1949-57290566e1ecda05,1949,E1_ROLLING,RR-SMOOTH/6,JMETALPY_1_7_NSGAII_DYNAMIC_RESTART_BRIDGE,4,COMPLETE,INCLUDED,0.9206858938206715,0.9618303122909173,,0
r8c-1950-2748a6f918fa233c,1950,E1_ROLLING,RR-SMOOTH/7,DT-RAMDE_TS2_FULL,0,COMPLETE,INCLUDED,0.8515568396018901,0.9670957497670362,,0
r8c-1951-5aa14b5b20e30430,1951,E1_ROLLING,RR-SMOOTH/7,MATCHED_FIXED_DE_PARETO,0,COMPLETE,INCLUDED,0.7298825647636173,0.9471661263713365,,0
r8c-1952-2bfd7e4b80018f1f,1952,E1_ROLLING,RR-SMOOTH/7,MATCHED_JDE_STYLE_PARETO,0,COMPLETE,INCLUDED,0.7280331270659616,0.9515369309012657,,0
r8c-1953-1a18247631e65040,1953,E1_ROLLING,RR-SMOOTH/7,MATCHED_SHADE_STYLE_PARETO,0,COMPLETE,INCLUDED,0.6742361680621571,0.9277286328468838,,0
r8c-1954-caddde97ed4cf0f3,1954,E1_ROLLING,RR-SMOOTH/7,JMETALPY_1_7_GDE3_STANDARD_PARETO_DE,0,COMPLETE,INCLUDED,0.7202383155012536,0.9416606030987626,,0
r8c-1955-db267c692262f479,1955,E1_ROLLING,RR-SMOOTH/7,JMETALPY_1_7_NSGAII_DYNAMIC_RESTART_BRIDGE,0,COMPLETE,INCLUDED,0.9374605600002898,0.9745035204799042,,0
r8c-1956-02dfb95da2ed088d,1956,E1_ROLLING,RR-SMOOTH/7,DT-RAMDE_TS2_FULL,1,COMPLETE,INCLUDED,0.8741080278586641,0.9730148816765821,,0
r8c-1957-874809a5d9308f9f,1957,E1_ROLLING,RR-SMOOTH/7,MATCHED_FIXED_DE_PARETO,1,COMPLETE,INCLUDED,0.7291480775079126,0.9501886075451672,,0
r8c-1958-d56cebc3e5bca027,1958,E1_ROLLING,RR-SMOOTH/7,MATCHED_JDE_STYLE_PARETO,1,COMPLETE,INCLUDED,0.7332331242324933,0.9600128862311621,,0
r8c-1959-a6ef8988b1a6e81a,1959,E1_ROLLING,RR-SMOOTH/7,MATCHED_SHADE_STYLE_PARETO,1,COMPLETE,INCLUDED,0.6629355510557111,0.9311565798249415,,0
r8c-1960-38fe5689da1cd7dc,1960,E1_ROLLING,RR-SMOOTH/7,JMETALPY_1_7_GDE3_STANDARD_PARETO_DE,1,COMPLETE,INCLUDED,0.7277317317731741,0.9373833897846374,,0
r8c-1961-41a47aadc7367f0d,1961,E1_ROLLING,RR-SMOOTH/7,JMETALPY_1_7_NSGAII_DYNAMIC_RESTART_BRIDGE,1,COMPLETE,INCLUDED,0.9400225869294015,0.9753804773268039,,0
r8c-1962-6131f44f06efbc5b,1962,E1_ROLLING,RR-SMOOTH/7,DT-RAMDE_TS2_FULL,2,COMPLETE,INCLUDED,0.8833725332773044,0.9720839914038374,,0
r8c-1963-307f3363a881b07a,1963,E1_ROLLING,RR-SMOOTH/7,MATCHED_FIXED_DE_PARETO,2,COMPLETE,INCLUDED,0.7259219237564931,0.9432178517846219,,0
r8c-1964-c6507ab732aaff16,1964,E1_ROLLING,RR-SMOOTH/7,MATCHED_JDE_STYLE_PARETO,2,COMPLETE,INCLUDED,0.714775965953813,0.9555783195137808,,0
r8c-1965-b7120fdd3822e1b4,1965,E1_ROLLING,RR-SMOOTH/7,MATCHED_SHADE_STYLE_PARETO,2,COMPLETE,INCLUDED,0.6915824792529072,0.9443710925539015,,0
r8c-1966-94b0beb4143c58fe,1966,E1_ROLLING,RR-SMOOTH/7,JMETALPY_1_7_GDE3_STANDARD_PARETO_DE,2,COMPLETE,INCLUDED,0.7160112128039307,0.939433377992383,,0
r8c-1967-8f418ba862cae8c0,1967,E1_ROLLING,RR-SMOOTH/7,JMETALPY_1_7_NSGAII_DYNAMIC_RESTART_BRIDGE,2,COMPLETE,INCLUDED,0.9343150579943801,0.9726320102598904,,0
r8c-1968-72e475ee8712475f,1968,E1_ROLLING,RR-SMOOTH/7,DT-RAMDE_TS2_FULL,3,COMPLETE,INCLUDED,0.8842163496561533,0.9709293857030218,,0
r8c-1969-7d19082baa740041,1969,E1_ROLLING,RR-SMOOTH/7,MATCHED_FIXED_DE_PARETO,3,COMPLETE,INCLUDED,0.7323723415724224,0.9436299396662544,,0
r8c-1970-ea96bd0307ca8266,1970,E1_ROLLING,RR-SMOOTH/7,MATCHED_JDE_STYLE_PARETO,3,COMPLETE,INCLUDED,0.7348903045309522,0.9614258386891633,,0
r8c-1971-f10239c06946657a,1971,E1_ROLLING,RR-SMOOTH/7,MATCHED_SHADE_STYLE_PARETO,3,COMPLETE,INCLUDED,0.6821558857314503,0.9414396731621307,,0
r8c-1972-33de52277d122246,1972,E1_ROLLING,RR-SMOOTH/7,JMETALPY_1_7_GDE3_STANDARD_PARETO_DE,3,COMPLETE,INCLUDED,0.7207240367434644,0.9452442690471772,,0
r8c-1973-8d87d7d936f9753a,1973,E1_ROLLING,RR-SMOOTH/7,JMETALPY_1_7_NSGAII_DYNAMIC_RESTART_BRIDGE,3,COMPLETE,INCLUDED,0.9352860580341694,0.9757642845900912,,0
r8c-1974-de5e9f13d2b72545,1974,E1_ROLLING,RR-SMOOTH/7,DT-RAMDE_TS2_FULL,4,COMPLETE,INCLUDED,0.885832092664088,0.9721304113385129,,0
r8c-1975-71d00a341892e7ab,1975,E1_ROLLING,RR-SMOOTH/7,MATCHED_FIXED_DE_PARETO,4,COMPLETE,INCLUDED,0.7222153954505964,0.9455953973920262,,0
r8c-1976-3f299b972aa83f46,1976,E1_ROLLING,RR-SMOOTH/7,MATCHED_JDE_STYLE_PARETO,4,COMPLETE,INCLUDED,0.7313172587232669,0.9595216802012206,,0
r8c-1977-e07395625eb774bb,1977,E1_ROLLING,RR-SMOOTH/7,MATCHED_SHADE_STYLE_PARETO,4,COMPLETE,INCLUDED,0.6639386648299467,0.9325276636628127,,0
r8c-1978-c21bd342170621f7,1978,E1_ROLLING,RR-SMOOTH/7,JMETALPY_1_7_GDE3_STANDARD_PARETO_DE,4,COMPLETE,INCLUDED,0.7084419000287024,0.9405108321370983,,0
r8c-1979-1ca95ed986693ead,1979,E1_ROLLING,RR-SMOOTH/7,JMETALPY_1_7_NSGAII_DYNAMIC_RESTART_BRIDGE,4,COMPLETE,INCLUDED,0.9389130180535551,0.9749418076626837,,0
r8c-1980-4bb1402d5d38cc73,1980,E1_ROLLING,RR-SHOCK/0,DT-RAMDE_TS2_FULL,0,COMPLETE,INCLUDED,0.9051289466467448,0.9804211547176651,,0
r8c-1981-96d2a382d4fdf8a2,1981,E1_ROLLING,RR-SHOCK/0,MATCHED_FIXED_DE_PARETO,0,COMPLETE,INCLUDED,0.8147047986192542,0.9634938264431174,,0
r8c-1982-4b73df224dba1de2,1982,E1_ROLLING,RR-SHOCK/0,MATCHED_JDE_STYLE_PARETO,0,COMPLETE,INCLUDED,0.8182040648591181,0.9746327745210228,,0
r8c-1983-571022d9e54ced5e,1983,E1_ROLLING,RR-SHOCK/0,MATCHED_SHADE_STYLE_PARETO,0,COMPLETE,INCLUDED,0.7970374173650336,0.965867977506132,,0
r8c-1984-8851267a12b57610,1984,E1_ROLLING,RR-SHOCK/0,JMETALPY_1_7_GDE3_STANDARD_PARETO_DE,0,COMPLETE,INCLUDED,0.8219721240208913,0.9635536525669046,,0
r8c-1985-9d41f5608d75a94c,1985,E1_ROLLING,RR-SHOCK/0,JMETALPY_1_7_NSGAII_DYNAMIC_RESTART_BRIDGE,0,COMPLETE,INCLUDED,0.9564738782676642,0.9859894059768498,,0
r8c-1986-08e4339cdd3b7546,1986,E1_ROLLING,RR-SHOCK/0,DT-RAMDE_TS2_FULL,1,COMPLETE,INCLUDED,0.9227532211073155,0.9833570855505485,,0
r8c-1987-ca58767013fafddd,1987,E1_ROLLING,RR-SHOCK/0,MATCHED_FIXED_DE_PARETO,1,COMPLETE,INCLUDED,0.8146389918103074,0.96238251396442,,0
r8c-1988-c9caf9fbab0e6d12,1988,E1_ROLLING,RR-SHOCK/0,MATCHED_JDE_STYLE_PARETO,1,COMPLETE,INCLUDED,0.8289939763158216,0.9761797928469178,,0
r8c-1989-c19320ccfa2d74a7,1989,E1_ROLLING,RR-SHOCK/0,MATCHED_SHADE_STYLE_PARETO,1,COMPLETE,INCLUDED,0.8065273342543231,0.966085623458188,,0
r8c-1990-67a90d5fd4a56c8c,1990,E1_ROLLING,RR-SHOCK/0,JMETALPY_1_7_GDE3_STANDARD_PARETO_DE,1,COMPLETE,INCLUDED,0.8216756913842598,0.965039967897626,,0
r8c-1991-b350bc29262935f5,1991,E1_ROLLING,RR-SHOCK/0,JMETALPY_1_7_NSGAII_DYNAMIC_RESTART_BRIDGE,1,COMPLETE,INCLUDED,0.9524711667691486,0.9856698307746324,,0
r8c-1992-41074067932d3149,1992,E1_ROLLING,RR-SHOCK/0,DT-RAMDE_TS2_FULL,2,COMPLETE,INCLUDED,0.9116472846169563,0.9815792018344827,,0
r8c-1993-bff5dfc61442a7b1,1993,E1_ROLLING,RR-SHOCK/0,MATCHED_FIXED_DE_PARETO,2,COMPLETE,INCLUDED,0.8109406956426831,0.9621069929547797,,0
r8c-1994-daac30162f9bf20b,1994,E1_ROLLING,RR-SHOCK/0,MATCHED_JDE_STYLE_PARETO,2,COMPLETE,INCLUDED,0.8438293666448422,0.9758430213603898,,0
r8c-1995-0e496eb710ea7cc8,1995,E1_ROLLING,RR-SHOCK/0,MATCHED_SHADE_STYLE_PARETO,2,COMPLETE,INCLUDED,0.7991545209188458,0.9662755119416098,,0
r8c-1996-7582d89f9349f877,1996,E1_ROLLING,RR-SHOCK/0,JMETALPY_1_7_GDE3_STANDARD_PARETO_DE,2,COMPLETE,INCLUDED,0.8209890386069822,0.9656499804637695,,0
r8c-1997-9640e6021df65c82,1997,E1_ROLLING,RR-SHOCK/0,JMETALPY_1_7_NSGAII_DYNAMIC_RESTART_BRIDGE,2,COMPLETE,INCLUDED,0.9551450249613568,0.987211737346146,,0
r8c-1998-9e2b7dfbadaae990,1998,E1_ROLLING,RR-SHOCK/0,DT-RAMDE_TS2_FULL,3,COMPLETE,INCLUDED,0.9339639229784638,0.9831770567503544,,0
r8c-1999-ef67883b321b7b44,1999,E1_ROLLING,RR-SHOCK/0,MATCHED_FIXED_DE_PARETO,3,COMPLETE,INCLUDED,0.8233006313180539,0.9649894075769255,,0
r8c-2000-abba0cbbfae03058,2000,E1_ROLLING,RR-SHOCK/0,MATCHED_JDE_STYLE_PARETO,3,COMPLETE,INCLUDED,0.823364828172144,0.9742616738673548,,0
r8c-2001-c05a3cd5ae84071a,2001,E1_ROLLING,RR-SHOCK/0,MATCHED_SHADE_STYLE_PARETO,3,COMPLETE,INCLUDED,0.8005185774375618,0.966266276971082,,0
r8c-2002-4ed42c27b87d467e,2002,E1_ROLLING,RR-SHOCK/0,JMETALPY_1_7_GDE3_STANDARD_PARETO_DE,3,COMPLETE,INCLUDED,0.8268897238253589,0.9625514463897578,,0
r8c-2003-57b202a432f12f4a,2003,E1_ROLLING,RR-SHOCK/0,JMETALPY_1_7_NSGAII_DYNAMIC_RESTART_BRIDGE,3,COMPLETE,INCLUDED,0.9524874695980952,0.9861034339902183,,0
r8c-2004-335a76bf4c5032d9,2004,E1_ROLLING,RR-SHOCK/0,DT-RAMDE_TS2_FULL,4,COMPLETE,INCLUDED,0.9266821336291619,0.9833365396165601,,0
r8c-2005-dfbc177a0863a37f,2005,E1_ROLLING,RR-SHOCK/0,MATCHED_FIXED_DE_PARETO,4,COMPLETE,INCLUDED,0.8183943776866934,0.9673167338029911,,0
r8c-2006-efda4f397b520be2,2006,E1_ROLLING,RR-SHOCK/0,MATCHED_JDE_STYLE_PARETO,4,COMPLETE,INCLUDED,0.8305395600176831,0.9769649314115542,,0
r8c-2007-d7bca1196ff7530d,2007,E1_ROLLING,RR-SHOCK/0,MATCHED_SHADE_STYLE_PARETO,4,COMPLETE,INCLUDED,0.7931618216898648,0.9642075326563573,,0
r8c-2008-35d153021aa9fd8c,2008,E1_ROLLING,RR-SHOCK/0,JMETALPY_1_7_GDE3_STANDARD_PARETO_DE,4,COMPLETE,INCLUDED,0.8261977744702872,0.963168394702931,,0
r8c-2009-29ac843eb52677dc,2009,E1_ROLLING,RR-SHOCK/0,JMETALPY_1_7_NSGAII_DYNAMIC_RESTART_BRIDGE,4,COMPLETE,INCLUDED,0.9548905609532958,0.9860768829724383,,0
r8c-2010-06044a608478db88,2010,E1_ROLLING,RR-SHOCK/1,DT-RAMDE_TS2_FULL,0,COMPLETE,INCLUDED,0.9201881352004524,0.9735437342135107,,0
r8c-2011-0f8ecb42af748f57,2011,E1_ROLLING,RR-SHOCK/1,MATCHED_FIXED_DE_PARETO,0,COMPLETE,INCLUDED,0.8179904349424486,0.9544322182336021,,0
r8c-2012-a0742a9da220f36c,2012,E1_ROLLING,RR-SHOCK/1,MATCHED_JDE_STYLE_PARETO,0,COMPLETE,INCLUDED,0.8114746396319173,0.9631376472671626,,0
r8c-2013-e61da00c19c30dae,2013,E1_ROLLING,RR-SHOCK/1,MATCHED_SHADE_STYLE_PARETO,0,COMPLETE,INCLUDED,0.7838242866162114,0.9472588171113948,,0
r8c-2014-4405b8afa1d38e06,2014,E1_ROLLING,RR-SHOCK/1,JMETALPY_1_7_GDE3_STANDARD_PARETO_DE,0,COMPLETE,INCLUDED,0.807419564541453,0.9527525980523901,,0
r8c-2015-283d67dc377a1edc,2015,E1_ROLLING,RR-SHOCK/1,JMETALPY_1_7_NSGAII_DYNAMIC_RESTART_BRIDGE,0,COMPLETE,INCLUDED,0.9407665051531021,0.9740421792661017,,0
r8c-2016-dfcfa2bf97caef77,2016,E1_ROLLING,RR-SHOCK/1,DT-RAMDE_TS2_FULL,1,COMPLETE,INCLUDED,0.9286542188971367,0.9736902657577996,,0
r8c-2017-1f54eede9dcb6067,2017,E1_ROLLING,RR-SHOCK/1,MATCHED_FIXED_DE_PARETO,1,COMPLETE,INCLUDED,0.8154743699820137,0.9547129440437896,,0
r8c-2018-a74043069a872ea1,2018,E1_ROLLING,RR-SHOCK/1,MATCHED_JDE_STYLE_PARETO,1,COMPLETE,INCLUDED,0.8168277365771457,0.9627181929732016,,0
r8c-2019-3cae83c1eb528c28,2019,E1_ROLLING,RR-SHOCK/1,MATCHED_SHADE_STYLE_PARETO,1,COMPLETE,INCLUDED,0.7918168773383332,0.9522984214361339,,0
r8c-2020-1e11ef161e4ece98,2020,E1_ROLLING,RR-SHOCK/1,JMETALPY_1_7_GDE3_STANDARD_PARETO_DE,1,COMPLETE,INCLUDED,0.8152039147305808,0.9540267617279123,,0
r8c-2021-8437609e21ee288b,2021,E1_ROLLING,RR-SHOCK/1,JMETALPY_1_7_NSGAII_DYNAMIC_RESTART_BRIDGE,1,COMPLETE,INCLUDED,0.9398577396862953,0.9715197891925167,,0
r8c-2022-a888ffb5b597a340,2022,E1_ROLLING,RR-SHOCK/1,DT-RAMDE_TS2_FULL,2,COMPLETE,INCLUDED,0.9102467240090404,0.9695605173362214,,0
r8c-2023-0e0b2e4e8e47dabf,2023,E1_ROLLING,RR-SHOCK/1,MATCHED_FIXED_DE_PARETO,2,COMPLETE,INCLUDED,0.8173366047261723,0.9530201863556466,,0
r8c-2024-71471317ec400979,2024,E1_ROLLING,RR-SHOCK/1,MATCHED_JDE_STYLE_PARETO,2,COMPLETE,INCLUDED,0.8350350120138552,0.9646929331796965,,0
r8c-2025-b81e24d8c8a4e667,2025,E1_ROLLING,RR-SHOCK/1,MATCHED_SHADE_STYLE_PARETO,2,COMPLETE,INCLUDED,0.8030519540951133,0.949200114149386,,0
r8c-2026-322602ddddbd63d5,2026,E1_ROLLING,RR-SHOCK/1,JMETALPY_1_7_GDE3_STANDARD_PARETO_DE,2,COMPLETE,INCLUDED,0.817469756594793,0.9499490732404411,,0
r8c-2027-4d9879ae1aed3a9d,2027,E1_ROLLING,RR-SHOCK/1,JMETALPY_1_7_NSGAII_DYNAMIC_RESTART_BRIDGE,2,COMPLETE,INCLUDED,0.9448501962492897,0.9753793419152244,,0
r8c-2028-57c25bf7c388c5a5,2028,E1_ROLLING,RR-SHOCK/1,DT-RAMDE_TS2_FULL,3,COMPLETE,INCLUDED,0.9153078515900592,0.9713070039452113,,0
r8c-2029-3a825d1664bee71e,2029,E1_ROLLING,RR-SHOCK/1,MATCHED_FIXED_DE_PARETO,3,COMPLETE,INCLUDED,0.8223001723867294,0.9503963891633133,,0
r8c-2030-388ac9d3e9c63f60,2030,E1_ROLLING,RR-SHOCK/1,MATCHED_JDE_STYLE_PARETO,3,COMPLETE,INCLUDED,0.8164874406210394,0.9618996673837662,,0
r8c-2031-6c69401cf41f0934,2031,E1_ROLLING,RR-SHOCK/1,MATCHED_SHADE_STYLE_PARETO,3,COMPLETE,INCLUDED,0.8054448700517997,0.9566136091685371,,0
r8c-2032-0dd189b5b8f9701d,2032,E1_ROLLING,RR-SHOCK/1,JMETALPY_1_7_GDE3_STANDARD_PARETO_DE,3,COMPLETE,INCLUDED,0.8213077475927999,0.9543951100936294,,0
r8c-2033-918229e7ec7aa0dd,2033,E1_ROLLING,RR-SHOCK/1,JMETALPY_1_7_NSGAII_DYNAMIC_RESTART_BRIDGE,3,COMPLETE,INCLUDED,0.9398150091890555,0.9733511596566364,,0
r8c-2034-321b7576d76958ea,2034,E1_ROLLING,RR-SHOCK/1,DT-RAMDE_TS2_FULL,4,COMPLETE,INCLUDED,0.9016468592071831,0.9700948260984805,,0
r8c-2035-93d03cf4ec4a4bd4,2035,E1_ROLLING,RR-SHOCK/1,MATCHED_FIXED_DE_PARETO,4,COMPLETE,INCLUDED,0.8156097611783852,0.9517976551394055,,0
r8c-2036-0372240af7d587af,2036,E1_ROLLING,RR-SHOCK/1,MATCHED_JDE_STYLE_PARETO,4,COMPLETE,INCLUDED,0.8247482426802872,0.9643197959618529,,0
r8c-2037-c2166d1ea351e9c1,2037,E1_ROLLING,RR-SHOCK/1,MATCHED_SHADE_STYLE_PARETO,4,COMPLETE,INCLUDED,0.7930802565091598,0.9533199226744037,,0
r8c-2038-3357d01f12984ba7,2038,E1_ROLLING,RR-SHOCK/1,JMETALPY_1_7_GDE3_STANDARD_PARETO_DE,4,COMPLETE,INCLUDED,0.7999241832811969,0.9511004041690698,,0
r8c-2039-4a854dc34879ba35,2039,E1_ROLLING,RR-SHOCK/1,JMETALPY_1_7_NSGAII_DYNAMIC_RESTART_BRIDGE,4,COMPLETE,INCLUDED,0.9438326552439396,0.9751513363756807,,0
r8c-2040-2e1500bb9e0d3f23,2040,E1_ROLLING,RR-SHOCK/2,DT-RAMDE_TS2_FULL,0,COMPLETE,INCLUDED,0.8779212881908688,0.9709096309738348,,0
r8c-2041-971f5ec58cd826d6,2041,E1_ROLLING,RR-SHOCK/2,MATCHED_FIXED_DE_PARETO,0,COMPLETE,INCLUDED,0.7407029259609743,0.9442257314815687,,0
r8c-2042-7a936323979f03a7,2042,E1_ROLLING,RR-SHOCK/2,MATCHED_JDE_STYLE_PARETO,0,COMPLETE,INCLUDED,0.7429505604845128,0.9609381304708402,,0
r8c-2043-dcb0c81a64425c92,2043,E1_ROLLING,RR-SHOCK/2,MATCHED_SHADE_STYLE_PARETO,0,COMPLETE,INCLUDED,0.6918204228072397,0.9384691519275501,,0
r8c-2044-9ba5bfc22d47e2e9,2044,E1_ROLLING,RR-SHOCK/2,JMETALPY_1_7_GDE3_STANDARD_PARETO_DE,0,COMPLETE,INCLUDED,0.7203275324550044,0.9372637761326776,,0
r8c-2045-6ba296eab34b3c24,2045,E1_ROLLING,RR-SHOCK/2,JMETALPY_1_7_NSGAII_DYNAMIC_RESTART_BRIDGE,0,COMPLETE,INCLUDED,0.9350071778326434,0.9727787834602104,,0
r8c-2046-29b6b140ff622fe0,2046,E1_ROLLING,RR-SHOCK/2,DT-RAMDE_TS2_FULL,1,COMPLETE,INCLUDED,0.8719898855646985,0.9677773667074664,,0
r8c-2047-aada0f09b265724c,2047,E1_ROLLING,RR-SHOCK/2,MATCHED_FIXED_DE_PARETO,1,COMPLETE,INCLUDED,0.7336067413069813,0.9437532242774662,,0
r8c-2048-413d014f9226b820,2048,E1_ROLLING,RR-SHOCK/2,MATCHED_JDE_STYLE_PARETO,1,COMPLETE,INCLUDED,0.7444756513907295,0.9619274933739537,,0
r8c-2049-822aede8ab8819df,2049,E1_ROLLING,RR-SHOCK/2,MATCHED_SHADE_STYLE_PARETO,1,COMPLETE,INCLUDED,0.6984582824747655,0.9427328056508888,,0
r8c-2050-4fd62a256f02d521,2050,E1_ROLLING,RR-SHOCK/2,JMETALPY_1_7_GDE3_STANDARD_PARETO_DE,1,COMPLETE,INCLUDED,0.7398504812794564,0.945572032058563,,0
r8c-2051-292c140b89da8424,2051,E1_ROLLING,RR-SHOCK/2,JMETALPY_1_7_NSGAII_DYNAMIC_RESTART_BRIDGE,1,COMPLETE,INCLUDED,0.9379111460915585,0.9728970839073758,,0
r8c-2052-01547e0eadb20135,2052,E1_ROLLING,RR-SHOCK/2,DT-RAMDE_TS2_FULL,2,COMPLETE,INCLUDED,0.8618770770507862,0.9679217836368512,,0
r8c-2053-ef65e8021c0639ea,2053,E1_ROLLING,RR-SHOCK/2,MATCHED_FIXED_DE_PARETO,2,COMPLETE,INCLUDED,0.7313577715086104,0.9429990871680083,,0
r8c-2054-53fccfef0f54c477,2054,E1_ROLLING,RR-SHOCK/2,MATCHED_JDE_STYLE_PARETO,2,COMPLETE,INCLUDED,0.7582846753071807,0.9588205039211409,,0
r8c-2055-babe26f98d062f13,2055,E1_ROLLING,RR-SHOCK/2,MATCHED_SHADE_STYLE_PARETO,2,COMPLETE,INCLUDED,0.6898375328870704,0.9407523766429197,,0
r8c-2056-dc297d1f931d91fc,2056,E1_ROLLING,RR-SHOCK/2,JMETALPY_1_7_GDE3_STANDARD_PARETO_DE,2,COMPLETE,INCLUDED,0.749962817662053,0.9439532802228644,,0
r8c-2057-4834acc79ee5e298,2057,E1_ROLLING,RR-SHOCK/2,JMETALPY_1_7_NSGAII_DYNAMIC_RESTART_BRIDGE,2,COMPLETE,INCLUDED,0.9363347300088496,0.9735081543452889,,0
r8c-2058-d282a2ad3a1d9dcb,2058,E1_ROLLING,RR-SHOCK/2,DT-RAMDE_TS2_FULL,3,COMPLETE,INCLUDED,0.8573811085526281,0.9695113396796631,,0
r8c-2059-bce4123ca162ae6a,2059,E1_ROLLING,RR-SHOCK/2,MATCHED_FIXED_DE_PARETO,3,COMPLETE,INCLUDED,0.741442960006371,0.9438913981141683,,0
r8c-2060-fbb10de5aac833a0,2060,E1_ROLLING,RR-SHOCK/2,MATCHED_JDE_STYLE_PARETO,3,COMPLETE,INCLUDED,0.7477675231733161,0.9607704539043558,,0
r8c-2061-cf79f7951a2f3e01,2061,E1_ROLLING,RR-SHOCK/2,MATCHED_SHADE_STYLE_PARETO,3,COMPLETE,INCLUDED,0.716556930563908,0.9432786211310672,,0
r8c-2062-33036441f2d95d12,2062,E1_ROLLING,RR-SHOCK/2,JMETALPY_1_7_GDE3_STANDARD_PARETO_DE,3,COMPLETE,INCLUDED,0.7453365337491858,0.9481098025947763,,0
r8c-2063-e24fac9f8fcdc69c,2063,E1_ROLLING,RR-SHOCK/2,JMETALPY_1_7_NSGAII_DYNAMIC_RESTART_BRIDGE,3,COMPLETE,INCLUDED,0.9045418175662832,0.9457520170309184,,0
r8c-2064-9968f0f785f0a35b,2064,E1_ROLLING,RR-SHOCK/2,DT-RAMDE_TS2_FULL,4,COMPLETE,INCLUDED,0.8571792295348608,0.9679382067445763,,0
r8c-2065-c8a24fe3cf92653f,2065,E1_ROLLING,RR-SHOCK/2,MATCHED_FIXED_DE_PARETO,4,COMPLETE,INCLUDED,0.7536174971813264,0.9445153072703094,,0
r8c-2066-2333aff5273b29ae,2066,E1_ROLLING,RR-SHOCK/2,MATCHED_JDE_STYLE_PARETO,4,COMPLETE,INCLUDED,0.7357088497709501,0.9598024815245093,,0
r8c-2067-7880d99adc0048d0,2067,E1_ROLLING,RR-SHOCK/2,MATCHED_SHADE_STYLE_PARETO,4,COMPLETE,INCLUDED,0.6838623493348764,0.9399024746793346,,0
r8c-2068-214595b485c4ea99,2068,E1_ROLLING,RR-SHOCK/2,JMETALPY_1_7_GDE3_STANDARD_PARETO_DE,4,COMPLETE,INCLUDED,0.7511289160749771,0.9459265368626373,,0
r8c-2069-4024fc2140419e30,2069,E1_ROLLING,RR-SHOCK/2,JMETALPY_1_7_NSGAII_DYNAMIC_RESTART_BRIDGE,4,COMPLETE,INCLUDED,0.9417203418844092,0.9744353991436737,,0
r8c-2070-241fdde2e0df2612,2070,E1_ROLLING,RR-SHOCK/3,DT-RAMDE_TS2_FULL,0,COMPLETE,INCLUDED,0.6436632124755297,0.7502831183977228,,0
r8c-2071-0a8af372a6a7686a,2071,E1_ROLLING,RR-SHOCK/3,MATCHED_FIXED_DE_PARETO,0,COMPLETE,INCLUDED,0.7249173384223764,0.9333806580936507,,0
r8c-2072-9c3391e5ae05fade,2072,E1_ROLLING,RR-SHOCK/3,MATCHED_JDE_STYLE_PARETO,0,COMPLETE,INCLUDED,0.5763404805060817,0.749690595166177,,0
r8c-2073-2579dd1f6765657c,2073,E1_ROLLING,RR-SHOCK/3,MATCHED_SHADE_STYLE_PARETO,0,COMPLETE,INCLUDED,0.7049228454018993,0.9394106272855295,,0
r8c-2074-94b00b66bb5cda8f,2074,E1_ROLLING,RR-SHOCK/3,JMETALPY_1_7_GDE3_STANDARD_PARETO_DE,0,COMPLETE,INCLUDED,0.7279707975059757,0.9358517028235201,,0
r8c-2075-1f76dacd11bc1402,2075,E1_ROLLING,RR-SHOCK/3,JMETALPY_1_7_NSGAII_DYNAMIC_RESTART_BRIDGE,0,COMPLETE,INCLUDED,0.7206130076274994,0.7583241057049681,,0
r8c-2076-50234d1dee240b46,2076,E1_ROLLING,RR-SHOCK/3,DT-RAMDE_TS2_FULL,1,COMPLETE,INCLUDED,0.6471215841004183,0.7506707124948403,,0
r8c-2077-1d6c581bbb425ba7,2077,E1_ROLLING,RR-SHOCK/3,MATCHED_FIXED_DE_PARETO,1,COMPLETE,INCLUDED,0.7353685178599084,0.9346686708561988,,0
r8c-2078-f6729e5b9d433613,2078,E1_ROLLING,RR-SHOCK/3,MATCHED_JDE_STYLE_PARETO,1,COMPLETE,INCLUDED,0.7514469551497187,0.9510105099494011,,0
r8c-2079-37ef18c0db85133f,2079,E1_ROLLING,RR-SHOCK/3,MATCHED_SHADE_STYLE_PARETO,1,COMPLETE,INCLUDED,0.7022404618950231,0.9341438239193522,,0
r8c-2080-31750c168a3192f3,2080,E1_ROLLING,RR-SHOCK/3,JMETALPY_1_7_GDE3_STANDARD_PARETO_DE,1,COMPLETE,INCLUDED,0.7350293152833196,0.9359017791057151,,0
r8c-2081-ecdce83b1e03d099,2081,E1_ROLLING,RR-SHOCK/3,JMETALPY_1_7_NSGAII_DYNAMIC_RESTART_BRIDGE,1,COMPLETE,INCLUDED,0.7253387244506301,0.7610193104565711,,0
r8c-2082-030a606e2b1db024,2082,E1_ROLLING,RR-SHOCK/3,DT-RAMDE_TS2_FULL,2,COMPLETE,INCLUDED,0.6576412742135396,0.7546596340386378,,0
r8c-2083-87c27a6f45f0b07e,2083,E1_ROLLING,RR-SHOCK/3,MATCHED_FIXED_DE_PARETO,2,COMPLETE,INCLUDED,0.7375051913407685,0.9391896936273365,,0
r8c-2084-ca7ecffd71da826f,2084,E1_ROLLING,RR-SHOCK/3,MATCHED_JDE_STYLE_PARETO,2,COMPLETE,INCLUDED,0.5950864685919135,0.7528586843405703,,0
r8c-2085-72c044886b91d6e9,2085,E1_ROLLING,RR-SHOCK/3,MATCHED_SHADE_STYLE_PARETO,2,COMPLETE,INCLUDED,0.6978904629127989,0.9373263187001679,,0
r8c-2086-6a1cac4a6df469d7,2086,E1_ROLLING,RR-SHOCK/3,JMETALPY_1_7_GDE3_STANDARD_PARETO_DE,2,COMPLETE,INCLUDED,0.7433552831393563,0.935057951789716,,0
r8c-2087-13d4b4e4d6563028,2087,E1_ROLLING,RR-SHOCK/3,JMETALPY_1_7_NSGAII_DYNAMIC_RESTART_BRIDGE,2,COMPLETE,INCLUDED,0.7237866319491421,0.7590350296593404,,0
r8c-2088-0fa80ee88c7c68ab,2088,E1_ROLLING,RR-SHOCK/3,DT-RAMDE_TS2_FULL,3,COMPLETE,INCLUDED,0.6690870486265615,0.7527307994749204,,0
r8c-2089-e2668a48ff95948a,2089,E1_ROLLING,RR-SHOCK/3,MATCHED_FIXED_DE_PARETO,3,COMPLETE,INCLUDED,0.733311022219691,0.9383162646163831,,0
r8c-2090-46cf654c80287e74,2090,E1_ROLLING,RR-SHOCK/3,MATCHED_JDE_STYLE_PARETO,3,COMPLETE,INCLUDED,0.7464123660073567,0.9498022307525444,,0
r8c-2091-d204d35b7fab5e3e,2091,E1_ROLLING,RR-SHOCK/3,MATCHED_SHADE_STYLE_PARETO,3,COMPLETE,INCLUDED,0.7122549300620347,0.9346122892068534,,0
r8c-2092-6914054757f66404,2092,E1_ROLLING,RR-SHOCK/3,JMETALPY_1_7_GDE3_STANDARD_PARETO_DE,3,COMPLETE,INCLUDED,0.7319695264896836,0.9357182831545284,,0
r8c-2093-bfda98611388e4be,2093,E1_ROLLING,RR-SHOCK/3,JMETALPY_1_7_NSGAII_DYNAMIC_RESTART_BRIDGE,3,COMPLETE,INCLUDED,0.722404791164946,0.7566504565700299,,0
r8c-2094-109fc12955e3db40,2094,E1_ROLLING,RR-SHOCK/3,DT-RAMDE_TS2_FULL,4,COMPLETE,INCLUDED,0.6666283951947503,0.7542855056281291,,0
r8c-2095-42b1c14ad9ca2d4f,2095,E1_ROLLING,RR-SHOCK/3,MATCHED_FIXED_DE_PARETO,4,COMPLETE,INCLUDED,0.7387383634651357,0.9361724144261435,,0
r8c-2096-5357032554d56475,2096,E1_ROLLING,RR-SHOCK/3,MATCHED_JDE_STYLE_PARETO,4,COMPLETE,INCLUDED,0.5928685216602315,0.7502119355977174,,0
r8c-2097-bdf65cc707ad0b41,2097,E1_ROLLING,RR-SHOCK/3,MATCHED_SHADE_STYLE_PARETO,4,COMPLETE,INCLUDED,0.7136951769618521,0.9341815223999139,,0
r8c-2098-b90b72bd539c011d,2098,E1_ROLLING,RR-SHOCK/3,JMETALPY_1_7_GDE3_STANDARD_PARETO_DE,4,COMPLETE,INCLUDED,0.7311490707859286,0.9346158790577037,,0
r8c-2099-d241ee648f767d90,2099,E1_ROLLING,RR-SHOCK/3,JMETALPY_1_7_NSGAII_DYNAMIC_RESTART_BRIDGE,4,COMPLETE,INCLUDED,0.6930433734871975,0.7563249839058412,,0
r8c-2100-2d21ce29d70d7a86,2100,E1_ROLLING,RR-SHOCK/4,DT-RAMDE_TS2_FULL,0,COMPLETE,INCLUDED,0.9081538599973837,0.962016940466282,,0
r8c-2101-c85e2763b2066771,2101,E1_ROLLING,RR-SHOCK/4,MATCHED_FIXED_DE_PARETO,0,COMPLETE,INCLUDED,0.819477632065003,0.9457505087574238,,0
r8c-2102-2fc30dc4fb238adc,2102,E1_ROLLING,RR-SHOCK/4,MATCHED_JDE_STYLE_PARETO,0,COMPLETE,INCLUDED,0.8267162893631392,0.9570081285012778,,0
r8c-2103-cdff603313c6240d,2103,E1_ROLLING,RR-SHOCK/4,MATCHED_SHADE_STYLE_PARETO,0,COMPLETE,INCLUDED,0.7832556184112826,0.935985874759495,,0
r8c-2104-29d6bc7905bea3f4,2104,E1_ROLLING,RR-SHOCK/4,JMETALPY_1_7_GDE3_STANDARD_PARETO_DE,0,COMPLETE,INCLUDED,0.8015330424202997,0.9369699819448949,,0
r8c-2105-a5cdee8febb06258,2105,E1_ROLLING,RR-SHOCK/4,JMETALPY_1_7_NSGAII_DYNAMIC_RESTART_BRIDGE,0,COMPLETE,INCLUDED,0.9160724788865015,0.948252152407688,,0
r8c-2106-d512053bb73b74a2,2106,E1_ROLLING,RR-SHOCK/4,DT-RAMDE_TS2_FULL,1,COMPLETE,INCLUDED,0.8849028836376537,0.9537205431416218,,0
r8c-2107-024fef47b718f4b6,2107,E1_ROLLING,RR-SHOCK/4,MATCHED_FIXED_DE_PARETO,1,COMPLETE,INCLUDED,0.8106553874676494,0.9372451922516779,,0
r8c-2108-d173e5d2a3815d7a,2108,E1_ROLLING,RR-SHOCK/4,MATCHED_JDE_STYLE_PARETO,1,COMPLETE,INCLUDED,0.815447195564796,0.9537190836883251,,0
r8c-2109-93638d80438bb868,2109,E1_ROLLING,RR-SHOCK/4,MATCHED_SHADE_STYLE_PARETO,1,COMPLETE,INCLUDED,0.7772821987049293,0.9301648357427797,,0
r8c-2110-c247761526c6ade7,2110,E1_ROLLING,RR-SHOCK/4,JMETALPY_1_7_GDE3_STANDARD_PARETO_DE,1,COMPLETE,INCLUDED,0.821336228692425,0.9405177287978803,,0
r8c-2111-529dc5af3f5d4602,2111,E1_ROLLING,RR-SHOCK/4,JMETALPY_1_7_NSGAII_DYNAMIC_RESTART_BRIDGE,1,COMPLETE,INCLUDED,0.9242432484645986,0.9594659487888961,,0
r8c-2112-11508eefd5323bda,2112,E1_ROLLING,RR-SHOCK/4,DT-RAMDE_TS2_FULL,2,COMPLETE,INCLUDED,0.9048487430793919,0.9526297860605281,,0
r8c-2113-4b1434b1ed0dd8d8,2113,E1_ROLLING,RR-SHOCK/4,MATCHED_FIXED_DE_PARETO,2,COMPLETE,INCLUDED,0.8022345706963245,0.9392235561200671,,0
r8c-2114-73bfc08ef80b0480,2114,E1_ROLLING,RR-SHOCK/4,MATCHED_JDE_STYLE_PARETO,2,COMPLETE,INCLUDED,0.8127296873557615,0.9429873398639372,,0
r8c-2115-a049e133fff05188,2115,E1_ROLLING,RR-SHOCK/4,MATCHED_SHADE_STYLE_PARETO,2,COMPLETE,INCLUDED,0.7982954730350459,0.949508839291964,,0
r8c-2116-185e5b779658f820,2116,E1_ROLLING,RR-SHOCK/4,JMETALPY_1_7_GDE3_STANDARD_PARETO_DE,2,COMPLETE,INCLUDED,0.8013848301758077,0.9379976803294128,,0
r8c-2117-981395cdebcb10b5,2117,E1_ROLLING,RR-SHOCK/4,JMETALPY_1_7_NSGAII_DYNAMIC_RESTART_BRIDGE,2,COMPLETE,INCLUDED,0.9141228465270922,0.9437900334593333,,0
r8c-2118-d096bd3c98af00a2,2118,E1_ROLLING,RR-SHOCK/4,DT-RAMDE_TS2_FULL,3,COMPLETE,INCLUDED,0.8105938508594317,0.8907112751557689,,0
r8c-2119-eacc368ce30abbab,2119,E1_ROLLING,RR-SHOCK/4,MATCHED_FIXED_DE_PARETO,3,COMPLETE,INCLUDED,0.8163744478933175,0.9402158187556937,,0
r8c-2120-b4f061d9aa7d9c9a,2120,E1_ROLLING,RR-SHOCK/4,MATCHED_JDE_STYLE_PARETO,3,COMPLETE,INCLUDED,0.8082140934078383,0.946975101051742,,0
r8c-2121-c34c64653537a17b,2121,E1_ROLLING,RR-SHOCK/4,MATCHED_SHADE_STYLE_PARETO,3,COMPLETE,INCLUDED,0.789721165962054,0.9336865951712857,,0
r8c-2122-ca9e49cb779efb8b,2122,E1_ROLLING,RR-SHOCK/4,JMETALPY_1_7_GDE3_STANDARD_PARETO_DE,3,COMPLETE,INCLUDED,0.8161559811488868,0.9449220473592961,,0
r8c-2123-68673738ce962dec,2123,E1_ROLLING,RR-SHOCK/4,JMETALPY_1_7_NSGAII_DYNAMIC_RESTART_BRIDGE,3,COMPLETE,INCLUDED,0.919112379512448,0.9532063655957485,,0
r8c-2124-510b775d350ce570,2124,E1_ROLLING,RR-SHOCK/4,DT-RAMDE_TS2_FULL,4,COMPLETE,INCLUDED,0.8817211481853127,0.9530229812201616,,0
r8c-2125-27b3d34a9d46c2d5,2125,E1_ROLLING,RR-SHOCK/4,MATCHED_FIXED_DE_PARETO,4,COMPLETE,INCLUDED,0.8068478657175451,0.9429341735324378,,0
r8c-2126-10bb10870028687f,2126,E1_ROLLING,RR-SHOCK/4,MATCHED_JDE_STYLE_PARETO,4,COMPLETE,INCLUDED,0.8031966532332687,0.9442687847782774,,0
r8c-2127-397649c83e96cc01,2127,E1_ROLLING,RR-SHOCK/4,MATCHED_SHADE_STYLE_PARETO,4,COMPLETE,INCLUDED,0.7829146009858943,0.939326422775399,,0
r8c-2128-525221d9e5bafaa0,2128,E1_ROLLING,RR-SHOCK/4,JMETALPY_1_7_GDE3_STANDARD_PARETO_DE,4,COMPLETE,INCLUDED,0.8123157255876367,0.9444832132128391,,0
r8c-2129-6307901ce2c7961b,2129,E1_ROLLING,RR-SHOCK/4,JMETALPY_1_7_NSGAII_DYNAMIC_RESTART_BRIDGE,4,COMPLETE,INCLUDED,0.9243674278541846,0.9585942118697819,,0
r8c-2130-9bf5c8af66c2487f,2130,E1_ROLLING,RR-SHOCK/5,DT-RAMDE_TS2_FULL,0,COMPLETE,INCLUDED,0.762106609123381,0.8334594252617731,,0
r8c-2131-19aa9ec70149204d,2131,E1_ROLLING,RR-SHOCK/5,MATCHED_FIXED_DE_PARETO,0,COMPLETE,INCLUDED,0.6836131165708014,0.8237357413614295,,0
r8c-2132-795a04bd8748e828,2132,E1_ROLLING,RR-SHOCK/5,MATCHED_JDE_STYLE_PARETO,0,COMPLETE,INCLUDED,0.7059044603633639,0.835635655865145,,0
r8c-2133-e3b385c7537d56aa,2133,E1_ROLLING,RR-SHOCK/5,MATCHED_SHADE_STYLE_PARETO,0,COMPLETE,INCLUDED,0.6652974901850633,0.8203280254109065,,0
r8c-2134-21328c40e7842924,2134,E1_ROLLING,RR-SHOCK/5,JMETALPY_1_7_GDE3_STANDARD_PARETO_DE,0,COMPLETE,INCLUDED,0.6958241698322658,0.8224491247320126,,0
r8c-2135-5e30da79888410eb,2135,E1_ROLLING,RR-SHOCK/5,JMETALPY_1_7_NSGAII_DYNAMIC_RESTART_BRIDGE,0,COMPLETE,INCLUDED,0.7603279915746833,0.8145014176108889,,0
r8c-2136-00ab315d38d2dc3a,2136,E1_ROLLING,RR-SHOCK/5,DT-RAMDE_TS2_FULL,1,COMPLETE,INCLUDED,0.7566907934512399,0.840846423389255,,0
r8c-2137-dd3a1724e0e7ad74,2137,E1_ROLLING,RR-SHOCK/5,MATCHED_FIXED_DE_PARETO,1,COMPLETE,INCLUDED,0.6958530590324188,0.8286701075930862,,0
r8c-2138-d496b5d2eaf6b94a,2138,E1_ROLLING,RR-SHOCK/5,MATCHED_JDE_STYLE_PARETO,1,COMPLETE,INCLUDED,0.7050797078288465,0.8331641607524638,,0
r8c-2139-1063ec50663b7b38,2139,E1_ROLLING,RR-SHOCK/5,MATCHED_SHADE_STYLE_PARETO,1,COMPLETE,INCLUDED,0.690292838405913,0.8274485197448819,,0
r8c-2140-48e8ed9c18318ac2,2140,E1_ROLLING,RR-SHOCK/5,JMETALPY_1_7_GDE3_STANDARD_PARETO_DE,1,COMPLETE,INCLUDED,0.7051167396264828,0.8270937271800836,,0
r8c-2141-2cf180fc5f64db44,2141,E1_ROLLING,RR-SHOCK/5,JMETALPY_1_7_NSGAII_DYNAMIC_RESTART_BRIDGE,1,COMPLETE,INCLUDED,0.7481463295977442,0.7830808183019723,,0
r8c-2142-d0791d4c2074b02b,2142,E1_ROLLING,RR-SHOCK/5,DT-RAMDE_TS2_FULL,2,COMPLETE,INCLUDED,0.7487258188755004,0.8254745588841808,,0
r8c-2143-0c9c5056f40b0865,2143,E1_ROLLING,RR-SHOCK/5,MATCHED_FIXED_DE_PARETO,2,COMPLETE,INCLUDED,0.6870369762230384,0.8232154532797502,,0
r8c-2144-1c5f20901f5ad90c,2144,E1_ROLLING,RR-SHOCK/5,MATCHED_JDE_STYLE_PARETO,2,COMPLETE,INCLUDED,0.7020791970797567,0.8280548037537441,,0
r8c-2145-ae51dbcad9578e51,2145,E1_ROLLING,RR-SHOCK/5,MATCHED_SHADE_STYLE_PARETO,2,COMPLETE,INCLUDED,0.6849996252711558,0.8296768579066361,,0
r8c-2146-585c9785d8f63947,2146,E1_ROLLING,RR-SHOCK/5,JMETALPY_1_7_GDE3_STANDARD_PARETO_DE,2,COMPLETE,INCLUDED,0.6857508572050357,0.8246658588595949,,0
r8c-2147-48ea4a93be7e30fe,2147,E1_ROLLING,RR-SHOCK/5,JMETALPY_1_7_NSGAII_DYNAMIC_RESTART_BRIDGE,2,COMPLETE,INCLUDED,0.7567090101221008,0.7893447899602914,,0
r8c-2148-c795de35785fac5d,2148,E1_ROLLING,RR-SHOCK/5,DT-RAMDE_TS2_FULL,3,COMPLETE,INCLUDED,0.7527361228066326,0.8307729309844551,,0
r8c-2149-4085e748288611c2,2149,E1_ROLLING,RR-SHOCK/5,MATCHED_FIXED_DE_PARETO,3,COMPLETE,INCLUDED,0.6995789469032553,0.8252194028936639,,0
r8c-2150-4f908ecf07b5b0d9,2150,E1_ROLLING,RR-SHOCK/5,MATCHED_JDE_STYLE_PARETO,3,COMPLETE,INCLUDED,0.7006775239500329,0.8336052721876968,,0
r8c-2151-b46d81237e2b447e,2151,E1_ROLLING,RR-SHOCK/5,MATCHED_SHADE_STYLE_PARETO,3,COMPLETE,INCLUDED,0.6777751929385787,0.823378772162943,,0
r8c-2152-3ce4390e452f1dcd,2152,E1_ROLLING,RR-SHOCK/5,JMETALPY_1_7_GDE3_STANDARD_PARETO_DE,3,COMPLETE,INCLUDED,0.7049866456059466,0.8290126978309663,,0
r8c-2153-6609f7d7fb8bcb7e,2153,E1_ROLLING,RR-SHOCK/5,JMETALPY_1_7_NSGAII_DYNAMIC_RESTART_BRIDGE,3,COMPLETE,INCLUDED,0.7475713282707017,0.8064586426398794,,0
r8c-2154-e0641d02d2c81317,2154,E1_ROLLING,RR-SHOCK/5,DT-RAMDE_TS2_FULL,4,COMPLETE,INCLUDED,0.745044722842213,0.8321639642760561,,0
r8c-2155-97dcd97ec4225177,2155,E1_ROLLING,RR-SHOCK/5,MATCHED_FIXED_DE_PARETO,4,COMPLETE,INCLUDED,0.6869733701407634,0.8252039615714939,,0
r8c-2156-f213ea5e33ce9c9d,2156,E1_ROLLING,RR-SHOCK/5,MATCHED_JDE_STYLE_PARETO,4,COMPLETE,INCLUDED,0.7013081413025399,0.8330229208832736,,0
r8c-2157-967a48f9b1949506,2157,E1_ROLLING,RR-SHOCK/5,MATCHED_SHADE_STYLE_PARETO,4,COMPLETE,INCLUDED,0.6831390918978328,0.8297981369481878,,0
r8c-2158-9d4676ee5131921b,2158,E1_ROLLING,RR-SHOCK/5,JMETALPY_1_7_GDE3_STANDARD_PARETO_DE,4,COMPLETE,INCLUDED,0.6955354536486705,0.8229397924592046,,0
r8c-2159-8adf65f4bd0ca47d,2159,E1_ROLLING,RR-SHOCK/5,JMETALPY_1_7_NSGAII_DYNAMIC_RESTART_BRIDGE,4,COMPLETE,INCLUDED,0.7765839212270348,0.8214311771621882,,0
r8c-2160-90a8fc05efaf4465,2160,E1_ROLLING,RR-SHOCK/6,DT-RAMDE_TS2_FULL,0,COMPLETE,INCLUDED,0.44070453627302486,0.5315575332410553,,0
r8c-2161-6fc527b91a1bde86,2161,E1_ROLLING,RR-SHOCK/6,MATCHED_FIXED_DE_PARETO,0,COMPLETE,INCLUDED,0.7345681216288797,0.912147114043203,,0
r8c-2162-a3f886de396a65fd,2162,E1_ROLLING,RR-SHOCK/6,MATCHED_JDE_STYLE_PARETO,0,COMPLETE,INCLUDED,0.7444996475675503,0.9160288906021334,,0
r8c-2163-7cc8425f4a7a0a4d,2163,E1_ROLLING,RR-SHOCK/6,MATCHED_SHADE_STYLE_PARETO,0,COMPLETE,INCLUDED,0.709369101091168,0.902523080799216,,0
r8c-2164-61f2180a8d934907,2164,E1_ROLLING,RR-SHOCK/6,JMETALPY_1_7_GDE3_STANDARD_PARETO_DE,0,COMPLETE,INCLUDED,0.7428103542180704,0.9057389764745798,,0
r8c-2165-6476bcb1e77d0ecf,2165,E1_ROLLING,RR-SHOCK/6,JMETALPY_1_7_NSGAII_DYNAMIC_RESTART_BRIDGE,0,COMPLETE,INCLUDED,0.900838313341232,0.9361099206066582,,0
r8c-2166-0d8aa969d1272bb0,2166,E1_ROLLING,RR-SHOCK/6,DT-RAMDE_TS2_FULL,1,COMPLETE,INCLUDED,0.8546714968373849,0.9369009621873226,,0
r8c-2167-fcdbb7215609e045,2167,E1_ROLLING,RR-SHOCK/6,MATCHED_FIXED_DE_PARETO,1,COMPLETE,INCLUDED,0.750498722700488,0.9191228543906188,,0
r8c-2168-d736af9616ee81c2,2168,E1_ROLLING,RR-SHOCK/6,MATCHED_JDE_STYLE_PARETO,1,COMPLETE,INCLUDED,0.7529151890078636,0.9243160309248255,,0
r8c-2169-682ae170fe93b6e6,2169,E1_ROLLING,RR-SHOCK/6,MATCHED_SHADE_STYLE_PARETO,1,COMPLETE,INCLUDED,0.7164844373398073,0.900898716382501,,0
r8c-2170-eefe045858361580,2170,E1_ROLLING,RR-SHOCK/6,JMETALPY_1_7_GDE3_STANDARD_PARETO_DE,1,COMPLETE,INCLUDED,0.7509464046196472,0.9069643534000924,,0
r8c-2171-7dd78598c9b6d8c5,2171,E1_ROLLING,RR-SHOCK/6,JMETALPY_1_7_NSGAII_DYNAMIC_RESTART_BRIDGE,1,COMPLETE,INCLUDED,0.8980778175454265,0.9394346973285839,,0
r8c-2172-bf16e90467e9cb41,2172,E1_ROLLING,RR-SHOCK/6,DT-RAMDE_TS2_FULL,2,COMPLETE,INCLUDED,0.8567576822906773,0.9373627687162491,,0
r8c-2173-4656b02864ac1cbd,2173,E1_ROLLING,RR-SHOCK/6,MATCHED_FIXED_DE_PARETO,2,COMPLETE,INCLUDED,0.7560792036717717,0.9168795036681061,,0
r8c-2174-d9103c949ef30080,2174,E1_ROLLING,RR-SHOCK/6,MATCHED_JDE_STYLE_PARETO,2,COMPLETE,INCLUDED,0.7503172456457566,0.9207220696525017,,0
r8c-2175-52ce353a5f3f78dc,2175,E1_ROLLING,RR-SHOCK/6,MATCHED_SHADE_STYLE_PARETO,2,COMPLETE,INCLUDED,0.7307916741461324,0.9064489503608779,,0
r8c-2176-7fd13b5d0b2a2e8e,2176,E1_ROLLING,RR-SHOCK/6,JMETALPY_1_7_GDE3_STANDARD_PARETO_DE,2,COMPLETE,INCLUDED,0.7543970650632194,0.9166724697202826,,0
r8c-2177-14d1179eb5dbe4b7,2177,E1_ROLLING,RR-SHOCK/6,JMETALPY_1_7_NSGAII_DYNAMIC_RESTART_BRIDGE,2,COMPLETE,INCLUDED,0.8830639014113524,0.9222029406481331,,0
r8c-2178-dc06240ab39c409a,2178,E1_ROLLING,RR-SHOCK/6,DT-RAMDE_TS2_FULL,3,COMPLETE,INCLUDED,0.8456764648305526,0.9314105668948699,,0
r8c-2179-87151ffa93b46074,2179,E1_ROLLING,RR-SHOCK/6,MATCHED_FIXED_DE_PARETO,3,COMPLETE,INCLUDED,0.7516828086613371,0.9160689409114614,,0
r8c-2180-0613851b58cc6dd2,2180,E1_ROLLING,RR-SHOCK/6,MATCHED_JDE_STYLE_PARETO,3,COMPLETE,INCLUDED,0.7445250049378022,0.916893907805805,,0
r8c-2181-bd312e1b6963e83e,2181,E1_ROLLING,RR-SHOCK/6,MATCHED_SHADE_STYLE_PARETO,3,COMPLETE,INCLUDED,0.7161483563777327,0.9008315233565936,,0
r8c-2182-4dbcbc23675fe903,2182,E1_ROLLING,RR-SHOCK/6,JMETALPY_1_7_GDE3_STANDARD_PARETO_DE,3,COMPLETE,INCLUDED,0.7393097912113906,0.9135007694550368,,0
r8c-2183-6901c89c7ccfe3d7,2183,E1_ROLLING,RR-SHOCK/6,JMETALPY_1_7_NSGAII_DYNAMIC_RESTART_BRIDGE,3,COMPLETE,INCLUDED,0.8835925198626147,0.9217729194760992,,0
r8c-2184-0ea0c2c93482cb03,2184,E1_ROLLING,RR-SHOCK/6,DT-RAMDE_TS2_FULL,4,COMPLETE,INCLUDED,0.8240660768263341,0.9194926256427494,,0
r8c-2185-28cf48277c88d78f,2185,E1_ROLLING,RR-SHOCK/6,MATCHED_FIXED_DE_PARETO,4,COMPLETE,INCLUDED,0.7594920728385489,0.9142145930679442,,0
r8c-2186-857ffd58a49c38f7,2186,E1_ROLLING,RR-SHOCK/6,MATCHED_JDE_STYLE_PARETO,4,COMPLETE,INCLUDED,0.745901118846074,0.9141673006032439,,0
r8c-2187-23620353869a0995,2187,E1_ROLLING,RR-SHOCK/6,MATCHED_SHADE_STYLE_PARETO,4,COMPLETE,INCLUDED,0.7226432716912349,0.911663999045827,,0
r8c-2188-c471ab8e2a7d30bc,2188,E1_ROLLING,RR-SHOCK/6,JMETALPY_1_7_GDE3_STANDARD_PARETO_DE,4,COMPLETE,INCLUDED,0.729331877186221,0.9112631736758864,,0
r8c-2189-f4f2cca6c8fe5cf4,2189,E1_ROLLING,RR-SHOCK/6,JMETALPY_1_7_NSGAII_DYNAMIC_RESTART_BRIDGE,4,COMPLETE,INCLUDED,0.894953949774432,0.929122571335854,,0
r8c-2190-12cd3365d4bbe56b,2190,E1_ROLLING,RR-SHOCK/7,DT-RAMDE_TS2_FULL,0,COMPLETE,INCLUDED,0.8668502837882295,0.9731772223980197,,0
r8c-2191-0b707e2c7f053a66,2191,E1_ROLLING,RR-SHOCK/7,MATCHED_FIXED_DE_PARETO,0,COMPLETE,INCLUDED,0.7301542836488133,0.9509656089101686,,0
r8c-2192-b8234fe4f90bc745,2192,E1_ROLLING,RR-SHOCK/7,MATCHED_JDE_STYLE_PARETO,0,COMPLETE,INCLUDED,0.7399145288597542,0.967301620139299,,0
r8c-2193-2d8fde40daa99fae,2193,E1_ROLLING,RR-SHOCK/7,MATCHED_SHADE_STYLE_PARETO,0,COMPLETE,INCLUDED,0.6906404409614934,0.9491677612723736,,0
r8c-2194-78998b4e70e29047,2194,E1_ROLLING,RR-SHOCK/7,JMETALPY_1_7_GDE3_STANDARD_PARETO_DE,0,COMPLETE,INCLUDED,0.7363176299765446,0.9479771999890637,,0
r8c-2195-0aef3455ae260632,2195,E1_ROLLING,RR-SHOCK/7,JMETALPY_1_7_NSGAII_DYNAMIC_RESTART_BRIDGE,0,COMPLETE,INCLUDED,0.9448334667163246,0.978740304851757,,0
r8c-2196-0cda7ae12c0916c6,2196,E1_ROLLING,RR-SHOCK/7,DT-RAMDE_TS2_FULL,1,COMPLETE,INCLUDED,0.8738631113664439,0.9720583450187956,,0
r8c-2197-35e7257c3d172a2b,2197,E1_ROLLING,RR-SHOCK/7,MATCHED_FIXED_DE_PARETO,1,COMPLETE,INCLUDED,0.7511223044163444,0.9552930485087755,,0
r8c-2198-0aede4415f5de897,2198,E1_ROLLING,RR-SHOCK/7,MATCHED_JDE_STYLE_PARETO,1,COMPLETE,INCLUDED,0.7526480934178716,0.9649400315358448,,0
r8c-2199-0514639c3e4fe1f9,2199,E1_ROLLING,RR-SHOCK/7,MATCHED_SHADE_STYLE_PARETO,1,COMPLETE,INCLUDED,0.690881463067804,0.9437602472725308,,0
r8c-2200-0fced1dc2c3ad2e8,2200,E1_ROLLING,RR-SHOCK/7,JMETALPY_1_7_GDE3_STANDARD_PARETO_DE,1,COMPLETE,INCLUDED,0.7409491561731387,0.952922165483056,,0
r8c-2201-7f21e64ec9686c01,2201,E1_ROLLING,RR-SHOCK/7,JMETALPY_1_7_NSGAII_DYNAMIC_RESTART_BRIDGE,1,COMPLETE,INCLUDED,0.9434762453874963,0.9794240886029126,,0
r8c-2202-235d7e73ed965f87,2202,E1_ROLLING,RR-SHOCK/7,DT-RAMDE_TS2_FULL,2,COMPLETE,INCLUDED,0.8778985695184629,0.9722147660269282,,0
r8c-2203-dca987efb438adc7,2203,E1_ROLLING,RR-SHOCK/7,MATCHED_FIXED_DE_PARETO,2,COMPLETE,INCLUDED,0.7414629321174034,0.9518354752737833,,0
r8c-2204-14df2356ef148451,2204,E1_ROLLING,RR-SHOCK/7,MATCHED_JDE_STYLE_PARETO,2,COMPLETE,INCLUDED,0.7403659665881646,0.9628259307270077,,0
r8c-2205-0c86b1405c3ac181,2205,E1_ROLLING,RR-SHOCK/7,MATCHED_SHADE_STYLE_PARETO,2,COMPLETE,INCLUDED,0.7014660037343081,0.9422800445280993,,0
r8c-2206-ecb43d173a358204,2206,E1_ROLLING,RR-SHOCK/7,JMETALPY_1_7_GDE3_STANDARD_PARETO_DE,2,COMPLETE,INCLUDED,0.7428744558607789,0.9523077122231969,,0
r8c-2207-ea275a92ec9074b4,2207,E1_ROLLING,RR-SHOCK/7,JMETALPY_1_7_NSGAII_DYNAMIC_RESTART_BRIDGE,2,COMPLETE,INCLUDED,0.9479319086413582,0.9818788051047811,,0
r8c-2208-c84abbec42c490aa,2208,E1_ROLLING,RR-SHOCK/7,DT-RAMDE_TS2_FULL,3,COMPLETE,INCLUDED,0.8639061058558374,0.9734803331669137,,0
r8c-2209-0afaad184a9a35cd,2209,E1_ROLLING,RR-SHOCK/7,MATCHED_FIXED_DE_PARETO,3,COMPLETE,INCLUDED,0.7404960723191693,0.9514489766166785,,0
r8c-2210-eb4b1404c4e74083,2210,E1_ROLLING,RR-SHOCK/7,MATCHED_JDE_STYLE_PARETO,3,COMPLETE,INCLUDED,0.7508460439292344,0.9628003431226195,,0
r8c-2211-650bd10022ea1cae,2211,E1_ROLLING,RR-SHOCK/7,MATCHED_SHADE_STYLE_PARETO,3,COMPLETE,INCLUDED,0.6856104366034036,0.9484785577654902,,0
r8c-2212-0d7e1add81f45ba8,2212,E1_ROLLING,RR-SHOCK/7,JMETALPY_1_7_GDE3_STANDARD_PARETO_DE,3,COMPLETE,INCLUDED,0.7448440484290856,0.9537058579285626,,0
r8c-2213-5f200065d098fe80,2213,E1_ROLLING,RR-SHOCK/7,JMETALPY_1_7_NSGAII_DYNAMIC_RESTART_BRIDGE,3,COMPLETE,INCLUDED,0.9457802789236045,0.9787780035128197,,0
r8c-2214-347869459658c649,2214,E1_ROLLING,RR-SHOCK/7,DT-RAMDE_TS2_FULL,4,COMPLETE,INCLUDED,0.8626193640538844,0.9716228793745525,,0
r8c-2215-aed978e73ed9de07,2215,E1_ROLLING,RR-SHOCK/7,MATCHED_FIXED_DE_PARETO,4,COMPLETE,INCLUDED,0.7274673008060448,0.9517747378646663,,0
r8c-2216-d3af9eaa791f3a63,2216,E1_ROLLING,RR-SHOCK/7,MATCHED_JDE_STYLE_PARETO,4,COMPLETE,INCLUDED,0.7418516514197269,0.9665360225417213,,0
r8c-2217-fad9d0e1a07ffc56,2217,E1_ROLLING,RR-SHOCK/7,MATCHED_SHADE_STYLE_PARETO,4,COMPLETE,INCLUDED,0.6801932264131646,0.9423758017970467,,0
r8c-2218-813359ee060350c6,2218,E1_ROLLING,RR-SHOCK/7,JMETALPY_1_7_GDE3_STANDARD_PARETO_DE,4,COMPLETE,INCLUDED,0.7502636259567365,0.9524534567139942,,0
r8c-2219-cf3603674fc869c3,2219,E1_ROLLING,RR-SHOCK/7,JMETALPY_1_7_NSGAII_DYNAMIC_RESTART_BRIDGE,4,COMPLETE,INCLUDED,0.946359816022371,0.9784356827983164,,0
r8c-2220-a6bd9bf16403dbf9,2220,E1_ROLLING,RR-REJECTION/0,DT-RAMDE_TS2_FULL,0,COMPLETE,INCLUDED,0.911782507162421,0.9838295012615893,,0
r8c-2221-b6bf9375bfb355b9,2221,E1_ROLLING,RR-REJECTION/0,MATCHED_FIXED_DE_PARETO,0,COMPLETE,INCLUDED,0.7962893101780758,0.9659876765076367,,0
r8c-2222-9c97046335f442e5,2222,E1_ROLLING,RR-REJECTION/0,MATCHED_JDE_STYLE_PARETO,0,COMPLETE,INCLUDED,0.8042952896944773,0.9777864942225699,,0
r8c-2223-6f226afb3d12ecf9,2223,E1_ROLLING,RR-REJECTION/0,MATCHED_SHADE_STYLE_PARETO,0,COMPLETE,INCLUDED,0.7756761696386391,0.967362971530274,,0
r8c-2224-be347bee6eca0a02,2224,E1_ROLLING,RR-REJECTION/0,JMETALPY_1_7_GDE3_STANDARD_PARETO_DE,0,COMPLETE,INCLUDED,0.8070574852118524,0.9621963519512068,,0
r8c-2225-8ca1c4ea0bf79065,2225,E1_ROLLING,RR-REJECTION/0,JMETALPY_1_7_NSGAII_DYNAMIC_RESTART_BRIDGE,0,COMPLETE,INCLUDED,0.9574938413960419,0.9891495178633265,,0
r8c-2226-bb881ac727b0e214,2226,E1_ROLLING,RR-REJECTION/0,DT-RAMDE_TS2_FULL,1,COMPLETE,INCLUDED,0.8920254407626433,0.9826033320905978,,0
r8c-2227-07b6336ae65d79e9,2227,E1_ROLLING,RR-REJECTION/0,MATCHED_FIXED_DE_PARETO,1,COMPLETE,INCLUDED,0.799522977518154,0.9653343215607769,,0
r8c-2228-be1a3acf415b8221,2228,E1_ROLLING,RR-REJECTION/0,MATCHED_JDE_STYLE_PARETO,1,COMPLETE,INCLUDED,0.8247149001359244,0.9776020157187867,,0
r8c-2229-dbdf568aed1e52e7,2229,E1_ROLLING,RR-REJECTION/0,MATCHED_SHADE_STYLE_PARETO,1,COMPLETE,INCLUDED,0.7834536813168753,0.9674612076560282,,0
r8c-2230-e80a7d3cef7edfdb,2230,E1_ROLLING,RR-REJECTION/0,JMETALPY_1_7_GDE3_STANDARD_PARETO_DE,1,COMPLETE,INCLUDED,0.8142284507945929,0.9673813088283605,,0
r8c-2231-29aa0361781e64f4,2231,E1_ROLLING,RR-REJECTION/0,JMETALPY_1_7_NSGAII_DYNAMIC_RESTART_BRIDGE,1,COMPLETE,INCLUDED,0.9562656502005529,0.9876499718273154,,0
r8c-2232-a25f7d9ddd6080c0,2232,E1_ROLLING,RR-REJECTION/0,DT-RAMDE_TS2_FULL,2,COMPLETE,INCLUDED,0.907898714381416,0.9821784114832874,,0
r8c-2233-8e8730fb552eb9d4,2233,E1_ROLLING,RR-REJECTION/0,MATCHED_FIXED_DE_PARETO,2,COMPLETE,INCLUDED,0.8132109924546628,0.9656960097089794,,0
r8c-2234-2cdd42ec46edde44,2234,E1_ROLLING,RR-REJECTION/0,MATCHED_JDE_STYLE_PARETO,2,COMPLETE,INCLUDED,0.8308089053065444,0.9786773938145472,,0
r8c-2235-c724a46a55863446,2235,E1_ROLLING,RR-REJECTION/0,MATCHED_SHADE_STYLE_PARETO,2,COMPLETE,INCLUDED,0.7737923097008734,0.968073963472978,,0
r8c-2236-13edc065fb2fc793,2236,E1_ROLLING,RR-REJECTION/0,JMETALPY_1_7_GDE3_STANDARD_PARETO_DE,2,COMPLETE,INCLUDED,0.8182103808550363,0.9652168445952144,,0
r8c-2237-a94d25cfe149ed38,2237,E1_ROLLING,RR-REJECTION/0,JMETALPY_1_7_NSGAII_DYNAMIC_RESTART_BRIDGE,2,COMPLETE,INCLUDED,0.9577000327795833,0.988342504874829,,0
r8c-2238-3d426d3a2f340bc5,2238,E1_ROLLING,RR-REJECTION/0,DT-RAMDE_TS2_FULL,3,COMPLETE,INCLUDED,0.8981197976199965,0.9811384188835083,,0
r8c-2239-7c4f4f2be8b5c0a8,2239,E1_ROLLING,RR-REJECTION/0,MATCHED_FIXED_DE_PARETO,3,COMPLETE,INCLUDED,0.8114465954553991,0.9675961366566908,,0
r8c-2240-684a907b4940a0c2,2240,E1_ROLLING,RR-REJECTION/0,MATCHED_JDE_STYLE_PARETO,3,COMPLETE,INCLUDED,0.8074545850694104,0.9780208545665914,,0
r8c-2241-1c3b773871e56310,2241,E1_ROLLING,RR-REJECTION/0,MATCHED_SHADE_STYLE_PARETO,3,COMPLETE,INCLUDED,0.7902957718146741,0.9696125357901291,,0
r8c-2242-45022a2f92702b06,2242,E1_ROLLING,RR-REJECTION/0,JMETALPY_1_7_GDE3_STANDARD_PARETO_DE,3,COMPLETE,INCLUDED,0.8060026441534787,0.9662781491892639,,0
r8c-2243-375af85a749746a7,2243,E1_ROLLING,RR-REJECTION/0,JMETALPY_1_7_NSGAII_DYNAMIC_RESTART_BRIDGE,3,COMPLETE,INCLUDED,0.953578867767462,0.9878810759054307,,0
r8c-2244-6346263c425042f5,2244,E1_ROLLING,RR-REJECTION/0,DT-RAMDE_TS2_FULL,4,COMPLETE,INCLUDED,0.9012595845138576,0.9823966163380818,,0
r8c-2245-dfca10427f8d8679,2245,E1_ROLLING,RR-REJECTION/0,MATCHED_FIXED_DE_PARETO,4,COMPLETE,INCLUDED,0.800442403385718,0.9663283134880644,,0
r8c-2246-b90aa9ac0f3651eb,2246,E1_ROLLING,RR-REJECTION/0,MATCHED_JDE_STYLE_PARETO,4,COMPLETE,INCLUDED,0.808132175969208,0.9784924949214231,,0
r8c-2247-a66c0b39450d4e53,2247,E1_ROLLING,RR-REJECTION/0,MATCHED_SHADE_STYLE_PARETO,4,COMPLETE,INCLUDED,0.7752897054023404,0.9630531594350901,,0
r8c-2248-508661f7dab5fa27,2248,E1_ROLLING,RR-REJECTION/0,JMETALPY_1_7_GDE3_STANDARD_PARETO_DE,4,COMPLETE,INCLUDED,0.7993449540296359,0.9647888222940653,,0
r8c-2249-c75ab64239582092,2249,E1_ROLLING,RR-REJECTION/0,JMETALPY_1_7_NSGAII_DYNAMIC_RESTART_BRIDGE,4,COMPLETE,INCLUDED,0.9570408588835247,0.9878368908346523,,0
r8c-2250-3eadbed3c762af5d,2250,E1_ROLLING,RR-REJECTION/1,DT-RAMDE_TS2_FULL,0,COMPLETE,INCLUDED,0.9080070142896215,0.986832610582203,,0
r8c-2251-cb34cdaab0b4039c,2251,E1_ROLLING,RR-REJECTION/1,MATCHED_FIXED_DE_PARETO,0,COMPLETE,INCLUDED,0.808437858492795,0.9712058769305753,,0
r8c-2252-ef1c65435daa014f,2252,E1_ROLLING,RR-REJECTION/1,MATCHED_JDE_STYLE_PARETO,0,COMPLETE,INCLUDED,0.811108344018111,0.9816354863338759,,0
r8c-2253-8c2ef7ae1b733431,2253,E1_ROLLING,RR-REJECTION/1,MATCHED_SHADE_STYLE_PARETO,0,COMPLETE,INCLUDED,0.7780562831024498,0.9698310938568584,,0
r8c-2254-2f7a6b86c62777df,2254,E1_ROLLING,RR-REJECTION/1,JMETALPY_1_7_GDE3_STANDARD_PARETO_DE,0,COMPLETE,INCLUDED,0.8124703934268546,0.9712549885288848,,0
r8c-2255-da728e6584559666,2255,E1_ROLLING,RR-REJECTION/1,JMETALPY_1_7_NSGAII_DYNAMIC_RESTART_BRIDGE,0,COMPLETE,INCLUDED,0.9590923158965771,0.9917381024568733,,0
r8c-2256-9964dac91078a02e,2256,E1_ROLLING,RR-REJECTION/1,DT-RAMDE_TS2_FULL,1,COMPLETE,INCLUDED,0.8988033799738842,0.9866921351531529,,0
r8c-2257-3594e2834cb31f3f,2257,E1_ROLLING,RR-REJECTION/1,MATCHED_FIXED_DE_PARETO,1,COMPLETE,INCLUDED,0.8206422790134846,0.9708648470581783,,0
r8c-2258-dcf76807d1fd18c8,2258,E1_ROLLING,RR-REJECTION/1,MATCHED_JDE_STYLE_PARETO,1,COMPLETE,INCLUDED,0.8256575475742028,0.9834799565027439,,0
r8c-2259-ca875b532fbbee76,2259,E1_ROLLING,RR-REJECTION/1,MATCHED_SHADE_STYLE_PARETO,1,COMPLETE,INCLUDED,0.7803622212860517,0.9709919166845111,,0
r8c-2260-df12f5cc10ea4adc,2260,E1_ROLLING,RR-REJECTION/1,JMETALPY_1_7_GDE3_STANDARD_PARETO_DE,1,COMPLETE,INCLUDED,0.8007054257213191,0.9696357285936799,,0
r8c-2261-6e4e3e7c2ef59b8c,2261,E1_ROLLING,RR-REJECTION/1,JMETALPY_1_7_NSGAII_DYNAMIC_RESTART_BRIDGE,1,COMPLETE,INCLUDED,0.9582679971653466,0.9913557950084575,,0
r8c-2262-f18a0558b3b3623f,2262,E1_ROLLING,RR-REJECTION/1,DT-RAMDE_TS2_FULL,2,COMPLETE,INCLUDED,0.9085335042685129,0.9873522944449118,,0
r8c-2263-beb8068653508775,2263,E1_ROLLING,RR-REJECTION/1,MATCHED_FIXED_DE_PARETO,2,COMPLETE,INCLUDED,0.8251155812388153,0.9696466385782309,,0
r8c-2264-2cff06ead758a337,2264,E1_ROLLING,RR-REJECTION/1,MATCHED_JDE_STYLE_PARETO,2,COMPLETE,INCLUDED,0.8293683195977305,0.9828584240715799,,0
r8c-2265-5138637ea0585842,2265,E1_ROLLING,RR-REJECTION/1,MATCHED_SHADE_STYLE_PARETO,2,COMPLETE,INCLUDED,0.7891522504363511,0.9729503928875076,,0
r8c-2266-4cd261a65c86daea,2266,E1_ROLLING,RR-REJECTION/1,JMETALPY_1_7_GDE3_STANDARD_PARETO_DE,2,COMPLETE,INCLUDED,0.8181555863369889,0.970532232525781,,0
r8c-2267-1b1dbb72cb6b2ca8,2267,E1_ROLLING,RR-REJECTION/1,JMETALPY_1_7_NSGAII_DYNAMIC_RESTART_BRIDGE,2,COMPLETE,INCLUDED,0.9587897981609471,0.9894787719129987,,0
r8c-2268-ac876337818644b6,2268,E1_ROLLING,RR-REJECTION/1,DT-RAMDE_TS2_FULL,3,COMPLETE,INCLUDED,0.923721430615257,0.9878734283389603,,0
r8c-2269-cc9523615aa1f430,2269,E1_ROLLING,RR-REJECTION/1,MATCHED_FIXED_DE_PARETO,3,COMPLETE,INCLUDED,0.8256866148627781,0.9722119735695459,,0
r8c-2270-6d52ca448953fffc,2270,E1_ROLLING,RR-REJECTION/1,MATCHED_JDE_STYLE_PARETO,3,COMPLETE,INCLUDED,0.8188203265068308,0.9819641086320623,,0
r8c-2271-75002561a8e7f4bb,2271,E1_ROLLING,RR-REJECTION/1,MATCHED_SHADE_STYLE_PARETO,3,COMPLETE,INCLUDED,0.7907824345943094,0.9743996462060889,,0
r8c-2272-6e0f115a61ff5aef,2272,E1_ROLLING,RR-REJECTION/1,JMETALPY_1_7_GDE3_STANDARD_PARETO_DE,3,COMPLETE,INCLUDED,0.8190996623715077,0.9719141189262229,,0
r8c-2273-47392238669e2b05,2273,E1_ROLLING,RR-REJECTION/1,JMETALPY_1_7_NSGAII_DYNAMIC_RESTART_BRIDGE,3,COMPLETE,INCLUDED,0.9575012898909809,0.9914226172490805,,0
r8c-2274-8bd838f7950df506,2274,E1_ROLLING,RR-REJECTION/1,DT-RAMDE_TS2_FULL,4,COMPLETE,INCLUDED,0.910620104288889,0.9875071675516937,,0
r8c-2275-c355f6da858fadec,2275,E1_ROLLING,RR-REJECTION/1,MATCHED_FIXED_DE_PARETO,4,COMPLETE,INCLUDED,0.8118018397548896,0.9701460919722971,,0
r8c-2276-75d2391cb3d03077,2276,E1_ROLLING,RR-REJECTION/1,MATCHED_JDE_STYLE_PARETO,4,COMPLETE,INCLUDED,0.8306594401531129,0.982761881420924,,0
r8c-2277-eecfdb7342a5cbb8,2277,E1_ROLLING,RR-REJECTION/1,MATCHED_SHADE_STYLE_PARETO,4,COMPLETE,INCLUDED,0.7832049177608228,0.9709151289853677,,0
r8c-2278-375fd27daf1cc1b4,2278,E1_ROLLING,RR-REJECTION/1,JMETALPY_1_7_GDE3_STANDARD_PARETO_DE,4,COMPLETE,INCLUDED,0.8097671616470843,0.9718287858143917,,0
r8c-2279-d998b903ea01166c,2279,E1_ROLLING,RR-REJECTION/1,JMETALPY_1_7_NSGAII_DYNAMIC_RESTART_BRIDGE,4,COMPLETE,INCLUDED,0.9613866767915733,0.9914010748483217,,0
r8c-2280-5193a29e6741ae89,2280,E1_ROLLING,RR-REJECTION/2,DT-RAMDE_TS2_FULL,0,COMPLETE,INCLUDED,0.8025477192073215,0.9237197072087143,,0
r8c-2281-8b6921719b5029f0,2281,E1_ROLLING,RR-REJECTION/2,MATCHED_FIXED_DE_PARETO,0,COMPLETE,INCLUDED,0.670470436608931,0.9067260159578474,,0
r8c-2282-1462d6bcad6683ea,2282,E1_ROLLING,RR-REJECTION/2,MATCHED_JDE_STYLE_PARETO,0,COMPLETE,INCLUDED,0.685193508427784,0.9316781945159482,,0
r8c-2283-fd6c7de54dc3be3d,2283,E1_ROLLING,RR-REJECTION/2,MATCHED_SHADE_STYLE_PARETO,0,COMPLETE,INCLUDED,0.6178340175979224,0.9020691621269613,,0
r8c-2284-2768a35c2b4e1c30,2284,E1_ROLLING,RR-REJECTION/2,JMETALPY_1_7_GDE3_STANDARD_PARETO_DE,0,COMPLETE,INCLUDED,0.6674633564023786,0.9136704953053636,,0
r8c-2285-ce1e83f987dcaba4,2285,E1_ROLLING,RR-REJECTION/2,JMETALPY_1_7_NSGAII_DYNAMIC_RESTART_BRIDGE,0,COMPLETE,INCLUDED,0.91213831640318,0.945425400361696,,0
r8c-2286-65ff47984f005da1,2286,E1_ROLLING,RR-REJECTION/2,DT-RAMDE_TS2_FULL,1,COMPLETE,INCLUDED,0.8199842465662284,0.9262917998409005,,0
r8c-2287-04de3119dabab1ed,2287,E1_ROLLING,RR-REJECTION/2,MATCHED_FIXED_DE_PARETO,1,COMPLETE,INCLUDED,0.6580577085634609,0.9046363685788028,,0
r8c-2288-3682d23c058aa69e,2288,E1_ROLLING,RR-REJECTION/2,MATCHED_JDE_STYLE_PARETO,1,COMPLETE,INCLUDED,0.6804923251524948,0.9332670846134008,,0
r8c-2289-2835074369330e91,2289,E1_ROLLING,RR-REJECTION/2,MATCHED_SHADE_STYLE_PARETO,1,COMPLETE,INCLUDED,0.5998708363581439,0.8978707359686509,,0
r8c-2290-8411216265af116d,2290,E1_ROLLING,RR-REJECTION/2,JMETALPY_1_7_GDE3_STANDARD_PARETO_DE,1,COMPLETE,INCLUDED,0.6551316090688079,0.9067243549280309,,0
r8c-2291-a5ab6c2e5e90addd,2291,E1_ROLLING,RR-REJECTION/2,JMETALPY_1_7_NSGAII_DYNAMIC_RESTART_BRIDGE,1,COMPLETE,INCLUDED,0.9132467210963645,0.9488095902207675,,0
r8c-2292-3117e113ca9d60b4,2292,E1_ROLLING,RR-REJECTION/2,DT-RAMDE_TS2_FULL,2,COMPLETE,INCLUDED,0.789419745297943,0.922753321278217,,0
r8c-2293-b379a56934108365,2293,E1_ROLLING,RR-REJECTION/2,MATCHED_FIXED_DE_PARETO,2,COMPLETE,INCLUDED,0.6581177601792786,0.9118222233903348,,0
r8c-2294-3f605476431a4950,2294,E1_ROLLING,RR-REJECTION/2,MATCHED_JDE_STYLE_PARETO,2,COMPLETE,INCLUDED,0.695134132992224,0.9291277705344342,,0
r8c-2295-95bb4b9432f24bdd,2295,E1_ROLLING,RR-REJECTION/2,MATCHED_SHADE_STYLE_PARETO,2,COMPLETE,INCLUDED,0.6524933754147877,0.9089137534170497,,0
r8c-2296-ed8a65f8e2f52ac0,2296,E1_ROLLING,RR-REJECTION/2,JMETALPY_1_7_GDE3_STANDARD_PARETO_DE,2,COMPLETE,INCLUDED,0.6742162847482085,0.9095748975341836,,0
r8c-2297-83a5146cb054362a,2297,E1_ROLLING,RR-REJECTION/2,JMETALPY_1_7_NSGAII_DYNAMIC_RESTART_BRIDGE,2,COMPLETE,INCLUDED,0.9079098038368748,0.9441440618282236,,0
r8c-2298-ce5689baae323973,2298,E1_ROLLING,RR-REJECTION/2,DT-RAMDE_TS2_FULL,3,COMPLETE,INCLUDED,0.8137116460362727,0.926312142570851,,0
r8c-2299-127cb61f513e441f,2299,E1_ROLLING,RR-REJECTION/2,MATCHED_FIXED_DE_PARETO,3,COMPLETE,INCLUDED,0.6601699420973456,0.9118947575093006,,0
r8c-2300-2df89d672b23dfb0,2300,E1_ROLLING,RR-REJECTION/2,MATCHED_JDE_STYLE_PARETO,3,COMPLETE,INCLUDED,0.6756861732915529,0.9325799919417653,,0
r8c-2301-26f6d64a258c0fd0,2301,E1_ROLLING,RR-REJECTION/2,MATCHED_SHADE_STYLE_PARETO,3,COMPLETE,INCLUDED,0.6044914758419055,0.9084605881418122,,0
r8c-2302-b2bb11153f3dce45,2302,E1_ROLLING,RR-REJECTION/2,JMETALPY_1_7_GDE3_STANDARD_PARETO_DE,3,COMPLETE,INCLUDED,0.6889135262897101,0.9107859221114054,,0
r8c-2303-6fc49f95078ac707,2303,E1_ROLLING,RR-REJECTION/2,JMETALPY_1_7_NSGAII_DYNAMIC_RESTART_BRIDGE,3,COMPLETE,INCLUDED,0.908650456647206,0.9430503746547358,,0
r8c-2304-ff10bd84ef1a7cb6,2304,E1_ROLLING,RR-REJECTION/2,DT-RAMDE_TS2_FULL,4,COMPLETE,INCLUDED,0.7871363738124199,0.9231147348450941,,0
r8c-2305-090a623d2abbb2a0,2305,E1_ROLLING,RR-REJECTION/2,MATCHED_FIXED_DE_PARETO,4,COMPLETE,INCLUDED,0.6711174779549811,0.911087976450767,,0
r8c-2306-4cf2c053b2fd4d0b,2306,E1_ROLLING,RR-REJECTION/2,MATCHED_JDE_STYLE_PARETO,4,COMPLETE,INCLUDED,0.6937415522105683,0.9322473521105845,,0
r8c-2307-7ec6af783cdbac8c,2307,E1_ROLLING,RR-REJECTION/2,MATCHED_SHADE_STYLE_PARETO,4,COMPLETE,INCLUDED,0.6353946208512081,0.9114956593297359,,0
r8c-2308-3921ba56b33938fc,2308,E1_ROLLING,RR-REJECTION/2,JMETALPY_1_7_GDE3_STANDARD_PARETO_DE,4,COMPLETE,INCLUDED,0.6695277287767477,0.9108421851106334,,0
r8c-2309-92111211a1583e88,2309,E1_ROLLING,RR-REJECTION/2,JMETALPY_1_7_NSGAII_DYNAMIC_RESTART_BRIDGE,4,COMPLETE,INCLUDED,0.9126269346645953,0.9448250619851688,,0
r8c-2310-61912eb243de67f3,2310,E1_ROLLING,RR-REJECTION/3,DT-RAMDE_TS2_FULL,0,COMPLETE,INCLUDED,0.8216413781578984,0.9194079969683873,,0
r8c-2311-c5089d561c6bae89,2311,E1_ROLLING,RR-REJECTION/3,MATCHED_FIXED_DE_PARETO,0,COMPLETE,INCLUDED,0.709992125334739,0.9021411355065894,,0
r8c-2312-da5502a35e3d8ba9,2312,E1_ROLLING,RR-REJECTION/3,MATCHED_JDE_STYLE_PARETO,0,COMPLETE,INCLUDED,0.6961082721036955,0.9016038540426585,,0
r8c-2313-1caafd59e3e1c136,2313,E1_ROLLING,RR-REJECTION/3,MATCHED_SHADE_STYLE_PARETO,0,COMPLETE,INCLUDED,0.6425869774884164,0.8683757910907317,,0
r8c-2314-12b6c76894b0a481,2314,E1_ROLLING,RR-REJECTION/3,JMETALPY_1_7_GDE3_STANDARD_PARETO_DE,0,COMPLETE,INCLUDED,0.7040326892963077,0.8957819691482444,,0
r8c-2315-20a509014d87275b,2315,E1_ROLLING,RR-REJECTION/3,JMETALPY_1_7_NSGAII_DYNAMIC_RESTART_BRIDGE,0,COMPLETE,INCLUDED,0.8973840690723573,0.9357481550088316,,0
r8c-2316-2d944434d187da48,2316,E1_ROLLING,RR-REJECTION/3,DT-RAMDE_TS2_FULL,1,COMPLETE,INCLUDED,0.8429980587278681,0.9314571611708654,,0
r8c-2317-72554f9b1567116c,2317,E1_ROLLING,RR-REJECTION/3,MATCHED_FIXED_DE_PARETO,1,COMPLETE,INCLUDED,0.6728690402212473,0.8829036153832888,,0
r8c-2318-64e62ab8561f9bd2,2318,E1_ROLLING,RR-REJECTION/3,MATCHED_JDE_STYLE_PARETO,1,COMPLETE,INCLUDED,0.699269029561188,0.8966731076324577,,0
r8c-2319-f2eabc3f1a617ba0,2319,E1_ROLLING,RR-REJECTION/3,MATCHED_SHADE_STYLE_PARETO,1,COMPLETE,INCLUDED,0.6381846237584242,0.8742415544817808,,0
r8c-2320-4822fe25a1c1e041,2320,E1_ROLLING,RR-REJECTION/3,JMETALPY_1_7_GDE3_STANDARD_PARETO_DE,1,COMPLETE,INCLUDED,0.6911994814478889,0.8992081735349936,,0
r8c-2321-6cbdac8e43854514,2321,E1_ROLLING,RR-REJECTION/3,JMETALPY_1_7_NSGAII_DYNAMIC_RESTART_BRIDGE,1,COMPLETE,INCLUDED,0.9016120408107107,0.9369411864763133,,0
r8c-2322-2bc1cd70c8e5fbef,2322,E1_ROLLING,RR-REJECTION/3,DT-RAMDE_TS2_FULL,2,COMPLETE,INCLUDED,0.8382319195152229,0.9306463540249845,,0
r8c-2323-f06b993a35a05c50,2323,E1_ROLLING,RR-REJECTION/3,MATCHED_FIXED_DE_PARETO,2,COMPLETE,INCLUDED,0.7023209027190604,0.8962617339774634,,0
r8c-2324-6337a67c2ef505ae,2324,E1_ROLLING,RR-REJECTION/3,MATCHED_JDE_STYLE_PARETO,2,COMPLETE,INCLUDED,0.7109225647523317,0.91196184551262,,0
r8c-2325-4ff5460a2ef99a25,2325,E1_ROLLING,RR-REJECTION/3,MATCHED_SHADE_STYLE_PARETO,2,COMPLETE,INCLUDED,0.6424061412362155,0.8545189219520228,,0
r8c-2326-a369044c6677bae9,2326,E1_ROLLING,RR-REJECTION/3,JMETALPY_1_7_GDE3_STANDARD_PARETO_DE,2,COMPLETE,INCLUDED,0.6932063869295423,0.8803695641372011,,0
r8c-2327-1d6f71197abdddcb,2327,E1_ROLLING,RR-REJECTION/3,JMETALPY_1_7_NSGAII_DYNAMIC_RESTART_BRIDGE,2,COMPLETE,INCLUDED,0.9010026028272191,0.9348305116487821,,0
r8c-2328-37bd594ebf5d1ee8,2328,E1_ROLLING,RR-REJECTION/3,DT-RAMDE_TS2_FULL,3,COMPLETE,INCLUDED,0.8211257091405176,0.9256830922939441,,0
r8c-2329-56c3346df6952f69,2329,E1_ROLLING,RR-REJECTION/3,MATCHED_FIXED_DE_PARETO,3,COMPLETE,INCLUDED,0.7167922652586559,0.899583108329003,,0
r8c-2330-daed4f27f4754f1f,2330,E1_ROLLING,RR-REJECTION/3,MATCHED_JDE_STYLE_PARETO,3,COMPLETE,INCLUDED,0.7035072057627033,0.9021337062430232,,0
r8c-2331-d3c73c7aa373db10,2331,E1_ROLLING,RR-REJECTION/3,MATCHED_SHADE_STYLE_PARETO,3,COMPLETE,INCLUDED,0.6621984831801294,0.8874911679858576,,0
r8c-2332-a248a93cced5264f,2332,E1_ROLLING,RR-REJECTION/3,JMETALPY_1_7_GDE3_STANDARD_PARETO_DE,3,COMPLETE,INCLUDED,0.7099080216669986,0.9111625293526645,,0
r8c-2333-1c6eaec8d4f6868c,2333,E1_ROLLING,RR-REJECTION/3,JMETALPY_1_7_NSGAII_DYNAMIC_RESTART_BRIDGE,3,COMPLETE,INCLUDED,0.9032301202440014,0.9370657330530922,,0
r8c-2334-8f2b600d0a7a4442,2334,E1_ROLLING,RR-REJECTION/3,DT-RAMDE_TS2_FULL,4,COMPLETE,INCLUDED,0.8270154419200143,0.927095410370964,,0
r8c-2335-8f6b396113d420d5,2335,E1_ROLLING,RR-REJECTION/3,MATCHED_FIXED_DE_PARETO,4,COMPLETE,INCLUDED,0.6850700944411782,0.891901044966688,,0
r8c-2336-22c40c4defa86e78,2336,E1_ROLLING,RR-REJECTION/3,MATCHED_JDE_STYLE_PARETO,4,COMPLETE,INCLUDED,0.7111401628261207,0.909518295222654,,0
r8c-2337-a5f11eee0a87f515,2337,E1_ROLLING,RR-REJECTION/3,MATCHED_SHADE_STYLE_PARETO,4,COMPLETE,INCLUDED,0.6684497861798724,0.8879155822965494,,0
r8c-2338-4dc5a46c9aea6907,2338,E1_ROLLING,RR-REJECTION/3,JMETALPY_1_7_GDE3_STANDARD_PARETO_DE,4,COMPLETE,INCLUDED,0.6954104240746327,0.8970176631868266,,0
r8c-2339-c33eefbcf3006b57,2339,E1_ROLLING,RR-REJECTION/3,JMETALPY_1_7_NSGAII_DYNAMIC_RESTART_BRIDGE,4,COMPLETE,INCLUDED,0.8975796565387034,0.9329113408564027,,0
r8c-2340-b22a87bd00fb619c,2340,E1_ROLLING,RR-REJECTION/4,DT-RAMDE_TS2_FULL,0,COMPLETE,INCLUDED,0.8784993166360673,0.9660751938938088,,0
r8c-2341-86aa74d3606947da,2341,E1_ROLLING,RR-REJECTION/4,MATCHED_FIXED_DE_PARETO,0,COMPLETE,INCLUDED,0.7680820417730294,0.9475452672728792,,0
r8c-2342-d1c015803a902fbb,2342,E1_ROLLING,RR-REJECTION/4,MATCHED_JDE_STYLE_PARETO,0,COMPLETE,INCLUDED,0.7561893928067512,0.9591965112755219,,0
r8c-2343-ce5186cca222f1d1,2343,E1_ROLLING,RR-REJECTION/4,MATCHED_SHADE_STYLE_PARETO,0,COMPLETE,INCLUDED,0.7314578824697986,0.9475862005515019,,0
r8c-2344-d9bfcbe7250813a4,2344,E1_ROLLING,RR-REJECTION/4,JMETALPY_1_7_GDE3_STANDARD_PARETO_DE,0,COMPLETE,INCLUDED,0.7510933048767193,0.9451316738481517,,0
r8c-2345-31ba6cbf39b1d1e3,2345,E1_ROLLING,RR-REJECTION/4,JMETALPY_1_7_NSGAII_DYNAMIC_RESTART_BRIDGE,0,COMPLETE,INCLUDED,0.9415174958667084,0.9752893219022383,,0
r8c-2346-3a216fbb11c01ce8,2346,E1_ROLLING,RR-REJECTION/4,DT-RAMDE_TS2_FULL,1,COMPLETE,INCLUDED,0.8732091165065429,0.9679853011270738,,0
r8c-2347-2bb79bcc1a6fcc08,2347,E1_ROLLING,RR-REJECTION/4,MATCHED_FIXED_DE_PARETO,1,COMPLETE,INCLUDED,0.75210095746483,0.9491168668693266,,0
r8c-2348-06f33b7285f9004f,2348,E1_ROLLING,RR-REJECTION/4,MATCHED_JDE_STYLE_PARETO,1,COMPLETE,INCLUDED,0.7681653841129276,0.9629465891345296,,0
r8c-2349-3c6add7bdf412728,2349,E1_ROLLING,RR-REJECTION/4,MATCHED_SHADE_STYLE_PARETO,1,COMPLETE,INCLUDED,0.709478648016584,0.9440072119945736,,0
r8c-2350-205cd8d169b2fee8,2350,E1_ROLLING,RR-REJECTION/4,JMETALPY_1_7_GDE3_STANDARD_PARETO_DE,1,COMPLETE,INCLUDED,0.7470510319013955,0.9467888579760257,,0
r8c-2351-3fd2abbc6666fdfa,2351,E1_ROLLING,RR-REJECTION/4,JMETALPY_1_7_NSGAII_DYNAMIC_RESTART_BRIDGE,1,COMPLETE,INCLUDED,0.941739286004825,0.9754555446758589,,0
r8c-2352-2130e8c0af97af80,2352,E1_ROLLING,RR-REJECTION/4,DT-RAMDE_TS2_FULL,2,COMPLETE,INCLUDED,0.866605048949614,0.9657799656545123,,0
r8c-2353-2560b4fcaf8faca0,2353,E1_ROLLING,RR-REJECTION/4,MATCHED_FIXED_DE_PARETO,2,COMPLETE,INCLUDED,0.7501190581205182,0.9467989720751724,,0
r8c-2354-93c0fe0124875ecd,2354,E1_ROLLING,RR-REJECTION/4,MATCHED_JDE_STYLE_PARETO,2,COMPLETE,INCLUDED,0.7691913739361921,0.9609893450387881,,0
r8c-2355-549757eab51ee1f6,2355,E1_ROLLING,RR-REJECTION/4,MATCHED_SHADE_STYLE_PARETO,2,COMPLETE,INCLUDED,0.7292550820976216,0.9490859654950441,,0
r8c-2356-815c13144dafde0e,2356,E1_ROLLING,RR-REJECTION/4,JMETALPY_1_7_GDE3_STANDARD_PARETO_DE,2,COMPLETE,INCLUDED,0.7496478895485156,0.9441411466823606,,0
r8c-2357-c16cace7a1057d62,2357,E1_ROLLING,RR-REJECTION/4,JMETALPY_1_7_NSGAII_DYNAMIC_RESTART_BRIDGE,2,COMPLETE,INCLUDED,0.9398174722943582,0.9736463725045483,,0
r8c-2358-f0f5989fb56271ff,2358,E1_ROLLING,RR-REJECTION/4,DT-RAMDE_TS2_FULL,3,COMPLETE,INCLUDED,0.865737151418054,0.968705824504891,,0
r8c-2359-8c0aa8aba59d186d,2359,E1_ROLLING,RR-REJECTION/4,MATCHED_FIXED_DE_PARETO,3,COMPLETE,INCLUDED,0.7530578142101502,0.9499607954830276,,0
r8c-2360-34bb6b5b4263059e,2360,E1_ROLLING,RR-REJECTION/4,MATCHED_JDE_STYLE_PARETO,3,COMPLETE,INCLUDED,0.7644065092586156,0.9613285262186319,,0
r8c-2361-7e662a0393f1d627,2361,E1_ROLLING,RR-REJECTION/4,MATCHED_SHADE_STYLE_PARETO,3,COMPLETE,INCLUDED,0.7253651673718444,0.949414979342116,,0
r8c-2362-d09c052b028c8ca3,2362,E1_ROLLING,RR-REJECTION/4,JMETALPY_1_7_GDE3_STANDARD_PARETO_DE,3,COMPLETE,INCLUDED,0.7568502044854647,0.9473695211585224,,0
r8c-2363-91962b46b9cb3d26,2363,E1_ROLLING,RR-REJECTION/4,JMETALPY_1_7_NSGAII_DYNAMIC_RESTART_BRIDGE,3,COMPLETE,INCLUDED,0.9382173263743073,0.9732333002714221,,0
r8c-2364-62aa56772e54e2ec,2364,E1_ROLLING,RR-REJECTION/4,DT-RAMDE_TS2_FULL,4,COMPLETE,INCLUDED,0.869405223660156,0.9660461066743065,,0
r8c-2365-cc50fb7c05a43a88,2365,E1_ROLLING,RR-REJECTION/4,MATCHED_FIXED_DE_PARETO,4,COMPLETE,INCLUDED,0.7646705958544322,0.9464598406380956,,0
r8c-2366-668a722f2ecc2148,2366,E1_ROLLING,RR-REJECTION/4,MATCHED_JDE_STYLE_PARETO,4,COMPLETE,INCLUDED,0.7624914325082781,0.9627371464124426,,0
r8c-2367-f684274a1422b3ef,2367,E1_ROLLING,RR-REJECTION/4,MATCHED_SHADE_STYLE_PARETO,4,COMPLETE,INCLUDED,0.7353420058286041,0.9418336837907972,,0
r8c-2368-4c20fc9718080a43,2368,E1_ROLLING,RR-REJECTION/4,JMETALPY_1_7_GDE3_STANDARD_PARETO_DE,4,COMPLETE,INCLUDED,0.754830378746348,0.9420116940369272,,0
r8c-2369-cb5dfd671a9fe8d2,2369,E1_ROLLING,RR-REJECTION/4,JMETALPY_1_7_NSGAII_DYNAMIC_RESTART_BRIDGE,4,COMPLETE,INCLUDED,0.9427426666096865,0.9744976237705073,,0
r8c-2370-3874b6fc7986d5b6,2370,E1_ROLLING,RR-REJECTION/5,DT-RAMDE_TS2_FULL,0,COMPLETE,INCLUDED,0.8989831791825365,0.9865942518485967,,0
r8c-2371-e4d80c91115d3964,2371,E1_ROLLING,RR-REJECTION/5,MATCHED_FIXED_DE_PARETO,0,COMPLETE,INCLUDED,0.808264217932569,0.9644607028135159,,0
r8c-2372-9f240d9bcb9a011f,2372,E1_ROLLING,RR-REJECTION/5,MATCHED_JDE_STYLE_PARETO,0,COMPLETE,INCLUDED,0.800755221371177,0.9797169133805242,,0
r8c-2373-3968e1c582cdf460,2373,E1_ROLLING,RR-REJECTION/5,MATCHED_SHADE_STYLE_PARETO,0,COMPLETE,INCLUDED,0.7759791439004307,0.9681909548921318,,0
r8c-2374-e48f1658c12b1787,2374,E1_ROLLING,RR-REJECTION/5,JMETALPY_1_7_GDE3_STANDARD_PARETO_DE,0,COMPLETE,INCLUDED,0.7955001007117051,0.9646033696767665,,0
r8c-2375-41fffacba9f647fa,2375,E1_ROLLING,RR-REJECTION/5,JMETALPY_1_7_NSGAII_DYNAMIC_RESTART_BRIDGE,0,COMPLETE,INCLUDED,0.9583956226381505,0.9898758444238325,,0
r8c-2376-1db94e5e9ef111d5,2376,E1_ROLLING,RR-REJECTION/5,DT-RAMDE_TS2_FULL,1,COMPLETE,INCLUDED,0.9011383943217197,0.9864121454307782,,0
r8c-2377-3954a5f299183d35,2377,E1_ROLLING,RR-REJECTION/5,MATCHED_FIXED_DE_PARETO,1,COMPLETE,INCLUDED,0.797433769293431,0.9658698679825732,,0
r8c-2378-9e740be0c5f675ee,2378,E1_ROLLING,RR-REJECTION/5,MATCHED_JDE_STYLE_PARETO,1,COMPLETE,INCLUDED,0.8113691800693641,0.9780060534847375,,0
r8c-2379-1983e49e449fe83e,2379,E1_ROLLING,RR-REJECTION/5,MATCHED_SHADE_STYLE_PARETO,1,COMPLETE,INCLUDED,0.7693397721521421,0.9690074991384219,,0
r8c-2380-e817062b03364d46,2380,E1_ROLLING,RR-REJECTION/5,JMETALPY_1_7_GDE3_STANDARD_PARETO_DE,1,COMPLETE,INCLUDED,0.8136796157078836,0.9666906176524132,,0
r8c-2381-8e85591404cc7294,2381,E1_ROLLING,RR-REJECTION/5,JMETALPY_1_7_NSGAII_DYNAMIC_RESTART_BRIDGE,1,COMPLETE,INCLUDED,0.9587709587827591,0.9887748776613126,,0
r8c-2382-cb79c42d1de3364f,2382,E1_ROLLING,RR-REJECTION/5,DT-RAMDE_TS2_FULL,2,COMPLETE,INCLUDED,0.9185651354328306,0.9882097881818124,,0
r8c-2383-4922d8cc0168c8a7,2383,E1_ROLLING,RR-REJECTION/5,MATCHED_FIXED_DE_PARETO,2,COMPLETE,INCLUDED,0.8065876735218456,0.9689892410897063,,0
r8c-2384-71037433c2b1b093,2384,E1_ROLLING,RR-REJECTION/5,MATCHED_JDE_STYLE_PARETO,2,COMPLETE,INCLUDED,0.8193323434589012,0.9776405952659963,,0
r8c-2385-41f4f1b9f36b8163,2385,E1_ROLLING,RR-REJECTION/5,MATCHED_SHADE_STYLE_PARETO,2,COMPLETE,INCLUDED,0.7654711967040015,0.9692575743077338,,0
r8c-2386-c50ed6a20f7afdc8,2386,E1_ROLLING,RR-REJECTION/5,JMETALPY_1_7_GDE3_STANDARD_PARETO_DE,2,COMPLETE,INCLUDED,0.8270944645178933,0.970600119046758,,0
r8c-2387-608b3a15dc350a1e,2387,E1_ROLLING,RR-REJECTION/5,JMETALPY_1_7_NSGAII_DYNAMIC_RESTART_BRIDGE,2,COMPLETE,INCLUDED,0.9556296773530558,0.9898135799464208,,0
r8c-2388-271872e3f29ff662,2388,E1_ROLLING,RR-REJECTION/5,DT-RAMDE_TS2_FULL,3,COMPLETE,INCLUDED,0.9170954915754418,0.9881911009083689,,0
r8c-2389-d89cf03122399f61,2389,E1_ROLLING,RR-REJECTION/5,MATCHED_FIXED_DE_PARETO,3,COMPLETE,INCLUDED,0.8023411676465889,0.966294462946388,,0
r8c-2390-8c812b60d9fabbcf,2390,E1_ROLLING,RR-REJECTION/5,MATCHED_JDE_STYLE_PARETO,3,COMPLETE,INCLUDED,0.7970355712028195,0.9793217724129317,,0
r8c-2391-9994d89c97ed54d4,2391,E1_ROLLING,RR-REJECTION/5,MATCHED_SHADE_STYLE_PARETO,3,COMPLETE,INCLUDED,0.778850457233792,0.9700589073670745,,0
r8c-2392-64645ea4bb6cc874,2392,E1_ROLLING,RR-REJECTION/5,JMETALPY_1_7_GDE3_STANDARD_PARETO_DE,3,COMPLETE,INCLUDED,0.8063876914339161,0.9678209492312275,,0
r8c-2393-55f9b0d4f3911b6b,2393,E1_ROLLING,RR-REJECTION/5,JMETALPY_1_7_NSGAII_DYNAMIC_RESTART_BRIDGE,3,COMPLETE,INCLUDED,0.9596277729473336,0.9904839094243755,,0
r8c-2394-42c1f89e66101153,2394,E1_ROLLING,RR-REJECTION/5,DT-RAMDE_TS2_FULL,4,COMPLETE,INCLUDED,0.9158479207764485,0.9864838950317025,,0
r8c-2395-0ac2d97ca3527d2a,2395,E1_ROLLING,RR-REJECTION/5,MATCHED_FIXED_DE_PARETO,4,COMPLETE,INCLUDED,0.8187680697319305,0.9662302447648671,,0
r8c-2396-f61411ecd4fe214b,2396,E1_ROLLING,RR-REJECTION/5,MATCHED_JDE_STYLE_PARETO,4,COMPLETE,INCLUDED,0.794428970801032,0.9794645417347914,,0
r8c-2397-3b1a6ce9bed0cb05,2397,E1_ROLLING,RR-REJECTION/5,MATCHED_SHADE_STYLE_PARETO,4,COMPLETE,INCLUDED,0.7793122407492905,0.9699086606283143,,0
r8c-2398-f141134d80497cb5,2398,E1_ROLLING,RR-REJECTION/5,JMETALPY_1_7_GDE3_STANDARD_PARETO_DE,4,COMPLETE,INCLUDED,0.808902220200029,0.9677857848882214,,0
r8c-2399-f3d80d149b7c8d61,2399,E1_ROLLING,RR-REJECTION/5,JMETALPY_1_7_NSGAII_DYNAMIC_RESTART_BRIDGE,4,COMPLETE,INCLUDED,0.9557832079863694,0.9895252903977845,,0
r8c-2400-5a28549c72f5649c,2400,E1_ROLLING,RR-REJECTION/6,DT-RAMDE_TS2_FULL,0,COMPLETE,INCLUDED,0.8088812284824665,0.9403162045308008,,0
r8c-2401-1d9fa012d1ffd10c,2401,E1_ROLLING,RR-REJECTION/6,MATCHED_FIXED_DE_PARETO,0,COMPLETE,INCLUDED,0.6238902931303139,0.8950640040768105,,0
r8c-2402-69117f82814de9ab,2402,E1_ROLLING,RR-REJECTION/6,MATCHED_JDE_STYLE_PARETO,0,COMPLETE,INCLUDED,0.641426364953215,0.9208487974704249,,0
r8c-2403-ffd470f58347c21e,2403,E1_ROLLING,RR-REJECTION/6,MATCHED_SHADE_STYLE_PARETO,0,COMPLETE,INCLUDED,0.5809694370075777,0.8856490841495844,,0
r8c-2404-50f41d39af394552,2404,E1_ROLLING,RR-REJECTION/6,JMETALPY_1_7_GDE3_STANDARD_PARETO_DE,0,COMPLETE,INCLUDED,0.6230078063740672,0.908854388123982,,0
r8c-2405-a074ed41ab1c967c,2405,E1_ROLLING,RR-REJECTION/6,JMETALPY_1_7_NSGAII_DYNAMIC_RESTART_BRIDGE,0,COMPLETE,INCLUDED,0.9042702469010463,0.9434156669435698,,0
r8c-2406-2bfec57082aad79a,2406,E1_ROLLING,RR-REJECTION/6,DT-RAMDE_TS2_FULL,1,COMPLETE,INCLUDED,0.8141075031210054,0.9378044024070489,,0
r8c-2407-285b8c9de187be11,2407,E1_ROLLING,RR-REJECTION/6,MATCHED_FIXED_DE_PARETO,1,COMPLETE,INCLUDED,0.6483644431308417,0.9136019977605822,,0
r8c-2408-e5a725b0401b0c74,2408,E1_ROLLING,RR-REJECTION/6,MATCHED_JDE_STYLE_PARETO,1,COMPLETE,INCLUDED,0.6523535294296149,0.9191433664706077,,0
r8c-2409-9a06a0f780f182e0,2409,E1_ROLLING,RR-REJECTION/6,MATCHED_SHADE_STYLE_PARETO,1,COMPLETE,INCLUDED,0.5613638861675725,0.894036371687093,,0
r8c-2410-994475dc55f5c5e5,2410,E1_ROLLING,RR-REJECTION/6,JMETALPY_1_7_GDE3_STANDARD_PARETO_DE,1,COMPLETE,INCLUDED,0.6539769597265923,0.906843390232113,,0
r8c-2411-a239d70bbcb34814,2411,E1_ROLLING,RR-REJECTION/6,JMETALPY_1_7_NSGAII_DYNAMIC_RESTART_BRIDGE,1,COMPLETE,INCLUDED,0.9105556812232007,0.947090370853903,,0
r8c-2412-2a862add53e5a0c5,2412,E1_ROLLING,RR-REJECTION/6,DT-RAMDE_TS2_FULL,2,COMPLETE,INCLUDED,0.8081480061295837,0.9384280597065917,,0
r8c-2413-d0871b1b8ad9c0ab,2413,E1_ROLLING,RR-REJECTION/6,MATCHED_FIXED_DE_PARETO,2,COMPLETE,INCLUDED,0.6408932129467196,0.9079352676699639,,0
r8c-2414-13e81b67db9e997a,2414,E1_ROLLING,RR-REJECTION/6,MATCHED_JDE_STYLE_PARETO,2,COMPLETE,INCLUDED,0.6550788061667308,0.9220874588401184,,0
r8c-2415-632e163130f98118,2415,E1_ROLLING,RR-REJECTION/6,MATCHED_SHADE_STYLE_PARETO,2,COMPLETE,INCLUDED,0.5657337903966659,0.8812543121058185,,0
r8c-2416-aa336012d93f26cf,2416,E1_ROLLING,RR-REJECTION/6,JMETALPY_1_7_GDE3_STANDARD_PARETO_DE,2,COMPLETE,INCLUDED,0.6544117856117868,0.9095242020654173,,0
r8c-2417-a948487e8503bc83,2417,E1_ROLLING,RR-REJECTION/6,JMETALPY_1_7_NSGAII_DYNAMIC_RESTART_BRIDGE,2,COMPLETE,INCLUDED,0.9049548819879251,0.9423090872666403,,0
r8c-2418-469b7ba3ce7740bc,2418,E1_ROLLING,RR-REJECTION/6,DT-RAMDE_TS2_FULL,3,COMPLETE,INCLUDED,0.805662877435872,0.9373779444101007,,0
r8c-2419-45125425dd32ca48,2419,E1_ROLLING,RR-REJECTION/6,MATCHED_FIXED_DE_PARETO,3,COMPLETE,INCLUDED,0.6487962713966995,0.909286712711505,,0
r8c-2420-efe207512b8b3784,2420,E1_ROLLING,RR-REJECTION/6,MATCHED_JDE_STYLE_PARETO,3,COMPLETE,INCLUDED,0.6567844730360187,0.9236821709277955,,0
r8c-2421-65947694ac954aa6,2421,E1_ROLLING,RR-REJECTION/6,MATCHED_SHADE_STYLE_PARETO,3,COMPLETE,INCLUDED,0.556497358367624,0.892906467806729,,0
r8c-2422-b3e96feaf839c24a,2422,E1_ROLLING,RR-REJECTION/6,JMETALPY_1_7_GDE3_STANDARD_PARETO_DE,3,COMPLETE,INCLUDED,0.6155671789662834,0.9111447425483894,,0
r8c-2423-6e043891f86fa5a1,2423,E1_ROLLING,RR-REJECTION/6,JMETALPY_1_7_NSGAII_DYNAMIC_RESTART_BRIDGE,3,COMPLETE,INCLUDED,0.9094855319023767,0.948425962973287,,0
r8c-2424-928fc511808dec54,2424,E1_ROLLING,RR-REJECTION/6,DT-RAMDE_TS2_FULL,4,COMPLETE,INCLUDED,0.8086331287024432,0.940352675796395,,0
r8c-2425-896b1d186c560fdc,2425,E1_ROLLING,RR-REJECTION/6,MATCHED_FIXED_DE_PARETO,4,COMPLETE,INCLUDED,0.6413862307636616,0.9031537600401635,,0
r8c-2426-8bc80f6088dcfe3a,2426,E1_ROLLING,RR-REJECTION/6,MATCHED_JDE_STYLE_PARETO,4,COMPLETE,INCLUDED,0.6687761551329761,0.928829188740053,,0
r8c-2427-1c1670f8ed92ba97,2427,E1_ROLLING,RR-REJECTION/6,MATCHED_SHADE_STYLE_PARETO,4,COMPLETE,INCLUDED,0.5641075553665325,0.881612705225723,,0
r8c-2428-90a24df3cb5ca452,2428,E1_ROLLING,RR-REJECTION/6,JMETALPY_1_7_GDE3_STANDARD_PARETO_DE,4,COMPLETE,INCLUDED,0.6528387743429389,0.9084987516441249,,0
r8c-2429-328a68e37e66c41b,2429,E1_ROLLING,RR-REJECTION/6,JMETALPY_1_7_NSGAII_DYNAMIC_RESTART_BRIDGE,4,COMPLETE,INCLUDED,0.9092604194965188,0.9460290405371294,,0
r8c-2430-4d9262a741d714c5,2430,E1_ROLLING,RR-REJECTION/7,DT-RAMDE_TS2_FULL,0,COMPLETE,INCLUDED,0.8946058818239445,0.9516406958391437,,0
r8c-2431-037a7ddca40860bd,2431,E1_ROLLING,RR-REJECTION/7,MATCHED_FIXED_DE_PARETO,0,COMPLETE,INCLUDED,0.8126288936513385,0.938115012349804,,0
r8c-2432-740e8d81e3f13b39,2432,E1_ROLLING,RR-REJECTION/7,MATCHED_JDE_STYLE_PARETO,0,COMPLETE,INCLUDED,0.8142787709505747,0.9506466419199743,,0
r8c-2433-d01bcff1305ff0e6,2433,E1_ROLLING,RR-REJECTION/7,MATCHED_SHADE_STYLE_PARETO,0,COMPLETE,INCLUDED,0.8001791520126293,0.9375343411471195,,0
r8c-2434-346a81f513548548,2434,E1_ROLLING,RR-REJECTION/7,JMETALPY_1_7_GDE3_STANDARD_PARETO_DE,0,COMPLETE,INCLUDED,0.8191909549276772,0.9425595205210662,,0
r8c-2435-e2450a8de0dfea79,2435,E1_ROLLING,RR-REJECTION/7,JMETALPY_1_7_NSGAII_DYNAMIC_RESTART_BRIDGE,0,COMPLETE,INCLUDED,0.9168268800516106,0.9495732080638003,,0
r8c-2436-5e1dfd00c465802d,2436,E1_ROLLING,RR-REJECTION/7,DT-RAMDE_TS2_FULL,1,COMPLETE,INCLUDED,0.8620165457884896,0.9458645217989827,,0
r8c-2437-b79f42dbf3668997,2437,E1_ROLLING,RR-REJECTION/7,MATCHED_FIXED_DE_PARETO,1,COMPLETE,INCLUDED,0.7970161550270217,0.9352572417389553,,0
r8c-2438-0deee34cf7c6e5b0,2438,E1_ROLLING,RR-REJECTION/7,MATCHED_JDE_STYLE_PARETO,1,COMPLETE,INCLUDED,0.7988037350528889,0.9475472630084429,,0
r8c-2439-cc4b7f2c110b87bb,2439,E1_ROLLING,RR-REJECTION/7,MATCHED_SHADE_STYLE_PARETO,1,COMPLETE,INCLUDED,0.7697148852752983,0.925143985602832,,0
r8c-2440-6307b671ee63dede,2440,E1_ROLLING,RR-REJECTION/7,JMETALPY_1_7_GDE3_STANDARD_PARETO_DE,1,COMPLETE,INCLUDED,0.8038777047272025,0.9333098727744462,,0
r8c-2441-1857365b504b593c,2441,E1_ROLLING,RR-REJECTION/7,JMETALPY_1_7_NSGAII_DYNAMIC_RESTART_BRIDGE,1,COMPLETE,INCLUDED,0.9240900599500916,0.9565969034542972,,0
r8c-2442-d7147d3f34ba2774,2442,E1_ROLLING,RR-REJECTION/7,DT-RAMDE_TS2_FULL,2,COMPLETE,INCLUDED,0.8753039524289127,0.9506985286901937,,0
r8c-2443-98f9e1b4e2dda580,2443,E1_ROLLING,RR-REJECTION/7,MATCHED_FIXED_DE_PARETO,2,COMPLETE,INCLUDED,0.809763232140033,0.9382683031839127,,0
r8c-2444-58eda88f7d50b198,2444,E1_ROLLING,RR-REJECTION/7,MATCHED_JDE_STYLE_PARETO,2,COMPLETE,INCLUDED,0.8166150925159312,0.9469284874406029,,0
r8c-2445-455c24c16530dcf4,2445,E1_ROLLING,RR-REJECTION/7,MATCHED_SHADE_STYLE_PARETO,2,COMPLETE,INCLUDED,0.7914589842267603,0.9412716972081163,,0
r8c-2446-990584d84dd848cd,2446,E1_ROLLING,RR-REJECTION/7,JMETALPY_1_7_GDE3_STANDARD_PARETO_DE,2,COMPLETE,INCLUDED,0.8008205305063463,0.9403409994928751,,0
r8c-2447-2671d57ee1029360,2447,E1_ROLLING,RR-REJECTION/7,JMETALPY_1_7_NSGAII_DYNAMIC_RESTART_BRIDGE,2,COMPLETE,INCLUDED,0.9220608993939985,0.9567564842075005,,0
r8c-2448-cba6d659a46341d1,2448,E1_ROLLING,RR-REJECTION/7,DT-RAMDE_TS2_FULL,3,COMPLETE,INCLUDED,0.8844716844872961,0.9549422353327154,,0
r8c-2449-649c8734ad08d3ef,2449,E1_ROLLING,RR-REJECTION/7,MATCHED_FIXED_DE_PARETO,3,COMPLETE,INCLUDED,0.8053388120190226,0.9431212287947917,,0
r8c-2450-15622e764634fb6c,2450,E1_ROLLING,RR-REJECTION/7,MATCHED_JDE_STYLE_PARETO,3,COMPLETE,INCLUDED,0.8235989370782809,0.9549170649225956,,0
r8c-2451-24d81d5d90ccf65d,2451,E1_ROLLING,RR-REJECTION/7,MATCHED_SHADE_STYLE_PARETO,3,COMPLETE,INCLUDED,0.7836584149972592,0.9327279827209501,,0
r8c-2452-aa91b5b69258677d,2452,E1_ROLLING,RR-REJECTION/7,JMETALPY_1_7_GDE3_STANDARD_PARETO_DE,3,COMPLETE,INCLUDED,0.7930158627101108,0.9406305271443756,,0
r8c-2453-b084a2202f36621e,2453,E1_ROLLING,RR-REJECTION/7,JMETALPY_1_7_NSGAII_DYNAMIC_RESTART_BRIDGE,3,COMPLETE,INCLUDED,0.9228622633701962,0.9579453003407936,,0
r8c-2454-4e6312d7cd0c83a5,2454,E1_ROLLING,RR-REJECTION/7,DT-RAMDE_TS2_FULL,4,COMPLETE,INCLUDED,0.8723968333135215,0.9472395023149389,,0
r8c-2455-5f83dceb869d84b6,2455,E1_ROLLING,RR-REJECTION/7,MATCHED_FIXED_DE_PARETO,4,COMPLETE,INCLUDED,0.8004202781795062,0.9310200383581148,,0
r8c-2456-4e987847ac14cbfb,2456,E1_ROLLING,RR-REJECTION/7,MATCHED_JDE_STYLE_PARETO,4,COMPLETE,INCLUDED,0.813293732517903,0.9505172712835007,,0
r8c-2457-8b0e1932c0b92dfb,2457,E1_ROLLING,RR-REJECTION/7,MATCHED_SHADE_STYLE_PARETO,4,COMPLETE,INCLUDED,0.7693454339112207,0.9126390722138037,,0
r8c-2458-885046a3854e2cfa,2458,E1_ROLLING,RR-REJECTION/7,JMETALPY_1_7_GDE3_STANDARD_PARETO_DE,4,COMPLETE,INCLUDED,0.8127412164347332,0.9460793746608409,,0
r8c-2459-39d055ff2eb0415f,2459,E1_ROLLING,RR-REJECTION/7,JMETALPY_1_7_NSGAII_DYNAMIC_RESTART_BRIDGE,4,COMPLETE,INCLUDED,0.9246680765653339,0.9538605740342758,,0
r8c-2460-dba68bdfc20f2a7d,2460,E1_ROLLING,RR-INTERMITTENT/0,DT-RAMDE_TS2_FULL,0,COMPLETE,INCLUDED,0.8114989931746154,0.9179296483663004,,0
r8c-2461-8bcecb2537b20606,2461,E1_ROLLING,RR-INTERMITTENT/0,MATCHED_FIXED_DE_PARETO,0,COMPLETE,INCLUDED,0.6922517377220279,0.9322355757883993,,0
r8c-2462-7f5a2bc5b618f101,2462,E1_ROLLING,RR-INTERMITTENT/0,MATCHED_JDE_STYLE_PARETO,0,COMPLETE,INCLUDED,0.6932583928112839,0.9422608831757822,,0
r8c-2463-c7d6af04938e3f9e,2463,E1_ROLLING,RR-INTERMITTENT/0,MATCHED_SHADE_STYLE_PARETO,0,COMPLETE,INCLUDED,0.666788399925939,0.9268319462958156,,0
r8c-2464-8fc58801f94802f9,2464,E1_ROLLING,RR-INTERMITTENT/0,JMETALPY_1_7_GDE3_STANDARD_PARETO_DE,0,COMPLETE,INCLUDED,0.705316675724493,0.9253365635946613,,0
r8c-2465-3dfef91fd95afbcd,2465,E1_ROLLING,RR-INTERMITTENT/0,JMETALPY_1_7_NSGAII_DYNAMIC_RESTART_BRIDGE,0,COMPLETE,INCLUDED,0.9277484159663263,0.9620500207012587,,0
r8c-2466-172f61346f97cc1b,2466,E1_ROLLING,RR-INTERMITTENT/0,DT-RAMDE_TS2_FULL,1,COMPLETE,INCLUDED,0.8540344043510049,0.9474037854024016,,0
r8c-2467-2dab16b5efe06645,2467,E1_ROLLING,RR-INTERMITTENT/0,MATCHED_FIXED_DE_PARETO,1,COMPLETE,INCLUDED,0.6911129624314429,0.9295885032658017,,0
r8c-2468-17ac8d34b98fc742,2468,E1_ROLLING,RR-INTERMITTENT/0,MATCHED_JDE_STYLE_PARETO,1,COMPLETE,INCLUDED,0.7126371909609782,0.9495135611097982,,0
r8c-2469-ddb22e69aeae2158,2469,E1_ROLLING,RR-INTERMITTENT/0,MATCHED_SHADE_STYLE_PARETO,1,COMPLETE,INCLUDED,0.6763679168526189,0.9307706906594744,,0
r8c-2470-beef176ea17b831e,2470,E1_ROLLING,RR-INTERMITTENT/0,JMETALPY_1_7_GDE3_STANDARD_PARETO_DE,1,COMPLETE,INCLUDED,0.701833965388229,0.9344502217367024,,0
r8c-2471-e1ad944f9596b08d,2471,E1_ROLLING,RR-INTERMITTENT/0,JMETALPY_1_7_NSGAII_DYNAMIC_RESTART_BRIDGE,1,COMPLETE,INCLUDED,0.9267657105931109,0.9630208898597316,,0
r8c-2472-3c3734cc2012bf1d,2472,E1_ROLLING,RR-INTERMITTENT/0,DT-RAMDE_TS2_FULL,2,COMPLETE,INCLUDED,0.825036448101747,0.9321586939183156,,0
r8c-2473-7630549494dff4a0,2473,E1_ROLLING,RR-INTERMITTENT/0,MATCHED_FIXED_DE_PARETO,2,COMPLETE,INCLUDED,0.7043267802050623,0.9352366071066089,,0
r8c-2474-c856506276d5048b,2474,E1_ROLLING,RR-INTERMITTENT/0,MATCHED_JDE_STYLE_PARETO,2,COMPLETE,INCLUDED,0.7028950388975839,0.9428270747677363,,0
r8c-2475-b8ccc3dc5205df08,2475,E1_ROLLING,RR-INTERMITTENT/0,MATCHED_SHADE_STYLE_PARETO,2,COMPLETE,INCLUDED,0.6707997132730095,0.9240235630242817,,0
r8c-2476-5f27d3a8dc2075a1,2476,E1_ROLLING,RR-INTERMITTENT/0,JMETALPY_1_7_GDE3_STANDARD_PARETO_DE,2,COMPLETE,INCLUDED,0.7060220998055885,0.9351918325968998,,0
r8c-2477-b2bd6dc988e2efcd,2477,E1_ROLLING,RR-INTERMITTENT/0,JMETALPY_1_7_NSGAII_DYNAMIC_RESTART_BRIDGE,2,COMPLETE,INCLUDED,0.928215294638752,0.9621210244227679,,0
r8c-2478-13d148ad54bcdfc9,2478,E1_ROLLING,RR-INTERMITTENT/0,DT-RAMDE_TS2_FULL,3,COMPLETE,INCLUDED,0.8475970324076749,0.9411299478475815,,0
r8c-2479-9ac1f3f4f38f1f4d,2479,E1_ROLLING,RR-INTERMITTENT/0,MATCHED_FIXED_DE_PARETO,3,COMPLETE,INCLUDED,0.7109788866940311,0.9281885819533084,,0
r8c-2480-94fb373682eb1294,2480,E1_ROLLING,RR-INTERMITTENT/0,MATCHED_JDE_STYLE_PARETO,3,COMPLETE,INCLUDED,0.7205398000872261,0.9498845166227199,,0
r8c-2481-6ad2abf07c470edc,2481,E1_ROLLING,RR-INTERMITTENT/0,MATCHED_SHADE_STYLE_PARETO,3,COMPLETE,INCLUDED,0.671408486524378,0.9262011716487397,,0
r8c-2482-d94165a8d1c59964,2482,E1_ROLLING,RR-INTERMITTENT/0,JMETALPY_1_7_GDE3_STANDARD_PARETO_DE,3,COMPLETE,INCLUDED,0.6993675663231307,0.9283902511675513,,0
r8c-2483-93e9fa89298bee3c,2483,E1_ROLLING,RR-INTERMITTENT/0,JMETALPY_1_7_NSGAII_DYNAMIC_RESTART_BRIDGE,3,COMPLETE,INCLUDED,0.929798717316546,0.9645062148276266,,0
r8c-2484-739a0a42cd4fc4bd,2484,E1_ROLLING,RR-INTERMITTENT/0,DT-RAMDE_TS2_FULL,4,COMPLETE,INCLUDED,0.907194431521213,0.9638970235142177,,0
r8c-2485-5db0892507294745,2485,E1_ROLLING,RR-INTERMITTENT/0,MATCHED_FIXED_DE_PARETO,4,COMPLETE,INCLUDED,0.7118163941072939,0.9290809252317409,,0
r8c-2486-68fe4576c0f2c534,2486,E1_ROLLING,RR-INTERMITTENT/0,MATCHED_JDE_STYLE_PARETO,4,COMPLETE,INCLUDED,0.7137569306968831,0.9446217000365706,,0
r8c-2487-f118ff79c53ebe0a,2487,E1_ROLLING,RR-INTERMITTENT/0,MATCHED_SHADE_STYLE_PARETO,4,COMPLETE,INCLUDED,0.661285060347042,0.9223487121175884,,0
r8c-2488-bc5874903fec5ddd,2488,E1_ROLLING,RR-INTERMITTENT/0,JMETALPY_1_7_GDE3_STANDARD_PARETO_DE,4,COMPLETE,INCLUDED,0.704976987523519,0.9312988955400072,,0
r8c-2489-31037d13f6a24ca5,2489,E1_ROLLING,RR-INTERMITTENT/0,JMETALPY_1_7_NSGAII_DYNAMIC_RESTART_BRIDGE,4,COMPLETE,INCLUDED,0.9290162010235046,0.9624418429320928,,0
r8c-2490-c6faf57dfc458c5c,2490,E1_ROLLING,RR-INTERMITTENT/1,DT-RAMDE_TS2_FULL,0,COMPLETE,INCLUDED,0.9124210289052963,0.9733388506769953,,0
r8c-2491-d1f7b73bef58417d,2491,E1_ROLLING,RR-INTERMITTENT/1,MATCHED_FIXED_DE_PARETO,0,COMPLETE,INCLUDED,0.7911664430860311,0.9483947836592913,,0
r8c-2492-7816558e86703a2d,2492,E1_ROLLING,RR-INTERMITTENT/1,MATCHED_JDE_STYLE_PARETO,0,COMPLETE,INCLUDED,0.8004268095084456,0.9658421115241284,,0
r8c-2493-21c1ccd8f9e0be40,2493,E1_ROLLING,RR-INTERMITTENT/1,MATCHED_SHADE_STYLE_PARETO,0,COMPLETE,INCLUDED,0.7630733843053308,0.9537783548121469,,0
r8c-2494-f46dfc213dd911cb,2494,E1_ROLLING,RR-INTERMITTENT/1,JMETALPY_1_7_GDE3_STANDARD_PARETO_DE,0,COMPLETE,INCLUDED,0.7755149650111349,0.9480424065955166,,0
r8c-2495-94ceb12ec3777a10,2495,E1_ROLLING,RR-INTERMITTENT/1,JMETALPY_1_7_NSGAII_DYNAMIC_RESTART_BRIDGE,0,COMPLETE,INCLUDED,0.9434563941024374,0.9758708689654118,,0
r8c-2496-bedc5f8999053676,2496,E1_ROLLING,RR-INTERMITTENT/1,DT-RAMDE_TS2_FULL,1,COMPLETE,INCLUDED,0.9261401108542033,0.9751330611924433,,0
r8c-2497-69d738b1ae88bfc0,2497,E1_ROLLING,RR-INTERMITTENT/1,MATCHED_FIXED_DE_PARETO,1,COMPLETE,INCLUDED,0.7957435104742034,0.9497438791568807,,0
r8c-2498-2d5aec9d8574c658,2498,E1_ROLLING,RR-INTERMITTENT/1,MATCHED_JDE_STYLE_PARETO,1,COMPLETE,INCLUDED,0.8010543598296482,0.9637810405471381,,0
r8c-2499-4e2859fa44544886,2499,E1_ROLLING,RR-INTERMITTENT/1,MATCHED_SHADE_STYLE_PARETO,1,COMPLETE,INCLUDED,0.7631935963676723,0.9454820081789403,,0
r8c-2500-d99d9d04e16b3f4a,2500,E1_ROLLING,RR-INTERMITTENT/1,JMETALPY_1_7_GDE3_STANDARD_PARETO_DE,1,COMPLETE,INCLUDED,0.7981931198130017,0.9522111461910614,,0
r8c-2501-74e83b6b9ecae11d,2501,E1_ROLLING,RR-INTERMITTENT/1,JMETALPY_1_7_NSGAII_DYNAMIC_RESTART_BRIDGE,1,COMPLETE,INCLUDED,0.9413892310612073,0.9757496716162144,,0
r8c-2502-621b9cd4fb4fd0fd,2502,E1_ROLLING,RR-INTERMITTENT/1,DT-RAMDE_TS2_FULL,2,COMPLETE,INCLUDED,0.907097473225735,0.9739028992521112,,0
r8c-2503-335b49d87d9a0304,2503,E1_ROLLING,RR-INTERMITTENT/1,MATCHED_FIXED_DE_PARETO,2,COMPLETE,INCLUDED,0.7984587943866001,0.9521420491379112,,0
r8c-2504-746d33f7c3555ecf,2504,E1_ROLLING,RR-INTERMITTENT/1,MATCHED_JDE_STYLE_PARETO,2,COMPLETE,INCLUDED,0.8134162306780816,0.962658688969418,,0
r8c-2505-715edd685bfe6430,2505,E1_ROLLING,RR-INTERMITTENT/1,MATCHED_SHADE_STYLE_PARETO,2,COMPLETE,INCLUDED,0.7611337312670845,0.9507417531232065,,0
r8c-2506-f3545269e0d6a4f9,2506,E1_ROLLING,RR-INTERMITTENT/1,JMETALPY_1_7_GDE3_STANDARD_PARETO_DE,2,COMPLETE,INCLUDED,0.795746563692697,0.951358270924992,,0
r8c-2507-f619cbdcdc74b8fd,2507,E1_ROLLING,RR-INTERMITTENT/1,JMETALPY_1_7_NSGAII_DYNAMIC_RESTART_BRIDGE,2,COMPLETE,INCLUDED,0.9412028916309902,0.9782881035711581,,0
r8c-2508-44b8f7fdaba80d7c,2508,E1_ROLLING,RR-INTERMITTENT/1,DT-RAMDE_TS2_FULL,3,COMPLETE,INCLUDED,0.9031538612968918,0.9724572167892189,,0
r8c-2509-21ba3b825746d569,2509,E1_ROLLING,RR-INTERMITTENT/1,MATCHED_FIXED_DE_PARETO,3,COMPLETE,INCLUDED,0.7944351713541462,0.9538688050268407,,0
r8c-2510-df70cd47346de261,2510,E1_ROLLING,RR-INTERMITTENT/1,MATCHED_JDE_STYLE_PARETO,3,COMPLETE,INCLUDED,0.7870515832561058,0.9639637545415194,,0
r8c-2511-42607a6adb42a948,2511,E1_ROLLING,RR-INTERMITTENT/1,MATCHED_SHADE_STYLE_PARETO,3,COMPLETE,INCLUDED,0.7661994013222884,0.9516188921932786,,0
r8c-2512-0571039630bc986a,2512,E1_ROLLING,RR-INTERMITTENT/1,JMETALPY_1_7_GDE3_STANDARD_PARETO_DE,3,COMPLETE,INCLUDED,0.8014383172953826,0.9505558273279628,,0
r8c-2513-8fe34762f04fe0db,2513,E1_ROLLING,RR-INTERMITTENT/1,JMETALPY_1_7_NSGAII_DYNAMIC_RESTART_BRIDGE,3,COMPLETE,INCLUDED,0.9401409954944645,0.9759864679091332,,0
r8c-2514-45602fc72f726f49,2514,E1_ROLLING,RR-INTERMITTENT/1,DT-RAMDE_TS2_FULL,4,COMPLETE,INCLUDED,0.9017700570882672,0.9715963853517326,,0
r8c-2515-d73981f9c6ec8730,2515,E1_ROLLING,RR-INTERMITTENT/1,MATCHED_FIXED_DE_PARETO,4,COMPLETE,INCLUDED,0.778170261586996,0.946375475982806,,0
r8c-2516-a6941ebd35f3a41e,2516,E1_ROLLING,RR-INTERMITTENT/1,MATCHED_JDE_STYLE_PARETO,4,COMPLETE,INCLUDED,0.8045411650028489,0.9647447760189302,,0
r8c-2517-6e5a08595f852a43,2517,E1_ROLLING,RR-INTERMITTENT/1,MATCHED_SHADE_STYLE_PARETO,4,COMPLETE,INCLUDED,0.7699122442967119,0.9492281619178602,,0
r8c-2518-5d3fad3636e566b8,2518,E1_ROLLING,RR-INTERMITTENT/1,JMETALPY_1_7_GDE3_STANDARD_PARETO_DE,4,COMPLETE,INCLUDED,0.7863363345434189,0.9510034950519349,,0
r8c-2519-5da638cce0b2afc2,2519,E1_ROLLING,RR-INTERMITTENT/1,JMETALPY_1_7_NSGAII_DYNAMIC_RESTART_BRIDGE,4,COMPLETE,INCLUDED,0.9448779196592838,0.9769539175662156,,0
r8c-2520-9a11fb4ba17d4f6c,2520,E1_ROLLING,RR-INTERMITTENT/2,DT-RAMDE_TS2_FULL,0,COMPLETE,INCLUDED,0.920205934881366,0.9786252916184734,,0
r8c-2521-d04190ee01f571eb,2521,E1_ROLLING,RR-INTERMITTENT/2,MATCHED_FIXED_DE_PARETO,0,COMPLETE,INCLUDED,0.8448784087722643,0.9596726367341404,,0
r8c-2522-7e5715bbc851988a,2522,E1_ROLLING,RR-INTERMITTENT/2,MATCHED_JDE_STYLE_PARETO,0,COMPLETE,INCLUDED,0.8452566417445716,0.9713243167624814,,0
r8c-2523-fd8b80ca43c6d3f8,2523,E1_ROLLING,RR-INTERMITTENT/2,MATCHED_SHADE_STYLE_PARETO,0,COMPLETE,INCLUDED,0.8201694196916323,0.9600356731443659,,0
r8c-2524-33561a0795263c61,2524,E1_ROLLING,RR-INTERMITTENT/2,JMETALPY_1_7_GDE3_STANDARD_PARETO_DE,0,COMPLETE,INCLUDED,0.8413804176967453,0.9610149331320847,,0
r8c-2525-f197e77ca0e7f8da,2525,E1_ROLLING,RR-INTERMITTENT/2,JMETALPY_1_7_NSGAII_DYNAMIC_RESTART_BRIDGE,0,COMPLETE,INCLUDED,0.9505690421991899,0.9819241004864685,,0
r8c-2526-4d4f5a192b374c06,2526,E1_ROLLING,RR-INTERMITTENT/2,DT-RAMDE_TS2_FULL,1,COMPLETE,INCLUDED,0.9139690387062507,0.9757183303865263,,0
r8c-2527-0f05237c7a12b205,2527,E1_ROLLING,RR-INTERMITTENT/2,MATCHED_FIXED_DE_PARETO,1,COMPLETE,INCLUDED,0.8376409236378624,0.9592724819076498,,0
r8c-2528-082421c709178554,2528,E1_ROLLING,RR-INTERMITTENT/2,MATCHED_JDE_STYLE_PARETO,1,COMPLETE,INCLUDED,0.8422240214977308,0.9712346570173315,,0
r8c-2529-eef2ca62ed2928b8,2529,E1_ROLLING,RR-INTERMITTENT/2,MATCHED_SHADE_STYLE_PARETO,1,COMPLETE,INCLUDED,0.8128998436560083,0.9586042131637538,,0
r8c-2530-d9a7cdc46d70fdbe,2530,E1_ROLLING,RR-INTERMITTENT/2,JMETALPY_1_7_GDE3_STANDARD_PARETO_DE,1,COMPLETE,INCLUDED,0.8452183574762279,0.9632870715417201,,0
r8c-2531-49d11cccd7c01723,2531,E1_ROLLING,RR-INTERMITTENT/2,JMETALPY_1_7_NSGAII_DYNAMIC_RESTART_BRIDGE,1,COMPLETE,INCLUDED,0.9516781052174019,0.9830693858360895,,0
r8c-2532-c19e90f3316478fb,2532,E1_ROLLING,RR-INTERMITTENT/2,DT-RAMDE_TS2_FULL,2,COMPLETE,INCLUDED,0.9250620824949909,0.9807557669365711,,0
r8c-2533-7e52c0e90af7be79,2533,E1_ROLLING,RR-INTERMITTENT/2,MATCHED_FIXED_DE_PARETO,2,COMPLETE,INCLUDED,0.838147547872078,0.9603313743198406,,0
r8c-2534-ce986be7101e8dee,2534,E1_ROLLING,RR-INTERMITTENT/2,MATCHED_JDE_STYLE_PARETO,2,COMPLETE,INCLUDED,0.8455298199639965,0.9721049706595813,,0
r8c-2535-43fe11b07ebc8498,2535,E1_ROLLING,RR-INTERMITTENT/2,MATCHED_SHADE_STYLE_PARETO,2,COMPLETE,INCLUDED,0.8127522354559937,0.960284791252944,,0
r8c-2536-f0dc9873195a1f75,2536,E1_ROLLING,RR-INTERMITTENT/2,JMETALPY_1_7_GDE3_STANDARD_PARETO_DE,2,COMPLETE,INCLUDED,0.8475635907546863,0.9631731270795338,,0
r8c-2537-058b9220f5209c0e,2537,E1_ROLLING,RR-INTERMITTENT/2,JMETALPY_1_7_NSGAII_DYNAMIC_RESTART_BRIDGE,2,COMPLETE,INCLUDED,0.9529798018029559,0.983780644811208,,0
r8c-2538-078293040646ce2c,2538,E1_ROLLING,RR-INTERMITTENT/2,DT-RAMDE_TS2_FULL,3,COMPLETE,INCLUDED,0.9360702665349585,0.9803152543790834,,0
r8c-2539-1966590c349b5cbb,2539,E1_ROLLING,RR-INTERMITTENT/2,MATCHED_FIXED_DE_PARETO,3,COMPLETE,INCLUDED,0.8413753117783891,0.961573937765228,,0
r8c-2540-f83f8d6d95ecbe24,2540,E1_ROLLING,RR-INTERMITTENT/2,MATCHED_JDE_STYLE_PARETO,3,COMPLETE,INCLUDED,0.8477088682119518,0.9722697632733551,,0
r8c-2541-d6dbd72e6a481038,2541,E1_ROLLING,RR-INTERMITTENT/2,MATCHED_SHADE_STYLE_PARETO,3,COMPLETE,INCLUDED,0.8287732913354349,0.9605087675805872,,0
r8c-2542-92fb5e12291fa5ed,2542,E1_ROLLING,RR-INTERMITTENT/2,JMETALPY_1_7_GDE3_STANDARD_PARETO_DE,3,COMPLETE,INCLUDED,0.8394349556935516,0.9583774448605757,,0
r8c-2543-8b86c06bb38a01d5,2543,E1_ROLLING,RR-INTERMITTENT/2,JMETALPY_1_7_NSGAII_DYNAMIC_RESTART_BRIDGE,3,COMPLETE,INCLUDED,0.9500809666797675,0.9845540269684614,,0
r8c-2544-8a2b77837d67d37d,2544,E1_ROLLING,RR-INTERMITTENT/2,DT-RAMDE_TS2_FULL,4,COMPLETE,INCLUDED,0.9265490415127736,0.975501871427005,,0
r8c-2545-7303fa79cd1412f9,2545,E1_ROLLING,RR-INTERMITTENT/2,MATCHED_FIXED_DE_PARETO,4,COMPLETE,INCLUDED,0.8442333453494137,0.9622082570320882,,0
r8c-2546-bc09bb4607e108f4,2546,E1_ROLLING,RR-INTERMITTENT/2,MATCHED_JDE_STYLE_PARETO,4,COMPLETE,INCLUDED,0.856158055981442,0.973117573405915,,0
r8c-2547-4d736fbaf58d0d25,2547,E1_ROLLING,RR-INTERMITTENT/2,MATCHED_SHADE_STYLE_PARETO,4,COMPLETE,INCLUDED,0.8168645200455102,0.9629804667988926,,0
r8c-2548-589479f1723880cd,2548,E1_ROLLING,RR-INTERMITTENT/2,JMETALPY_1_7_GDE3_STANDARD_PARETO_DE,4,COMPLETE,INCLUDED,0.8423954942794539,0.9638210214232859,,0
r8c-2549-fa11984f0c06cbf9,2549,E1_ROLLING,RR-INTERMITTENT/2,JMETALPY_1_7_NSGAII_DYNAMIC_RESTART_BRIDGE,4,COMPLETE,INCLUDED,0.9512157958422215,0.9835789432107325,,0
r8c-2550-4231d6edeedd5c91,2550,E1_ROLLING,RR-INTERMITTENT/3,DT-RAMDE_TS2_FULL,0,COMPLETE,INCLUDED,0.46392419188903833,0.5574575736329511,,0
r8c-2551-3922642a91056eea,2551,E1_ROLLING,RR-INTERMITTENT/3,MATCHED_FIXED_DE_PARETO,0,COMPLETE,INCLUDED,0.7074701382627151,0.9119305305940358,,0
r8c-2552-75354d1e4396df8a,2552,E1_ROLLING,RR-INTERMITTENT/3,MATCHED_JDE_STYLE_PARETO,0,COMPLETE,INCLUDED,0.7099767075189714,0.9221957708085584,,0
r8c-2553-1a8c5121f9959937,2553,E1_ROLLING,RR-INTERMITTENT/3,MATCHED_SHADE_STYLE_PARETO,0,COMPLETE,INCLUDED,0.6679869324944164,0.9010184387030007,,0
r8c-2554-058f89c2417dad65,2554,E1_ROLLING,RR-INTERMITTENT/3,JMETALPY_1_7_GDE3_STANDARD_PARETO_DE,0,COMPLETE,INCLUDED,0.70454371711495,0.9057853586653997,,0
r8c-2555-b1b6968eb2677406,2555,E1_ROLLING,RR-INTERMITTENT/3,JMETALPY_1_7_NSGAII_DYNAMIC_RESTART_BRIDGE,0,COMPLETE,INCLUDED,0.9003284261400696,0.9421735951955306,,0
r8c-2556-ec358098268129f6,2556,E1_ROLLING,RR-INTERMITTENT/3,DT-RAMDE_TS2_FULL,1,COMPLETE,INCLUDED,0.8500659234375393,0.9411064991636472,,0
r8c-2557-93c0927e27ce13c5,2557,E1_ROLLING,RR-INTERMITTENT/3,MATCHED_FIXED_DE_PARETO,1,COMPLETE,INCLUDED,0.7115328953838138,0.9181486274848586,,0
r8c-2558-ad00e77c27b6e9f1,2558,E1_ROLLING,RR-INTERMITTENT/3,MATCHED_JDE_STYLE_PARETO,1,COMPLETE,INCLUDED,0.7059566352789126,0.9193927961015899,,0
r8c-2559-639b24f9038c4a45,2559,E1_ROLLING,RR-INTERMITTENT/3,MATCHED_SHADE_STYLE_PARETO,1,COMPLETE,INCLUDED,0.6459217640579044,0.8979959741053127,,0
r8c-2560-8ecad86f775537a6,2560,E1_ROLLING,RR-INTERMITTENT/3,JMETALPY_1_7_GDE3_STANDARD_PARETO_DE,1,COMPLETE,INCLUDED,0.7049653804392194,0.9062831762452428,,0
r8c-2561-199cc20cc5f48d49,2561,E1_ROLLING,RR-INTERMITTENT/3,JMETALPY_1_7_NSGAII_DYNAMIC_RESTART_BRIDGE,1,COMPLETE,INCLUDED,0.8939595866319122,0.9339279186740501,,0
r8c-2562-e283199511d20b73,2562,E1_ROLLING,RR-INTERMITTENT/3,DT-RAMDE_TS2_FULL,2,COMPLETE,INCLUDED,0.4860434491395507,0.591791747037244,,0
r8c-2563-41c81bcda8754ac9,2563,E1_ROLLING,RR-INTERMITTENT/3,MATCHED_FIXED_DE_PARETO,2,COMPLETE,INCLUDED,0.698657480453897,0.9068146313495795,,0
r8c-2564-c0fcb76eb4b9ca5f,2564,E1_ROLLING,RR-INTERMITTENT/3,MATCHED_JDE_STYLE_PARETO,2,COMPLETE,INCLUDED,0.7029216718453913,0.9188747007114678,,0
r8c-2565-7f242023aaab9906,2565,E1_ROLLING,RR-INTERMITTENT/3,MATCHED_SHADE_STYLE_PARETO,2,COMPLETE,INCLUDED,0.6558124047634855,0.8951266352897379,,0
r8c-2566-e0eadc8877eba576,2566,E1_ROLLING,RR-INTERMITTENT/3,JMETALPY_1_7_GDE3_STANDARD_PARETO_DE,2,COMPLETE,INCLUDED,0.7066924987347848,0.9039437634106132,,0
r8c-2567-9f9ffad5b8a561a3,2567,E1_ROLLING,RR-INTERMITTENT/3,JMETALPY_1_7_NSGAII_DYNAMIC_RESTART_BRIDGE,2,COMPLETE,INCLUDED,0.904716974390316,0.9405256387953177,,0
r8c-2568-1c2e69e2415bbc1a,2568,E1_ROLLING,RR-INTERMITTENT/3,DT-RAMDE_TS2_FULL,3,COMPLETE,INCLUDED,0.5658591095098536,0.6721667518775221,,0
r8c-2569-0ad86efb95490e61,2569,E1_ROLLING,RR-INTERMITTENT/3,MATCHED_FIXED_DE_PARETO,3,COMPLETE,INCLUDED,0.7099126626873332,0.9110823424946384,,0
r8c-2570-606a9344e4fa3561,2570,E1_ROLLING,RR-INTERMITTENT/3,MATCHED_JDE_STYLE_PARETO,3,COMPLETE,INCLUDED,0.7064366337034841,0.9205213669944247,,0
r8c-2571-1f3344f168f8d7b1,2571,E1_ROLLING,RR-INTERMITTENT/3,MATCHED_SHADE_STYLE_PARETO,3,COMPLETE,INCLUDED,0.6607393193455497,0.8957337160443437,,0
r8c-2572-1a3a59ead4f46ee5,2572,E1_ROLLING,RR-INTERMITTENT/3,JMETALPY_1_7_GDE3_STANDARD_PARETO_DE,3,COMPLETE,INCLUDED,0.6975178618126459,0.9074480860729113,,0
r8c-2573-7428f2d10e31c268,2573,E1_ROLLING,RR-INTERMITTENT/3,JMETALPY_1_7_NSGAII_DYNAMIC_RESTART_BRIDGE,3,COMPLETE,INCLUDED,0.9003883943671964,0.9379400715312064,,0
r8c-2574-cbb85f49b1b7574d,2574,E1_ROLLING,RR-INTERMITTENT/3,DT-RAMDE_TS2_FULL,4,COMPLETE,INCLUDED,0.8518970302366604,0.9380598957156897,,0
r8c-2575-451aab581e58abd1,2575,E1_ROLLING,RR-INTERMITTENT/3,MATCHED_FIXED_DE_PARETO,4,COMPLETE,INCLUDED,0.6888546236615397,0.9004318324108483,,0
r8c-2576-be386ca2754ba589,2576,E1_ROLLING,RR-INTERMITTENT/3,MATCHED_JDE_STYLE_PARETO,4,COMPLETE,INCLUDED,0.7003775089173907,0.9210141519331703,,0
r8c-2577-677daee593660bdf,2577,E1_ROLLING,RR-INTERMITTENT/3,MATCHED_SHADE_STYLE_PARETO,4,COMPLETE,INCLUDED,0.6493264797936715,0.8955390878644529,,0
r8c-2578-a3b482b44654fbf0,2578,E1_ROLLING,RR-INTERMITTENT/3,JMETALPY_1_7_GDE3_STANDARD_PARETO_DE,4,COMPLETE,INCLUDED,0.7068206556381422,0.9103981939652623,,0
r8c-2579-515e22d107d7abd2,2579,E1_ROLLING,RR-INTERMITTENT/3,JMETALPY_1_7_NSGAII_DYNAMIC_RESTART_BRIDGE,4,COMPLETE,INCLUDED,0.8979857610710684,0.9363442632576279,,0
r8c-2580-4bbcecb7e6e59ffc,2580,E1_ROLLING,RR-INTERMITTENT/4,DT-RAMDE_TS2_FULL,0,COMPLETE,INCLUDED,0.8834086026641238,0.9762340717615154,,0
r8c-2581-bc9644be6bded0ac,2581,E1_ROLLING,RR-INTERMITTENT/4,MATCHED_FIXED_DE_PARETO,0,COMPLETE,INCLUDED,0.6988000564820755,0.9451355530385526,,0
r8c-2582-758c48c671953e4a,2582,E1_ROLLING,RR-INTERMITTENT/4,MATCHED_JDE_STYLE_PARETO,0,COMPLETE,INCLUDED,0.698732596561251,0.9667737866736397,,0
r8c-2583-099fcf445de8c93d,2583,E1_ROLLING,RR-INTERMITTENT/4,MATCHED_SHADE_STYLE_PARETO,0,COMPLETE,INCLUDED,0.6748903465493854,0.9367470307108091,,0
r8c-2584-0a0debadf0ba2d70,2584,E1_ROLLING,RR-INTERMITTENT/4,JMETALPY_1_7_GDE3_STANDARD_PARETO_DE,0,COMPLETE,INCLUDED,0.715833014627042,0.9535320101167422,,0
r8c-2585-9c98ea47ff8ec8d1,2585,E1_ROLLING,RR-INTERMITTENT/4,JMETALPY_1_7_NSGAII_DYNAMIC_RESTART_BRIDGE,0,COMPLETE,INCLUDED,0.943637925663222,0.9811355860969362,,0
r8c-2586-a8d0a46cbd27c7c3,2586,E1_ROLLING,RR-INTERMITTENT/4,DT-RAMDE_TS2_FULL,1,COMPLETE,INCLUDED,0.9023160880401196,0.9796118362054255,,0
r8c-2587-dab5ee41739a583c,2587,E1_ROLLING,RR-INTERMITTENT/4,MATCHED_FIXED_DE_PARETO,1,COMPLETE,INCLUDED,0.7268196095445589,0.9487426124590252,,0
r8c-2588-c488ba959545f674,2588,E1_ROLLING,RR-INTERMITTENT/4,MATCHED_JDE_STYLE_PARETO,1,COMPLETE,INCLUDED,0.7285660391004188,0.9663159353946984,,0
r8c-2589-1fb51feb8fc87407,2589,E1_ROLLING,RR-INTERMITTENT/4,MATCHED_SHADE_STYLE_PARETO,1,COMPLETE,INCLUDED,0.6686916191073731,0.9403947747673593,,0
r8c-2590-f364efe04a7c905e,2590,E1_ROLLING,RR-INTERMITTENT/4,JMETALPY_1_7_GDE3_STANDARD_PARETO_DE,1,COMPLETE,INCLUDED,0.7249743067080977,0.9520174429142372,,0
r8c-2591-3d6b2df864ff31e6,2591,E1_ROLLING,RR-INTERMITTENT/4,JMETALPY_1_7_NSGAII_DYNAMIC_RESTART_BRIDGE,1,COMPLETE,INCLUDED,0.9381240297558598,0.9828395379695394,,0
r8c-2592-0e649863658518be,2592,E1_ROLLING,RR-INTERMITTENT/4,DT-RAMDE_TS2_FULL,2,COMPLETE,INCLUDED,0.8998390488815182,0.9778528965717725,,0
r8c-2593-6ee3b2e190c5b2ca,2593,E1_ROLLING,RR-INTERMITTENT/4,MATCHED_FIXED_DE_PARETO,2,COMPLETE,INCLUDED,0.7071921343104719,0.9528610881960524,,0
r8c-2594-dea58a477f61efdf,2594,E1_ROLLING,RR-INTERMITTENT/4,MATCHED_JDE_STYLE_PARETO,2,COMPLETE,INCLUDED,0.7134237339836006,0.9679453780729151,,0
r8c-2595-2630117a9749f300,2595,E1_ROLLING,RR-INTERMITTENT/4,MATCHED_SHADE_STYLE_PARETO,2,COMPLETE,INCLUDED,0.6786400625011164,0.9459092905934006,,0
r8c-2596-14afb4fcccc9ab35,2596,E1_ROLLING,RR-INTERMITTENT/4,JMETALPY_1_7_GDE3_STANDARD_PARETO_DE,2,COMPLETE,INCLUDED,0.7087231637550275,0.9494141736196786,,0
r8c-2597-a7583d1c9ffefa72,2597,E1_ROLLING,RR-INTERMITTENT/4,JMETALPY_1_7_NSGAII_DYNAMIC_RESTART_BRIDGE,2,COMPLETE,INCLUDED,0.9450065627814501,0.982865231756451,,0
r8c-2598-c2ffe467ff94f5c5,2598,E1_ROLLING,RR-INTERMITTENT/4,DT-RAMDE_TS2_FULL,3,COMPLETE,INCLUDED,0.8798636094880609,0.976397215656595,,0
r8c-2599-081f2326155f91f6,2599,E1_ROLLING,RR-INTERMITTENT/4,MATCHED_FIXED_DE_PARETO,3,COMPLETE,INCLUDED,0.7115430965091731,0.9452721876185148,,0
r8c-2600-b920e845751b79a4,2600,E1_ROLLING,RR-INTERMITTENT/4,MATCHED_JDE_STYLE_PARETO,3,COMPLETE,INCLUDED,0.7362567510177062,0.9643089571287126,,0
r8c-2601-ce9bb4772e62acc1,2601,E1_ROLLING,RR-INTERMITTENT/4,MATCHED_SHADE_STYLE_PARETO,3,COMPLETE,INCLUDED,0.6753913112433756,0.9418827195337187,,0
r8c-2602-1344d64f2f9474f4,2602,E1_ROLLING,RR-INTERMITTENT/4,JMETALPY_1_7_GDE3_STANDARD_PARETO_DE,3,COMPLETE,INCLUDED,0.7353630872265271,0.9512880624412313,,0
r8c-2603-a89d5e6129f70649,2603,E1_ROLLING,RR-INTERMITTENT/4,JMETALPY_1_7_NSGAII_DYNAMIC_RESTART_BRIDGE,3,COMPLETE,INCLUDED,0.9396266798068111,0.9823517691686956,,0
r8c-2604-67d499b71153c6b5,2604,E1_ROLLING,RR-INTERMITTENT/4,DT-RAMDE_TS2_FULL,4,COMPLETE,INCLUDED,0.8854362755799794,0.9752407651265365,,0
r8c-2605-a4b390e5b61b8f0b,2605,E1_ROLLING,RR-INTERMITTENT/4,MATCHED_FIXED_DE_PARETO,4,COMPLETE,INCLUDED,0.7160231017091078,0.9471111935188441,,0
r8c-2606-1104ac65050f4629,2606,E1_ROLLING,RR-INTERMITTENT/4,MATCHED_JDE_STYLE_PARETO,4,COMPLETE,INCLUDED,0.7321196391418432,0.9681995949744702,,0
r8c-2607-92fc45b66b70f427,2607,E1_ROLLING,RR-INTERMITTENT/4,MATCHED_SHADE_STYLE_PARETO,4,COMPLETE,INCLUDED,0.6584488307919636,0.9371772543813028,,0
r8c-2608-5fa772d468556278,2608,E1_ROLLING,RR-INTERMITTENT/4,JMETALPY_1_7_GDE3_STANDARD_PARETO_DE,4,COMPLETE,INCLUDED,0.7167261622960005,0.9480279096542024,,0
r8c-2609-04c3ef3ec968d2c2,2609,E1_ROLLING,RR-INTERMITTENT/4,JMETALPY_1_7_NSGAII_DYNAMIC_RESTART_BRIDGE,4,COMPLETE,INCLUDED,0.9414581591597277,0.9809642696022728,,0
r8c-2610-b63cb25ea242d435,2610,E1_ROLLING,RR-INTERMITTENT/5,DT-RAMDE_TS2_FULL,0,COMPLETE,INCLUDED,0.8512587701879972,0.9443182183641546,,0
r8c-2611-6b37f074a07b1bd0,2611,E1_ROLLING,RR-INTERMITTENT/5,MATCHED_FIXED_DE_PARETO,0,COMPLETE,INCLUDED,0.6941852538424799,0.920517319817308,,0
r8c-2612-66aadb0cb87e9d07,2612,E1_ROLLING,RR-INTERMITTENT/5,MATCHED_JDE_STYLE_PARETO,0,COMPLETE,INCLUDED,0.6849138669218873,0.9347104149792698,,0
r8c-2613-a602873a7a765523,2613,E1_ROLLING,RR-INTERMITTENT/5,MATCHED_SHADE_STYLE_PARETO,0,COMPLETE,INCLUDED,0.650230932629743,0.9041184701374375,,0
r8c-2614-34700e9aea1594e1,2614,E1_ROLLING,RR-INTERMITTENT/5,JMETALPY_1_7_GDE3_STANDARD_PARETO_DE,0,COMPLETE,INCLUDED,0.6935811528928731,0.9214282566900017,,0
r8c-2615-ff79a27bc93f8a41,2615,E1_ROLLING,RR-INTERMITTENT/5,JMETALPY_1_7_NSGAII_DYNAMIC_RESTART_BRIDGE,0,COMPLETE,INCLUDED,0.9062683183786218,0.9420608549169328,,0
r8c-2616-7fd5b34c05624a0a,2616,E1_ROLLING,RR-INTERMITTENT/5,DT-RAMDE_TS2_FULL,1,COMPLETE,INCLUDED,0.8224934851159326,0.9373112984240926,,0
r8c-2617-25ff7ef783b24e7a,2617,E1_ROLLING,RR-INTERMITTENT/5,MATCHED_FIXED_DE_PARETO,1,COMPLETE,INCLUDED,0.7099659343415581,0.9217319698057695,,0
r8c-2618-36076f4ea23a24ef,2618,E1_ROLLING,RR-INTERMITTENT/5,MATCHED_JDE_STYLE_PARETO,1,COMPLETE,INCLUDED,0.6964128003056689,0.9343089775343627,,0
r8c-2619-771e706bc6463a9a,2619,E1_ROLLING,RR-INTERMITTENT/5,MATCHED_SHADE_STYLE_PARETO,1,COMPLETE,INCLUDED,0.6512027942411773,0.9030268332449591,,0
r8c-2620-e5dc8c6f9c76ccad,2620,E1_ROLLING,RR-INTERMITTENT/5,JMETALPY_1_7_GDE3_STANDARD_PARETO_DE,1,COMPLETE,INCLUDED,0.6996231486492133,0.9163407601735974,,0
r8c-2621-712c4a10e0dd0b53,2621,E1_ROLLING,RR-INTERMITTENT/5,JMETALPY_1_7_NSGAII_DYNAMIC_RESTART_BRIDGE,1,COMPLETE,INCLUDED,0.9124408937261513,0.9496951073401849,,0
r8c-2622-54509cb865849d04,2622,E1_ROLLING,RR-INTERMITTENT/5,DT-RAMDE_TS2_FULL,2,COMPLETE,INCLUDED,0.8354023291344314,0.9385880191426494,,0
r8c-2623-31e570f1ea5dde32,2623,E1_ROLLING,RR-INTERMITTENT/5,MATCHED_FIXED_DE_PARETO,2,COMPLETE,INCLUDED,0.6918512790983055,0.9160307178647453,,0
r8c-2624-ecc13ad269f7545f,2624,E1_ROLLING,RR-INTERMITTENT/5,MATCHED_JDE_STYLE_PARETO,2,COMPLETE,INCLUDED,0.7027435723314432,0.9369097435859481,,0
r8c-2625-f419efa76ea8a911,2625,E1_ROLLING,RR-INTERMITTENT/5,MATCHED_SHADE_STYLE_PARETO,2,COMPLETE,INCLUDED,0.6309348563907166,0.9004561840052128,,0
r8c-2626-c306a728d6afcf88,2626,E1_ROLLING,RR-INTERMITTENT/5,JMETALPY_1_7_GDE3_STANDARD_PARETO_DE,2,COMPLETE,INCLUDED,0.7013070578529594,0.9144097980452022,,0
r8c-2627-fb02637fa52f914a,2627,E1_ROLLING,RR-INTERMITTENT/5,JMETALPY_1_7_NSGAII_DYNAMIC_RESTART_BRIDGE,2,COMPLETE,INCLUDED,0.9064899552542218,0.947527196707466,,0
r8c-2628-fdf0defacf9dd18d,2628,E1_ROLLING,RR-INTERMITTENT/5,DT-RAMDE_TS2_FULL,3,COMPLETE,INCLUDED,0.8266488714524576,0.9369289612203433,,0
r8c-2629-11f641ad826e4c9f,2629,E1_ROLLING,RR-INTERMITTENT/5,MATCHED_FIXED_DE_PARETO,3,COMPLETE,INCLUDED,0.7085355443358774,0.9213845421688667,,0
r8c-2630-e5b0654dfd32e50f,2630,E1_ROLLING,RR-INTERMITTENT/5,MATCHED_JDE_STYLE_PARETO,3,COMPLETE,INCLUDED,0.7094077017796311,0.93117043083709,,0
r8c-2631-4126cff98ae0fa53,2631,E1_ROLLING,RR-INTERMITTENT/5,MATCHED_SHADE_STYLE_PARETO,3,COMPLETE,INCLUDED,0.628760649287174,0.8958843732189574,,0
r8c-2632-7800463e115f23cc,2632,E1_ROLLING,RR-INTERMITTENT/5,JMETALPY_1_7_GDE3_STANDARD_PARETO_DE,3,COMPLETE,INCLUDED,0.6932832557432341,0.9221379969528183,,0
r8c-2633-f4f278f9abf6512a,2633,E1_ROLLING,RR-INTERMITTENT/5,JMETALPY_1_7_NSGAII_DYNAMIC_RESTART_BRIDGE,3,COMPLETE,INCLUDED,0.9166008050912577,0.9546834849739664,,0
r8c-2634-285df0b7293ded70,2634,E1_ROLLING,RR-INTERMITTENT/5,DT-RAMDE_TS2_FULL,4,COMPLETE,INCLUDED,0.8375537965333602,0.9435980802379577,,0
r8c-2635-e76c1633d57d4382,2635,E1_ROLLING,RR-INTERMITTENT/5,MATCHED_FIXED_DE_PARETO,4,COMPLETE,INCLUDED,0.7023598135647584,0.9226908123313038,,0
r8c-2636-ac4d6be9353f941c,2636,E1_ROLLING,RR-INTERMITTENT/5,MATCHED_JDE_STYLE_PARETO,4,COMPLETE,INCLUDED,0.7288566049354521,0.9368591882350227,,0
r8c-2637-015bde0abe1926cb,2637,E1_ROLLING,RR-INTERMITTENT/5,MATCHED_SHADE_STYLE_PARETO,4,COMPLETE,INCLUDED,0.652314340883142,0.8956025761600206,,0
r8c-2638-5d1f88a0ecd22b75,2638,E1_ROLLING,RR-INTERMITTENT/5,JMETALPY_1_7_GDE3_STANDARD_PARETO_DE,4,COMPLETE,INCLUDED,0.687585675911899,0.917597735787181,,0
r8c-2639-d7723780b5ec406b,2639,E1_ROLLING,RR-INTERMITTENT/5,JMETALPY_1_7_NSGAII_DYNAMIC_RESTART_BRIDGE,4,COMPLETE,INCLUDED,0.90343559589864,0.939430832927793,,0
r8c-2640-b4a9d1f28b71e42e,2640,E1_ROLLING,RR-INTERMITTENT/6,DT-RAMDE_TS2_FULL,0,COMPLETE,INCLUDED,0.9248453259472477,0.9802843809255103,,0
r8c-2641-b603b0db6e1484ef,2641,E1_ROLLING,RR-INTERMITTENT/6,MATCHED_FIXED_DE_PARETO,0,COMPLETE,INCLUDED,0.8357854157181457,0.9633544275238929,,0
r8c-2642-86241069bba0c84b,2642,E1_ROLLING,RR-INTERMITTENT/6,MATCHED_JDE_STYLE_PARETO,0,COMPLETE,INCLUDED,0.836266110935199,0.9720236387800429,,0
r8c-2643-1592ff54f9779b3f,2643,E1_ROLLING,RR-INTERMITTENT/6,MATCHED_SHADE_STYLE_PARETO,0,COMPLETE,INCLUDED,0.8101111008490101,0.9618234650983751,,0
r8c-2644-55d15e82f34e75b6,2644,E1_ROLLING,RR-INTERMITTENT/6,JMETALPY_1_7_GDE3_STANDARD_PARETO_DE,0,COMPLETE,INCLUDED,0.8350672316854524,0.964469213061389,,0
r8c-2645-2cc991492460853d,2645,E1_ROLLING,RR-INTERMITTENT/6,JMETALPY_1_7_NSGAII_DYNAMIC_RESTART_BRIDGE,0,COMPLETE,INCLUDED,0.9550413608303092,0.9853839341060778,,0
r8c-2646-70657db053cf8fe1,2646,E1_ROLLING,RR-INTERMITTENT/6,DT-RAMDE_TS2_FULL,1,COMPLETE,INCLUDED,0.9250957098860042,0.9800666319429437,,0
r8c-2647-e02421ffe79caa6c,2647,E1_ROLLING,RR-INTERMITTENT/6,MATCHED_FIXED_DE_PARETO,1,COMPLETE,INCLUDED,0.842330969213718,0.9627988136828993,,0
r8c-2648-677401216af8da31,2648,E1_ROLLING,RR-INTERMITTENT/6,MATCHED_JDE_STYLE_PARETO,1,COMPLETE,INCLUDED,0.8535685918202924,0.9707376487347043,,0
r8c-2649-c25ad44d38dd430f,2649,E1_ROLLING,RR-INTERMITTENT/6,MATCHED_SHADE_STYLE_PARETO,1,COMPLETE,INCLUDED,0.8238014291849411,0.9636874167230814,,0
r8c-2650-6863b967b3129e23,2650,E1_ROLLING,RR-INTERMITTENT/6,JMETALPY_1_7_GDE3_STANDARD_PARETO_DE,1,COMPLETE,INCLUDED,0.8464610006225806,0.9626357738221053,,0
r8c-2651-21f41e2a76b20387,2651,E1_ROLLING,RR-INTERMITTENT/6,JMETALPY_1_7_NSGAII_DYNAMIC_RESTART_BRIDGE,1,COMPLETE,INCLUDED,0.954806119501578,0.9849250218255117,,0
r8c-2652-0595fc12f97f44fc,2652,E1_ROLLING,RR-INTERMITTENT/6,DT-RAMDE_TS2_FULL,2,COMPLETE,INCLUDED,0.9438963967177207,0.9834841226313701,,0
r8c-2653-5436aed6509f032a,2653,E1_ROLLING,RR-INTERMITTENT/6,MATCHED_FIXED_DE_PARETO,2,COMPLETE,INCLUDED,0.8355591358533999,0.9641706106517143,,0
r8c-2654-a777d3ecaebc9901,2654,E1_ROLLING,RR-INTERMITTENT/6,MATCHED_JDE_STYLE_PARETO,2,COMPLETE,INCLUDED,0.8505976215267756,0.9732282055558562,,0
r8c-2655-f8ddae0031f66ed2,2655,E1_ROLLING,RR-INTERMITTENT/6,MATCHED_SHADE_STYLE_PARETO,2,COMPLETE,INCLUDED,0.824083235796734,0.9583365057794404,,0
r8c-2656-783bac741ee8bc4d,2656,E1_ROLLING,RR-INTERMITTENT/6,JMETALPY_1_7_GDE3_STANDARD_PARETO_DE,2,COMPLETE,INCLUDED,0.8370214650457626,0.9621495260202554,,0
r8c-2657-577eea5714fd4a95,2657,E1_ROLLING,RR-INTERMITTENT/6,JMETALPY_1_7_NSGAII_DYNAMIC_RESTART_BRIDGE,2,COMPLETE,INCLUDED,0.9550399292439774,0.9839633483995701,,0
r8c-2658-908c77033c43ed88,2658,E1_ROLLING,RR-INTERMITTENT/6,DT-RAMDE_TS2_FULL,3,COMPLETE,INCLUDED,0.9333267246151863,0.9814860560056664,,0
r8c-2659-b81100c14d8cebc4,2659,E1_ROLLING,RR-INTERMITTENT/6,MATCHED_FIXED_DE_PARETO,3,COMPLETE,INCLUDED,0.8466717366459966,0.9647944255850593,,0
r8c-2660-8a364cfa987b1656,2660,E1_ROLLING,RR-INTERMITTENT/6,MATCHED_JDE_STYLE_PARETO,3,COMPLETE,INCLUDED,0.836005155414167,0.9720874492843926,,0
r8c-2661-440b33677ee2b8a0,2661,E1_ROLLING,RR-INTERMITTENT/6,MATCHED_SHADE_STYLE_PARETO,3,COMPLETE,INCLUDED,0.8121828415442108,0.9597953101915337,,0
r8c-2662-6bc676c38c39e000,2662,E1_ROLLING,RR-INTERMITTENT/6,JMETALPY_1_7_GDE3_STANDARD_PARETO_DE,3,COMPLETE,INCLUDED,0.8369891482324583,0.963783756395103,,0
r8c-2663-c05d4a465e176c7d,2663,E1_ROLLING,RR-INTERMITTENT/6,JMETALPY_1_7_NSGAII_DYNAMIC_RESTART_BRIDGE,3,COMPLETE,INCLUDED,0.952089105160009,0.9836099110586083,,0
r8c-2664-40e94fdeea4ae215,2664,E1_ROLLING,RR-INTERMITTENT/6,DT-RAMDE_TS2_FULL,4,COMPLETE,INCLUDED,0.930818761292576,0.9795273817354687,,0
r8c-2665-296ce4c959e32b8e,2665,E1_ROLLING,RR-INTERMITTENT/6,MATCHED_FIXED_DE_PARETO,4,COMPLETE,INCLUDED,0.8400544105880481,0.9643505120326177,,0
r8c-2666-7a03ec81d1048681,2666,E1_ROLLING,RR-INTERMITTENT/6,MATCHED_JDE_STYLE_PARETO,4,COMPLETE,INCLUDED,0.8382934552651143,0.9741515879211704,,0
r8c-2667-87c9feb436035593,2667,E1_ROLLING,RR-INTERMITTENT/6,MATCHED_SHADE_STYLE_PARETO,4,COMPLETE,INCLUDED,0.814520347132636,0.9616288545065487,,0
r8c-2668-7aa9014cbdae8f34,2668,E1_ROLLING,RR-INTERMITTENT/6,JMETALPY_1_7_GDE3_STANDARD_PARETO_DE,4,COMPLETE,INCLUDED,0.8309224717288828,0.961146640201694,,0
r8c-2669-0664df2e91ca5f97,2669,E1_ROLLING,RR-INTERMITTENT/6,JMETALPY_1_7_NSGAII_DYNAMIC_RESTART_BRIDGE,4,COMPLETE,INCLUDED,0.9541701262547084,0.984440590713986,,0
r8c-2670-0e327b357881da89,2670,E1_ROLLING,RR-INTERMITTENT/7,DT-RAMDE_TS2_FULL,0,COMPLETE,INCLUDED,0.5374035855585437,0.6124770337166103,,0
r8c-2671-ea51ef485a7e0f41,2671,E1_ROLLING,RR-INTERMITTENT/7,MATCHED_FIXED_DE_PARETO,0,COMPLETE,INCLUDED,0.5211852282497121,0.627066798859183,,0
r8c-2672-e8813d635ca7365c,2672,E1_ROLLING,RR-INTERMITTENT/7,MATCHED_JDE_STYLE_PARETO,0,COMPLETE,INCLUDED,0.5055559200320491,0.6331027271289481,,0
r8c-2673-2609195d3caada40,2673,E1_ROLLING,RR-INTERMITTENT/7,MATCHED_SHADE_STYLE_PARETO,0,COMPLETE,INCLUDED,0.49859537112854085,0.6211763655889884,,0
r8c-2674-3ec62e64497480f2,2674,E1_ROLLING,RR-INTERMITTENT/7,JMETALPY_1_7_GDE3_STANDARD_PARETO_DE,0,COMPLETE,INCLUDED,0.5187513426595001,0.6338377680708331,,0
r8c-2675-f3a7e0a5448406e4,2675,E1_ROLLING,RR-INTERMITTENT/7,JMETALPY_1_7_NSGAII_DYNAMIC_RESTART_BRIDGE,0,COMPLETE,INCLUDED,0.5611027138200634,0.6034547174326537,,0
r8c-2676-37611fc717b43848,2676,E1_ROLLING,RR-INTERMITTENT/7,DT-RAMDE_TS2_FULL,1,COMPLETE,INCLUDED,0.5279033868278245,0.609409724240006,,0
r8c-2677-67ef88d9c837e680,2677,E1_ROLLING,RR-INTERMITTENT/7,MATCHED_FIXED_DE_PARETO,1,COMPLETE,INCLUDED,0.5141653453317313,0.6260382900388428,,0
r8c-2678-ac5d4932143dca41,2678,E1_ROLLING,RR-INTERMITTENT/7,MATCHED_JDE_STYLE_PARETO,1,COMPLETE,INCLUDED,0.5126247848319203,0.6311242846210864,,0
r8c-2679-ed83ed18e620f945,2679,E1_ROLLING,RR-INTERMITTENT/7,MATCHED_SHADE_STYLE_PARETO,1,COMPLETE,INCLUDED,0.4791590125649624,0.6259435555862574,,0
r8c-2680-1979917ab07ab758,2680,E1_ROLLING,RR-INTERMITTENT/7,JMETALPY_1_7_GDE3_STANDARD_PARETO_DE,1,COMPLETE,INCLUDED,0.5174157276147581,0.6323986594209788,,0
r8c-2681-77d638aa22d6262b,2681,E1_ROLLING,RR-INTERMITTENT/7,JMETALPY_1_7_NSGAII_DYNAMIC_RESTART_BRIDGE,1,COMPLETE,INCLUDED,0.6077796180140512,0.6311426510496103,,0
r8c-2682-d21150936ce7e8bd,2682,E1_ROLLING,RR-INTERMITTENT/7,DT-RAMDE_TS2_FULL,2,COMPLETE,INCLUDED,0.5201417161333597,0.6094367725821046,,0
r8c-2683-819d8ec24f431372,2683,E1_ROLLING,RR-INTERMITTENT/7,MATCHED_FIXED_DE_PARETO,2,COMPLETE,INCLUDED,0.5155312313687836,0.6325633661170638,,0
r8c-2684-b7206faf28f94e73,2684,E1_ROLLING,RR-INTERMITTENT/7,MATCHED_JDE_STYLE_PARETO,2,COMPLETE,INCLUDED,0.506717916514637,0.6279355441893674,,0
r8c-2685-408c1880e2dc4fd8,2685,E1_ROLLING,RR-INTERMITTENT/7,MATCHED_SHADE_STYLE_PARETO,2,COMPLETE,INCLUDED,0.4948070554752064,0.6268267023797274,,0
r8c-2686-ddce4c2c8a47669e,2686,E1_ROLLING,RR-INTERMITTENT/7,JMETALPY_1_7_GDE3_STANDARD_PARETO_DE,2,COMPLETE,INCLUDED,0.516754269424825,0.6317688403792502,,0
r8c-2687-ac3d7a28d9cc8b87,2687,E1_ROLLING,RR-INTERMITTENT/7,JMETALPY_1_7_NSGAII_DYNAMIC_RESTART_BRIDGE,2,COMPLETE,INCLUDED,0.5868407975849071,0.6204577681351924,,0
r8c-2688-7951118eab0c066c,2688,E1_ROLLING,RR-INTERMITTENT/7,DT-RAMDE_TS2_FULL,3,COMPLETE,INCLUDED,0.538427851227345,0.6108417612858885,,0
r8c-2689-2542354ba7f875df,2689,E1_ROLLING,RR-INTERMITTENT/7,MATCHED_FIXED_DE_PARETO,3,COMPLETE,INCLUDED,0.5081600436518103,0.6318984087755075,,0
r8c-2690-a8c995255f00c915,2690,E1_ROLLING,RR-INTERMITTENT/7,MATCHED_JDE_STYLE_PARETO,3,COMPLETE,INCLUDED,0.5090754297455641,0.6349742789433306,,0
r8c-2691-6e7c256f653cf67e,2691,E1_ROLLING,RR-INTERMITTENT/7,MATCHED_SHADE_STYLE_PARETO,3,COMPLETE,INCLUDED,0.4901152463330229,0.6298910281705656,,0
r8c-2692-aad35c672889fe26,2692,E1_ROLLING,RR-INTERMITTENT/7,JMETALPY_1_7_GDE3_STANDARD_PARETO_DE,3,COMPLETE,INCLUDED,0.5135288971110745,0.6336607576320208,,0
r8c-2693-9edc2c34b68ac874,2693,E1_ROLLING,RR-INTERMITTENT/7,JMETALPY_1_7_NSGAII_DYNAMIC_RESTART_BRIDGE,3,COMPLETE,INCLUDED,0.5800963072598084,0.6170549766727249,,0
r8c-2694-fca069b0f249bb86,2694,E1_ROLLING,RR-INTERMITTENT/7,DT-RAMDE_TS2_FULL,4,COMPLETE,INCLUDED,0.5429246969458421,0.6133636296995624,,0
r8c-2695-c4d7433956c2cd97,2695,E1_ROLLING,RR-INTERMITTENT/7,MATCHED_FIXED_DE_PARETO,4,COMPLETE,INCLUDED,0.5168814545339488,0.6316005676994196,,0
r8c-2696-ad67487c5b4470b9,2696,E1_ROLLING,RR-INTERMITTENT/7,MATCHED_JDE_STYLE_PARETO,4,COMPLETE,INCLUDED,0.5083720890467138,0.6315861074979847,,0
r8c-2697-a49b7fab1a479e4c,2697,E1_ROLLING,RR-INTERMITTENT/7,MATCHED_SHADE_STYLE_PARETO,4,COMPLETE,INCLUDED,0.4970223441603232,0.6314004229194486,,0
r8c-2698-ab839449b74e081c,2698,E1_ROLLING,RR-INTERMITTENT/7,JMETALPY_1_7_GDE3_STANDARD_PARETO_DE,4,COMPLETE,INCLUDED,0.5169416289620121,0.6316646793992637,,0
r8c-2699-7c6507a067ae2f79,2699,E1_ROLLING,RR-INTERMITTENT/7,JMETALPY_1_7_NSGAII_DYNAMIC_RESTART_BRIDGE,4,COMPLETE,INCLUDED,0.6117348325226657,0.6331702744564125,,0
r8c-2700-3b05949e953a0e17,2700,E2_DYNAMIC_INCREMENTAL_AFTER_FULL_REUSE,CDF1/CDF-HARSH,NO_CROSS_EVENT_MEMORY,0,COMPLETE,INCLUDED,0.5262256689398573,0.6807498482151625,0.18000217866670148,0
r8c-2701-eebb20febba0d912,2701,E2_DYNAMIC_INCREMENTAL_AFTER_FULL_REUSE,CDF1/CDF-HARSH,NO_REJECTION_CREDIT,0,COMPLETE,INCLUDED,0.6713525783883268,0.7024612396048074,0.5849137040986592,0
r8c-2702-da15d9314ace911b,2702,E2_DYNAMIC_INCREMENTAL_AFTER_FULL_REUSE,CDF1/CDF-HARSH,NO_MEMORY_RESET_GATE,0,COMPLETE,INCLUDED,0.6721092275020604,0.7023552029045094,0.5860325073668873,0
r8c-2703-d4b483ec46f4dfe5,2703,E2_DYNAMIC_INCREMENTAL_AFTER_FULL_REUSE,CDF1/CDF-HARSH,NO_LINEAGE_CREDIT,0,COMPLETE,INCLUDED,0.6766998043053438,0.7071823558791591,0.5885416817117323,0
r8c-2704-8f85c7a550c245cd,2704,E2_DYNAMIC_INCREMENTAL_AFTER_FULL_REUSE,CDF1/CDF-HARSH,CROSS_EVENT_WARM_START_ONLY,0,COMPLETE,INCLUDED,0.6733115401466819,0.7070747486728287,0.5813959703549303,0
r8c-2705-6f27d711ca25c02a,2705,E2_DYNAMIC_INCREMENTAL_AFTER_FULL_REUSE,CDF1/CDF-HARSH,CROSS_EVENT_MEMORY_ONLY,0,COMPLETE,INCLUDED,0.5049118021509852,0.6752470358983084,0.153449042854627,0
r8c-2706-f9b689c449ced358,2706,E2_DYNAMIC_INCREMENTAL_AFTER_FULL_REUSE,CDF1/CDF-HARSH,SHADE_ONLY,0,COMPLETE,INCLUDED,0.5200710323405506,0.6854760206533357,0.16443595624648338,0
r8c-2707-a29f27a563aadf93,2707,E2_DYNAMIC_INCREMENTAL_AFTER_FULL_REUSE,CDF1/CDF-HARSH,NO_CROSS_EVENT_MEMORY,1,COMPLETE,INCLUDED,0.5206264084138695,0.679238990905027,0.17234556878750948,0
r8c-2708-55c5c612108b2459,2708,E2_DYNAMIC_INCREMENTAL_AFTER_FULL_REUSE,CDF1/CDF-HARSH,NO_REJECTION_CREDIT,1,COMPLETE,INCLUDED,0.6690531388304323,0.6995425124277224,0.582575321492199,0
r8c-2709-238c86f59bfa525b,2709,E2_DYNAMIC_INCREMENTAL_AFTER_FULL_REUSE,CDF1/CDF-HARSH,NO_MEMORY_RESET_GATE,1,COMPLETE,INCLUDED,0.6748581500434522,0.7041480876170924,0.5879536196676901,0
r8c-2710-6f0a35b92004e3d4,2710,E2_DYNAMIC_INCREMENTAL_AFTER_FULL_REUSE,CDF1/CDF-HARSH,NO_LINEAGE_CREDIT,1,COMPLETE,INCLUDED,0.678373563218276,0.7086238313522438,0.5853173542470183,0
r8c-2711-ebc08daec3d414bf,2711,E2_DYNAMIC_INCREMENTAL_AFTER_FULL_REUSE,CDF1/CDF-HARSH,CROSS_EVENT_WARM_START_ONLY,1,COMPLETE,INCLUDED,0.6732954839121741,0.7067208833070512,0.5830419634645105,0
r8c-2712-5352b31a4239e2aa,2712,E2_DYNAMIC_INCREMENTAL_AFTER_FULL_REUSE,CDF1/CDF-HARSH,CROSS_EVENT_MEMORY_ONLY,1,COMPLETE,INCLUDED,0.5134312740680043,0.679382742922258,0.15973061025352783,0
r8c-2713-526ca4f428dc644d,2713,E2_DYNAMIC_INCREMENTAL_AFTER_FULL_REUSE,CDF1/CDF-HARSH,SHADE_ONLY,1,COMPLETE,INCLUDED,0.5230472355593893,0.6861095492444621,0.17151294608397194,0
r8c-2714-cd411854b3b36aab,2714,E2_DYNAMIC_INCREMENTAL_AFTER_FULL_REUSE,CDF1/CDF-HARSH,NO_CROSS_EVENT_MEMORY,2,COMPLETE,INCLUDED,0.525917799821761,0.6800078139604236,0.18135414868508082,0
r8c-2715-4bdae3b0b260f6a8,2715,E2_DYNAMIC_INCREMENTAL_AFTER_FULL_REUSE,CDF1/CDF-HARSH,NO_REJECTION_CREDIT,2,COMPLETE,INCLUDED,0.674770295676845,0.7057324195411571,0.5866747358718936,0
r8c-2716-6d76345f086f1759,2716,E2_DYNAMIC_INCREMENTAL_AFTER_FULL_REUSE,CDF1/CDF-HARSH,NO_MEMORY_RESET_GATE,2,COMPLETE,INCLUDED,0.6729451758235433,0.7040346399550445,0.586744405114867,0
r8c-2717-920c47a81aae4f6a,2717,E2_DYNAMIC_INCREMENTAL_AFTER_FULL_REUSE,CDF1/CDF-HARSH,NO_LINEAGE_CREDIT,2,COMPLETE,INCLUDED,0.6730888309250169,0.7032776309624829,0.5861423711915307,0
r8c-2718-39d49ca63833895e,2718,E2_DYNAMIC_INCREMENTAL_AFTER_FULL_REUSE,CDF1/CDF-HARSH,CROSS_EVENT_WARM_START_ONLY,2,COMPLETE,INCLUDED,0.6737243921587586,0.7065965972497401,0.5835570564579383,0
r8c-2719-02f4a4f3d17e6d14,2719,E2_DYNAMIC_INCREMENTAL_AFTER_FULL_REUSE,CDF1/CDF-HARSH,CROSS_EVENT_MEMORY_ONLY,2,COMPLETE,INCLUDED,0.516943601659887,0.6793636604336027,0.17319630445166084,0
r8c-2720-96047d21270eaf0c,2720,E2_DYNAMIC_INCREMENTAL_AFTER_FULL_REUSE,CDF1/CDF-HARSH,SHADE_ONLY,2,COMPLETE,INCLUDED,0.5270109703666744,0.6856359749746126,0.17503481798781345,0
r8c-2721-75cc9bf7d52300c0,2721,E2_DYNAMIC_INCREMENTAL_AFTER_FULL_REUSE,CDF1/CDF-HARSH,NO_CROSS_EVENT_MEMORY,3,COMPLETE,INCLUDED,0.5223878933554104,0.6790709524609996,0.17321953448081556,0
r8c-2722-29d6b414308d00f3,2722,E2_DYNAMIC_INCREMENTAL_AFTER_FULL_REUSE,CDF1/CDF-HARSH,NO_REJECTION_CREDIT,3,COMPLETE,INCLUDED,0.6681715724762173,0.6998447625437648,0.5810378895630104,0
r8c-2723-d0b2880208e08de6,2723,E2_DYNAMIC_INCREMENTAL_AFTER_FULL_REUSE,CDF1/CDF-HARSH,NO_MEMORY_RESET_GATE,3,COMPLETE,INCLUDED,0.6645859384966581,0.6950331137936785,0.5789553088430921,0
r8c-2724-11dc443205c0bf52,2724,E2_DYNAMIC_INCREMENTAL_AFTER_FULL_REUSE,CDF1/CDF-HARSH,NO_LINEAGE_CREDIT,3,COMPLETE,INCLUDED,0.6700449385589173,0.7002551673777019,0.5836299608686734,0
r8c-2725-1ad191b3b4d14162,2725,E2_DYNAMIC_INCREMENTAL_AFTER_FULL_REUSE,CDF1/CDF-HARSH,CROSS_EVENT_WARM_START_ONLY,3,COMPLETE,INCLUDED,0.6728215575673101,0.7068298713397709,0.5813040299637181,0
r8c-2726-8d538f99d246e212,2726,E2_DYNAMIC_INCREMENTAL_AFTER_FULL_REUSE,CDF1/CDF-HARSH,CROSS_EVENT_MEMORY_ONLY,3,COMPLETE,INCLUDED,0.5111586520603474,0.6803876939492232,0.15138929921733432,0
r8c-2727-832669f29f180401,2727,E2_DYNAMIC_INCREMENTAL_AFTER_FULL_REUSE,CDF1/CDF-HARSH,SHADE_ONLY,3,COMPLETE,INCLUDED,0.5205265491236953,0.684529689992978,0.16473991756551384,0
r8c-2728-5264da246f34e1eb,2728,E2_DYNAMIC_INCREMENTAL_AFTER_FULL_REUSE,CDF1/CDF-HARSH,NO_CROSS_EVENT_MEMORY,4,COMPLETE,INCLUDED,0.5203373081284774,0.680096623156544,0.1680013738606469,0
r8c-2729-6c9d608938e13899,2729,E2_DYNAMIC_INCREMENTAL_AFTER_FULL_REUSE,CDF1/CDF-HARSH,NO_REJECTION_CREDIT,4,COMPLETE,INCLUDED,0.6713679882736098,0.7035970124567064,0.5809711439864258,0
r8c-2730-2846aaeb006151e2,2730,E2_DYNAMIC_INCREMENTAL_AFTER_FULL_REUSE,CDF1/CDF-HARSH,NO_MEMORY_RESET_GATE,4,COMPLETE,INCLUDED,0.6640045867560167,0.6941306942326536,0.5782620065716697,0
r8c-2731-26f3f2d4e1d455b1,2731,E2_DYNAMIC_INCREMENTAL_AFTER_FULL_REUSE,CDF1/CDF-HARSH,NO_LINEAGE_CREDIT,4,COMPLETE,INCLUDED,0.6740911041766061,0.7052085925224608,0.5856526358761921,0
r8c-2732-d01fe4955d3bb0f1,2732,E2_DYNAMIC_INCREMENTAL_AFTER_FULL_REUSE,CDF1/CDF-HARSH,CROSS_EVENT_WARM_START_ONLY,4,COMPLETE,INCLUDED,0.6739242125240319,0.7076683833818339,0.5833122874925996,0
r8c-2733-1523abd6177ab878,2733,E2_DYNAMIC_INCREMENTAL_AFTER_FULL_REUSE,CDF1/CDF-HARSH,CROSS_EVENT_MEMORY_ONLY,4,COMPLETE,INCLUDED,0.5146311513822285,0.6787516949164709,0.1666573684309186,0
r8c-2734-3b281d97ac5d581f,2734,E2_DYNAMIC_INCREMENTAL_AFTER_FULL_REUSE,CDF1/CDF-HARSH,SHADE_ONLY,4,COMPLETE,INCLUDED,0.5192239839957598,0.6852469782662672,0.16182282910137066,0
r8c-2735-ad111c29c40a77e6,2735,E2_DYNAMIC_INCREMENTAL_AFTER_FULL_REUSE,CDF1/CDF-MILD,NO_CROSS_EVENT_MEMORY,0,COMPLETE,INCLUDED,0.5222436841024444,0.6804144205434166,0.17034190652266518,0
r8c-2736-cbe7bb608b2ed5de,2736,E2_DYNAMIC_INCREMENTAL_AFTER_FULL_REUSE,CDF1/CDF-MILD,NO_REJECTION_CREDIT,0,COMPLETE,INCLUDED,0.680981968046948,0.7096219201551425,0.5963595263032029,0
r8c-2737-dddfb6dcea7ea3de,2737,E2_DYNAMIC_INCREMENTAL_AFTER_FULL_REUSE,CDF1/CDF-MILD,NO_MEMORY_RESET_GATE,0,COMPLETE,INCLUDED,0.6758653519562647,0.7044491545611261,0.5939047642462926,0
r8c-2738-fa467c7907e52d6f,2738,E2_DYNAMIC_INCREMENTAL_AFTER_FULL_REUSE,CDF1/CDF-MILD,NO_LINEAGE_CREDIT,0,COMPLETE,INCLUDED,0.679645044634823,0.7074663108611843,0.5961409463021572,0
r8c-2739-4c90b260abe1a374,2739,E2_DYNAMIC_INCREMENTAL_AFTER_FULL_REUSE,CDF1/CDF-MILD,CROSS_EVENT_WARM_START_ONLY,0,COMPLETE,INCLUDED,0.676906121551159,0.7081271280033444,0.5901292735389788,0
r8c-2740-f818ae94a1f182de,2740,E2_DYNAMIC_INCREMENTAL_AFTER_FULL_REUSE,CDF1/CDF-MILD,CROSS_EVENT_MEMORY_ONLY,0,COMPLETE,INCLUDED,0.5072299262060549,0.6785168005462757,0.15463142913471112,0
r8c-2741-97a019ff691ae441,2741,E2_DYNAMIC_INCREMENTAL_AFTER_FULL_REUSE,CDF1/CDF-MILD,SHADE_ONLY,0,COMPLETE,INCLUDED,0.5225506441289682,0.6853302220671126,0.16890362364532782,0
r8c-2742-a619fb05d4138593,2742,E2_DYNAMIC_INCREMENTAL_AFTER_FULL_REUSE,CDF1/CDF-MILD,NO_CROSS_EVENT_MEMORY,1,COMPLETE,INCLUDED,0.5210733876278955,0.6801395461924291,0.16875914275669884,0
r8c-2743-d2968e5f24ab9a96,2743,E2_DYNAMIC_INCREMENTAL_AFTER_FULL_REUSE,CDF1/CDF-MILD,NO_REJECTION_CREDIT,1,COMPLETE,INCLUDED,0.6789409371355478,0.7081043617177494,0.5956491296743751,0
r8c-2744-3db5cb412c61bf1b,2744,E2_DYNAMIC_INCREMENTAL_AFTER_FULL_REUSE,CDF1/CDF-MILD,NO_MEMORY_RESET_GATE,1,COMPLETE,INCLUDED,0.6771473811956912,0.7041507652576482,0.5944955102094904,0
r8c-2745-f4f9afd2dfab04a0,2745,E2_DYNAMIC_INCREMENTAL_AFTER_FULL_REUSE,CDF1/CDF-MILD,NO_LINEAGE_CREDIT,1,COMPLETE,INCLUDED,0.6824992292687445,0.7100212684263469,0.5971956113085812,0
r8c-2746-da4f2b118e21b4b3,2746,E2_DYNAMIC_INCREMENTAL_AFTER_FULL_REUSE,CDF1/CDF-MILD,CROSS_EVENT_WARM_START_ONLY,1,COMPLETE,INCLUDED,0.6772146204238485,0.7079519950357328,0.5906360984645477,0
r8c-2747-9e1f7a0c51c1c709,2747,E2_DYNAMIC_INCREMENTAL_AFTER_FULL_REUSE,CDF1/CDF-MILD,CROSS_EVENT_MEMORY_ONLY,1,COMPLETE,INCLUDED,0.504883559793843,0.6754530629810919,0.1531195889296729,0
r8c-2748-387fa34209848726,2748,E2_DYNAMIC_INCREMENTAL_AFTER_FULL_REUSE,CDF1/CDF-MILD,SHADE_ONLY,1,COMPLETE,INCLUDED,0.5224999526068932,0.6860593279334817,0.1735875193715198,0
r8c-2749-5a3f0d16a1877f65,2749,E2_DYNAMIC_INCREMENTAL_AFTER_FULL_REUSE,CDF1/CDF-MILD,NO_CROSS_EVENT_MEMORY,2,COMPLETE,INCLUDED,0.5195101090050197,0.6785421837170842,0.17469677177496867,0
r8c-2750-8e106e94d0642287,2750,E2_DYNAMIC_INCREMENTAL_AFTER_FULL_REUSE,CDF1/CDF-MILD,NO_REJECTION_CREDIT,2,COMPLETE,INCLUDED,0.6798225135557047,0.7082561405053729,0.5961131862633587,0
r8c-2751-b93918226ff1414c,2751,E2_DYNAMIC_INCREMENTAL_AFTER_FULL_REUSE,CDF1/CDF-MILD,NO_MEMORY_RESET_GATE,2,COMPLETE,INCLUDED,0.6783632040071077,0.7077273418771616,0.5936476575666831,0
r8c-2752-0a7a4183c67e961d,2752,E2_DYNAMIC_INCREMENTAL_AFTER_FULL_REUSE,CDF1/CDF-MILD,NO_LINEAGE_CREDIT,2,COMPLETE,INCLUDED,0.6788001902264472,0.7057718389585055,0.5970193636848085,0
r8c-2753-0d3c273d2d3e9505,2753,E2_DYNAMIC_INCREMENTAL_AFTER_FULL_REUSE,CDF1/CDF-MILD,CROSS_EVENT_WARM_START_ONLY,2,COMPLETE,INCLUDED,0.6784264692939644,0.7083918950314074,0.5930941974312405,0
r8c-2754-c70a2417ffe62a95,2754,E2_DYNAMIC_INCREMENTAL_AFTER_FULL_REUSE,CDF1/CDF-MILD,CROSS_EVENT_MEMORY_ONLY,2,COMPLETE,INCLUDED,0.5214073640307394,0.6828787416022334,0.171638022621235,0
r8c-2755-2e44708487ae816c,2755,E2_DYNAMIC_INCREMENTAL_AFTER_FULL_REUSE,CDF1/CDF-MILD,SHADE_ONLY,2,COMPLETE,INCLUDED,0.5221183780617645,0.6842021278995399,0.16834236425991778,0
r8c-2756-8efd819697d2bb1f,2756,E2_DYNAMIC_INCREMENTAL_AFTER_FULL_REUSE,CDF1/CDF-MILD,NO_CROSS_EVENT_MEMORY,3,COMPLETE,INCLUDED,0.5207081145196195,0.6802342121130652,0.17037348838125033,0
r8c-2757-17338d08188bc5ee,2757,E2_DYNAMIC_INCREMENTAL_AFTER_FULL_REUSE,CDF1/CDF-MILD,NO_REJECTION_CREDIT,3,COMPLETE,INCLUDED,0.6814849477678576,0.7101963867124287,0.5944941752514766,0
r8c-2758-970a49c2d92a5bbf,2758,E2_DYNAMIC_INCREMENTAL_AFTER_FULL_REUSE,CDF1/CDF-MILD,NO_MEMORY_RESET_GATE,3,COMPLETE,INCLUDED,0.670351208920461,0.6979469584171147,0.5899870375739803,0
r8c-2759-e4958944b5ba0f1b,2759,E2_DYNAMIC_INCREMENTAL_AFTER_FULL_REUSE,CDF1/CDF-MILD,NO_LINEAGE_CREDIT,3,COMPLETE,INCLUDED,0.6755321258965908,0.7026849503385563,0.5937144734190671,0
r8c-2760-4f869ef53479f74a,2760,E2_DYNAMIC_INCREMENTAL_AFTER_FULL_REUSE,CDF1/CDF-MILD,CROSS_EVENT_WARM_START_ONLY,3,COMPLETE,INCLUDED,0.6758714727069307,0.7073678582689279,0.5885476119762346,0
r8c-2761-35ab330e7dd270f7,2761,E2_DYNAMIC_INCREMENTAL_AFTER_FULL_REUSE,CDF1/CDF-MILD,CROSS_EVENT_MEMORY_ONLY,3,COMPLETE,INCLUDED,0.5145059691239917,0.6808649592612617,0.15484598216320677,0
r8c-2762-e7a6634de12120d5,2762,E2_DYNAMIC_INCREMENTAL_AFTER_FULL_REUSE,CDF1/CDF-MILD,SHADE_ONLY,3,COMPLETE,INCLUDED,0.5239614429473776,0.6851474473909988,0.17659357812061888,0
r8c-2763-1c7e7bc53c10888c,2763,E2_DYNAMIC_INCREMENTAL_AFTER_FULL_REUSE,CDF1/CDF-MILD,NO_CROSS_EVENT_MEMORY,4,COMPLETE,INCLUDED,0.5220999200853297,0.6807053937855312,0.1724671752367633,0
r8c-2764-8990aafc5b8ee7a1,2764,E2_DYNAMIC_INCREMENTAL_AFTER_FULL_REUSE,CDF1/CDF-MILD,NO_REJECTION_CREDIT,4,COMPLETE,INCLUDED,0.6805789193649266,0.7095533202516443,0.5950552020967834,0
r8c-2765-8821c6c0b8b93063,2765,E2_DYNAMIC_INCREMENTAL_AFTER_FULL_REUSE,CDF1/CDF-MILD,NO_MEMORY_RESET_GATE,4,COMPLETE,INCLUDED,0.6776624317507802,0.7054059409135803,0.5935866541542169,0
r8c-2766-5765fa964d98082a,2766,E2_DYNAMIC_INCREMENTAL_AFTER_FULL_REUSE,CDF1/CDF-MILD,NO_LINEAGE_CREDIT,4,COMPLETE,INCLUDED,0.6809449406311241,0.7096843777332938,0.5960999034794208,0
r8c-2767-598b03e33b97e813,2767,E2_DYNAMIC_INCREMENTAL_AFTER_FULL_REUSE,CDF1/CDF-MILD,CROSS_EVENT_WARM_START_ONLY,4,COMPLETE,INCLUDED,0.6770541142169042,0.7077195306055308,0.591891383040179,0
r8c-2768-567c03b9176d5740,2768,E2_DYNAMIC_INCREMENTAL_AFTER_FULL_REUSE,CDF1/CDF-MILD,CROSS_EVENT_MEMORY_ONLY,4,COMPLETE,INCLUDED,0.5153802439923724,0.6801839629677952,0.16378444466731212,0
r8c-2769-255f0e5dc3ac3df2,2769,E2_DYNAMIC_INCREMENTAL_AFTER_FULL_REUSE,CDF1/CDF-MILD,SHADE_ONLY,4,COMPLETE,INCLUDED,0.5186221043681731,0.6862928775930428,0.16071058390532647,0
r8c-2770-f3bf5600d6f48548,2770,E2_DYNAMIC_INCREMENTAL_AFTER_FULL_REUSE,CDF2/CDF-HARSH,NO_CROSS_EVENT_MEMORY,0,COMPLETE,INCLUDED,0.14905391364038553,0.335945590312706,0.0015212112498258013,0
r8c-2771-e6e85a4e9c5bc362,2771,E2_DYNAMIC_INCREMENTAL_AFTER_FULL_REUSE,CDF2/CDF-HARSH,NO_REJECTION_CREDIT,0,COMPLETE,INCLUDED,0.3842180785492861,0.4609921662003114,0.24370013107413901,0
r8c-2772-cf5a242c4c60d865,2772,E2_DYNAMIC_INCREMENTAL_AFTER_FULL_REUSE,CDF2/CDF-HARSH,NO_MEMORY_RESET_GATE,0,COMPLETE,INCLUDED,0.3907394281459035,0.4585895511300676,0.24621670535019613,0
r8c-2773-87b26973529be611,2773,E2_DYNAMIC_INCREMENTAL_AFTER_FULL_REUSE,CDF2/CDF-HARSH,NO_LINEAGE_CREDIT,0,COMPLETE,INCLUDED,0.3796962973908757,0.45502824251888346,0.2300808467202368,0
r8c-2774-22599abce350a404,2774,E2_DYNAMIC_INCREMENTAL_AFTER_FULL_REUSE,CDF2/CDF-HARSH,CROSS_EVENT_WARM_START_ONLY,0,COMPLETE,INCLUDED,0.3665286581891857,0.44357466565681763,0.23030762649941172,0
r8c-2775-b4179a1f07031294,2775,E2_DYNAMIC_INCREMENTAL_AFTER_FULL_REUSE,CDF2/CDF-HARSH,CROSS_EVENT_MEMORY_ONLY,0,COMPLETE,INCLUDED,0.16679255732807266,0.3812617806542943,0.0005729274349690531,0
r8c-2776-ee6f3f54174c5fff,2776,E2_DYNAMIC_INCREMENTAL_AFTER_FULL_REUSE,CDF2/CDF-HARSH,SHADE_ONLY,0,COMPLETE,INCLUDED,0.16345994703468625,0.36277630783986475,0.0017920970374073065,0
r8c-2777-5360f5b5d9c5d690,2777,E2_DYNAMIC_INCREMENTAL_AFTER_FULL_REUSE,CDF2/CDF-HARSH,NO_CROSS_EVENT_MEMORY,1,COMPLETE,INCLUDED,0.14503117854476558,0.33210827867504383,0.0005285911738227131,0
r8c-2778-65f6eed498f81823,2778,E2_DYNAMIC_INCREMENTAL_AFTER_FULL_REUSE,CDF2/CDF-HARSH,NO_REJECTION_CREDIT,1,COMPLETE,INCLUDED,0.38640976087151485,0.4584723888365457,0.2426547545496262,0
r8c-2779-649bae5a54da7a4e,2779,E2_DYNAMIC_INCREMENTAL_AFTER_FULL_REUSE,CDF2/CDF-HARSH,NO_MEMORY_RESET_GATE,1,COMPLETE,INCLUDED,0.3857384698292714,0.45130217907560777,0.241723790906394,0
r8c-2780-52eccaee87649202,2780,E2_DYNAMIC_INCREMENTAL_AFTER_FULL_REUSE,CDF2/CDF-HARSH,NO_LINEAGE_CREDIT,1,COMPLETE,INCLUDED,0.3907673180256899,0.4603170785128622,0.24885243928999778,0
r8c-2781-5c909c028c2fb3b0,2781,E2_DYNAMIC_INCREMENTAL_AFTER_FULL_REUSE,CDF2/CDF-HARSH,CROSS_EVENT_WARM_START_ONLY,1,COMPLETE,INCLUDED,0.36797908885756686,0.4433716823950259,0.22480990223543584,0
r8c-2782-0a2400f802dde3ba,2782,E2_DYNAMIC_INCREMENTAL_AFTER_FULL_REUSE,CDF2/CDF-HARSH,CROSS_EVENT_MEMORY_ONLY,1,COMPLETE,INCLUDED,0.16356806862516027,0.37243143442365473,0.0005600167996031417,0
r8c-2783-457bbae7d001671c,2783,E2_DYNAMIC_INCREMENTAL_AFTER_FULL_REUSE,CDF2/CDF-HARSH,SHADE_ONLY,1,COMPLETE,INCLUDED,0.16545847228653093,0.36404396972181624,0.0014326197273320247,0
r8c-2784-8846d650d446ebce,2784,E2_DYNAMIC_INCREMENTAL_AFTER_FULL_REUSE,CDF2/CDF-HARSH,NO_CROSS_EVENT_MEMORY,2,COMPLETE,INCLUDED,0.15052136004081484,0.33977314938537273,0.0004073258006856066,0
r8c-2785-9c8c836d82d2abb8,2785,E2_DYNAMIC_INCREMENTAL_AFTER_FULL_REUSE,CDF2/CDF-HARSH,NO_REJECTION_CREDIT,2,COMPLETE,INCLUDED,0.3758197602021226,0.4542145159575272,0.2312667074639981,0
r8c-2786-4aa132889cb9f346,2786,E2_DYNAMIC_INCREMENTAL_AFTER_FULL_REUSE,CDF2/CDF-HARSH,NO_MEMORY_RESET_GATE,2,COMPLETE,INCLUDED,0.37692133664769845,0.45454004927804104,0.232377206068922,0
r8c-2787-53c26de34944d4fd,2787,E2_DYNAMIC_INCREMENTAL_AFTER_FULL_REUSE,CDF2/CDF-HARSH,NO_LINEAGE_CREDIT,2,COMPLETE,INCLUDED,0.395482104541626,0.4610259725085254,0.2524150476744521,0
r8c-2788-d67347d51437a088,2788,E2_DYNAMIC_INCREMENTAL_AFTER_FULL_REUSE,CDF2/CDF-HARSH,CROSS_EVENT_WARM_START_ONLY,2,COMPLETE,INCLUDED,0.3730574699973627,0.4495989478019997,0.2283790937865425,0
r8c-2789-da2fce48977e68db,2789,E2_DYNAMIC_INCREMENTAL_AFTER_FULL_REUSE,CDF2/CDF-HARSH,CROSS_EVENT_MEMORY_ONLY,2,COMPLETE,INCLUDED,0.16295585512284427,0.36714078073443535,0.0009164535908491288,0
r8c-2790-c998a5400a96b5ff,2790,E2_DYNAMIC_INCREMENTAL_AFTER_FULL_REUSE,CDF2/CDF-HARSH,SHADE_ONLY,2,COMPLETE,INCLUDED,0.1601894234864072,0.3558490153290478,0.0010622500246916815,0
r8c-2791-a8b796313a4326bc,2791,E2_DYNAMIC_INCREMENTAL_AFTER_FULL_REUSE,CDF2/CDF-HARSH,NO_CROSS_EVENT_MEMORY,3,COMPLETE,INCLUDED,0.1416399707008883,0.3246235892452959,0.002080578973379018,0
r8c-2792-f8e68028b5c5e43d,2792,E2_DYNAMIC_INCREMENTAL_AFTER_FULL_REUSE,CDF2/CDF-HARSH,NO_REJECTION_CREDIT,3,COMPLETE,INCLUDED,0.38437634400835125,0.4548676081803301,0.2357772237374372,0
r8c-2793-c363403f8c02db34,2793,E2_DYNAMIC_INCREMENTAL_AFTER_FULL_REUSE,CDF2/CDF-HARSH,NO_MEMORY_RESET_GATE,3,COMPLETE,INCLUDED,0.38448390133898486,0.4559413391612322,0.23644338335906068,0
r8c-2794-eb3b7059865dc5dd,2794,E2_DYNAMIC_INCREMENTAL_AFTER_FULL_REUSE,CDF2/CDF-HARSH,NO_LINEAGE_CREDIT,3,COMPLETE,INCLUDED,0.36239420292426144,0.4288305188321013,0.22123756550011806,0
r8c-2795-31e380e16bf88c12,2795,E2_DYNAMIC_INCREMENTAL_AFTER_FULL_REUSE,CDF2/CDF-HARSH,CROSS_EVENT_WARM_START_ONLY,3,COMPLETE,INCLUDED,0.37337739253267854,0.4504918012477906,0.22824700865765418,0
r8c-2796-3ca4c5e36873f252,2796,E2_DYNAMIC_INCREMENTAL_AFTER_FULL_REUSE,CDF2/CDF-HARSH,CROSS_EVENT_MEMORY_ONLY,3,COMPLETE,INCLUDED,0.16848090029438414,0.3830974350501165,0.0014389849513528443,0
r8c-2797-51c762eac4294f96,2797,E2_DYNAMIC_INCREMENTAL_AFTER_FULL_REUSE,CDF2/CDF-HARSH,SHADE_ONLY,3,COMPLETE,INCLUDED,0.16429126260253252,0.3675960281824333,0.002200607672483135,0
r8c-2798-a3a1612fdef883ce,2798,E2_DYNAMIC_INCREMENTAL_AFTER_FULL_REUSE,CDF2/CDF-HARSH,NO_CROSS_EVENT_MEMORY,4,COMPLETE,INCLUDED,0.1421106573035946,0.3299394225709524,0.0010027706185290672,0
r8c-2799-c88e2a3bedd54568,2799,E2_DYNAMIC_INCREMENTAL_AFTER_FULL_REUSE,CDF2/CDF-HARSH,NO_REJECTION_CREDIT,4,COMPLETE,INCLUDED,0.3899818057461161,0.4616154482780363,0.24680458554136847,0
r8c-2800-fba3787466c371a5,2800,E2_DYNAMIC_INCREMENTAL_AFTER_FULL_REUSE,CDF2/CDF-HARSH,NO_MEMORY_RESET_GATE,4,COMPLETE,INCLUDED,0.3824176037396415,0.4552806373655412,0.23591796632420275,0
r8c-2801-2c5a2225a8f22c34,2801,E2_DYNAMIC_INCREMENTAL_AFTER_FULL_REUSE,CDF2/CDF-HARSH,NO_LINEAGE_CREDIT,4,COMPLETE,INCLUDED,0.38214683209070266,0.4584019129925348,0.23068252172947704,0
r8c-2802-47e0d56df2496009,2802,E2_DYNAMIC_INCREMENTAL_AFTER_FULL_REUSE,CDF2/CDF-HARSH,CROSS_EVENT_WARM_START_ONLY,4,COMPLETE,INCLUDED,0.3550192698926988,0.43625822084387944,0.21641777554465588,0
r8c-2803-6b5ba79b7289a256,2803,E2_DYNAMIC_INCREMENTAL_AFTER_FULL_REUSE,CDF2/CDF-HARSH,CROSS_EVENT_MEMORY_ONLY,4,COMPLETE,INCLUDED,0.16837755854918454,0.37306200332541184,0.0012951337163607946,0
r8c-2804-ccbe88ff6604a742,2804,E2_DYNAMIC_INCREMENTAL_AFTER_FULL_REUSE,CDF2/CDF-HARSH,SHADE_ONLY,4,COMPLETE,INCLUDED,0.16555982861648227,0.36563849532842113,0.0010704297866268875,0
r8c-2805-cd199168144c7012,2805,E2_DYNAMIC_INCREMENTAL_AFTER_FULL_REUSE,CDF2/CDF-MILD,NO_CROSS_EVENT_MEMORY,0,COMPLETE,INCLUDED,0.145667284354256,0.33421520585252484,0.0013188083894726387,0
r8c-2806-91ad0af1da74a690,2806,E2_DYNAMIC_INCREMENTAL_AFTER_FULL_REUSE,CDF2/CDF-MILD,NO_REJECTION_CREDIT,0,COMPLETE,INCLUDED,0.42748893174771013,0.46704314965385246,0.35379196661097057,0
r8c-2807-41995d5f1debcde6,2807,E2_DYNAMIC_INCREMENTAL_AFTER_FULL_REUSE,CDF2/CDF-MILD,NO_MEMORY_RESET_GATE,0,COMPLETE,INCLUDED,0.4370425209847014,0.4792236129298991,0.361368177924215,0
r8c-2808-e07649fdb161803a,2808,E2_DYNAMIC_INCREMENTAL_AFTER_FULL_REUSE,CDF2/CDF-MILD,NO_LINEAGE_CREDIT,0,COMPLETE,INCLUDED,0.43133722862157964,0.4759121207478662,0.3518261608863868,0
r8c-2809-db03db1965538b03,2809,E2_DYNAMIC_INCREMENTAL_AFTER_FULL_REUSE,CDF2/CDF-MILD,CROSS_EVENT_WARM_START_ONLY,0,COMPLETE,INCLUDED,0.4177614945612301,0.4594255597352031,0.3469975032347309,0
r8c-2810-76fb7c43f7332814,2810,E2_DYNAMIC_INCREMENTAL_AFTER_FULL_REUSE,CDF2/CDF-MILD,CROSS_EVENT_MEMORY_ONLY,0,COMPLETE,INCLUDED,0.17057492521932885,0.3777576722903132,0.001859722114824704,0
r8c-2811-fb9ccd6b048dd711,2811,E2_DYNAMIC_INCREMENTAL_AFTER_FULL_REUSE,CDF2/CDF-MILD,SHADE_ONLY,0,COMPLETE,INCLUDED,0.15874902837599153,0.3594022417026145,0.001444527031057861,0
r8c-2812-26c952e2f6e97d5e,2812,E2_DYNAMIC_INCREMENTAL_AFTER_FULL_REUSE,CDF2/CDF-MILD,NO_CROSS_EVENT_MEMORY,1,COMPLETE,INCLUDED,0.1447939489748305,0.3336586221432226,0.0007186852696689641,0
r8c-2813-e3236ce6110b0d8e,2813,E2_DYNAMIC_INCREMENTAL_AFTER_FULL_REUSE,CDF2/CDF-MILD,NO_REJECTION_CREDIT,1,COMPLETE,INCLUDED,0.43369104708830786,0.46797082814110486,0.3597964095918388,0
r8c-2814-49523c563b2b79e2,2814,E2_DYNAMIC_INCREMENTAL_AFTER_FULL_REUSE,CDF2/CDF-MILD,NO_MEMORY_RESET_GATE,1,COMPLETE,INCLUDED,0.43215958972498897,0.4721984570169827,0.35778629292547964,0
r8c-2815-f6fc81b335cf317a,2815,E2_DYNAMIC_INCREMENTAL_AFTER_FULL_REUSE,CDF2/CDF-MILD,NO_LINEAGE_CREDIT,1,COMPLETE,INCLUDED,0.4359496484777496,0.48180559122297684,0.35786454608387275,0
r8c-2816-f5ad53040ff3111c,2816,E2_DYNAMIC_INCREMENTAL_AFTER_FULL_REUSE,CDF2/CDF-MILD,CROSS_EVENT_WARM_START_ONLY,1,COMPLETE,INCLUDED,0.4166876821685392,0.4585633331513821,0.343695485329025,0
r8c-2817-1d30d8a0d1e252e4,2817,E2_DYNAMIC_INCREMENTAL_AFTER_FULL_REUSE,CDF2/CDF-MILD,CROSS_EVENT_MEMORY_ONLY,1,COMPLETE,INCLUDED,0.1679802853532781,0.37793835867107556,0.0016716111522272756,0
r8c-2818-e0a2de5e01a1cc56,2818,E2_DYNAMIC_INCREMENTAL_AFTER_FULL_REUSE,CDF2/CDF-MILD,SHADE_ONLY,1,COMPLETE,INCLUDED,0.1634847815768519,0.36008541382981013,0.0008494437637312622,0
r8c-2819-3e3934d4cf39f54f,2819,E2_DYNAMIC_INCREMENTAL_AFTER_FULL_REUSE,CDF2/CDF-MILD,NO_CROSS_EVENT_MEMORY,2,COMPLETE,INCLUDED,0.15064706356806584,0.3346770003045304,0.0009432082147092657,0
r8c-2820-1a3bc1885f601bf1,2820,E2_DYNAMIC_INCREMENTAL_AFTER_FULL_REUSE,CDF2/CDF-MILD,NO_REJECTION_CREDIT,2,COMPLETE,INCLUDED,0.43884260905032674,0.48576464461813457,0.3599919068067722,0
r8c-2821-03df236561a52967,2821,E2_DYNAMIC_INCREMENTAL_AFTER_FULL_REUSE,CDF2/CDF-MILD,NO_MEMORY_RESET_GATE,2,COMPLETE,INCLUDED,0.43532657528242746,0.46669804621900735,0.36404610767635526,0
r8c-2822-9c305832ae3cb2cd,2822,E2_DYNAMIC_INCREMENTAL_AFTER_FULL_REUSE,CDF2/CDF-MILD,NO_LINEAGE_CREDIT,2,COMPLETE,INCLUDED,0.43205070050053374,0.4681615576583898,0.3590082533393182,0
r8c-2823-af49230869731487,2823,E2_DYNAMIC_INCREMENTAL_AFTER_FULL_REUSE,CDF2/CDF-MILD,CROSS_EVENT_WARM_START_ONLY,2,COMPLETE,INCLUDED,0.4112345873247969,0.45555169705298304,0.3361668754013236,0
r8c-2824-c4e424192ed94f77,2824,E2_DYNAMIC_INCREMENTAL_AFTER_FULL_REUSE,CDF2/CDF-MILD,CROSS_EVENT_MEMORY_ONLY,2,COMPLETE,INCLUDED,0.16954497953154865,0.37679192680932344,0.0006878757403475703,0
r8c-2825-51ec2c489414c1d8,2825,E2_DYNAMIC_INCREMENTAL_AFTER_FULL_REUSE,CDF2/CDF-MILD,SHADE_ONLY,2,COMPLETE,INCLUDED,0.15787165107497111,0.3589459582280383,0.0009799797317659046,0
r8c-2826-7a83eb66a1d66d3f,2826,E2_DYNAMIC_INCREMENTAL_AFTER_FULL_REUSE,CDF2/CDF-MILD,NO_CROSS_EVENT_MEMORY,3,COMPLETE,INCLUDED,0.1462194362383973,0.331980947103933,0.0018261657826829502,0
r8c-2827-a5cd577702dd3e9a,2827,E2_DYNAMIC_INCREMENTAL_AFTER_FULL_REUSE,CDF2/CDF-MILD,NO_REJECTION_CREDIT,3,COMPLETE,INCLUDED,0.42300830575720133,0.4578251300240916,0.34652565066072305,0
r8c-2828-984c28bd882484a6,2828,E2_DYNAMIC_INCREMENTAL_AFTER_FULL_REUSE,CDF2/CDF-MILD,NO_MEMORY_RESET_GATE,3,COMPLETE,INCLUDED,0.42813147799080814,0.4672560127923682,0.3493697554973156,0
r8c-2829-acf6a49023347f79,2829,E2_DYNAMIC_INCREMENTAL_AFTER_FULL_REUSE,CDF2/CDF-MILD,NO_LINEAGE_CREDIT,3,COMPLETE,INCLUDED,0.4275196336273965,0.4645806989695246,0.34754145128377,0
r8c-2830-ecb798a3933b7f3f,2830,E2_DYNAMIC_INCREMENTAL_AFTER_FULL_REUSE,CDF2/CDF-MILD,CROSS_EVENT_WARM_START_ONLY,3,COMPLETE,INCLUDED,0.41402400715485727,0.45748574764409233,0.33595352911565496,0
r8c-2831-41ecfa21132d9247,2831,E2_DYNAMIC_INCREMENTAL_AFTER_FULL_REUSE,CDF2/CDF-MILD,CROSS_EVENT_MEMORY_ONLY,3,COMPLETE,INCLUDED,0.16461904356301577,0.37342491029563424,0.0012409641016193748,0
r8c-2832-42cc496253c6abb5,2832,E2_DYNAMIC_INCREMENTAL_AFTER_FULL_REUSE,CDF2/CDF-MILD,SHADE_ONLY,3,COMPLETE,INCLUDED,0.15812785298118412,0.35537468968841135,0.0024513543603542688,0
r8c-2833-8fa67d4f892debc4,2833,E2_DYNAMIC_INCREMENTAL_AFTER_FULL_REUSE,CDF2/CDF-MILD,NO_CROSS_EVENT_MEMORY,4,COMPLETE,INCLUDED,0.14698149652547493,0.33432692768712724,0.0014255299418798485,0
r8c-2834-54fc7d0d31190953,2834,E2_DYNAMIC_INCREMENTAL_AFTER_FULL_REUSE,CDF2/CDF-MILD,NO_REJECTION_CREDIT,4,COMPLETE,INCLUDED,0.442787323303515,0.4889534996868142,0.3660037542007045,0
r8c-2835-87241e69ae2efd9b,2835,E2_DYNAMIC_INCREMENTAL_AFTER_FULL_REUSE,CDF2/CDF-MILD,NO_MEMORY_RESET_GATE,4,COMPLETE,INCLUDED,0.4304898402965749,0.4676004567396034,0.357724810173566,0
r8c-2836-5597a8cbe8b875d8,2836,E2_DYNAMIC_INCREMENTAL_AFTER_FULL_REUSE,CDF2/CDF-MILD,NO_LINEAGE_CREDIT,4,COMPLETE,INCLUDED,0.42947341618407986,0.47477999548193195,0.34918879489577265,0
r8c-2837-29a03e38ec0ad28c,2837,E2_DYNAMIC_INCREMENTAL_AFTER_FULL_REUSE,CDF2/CDF-MILD,CROSS_EVENT_WARM_START_ONLY,4,COMPLETE,INCLUDED,0.4093561572004974,0.46175526037998993,0.3356317833847231,0
r8c-2838-6b3c05e0b5d45338,2838,E2_DYNAMIC_INCREMENTAL_AFTER_FULL_REUSE,CDF2/CDF-MILD,CROSS_EVENT_MEMORY_ONLY,4,COMPLETE,INCLUDED,0.16082333603215704,0.3685402921397964,0.000844421859338485,0
r8c-2839-ccec42d522b455ed,2839,E2_DYNAMIC_INCREMENTAL_AFTER_FULL_REUSE,CDF2/CDF-MILD,SHADE_ONLY,4,COMPLETE,INCLUDED,0.16266177036477678,0.3619242575772874,0.0009605437023676157,0
r8c-2840-45bfa800fa240b01,2840,E2_DYNAMIC_INCREMENTAL_AFTER_FULL_REUSE,CDF3/CDF-HARSH,NO_CROSS_EVENT_MEMORY,0,COMPLETE,INCLUDED,0.39195247176934284,0.5059501321737544,0.18136088240680578,0
r8c-2841-842007896ebdfef7,2841,E2_DYNAMIC_INCREMENTAL_AFTER_FULL_REUSE,CDF3/CDF-HARSH,NO_REJECTION_CREDIT,0,COMPLETE,INCLUDED,0.5232008309789655,0.5475128083569072,0.4601331815898293,0
r8c-2842-ee46c47d51cde57b,2842,E2_DYNAMIC_INCREMENTAL_AFTER_FULL_REUSE,CDF3/CDF-HARSH,NO_MEMORY_RESET_GATE,0,COMPLETE,INCLUDED,0.5200510628735164,0.5455130066795383,0.4551746856723919,0
r8c-2843-778270f5c8f49b71,2843,E2_DYNAMIC_INCREMENTAL_AFTER_FULL_REUSE,CDF3/CDF-HARSH,NO_LINEAGE_CREDIT,0,COMPLETE,INCLUDED,0.5224133646296195,0.5468945705286751,0.45988372297953667,0
r8c-2844-84a7c68a28b31bcc,2844,E2_DYNAMIC_INCREMENTAL_AFTER_FULL_REUSE,CDF3/CDF-HARSH,CROSS_EVENT_WARM_START_ONLY,0,COMPLETE,INCLUDED,0.5216372596656049,0.5473702184149825,0.45840133693627255,0
r8c-2845-25008c83769fa555,2845,E2_DYNAMIC_INCREMENTAL_AFTER_FULL_REUSE,CDF3/CDF-HARSH,CROSS_EVENT_MEMORY_ONLY,0,COMPLETE,INCLUDED,0.3865936224407989,0.5003339637790172,0.17030747817764447,0
r8c-2846-66bc132fb4991d59,2846,E2_DYNAMIC_INCREMENTAL_AFTER_FULL_REUSE,CDF3/CDF-HARSH,SHADE_ONLY,0,COMPLETE,INCLUDED,0.3935518507872993,0.5117112267019414,0.17751487927863488,0
r8c-2847-b71abad1599a2815,2847,E2_DYNAMIC_INCREMENTAL_AFTER_FULL_REUSE,CDF3/CDF-HARSH,NO_CROSS_EVENT_MEMORY,1,COMPLETE,INCLUDED,0.3920366800067982,0.5068325791036948,0.18156721415886967,0
r8c-2848-c8158b1acfa68e9b,2848,E2_DYNAMIC_INCREMENTAL_AFTER_FULL_REUSE,CDF3/CDF-HARSH,NO_REJECTION_CREDIT,1,COMPLETE,INCLUDED,0.5232567208376286,0.5477838955039241,0.46051311497853464,0
r8c-2849-b90a819e8dc0fc07,2849,E2_DYNAMIC_INCREMENTAL_AFTER_FULL_REUSE,CDF3/CDF-HARSH,NO_MEMORY_RESET_GATE,1,COMPLETE,INCLUDED,0.5210981769319067,0.5460365475360996,0.457504110976964,0
r8c-2850-406b0cde817ac220,2850,E2_DYNAMIC_INCREMENTAL_AFTER_FULL_REUSE,CDF3/CDF-HARSH,NO_LINEAGE_CREDIT,1,COMPLETE,INCLUDED,0.5218906534584226,0.5467095139923789,0.4585138620879633,0
r8c-2851-0cd7fa5c4dc29aef,2851,E2_DYNAMIC_INCREMENTAL_AFTER_FULL_REUSE,CDF3/CDF-HARSH,CROSS_EVENT_WARM_START_ONLY,1,COMPLETE,INCLUDED,0.5203363854782305,0.5462497164253556,0.45693927151951774,0
r8c-2852-c1d01a165016c2e8,2852,E2_DYNAMIC_INCREMENTAL_AFTER_FULL_REUSE,CDF3/CDF-HARSH,CROSS_EVENT_MEMORY_ONLY,1,COMPLETE,INCLUDED,0.3887229307906553,0.5051420145889436,0.16762295699616567,0
r8c-2853-c5b0b56f8e9aff22,2853,E2_DYNAMIC_INCREMENTAL_AFTER_FULL_REUSE,CDF3/CDF-HARSH,SHADE_ONLY,1,COMPLETE,INCLUDED,0.39156593863386313,0.5099020823707473,0.17703298168395448,0
r8c-2854-f4134c9e731a4ab0,2854,E2_DYNAMIC_INCREMENTAL_AFTER_FULL_REUSE,CDF3/CDF-HARSH,NO_CROSS_EVENT_MEMORY,2,COMPLETE,INCLUDED,0.3900487154526331,0.5050746810501902,0.17431387244494126,0
r8c-2855-5d06ce982fb54e36,2855,E2_DYNAMIC_INCREMENTAL_AFTER_FULL_REUSE,CDF3/CDF-HARSH,NO_REJECTION_CREDIT,2,COMPLETE,INCLUDED,0.5221342748225001,0.5470762651193138,0.4590887353535341,0
r8c-2856-f46552e4055e826e,2856,E2_DYNAMIC_INCREMENTAL_AFTER_FULL_REUSE,CDF3/CDF-HARSH,NO_MEMORY_RESET_GATE,2,COMPLETE,INCLUDED,0.5221189608952166,0.5462735277304722,0.4599190803429197,0
r8c-2857-fb89520403f5b3c9,2857,E2_DYNAMIC_INCREMENTAL_AFTER_FULL_REUSE,CDF3/CDF-HARSH,NO_LINEAGE_CREDIT,2,COMPLETE,INCLUDED,0.5218721391228824,0.546976546310547,0.45856946918341973,0
r8c-2858-bdfc69102a5d51a2,2858,E2_DYNAMIC_INCREMENTAL_AFTER_FULL_REUSE,CDF3/CDF-HARSH,CROSS_EVENT_WARM_START_ONLY,2,COMPLETE,INCLUDED,0.5231972030822397,0.5484759116239389,0.4611840398849292,0
r8c-2859-d05619518190a71f,2859,E2_DYNAMIC_INCREMENTAL_AFTER_FULL_REUSE,CDF3/CDF-HARSH,CROSS_EVENT_MEMORY_ONLY,2,COMPLETE,INCLUDED,0.38010583233426926,0.499766908572943,0.15913198878362347,0
r8c-2860-898a5b84ea2795cb,2860,E2_DYNAMIC_INCREMENTAL_AFTER_FULL_REUSE,CDF3/CDF-HARSH,SHADE_ONLY,2,COMPLETE,INCLUDED,0.3924137460742667,0.5131854203451564,0.17661928390467937,0
r8c-2861-11b8c39d4b124b03,2861,E2_DYNAMIC_INCREMENTAL_AFTER_FULL_REUSE,CDF3/CDF-HARSH,NO_CROSS_EVENT_MEMORY,3,COMPLETE,INCLUDED,0.3915491916979821,0.5057171014683831,0.18207202304210926,0
r8c-2862-8cb2a3ea5b982164,2862,E2_DYNAMIC_INCREMENTAL_AFTER_FULL_REUSE,CDF3/CDF-HARSH,NO_REJECTION_CREDIT,3,COMPLETE,INCLUDED,0.5221698881367619,0.5466523234918874,0.45909735468180424,0
r8c-2863-8dd35c1169acdadf,2863,E2_DYNAMIC_INCREMENTAL_AFTER_FULL_REUSE,CDF3/CDF-HARSH,NO_MEMORY_RESET_GATE,3,COMPLETE,INCLUDED,0.5194990207193068,0.5443387102442403,0.4564942681477226,0
r8c-2864-6da9f46d71ae543b,2864,E2_DYNAMIC_INCREMENTAL_AFTER_FULL_REUSE,CDF3/CDF-HARSH,NO_LINEAGE_CREDIT,3,COMPLETE,INCLUDED,0.5228923914889447,0.5477186709988786,0.45946834385458446,0
r8c-2865-61d4e8d0c5b3731c,2865,E2_DYNAMIC_INCREMENTAL_AFTER_FULL_REUSE,CDF3/CDF-HARSH,CROSS_EVENT_WARM_START_ONLY,3,COMPLETE,INCLUDED,0.5230612247536462,0.5485160159190189,0.4600368044387554,0
r8c-2866-69d95f0431957d83,2866,E2_DYNAMIC_INCREMENTAL_AFTER_FULL_REUSE,CDF3/CDF-HARSH,CROSS_EVENT_MEMORY_ONLY,3,COMPLETE,INCLUDED,0.38497404709406874,0.5020909807163257,0.1660099679509758,0
r8c-2867-e529598cb1d720b6,2867,E2_DYNAMIC_INCREMENTAL_AFTER_FULL_REUSE,CDF3/CDF-HARSH,SHADE_ONLY,3,COMPLETE,INCLUDED,0.3946601673231594,0.5156645600499825,0.17395717858277987,0
r8c-2868-656b1ab8d28fe46f,2868,E2_DYNAMIC_INCREMENTAL_AFTER_FULL_REUSE,CDF3/CDF-HARSH,NO_CROSS_EVENT_MEMORY,4,COMPLETE,INCLUDED,0.39239455130079004,0.5077093824238161,0.1785536052810524,0
r8c-2869-3873df8cbc3603bf,2869,E2_DYNAMIC_INCREMENTAL_AFTER_FULL_REUSE,CDF3/CDF-HARSH,NO_REJECTION_CREDIT,4,COMPLETE,INCLUDED,0.5218858074743562,0.5460971834395233,0.4596060651927925,0
r8c-2870-bed9597e7647a034,2870,E2_DYNAMIC_INCREMENTAL_AFTER_FULL_REUSE,CDF3/CDF-HARSH,NO_MEMORY_RESET_GATE,4,COMPLETE,INCLUDED,0.5214806597877745,0.5465875168217023,0.45766440222593385,0
r8c-2871-448ce56f7741c417,2871,E2_DYNAMIC_INCREMENTAL_AFTER_FULL_REUSE,CDF3/CDF-HARSH,NO_LINEAGE_CREDIT,4,COMPLETE,INCLUDED,0.5239266459108497,0.5480129350416674,0.46145234609593133,0
r8c-2872-e11760037076f6d1,2872,E2_DYNAMIC_INCREMENTAL_AFTER_FULL_REUSE,CDF3/CDF-HARSH,CROSS_EVENT_WARM_START_ONLY,4,COMPLETE,INCLUDED,0.5223400273832983,0.5480365783650981,0.4592410085774079,0
r8c-2873-40cde4b63d755729,2873,E2_DYNAMIC_INCREMENTAL_AFTER_FULL_REUSE,CDF3/CDF-HARSH,CROSS_EVENT_MEMORY_ONLY,4,COMPLETE,INCLUDED,0.3848513310080436,0.5018900775337294,0.16814596175366098,0
r8c-2874-cd7a9c4471c253a5,2874,E2_DYNAMIC_INCREMENTAL_AFTER_FULL_REUSE,CDF3/CDF-HARSH,SHADE_ONLY,4,COMPLETE,INCLUDED,0.39270250591038286,0.5131454959114315,0.17677936878669473,0
r8c-2875-96716b97897729c9,2875,E2_DYNAMIC_INCREMENTAL_AFTER_FULL_REUSE,CDF3/CDF-MILD,NO_CROSS_EVENT_MEMORY,0,COMPLETE,INCLUDED,0.3911570869591107,0.5059560727911033,0.17573385464429578,0
r8c-2876-b78b6efdf8df3de6,2876,E2_DYNAMIC_INCREMENTAL_AFTER_FULL_REUSE,CDF3/CDF-MILD,NO_REJECTION_CREDIT,0,COMPLETE,INCLUDED,0.5264951599535086,0.5485122935516564,0.46702526320403637,0
r8c-2877-14a698174095c794,2877,E2_DYNAMIC_INCREMENTAL_AFTER_FULL_REUSE,CDF3/CDF-MILD,NO_MEMORY_RESET_GATE,0,COMPLETE,INCLUDED,0.5284358547865037,0.5504502369949773,0.4683356953980132,0
r8c-2878-a1bb4c1bf1c931c4,2878,E2_DYNAMIC_INCREMENTAL_AFTER_FULL_REUSE,CDF3/CDF-MILD,NO_LINEAGE_CREDIT,0,COMPLETE,INCLUDED,0.5255424263249524,0.5478006907207092,0.46596594107830236,0
r8c-2879-f784ca0e701ec3b5,2879,E2_DYNAMIC_INCREMENTAL_AFTER_FULL_REUSE,CDF3/CDF-MILD,CROSS_EVENT_WARM_START_ONLY,0,COMPLETE,INCLUDED,0.5268998702213235,0.5496779900287725,0.4673661163697232,0
r8c-2880-1b7196756e1091d3,2880,E2_DYNAMIC_INCREMENTAL_AFTER_FULL_REUSE,CDF3/CDF-MILD,CROSS_EVENT_MEMORY_ONLY,0,COMPLETE,INCLUDED,0.3844887683134394,0.49931961953559606,0.1670207534177458,0
r8c-2881-966ca03711773969,2881,E2_DYNAMIC_INCREMENTAL_AFTER_FULL_REUSE,CDF3/CDF-MILD,SHADE_ONLY,0,COMPLETE,INCLUDED,0.3949373812592953,0.5148137110106007,0.17679062758128328,0
r8c-2882-0cd255d39780956e,2882,E2_DYNAMIC_INCREMENTAL_AFTER_FULL_REUSE,CDF3/CDF-MILD,NO_CROSS_EVENT_MEMORY,1,COMPLETE,INCLUDED,0.39219806989035116,0.5056899557660638,0.18323265064888608,0
r8c-2883-3b1368fc9974122c,2883,E2_DYNAMIC_INCREMENTAL_AFTER_FULL_REUSE,CDF3/CDF-MILD,NO_REJECTION_CREDIT,1,COMPLETE,INCLUDED,0.5251636185560817,0.548200050708007,0.46515092621397464,0
r8c-2884-4aa1e6f6efcb9981,2884,E2_DYNAMIC_INCREMENTAL_AFTER_FULL_REUSE,CDF3/CDF-MILD,NO_MEMORY_RESET_GATE,1,COMPLETE,INCLUDED,0.5249302438700585,0.5471071058662365,0.4653969655883232,0
r8c-2885-a6fb936182ae18b9,2885,E2_DYNAMIC_INCREMENTAL_AFTER_FULL_REUSE,CDF3/CDF-MILD,NO_LINEAGE_CREDIT,1,COMPLETE,INCLUDED,0.5266841750901002,0.5489359557292727,0.4670143942129753,0
r8c-2886-1d711ce046c12f21,2886,E2_DYNAMIC_INCREMENTAL_AFTER_FULL_REUSE,CDF3/CDF-MILD,CROSS_EVENT_WARM_START_ONLY,1,COMPLETE,INCLUDED,0.5259281541299125,0.5488948034772984,0.46565742184897824,0
r8c-2887-99aef7a05850556c,2887,E2_DYNAMIC_INCREMENTAL_AFTER_FULL_REUSE,CDF3/CDF-MILD,CROSS_EVENT_MEMORY_ONLY,1,COMPLETE,INCLUDED,0.38568697986538214,0.5019605194943365,0.16734260800613615,0
r8c-2888-652bb8f97fcff65c,2888,E2_DYNAMIC_INCREMENTAL_AFTER_FULL_REUSE,CDF3/CDF-MILD,SHADE_ONLY,1,COMPLETE,INCLUDED,0.393575796338741,0.5126849324198166,0.17765004061480844,0
r8c-2889-be8a98d38bb2df8f,2889,E2_DYNAMIC_INCREMENTAL_AFTER_FULL_REUSE,CDF3/CDF-MILD,NO_CROSS_EVENT_MEMORY,2,COMPLETE,INCLUDED,0.3871075107596004,0.5055042853283129,0.17034221069023273,0
r8c-2890-3b57e803e058812f,2890,E2_DYNAMIC_INCREMENTAL_AFTER_FULL_REUSE,CDF3/CDF-MILD,NO_REJECTION_CREDIT,2,COMPLETE,INCLUDED,0.5274021390004132,0.5494105189433729,0.4683716714250936,0
r8c-2891-9bcc0070c8a826b0,2891,E2_DYNAMIC_INCREMENTAL_AFTER_FULL_REUSE,CDF3/CDF-MILD,NO_MEMORY_RESET_GATE,2,COMPLETE,INCLUDED,0.5266867348886338,0.548382620696442,0.46724716440078484,0
r8c-2892-25c71dff88ba987d,2892,E2_DYNAMIC_INCREMENTAL_AFTER_FULL_REUSE,CDF3/CDF-MILD,NO_LINEAGE_CREDIT,2,COMPLETE,INCLUDED,0.5273369642161688,0.5493992380634461,0.4674645520500606,0
r8c-2893-cfbeca4dc61359e7,2893,E2_DYNAMIC_INCREMENTAL_AFTER_FULL_REUSE,CDF3/CDF-MILD,CROSS_EVENT_WARM_START_ONLY,2,COMPLETE,INCLUDED,0.5278802449682908,0.5510047823187276,0.4683018822313531,0
r8c-2894-2c8c85514b9342f2,2894,E2_DYNAMIC_INCREMENTAL_AFTER_FULL_REUSE,CDF3/CDF-MILD,CROSS_EVENT_MEMORY_ONLY,2,COMPLETE,INCLUDED,0.3833522555514358,0.5021240225803628,0.16050387443562433,0
r8c-2895-915cf6f0922fcba5,2895,E2_DYNAMIC_INCREMENTAL_AFTER_FULL_REUSE,CDF3/CDF-MILD,SHADE_ONLY,2,COMPLETE,INCLUDED,0.3922168320320763,0.5111704973012593,0.1753800088895973,0
r8c-2896-f3c2be31a6dd5098,2896,E2_DYNAMIC_INCREMENTAL_AFTER_FULL_REUSE,CDF3/CDF-MILD,NO_CROSS_EVENT_MEMORY,3,COMPLETE,INCLUDED,0.39272342572342095,0.5065834656067529,0.1796822491853372,0
r8c-2897-5fe4e9b37a4b9cd4,2897,E2_DYNAMIC_INCREMENTAL_AFTER_FULL_REUSE,CDF3/CDF-MILD,NO_REJECTION_CREDIT,3,COMPLETE,INCLUDED,0.5284377414403806,0.5501741705677952,0.4690176122229888,0
r8c-2898-6b388d2ec14784cd,2898,E2_DYNAMIC_INCREMENTAL_AFTER_FULL_REUSE,CDF3/CDF-MILD,NO_MEMORY_RESET_GATE,3,COMPLETE,INCLUDED,0.5291158036100856,0.5504741005840356,0.47028046260856504,0
r8c-2899-a2d007a168a051c8,2899,E2_DYNAMIC_INCREMENTAL_AFTER_FULL_REUSE,CDF3/CDF-MILD,NO_LINEAGE_CREDIT,3,COMPLETE,INCLUDED,0.5280226858055718,0.5498669590818112,0.46866372648707155,0
r8c-2900-457ef1d80cddbbdb,2900,E2_DYNAMIC_INCREMENTAL_AFTER_FULL_REUSE,CDF3/CDF-MILD,CROSS_EVENT_WARM_START_ONLY,3,COMPLETE,INCLUDED,0.5267124445842531,0.5499668909584597,0.46633652047700075,0
r8c-2901-d9d1a3b5d1a06e43,2901,E2_DYNAMIC_INCREMENTAL_AFTER_FULL_REUSE,CDF3/CDF-MILD,CROSS_EVENT_MEMORY_ONLY,3,COMPLETE,INCLUDED,0.38580845925486945,0.5024048398024388,0.1674750920356074,0
r8c-2902-00559d7c4593ebe7,2902,E2_DYNAMIC_INCREMENTAL_AFTER_FULL_REUSE,CDF3/CDF-MILD,SHADE_ONLY,3,COMPLETE,INCLUDED,0.3964724484124067,0.5140865639782543,0.17985629083017224,0
r8c-2903-e6343693191d33d9,2903,E2_DYNAMIC_INCREMENTAL_AFTER_FULL_REUSE,CDF3/CDF-MILD,NO_CROSS_EVENT_MEMORY,4,COMPLETE,INCLUDED,0.38927719928746046,0.5047634937685629,0.1796972364615349,0
r8c-2904-e807f5184e401707,2904,E2_DYNAMIC_INCREMENTAL_AFTER_FULL_REUSE,CDF3/CDF-MILD,NO_REJECTION_CREDIT,4,COMPLETE,INCLUDED,0.5282249429324197,0.5499272054879331,0.46906674236524476,0
r8c-2905-87db32de77169d95,2905,E2_DYNAMIC_INCREMENTAL_AFTER_FULL_REUSE,CDF3/CDF-MILD,NO_MEMORY_RESET_GATE,4,COMPLETE,INCLUDED,0.5281223168387678,0.5495627264213188,0.46902432462265636,0
r8c-2906-5975f9029f88fed8,2906,E2_DYNAMIC_INCREMENTAL_AFTER_FULL_REUSE,CDF3/CDF-MILD,NO_LINEAGE_CREDIT,4,COMPLETE,INCLUDED,0.5287284383091396,0.5506253592623244,0.46952635846676055,0
r8c-2907-24ca968acda5d40f,2907,E2_DYNAMIC_INCREMENTAL_AFTER_FULL_REUSE,CDF3/CDF-MILD,CROSS_EVENT_WARM_START_ONLY,4,COMPLETE,INCLUDED,0.5255707831068458,0.5482937116263932,0.4662568846625625,0
r8c-2908-8422bb1015a848e4,2908,E2_DYNAMIC_INCREMENTAL_AFTER_FULL_REUSE,CDF3/CDF-MILD,CROSS_EVENT_MEMORY_ONLY,4,COMPLETE,INCLUDED,0.38332068410656767,0.5006244987326203,0.16468672825009548,0
r8c-2909-135a51948de3b946,2909,E2_DYNAMIC_INCREMENTAL_AFTER_FULL_REUSE,CDF3/CDF-MILD,SHADE_ONLY,4,COMPLETE,INCLUDED,0.3943127906663712,0.5138614179297373,0.17573399023027733,0
r8c-2910-1511595835d0200b,2910,E2_DYNAMIC_INCREMENTAL_AFTER_FULL_REUSE,CDF4/CDF-HARSH,NO_CROSS_EVENT_MEMORY,0,COMPLETE,INCLUDED,0.1723365028004971,0.27238074062047346,0.025326836442832887,0
r8c-2911-0458c13e0414db3f,2911,E2_DYNAMIC_INCREMENTAL_AFTER_FULL_REUSE,CDF4/CDF-HARSH,NO_REJECTION_CREDIT,0,COMPLETE,INCLUDED,0.3382939255488103,0.3657069653315208,0.29250580032607926,0
r8c-2912-6c85d20e2503d199,2912,E2_DYNAMIC_INCREMENTAL_AFTER_FULL_REUSE,CDF4/CDF-HARSH,NO_MEMORY_RESET_GATE,0,COMPLETE,INCLUDED,0.3399624423934714,0.3675350737088707,0.2938440741298597,0
r8c-2913-fec9c4495098ef8d,2913,E2_DYNAMIC_INCREMENTAL_AFTER_FULL_REUSE,CDF4/CDF-HARSH,NO_LINEAGE_CREDIT,0,COMPLETE,INCLUDED,0.3488236633606609,0.37597604062601053,0.30249573838896515,0
r8c-2914-1a506ab74148adab,2914,E2_DYNAMIC_INCREMENTAL_AFTER_FULL_REUSE,CDF4/CDF-HARSH,CROSS_EVENT_WARM_START_ONLY,0,COMPLETE,INCLUDED,0.33004606093415717,0.35781277977699055,0.2834770395818801,0
r8c-2915-df341bc5264c1ec6,2915,E2_DYNAMIC_INCREMENTAL_AFTER_FULL_REUSE,CDF4/CDF-HARSH,CROSS_EVENT_MEMORY_ONLY,0,COMPLETE,INCLUDED,0.1549046888640751,0.25849870042313305,0.020471222030684,0
r8c-2916-9570096ba874cc33,2916,E2_DYNAMIC_INCREMENTAL_AFTER_FULL_REUSE,CDF4/CDF-HARSH,SHADE_ONLY,0,COMPLETE,INCLUDED,0.17952297257828972,0.2976476948540182,0.023114822118991223,0
r8c-2917-c7d2ceac58e2bf0c,2917,E2_DYNAMIC_INCREMENTAL_AFTER_FULL_REUSE,CDF4/CDF-HARSH,NO_CROSS_EVENT_MEMORY,1,COMPLETE,INCLUDED,0.16989747896351934,0.2706191651214978,0.02521018445312026,0
r8c-2918-3c693a022334cab5,2918,E2_DYNAMIC_INCREMENTAL_AFTER_FULL_REUSE,CDF4/CDF-HARSH,NO_REJECTION_CREDIT,1,COMPLETE,INCLUDED,0.33744675563284,0.36434150455660996,0.29111906684492517,0
r8c-2919-e93f012c513208cb,2919,E2_DYNAMIC_INCREMENTAL_AFTER_FULL_REUSE,CDF4/CDF-HARSH,NO_MEMORY_RESET_GATE,1,COMPLETE,INCLUDED,0.32132313897285086,0.35079832480090606,0.27330561080567745,0
r8c-2920-11430d0489713e71,2920,E2_DYNAMIC_INCREMENTAL_AFTER_FULL_REUSE,CDF4/CDF-HARSH,NO_LINEAGE_CREDIT,1,COMPLETE,INCLUDED,0.34325063668089417,0.3708154012951945,0.29620204163817476,0
r8c-2921-b5b21fec957a3da4,2921,E2_DYNAMIC_INCREMENTAL_AFTER_FULL_REUSE,CDF4/CDF-HARSH,CROSS_EVENT_WARM_START_ONLY,1,COMPLETE,INCLUDED,0.32479375432120905,0.3522867774107528,0.28054742399404076,0
r8c-2922-c39524d60b2f7b31,2922,E2_DYNAMIC_INCREMENTAL_AFTER_FULL_REUSE,CDF4/CDF-HARSH,CROSS_EVENT_MEMORY_ONLY,1,COMPLETE,INCLUDED,0.14834483714470875,0.25152242195823704,0.017562585985919053,0
r8c-2923-20ef33ccf6e358a7,2923,E2_DYNAMIC_INCREMENTAL_AFTER_FULL_REUSE,CDF4/CDF-HARSH,SHADE_ONLY,1,COMPLETE,INCLUDED,0.17878724835298643,0.2935250840010999,0.02399544934196421,0
r8c-2924-4cdeaf03ae124a3b,2924,E2_DYNAMIC_INCREMENTAL_AFTER_FULL_REUSE,CDF4/CDF-HARSH,NO_CROSS_EVENT_MEMORY,2,COMPLETE,INCLUDED,0.16938569098201678,0.27130980335172683,0.02348072513456697,0
r8c-2925-5c08c7350ba53385,2925,E2_DYNAMIC_INCREMENTAL_AFTER_FULL_REUSE,CDF4/CDF-HARSH,NO_REJECTION_CREDIT,2,COMPLETE,INCLUDED,0.32853643419938056,0.355955960272901,0.28480718875154515,0
r8c-2926-38d611d8e81e2ac1,2926,E2_DYNAMIC_INCREMENTAL_AFTER_FULL_REUSE,CDF4/CDF-HARSH,NO_MEMORY_RESET_GATE,2,COMPLETE,INCLUDED,0.3461125399008887,0.37188678554491195,0.299668997069315,0
r8c-2927-2dbe366afb41a722,2927,E2_DYNAMIC_INCREMENTAL_AFTER_FULL_REUSE,CDF4/CDF-HARSH,NO_LINEAGE_CREDIT,2,COMPLETE,INCLUDED,0.351946389559996,0.3770396735794938,0.30781053020638466,0
r8c-2928-a57f3f5f724b10b6,2928,E2_DYNAMIC_INCREMENTAL_AFTER_FULL_REUSE,CDF4/CDF-HARSH,CROSS_EVENT_WARM_START_ONLY,2,COMPLETE,INCLUDED,0.3193838321553066,0.3495853462970092,0.2721929767098549,0
r8c-2929-8f537c21de32d9b9,2929,E2_DYNAMIC_INCREMENTAL_AFTER_FULL_REUSE,CDF4/CDF-HARSH,CROSS_EVENT_MEMORY_ONLY,2,COMPLETE,INCLUDED,0.156452621112228,0.256334763481002,0.02093233162971073,0
r8c-2930-dfd2bc6b3b1a63c7,2930,E2_DYNAMIC_INCREMENTAL_AFTER_FULL_REUSE,CDF4/CDF-HARSH,SHADE_ONLY,2,COMPLETE,INCLUDED,0.177310067521808,0.2961112176622827,0.020604714486398105,0
r8c-2931-121b0718170230be,2931,E2_DYNAMIC_INCREMENTAL_AFTER_FULL_REUSE,CDF4/CDF-HARSH,NO_CROSS_EVENT_MEMORY,3,COMPLETE,INCLUDED,0.17021731590096628,0.27118899101900423,0.02296595372897878,0
r8c-2932-2a419a87f8ad3bbe,2932,E2_DYNAMIC_INCREMENTAL_AFTER_FULL_REUSE,CDF4/CDF-HARSH,NO_REJECTION_CREDIT,3,COMPLETE,INCLUDED,0.3289280639349474,0.3557344098146729,0.28352506677226286,0
r8c-2933-56a326a94b0b8d2b,2933,E2_DYNAMIC_INCREMENTAL_AFTER_FULL_REUSE,CDF4/CDF-HARSH,NO_MEMORY_RESET_GATE,3,COMPLETE,INCLUDED,0.3396390548600416,0.36777520540542213,0.29217253125599874,0
r8c-2934-d838e1090419dae6,2934,E2_DYNAMIC_INCREMENTAL_AFTER_FULL_REUSE,CDF4/CDF-HARSH,NO_LINEAGE_CREDIT,3,COMPLETE,INCLUDED,0.3334886915812139,0.3620311637943741,0.28649386554003087,0
r8c-2935-ebb6f401ed5b679d,2935,E2_DYNAMIC_INCREMENTAL_AFTER_FULL_REUSE,CDF4/CDF-HARSH,CROSS_EVENT_WARM_START_ONLY,3,COMPLETE,INCLUDED,0.31744483975960064,0.3464825767517483,0.27057068474452256,0
r8c-2936-6bf4986a06ff3285,2936,E2_DYNAMIC_INCREMENTAL_AFTER_FULL_REUSE,CDF4/CDF-HARSH,CROSS_EVENT_MEMORY_ONLY,3,COMPLETE,INCLUDED,0.15140097272960776,0.25573121813306326,0.016837561874149323,0
r8c-2937-fbf9073717f2178b,2937,E2_DYNAMIC_INCREMENTAL_AFTER_FULL_REUSE,CDF4/CDF-HARSH,SHADE_ONLY,3,COMPLETE,INCLUDED,0.17992234325863124,0.29772167881240724,0.02504036899314939,0
r8c-2938-c0dd33c57816c5ef,2938,E2_DYNAMIC_INCREMENTAL_AFTER_FULL_REUSE,CDF4/CDF-HARSH,NO_CROSS_EVENT_MEMORY,4,COMPLETE,INCLUDED,0.16702110149552177,0.26555196178232326,0.02645861094648004,0
r8c-2939-427e2a526d756c41,2939,E2_DYNAMIC_INCREMENTAL_AFTER_FULL_REUSE,CDF4/CDF-HARSH,NO_REJECTION_CREDIT,4,COMPLETE,INCLUDED,0.3236669340681043,0.35404794466219014,0.2754779392838438,0
r8c-2940-26486aaa9711c629,2940,E2_DYNAMIC_INCREMENTAL_AFTER_FULL_REUSE,CDF4/CDF-HARSH,NO_MEMORY_RESET_GATE,4,COMPLETE,INCLUDED,0.32820409815599777,0.35644399874699917,0.2808990291364373,0
r8c-2941-cc0ab6ec3890f09f,2941,E2_DYNAMIC_INCREMENTAL_AFTER_FULL_REUSE,CDF4/CDF-HARSH,NO_LINEAGE_CREDIT,4,COMPLETE,INCLUDED,0.34100575493189583,0.36647662592247976,0.29581062866518615,0
r8c-2942-2e5a9ba96868d77d,2942,E2_DYNAMIC_INCREMENTAL_AFTER_FULL_REUSE,CDF4/CDF-HARSH,CROSS_EVENT_WARM_START_ONLY,4,COMPLETE,INCLUDED,0.3203737248998952,0.3493302480756451,0.2733339988619574,0
r8c-2943-27171c5d04533ef8,2943,E2_DYNAMIC_INCREMENTAL_AFTER_FULL_REUSE,CDF4/CDF-HARSH,CROSS_EVENT_MEMORY_ONLY,4,COMPLETE,INCLUDED,0.15418354029615483,0.2588775627714554,0.018732956676370545,0
r8c-2944-194196aa5e3a4149,2944,E2_DYNAMIC_INCREMENTAL_AFTER_FULL_REUSE,CDF4/CDF-HARSH,SHADE_ONLY,4,COMPLETE,INCLUDED,0.17927445288460506,0.29481498542905804,0.022620832290985913,0
r8c-2945-ce76917fcc100a11,2945,E2_DYNAMIC_INCREMENTAL_AFTER_FULL_REUSE,CDF4/CDF-MILD,NO_CROSS_EVENT_MEMORY,0,COMPLETE,INCLUDED,0.16524807809667097,0.2644227484070217,0.0206037375759061,0
r8c-2946-43cea32c14fb9c2b,2946,E2_DYNAMIC_INCREMENTAL_AFTER_FULL_REUSE,CDF4/CDF-MILD,NO_REJECTION_CREDIT,0,COMPLETE,INCLUDED,0.3536625702939327,0.37463687936240464,0.3126862336445728,0
r8c-2947-d1a15e04648ea394,2947,E2_DYNAMIC_INCREMENTAL_AFTER_FULL_REUSE,CDF4/CDF-MILD,NO_MEMORY_RESET_GATE,0,COMPLETE,INCLUDED,0.3599091065585384,0.3807014877658676,0.318110659058516,0
r8c-2948-539993ee7cefaac8,2948,E2_DYNAMIC_INCREMENTAL_AFTER_FULL_REUSE,CDF4/CDF-MILD,NO_LINEAGE_CREDIT,0,COMPLETE,INCLUDED,0.37074942153107965,0.39172623333717155,0.3277197420933574,0
r8c-2949-d15dfb88276c7d6f,2949,E2_DYNAMIC_INCREMENTAL_AFTER_FULL_REUSE,CDF4/CDF-MILD,CROSS_EVENT_WARM_START_ONLY,0,COMPLETE,INCLUDED,0.3411484959231652,0.36305852039984765,0.29955844302935575,0
r8c-2950-c10d84b0906ff734,2950,E2_DYNAMIC_INCREMENTAL_AFTER_FULL_REUSE,CDF4/CDF-MILD,CROSS_EVENT_MEMORY_ONLY,0,COMPLETE,INCLUDED,0.1582517145065348,0.2618878747946679,0.018866255574794127,0
r8c-2951-fb9ce7cc1a6f6c19,2951,E2_DYNAMIC_INCREMENTAL_AFTER_FULL_REUSE,CDF4/CDF-MILD,SHADE_ONLY,0,COMPLETE,INCLUDED,0.17801533872043812,0.2940045220730269,0.02350122064189945,0
r8c-2952-e37717faf27cd321,2952,E2_DYNAMIC_INCREMENTAL_AFTER_FULL_REUSE,CDF4/CDF-MILD,NO_CROSS_EVENT_MEMORY,1,COMPLETE,INCLUDED,0.16926198634075446,0.2686757040652286,0.022991174897940055,0
r8c-2953-edd122adef8056cd,2953,E2_DYNAMIC_INCREMENTAL_AFTER_FULL_REUSE,CDF4/CDF-MILD,NO_REJECTION_CREDIT,1,COMPLETE,INCLUDED,0.3553539690109461,0.3763641357854239,0.3135554910873599,0
r8c-2954-6ed51ba308d3aaa2,2954,E2_DYNAMIC_INCREMENTAL_AFTER_FULL_REUSE,CDF4/CDF-MILD,NO_MEMORY_RESET_GATE,1,COMPLETE,INCLUDED,0.35573638853769907,0.37783118378702774,0.3134366954767247,0
r8c-2955-23428c877ff1f021,2955,E2_DYNAMIC_INCREMENTAL_AFTER_FULL_REUSE,CDF4/CDF-MILD,NO_LINEAGE_CREDIT,1,COMPLETE,INCLUDED,0.37462637617672845,0.3946893565364638,0.33264858724888713,0
r8c-2956-2e073ed551010fdc,2956,E2_DYNAMIC_INCREMENTAL_AFTER_FULL_REUSE,CDF4/CDF-MILD,CROSS_EVENT_WARM_START_ONLY,1,COMPLETE,INCLUDED,0.34366936369378714,0.3652657593325604,0.3027803447268224,0
r8c-2957-36c0a8cdd98f9899,2957,E2_DYNAMIC_INCREMENTAL_AFTER_FULL_REUSE,CDF4/CDF-MILD,CROSS_EVENT_MEMORY_ONLY,1,COMPLETE,INCLUDED,0.1521339268009232,0.2554111883150564,0.019116756913836824,0
r8c-2958-798bcabfd4166b41,2958,E2_DYNAMIC_INCREMENTAL_AFTER_FULL_REUSE,CDF4/CDF-MILD,SHADE_ONLY,1,COMPLETE,INCLUDED,0.18373486940770228,0.3025107303946876,0.024300777136122033,0
r8c-2959-6b249503052a0ff1,2959,E2_DYNAMIC_INCREMENTAL_AFTER_FULL_REUSE,CDF4/CDF-MILD,NO_CROSS_EVENT_MEMORY,2,COMPLETE,INCLUDED,0.17006996613930317,0.2712120019870185,0.024748401450755776,0
r8c-2960-7f1f3c187ee16717,2960,E2_DYNAMIC_INCREMENTAL_AFTER_FULL_REUSE,CDF4/CDF-MILD,NO_REJECTION_CREDIT,2,COMPLETE,INCLUDED,0.3471731611970148,0.37023526355999403,0.3057340420189865,0
r8c-2961-5b56d1fdcf9446f2,2961,E2_DYNAMIC_INCREMENTAL_AFTER_FULL_REUSE,CDF4/CDF-MILD,NO_MEMORY_RESET_GATE,2,COMPLETE,INCLUDED,0.3623853773938067,0.38227666850029,0.32192166759106106,0
r8c-2962-fe90d9fef968fd3f,2962,E2_DYNAMIC_INCREMENTAL_AFTER_FULL_REUSE,CDF4/CDF-MILD,NO_LINEAGE_CREDIT,2,COMPLETE,INCLUDED,0.3582910490477582,0.37907574602938515,0.3169379485539425,0
r8c-2963-97402865f9b17e59,2963,E2_DYNAMIC_INCREMENTAL_AFTER_FULL_REUSE,CDF4/CDF-MILD,CROSS_EVENT_WARM_START_ONLY,2,COMPLETE,INCLUDED,0.33064140211414966,0.3539062384376776,0.2888381028541279,0
r8c-2964-9a3cd8ae9f260857,2964,E2_DYNAMIC_INCREMENTAL_AFTER_FULL_REUSE,CDF4/CDF-MILD,CROSS_EVENT_MEMORY_ONLY,2,COMPLETE,INCLUDED,0.14865516060045797,0.2514300623405445,0.017056103760386385,0
r8c-2965-00ce2651f6fa534f,2965,E2_DYNAMIC_INCREMENTAL_AFTER_FULL_REUSE,CDF4/CDF-MILD,SHADE_ONLY,2,COMPLETE,INCLUDED,0.1791231911677728,0.2976062807215983,0.022472644139515153,0
r8c-2966-441f2ec3115699f9,2966,E2_DYNAMIC_INCREMENTAL_AFTER_FULL_REUSE,CDF4/CDF-MILD,NO_CROSS_EVENT_MEMORY,3,COMPLETE,INCLUDED,0.1671386733847875,0.2708179068370776,0.022301192329808785,0
r8c-2967-38176cfb5ebe9cc9,2967,E2_DYNAMIC_INCREMENTAL_AFTER_FULL_REUSE,CDF4/CDF-MILD,NO_REJECTION_CREDIT,3,COMPLETE,INCLUDED,0.36040362148712884,0.38196962945063423,0.31789068800508696,0
r8c-2968-9331c8413561df5b,2968,E2_DYNAMIC_INCREMENTAL_AFTER_FULL_REUSE,CDF4/CDF-MILD,NO_MEMORY_RESET_GATE,3,COMPLETE,INCLUDED,0.3598794952138745,0.38074852676616755,0.3185069815651042,0
r8c-2969-b7c6e91e29e37371,2969,E2_DYNAMIC_INCREMENTAL_AFTER_FULL_REUSE,CDF4/CDF-MILD,NO_LINEAGE_CREDIT,3,COMPLETE,INCLUDED,0.36855717347087963,0.3888604875280209,0.32685867129497204,0
r8c-2970-1c6420007599d48e,2970,E2_DYNAMIC_INCREMENTAL_AFTER_FULL_REUSE,CDF4/CDF-MILD,CROSS_EVENT_WARM_START_ONLY,3,COMPLETE,INCLUDED,0.3504245593016148,0.37123989979055894,0.31033727986362375,0
r8c-2971-f3f96c622663800b,2971,E2_DYNAMIC_INCREMENTAL_AFTER_FULL_REUSE,CDF4/CDF-MILD,CROSS_EVENT_MEMORY_ONLY,3,COMPLETE,INCLUDED,0.15544301038616484,0.2592338028531798,0.015589448945038963,0
r8c-2972-061687ac95aa3f46,2972,E2_DYNAMIC_INCREMENTAL_AFTER_FULL_REUSE,CDF4/CDF-MILD,SHADE_ONLY,3,COMPLETE,INCLUDED,0.1806843798520051,0.29627582023799987,0.023822305321634606,0
r8c-2973-f84e94c80b53f141,2973,E2_DYNAMIC_INCREMENTAL_AFTER_FULL_REUSE,CDF4/CDF-MILD,NO_CROSS_EVENT_MEMORY,4,COMPLETE,INCLUDED,0.1661848259069564,0.2676516265794287,0.022423844262143406,0
r8c-2974-5fff46e9095f149f,2974,E2_DYNAMIC_INCREMENTAL_AFTER_FULL_REUSE,CDF4/CDF-MILD,NO_REJECTION_CREDIT,4,COMPLETE,INCLUDED,0.3641210622380551,0.38415096037991664,0.32401803284907926,0
r8c-2975-6d862e820dc45f5a,2975,E2_DYNAMIC_INCREMENTAL_AFTER_FULL_REUSE,CDF4/CDF-MILD,NO_MEMORY_RESET_GATE,4,COMPLETE,INCLUDED,0.35558477404164474,0.3761059356823795,0.31431811133263626,0
r8c-2976-e509e800c0321a82,2976,E2_DYNAMIC_INCREMENTAL_AFTER_FULL_REUSE,CDF4/CDF-MILD,NO_LINEAGE_CREDIT,4,COMPLETE,INCLUDED,0.37325578535302467,0.3937107229748423,0.33032855504314546,0
r8c-2977-edd1fbfbdb89e226,2977,E2_DYNAMIC_INCREMENTAL_AFTER_FULL_REUSE,CDF4/CDF-MILD,CROSS_EVENT_WARM_START_ONLY,4,COMPLETE,INCLUDED,0.3461807415111984,0.36715316712377377,0.3059832264447072,0
r8c-2978-fefd727a184a074e,2978,E2_DYNAMIC_INCREMENTAL_AFTER_FULL_REUSE,CDF4/CDF-MILD,CROSS_EVENT_MEMORY_ONLY,4,COMPLETE,INCLUDED,0.15880985329087802,0.2627635651986055,0.021930817630958416,0
r8c-2979-e964046c258aef5b,2979,E2_DYNAMIC_INCREMENTAL_AFTER_FULL_REUSE,CDF4/CDF-MILD,SHADE_ONLY,4,COMPLETE,INCLUDED,0.17748775430675087,0.29617868375444817,0.022235628497047393,0
r8c-2980-34868f7847515d2c,2980,E2_DYNAMIC_INCREMENTAL_AFTER_FULL_REUSE,CDF5/CDF-HARSH,NO_CROSS_EVENT_MEMORY,0,COMPLETE,INCLUDED,0.0,0.0,0.0,0
r8c-2981-3d0ae8f44e83590f,2981,E2_DYNAMIC_INCREMENTAL_AFTER_FULL_REUSE,CDF5/CDF-HARSH,NO_REJECTION_CREDIT,0,COMPLETE,INCLUDED,0.01929589066940775,0.07166796762905517,0.0006684079610673409,0
r8c-2982-55a571fd93df21ff,2982,E2_DYNAMIC_INCREMENTAL_AFTER_FULL_REUSE,CDF5/CDF-HARSH,NO_MEMORY_RESET_GATE,0,COMPLETE,INCLUDED,0.022992827748926678,0.06834003677953376,0.0002253131533305472,0
r8c-2983-ee6154478454c2b0,2983,E2_DYNAMIC_INCREMENTAL_AFTER_FULL_REUSE,CDF5/CDF-HARSH,NO_LINEAGE_CREDIT,0,COMPLETE,INCLUDED,0.012994335949996839,0.05180474309826713,0.0,0
r8c-2984-63a96d1da30607f4,2984,E2_DYNAMIC_INCREMENTAL_AFTER_FULL_REUSE,CDF5/CDF-HARSH,CROSS_EVENT_WARM_START_ONLY,0,COMPLETE,INCLUDED,0.0034122288545223893,0.012213722861707993,0.0,0
r8c-2985-76f35b290192c2c6,2985,E2_DYNAMIC_INCREMENTAL_AFTER_FULL_REUSE,CDF5/CDF-HARSH,CROSS_EVENT_MEMORY_ONLY,0,COMPLETE,INCLUDED,0.0003882907095092784,0.004495747648107704,0.0,0
r8c-2986-765cd80f5b06315d,2986,E2_DYNAMIC_INCREMENTAL_AFTER_FULL_REUSE,CDF5/CDF-HARSH,SHADE_ONLY,0,COMPLETE,INCLUDED,0.0,0.0,0.0,0
r8c-2987-6491f7a63339e389,2987,E2_DYNAMIC_INCREMENTAL_AFTER_FULL_REUSE,CDF5/CDF-HARSH,NO_CROSS_EVENT_MEMORY,1,COMPLETE,INCLUDED,0.0,0.0,0.0,0
r8c-2988-1d0004a6967f47b5,2988,E2_DYNAMIC_INCREMENTAL_AFTER_FULL_REUSE,CDF5/CDF-HARSH,NO_REJECTION_CREDIT,1,COMPLETE,INCLUDED,0.010777369612390493,0.04373311090558661,0.00024339774712830032,0
r8c-2989-2a07de963bc66acc,2989,E2_DYNAMIC_INCREMENTAL_AFTER_FULL_REUSE,CDF5/CDF-HARSH,NO_MEMORY_RESET_GATE,1,COMPLETE,INCLUDED,0.02121809721709801,0.06821891280847275,7.457704995416307e-05,0
r8c-2990-2638316d70175866,2990,E2_DYNAMIC_INCREMENTAL_AFTER_FULL_REUSE,CDF5/CDF-HARSH,NO_LINEAGE_CREDIT,1,COMPLETE,INCLUDED,0.0141840052080857,0.0500215565195602,0.0001018383910081509,0
r8c-2991-31721107ef671ee5,2991,E2_DYNAMIC_INCREMENTAL_AFTER_FULL_REUSE,CDF5/CDF-HARSH,CROSS_EVENT_WARM_START_ONLY,1,COMPLETE,INCLUDED,0.00336579146283956,0.009882003731365488,0.0,0
r8c-2992-42e1bc31be4698b2,2992,E2_DYNAMIC_INCREMENTAL_AFTER_FULL_REUSE,CDF5/CDF-HARSH,CROSS_EVENT_MEMORY_ONLY,1,COMPLETE,INCLUDED,0.0013491990708229878,0.014928067659447137,0.0,0
r8c-2993-69f3fcdee2594369,2993,E2_DYNAMIC_INCREMENTAL_AFTER_FULL_REUSE,CDF5/CDF-HARSH,SHADE_ONLY,1,COMPLETE,INCLUDED,1.0935741808464798e-05,0.00043742967233859146,0.0,0
r8c-2994-ef892aa3c2136471,2994,E2_DYNAMIC_INCREMENTAL_AFTER_FULL_REUSE,CDF5/CDF-HARSH,NO_CROSS_EVENT_MEMORY,2,COMPLETE,INCLUDED,4.194854981701129e-07,5.593139975601504e-06,0.0,0
r8c-2995-23288108f0b4a51c,2995,E2_DYNAMIC_INCREMENTAL_AFTER_FULL_REUSE,CDF5/CDF-HARSH,NO_REJECTION_CREDIT,2,COMPLETE,INCLUDED,0.010262634376988131,0.0425607378104796,3.6136588937166824e-05,0
r8c-2996-001df5f5a7c11808,2996,E2_DYNAMIC_INCREMENTAL_AFTER_FULL_REUSE,CDF5/CDF-HARSH,NO_MEMORY_RESET_GATE,2,COMPLETE,INCLUDED,0.019461145543589724,0.07148894790618847,9.406209829605484e-06,0
r8c-2997-16a8a55a064b71be,2997,E2_DYNAMIC_INCREMENTAL_AFTER_FULL_REUSE,CDF5/CDF-HARSH,NO_LINEAGE_CREDIT,2,COMPLETE,INCLUDED,0.01865616715645439,0.062109725528430366,0.0002847830000835945,0
r8c-2998-3323f6f7d1298842,2998,E2_DYNAMIC_INCREMENTAL_AFTER_FULL_REUSE,CDF5/CDF-HARSH,CROSS_EVENT_WARM_START_ONLY,2,COMPLETE,INCLUDED,0.0011440564300957351,0.004897845164410995,0.0,0
r8c-2999-15e7bddccce603cc,2999,E2_DYNAMIC_INCREMENTAL_AFTER_FULL_REUSE,CDF5/CDF-HARSH,CROSS_EVENT_MEMORY_ONLY,2,COMPLETE,INCLUDED,0.00030792837773818287,0.00678594695531337,0.0,0
r8c-3000-3ebf178d45d9b738,3000,E2_DYNAMIC_INCREMENTAL_AFTER_FULL_REUSE,CDF5/CDF-HARSH,SHADE_ONLY,2,COMPLETE,INCLUDED,7.364989589037687e-05,0.0008770799411528419,0.0,0
r8c-3001-0e49a2f431110383,3001,E2_DYNAMIC_INCREMENTAL_AFTER_FULL_REUSE,CDF5/CDF-HARSH,NO_CROSS_EVENT_MEMORY,3,COMPLETE,INCLUDED,0.0,0.0,0.0,0
r8c-3002-fa87000d78b7122d,3002,E2_DYNAMIC_INCREMENTAL_AFTER_FULL_REUSE,CDF5/CDF-HARSH,NO_REJECTION_CREDIT,3,COMPLETE,INCLUDED,0.017699841295451265,0.06673613733788453,0.00016439302216664367,0
r8c-3003-f17504c35540d07a,3003,E2_DYNAMIC_INCREMENTAL_AFTER_FULL_REUSE,CDF5/CDF-HARSH,NO_MEMORY_RESET_GATE,3,COMPLETE,INCLUDED,0.015293900848017893,0.05904991567607301,0.00015054551875526683,0
r8c-3004-4e93ee08a2547ce6,3004,E2_DYNAMIC_INCREMENTAL_AFTER_FULL_REUSE,CDF5/CDF-HARSH,NO_LINEAGE_CREDIT,3,COMPLETE,INCLUDED,0.019206826923155226,0.06340952478415014,1.3669943563080048e-05,0
r8c-3005-b315aa205d7b23e5,3005,E2_DYNAMIC_INCREMENTAL_AFTER_FULL_REUSE,CDF5/CDF-HARSH,CROSS_EVENT_WARM_START_ONLY,3,COMPLETE,INCLUDED,0.0020703740583031846,0.010591228936757903,0.0,0
r8c-3006-cc3744592cc5ea40,3006,E2_DYNAMIC_INCREMENTAL_AFTER_FULL_REUSE,CDF5/CDF-HARSH,CROSS_EVENT_MEMORY_ONLY,3,COMPLETE,INCLUDED,0.0004198132099529021,0.006982556869549006,0.0,0
r8c-3007-f07b743d25e434dd,3007,E2_DYNAMIC_INCREMENTAL_AFTER_FULL_REUSE,CDF5/CDF-HARSH,SHADE_ONLY,3,COMPLETE,INCLUDED,0.0002570238045116484,0.0020041248058586133,0.0,0
r8c-3008-020fb177edb84919,3008,E2_DYNAMIC_INCREMENTAL_AFTER_FULL_REUSE,CDF5/CDF-HARSH,NO_CROSS_EVENT_MEMORY,4,COMPLETE,INCLUDED,0.0,0.0,0.0,0
r8c-3009-cf53b4acfa6ae3c6,3009,E2_DYNAMIC_INCREMENTAL_AFTER_FULL_REUSE,CDF5/CDF-HARSH,NO_REJECTION_CREDIT,4,COMPLETE,INCLUDED,0.02248219365565731,0.06594125395915561,0.001457452646056266,0
r8c-3010-f43b47794979bd92,3010,E2_DYNAMIC_INCREMENTAL_AFTER_FULL_REUSE,CDF5/CDF-HARSH,NO_MEMORY_RESET_GATE,4,COMPLETE,INCLUDED,0.018702825294394765,0.0601908132521979,9.506136053060219e-05,0
r8c-3011-0ef054a6b6a0c693,3011,E2_DYNAMIC_INCREMENTAL_AFTER_FULL_REUSE,CDF5/CDF-HARSH,NO_LINEAGE_CREDIT,4,COMPLETE,INCLUDED,0.029965047173751324,0.07590813426958404,0.0012937710332488277,0
r8c-3012-c2e477e083e3acf7,3012,E2_DYNAMIC_INCREMENTAL_AFTER_FULL_REUSE,CDF5/CDF-HARSH,CROSS_EVENT_WARM_START_ONLY,4,COMPLETE,INCLUDED,0.0014964636267223673,0.006684860152281921,0.0,0
r8c-3013-c2b7b4e9054c1961,3013,E2_DYNAMIC_INCREMENTAL_AFTER_FULL_REUSE,CDF5/CDF-HARSH,CROSS_EVENT_MEMORY_ONLY,4,COMPLETE,INCLUDED,0.0014465911170877634,0.014220100662596453,0.0,0
r8c-3014-d80f718db706b932,3014,E2_DYNAMIC_INCREMENTAL_AFTER_FULL_REUSE,CDF5/CDF-HARSH,SHADE_ONLY,4,COMPLETE,INCLUDED,2.4103863202936413e-05,0.0003213848427058188,0.0,0
r8c-3015-4ac3ff6f77159bb1,3015,E2_DYNAMIC_INCREMENTAL_AFTER_FULL_REUSE,CDF5/CDF-MILD,NO_CROSS_EVENT_MEMORY,0,COMPLETE,INCLUDED,0.0,0.0,0.0,0
r8c-3016-60f001166932c4ec,3016,E2_DYNAMIC_INCREMENTAL_AFTER_FULL_REUSE,CDF5/CDF-MILD,NO_REJECTION_CREDIT,0,COMPLETE,INCLUDED,0.05766267888504926,0.12960490610464265,0.01898102111762906,0
r8c-3017-3b6ece16990201b5,3017,E2_DYNAMIC_INCREMENTAL_AFTER_FULL_REUSE,CDF5/CDF-MILD,NO_MEMORY_RESET_GATE,0,COMPLETE,INCLUDED,0.08953665205679245,0.19538859381683596,0.025604398538830786,0
r8c-3018-b44431d6fa7692c1,3018,E2_DYNAMIC_INCREMENTAL_AFTER_FULL_REUSE,CDF5/CDF-MILD,NO_LINEAGE_CREDIT,0,COMPLETE,INCLUDED,0.05465986344440761,0.12480631772382138,0.016463533549463845,0
r8c-3019-e9c3505a5fd5676b,3019,E2_DYNAMIC_INCREMENTAL_AFTER_FULL_REUSE,CDF5/CDF-MILD,CROSS_EVENT_WARM_START_ONLY,0,COMPLETE,INCLUDED,0.014215597390057089,0.03435108005613431,0.004087147912714069,0
r8c-3020-c4ef3ba4b1c7249b,3020,E2_DYNAMIC_INCREMENTAL_AFTER_FULL_REUSE,CDF5/CDF-MILD,CROSS_EVENT_MEMORY_ONLY,0,COMPLETE,INCLUDED,0.001102344658453302,0.00939298068245101,0.0,0
r8c-3021-c14bdcf6556dc3b3,3021,E2_DYNAMIC_INCREMENTAL_AFTER_FULL_REUSE,CDF5/CDF-MILD,SHADE_ONLY,0,COMPLETE,INCLUDED,0.00014532262190201573,0.0011766766112195045,0.0,0
r8c-3022-986dc20a01dac371,3022,E2_DYNAMIC_INCREMENTAL_AFTER_FULL_REUSE,CDF5/CDF-MILD,NO_CROSS_EVENT_MEMORY,1,COMPLETE,INCLUDED,0.0,0.0,0.0,0
r8c-3023-2673d9c8df357772,3023,E2_DYNAMIC_INCREMENTAL_AFTER_FULL_REUSE,CDF5/CDF-MILD,NO_REJECTION_CREDIT,1,COMPLETE,INCLUDED,0.058971312950213725,0.13799246265370219,0.018261940249560415,0
r8c-3024-c1303db69014e2b2,3024,E2_DYNAMIC_INCREMENTAL_AFTER_FULL_REUSE,CDF5/CDF-MILD,NO_MEMORY_RESET_GATE,1,COMPLETE,INCLUDED,0.038845377967164384,0.09182240146717961,0.01158107792082281,0
r8c-3025-5ad0cb5549525888,3025,E2_DYNAMIC_INCREMENTAL_AFTER_FULL_REUSE,CDF5/CDF-MILD,NO_LINEAGE_CREDIT,1,COMPLETE,INCLUDED,0.05531576026049425,0.12123626402474996,0.016269339517493757,0
r8c-3026-6a7b2ac656545d30,3026,E2_DYNAMIC_INCREMENTAL_AFTER_FULL_REUSE,CDF5/CDF-MILD,CROSS_EVENT_WARM_START_ONLY,1,COMPLETE,INCLUDED,0.009297522919602482,0.01884301741123536,0.0028672907892035525,0
r8c-3027-05e4302c248d3f22,3027,E2_DYNAMIC_INCREMENTAL_AFTER_FULL_REUSE,CDF5/CDF-MILD,CROSS_EVENT_MEMORY_ONLY,1,COMPLETE,INCLUDED,0.0007509592996811462,0.01022874709970098,0.0,0
r8c-3028-0f54c8d79b4e4f01,3028,E2_DYNAMIC_INCREMENTAL_AFTER_FULL_REUSE,CDF5/CDF-MILD,SHADE_ONLY,1,COMPLETE,INCLUDED,3.252136037057357e-06,8.739356948566889e-05,0.0,0
r8c-3029-75eb7a526036f197,3029,E2_DYNAMIC_INCREMENTAL_AFTER_FULL_REUSE,CDF5/CDF-MILD,NO_CROSS_EVENT_MEMORY,2,COMPLETE,INCLUDED,0.0,0.0,0.0,0
r8c-3030-749d7703523854f7,3030,E2_DYNAMIC_INCREMENTAL_AFTER_FULL_REUSE,CDF5/CDF-MILD,NO_REJECTION_CREDIT,2,COMPLETE,INCLUDED,0.046442974230084734,0.10225856039401557,0.01741011911212776,0
r8c-3031-bcec5600f6ce3acb,3031,E2_DYNAMIC_INCREMENTAL_AFTER_FULL_REUSE,CDF5/CDF-MILD,NO_MEMORY_RESET_GATE,2,COMPLETE,INCLUDED,0.04929709041622336,0.1141105150316472,0.01308335090727899,0
r8c-3032-9c0fa7cf72699873,3032,E2_DYNAMIC_INCREMENTAL_AFTER_FULL_REUSE,CDF5/CDF-MILD,NO_LINEAGE_CREDIT,2,COMPLETE,INCLUDED,0.05936835436999691,0.13314109768602567,0.020171594563376388,0
r8c-3033-b837e7bdaf8ac96f,3033,E2_DYNAMIC_INCREMENTAL_AFTER_FULL_REUSE,CDF5/CDF-MILD,CROSS_EVENT_WARM_START_ONLY,2,COMPLETE,INCLUDED,0.02159299256324908,0.0428579582552279,0.008464911660256218,0
r8c-3034-d39bf8381ee8689a,3034,E2_DYNAMIC_INCREMENTAL_AFTER_FULL_REUSE,CDF5/CDF-MILD,CROSS_EVENT_MEMORY_ONLY,2,COMPLETE,INCLUDED,0.0012241950451368588,0.009760292599939331,0.0,0
r8c-3035-48867926d78d7dd2,3035,E2_DYNAMIC_INCREMENTAL_AFTER_FULL_REUSE,CDF5/CDF-MILD,SHADE_ONLY,2,COMPLETE,INCLUDED,3.976526448970668e-06,0.00011825570625811827,0.0,0
r8c-3036-62f77f9e47ea3b7c,3036,E2_DYNAMIC_INCREMENTAL_AFTER_FULL_REUSE,CDF5/CDF-MILD,NO_CROSS_EVENT_MEMORY,3,COMPLETE,INCLUDED,0.0,0.0,0.0,0
r8c-3037-f3a472cf1107a4ff,3037,E2_DYNAMIC_INCREMENTAL_AFTER_FULL_REUSE,CDF5/CDF-MILD,NO_REJECTION_CREDIT,3,COMPLETE,INCLUDED,0.049084103741181793,0.11603680096234009,0.013463735932643382,0
r8c-3038-abafe6a565e29baf,3038,E2_DYNAMIC_INCREMENTAL_AFTER_FULL_REUSE,CDF5/CDF-MILD,NO_MEMORY_RESET_GATE,3,COMPLETE,INCLUDED,0.05167835345320575,0.11205339924833926,0.019358320201372924,0
r8c-3039-f0eb911fdadaa369,3039,E2_DYNAMIC_INCREMENTAL_AFTER_FULL_REUSE,CDF5/CDF-MILD,NO_LINEAGE_CREDIT,3,COMPLETE,INCLUDED,0.04721941407078857,0.11694790019927939,0.012712065356094811,0
r8c-3040-15ef87d898b97f22,3040,E2_DYNAMIC_INCREMENTAL_AFTER_FULL_REUSE,CDF5/CDF-MILD,CROSS_EVENT_WARM_START_ONLY,3,COMPLETE,INCLUDED,0.019790697824860582,0.04242049220051366,0.008753830469659064,0
r8c-3041-185aaa8833d36d3d,3041,E2_DYNAMIC_INCREMENTAL_AFTER_FULL_REUSE,CDF5/CDF-MILD,CROSS_EVENT_MEMORY_ONLY,3,COMPLETE,INCLUDED,0.0013185012782604656,0.011101596226017358,0.0,0
r8c-3042-1599f3ead3404a27,3042,E2_DYNAMIC_INCREMENTAL_AFTER_FULL_REUSE,CDF5/CDF-MILD,SHADE_ONLY,3,COMPLETE,INCLUDED,6.020263417835416e-07,2.408105367134164e-05,0.0,0
r8c-3043-2c9cc80098546627,3043,E2_DYNAMIC_INCREMENTAL_AFTER_FULL_REUSE,CDF5/CDF-MILD,NO_CROSS_EVENT_MEMORY,4,COMPLETE,INCLUDED,0.0,0.0,0.0,0
r8c-3044-585ec86d40522c92,3044,E2_DYNAMIC_INCREMENTAL_AFTER_FULL_REUSE,CDF5/CDF-MILD,NO_REJECTION_CREDIT,4,COMPLETE,INCLUDED,0.05154770861782169,0.12470295849330132,0.01530984639624952,0
r8c-3045-68706dfd73b2b92a,3045,E2_DYNAMIC_INCREMENTAL_AFTER_FULL_REUSE,CDF5/CDF-MILD,NO_MEMORY_RESET_GATE,4,COMPLETE,INCLUDED,0.04353605856164192,0.09794184900756557,0.01484488825869966,0
r8c-3046-d5d271eb6db8df3c,3046,E2_DYNAMIC_INCREMENTAL_AFTER_FULL_REUSE,CDF5/CDF-MILD,NO_LINEAGE_CREDIT,4,COMPLETE,INCLUDED,0.055896562447105794,0.11662976320861305,0.016198952737284073,0
r8c-3047-1285cdba65229384,3047,E2_DYNAMIC_INCREMENTAL_AFTER_FULL_REUSE,CDF5/CDF-MILD,CROSS_EVENT_WARM_START_ONLY,4,COMPLETE,INCLUDED,0.015068377820750262,0.031227601698294236,0.005648056909414028,0
r8c-3048-8799f630697a87b9,3048,E2_DYNAMIC_INCREMENTAL_AFTER_FULL_REUSE,CDF5/CDF-MILD,CROSS_EVENT_MEMORY_ONLY,4,COMPLETE,INCLUDED,0.0006799247173480121,0.00784569419392787,0.0,0
r8c-3049-8b7569b3d30501a6,3049,E2_DYNAMIC_INCREMENTAL_AFTER_FULL_REUSE,CDF5/CDF-MILD,SHADE_ONLY,4,COMPLETE,INCLUDED,7.07588925247927e-05,0.0010250479476649995,0.0,0
r8c-3050-806551bca70e9870,3050,E2_DYNAMIC_INCREMENTAL_AFTER_FULL_REUSE,CDF6/CDF-HARSH,NO_CROSS_EVENT_MEMORY,0,COMPLETE,INCLUDED,0.3487998086091922,0.5606693928479222,0.0148401455372109,0
r8c-3051-2d0f5004b6e59a1b,3051,E2_DYNAMIC_INCREMENTAL_AFTER_FULL_REUSE,CDF6/CDF-HARSH,NO_REJECTION_CREDIT,0,COMPLETE,INCLUDED,0.5419985757980841,0.6110992596603035,0.3971439373720308,0
r8c-3052-aab98bf736cddd64,3052,E2_DYNAMIC_INCREMENTAL_AFTER_FULL_REUSE,CDF6/CDF-HARSH,NO_MEMORY_RESET_GATE,0,COMPLETE,INCLUDED,0.5414200685299484,0.6075093296984359,0.39679803888358933,0
r8c-3053-2abdde26d5bebbf3,3053,E2_DYNAMIC_INCREMENTAL_AFTER_FULL_REUSE,CDF6/CDF-HARSH,NO_LINEAGE_CREDIT,0,COMPLETE,INCLUDED,0.541138730180924,0.6040352901015993,0.40054856278064993,0
r8c-3054-8140f0abc4ce2968,3054,E2_DYNAMIC_INCREMENTAL_AFTER_FULL_REUSE,CDF6/CDF-HARSH,CROSS_EVENT_WARM_START_ONLY,0,COMPLETE,INCLUDED,0.5362776676626543,0.6033221922872299,0.3947918097088601,0
r8c-3055-ad4f28babe6654fe,3055,E2_DYNAMIC_INCREMENTAL_AFTER_FULL_REUSE,CDF6/CDF-HARSH,CROSS_EVENT_MEMORY_ONLY,0,COMPLETE,INCLUDED,0.34543288844706826,0.5717871839138383,0.014347998921242312,0
r8c-3056-ddff1bf99d06cc1c,3056,E2_DYNAMIC_INCREMENTAL_AFTER_FULL_REUSE,CDF6/CDF-HARSH,SHADE_ONLY,0,COMPLETE,INCLUDED,0.3526518805866496,0.5687399898044208,0.012091863518807292,0
r8c-3057-7e1af9ff580f7646,3057,E2_DYNAMIC_INCREMENTAL_AFTER_FULL_REUSE,CDF6/CDF-HARSH,NO_CROSS_EVENT_MEMORY,1,COMPLETE,INCLUDED,0.3499116705311105,0.5589548395220592,0.015434148156663127,0
r8c-3058-4e3606c53fc5609f,3058,E2_DYNAMIC_INCREMENTAL_AFTER_FULL_REUSE,CDF6/CDF-HARSH,NO_REJECTION_CREDIT,1,COMPLETE,INCLUDED,0.5450875290602172,0.6129812215964907,0.400974339139094,0
r8c-3059-b7fc094bc90bde55,3059,E2_DYNAMIC_INCREMENTAL_AFTER_FULL_REUSE,CDF6/CDF-HARSH,NO_MEMORY_RESET_GATE,1,COMPLETE,INCLUDED,0.5436243193515192,0.6117519414122614,0.3981346573605746,0
r8c-3060-aba16c0be312bf70,3060,E2_DYNAMIC_INCREMENTAL_AFTER_FULL_REUSE,CDF6/CDF-HARSH,NO_LINEAGE_CREDIT,1,COMPLETE,INCLUDED,0.5445780806896311,0.6103169665203908,0.40013981554519723,0
r8c-3061-423d4dc528f1cc66,3061,E2_DYNAMIC_INCREMENTAL_AFTER_FULL_REUSE,CDF6/CDF-HARSH,CROSS_EVENT_WARM_START_ONLY,1,COMPLETE,INCLUDED,0.536496460401841,0.6019062827848852,0.394524746252893,0
r8c-3062-fa3ecdd458f1ebc4,3062,E2_DYNAMIC_INCREMENTAL_AFTER_FULL_REUSE,CDF6/CDF-HARSH,CROSS_EVENT_MEMORY_ONLY,1,COMPLETE,INCLUDED,0.3466551869500801,0.5751926011389078,0.01117751316107026,0
r8c-3063-8d5fe8c3c6d6692c,3063,E2_DYNAMIC_INCREMENTAL_AFTER_FULL_REUSE,CDF6/CDF-HARSH,SHADE_ONLY,1,COMPLETE,INCLUDED,0.3484168934883793,0.5653842767543966,0.010623351508419062,0
r8c-3064-f1ae8fafe8f150c2,3064,E2_DYNAMIC_INCREMENTAL_AFTER_FULL_REUSE,CDF6/CDF-HARSH,NO_CROSS_EVENT_MEMORY,2,COMPLETE,INCLUDED,0.3527664241627663,0.557856767988541,0.019829195540078087,0
r8c-3065-ce42062fc64b19bc,3065,E2_DYNAMIC_INCREMENTAL_AFTER_FULL_REUSE,CDF6/CDF-HARSH,NO_REJECTION_CREDIT,2,COMPLETE,INCLUDED,0.5442119492828181,0.6099870253346708,0.40114563456951435,0
r8c-3066-de84560c61c212a8,3066,E2_DYNAMIC_INCREMENTAL_AFTER_FULL_REUSE,CDF6/CDF-HARSH,NO_MEMORY_RESET_GATE,2,COMPLETE,INCLUDED,0.5429409863320971,0.6128154126294191,0.3989046640564713,0
r8c-3067-65c8ad1a3803fcfc,3067,E2_DYNAMIC_INCREMENTAL_AFTER_FULL_REUSE,CDF6/CDF-HARSH,NO_LINEAGE_CREDIT,2,COMPLETE,INCLUDED,0.5488278384010241,0.6172039357070459,0.4022727850410807,0
r8c-3068-fb2354f37b4f02c2,3068,E2_DYNAMIC_INCREMENTAL_AFTER_FULL_REUSE,CDF6/CDF-HARSH,CROSS_EVENT_WARM_START_ONLY,2,COMPLETE,INCLUDED,0.5392034006797102,0.6058156430001993,0.3974730229111205,0
r8c-3069-41a3bd66091076de,3069,E2_DYNAMIC_INCREMENTAL_AFTER_FULL_REUSE,CDF6/CDF-HARSH,CROSS_EVENT_MEMORY_ONLY,2,COMPLETE,INCLUDED,0.34309138952319845,0.5733055889680128,0.008211370147167697,0
r8c-3070-19f38196ace151d1,3070,E2_DYNAMIC_INCREMENTAL_AFTER_FULL_REUSE,CDF6/CDF-HARSH,SHADE_ONLY,2,COMPLETE,INCLUDED,0.35351047072176806,0.5645030493201542,0.02113256333179328,0
r8c-3071-f513cf9cb9970009,3071,E2_DYNAMIC_INCREMENTAL_AFTER_FULL_REUSE,CDF6/CDF-HARSH,NO_CROSS_EVENT_MEMORY,3,COMPLETE,INCLUDED,0.34862394540065444,0.559548394754804,0.01384605918629295,0
r8c-3072-5aca76a6a0e20504,3072,E2_DYNAMIC_INCREMENTAL_AFTER_FULL_REUSE,CDF6/CDF-HARSH,NO_REJECTION_CREDIT,3,COMPLETE,INCLUDED,0.544318624421474,0.609549013003062,0.40170184730444003,0
r8c-3073-31e053ac3b5e8a51,3073,E2_DYNAMIC_INCREMENTAL_AFTER_FULL_REUSE,CDF6/CDF-HARSH,NO_MEMORY_RESET_GATE,3,COMPLETE,INCLUDED,0.5391504486019586,0.6061386655807545,0.3974603241985506,0
r8c-3074-03b5a87a58754549,3074,E2_DYNAMIC_INCREMENTAL_AFTER_FULL_REUSE,CDF6/CDF-HARSH,NO_LINEAGE_CREDIT,3,COMPLETE,INCLUDED,0.5378478660932342,0.5993268570068931,0.39985606565100307,0
r8c-3075-63237bc91cb15306,3075,E2_DYNAMIC_INCREMENTAL_AFTER_FULL_REUSE,CDF6/CDF-HARSH,CROSS_EVENT_WARM_START_ONLY,3,COMPLETE,INCLUDED,0.5357109525346657,0.5983552870469906,0.3961600261641782,0
r8c-3076-999e08a653f8620e,3076,E2_DYNAMIC_INCREMENTAL_AFTER_FULL_REUSE,CDF6/CDF-HARSH,CROSS_EVENT_MEMORY_ONLY,3,COMPLETE,INCLUDED,0.34846490884930326,0.5734541214242451,0.011206885407207698,0
r8c-3077-c10c07685f7b926e,3077,E2_DYNAMIC_INCREMENTAL_AFTER_FULL_REUSE,CDF6/CDF-HARSH,SHADE_ONLY,3,COMPLETE,INCLUDED,0.3505458108469713,0.5679130970404564,0.016245606270786757,0
r8c-3078-3f23529b82be31f9,3078,E2_DYNAMIC_INCREMENTAL_AFTER_FULL_REUSE,CDF6/CDF-HARSH,NO_CROSS_EVENT_MEMORY,4,COMPLETE,INCLUDED,0.3527893603604761,0.5597255715715624,0.02108833825515279,0
r8c-3079-501d26fadbbb5dce,3079,E2_DYNAMIC_INCREMENTAL_AFTER_FULL_REUSE,CDF6/CDF-HARSH,NO_REJECTION_CREDIT,4,COMPLETE,INCLUDED,0.5444794311922873,0.6110127844429151,0.3992727597043583,0
r8c-3080-bc1216db8b7bc1f1,3080,E2_DYNAMIC_INCREMENTAL_AFTER_FULL_REUSE,CDF6/CDF-HARSH,NO_MEMORY_RESET_GATE,4,COMPLETE,INCLUDED,0.5451204242732414,0.6134298427113112,0.3993222011058458,0
r8c-3081-1df0de4af52d7d0d,3081,E2_DYNAMIC_INCREMENTAL_AFTER_FULL_REUSE,CDF6/CDF-HARSH,NO_LINEAGE_CREDIT,4,COMPLETE,INCLUDED,0.5433300153100112,0.6074332774111064,0.4030698850368141,0
r8c-3082-3ea0a3dbcde16ede,3082,E2_DYNAMIC_INCREMENTAL_AFTER_FULL_REUSE,CDF6/CDF-HARSH,CROSS_EVENT_WARM_START_ONLY,4,COMPLETE,INCLUDED,0.5373136286973356,0.6020576432082552,0.39695122884473477,0
r8c-3083-43ac4725b135ed39,3083,E2_DYNAMIC_INCREMENTAL_AFTER_FULL_REUSE,CDF6/CDF-HARSH,CROSS_EVENT_MEMORY_ONLY,4,COMPLETE,INCLUDED,0.3460401287510591,0.5738013377485027,0.00840575381356983,0
r8c-3084-30498288f0d49ade,3084,E2_DYNAMIC_INCREMENTAL_AFTER_FULL_REUSE,CDF6/CDF-HARSH,SHADE_ONLY,4,COMPLETE,INCLUDED,0.34785619104618354,0.5608608414875818,0.0167209939897435,0
r8c-3085-e762df01cf989749,3085,E2_DYNAMIC_INCREMENTAL_AFTER_FULL_REUSE,CDF6/CDF-MILD,NO_CROSS_EVENT_MEMORY,0,COMPLETE,INCLUDED,0.3454188002469915,0.5562848727242413,0.011077030215666884,0
r8c-3086-5156ae78d28e495e,3086,E2_DYNAMIC_INCREMENTAL_AFTER_FULL_REUSE,CDF6/CDF-MILD,NO_REJECTION_CREDIT,0,COMPLETE,INCLUDED,0.5738278309693748,0.6130752279835071,0.48791401158764713,0
r8c-3087-40bb8cb1e38d14c3,3087,E2_DYNAMIC_INCREMENTAL_AFTER_FULL_REUSE,CDF6/CDF-MILD,NO_MEMORY_RESET_GATE,0,COMPLETE,INCLUDED,0.5803974401744741,0.6190260904448978,0.4922947449285667,0
r8c-3088-3a634cc9b703f402,3088,E2_DYNAMIC_INCREMENTAL_AFTER_FULL_REUSE,CDF6/CDF-MILD,NO_LINEAGE_CREDIT,0,COMPLETE,INCLUDED,0.5833843480820226,0.624448770560645,0.49429773922846454,0
r8c-3089-3ea4e34d7ecf936e,3089,E2_DYNAMIC_INCREMENTAL_AFTER_FULL_REUSE,CDF6/CDF-MILD,CROSS_EVENT_WARM_START_ONLY,0,COMPLETE,INCLUDED,0.5764824177175992,0.620636604483236,0.4883296970553123,0
r8c-3090-7262888c18e52d32,3090,E2_DYNAMIC_INCREMENTAL_AFTER_FULL_REUSE,CDF6/CDF-MILD,CROSS_EVENT_MEMORY_ONLY,0,COMPLETE,INCLUDED,0.3554232532897906,0.5743621918433425,0.01461785458273576,0
r8c-3091-59041e5d47870647,3091,E2_DYNAMIC_INCREMENTAL_AFTER_FULL_REUSE,CDF6/CDF-MILD,SHADE_ONLY,0,COMPLETE,INCLUDED,0.35239832778330926,0.5626353190777963,0.018573200631307758,0
r8c-3092-176d49b597d48c49,3092,E2_DYNAMIC_INCREMENTAL_AFTER_FULL_REUSE,CDF6/CDF-MILD,NO_CROSS_EVENT_MEMORY,1,COMPLETE,INCLUDED,0.35177651813110217,0.56193609212081,0.012608280650467232,0
r8c-3093-0a8f4fdfc6a5e714,3093,E2_DYNAMIC_INCREMENTAL_AFTER_FULL_REUSE,CDF6/CDF-MILD,NO_REJECTION_CREDIT,1,COMPLETE,INCLUDED,0.5915242584943428,0.6364396048044791,0.49958895502944495,0
r8c-3094-662cbec86bac987d,3094,E2_DYNAMIC_INCREMENTAL_AFTER_FULL_REUSE,CDF6/CDF-MILD,NO_MEMORY_RESET_GATE,1,COMPLETE,INCLUDED,0.5768880955591827,0.61503162441033,0.4901009477318736,0
r8c-3095-7065facc909ced92,3095,E2_DYNAMIC_INCREMENTAL_AFTER_FULL_REUSE,CDF6/CDF-MILD,NO_LINEAGE_CREDIT,1,COMPLETE,INCLUDED,0.5925809045567872,0.6348226419650415,0.5007615470249828,0
r8c-3096-6b100be66c7ccaba,3096,E2_DYNAMIC_INCREMENTAL_AFTER_FULL_REUSE,CDF6/CDF-MILD,CROSS_EVENT_WARM_START_ONLY,1,COMPLETE,INCLUDED,0.5693493059407088,0.6095596309797867,0.481375509451198,0
r8c-3097-0f1d2835b9583baf,3097,E2_DYNAMIC_INCREMENTAL_AFTER_FULL_REUSE,CDF6/CDF-MILD,CROSS_EVENT_MEMORY_ONLY,1,COMPLETE,INCLUDED,0.34025382724743947,0.5750434262610953,0.00958273814428399,0
r8c-3098-97bfc11a31f320fa,3098,E2_DYNAMIC_INCREMENTAL_AFTER_FULL_REUSE,CDF6/CDF-MILD,SHADE_ONLY,1,COMPLETE,INCLUDED,0.3478123511258929,0.5680305501796353,0.015087118596701615,0
r8c-3099-547deaeba09ccfed,3099,E2_DYNAMIC_INCREMENTAL_AFTER_FULL_REUSE,CDF6/CDF-MILD,NO_CROSS_EVENT_MEMORY,2,COMPLETE,INCLUDED,0.3499848685972145,0.5559244070615352,0.016003617274036517,0
r8c-3100-cc2de0edae550a70,3100,E2_DYNAMIC_INCREMENTAL_AFTER_FULL_REUSE,CDF6/CDF-MILD,NO_REJECTION_CREDIT,2,COMPLETE,INCLUDED,0.5930519916579715,0.637116772670553,0.5018650691848104,0
r8c-3101-3f7ad3d480c0c9ab,3101,E2_DYNAMIC_INCREMENTAL_AFTER_FULL_REUSE,CDF6/CDF-MILD,NO_MEMORY_RESET_GATE,2,COMPLETE,INCLUDED,0.5850282713131008,0.6251904358000056,0.49593287612181924,0
r8c-3102-a2fe0ed47db43b9c,3102,E2_DYNAMIC_INCREMENTAL_AFTER_FULL_REUSE,CDF6/CDF-MILD,NO_LINEAGE_CREDIT,2,COMPLETE,INCLUDED,0.5954981214296178,0.6391131007335354,0.504407653108407,0
r8c-3103-2c73a223b18998c7,3103,E2_DYNAMIC_INCREMENTAL_AFTER_FULL_REUSE,CDF6/CDF-MILD,CROSS_EVENT_WARM_START_ONLY,2,COMPLETE,INCLUDED,0.5712304495303477,0.6104598102073987,0.4845104979636462,0
r8c-3104-809bce22d3422612,3104,E2_DYNAMIC_INCREMENTAL_AFTER_FULL_REUSE,CDF6/CDF-MILD,CROSS_EVENT_MEMORY_ONLY,2,COMPLETE,INCLUDED,0.34310843375169403,0.5717298824733957,0.010345452212763858,0
r8c-3105-00ea3f5588ae4fc8,3105,E2_DYNAMIC_INCREMENTAL_AFTER_FULL_REUSE,CDF6/CDF-MILD,SHADE_ONLY,2,COMPLETE,INCLUDED,0.35111516065959286,0.5666463651016709,0.016503367784607207,0
r8c-3106-23a8e92b28057d82,3106,E2_DYNAMIC_INCREMENTAL_AFTER_FULL_REUSE,CDF6/CDF-MILD,NO_CROSS_EVENT_MEMORY,3,COMPLETE,INCLUDED,0.3499905663804236,0.5612042425440545,0.014419162994922848,0
r8c-3107-844d180f8abb7d3f,3107,E2_DYNAMIC_INCREMENTAL_AFTER_FULL_REUSE,CDF6/CDF-MILD,NO_REJECTION_CREDIT,3,COMPLETE,INCLUDED,0.5845357729143698,0.6262387204975536,0.4957745847250272,0
r8c-3108-aaca949b9f896089,3108,E2_DYNAMIC_INCREMENTAL_AFTER_FULL_REUSE,CDF6/CDF-MILD,NO_MEMORY_RESET_GATE,3,COMPLETE,INCLUDED,0.5937433942131729,0.640783211454206,0.4991484916085681,0
r8c-3109-d265a32a62d584cd,3109,E2_DYNAMIC_INCREMENTAL_AFTER_FULL_REUSE,CDF6/CDF-MILD,NO_LINEAGE_CREDIT,3,COMPLETE,INCLUDED,0.5885205374335185,0.6326299786845109,0.49699223113362534,0
r8c-3110-6304a545313c99e4,3110,E2_DYNAMIC_INCREMENTAL_AFTER_FULL_REUSE,CDF6/CDF-MILD,CROSS_EVENT_WARM_START_ONLY,3,COMPLETE,INCLUDED,0.5810161736152187,0.6258824763969119,0.490175495106767,0
r8c-3111-d4d9d1e3846da112,3111,E2_DYNAMIC_INCREMENTAL_AFTER_FULL_REUSE,CDF6/CDF-MILD,CROSS_EVENT_MEMORY_ONLY,3,COMPLETE,INCLUDED,0.34734064053998437,0.5784417999022937,0.01229227441078851,0
r8c-3112-7ee9d73ce97ed068,3112,E2_DYNAMIC_INCREMENTAL_AFTER_FULL_REUSE,CDF6/CDF-MILD,SHADE_ONLY,3,COMPLETE,INCLUDED,0.3539440642135868,0.5654658689863775,0.018621322213132736,0
r8c-3113-5d9d8687b4807a72,3113,E2_DYNAMIC_INCREMENTAL_AFTER_FULL_REUSE,CDF6/CDF-MILD,NO_CROSS_EVENT_MEMORY,4,COMPLETE,INCLUDED,0.3440434744700698,0.553924048694317,0.01355763526921214,0
r8c-3114-204a7ccf44f9807d,3114,E2_DYNAMIC_INCREMENTAL_AFTER_FULL_REUSE,CDF6/CDF-MILD,NO_REJECTION_CREDIT,4,COMPLETE,INCLUDED,0.58905817077081,0.6306987665964289,0.49842464348557863,0
r8c-3115-9ed96c648b5d6e11,3115,E2_DYNAMIC_INCREMENTAL_AFTER_FULL_REUSE,CDF6/CDF-MILD,NO_MEMORY_RESET_GATE,4,COMPLETE,INCLUDED,0.5865241258618575,0.6286031697005847,0.49549616886819475,0
r8c-3116-01852770545c33d5,3116,E2_DYNAMIC_INCREMENTAL_AFTER_FULL_REUSE,CDF6/CDF-MILD,NO_LINEAGE_CREDIT,4,COMPLETE,INCLUDED,0.5890446693708501,0.6308748767212501,0.49862096235025316,0
r8c-3117-fbd7d1996a7f9958,3117,E2_DYNAMIC_INCREMENTAL_AFTER_FULL_REUSE,CDF6/CDF-MILD,CROSS_EVENT_WARM_START_ONLY,4,COMPLETE,INCLUDED,0.5855840844767797,0.6299782786977146,0.4950492801067404,0
r8c-3118-1b942380f1bcea0b,3118,E2_DYNAMIC_INCREMENTAL_AFTER_FULL_REUSE,CDF6/CDF-MILD,CROSS_EVENT_MEMORY_ONLY,4,COMPLETE,INCLUDED,0.34342138339343947,0.5743597386421543,0.00895223787952121,0
r8c-3119-e27f4c2200393ac4,3119,E2_DYNAMIC_INCREMENTAL_AFTER_FULL_REUSE,CDF6/CDF-MILD,SHADE_ONLY,4,COMPLETE,INCLUDED,0.3508672507618245,0.5671186955244132,0.011963713457423615,0
r8c-3120-1b1a278980d15c98,3120,E2_DYNAMIC_INCREMENTAL_AFTER_FULL_REUSE,CDF7/CDF-HARSH,NO_CROSS_EVENT_MEMORY,0,COMPLETE,INCLUDED,0.24213074645697252,0.36053213994970884,0.04336838759414285,0
r8c-3121-1f7fec7c8ff96a73,3121,E2_DYNAMIC_INCREMENTAL_AFTER_FULL_REUSE,CDF7/CDF-HARSH,NO_REJECTION_CREDIT,0,COMPLETE,INCLUDED,0.29736902911808966,0.37684501660977965,0.17339522160319087,0
r8c-3122-94b0c084006944d0,3122,E2_DYNAMIC_INCREMENTAL_AFTER_FULL_REUSE,CDF7/CDF-HARSH,NO_MEMORY_RESET_GATE,0,COMPLETE,INCLUDED,0.2906492950340329,0.37168354012912713,0.16560424706947083,0
r8c-3123-2eb30ae864310287,3123,E2_DYNAMIC_INCREMENTAL_AFTER_FULL_REUSE,CDF7/CDF-HARSH,NO_LINEAGE_CREDIT,0,COMPLETE,INCLUDED,0.30073070198552004,0.37766264482700207,0.18615303991671342,0
r8c-3124-bfe831738ac8fc71,3124,E2_DYNAMIC_INCREMENTAL_AFTER_FULL_REUSE,CDF7/CDF-HARSH,CROSS_EVENT_WARM_START_ONLY,0,COMPLETE,INCLUDED,0.3078943109912531,0.3903988097621868,0.1722744426710599,0
r8c-3125-ae27fe2dd619356a,3125,E2_DYNAMIC_INCREMENTAL_AFTER_FULL_REUSE,CDF7/CDF-HARSH,CROSS_EVENT_MEMORY_ONLY,0,COMPLETE,INCLUDED,0.22835957792711906,0.34999649601589766,0.038267974674621286,0
r8c-3126-3f7e0acb7614074a,3126,E2_DYNAMIC_INCREMENTAL_AFTER_FULL_REUSE,CDF7/CDF-HARSH,SHADE_ONLY,0,COMPLETE,INCLUDED,0.2556385372423559,0.38935626844543775,0.049081635116476,0
r8c-3127-da2293455e8599b6,3127,E2_DYNAMIC_INCREMENTAL_AFTER_FULL_REUSE,CDF7/CDF-HARSH,NO_CROSS_EVENT_MEMORY,1,COMPLETE,INCLUDED,0.24371048652902824,0.3656810323312795,0.044684629959874704,0
r8c-3128-2d327f8d5617c376,3128,E2_DYNAMIC_INCREMENTAL_AFTER_FULL_REUSE,CDF7/CDF-HARSH,NO_REJECTION_CREDIT,1,COMPLETE,INCLUDED,0.29759940493137266,0.37515408926708677,0.1775216650704301,0
r8c-3129-66a529cb975ed859,3129,E2_DYNAMIC_INCREMENTAL_AFTER_FULL_REUSE,CDF7/CDF-HARSH,NO_MEMORY_RESET_GATE,1,COMPLETE,INCLUDED,0.29529422843345526,0.37689084001043316,0.16833273713121882,0
r8c-3130-2469645bd5e255f2,3130,E2_DYNAMIC_INCREMENTAL_AFTER_FULL_REUSE,CDF7/CDF-HARSH,NO_LINEAGE_CREDIT,1,COMPLETE,INCLUDED,0.29365194249623483,0.3757551698641221,0.16060685310479716,0
r8c-3131-18dd1efb5a3bd312,3131,E2_DYNAMIC_INCREMENTAL_AFTER_FULL_REUSE,CDF7/CDF-HARSH,CROSS_EVENT_WARM_START_ONLY,1,COMPLETE,INCLUDED,0.3097178641658119,0.38806421119643647,0.18273329855326426,0
r8c-3132-4013bb9627644146,3132,E2_DYNAMIC_INCREMENTAL_AFTER_FULL_REUSE,CDF7/CDF-HARSH,CROSS_EVENT_MEMORY_ONLY,1,COMPLETE,INCLUDED,0.22376292350553548,0.3479421626666828,0.037403036356478916,0
r8c-3133-fd7141d7f3112eb0,3133,E2_DYNAMIC_INCREMENTAL_AFTER_FULL_REUSE,CDF7/CDF-HARSH,SHADE_ONLY,1,COMPLETE,INCLUDED,0.2572525174577483,0.39081178052154,0.04586928728160508,0
r8c-3134-b9c281d6ebd91086,3134,E2_DYNAMIC_INCREMENTAL_AFTER_FULL_REUSE,CDF7/CDF-HARSH,NO_CROSS_EVENT_MEMORY,2,COMPLETE,INCLUDED,0.24321927491893083,0.36405579737380656,0.042618615798640486,0
r8c-3135-ca7452b077573184,3135,E2_DYNAMIC_INCREMENTAL_AFTER_FULL_REUSE,CDF7/CDF-HARSH,NO_REJECTION_CREDIT,2,COMPLETE,INCLUDED,0.28706780209351435,0.37176437187613715,0.15176524412902964,0
r8c-3136-81cd221f91899da9,3136,E2_DYNAMIC_INCREMENTAL_AFTER_FULL_REUSE,CDF7/CDF-HARSH,NO_MEMORY_RESET_GATE,2,COMPLETE,INCLUDED,0.2994234531693686,0.37555658456524177,0.18511940782834163,0
r8c-3137-11b8a61886c9a718,3137,E2_DYNAMIC_INCREMENTAL_AFTER_FULL_REUSE,CDF7/CDF-HARSH,NO_LINEAGE_CREDIT,2,COMPLETE,INCLUDED,0.2956863760757343,0.3725339302760944,0.1742905616389653,0
r8c-3138-37636b94c249a131,3138,E2_DYNAMIC_INCREMENTAL_AFTER_FULL_REUSE,CDF7/CDF-HARSH,CROSS_EVENT_WARM_START_ONLY,2,COMPLETE,INCLUDED,0.3078026318980262,0.3885282940848949,0.17674611005243165,0
r8c-3139-14492e21f1b156ef,3139,E2_DYNAMIC_INCREMENTAL_AFTER_FULL_REUSE,CDF7/CDF-HARSH,CROSS_EVENT_MEMORY_ONLY,2,COMPLETE,INCLUDED,0.22896567476105012,0.3547325599384993,0.03742411010989964,0
r8c-3140-68d2a6a939215953,3140,E2_DYNAMIC_INCREMENTAL_AFTER_FULL_REUSE,CDF7/CDF-HARSH,SHADE_ONLY,2,COMPLETE,INCLUDED,0.2515562181496875,0.3874725718464409,0.04043818521415332,0
r8c-3141-9270437bb2c09f76,3141,E2_DYNAMIC_INCREMENTAL_AFTER_FULL_REUSE,CDF7/CDF-HARSH,NO_CROSS_EVENT_MEMORY,3,COMPLETE,INCLUDED,0.24525737156598687,0.363824097243295,0.04727609272715803,0
r8c-3142-104d2dcc828d0d66,3142,E2_DYNAMIC_INCREMENTAL_AFTER_FULL_REUSE,CDF7/CDF-HARSH,NO_REJECTION_CREDIT,3,COMPLETE,INCLUDED,0.2965425324020385,0.37307601400948714,0.17522517105796562,0
r8c-3143-ac9368393b26d98a,3143,E2_DYNAMIC_INCREMENTAL_AFTER_FULL_REUSE,CDF7/CDF-HARSH,NO_MEMORY_RESET_GATE,3,COMPLETE,INCLUDED,0.3000202150552671,0.3835593540884264,0.16977162902495582,0
r8c-3144-3201ad7a5eda24d2,3144,E2_DYNAMIC_INCREMENTAL_AFTER_FULL_REUSE,CDF7/CDF-HARSH,NO_LINEAGE_CREDIT,3,COMPLETE,INCLUDED,0.301236894639346,0.37863659801862803,0.18514305295798025,0
r8c-3145-e3141564728c4820,3145,E2_DYNAMIC_INCREMENTAL_AFTER_FULL_REUSE,CDF7/CDF-HARSH,CROSS_EVENT_WARM_START_ONLY,3,COMPLETE,INCLUDED,0.3078060953752352,0.38869437977380294,0.17440311457043006,0
r8c-3146-a1a6c2955cb8135a,3146,E2_DYNAMIC_INCREMENTAL_AFTER_FULL_REUSE,CDF7/CDF-HARSH,CROSS_EVENT_MEMORY_ONLY,3,COMPLETE,INCLUDED,0.2347615410523503,0.3588775820380667,0.03740643594842732,0
r8c-3147-d8f4b022d6df6308,3147,E2_DYNAMIC_INCREMENTAL_AFTER_FULL_REUSE,CDF7/CDF-HARSH,SHADE_ONLY,3,COMPLETE,INCLUDED,0.25138156568381365,0.38427288066230836,0.04443790043179099,0
r8c-3148-08209c4e04c474a8,3148,E2_DYNAMIC_INCREMENTAL_AFTER_FULL_REUSE,CDF7/CDF-HARSH,NO_CROSS_EVENT_MEMORY,4,COMPLETE,INCLUDED,0.24274089776169722,0.3657320149499718,0.04346731193468438,0
r8c-3149-7606f65280075860,3149,E2_DYNAMIC_INCREMENTAL_AFTER_FULL_REUSE,CDF7/CDF-HARSH,NO_REJECTION_CREDIT,4,COMPLETE,INCLUDED,0.2995835513583867,0.37616373597009367,0.17440277424359418,0
r8c-3150-deea1c0a7de864ba,3150,E2_DYNAMIC_INCREMENTAL_AFTER_FULL_REUSE,CDF7/CDF-HARSH,NO_MEMORY_RESET_GATE,4,COMPLETE,INCLUDED,0.29674625875228366,0.3748320665652988,0.17731951146977018,0
r8c-3151-6a94533f7d6c51fb,3151,E2_DYNAMIC_INCREMENTAL_AFTER_FULL_REUSE,CDF7/CDF-HARSH,NO_LINEAGE_CREDIT,4,COMPLETE,INCLUDED,0.2948891254670952,0.3784445162286323,0.16929958828608624,0
r8c-3152-65a42255bbc95388,3152,E2_DYNAMIC_INCREMENTAL_AFTER_FULL_REUSE,CDF7/CDF-HARSH,CROSS_EVENT_WARM_START_ONLY,4,COMPLETE,INCLUDED,0.30583297618994915,0.38867883762609756,0.1736155467837054,0
r8c-3153-e473e497b7cb5fc7,3153,E2_DYNAMIC_INCREMENTAL_AFTER_FULL_REUSE,CDF7/CDF-HARSH,CROSS_EVENT_MEMORY_ONLY,4,COMPLETE,INCLUDED,0.22657024368182097,0.34981111269134,0.03790816028283756,0
r8c-3154-5b666b6e3c5878f9,3154,E2_DYNAMIC_INCREMENTAL_AFTER_FULL_REUSE,CDF7/CDF-HARSH,SHADE_ONLY,4,COMPLETE,INCLUDED,0.2542251272494417,0.38786580405636223,0.04670309141055584,0
r8c-3155-fc7743b4e4991a35,3155,E2_DYNAMIC_INCREMENTAL_AFTER_FULL_REUSE,CDF7/CDF-MILD,NO_CROSS_EVENT_MEMORY,0,COMPLETE,INCLUDED,0.24235200185098954,0.3668925692238254,0.04192890088255487,0
r8c-3156-5582a594f45dc216,3156,E2_DYNAMIC_INCREMENTAL_AFTER_FULL_REUSE,CDF7/CDF-MILD,NO_REJECTION_CREDIT,0,COMPLETE,INCLUDED,0.31883811937148226,0.38774081770733876,0.2165545764056566,0
r8c-3157-a9561b283fa4e8c3,3157,E2_DYNAMIC_INCREMENTAL_AFTER_FULL_REUSE,CDF7/CDF-MILD,NO_MEMORY_RESET_GATE,0,COMPLETE,INCLUDED,0.3130762849383182,0.3819561703669283,0.2113818303312709,0
r8c-3158-2698142d16cdc151,3158,E2_DYNAMIC_INCREMENTAL_AFTER_FULL_REUSE,CDF7/CDF-MILD,NO_LINEAGE_CREDIT,0,COMPLETE,INCLUDED,0.31943499605517794,0.3858691987141541,0.21562534905068761,0
r8c-3159-3a290b149124fe87,3159,E2_DYNAMIC_INCREMENTAL_AFTER_FULL_REUSE,CDF7/CDF-MILD,CROSS_EVENT_WARM_START_ONLY,0,COMPLETE,INCLUDED,0.3323867870404017,0.40019987248214967,0.22314397379738662,0
r8c-3160-f6aa4383395eb109,3160,E2_DYNAMIC_INCREMENTAL_AFTER_FULL_REUSE,CDF7/CDF-MILD,CROSS_EVENT_MEMORY_ONLY,0,COMPLETE,INCLUDED,0.22733941754716083,0.3550124733537548,0.033729453909815035,0
r8c-3161-2a7209f7f3c05f68,3161,E2_DYNAMIC_INCREMENTAL_AFTER_FULL_REUSE,CDF7/CDF-MILD,SHADE_ONLY,0,COMPLETE,INCLUDED,0.26093968081245866,0.3954008154692022,0.04739384753820776,0
r8c-3162-64c9a5ebd61ceb9b,3162,E2_DYNAMIC_INCREMENTAL_AFTER_FULL_REUSE,CDF7/CDF-MILD,NO_CROSS_EVENT_MEMORY,1,COMPLETE,INCLUDED,0.2460966662674453,0.3686952478171378,0.043551277033021474,0
r8c-3163-c08d99b677d0c34c,3163,E2_DYNAMIC_INCREMENTAL_AFTER_FULL_REUSE,CDF7/CDF-MILD,NO_REJECTION_CREDIT,1,COMPLETE,INCLUDED,0.30994595102630823,0.38040146125579455,0.19925470130573067,0
r8c-3164-80fd21f7943f1bc5,3164,E2_DYNAMIC_INCREMENTAL_AFTER_FULL_REUSE,CDF7/CDF-MILD,NO_MEMORY_RESET_GATE,1,COMPLETE,INCLUDED,0.3229410345254753,0.3910214041475236,0.21940089054776624,0
r8c-3165-13c8712580ca1f8f,3165,E2_DYNAMIC_INCREMENTAL_AFTER_FULL_REUSE,CDF7/CDF-MILD,NO_LINEAGE_CREDIT,1,COMPLETE,INCLUDED,0.3168351138308484,0.38454966079014136,0.21216854145681543,0
r8c-3166-f81c6aff13bcc88d,3166,E2_DYNAMIC_INCREMENTAL_AFTER_FULL_REUSE,CDF7/CDF-MILD,CROSS_EVENT_WARM_START_ONLY,1,COMPLETE,INCLUDED,0.32862270889421463,0.3959883481616665,0.22106615501659066,0
r8c-3167-0848579228ca86f0,3167,E2_DYNAMIC_INCREMENTAL_AFTER_FULL_REUSE,CDF7/CDF-MILD,CROSS_EVENT_MEMORY_ONLY,1,COMPLETE,INCLUDED,0.22427521974666229,0.34671128817731084,0.034971137281861873,0
r8c-3168-92791eeeed63ff98,3168,E2_DYNAMIC_INCREMENTAL_AFTER_FULL_REUSE,CDF7/CDF-MILD,SHADE_ONLY,1,COMPLETE,INCLUDED,0.2539715334486144,0.3853291516396578,0.04399696867939276,0
r8c-3169-beee5614679ae200,3169,E2_DYNAMIC_INCREMENTAL_AFTER_FULL_REUSE,CDF7/CDF-MILD,NO_CROSS_EVENT_MEMORY,2,COMPLETE,INCLUDED,0.24462127964156916,0.36800688752739036,0.04246548669550048,0
r8c-3170-df3d90d914add57a,3170,E2_DYNAMIC_INCREMENTAL_AFTER_FULL_REUSE,CDF7/CDF-MILD,NO_REJECTION_CREDIT,2,COMPLETE,INCLUDED,0.3120804709545254,0.37997020990772173,0.2095845762421736,0
r8c-3171-20cd212cbe802cf6,3171,E2_DYNAMIC_INCREMENTAL_AFTER_FULL_REUSE,CDF7/CDF-MILD,NO_MEMORY_RESET_GATE,2,COMPLETE,INCLUDED,0.32366674199849826,0.3916802652391616,0.22122081110249034,0
r8c-3172-55a5de8004ecfd1d,3172,E2_DYNAMIC_INCREMENTAL_AFTER_FULL_REUSE,CDF7/CDF-MILD,NO_LINEAGE_CREDIT,2,COMPLETE,INCLUDED,0.3176882404138062,0.38782379437794323,0.20860747615583308,0
r8c-3173-eb13e5b0a400fa2a,3173,E2_DYNAMIC_INCREMENTAL_AFTER_FULL_REUSE,CDF7/CDF-MILD,CROSS_EVENT_WARM_START_ONLY,2,COMPLETE,INCLUDED,0.3222933287673431,0.39437508538516736,0.2076043681462303,0
r8c-3174-f324a8fc869cb0d8,3174,E2_DYNAMIC_INCREMENTAL_AFTER_FULL_REUSE,CDF7/CDF-MILD,CROSS_EVENT_MEMORY_ONLY,2,COMPLETE,INCLUDED,0.2277387912073648,0.35162602541379084,0.03462886676891692,0
r8c-3175-6f60e435fe02c6db,3175,E2_DYNAMIC_INCREMENTAL_AFTER_FULL_REUSE,CDF7/CDF-MILD,SHADE_ONLY,2,COMPLETE,INCLUDED,0.2543280560756646,0.3922645002121388,0.0453172229402396,0
r8c-3176-bfd48a15dec66e29,3176,E2_DYNAMIC_INCREMENTAL_AFTER_FULL_REUSE,CDF7/CDF-MILD,NO_CROSS_EVENT_MEMORY,3,COMPLETE,INCLUDED,0.24525886538556063,0.3694046577538687,0.04564161775816202,0
r8c-3177-8222f5188417f3af,3177,E2_DYNAMIC_INCREMENTAL_AFTER_FULL_REUSE,CDF7/CDF-MILD,NO_REJECTION_CREDIT,3,COMPLETE,INCLUDED,0.3073808464065541,0.3778611037665006,0.20009400759960908,0
r8c-3178-e6275b10f2d4f0c4,3178,E2_DYNAMIC_INCREMENTAL_AFTER_FULL_REUSE,CDF7/CDF-MILD,NO_MEMORY_RESET_GATE,3,COMPLETE,INCLUDED,0.31439086727168647,0.38388302435513716,0.21143994660666654,0
r8c-3179-239c37193319aa44,3179,E2_DYNAMIC_INCREMENTAL_AFTER_FULL_REUSE,CDF7/CDF-MILD,NO_LINEAGE_CREDIT,3,COMPLETE,INCLUDED,0.31845271585909657,0.3873939568792258,0.21412198500654087,0
r8c-3180-dc4aeb99efb2c54b,3180,E2_DYNAMIC_INCREMENTAL_AFTER_FULL_REUSE,CDF7/CDF-MILD,CROSS_EVENT_WARM_START_ONLY,3,COMPLETE,INCLUDED,0.32546914096064544,0.39685167146180533,0.21311769787979748,0
r8c-3181-a2982a419a056b06,3181,E2_DYNAMIC_INCREMENTAL_AFTER_FULL_REUSE,CDF7/CDF-MILD,CROSS_EVENT_MEMORY_ONLY,3,COMPLETE,INCLUDED,0.22889653010734362,0.3511825637070357,0.04024503398965518,0
r8c-3182-2a650931fecc902b,3182,E2_DYNAMIC_INCREMENTAL_AFTER_FULL_REUSE,CDF7/CDF-MILD,SHADE_ONLY,3,COMPLETE,INCLUDED,0.2570229927111984,0.3936343596228146,0.042942918489131364,0
r8c-3183-351ef172545c4d04,3183,E2_DYNAMIC_INCREMENTAL_AFTER_FULL_REUSE,CDF7/CDF-MILD,NO_CROSS_EVENT_MEMORY,4,COMPLETE,INCLUDED,0.2449818207407428,0.36924630289944216,0.04241098540001277,0
r8c-3184-bb9270b88a75e5b6,3184,E2_DYNAMIC_INCREMENTAL_AFTER_FULL_REUSE,CDF7/CDF-MILD,NO_REJECTION_CREDIT,4,COMPLETE,INCLUDED,0.3196143780468597,0.39187788172212773,0.2089849888610203,0
r8c-3185-abe2a997a210500b,3185,E2_DYNAMIC_INCREMENTAL_AFTER_FULL_REUSE,CDF7/CDF-MILD,NO_MEMORY_RESET_GATE,4,COMPLETE,INCLUDED,0.32240701729850085,0.3876580944851756,0.22462197494773614,0
r8c-3186-7682bf5ccada4db3,3186,E2_DYNAMIC_INCREMENTAL_AFTER_FULL_REUSE,CDF7/CDF-MILD,NO_LINEAGE_CREDIT,4,COMPLETE,INCLUDED,0.32874785584613747,0.3953213723676719,0.2376420188994076,0
r8c-3187-a70fb3926e7e75a6,3187,E2_DYNAMIC_INCREMENTAL_AFTER_FULL_REUSE,CDF7/CDF-MILD,CROSS_EVENT_WARM_START_ONLY,4,COMPLETE,INCLUDED,0.32359097207800264,0.39623720118976075,0.21229288528992174,0
r8c-3188-a62a47f6616fd3f2,3188,E2_DYNAMIC_INCREMENTAL_AFTER_FULL_REUSE,CDF7/CDF-MILD,CROSS_EVENT_MEMORY_ONLY,4,COMPLETE,INCLUDED,0.2264344691469458,0.35256893742495304,0.03305878901732085,0
r8c-3189-01ca34b09538ad48,3189,E2_DYNAMIC_INCREMENTAL_AFTER_FULL_REUSE,CDF7/CDF-MILD,SHADE_ONLY,4,COMPLETE,INCLUDED,0.25261360018005985,0.38639009814643616,0.04083013446166882,0
r8c-3190-645cba3a76157ee4,3190,E2_DYNAMIC_INCREMENTAL_AFTER_FULL_REUSE,CDF8/CDF-HARSH,NO_CROSS_EVENT_MEMORY,0,COMPLETE,INCLUDED,0.3438593897800623,0.46975710487710143,0.11024732802985727,0
r8c-3191-c79c3719aed3dbfe,3191,E2_DYNAMIC_INCREMENTAL_AFTER_FULL_REUSE,CDF8/CDF-HARSH,NO_REJECTION_CREDIT,0,COMPLETE,INCLUDED,0.48980216477236277,0.5151493073788848,0.42545452407417905,0
r8c-3192-0be8473d31f47301,3192,E2_DYNAMIC_INCREMENTAL_AFTER_FULL_REUSE,CDF8/CDF-HARSH,NO_MEMORY_RESET_GATE,0,COMPLETE,INCLUDED,0.48978094728414484,0.5153696907261297,0.42584854738300515,0
r8c-3193-057b939ab7e050a9,3193,E2_DYNAMIC_INCREMENTAL_AFTER_FULL_REUSE,CDF8/CDF-HARSH,NO_LINEAGE_CREDIT,0,COMPLETE,INCLUDED,0.49728222288716295,0.5215295722267684,0.43028116650118897,0
r8c-3194-06d4f1ebe088f52f,3194,E2_DYNAMIC_INCREMENTAL_AFTER_FULL_REUSE,CDF8/CDF-HARSH,CROSS_EVENT_WARM_START_ONLY,0,COMPLETE,INCLUDED,0.48914249108676505,0.5160490467400448,0.4232124936770531,0
r8c-3195-69d19606405a2ef5,3195,E2_DYNAMIC_INCREMENTAL_AFTER_FULL_REUSE,CDF8/CDF-HARSH,CROSS_EVENT_MEMORY_ONLY,0,COMPLETE,INCLUDED,0.3359740824741798,0.4707435703818423,0.09467685312207913,0
r8c-3196-f658631c219af544,3196,E2_DYNAMIC_INCREMENTAL_AFTER_FULL_REUSE,CDF8/CDF-HARSH,SHADE_ONLY,0,COMPLETE,INCLUDED,0.3579654618905826,0.48953354276964345,0.11274568451566203,0
r8c-3197-b434e8cd44986afd,3197,E2_DYNAMIC_INCREMENTAL_AFTER_FULL_REUSE,CDF8/CDF-HARSH,NO_CROSS_EVENT_MEMORY,1,COMPLETE,INCLUDED,0.34487629830958483,0.4716760985144528,0.10516948675913912,0
r8c-3198-fe1daf5aa0805794,3198,E2_DYNAMIC_INCREMENTAL_AFTER_FULL_REUSE,CDF8/CDF-HARSH,NO_REJECTION_CREDIT,1,COMPLETE,INCLUDED,0.49035499697253254,0.5159243914362518,0.4260704162321093,0
r8c-3199-69d7a3266760e69d,3199,E2_DYNAMIC_INCREMENTAL_AFTER_FULL_REUSE,CDF8/CDF-HARSH,NO_MEMORY_RESET_GATE,1,COMPLETE,INCLUDED,0.4907406206141871,0.5156892576798053,0.4264375931235077,0
r8c-3200-29c7a3ff8be2948b,3200,E2_DYNAMIC_INCREMENTAL_AFTER_FULL_REUSE,CDF8/CDF-HARSH,NO_LINEAGE_CREDIT,1,COMPLETE,INCLUDED,0.4948094491244163,0.520136981956337,0.4282693234585423,0
r8c-3201-6d073e6237b32c25,3201,E2_DYNAMIC_INCREMENTAL_AFTER_FULL_REUSE,CDF8/CDF-HARSH,CROSS_EVENT_WARM_START_ONLY,1,COMPLETE,INCLUDED,0.4884798180920072,0.5153873101452706,0.42258780949411584,0
r8c-3202-83fda6e9e2538c24,3202,E2_DYNAMIC_INCREMENTAL_AFTER_FULL_REUSE,CDF8/CDF-HARSH,CROSS_EVENT_MEMORY_ONLY,1,COMPLETE,INCLUDED,0.3317249172192439,0.46676374659742215,0.09268569575933523,0
r8c-3203-49cd38e8e5a0d0e3,3203,E2_DYNAMIC_INCREMENTAL_AFTER_FULL_REUSE,CDF8/CDF-HARSH,SHADE_ONLY,1,COMPLETE,INCLUDED,0.3580426524496445,0.4876632451469709,0.11408416341129451,0
r8c-3204-5eb958b617dbdeaa,3204,E2_DYNAMIC_INCREMENTAL_AFTER_FULL_REUSE,CDF8/CDF-HARSH,NO_CROSS_EVENT_MEMORY,2,COMPLETE,INCLUDED,0.34621129343581475,0.47158932637109124,0.11380145479745235,0
r8c-3205-d74aa3c334039d3d,3205,E2_DYNAMIC_INCREMENTAL_AFTER_FULL_REUSE,CDF8/CDF-HARSH,NO_REJECTION_CREDIT,2,COMPLETE,INCLUDED,0.49147132208928873,0.5169401134253583,0.4267464121883057,0
r8c-3206-cb0ac68b0fbc4096,3206,E2_DYNAMIC_INCREMENTAL_AFTER_FULL_REUSE,CDF8/CDF-HARSH,NO_MEMORY_RESET_GATE,2,COMPLETE,INCLUDED,0.49225746200562764,0.5173897605713395,0.4278292556990057,0
r8c-3207-d69faed6ecce052d,3207,E2_DYNAMIC_INCREMENTAL_AFTER_FULL_REUSE,CDF8/CDF-HARSH,NO_LINEAGE_CREDIT,2,COMPLETE,INCLUDED,0.4943799874237287,0.5193671269561714,0.4287636570060551,0
r8c-3208-cd9e9b434a5d19a0,3208,E2_DYNAMIC_INCREMENTAL_AFTER_FULL_REUSE,CDF8/CDF-HARSH,CROSS_EVENT_WARM_START_ONLY,2,COMPLETE,INCLUDED,0.4883883805193519,0.5154600639010914,0.42226562411626967,0
r8c-3209-9b13da05da2e4d0e,3209,E2_DYNAMIC_INCREMENTAL_AFTER_FULL_REUSE,CDF8/CDF-HARSH,CROSS_EVENT_MEMORY_ONLY,2,COMPLETE,INCLUDED,0.3342421735709626,0.4679729813383533,0.0990597226647363,0
r8c-3210-dde47eaa1991348b,3210,E2_DYNAMIC_INCREMENTAL_AFTER_FULL_REUSE,CDF8/CDF-HARSH,SHADE_ONLY,2,COMPLETE,INCLUDED,0.35837258284173845,0.4906404545557169,0.11337370298106957,0
r8c-3211-52f286fc7905eae1,3211,E2_DYNAMIC_INCREMENTAL_AFTER_FULL_REUSE,CDF8/CDF-HARSH,NO_CROSS_EVENT_MEMORY,3,COMPLETE,INCLUDED,0.3406215122026357,0.4698753531566454,0.10488446479819592,0
r8c-3212-98bba1fa03aadcf8,3212,E2_DYNAMIC_INCREMENTAL_AFTER_FULL_REUSE,CDF8/CDF-HARSH,NO_REJECTION_CREDIT,3,COMPLETE,INCLUDED,0.49347546816800697,0.5188762528330799,0.4278058252237549,0
r8c-3213-57f150531c58d664,3213,E2_DYNAMIC_INCREMENTAL_AFTER_FULL_REUSE,CDF8/CDF-HARSH,NO_MEMORY_RESET_GATE,3,COMPLETE,INCLUDED,0.4919439355273705,0.5167104024181953,0.4269811978762002,0
r8c-3214-e08bb2970f996651,3214,E2_DYNAMIC_INCREMENTAL_AFTER_FULL_REUSE,CDF8/CDF-HARSH,NO_LINEAGE_CREDIT,3,COMPLETE,INCLUDED,0.4955107417028062,0.5204135918872612,0.42986229092394934,0
r8c-3215-60a1bb6c74ced668,3215,E2_DYNAMIC_INCREMENTAL_AFTER_FULL_REUSE,CDF8/CDF-HARSH,CROSS_EVENT_WARM_START_ONLY,3,COMPLETE,INCLUDED,0.48599556014495043,0.5132572446822883,0.42016155386872384,0
r8c-3216-e71a6e50c77d1d1d,3216,E2_DYNAMIC_INCREMENTAL_AFTER_FULL_REUSE,CDF8/CDF-HARSH,CROSS_EVENT_MEMORY_ONLY,3,COMPLETE,INCLUDED,0.330586341970658,0.4657065335970628,0.09551109233908174,0
r8c-3217-cf743da5fa980bb2,3217,E2_DYNAMIC_INCREMENTAL_AFTER_FULL_REUSE,CDF8/CDF-HARSH,SHADE_ONLY,3,COMPLETE,INCLUDED,0.35934346979664306,0.49120289670388206,0.11137947421111481,0
r8c-3218-b5a49f64b57d4845,3218,E2_DYNAMIC_INCREMENTAL_AFTER_FULL_REUSE,CDF8/CDF-HARSH,NO_CROSS_EVENT_MEMORY,4,COMPLETE,INCLUDED,0.34239774842356263,0.4706365613764122,0.10308885835385144,0
r8c-3219-76de5b6a7b59bb2a,3219,E2_DYNAMIC_INCREMENTAL_AFTER_FULL_REUSE,CDF8/CDF-HARSH,NO_REJECTION_CREDIT,4,COMPLETE,INCLUDED,0.48964236370282127,0.5142437674856514,0.4261362864703426,0
r8c-3220-dcb8741707bcb87e,3220,E2_DYNAMIC_INCREMENTAL_AFTER_FULL_REUSE,CDF8/CDF-HARSH,NO_MEMORY_RESET_GATE,4,COMPLETE,INCLUDED,0.48885911241711016,0.5136567375061911,0.4259120415708759,0
r8c-3221-c93729b88a2da60e,3221,E2_DYNAMIC_INCREMENTAL_AFTER_FULL_REUSE,CDF8/CDF-HARSH,NO_LINEAGE_CREDIT,4,COMPLETE,INCLUDED,0.49578672062679335,0.5209517098678379,0.42929669550405547,0
r8c-3222-5179e9659f30ecf6,3222,E2_DYNAMIC_INCREMENTAL_AFTER_FULL_REUSE,CDF8/CDF-HARSH,CROSS_EVENT_WARM_START_ONLY,4,COMPLETE,INCLUDED,0.4896851266815255,0.515757868806176,0.42523046618138927,0
r8c-3223-0e33120d68f8cbb2,3223,E2_DYNAMIC_INCREMENTAL_AFTER_FULL_REUSE,CDF8/CDF-HARSH,CROSS_EVENT_MEMORY_ONLY,4,COMPLETE,INCLUDED,0.33662941982360584,0.4713253692837227,0.09573962815350238,0
r8c-3224-3ec4610eb50bbdb1,3224,E2_DYNAMIC_INCREMENTAL_AFTER_FULL_REUSE,CDF8/CDF-HARSH,SHADE_ONLY,4,COMPLETE,INCLUDED,0.3568915501114322,0.4894789915729391,0.1075066551635938,0
r8c-3225-564ea2da05c6baf9,3225,E2_DYNAMIC_INCREMENTAL_AFTER_FULL_REUSE,CDF8/CDF-MILD,NO_CROSS_EVENT_MEMORY,0,COMPLETE,INCLUDED,0.34057993485394283,0.46757033259225494,0.10931868869127481,0
r8c-3226-5f1960ead4d46bac,3226,E2_DYNAMIC_INCREMENTAL_AFTER_FULL_REUSE,CDF8/CDF-MILD,NO_REJECTION_CREDIT,0,COMPLETE,INCLUDED,0.4940134880550107,0.5165538343837769,0.4339378356653965,0
r8c-3227-c08034fb335b39db,3227,E2_DYNAMIC_INCREMENTAL_AFTER_FULL_REUSE,CDF8/CDF-MILD,NO_MEMORY_RESET_GATE,0,COMPLETE,INCLUDED,0.4941933708020573,0.517332734689603,0.432096371131801,0
r8c-3228-7f6e4ebca2c27f93,3228,E2_DYNAMIC_INCREMENTAL_AFTER_FULL_REUSE,CDF8/CDF-MILD,NO_LINEAGE_CREDIT,0,COMPLETE,INCLUDED,0.500002586583407,0.5218423787131612,0.4371516863023963,0
r8c-3229-b98e134525759661,3229,E2_DYNAMIC_INCREMENTAL_AFTER_FULL_REUSE,CDF8/CDF-MILD,CROSS_EVENT_WARM_START_ONLY,0,COMPLETE,INCLUDED,0.49220810578078245,0.5168174906851087,0.43015854639403694,0
r8c-3230-1362383decb7e1f8,3230,E2_DYNAMIC_INCREMENTAL_AFTER_FULL_REUSE,CDF8/CDF-MILD,CROSS_EVENT_MEMORY_ONLY,0,COMPLETE,INCLUDED,0.33177706044769784,0.4649530617793066,0.0956916082671977,0
r8c-3231-c55dc7eff52aa0a2,3231,E2_DYNAMIC_INCREMENTAL_AFTER_FULL_REUSE,CDF8/CDF-MILD,SHADE_ONLY,0,COMPLETE,INCLUDED,0.3591000917422344,0.49010880181454886,0.11639219322331368,0
r8c-3232-15bb14c04452acfd,3232,E2_DYNAMIC_INCREMENTAL_AFTER_FULL_REUSE,CDF8/CDF-MILD,NO_CROSS_EVENT_MEMORY,1,COMPLETE,INCLUDED,0.3433485493141408,0.47015707566973036,0.10959157846273021,0
r8c-3233-89eaaaaa7bafd79b,3233,E2_DYNAMIC_INCREMENTAL_AFTER_FULL_REUSE,CDF8/CDF-MILD,NO_REJECTION_CREDIT,1,COMPLETE,INCLUDED,0.49429043847042703,0.5173104674681137,0.43263033136567003,0
r8c-3234-936e134d3bfa9701,3234,E2_DYNAMIC_INCREMENTAL_AFTER_FULL_REUSE,CDF8/CDF-MILD,NO_MEMORY_RESET_GATE,1,COMPLETE,INCLUDED,0.49340518090969504,0.5162173737119303,0.4327231592937042,0
r8c-3235-640fa59e2a93f971,3235,E2_DYNAMIC_INCREMENTAL_AFTER_FULL_REUSE,CDF8/CDF-MILD,NO_LINEAGE_CREDIT,1,COMPLETE,INCLUDED,0.4972256638393037,0.5201665931385138,0.43466295010719497,0
r8c-3236-aad7b07eb923b19d,3236,E2_DYNAMIC_INCREMENTAL_AFTER_FULL_REUSE,CDF8/CDF-MILD,CROSS_EVENT_WARM_START_ONLY,1,COMPLETE,INCLUDED,0.491410978785395,0.5153789331669146,0.42887865450696067,0
r8c-3237-b85f5682ca6a8c77,3237,E2_DYNAMIC_INCREMENTAL_AFTER_FULL_REUSE,CDF8/CDF-MILD,CROSS_EVENT_MEMORY_ONLY,1,COMPLETE,INCLUDED,0.3349561583177666,0.47004621268900865,0.09574190646573105,0
r8c-3238-4869136cebff6a84,3238,E2_DYNAMIC_INCREMENTAL_AFTER_FULL_REUSE,CDF8/CDF-MILD,SHADE_ONLY,1,COMPLETE,INCLUDED,0.35962960377980385,0.4904153544791194,0.11538316009843382,0
r8c-3239-a014d1fc52e8ee5f,3239,E2_DYNAMIC_INCREMENTAL_AFTER_FULL_REUSE,CDF8/CDF-MILD,NO_CROSS_EVENT_MEMORY,2,COMPLETE,INCLUDED,0.34161030196544656,0.4708457111112387,0.10625292741776358,0
r8c-3240-e6b8e6a64911dc0f,3240,E2_DYNAMIC_INCREMENTAL_AFTER_FULL_REUSE,CDF8/CDF-MILD,NO_REJECTION_CREDIT,2,COMPLETE,INCLUDED,0.4945942965821843,0.5169047697165815,0.4347493876230964,0
r8c-3241-2e5af1f0ddbedfef,3241,E2_DYNAMIC_INCREMENTAL_AFTER_FULL_REUSE,CDF8/CDF-MILD,NO_MEMORY_RESET_GATE,2,COMPLETE,INCLUDED,0.4946911221463698,0.5172359109356067,0.43414500982046644,0
r8c-3242-47d043983ba1acc6,3242,E2_DYNAMIC_INCREMENTAL_AFTER_FULL_REUSE,CDF8/CDF-MILD,NO_LINEAGE_CREDIT,2,COMPLETE,INCLUDED,0.4973849848355071,0.5199297127869873,0.43534121153092764,0
r8c-3243-b2d367ced2b4f50b,3243,E2_DYNAMIC_INCREMENTAL_AFTER_FULL_REUSE,CDF8/CDF-MILD,CROSS_EVENT_WARM_START_ONLY,2,COMPLETE,INCLUDED,0.4910206539295678,0.515133841002434,0.4289753103774266,0
r8c-3244-916fccf6bc2905a6,3244,E2_DYNAMIC_INCREMENTAL_AFTER_FULL_REUSE,CDF8/CDF-MILD,CROSS_EVENT_MEMORY_ONLY,2,COMPLETE,INCLUDED,0.3311662334757553,0.46681553638037543,0.09520918902192833,0
r8c-3245-8396fb6e6540824e,3245,E2_DYNAMIC_INCREMENTAL_AFTER_FULL_REUSE,CDF8/CDF-MILD,SHADE_ONLY,2,COMPLETE,INCLUDED,0.3589198748208135,0.4904019803379807,0.11130294468632959,0
r8c-3246-d545f877cfb0fbf6,3246,E2_DYNAMIC_INCREMENTAL_AFTER_FULL_REUSE,CDF8/CDF-MILD,NO_CROSS_EVENT_MEMORY,3,COMPLETE,INCLUDED,0.33901983652304024,0.4684147734762117,0.10383229193688749,0
r8c-3247-ceec38197e2fab87,3247,E2_DYNAMIC_INCREMENTAL_AFTER_FULL_REUSE,CDF8/CDF-MILD,NO_REJECTION_CREDIT,3,COMPLETE,INCLUDED,0.49172518885083993,0.5154250034336546,0.430226316258059,0
r8c-3248-24f86273a6c7104b,3248,E2_DYNAMIC_INCREMENTAL_AFTER_FULL_REUSE,CDF8/CDF-MILD,NO_MEMORY_RESET_GATE,3,COMPLETE,INCLUDED,0.4950775771314487,0.5177167159859262,0.43380170851143435,0
r8c-3249-34e3bfb82de6339d,3249,E2_DYNAMIC_INCREMENTAL_AFTER_FULL_REUSE,CDF8/CDF-MILD,NO_LINEAGE_CREDIT,3,COMPLETE,INCLUDED,0.4964237097738149,0.5193230855063582,0.4341256164100031,0
r8c-3250-28551154dbf681b0,3250,E2_DYNAMIC_INCREMENTAL_AFTER_FULL_REUSE,CDF8/CDF-MILD,CROSS_EVENT_WARM_START_ONLY,3,COMPLETE,INCLUDED,0.4906236397180081,0.5151641944368216,0.42804166587416614,0
r8c-3251-dfd7aceb49e55324,3251,E2_DYNAMIC_INCREMENTAL_AFTER_FULL_REUSE,CDF8/CDF-MILD,CROSS_EVENT_MEMORY_ONLY,3,COMPLETE,INCLUDED,0.3311114514538109,0.46637925777405903,0.09565642660758186,0
r8c-3252-b7d0f11480e8ea56,3252,E2_DYNAMIC_INCREMENTAL_AFTER_FULL_REUSE,CDF8/CDF-MILD,SHADE_ONLY,3,COMPLETE,INCLUDED,0.35951648891205296,0.48870547129147035,0.11068241148520795,0
r8c-3253-e6cbed28ce3963e3,3253,E2_DYNAMIC_INCREMENTAL_AFTER_FULL_REUSE,CDF8/CDF-MILD,NO_CROSS_EVENT_MEMORY,4,COMPLETE,INCLUDED,0.3407034377779301,0.4709229490681534,0.10395054600238833,0
r8c-3254-321ab9eec8963f1c,3254,E2_DYNAMIC_INCREMENTAL_AFTER_FULL_REUSE,CDF8/CDF-MILD,NO_REJECTION_CREDIT,4,COMPLETE,INCLUDED,0.49702092054619457,0.5193811007529897,0.43548514772648,0
r8c-3255-3f254dec5290ca23,3255,E2_DYNAMIC_INCREMENTAL_AFTER_FULL_REUSE,CDF8/CDF-MILD,NO_MEMORY_RESET_GATE,4,COMPLETE,INCLUDED,0.4954961629659698,0.5181407750607535,0.4339843634868339,0
r8c-3256-2295f9913f2e78f3,3256,E2_DYNAMIC_INCREMENTAL_AFTER_FULL_REUSE,CDF8/CDF-MILD,NO_LINEAGE_CREDIT,4,COMPLETE,INCLUDED,0.49849787957059105,0.5209127780951914,0.4361405609270604,0
r8c-3257-da869f42f7a66492,3257,E2_DYNAMIC_INCREMENTAL_AFTER_FULL_REUSE,CDF8/CDF-MILD,CROSS_EVENT_WARM_START_ONLY,4,COMPLETE,INCLUDED,0.4905764966960728,0.515240940039137,0.4276779202566701,0
r8c-3258-eebbe914e9d6162e,3258,E2_DYNAMIC_INCREMENTAL_AFTER_FULL_REUSE,CDF8/CDF-MILD,CROSS_EVENT_MEMORY_ONLY,4,COMPLETE,INCLUDED,0.33097038247994787,0.4664537129134594,0.09516957229018692,0
r8c-3259-553311f71a6fd547,3259,E2_DYNAMIC_INCREMENTAL_AFTER_FULL_REUSE,CDF8/CDF-MILD,SHADE_ONLY,4,COMPLETE,INCLUDED,0.3574124426712842,0.4895817633692791,0.11328930778643333,0
r8c-3260-bf99ccd6820020d8,3260,E2_DYNAMIC_INCREMENTAL_AFTER_FULL_REUSE,CDF9/CDF-HARSH,NO_CROSS_EVENT_MEMORY,0,COMPLETE,EXCLUDED_NUMERICAL_FAILURE,,,,0
r8c-3261-359ebdebf755ee50,3261,E2_DYNAMIC_INCREMENTAL_AFTER_FULL_REUSE,CDF9/CDF-HARSH,NO_REJECTION_CREDIT,0,COMPLETE,EXCLUDED_NUMERICAL_FAILURE,,,,0
r8c-3262-77ad86b5fb1f30af,3262,E2_DYNAMIC_INCREMENTAL_AFTER_FULL_REUSE,CDF9/CDF-HARSH,NO_MEMORY_RESET_GATE,0,COMPLETE,EXCLUDED_NUMERICAL_FAILURE,,,,0
r8c-3263-70a40d6f85163d52,3263,E2_DYNAMIC_INCREMENTAL_AFTER_FULL_REUSE,CDF9/CDF-HARSH,NO_LINEAGE_CREDIT,0,COMPLETE,EXCLUDED_NUMERICAL_FAILURE,,,,0
r8c-3264-69ec0af55e0694d3,3264,E2_DYNAMIC_INCREMENTAL_AFTER_FULL_REUSE,CDF9/CDF-HARSH,CROSS_EVENT_WARM_START_ONLY,0,COMPLETE,EXCLUDED_NUMERICAL_FAILURE,,,,0
r8c-3265-f3a120f59ee8c0fc,3265,E2_DYNAMIC_INCREMENTAL_AFTER_FULL_REUSE,CDF9/CDF-HARSH,CROSS_EVENT_MEMORY_ONLY,0,COMPLETE,EXCLUDED_NUMERICAL_FAILURE,,,,0
r8c-3266-679a87b06d2e4c17,3266,E2_DYNAMIC_INCREMENTAL_AFTER_FULL_REUSE,CDF9/CDF-HARSH,SHADE_ONLY,0,COMPLETE,EXCLUDED_NUMERICAL_FAILURE,,,,0
r8c-3267-a9846fc9407e973a,3267,E2_DYNAMIC_INCREMENTAL_AFTER_FULL_REUSE,CDF9/CDF-HARSH,NO_CROSS_EVENT_MEMORY,1,COMPLETE,EXCLUDED_NUMERICAL_FAILURE,,,,0
r8c-3268-190da0eb74daabaf,3268,E2_DYNAMIC_INCREMENTAL_AFTER_FULL_REUSE,CDF9/CDF-HARSH,NO_REJECTION_CREDIT,1,COMPLETE,EXCLUDED_NUMERICAL_FAILURE,,,,0
r8c-3269-485e79ac97072c30,3269,E2_DYNAMIC_INCREMENTAL_AFTER_FULL_REUSE,CDF9/CDF-HARSH,NO_MEMORY_RESET_GATE,1,COMPLETE,EXCLUDED_NUMERICAL_FAILURE,,,,0
r8c-3270-681feaa1209501c6,3270,E2_DYNAMIC_INCREMENTAL_AFTER_FULL_REUSE,CDF9/CDF-HARSH,NO_LINEAGE_CREDIT,1,COMPLETE,EXCLUDED_NUMERICAL_FAILURE,,,,0
r8c-3271-88f143a77a0559db,3271,E2_DYNAMIC_INCREMENTAL_AFTER_FULL_REUSE,CDF9/CDF-HARSH,CROSS_EVENT_WARM_START_ONLY,1,COMPLETE,EXCLUDED_NUMERICAL_FAILURE,,,,0
r8c-3272-a4ee99df573c2a43,3272,E2_DYNAMIC_INCREMENTAL_AFTER_FULL_REUSE,CDF9/CDF-HARSH,CROSS_EVENT_MEMORY_ONLY,1,COMPLETE,EXCLUDED_NUMERICAL_FAILURE,,,,0
r8c-3273-41f84218f2e93975,3273,E2_DYNAMIC_INCREMENTAL_AFTER_FULL_REUSE,CDF9/CDF-HARSH,SHADE_ONLY,1,COMPLETE,EXCLUDED_NUMERICAL_FAILURE,,,,0
r8c-3274-bc2079a084629b29,3274,E2_DYNAMIC_INCREMENTAL_AFTER_FULL_REUSE,CDF9/CDF-HARSH,NO_CROSS_EVENT_MEMORY,2,COMPLETE,EXCLUDED_NUMERICAL_FAILURE,,,,0
r8c-3275-c0d2954f13007301,3275,E2_DYNAMIC_INCREMENTAL_AFTER_FULL_REUSE,CDF9/CDF-HARSH,NO_REJECTION_CREDIT,2,COMPLETE,EXCLUDED_NUMERICAL_FAILURE,,,,0
r8c-3276-f6493a9a3625fa66,3276,E2_DYNAMIC_INCREMENTAL_AFTER_FULL_REUSE,CDF9/CDF-HARSH,NO_MEMORY_RESET_GATE,2,COMPLETE,EXCLUDED_NUMERICAL_FAILURE,,,,0
r8c-3277-997394b794aebd3b,3277,E2_DYNAMIC_INCREMENTAL_AFTER_FULL_REUSE,CDF9/CDF-HARSH,NO_LINEAGE_CREDIT,2,COMPLETE,EXCLUDED_NUMERICAL_FAILURE,,,,0
r8c-3278-f8cf08d568eb4ca6,3278,E2_DYNAMIC_INCREMENTAL_AFTER_FULL_REUSE,CDF9/CDF-HARSH,CROSS_EVENT_WARM_START_ONLY,2,COMPLETE,EXCLUDED_NUMERICAL_FAILURE,,,,0
r8c-3279-316d2d5d5e8c08a1,3279,E2_DYNAMIC_INCREMENTAL_AFTER_FULL_REUSE,CDF9/CDF-HARSH,CROSS_EVENT_MEMORY_ONLY,2,COMPLETE,EXCLUDED_NUMERICAL_FAILURE,,,,0
r8c-3280-8daf324f73e7dc03,3280,E2_DYNAMIC_INCREMENTAL_AFTER_FULL_REUSE,CDF9/CDF-HARSH,SHADE_ONLY,2,COMPLETE,EXCLUDED_NUMERICAL_FAILURE,,,,0
r8c-3281-610c99cd50fd83e9,3281,E2_DYNAMIC_INCREMENTAL_AFTER_FULL_REUSE,CDF9/CDF-HARSH,NO_CROSS_EVENT_MEMORY,3,COMPLETE,EXCLUDED_NUMERICAL_FAILURE,,,,0
r8c-3282-c2305a2b787a9964,3282,E2_DYNAMIC_INCREMENTAL_AFTER_FULL_REUSE,CDF9/CDF-HARSH,NO_REJECTION_CREDIT,3,COMPLETE,EXCLUDED_NUMERICAL_FAILURE,,,,0
r8c-3283-13caa8e0f28c3347,3283,E2_DYNAMIC_INCREMENTAL_AFTER_FULL_REUSE,CDF9/CDF-HARSH,NO_MEMORY_RESET_GATE,3,COMPLETE,EXCLUDED_NUMERICAL_FAILURE,,,,0
r8c-3284-f22719c5b59678e3,3284,E2_DYNAMIC_INCREMENTAL_AFTER_FULL_REUSE,CDF9/CDF-HARSH,NO_LINEAGE_CREDIT,3,COMPLETE,EXCLUDED_NUMERICAL_FAILURE,,,,0
r8c-3285-c8ea4dca3b4378f4,3285,E2_DYNAMIC_INCREMENTAL_AFTER_FULL_REUSE,CDF9/CDF-HARSH,CROSS_EVENT_WARM_START_ONLY,3,COMPLETE,EXCLUDED_NUMERICAL_FAILURE,,,,0
r8c-3286-deba88fc99efe0e5,3286,E2_DYNAMIC_INCREMENTAL_AFTER_FULL_REUSE,CDF9/CDF-HARSH,CROSS_EVENT_MEMORY_ONLY,3,COMPLETE,EXCLUDED_NUMERICAL_FAILURE,,,,0
r8c-3287-491527da6df45723,3287,E2_DYNAMIC_INCREMENTAL_AFTER_FULL_REUSE,CDF9/CDF-HARSH,SHADE_ONLY,3,COMPLETE,EXCLUDED_NUMERICAL_FAILURE,,,,0
r8c-3288-e194317253d73ac5,3288,E2_DYNAMIC_INCREMENTAL_AFTER_FULL_REUSE,CDF9/CDF-HARSH,NO_CROSS_EVENT_MEMORY,4,COMPLETE,EXCLUDED_NUMERICAL_FAILURE,,,,0
r8c-3289-f1da367eb0341128,3289,E2_DYNAMIC_INCREMENTAL_AFTER_FULL_REUSE,CDF9/CDF-HARSH,NO_REJECTION_CREDIT,4,COMPLETE,EXCLUDED_NUMERICAL_FAILURE,,,,0
r8c-3290-e27d39bce08086dd,3290,E2_DYNAMIC_INCREMENTAL_AFTER_FULL_REUSE,CDF9/CDF-HARSH,NO_MEMORY_RESET_GATE,4,COMPLETE,EXCLUDED_NUMERICAL_FAILURE,,,,0
r8c-3291-0406926877bfe73c,3291,E2_DYNAMIC_INCREMENTAL_AFTER_FULL_REUSE,CDF9/CDF-HARSH,NO_LINEAGE_CREDIT,4,COMPLETE,EXCLUDED_NUMERICAL_FAILURE,,,,0
r8c-3292-1473385acd2e6d56,3292,E2_DYNAMIC_INCREMENTAL_AFTER_FULL_REUSE,CDF9/CDF-HARSH,CROSS_EVENT_WARM_START_ONLY,4,COMPLETE,EXCLUDED_NUMERICAL_FAILURE,,,,0
r8c-3293-83db6004b3bf5b1c,3293,E2_DYNAMIC_INCREMENTAL_AFTER_FULL_REUSE,CDF9/CDF-HARSH,CROSS_EVENT_MEMORY_ONLY,4,COMPLETE,EXCLUDED_NUMERICAL_FAILURE,,,,0
r8c-3294-549d33b11ca12f1d,3294,E2_DYNAMIC_INCREMENTAL_AFTER_FULL_REUSE,CDF9/CDF-HARSH,SHADE_ONLY,4,COMPLETE,EXCLUDED_NUMERICAL_FAILURE,,,,0
r8c-3295-e90147ffbec5d91c,3295,E2_DYNAMIC_INCREMENTAL_AFTER_FULL_REUSE,CDF9/CDF-MILD,NO_CROSS_EVENT_MEMORY,0,COMPLETE,EXCLUDED_NUMERICAL_FAILURE,,,,0
r8c-3296-0b3b3287aa3555bb,3296,E2_DYNAMIC_INCREMENTAL_AFTER_FULL_REUSE,CDF9/CDF-MILD,NO_REJECTION_CREDIT,0,COMPLETE,EXCLUDED_NUMERICAL_FAILURE,,,,0
r8c-3297-825f0db539d58ef3,3297,E2_DYNAMIC_INCREMENTAL_AFTER_FULL_REUSE,CDF9/CDF-MILD,NO_MEMORY_RESET_GATE,0,COMPLETE,EXCLUDED_NUMERICAL_FAILURE,,,,0
r8c-3298-0fe65157ed8c541a,3298,E2_DYNAMIC_INCREMENTAL_AFTER_FULL_REUSE,CDF9/CDF-MILD,NO_LINEAGE_CREDIT,0,COMPLETE,EXCLUDED_NUMERICAL_FAILURE,,,,0
r8c-3299-1ebd1f07f3f79035,3299,E2_DYNAMIC_INCREMENTAL_AFTER_FULL_REUSE,CDF9/CDF-MILD,CROSS_EVENT_WARM_START_ONLY,0,COMPLETE,EXCLUDED_NUMERICAL_FAILURE,,,,0
r8c-3300-ec11375cc36edc38,3300,E2_DYNAMIC_INCREMENTAL_AFTER_FULL_REUSE,CDF9/CDF-MILD,CROSS_EVENT_MEMORY_ONLY,0,COMPLETE,EXCLUDED_NUMERICAL_FAILURE,,,,0
r8c-3301-8449f00c6c737ad3,3301,E2_DYNAMIC_INCREMENTAL_AFTER_FULL_REUSE,CDF9/CDF-MILD,SHADE_ONLY,0,COMPLETE,EXCLUDED_NUMERICAL_FAILURE,,,,0
r8c-3302-7d26d9d94a7848bf,3302,E2_DYNAMIC_INCREMENTAL_AFTER_FULL_REUSE,CDF9/CDF-MILD,NO_CROSS_EVENT_MEMORY,1,COMPLETE,EXCLUDED_NUMERICAL_FAILURE,,,,0
r8c-3303-da8263236556793d,3303,E2_DYNAMIC_INCREMENTAL_AFTER_FULL_REUSE,CDF9/CDF-MILD,NO_REJECTION_CREDIT,1,COMPLETE,EXCLUDED_NUMERICAL_FAILURE,,,,0
r8c-3304-e1259892fda8028b,3304,E2_DYNAMIC_INCREMENTAL_AFTER_FULL_REUSE,CDF9/CDF-MILD,NO_MEMORY_RESET_GATE,1,COMPLETE,EXCLUDED_NUMERICAL_FAILURE,,,,0
r8c-3305-f925576b226968da,3305,E2_DYNAMIC_INCREMENTAL_AFTER_FULL_REUSE,CDF9/CDF-MILD,NO_LINEAGE_CREDIT,1,COMPLETE,EXCLUDED_NUMERICAL_FAILURE,,,,0
r8c-3306-29202e483e417a46,3306,E2_DYNAMIC_INCREMENTAL_AFTER_FULL_REUSE,CDF9/CDF-MILD,CROSS_EVENT_WARM_START_ONLY,1,COMPLETE,EXCLUDED_NUMERICAL_FAILURE,,,,0
r8c-3307-03d599dd8574f98f,3307,E2_DYNAMIC_INCREMENTAL_AFTER_FULL_REUSE,CDF9/CDF-MILD,CROSS_EVENT_MEMORY_ONLY,1,COMPLETE,EXCLUDED_NUMERICAL_FAILURE,,,,0
r8c-3308-12ee6325796c727f,3308,E2_DYNAMIC_INCREMENTAL_AFTER_FULL_REUSE,CDF9/CDF-MILD,SHADE_ONLY,1,COMPLETE,EXCLUDED_NUMERICAL_FAILURE,,,,0
r8c-3309-720c8f2f3fc86056,3309,E2_DYNAMIC_INCREMENTAL_AFTER_FULL_REUSE,CDF9/CDF-MILD,NO_CROSS_EVENT_MEMORY,2,COMPLETE,EXCLUDED_NUMERICAL_FAILURE,,,,0
r8c-3310-66a77a7cdbaa0257,3310,E2_DYNAMIC_INCREMENTAL_AFTER_FULL_REUSE,CDF9/CDF-MILD,NO_REJECTION_CREDIT,2,COMPLETE,EXCLUDED_NUMERICAL_FAILURE,,,,0
r8c-3311-f24b75eae3bd10e0,3311,E2_DYNAMIC_INCREMENTAL_AFTER_FULL_REUSE,CDF9/CDF-MILD,NO_MEMORY_RESET_GATE,2,COMPLETE,EXCLUDED_NUMERICAL_FAILURE,,,,0
r8c-3312-fec93d21ab76d671,3312,E2_DYNAMIC_INCREMENTAL_AFTER_FULL_REUSE,CDF9/CDF-MILD,NO_LINEAGE_CREDIT,2,COMPLETE,EXCLUDED_NUMERICAL_FAILURE,,,,0
r8c-3313-c9a962c02df4ac32,3313,E2_DYNAMIC_INCREMENTAL_AFTER_FULL_REUSE,CDF9/CDF-MILD,CROSS_EVENT_WARM_START_ONLY,2,COMPLETE,EXCLUDED_NUMERICAL_FAILURE,,,,0
r8c-3314-5a14aaa4f37767bb,3314,E2_DYNAMIC_INCREMENTAL_AFTER_FULL_REUSE,CDF9/CDF-MILD,CROSS_EVENT_MEMORY_ONLY,2,COMPLETE,EXCLUDED_NUMERICAL_FAILURE,,,,0
r8c-3315-0d876a7477db85ed,3315,E2_DYNAMIC_INCREMENTAL_AFTER_FULL_REUSE,CDF9/CDF-MILD,SHADE_ONLY,2,COMPLETE,EXCLUDED_NUMERICAL_FAILURE,,,,0
r8c-3316-905173d90915a3d8,3316,E2_DYNAMIC_INCREMENTAL_AFTER_FULL_REUSE,CDF9/CDF-MILD,NO_CROSS_EVENT_MEMORY,3,COMPLETE,EXCLUDED_NUMERICAL_FAILURE,,,,0
r8c-3317-eebf6b26c02825a6,3317,E2_DYNAMIC_INCREMENTAL_AFTER_FULL_REUSE,CDF9/CDF-MILD,NO_REJECTION_CREDIT,3,COMPLETE,EXCLUDED_NUMERICAL_FAILURE,,,,0
r8c-3318-2920721568a5d9b7,3318,E2_DYNAMIC_INCREMENTAL_AFTER_FULL_REUSE,CDF9/CDF-MILD,NO_MEMORY_RESET_GATE,3,COMPLETE,EXCLUDED_NUMERICAL_FAILURE,,,,0
r8c-3319-2edf805dca1e8564,3319,E2_DYNAMIC_INCREMENTAL_AFTER_FULL_REUSE,CDF9/CDF-MILD,NO_LINEAGE_CREDIT,3,COMPLETE,EXCLUDED_NUMERICAL_FAILURE,,,,0
r8c-3320-008b431de857a022,3320,E2_DYNAMIC_INCREMENTAL_AFTER_FULL_REUSE,CDF9/CDF-MILD,CROSS_EVENT_WARM_START_ONLY,3,COMPLETE,EXCLUDED_NUMERICAL_FAILURE,,,,0
r8c-3321-bdd0996e99cda018,3321,E2_DYNAMIC_INCREMENTAL_AFTER_FULL_REUSE,CDF9/CDF-MILD,CROSS_EVENT_MEMORY_ONLY,3,COMPLETE,EXCLUDED_NUMERICAL_FAILURE,,,,0
r8c-3322-6e791bdbb1aa1c46,3322,E2_DYNAMIC_INCREMENTAL_AFTER_FULL_REUSE,CDF9/CDF-MILD,SHADE_ONLY,3,COMPLETE,EXCLUDED_NUMERICAL_FAILURE,,,,0
r8c-3323-2dc4b585c118df9b,3323,E2_DYNAMIC_INCREMENTAL_AFTER_FULL_REUSE,CDF9/CDF-MILD,NO_CROSS_EVENT_MEMORY,4,COMPLETE,EXCLUDED_NUMERICAL_FAILURE,,,,0
r8c-3324-23ce37aaae291abf,3324,E2_DYNAMIC_INCREMENTAL_AFTER_FULL_REUSE,CDF9/CDF-MILD,NO_REJECTION_CREDIT,4,COMPLETE,EXCLUDED_NUMERICAL_FAILURE,,,,0
r8c-3325-bbfc5282d76d27ae,3325,E2_DYNAMIC_INCREMENTAL_AFTER_FULL_REUSE,CDF9/CDF-MILD,NO_MEMORY_RESET_GATE,4,COMPLETE,EXCLUDED_NUMERICAL_FAILURE,,,,0
r8c-3326-283e1c2e6c20a84b,3326,E2_DYNAMIC_INCREMENTAL_AFTER_FULL_REUSE,CDF9/CDF-MILD,NO_LINEAGE_CREDIT,4,COMPLETE,EXCLUDED_NUMERICAL_FAILURE,,,,0
r8c-3327-8929e530e8dd9ccd,3327,E2_DYNAMIC_INCREMENTAL_AFTER_FULL_REUSE,CDF9/CDF-MILD,CROSS_EVENT_WARM_START_ONLY,4,COMPLETE,EXCLUDED_NUMERICAL_FAILURE,,,,0
r8c-3328-8dadc30a0c67d3ec,3328,E2_DYNAMIC_INCREMENTAL_AFTER_FULL_REUSE,CDF9/CDF-MILD,CROSS_EVENT_MEMORY_ONLY,4,COMPLETE,EXCLUDED_NUMERICAL_FAILURE,,,,0
r8c-3329-a64433fbbaf8f1ec,3329,E2_DYNAMIC_INCREMENTAL_AFTER_FULL_REUSE,CDF9/CDF-MILD,SHADE_ONLY,4,COMPLETE,EXCLUDED_NUMERICAL_FAILURE,,,,0
r8c-3330-49090f1df739e06f,3330,E2_DYNAMIC_INCREMENTAL_AFTER_FULL_REUSE,CDF10/CDF-HARSH,NO_CROSS_EVENT_MEMORY,0,COMPLETE,INCLUDED,4.645738301779975e-05,0.000371659064142398,0.0,0
r8c-3331-699a0a1d0f546245,3331,E2_DYNAMIC_INCREMENTAL_AFTER_FULL_REUSE,CDF10/CDF-HARSH,NO_REJECTION_CREDIT,0,COMPLETE,INCLUDED,0.40645366217229006,0.420359899713224,0.36814135400180636,0
r8c-3332-95d0e995a65ba4ee,3332,E2_DYNAMIC_INCREMENTAL_AFTER_FULL_REUSE,CDF10/CDF-HARSH,NO_MEMORY_RESET_GATE,0,COMPLETE,INCLUDED,0.38544308564985236,0.40080162933882335,0.3497121231221764,0
r8c-3333-771f00467108d41f,3333,E2_DYNAMIC_INCREMENTAL_AFTER_FULL_REUSE,CDF10/CDF-HARSH,NO_LINEAGE_CREDIT,0,COMPLETE,INCLUDED,0.39573220152281763,0.40988383554179,0.3574727372878587,0
r8c-3334-21db83be8350488e,3334,E2_DYNAMIC_INCREMENTAL_AFTER_FULL_REUSE,CDF10/CDF-HARSH,CROSS_EVENT_WARM_START_ONLY,0,COMPLETE,INCLUDED,0.2059070135562865,0.21383855383025216,0.18692932006611254,0
r8c-3335-4df2c279a549828a,3335,E2_DYNAMIC_INCREMENTAL_AFTER_FULL_REUSE,CDF10/CDF-HARSH,CROSS_EVENT_MEMORY_ONLY,0,COMPLETE,INCLUDED,0.001673806452740717,0.022080179744732586,0.0,0
r8c-3336-6e919a5fa627fc3a,3336,E2_DYNAMIC_INCREMENTAL_AFTER_FULL_REUSE,CDF10/CDF-HARSH,SHADE_ONLY,0,COMPLETE,INCLUDED,5.0185578348263975e-05,0.0017075603138505817,0.0,0
r8c-3337-2253a7190a546345,3337,E2_DYNAMIC_INCREMENTAL_AFTER_FULL_REUSE,CDF10/CDF-HARSH,NO_CROSS_EVENT_MEMORY,1,COMPLETE,INCLUDED,0.0,0.0,0.0,0
r8c-3338-53d159e9ed558af0,3338,E2_DYNAMIC_INCREMENTAL_AFTER_FULL_REUSE,CDF10/CDF-HARSH,NO_REJECTION_CREDIT,1,COMPLETE,INCLUDED,0.13178798527506635,0.13685858283545108,0.11946205374595552,0
r8c-3339-a7af6261d585034b,3339,E2_DYNAMIC_INCREMENTAL_AFTER_FULL_REUSE,CDF10/CDF-HARSH,NO_MEMORY_RESET_GATE,1,COMPLETE,INCLUDED,0.3874949242144955,0.4017082259172726,0.3517976675797185,0
r8c-3340-414c924f5c6938c1,3340,E2_DYNAMIC_INCREMENTAL_AFTER_FULL_REUSE,CDF10/CDF-HARSH,NO_LINEAGE_CREDIT,1,COMPLETE,INCLUDED,0.3892632732641394,0.4030234442201817,0.35221465030858345,0
r8c-3341-7b515b6f257eba41,3341,E2_DYNAMIC_INCREMENTAL_AFTER_FULL_REUSE,CDF10/CDF-HARSH,CROSS_EVENT_WARM_START_ONLY,1,COMPLETE,INCLUDED,0.3638620124503417,0.37813949205180025,0.33015609824189995,0
r8c-3342-0d08ea9e8d01c398,3342,E2_DYNAMIC_INCREMENTAL_AFTER_FULL_REUSE,CDF10/CDF-HARSH,CROSS_EVENT_MEMORY_ONLY,1,COMPLETE,INCLUDED,0.002417468407603043,0.027524029147487455,0.0,0
r8c-3343-aba23028fc6337c8,3343,E2_DYNAMIC_INCREMENTAL_AFTER_FULL_REUSE,CDF10/CDF-HARSH,SHADE_ONLY,1,COMPLETE,INCLUDED,0.00026991406826798323,0.004986641965908373,0.0,0
r8c-3344-31b78daef8c27c10,3344,E2_DYNAMIC_INCREMENTAL_AFTER_FULL_REUSE,CDF10/CDF-HARSH,NO_CROSS_EVENT_MEMORY,2,COMPLETE,INCLUDED,0.0,0.0,0.0,0
r8c-3345-4f865d0b9e7cf281,3345,E2_DYNAMIC_INCREMENTAL_AFTER_FULL_REUSE,CDF10/CDF-HARSH,NO_REJECTION_CREDIT,2,COMPLETE,INCLUDED,0.26054650200175056,0.270070554887131,0.23688969624775602,0
r8c-3346-191c74d3a7f3f8b2,3346,E2_DYNAMIC_INCREMENTAL_AFTER_FULL_REUSE,CDF10/CDF-HARSH,NO_MEMORY_RESET_GATE,2,COMPLETE,INCLUDED,0.4091586206974327,0.42423978889873404,0.37106127837246433,0
r8c-3347-8c2cc02aa81f1b4f,3347,E2_DYNAMIC_INCREMENTAL_AFTER_FULL_REUSE,CDF10/CDF-HARSH,NO_LINEAGE_CREDIT,2,COMPLETE,INCLUDED,0.3867950278545852,0.4004908152202296,0.3505318612325685,0
r8c-3348-8e0e789f95511b56,3348,E2_DYNAMIC_INCREMENTAL_AFTER_FULL_REUSE,CDF10/CDF-HARSH,CROSS_EVENT_WARM_START_ONLY,2,COMPLETE,INCLUDED,0.2387737000250615,0.24788569826623263,0.21684925866388843,0
r8c-3349-557513cd11e90a05,3349,E2_DYNAMIC_INCREMENTAL_AFTER_FULL_REUSE,CDF10/CDF-HARSH,CROSS_EVENT_MEMORY_ONLY,2,COMPLETE,INCLUDED,0.0015194751482213585,0.021001212905134074,0.0,0
r8c-3350-509b7719979c04db,3350,E2_DYNAMIC_INCREMENTAL_AFTER_FULL_REUSE,CDF10/CDF-HARSH,SHADE_ONLY,2,COMPLETE,INCLUDED,0.00018727458306818783,0.003291615617273703,0.0,0
r8c-3351-ddc6ac2b7e1fef67,3351,E2_DYNAMIC_INCREMENTAL_AFTER_FULL_REUSE,CDF10/CDF-HARSH,NO_CROSS_EVENT_MEMORY,3,COMPLETE,INCLUDED,0.00010477412161992963,0.00027939765765314567,0.0,0
r8c-3352-42f7ec01a6513b5c,3352,E2_DYNAMIC_INCREMENTAL_AFTER_FULL_REUSE,CDF10/CDF-HARSH,NO_REJECTION_CREDIT,3,COMPLETE,INCLUDED,0.413433479580584,0.4284265230687734,0.37497667214586944,0
r8c-3353-febd64aa70995644,3353,E2_DYNAMIC_INCREMENTAL_AFTER_FULL_REUSE,CDF10/CDF-HARSH,NO_MEMORY_RESET_GATE,3,COMPLETE,INCLUDED,0.10547390817044992,0.10945665743505574,0.09570688445660988,0
r8c-3354-e4404509c220b1ea,3354,E2_DYNAMIC_INCREMENTAL_AFTER_FULL_REUSE,CDF10/CDF-HARSH,NO_LINEAGE_CREDIT,3,COMPLETE,INCLUDED,0.2818204856917407,0.2918946511228956,0.2560811600913138,0
r8c-3355-9db3b397d454bd7e,3355,E2_DYNAMIC_INCREMENTAL_AFTER_FULL_REUSE,CDF10/CDF-HARSH,CROSS_EVENT_WARM_START_ONLY,3,COMPLETE,INCLUDED,0.39659717718275267,0.41109841238743117,0.3595648664011833,0
r8c-3356-dc39d58c7b87dd75,3356,E2_DYNAMIC_INCREMENTAL_AFTER_FULL_REUSE,CDF10/CDF-HARSH,CROSS_EVENT_MEMORY_ONLY,3,COMPLETE,INCLUDED,0.0006650882227896749,0.010045843168091971,0.0,0
r8c-3357-5a3fe6730ec2e4a4,3357,E2_DYNAMIC_INCREMENTAL_AFTER_FULL_REUSE,CDF10/CDF-HARSH,SHADE_ONLY,3,COMPLETE,INCLUDED,4.497709548728535e-05,0.0007944334667219501,0.0,0
r8c-3358-2dff2c5b093973ec,3358,E2_DYNAMIC_INCREMENTAL_AFTER_FULL_REUSE,CDF10/CDF-HARSH,NO_CROSS_EVENT_MEMORY,4,COMPLETE,INCLUDED,0.0,0.0,0.0,0
r8c-3359-58fdaf1ae5778a44,3359,E2_DYNAMIC_INCREMENTAL_AFTER_FULL_REUSE,CDF10/CDF-HARSH,NO_REJECTION_CREDIT,4,COMPLETE,INCLUDED,0.3569723331378815,0.3685498853426143,0.32338922305769374,0
r8c-3360-103ef737314777b4,3360,E2_DYNAMIC_INCREMENTAL_AFTER_FULL_REUSE,CDF10/CDF-HARSH,NO_MEMORY_RESET_GATE,4,COMPLETE,INCLUDED,0.0960636902457551,0.09947095186679351,0.08695847519420567,0
r8c-3361-a4fa9ff2bc648502,3361,E2_DYNAMIC_INCREMENTAL_AFTER_FULL_REUSE,CDF10/CDF-HARSH,NO_LINEAGE_CREDIT,4,COMPLETE,INCLUDED,0.23438186686958262,0.24217868232385745,0.2122728263719781,0
r8c-3362-2173c4ed549bda9b,3362,E2_DYNAMIC_INCREMENTAL_AFTER_FULL_REUSE,CDF10/CDF-HARSH,CROSS_EVENT_WARM_START_ONLY,4,COMPLETE,INCLUDED,0.3382184319608251,0.35088846337714746,0.3067620218350795,0
r8c-3363-67536cfb2f9ddf14,3363,E2_DYNAMIC_INCREMENTAL_AFTER_FULL_REUSE,CDF10/CDF-HARSH,CROSS_EVENT_MEMORY_ONLY,4,COMPLETE,INCLUDED,0.0011377758317744292,0.014894754769387182,0.0,0
r8c-3364-b1eaadee90703a03,3364,E2_DYNAMIC_INCREMENTAL_AFTER_FULL_REUSE,CDF10/CDF-HARSH,SHADE_ONLY,4,COMPLETE,INCLUDED,0.00019545078483299886,0.0021033510887079935,0.0,0
r8c-3365-0b75e3d47d66606d,3365,E2_DYNAMIC_INCREMENTAL_AFTER_FULL_REUSE,CDF10/CDF-MILD,NO_CROSS_EVENT_MEMORY,0,COMPLETE,INCLUDED,2.054617026120478e-05,0.0008218468104481904,0.0,0
r8c-3366-d2d595608cdce02a,3366,E2_DYNAMIC_INCREMENTAL_AFTER_FULL_REUSE,CDF10/CDF-MILD,NO_REJECTION_CREDIT,0,COMPLETE,INCLUDED,0.40572346541132454,0.41993374756154017,0.36793415366240567,0
r8c-3367-ae4ccd8922d06400,3367,E2_DYNAMIC_INCREMENTAL_AFTER_FULL_REUSE,CDF10/CDF-MILD,NO_MEMORY_RESET_GATE,0,COMPLETE,INCLUDED,0.3967801396150426,0.4118766711896366,0.3597166197090594,0
r8c-3368-fd46b4b5890b8856,3368,E2_DYNAMIC_INCREMENTAL_AFTER_FULL_REUSE,CDF10/CDF-MILD,NO_LINEAGE_CREDIT,0,COMPLETE,INCLUDED,0.41859971388158557,0.43383266517074354,0.3799774037527863,0
r8c-3369-4500e7f5b13692a5,3369,E2_DYNAMIC_INCREMENTAL_AFTER_FULL_REUSE,CDF10/CDF-MILD,CROSS_EVENT_WARM_START_ONLY,0,COMPLETE,INCLUDED,0.20761999500617473,0.21499377964912145,0.1881754092163318,0
r8c-3370-37ded3004605f35d,3370,E2_DYNAMIC_INCREMENTAL_AFTER_FULL_REUSE,CDF10/CDF-MILD,CROSS_EVENT_MEMORY_ONLY,0,COMPLETE,INCLUDED,0.0009696030923261006,0.015187105341753724,0.0,0
r8c-3371-3aef34a3a9104259,3371,E2_DYNAMIC_INCREMENTAL_AFTER_FULL_REUSE,CDF10/CDF-MILD,SHADE_ONLY,0,COMPLETE,INCLUDED,0.0001742217284300839,0.005304885556134427,0.0,0
r8c-3372-250b0e798d80b639,3372,E2_DYNAMIC_INCREMENTAL_AFTER_FULL_REUSE,CDF10/CDF-MILD,NO_CROSS_EVENT_MEMORY,1,COMPLETE,INCLUDED,0.0,0.0,0.0,0
r8c-3373-00094171538a5696,3373,E2_DYNAMIC_INCREMENTAL_AFTER_FULL_REUSE,CDF10/CDF-MILD,NO_REJECTION_CREDIT,1,COMPLETE,INCLUDED,0.35331261578246514,0.3647701951784584,0.31944444330281324,0
r8c-3374-4337cd62aebab539,3374,E2_DYNAMIC_INCREMENTAL_AFTER_FULL_REUSE,CDF10/CDF-MILD,NO_MEMORY_RESET_GATE,1,COMPLETE,INCLUDED,0.23326054320788753,0.24133281567510115,0.21196741984086198,0
r8c-3375-f861da7684003a61,3375,E2_DYNAMIC_INCREMENTAL_AFTER_FULL_REUSE,CDF10/CDF-MILD,NO_LINEAGE_CREDIT,1,COMPLETE,INCLUDED,0.397551552791085,0.4107026527129417,0.3600676486852288,0
r8c-3376-7784013d0bbd9fd9,3376,E2_DYNAMIC_INCREMENTAL_AFTER_FULL_REUSE,CDF10/CDF-MILD,CROSS_EVENT_WARM_START_ONLY,1,COMPLETE,INCLUDED,0.3839638483713204,0.39815558943602947,0.34877589902113876,0
r8c-3377-ab7923b09b567c79,3377,E2_DYNAMIC_INCREMENTAL_AFTER_FULL_REUSE,CDF10/CDF-MILD,CROSS_EVENT_MEMORY_ONLY,1,COMPLETE,INCLUDED,0.0014442679273012195,0.023557300826512476,0.0,0
r8c-3378-fbeaa58331a7a85e,3378,E2_DYNAMIC_INCREMENTAL_AFTER_FULL_REUSE,CDF10/CDF-MILD,SHADE_ONLY,1,COMPLETE,INCLUDED,0.00023207952504378335,0.002148965935393258,0.0,0
r8c-3379-2a032774fb4cf370,3379,E2_DYNAMIC_INCREMENTAL_AFTER_FULL_REUSE,CDF10/CDF-MILD,NO_CROSS_EVENT_MEMORY,2,COMPLETE,INCLUDED,4.069776072842462e-05,0.0005426368097123281,0.0,0
r8c-3380-f0b23602f3da5571,3380,E2_DYNAMIC_INCREMENTAL_AFTER_FULL_REUSE,CDF10/CDF-MILD,NO_REJECTION_CREDIT,2,COMPLETE,INCLUDED,0.26689398641570045,0.2760728187793284,0.2424586362507184,0
r8c-3381-f68831f1443c7f99,3381,E2_DYNAMIC_INCREMENTAL_AFTER_FULL_REUSE,CDF10/CDF-MILD,NO_MEMORY_RESET_GATE,2,COMPLETE,INCLUDED,0.4042984074194559,0.41829148465430216,0.36684920618156974,0
r8c-3382-7ccece6c0b59471b,3382,E2_DYNAMIC_INCREMENTAL_AFTER_FULL_REUSE,CDF10/CDF-MILD,NO_LINEAGE_CREDIT,2,COMPLETE,INCLUDED,0.38289294867536683,0.39540251973514606,0.3469377314155449,0
r8c-3383-e41161061cd87b59,3383,E2_DYNAMIC_INCREMENTAL_AFTER_FULL_REUSE,CDF10/CDF-MILD,CROSS_EVENT_WARM_START_ONLY,2,COMPLETE,INCLUDED,0.24263805916673958,0.25135693982534085,0.22048166715834425,0
r8c-3384-0ad7c7ef3960a832,3384,E2_DYNAMIC_INCREMENTAL_AFTER_FULL_REUSE,CDF10/CDF-MILD,CROSS_EVENT_MEMORY_ONLY,2,COMPLETE,INCLUDED,0.0017435699154359863,0.021023604194608914,0.0,0
r8c-3385-50dd48b9e5a39e4e,3385,E2_DYNAMIC_INCREMENTAL_AFTER_FULL_REUSE,CDF10/CDF-MILD,SHADE_ONLY,2,COMPLETE,INCLUDED,8.701197046230821e-05,0.001293080109347706,0.0,0
r8c-3386-db08ad7dccf5c2ec,3386,E2_DYNAMIC_INCREMENTAL_AFTER_FULL_REUSE,CDF10/CDF-MILD,NO_CROSS_EVENT_MEMORY,3,COMPLETE,INCLUDED,0.00022572159653294133,0.0011295567982413895,0.0,0
r8c-3387-20741974c3ad107b,3387,E2_DYNAMIC_INCREMENTAL_AFTER_FULL_REUSE,CDF10/CDF-MILD,NO_REJECTION_CREDIT,3,COMPLETE,INCLUDED,0.28834589600902144,0.29783136592568954,0.2614832108810247,0
r8c-3388-f31f5e571a9ded63,3388,E2_DYNAMIC_INCREMENTAL_AFTER_FULL_REUSE,CDF10/CDF-MILD,NO_MEMORY_RESET_GATE,3,COMPLETE,INCLUDED,0.27470947187609396,0.2839854347021796,0.24713455335485982,0
r8c-3389-4f3f53d73da51f00,3389,E2_DYNAMIC_INCREMENTAL_AFTER_FULL_REUSE,CDF10/CDF-MILD,NO_LINEAGE_CREDIT,3,COMPLETE,INCLUDED,0.28577382301401316,0.2959776843780743,0.25974824608074765,0
r8c-3390-619bfce7f23836b4,3390,E2_DYNAMIC_INCREMENTAL_AFTER_FULL_REUSE,CDF10/CDF-MILD,CROSS_EVENT_WARM_START_ONLY,3,COMPLETE,INCLUDED,0.3911909199565669,0.40624273899212354,0.35608985518972536,0
r8c-3391-f4792d8b994b9c3a,3391,E2_DYNAMIC_INCREMENTAL_AFTER_FULL_REUSE,CDF10/CDF-MILD,CROSS_EVENT_MEMORY_ONLY,3,COMPLETE,INCLUDED,0.003450281175888388,0.032020684563284385,0.0,0
r8c-3392-a7218ebfe98f1a6a,3392,E2_DYNAMIC_INCREMENTAL_AFTER_FULL_REUSE,CDF10/CDF-MILD,SHADE_ONLY,3,COMPLETE,INCLUDED,0.0002520572018548266,0.0037944221436521527,0.0,0
r8c-3393-2266d011606869c9,3393,E2_DYNAMIC_INCREMENTAL_AFTER_FULL_REUSE,CDF10/CDF-MILD,NO_CROSS_EVENT_MEMORY,4,COMPLETE,INCLUDED,0.00026177779033401523,0.0011634568459289567,0.0,0
r8c-3394-ee1716ea6a812eec,3394,E2_DYNAMIC_INCREMENTAL_AFTER_FULL_REUSE,CDF10/CDF-MILD,NO_REJECTION_CREDIT,4,COMPLETE,INCLUDED,0.21183221512603043,0.21931136957967076,0.1924894312290739,0
r8c-3395-1cd096d1d30fc2a0,3395,E2_DYNAMIC_INCREMENTAL_AFTER_FULL_REUSE,CDF10/CDF-MILD,NO_MEMORY_RESET_GATE,4,COMPLETE,INCLUDED,0.10069782954541397,0.1043086631707402,0.09113375432751429,0
r8c-3396-c6c51d6dd5845c07,3396,E2_DYNAMIC_INCREMENTAL_AFTER_FULL_REUSE,CDF10/CDF-MILD,NO_LINEAGE_CREDIT,4,COMPLETE,INCLUDED,0.2581039068143111,0.26714666346047883,0.23449796494280128,0
r8c-3397-2fe1d87ed5183fc0,3397,E2_DYNAMIC_INCREMENTAL_AFTER_FULL_REUSE,CDF10/CDF-MILD,CROSS_EVENT_WARM_START_ONLY,4,COMPLETE,INCLUDED,0.3361614248624351,0.34790548760841805,0.305115334408823,0
r8c-3398-2195ceb0e82599d2,3398,E2_DYNAMIC_INCREMENTAL_AFTER_FULL_REUSE,CDF10/CDF-MILD,CROSS_EVENT_MEMORY_ONLY,4,COMPLETE,INCLUDED,0.0016011761135736682,0.01958657239971786,0.0,0
r8c-3399-c5b03db15b49d34e,3399,E2_DYNAMIC_INCREMENTAL_AFTER_FULL_REUSE,CDF10/CDF-MILD,SHADE_ONLY,4,COMPLETE,INCLUDED,0.00013825479989710163,0.0033895649087580617,0.0,0
r8c-3400-b98b52959ba04652,3400,E2_DYNAMIC_INCREMENTAL_AFTER_FULL_REUSE,CDF11/CDF-HARSH,NO_CROSS_EVENT_MEMORY,0,COMPLETE,INCLUDED,3.7948141939585e-05,0.0006037969473548131,0.0,0
r8c-3401-f28bc7a9ed9ad466,3401,E2_DYNAMIC_INCREMENTAL_AFTER_FULL_REUSE,CDF11/CDF-HARSH,NO_REJECTION_CREDIT,0,COMPLETE,INCLUDED,0.16860800066806092,0.18161707425027038,0.14952851378316337,0
r8c-3402-867f79e1f4a62524,3402,E2_DYNAMIC_INCREMENTAL_AFTER_FULL_REUSE,CDF11/CDF-HARSH,NO_MEMORY_RESET_GATE,0,COMPLETE,INCLUDED,0.2120029061611492,0.23615750263262958,0.18283408724790112,0
r8c-3403-1adf40c771a4a2a1,3403,E2_DYNAMIC_INCREMENTAL_AFTER_FULL_REUSE,CDF11/CDF-HARSH,NO_LINEAGE_CREDIT,0,COMPLETE,INCLUDED,0.09404735094719509,0.1273411044839681,0.04348014251487291,0
r8c-3404-a4f54c2a12362321,3404,E2_DYNAMIC_INCREMENTAL_AFTER_FULL_REUSE,CDF11/CDF-HARSH,CROSS_EVENT_WARM_START_ONLY,0,COMPLETE,INCLUDED,0.05584445579422422,0.0807155922186736,0.04312986140139733,0
r8c-3405-6558b6812c2f805a,3405,E2_DYNAMIC_INCREMENTAL_AFTER_FULL_REUSE,CDF11/CDF-HARSH,CROSS_EVENT_MEMORY_ONLY,0,COMPLETE,INCLUDED,0.0005606594245112293,0.009348526870488729,0.0,0
r8c-3406-d20565771a7dfae2,3406,E2_DYNAMIC_INCREMENTAL_AFTER_FULL_REUSE,CDF11/CDF-HARSH,SHADE_ONLY,0,COMPLETE,INCLUDED,0.00012410442312411137,0.002762134169732943,0.0,0
r8c-3407-c5aef817ca3daa31,3407,E2_DYNAMIC_INCREMENTAL_AFTER_FULL_REUSE,CDF11/CDF-HARSH,NO_CROSS_EVENT_MEMORY,1,COMPLETE,INCLUDED,0.0,0.0,0.0,0
r8c-3408-60a6d435edc8d2ce,3408,E2_DYNAMIC_INCREMENTAL_AFTER_FULL_REUSE,CDF11/CDF-HARSH,NO_REJECTION_CREDIT,1,COMPLETE,INCLUDED,0.23504095383384976,0.2556499339705495,0.20483531732637988,0
r8c-3409-4e18c05785cd5005,3409,E2_DYNAMIC_INCREMENTAL_AFTER_FULL_REUSE,CDF11/CDF-HARSH,NO_MEMORY_RESET_GATE,1,COMPLETE,INCLUDED,0.08636727924250992,0.10555460291833162,0.06965899536729475,0
r8c-3410-fdd587b9d16bc2cc,3410,E2_DYNAMIC_INCREMENTAL_AFTER_FULL_REUSE,CDF11/CDF-HARSH,NO_LINEAGE_CREDIT,1,COMPLETE,INCLUDED,0.1872226497547356,0.2025390152656672,0.16509978133335668,0
r8c-3411-35ea00c64c6e360e,3411,E2_DYNAMIC_INCREMENTAL_AFTER_FULL_REUSE,CDF11/CDF-HARSH,CROSS_EVENT_WARM_START_ONLY,1,COMPLETE,INCLUDED,0.0838296946333123,0.089682515626408,0.07566445928499892,0
r8c-3412-cc31c84a0d7ac80f,3412,E2_DYNAMIC_INCREMENTAL_AFTER_FULL_REUSE,CDF11/CDF-HARSH,CROSS_EVENT_MEMORY_ONLY,1,COMPLETE,INCLUDED,0.0005471762434739777,0.004615928196891673,0.0,0
r8c-3413-f226bba0b3d373c7,3413,E2_DYNAMIC_INCREMENTAL_AFTER_FULL_REUSE,CDF11/CDF-HARSH,SHADE_ONLY,1,COMPLETE,INCLUDED,1.3122794134241215e-05,0.0005249117653696483,0.0,0
r8c-3414-8b2acd57b13e8dc5,3414,E2_DYNAMIC_INCREMENTAL_AFTER_FULL_REUSE,CDF11/CDF-HARSH,NO_CROSS_EVENT_MEMORY,2,COMPLETE,INCLUDED,3.851636314364679e-06,5.1355150858195706e-05,0.0,0
r8c-3415-65bbe455977dcaf0,3415,E2_DYNAMIC_INCREMENTAL_AFTER_FULL_REUSE,CDF11/CDF-HARSH,NO_REJECTION_CREDIT,2,COMPLETE,INCLUDED,0.10027793234341341,0.1184437069872812,0.08191468488301847,0
r8c-3416-3667bfa5109824ff,3416,E2_DYNAMIC_INCREMENTAL_AFTER_FULL_REUSE,CDF11/CDF-HARSH,NO_MEMORY_RESET_GATE,2,COMPLETE,INCLUDED,0.2833086065821499,0.3001533136280263,0.2534280409112928,0
r8c-3417-2518d776e5fa482e,3417,E2_DYNAMIC_INCREMENTAL_AFTER_FULL_REUSE,CDF11/CDF-HARSH,NO_LINEAGE_CREDIT,2,COMPLETE,INCLUDED,0.20425662796202868,0.21585491499235762,0.1829868349246337,0
r8c-3418-f5c7df18a27e98d5,3418,E2_DYNAMIC_INCREMENTAL_AFTER_FULL_REUSE,CDF11/CDF-HARSH,CROSS_EVENT_WARM_START_ONLY,2,COMPLETE,INCLUDED,0.28456926637585517,0.30288859823728725,0.2555711033580513,0
r8c-3419-07f9f7673149a72e,3419,E2_DYNAMIC_INCREMENTAL_AFTER_FULL_REUSE,CDF11/CDF-HARSH,CROSS_EVENT_MEMORY_ONLY,2,COMPLETE,INCLUDED,0.0006356671057693803,0.006957193714430745,0.0,0
r8c-3420-236f606192eb459d,3420,E2_DYNAMIC_INCREMENTAL_AFTER_FULL_REUSE,CDF11/CDF-HARSH,SHADE_ONLY,2,COMPLETE,INCLUDED,1.6415790526022926e-05,0.00021887720701363898,0.0,0
r8c-3421-50a73561b78ce71a,3421,E2_DYNAMIC_INCREMENTAL_AFTER_FULL_REUSE,CDF11/CDF-HARSH,NO_CROSS_EVENT_MEMORY,3,COMPLETE,INCLUDED,0.0,0.0,0.0,0
r8c-3422-a091e06d7e957125,3422,E2_DYNAMIC_INCREMENTAL_AFTER_FULL_REUSE,CDF11/CDF-HARSH,NO_REJECTION_CREDIT,3,COMPLETE,INCLUDED,0.2801059188849989,0.2965868518862603,0.25089441571145193,0
r8c-3423-5dabbf3825b0004a,3423,E2_DYNAMIC_INCREMENTAL_AFTER_FULL_REUSE,CDF11/CDF-HARSH,NO_MEMORY_RESET_GATE,3,COMPLETE,INCLUDED,0.08986278784673142,0.12264024280343325,0.03958313773881485,0
r8c-3424-da4f26b74880f320,3424,E2_DYNAMIC_INCREMENTAL_AFTER_FULL_REUSE,CDF11/CDF-HARSH,NO_LINEAGE_CREDIT,3,COMPLETE,INCLUDED,0.2411522859601677,0.2650247148468443,0.2108686740806938,0
r8c-3425-c9040a27394a8297,3425,E2_DYNAMIC_INCREMENTAL_AFTER_FULL_REUSE,CDF11/CDF-HARSH,CROSS_EVENT_WARM_START_ONLY,3,COMPLETE,INCLUDED,0.07095681915449842,0.10181908658815182,0.04570205663636141,0
r8c-3426-ad25f04b2cc56dc0,3426,E2_DYNAMIC_INCREMENTAL_AFTER_FULL_REUSE,CDF11/CDF-HARSH,CROSS_EVENT_MEMORY_ONLY,3,COMPLETE,INCLUDED,0.0008509101982249176,0.011278906636878002,0.0,0
r8c-3427-35496c45fd05012d,3427,E2_DYNAMIC_INCREMENTAL_AFTER_FULL_REUSE,CDF11/CDF-HARSH,SHADE_ONLY,3,COMPLETE,INCLUDED,0.0,0.0,0.0,0
r8c-3428-7f3b49bd0070883a,3428,E2_DYNAMIC_INCREMENTAL_AFTER_FULL_REUSE,CDF11/CDF-HARSH,NO_CROSS_EVENT_MEMORY,4,COMPLETE,INCLUDED,0.0,0.0,0.0,0
r8c-3429-125bc2713e4ff508,3429,E2_DYNAMIC_INCREMENTAL_AFTER_FULL_REUSE,CDF11/CDF-HARSH,NO_REJECTION_CREDIT,4,COMPLETE,INCLUDED,0.19403995079787825,0.2173749575235106,0.16707246927534825,0
r8c-3430-b91b497604823e5d,3430,E2_DYNAMIC_INCREMENTAL_AFTER_FULL_REUSE,CDF11/CDF-HARSH,NO_MEMORY_RESET_GATE,4,COMPLETE,INCLUDED,0.23560994153663592,0.2585476829111662,0.20558375328857068,0
r8c-3431-bd924a7c786ced4c,3431,E2_DYNAMIC_INCREMENTAL_AFTER_FULL_REUSE,CDF11/CDF-HARSH,NO_LINEAGE_CREDIT,4,COMPLETE,INCLUDED,0.2270189496497953,0.24616604826490732,0.19964098090603963,0
r8c-3432-84286cc72310edcc,3432,E2_DYNAMIC_INCREMENTAL_AFTER_FULL_REUSE,CDF11/CDF-HARSH,CROSS_EVENT_WARM_START_ONLY,4,COMPLETE,INCLUDED,0.221786937327312,0.23541173750187255,0.19919299307852043,0
r8c-3433-02d2abf24543edd1,3433,E2_DYNAMIC_INCREMENTAL_AFTER_FULL_REUSE,CDF11/CDF-HARSH,CROSS_EVENT_MEMORY_ONLY,4,COMPLETE,INCLUDED,0.001453015195423624,0.012430137834109888,0.0,0
r8c-3434-0867bf89925f06f4,3434,E2_DYNAMIC_INCREMENTAL_AFTER_FULL_REUSE,CDF11/CDF-HARSH,SHADE_ONLY,4,COMPLETE,INCLUDED,6.0415253782632865e-05,0.0004567374118082846,0.0,0
r8c-3435-1e724a1c393bd7f1,3435,E2_DYNAMIC_INCREMENTAL_AFTER_FULL_REUSE,CDF11/CDF-MILD,NO_CROSS_EVENT_MEMORY,0,COMPLETE,INCLUDED,1.3380941643891448e-05,0.0005352376657556575,0.0,0
r8c-3436-abd870dd98f80064,3436,E2_DYNAMIC_INCREMENTAL_AFTER_FULL_REUSE,CDF11/CDF-MILD,NO_REJECTION_CREDIT,0,COMPLETE,INCLUDED,0.2560040491751982,0.26935367845133745,0.23015186756582862,0
r8c-3437-a7631e52484a3856,3437,E2_DYNAMIC_INCREMENTAL_AFTER_FULL_REUSE,CDF11/CDF-MILD,NO_MEMORY_RESET_GATE,0,COMPLETE,INCLUDED,0.21965867391932606,0.2425326104616907,0.18960494625865018,0
r8c-3438-bad4ff02fb97f11b,3438,E2_DYNAMIC_INCREMENTAL_AFTER_FULL_REUSE,CDF11/CDF-MILD,NO_LINEAGE_CREDIT,0,COMPLETE,INCLUDED,0.10687552947573525,0.13019668245906557,0.08010529036350011,0
r8c-3439-b794d26ce6c8943c,3439,E2_DYNAMIC_INCREMENTAL_AFTER_FULL_REUSE,CDF11/CDF-MILD,CROSS_EVENT_WARM_START_ONLY,0,COMPLETE,INCLUDED,0.07741895938453804,0.10268498020512344,0.0624873657868455,0
r8c-3440-6085af8ec121d429,3440,E2_DYNAMIC_INCREMENTAL_AFTER_FULL_REUSE,CDF11/CDF-MILD,CROSS_EVENT_MEMORY_ONLY,0,COMPLETE,INCLUDED,0.0009725599387040852,0.009607323792506976,0.0,0
r8c-3441-b2dae890daa34655,3441,E2_DYNAMIC_INCREMENTAL_AFTER_FULL_REUSE,CDF11/CDF-MILD,SHADE_ONLY,0,COMPLETE,INCLUDED,0.0004261492714972735,0.0033193009916419173,0.0,0
r8c-3442-4415a8ea677fe1a7,3442,E2_DYNAMIC_INCREMENTAL_AFTER_FULL_REUSE,CDF11/CDF-MILD,NO_CROSS_EVENT_MEMORY,1,COMPLETE,INCLUDED,0.0,0.0,0.0,0
r8c-3443-56cb0636b719f4cd,3443,E2_DYNAMIC_INCREMENTAL_AFTER_FULL_REUSE,CDF11/CDF-MILD,NO_REJECTION_CREDIT,1,COMPLETE,INCLUDED,0.23270506227232876,0.2526537566329812,0.20401783167230814,0
r8c-3444-82c6ae779d025eb8,3444,E2_DYNAMIC_INCREMENTAL_AFTER_FULL_REUSE,CDF11/CDF-MILD,NO_MEMORY_RESET_GATE,1,COMPLETE,INCLUDED,0.08852555606474313,0.10871713437174836,0.06835876226488112,0
r8c-3445-3ee1462980bd8aee,3445,E2_DYNAMIC_INCREMENTAL_AFTER_FULL_REUSE,CDF11/CDF-MILD,NO_LINEAGE_CREDIT,1,COMPLETE,INCLUDED,0.24286173031781147,0.2744904101307044,0.21009337516145882,0
r8c-3446-48aa75904f28a139,3446,E2_DYNAMIC_INCREMENTAL_AFTER_FULL_REUSE,CDF11/CDF-MILD,CROSS_EVENT_WARM_START_ONLY,1,COMPLETE,INCLUDED,0.12699022133019178,0.14858798437416929,0.10801597014055148,0
r8c-3447-53785406e7683961,3447,E2_DYNAMIC_INCREMENTAL_AFTER_FULL_REUSE,CDF11/CDF-MILD,CROSS_EVENT_MEMORY_ONLY,1,COMPLETE,INCLUDED,0.0008102921642145242,0.009324609324340087,0.0,0
r8c-3448-a00fa197f0363a1e,3448,E2_DYNAMIC_INCREMENTAL_AFTER_FULL_REUSE,CDF11/CDF-MILD,SHADE_ONLY,1,COMPLETE,INCLUDED,1.4802594275575935e-05,0.00018602469828554567,0.0,0
r8c-3449-c760e78ccd2abf47,3449,E2_DYNAMIC_INCREMENTAL_AFTER_FULL_REUSE,CDF11/CDF-MILD,NO_CROSS_EVENT_MEMORY,2,COMPLETE,INCLUDED,3.851636314364679e-06,5.1355150858195706e-05,0.0,0
r8c-3450-425fb722c667b5df,3450,E2_DYNAMIC_INCREMENTAL_AFTER_FULL_REUSE,CDF11/CDF-MILD,NO_REJECTION_CREDIT,2,COMPLETE,INCLUDED,0.07486215318781277,0.09425642678944729,0.057150146885064715,0
r8c-3451-b00a346fa3f2c071,3451,E2_DYNAMIC_INCREMENTAL_AFTER_FULL_REUSE,CDF11/CDF-MILD,NO_MEMORY_RESET_GATE,2,COMPLETE,INCLUDED,0.20244421747301375,0.22295315346102595,0.1755439969281455,0
r8c-3452-ad34f25db2016c61,3452,E2_DYNAMIC_INCREMENTAL_AFTER_FULL_REUSE,CDF11/CDF-MILD,NO_LINEAGE_CREDIT,2,COMPLETE,INCLUDED,0.22592210943236601,0.24088143485241645,0.20138064500817557,0
r8c-3453-316bd6ac06f90e29,3453,E2_DYNAMIC_INCREMENTAL_AFTER_FULL_REUSE,CDF11/CDF-MILD,CROSS_EVENT_WARM_START_ONLY,2,COMPLETE,INCLUDED,0.2874851409984521,0.3050511136522924,0.25891278531401174,0
r8c-3454-bca29ee9c14e07b9,3454,E2_DYNAMIC_INCREMENTAL_AFTER_FULL_REUSE,CDF11/CDF-MILD,CROSS_EVENT_MEMORY_ONLY,2,COMPLETE,INCLUDED,0.0006957940961329118,0.008012228171198637,0.0,0
r8c-3455-a90e379b5b107f54,3455,E2_DYNAMIC_INCREMENTAL_AFTER_FULL_REUSE,CDF11/CDF-MILD,SHADE_ONLY,2,COMPLETE,INCLUDED,0.0002951537125684362,0.0014317659823411568,0.0,0
r8c-3456-adb5cc37b5d2472f,3456,E2_DYNAMIC_INCREMENTAL_AFTER_FULL_REUSE,CDF11/CDF-MILD,NO_CROSS_EVENT_MEMORY,3,COMPLETE,INCLUDED,0.0,0.0,0.0,0
r8c-3457-4dc919e501489e4d,3457,E2_DYNAMIC_INCREMENTAL_AFTER_FULL_REUSE,CDF11/CDF-MILD,NO_REJECTION_CREDIT,3,COMPLETE,INCLUDED,0.2685422229919491,0.2860547048709387,0.23800610534265385,0
r8c-3458-13c5536b31f32b6e,3458,E2_DYNAMIC_INCREMENTAL_AFTER_FULL_REUSE,CDF11/CDF-MILD,NO_MEMORY_RESET_GATE,3,COMPLETE,INCLUDED,0.1867094993176388,0.20838417426993866,0.15699849271052904,0
r8c-3459-56d70e7ada148034,3459,E2_DYNAMIC_INCREMENTAL_AFTER_FULL_REUSE,CDF11/CDF-MILD,NO_LINEAGE_CREDIT,3,COMPLETE,INCLUDED,0.2561764184068447,0.2758681996876692,0.2268495088832728,0
r8c-3460-a6772337dc0e19ca,3460,E2_DYNAMIC_INCREMENTAL_AFTER_FULL_REUSE,CDF11/CDF-MILD,CROSS_EVENT_WARM_START_ONLY,3,COMPLETE,INCLUDED,0.15234708005278905,0.18536719863373713,0.12103475160882213,0
r8c-3461-ef6c5f4e5e01350a,3461,E2_DYNAMIC_INCREMENTAL_AFTER_FULL_REUSE,CDF11/CDF-MILD,CROSS_EVENT_MEMORY_ONLY,3,COMPLETE,INCLUDED,0.0007665845877145432,0.00723350423936789,0.0,0
r8c-3462-32ecda4a1dd83bdf,3462,E2_DYNAMIC_INCREMENTAL_AFTER_FULL_REUSE,CDF11/CDF-MILD,SHADE_ONLY,3,COMPLETE,INCLUDED,0.00010466418145208273,0.0008470406562987597,0.0,0
r8c-3463-d77d3a5a1d82f0d3,3463,E2_DYNAMIC_INCREMENTAL_AFTER_FULL_REUSE,CDF11/CDF-MILD,NO_CROSS_EVENT_MEMORY,4,COMPLETE,INCLUDED,0.0,0.0,0.0,0
r8c-3464-4c71c90e4d946ad7,3464,E2_DYNAMIC_INCREMENTAL_AFTER_FULL_REUSE,CDF11/CDF-MILD,NO_REJECTION_CREDIT,4,COMPLETE,INCLUDED,0.20143286494098833,0.22177660065989305,0.17600195374646885,0
r8c-3465-9ea3ac60dcad036a,3465,E2_DYNAMIC_INCREMENTAL_AFTER_FULL_REUSE,CDF11/CDF-MILD,NO_MEMORY_RESET_GATE,4,COMPLETE,INCLUDED,0.22004341700026922,0.23749836462700533,0.1943559820041776,0
r8c-3466-58b8326682572255,3466,E2_DYNAMIC_INCREMENTAL_AFTER_FULL_REUSE,CDF11/CDF-MILD,NO_LINEAGE_CREDIT,4,COMPLETE,INCLUDED,0.24546966410416904,0.2600451015262308,0.22077135697180866,0
r8c-3467-4969a973da316aae,3467,E2_DYNAMIC_INCREMENTAL_AFTER_FULL_REUSE,CDF11/CDF-MILD,CROSS_EVENT_WARM_START_ONLY,4,COMPLETE,INCLUDED,0.23688324603499186,0.25224568594441793,0.21229143517885152,0
r8c-3468-4ed0e93245fefb6c,3468,E2_DYNAMIC_INCREMENTAL_AFTER_FULL_REUSE,CDF11/CDF-MILD,CROSS_EVENT_MEMORY_ONLY,4,COMPLETE,INCLUDED,0.0005964425360198039,0.005915266255436694,0.0,0
r8c-3469-9111737f0e5f9c43,3469,E2_DYNAMIC_INCREMENTAL_AFTER_FULL_REUSE,CDF11/CDF-MILD,SHADE_ONLY,4,COMPLETE,INCLUDED,0.000113501915984705,0.001906155601444624,0.0,0
r8c-3470-5dd39379d2f16aa5,3470,E2_DYNAMIC_INCREMENTAL_AFTER_FULL_REUSE,CDF12/CDF-HARSH,NO_CROSS_EVENT_MEMORY,0,COMPLETE,INCLUDED,0.2914122993867018,0.40759846836215247,0.07907646451298263,0
r8c-3471-f89815d7f7fc2af2,3471,E2_DYNAMIC_INCREMENTAL_AFTER_FULL_REUSE,CDF12/CDF-HARSH,NO_REJECTION_CREDIT,0,COMPLETE,INCLUDED,0.4529065072092451,0.4719124834129909,0.40042612204964445,0
r8c-3472-9b0c55a05d641433,3472,E2_DYNAMIC_INCREMENTAL_AFTER_FULL_REUSE,CDF12/CDF-HARSH,NO_MEMORY_RESET_GATE,0,COMPLETE,INCLUDED,0.4423711994660567,0.460688293065444,0.3907439697341212,0
r8c-3473-878d25d3dbda08c2,3473,E2_DYNAMIC_INCREMENTAL_AFTER_FULL_REUSE,CDF12/CDF-HARSH,NO_LINEAGE_CREDIT,0,COMPLETE,INCLUDED,0.45430566679589,0.4745468817419777,0.400667724314349,0
r8c-3474-c7213c883e7ad90e,3474,E2_DYNAMIC_INCREMENTAL_AFTER_FULL_REUSE,CDF12/CDF-HARSH,CROSS_EVENT_WARM_START_ONLY,0,COMPLETE,INCLUDED,0.46844332971137237,0.4885644960800699,0.41542316663922946,0
r8c-3475-dca4e888308b1839,3475,E2_DYNAMIC_INCREMENTAL_AFTER_FULL_REUSE,CDF12/CDF-HARSH,CROSS_EVENT_MEMORY_ONLY,0,COMPLETE,INCLUDED,0.2900048214475718,0.4150961620566541,0.06925066160632105,0
r8c-3476-cdc13f418737000c,3476,E2_DYNAMIC_INCREMENTAL_AFTER_FULL_REUSE,CDF12/CDF-HARSH,SHADE_ONLY,0,COMPLETE,INCLUDED,0.2888986080021702,0.4138491295759633,0.0667979053606942,0
r8c-3477-de28d847de73898b,3477,E2_DYNAMIC_INCREMENTAL_AFTER_FULL_REUSE,CDF12/CDF-HARSH,NO_CROSS_EVENT_MEMORY,1,COMPLETE,INCLUDED,0.2879096967362558,0.4080821739880302,0.07675023040144698,0
r8c-3478-3d32359a2beb51b2,3478,E2_DYNAMIC_INCREMENTAL_AFTER_FULL_REUSE,CDF12/CDF-HARSH,NO_REJECTION_CREDIT,1,COMPLETE,INCLUDED,0.46186674323555266,0.4814392029213128,0.40997380746697776,0
r8c-3479-419842f41c7abf55,3479,E2_DYNAMIC_INCREMENTAL_AFTER_FULL_REUSE,CDF12/CDF-HARSH,NO_MEMORY_RESET_GATE,1,COMPLETE,INCLUDED,0.46341248697900056,0.48509458964869656,0.4089742690902635,0
r8c-3480-51a0ec96814f63cb,3480,E2_DYNAMIC_INCREMENTAL_AFTER_FULL_REUSE,CDF12/CDF-HARSH,NO_LINEAGE_CREDIT,1,COMPLETE,INCLUDED,0.46462709149917175,0.48210946737326243,0.4122847135443396,0
r8c-3481-fce31bf4e5faec84,3481,E2_DYNAMIC_INCREMENTAL_AFTER_FULL_REUSE,CDF12/CDF-HARSH,CROSS_EVENT_WARM_START_ONLY,1,COMPLETE,INCLUDED,0.45919487468537684,0.48220053819417796,0.40522249185545073,0
r8c-3482-47096bda1f770678,3482,E2_DYNAMIC_INCREMENTAL_AFTER_FULL_REUSE,CDF12/CDF-HARSH,CROSS_EVENT_MEMORY_ONLY,1,COMPLETE,INCLUDED,0.2941387666373455,0.41486572458043935,0.07306311398973762,0
r8c-3483-12dd210e217b294f,3483,E2_DYNAMIC_INCREMENTAL_AFTER_FULL_REUSE,CDF12/CDF-HARSH,SHADE_ONLY,1,COMPLETE,INCLUDED,0.29397798334961,0.41379697604351795,0.07858753289365172,0
r8c-3484-f43fd0fe03775d54,3484,E2_DYNAMIC_INCREMENTAL_AFTER_FULL_REUSE,CDF12/CDF-HARSH,NO_CROSS_EVENT_MEMORY,2,COMPLETE,INCLUDED,0.2901609153883796,0.40919921510787066,0.07621287381165974,0
r8c-3485-0504c56247b94c85,3485,E2_DYNAMIC_INCREMENTAL_AFTER_FULL_REUSE,CDF12/CDF-HARSH,NO_REJECTION_CREDIT,2,COMPLETE,INCLUDED,0.45529542927148053,0.476081955191797,0.40160710921822673,0
r8c-3486-26a9eb8d662f89e2,3486,E2_DYNAMIC_INCREMENTAL_AFTER_FULL_REUSE,CDF12/CDF-HARSH,NO_MEMORY_RESET_GATE,2,COMPLETE,INCLUDED,0.438611298113127,0.45919833828204887,0.38399122456160706,0
r8c-3487-2eb4b693174d3afa,3487,E2_DYNAMIC_INCREMENTAL_AFTER_FULL_REUSE,CDF12/CDF-HARSH,NO_LINEAGE_CREDIT,2,COMPLETE,INCLUDED,0.4460371709861763,0.4669395803496863,0.39063829209112827,0
r8c-3488-26855d6bf8247733,3488,E2_DYNAMIC_INCREMENTAL_AFTER_FULL_REUSE,CDF12/CDF-HARSH,CROSS_EVENT_WARM_START_ONLY,2,COMPLETE,INCLUDED,0.4715853146222324,0.49245027792647805,0.416853183761718,0
r8c-3489-c238654e95a09d5b,3489,E2_DYNAMIC_INCREMENTAL_AFTER_FULL_REUSE,CDF12/CDF-HARSH,CROSS_EVENT_MEMORY_ONLY,2,COMPLETE,INCLUDED,0.2928018302000617,0.41821934245075293,0.07286825385043617,0
r8c-3490-25c495eb8cb518c6,3490,E2_DYNAMIC_INCREMENTAL_AFTER_FULL_REUSE,CDF12/CDF-HARSH,SHADE_ONLY,2,COMPLETE,INCLUDED,0.2859119777796124,0.4126439109686822,0.07066566183451985,0
r8c-3491-e7d745ecaf7f1ef6,3491,E2_DYNAMIC_INCREMENTAL_AFTER_FULL_REUSE,CDF12/CDF-HARSH,NO_CROSS_EVENT_MEMORY,3,COMPLETE,INCLUDED,0.28408110569882106,0.4044566851797431,0.06738529967958361,0
r8c-3492-e7d9d2fb8a1c914a,3492,E2_DYNAMIC_INCREMENTAL_AFTER_FULL_REUSE,CDF12/CDF-HARSH,NO_REJECTION_CREDIT,3,COMPLETE,INCLUDED,0.4742810823435236,0.49326693786446874,0.4203706227952394,0
r8c-3493-8614ef72b2fb7c79,3493,E2_DYNAMIC_INCREMENTAL_AFTER_FULL_REUSE,CDF12/CDF-HARSH,NO_MEMORY_RESET_GATE,3,COMPLETE,INCLUDED,0.46083067787520915,0.4799268136842236,0.40718152818503683,0
r8c-3494-686956b2c73fabc1,3494,E2_DYNAMIC_INCREMENTAL_AFTER_FULL_REUSE,CDF12/CDF-HARSH,NO_LINEAGE_CREDIT,3,COMPLETE,INCLUDED,0.4712369827178733,0.4912193270234655,0.4167915891362413,0
r8c-3495-42be335b390ebbfa,3495,E2_DYNAMIC_INCREMENTAL_AFTER_FULL_REUSE,CDF12/CDF-HARSH,CROSS_EVENT_WARM_START_ONLY,3,COMPLETE,INCLUDED,0.4594303010666327,0.47950889438316485,0.40621330564715186,0
r8c-3496-ffc5ba70a887b421,3496,E2_DYNAMIC_INCREMENTAL_AFTER_FULL_REUSE,CDF12/CDF-HARSH,CROSS_EVENT_MEMORY_ONLY,3,COMPLETE,INCLUDED,0.29264962480432505,0.4172340644328138,0.07014293254840101,0
r8c-3497-6cfa74ae482379bb,3497,E2_DYNAMIC_INCREMENTAL_AFTER_FULL_REUSE,CDF12/CDF-HARSH,SHADE_ONLY,3,COMPLETE,INCLUDED,0.28907696265517063,0.4089160723415267,0.07233426976441756,0
r8c-3498-3befef2de0a0c06d,3498,E2_DYNAMIC_INCREMENTAL_AFTER_FULL_REUSE,CDF12/CDF-HARSH,NO_CROSS_EVENT_MEMORY,4,COMPLETE,INCLUDED,0.28991320101739926,0.4075108947098016,0.0738508365899648,0
r8c-3499-3fb3a83de336ae58,3499,E2_DYNAMIC_INCREMENTAL_AFTER_FULL_REUSE,CDF12/CDF-HARSH,NO_REJECTION_CREDIT,4,COMPLETE,INCLUDED,0.46254571111097936,0.48130983282385387,0.4092224830282126,0
r8c-3500-b2b585728aa63d3f,3500,E2_DYNAMIC_INCREMENTAL_AFTER_FULL_REUSE,CDF12/CDF-HARSH,NO_MEMORY_RESET_GATE,4,COMPLETE,INCLUDED,0.4561409268274256,0.4747633732550901,0.4025446175280493,0
r8c-3501-865a7ea0968c9a4d,3501,E2_DYNAMIC_INCREMENTAL_AFTER_FULL_REUSE,CDF12/CDF-HARSH,NO_LINEAGE_CREDIT,4,COMPLETE,INCLUDED,0.46006807601963917,0.4794415876647898,0.40656376692665935,0
r8c-3502-8404f45e10ebd709,3502,E2_DYNAMIC_INCREMENTAL_AFTER_FULL_REUSE,CDF12/CDF-HARSH,CROSS_EVENT_WARM_START_ONLY,4,COMPLETE,INCLUDED,0.4672279478334715,0.4876237483879056,0.41463458533427355,0
r8c-3503-ec59ca2a599dff42,3503,E2_DYNAMIC_INCREMENTAL_AFTER_FULL_REUSE,CDF12/CDF-HARSH,CROSS_EVENT_MEMORY_ONLY,4,COMPLETE,INCLUDED,0.28927079129226835,0.4147197663996346,0.06862020377666635,0
r8c-3504-8f3fcca4c165aff3,3504,E2_DYNAMIC_INCREMENTAL_AFTER_FULL_REUSE,CDF12/CDF-HARSH,SHADE_ONLY,4,COMPLETE,INCLUDED,0.28660102670250076,0.40581418878337416,0.06944987863774196,0
r8c-3505-e3e6cd8d4efcf98d,3505,E2_DYNAMIC_INCREMENTAL_AFTER_FULL_REUSE,CDF12/CDF-MILD,NO_CROSS_EVENT_MEMORY,0,COMPLETE,INCLUDED,0.2842437342242828,0.4052526469527867,0.06910716829800713,0
r8c-3506-3c181ad5665ecfa6,3506,E2_DYNAMIC_INCREMENTAL_AFTER_FULL_REUSE,CDF12/CDF-MILD,NO_REJECTION_CREDIT,0,COMPLETE,INCLUDED,0.44612695074373243,0.4633868373850117,0.3962596163669741,0
r8c-3507-aba22222ebe746c5,3507,E2_DYNAMIC_INCREMENTAL_AFTER_FULL_REUSE,CDF12/CDF-MILD,NO_MEMORY_RESET_GATE,0,COMPLETE,INCLUDED,0.4665443016871569,0.48470810183234825,0.4140532734033286,0
r8c-3508-a5757f3c4887f047,3508,E2_DYNAMIC_INCREMENTAL_AFTER_FULL_REUSE,CDF12/CDF-MILD,NO_LINEAGE_CREDIT,0,COMPLETE,INCLUDED,0.4589895363700008,0.4771872159574525,0.4089521125871412,0
r8c-3509-45818b6008d7ea83,3509,E2_DYNAMIC_INCREMENTAL_AFTER_FULL_REUSE,CDF12/CDF-MILD,CROSS_EVENT_WARM_START_ONLY,0,COMPLETE,INCLUDED,0.46085908136369125,0.47824321453039514,0.4105743429985173,0
r8c-3510-ad984ad1c80a710c,3510,E2_DYNAMIC_INCREMENTAL_AFTER_FULL_REUSE,CDF12/CDF-MILD,CROSS_EVENT_MEMORY_ONLY,0,COMPLETE,INCLUDED,0.29033782393201546,0.41257629717677274,0.0701095479032687,0
r8c-3511-4206f5d396393113,3511,E2_DYNAMIC_INCREMENTAL_AFTER_FULL_REUSE,CDF12/CDF-MILD,SHADE_ONLY,0,COMPLETE,INCLUDED,0.2897915577954519,0.4104950648452039,0.07309574648328553,0
r8c-3512-3981f3f75579b351,3512,E2_DYNAMIC_INCREMENTAL_AFTER_FULL_REUSE,CDF12/CDF-MILD,NO_CROSS_EVENT_MEMORY,1,COMPLETE,INCLUDED,0.29312661075610663,0.4105546116521584,0.08025487149865378,0
r8c-3513-3a67b64814598708,3513,E2_DYNAMIC_INCREMENTAL_AFTER_FULL_REUSE,CDF12/CDF-MILD,NO_REJECTION_CREDIT,1,COMPLETE,INCLUDED,0.46093806424808537,0.47887391037979915,0.4112355442306929,0
r8c-3514-b593562544809bd1,3514,E2_DYNAMIC_INCREMENTAL_AFTER_FULL_REUSE,CDF12/CDF-MILD,NO_MEMORY_RESET_GATE,1,COMPLETE,INCLUDED,0.4804322387324907,0.49956932101025087,0.42778641442264376,0
r8c-3515-4ad7880e1540e1d5,3515,E2_DYNAMIC_INCREMENTAL_AFTER_FULL_REUSE,CDF12/CDF-MILD,NO_LINEAGE_CREDIT,1,COMPLETE,INCLUDED,0.4561544923866181,0.4738976369221693,0.4051847070163485,0
r8c-3516-aaf5199baa5f819d,3516,E2_DYNAMIC_INCREMENTAL_AFTER_FULL_REUSE,CDF12/CDF-MILD,CROSS_EVENT_WARM_START_ONLY,1,COMPLETE,INCLUDED,0.4650608928709745,0.4863556630399239,0.413477541645821,0
r8c-3517-48d53b5dea8418ce,3517,E2_DYNAMIC_INCREMENTAL_AFTER_FULL_REUSE,CDF12/CDF-MILD,CROSS_EVENT_MEMORY_ONLY,1,COMPLETE,INCLUDED,0.29366243511444173,0.4132785218510236,0.07551728663900209,0
r8c-3518-707f22ad697b63da,3518,E2_DYNAMIC_INCREMENTAL_AFTER_FULL_REUSE,CDF12/CDF-MILD,SHADE_ONLY,1,COMPLETE,INCLUDED,0.29352872384696277,0.4157757322982985,0.07376935856928392,0
r8c-3519-6ead89e365ca4264,3519,E2_DYNAMIC_INCREMENTAL_AFTER_FULL_REUSE,CDF12/CDF-MILD,NO_CROSS_EVENT_MEMORY,2,COMPLETE,INCLUDED,0.2918426751369275,0.40747683922491706,0.0764080156768548,0
r8c-3520-f8809eea69c5d50d,3520,E2_DYNAMIC_INCREMENTAL_AFTER_FULL_REUSE,CDF12/CDF-MILD,NO_REJECTION_CREDIT,2,COMPLETE,INCLUDED,0.44567875766483367,0.46458065096040807,0.39359021877133193,0
r8c-3521-821990f92391ef60,3521,E2_DYNAMIC_INCREMENTAL_AFTER_FULL_REUSE,CDF12/CDF-MILD,NO_MEMORY_RESET_GATE,2,COMPLETE,INCLUDED,0.4629727083457912,0.4832804868421621,0.4092138706298956,0
r8c-3522-b9a4997a8e342809,3522,E2_DYNAMIC_INCREMENTAL_AFTER_FULL_REUSE,CDF12/CDF-MILD,NO_LINEAGE_CREDIT,2,COMPLETE,INCLUDED,0.4640603012707286,0.4839670713671381,0.4105282401649563,0
r8c-3523-bce42c2850735928,3523,E2_DYNAMIC_INCREMENTAL_AFTER_FULL_REUSE,CDF12/CDF-MILD,CROSS_EVENT_WARM_START_ONLY,2,COMPLETE,INCLUDED,0.4665921630699727,0.4842916709176173,0.4151897237577847,0
r8c-3524-a6eec670e0f7c249,3524,E2_DYNAMIC_INCREMENTAL_AFTER_FULL_REUSE,CDF12/CDF-MILD,CROSS_EVENT_MEMORY_ONLY,2,COMPLETE,INCLUDED,0.2951797706150999,0.4135256541949476,0.07645321923000233,0
r8c-3525-38080b69ef7a269b,3525,E2_DYNAMIC_INCREMENTAL_AFTER_FULL_REUSE,CDF12/CDF-MILD,SHADE_ONLY,2,COMPLETE,INCLUDED,0.2852840399629864,0.41002757593519795,0.07368408924701712,0
r8c-3526-60adf53a4cce9ede,3526,E2_DYNAMIC_INCREMENTAL_AFTER_FULL_REUSE,CDF12/CDF-MILD,NO_CROSS_EVENT_MEMORY,3,COMPLETE,INCLUDED,0.2837968571891446,0.40067506084003396,0.06804151552565153,0
r8c-3527-0f0da78f9b0c110d,3527,E2_DYNAMIC_INCREMENTAL_AFTER_FULL_REUSE,CDF12/CDF-MILD,NO_REJECTION_CREDIT,3,COMPLETE,INCLUDED,0.47291364269599695,0.49084792337155164,0.4212111818136324,0
r8c-3528-7402a203b6ec2138,3528,E2_DYNAMIC_INCREMENTAL_AFTER_FULL_REUSE,CDF12/CDF-MILD,NO_MEMORY_RESET_GATE,3,COMPLETE,INCLUDED,0.4629085737166799,0.4809000092617763,0.4108248246037388,0
r8c-3529-92c9884ac06bceef,3529,E2_DYNAMIC_INCREMENTAL_AFTER_FULL_REUSE,CDF12/CDF-MILD,NO_LINEAGE_CREDIT,3,COMPLETE,INCLUDED,0.4743742342930661,0.4936062572139106,0.4225254897229623,0
r8c-3530-95f6999737bad546,3530,E2_DYNAMIC_INCREMENTAL_AFTER_FULL_REUSE,CDF12/CDF-MILD,CROSS_EVENT_WARM_START_ONLY,3,COMPLETE,INCLUDED,0.45844016026795475,0.47643028509920077,0.40784033757093785,0
r8c-3531-df8d09fcfde6d387,3531,E2_DYNAMIC_INCREMENTAL_AFTER_FULL_REUSE,CDF12/CDF-MILD,CROSS_EVENT_MEMORY_ONLY,3,COMPLETE,INCLUDED,0.2914497101064655,0.41244331911046067,0.07193140225381389,0
r8c-3532-bd844fb1d3b6271d,3532,E2_DYNAMIC_INCREMENTAL_AFTER_FULL_REUSE,CDF12/CDF-MILD,SHADE_ONLY,3,COMPLETE,INCLUDED,0.2865703474453322,0.40528564887258217,0.07234131662369478,0
r8c-3533-b7af39b4607bc905,3533,E2_DYNAMIC_INCREMENTAL_AFTER_FULL_REUSE,CDF12/CDF-MILD,NO_CROSS_EVENT_MEMORY,4,COMPLETE,INCLUDED,0.2890848479943991,0.40790695275488204,0.071721255961592,0
r8c-3534-7428cb0b0dc702a8,3534,E2_DYNAMIC_INCREMENTAL_AFTER_FULL_REUSE,CDF12/CDF-MILD,NO_REJECTION_CREDIT,4,COMPLETE,INCLUDED,0.45883983178854476,0.47577147723366037,0.40847253167458764,0
r8c-3535-3ae40a76c9185082,3535,E2_DYNAMIC_INCREMENTAL_AFTER_FULL_REUSE,CDF12/CDF-MILD,NO_MEMORY_RESET_GATE,4,COMPLETE,INCLUDED,0.464235608016047,0.4810883197152543,0.41347589880600566,0
r8c-3536-168750fcb341b45e,3536,E2_DYNAMIC_INCREMENTAL_AFTER_FULL_REUSE,CDF12/CDF-MILD,NO_LINEAGE_CREDIT,4,COMPLETE,INCLUDED,0.46127169245300575,0.4783557399060084,0.411117319068539,0
r8c-3537-e298816f90c3333a,3537,E2_DYNAMIC_INCREMENTAL_AFTER_FULL_REUSE,CDF12/CDF-MILD,CROSS_EVENT_WARM_START_ONLY,4,COMPLETE,INCLUDED,0.46697487118130343,0.485811154752452,0.41672419584603476,0
r8c-3538-7c51d41b55e9267e,3538,E2_DYNAMIC_INCREMENTAL_AFTER_FULL_REUSE,CDF12/CDF-MILD,CROSS_EVENT_MEMORY_ONLY,4,COMPLETE,INCLUDED,0.29018466957007777,0.41246450862873935,0.06862060826952952,0
r8c-3539-df440cc2c73e2187,3539,E2_DYNAMIC_INCREMENTAL_AFTER_FULL_REUSE,CDF12/CDF-MILD,SHADE_ONLY,4,COMPLETE,INCLUDED,0.2897141966703836,0.4132265666403843,0.07375397440714457,0
r8c-3540-d098d85e9a67e7e8,3540,E2_DYNAMIC_INCREMENTAL_AFTER_FULL_REUSE,CDF13/CDF-HARSH,NO_CROSS_EVENT_MEMORY,0,COMPLETE,INCLUDED,0.2663753789731712,0.415829424657729,0.04278378971287404,0
r8c-3541-b0157bc9e1d7e111,3541,E2_DYNAMIC_INCREMENTAL_AFTER_FULL_REUSE,CDF13/CDF-HARSH,NO_REJECTION_CREDIT,0,COMPLETE,INCLUDED,0.45006043065880813,0.4921411861942447,0.3680474936744944,0
r8c-3542-e2bad7c976a8ca20,3542,E2_DYNAMIC_INCREMENTAL_AFTER_FULL_REUSE,CDF13/CDF-HARSH,NO_MEMORY_RESET_GATE,0,COMPLETE,INCLUDED,0.44084225994059795,0.48226250044228536,0.35944850232717673,0
r8c-3543-0be7dc636fd38bc6,3543,E2_DYNAMIC_INCREMENTAL_AFTER_FULL_REUSE,CDF13/CDF-HARSH,NO_LINEAGE_CREDIT,0,COMPLETE,INCLUDED,0.450394300665132,0.48895389366043956,0.3664419568488936,0
r8c-3544-beb95571704065fb,3544,E2_DYNAMIC_INCREMENTAL_AFTER_FULL_REUSE,CDF13/CDF-HARSH,CROSS_EVENT_WARM_START_ONLY,0,COMPLETE,INCLUDED,0.43188557159024793,0.47625430281030184,0.3510817177034855,0
r8c-3545-06381669f018e721,3545,E2_DYNAMIC_INCREMENTAL_AFTER_FULL_REUSE,CDF13/CDF-HARSH,CROSS_EVENT_MEMORY_ONLY,0,COMPLETE,INCLUDED,0.2776054440389467,0.43703818464647903,0.04265787469372156,0
r8c-3546-0fe3f260e4610a42,3546,E2_DYNAMIC_INCREMENTAL_AFTER_FULL_REUSE,CDF13/CDF-HARSH,SHADE_ONLY,0,COMPLETE,INCLUDED,0.28412396786443206,0.4395236449141316,0.040844379722736975,0
r8c-3547-18a32d39e3035ce2,3547,E2_DYNAMIC_INCREMENTAL_AFTER_FULL_REUSE,CDF13/CDF-HARSH,NO_CROSS_EVENT_MEMORY,1,COMPLETE,INCLUDED,0.23520087384763366,0.38627466304953495,0.03223092718342937,0
r8c-3548-4c15b5b0f07b96fc,3548,E2_DYNAMIC_INCREMENTAL_AFTER_FULL_REUSE,CDF13/CDF-HARSH,NO_REJECTION_CREDIT,1,COMPLETE,INCLUDED,0.41297037242788914,0.4471992780504116,0.3435417093962819,0
r8c-3549-f790862f89cb451c,3549,E2_DYNAMIC_INCREMENTAL_AFTER_FULL_REUSE,CDF13/CDF-HARSH,NO_MEMORY_RESET_GATE,1,COMPLETE,INCLUDED,0.41467973034243244,0.44947558316841846,0.3418057315419757,0
r8c-3550-3c77c5ede681dea1,3550,E2_DYNAMIC_INCREMENTAL_AFTER_FULL_REUSE,CDF13/CDF-HARSH,NO_LINEAGE_CREDIT,1,COMPLETE,INCLUDED,0.41287907624426023,0.4433439095363141,0.3435199703482714,0
r8c-3551-558128008a08818b,3551,E2_DYNAMIC_INCREMENTAL_AFTER_FULL_REUSE,CDF13/CDF-HARSH,CROSS_EVENT_WARM_START_ONLY,1,COMPLETE,INCLUDED,0.4168368394255948,0.4498073862117925,0.34913672945380003,0
r8c-3552-d14846237b1621fa,3552,E2_DYNAMIC_INCREMENTAL_AFTER_FULL_REUSE,CDF13/CDF-HARSH,CROSS_EVENT_MEMORY_ONLY,1,COMPLETE,INCLUDED,0.24670682368032365,0.4086594590618509,0.028705973917956075,0
r8c-3553-fadbbc3678f24f59,3553,E2_DYNAMIC_INCREMENTAL_AFTER_FULL_REUSE,CDF13/CDF-HARSH,SHADE_ONLY,1,COMPLETE,INCLUDED,0.2522730542877861,0.40577983637076154,0.036494989359867634,0
r8c-3554-2da019832bec4474,3554,E2_DYNAMIC_INCREMENTAL_AFTER_FULL_REUSE,CDF13/CDF-HARSH,NO_CROSS_EVENT_MEMORY,2,COMPLETE,INCLUDED,0.270579543147142,0.43341273685210596,0.03785122442115973,0
r8c-3555-8b0cd863d8132f6a,3555,E2_DYNAMIC_INCREMENTAL_AFTER_FULL_REUSE,CDF13/CDF-HARSH,NO_REJECTION_CREDIT,2,COMPLETE,INCLUDED,0.46097580168117075,0.4983547389002083,0.3824288736225908,0
r8c-3556-85ce0fb0f144050b,3556,E2_DYNAMIC_INCREMENTAL_AFTER_FULL_REUSE,CDF13/CDF-HARSH,NO_MEMORY_RESET_GATE,2,COMPLETE,INCLUDED,0.462196604523616,0.500466171046214,0.3865355923835432,0
r8c-3557-2409ed3fd436a4ad,3557,E2_DYNAMIC_INCREMENTAL_AFTER_FULL_REUSE,CDF13/CDF-HARSH,NO_LINEAGE_CREDIT,2,COMPLETE,INCLUDED,0.4621687138786984,0.49924908944156293,0.38668138233805355,0
r8c-3558-1098ecd03b34ec35,3558,E2_DYNAMIC_INCREMENTAL_AFTER_FULL_REUSE,CDF13/CDF-HARSH,CROSS_EVENT_WARM_START_ONLY,2,COMPLETE,INCLUDED,0.4555053745343954,0.492799341114962,0.3793948730052418,0
r8c-3559-33762493af454317,3559,E2_DYNAMIC_INCREMENTAL_AFTER_FULL_REUSE,CDF13/CDF-HARSH,CROSS_EVENT_MEMORY_ONLY,2,COMPLETE,INCLUDED,0.26994270506426754,0.44491294433647405,0.025258633546817937,0
r8c-3560-e5d5b914d5fdf7c6,3560,E2_DYNAMIC_INCREMENTAL_AFTER_FULL_REUSE,CDF13/CDF-HARSH,SHADE_ONLY,2,COMPLETE,INCLUDED,0.2858440587109788,0.44885402941050745,0.03497400487070109,0
r8c-3561-781bd3849bf19c26,3561,E2_DYNAMIC_INCREMENTAL_AFTER_FULL_REUSE,CDF13/CDF-HARSH,NO_CROSS_EVENT_MEMORY,3,COMPLETE,INCLUDED,0.2213547749324699,0.3757989928795853,0.02472700102714739,0
r8c-3562-008870b279bc3f42,3562,E2_DYNAMIC_INCREMENTAL_AFTER_FULL_REUSE,CDF13/CDF-HARSH,NO_REJECTION_CREDIT,3,COMPLETE,INCLUDED,0.40630743927203383,0.44977239138383324,0.32047344502652353,0
r8c-3563-f73746966bd1fc7e,3563,E2_DYNAMIC_INCREMENTAL_AFTER_FULL_REUSE,CDF13/CDF-HARSH,NO_MEMORY_RESET_GATE,3,COMPLETE,INCLUDED,0.40533242311875245,0.44928062168035765,0.3194748310393351,0
r8c-3564-9489756a615ba3ec,3564,E2_DYNAMIC_INCREMENTAL_AFTER_FULL_REUSE,CDF13/CDF-HARSH,NO_LINEAGE_CREDIT,3,COMPLETE,INCLUDED,0.4034880784773367,0.44854686837393914,0.315546095373073,0
r8c-3565-72d1caa218e61340,3565,E2_DYNAMIC_INCREMENTAL_AFTER_FULL_REUSE,CDF13/CDF-HARSH,CROSS_EVENT_WARM_START_ONLY,3,COMPLETE,INCLUDED,0.3933370762612778,0.43684026410359106,0.31123472639774913,0
r8c-3566-4cebce1aacde6e6d,3566,E2_DYNAMIC_INCREMENTAL_AFTER_FULL_REUSE,CDF13/CDF-HARSH,CROSS_EVENT_MEMORY_ONLY,3,COMPLETE,INCLUDED,0.2260530166273349,0.39092858372661027,0.016752609630615683,0
r8c-3567-dde78694be0ac01b,3567,E2_DYNAMIC_INCREMENTAL_AFTER_FULL_REUSE,CDF13/CDF-HARSH,SHADE_ONLY,3,COMPLETE,INCLUDED,0.23126165032877166,0.3981329060001822,0.02313926610709768,0
r8c-3568-a13a0c5347aba540,3568,E2_DYNAMIC_INCREMENTAL_AFTER_FULL_REUSE,CDF13/CDF-HARSH,NO_CROSS_EVENT_MEMORY,4,COMPLETE,INCLUDED,0.2792399751771057,0.4353797832009798,0.04225617053658455,0
r8c-3569-bccc1703a47eb339,3569,E2_DYNAMIC_INCREMENTAL_AFTER_FULL_REUSE,CDF13/CDF-HARSH,NO_REJECTION_CREDIT,4,COMPLETE,INCLUDED,0.4589536814099918,0.5102347281996271,0.3598310397671925,0
r8c-3570-4586de06b9c80740,3570,E2_DYNAMIC_INCREMENTAL_AFTER_FULL_REUSE,CDF13/CDF-HARSH,NO_MEMORY_RESET_GATE,4,COMPLETE,INCLUDED,0.45421144795130236,0.5005147700063071,0.3597910905509827,0
r8c-3571-a41194c53153196c,3571,E2_DYNAMIC_INCREMENTAL_AFTER_FULL_REUSE,CDF13/CDF-HARSH,NO_LINEAGE_CREDIT,4,COMPLETE,INCLUDED,0.4545422408890568,0.5079286908275878,0.35612606972700067,0
r8c-3572-a4926e0c8008b98f,3572,E2_DYNAMIC_INCREMENTAL_AFTER_FULL_REUSE,CDF13/CDF-HARSH,CROSS_EVENT_WARM_START_ONLY,4,COMPLETE,INCLUDED,0.4396832322816552,0.4874204088028992,0.3487955684480782,0
r8c-3573-82d936441aef7c24,3573,E2_DYNAMIC_INCREMENTAL_AFTER_FULL_REUSE,CDF13/CDF-HARSH,CROSS_EVENT_MEMORY_ONLY,4,COMPLETE,INCLUDED,0.28834433901176265,0.4548950519606656,0.03844973527155455,0
r8c-3574-95649e056e49201a,3574,E2_DYNAMIC_INCREMENTAL_AFTER_FULL_REUSE,CDF13/CDF-HARSH,SHADE_ONLY,4,COMPLETE,INCLUDED,0.29594155426392826,0.45540098290926795,0.04534167410854114,0
r8c-3575-cd2e692f4a357a1f,3575,E2_DYNAMIC_INCREMENTAL_AFTER_FULL_REUSE,CDF13/CDF-MILD,NO_CROSS_EVENT_MEMORY,0,COMPLETE,INCLUDED,0.23029775309582562,0.38106152985233765,0.019113835443684158,0
r8c-3576-10b525c1c744bcb9,3576,E2_DYNAMIC_INCREMENTAL_AFTER_FULL_REUSE,CDF13/CDF-MILD,NO_REJECTION_CREDIT,0,COMPLETE,INCLUDED,0.43459145671553806,0.463311455163122,0.37309862420980494,0
r8c-3577-828b3ac02808cff9,3577,E2_DYNAMIC_INCREMENTAL_AFTER_FULL_REUSE,CDF13/CDF-MILD,NO_MEMORY_RESET_GATE,0,COMPLETE,INCLUDED,0.43179215997267845,0.46304158627829106,0.3690666849953841,0
r8c-3578-d1fa5a8a0c61bedd,3578,E2_DYNAMIC_INCREMENTAL_AFTER_FULL_REUSE,CDF13/CDF-MILD,NO_LINEAGE_CREDIT,0,COMPLETE,INCLUDED,0.431777610466338,0.459653850305629,0.3719619365851007,0
r8c-3579-09b9099e58ab3401,3579,E2_DYNAMIC_INCREMENTAL_AFTER_FULL_REUSE,CDF13/CDF-MILD,CROSS_EVENT_WARM_START_ONLY,0,COMPLETE,INCLUDED,0.4100449979002288,0.439988686498432,0.35238681983951925,0
r8c-3580-ea797e1aa31b7243,3580,E2_DYNAMIC_INCREMENTAL_AFTER_FULL_REUSE,CDF13/CDF-MILD,CROSS_EVENT_MEMORY_ONLY,0,COMPLETE,INCLUDED,0.23336625793639437,0.3993254333812617,0.015903511873475405,0
r8c-3581-2db6b41caf40f0f9,3581,E2_DYNAMIC_INCREMENTAL_AFTER_FULL_REUSE,CDF13/CDF-MILD,SHADE_ONLY,0,COMPLETE,INCLUDED,0.23694220357355736,0.39868090865504147,0.017730734929932147,0
r8c-3582-a4d3fef52af90e66,3582,E2_DYNAMIC_INCREMENTAL_AFTER_FULL_REUSE,CDF13/CDF-MILD,NO_CROSS_EVENT_MEMORY,1,COMPLETE,INCLUDED,0.285136395945184,0.44369532980744286,0.0429529052687219,0
r8c-3583-74503257e4fab984,3583,E2_DYNAMIC_INCREMENTAL_AFTER_FULL_REUSE,CDF13/CDF-MILD,NO_REJECTION_CREDIT,1,COMPLETE,INCLUDED,0.4817455843424771,0.5118278066091795,0.41891068121570274,0
r8c-3584-559dc8008170eb88,3584,E2_DYNAMIC_INCREMENTAL_AFTER_FULL_REUSE,CDF13/CDF-MILD,NO_MEMORY_RESET_GATE,1,COMPLETE,INCLUDED,0.473787574512044,0.499107362378507,0.4130622676437386,0
r8c-3585-e71b6c57eb071926,3585,E2_DYNAMIC_INCREMENTAL_AFTER_FULL_REUSE,CDF13/CDF-MILD,NO_LINEAGE_CREDIT,1,COMPLETE,INCLUDED,0.48292494726500496,0.5104474553927504,0.4201549010463402,0
r8c-3586-975362d458a42b84,3586,E2_DYNAMIC_INCREMENTAL_AFTER_FULL_REUSE,CDF13/CDF-MILD,CROSS_EVENT_WARM_START_ONLY,1,COMPLETE,INCLUDED,0.474405674824317,0.5033848325861003,0.4121199003239164,0
r8c-3587-27c36faea2d85d0f,3587,E2_DYNAMIC_INCREMENTAL_AFTER_FULL_REUSE,CDF13/CDF-MILD,CROSS_EVENT_MEMORY_ONLY,1,COMPLETE,INCLUDED,0.2881202908898396,0.4583741568215044,0.041702420548584425,0
r8c-3588-d1b90b02d5b65fd5,3588,E2_DYNAMIC_INCREMENTAL_AFTER_FULL_REUSE,CDF13/CDF-MILD,SHADE_ONLY,1,COMPLETE,INCLUDED,0.2927894375220751,0.4610019428701334,0.03857115900210519,0
r8c-3589-5532c799cc1c4e1b,3589,E2_DYNAMIC_INCREMENTAL_AFTER_FULL_REUSE,CDF13/CDF-MILD,NO_CROSS_EVENT_MEMORY,2,COMPLETE,INCLUDED,0.22484932394332122,0.3759931756787102,0.019011205431058442,0
r8c-3590-9a67de9c3c578e74,3590,E2_DYNAMIC_INCREMENTAL_AFTER_FULL_REUSE,CDF13/CDF-MILD,NO_REJECTION_CREDIT,2,COMPLETE,INCLUDED,0.43547956921428577,0.4621043343743095,0.3764150687410449,0
r8c-3591-bfc92518f1c9f332,3591,E2_DYNAMIC_INCREMENTAL_AFTER_FULL_REUSE,CDF13/CDF-MILD,NO_MEMORY_RESET_GATE,2,COMPLETE,INCLUDED,0.43672278050007074,0.4660142298781443,0.37846339595973477,0
r8c-3592-b2f4ef791f1eb48d,3592,E2_DYNAMIC_INCREMENTAL_AFTER_FULL_REUSE,CDF13/CDF-MILD,NO_LINEAGE_CREDIT,2,COMPLETE,INCLUDED,0.43464186845748254,0.46462422493548444,0.37088651791161936,0
r8c-3593-86556ae3bcc0abbd,3593,E2_DYNAMIC_INCREMENTAL_AFTER_FULL_REUSE,CDF13/CDF-MILD,CROSS_EVENT_WARM_START_ONLY,2,COMPLETE,INCLUDED,0.42446755474736797,0.45266385982197777,0.3659898297869131,0
r8c-3594-0c6477624b6f2ae3,3594,E2_DYNAMIC_INCREMENTAL_AFTER_FULL_REUSE,CDF13/CDF-MILD,CROSS_EVENT_MEMORY_ONLY,2,COMPLETE,INCLUDED,0.2346030808413631,0.3915809122125573,0.02143659896789027,0
r8c-3595-345fc5185dc9b6a3,3595,E2_DYNAMIC_INCREMENTAL_AFTER_FULL_REUSE,CDF13/CDF-MILD,SHADE_ONLY,2,COMPLETE,INCLUDED,0.23959409402833964,0.390698538829831,0.022184428764318,0
r8c-3596-aff20479a456fd01,3596,E2_DYNAMIC_INCREMENTAL_AFTER_FULL_REUSE,CDF13/CDF-MILD,NO_CROSS_EVENT_MEMORY,3,COMPLETE,INCLUDED,0.27960353672340216,0.4391492879755205,0.03961989855301627,0
r8c-3597-a7213dbfdd7eb339,3597,E2_DYNAMIC_INCREMENTAL_AFTER_FULL_REUSE,CDF13/CDF-MILD,NO_REJECTION_CREDIT,3,COMPLETE,INCLUDED,0.4886605382020728,0.5187071999215812,0.42089148164371354,0
r8c-3598-15d57772bb00c791,3598,E2_DYNAMIC_INCREMENTAL_AFTER_FULL_REUSE,CDF13/CDF-MILD,NO_MEMORY_RESET_GATE,3,COMPLETE,INCLUDED,0.48639538421368705,0.5180686409407211,0.4183722251901704,0
r8c-3599-c2f1342c0866d7c4,3599,E2_DYNAMIC_INCREMENTAL_AFTER_FULL_REUSE,CDF13/CDF-MILD,NO_LINEAGE_CREDIT,3,COMPLETE,INCLUDED,0.48695300329673324,0.5173820623200966,0.41882396543748807,0
r8c-3600-2aaf78c8c9947228,3600,E2_DYNAMIC_INCREMENTAL_AFTER_FULL_REUSE,CDF13/CDF-MILD,CROSS_EVENT_WARM_START_ONLY,3,COMPLETE,INCLUDED,0.4788617222719668,0.5106975655113972,0.41154039632038203,0
r8c-3601-68a88967d55a1df8,3601,E2_DYNAMIC_INCREMENTAL_AFTER_FULL_REUSE,CDF13/CDF-MILD,CROSS_EVENT_MEMORY_ONLY,3,COMPLETE,INCLUDED,0.28392396549927806,0.4494024855863617,0.033594721061001184,0
r8c-3602-bc18d78698d169a9,3602,E2_DYNAMIC_INCREMENTAL_AFTER_FULL_REUSE,CDF13/CDF-MILD,SHADE_ONLY,3,COMPLETE,INCLUDED,0.29011417974732673,0.45587456187764014,0.035309016827221214,0
r8c-3603-0a0d3bf238a37335,3603,E2_DYNAMIC_INCREMENTAL_AFTER_FULL_REUSE,CDF13/CDF-MILD,NO_CROSS_EVENT_MEMORY,4,COMPLETE,INCLUDED,0.24159240660777645,0.39646319869978086,0.024332351268576875,0
r8c-3604-edc166da2e8ef3bc,3604,E2_DYNAMIC_INCREMENTAL_AFTER_FULL_REUSE,CDF13/CDF-MILD,NO_REJECTION_CREDIT,4,COMPLETE,INCLUDED,0.45088175606310565,0.4842269617628078,0.3799225985814137,0
r8c-3605-13ca729e66292abd,3605,E2_DYNAMIC_INCREMENTAL_AFTER_FULL_REUSE,CDF13/CDF-MILD,NO_MEMORY_RESET_GATE,4,COMPLETE,INCLUDED,0.4596594892175119,0.49448002714635236,0.38846947936813003,0
r8c-3606-47575bbbbafc76fe,3606,E2_DYNAMIC_INCREMENTAL_AFTER_FULL_REUSE,CDF13/CDF-MILD,NO_LINEAGE_CREDIT,4,COMPLETE,INCLUDED,0.4566106051369033,0.4971703711200449,0.3811619304113795,0
r8c-3607-e668ebd4523fbec6,3607,E2_DYNAMIC_INCREMENTAL_AFTER_FULL_REUSE,CDF13/CDF-MILD,CROSS_EVENT_WARM_START_ONLY,4,COMPLETE,INCLUDED,0.4393385369034987,0.4756194272206938,0.36906634764187,0
r8c-3608-5d0fbd8219694895,3608,E2_DYNAMIC_INCREMENTAL_AFTER_FULL_REUSE,CDF13/CDF-MILD,CROSS_EVENT_MEMORY_ONLY,4,COMPLETE,INCLUDED,0.24983243154597407,0.4167819325497985,0.02639478730801171,0
r8c-3609-9d99c6187c475b28,3609,E2_DYNAMIC_INCREMENTAL_AFTER_FULL_REUSE,CDF13/CDF-MILD,SHADE_ONLY,4,COMPLETE,INCLUDED,0.2545111513864627,0.41615786905530266,0.025382747782804187,0
r8c-3610-ccb1fffb4643290d,3610,E2_DYNAMIC_INCREMENTAL_AFTER_FULL_REUSE,CDF14/CDF-HARSH,NO_CROSS_EVENT_MEMORY,0,COMPLETE,INCLUDED,0.4832058268720237,0.542667105357964,0.35556684377275743,0
r8c-3611-5f2c2dbc013b3681,3611,E2_DYNAMIC_INCREMENTAL_AFTER_FULL_REUSE,CDF14/CDF-HARSH,NO_REJECTION_CREDIT,0,COMPLETE,INCLUDED,0.5256953229542296,0.5522914212603123,0.4580173934970587,0
r8c-3612-57949580f77aa875,3612,E2_DYNAMIC_INCREMENTAL_AFTER_FULL_REUSE,CDF14/CDF-HARSH,NO_MEMORY_RESET_GATE,0,COMPLETE,INCLUDED,0.5231428346446958,0.5501432415624126,0.4531693438246515,0
r8c-3613-535fc31be38da020,3613,E2_DYNAMIC_INCREMENTAL_AFTER_FULL_REUSE,CDF14/CDF-HARSH,NO_LINEAGE_CREDIT,0,COMPLETE,INCLUDED,0.525976030373992,0.5521884648867622,0.45709367710169374,0
r8c-3614-c1a01bdca2823a35,3614,E2_DYNAMIC_INCREMENTAL_AFTER_FULL_REUSE,CDF14/CDF-HARSH,CROSS_EVENT_WARM_START_ONLY,0,COMPLETE,INCLUDED,0.5270547650270373,0.5545137533659427,0.4559633120881079,0
r8c-3615-0f13790c2c560f8f,3615,E2_DYNAMIC_INCREMENTAL_AFTER_FULL_REUSE,CDF14/CDF-HARSH,CROSS_EVENT_MEMORY_ONLY,0,COMPLETE,INCLUDED,0.4780440649576845,0.537176495677437,0.35301196692929154,0
r8c-3616-8803fc0a7bcfaf4c,3616,E2_DYNAMIC_INCREMENTAL_AFTER_FULL_REUSE,CDF14/CDF-HARSH,SHADE_ONLY,0,COMPLETE,INCLUDED,0.4862309495410018,0.5463512149609977,0.3562819937080394,0
r8c-3617-5e0144d53a809d81,3617,E2_DYNAMIC_INCREMENTAL_AFTER_FULL_REUSE,CDF14/CDF-HARSH,NO_CROSS_EVENT_MEMORY,1,COMPLETE,INCLUDED,0.4840092833610348,0.5427720101935282,0.35747240107357375,0
r8c-3618-499e93a6817d6b5e,3618,E2_DYNAMIC_INCREMENTAL_AFTER_FULL_REUSE,CDF14/CDF-HARSH,NO_REJECTION_CREDIT,1,COMPLETE,INCLUDED,0.5252070068745016,0.5513979426956543,0.4565519729006269,0
r8c-3619-7807db2af459d70a,3619,E2_DYNAMIC_INCREMENTAL_AFTER_FULL_REUSE,CDF14/CDF-HARSH,NO_MEMORY_RESET_GATE,1,COMPLETE,INCLUDED,0.5253866260883899,0.5525053086154667,0.45598569838701636,0
r8c-3620-8981cca42351672b,3620,E2_DYNAMIC_INCREMENTAL_AFTER_FULL_REUSE,CDF14/CDF-HARSH,NO_LINEAGE_CREDIT,1,COMPLETE,INCLUDED,0.5269836993526327,0.5546030620820831,0.4557918737806983,0
r8c-3621-b16068598cbfda00,3621,E2_DYNAMIC_INCREMENTAL_AFTER_FULL_REUSE,CDF14/CDF-HARSH,CROSS_EVENT_WARM_START_ONLY,1,COMPLETE,INCLUDED,0.5252338120566611,0.5530402805885754,0.45368832687540034,0
r8c-3622-1072ce58ce9e0575,3622,E2_DYNAMIC_INCREMENTAL_AFTER_FULL_REUSE,CDF14/CDF-HARSH,CROSS_EVENT_MEMORY_ONLY,1,COMPLETE,INCLUDED,0.4730243666045634,0.5332449753692369,0.34969615114909575,0
r8c-3623-11e47d29c41b615b,3623,E2_DYNAMIC_INCREMENTAL_AFTER_FULL_REUSE,CDF14/CDF-HARSH,SHADE_ONLY,1,COMPLETE,INCLUDED,0.48594295446653374,0.5451122040991522,0.3578655406187908,0
r8c-3624-768f56a0faf4a7a7,3624,E2_DYNAMIC_INCREMENTAL_AFTER_FULL_REUSE,CDF14/CDF-HARSH,NO_CROSS_EVENT_MEMORY,2,COMPLETE,INCLUDED,0.4829998551874872,0.5408845615131462,0.3558679342853277,0
r8c-3625-e9710cf42c2f35df,3625,E2_DYNAMIC_INCREMENTAL_AFTER_FULL_REUSE,CDF14/CDF-HARSH,NO_REJECTION_CREDIT,2,COMPLETE,INCLUDED,0.5280046671652433,0.5568337372519525,0.45461168522851536,0
r8c-3626-dc9c0982e12e6574,3626,E2_DYNAMIC_INCREMENTAL_AFTER_FULL_REUSE,CDF14/CDF-HARSH,NO_MEMORY_RESET_GATE,2,COMPLETE,INCLUDED,0.5262843066617272,0.55461411640984,0.45421746017578224,0
r8c-3627-b71d2488c2784987,3627,E2_DYNAMIC_INCREMENTAL_AFTER_FULL_REUSE,CDF14/CDF-HARSH,NO_LINEAGE_CREDIT,2,COMPLETE,INCLUDED,0.5243014028793147,0.5521763731578031,0.4537794671736323,0
r8c-3628-a6c0858663bdc403,3628,E2_DYNAMIC_INCREMENTAL_AFTER_FULL_REUSE,CDF14/CDF-HARSH,CROSS_EVENT_WARM_START_ONLY,2,COMPLETE,INCLUDED,0.5277141331784929,0.5547407682057154,0.45689095494948995,0
r8c-3629-c5222883361318f2,3629,E2_DYNAMIC_INCREMENTAL_AFTER_FULL_REUSE,CDF14/CDF-HARSH,CROSS_EVENT_MEMORY_ONLY,2,COMPLETE,INCLUDED,0.47462686656996017,0.534408782726916,0.35133928494078154,0
r8c-3630-d32b56bb750ff08f,3630,E2_DYNAMIC_INCREMENTAL_AFTER_FULL_REUSE,CDF14/CDF-HARSH,SHADE_ONLY,2,COMPLETE,INCLUDED,0.48599630363804697,0.5467098394896888,0.35540105913155723,0
r8c-3631-052ef1459e5b80de,3631,E2_DYNAMIC_INCREMENTAL_AFTER_FULL_REUSE,CDF14/CDF-HARSH,NO_CROSS_EVENT_MEMORY,3,COMPLETE,INCLUDED,0.4827974096979561,0.5428421992855224,0.35415881129283033,0
r8c-3632-f454130420bd19f9,3632,E2_DYNAMIC_INCREMENTAL_AFTER_FULL_REUSE,CDF14/CDF-HARSH,NO_REJECTION_CREDIT,3,COMPLETE,INCLUDED,0.5251499869987779,0.5521241433740892,0.45662219463679676,0
r8c-3633-8de058b7b918dcd6,3633,E2_DYNAMIC_INCREMENTAL_AFTER_FULL_REUSE,CDF14/CDF-HARSH,NO_MEMORY_RESET_GATE,3,COMPLETE,INCLUDED,0.5275985084605661,0.5544065964087026,0.45805708764999953,0
r8c-3634-e467c26ed1cd17b9,3634,E2_DYNAMIC_INCREMENTAL_AFTER_FULL_REUSE,CDF14/CDF-HARSH,NO_LINEAGE_CREDIT,3,COMPLETE,INCLUDED,0.5281542932059105,0.5541695182932223,0.45879239421684387,0
r8c-3635-c59cdb45a01d3362,3635,E2_DYNAMIC_INCREMENTAL_AFTER_FULL_REUSE,CDF14/CDF-HARSH,CROSS_EVENT_WARM_START_ONLY,3,COMPLETE,INCLUDED,0.5259258015574326,0.5541294954290148,0.45328930673143136,0
r8c-3636-50177058fd74a50d,3636,E2_DYNAMIC_INCREMENTAL_AFTER_FULL_REUSE,CDF14/CDF-HARSH,CROSS_EVENT_MEMORY_ONLY,3,COMPLETE,INCLUDED,0.48332963951489366,0.5436271261839555,0.35539557363378954,0
r8c-3637-8b16c4108a7d0376,3637,E2_DYNAMIC_INCREMENTAL_AFTER_FULL_REUSE,CDF14/CDF-HARSH,SHADE_ONLY,3,COMPLETE,INCLUDED,0.48505332192311973,0.5454554594405044,0.3530347968087929,0
r8c-3638-3d2477a94eb85953,3638,E2_DYNAMIC_INCREMENTAL_AFTER_FULL_REUSE,CDF14/CDF-HARSH,NO_CROSS_EVENT_MEMORY,4,COMPLETE,INCLUDED,0.48242602314577465,0.541512598177118,0.3544535707834336,0
r8c-3639-398db031d49d8563,3639,E2_DYNAMIC_INCREMENTAL_AFTER_FULL_REUSE,CDF14/CDF-HARSH,NO_REJECTION_CREDIT,4,COMPLETE,INCLUDED,0.5231902392859584,0.5504559577874304,0.454234177298287,0
r8c-3640-3d7a4f0c297d5167,3640,E2_DYNAMIC_INCREMENTAL_AFTER_FULL_REUSE,CDF14/CDF-HARSH,NO_MEMORY_RESET_GATE,4,COMPLETE,INCLUDED,0.5263583036599945,0.5528175051159526,0.45846601743497384,0
r8c-3641-c5a8237d371c5586,3641,E2_DYNAMIC_INCREMENTAL_AFTER_FULL_REUSE,CDF14/CDF-HARSH,NO_LINEAGE_CREDIT,4,COMPLETE,INCLUDED,0.525682796987385,0.5525323076267196,0.4559064248801771,0
r8c-3642-d6fc46b29a45d756,3642,E2_DYNAMIC_INCREMENTAL_AFTER_FULL_REUSE,CDF14/CDF-HARSH,CROSS_EVENT_WARM_START_ONLY,4,COMPLETE,INCLUDED,0.5268909741033678,0.5543443113364099,0.45524624947485676,0
r8c-3643-3192efa136120adc,3643,E2_DYNAMIC_INCREMENTAL_AFTER_FULL_REUSE,CDF14/CDF-HARSH,CROSS_EVENT_MEMORY_ONLY,4,COMPLETE,INCLUDED,0.480168745803693,0.5398819447209493,0.35366914319301235,0
r8c-3644-eb416247cc5ee860,3644,E2_DYNAMIC_INCREMENTAL_AFTER_FULL_REUSE,CDF14/CDF-HARSH,SHADE_ONLY,4,COMPLETE,INCLUDED,0.48557647133344556,0.5454243461397331,0.35513028520969536,0
r8c-3645-104e704870f81298,3645,E2_DYNAMIC_INCREMENTAL_AFTER_FULL_REUSE,CDF14/CDF-MILD,NO_CROSS_EVENT_MEMORY,0,COMPLETE,INCLUDED,0.4841206246149489,0.5436082126827934,0.35581926943794334,0
r8c-3646-a22daa027da408e1,3646,E2_DYNAMIC_INCREMENTAL_AFTER_FULL_REUSE,CDF14/CDF-MILD,NO_REJECTION_CREDIT,0,COMPLETE,INCLUDED,0.5358276349888154,0.5590019548274693,0.4709495983920791,0
r8c-3647-d3040b969aaaf8dd,3647,E2_DYNAMIC_INCREMENTAL_AFTER_FULL_REUSE,CDF14/CDF-MILD,NO_MEMORY_RESET_GATE,0,COMPLETE,INCLUDED,0.5378395387392646,0.5615329225718023,0.47121688792661903,0
r8c-3648-fc13a309819c6c40,3648,E2_DYNAMIC_INCREMENTAL_AFTER_FULL_REUSE,CDF14/CDF-MILD,NO_LINEAGE_CREDIT,0,COMPLETE,INCLUDED,0.5366008275520944,0.55972277657472,0.4726295922125851,0
r8c-3649-32d0d2ecafe4cfe6,3649,E2_DYNAMIC_INCREMENTAL_AFTER_FULL_REUSE,CDF14/CDF-MILD,CROSS_EVENT_WARM_START_ONLY,0,COMPLETE,INCLUDED,0.537604389652821,0.560322347443526,0.4727993300085695,0
r8c-3650-b7f2683a8b8bccbd,3650,E2_DYNAMIC_INCREMENTAL_AFTER_FULL_REUSE,CDF14/CDF-MILD,CROSS_EVENT_MEMORY_ONLY,0,COMPLETE,INCLUDED,0.483221630391686,0.5435338824489324,0.3558630837395989,0
r8c-3651-ced1d81d8a5ae82d,3651,E2_DYNAMIC_INCREMENTAL_AFTER_FULL_REUSE,CDF14/CDF-MILD,SHADE_ONLY,0,COMPLETE,INCLUDED,0.48784295632244545,0.549271452964327,0.35737036435822156,0
r8c-3652-740bc4aa6177cf51,3652,E2_DYNAMIC_INCREMENTAL_AFTER_FULL_REUSE,CDF14/CDF-MILD,NO_CROSS_EVENT_MEMORY,1,COMPLETE,INCLUDED,0.4865754132854459,0.544820528172625,0.3608581976377729,0
r8c-3653-354900b641fda439,3653,E2_DYNAMIC_INCREMENTAL_AFTER_FULL_REUSE,CDF14/CDF-MILD,NO_REJECTION_CREDIT,1,COMPLETE,INCLUDED,0.5368446368579056,0.559429484676172,0.47284925651212006,0
r8c-3654-1fcd561c01d7fa2b,3654,E2_DYNAMIC_INCREMENTAL_AFTER_FULL_REUSE,CDF14/CDF-MILD,NO_MEMORY_RESET_GATE,1,COMPLETE,INCLUDED,0.5355194319125414,0.5593433412293239,0.4695295843746663,0
r8c-3655-54059b9791842ac8,3655,E2_DYNAMIC_INCREMENTAL_AFTER_FULL_REUSE,CDF14/CDF-MILD,NO_LINEAGE_CREDIT,1,COMPLETE,INCLUDED,0.5348269898144117,0.557896813776099,0.4706994016444433,0
r8c-3656-f8cafdbfdecb598b,3656,E2_DYNAMIC_INCREMENTAL_AFTER_FULL_REUSE,CDF14/CDF-MILD,CROSS_EVENT_WARM_START_ONLY,1,COMPLETE,INCLUDED,0.5365659118484791,0.5600252017802939,0.469918810378728,0
r8c-3657-858c3ff928e28703,3657,E2_DYNAMIC_INCREMENTAL_AFTER_FULL_REUSE,CDF14/CDF-MILD,CROSS_EVENT_MEMORY_ONLY,1,COMPLETE,INCLUDED,0.48655042604940857,0.5463423343906446,0.3566133777749017,0
r8c-3658-f644de9b06361f6c,3658,E2_DYNAMIC_INCREMENTAL_AFTER_FULL_REUSE,CDF14/CDF-MILD,SHADE_ONLY,1,COMPLETE,INCLUDED,0.48805045385354195,0.5482616958129639,0.3571487166869549,0
r8c-3659-feca6ac19e50a3f7,3659,E2_DYNAMIC_INCREMENTAL_AFTER_FULL_REUSE,CDF14/CDF-MILD,NO_CROSS_EVENT_MEMORY,2,COMPLETE,INCLUDED,0.48407812518166765,0.5427825074789586,0.3571670215689229,0
r8c-3660-399595b2d3ab2295,3660,E2_DYNAMIC_INCREMENTAL_AFTER_FULL_REUSE,CDF14/CDF-MILD,NO_REJECTION_CREDIT,2,COMPLETE,INCLUDED,0.5356675295246058,0.5590908326197627,0.4715580636819962,0
r8c-3661-9b485737e1c2578b,3661,E2_DYNAMIC_INCREMENTAL_AFTER_FULL_REUSE,CDF14/CDF-MILD,NO_MEMORY_RESET_GATE,2,COMPLETE,INCLUDED,0.5360055060403606,0.5584364308382708,0.4719774668765587,0
r8c-3662-8ca0b07fb1e8ed84,3662,E2_DYNAMIC_INCREMENTAL_AFTER_FULL_REUSE,CDF14/CDF-MILD,NO_LINEAGE_CREDIT,2,COMPLETE,INCLUDED,0.5351151540901472,0.5583910008242595,0.47066245551214814,0
r8c-3663-12b77983975b2293,3663,E2_DYNAMIC_INCREMENTAL_AFTER_FULL_REUSE,CDF14/CDF-MILD,CROSS_EVENT_WARM_START_ONLY,2,COMPLETE,INCLUDED,0.5372351221770375,0.5602633701845451,0.4716792511575623,0
r8c-3664-6b1c6dcbe50f6456,3664,E2_DYNAMIC_INCREMENTAL_AFTER_FULL_REUSE,CDF14/CDF-MILD,CROSS_EVENT_MEMORY_ONLY,2,COMPLETE,INCLUDED,0.47717296102320655,0.5375873856833244,0.3517318813174438,0
r8c-3665-28f6f962684a4148,3665,E2_DYNAMIC_INCREMENTAL_AFTER_FULL_REUSE,CDF14/CDF-MILD,SHADE_ONLY,2,COMPLETE,INCLUDED,0.48654749377190676,0.5483714931025307,0.3554182056758519,0
r8c-3666-7001673ce515148d,3666,E2_DYNAMIC_INCREMENTAL_AFTER_FULL_REUSE,CDF14/CDF-MILD,NO_CROSS_EVENT_MEMORY,3,COMPLETE,INCLUDED,0.48381944562830254,0.5441078102253877,0.3544947918766957,0
r8c-3667-259afa7c4be75e10,3667,E2_DYNAMIC_INCREMENTAL_AFTER_FULL_REUSE,CDF14/CDF-MILD,NO_REJECTION_CREDIT,3,COMPLETE,INCLUDED,0.5343721414599913,0.5572327461641883,0.47062948007843375,0
r8c-3668-324d7203d84a5697,3668,E2_DYNAMIC_INCREMENTAL_AFTER_FULL_REUSE,CDF14/CDF-MILD,NO_MEMORY_RESET_GATE,3,COMPLETE,INCLUDED,0.535901034689371,0.5585374049370908,0.4715185831873548,0
r8c-3669-e8713cd04fcae845,3669,E2_DYNAMIC_INCREMENTAL_AFTER_FULL_REUSE,CDF14/CDF-MILD,NO_LINEAGE_CREDIT,3,COMPLETE,INCLUDED,0.5364595067396934,0.5596351505245004,0.4711010359949311,0
r8c-3670-257a74bf2ff0eddc,3670,E2_DYNAMIC_INCREMENTAL_AFTER_FULL_REUSE,CDF14/CDF-MILD,CROSS_EVENT_WARM_START_ONLY,3,COMPLETE,INCLUDED,0.5369503674581598,0.5603465094563923,0.47093848664399673,0
r8c-3671-6a02577dceccbed6,3671,E2_DYNAMIC_INCREMENTAL_AFTER_FULL_REUSE,CDF14/CDF-MILD,CROSS_EVENT_MEMORY_ONLY,3,COMPLETE,INCLUDED,0.48063423999796423,0.5399395872475382,0.35496886740596034,0
r8c-3672-bef825950acd2235,3672,E2_DYNAMIC_INCREMENTAL_AFTER_FULL_REUSE,CDF14/CDF-MILD,SHADE_ONLY,3,COMPLETE,INCLUDED,0.48766882277367046,0.5492393015558222,0.35469738071277007,0
r8c-3673-39e502a06ad552bf,3673,E2_DYNAMIC_INCREMENTAL_AFTER_FULL_REUSE,CDF14/CDF-MILD,NO_CROSS_EVENT_MEMORY,4,COMPLETE,INCLUDED,0.4849803550543766,0.5444577652246492,0.35577041620479877,0
r8c-3674-872494e3676bc559,3674,E2_DYNAMIC_INCREMENTAL_AFTER_FULL_REUSE,CDF14/CDF-MILD,NO_REJECTION_CREDIT,4,COMPLETE,INCLUDED,0.5373091266384229,0.5606625789965843,0.47210365907921453,0
r8c-3675-f179809f874750d8,3675,E2_DYNAMIC_INCREMENTAL_AFTER_FULL_REUSE,CDF14/CDF-MILD,NO_MEMORY_RESET_GATE,4,COMPLETE,INCLUDED,0.5345214457599979,0.5579971635489519,0.47001393392977925,0
r8c-3676-40151bacedc2935a,3676,E2_DYNAMIC_INCREMENTAL_AFTER_FULL_REUSE,CDF14/CDF-MILD,NO_LINEAGE_CREDIT,4,COMPLETE,INCLUDED,0.5370357363740677,0.5605997285155827,0.4712575710756239,0
r8c-3677-1377f8d9edead9d9,3677,E2_DYNAMIC_INCREMENTAL_AFTER_FULL_REUSE,CDF14/CDF-MILD,CROSS_EVENT_WARM_START_ONLY,4,COMPLETE,INCLUDED,0.5383197163858261,0.5613672729620907,0.4727697249234487,0
r8c-3678-d160e0723dd68028,3678,E2_DYNAMIC_INCREMENTAL_AFTER_FULL_REUSE,CDF14/CDF-MILD,CROSS_EVENT_MEMORY_ONLY,4,COMPLETE,INCLUDED,0.47790957424110153,0.5380417317429274,0.3526337392277893,0
r8c-3679-3160b818438f3895,3679,E2_DYNAMIC_INCREMENTAL_AFTER_FULL_REUSE,CDF14/CDF-MILD,SHADE_ONLY,4,COMPLETE,INCLUDED,0.48764234350055996,0.5481804909539715,0.3575985330777146,0
r8c-3680-e335010940c03544,3680,E2_DYNAMIC_INCREMENTAL_AFTER_FULL_REUSE,CDF15/CDF-HARSH,NO_CROSS_EVENT_MEMORY,0,COMPLETE,INCLUDED,0.10729450888776887,0.2305278132893818,0.0029606430347345397,0
r8c-3681-b7b620521d380d17,3681,E2_DYNAMIC_INCREMENTAL_AFTER_FULL_REUSE,CDF15/CDF-HARSH,NO_REJECTION_CREDIT,0,COMPLETE,INCLUDED,0.2723474287881497,0.3027619672008308,0.213728971894711,0
r8c-3682-67660bd7b957b333,3682,E2_DYNAMIC_INCREMENTAL_AFTER_FULL_REUSE,CDF15/CDF-HARSH,NO_MEMORY_RESET_GATE,0,COMPLETE,INCLUDED,0.2680838687097617,0.29872516615009864,0.2071070901485488,0
r8c-3683-0805b2fd3c50c640,3683,E2_DYNAMIC_INCREMENTAL_AFTER_FULL_REUSE,CDF15/CDF-HARSH,NO_LINEAGE_CREDIT,0,COMPLETE,INCLUDED,0.2663781911459113,0.296104392954338,0.2090773253119252,0
r8c-3684-b941d32b831924fd,3684,E2_DYNAMIC_INCREMENTAL_AFTER_FULL_REUSE,CDF15/CDF-HARSH,CROSS_EVENT_WARM_START_ONLY,0,COMPLETE,INCLUDED,0.27239245439506543,0.3053097536398115,0.21673682711105838,0
r8c-3685-6f744b03c8998142,3685,E2_DYNAMIC_INCREMENTAL_AFTER_FULL_REUSE,CDF15/CDF-HARSH,CROSS_EVENT_MEMORY_ONLY,0,COMPLETE,INCLUDED,0.1259480638876695,0.2725414337190083,0.002237963331687904,0
r8c-3686-f1eaf296c316283e,3686,E2_DYNAMIC_INCREMENTAL_AFTER_FULL_REUSE,CDF15/CDF-HARSH,SHADE_ONLY,0,COMPLETE,INCLUDED,0.12189703113223757,0.26625762965714544,0.0033105990318514633,0
r8c-3687-93914d57aecf582c,3687,E2_DYNAMIC_INCREMENTAL_AFTER_FULL_REUSE,CDF15/CDF-HARSH,NO_CROSS_EVENT_MEMORY,1,COMPLETE,INCLUDED,0.110894588759353,0.2425573402931408,0.0045232527049283225,0
r8c-3688-aba56ac9cfe86701,3688,E2_DYNAMIC_INCREMENTAL_AFTER_FULL_REUSE,CDF15/CDF-HARSH,NO_REJECTION_CREDIT,1,COMPLETE,INCLUDED,0.2778558133400616,0.30677011819570404,0.224607477416849,0
r8c-3689-0feb04b17dfbcbbb,3689,E2_DYNAMIC_INCREMENTAL_AFTER_FULL_REUSE,CDF15/CDF-HARSH,NO_MEMORY_RESET_GATE,1,COMPLETE,INCLUDED,0.27381134621556613,0.3052836804065576,0.2169797842940879,0
r8c-3690-655d3d59418a8b96,3690,E2_DYNAMIC_INCREMENTAL_AFTER_FULL_REUSE,CDF15/CDF-HARSH,NO_LINEAGE_CREDIT,1,COMPLETE,INCLUDED,0.27667236739092554,0.3073079617602826,0.21927469607418565,0
r8c-3691-fe7af5899db4651e,3691,E2_DYNAMIC_INCREMENTAL_AFTER_FULL_REUSE,CDF15/CDF-HARSH,CROSS_EVENT_WARM_START_ONLY,1,COMPLETE,INCLUDED,0.27455632311239647,0.3047560447995596,0.2216217153637074,0
r8c-3692-df63faa280518cca,3692,E2_DYNAMIC_INCREMENTAL_AFTER_FULL_REUSE,CDF15/CDF-HARSH,CROSS_EVENT_MEMORY_ONLY,1,COMPLETE,INCLUDED,0.1265778150441574,0.2658513990390935,0.005278486596595603,0
r8c-3693-338f34e14294e878,3693,E2_DYNAMIC_INCREMENTAL_AFTER_FULL_REUSE,CDF15/CDF-HARSH,SHADE_ONLY,1,COMPLETE,INCLUDED,0.1278331533294588,0.26980368484749306,0.004372492329492219,0
r8c-3694-1f7607937a85f549,3694,E2_DYNAMIC_INCREMENTAL_AFTER_FULL_REUSE,CDF15/CDF-HARSH,NO_CROSS_EVENT_MEMORY,2,COMPLETE,INCLUDED,0.1106999605290329,0.2407585640979197,0.004435816432969978,0
r8c-3695-45beaf70832b0e53,3695,E2_DYNAMIC_INCREMENTAL_AFTER_FULL_REUSE,CDF15/CDF-HARSH,NO_REJECTION_CREDIT,2,COMPLETE,INCLUDED,0.27294359861839257,0.3048865022771592,0.21054234491971058,0
r8c-3696-0b7062777cbd3a98,3696,E2_DYNAMIC_INCREMENTAL_AFTER_FULL_REUSE,CDF15/CDF-HARSH,NO_MEMORY_RESET_GATE,2,COMPLETE,INCLUDED,0.2772355361578732,0.30411491265400625,0.22184988428665214,0
r8c-3697-15f179391ff771f9,3697,E2_DYNAMIC_INCREMENTAL_AFTER_FULL_REUSE,CDF15/CDF-HARSH,NO_LINEAGE_CREDIT,2,COMPLETE,INCLUDED,0.27598195087985006,0.3052324426001393,0.21919793941374519,0
r8c-3698-f3fc498fb65cf8fa,3698,E2_DYNAMIC_INCREMENTAL_AFTER_FULL_REUSE,CDF15/CDF-HARSH,CROSS_EVENT_WARM_START_ONLY,2,COMPLETE,INCLUDED,0.26650238786574726,0.29664033544083845,0.21105159767294573,0
r8c-3699-b30e1bba4882d1c1,3699,E2_DYNAMIC_INCREMENTAL_AFTER_FULL_REUSE,CDF15/CDF-HARSH,CROSS_EVENT_MEMORY_ONLY,2,COMPLETE,INCLUDED,0.1236363861638745,0.2670291074805915,0.0045963996165995,0
r8c-3700-5838d030bfe100f8,3700,E2_DYNAMIC_INCREMENTAL_AFTER_FULL_REUSE,CDF15/CDF-HARSH,SHADE_ONLY,2,COMPLETE,INCLUDED,0.12505789312580998,0.2676645506988942,0.004538990177145214,0
r8c-3701-2618f49df6efcf0e,3701,E2_DYNAMIC_INCREMENTAL_AFTER_FULL_REUSE,CDF15/CDF-HARSH,NO_CROSS_EVENT_MEMORY,3,COMPLETE,INCLUDED,0.11197278810970095,0.23741468362610577,0.0037885057604560668,0
r8c-3702-1419c9168ff3a7e5,3702,E2_DYNAMIC_INCREMENTAL_AFTER_FULL_REUSE,CDF15/CDF-HARSH,NO_REJECTION_CREDIT,3,COMPLETE,INCLUDED,0.27142490680507253,0.30014435076908025,0.2143382621504002,0
r8c-3703-19686810f25fe27c,3703,E2_DYNAMIC_INCREMENTAL_AFTER_FULL_REUSE,CDF15/CDF-HARSH,NO_MEMORY_RESET_GATE,3,COMPLETE,INCLUDED,0.2740028505250232,0.30226044197337604,0.21488895697795368,0
r8c-3704-fe3d3d429edb9eb7,3704,E2_DYNAMIC_INCREMENTAL_AFTER_FULL_REUSE,CDF15/CDF-HARSH,NO_LINEAGE_CREDIT,3,COMPLETE,INCLUDED,0.27417480918747467,0.30725061307772356,0.21466207490281633,0
r8c-3705-1657bd43e17a51e4,3705,E2_DYNAMIC_INCREMENTAL_AFTER_FULL_REUSE,CDF15/CDF-HARSH,CROSS_EVENT_WARM_START_ONLY,3,COMPLETE,INCLUDED,0.2716484640315659,0.3030634094405169,0.21786363416455393,0
r8c-3706-d3d9349ddf20588c,3706,E2_DYNAMIC_INCREMENTAL_AFTER_FULL_REUSE,CDF15/CDF-HARSH,CROSS_EVENT_MEMORY_ONLY,3,COMPLETE,INCLUDED,0.11954244965929614,0.26165949977260083,0.0036796468660101056,0
r8c-3707-2ebceb4a75ec885a,3707,E2_DYNAMIC_INCREMENTAL_AFTER_FULL_REUSE,CDF15/CDF-HARSH,SHADE_ONLY,3,COMPLETE,INCLUDED,0.12264966455647394,0.26681401087360135,0.003246634599733624,0
r8c-3708-654add545605cb67,3708,E2_DYNAMIC_INCREMENTAL_AFTER_FULL_REUSE,CDF15/CDF-HARSH,NO_CROSS_EVENT_MEMORY,4,COMPLETE,INCLUDED,0.11110553655272258,0.23661089379687814,0.005293321582720182,0
r8c-3709-594200385cd4b834,3709,E2_DYNAMIC_INCREMENTAL_AFTER_FULL_REUSE,CDF15/CDF-HARSH,NO_REJECTION_CREDIT,4,COMPLETE,INCLUDED,0.2692210586025893,0.2991056362122756,0.21165790579252686,0
r8c-3710-837fd36e4e40f65a,3710,E2_DYNAMIC_INCREMENTAL_AFTER_FULL_REUSE,CDF15/CDF-HARSH,NO_MEMORY_RESET_GATE,4,COMPLETE,INCLUDED,0.2812736380936276,0.3093615370059817,0.2250850122266591,0
r8c-3711-1bddb58b390f72a5,3711,E2_DYNAMIC_INCREMENTAL_AFTER_FULL_REUSE,CDF15/CDF-HARSH,NO_LINEAGE_CREDIT,4,COMPLETE,INCLUDED,0.2749382283445373,0.30284391206252365,0.2169189837701147,0
r8c-3712-e57157f259310106,3712,E2_DYNAMIC_INCREMENTAL_AFTER_FULL_REUSE,CDF15/CDF-HARSH,CROSS_EVENT_WARM_START_ONLY,4,COMPLETE,INCLUDED,0.27092208068223034,0.30138240760064294,0.2149172300544295,0
r8c-3713-6e6f47672bb80847,3713,E2_DYNAMIC_INCREMENTAL_AFTER_FULL_REUSE,CDF15/CDF-HARSH,CROSS_EVENT_MEMORY_ONLY,4,COMPLETE,INCLUDED,0.1161736743736634,0.25207273677014,0.0028211888302323556,0
r8c-3714-c9cc280b75b6f314,3714,E2_DYNAMIC_INCREMENTAL_AFTER_FULL_REUSE,CDF15/CDF-HARSH,SHADE_ONLY,4,COMPLETE,INCLUDED,0.13383729656993684,0.2736977771694731,0.004353842566280787,0
r8c-3715-5380347d31c1e7af,3715,E2_DYNAMIC_INCREMENTAL_AFTER_FULL_REUSE,CDF15/CDF-MILD,NO_CROSS_EVENT_MEMORY,0,COMPLETE,INCLUDED,0.1145181103994197,0.2392998410944083,0.00420659144750781,0
r8c-3716-208199aa7c45410b,3716,E2_DYNAMIC_INCREMENTAL_AFTER_FULL_REUSE,CDF15/CDF-MILD,NO_REJECTION_CREDIT,0,COMPLETE,INCLUDED,0.2857446910213987,0.30634735916900613,0.2426124629124135,0
r8c-3717-ecacd4cabac9e9c4,3717,E2_DYNAMIC_INCREMENTAL_AFTER_FULL_REUSE,CDF15/CDF-MILD,NO_MEMORY_RESET_GATE,0,COMPLETE,INCLUDED,0.28722385323461946,0.30780509644739096,0.24219150646524262,0
r8c-3718-85c6d1d55b922a6b,3718,E2_DYNAMIC_INCREMENTAL_AFTER_FULL_REUSE,CDF15/CDF-MILD,NO_LINEAGE_CREDIT,0,COMPLETE,INCLUDED,0.2854096443100342,0.30982901537512403,0.23863378699838433,0
r8c-3719-16e194a6be30e3a7,3719,E2_DYNAMIC_INCREMENTAL_AFTER_FULL_REUSE,CDF15/CDF-MILD,CROSS_EVENT_WARM_START_ONLY,0,COMPLETE,INCLUDED,0.29212641219163693,0.31785176572567114,0.246435721534911,0
r8c-3720-acc9c3dee2be600e,3720,E2_DYNAMIC_INCREMENTAL_AFTER_FULL_REUSE,CDF15/CDF-MILD,CROSS_EVENT_MEMORY_ONLY,0,COMPLETE,INCLUDED,0.11988345988613093,0.26213671618713,0.002914063275275719,0
r8c-3721-1c6436abfdfd5da8,3721,E2_DYNAMIC_INCREMENTAL_AFTER_FULL_REUSE,CDF15/CDF-MILD,SHADE_ONLY,0,COMPLETE,INCLUDED,0.12414815235217183,0.26891567607305583,0.004789945621929071,0
r8c-3722-009b0abd562a6531,3722,E2_DYNAMIC_INCREMENTAL_AFTER_FULL_REUSE,CDF15/CDF-MILD,NO_CROSS_EVENT_MEMORY,1,COMPLETE,INCLUDED,0.1081686066868954,0.23446485635145592,0.0041455614620543434,0
r8c-3723-b2375d8bc88fd132,3723,E2_DYNAMIC_INCREMENTAL_AFTER_FULL_REUSE,CDF15/CDF-MILD,NO_REJECTION_CREDIT,1,COMPLETE,INCLUDED,0.295792551396864,0.3181039669245089,0.2521670726165078,0
r8c-3724-3ae86388177d3a49,3724,E2_DYNAMIC_INCREMENTAL_AFTER_FULL_REUSE,CDF15/CDF-MILD,NO_MEMORY_RESET_GATE,1,COMPLETE,INCLUDED,0.29408816885096073,0.31730136196117,0.24838944950694672,0
r8c-3725-5d85725396766eff,3725,E2_DYNAMIC_INCREMENTAL_AFTER_FULL_REUSE,CDF15/CDF-MILD,NO_LINEAGE_CREDIT,1,COMPLETE,INCLUDED,0.2850960697174216,0.3061104077495294,0.241285794032271,0
r8c-3726-e3a5df3131b75eb5,3726,E2_DYNAMIC_INCREMENTAL_AFTER_FULL_REUSE,CDF15/CDF-MILD,CROSS_EVENT_WARM_START_ONLY,1,COMPLETE,INCLUDED,0.29431121131804716,0.3165882718442552,0.25274670079968775,0
r8c-3727-b20fa96a7e905f07,3727,E2_DYNAMIC_INCREMENTAL_AFTER_FULL_REUSE,CDF15/CDF-MILD,CROSS_EVENT_MEMORY_ONLY,1,COMPLETE,INCLUDED,0.12932440045056884,0.2677713604144957,0.004964710591225869,0
r8c-3728-4c86702bb1f6fb33,3728,E2_DYNAMIC_INCREMENTAL_AFTER_FULL_REUSE,CDF15/CDF-MILD,SHADE_ONLY,1,COMPLETE,INCLUDED,0.13154191985507804,0.2763323155966105,0.004118205947543628,0
r8c-3729-9a0d213d9e8f81cb,3729,E2_DYNAMIC_INCREMENTAL_AFTER_FULL_REUSE,CDF15/CDF-MILD,NO_CROSS_EVENT_MEMORY,2,COMPLETE,INCLUDED,0.1084568083525581,0.2335443681027932,0.004550206920206302,0
r8c-3730-a1e7067227bddf1d,3730,E2_DYNAMIC_INCREMENTAL_AFTER_FULL_REUSE,CDF15/CDF-MILD,NO_REJECTION_CREDIT,2,COMPLETE,INCLUDED,0.2947184777775804,0.315561661370594,0.2523004178067267,0
r8c-3731-557dbe07e5d43925,3731,E2_DYNAMIC_INCREMENTAL_AFTER_FULL_REUSE,CDF15/CDF-MILD,NO_MEMORY_RESET_GATE,2,COMPLETE,INCLUDED,0.29228088034577987,0.3144442238277619,0.2466642252576726,0
r8c-3732-c50f65b839575961,3732,E2_DYNAMIC_INCREMENTAL_AFTER_FULL_REUSE,CDF15/CDF-MILD,NO_LINEAGE_CREDIT,2,COMPLETE,INCLUDED,0.2875958933988067,0.31048859088754965,0.24153984448409405,0
r8c-3733-41ac4cc0fc0c80a8,3733,E2_DYNAMIC_INCREMENTAL_AFTER_FULL_REUSE,CDF15/CDF-MILD,CROSS_EVENT_WARM_START_ONLY,2,COMPLETE,INCLUDED,0.29324130652160707,0.3183228592925653,0.24991007204163096,0
r8c-3734-821c1e8a92e1e0ab,3734,E2_DYNAMIC_INCREMENTAL_AFTER_FULL_REUSE,CDF15/CDF-MILD,CROSS_EVENT_MEMORY_ONLY,2,COMPLETE,INCLUDED,0.1217128881277299,0.2615505396355868,0.0032127660484011595,0
r8c-3735-f3ef1b7c72dfd290,3735,E2_DYNAMIC_INCREMENTAL_AFTER_FULL_REUSE,CDF15/CDF-MILD,SHADE_ONLY,2,COMPLETE,INCLUDED,0.12831835777617323,0.2716690059037432,0.004334198363368629,0
r8c-3736-964f501b2c2278fb,3736,E2_DYNAMIC_INCREMENTAL_AFTER_FULL_REUSE,CDF15/CDF-MILD,NO_CROSS_EVENT_MEMORY,3,COMPLETE,INCLUDED,0.11389481588229189,0.23642274891898202,0.003678425885187163,0
r8c-3737-53192a4e5adfcce6,3737,E2_DYNAMIC_INCREMENTAL_AFTER_FULL_REUSE,CDF15/CDF-MILD,NO_REJECTION_CREDIT,3,COMPLETE,INCLUDED,0.28951003589808905,0.31223741752665723,0.24456779936352543,0
r8c-3738-f27c43dd668f8508,3738,E2_DYNAMIC_INCREMENTAL_AFTER_FULL_REUSE,CDF15/CDF-MILD,NO_MEMORY_RESET_GATE,3,COMPLETE,INCLUDED,0.2845798361755471,0.3052115079282935,0.23994329968863257,0
r8c-3739-0062c382da0921fb,3739,E2_DYNAMIC_INCREMENTAL_AFTER_FULL_REUSE,CDF15/CDF-MILD,NO_LINEAGE_CREDIT,3,COMPLETE,INCLUDED,0.2855799737100181,0.309222980450168,0.24051162331621478,0
r8c-3740-c40d3f414588770b,3740,E2_DYNAMIC_INCREMENTAL_AFTER_FULL_REUSE,CDF15/CDF-MILD,CROSS_EVENT_WARM_START_ONLY,3,COMPLETE,INCLUDED,0.29032328892924114,0.3130670594176225,0.24820153898694539,0
r8c-3741-3559e016886d2345,3741,E2_DYNAMIC_INCREMENTAL_AFTER_FULL_REUSE,CDF15/CDF-MILD,CROSS_EVENT_MEMORY_ONLY,3,COMPLETE,INCLUDED,0.12621975564169285,0.267869763724183,0.004071430364196025,0
r8c-3742-e147a42b0054c840,3742,E2_DYNAMIC_INCREMENTAL_AFTER_FULL_REUSE,CDF15/CDF-MILD,SHADE_ONLY,3,COMPLETE,INCLUDED,0.1275812369864743,0.2688721606374196,0.004208592133236764,0
r8c-3743-c6fc42adf7425194,3743,E2_DYNAMIC_INCREMENTAL_AFTER_FULL_REUSE,CDF15/CDF-MILD,NO_CROSS_EVENT_MEMORY,4,COMPLETE,INCLUDED,0.11135861551079061,0.24159000313362858,0.005698988827245477,0
r8c-3744-8783ce2cc8b8e38f,3744,E2_DYNAMIC_INCREMENTAL_AFTER_FULL_REUSE,CDF15/CDF-MILD,NO_REJECTION_CREDIT,4,COMPLETE,INCLUDED,0.2967469637199037,0.3184634690258227,0.25022530505547796,0
r8c-3745-2b6b249517e2b2ad,3745,E2_DYNAMIC_INCREMENTAL_AFTER_FULL_REUSE,CDF15/CDF-MILD,NO_MEMORY_RESET_GATE,4,COMPLETE,INCLUDED,0.30821670040336174,0.331803479694034,0.263725543691787,0
r8c-3746-e384a5b58a3f7021,3746,E2_DYNAMIC_INCREMENTAL_AFTER_FULL_REUSE,CDF15/CDF-MILD,NO_LINEAGE_CREDIT,4,COMPLETE,INCLUDED,0.2957655713360478,0.3166964200474938,0.25200065300269703,0
r8c-3747-8836892446e07605,3747,E2_DYNAMIC_INCREMENTAL_AFTER_FULL_REUSE,CDF15/CDF-MILD,CROSS_EVENT_WARM_START_ONLY,4,COMPLETE,INCLUDED,0.28893607951072087,0.31230369359576277,0.24733977596607082,0
r8c-3748-fb8df5ad0b2f220f,3748,E2_DYNAMIC_INCREMENTAL_AFTER_FULL_REUSE,CDF15/CDF-MILD,CROSS_EVENT_MEMORY_ONLY,4,COMPLETE,INCLUDED,0.12284541264591838,0.2626723964859506,0.002556192932511661,0
r8c-3749-a186ff9418b5ec99,3749,E2_DYNAMIC_INCREMENTAL_AFTER_FULL_REUSE,CDF15/CDF-MILD,SHADE_ONLY,4,COMPLETE,INCLUDED,0.13125076417693124,0.2711248146275659,0.005932514864662137,0
r8c-3750-41e6560fb1a308f8,3750,E2_ROLLING_INCREMENTAL_AFTER_FULL_REUSE,RR-SMOOTH/0,NO_CROSS_EVENT_MEMORY,0,COMPLETE,INCLUDED,0.8470937358534295,0.96026707910402,0.5044792085200943,0
r8c-3751-37cdfd3a4d3ad74f,3751,E2_ROLLING_INCREMENTAL_AFTER_FULL_REUSE,RR-SMOOTH/0,NO_EXECUTION_FEEDBACK,0,COMPLETE,INCLUDED,0.886617023070815,0.9441300625967249,0.726764498425753,0
r8c-3752-ff089486d0296500,3752,E2_ROLLING_INCREMENTAL_AFTER_FULL_REUSE,RR-SMOOTH/0,NO_REJECTION_CREDIT,0,COMPLETE,INCLUDED,0.8942877546394346,0.9670200076247889,0.6794112744066385,0
r8c-3753-9773ffa5bfad656a,3753,E2_ROLLING_INCREMENTAL_AFTER_FULL_REUSE,RR-SMOOTH/0,NO_MEMORY_RESET_GATE,0,COMPLETE,INCLUDED,0.8768331357476757,0.912800879758356,0.7689961155675438,0
r8c-3754-e481d4331c942772,3754,E2_ROLLING_INCREMENTAL_AFTER_FULL_REUSE,RR-SMOOTH/0,NO_LINEAGE_CREDIT,0,COMPLETE,INCLUDED,0.8982044256684836,0.9701939434737119,0.6800812492906654,0
r8c-3755-07e9a7bfdf61045b,3755,E2_ROLLING_INCREMENTAL_AFTER_FULL_REUSE,RR-SMOOTH/0,CROSS_EVENT_WARM_START_ONLY,0,COMPLETE,INCLUDED,0.9406825745927266,0.974434886441359,0.8445727558217409,0
r8c-3756-b6d0a15c936b356d,3756,E2_ROLLING_INCREMENTAL_AFTER_FULL_REUSE,RR-SMOOTH/0,CROSS_EVENT_MEMORY_ONLY,0,COMPLETE,INCLUDED,0.8313138362848618,0.9642600266935156,0.43284911888114763,0
r8c-3757-d9793ed5546e6133,3757,E2_ROLLING_INCREMENTAL_AFTER_FULL_REUSE,RR-SMOOTH/0,SHADE_ONLY,0,COMPLETE,INCLUDED,0.8424431494870139,0.9683873268344092,0.4694705858566567,0
r8c-3758-9dbdfa8e990fcc32,3758,E2_ROLLING_INCREMENTAL_AFTER_FULL_REUSE,RR-SMOOTH/0,NO_CROSS_EVENT_MEMORY,1,COMPLETE,INCLUDED,0.8334396545989564,0.9564936661955856,0.4623415575747028,0
r8c-3759-dd854c6e60610e04,3759,E2_ROLLING_INCREMENTAL_AFTER_FULL_REUSE,RR-SMOOTH/0,NO_EXECUTION_FEEDBACK,1,COMPLETE,INCLUDED,0.8911804609303993,0.9458374208538363,0.7341655316601249,0
r8c-3760-e164f2b0a61176fa,3760,E2_ROLLING_INCREMENTAL_AFTER_FULL_REUSE,RR-SMOOTH/0,NO_REJECTION_CREDIT,1,COMPLETE,INCLUDED,0.8993673542184514,0.9711835551826198,0.6945423347923811,0
r8c-3761-91515530bdeb373e,3761,E2_ROLLING_INCREMENTAL_AFTER_FULL_REUSE,RR-SMOOTH/0,NO_MEMORY_RESET_GATE,1,COMPLETE,INCLUDED,0.9286004082398627,0.9685421621393056,0.8194144770987546,0
r8c-3762-b836998656a2ca50,3762,E2_ROLLING_INCREMENTAL_AFTER_FULL_REUSE,RR-SMOOTH/0,NO_LINEAGE_CREDIT,1,COMPLETE,INCLUDED,0.9124133725015996,0.9723394109800616,0.7311154210275221,0
r8c-3763-784cd2dcde7029ae,3763,E2_ROLLING_INCREMENTAL_AFTER_FULL_REUSE,RR-SMOOTH/0,CROSS_EVENT_WARM_START_ONLY,1,COMPLETE,INCLUDED,0.8904449890552504,0.9447761707861252,0.7317364254398263,0
r8c-3764-0d9f809fef944f89,3764,E2_ROLLING_INCREMENTAL_AFTER_FULL_REUSE,RR-SMOOTH/0,CROSS_EVENT_MEMORY_ONLY,1,COMPLETE,INCLUDED,0.8452703440971001,0.9669045703480712,0.4720277703088206,0
r8c-3765-f95da1962cf1bcdc,3765,E2_ROLLING_INCREMENTAL_AFTER_FULL_REUSE,RR-SMOOTH/0,SHADE_ONLY,1,COMPLETE,INCLUDED,0.8441729601513546,0.965161066547594,0.48250686074931876,0
r8c-3766-0982462367738688,3766,E2_ROLLING_INCREMENTAL_AFTER_FULL_REUSE,RR-SMOOTH/0,NO_CROSS_EVENT_MEMORY,2,COMPLETE,INCLUDED,0.8197394940409023,0.9490282079445839,0.4640606162645639,0
r8c-3767-444ba9de883ecbf6,3767,E2_ROLLING_INCREMENTAL_AFTER_FULL_REUSE,RR-SMOOTH/0,NO_EXECUTION_FEEDBACK,2,COMPLETE,INCLUDED,0.9407250710246876,0.9738030388986896,0.840022994951832,0
r8c-3768-5e2824f114624ec3,3768,E2_ROLLING_INCREMENTAL_AFTER_FULL_REUSE,RR-SMOOTH/0,NO_REJECTION_CREDIT,2,COMPLETE,INCLUDED,0.8908710277450839,0.964239465127041,0.671208069594251,0
r8c-3769-27c11096365ad982,3769,E2_ROLLING_INCREMENTAL_AFTER_FULL_REUSE,RR-SMOOTH/0,NO_MEMORY_RESET_GATE,2,COMPLETE,INCLUDED,0.936326245391041,0.9706953472146477,0.8398078575312046,0
r8c-3770-7f53473d818cc534,3770,E2_ROLLING_INCREMENTAL_AFTER_FULL_REUSE,RR-SMOOTH/0,NO_LINEAGE_CREDIT,2,COMPLETE,INCLUDED,0.8795499965452624,0.9612439097921751,0.6396288587216294,0
r8c-3771-0fe59122ac3c8e91,3771,E2_ROLLING_INCREMENTAL_AFTER_FULL_REUSE,RR-SMOOTH/0,CROSS_EVENT_WARM_START_ONLY,2,COMPLETE,INCLUDED,0.9344065954385267,0.9717341057804105,0.8350236051547671,0
r8c-3772-5dab3b8496204cd4,3772,E2_ROLLING_INCREMENTAL_AFTER_FULL_REUSE,RR-SMOOTH/0,CROSS_EVENT_MEMORY_ONLY,2,COMPLETE,INCLUDED,0.8471103912564605,0.9684918844588151,0.47774528319350307,0
r8c-3773-2016741f9478417d,3773,E2_ROLLING_INCREMENTAL_AFTER_FULL_REUSE,RR-SMOOTH/0,SHADE_ONLY,2,COMPLETE,INCLUDED,0.8470880982404756,0.9690730059751911,0.48501597684355097,0
r8c-3774-4342f59db9db743e,3774,E2_ROLLING_INCREMENTAL_AFTER_FULL_REUSE,RR-SMOOTH/0,NO_CROSS_EVENT_MEMORY,3,COMPLETE,INCLUDED,0.8515909499759597,0.9678177094668715,0.48731152860104077,0
r8c-3775-509940bce5da159e,3775,E2_ROLLING_INCREMENTAL_AFTER_FULL_REUSE,RR-SMOOTH/0,NO_EXECUTION_FEEDBACK,3,COMPLETE,INCLUDED,0.9329983629498058,0.9724690155668245,0.8264292628367685,0
r8c-3776-f6e5a6926af0f0b6,3776,E2_ROLLING_INCREMENTAL_AFTER_FULL_REUSE,RR-SMOOTH/0,NO_REJECTION_CREDIT,3,COMPLETE,INCLUDED,0.9055614537871319,0.9683474758346502,0.7176352347195707,0
r8c-3777-1cb2aa42a1656e7c,3777,E2_ROLLING_INCREMENTAL_AFTER_FULL_REUSE,RR-SMOOTH/0,NO_MEMORY_RESET_GATE,3,COMPLETE,INCLUDED,0.9377152448587202,0.9732632419918655,0.8411422652016064,0
r8c-3778-8d181759c39b8c1a,3778,E2_ROLLING_INCREMENTAL_AFTER_FULL_REUSE,RR-SMOOTH/0,NO_LINEAGE_CREDIT,3,COMPLETE,INCLUDED,0.8818956768452425,0.9645954493032395,0.6410565464201905,0
r8c-3779-66508f67f89c835c,3779,E2_ROLLING_INCREMENTAL_AFTER_FULL_REUSE,RR-SMOOTH/0,CROSS_EVENT_WARM_START_ONLY,3,COMPLETE,INCLUDED,0.9442586883701477,0.9754286005331739,0.8484553312910326,0
r8c-3780-9b3e6e14c8917338,3780,E2_ROLLING_INCREMENTAL_AFTER_FULL_REUSE,RR-SMOOTH/0,CROSS_EVENT_MEMORY_ONLY,3,COMPLETE,INCLUDED,0.8563934109088465,0.9692804812725623,0.4978853290144686,0
r8c-3781-2327a3bc8b097a17,3781,E2_ROLLING_INCREMENTAL_AFTER_FULL_REUSE,RR-SMOOTH/0,SHADE_ONLY,3,COMPLETE,INCLUDED,0.8554871094804255,0.9673931311513915,0.5356167925992988,0
r8c-3782-23b730f6e3790576,3782,E2_ROLLING_INCREMENTAL_AFTER_FULL_REUSE,RR-SMOOTH/0,NO_CROSS_EVENT_MEMORY,4,COMPLETE,INCLUDED,0.8458479089428966,0.9690215801458943,0.4551945857087771,0
r8c-3783-eb589193deea8804,3783,E2_ROLLING_INCREMENTAL_AFTER_FULL_REUSE,RR-SMOOTH/0,NO_EXECUTION_FEEDBACK,4,COMPLETE,INCLUDED,0.9048207721462684,0.9561414319353411,0.7471513824996293,0
r8c-3784-908d08ff65c6928c,3784,E2_ROLLING_INCREMENTAL_AFTER_FULL_REUSE,RR-SMOOTH/0,NO_REJECTION_CREDIT,4,COMPLETE,INCLUDED,0.8942138863064851,0.9679617829772464,0.6780187369410775,0
r8c-3785-cdc2541757394c88,3785,E2_ROLLING_INCREMENTAL_AFTER_FULL_REUSE,RR-SMOOTH/0,NO_MEMORY_RESET_GATE,4,COMPLETE,INCLUDED,0.9299956953372395,0.9671099987798012,0.8160579587373947,0
r8c-3786-c5417722b9a7d8c8,3786,E2_ROLLING_INCREMENTAL_AFTER_FULL_REUSE,RR-SMOOTH/0,NO_LINEAGE_CREDIT,4,COMPLETE,INCLUDED,0.9151401610043886,0.9708219493914436,0.7396089887284109,0
r8c-3787-417b38d5dd40fc66,3787,E2_ROLLING_INCREMENTAL_AFTER_FULL_REUSE,RR-SMOOTH/0,CROSS_EVENT_WARM_START_ONLY,4,COMPLETE,INCLUDED,0.9223845007171168,0.9610976186378023,0.8058481673185803,0
r8c-3788-50623dd92e1ae664,3788,E2_ROLLING_INCREMENTAL_AFTER_FULL_REUSE,RR-SMOOTH/0,CROSS_EVENT_MEMORY_ONLY,4,COMPLETE,INCLUDED,0.8484038007880391,0.9646261316389401,0.47939360125198544,0
r8c-3789-1341e2c81afb6aaa,3789,E2_ROLLING_INCREMENTAL_AFTER_FULL_REUSE,RR-SMOOTH/0,SHADE_ONLY,4,COMPLETE,INCLUDED,0.8327467394761847,0.9587630569188914,0.448910390943423,0
r8c-3790-5c7270e8da5ac687,3790,E2_ROLLING_INCREMENTAL_AFTER_FULL_REUSE,RR-SMOOTH/1,NO_CROSS_EVENT_MEMORY,0,COMPLETE,INCLUDED,0.4255197197629145,0.5202457261659261,0.15728841984898093,0
r8c-3791-8fe1e0bd0b2cbaeb,3791,E2_ROLLING_INCREMENTAL_AFTER_FULL_REUSE,RR-SMOOTH/1,NO_EXECUTION_FEEDBACK,0,COMPLETE,INCLUDED,0.8671315163660778,0.9331058076484083,0.6813520980494673,0
r8c-3792-0bcda51e5f00e37c,3792,E2_ROLLING_INCREMENTAL_AFTER_FULL_REUSE,RR-SMOOTH/1,NO_REJECTION_CREDIT,0,COMPLETE,INCLUDED,0.42210693458286713,0.4774589837066202,0.26320207518316546,0
r8c-3793-7013e02632284dd8,3793,E2_ROLLING_INCREMENTAL_AFTER_FULL_REUSE,RR-SMOOTH/1,NO_MEMORY_RESET_GATE,0,COMPLETE,INCLUDED,0.42457402510108444,0.47682064113214084,0.26037685941538674,0
r8c-3794-c34a891b6ffe8966,3794,E2_ROLLING_INCREMENTAL_AFTER_FULL_REUSE,RR-SMOOTH/1,NO_LINEAGE_CREDIT,0,COMPLETE,INCLUDED,0.8355738460816637,0.9302597523242386,0.5434232742015446,0
r8c-3795-a5d285e0ff91ab73,3795,E2_ROLLING_INCREMENTAL_AFTER_FULL_REUSE,RR-SMOOTH/1,CROSS_EVENT_WARM_START_ONLY,0,COMPLETE,INCLUDED,0.9067689189672754,0.9435746482608005,0.8116575049195023,0
r8c-3796-4ffb8427d8b3d23d,3796,E2_ROLLING_INCREMENTAL_AFTER_FULL_REUSE,RR-SMOOTH/1,CROSS_EVENT_MEMORY_ONLY,0,COMPLETE,INCLUDED,0.7393187906371035,0.892999760460542,0.2801570967757819,0
r8c-3797-4403720509855106,3797,E2_ROLLING_INCREMENTAL_AFTER_FULL_REUSE,RR-SMOOTH/1,SHADE_ONLY,0,COMPLETE,INCLUDED,0.7765037973508593,0.9295872199317543,0.3189881124409362,0
r8c-3798-9a31e5476d08dd4f,3798,E2_ROLLING_INCREMENTAL_AFTER_FULL_REUSE,RR-SMOOTH/1,NO_CROSS_EVENT_MEMORY,1,COMPLETE,INCLUDED,0.7881226602410975,0.9335940168855166,0.3447252971578689,0
r8c-3799-04d27db6426871da,3799,E2_ROLLING_INCREMENTAL_AFTER_FULL_REUSE,RR-SMOOTH/1,NO_EXECUTION_FEEDBACK,1,COMPLETE,INCLUDED,0.8076366540420103,0.9002164296061894,0.5424736716937513,0
r8c-3800-61f4b8c8428433d8,3800,E2_ROLLING_INCREMENTAL_AFTER_FULL_REUSE,RR-SMOOTH/1,NO_REJECTION_CREDIT,1,COMPLETE,INCLUDED,0.8474938505555875,0.9252086798607962,0.6212497638333713,0
r8c-3801-84e2f8c0c3330ce6,3801,E2_ROLLING_INCREMENTAL_AFTER_FULL_REUSE,RR-SMOOTH/1,NO_MEMORY_RESET_GATE,1,COMPLETE,INCLUDED,0.8436014716955793,0.9006871371303198,0.6732901533122265,0
r8c-3802-e873fb1b0c83208d,3802,E2_ROLLING_INCREMENTAL_AFTER_FULL_REUSE,RR-SMOOTH/1,NO_LINEAGE_CREDIT,1,COMPLETE,INCLUDED,0.6635085964759924,0.7653679383164419,0.40671921323487215,0
r8c-3803-c1df44be47568298,3803,E2_ROLLING_INCREMENTAL_AFTER_FULL_REUSE,RR-SMOOTH/1,CROSS_EVENT_WARM_START_ONLY,1,COMPLETE,INCLUDED,0.4192381305683452,0.4772448172077948,0.27494179672550123,0
r8c-3804-be7c1673ee9173e7,3804,E2_ROLLING_INCREMENTAL_AFTER_FULL_REUSE,RR-SMOOTH/1,CROSS_EVENT_MEMORY_ONLY,1,COMPLETE,INCLUDED,0.3778561070159565,0.4746542147414905,0.1000331284229331,0
r8c-3805-115fcef90c52233a,3805,E2_ROLLING_INCREMENTAL_AFTER_FULL_REUSE,RR-SMOOTH/1,SHADE_ONLY,1,COMPLETE,INCLUDED,0.7437198021902076,0.901975158782386,0.26798513824352227,0
r8c-3806-835bfad86a261345,3806,E2_ROLLING_INCREMENTAL_AFTER_FULL_REUSE,RR-SMOOTH/1,NO_CROSS_EVENT_MEMORY,2,COMPLETE,INCLUDED,0.7725555916911578,0.9189310021299766,0.3521996753312154,0
r8c-3807-a8db57f68096f43f,3807,E2_ROLLING_INCREMENTAL_AFTER_FULL_REUSE,RR-SMOOTH/1,NO_EXECUTION_FEEDBACK,2,COMPLETE,INCLUDED,0.8042372402009939,0.9003697018636825,0.5279744095804211,0
r8c-3808-6ae3499b4109a4c3,3808,E2_ROLLING_INCREMENTAL_AFTER_FULL_REUSE,RR-SMOOTH/1,NO_REJECTION_CREDIT,2,COMPLETE,INCLUDED,0.41515596974405733,0.47701341671578296,0.23997801599793114,0
r8c-3809-6662c4dd9e72a109,3809,E2_ROLLING_INCREMENTAL_AFTER_FULL_REUSE,RR-SMOOTH/1,NO_MEMORY_RESET_GATE,2,COMPLETE,INCLUDED,0.833080825885831,0.8968706276368206,0.6343602699876602,0
r8c-3810-3723fd45b069ad73,3810,E2_ROLLING_INCREMENTAL_AFTER_FULL_REUSE,RR-SMOOTH/1,NO_LINEAGE_CREDIT,2,COMPLETE,INCLUDED,0.5241949682910912,0.6142019629434531,0.2741945813207132,0
r8c-3811-41b314d5f593cadb,3811,E2_ROLLING_INCREMENTAL_AFTER_FULL_REUSE,RR-SMOOTH/1,CROSS_EVENT_WARM_START_ONLY,2,COMPLETE,INCLUDED,0.8988578547724634,0.9376635758143725,0.7962215483670695,0
r8c-3812-aab4b2ed863772ec,3812,E2_ROLLING_INCREMENTAL_AFTER_FULL_REUSE,RR-SMOOTH/1,CROSS_EVENT_MEMORY_ONLY,2,COMPLETE,INCLUDED,0.37729145095198857,0.47450058633408476,0.10985803232560604,0
r8c-3813-15b03a032205182a,3813,E2_ROLLING_INCREMENTAL_AFTER_FULL_REUSE,RR-SMOOTH/1,SHADE_ONLY,2,COMPLETE,INCLUDED,0.37693430086096513,0.4754184518534815,0.10558932038993583,0
r8c-3814-6533570ce70e2217,3814,E2_ROLLING_INCREMENTAL_AFTER_FULL_REUSE,RR-SMOOTH/1,NO_CROSS_EVENT_MEMORY,3,COMPLETE,INCLUDED,0.37457772474881457,0.4757138996679887,0.0966881504042668,0
r8c-3815-1b28d0773ff5717b,3815,E2_ROLLING_INCREMENTAL_AFTER_FULL_REUSE,RR-SMOOTH/1,NO_EXECUTION_FEEDBACK,3,COMPLETE,INCLUDED,0.8908966129458106,0.9426375291880265,0.7510509400160391,0
r8c-3816-a36def9c44f164a6,3816,E2_ROLLING_INCREMENTAL_AFTER_FULL_REUSE,RR-SMOOTH/1,NO_REJECTION_CREDIT,3,COMPLETE,INCLUDED,0.809412475397514,0.8909514441170273,0.5753966544411346,0
r8c-3817-29c21c036dec6d7e,3817,E2_ROLLING_INCREMENTAL_AFTER_FULL_REUSE,RR-SMOOTH/1,NO_MEMORY_RESET_GATE,3,COMPLETE,INCLUDED,0.8883992330748578,0.9295549034391678,0.773421136667855,0
r8c-3818-9d85ce18b7b8b5fe,3818,E2_ROLLING_INCREMENTAL_AFTER_FULL_REUSE,RR-SMOOTH/1,NO_LINEAGE_CREDIT,3,COMPLETE,INCLUDED,0.39362438082647105,0.47521192156256165,0.16176362295401003,0
r8c-3819-603fe64b26478e15,3819,E2_ROLLING_INCREMENTAL_AFTER_FULL_REUSE,RR-SMOOTH/1,CROSS_EVENT_WARM_START_ONLY,3,COMPLETE,INCLUDED,0.891075817429645,0.9368471259905347,0.7673700340397339,0
r8c-3820-08ae82492a397de2,3820,E2_ROLLING_INCREMENTAL_AFTER_FULL_REUSE,RR-SMOOTH/1,CROSS_EVENT_MEMORY_ONLY,3,COMPLETE,INCLUDED,0.38573598164133527,0.47467963085570747,0.1241517594409458,0
r8c-3821-a7e13a59b20c4361,3821,E2_ROLLING_INCREMENTAL_AFTER_FULL_REUSE,RR-SMOOTH/1,SHADE_ONLY,3,COMPLETE,INCLUDED,0.7695641421864379,0.9166083560724394,0.33510026316798036,0
r8c-3822-80e8f41dbe3255d2,3822,E2_ROLLING_INCREMENTAL_AFTER_FULL_REUSE,RR-SMOOTH/1,NO_CROSS_EVENT_MEMORY,4,COMPLETE,INCLUDED,0.7923504641208291,0.9329219370324697,0.3715434698583298,0
r8c-3823-c8c2df74caf799d6,3823,E2_ROLLING_INCREMENTAL_AFTER_FULL_REUSE,RR-SMOOTH/1,NO_EXECUTION_FEEDBACK,4,COMPLETE,INCLUDED,0.3953485695911167,0.47451687428340705,0.16238982698163565,0
r8c-3824-063e14d825859ab0,3824,E2_ROLLING_INCREMENTAL_AFTER_FULL_REUSE,RR-SMOOTH/1,NO_REJECTION_CREDIT,4,COMPLETE,INCLUDED,0.4104555759186189,0.47492673526602047,0.24731947576655633,0
r8c-3825-212fee7665479b8a,3825,E2_ROLLING_INCREMENTAL_AFTER_FULL_REUSE,RR-SMOOTH/1,NO_MEMORY_RESET_GATE,4,COMPLETE,INCLUDED,0.8756127593891797,0.9222899957869943,0.7435928931514763,0
r8c-3826-5d3e761854a616ec,3826,E2_ROLLING_INCREMENTAL_AFTER_FULL_REUSE,RR-SMOOTH/1,NO_LINEAGE_CREDIT,4,COMPLETE,INCLUDED,0.8463528703360004,0.9349290383884652,0.5822239414547912,0
r8c-3827-13a8eb5cb5a21f44,3827,E2_ROLLING_INCREMENTAL_AFTER_FULL_REUSE,RR-SMOOTH/1,CROSS_EVENT_WARM_START_ONLY,4,COMPLETE,INCLUDED,0.4721893315010662,0.5234306085778477,0.30632246622313586,0
r8c-3828-c0e6dce4053ff7e1,3828,E2_ROLLING_INCREMENTAL_AFTER_FULL_REUSE,RR-SMOOTH/1,CROSS_EVENT_MEMORY_ONLY,4,COMPLETE,INCLUDED,0.7380362327449941,0.895757687827718,0.2800659918078807,0
r8c-3829-b87c4c1a18232ea5,3829,E2_ROLLING_INCREMENTAL_AFTER_FULL_REUSE,RR-SMOOTH/1,SHADE_ONLY,4,COMPLETE,INCLUDED,0.7879010785562875,0.9331962641157368,0.358307127116072,0
r8c-3830-537a0fa07f4db9f0,3830,E2_ROLLING_INCREMENTAL_AFTER_FULL_REUSE,RR-SMOOTH/2,NO_CROSS_EVENT_MEMORY,0,COMPLETE,INCLUDED,0.8442324354586865,0.9730010877960398,0.43560916900288293,0
r8c-3831-a026b3726ff79a3b,3831,E2_ROLLING_INCREMENTAL_AFTER_FULL_REUSE,RR-SMOOTH/2,NO_EXECUTION_FEEDBACK,0,COMPLETE,INCLUDED,0.952312511163522,0.9834401502843985,0.8562839815603848,0
r8c-3832-6dc65a01458eabfe,3832,E2_ROLLING_INCREMENTAL_AFTER_FULL_REUSE,RR-SMOOTH/2,NO_REJECTION_CREDIT,0,COMPLETE,INCLUDED,0.9230279445416076,0.9800477119787508,0.7350091842928704,0
r8c-3833-ea4a8f5b86e5de0c,3833,E2_ROLLING_INCREMENTAL_AFTER_FULL_REUSE,RR-SMOOTH/2,NO_MEMORY_RESET_GATE,0,COMPLETE,INCLUDED,0.9523016006150723,0.9833900032646948,0.8563753618631315,0
r8c-3834-0685e90687743960,3834,E2_ROLLING_INCREMENTAL_AFTER_FULL_REUSE,RR-SMOOTH/2,NO_LINEAGE_CREDIT,0,COMPLETE,INCLUDED,0.9054838699430962,0.9777548472317383,0.6768654471574106,0
r8c-3835-9d3ac2a6b33efd1c,3835,E2_ROLLING_INCREMENTAL_AFTER_FULL_REUSE,RR-SMOOTH/2,CROSS_EVENT_WARM_START_ONLY,0,COMPLETE,INCLUDED,0.9544412484692808,0.9849347908785513,0.8585909307227031,0
r8c-3836-92dd6b486d2a9560,3836,E2_ROLLING_INCREMENTAL_AFTER_FULL_REUSE,RR-SMOOTH/2,CROSS_EVENT_MEMORY_ONLY,0,COMPLETE,INCLUDED,0.8492978597834464,0.9762494223533398,0.4362423022678066,0
r8c-3837-6a83a816e513a97c,3837,E2_ROLLING_INCREMENTAL_AFTER_FULL_REUSE,RR-SMOOTH/2,SHADE_ONLY,0,COMPLETE,INCLUDED,0.8497380043792913,0.9752346560550402,0.4596147376018082,0
r8c-3838-3c5e2437b1ab8f12,3838,E2_ROLLING_INCREMENTAL_AFTER_FULL_REUSE,RR-SMOOTH/2,NO_CROSS_EVENT_MEMORY,1,COMPLETE,INCLUDED,0.8414038349176772,0.9721143044752362,0.4283583582185595,0
r8c-3839-bace6dd7802766c2,3839,E2_ROLLING_INCREMENTAL_AFTER_FULL_REUSE,RR-SMOOTH/2,NO_EXECUTION_FEEDBACK,1,COMPLETE,INCLUDED,0.9515806983921639,0.9852344697568161,0.8567983903988303,0
r8c-3840-008382a62af007eb,3840,E2_ROLLING_INCREMENTAL_AFTER_FULL_REUSE,RR-SMOOTH/2,NO_REJECTION_CREDIT,1,COMPLETE,INCLUDED,0.9000424262088014,0.9780986163345528,0.6560524016546448,0
r8c-3841-0101bb031a1ad1dc,3841,E2_ROLLING_INCREMENTAL_AFTER_FULL_REUSE,RR-SMOOTH/2,NO_MEMORY_RESET_GATE,1,COMPLETE,INCLUDED,0.9553381620088752,0.9857694494738704,0.8596440273899502,0
r8c-3842-8ca5851ef3b869fd,3842,E2_ROLLING_INCREMENTAL_AFTER_FULL_REUSE,RR-SMOOTH/2,NO_LINEAGE_CREDIT,1,COMPLETE,INCLUDED,0.9321542082351272,0.9813998862549168,0.7747850345376514,0
r8c-3843-a41f9f1c127d3f4d,3843,E2_ROLLING_INCREMENTAL_AFTER_FULL_REUSE,RR-SMOOTH/2,CROSS_EVENT_WARM_START_ONLY,1,COMPLETE,INCLUDED,0.9538571267280436,0.9833375528894006,0.8569317329894325,0
r8c-3844-2c698b90e0863df5,3844,E2_ROLLING_INCREMENTAL_AFTER_FULL_REUSE,RR-SMOOTH/2,CROSS_EVENT_MEMORY_ONLY,1,COMPLETE,INCLUDED,0.8446393978911069,0.9751398883952588,0.42765425834481535,0
r8c-3845-63a3a5e693d47675,3845,E2_ROLLING_INCREMENTAL_AFTER_FULL_REUSE,RR-SMOOTH/2,SHADE_ONLY,1,COMPLETE,INCLUDED,0.8594861124301062,0.9759495411133932,0.5098598474734175,0
r8c-3846-561c2a0dc869646c,3846,E2_ROLLING_INCREMENTAL_AFTER_FULL_REUSE,RR-SMOOTH/2,NO_CROSS_EVENT_MEMORY,2,COMPLETE,INCLUDED,0.8529523981929719,0.9730055347385861,0.4754763585209555,0
r8c-3847-a7d0774a847d59bc,3847,E2_ROLLING_INCREMENTAL_AFTER_FULL_REUSE,RR-SMOOTH/2,NO_EXECUTION_FEEDBACK,2,COMPLETE,INCLUDED,0.952827443544105,0.9843602793383347,0.8569080215268554,0
r8c-3848-e7826225013a161e,3848,E2_ROLLING_INCREMENTAL_AFTER_FULL_REUSE,RR-SMOOTH/2,NO_REJECTION_CREDIT,2,COMPLETE,INCLUDED,0.9109277814766914,0.9798152561700672,0.7116067010617846,0
r8c-3849-194a829cf27138d5,3849,E2_ROLLING_INCREMENTAL_AFTER_FULL_REUSE,RR-SMOOTH/2,NO_MEMORY_RESET_GATE,2,COMPLETE,INCLUDED,0.9524730512612416,0.983785569204638,0.8555540356159438,0
r8c-3850-efbe8cd69e1179a1,3850,E2_ROLLING_INCREMENTAL_AFTER_FULL_REUSE,RR-SMOOTH/2,NO_LINEAGE_CREDIT,2,COMPLETE,INCLUDED,0.9105232182621957,0.9799276726763833,0.6985001989547919,0
r8c-3851-e55187e827eb9eb7,3851,E2_ROLLING_INCREMENTAL_AFTER_FULL_REUSE,RR-SMOOTH/2,CROSS_EVENT_WARM_START_ONLY,2,COMPLETE,INCLUDED,0.9504949215746308,0.9830256247907958,0.8560695097486231,0
r8c-3852-8d6f389691145cad,3852,E2_ROLLING_INCREMENTAL_AFTER_FULL_REUSE,RR-SMOOTH/2,CROSS_EVENT_MEMORY_ONLY,2,COMPLETE,INCLUDED,0.8607688446178111,0.9758840086683842,0.5005067435214979,0
r8c-3853-874b11f5479f6968,3853,E2_ROLLING_INCREMENTAL_AFTER_FULL_REUSE,RR-SMOOTH/2,SHADE_ONLY,2,COMPLETE,INCLUDED,0.8507615044762312,0.9750503666660428,0.4805452755341644,0
r8c-3854-2412e857c1961ba9,3854,E2_ROLLING_INCREMENTAL_AFTER_FULL_REUSE,RR-SMOOTH/2,NO_CROSS_EVENT_MEMORY,3,COMPLETE,INCLUDED,0.8496168563755371,0.9727320262127204,0.44832185091504434,0
r8c-3855-b4600ea65a21ea70,3855,E2_ROLLING_INCREMENTAL_AFTER_FULL_REUSE,RR-SMOOTH/2,NO_EXECUTION_FEEDBACK,3,COMPLETE,INCLUDED,0.9533415733762837,0.9843110201143672,0.8584590809950341,0
r8c-3856-689e57244c12df8f,3856,E2_ROLLING_INCREMENTAL_AFTER_FULL_REUSE,RR-SMOOTH/2,NO_REJECTION_CREDIT,3,COMPLETE,INCLUDED,0.9007530395820537,0.9783196098609294,0.664562649753596,0
r8c-3857-8d48158122b7d39a,3857,E2_ROLLING_INCREMENTAL_AFTER_FULL_REUSE,RR-SMOOTH/2,NO_MEMORY_RESET_GATE,3,COMPLETE,INCLUDED,0.951350544096622,0.9821692189605239,0.8564961262442807,0
r8c-3858-6e5145cd517d9153,3858,E2_ROLLING_INCREMENTAL_AFTER_FULL_REUSE,RR-SMOOTH/2,NO_LINEAGE_CREDIT,3,COMPLETE,INCLUDED,0.9111023644853979,0.9780079805050551,0.6976069489956801,0
r8c-3859-2a7e318a5987ea89,3859,E2_ROLLING_INCREMENTAL_AFTER_FULL_REUSE,RR-SMOOTH/2,CROSS_EVENT_WARM_START_ONLY,3,COMPLETE,INCLUDED,0.9512660854461779,0.9826415294211308,0.8556540815038437,0
r8c-3860-8ff1c8d099fecf41,3860,E2_ROLLING_INCREMENTAL_AFTER_FULL_REUSE,RR-SMOOTH/2,CROSS_EVENT_MEMORY_ONLY,3,COMPLETE,INCLUDED,0.8572578480774814,0.9745759331929176,0.47679750877119603,0
r8c-3861-43a5440f0cf87a38,3861,E2_ROLLING_INCREMENTAL_AFTER_FULL_REUSE,RR-SMOOTH/2,SHADE_ONLY,3,COMPLETE,INCLUDED,0.8535001945992688,0.9751093068908361,0.4869542929345888,0
r8c-3862-f07d7f933898dc42,3862,E2_ROLLING_INCREMENTAL_AFTER_FULL_REUSE,RR-SMOOTH/2,NO_CROSS_EVENT_MEMORY,4,COMPLETE,INCLUDED,0.8661334644814703,0.9722933020682353,0.5434082385999824,0
r8c-3863-66c78745f1821dd3,3863,E2_ROLLING_INCREMENTAL_AFTER_FULL_REUSE,RR-SMOOTH/2,NO_EXECUTION_FEEDBACK,4,COMPLETE,INCLUDED,0.9511413278343082,0.9839813597407187,0.8576447055188927,0
r8c-3864-23e603ac33e88c43,3864,E2_ROLLING_INCREMENTAL_AFTER_FULL_REUSE,RR-SMOOTH/2,NO_REJECTION_CREDIT,4,COMPLETE,INCLUDED,0.9017220347153438,0.9771668819810871,0.6708340989110378,0
r8c-3865-640b64425d7c4fc3,3865,E2_ROLLING_INCREMENTAL_AFTER_FULL_REUSE,RR-SMOOTH/2,NO_MEMORY_RESET_GATE,4,COMPLETE,INCLUDED,0.9536851487484899,0.9831227132388325,0.8562480717167451,0
r8c-3866-a660e86a8798828e,3866,E2_ROLLING_INCREMENTAL_AFTER_FULL_REUSE,RR-SMOOTH/2,NO_LINEAGE_CREDIT,4,COMPLETE,INCLUDED,0.9220686162789853,0.9803391030947786,0.7560185288624743,0
r8c-3867-66d916ea25f688fe,3867,E2_ROLLING_INCREMENTAL_AFTER_FULL_REUSE,RR-SMOOTH/2,CROSS_EVENT_WARM_START_ONLY,4,COMPLETE,INCLUDED,0.9504034856698876,0.9822117473688623,0.8549878577424824,0
r8c-3868-e338f14a8fc2c86d,3868,E2_ROLLING_INCREMENTAL_AFTER_FULL_REUSE,RR-SMOOTH/2,CROSS_EVENT_MEMORY_ONLY,4,COMPLETE,INCLUDED,0.8506588467501184,0.9737432581339147,0.46360843543318897,0
r8c-3869-72f70e596d0104b9,3869,E2_ROLLING_INCREMENTAL_AFTER_FULL_REUSE,RR-SMOOTH/2,SHADE_ONLY,4,COMPLETE,INCLUDED,0.8408384702814967,0.975049329939489,0.4116060218464035,0
r8c-3870-5c19db67b83eca4c,3870,E2_ROLLING_INCREMENTAL_AFTER_FULL_REUSE,RR-SMOOTH/3,NO_CROSS_EVENT_MEMORY,0,COMPLETE,INCLUDED,0.8456731122400487,0.9551976349493388,0.522167043095707,0
r8c-3871-3ff7a6903dee1162,3871,E2_ROLLING_INCREMENTAL_AFTER_FULL_REUSE,RR-SMOOTH/3,NO_EXECUTION_FEEDBACK,0,COMPLETE,INCLUDED,0.934741763205348,0.9659343883798996,0.8365229801593724,0
r8c-3872-2b01d65effe08064,3872,E2_ROLLING_INCREMENTAL_AFTER_FULL_REUSE,RR-SMOOTH/3,NO_REJECTION_CREDIT,0,COMPLETE,INCLUDED,0.8967767632719458,0.9621271252093493,0.6986196271914006,0
r8c-3873-7e165abe9b472d0a,3873,E2_ROLLING_INCREMENTAL_AFTER_FULL_REUSE,RR-SMOOTH/3,NO_MEMORY_RESET_GATE,0,COMPLETE,INCLUDED,0.9337838179621027,0.9653620199010847,0.8356528713899315,0
r8c-3874-07061c1caef71ae8,3874,E2_ROLLING_INCREMENTAL_AFTER_FULL_REUSE,RR-SMOOTH/3,NO_LINEAGE_CREDIT,0,COMPLETE,INCLUDED,0.892034684409402,0.9592882418500709,0.6828469931361876,0
r8c-3875-405ab0cd3c0f0398,3875,E2_ROLLING_INCREMENTAL_AFTER_FULL_REUSE,RR-SMOOTH/3,CROSS_EVENT_WARM_START_ONLY,0,COMPLETE,INCLUDED,0.929079968068924,0.9616666323100562,0.830687961716602,0
r8c-3876-40b70073b2f1d037,3876,E2_ROLLING_INCREMENTAL_AFTER_FULL_REUSE,RR-SMOOTH/3,CROSS_EVENT_MEMORY_ONLY,0,COMPLETE,INCLUDED,0.8479343050598066,0.9562909381567376,0.5184562313957449,0
r8c-3877-531c3d865bd47586,3877,E2_ROLLING_INCREMENTAL_AFTER_FULL_REUSE,RR-SMOOTH/3,SHADE_ONLY,0,COMPLETE,INCLUDED,0.8378549138114437,0.9556413868444368,0.48689522946835034,0
r8c-3878-897cbfb7a2cd1d83,3878,E2_ROLLING_INCREMENTAL_AFTER_FULL_REUSE,RR-SMOOTH/3,NO_CROSS_EVENT_MEMORY,1,COMPLETE,INCLUDED,0.8455221720065644,0.9550334547766701,0.5012214082446959,0
r8c-3879-208a1383747ba0e8,3879,E2_ROLLING_INCREMENTAL_AFTER_FULL_REUSE,RR-SMOOTH/3,NO_EXECUTION_FEEDBACK,1,COMPLETE,INCLUDED,0.9332973581472161,0.9648661325488757,0.8352651540287759,0
r8c-3880-b045361ebb60eca0,3880,E2_ROLLING_INCREMENTAL_AFTER_FULL_REUSE,RR-SMOOTH/3,NO_REJECTION_CREDIT,1,COMPLETE,INCLUDED,0.8911238258266785,0.9596745310273755,0.6903537276585442,0
r8c-3881-e1bcceb3e776b831,3881,E2_ROLLING_INCREMENTAL_AFTER_FULL_REUSE,RR-SMOOTH/3,NO_MEMORY_RESET_GATE,1,COMPLETE,INCLUDED,0.9340289375913974,0.9648932474692782,0.8341160465628681,0
r8c-3882-17f09828182f7d14,3882,E2_ROLLING_INCREMENTAL_AFTER_FULL_REUSE,RR-SMOOTH/3,NO_LINEAGE_CREDIT,1,COMPLETE,INCLUDED,0.8808475997860212,0.9576556277643788,0.6516911983541278,0
r8c-3883-82251eaeae0bfae3,3883,E2_ROLLING_INCREMENTAL_AFTER_FULL_REUSE,RR-SMOOTH/3,CROSS_EVENT_WARM_START_ONLY,1,COMPLETE,INCLUDED,0.935618105594801,0.9660357690059943,0.8373270634349808,0
r8c-3884-c1f0527f2d82bbd2,3884,E2_ROLLING_INCREMENTAL_AFTER_FULL_REUSE,RR-SMOOTH/3,CROSS_EVENT_MEMORY_ONLY,1,COMPLETE,INCLUDED,0.8483731973604387,0.9541525037806483,0.5372070086948842,0
r8c-3885-99074d2f3b890315,3885,E2_ROLLING_INCREMENTAL_AFTER_FULL_REUSE,RR-SMOOTH/3,SHADE_ONLY,1,COMPLETE,INCLUDED,0.8426173885417635,0.955549172878872,0.509148182855995,0
r8c-3886-e1c93f1a5642008e,3886,E2_ROLLING_INCREMENTAL_AFTER_FULL_REUSE,RR-SMOOTH/3,NO_CROSS_EVENT_MEMORY,2,COMPLETE,INCLUDED,0.8479663664184708,0.9545281603607663,0.5332147275218381,0
r8c-3887-c4b79d636bde7e9c,3887,E2_ROLLING_INCREMENTAL_AFTER_FULL_REUSE,RR-SMOOTH/3,NO_EXECUTION_FEEDBACK,2,COMPLETE,INCLUDED,0.9353519985317165,0.9674618570202019,0.8383655970389468,0
r8c-3888-9c5f0209a2031d9d,3888,E2_ROLLING_INCREMENTAL_AFTER_FULL_REUSE,RR-SMOOTH/3,NO_REJECTION_CREDIT,2,COMPLETE,INCLUDED,0.8959570071338423,0.9578423857305178,0.7031513606676207,0
r8c-3889-21f39185b8cff7c7,3889,E2_ROLLING_INCREMENTAL_AFTER_FULL_REUSE,RR-SMOOTH/3,NO_MEMORY_RESET_GATE,2,COMPLETE,INCLUDED,0.9324866298356044,0.9645397899035608,0.8347320033606747,0
r8c-3890-05f064e704f68936,3890,E2_ROLLING_INCREMENTAL_AFTER_FULL_REUSE,RR-SMOOTH/3,NO_LINEAGE_CREDIT,2,COMPLETE,INCLUDED,0.8958934797320548,0.9599566287112016,0.6961689791952198,0
r8c-3891-0c78259ac10e44ce,3891,E2_ROLLING_INCREMENTAL_AFTER_FULL_REUSE,RR-SMOOTH/3,CROSS_EVENT_WARM_START_ONLY,2,COMPLETE,INCLUDED,0.9343986705813038,0.9652965879927461,0.8354562087397095,0
r8c-3892-23945245c7005b48,3892,E2_ROLLING_INCREMENTAL_AFTER_FULL_REUSE,RR-SMOOTH/3,CROSS_EVENT_MEMORY_ONLY,2,COMPLETE,INCLUDED,0.8521914139262622,0.957270931751623,0.5281563106952903,0
r8c-3893-2f4f1d0beef8562a,3893,E2_ROLLING_INCREMENTAL_AFTER_FULL_REUSE,RR-SMOOTH/3,SHADE_ONLY,2,COMPLETE,INCLUDED,0.8440023285530007,0.9563861663522253,0.5109760838205264,0
r8c-3894-d07a2f8f65495328,3894,E2_ROLLING_INCREMENTAL_AFTER_FULL_REUSE,RR-SMOOTH/3,NO_CROSS_EVENT_MEMORY,3,COMPLETE,INCLUDED,0.8471116739354823,0.9552731214015704,0.5233794854029684,0
r8c-3895-f1326a7a8ee41b8d,3895,E2_ROLLING_INCREMENTAL_AFTER_FULL_REUSE,RR-SMOOTH/3,NO_EXECUTION_FEEDBACK,3,COMPLETE,INCLUDED,0.9338168626383414,0.9664939660156449,0.837265595843806,0
r8c-3896-1b01ca82ef0405de,3896,E2_ROLLING_INCREMENTAL_AFTER_FULL_REUSE,RR-SMOOTH/3,NO_REJECTION_CREDIT,3,COMPLETE,INCLUDED,0.8918064725862666,0.9597056923392566,0.6917494009378103,0
r8c-3897-feba8b2dfba9b7e1,3897,E2_ROLLING_INCREMENTAL_AFTER_FULL_REUSE,RR-SMOOTH/3,NO_MEMORY_RESET_GATE,3,COMPLETE,INCLUDED,0.928828616731656,0.9623937130630974,0.8300566720013997,0
r8c-3898-6ecfe0ded12b9f6d,3898,E2_ROLLING_INCREMENTAL_AFTER_FULL_REUSE,RR-SMOOTH/3,NO_LINEAGE_CREDIT,3,COMPLETE,INCLUDED,0.890217041786433,0.9589039762976768,0.6805594911684693,0
r8c-3899-591a805ba4eb7b2d,3899,E2_ROLLING_INCREMENTAL_AFTER_FULL_REUSE,RR-SMOOTH/3,CROSS_EVENT_WARM_START_ONLY,3,COMPLETE,INCLUDED,0.9303674595613373,0.9640933195000994,0.8320477179456859,0
r8c-3900-7f50a0eee8e6a296,3900,E2_ROLLING_INCREMENTAL_AFTER_FULL_REUSE,RR-SMOOTH/3,CROSS_EVENT_MEMORY_ONLY,3,COMPLETE,INCLUDED,0.8461104302402875,0.9574690822866776,0.5116172887796836,0
r8c-3901-5043194c77b53ab6,3901,E2_ROLLING_INCREMENTAL_AFTER_FULL_REUSE,RR-SMOOTH/3,SHADE_ONLY,3,COMPLETE,INCLUDED,0.8448103959307494,0.9541691698912714,0.5139608242121196,0
r8c-3902-5756dac5b4d5f494,3902,E2_ROLLING_INCREMENTAL_AFTER_FULL_REUSE,RR-SMOOTH/3,NO_CROSS_EVENT_MEMORY,4,COMPLETE,INCLUDED,0.8522352702575772,0.9547305515971803,0.534442428693602,0
r8c-3903-5270190babe5285f,3903,E2_ROLLING_INCREMENTAL_AFTER_FULL_REUSE,RR-SMOOTH/3,NO_EXECUTION_FEEDBACK,4,COMPLETE,INCLUDED,0.9367062342337092,0.9668692401033454,0.8372934788586004,0
r8c-3904-13fbc319498b3ecb,3904,E2_ROLLING_INCREMENTAL_AFTER_FULL_REUSE,RR-SMOOTH/3,NO_REJECTION_CREDIT,4,COMPLETE,INCLUDED,0.8951441963558592,0.9603959169525933,0.6967718137431883,0
r8c-3905-72e2333d570f8d40,3905,E2_ROLLING_INCREMENTAL_AFTER_FULL_REUSE,RR-SMOOTH/3,NO_MEMORY_RESET_GATE,4,COMPLETE,INCLUDED,0.9330070231475002,0.9641846795994942,0.8309257917809242,0
r8c-3906-a92ce61b1a28b5c3,3906,E2_ROLLING_INCREMENTAL_AFTER_FULL_REUSE,RR-SMOOTH/3,NO_LINEAGE_CREDIT,4,COMPLETE,INCLUDED,0.8872453651970187,0.9602955443312815,0.6639969741218601,0
r8c-3907-a432776a680ca244,3907,E2_ROLLING_INCREMENTAL_AFTER_FULL_REUSE,RR-SMOOTH/3,CROSS_EVENT_WARM_START_ONLY,4,COMPLETE,INCLUDED,0.9359383861808646,0.9661479065743033,0.8369339666891851,0
r8c-3908-5e3cdad65d9a8b48,3908,E2_ROLLING_INCREMENTAL_AFTER_FULL_REUSE,RR-SMOOTH/3,CROSS_EVENT_MEMORY_ONLY,4,COMPLETE,INCLUDED,0.8447711136504592,0.9526425271180129,0.5126025482724199,0
r8c-3909-64ac10acb5151715,3909,E2_ROLLING_INCREMENTAL_AFTER_FULL_REUSE,RR-SMOOTH/3,SHADE_ONLY,4,COMPLETE,INCLUDED,0.8421777699618567,0.9539785816203354,0.5089282758454702,0
r8c-3910-b8e276d85652fc81,3910,E2_ROLLING_INCREMENTAL_AFTER_FULL_REUSE,RR-SMOOTH/4,NO_CROSS_EVENT_MEMORY,0,COMPLETE,INCLUDED,0.609579512326403,0.6999424970959007,0.35722968581893133,0
r8c-3911-96610b50496c872e,3911,E2_ROLLING_INCREMENTAL_AFTER_FULL_REUSE,RR-SMOOTH/4,NO_EXECUTION_FEEDBACK,0,COMPLETE,INCLUDED,0.6563611452342921,0.6990458691017845,0.5442529997720443,0
r8c-3912-346828c51dd93205,3912,E2_ROLLING_INCREMENTAL_AFTER_FULL_REUSE,RR-SMOOTH/4,NO_REJECTION_CREDIT,0,COMPLETE,INCLUDED,0.5717929090206526,0.6067921556328423,0.4861277210867499,0
r8c-3913-8c97f0c95fce9a21,3913,E2_ROLLING_INCREMENTAL_AFTER_FULL_REUSE,RR-SMOOTH/4,NO_MEMORY_RESET_GATE,0,COMPLETE,INCLUDED,0.5755238365265797,0.6049717464507947,0.5050465845731262,0
r8c-3914-1179f1792a5a8137,3914,E2_ROLLING_INCREMENTAL_AFTER_FULL_REUSE,RR-SMOOTH/4,NO_LINEAGE_CREDIT,0,COMPLETE,INCLUDED,0.6268537743687256,0.7034790296815834,0.4191752726000532,0
r8c-3915-849d0dde8082ef27,3915,E2_ROLLING_INCREMENTAL_AFTER_FULL_REUSE,RR-SMOOTH/4,CROSS_EVENT_WARM_START_ONLY,0,COMPLETE,INCLUDED,0.5771662938167411,0.6061608102274223,0.5082163799294726,0
r8c-3916-284be046177db24b,3916,E2_ROLLING_INCREMENTAL_AFTER_FULL_REUSE,RR-SMOOTH/4,CROSS_EVENT_MEMORY_ONLY,0,COMPLETE,INCLUDED,0.3984612085431645,0.4839818452439533,0.16972706412244404,0
r8c-3917-977a01be3b222032,3917,E2_ROLLING_INCREMENTAL_AFTER_FULL_REUSE,RR-SMOOTH/4,SHADE_ONLY,0,COMPLETE,INCLUDED,0.5498523594982955,0.640877142707515,0.32320174815391306,0
r8c-3918-6c62dc8a03967df3,3918,E2_ROLLING_INCREMENTAL_AFTER_FULL_REUSE,RR-SMOOTH/4,NO_CROSS_EVENT_MEMORY,1,COMPLETE,INCLUDED,0.6134567560373423,0.7024237732182413,0.37585953203818706,0
r8c-3919-91a0c051bc55d87a,3919,E2_ROLLING_INCREMENTAL_AFTER_FULL_REUSE,RR-SMOOTH/4,NO_EXECUTION_FEEDBACK,1,COMPLETE,INCLUDED,0.5811308296166182,0.6410698952997566,0.4219081342841203,0
r8c-3920-36809614e538e4da,3920,E2_ROLLING_INCREMENTAL_AFTER_FULL_REUSE,RR-SMOOTH/4,NO_REJECTION_CREDIT,1,COMPLETE,INCLUDED,0.5882273862428729,0.6364651175059348,0.4606616473190268,0
r8c-3921-24b4d3fbe765f2c0,3921,E2_ROLLING_INCREMENTAL_AFTER_FULL_REUSE,RR-SMOOTH/4,NO_MEMORY_RESET_GATE,1,COMPLETE,INCLUDED,0.5739443965919877,0.6056413539825324,0.4933010850217507,0
r8c-3922-15d430073bbc5478,3922,E2_ROLLING_INCREMENTAL_AFTER_FULL_REUSE,RR-SMOOTH/4,NO_LINEAGE_CREDIT,1,COMPLETE,INCLUDED,0.5616200035165936,0.6397711458345732,0.3568286882600809,0
r8c-3923-abc37bc4c4a10311,3923,E2_ROLLING_INCREMENTAL_AFTER_FULL_REUSE,RR-SMOOTH/4,CROSS_EVENT_WARM_START_ONLY,1,COMPLETE,INCLUDED,0.5771784876891052,0.60694929476839,0.5033861561222108,0
r8c-3924-81fd2c609582393c,3924,E2_ROLLING_INCREMENTAL_AFTER_FULL_REUSE,RR-SMOOTH/4,CROSS_EVENT_MEMORY_ONLY,1,COMPLETE,INCLUDED,0.6086057280462704,0.7064150649699109,0.33460403394688415,0
r8c-3925-cf7eb1e139cdafc0,3925,E2_ROLLING_INCREMENTAL_AFTER_FULL_REUSE,RR-SMOOTH/4,SHADE_ONLY,1,COMPLETE,INCLUDED,0.513455758655563,0.5998847969325359,0.27723963115113326,0
r8c-3926-0e136d2da7bc38f1,3926,E2_ROLLING_INCREMENTAL_AFTER_FULL_REUSE,RR-SMOOTH/4,NO_CROSS_EVENT_MEMORY,2,COMPLETE,INCLUDED,0.5604713730981302,0.6446815708120038,0.3373167869742321,0
r8c-3927-8e3575867607147a,3927,E2_ROLLING_INCREMENTAL_AFTER_FULL_REUSE,RR-SMOOTH/4,NO_EXECUTION_FEEDBACK,2,COMPLETE,INCLUDED,0.5074224787263807,0.5542502099751752,0.3872565373701376,0
r8c-3928-02ccc24d25a9428e,3928,E2_ROLLING_INCREMENTAL_AFTER_FULL_REUSE,RR-SMOOTH/4,NO_REJECTION_CREDIT,2,COMPLETE,INCLUDED,0.5826756555987223,0.6435066977838568,0.4207216087960706,0
r8c-3929-86562583304f4037,3929,E2_ROLLING_INCREMENTAL_AFTER_FULL_REUSE,RR-SMOOTH/4,NO_MEMORY_RESET_GATE,2,COMPLETE,INCLUDED,0.5764884030495923,0.6076553756732159,0.4971662267314425,0
r8c-3930-26fbae992382bd36,3930,E2_ROLLING_INCREMENTAL_AFTER_FULL_REUSE,RR-SMOOTH/4,NO_LINEAGE_CREDIT,2,COMPLETE,INCLUDED,0.547302379437418,0.6070863136091807,0.38177042637363195,0
r8c-3931-69752f034e217c94,3931,E2_ROLLING_INCREMENTAL_AFTER_FULL_REUSE,RR-SMOOTH/4,CROSS_EVENT_WARM_START_ONLY,2,COMPLETE,INCLUDED,0.5713787247297729,0.6016617458072597,0.49753701606715284,0
r8c-3932-f4951882af116c22,3932,E2_ROLLING_INCREMENTAL_AFTER_FULL_REUSE,RR-SMOOTH/4,CROSS_EVENT_MEMORY_ONLY,2,COMPLETE,INCLUDED,0.6082396287993498,0.7016464744781102,0.3462458482593937,0
r8c-3933-53d9b03e7b84650a,3933,E2_ROLLING_INCREMENTAL_AFTER_FULL_REUSE,RR-SMOOTH/4,SHADE_ONLY,2,COMPLETE,INCLUDED,0.5489647887846616,0.6386756928074248,0.31166463969228847,0
r8c-3934-d239159571563b83,3934,E2_ROLLING_INCREMENTAL_AFTER_FULL_REUSE,RR-SMOOTH/4,NO_CROSS_EVENT_MEMORY,3,COMPLETE,INCLUDED,0.6085451049542752,0.7018709387940266,0.3449399493941671,0
r8c-3935-1152fccd028e4b58,3935,E2_ROLLING_INCREMENTAL_AFTER_FULL_REUSE,RR-SMOOTH/4,NO_EXECUTION_FEEDBACK,3,COMPLETE,INCLUDED,0.5932506902039929,0.6445602303637284,0.4557210288491365,0
r8c-3936-7fa09223af3f3f0c,3936,E2_ROLLING_INCREMENTAL_AFTER_FULL_REUSE,RR-SMOOTH/4,NO_REJECTION_CREDIT,3,COMPLETE,INCLUDED,0.5519022158180935,0.6040121683544724,0.41008320572407364,0
r8c-3937-826a8e1ec286f4d8,3937,E2_ROLLING_INCREMENTAL_AFTER_FULL_REUSE,RR-SMOOTH/4,NO_MEMORY_RESET_GATE,3,COMPLETE,INCLUDED,0.4347056324293832,0.484270581462554,0.3384941475137088,0
r8c-3938-c2f50d3eecd0e381,3938,E2_ROLLING_INCREMENTAL_AFTER_FULL_REUSE,RR-SMOOTH/4,NO_LINEAGE_CREDIT,3,COMPLETE,INCLUDED,0.5364464829209366,0.62570806013547,0.3189344899582736,0
r8c-3939-0055736fc0caaee0,3939,E2_ROLLING_INCREMENTAL_AFTER_FULL_REUSE,RR-SMOOTH/4,CROSS_EVENT_WARM_START_ONLY,3,COMPLETE,INCLUDED,0.5987923424397483,0.6412925361254973,0.48910913400578176,0
r8c-3940-468e33e506ae2d34,3940,E2_ROLLING_INCREMENTAL_AFTER_FULL_REUSE,RR-SMOOTH/4,CROSS_EVENT_MEMORY_ONLY,3,COMPLETE,INCLUDED,0.5189207576247861,0.6046359726049042,0.27435777299803626,0
r8c-3941-05eca436f32f163a,3941,E2_ROLLING_INCREMENTAL_AFTER_FULL_REUSE,RR-SMOOTH/4,SHADE_ONLY,3,COMPLETE,INCLUDED,0.5400360436300934,0.6373019560947624,0.2881598314793131,0
r8c-3942-3b4e54b9373318bf,3942,E2_ROLLING_INCREMENTAL_AFTER_FULL_REUSE,RR-SMOOTH/4,NO_CROSS_EVENT_MEMORY,4,COMPLETE,INCLUDED,0.5923082237139911,0.6865311472781452,0.3416813251309456,0
r8c-3943-97e4b6f7bef16fe4,3943,E2_ROLLING_INCREMENTAL_AFTER_FULL_REUSE,RR-SMOOTH/4,NO_EXECUTION_FEEDBACK,4,COMPLETE,INCLUDED,0.5798043370421636,0.6391495673462788,0.41392340145294026,0
r8c-3944-6f54db2457c9cc4a,3944,E2_ROLLING_INCREMENTAL_AFTER_FULL_REUSE,RR-SMOOTH/4,NO_REJECTION_CREDIT,4,COMPLETE,INCLUDED,0.5691013977851276,0.6062153512433583,0.47489913964910974,0
r8c-3945-01927bdc33bd0a45,3945,E2_ROLLING_INCREMENTAL_AFTER_FULL_REUSE,RR-SMOOTH/4,NO_MEMORY_RESET_GATE,4,COMPLETE,INCLUDED,0.5678222253882379,0.5990944270439208,0.4934623826173853,0
r8c-3946-cdc272a3304f0917,3946,E2_ROLLING_INCREMENTAL_AFTER_FULL_REUSE,RR-SMOOTH/4,NO_LINEAGE_CREDIT,4,COMPLETE,INCLUDED,0.49615321021223524,0.5571501211979262,0.33083957573972905,0
r8c-3947-67a899b992caf808,3947,E2_ROLLING_INCREMENTAL_AFTER_FULL_REUSE,RR-SMOOTH/4,CROSS_EVENT_WARM_START_ONLY,4,COMPLETE,INCLUDED,0.5804958088664517,0.6072016872098234,0.5184228186578097,0
r8c-3948-1b8998246db11563,3948,E2_ROLLING_INCREMENTAL_AFTER_FULL_REUSE,RR-SMOOTH/4,CROSS_EVENT_MEMORY_ONLY,4,COMPLETE,INCLUDED,0.5219967287649727,0.6031937552734303,0.2976255328738816,0
r8c-3949-1615e33b701db2e5,3949,E2_ROLLING_INCREMENTAL_AFTER_FULL_REUSE,RR-SMOOTH/4,SHADE_ONLY,4,COMPLETE,INCLUDED,0.3317646820783558,0.4023573359603546,0.16622473082380107,0
r8c-3950-1de933142434e196,3950,E2_ROLLING_INCREMENTAL_AFTER_FULL_REUSE,RR-SMOOTH/5,NO_CROSS_EVENT_MEMORY,0,COMPLETE,INCLUDED,0.8472862297491464,0.9672704360363525,0.5045005163982889,0
r8c-3951-6f16098db1b38695,3951,E2_ROLLING_INCREMENTAL_AFTER_FULL_REUSE,RR-SMOOTH/5,NO_EXECUTION_FEEDBACK,0,COMPLETE,INCLUDED,0.9247291456981594,0.9698489969384732,0.804674743159529,0
r8c-3952-fc083997349b6131,3952,E2_ROLLING_INCREMENTAL_AFTER_FULL_REUSE,RR-SMOOTH/5,NO_REJECTION_CREDIT,0,COMPLETE,INCLUDED,0.8902321602419756,0.9683338080273243,0.6579377080185553,0
r8c-3953-e719e7e4365db4fc,3953,E2_ROLLING_INCREMENTAL_AFTER_FULL_REUSE,RR-SMOOTH/5,NO_MEMORY_RESET_GATE,0,COMPLETE,INCLUDED,0.9394163851392424,0.9738036147528388,0.835332518132614,0
r8c-3954-872a46fe50f4a79d,3954,E2_ROLLING_INCREMENTAL_AFTER_FULL_REUSE,RR-SMOOTH/5,NO_LINEAGE_CREDIT,0,COMPLETE,INCLUDED,0.8800836020087214,0.9698715567120384,0.6140742312705261,0
r8c-3955-dea5960e6dd6e894,3955,E2_ROLLING_INCREMENTAL_AFTER_FULL_REUSE,RR-SMOOTH/5,CROSS_EVENT_WARM_START_ONLY,0,COMPLETE,INCLUDED,0.9341339252404633,0.9716344136402333,0.8322034942956164,0
r8c-3956-d33458c70ce2de45,3956,E2_ROLLING_INCREMENTAL_AFTER_FULL_REUSE,RR-SMOOTH/5,CROSS_EVENT_MEMORY_ONLY,0,COMPLETE,INCLUDED,0.8569669185942408,0.9719496803501502,0.4907367023626324,0
r8c-3957-8a67c8b6609cd36d,3957,E2_ROLLING_INCREMENTAL_AFTER_FULL_REUSE,RR-SMOOTH/5,SHADE_ONLY,0,COMPLETE,INCLUDED,0.8418173350492019,0.9684531839325446,0.4671188228827257,0
r8c-3958-3d7dba1161fb2e96,3958,E2_ROLLING_INCREMENTAL_AFTER_FULL_REUSE,RR-SMOOTH/5,NO_CROSS_EVENT_MEMORY,1,COMPLETE,INCLUDED,0.8410353344140346,0.964429764506231,0.4777857314992584,0
r8c-3959-273d7db384d3377e,3959,E2_ROLLING_INCREMENTAL_AFTER_FULL_REUSE,RR-SMOOTH/5,NO_EXECUTION_FEEDBACK,1,COMPLETE,INCLUDED,0.9434758304561692,0.9768003230794984,0.8438386267858298,0
r8c-3960-cebbfc4b03789edb,3960,E2_ROLLING_INCREMENTAL_AFTER_FULL_REUSE,RR-SMOOTH/5,NO_REJECTION_CREDIT,1,COMPLETE,INCLUDED,0.8967313784055776,0.9670274546191854,0.6941036508868303,0
r8c-3961-eac646de8c5f2236,3961,E2_ROLLING_INCREMENTAL_AFTER_FULL_REUSE,RR-SMOOTH/5,NO_MEMORY_RESET_GATE,1,COMPLETE,INCLUDED,0.9406710665561689,0.9748635785392731,0.8361689501536749,0
r8c-3962-8b595eec049495c6,3962,E2_ROLLING_INCREMENTAL_AFTER_FULL_REUSE,RR-SMOOTH/5,NO_LINEAGE_CREDIT,1,COMPLETE,INCLUDED,0.8885569703458153,0.9704478330790158,0.6443463244856444,0
r8c-3963-97966cbdc7cda47f,3963,E2_ROLLING_INCREMENTAL_AFTER_FULL_REUSE,RR-SMOOTH/5,CROSS_EVENT_WARM_START_ONLY,1,COMPLETE,INCLUDED,0.9455385571341962,0.9788815826743485,0.8445078033310583,0
r8c-3964-6829c536c40e8690,3964,E2_ROLLING_INCREMENTAL_AFTER_FULL_REUSE,RR-SMOOTH/5,CROSS_EVENT_MEMORY_ONLY,1,COMPLETE,INCLUDED,0.8427298811018519,0.9676329926358515,0.45508263599178933,0
r8c-3965-0adc7ee9c66c9ac8,3965,E2_ROLLING_INCREMENTAL_AFTER_FULL_REUSE,RR-SMOOTH/5,SHADE_ONLY,1,COMPLETE,INCLUDED,0.8529241102515506,0.972740819511212,0.48448093809897097,0
r8c-3966-cb709a4ef897e429,3966,E2_ROLLING_INCREMENTAL_AFTER_FULL_REUSE,RR-SMOOTH/5,NO_CROSS_EVENT_MEMORY,2,COMPLETE,INCLUDED,0.8583632278067721,0.9712837935448055,0.5244361145571337,0
r8c-3967-cc921ab393c815fd,3967,E2_ROLLING_INCREMENTAL_AFTER_FULL_REUSE,RR-SMOOTH/5,NO_EXECUTION_FEEDBACK,2,COMPLETE,INCLUDED,0.944765089180166,0.9762978797855363,0.8429546760302263,0
r8c-3968-557ebb649e6ae9a1,3968,E2_ROLLING_INCREMENTAL_AFTER_FULL_REUSE,RR-SMOOTH/5,NO_REJECTION_CREDIT,2,COMPLETE,INCLUDED,0.8927260923395121,0.972899086974353,0.6544394040793016,0
r8c-3969-d657c0b89118d558,3969,E2_ROLLING_INCREMENTAL_AFTER_FULL_REUSE,RR-SMOOTH/5,NO_MEMORY_RESET_GATE,2,COMPLETE,INCLUDED,0.9244453595453628,0.9661083925597941,0.8018175344773772,0
r8c-3970-9acaa7b25de88740,3970,E2_ROLLING_INCREMENTAL_AFTER_FULL_REUSE,RR-SMOOTH/5,NO_LINEAGE_CREDIT,2,COMPLETE,INCLUDED,0.8898592416531328,0.9688773392562794,0.6571053523936875,0
r8c-3971-8820549b9dfd9fca,3971,E2_ROLLING_INCREMENTAL_AFTER_FULL_REUSE,RR-SMOOTH/5,CROSS_EVENT_WARM_START_ONLY,2,COMPLETE,INCLUDED,0.9380178589341401,0.9725828070777827,0.835831026129916,0
r8c-3972-f9cbcfdbb17bd4b1,3972,E2_ROLLING_INCREMENTAL_AFTER_FULL_REUSE,RR-SMOOTH/5,CROSS_EVENT_MEMORY_ONLY,2,COMPLETE,INCLUDED,0.8484828466785352,0.9669504444821119,0.48187958579604,0
r8c-3973-6dc8f2c28418884d,3973,E2_ROLLING_INCREMENTAL_AFTER_FULL_REUSE,RR-SMOOTH/5,SHADE_ONLY,2,COMPLETE,INCLUDED,0.8313937269796625,0.9581731955549438,0.4570652125595968,0
r8c-3974-7e40672ec7b80f50,3974,E2_ROLLING_INCREMENTAL_AFTER_FULL_REUSE,RR-SMOOTH/5,NO_CROSS_EVENT_MEMORY,3,COMPLETE,INCLUDED,0.8420232766081626,0.9691201067787872,0.47101711238645316,0
r8c-3975-55abedcc0e530166,3975,E2_ROLLING_INCREMENTAL_AFTER_FULL_REUSE,RR-SMOOTH/5,NO_EXECUTION_FEEDBACK,3,COMPLETE,INCLUDED,0.9417897417383718,0.9751159891640443,0.8411956181109195,0
r8c-3976-caa0d3be8165a7db,3976,E2_ROLLING_INCREMENTAL_AFTER_FULL_REUSE,RR-SMOOTH/5,NO_REJECTION_CREDIT,3,COMPLETE,INCLUDED,0.9037006595269886,0.9663239641440757,0.7330918827722429,0
r8c-3977-048117b4e39187af,3977,E2_ROLLING_INCREMENTAL_AFTER_FULL_REUSE,RR-SMOOTH/5,NO_MEMORY_RESET_GATE,3,COMPLETE,INCLUDED,0.9473871538743733,0.9808634138876962,0.8474769148243093,0
r8c-3978-30ca4f3721f54356,3978,E2_ROLLING_INCREMENTAL_AFTER_FULL_REUSE,RR-SMOOTH/5,NO_LINEAGE_CREDIT,3,COMPLETE,INCLUDED,0.9028000635035124,0.9744045615158983,0.6871302736048497,0
r8c-3979-ed5b1d9f638e2a88,3979,E2_ROLLING_INCREMENTAL_AFTER_FULL_REUSE,RR-SMOOTH/5,CROSS_EVENT_WARM_START_ONLY,3,COMPLETE,INCLUDED,0.9441078521575699,0.9782596709445397,0.8418976304354007,0
r8c-3980-eb427bb122cd42c6,3980,E2_ROLLING_INCREMENTAL_AFTER_FULL_REUSE,RR-SMOOTH/5,CROSS_EVENT_MEMORY_ONLY,3,COMPLETE,INCLUDED,0.8429599653528698,0.9678479671030944,0.4750355440504782,0
r8c-3981-0c16641f70934f2c,3981,E2_ROLLING_INCREMENTAL_AFTER_FULL_REUSE,RR-SMOOTH/5,SHADE_ONLY,3,COMPLETE,INCLUDED,0.8510107318502526,0.9705787968239878,0.5089929530123793,0
r8c-3982-9d14528d544e303a,3982,E2_ROLLING_INCREMENTAL_AFTER_FULL_REUSE,RR-SMOOTH/5,NO_CROSS_EVENT_MEMORY,4,COMPLETE,INCLUDED,0.8501915358738671,0.968847804601525,0.5015204661583911,0
r8c-3983-6bcafa94710a08a0,3983,E2_ROLLING_INCREMENTAL_AFTER_FULL_REUSE,RR-SMOOTH/5,NO_EXECUTION_FEEDBACK,4,COMPLETE,INCLUDED,0.9449221638925194,0.9773093938694112,0.8420038643572622,0
r8c-3984-7982e56a5a90aa54,3984,E2_ROLLING_INCREMENTAL_AFTER_FULL_REUSE,RR-SMOOTH/5,NO_REJECTION_CREDIT,4,COMPLETE,INCLUDED,0.894933383082104,0.9715858602041356,0.6748419311150903,0
r8c-3985-267f40a3cc77ad3e,3985,E2_ROLLING_INCREMENTAL_AFTER_FULL_REUSE,RR-SMOOTH/5,NO_MEMORY_RESET_GATE,4,COMPLETE,INCLUDED,0.945736483529054,0.9783325961036166,0.846052930713179,0
r8c-3986-8b970f1918bfa441,3986,E2_ROLLING_INCREMENTAL_AFTER_FULL_REUSE,RR-SMOOTH/5,NO_LINEAGE_CREDIT,4,COMPLETE,INCLUDED,0.9008528872592356,0.9707548144844041,0.6841309307658217,0
r8c-3987-c2531ac7bc4bcc94,3987,E2_ROLLING_INCREMENTAL_AFTER_FULL_REUSE,RR-SMOOTH/5,CROSS_EVENT_WARM_START_ONLY,4,COMPLETE,INCLUDED,0.946997776527802,0.9792920889304847,0.8480819380158632,0
r8c-3988-70709a1638673a30,3988,E2_ROLLING_INCREMENTAL_AFTER_FULL_REUSE,RR-SMOOTH/5,CROSS_EVENT_MEMORY_ONLY,4,COMPLETE,INCLUDED,0.8601991036727628,0.9693308899821427,0.5308292109060637,0
r8c-3989-3cd63be17f1a77a3,3989,E2_ROLLING_INCREMENTAL_AFTER_FULL_REUSE,RR-SMOOTH/5,SHADE_ONLY,4,COMPLETE,INCLUDED,0.840205600682574,0.9671166460038882,0.4655694917500205,0
r8c-3990-e42046410aa6d590,3990,E2_ROLLING_INCREMENTAL_AFTER_FULL_REUSE,RR-SMOOTH/6,NO_CROSS_EVENT_MEMORY,0,COMPLETE,INCLUDED,0.3777652116243303,0.49499411114990205,0.09683853632393558,0
r8c-3991-086e6015adb2335d,3991,E2_ROLLING_INCREMENTAL_AFTER_FULL_REUSE,RR-SMOOTH/6,NO_EXECUTION_FEEDBACK,0,COMPLETE,INCLUDED,0.8498220936726435,0.9349641503027476,0.6169685055836179,0
r8c-3992-1f2d177808fceb92,3992,E2_ROLLING_INCREMENTAL_AFTER_FULL_REUSE,RR-SMOOTH/6,NO_REJECTION_CREDIT,0,COMPLETE,INCLUDED,0.8419022737054709,0.9568492652899323,0.5181807469490398,0
r8c-3993-a620b7450f51af8c,3993,E2_ROLLING_INCREMENTAL_AFTER_FULL_REUSE,RR-SMOOTH/6,NO_MEMORY_RESET_GATE,0,COMPLETE,INCLUDED,0.6653638929070115,0.7677241868373984,0.40266333032052287,0
r8c-3994-b522c5907feb420e,3994,E2_ROLLING_INCREMENTAL_AFTER_FULL_REUSE,RR-SMOOTH/6,NO_LINEAGE_CREDIT,0,COMPLETE,INCLUDED,0.3503332512855104,0.49188427860331096,0.10741893819788588,0
r8c-3995-391131f49eda4724,3995,E2_ROLLING_INCREMENTAL_AFTER_FULL_REUSE,RR-SMOOTH/6,CROSS_EVENT_WARM_START_ONLY,0,COMPLETE,INCLUDED,0.4013231340586734,0.4995912569460324,0.1480638522617736,0
r8c-3996-1f7ff761b375d48b,3996,E2_ROLLING_INCREMENTAL_AFTER_FULL_REUSE,RR-SMOOTH/6,CROSS_EVENT_MEMORY_ONLY,0,COMPLETE,INCLUDED,0.3522003116597663,0.4966876029816386,0.0206994393635849,0
r8c-3997-295fd891eb0238f3,3997,E2_ROLLING_INCREMENTAL_AFTER_FULL_REUSE,RR-SMOOTH/6,SHADE_ONLY,0,COMPLETE,INCLUDED,0.7688036615155702,0.9593495450941413,0.2181180998363858,0
r8c-3998-6795a56975a4452c,3998,E2_ROLLING_INCREMENTAL_AFTER_FULL_REUSE,RR-SMOOTH/6,NO_CROSS_EVENT_MEMORY,1,COMPLETE,INCLUDED,0.38381345354834145,0.5171004744936573,0.051222907792027136,0
r8c-3999-231e3e107db31dfe,3999,E2_ROLLING_INCREMENTAL_AFTER_FULL_REUSE,RR-SMOOTH/6,NO_EXECUTION_FEEDBACK,1,COMPLETE,INCLUDED,0.7887544057232125,0.8909166233716297,0.5288628399589211,0
r8c-4000-6db856cc1b2c44f7,4000,E2_ROLLING_INCREMENTAL_AFTER_FULL_REUSE,RR-SMOOTH/6,NO_REJECTION_CREDIT,1,COMPLETE,INCLUDED,0.8303673905031775,0.9332314082225326,0.531155441973211,0
r8c-4001-ac6af46f168b3986,4001,E2_ROLLING_INCREMENTAL_AFTER_FULL_REUSE,RR-SMOOTH/6,NO_MEMORY_RESET_GATE,1,COMPLETE,INCLUDED,0.8980970334431996,0.948138946771633,0.7557157502193917,0
r8c-4002-9783427b27cbda7a,4002,E2_ROLLING_INCREMENTAL_AFTER_FULL_REUSE,RR-SMOOTH/6,NO_LINEAGE_CREDIT,1,COMPLETE,INCLUDED,0.7995085816881025,0.9332302242768412,0.4193238360957061,0
r8c-4003-5f043870b0980c2d,4003,E2_ROLLING_INCREMENTAL_AFTER_FULL_REUSE,RR-SMOOTH/6,CROSS_EVENT_WARM_START_ONLY,1,COMPLETE,INCLUDED,0.882414666277285,0.9362909199041363,0.7317250387137305,0
r8c-4004-42866a87d89449be,4004,E2_ROLLING_INCREMENTAL_AFTER_FULL_REUSE,RR-SMOOTH/6,CROSS_EVENT_MEMORY_ONLY,1,COMPLETE,INCLUDED,0.7819949248554086,0.9525043103947874,0.2670080681346021,0
r8c-4005-7c848c0594c4ee83,4005,E2_ROLLING_INCREMENTAL_AFTER_FULL_REUSE,RR-SMOOTH/6,SHADE_ONLY,1,COMPLETE,INCLUDED,0.7755931763196251,0.9529805417942129,0.27199349078033075,0
r8c-4006-283d2877e57ebb29,4006,E2_ROLLING_INCREMENTAL_AFTER_FULL_REUSE,RR-SMOOTH/6,NO_CROSS_EVENT_MEMORY,2,COMPLETE,INCLUDED,0.35036141480204624,0.4981505552461284,0.04085134530022715,0
r8c-4007-8f7c71b40a91f976,4007,E2_ROLLING_INCREMENTAL_AFTER_FULL_REUSE,RR-SMOOTH/6,NO_EXECUTION_FEEDBACK,2,COMPLETE,INCLUDED,0.2960092917388513,0.4072180971142969,0.06146526011806208,0
r8c-4008-84945eeda1d15e74,4008,E2_ROLLING_INCREMENTAL_AFTER_FULL_REUSE,RR-SMOOTH/6,NO_REJECTION_CREDIT,2,COMPLETE,INCLUDED,0.3526430175537024,0.45827275650081845,0.1514143128920769,0
r8c-4009-ffb5997568890787,4009,E2_ROLLING_INCREMENTAL_AFTER_FULL_REUSE,RR-SMOOTH/6,NO_MEMORY_RESET_GATE,2,COMPLETE,INCLUDED,0.8143446290060673,0.8903740919161333,0.5897985293389284,0
r8c-4010-86f8e9557ade192d,4010,E2_ROLLING_INCREMENTAL_AFTER_FULL_REUSE,RR-SMOOTH/6,NO_LINEAGE_CREDIT,2,COMPLETE,INCLUDED,0.8482263344834082,0.962299350907071,0.5113636011044264,0
r8c-4011-6432369480e6c53d,4011,E2_ROLLING_INCREMENTAL_AFTER_FULL_REUSE,RR-SMOOTH/6,CROSS_EVENT_WARM_START_ONLY,2,COMPLETE,INCLUDED,0.800902435801216,0.8831915646809074,0.5557524016865855,0
r8c-4012-8fd26ce096336acd,4012,E2_ROLLING_INCREMENTAL_AFTER_FULL_REUSE,RR-SMOOTH/6,CROSS_EVENT_MEMORY_ONLY,2,COMPLETE,INCLUDED,0.358604435513696,0.5204295181654457,0.03430300422545276,0
r8c-4013-9c14c8998c8d62dc,4013,E2_ROLLING_INCREMENTAL_AFTER_FULL_REUSE,RR-SMOOTH/6,SHADE_ONLY,2,COMPLETE,INCLUDED,0.7863843975426243,0.9576752855072084,0.2993843023031667,0
r8c-4014-d037d12d4fc38802,4014,E2_ROLLING_INCREMENTAL_AFTER_FULL_REUSE,RR-SMOOTH/6,NO_CROSS_EVENT_MEMORY,3,COMPLETE,INCLUDED,0.33294518481697494,0.46378695510463547,0.025710584339123526,0
r8c-4015-419c9d1616bb5f4c,4015,E2_ROLLING_INCREMENTAL_AFTER_FULL_REUSE,RR-SMOOTH/6,NO_EXECUTION_FEEDBACK,3,COMPLETE,INCLUDED,0.3738892279502116,0.5035944034144124,0.142166362235543,0
r8c-4016-3f6a34ccd542c256,4016,E2_ROLLING_INCREMENTAL_AFTER_FULL_REUSE,RR-SMOOTH/6,NO_REJECTION_CREDIT,3,COMPLETE,INCLUDED,0.8334950566782622,0.9594181706792424,0.46738815609725626,0
r8c-4017-76001f5073207432,4017,E2_ROLLING_INCREMENTAL_AFTER_FULL_REUSE,RR-SMOOTH/6,NO_MEMORY_RESET_GATE,3,COMPLETE,INCLUDED,0.3810439536835748,0.46426892889032095,0.16215863775745454,0
r8c-4018-916fd77263bd5dc3,4018,E2_ROLLING_INCREMENTAL_AFTER_FULL_REUSE,RR-SMOOTH/6,NO_LINEAGE_CREDIT,3,COMPLETE,INCLUDED,0.7955888004668319,0.9286826307999908,0.42397910232275915,0
r8c-4019-c0de66e407110c3d,4019,E2_ROLLING_INCREMENTAL_AFTER_FULL_REUSE,RR-SMOOTH/6,CROSS_EVENT_WARM_START_ONLY,3,COMPLETE,INCLUDED,0.38804450037725136,0.4649272824540895,0.1933722667305199,0
r8c-4020-5fc72bcf3e8150e9,4020,E2_ROLLING_INCREMENTAL_AFTER_FULL_REUSE,RR-SMOOTH/6,CROSS_EVENT_MEMORY_ONLY,3,COMPLETE,INCLUDED,0.3326894453455877,0.48692731504837106,0.008318206473086346,0
r8c-4021-5c8688ab9d48ed4c,4021,E2_ROLLING_INCREMENTAL_AFTER_FULL_REUSE,RR-SMOOTH/6,SHADE_ONLY,3,COMPLETE,INCLUDED,0.7127925998728886,0.9170470698149759,0.17036794839531733,0
r8c-4022-64f812fa0f638530,4022,E2_ROLLING_INCREMENTAL_AFTER_FULL_REUSE,RR-SMOOTH/6,NO_CROSS_EVENT_MEMORY,4,COMPLETE,INCLUDED,0.40692373690573147,0.5332875509677706,0.1094249367245755,0
r8c-4023-30f9b53756b90d96,4023,E2_ROLLING_INCREMENTAL_AFTER_FULL_REUSE,RR-SMOOTH/6,NO_EXECUTION_FEEDBACK,4,COMPLETE,INCLUDED,0.39366246344300426,0.5004532775326589,0.1461603056139702,0
r8c-4024-e45a1c3bcf279d32,4024,E2_ROLLING_INCREMENTAL_AFTER_FULL_REUSE,RR-SMOOTH/6,NO_REJECTION_CREDIT,4,COMPLETE,INCLUDED,0.45518951321903345,0.5654479233360002,0.16626537091661864,0
r8c-4025-e19eebe9bafcc69b,4025,E2_ROLLING_INCREMENTAL_AFTER_FULL_REUSE,RR-SMOOTH/6,NO_MEMORY_RESET_GATE,4,COMPLETE,INCLUDED,0.31076182833463145,0.4073391058432462,0.13697950717710491,0
r8c-4026-332f8a06939af64f,4026,E2_ROLLING_INCREMENTAL_AFTER_FULL_REUSE,RR-SMOOTH/6,NO_LINEAGE_CREDIT,4,COMPLETE,INCLUDED,0.28313373716811485,0.4030768751144488,0.07184686692703879,0
r8c-4027-f96aa9fd5bbba448,4027,E2_ROLLING_INCREMENTAL_AFTER_FULL_REUSE,RR-SMOOTH/6,CROSS_EVENT_WARM_START_ONLY,4,COMPLETE,INCLUDED,0.42273084463065674,0.506699833436947,0.2209456059024182,0
r8c-4028-92c66aaf547386f4,4028,E2_ROLLING_INCREMENTAL_AFTER_FULL_REUSE,RR-SMOOTH/6,CROSS_EVENT_MEMORY_ONLY,4,COMPLETE,INCLUDED,0.7899885224048013,0.9596834671890916,0.28080271181647065,0
r8c-4029-a61ef41472d9cb1c,4029,E2_ROLLING_INCREMENTAL_AFTER_FULL_REUSE,RR-SMOOTH/6,SHADE_ONLY,4,COMPLETE,INCLUDED,0.2452576038686327,0.37006784315643276,0.0,0
r8c-4030-a4c4fdf841636dac,4030,E2_ROLLING_INCREMENTAL_AFTER_FULL_REUSE,RR-SMOOTH/7,NO_CROSS_EVENT_MEMORY,0,COMPLETE,INCLUDED,0.8020745080851504,0.9679274315026267,0.29907297341324623,0
r8c-4031-c960c2e149eecf7c,4031,E2_ROLLING_INCREMENTAL_AFTER_FULL_REUSE,RR-SMOOTH/7,NO_EXECUTION_FEEDBACK,0,COMPLETE,INCLUDED,0.942755634373633,0.9785838407499478,0.8454038896130667,0
r8c-4032-3bad58f23281d8d3,4032,E2_ROLLING_INCREMENTAL_AFTER_FULL_REUSE,RR-SMOOTH/7,NO_REJECTION_CREDIT,0,COMPLETE,INCLUDED,0.8610759745550081,0.9678605010527802,0.5318738270887127,0
r8c-4033-bc1f96da61ea97fd,4033,E2_ROLLING_INCREMENTAL_AFTER_FULL_REUSE,RR-SMOOTH/7,NO_MEMORY_RESET_GATE,0,COMPLETE,INCLUDED,0.9384267699300523,0.9754609542396159,0.8385737173500257,0
r8c-4034-f7d644e6c3602a77,4034,E2_ROLLING_INCREMENTAL_AFTER_FULL_REUSE,RR-SMOOTH/7,NO_LINEAGE_CREDIT,0,COMPLETE,INCLUDED,0.8598298575008141,0.9680855120223082,0.5387024861282044,0
r8c-4035-cececbab726fd2b1,4035,E2_ROLLING_INCREMENTAL_AFTER_FULL_REUSE,RR-SMOOTH/7,CROSS_EVENT_WARM_START_ONLY,0,COMPLETE,INCLUDED,0.9427092187700954,0.975508618526104,0.8452336740211237,0
r8c-4036-164611fd8df7ade4,4036,E2_ROLLING_INCREMENTAL_AFTER_FULL_REUSE,RR-SMOOTH/7,CROSS_EVENT_MEMORY_ONLY,0,COMPLETE,INCLUDED,0.8029930497339647,0.9683508732312027,0.29479706496410135,0
r8c-4037-41c3cf3facea73f5,4037,E2_ROLLING_INCREMENTAL_AFTER_FULL_REUSE,RR-SMOOTH/7,SHADE_ONLY,0,COMPLETE,INCLUDED,0.8035002364265791,0.9681076026390356,0.2994970992797193,0
r8c-4038-7f97574963f0caf8,4038,E2_ROLLING_INCREMENTAL_AFTER_FULL_REUSE,RR-SMOOTH/7,NO_CROSS_EVENT_MEMORY,1,COMPLETE,INCLUDED,0.8044033814758679,0.9682874534614567,0.3027643665326638,0
r8c-4039-a523b70d78ca17a2,4039,E2_ROLLING_INCREMENTAL_AFTER_FULL_REUSE,RR-SMOOTH/7,NO_EXECUTION_FEEDBACK,1,COMPLETE,INCLUDED,0.9347650321618317,0.9772971792454166,0.8173760693345155,0
r8c-4040-ff47f0b4549dbbdb,4040,E2_ROLLING_INCREMENTAL_AFTER_FULL_REUSE,RR-SMOOTH/7,NO_REJECTION_CREDIT,1,COMPLETE,INCLUDED,0.8674309846230288,0.9670396051716571,0.5732613146812896,0
r8c-4041-6011813392716061,4041,E2_ROLLING_INCREMENTAL_AFTER_FULL_REUSE,RR-SMOOTH/7,NO_MEMORY_RESET_GATE,1,COMPLETE,INCLUDED,0.9391347067417177,0.9741733556333957,0.8421443275307987,0
r8c-4042-0071cc4c8fa88bcb,4042,E2_ROLLING_INCREMENTAL_AFTER_FULL_REUSE,RR-SMOOTH/7,NO_LINEAGE_CREDIT,1,COMPLETE,INCLUDED,0.863479863448861,0.9706663060514433,0.5376717070177979,0
r8c-4043-ea1a76bf3cbfacce,4043,E2_ROLLING_INCREMENTAL_AFTER_FULL_REUSE,RR-SMOOTH/7,CROSS_EVENT_WARM_START_ONLY,1,COMPLETE,INCLUDED,0.9372623391818466,0.9750253225890224,0.8293014864453709,0
r8c-4044-28e23959d398ffa8,4044,E2_ROLLING_INCREMENTAL_AFTER_FULL_REUSE,RR-SMOOTH/7,CROSS_EVENT_MEMORY_ONLY,1,COMPLETE,INCLUDED,0.7979792050595534,0.9689891393574215,0.2612186909970643,0
r8c-4045-ffad5ac16e9b2e37,4045,E2_ROLLING_INCREMENTAL_AFTER_FULL_REUSE,RR-SMOOTH/7,SHADE_ONLY,1,COMPLETE,INCLUDED,0.8020621571546378,0.9676083446192875,0.3226677846242082,0
r8c-4046-d33918d9ffb2a0da,4046,E2_ROLLING_INCREMENTAL_AFTER_FULL_REUSE,RR-SMOOTH/7,NO_CROSS_EVENT_MEMORY,2,COMPLETE,INCLUDED,0.8060551679106679,0.9663573982312782,0.3174266972502076,0
r8c-4047-4865d2ef5141baac,4047,E2_ROLLING_INCREMENTAL_AFTER_FULL_REUSE,RR-SMOOTH/7,NO_EXECUTION_FEEDBACK,2,COMPLETE,INCLUDED,0.9419948749675683,0.97463998528364,0.8423983427943198,0
r8c-4048-359b002335c60bff,4048,E2_ROLLING_INCREMENTAL_AFTER_FULL_REUSE,RR-SMOOTH/7,NO_REJECTION_CREDIT,2,COMPLETE,INCLUDED,0.8623593339849249,0.96722995220183,0.5422412028384832,0
r8c-4049-a8f42882289a8c5a,4049,E2_ROLLING_INCREMENTAL_AFTER_FULL_REUSE,RR-SMOOTH/7,NO_MEMORY_RESET_GATE,2,COMPLETE,INCLUDED,0.9364836406484309,0.9746311762624202,0.8291720692395522,0
r8c-4050-444808509ac36606,4050,E2_ROLLING_INCREMENTAL_AFTER_FULL_REUSE,RR-SMOOTH/7,NO_LINEAGE_CREDIT,2,COMPLETE,INCLUDED,0.8523065036606807,0.9690243390062836,0.4916517830554275,0
r8c-4051-0ec50d3dd31f8ad0,4051,E2_ROLLING_INCREMENTAL_AFTER_FULL_REUSE,RR-SMOOTH/7,CROSS_EVENT_WARM_START_ONLY,2,COMPLETE,INCLUDED,0.9399199173459877,0.9744766352243455,0.8386062786175125,0
r8c-4052-a0f25be9c057ac90,4052,E2_ROLLING_INCREMENTAL_AFTER_FULL_REUSE,RR-SMOOTH/7,CROSS_EVENT_MEMORY_ONLY,2,COMPLETE,INCLUDED,0.8016297510467523,0.9646962994115368,0.2937256089085678,0
r8c-4053-0bf3fbeccb4ed424,4053,E2_ROLLING_INCREMENTAL_AFTER_FULL_REUSE,RR-SMOOTH/7,SHADE_ONLY,2,COMPLETE,INCLUDED,0.7980336725730726,0.9684081171577741,0.2815133593344224,0
r8c-4054-d576a20f7a7e69ed,4054,E2_ROLLING_INCREMENTAL_AFTER_FULL_REUSE,RR-SMOOTH/7,NO_CROSS_EVENT_MEMORY,3,COMPLETE,INCLUDED,0.7943401139464743,0.9646883157703107,0.2663489331323413,0
r8c-4055-144743c21d1f365c,4055,E2_ROLLING_INCREMENTAL_AFTER_FULL_REUSE,RR-SMOOTH/7,NO_EXECUTION_FEEDBACK,3,COMPLETE,INCLUDED,0.936829904388952,0.9744214363590638,0.8415359139761879,0
r8c-4056-3d667250f64f4602,4056,E2_ROLLING_INCREMENTAL_AFTER_FULL_REUSE,RR-SMOOTH/7,NO_REJECTION_CREDIT,3,COMPLETE,INCLUDED,0.8706000144523207,0.9710619483662664,0.5754438375099347,0
r8c-4057-c2e8ff6aaec20bff,4057,E2_ROLLING_INCREMENTAL_AFTER_FULL_REUSE,RR-SMOOTH/7,NO_MEMORY_RESET_GATE,3,COMPLETE,INCLUDED,0.9362634980809963,0.975314591092505,0.8289282728725764,0
r8c-4058-a61318e9094ea11d,4058,E2_ROLLING_INCREMENTAL_AFTER_FULL_REUSE,RR-SMOOTH/7,NO_LINEAGE_CREDIT,3,COMPLETE,INCLUDED,0.8708480486037653,0.9694322109118405,0.5766749194234123,0
r8c-4059-e55e3c501256760e,4059,E2_ROLLING_INCREMENTAL_AFTER_FULL_REUSE,RR-SMOOTH/7,CROSS_EVENT_WARM_START_ONLY,3,COMPLETE,INCLUDED,0.9389640621744013,0.9744054217289533,0.8439649487998606,0
r8c-4060-465211057026bb99,4060,E2_ROLLING_INCREMENTAL_AFTER_FULL_REUSE,RR-SMOOTH/7,CROSS_EVENT_MEMORY_ONLY,3,COMPLETE,INCLUDED,0.7912119765978665,0.9653308012100086,0.25793654945191735,0
r8c-4061-43d1d1a7c6ae9301,4061,E2_ROLLING_INCREMENTAL_AFTER_FULL_REUSE,RR-SMOOTH/7,SHADE_ONLY,3,COMPLETE,INCLUDED,0.7932439492154016,0.9675627439209189,0.26840570551704807,0
r8c-4062-0b6220ddc7128328,4062,E2_ROLLING_INCREMENTAL_AFTER_FULL_REUSE,RR-SMOOTH/7,NO_CROSS_EVENT_MEMORY,4,COMPLETE,INCLUDED,0.8072942873280265,0.9677535172228582,0.31147292919888436,0
r8c-4063-d3d2f97eb5e8593f,4063,E2_ROLLING_INCREMENTAL_AFTER_FULL_REUSE,RR-SMOOTH/7,NO_EXECUTION_FEEDBACK,4,COMPLETE,INCLUDED,0.9360694141035146,0.9746120533397992,0.8263299756721121,0
r8c-4064-c6f6a204dea117d1,4064,E2_ROLLING_INCREMENTAL_AFTER_FULL_REUSE,RR-SMOOTH/7,NO_REJECTION_CREDIT,4,COMPLETE,INCLUDED,0.8806268365530394,0.9685914615499204,0.6080819029268012,0
r8c-4065-df87f4a47126b033,4065,E2_ROLLING_INCREMENTAL_AFTER_FULL_REUSE,RR-SMOOTH/7,NO_MEMORY_RESET_GATE,4,COMPLETE,INCLUDED,0.9400026448329643,0.9766780464094758,0.8313260809423026,0
r8c-4066-11395514f828cdaf,4066,E2_ROLLING_INCREMENTAL_AFTER_FULL_REUSE,RR-SMOOTH/7,NO_LINEAGE_CREDIT,4,COMPLETE,INCLUDED,0.8524620843512489,0.9689797748582478,0.499421509778561,0
r8c-4067-63097dcbb2990ae0,4067,E2_ROLLING_INCREMENTAL_AFTER_FULL_REUSE,RR-SMOOTH/7,CROSS_EVENT_WARM_START_ONLY,4,COMPLETE,INCLUDED,0.9404663980703436,0.9739453845220355,0.8381710389201967,0
r8c-4068-4f2bbc2e4b5e8fb0,4068,E2_ROLLING_INCREMENTAL_AFTER_FULL_REUSE,RR-SMOOTH/7,CROSS_EVENT_MEMORY_ONLY,4,COMPLETE,INCLUDED,0.7968576036711065,0.9682324032506125,0.2677230101735768,0
r8c-4069-51e8073c6ae0f43c,4069,E2_ROLLING_INCREMENTAL_AFTER_FULL_REUSE,RR-SMOOTH/7,SHADE_ONLY,4,COMPLETE,INCLUDED,0.7993002663719049,0.9662288384868672,0.2929515152697769,0
r8c-4070-15818b4e3ad92225,4070,E2_ROLLING_INCREMENTAL_AFTER_FULL_REUSE,RR-SHOCK/0,NO_CROSS_EVENT_MEMORY,0,COMPLETE,INCLUDED,0.8642876407557625,0.9775010598841481,0.5041202154879488,0
r8c-4071-0403dbc9efb00253,4071,E2_ROLLING_INCREMENTAL_AFTER_FULL_REUSE,RR-SHOCK/0,NO_EXECUTION_FEEDBACK,0,COMPLETE,INCLUDED,0.9540322804587896,0.9856604143810566,0.8576147631865304,0
r8c-4072-32d9f648c9bd1e17,4072,E2_ROLLING_INCREMENTAL_AFTER_FULL_REUSE,RR-SHOCK/0,NO_REJECTION_CREDIT,0,COMPLETE,INCLUDED,0.9216408414426709,0.9830400860694516,0.7338156764483895,0
r8c-4073-50252908a7a3d8ba,4073,E2_ROLLING_INCREMENTAL_AFTER_FULL_REUSE,RR-SHOCK/0,NO_MEMORY_RESET_GATE,0,COMPLETE,INCLUDED,0.9563422655378904,0.9859698503692019,0.8576064210651249,0
r8c-4074-d2d79e4bc35077e6,4074,E2_ROLLING_INCREMENTAL_AFTER_FULL_REUSE,RR-SHOCK/0,NO_LINEAGE_CREDIT,0,COMPLETE,INCLUDED,0.9126424479218528,0.9820108135706492,0.6867311591205555,0
r8c-4075-7b539c39157e6825,4075,E2_ROLLING_INCREMENTAL_AFTER_FULL_REUSE,RR-SHOCK/0,CROSS_EVENT_WARM_START_ONLY,0,COMPLETE,INCLUDED,0.9553182776132578,0.9862728425678469,0.8588295669762279,0
r8c-4076-1e0a534a7252caa1,4076,E2_ROLLING_INCREMENTAL_AFTER_FULL_REUSE,RR-SHOCK/0,CROSS_EVENT_MEMORY_ONLY,0,COMPLETE,INCLUDED,0.8664684752088778,0.9782690311222846,0.5184954645035971,0
r8c-4077-af23360940b4bf49,4077,E2_ROLLING_INCREMENTAL_AFTER_FULL_REUSE,RR-SHOCK/0,SHADE_ONLY,0,COMPLETE,INCLUDED,0.8718075472949456,0.976885554218876,0.5617745667259424,0
r8c-4078-9b54e97861f96765,4078,E2_ROLLING_INCREMENTAL_AFTER_FULL_REUSE,RR-SHOCK/0,NO_CROSS_EVENT_MEMORY,1,COMPLETE,INCLUDED,0.8744896415195346,0.9788121440861561,0.567571684682174,0
r8c-4079-246dc01658d29599,4079,E2_ROLLING_INCREMENTAL_AFTER_FULL_REUSE,RR-SHOCK/0,NO_EXECUTION_FEEDBACK,1,COMPLETE,INCLUDED,0.9554708494019482,0.9868325397569766,0.8580678605291254,0
r8c-4080-d941399f4760f376,4080,E2_ROLLING_INCREMENTAL_AFTER_FULL_REUSE,RR-SHOCK/0,NO_REJECTION_CREDIT,1,COMPLETE,INCLUDED,0.918031373451606,0.9834281585886651,0.7131346967499621,0
r8c-4081-3700c9524a77a02a,4081,E2_ROLLING_INCREMENTAL_AFTER_FULL_REUSE,RR-SHOCK/0,NO_MEMORY_RESET_GATE,1,COMPLETE,INCLUDED,0.9562570844615446,0.9857380062682244,0.8581462603016311,0
r8c-4082-48edc61195a4d0d9,4082,E2_ROLLING_INCREMENTAL_AFTER_FULL_REUSE,RR-SHOCK/0,NO_LINEAGE_CREDIT,1,COMPLETE,INCLUDED,0.939313203257416,0.9852837754154304,0.8004794388908517,0
r8c-4083-da7e2c3d41772f64,4083,E2_ROLLING_INCREMENTAL_AFTER_FULL_REUSE,RR-SHOCK/0,CROSS_EVENT_WARM_START_ONLY,1,COMPLETE,INCLUDED,0.9549588881477105,0.9858047337216609,0.8580446889323426,0
r8c-4084-2c28fb4d19ac5238,4084,E2_ROLLING_INCREMENTAL_AFTER_FULL_REUSE,RR-SHOCK/0,CROSS_EVENT_MEMORY_ONLY,1,COMPLETE,INCLUDED,0.8696010496810584,0.9780874990882186,0.5280395250252212,0
r8c-4085-e39479371890b251,4085,E2_ROLLING_INCREMENTAL_AFTER_FULL_REUSE,RR-SHOCK/0,SHADE_ONLY,1,COMPLETE,INCLUDED,0.8597484205903101,0.9783502510085704,0.4893877998449033,0
r8c-4086-69269691f9d6747a,4086,E2_ROLLING_INCREMENTAL_AFTER_FULL_REUSE,RR-SHOCK/0,NO_CROSS_EVENT_MEMORY,2,COMPLETE,INCLUDED,0.8737851438237385,0.9773105339829333,0.5419851117032009,0
r8c-4087-a223295aa925871f,4087,E2_ROLLING_INCREMENTAL_AFTER_FULL_REUSE,RR-SHOCK/0,NO_EXECUTION_FEEDBACK,2,COMPLETE,INCLUDED,0.9571952836183353,0.9866580265781796,0.8583326523772912,0
r8c-4088-451bc957cd6284c4,4088,E2_ROLLING_INCREMENTAL_AFTER_FULL_REUSE,RR-SHOCK/0,NO_REJECTION_CREDIT,2,COMPLETE,INCLUDED,0.9267265601096757,0.9835473632595757,0.7502422909858196,0
r8c-4089-826e8cd96cda892f,4089,E2_ROLLING_INCREMENTAL_AFTER_FULL_REUSE,RR-SHOCK/0,NO_MEMORY_RESET_GATE,2,COMPLETE,INCLUDED,0.9534331949307985,0.9844531117918995,0.8567270313529637,0
r8c-4090-a21cc5015acbdf42,4090,E2_ROLLING_INCREMENTAL_AFTER_FULL_REUSE,RR-SHOCK/0,NO_LINEAGE_CREDIT,2,COMPLETE,INCLUDED,0.9177357585107817,0.9821367405762716,0.7189853623437991,0
r8c-4091-94d0d6602d9dcfbf,4091,E2_ROLLING_INCREMENTAL_AFTER_FULL_REUSE,RR-SHOCK/0,CROSS_EVENT_WARM_START_ONLY,2,COMPLETE,INCLUDED,0.9562097904131687,0.9860837955379738,0.8580132763559646,0
r8c-4092-8a394e1a6ec181f1,4092,E2_ROLLING_INCREMENTAL_AFTER_FULL_REUSE,RR-SHOCK/0,CROSS_EVENT_MEMORY_ONLY,2,COMPLETE,INCLUDED,0.8705320209947807,0.9793458450600223,0.523828344128584,0
r8c-4093-ee6fcc0f9a626d80,4093,E2_ROLLING_INCREMENTAL_AFTER_FULL_REUSE,RR-SHOCK/0,SHADE_ONLY,2,COMPLETE,INCLUDED,0.8651562348505337,0.9788254011766652,0.5123616571251666,0
r8c-4094-b720da5fc26c02a4,4094,E2_ROLLING_INCREMENTAL_AFTER_FULL_REUSE,RR-SHOCK/0,NO_CROSS_EVENT_MEMORY,3,COMPLETE,INCLUDED,0.8629697130110033,0.9794409563150364,0.4963299436217506,0
r8c-4095-50d9b9ca69a185a3,4095,E2_ROLLING_INCREMENTAL_AFTER_FULL_REUSE,RR-SHOCK/0,NO_EXECUTION_FEEDBACK,3,COMPLETE,INCLUDED,0.9564444957923696,0.9858733921084358,0.8581105547817699,0
r8c-4096-c8e97046af136790,4096,E2_ROLLING_INCREMENTAL_AFTER_FULL_REUSE,RR-SHOCK/0,NO_REJECTION_CREDIT,3,COMPLETE,INCLUDED,0.9321258300217263,0.9838963130376284,0.7694110153865203,0
r8c-4097-0ba74c0345d58b8c,4097,E2_ROLLING_INCREMENTAL_AFTER_FULL_REUSE,RR-SHOCK/0,NO_MEMORY_RESET_GATE,3,COMPLETE,INCLUDED,0.9538560861425097,0.9853774893084818,0.8567249090018594,0
r8c-4098-be1f1e23038f17fe,4098,E2_ROLLING_INCREMENTAL_AFTER_FULL_REUSE,RR-SHOCK/0,NO_LINEAGE_CREDIT,3,COMPLETE,INCLUDED,0.9121869678075842,0.980758135637155,0.6885849194893437,0
r8c-4099-a8ab489d5e50a749,4099,E2_ROLLING_INCREMENTAL_AFTER_FULL_REUSE,RR-SHOCK/0,CROSS_EVENT_WARM_START_ONLY,3,COMPLETE,INCLUDED,0.9558950623530821,0.9861957647300145,0.8590781780129749,0
r8c-4100-ed0c3f806243a626,4100,E2_ROLLING_INCREMENTAL_AFTER_FULL_REUSE,RR-SHOCK/0,CROSS_EVENT_MEMORY_ONLY,3,COMPLETE,INCLUDED,0.8687578509398257,0.9793710574698211,0.5153643809425084,0
r8c-4101-cbd5e6e018eecc09,4101,E2_ROLLING_INCREMENTAL_AFTER_FULL_REUSE,RR-SHOCK/0,SHADE_ONLY,3,COMPLETE,INCLUDED,0.8604571160369842,0.981361641358445,0.48377274470960746,0
r8c-4102-abe31b9966c88992,4102,E2_ROLLING_INCREMENTAL_AFTER_FULL_REUSE,RR-SHOCK/0,NO_CROSS_EVENT_MEMORY,4,COMPLETE,INCLUDED,0.8683929970035005,0.9787787171460997,0.5205770724440172,0
r8c-4103-976a1acabef64f42,4103,E2_ROLLING_INCREMENTAL_AFTER_FULL_REUSE,RR-SHOCK/0,NO_EXECUTION_FEEDBACK,4,COMPLETE,INCLUDED,0.9547558719281808,0.9862424938449609,0.8582937481270078,0
r8c-4104-9b5391188bbfd9bc,4104,E2_ROLLING_INCREMENTAL_AFTER_FULL_REUSE,RR-SHOCK/0,NO_REJECTION_CREDIT,4,COMPLETE,INCLUDED,0.9279927900636838,0.9829830932400277,0.7497737045904694,0
r8c-4105-763414890dec49f3,4105,E2_ROLLING_INCREMENTAL_AFTER_FULL_REUSE,RR-SHOCK/0,NO_MEMORY_RESET_GATE,4,COMPLETE,INCLUDED,0.9557299928870447,0.9866277867491526,0.8591342681800008,0
r8c-4106-fdd55b6e7b1bfe63,4106,E2_ROLLING_INCREMENTAL_AFTER_FULL_REUSE,RR-SHOCK/0,NO_LINEAGE_CREDIT,4,COMPLETE,INCLUDED,0.9199481557442786,0.9830008821129269,0.7368221777947429,0
r8c-4107-e9d63be24fddadd2,4107,E2_ROLLING_INCREMENTAL_AFTER_FULL_REUSE,RR-SHOCK/0,CROSS_EVENT_WARM_START_ONLY,4,COMPLETE,INCLUDED,0.956402201555003,0.9855650141560313,0.8582249181678129,0
r8c-4108-d542d359fd426012,4108,E2_ROLLING_INCREMENTAL_AFTER_FULL_REUSE,RR-SHOCK/0,CROSS_EVENT_MEMORY_ONLY,4,COMPLETE,INCLUDED,0.8701059587348061,0.977999811964029,0.5330003899080258,0
r8c-4109-0497028fc8d3cd7e,4109,E2_ROLLING_INCREMENTAL_AFTER_FULL_REUSE,RR-SHOCK/0,SHADE_ONLY,4,COMPLETE,INCLUDED,0.8648313298365642,0.9806777232255554,0.5125557651605238,0
r8c-4110-47855080e992706d,4110,E2_ROLLING_INCREMENTAL_AFTER_FULL_REUSE,RR-SHOCK/1,NO_CROSS_EVENT_MEMORY,0,COMPLETE,INCLUDED,0.8602074259753076,0.9670879028783632,0.5326352359849601,0
r8c-4111-a3ab69b9db1cec0c,4111,E2_ROLLING_INCREMENTAL_AFTER_FULL_REUSE,RR-SHOCK/1,NO_EXECUTION_FEEDBACK,0,COMPLETE,INCLUDED,0.9481677522727168,0.9760596255856777,0.8495462942440718,0
r8c-4112-529cf2082c9f35be,4112,E2_ROLLING_INCREMENTAL_AFTER_FULL_REUSE,RR-SHOCK/1,NO_REJECTION_CREDIT,0,COMPLETE,INCLUDED,0.9139584670613239,0.9737455312682746,0.7304137919592837,0
r8c-4113-36c1977bb1a7eee9,4113,E2_ROLLING_INCREMENTAL_AFTER_FULL_REUSE,RR-SHOCK/1,NO_MEMORY_RESET_GATE,0,COMPLETE,INCLUDED,0.9473040982279202,0.9759842489503272,0.8488962702099064,0
r8c-4114-69c9b3862958f9ac,4114,E2_ROLLING_INCREMENTAL_AFTER_FULL_REUSE,RR-SHOCK/1,NO_LINEAGE_CREDIT,0,COMPLETE,INCLUDED,0.9149082564439028,0.9732131063077644,0.7338257342330398,0
r8c-4115-4be059711e5efb2c,4115,E2_ROLLING_INCREMENTAL_AFTER_FULL_REUSE,RR-SHOCK/1,CROSS_EVENT_WARM_START_ONLY,0,COMPLETE,INCLUDED,0.9451253889289459,0.9760726390766991,0.8486354645236163,0
r8c-4116-dce40d00a772419f,4116,E2_ROLLING_INCREMENTAL_AFTER_FULL_REUSE,RR-SHOCK/1,CROSS_EVENT_MEMORY_ONLY,0,COMPLETE,INCLUDED,0.8632052158643134,0.9666865874236625,0.5403416205807703,0
r8c-4117-f0064718c1d9d066,4117,E2_ROLLING_INCREMENTAL_AFTER_FULL_REUSE,RR-SHOCK/1,SHADE_ONLY,0,COMPLETE,INCLUDED,0.8532712005710508,0.9687586497003984,0.4905732264260942,0
r8c-4118-e56042ea14802cf7,4118,E2_ROLLING_INCREMENTAL_AFTER_FULL_REUSE,RR-SHOCK/1,NO_CROSS_EVENT_MEMORY,1,COMPLETE,INCLUDED,0.8626832421248227,0.9655413199214579,0.5413737431641993,0
r8c-4119-79a2dca855d2a7db,4119,E2_ROLLING_INCREMENTAL_AFTER_FULL_REUSE,RR-SHOCK/1,NO_EXECUTION_FEEDBACK,1,COMPLETE,INCLUDED,0.9462664318121478,0.9771242376012879,0.8503449067063821,0
r8c-4120-63f9734ff6ef02bd,4120,E2_ROLLING_INCREMENTAL_AFTER_FULL_REUSE,RR-SHOCK/1,NO_REJECTION_CREDIT,1,COMPLETE,INCLUDED,0.9143076242842341,0.9721671053480868,0.735680776072859,0
r8c-4121-a098df23713d4fb9,4121,E2_ROLLING_INCREMENTAL_AFTER_FULL_REUSE,RR-SHOCK/1,NO_MEMORY_RESET_GATE,1,COMPLETE,INCLUDED,0.9443792158232034,0.9768790294922549,0.8495845973449434,0
r8c-4122-e6f59a111c37c471,4122,E2_ROLLING_INCREMENTAL_AFTER_FULL_REUSE,RR-SHOCK/1,NO_LINEAGE_CREDIT,1,COMPLETE,INCLUDED,0.9075044935695095,0.9711668355175271,0.7003607393536421,0
r8c-4123-e3464810cbbbb1a5,4123,E2_ROLLING_INCREMENTAL_AFTER_FULL_REUSE,RR-SHOCK/1,CROSS_EVENT_WARM_START_ONLY,1,COMPLETE,INCLUDED,0.9461122884793504,0.9771926025168343,0.8500462896054679,0
r8c-4124-13e2a5c0a3c29edd,4124,E2_ROLLING_INCREMENTAL_AFTER_FULL_REUSE,RR-SHOCK/1,CROSS_EVENT_MEMORY_ONLY,1,COMPLETE,INCLUDED,0.8594600228045014,0.9680026804708298,0.5301070766798454,0
r8c-4125-b9c5277630be3ac0,4125,E2_ROLLING_INCREMENTAL_AFTER_FULL_REUSE,RR-SHOCK/1,SHADE_ONLY,1,COMPLETE,INCLUDED,0.857634441053538,0.9675733818151141,0.5250361124583502,0
r8c-4126-d865143d1304cd1c,4126,E2_ROLLING_INCREMENTAL_AFTER_FULL_REUSE,RR-SHOCK/1,NO_CROSS_EVENT_MEMORY,2,COMPLETE,INCLUDED,0.8689981578298017,0.9672431357504735,0.5659795208224423,0
r8c-4127-269e629300a7bd04,4127,E2_ROLLING_INCREMENTAL_AFTER_FULL_REUSE,RR-SHOCK/1,NO_EXECUTION_FEEDBACK,2,COMPLETE,INCLUDED,0.9465838053482717,0.9772040220332716,0.8502080838335928,0
r8c-4128-9a7bbd226caffc62,4128,E2_ROLLING_INCREMENTAL_AFTER_FULL_REUSE,RR-SHOCK/1,NO_REJECTION_CREDIT,2,COMPLETE,INCLUDED,0.9248529127023662,0.9737721727622983,0.761682790146679,0
r8c-4129-45ac0b9c8fdab080,4129,E2_ROLLING_INCREMENTAL_AFTER_FULL_REUSE,RR-SHOCK/1,NO_MEMORY_RESET_GATE,2,COMPLETE,INCLUDED,0.9456629956483024,0.9759698570706176,0.8492556338391353,0
r8c-4130-8b5b9afc205cfad4,4130,E2_ROLLING_INCREMENTAL_AFTER_FULL_REUSE,RR-SHOCK/1,NO_LINEAGE_CREDIT,2,COMPLETE,INCLUDED,0.915866828458593,0.9711866734179775,0.7480599574379818,0
r8c-4131-e7b811ca41ef9b17,4131,E2_ROLLING_INCREMENTAL_AFTER_FULL_REUSE,RR-SHOCK/1,CROSS_EVENT_WARM_START_ONLY,2,COMPLETE,INCLUDED,0.9448357075672698,0.9758281888112489,0.8485224523429092,0
r8c-4132-1c111bcf3a9f87e1,4132,E2_ROLLING_INCREMENTAL_AFTER_FULL_REUSE,RR-SHOCK/1,CROSS_EVENT_MEMORY_ONLY,2,COMPLETE,INCLUDED,0.8695628969240066,0.9689443672222005,0.5518153116542697,0
r8c-4133-797a619dc0b74909,4133,E2_ROLLING_INCREMENTAL_AFTER_FULL_REUSE,RR-SHOCK/1,SHADE_ONLY,2,COMPLETE,INCLUDED,0.8599445118843597,0.9669297755440649,0.5337268232016539,0
r8c-4134-5b8166b1a192864d,4134,E2_ROLLING_INCREMENTAL_AFTER_FULL_REUSE,RR-SHOCK/1,NO_CROSS_EVENT_MEMORY,3,COMPLETE,INCLUDED,0.8588187527783561,0.9656948627977897,0.517522788721561,0
r8c-4135-20e449775c3dbf90,4135,E2_ROLLING_INCREMENTAL_AFTER_FULL_REUSE,RR-SHOCK/1,NO_EXECUTION_FEEDBACK,3,COMPLETE,INCLUDED,0.9458762684356975,0.9749317921909235,0.8483274180325376,0
r8c-4136-ed2eae3b51848a9d,4136,E2_ROLLING_INCREMENTAL_AFTER_FULL_REUSE,RR-SHOCK/1,NO_REJECTION_CREDIT,3,COMPLETE,INCLUDED,0.9160978200376514,0.972517825516962,0.7407693571936902,0
r8c-4137-f7fe0e61ad0be199,4137,E2_ROLLING_INCREMENTAL_AFTER_FULL_REUSE,RR-SHOCK/1,NO_MEMORY_RESET_GATE,3,COMPLETE,INCLUDED,0.9461055330040911,0.9765129797617741,0.8496418552447981,0
r8c-4138-498ff6c14be73ec3,4138,E2_ROLLING_INCREMENTAL_AFTER_FULL_REUSE,RR-SHOCK/1,NO_LINEAGE_CREDIT,3,COMPLETE,INCLUDED,0.919775473832531,0.9728101420683137,0.7497514911221286,0
r8c-4139-3fd935b23977af96,4139,E2_ROLLING_INCREMENTAL_AFTER_FULL_REUSE,RR-SHOCK/1,CROSS_EVENT_WARM_START_ONLY,3,COMPLETE,INCLUDED,0.9436378108441419,0.9743120799621359,0.8473821866046151,0
r8c-4140-2bd8aa3f6ec678a7,4140,E2_ROLLING_INCREMENTAL_AFTER_FULL_REUSE,RR-SHOCK/1,CROSS_EVENT_MEMORY_ONLY,3,COMPLETE,INCLUDED,0.8644346417279081,0.9678196708873653,0.5434047760941878,0
r8c-4141-1f1042c0902251cb,4141,E2_ROLLING_INCREMENTAL_AFTER_FULL_REUSE,RR-SHOCK/1,SHADE_ONLY,3,COMPLETE,INCLUDED,0.8538889845494249,0.9671303793527228,0.5031886377393594,0
r8c-4142-a4c33859685071f1,4142,E2_ROLLING_INCREMENTAL_AFTER_FULL_REUSE,RR-SHOCK/1,NO_CROSS_EVENT_MEMORY,4,COMPLETE,INCLUDED,0.865527480116636,0.9650868634558801,0.5467336519424968,0
r8c-4143-b134654e6e6fbe0b,4143,E2_ROLLING_INCREMENTAL_AFTER_FULL_REUSE,RR-SHOCK/1,NO_EXECUTION_FEEDBACK,4,COMPLETE,INCLUDED,0.9488723534329988,0.9776718938410693,0.8506625073991675,0
r8c-4144-bdcf7dc529c8a504,4144,E2_ROLLING_INCREMENTAL_AFTER_FULL_REUSE,RR-SHOCK/1,NO_REJECTION_CREDIT,4,COMPLETE,INCLUDED,0.909932802582295,0.9715200162148342,0.7042033570300211,0
r8c-4145-7f14fff973664859,4145,E2_ROLLING_INCREMENTAL_AFTER_FULL_REUSE,RR-SHOCK/1,NO_MEMORY_RESET_GATE,4,COMPLETE,INCLUDED,0.9465711948510505,0.9763603410961684,0.8503872638070633,0
r8c-4146-0548e24e25ce0ded,4146,E2_ROLLING_INCREMENTAL_AFTER_FULL_REUSE,RR-SHOCK/1,NO_LINEAGE_CREDIT,4,COMPLETE,INCLUDED,0.911871698870951,0.9725905053363932,0.7202414453428181,0
r8c-4147-00a134288173a00e,4147,E2_ROLLING_INCREMENTAL_AFTER_FULL_REUSE,RR-SHOCK/1,CROSS_EVENT_WARM_START_ONLY,4,COMPLETE,INCLUDED,0.9453724581946531,0.9755381186315336,0.8491942058990455,0
r8c-4148-d9289a1a69be771b,4148,E2_ROLLING_INCREMENTAL_AFTER_FULL_REUSE,RR-SHOCK/1,CROSS_EVENT_MEMORY_ONLY,4,COMPLETE,INCLUDED,0.8657045799030805,0.9673824759436951,0.5541621365046833,0
r8c-4149-cf681322e9b2cb84,4149,E2_ROLLING_INCREMENTAL_AFTER_FULL_REUSE,RR-SHOCK/1,SHADE_ONLY,4,COMPLETE,INCLUDED,0.8609797252893637,0.9658700084046415,0.5300621809809506,0
r8c-4150-67eb095ece9078eb,4150,E2_ROLLING_INCREMENTAL_AFTER_FULL_REUSE,RR-SHOCK/2,NO_CROSS_EVENT_MEMORY,0,COMPLETE,INCLUDED,0.8094260632299605,0.9681718737531193,0.3179934976270211,0
r8c-4151-12c98d1c6d3f0748,4151,E2_ROLLING_INCREMENTAL_AFTER_FULL_REUSE,RR-SHOCK/2,NO_EXECUTION_FEEDBACK,0,COMPLETE,INCLUDED,0.9329363863646531,0.9731278906609617,0.8196128973268721,0
r8c-4152-e8d36ba579884f54,4152,E2_ROLLING_INCREMENTAL_AFTER_FULL_REUSE,RR-SHOCK/2,NO_REJECTION_CREDIT,0,COMPLETE,INCLUDED,0.8659186057654912,0.9701308305919236,0.5501505248009185,0
r8c-4153-6dd6e4cad2d3f313,4153,E2_ROLLING_INCREMENTAL_AFTER_FULL_REUSE,RR-SHOCK/2,NO_MEMORY_RESET_GATE,0,COMPLETE,INCLUDED,0.9330103847814293,0.9712300608941427,0.8276665976414797,0
r8c-4154-bb7172323e8d6913,4154,E2_ROLLING_INCREMENTAL_AFTER_FULL_REUSE,RR-SHOCK/2,NO_LINEAGE_CREDIT,0,COMPLETE,INCLUDED,0.8545961182566199,0.9666514279063951,0.5278874529198525,0
r8c-4155-a741293dedb8425e,4155,E2_ROLLING_INCREMENTAL_AFTER_FULL_REUSE,RR-SHOCK/2,CROSS_EVENT_WARM_START_ONLY,0,COMPLETE,INCLUDED,0.9386051107168301,0.9744376341559094,0.8448250783204105,0
r8c-4156-98e28e0605375374,4156,E2_ROLLING_INCREMENTAL_AFTER_FULL_REUSE,RR-SHOCK/2,CROSS_EVENT_MEMORY_ONLY,0,COMPLETE,INCLUDED,0.8109467249093687,0.9604791687971806,0.361998715959133,0
r8c-4157-24f7c44994726f51,4157,E2_ROLLING_INCREMENTAL_AFTER_FULL_REUSE,RR-SHOCK/2,SHADE_ONLY,0,COMPLETE,INCLUDED,0.8062460351719679,0.9662764309482792,0.3364680928522401,0
r8c-4158-6030b90bf5b2d6fc,4158,E2_ROLLING_INCREMENTAL_AFTER_FULL_REUSE,RR-SHOCK/2,NO_CROSS_EVENT_MEMORY,1,COMPLETE,INCLUDED,0.8080825577651822,0.9658392921795891,0.3282474619010977,0
r8c-4159-87bc4f1ca305922b,4159,E2_ROLLING_INCREMENTAL_AFTER_FULL_REUSE,RR-SHOCK/2,NO_EXECUTION_FEEDBACK,1,COMPLETE,INCLUDED,0.9389036824435385,0.97567477140671,0.8441129781329328,0
r8c-4160-db785ba6c3c3c8f4,4160,E2_ROLLING_INCREMENTAL_AFTER_FULL_REUSE,RR-SHOCK/2,NO_REJECTION_CREDIT,1,COMPLETE,INCLUDED,0.8847443585614568,0.9708797959882892,0.6304606229432898,0
r8c-4161-05bd8603999ccb34,4161,E2_ROLLING_INCREMENTAL_AFTER_FULL_REUSE,RR-SHOCK/2,NO_MEMORY_RESET_GATE,1,COMPLETE,INCLUDED,0.9358598162192033,0.9732803886181877,0.8310267637842473,0
r8c-4162-a7958fd985120e12,4162,E2_ROLLING_INCREMENTAL_AFTER_FULL_REUSE,RR-SHOCK/2,NO_LINEAGE_CREDIT,1,COMPLETE,INCLUDED,0.8678910433769074,0.9701011985134874,0.5761567880273576,0
r8c-4163-ec3143c9432f5827,4163,E2_ROLLING_INCREMENTAL_AFTER_FULL_REUSE,RR-SHOCK/2,CROSS_EVENT_WARM_START_ONLY,1,COMPLETE,INCLUDED,0.9397751727689025,0.9749777941230867,0.8460811396225366,0
r8c-4164-70e0e1024da1e493,4164,E2_ROLLING_INCREMENTAL_AFTER_FULL_REUSE,RR-SHOCK/2,CROSS_EVENT_MEMORY_ONLY,1,COMPLETE,INCLUDED,0.8139874516151119,0.9653012745328955,0.34057133947890444,0
r8c-4165-300498ac26c760e7,4165,E2_ROLLING_INCREMENTAL_AFTER_FULL_REUSE,RR-SHOCK/2,SHADE_ONLY,1,COMPLETE,INCLUDED,0.7946427692139784,0.964677924963367,0.28305826888494146,0
r8c-4166-7b455ee75cc9eb5c,4166,E2_ROLLING_INCREMENTAL_AFTER_FULL_REUSE,RR-SHOCK/2,NO_CROSS_EVENT_MEMORY,2,COMPLETE,INCLUDED,0.8145468634810495,0.9682835423215319,0.33409012290852863,0
r8c-4167-6649db4274500e2a,4167,E2_ROLLING_INCREMENTAL_AFTER_FULL_REUSE,RR-SHOCK/2,NO_EXECUTION_FEEDBACK,2,COMPLETE,INCLUDED,0.9369659325693945,0.9748696265450697,0.8329233205486779,0
r8c-4168-640280296d36fa81,4168,E2_ROLLING_INCREMENTAL_AFTER_FULL_REUSE,RR-SHOCK/2,NO_REJECTION_CREDIT,2,COMPLETE,INCLUDED,0.8495912316519597,0.9492197806656139,0.5568641680625195,0
r8c-4169-e3d5a9a40f6e325c,4169,E2_ROLLING_INCREMENTAL_AFTER_FULL_REUSE,RR-SHOCK/2,NO_MEMORY_RESET_GATE,2,COMPLETE,INCLUDED,0.941156662619937,0.9765904004921934,0.8440333069175173,0
r8c-4170-6dc23f783d0a4636,4170,E2_ROLLING_INCREMENTAL_AFTER_FULL_REUSE,RR-SHOCK/2,NO_LINEAGE_CREDIT,2,COMPLETE,INCLUDED,0.865631565347571,0.9702846683775818,0.5666551656940007,0
r8c-4171-c04f949efe0a7fbd,4171,E2_ROLLING_INCREMENTAL_AFTER_FULL_REUSE,RR-SHOCK/2,CROSS_EVENT_WARM_START_ONLY,2,COMPLETE,INCLUDED,0.9343730559216301,0.9727361876695648,0.839811662989953,0
r8c-4172-9daf4066c1f64b89,4172,E2_ROLLING_INCREMENTAL_AFTER_FULL_REUSE,RR-SHOCK/2,CROSS_EVENT_MEMORY_ONLY,2,COMPLETE,INCLUDED,0.8139530836091314,0.9670814473247896,0.3549300525955283,0
r8c-4173-838d5145a1594762,4173,E2_ROLLING_INCREMENTAL_AFTER_FULL_REUSE,RR-SHOCK/2,SHADE_ONLY,2,COMPLETE,INCLUDED,0.8142169872915298,0.9674415804335034,0.362210180861731,0
r8c-4174-62b8c2deecbccca7,4174,E2_ROLLING_INCREMENTAL_AFTER_FULL_REUSE,RR-SHOCK/2,NO_CROSS_EVENT_MEMORY,3,COMPLETE,INCLUDED,0.8084069625928126,0.9684440520797113,0.32227812160497477,0
r8c-4175-c9cac6e64845fa71,4175,E2_ROLLING_INCREMENTAL_AFTER_FULL_REUSE,RR-SHOCK/2,NO_EXECUTION_FEEDBACK,3,COMPLETE,INCLUDED,0.9219152183002389,0.9720298665184522,0.7898856525806056,0
r8c-4176-5dc313793ec63831,4176,E2_ROLLING_INCREMENTAL_AFTER_FULL_REUSE,RR-SHOCK/2,NO_REJECTION_CREDIT,3,COMPLETE,INCLUDED,0.8781304125432563,0.971236691831689,0.5885623624678766,0
r8c-4177-9a580496f6e0cd15,4177,E2_ROLLING_INCREMENTAL_AFTER_FULL_REUSE,RR-SHOCK/2,NO_MEMORY_RESET_GATE,3,COMPLETE,INCLUDED,0.8887872124185401,0.9424433207068704,0.7425917804598159,0
r8c-4178-90d24c1243c645d4,4178,E2_ROLLING_INCREMENTAL_AFTER_FULL_REUSE,RR-SHOCK/2,NO_LINEAGE_CREDIT,3,COMPLETE,INCLUDED,0.8792731762399624,0.970581981319323,0.5886792141046321,0
r8c-4179-93080f7e9c206173,4179,E2_ROLLING_INCREMENTAL_AFTER_FULL_REUSE,RR-SHOCK/2,CROSS_EVENT_WARM_START_ONLY,3,COMPLETE,INCLUDED,0.9384918564668172,0.9742475420180648,0.845178667523505,0
r8c-4180-6abfbe82a42b3a79,4180,E2_ROLLING_INCREMENTAL_AFTER_FULL_REUSE,RR-SHOCK/2,CROSS_EVENT_MEMORY_ONLY,3,COMPLETE,INCLUDED,0.8031699371943211,0.9656082662093267,0.29642759238015354,0
r8c-4181-a9b9317b5c9a6b86,4181,E2_ROLLING_INCREMENTAL_AFTER_FULL_REUSE,RR-SHOCK/2,SHADE_ONLY,3,COMPLETE,INCLUDED,0.8126027040207916,0.9678955747640489,0.348759148666654,0
r8c-4182-c0e0a17625503482,4182,E2_ROLLING_INCREMENTAL_AFTER_FULL_REUSE,RR-SHOCK/2,NO_CROSS_EVENT_MEMORY,4,COMPLETE,INCLUDED,0.828503369070269,0.9657308922948081,0.42039197595544936,0
r8c-4183-8fe80689e665004d,4183,E2_ROLLING_INCREMENTAL_AFTER_FULL_REUSE,RR-SHOCK/2,NO_EXECUTION_FEEDBACK,4,COMPLETE,INCLUDED,0.9362222277118294,0.9729457476167065,0.8316939176625091,0
r8c-4184-d3ae104edde8c3dc,4184,E2_ROLLING_INCREMENTAL_AFTER_FULL_REUSE,RR-SHOCK/2,NO_REJECTION_CREDIT,4,COMPLETE,INCLUDED,0.873455989600991,0.9718444963487386,0.5894608515108333,0
r8c-4185-c33a91a7f1cfb94d,4185,E2_ROLLING_INCREMENTAL_AFTER_FULL_REUSE,RR-SHOCK/2,NO_MEMORY_RESET_GATE,4,COMPLETE,INCLUDED,0.9393264594202059,0.9741185132575192,0.8408644135100232,0
r8c-4186-7808e38e28d7a536,4186,E2_ROLLING_INCREMENTAL_AFTER_FULL_REUSE,RR-SHOCK/2,NO_LINEAGE_CREDIT,4,COMPLETE,INCLUDED,0.8588906433923329,0.9687376613164979,0.5150929445011586,0
r8c-4187-dfb445a965324db2,4187,E2_ROLLING_INCREMENTAL_AFTER_FULL_REUSE,RR-SHOCK/2,CROSS_EVENT_WARM_START_ONLY,4,COMPLETE,INCLUDED,0.9348863195033408,0.9729978828640089,0.8314130911489102,0
r8c-4188-722f0dfb32647ae8,4188,E2_ROLLING_INCREMENTAL_AFTER_FULL_REUSE,RR-SHOCK/2,CROSS_EVENT_MEMORY_ONLY,4,COMPLETE,INCLUDED,0.8084055110439928,0.9662829345536468,0.3349724530718512,0
r8c-4189-74cde626d6c3c519,4189,E2_ROLLING_INCREMENTAL_AFTER_FULL_REUSE,RR-SHOCK/2,SHADE_ONLY,4,COMPLETE,INCLUDED,0.8125477107302777,0.9684463950779177,0.34226264086542146,0
r8c-4190-c01d9e3333413324,4190,E2_ROLLING_INCREMENTAL_AFTER_FULL_REUSE,RR-SHOCK/3,NO_CROSS_EVENT_MEMORY,0,COMPLETE,INCLUDED,0.6209450403628336,0.750292067011447,0.23274347412392496,0
r8c-4191-c04cdff08faa50f8,4191,E2_ROLLING_INCREMENTAL_AFTER_FULL_REUSE,RR-SHOCK/3,NO_EXECUTION_FEEDBACK,0,COMPLETE,INCLUDED,0.6742768198079085,0.751692756938981,0.4745998708854303,0
r8c-4192-7f88f6949864922d,4192,E2_ROLLING_INCREMENTAL_AFTER_FULL_REUSE,RR-SHOCK/3,NO_REJECTION_CREDIT,0,COMPLETE,INCLUDED,0.6591336463804474,0.7247627474966765,0.47566408762795054,0
r8c-4193-c80ad1120a72f36b,4193,E2_ROLLING_INCREMENTAL_AFTER_FULL_REUSE,RR-SHOCK/3,NO_MEMORY_RESET_GATE,0,COMPLETE,INCLUDED,0.7007455013139476,0.7541906685055697,0.5755300371495901,0
r8c-4194-287bd4462e8b23c3,4194,E2_ROLLING_INCREMENTAL_AFTER_FULL_REUSE,RR-SHOCK/3,NO_LINEAGE_CREDIT,0,COMPLETE,INCLUDED,0.6610771304910172,0.7549001047894397,0.4012587441763435,0
r8c-4195-41d49732ce6ecd5f,4195,E2_ROLLING_INCREMENTAL_AFTER_FULL_REUSE,RR-SHOCK/3,CROSS_EVENT_WARM_START_ONLY,0,COMPLETE,INCLUDED,0.7125923182885227,0.7559077882030911,0.6121441858425841,0
r8c-4196-36644984dd5749d4,4196,E2_ROLLING_INCREMENTAL_AFTER_FULL_REUSE,RR-SHOCK/3,CROSS_EVENT_MEMORY_ONLY,0,COMPLETE,INCLUDED,0.6237935309199163,0.7513231639057618,0.2442139411555348,0
r8c-4197-f3711cc84736bebc,4197,E2_ROLLING_INCREMENTAL_AFTER_FULL_REUSE,RR-SHOCK/3,SHADE_ONLY,0,COMPLETE,INCLUDED,0.6140145750121088,0.7496931346764973,0.21332746522716148,0
r8c-4198-555ae3b73bbc73ce,4198,E2_ROLLING_INCREMENTAL_AFTER_FULL_REUSE,RR-SHOCK/3,NO_CROSS_EVENT_MEMORY,1,COMPLETE,INCLUDED,0.6170461656915128,0.7511866749921923,0.2315490964415815,0
r8c-4199-62ea20f414fd78d0,4199,E2_ROLLING_INCREMENTAL_AFTER_FULL_REUSE,RR-SHOCK/3,NO_EXECUTION_FEEDBACK,1,COMPLETE,INCLUDED,0.683703079924362,0.7539183930918779,0.48767771789875974,0
r8c-4200-9e420a8815348199,4200,E2_ROLLING_INCREMENTAL_AFTER_FULL_REUSE,RR-SHOCK/3,NO_REJECTION_CREDIT,1,COMPLETE,INCLUDED,0.6810103564717351,0.7531204324209092,0.47980891573785295,0
r8c-4201-72684f202fe553b3,4201,E2_ROLLING_INCREMENTAL_AFTER_FULL_REUSE,RR-SHOCK/3,NO_MEMORY_RESET_GATE,1,COMPLETE,INCLUDED,0.708095124783236,0.7553038451094999,0.5929410881788373,0
r8c-4202-da952bb691bae982,4202,E2_ROLLING_INCREMENTAL_AFTER_FULL_REUSE,RR-SHOCK/3,NO_LINEAGE_CREDIT,1,COMPLETE,INCLUDED,0.6523584165318967,0.7538230007573943,0.3583683599097367,0
r8c-4203-ec6b5a876576d020,4203,E2_ROLLING_INCREMENTAL_AFTER_FULL_REUSE,RR-SHOCK/3,CROSS_EVENT_WARM_START_ONLY,1,COMPLETE,INCLUDED,0.7102653281066912,0.755099894151769,0.6062153397505352,0
r8c-4204-19a35f6eb2b44562,4204,E2_ROLLING_INCREMENTAL_AFTER_FULL_REUSE,RR-SHOCK/3,CROSS_EVENT_MEMORY_ONLY,1,COMPLETE,INCLUDED,0.6244241187352616,0.7527468160894663,0.2405238472726731,0
r8c-4205-52b0bffaf74167b3,4205,E2_ROLLING_INCREMENTAL_AFTER_FULL_REUSE,RR-SHOCK/3,SHADE_ONLY,1,COMPLETE,INCLUDED,0.6256634677920987,0.7516324168281937,0.26507187130067617,0
r8c-4206-681a2bc4cb8a59db,4206,E2_ROLLING_INCREMENTAL_AFTER_FULL_REUSE,RR-SHOCK/3,NO_CROSS_EVENT_MEMORY,2,COMPLETE,INCLUDED,0.6148366716577711,0.7511784160639068,0.20988190440636784,0
r8c-4207-02f0c2bade95aab1,4207,E2_ROLLING_INCREMENTAL_AFTER_FULL_REUSE,RR-SHOCK/3,NO_EXECUTION_FEEDBACK,2,COMPLETE,INCLUDED,0.6718796172722501,0.7508571683731092,0.45312887223812276,0
r8c-4208-ca9c1b575be4b05c,4208,E2_ROLLING_INCREMENTAL_AFTER_FULL_REUSE,RR-SHOCK/3,NO_REJECTION_CREDIT,2,COMPLETE,INCLUDED,0.6817575711326043,0.7557198300580611,0.4775936218402954,0
r8c-4209-52c2702572d0c9e4,4209,E2_ROLLING_INCREMENTAL_AFTER_FULL_REUSE,RR-SHOCK/3,NO_MEMORY_RESET_GATE,2,COMPLETE,INCLUDED,0.7107952451794807,0.755385560573738,0.6021484056089804,0
r8c-4210-77019fd7625154ae,4210,E2_ROLLING_INCREMENTAL_AFTER_FULL_REUSE,RR-SHOCK/3,NO_LINEAGE_CREDIT,2,COMPLETE,INCLUDED,0.6509006775877062,0.751991386646169,0.34594850484193185,0
r8c-4211-65d998a06bf76112,4211,E2_ROLLING_INCREMENTAL_AFTER_FULL_REUSE,RR-SHOCK/3,CROSS_EVENT_WARM_START_ONLY,2,COMPLETE,INCLUDED,0.709159058232751,0.7539164371535394,0.5943804339903681,0
r8c-4212-6e706e992ef34d61,4212,E2_ROLLING_INCREMENTAL_AFTER_FULL_REUSE,RR-SHOCK/3,CROSS_EVENT_MEMORY_ONLY,2,COMPLETE,INCLUDED,0.63054581753705,0.7516291109466774,0.255485203369596,0
r8c-4213-5c37a7dc8daddc06,4213,E2_ROLLING_INCREMENTAL_AFTER_FULL_REUSE,RR-SHOCK/3,SHADE_ONLY,2,COMPLETE,INCLUDED,0.6313095716479304,0.7540707742521395,0.2620072451941603,0
r8c-4214-5a849630ad9fba56,4214,E2_ROLLING_INCREMENTAL_AFTER_FULL_REUSE,RR-SHOCK/3,NO_CROSS_EVENT_MEMORY,3,COMPLETE,INCLUDED,0.6296778390513877,0.7524101721991078,0.25907574806066286,0
r8c-4215-f10020dcd1a39b7f,4215,E2_ROLLING_INCREMENTAL_AFTER_FULL_REUSE,RR-SHOCK/3,NO_EXECUTION_FEEDBACK,3,COMPLETE,INCLUDED,0.6797659243172827,0.7523896548245285,0.4844195827078613,0
r8c-4216-7fa76634a543e506,4216,E2_ROLLING_INCREMENTAL_AFTER_FULL_REUSE,RR-SHOCK/3,NO_REJECTION_CREDIT,3,COMPLETE,INCLUDED,0.696247071191664,0.7524601270562628,0.5413087111815651,0
r8c-4217-988438a7f6b33d91,4217,E2_ROLLING_INCREMENTAL_AFTER_FULL_REUSE,RR-SHOCK/3,NO_MEMORY_RESET_GATE,3,COMPLETE,INCLUDED,0.7090814565866541,0.7566517225241662,0.5997371651446739,0
r8c-4218-b0b9b36d54b1ac5f,4218,E2_ROLLING_INCREMENTAL_AFTER_FULL_REUSE,RR-SHOCK/3,NO_LINEAGE_CREDIT,3,COMPLETE,INCLUDED,0.657303866786446,0.7524469042318227,0.4133448304307742,0
r8c-4219-f7651e13b92edc2f,4219,E2_ROLLING_INCREMENTAL_AFTER_FULL_REUSE,RR-SHOCK/3,CROSS_EVENT_WARM_START_ONLY,3,COMPLETE,INCLUDED,0.7123092681421361,0.7573573966158328,0.5967276453583705,0
r8c-4220-139b67ab18900613,4220,E2_ROLLING_INCREMENTAL_AFTER_FULL_REUSE,RR-SHOCK/3,CROSS_EVENT_MEMORY_ONLY,3,COMPLETE,INCLUDED,0.6283048072659856,0.7532347583911039,0.2669448495952005,0
r8c-4221-b6d3e19a06762dd1,4221,E2_ROLLING_INCREMENTAL_AFTER_FULL_REUSE,RR-SHOCK/3,SHADE_ONLY,3,COMPLETE,INCLUDED,0.615798520588555,0.7535880546513483,0.22336843906010292,0
r8c-4222-2fe633b944ce9492,4222,E2_ROLLING_INCREMENTAL_AFTER_FULL_REUSE,RR-SHOCK/3,NO_CROSS_EVENT_MEMORY,4,COMPLETE,INCLUDED,0.62951787837873,0.7530214382679963,0.280968713971409,0
r8c-4223-430fed03e9c4b377,4223,E2_ROLLING_INCREMENTAL_AFTER_FULL_REUSE,RR-SHOCK/3,NO_EXECUTION_FEEDBACK,4,COMPLETE,INCLUDED,0.6847866043524086,0.7534806776216845,0.5034484658871012,0
r8c-4224-5e9c279437212669,4224,E2_ROLLING_INCREMENTAL_AFTER_FULL_REUSE,RR-SHOCK/3,NO_REJECTION_CREDIT,4,COMPLETE,INCLUDED,0.6863319722445909,0.7528580930293588,0.5114176169993084,0
r8c-4225-af279365ee460f23,4225,E2_ROLLING_INCREMENTAL_AFTER_FULL_REUSE,RR-SHOCK/3,NO_MEMORY_RESET_GATE,4,COMPLETE,INCLUDED,0.7024436175215879,0.7536789707062647,0.5681594538011244,0
r8c-4226-ea0d1c6c6fcaa7f4,4226,E2_ROLLING_INCREMENTAL_AFTER_FULL_REUSE,RR-SHOCK/3,NO_LINEAGE_CREDIT,4,COMPLETE,INCLUDED,0.6597628042306399,0.7515981972457628,0.41021737972971467,0
r8c-4227-1a2204bf738a7470,4227,E2_ROLLING_INCREMENTAL_AFTER_FULL_REUSE,RR-SHOCK/3,CROSS_EVENT_WARM_START_ONLY,4,COMPLETE,INCLUDED,0.7029657220531321,0.751425949663809,0.5783127869586767,0
r8c-4228-0078555d1b96ca97,4228,E2_ROLLING_INCREMENTAL_AFTER_FULL_REUSE,RR-SHOCK/3,CROSS_EVENT_MEMORY_ONLY,4,COMPLETE,INCLUDED,0.6328571084803426,0.757551708971872,0.28001187854341253,0
r8c-4229-f989c052d1e4a372,4229,E2_ROLLING_INCREMENTAL_AFTER_FULL_REUSE,RR-SHOCK/3,SHADE_ONLY,4,COMPLETE,INCLUDED,0.6218551240460837,0.7526373358102932,0.2459582566866958,0
r8c-4230-f2e2a175d382ca64,4230,E2_ROLLING_INCREMENTAL_AFTER_FULL_REUSE,RR-SHOCK/4,NO_CROSS_EVENT_MEMORY,0,COMPLETE,INCLUDED,0.8534523056856083,0.957827400733042,0.5561902673038984,0
r8c-4231-a87c029bbc4eefa5,4231,E2_ROLLING_INCREMENTAL_AFTER_FULL_REUSE,RR-SHOCK/4,NO_EXECUTION_FEEDBACK,0,COMPLETE,INCLUDED,0.9338339695615323,0.9655231996747107,0.8311538415240569,0
r8c-4232-ff86ba2b2f1a0930,4232,E2_ROLLING_INCREMENTAL_AFTER_FULL_REUSE,RR-SHOCK/4,NO_REJECTION_CREDIT,0,COMPLETE,INCLUDED,0.9216442380409677,0.9603323648607033,0.8072606803521933,0
r8c-4233-51ac8c46c8230223,4233,E2_ROLLING_INCREMENTAL_AFTER_FULL_REUSE,RR-SHOCK/4,NO_MEMORY_RESET_GATE,0,COMPLETE,INCLUDED,0.9223642575368739,0.9581500287058562,0.8192424187190828,0
r8c-4234-d0a9381d63d84fc0,4234,E2_ROLLING_INCREMENTAL_AFTER_FULL_REUSE,RR-SHOCK/4,NO_LINEAGE_CREDIT,0,COMPLETE,INCLUDED,0.9022331112370937,0.9621267802815142,0.7208500453969616,0
r8c-4235-56e1f30b0da55279,4235,E2_ROLLING_INCREMENTAL_AFTER_FULL_REUSE,RR-SHOCK/4,CROSS_EVENT_WARM_START_ONLY,0,COMPLETE,INCLUDED,0.9277365973888501,0.9593396487064012,0.8260025657245966,0
r8c-4236-bc3c0139f0aa141b,4236,E2_ROLLING_INCREMENTAL_AFTER_FULL_REUSE,RR-SHOCK/4,CROSS_EVENT_MEMORY_ONLY,0,COMPLETE,INCLUDED,0.8399657600497349,0.9570427460768786,0.49476091565040853,0
r8c-4237-60cf8eaf541be08a,4237,E2_ROLLING_INCREMENTAL_AFTER_FULL_REUSE,RR-SHOCK/4,SHADE_ONLY,0,COMPLETE,INCLUDED,0.8386254332012941,0.9471793084865225,0.517689939156246,0
r8c-4238-e1a18297212c1506,4238,E2_ROLLING_INCREMENTAL_AFTER_FULL_REUSE,RR-SHOCK/4,NO_CROSS_EVENT_MEMORY,1,COMPLETE,INCLUDED,0.8490588593696289,0.9551819614787052,0.552220428165268,0
r8c-4239-3bd036c22cc05bfa,4239,E2_ROLLING_INCREMENTAL_AFTER_FULL_REUSE,RR-SHOCK/4,NO_EXECUTION_FEEDBACK,1,COMPLETE,INCLUDED,0.9109726973016864,0.9635884580791046,0.7591781591697858,0
r8c-4240-66b70e528932b594,4240,E2_ROLLING_INCREMENTAL_AFTER_FULL_REUSE,RR-SHOCK/4,NO_REJECTION_CREDIT,1,COMPLETE,INCLUDED,0.8997847374232337,0.9580329123730239,0.7248459145728811,0
r8c-4241-568ef5dabe27ba2c,4241,E2_ROLLING_INCREMENTAL_AFTER_FULL_REUSE,RR-SHOCK/4,NO_MEMORY_RESET_GATE,1,COMPLETE,INCLUDED,0.9342505031727022,0.9669077056751554,0.8346926983761845,0
r8c-4242-5900201ed8937a15,4242,E2_ROLLING_INCREMENTAL_AFTER_FULL_REUSE,RR-SHOCK/4,NO_LINEAGE_CREDIT,1,COMPLETE,INCLUDED,0.8952616692409032,0.960926451188221,0.6958530075971524,0
r8c-4243-f14908afc56afc66,4243,E2_ROLLING_INCREMENTAL_AFTER_FULL_REUSE,RR-SHOCK/4,CROSS_EVENT_WARM_START_ONLY,1,COMPLETE,INCLUDED,0.9146466394810429,0.9502678845604635,0.8034241201001283,0
r8c-4244-b432f91ebd3999fb,4244,E2_ROLLING_INCREMENTAL_AFTER_FULL_REUSE,RR-SHOCK/4,CROSS_EVENT_MEMORY_ONLY,1,COMPLETE,INCLUDED,0.8360286182794414,0.9471718792241626,0.5089261249556346,0
r8c-4245-3d12cd9e951eda6b,4245,E2_ROLLING_INCREMENTAL_AFTER_FULL_REUSE,RR-SHOCK/4,SHADE_ONLY,1,COMPLETE,INCLUDED,0.8478304019360194,0.9539457934327722,0.5357622528680933,0
r8c-4246-db90e14060939e4b,4246,E2_ROLLING_INCREMENTAL_AFTER_FULL_REUSE,RR-SHOCK/4,NO_CROSS_EVENT_MEMORY,2,COMPLETE,INCLUDED,0.8629481378838516,0.9609881598264064,0.583908182639462,0
r8c-4247-d64ae64101e6fe5f,4247,E2_ROLLING_INCREMENTAL_AFTER_FULL_REUSE,RR-SHOCK/4,NO_EXECUTION_FEEDBACK,2,COMPLETE,INCLUDED,0.9257119640747863,0.9593292017588892,0.8248216098215386,0
r8c-4248-0461fe9dbfa34169,4248,E2_ROLLING_INCREMENTAL_AFTER_FULL_REUSE,RR-SHOCK/4,NO_REJECTION_CREDIT,2,COMPLETE,INCLUDED,0.8979905650653371,0.9574144951834663,0.7207653118578448,0
r8c-4249-9221bb50d903af34,4249,E2_ROLLING_INCREMENTAL_AFTER_FULL_REUSE,RR-SHOCK/4,NO_MEMORY_RESET_GATE,2,COMPLETE,INCLUDED,0.9241911784845973,0.9609336972157243,0.820799219269419,0
r8c-4250-f20169bb4923e4dd,4250,E2_ROLLING_INCREMENTAL_AFTER_FULL_REUSE,RR-SHOCK/4,NO_LINEAGE_CREDIT,2,COMPLETE,INCLUDED,0.8942402177728631,0.9539781079059635,0.7197743146058332,0
r8c-4251-78f1939cac4fa1c5,4251,E2_ROLLING_INCREMENTAL_AFTER_FULL_REUSE,RR-SHOCK/4,CROSS_EVENT_WARM_START_ONLY,2,COMPLETE,INCLUDED,0.9278576417991873,0.963806507572747,0.8146155252984782,0
r8c-4252-039bbebfabe6039e,4252,E2_ROLLING_INCREMENTAL_AFTER_FULL_REUSE,RR-SHOCK/4,CROSS_EVENT_MEMORY_ONLY,2,COMPLETE,INCLUDED,0.854452981847515,0.9575211893927895,0.5411004898030266,0
r8c-4253-d9fe762c948f1ad3,4253,E2_ROLLING_INCREMENTAL_AFTER_FULL_REUSE,RR-SHOCK/4,SHADE_ONLY,2,COMPLETE,INCLUDED,0.836799676798244,0.9466007896702084,0.5356160851714344,0
r8c-4254-5ce839feb25001df,4254,E2_ROLLING_INCREMENTAL_AFTER_FULL_REUSE,RR-SHOCK/4,NO_CROSS_EVENT_MEMORY,3,COMPLETE,INCLUDED,0.8365326747201646,0.9516465002475851,0.4926990781708014,0
r8c-4255-a0ecb1f76fd5badd,4255,E2_ROLLING_INCREMENTAL_AFTER_FULL_REUSE,RR-SHOCK/4,NO_EXECUTION_FEEDBACK,3,COMPLETE,INCLUDED,0.9220107185378426,0.9636210744859767,0.7923476177844538,0
r8c-4256-7ae7cd4207ae75fe,4256,E2_ROLLING_INCREMENTAL_AFTER_FULL_REUSE,RR-SHOCK/4,NO_REJECTION_CREDIT,3,COMPLETE,INCLUDED,0.8893796536374005,0.9562122762579092,0.6963285735182096,0
r8c-4257-b6488a7275b225f3,4257,E2_ROLLING_INCREMENTAL_AFTER_FULL_REUSE,RR-SHOCK/4,NO_MEMORY_RESET_GATE,3,COMPLETE,INCLUDED,0.9244861311333906,0.9567993829894539,0.8240198985657801,0
r8c-4258-e441b862ce6f74e3,4258,E2_ROLLING_INCREMENTAL_AFTER_FULL_REUSE,RR-SHOCK/4,NO_LINEAGE_CREDIT,3,COMPLETE,INCLUDED,0.907065174277308,0.9552587168419855,0.7577470066020411,0
r8c-4259-93fab1c3b567d373,4259,E2_ROLLING_INCREMENTAL_AFTER_FULL_REUSE,RR-SHOCK/4,CROSS_EVENT_WARM_START_ONLY,3,COMPLETE,INCLUDED,0.9262632449018182,0.9592229133875574,0.8226028683716187,0
r8c-4260-1303471229c0f720,4260,E2_ROLLING_INCREMENTAL_AFTER_FULL_REUSE,RR-SHOCK/4,CROSS_EVENT_MEMORY_ONLY,3,COMPLETE,INCLUDED,0.8446310568847222,0.9473425984320152,0.5384812046530632,0
r8c-4261-b9caad7265bb3f4d,4261,E2_ROLLING_INCREMENTAL_AFTER_FULL_REUSE,RR-SHOCK/4,SHADE_ONLY,3,COMPLETE,INCLUDED,0.8422915254868,0.9521235806810182,0.5231603982698444,0
r8c-4262-11aaacfb0316c91f,4262,E2_ROLLING_INCREMENTAL_AFTER_FULL_REUSE,RR-SHOCK/4,NO_CROSS_EVENT_MEMORY,4,COMPLETE,INCLUDED,0.8538478659897508,0.9579910888636236,0.5408425993345447,0
r8c-4263-7e710860cb528d13,4263,E2_ROLLING_INCREMENTAL_AFTER_FULL_REUSE,RR-SHOCK/4,NO_EXECUTION_FEEDBACK,4,COMPLETE,INCLUDED,0.9266034045795726,0.9613665350471464,0.8252576132087526,0
r8c-4264-ecdb2cfc3af187f0,4264,E2_ROLLING_INCREMENTAL_AFTER_FULL_REUSE,RR-SHOCK/4,NO_REJECTION_CREDIT,4,COMPLETE,INCLUDED,0.8973491254498406,0.9580969549261587,0.7169742270167447,0
r8c-4265-80959f4934d2a49d,4265,E2_ROLLING_INCREMENTAL_AFTER_FULL_REUSE,RR-SHOCK/4,NO_MEMORY_RESET_GATE,4,COMPLETE,INCLUDED,0.924053551761926,0.9577562769159227,0.8227075677728692,0
r8c-4266-894d14be1c8059b2,4266,E2_ROLLING_INCREMENTAL_AFTER_FULL_REUSE,RR-SHOCK/4,NO_LINEAGE_CREDIT,4,COMPLETE,INCLUDED,0.8920878501238108,0.951132622773137,0.72565228262347,0
r8c-4267-61a8844caf25e047,4267,E2_ROLLING_INCREMENTAL_AFTER_FULL_REUSE,RR-SHOCK/4,CROSS_EVENT_WARM_START_ONLY,4,COMPLETE,INCLUDED,0.9223099050837913,0.9548791373837826,0.8209785534546704,0
r8c-4268-cdd32889f6272a31,4268,E2_ROLLING_INCREMENTAL_AFTER_FULL_REUSE,RR-SHOCK/4,CROSS_EVENT_MEMORY_ONLY,4,COMPLETE,INCLUDED,0.8506602930826075,0.9575513430797307,0.536595048299193,0
r8c-4269-8a2890fd55cf2887,4269,E2_ROLLING_INCREMENTAL_AFTER_FULL_REUSE,RR-SHOCK/4,SHADE_ONLY,4,COMPLETE,INCLUDED,0.8447924707137187,0.9592317357652498,0.5087051201882169,0
r8c-4270-d00ba55956423d35,4270,E2_ROLLING_INCREMENTAL_AFTER_FULL_REUSE,RR-SHOCK/5,NO_CROSS_EVENT_MEMORY,0,COMPLETE,INCLUDED,0.7373230305823817,0.8394870303717912,0.4770154796622494,0
r8c-4271-ef88d85242abdb2e,4271,E2_ROLLING_INCREMENTAL_AFTER_FULL_REUSE,RR-SHOCK/5,NO_EXECUTION_FEEDBACK,0,COMPLETE,INCLUDED,0.7658628113704578,0.8260190398028058,0.6313963772709791,0
r8c-4272-9c7ff264b96fb6a9,4272,E2_ROLLING_INCREMENTAL_AFTER_FULL_REUSE,RR-SHOCK/5,NO_REJECTION_CREDIT,0,COMPLETE,INCLUDED,0.7709379755735976,0.8289043773665261,0.6335584484716822,0
r8c-4273-26d3896b8b5b1786,4273,E2_ROLLING_INCREMENTAL_AFTER_FULL_REUSE,RR-SHOCK/5,NO_MEMORY_RESET_GATE,0,COMPLETE,INCLUDED,0.8075208559934545,0.8445204225422606,0.7243055426903161,0
r8c-4274-e53780c5f4c63e9b,4274,E2_ROLLING_INCREMENTAL_AFTER_FULL_REUSE,RR-SHOCK/5,NO_LINEAGE_CREDIT,0,COMPLETE,INCLUDED,0.7511329733918591,0.8340038439276727,0.5346695455260664,0
r8c-4275-d4298def5dafc045,4275,E2_ROLLING_INCREMENTAL_AFTER_FULL_REUSE,RR-SHOCK/5,CROSS_EVENT_WARM_START_ONLY,0,COMPLETE,INCLUDED,0.7930227394425643,0.8347916708321448,0.6959289468582098,0
r8c-4276-ecde00ab253a2941,4276,E2_ROLLING_INCREMENTAL_AFTER_FULL_REUSE,RR-SHOCK/5,CROSS_EVENT_MEMORY_ONLY,0,COMPLETE,INCLUDED,0.72122071412172,0.8341696177171958,0.4210885266224569,0
r8c-4277-198213de7e949a65,4277,E2_ROLLING_INCREMENTAL_AFTER_FULL_REUSE,RR-SHOCK/5,SHADE_ONLY,0,COMPLETE,INCLUDED,0.7198823438184725,0.8350430193187771,0.43320194171496335,0
r8c-4278-0e32bd1179dd8d95,4278,E2_ROLLING_INCREMENTAL_AFTER_FULL_REUSE,RR-SHOCK/5,NO_CROSS_EVENT_MEMORY,1,COMPLETE,INCLUDED,0.7301042694989675,0.8310224493374975,0.46633763515238624,0
r8c-4279-a16d16545b00104d,4279,E2_ROLLING_INCREMENTAL_AFTER_FULL_REUSE,RR-SHOCK/5,NO_EXECUTION_FEEDBACK,1,COMPLETE,INCLUDED,0.7750223237843359,0.8322306954960152,0.6338780773212147,0
r8c-4280-2f52ddf6a8a4d6eb,4280,E2_ROLLING_INCREMENTAL_AFTER_FULL_REUSE,RR-SHOCK/5,NO_REJECTION_CREDIT,1,COMPLETE,INCLUDED,0.7809072086159624,0.8395439761917227,0.6363441221822573,0
r8c-4281-185cbebd4d80c3de,4281,E2_ROLLING_INCREMENTAL_AFTER_FULL_REUSE,RR-SHOCK/5,NO_MEMORY_RESET_GATE,1,COMPLETE,INCLUDED,0.780069875579124,0.8307205380118999,0.6670677462349639,0
r8c-4282-002948045f8a1b56,4282,E2_ROLLING_INCREMENTAL_AFTER_FULL_REUSE,RR-SHOCK/5,NO_LINEAGE_CREDIT,1,COMPLETE,INCLUDED,0.7554741628446824,0.8323643720521252,0.566685368187586,0
r8c-4283-f792721f262d601e,4283,E2_ROLLING_INCREMENTAL_AFTER_FULL_REUSE,RR-SHOCK/5,CROSS_EVENT_WARM_START_ONLY,1,COMPLETE,INCLUDED,0.7784209328636529,0.8290586096197179,0.6789697664600438,0
r8c-4284-78938a37c10751a0,4284,E2_ROLLING_INCREMENTAL_AFTER_FULL_REUSE,RR-SHOCK/5,CROSS_EVENT_MEMORY_ONLY,1,COMPLETE,INCLUDED,0.7159225178550367,0.8265112114066382,0.42411785914957667,0
r8c-4285-90191c730ebc932e,4285,E2_ROLLING_INCREMENTAL_AFTER_FULL_REUSE,RR-SHOCK/5,SHADE_ONLY,1,COMPLETE,INCLUDED,0.7253621574164765,0.8282388511896277,0.4755273142634014,0
r8c-4286-3b362dba07897c9b,4286,E2_ROLLING_INCREMENTAL_AFTER_FULL_REUSE,RR-SHOCK/5,NO_CROSS_EVENT_MEMORY,2,COMPLETE,INCLUDED,0.7330273367003153,0.8313275346610496,0.4805351277521369,0
r8c-4287-14d379f72c7c14d1,4287,E2_ROLLING_INCREMENTAL_AFTER_FULL_REUSE,RR-SHOCK/5,NO_EXECUTION_FEEDBACK,2,COMPLETE,INCLUDED,0.7622488538057399,0.8267541139914908,0.6089131529339624,0
r8c-4288-2e0fb128a22c8090,4288,E2_ROLLING_INCREMENTAL_AFTER_FULL_REUSE,RR-SHOCK/5,NO_REJECTION_CREDIT,2,COMPLETE,INCLUDED,0.7584676731575835,0.8283627030302254,0.6047677856394744,0
r8c-4289-749e0e8af27142e0,4289,E2_ROLLING_INCREMENTAL_AFTER_FULL_REUSE,RR-SHOCK/5,NO_MEMORY_RESET_GATE,2,COMPLETE,INCLUDED,0.7785972171048985,0.8305992922773087,0.6592116149159191,0
r8c-4290-022cda7f422bd867,4290,E2_ROLLING_INCREMENTAL_AFTER_FULL_REUSE,RR-SHOCK/5,NO_LINEAGE_CREDIT,2,COMPLETE,INCLUDED,0.7469974257256224,0.8271227031231849,0.5424433316354639,0
r8c-4291-7aca9a82776effbd,4291,E2_ROLLING_INCREMENTAL_AFTER_FULL_REUSE,RR-SHOCK/5,CROSS_EVENT_WARM_START_ONLY,2,COMPLETE,INCLUDED,0.7770816998580008,0.8222289224576844,0.6732473050215502,0
r8c-4292-e2296156e4c23196,4292,E2_ROLLING_INCREMENTAL_AFTER_FULL_REUSE,RR-SHOCK/5,CROSS_EVENT_MEMORY_ONLY,2,COMPLETE,INCLUDED,0.7270949014217408,0.8289621012645819,0.47200165132156874,0
r8c-4293-95894414e4cc4de2,4293,E2_ROLLING_INCREMENTAL_AFTER_FULL_REUSE,RR-SHOCK/5,SHADE_ONLY,2,COMPLETE,INCLUDED,0.7162695678690589,0.8288677938033981,0.4218545800564595,0
r8c-4294-086977f36b46be1d,4294,E2_ROLLING_INCREMENTAL_AFTER_FULL_REUSE,RR-SHOCK/5,NO_CROSS_EVENT_MEMORY,3,COMPLETE,INCLUDED,0.7350197412775683,0.838048410147396,0.46179693247040204,0
r8c-4295-6eeb9d6dee01e91b,4295,E2_ROLLING_INCREMENTAL_AFTER_FULL_REUSE,RR-SHOCK/5,NO_EXECUTION_FEEDBACK,3,COMPLETE,INCLUDED,0.7661946177560839,0.8286103824929283,0.627879915591247,0
r8c-4296-7e27225913f2c4e5,4296,E2_ROLLING_INCREMENTAL_AFTER_FULL_REUSE,RR-SHOCK/5,NO_REJECTION_CREDIT,3,COMPLETE,INCLUDED,0.7643912063762303,0.8267335823309141,0.6111824208655761,0
r8c-4297-30886a0e4cbd4f16,4297,E2_ROLLING_INCREMENTAL_AFTER_FULL_REUSE,RR-SHOCK/5,NO_MEMORY_RESET_GATE,3,COMPLETE,INCLUDED,0.7835058615852246,0.8287804511860625,0.68719783869668,0
r8c-4298-53d3ef4df43528cd,4298,E2_ROLLING_INCREMENTAL_AFTER_FULL_REUSE,RR-SHOCK/5,NO_LINEAGE_CREDIT,3,COMPLETE,INCLUDED,0.7491914387575875,0.8259226938700459,0.5609899547420012,0
r8c-4299-e8b395ed82311ed0,4299,E2_ROLLING_INCREMENTAL_AFTER_FULL_REUSE,RR-SHOCK/5,CROSS_EVENT_WARM_START_ONLY,3,COMPLETE,INCLUDED,0.7853110848371445,0.8298041771351394,0.6916797880036474,0
r8c-4300-616a7341653f14a3,4300,E2_ROLLING_INCREMENTAL_AFTER_FULL_REUSE,RR-SHOCK/5,CROSS_EVENT_MEMORY_ONLY,3,COMPLETE,INCLUDED,0.7285182297582817,0.8316010181200033,0.45415705052464617,0
r8c-4301-ac6fb123f7748e58,4301,E2_ROLLING_INCREMENTAL_AFTER_FULL_REUSE,RR-SHOCK/5,SHADE_ONLY,3,COMPLETE,INCLUDED,0.7204392827997292,0.8284313895090454,0.4507822736397266,0
r8c-4302-ba6e6c2dcec5cf50,4302,E2_ROLLING_INCREMENTAL_AFTER_FULL_REUSE,RR-SHOCK/5,NO_CROSS_EVENT_MEMORY,4,COMPLETE,INCLUDED,0.7371465848925076,0.8367851835104206,0.4703580968524658,0
r8c-4303-c432dcc735d04d11,4303,E2_ROLLING_INCREMENTAL_AFTER_FULL_REUSE,RR-SHOCK/5,NO_EXECUTION_FEEDBACK,4,COMPLETE,INCLUDED,0.766087458703123,0.8284186100427157,0.610236349059304,0
r8c-4304-ee5fe6be70c51e19,4304,E2_ROLLING_INCREMENTAL_AFTER_FULL_REUSE,RR-SHOCK/5,NO_REJECTION_CREDIT,4,COMPLETE,INCLUDED,0.7546260881094224,0.8268693033965375,0.5758786725668061,0
r8c-4305-07887b9afa12cf14,4305,E2_ROLLING_INCREMENTAL_AFTER_FULL_REUSE,RR-SHOCK/5,NO_MEMORY_RESET_GATE,4,COMPLETE,INCLUDED,0.7754916723353625,0.8261902570242841,0.645650607901156,0
r8c-4306-3ba2320096adb4d6,4306,E2_ROLLING_INCREMENTAL_AFTER_FULL_REUSE,RR-SHOCK/5,NO_LINEAGE_CREDIT,4,COMPLETE,INCLUDED,0.7456624918801913,0.8257897074754468,0.5428948586068291,0
r8c-4307-71af3ad2f2ed59f0,4307,E2_ROLLING_INCREMENTAL_AFTER_FULL_REUSE,RR-SHOCK/5,CROSS_EVENT_WARM_START_ONLY,4,COMPLETE,INCLUDED,0.7768802989489239,0.8270588955474765,0.6692607075078445,0
r8c-4308-1ce9799cb1f4b735,4308,E2_ROLLING_INCREMENTAL_AFTER_FULL_REUSE,RR-SHOCK/5,CROSS_EVENT_MEMORY_ONLY,4,COMPLETE,INCLUDED,0.7222148140894674,0.8298106716960113,0.44769294772110196,0
r8c-4309-e0223fc9d08c1495,4309,E2_ROLLING_INCREMENTAL_AFTER_FULL_REUSE,RR-SHOCK/5,SHADE_ONLY,4,COMPLETE,INCLUDED,0.7117121569554137,0.827717687854796,0.39725195021065807,0
r8c-4310-9e7b4fe5b13add03,4310,E2_ROLLING_INCREMENTAL_AFTER_FULL_REUSE,RR-SHOCK/6,NO_CROSS_EVENT_MEMORY,0,COMPLETE,INCLUDED,0.6075516706084787,0.7212149050770993,0.2805214000404219,0
r8c-4311-7537d41faeae24a9,4311,E2_ROLLING_INCREMENTAL_AFTER_FULL_REUSE,RR-SHOCK/6,NO_EXECUTION_FEEDBACK,0,COMPLETE,INCLUDED,0.9005540283752052,0.9413943141747424,0.8026987497305756,0
r8c-4312-fece783475e443ef,4312,E2_ROLLING_INCREMENTAL_AFTER_FULL_REUSE,RR-SHOCK/6,NO_REJECTION_CREDIT,0,COMPLETE,INCLUDED,0.6330864954993562,0.7091027591584677,0.42543540275627667,0
r8c-4313-8b154f61da5a8f49,4313,E2_ROLLING_INCREMENTAL_AFTER_FULL_REUSE,RR-SHOCK/6,NO_MEMORY_RESET_GATE,0,COMPLETE,INCLUDED,0.47553551143439005,0.5370150068781998,0.31089408878073715,0
r8c-4314-d17b0f15eff9e612,4314,E2_ROLLING_INCREMENTAL_AFTER_FULL_REUSE,RR-SHOCK/6,NO_LINEAGE_CREDIT,0,COMPLETE,INCLUDED,0.7037281378266755,0.8136978950400302,0.38546665347750647,0
r8c-4315-a6e2225d84389cab,4315,E2_ROLLING_INCREMENTAL_AFTER_FULL_REUSE,RR-SHOCK/6,CROSS_EVENT_WARM_START_ONLY,0,COMPLETE,INCLUDED,0.7767408147567472,0.8236174608709721,0.6466026672297238,0
r8c-4316-8b5fd9dd9d33fbfc,4316,E2_ROLLING_INCREMENTAL_AFTER_FULL_REUSE,RR-SHOCK/6,CROSS_EVENT_MEMORY_ONLY,0,COMPLETE,INCLUDED,0.7938970723627634,0.9268126059457906,0.4201777812611529,0
r8c-4317-571c22eccc5c6ee5,4317,E2_ROLLING_INCREMENTAL_AFTER_FULL_REUSE,RR-SHOCK/6,SHADE_ONLY,0,COMPLETE,INCLUDED,0.42631945912971936,0.531337226161898,0.15884544892809083,0
r8c-4318-24409c6fe620f6fc,4318,E2_ROLLING_INCREMENTAL_AFTER_FULL_REUSE,RR-SHOCK/6,NO_CROSS_EVENT_MEMORY,1,COMPLETE,INCLUDED,0.43445353757529004,0.5334089064103187,0.17509354749089412,0
r8c-4319-59d52ce877f123de,4319,E2_ROLLING_INCREMENTAL_AFTER_FULL_REUSE,RR-SHOCK/6,NO_EXECUTION_FEEDBACK,1,COMPLETE,INCLUDED,0.6394935844318548,0.715411773480461,0.4280986723225637,0
r8c-4320-b5865d2862a992b6,4320,E2_ROLLING_INCREMENTAL_AFTER_FULL_REUSE,RR-SHOCK/6,NO_REJECTION_CREDIT,1,COMPLETE,INCLUDED,0.863877805639647,0.9384581026993309,0.664812706188798,0
r8c-4321-49312ec4bfee17b1,4321,E2_ROLLING_INCREMENTAL_AFTER_FULL_REUSE,RR-SHOCK/6,NO_MEMORY_RESET_GATE,1,COMPLETE,INCLUDED,0.8916191947650421,0.9362167796859969,0.7817943781792274,0
r8c-4322-272cf96e78c549bd,4322,E2_ROLLING_INCREMENTAL_AFTER_FULL_REUSE,RR-SHOCK/6,NO_LINEAGE_CREDIT,1,COMPLETE,INCLUDED,0.854007378448776,0.9359577952671018,0.6389653382181225,0
r8c-4323-eafe15d0468f3873,4323,E2_ROLLING_INCREMENTAL_AFTER_FULL_REUSE,RR-SHOCK/6,CROSS_EVENT_WARM_START_ONLY,1,COMPLETE,INCLUDED,0.8954029839771968,0.934315816972101,0.7938642682061456,0
r8c-4324-1c20d9318bd102ed,4324,E2_ROLLING_INCREMENTAL_AFTER_FULL_REUSE,RR-SHOCK/6,CROSS_EVENT_MEMORY_ONLY,1,COMPLETE,INCLUDED,0.8056822379509114,0.9322395544726026,0.4524756733409583,0
r8c-4325-bf13453752790c8a,4325,E2_ROLLING_INCREMENTAL_AFTER_FULL_REUSE,RR-SHOCK/6,SHADE_ONLY,1,COMPLETE,INCLUDED,0.6700427630655843,0.8019088054831132,0.3278555127406307,0
r8c-4326-f2339d5f0f885db9,4326,E2_ROLLING_INCREMENTAL_AFTER_FULL_REUSE,RR-SHOCK/6,NO_CROSS_EVENT_MEMORY,2,COMPLETE,INCLUDED,0.6275110928929191,0.7500124532965992,0.2986295310998516,0
r8c-4327-66574acc2c045592,4327,E2_ROLLING_INCREMENTAL_AFTER_FULL_REUSE,RR-SHOCK/6,NO_EXECUTION_FEEDBACK,2,COMPLETE,INCLUDED,0.6474567947716696,0.7215524351410603,0.43811408286574993,0
r8c-4328-2ccdce84914531a9,4328,E2_ROLLING_INCREMENTAL_AFTER_FULL_REUSE,RR-SHOCK/6,NO_REJECTION_CREDIT,2,COMPLETE,INCLUDED,0.7501199345475518,0.8161158850206874,0.5580460145566202,0
r8c-4329-62502ebd902d5fc6,4329,E2_ROLLING_INCREMENTAL_AFTER_FULL_REUSE,RR-SHOCK/6,NO_MEMORY_RESET_GATE,2,COMPLETE,INCLUDED,0.4707693834094647,0.5333070253483938,0.32371873672501145,0
r8c-4330-12a8d783d7452960,4330,E2_ROLLING_INCREMENTAL_AFTER_FULL_REUSE,RR-SHOCK/6,NO_LINEAGE_CREDIT,2,COMPLETE,INCLUDED,0.769496985430788,0.8791624256984418,0.5116648951429612,0
r8c-4331-e5e6758cde9f956c,4331,E2_ROLLING_INCREMENTAL_AFTER_FULL_REUSE,RR-SHOCK/6,CROSS_EVENT_WARM_START_ONLY,2,COMPLETE,INCLUDED,0.46500348864865193,0.509752718826111,0.34957891676976627,0
r8c-4332-2010fb8717fd1153,4332,E2_ROLLING_INCREMENTAL_AFTER_FULL_REUSE,RR-SHOCK/6,CROSS_EVENT_MEMORY_ONLY,2,COMPLETE,INCLUDED,0.6251905255763386,0.7493966253518207,0.2825768529241809,0
r8c-4333-7e059cf67e137ca3,4333,E2_ROLLING_INCREMENTAL_AFTER_FULL_REUSE,RR-SHOCK/6,SHADE_ONLY,2,COMPLETE,INCLUDED,0.6725814592607646,0.8096753388431821,0.29233217705309206,0
r8c-4334-164b5087b5953d15,4334,E2_ROLLING_INCREMENTAL_AFTER_FULL_REUSE,RR-SHOCK/6,NO_CROSS_EVENT_MEMORY,3,COMPLETE,INCLUDED,0.7041935321955672,0.8435642082310493,0.30807888774080305,0
r8c-4335-e192d21994f09621,4335,E2_ROLLING_INCREMENTAL_AFTER_FULL_REUSE,RR-SHOCK/6,NO_EXECUTION_FEEDBACK,3,COMPLETE,INCLUDED,0.7553000260767456,0.8330671838207463,0.542116834273059,0
r8c-4336-b85c87bce20f7980,4336,E2_ROLLING_INCREMENTAL_AFTER_FULL_REUSE,RR-SHOCK/6,NO_REJECTION_CREDIT,3,COMPLETE,INCLUDED,0.47482923854299985,0.5386532755184374,0.30651241905506316,0
r8c-4337-b0f03e7305d17f64,4337,E2_ROLLING_INCREMENTAL_AFTER_FULL_REUSE,RR-SHOCK/6,NO_MEMORY_RESET_GATE,3,COMPLETE,INCLUDED,0.4792571988776714,0.5369876666894186,0.318651763100458,0
r8c-4338-a002e9cca8e4ac91,4338,E2_ROLLING_INCREMENTAL_AFTER_FULL_REUSE,RR-SHOCK/6,NO_LINEAGE_CREDIT,3,COMPLETE,INCLUDED,0.8494369344078467,0.9337478765542727,0.6184940626587748,0
r8c-4339-c1a47c86d8b78f97,4339,E2_ROLLING_INCREMENTAL_AFTER_FULL_REUSE,RR-SHOCK/6,CROSS_EVENT_WARM_START_ONLY,3,COMPLETE,INCLUDED,0.4721267555854327,0.5368743761403223,0.2985694391456701,0
r8c-4340-765b2c13bdedba53,4340,E2_ROLLING_INCREMENTAL_AFTER_FULL_REUSE,RR-SHOCK/6,CROSS_EVENT_MEMORY_ONLY,3,COMPLETE,INCLUDED,0.6829047496306377,0.8148268363968432,0.30341021841139554,0
r8c-4341-88b338bac752499c,4341,E2_ROLLING_INCREMENTAL_AFTER_FULL_REUSE,RR-SHOCK/6,SHADE_ONLY,3,COMPLETE,INCLUDED,0.6723650163345304,0.8096896158446585,0.2818945280506992,0
r8c-4342-cdd593d3e9df301b,4342,E2_ROLLING_INCREMENTAL_AFTER_FULL_REUSE,RR-SHOCK/6,NO_CROSS_EVENT_MEMORY,4,COMPLETE,INCLUDED,0.6868550657441317,0.815268257359239,0.32622396860687497,0
r8c-4343-83c0ecf674b154c7,4343,E2_ROLLING_INCREMENTAL_AFTER_FULL_REUSE,RR-SHOCK/6,NO_EXECUTION_FEEDBACK,4,COMPLETE,INCLUDED,0.6426455595559257,0.7167599355262018,0.4423092816773703,0
r8c-4344-8ed63497069405e2,4344,E2_ROLLING_INCREMENTAL_AFTER_FULL_REUSE,RR-SHOCK/6,NO_REJECTION_CREDIT,4,COMPLETE,INCLUDED,0.7263514412805655,0.8226518442355377,0.4485374909966319,0
r8c-4345-639529468189f2ec,4345,E2_ROLLING_INCREMENTAL_AFTER_FULL_REUSE,RR-SHOCK/6,NO_MEMORY_RESET_GATE,4,COMPLETE,INCLUDED,0.7544889972371224,0.8251036834206318,0.5589968156569862,0
r8c-4346-18d869669aa33165,4346,E2_ROLLING_INCREMENTAL_AFTER_FULL_REUSE,RR-SHOCK/6,NO_LINEAGE_CREDIT,4,COMPLETE,INCLUDED,0.4383577676582669,0.5353642758671416,0.17858424459135888,0
r8c-4347-534e764bc25c979c,4347,E2_ROLLING_INCREMENTAL_AFTER_FULL_REUSE,RR-SHOCK/6,CROSS_EVENT_WARM_START_ONLY,4,COMPLETE,INCLUDED,0.8986902766710407,0.9394759437109382,0.7985227746982358,0
r8c-4348-9c8098aa1d315b37,4348,E2_ROLLING_INCREMENTAL_AFTER_FULL_REUSE,RR-SHOCK/6,CROSS_EVENT_MEMORY_ONLY,4,COMPLETE,INCLUDED,0.7959798087622194,0.9256670609199837,0.4405671413185168,0
r8c-4349-e7163b1bd9c8b31b,4349,E2_ROLLING_INCREMENTAL_AFTER_FULL_REUSE,RR-SHOCK/6,SHADE_ONLY,4,COMPLETE,INCLUDED,0.4290071662667054,0.5296562361017128,0.16509043097080078,0
r8c-4350-f6b4751af9bd7a33,4350,E2_ROLLING_INCREMENTAL_AFTER_FULL_REUSE,RR-SHOCK/7,NO_CROSS_EVENT_MEMORY,0,COMPLETE,INCLUDED,0.816441196248919,0.9689878842843447,0.3553749257194164,0
r8c-4351-049e7f0913906a2b,4351,E2_ROLLING_INCREMENTAL_AFTER_FULL_REUSE,RR-SHOCK/7,NO_EXECUTION_FEEDBACK,0,COMPLETE,INCLUDED,0.942266236402441,0.9777398726250717,0.849737228858604,0
r8c-4352-008f4a0f94684356,4352,E2_ROLLING_INCREMENTAL_AFTER_FULL_REUSE,RR-SHOCK/7,NO_REJECTION_CREDIT,0,COMPLETE,INCLUDED,0.8688688291972586,0.9719432816801523,0.5483147246774974,0
r8c-4353-c7b9312c28b90b9f,4353,E2_ROLLING_INCREMENTAL_AFTER_FULL_REUSE,RR-SHOCK/7,NO_MEMORY_RESET_GATE,0,COMPLETE,INCLUDED,0.9463348288313018,0.9781304042254,0.8508379584252759,0
r8c-4354-3cdd2d9d6cc26ff3,4354,E2_ROLLING_INCREMENTAL_AFTER_FULL_REUSE,RR-SHOCK/7,NO_LINEAGE_CREDIT,0,COMPLETE,INCLUDED,0.8545581411674685,0.9722812069867744,0.48889347165161656,0
r8c-4355-c064105e5690ffc1,4355,E2_ROLLING_INCREMENTAL_AFTER_FULL_REUSE,RR-SHOCK/7,CROSS_EVENT_WARM_START_ONLY,0,COMPLETE,INCLUDED,0.9444023374068852,0.9782450442512683,0.8500876024859636,0
r8c-4356-e40cc8b20d980764,4356,E2_ROLLING_INCREMENTAL_AFTER_FULL_REUSE,RR-SHOCK/7,CROSS_EVENT_MEMORY_ONLY,0,COMPLETE,INCLUDED,0.8233244278934795,0.9706863965716039,0.35143894620524657,0
r8c-4357-85611bc321b23973,4357,E2_ROLLING_INCREMENTAL_AFTER_FULL_REUSE,RR-SHOCK/7,SHADE_ONLY,0,COMPLETE,INCLUDED,0.8150331875467238,0.9704718560068366,0.31206794027179363,0
r8c-4358-52674583c8dfa553,4358,E2_ROLLING_INCREMENTAL_AFTER_FULL_REUSE,RR-SHOCK/7,NO_CROSS_EVENT_MEMORY,1,COMPLETE,INCLUDED,0.8182842110729613,0.9713885393515881,0.3364176961053002,0
r8c-4359-772c77184d53aeed,4359,E2_ROLLING_INCREMENTAL_AFTER_FULL_REUSE,RR-SHOCK/7,NO_EXECUTION_FEEDBACK,1,COMPLETE,INCLUDED,0.9461683278341362,0.9781563745252072,0.8503175704006989,0
r8c-4360-0b20e5f97ae6f146,4360,E2_ROLLING_INCREMENTAL_AFTER_FULL_REUSE,RR-SHOCK/7,NO_REJECTION_CREDIT,1,COMPLETE,INCLUDED,0.864769728821134,0.972377116878566,0.5323368264058576,0
r8c-4361-982a5d9a6f5d6c4d,4361,E2_ROLLING_INCREMENTAL_AFTER_FULL_REUSE,RR-SHOCK/7,NO_MEMORY_RESET_GATE,1,COMPLETE,INCLUDED,0.9446085650124031,0.9784404163651053,0.8511081986779053,0
r8c-4362-fb1acfa27d7437d1,4362,E2_ROLLING_INCREMENTAL_AFTER_FULL_REUSE,RR-SHOCK/7,NO_LINEAGE_CREDIT,1,COMPLETE,INCLUDED,0.8595291797969014,0.9693672670717449,0.5010905033676766,0
r8c-4363-0107e191109569e3,4363,E2_ROLLING_INCREMENTAL_AFTER_FULL_REUSE,RR-SHOCK/7,CROSS_EVENT_WARM_START_ONLY,1,COMPLETE,INCLUDED,0.9438953176335918,0.9772034488440149,0.8489711859174762,0
r8c-4364-cf09c69b701d145f,4364,E2_ROLLING_INCREMENTAL_AFTER_FULL_REUSE,RR-SHOCK/7,CROSS_EVENT_MEMORY_ONLY,1,COMPLETE,INCLUDED,0.8170866461867323,0.9704409037367704,0.33626291585392515,0
r8c-4365-b0726c394504a5ff,4365,E2_ROLLING_INCREMENTAL_AFTER_FULL_REUSE,RR-SHOCK/7,SHADE_ONLY,1,COMPLETE,INCLUDED,0.8086710167011208,0.9713817373997868,0.3073327624930928,0
r8c-4366-6e76f1e4b1528805,4366,E2_ROLLING_INCREMENTAL_AFTER_FULL_REUSE,RR-SHOCK/7,NO_CROSS_EVENT_MEMORY,2,COMPLETE,INCLUDED,0.8134174536532341,0.9682173474425635,0.32942061947705575,0
r8c-4367-bc70e32627750d8f,4367,E2_ROLLING_INCREMENTAL_AFTER_FULL_REUSE,RR-SHOCK/7,NO_EXECUTION_FEEDBACK,2,COMPLETE,INCLUDED,0.946967889274454,0.979050396542782,0.8509203697540598,0
r8c-4368-492abf531c18c80c,4368,E2_ROLLING_INCREMENTAL_AFTER_FULL_REUSE,RR-SHOCK/7,NO_REJECTION_CREDIT,2,COMPLETE,INCLUDED,0.8646222632405054,0.9705619496139783,0.5329691036262636,0
r8c-4369-349127e9638b1e61,4369,E2_ROLLING_INCREMENTAL_AFTER_FULL_REUSE,RR-SHOCK/7,NO_MEMORY_RESET_GATE,2,COMPLETE,INCLUDED,0.9460521023430193,0.9783246461698833,0.8502273656724997,0
r8c-4370-0bd6e20b5a820829,4370,E2_ROLLING_INCREMENTAL_AFTER_FULL_REUSE,RR-SHOCK/7,NO_LINEAGE_CREDIT,2,COMPLETE,INCLUDED,0.8642246408969149,0.9720452664799974,0.5309258525305491,0
r8c-4371-a42cca34739c47fc,4371,E2_ROLLING_INCREMENTAL_AFTER_FULL_REUSE,RR-SHOCK/7,CROSS_EVENT_WARM_START_ONLY,2,COMPLETE,INCLUDED,0.9428975080258283,0.9771147072442661,0.8492364428461283,0
r8c-4372-7a614c3217060bca,4372,E2_ROLLING_INCREMENTAL_AFTER_FULL_REUSE,RR-SHOCK/7,CROSS_EVENT_MEMORY_ONLY,2,COMPLETE,INCLUDED,0.8141829897664257,0.9700786565929029,0.31955244669624266,0
r8c-4373-14122e47d689f184,4373,E2_ROLLING_INCREMENTAL_AFTER_FULL_REUSE,RR-SHOCK/7,SHADE_ONLY,2,COMPLETE,INCLUDED,0.8155545673728201,0.97157236232549,0.33087478197299447,0
r8c-4374-aaa00e4d63916d45,4374,E2_ROLLING_INCREMENTAL_AFTER_FULL_REUSE,RR-SHOCK/7,NO_CROSS_EVENT_MEMORY,3,COMPLETE,INCLUDED,0.8149711564184331,0.969407699698022,0.3196553437571882,0
r8c-4375-0a30121107449e47,4375,E2_ROLLING_INCREMENTAL_AFTER_FULL_REUSE,RR-SHOCK/7,NO_EXECUTION_FEEDBACK,3,COMPLETE,INCLUDED,0.9475150757521918,0.9798278801022722,0.85156602626286,0
r8c-4376-3bcf0b65520c270a,4376,E2_ROLLING_INCREMENTAL_AFTER_FULL_REUSE,RR-SHOCK/7,NO_REJECTION_CREDIT,3,COMPLETE,INCLUDED,0.8773041517244566,0.9728010291930307,0.5941365863822305,0
r8c-4377-683c8f05ec10cf63,4377,E2_ROLLING_INCREMENTAL_AFTER_FULL_REUSE,RR-SHOCK/7,NO_MEMORY_RESET_GATE,3,COMPLETE,INCLUDED,0.9429627980855214,0.9771132484969554,0.8490087919238964,0
r8c-4378-7e27c5f7b7b87426,4378,E2_ROLLING_INCREMENTAL_AFTER_FULL_REUSE,RR-SHOCK/7,NO_LINEAGE_CREDIT,3,COMPLETE,INCLUDED,0.8627960085406958,0.971914323289855,0.5249351287777512,0
r8c-4379-6e7fb4baf11a9dca,4379,E2_ROLLING_INCREMENTAL_AFTER_FULL_REUSE,RR-SHOCK/7,CROSS_EVENT_WARM_START_ONLY,3,COMPLETE,INCLUDED,0.9421776467736397,0.9765276675054384,0.8476492518688163,0
r8c-4380-c2c657bbd131283b,4380,E2_ROLLING_INCREMENTAL_AFTER_FULL_REUSE,RR-SHOCK/7,CROSS_EVENT_MEMORY_ONLY,3,COMPLETE,INCLUDED,0.8211295137734098,0.9703062141262444,0.348899915479984,0
r8c-4381-c692db7698ef62d2,4381,E2_ROLLING_INCREMENTAL_AFTER_FULL_REUSE,RR-SHOCK/7,SHADE_ONLY,3,COMPLETE,INCLUDED,0.8137440361197623,0.971214855539601,0.32378018630166217,0
r8c-4382-b55ded866bc58b20,4382,E2_ROLLING_INCREMENTAL_AFTER_FULL_REUSE,RR-SHOCK/7,NO_CROSS_EVENT_MEMORY,4,COMPLETE,INCLUDED,0.804470969761482,0.9695066210822703,0.2895397218802779,0
r8c-4383-933a2837e05241ce,4383,E2_ROLLING_INCREMENTAL_AFTER_FULL_REUSE,RR-SHOCK/7,NO_EXECUTION_FEEDBACK,4,COMPLETE,INCLUDED,0.9460904608587999,0.9789975637258239,0.8513166570958264,0
r8c-4384-76edb6475826bc0a,4384,E2_ROLLING_INCREMENTAL_AFTER_FULL_REUSE,RR-SHOCK/7,NO_REJECTION_CREDIT,4,COMPLETE,INCLUDED,0.8652491569578634,0.9713353119503025,0.5414991154310547,0
r8c-4385-65de2c14e1d09c95,4385,E2_ROLLING_INCREMENTAL_AFTER_FULL_REUSE,RR-SHOCK/7,NO_MEMORY_RESET_GATE,4,COMPLETE,INCLUDED,0.9433295840248856,0.9770990543167064,0.8489367119298843,0
r8c-4386-4b34762d7e922347,4386,E2_ROLLING_INCREMENTAL_AFTER_FULL_REUSE,RR-SHOCK/7,NO_LINEAGE_CREDIT,4,COMPLETE,INCLUDED,0.8788635966874896,0.9757943388166517,0.5869623477879162,0
r8c-4387-c5a7d56d80b3c30f,4387,E2_ROLLING_INCREMENTAL_AFTER_FULL_REUSE,RR-SHOCK/7,CROSS_EVENT_WARM_START_ONLY,4,COMPLETE,INCLUDED,0.9431882870289086,0.9770984632522399,0.8488910225962717,0
r8c-4388-a4cc4ae7abf2be35,4388,E2_ROLLING_INCREMENTAL_AFTER_FULL_REUSE,RR-SHOCK/7,CROSS_EVENT_MEMORY_ONLY,4,COMPLETE,INCLUDED,0.8102836365008873,0.9698484169324907,0.2958244387782817,0
r8c-4389-4c870f78e3335a50,4389,E2_ROLLING_INCREMENTAL_AFTER_FULL_REUSE,RR-SHOCK/7,SHADE_ONLY,4,COMPLETE,INCLUDED,0.8073401753157684,0.9706712992039419,0.30542281506620306,0
r8c-4390-8e2d2ba0ce1ded8e,4390,E2_ROLLING_INCREMENTAL_AFTER_FULL_REUSE,RR-REJECTION/0,NO_CROSS_EVENT_MEMORY,0,COMPLETE,INCLUDED,0.8544209675007555,0.9799346524085075,0.4618239879238851,0
r8c-4391-bda7b9a0bab6eef3,4391,E2_ROLLING_INCREMENTAL_AFTER_FULL_REUSE,RR-REJECTION/0,NO_EXECUTION_FEEDBACK,0,COMPLETE,INCLUDED,0.9412014614812618,0.985267686838714,0.8025727610411663,0
r8c-4392-fa74812d79ea7699,4392,E2_ROLLING_INCREMENTAL_AFTER_FULL_REUSE,RR-REJECTION/0,NO_REJECTION_CREDIT,0,COMPLETE,INCLUDED,0.9018760469052711,0.9824778235884988,0.6442827968797294,0
r8c-4393-7de4c122dd34c9fc,4393,E2_ROLLING_INCREMENTAL_AFTER_FULL_REUSE,RR-REJECTION/0,NO_MEMORY_RESET_GATE,0,COMPLETE,INCLUDED,0.9555435975027103,0.9858992131401887,0.8522002532887162,0
r8c-4394-af84566119437315,4394,E2_ROLLING_INCREMENTAL_AFTER_FULL_REUSE,RR-REJECTION/0,NO_LINEAGE_CREDIT,0,COMPLETE,INCLUDED,0.8942892353409168,0.9826141110235097,0.611614484215316,0
r8c-4395-de2bcbf24c2b350f,4395,E2_ROLLING_INCREMENTAL_AFTER_FULL_REUSE,RR-REJECTION/0,CROSS_EVENT_WARM_START_ONLY,0,COMPLETE,INCLUDED,0.9523069220480502,0.9870868567122214,0.8543407273315125,0
r8c-4396-d740d54d50379d89,4396,E2_ROLLING_INCREMENTAL_AFTER_FULL_REUSE,RR-REJECTION/0,CROSS_EVENT_MEMORY_ONLY,0,COMPLETE,INCLUDED,0.8608555121548956,0.9811270254192511,0.4861017367167018,0
r8c-4397-74ff22f810f0b548,4397,E2_ROLLING_INCREMENTAL_AFTER_FULL_REUSE,RR-REJECTION/0,SHADE_ONLY,0,COMPLETE,INCLUDED,0.8558472279467993,0.9829433051932777,0.44852178997566755,0
r8c-4398-c9210f4c2b24d753,4398,E2_ROLLING_INCREMENTAL_AFTER_FULL_REUSE,RR-REJECTION/0,NO_CROSS_EVENT_MEMORY,1,COMPLETE,INCLUDED,0.85254897411556,0.9793053782288441,0.4475058258101005,0
r8c-4399-913d42c902ca9990,4399,E2_ROLLING_INCREMENTAL_AFTER_FULL_REUSE,RR-REJECTION/0,NO_EXECUTION_FEEDBACK,1,COMPLETE,INCLUDED,0.9471084217984664,0.9860268290578263,0.8269705720772788,0
r8c-4400-ca8e348f83763363,4400,E2_ROLLING_INCREMENTAL_AFTER_FULL_REUSE,RR-REJECTION/0,NO_REJECTION_CREDIT,1,COMPLETE,INCLUDED,0.916135545957862,0.9833008731708841,0.7069122706598234,0
r8c-4401-e3702a4a934e5628,4401,E2_ROLLING_INCREMENTAL_AFTER_FULL_REUSE,RR-REJECTION/0,NO_MEMORY_RESET_GATE,1,COMPLETE,INCLUDED,0.9514368993704021,0.985356146143147,0.8497249289335346,0
r8c-4402-8715aba00725e32b,4402,E2_ROLLING_INCREMENTAL_AFTER_FULL_REUSE,RR-REJECTION/0,NO_LINEAGE_CREDIT,1,COMPLETE,INCLUDED,0.8987209927147092,0.9820824939456282,0.6312050870590267,0
r8c-4403-f37e77c8a07cf643,4403,E2_ROLLING_INCREMENTAL_AFTER_FULL_REUSE,RR-REJECTION/0,CROSS_EVENT_WARM_START_ONLY,1,COMPLETE,INCLUDED,0.9526167814161486,0.9858215868376163,0.8504247045749538,0
r8c-4404-b8207db977c6714e,4404,E2_ROLLING_INCREMENTAL_AFTER_FULL_REUSE,RR-REJECTION/0,CROSS_EVENT_MEMORY_ONLY,1,COMPLETE,INCLUDED,0.8682920977209987,0.9802050432489544,0.5166825813317102,0
r8c-4405-8e143b081c71bdbd,4405,E2_ROLLING_INCREMENTAL_AFTER_FULL_REUSE,RR-REJECTION/0,SHADE_ONLY,1,COMPLETE,INCLUDED,0.8474389981884689,0.9812691284984769,0.4199815776712929,0
r8c-4406-7bfce38abf6f15db,4406,E2_ROLLING_INCREMENTAL_AFTER_FULL_REUSE,RR-REJECTION/0,NO_CROSS_EVENT_MEMORY,2,COMPLETE,INCLUDED,0.8532809690346317,0.9786574033847272,0.466666102260993,0
r8c-4407-4656ed6d235cbbf4,4407,E2_ROLLING_INCREMENTAL_AFTER_FULL_REUSE,RR-REJECTION/0,NO_EXECUTION_FEEDBACK,2,COMPLETE,INCLUDED,0.9574781515917117,0.9878716125166459,0.8553747977021364,0
r8c-4408-67d82921e9a18d1e,4408,E2_ROLLING_INCREMENTAL_AFTER_FULL_REUSE,RR-REJECTION/0,NO_REJECTION_CREDIT,2,COMPLETE,INCLUDED,0.9243933459036752,0.9827736980354451,0.7338619904508933,0
r8c-4409-3d84ce09733c83fb,4409,E2_ROLLING_INCREMENTAL_AFTER_FULL_REUSE,RR-REJECTION/0,NO_MEMORY_RESET_GATE,2,COMPLETE,INCLUDED,0.9523155463618533,0.9857698470232273,0.8525854866171282,0
r8c-4410-7e95ee3379201f7b,4410,E2_ROLLING_INCREMENTAL_AFTER_FULL_REUSE,RR-REJECTION/0,NO_LINEAGE_CREDIT,2,COMPLETE,INCLUDED,0.8925300742493855,0.9814009852722133,0.6059268619497106,0
r8c-4411-5b6c01c91a45d633,4411,E2_ROLLING_INCREMENTAL_AFTER_FULL_REUSE,RR-REJECTION/0,CROSS_EVENT_WARM_START_ONLY,2,COMPLETE,INCLUDED,0.9533156201954516,0.9867968990315215,0.8504508576499981,0
r8c-4412-9544ae4781233d75,4412,E2_ROLLING_INCREMENTAL_AFTER_FULL_REUSE,RR-REJECTION/0,CROSS_EVENT_MEMORY_ONLY,2,COMPLETE,INCLUDED,0.8595996520860248,0.9805901769567693,0.47843838013995826,0
r8c-4413-30f65140b275140f,4413,E2_ROLLING_INCREMENTAL_AFTER_FULL_REUSE,RR-REJECTION/0,SHADE_ONLY,2,COMPLETE,INCLUDED,0.8502955286254282,0.9796128669127876,0.4614306904763022,0
r8c-4414-d88c5029c553169d,4414,E2_ROLLING_INCREMENTAL_AFTER_FULL_REUSE,RR-REJECTION/0,NO_CROSS_EVENT_MEMORY,3,COMPLETE,INCLUDED,0.8463087247409842,0.98016791117956,0.4258864472123229,0
r8c-4415-2540482e49952efa,4415,E2_ROLLING_INCREMENTAL_AFTER_FULL_REUSE,RR-REJECTION/0,NO_EXECUTION_FEEDBACK,3,COMPLETE,INCLUDED,0.9408830998707719,0.9857693401439672,0.7992608598298072,0
r8c-4416-9f8cc1d2cc8582ed,4416,E2_ROLLING_INCREMENTAL_AFTER_FULL_REUSE,RR-REJECTION/0,NO_REJECTION_CREDIT,3,COMPLETE,INCLUDED,0.90741930153028,0.9838416903642226,0.6722946457440876,0
r8c-4417-42b99aed5ced6645,4417,E2_ROLLING_INCREMENTAL_AFTER_FULL_REUSE,RR-REJECTION/0,NO_MEMORY_RESET_GATE,3,COMPLETE,INCLUDED,0.9519985077406892,0.9868043068365389,0.8416385005319078,0
r8c-4418-a0fd6f10d6ee25df,4418,E2_ROLLING_INCREMENTAL_AFTER_FULL_REUSE,RR-REJECTION/0,NO_LINEAGE_CREDIT,3,COMPLETE,INCLUDED,0.8948626332528447,0.9838223940368716,0.6056080984284619,0
r8c-4419-05f02d0e5740d370,4419,E2_ROLLING_INCREMENTAL_AFTER_FULL_REUSE,RR-REJECTION/0,CROSS_EVENT_WARM_START_ONLY,3,COMPLETE,INCLUDED,0.9520747389686219,0.9857499682773417,0.849134310395728,0
r8c-4420-84d61377d0205d42,4420,E2_ROLLING_INCREMENTAL_AFTER_FULL_REUSE,RR-REJECTION/0,CROSS_EVENT_MEMORY_ONLY,3,COMPLETE,INCLUDED,0.8424597069242241,0.980328287404981,0.3963172806497807,0
r8c-4421-d02c37fd36407ae9,4421,E2_ROLLING_INCREMENTAL_AFTER_FULL_REUSE,RR-REJECTION/0,SHADE_ONLY,3,COMPLETE,INCLUDED,0.8598296138043307,0.9833266853982542,0.4689944795984658,0
r8c-4422-694f74dedf72f330,4422,E2_ROLLING_INCREMENTAL_AFTER_FULL_REUSE,RR-REJECTION/0,NO_CROSS_EVENT_MEMORY,4,COMPLETE,INCLUDED,0.8567734061966144,0.9787045880445578,0.4669151846798094,0
r8c-4423-8c67cdd7c178412f,4423,E2_ROLLING_INCREMENTAL_AFTER_FULL_REUSE,RR-REJECTION/0,NO_EXECUTION_FEEDBACK,4,COMPLETE,INCLUDED,0.9487004246884003,0.9863892925355664,0.8341093226465042,0
r8c-4424-a6a2eced3858f9e2,4424,E2_ROLLING_INCREMENTAL_AFTER_FULL_REUSE,RR-REJECTION/0,NO_REJECTION_CREDIT,4,COMPLETE,INCLUDED,0.9113728771928178,0.9841222650927092,0.6832743928622647,0
r8c-4425-f099ff9a9b75b577,4425,E2_ROLLING_INCREMENTAL_AFTER_FULL_REUSE,RR-REJECTION/0,NO_MEMORY_RESET_GATE,4,COMPLETE,INCLUDED,0.9539491072277722,0.9861670742775178,0.8545266599955316,0
r8c-4426-ef4e59ca80613d29,4426,E2_ROLLING_INCREMENTAL_AFTER_FULL_REUSE,RR-REJECTION/0,NO_LINEAGE_CREDIT,4,COMPLETE,INCLUDED,0.9099274750032947,0.9829397525951944,0.6884685903780057,0
r8c-4427-6e822f99e28210d3,4427,E2_ROLLING_INCREMENTAL_AFTER_FULL_REUSE,RR-REJECTION/0,CROSS_EVENT_WARM_START_ONLY,4,COMPLETE,INCLUDED,0.9548157497570037,0.9853113387673265,0.8544309229454973,0
r8c-4428-b54ffd1cbf372056,4428,E2_ROLLING_INCREMENTAL_AFTER_FULL_REUSE,RR-REJECTION/0,CROSS_EVENT_MEMORY_ONLY,4,COMPLETE,INCLUDED,0.8503103329213075,0.9793207936151418,0.4321585452871386,0
r8c-4429-7abe05266d0d4223,4429,E2_ROLLING_INCREMENTAL_AFTER_FULL_REUSE,RR-REJECTION/0,SHADE_ONLY,4,COMPLETE,INCLUDED,0.8542475987839293,0.9810069535162802,0.4681896814277965,0
r8c-4430-580cc022b175a67b,4430,E2_ROLLING_INCREMENTAL_AFTER_FULL_REUSE,RR-REJECTION/1,NO_CROSS_EVENT_MEMORY,0,COMPLETE,INCLUDED,0.8656878349467039,0.9857460028168266,0.49391357986490453,0
r8c-4431-d46d9fdefd51c313,4431,E2_ROLLING_INCREMENTAL_AFTER_FULL_REUSE,RR-REJECTION/1,NO_EXECUTION_FEEDBACK,0,COMPLETE,INCLUDED,0.9577187102647299,0.9912292022868504,0.8640885495650314,0
r8c-4432-acc4fc6645e692f2,4432,E2_ROLLING_INCREMENTAL_AFTER_FULL_REUSE,RR-REJECTION/1,NO_REJECTION_CREDIT,0,COMPLETE,INCLUDED,0.9205302518379662,0.9883517407524545,0.7175362670536048,0
r8c-4433-8af280ede6d6ab39,4433,E2_ROLLING_INCREMENTAL_AFTER_FULL_REUSE,RR-REJECTION/1,NO_MEMORY_RESET_GATE,0,COMPLETE,INCLUDED,0.9601544740046724,0.9910637463770724,0.8663241423639008,0
r8c-4434-87f661519fd09457,4434,E2_ROLLING_INCREMENTAL_AFTER_FULL_REUSE,RR-REJECTION/1,NO_LINEAGE_CREDIT,0,COMPLETE,INCLUDED,0.9075992409348952,0.9861069106435713,0.6659635738311364,0
r8c-4435-d001e2882ee79a00,4435,E2_ROLLING_INCREMENTAL_AFTER_FULL_REUSE,RR-REJECTION/1,CROSS_EVENT_WARM_START_ONLY,0,COMPLETE,INCLUDED,0.9616172064928692,0.9924418433674171,0.8657796320994828,0
r8c-4436-0828592c5b2347b1,4436,E2_ROLLING_INCREMENTAL_AFTER_FULL_REUSE,RR-REJECTION/1,CROSS_EVENT_MEMORY_ONLY,0,COMPLETE,INCLUDED,0.8711650589612896,0.9844190282784859,0.5257357277657257,0
r8c-4437-3e96ece54a106e44,4437,E2_ROLLING_INCREMENTAL_AFTER_FULL_REUSE,RR-REJECTION/1,SHADE_ONLY,0,COMPLETE,INCLUDED,0.8604252937282573,0.9857400242201122,0.4745918416152578,0
r8c-4438-2ac2a27d51a5e8ea,4438,E2_ROLLING_INCREMENTAL_AFTER_FULL_REUSE,RR-REJECTION/1,NO_CROSS_EVENT_MEMORY,1,COMPLETE,INCLUDED,0.8641783220630141,0.985818354676083,0.47508768228710613,0
r8c-4439-ed98f0cb1c723bba,4439,E2_ROLLING_INCREMENTAL_AFTER_FULL_REUSE,RR-REJECTION/1,NO_EXECUTION_FEEDBACK,1,COMPLETE,INCLUDED,0.9578387720014071,0.9910462930919604,0.8664128146817959,0
r8c-4440-fb8077572540012e,4440,E2_ROLLING_INCREMENTAL_AFTER_FULL_REUSE,RR-REJECTION/1,NO_REJECTION_CREDIT,1,COMPLETE,INCLUDED,0.9208222739876245,0.9889031575794551,0.7075870464774621,0
r8c-4441-d69dfb2fc43eb605,4441,E2_ROLLING_INCREMENTAL_AFTER_FULL_REUSE,RR-REJECTION/1,NO_MEMORY_RESET_GATE,1,COMPLETE,INCLUDED,0.9590950977029602,0.9910735165477899,0.8632493981887687,0
r8c-4442-fb538917f43685e0,4442,E2_ROLLING_INCREMENTAL_AFTER_FULL_REUSE,RR-REJECTION/1,NO_LINEAGE_CREDIT,1,COMPLETE,INCLUDED,0.9067202184123122,0.9872999777708864,0.657877547514563,0
r8c-4443-43ef486e069ac634,4443,E2_ROLLING_INCREMENTAL_AFTER_FULL_REUSE,RR-REJECTION/1,CROSS_EVENT_WARM_START_ONLY,1,COMPLETE,INCLUDED,0.9621784298491429,0.9911691984644682,0.8662231901615225,0
r8c-4444-c112f4bdd9ec36db,4444,E2_ROLLING_INCREMENTAL_AFTER_FULL_REUSE,RR-REJECTION/1,CROSS_EVENT_MEMORY_ONLY,1,COMPLETE,INCLUDED,0.8656140116395429,0.9856014678415896,0.48204283234160555,0
r8c-4445-1630c2cbc62ed972,4445,E2_ROLLING_INCREMENTAL_AFTER_FULL_REUSE,RR-REJECTION/1,SHADE_ONLY,1,COMPLETE,INCLUDED,0.8605984975352255,0.9851564223851718,0.47529200513877723,0
r8c-4446-9ed03fcf15b95ff1,4446,E2_ROLLING_INCREMENTAL_AFTER_FULL_REUSE,RR-REJECTION/1,NO_CROSS_EVENT_MEMORY,2,COMPLETE,INCLUDED,0.8757920039430577,0.9846368631635333,0.542809764118953,0
r8c-4447-bfaf6f99f957706b,4447,E2_ROLLING_INCREMENTAL_AFTER_FULL_REUSE,RR-REJECTION/1,NO_EXECUTION_FEEDBACK,2,COMPLETE,INCLUDED,0.9488949936990135,0.9899106387716031,0.8236834747569801,0
r8c-4448-c5cc8c6e1b782cfb,4448,E2_ROLLING_INCREMENTAL_AFTER_FULL_REUSE,RR-REJECTION/1,NO_REJECTION_CREDIT,2,COMPLETE,INCLUDED,0.9205189352521783,0.9882410636795891,0.707421766504992,0
r8c-4449-c7032ce1fa959012,4449,E2_ROLLING_INCREMENTAL_AFTER_FULL_REUSE,RR-REJECTION/1,NO_MEMORY_RESET_GATE,2,COMPLETE,INCLUDED,0.9599010327008806,0.9924832443720488,0.8676725740289107,0
r8c-4450-b302e3a629206893,4450,E2_ROLLING_INCREMENTAL_AFTER_FULL_REUSE,RR-REJECTION/1,NO_LINEAGE_CREDIT,2,COMPLETE,INCLUDED,0.9326985231414697,0.9883633539164352,0.757009911987304,0
r8c-4451-a933f79c714680f4,4451,E2_ROLLING_INCREMENTAL_AFTER_FULL_REUSE,RR-REJECTION/1,CROSS_EVENT_WARM_START_ONLY,2,COMPLETE,INCLUDED,0.9601576281310011,0.9908164589729334,0.8658007412621345,0
r8c-4452-19cbfafc0836b6ea,4452,E2_ROLLING_INCREMENTAL_AFTER_FULL_REUSE,RR-REJECTION/1,CROSS_EVENT_MEMORY_ONLY,2,COMPLETE,INCLUDED,0.8652302476364335,0.9846599999372068,0.5021851051263521,0
r8c-4453-a5f222acc465d1eb,4453,E2_ROLLING_INCREMENTAL_AFTER_FULL_REUSE,RR-REJECTION/1,SHADE_ONLY,2,COMPLETE,INCLUDED,0.8691543491902785,0.9862010133954584,0.5067935302526815,0
r8c-4454-11cbba954bbc96d0,4454,E2_ROLLING_INCREMENTAL_AFTER_FULL_REUSE,RR-REJECTION/1,NO_CROSS_EVENT_MEMORY,3,COMPLETE,INCLUDED,0.8673179905383905,0.986163156521787,0.4888188557755343,0
r8c-4455-dcbfa9d3917c7dee,4455,E2_ROLLING_INCREMENTAL_AFTER_FULL_REUSE,RR-REJECTION/1,NO_EXECUTION_FEEDBACK,3,COMPLETE,INCLUDED,0.9589019928495084,0.9909785388389623,0.8661396305346728,0
r8c-4456-bca34df50dd77965,4456,E2_ROLLING_INCREMENTAL_AFTER_FULL_REUSE,RR-REJECTION/1,NO_REJECTION_CREDIT,3,COMPLETE,INCLUDED,0.9153867076178569,0.988276722098773,0.6975135080278818,0
r8c-4457-6102e784cbbaed20,4457,E2_ROLLING_INCREMENTAL_AFTER_FULL_REUSE,RR-REJECTION/1,NO_MEMORY_RESET_GATE,3,COMPLETE,INCLUDED,0.9577810994799829,0.9915247997840246,0.863467096440683,0
r8c-4458-713933e5614997d7,4458,E2_ROLLING_INCREMENTAL_AFTER_FULL_REUSE,RR-REJECTION/1,NO_LINEAGE_CREDIT,3,COMPLETE,INCLUDED,0.9296731444512014,0.9887769310876813,0.7509840413460436,0
r8c-4459-0d143a932eb3e1f3,4459,E2_ROLLING_INCREMENTAL_AFTER_FULL_REUSE,RR-REJECTION/1,CROSS_EVENT_WARM_START_ONLY,3,COMPLETE,INCLUDED,0.9606553291767053,0.9915812612378339,0.8668408717412136,0
r8c-4460-0d4446875cecbc72,4460,E2_ROLLING_INCREMENTAL_AFTER_FULL_REUSE,RR-REJECTION/1,CROSS_EVENT_MEMORY_ONLY,3,COMPLETE,INCLUDED,0.872582598027557,0.9855767824069869,0.5087164277023752,0
r8c-4461-f5b2e3b215c92d05,4461,E2_ROLLING_INCREMENTAL_AFTER_FULL_REUSE,RR-REJECTION/1,SHADE_ONLY,3,COMPLETE,INCLUDED,0.8682126296161086,0.9860308452471456,0.5172978224300124,0
r8c-4462-d50154f3d39df084,4462,E2_ROLLING_INCREMENTAL_AFTER_FULL_REUSE,RR-REJECTION/1,NO_CROSS_EVENT_MEMORY,4,COMPLETE,INCLUDED,0.8631247252261453,0.9847934807151424,0.4825009705090501,0
r8c-4463-4c74e0d0c5b60b36,4463,E2_ROLLING_INCREMENTAL_AFTER_FULL_REUSE,RR-REJECTION/1,NO_EXECUTION_FEEDBACK,4,COMPLETE,INCLUDED,0.9486559504834983,0.9904515555469006,0.8169957701980068,0
r8c-4464-7561f717f2cba9f6,4464,E2_ROLLING_INCREMENTAL_AFTER_FULL_REUSE,RR-REJECTION/1,NO_REJECTION_CREDIT,4,COMPLETE,INCLUDED,0.9174660711630362,0.9877747007179927,0.6993419128129811,0
r8c-4465-697694ec3abb7c4c,4465,E2_ROLLING_INCREMENTAL_AFTER_FULL_REUSE,RR-REJECTION/1,NO_MEMORY_RESET_GATE,4,COMPLETE,INCLUDED,0.9601256283191109,0.9915455814333534,0.866918918855179,0
r8c-4466-79b6b2d1e4932280,4466,E2_ROLLING_INCREMENTAL_AFTER_FULL_REUSE,RR-REJECTION/1,NO_LINEAGE_CREDIT,4,COMPLETE,INCLUDED,0.9101696958427581,0.988361531907709,0.6711930444595842,0
r8c-4467-cec498f984999b25,4467,E2_ROLLING_INCREMENTAL_AFTER_FULL_REUSE,RR-REJECTION/1,CROSS_EVENT_WARM_START_ONLY,4,COMPLETE,INCLUDED,0.9626068517963662,0.9914590447125443,0.866134015289952,0
r8c-4468-c2c4fe15229f0244,4468,E2_ROLLING_INCREMENTAL_AFTER_FULL_REUSE,RR-REJECTION/1,CROSS_EVENT_MEMORY_ONLY,4,COMPLETE,INCLUDED,0.8676099000453201,0.98622582570982,0.49688105253243403,0
r8c-4469-c4215978aea9ddf2,4469,E2_ROLLING_INCREMENTAL_AFTER_FULL_REUSE,RR-REJECTION/1,SHADE_ONLY,4,COMPLETE,INCLUDED,0.8528260381277587,0.985164094730794,0.42508606093094403,0
r8c-4470-d08376a195588258,4470,E2_ROLLING_INCREMENTAL_AFTER_FULL_REUSE,RR-REJECTION/2,NO_CROSS_EVENT_MEMORY,0,COMPLETE,INCLUDED,0.7515112302242537,0.9201924955278743,0.23366839277415716,0
r8c-4471-cc0b131a573be9d1,4471,E2_ROLLING_INCREMENTAL_AFTER_FULL_REUSE,RR-REJECTION/2,NO_EXECUTION_FEEDBACK,0,COMPLETE,INCLUDED,0.8366337293485067,0.928732499489238,0.568082771183423,0
r8c-4472-1dbbd64d5723f3c0,4472,E2_ROLLING_INCREMENTAL_AFTER_FULL_REUSE,RR-REJECTION/2,NO_REJECTION_CREDIT,0,COMPLETE,INCLUDED,0.8379294587534638,0.9253190491697548,0.5787534263307698,0
r8c-4473-89b5b5b43ca69bb6,4473,E2_ROLLING_INCREMENTAL_AFTER_FULL_REUSE,RR-REJECTION/2,NO_MEMORY_RESET_GATE,0,COMPLETE,INCLUDED,0.875745907443789,0.9294679078383856,0.7250301266091586,0
r8c-4474-3ae3ca069cd7be45,4474,E2_ROLLING_INCREMENTAL_AFTER_FULL_REUSE,RR-REJECTION/2,NO_LINEAGE_CREDIT,0,COMPLETE,INCLUDED,0.7901142353726727,0.9221145262708491,0.39914554561196663,0
r8c-4475-ab090532dda0c4f5,4475,E2_ROLLING_INCREMENTAL_AFTER_FULL_REUSE,RR-REJECTION/2,CROSS_EVENT_WARM_START_ONLY,0,COMPLETE,INCLUDED,0.875090860632276,0.9268992152157678,0.7313903970766589,0
r8c-4476-cebf8f6c1eec3c9c,4476,E2_ROLLING_INCREMENTAL_AFTER_FULL_REUSE,RR-REJECTION/2,CROSS_EVENT_MEMORY_ONLY,0,COMPLETE,INCLUDED,0.7348818169851558,0.9215917153333903,0.17743080850903667,0
r8c-4477-b8a6187ce8ab1276,4477,E2_ROLLING_INCREMENTAL_AFTER_FULL_REUSE,RR-REJECTION/2,SHADE_ONLY,0,COMPLETE,INCLUDED,0.7425887967736895,0.9247761642209552,0.18523613500162434,0
r8c-4478-e0ff654a43799db4,4478,E2_ROLLING_INCREMENTAL_AFTER_FULL_REUSE,RR-REJECTION/2,NO_CROSS_EVENT_MEMORY,1,COMPLETE,INCLUDED,0.7386982438202723,0.9222711169966997,0.1645855780826773,0
r8c-4479-1d5d64cecb6caad3,4479,E2_ROLLING_INCREMENTAL_AFTER_FULL_REUSE,RR-REJECTION/2,NO_EXECUTION_FEEDBACK,1,COMPLETE,INCLUDED,0.8406620911333654,0.9257682991646478,0.5867384524303421,0
r8c-4480-7544c7588460d592,4480,E2_ROLLING_INCREMENTAL_AFTER_FULL_REUSE,RR-REJECTION/2,NO_REJECTION_CREDIT,1,COMPLETE,INCLUDED,0.8436032593011193,0.925043323606784,0.5855503271383059,0
r8c-4481-479051a4b80609d5,4481,E2_ROLLING_INCREMENTAL_AFTER_FULL_REUSE,RR-REJECTION/2,NO_MEMORY_RESET_GATE,1,COMPLETE,INCLUDED,0.8712631531248649,0.9264178098344049,0.7102323430777556,0
r8c-4482-102651bab30b2380,4482,E2_ROLLING_INCREMENTAL_AFTER_FULL_REUSE,RR-REJECTION/2,NO_LINEAGE_CREDIT,1,COMPLETE,INCLUDED,0.8107426387893808,0.9254784936423457,0.4753055044900815,0
r8c-4483-3a72e408f334157d,4483,E2_ROLLING_INCREMENTAL_AFTER_FULL_REUSE,RR-REJECTION/2,CROSS_EVENT_WARM_START_ONLY,1,COMPLETE,INCLUDED,0.8785333854398466,0.9295344711634362,0.7256541746187684,0
r8c-4484-a53cb4a54d4bc4cb,4484,E2_ROLLING_INCREMENTAL_AFTER_FULL_REUSE,RR-REJECTION/2,CROSS_EVENT_MEMORY_ONLY,1,COMPLETE,INCLUDED,0.7528310179849205,0.9216389876363067,0.22825713694528474,0
r8c-4485-58d0537dfba8b1ed,4485,E2_ROLLING_INCREMENTAL_AFTER_FULL_REUSE,RR-REJECTION/2,SHADE_ONLY,1,COMPLETE,INCLUDED,0.7363338872001768,0.9222990777289624,0.1816736610355942,0
r8c-4486-4ec6932ad0c62f8a,4486,E2_ROLLING_INCREMENTAL_AFTER_FULL_REUSE,RR-REJECTION/2,NO_CROSS_EVENT_MEMORY,2,COMPLETE,INCLUDED,0.7419667407748132,0.9224413159577105,0.20406562873637177,0
r8c-4487-15c8036e23d159e3,4487,E2_ROLLING_INCREMENTAL_AFTER_FULL_REUSE,RR-REJECTION/2,NO_EXECUTION_FEEDBACK,2,COMPLETE,INCLUDED,0.8371758146761049,0.9281652219147813,0.5743656220262146,0
r8c-4488-89c85581379f48b3,4488,E2_ROLLING_INCREMENTAL_AFTER_FULL_REUSE,RR-REJECTION/2,NO_REJECTION_CREDIT,2,COMPLETE,INCLUDED,0.8384473831451345,0.923167290783895,0.5801464114087113,0
r8c-4489-ac2619b2c52f048f,4489,E2_ROLLING_INCREMENTAL_AFTER_FULL_REUSE,RR-REJECTION/2,NO_MEMORY_RESET_GATE,2,COMPLETE,INCLUDED,0.8769501706391749,0.9273350409273611,0.7353930826281319,0
r8c-4490-79f016be37cf18bd,4490,E2_ROLLING_INCREMENTAL_AFTER_FULL_REUSE,RR-REJECTION/2,NO_LINEAGE_CREDIT,2,COMPLETE,INCLUDED,0.820113304201495,0.9255734011871111,0.5111626190580356,0
r8c-4491-ceaf915927e84e70,4491,E2_ROLLING_INCREMENTAL_AFTER_FULL_REUSE,RR-REJECTION/2,CROSS_EVENT_WARM_START_ONLY,2,COMPLETE,INCLUDED,0.8739459098257665,0.9290502514283435,0.7159384692156262,0
r8c-4492-89aba46e14b56c93,4492,E2_ROLLING_INCREMENTAL_AFTER_FULL_REUSE,RR-REJECTION/2,CROSS_EVENT_MEMORY_ONLY,2,COMPLETE,INCLUDED,0.749481559270345,0.9211122556923744,0.22785617172260575,0
r8c-4493-a06ba4d258250656,4493,E2_ROLLING_INCREMENTAL_AFTER_FULL_REUSE,RR-REJECTION/2,SHADE_ONLY,2,COMPLETE,INCLUDED,0.7364700010790858,0.9207116644398334,0.17778981840339075,0
r8c-4494-04775ccb757def4b,4494,E2_ROLLING_INCREMENTAL_AFTER_FULL_REUSE,RR-REJECTION/2,NO_CROSS_EVENT_MEMORY,3,COMPLETE,INCLUDED,0.7465194241654493,0.9206065273580757,0.22009654031837025,0
r8c-4495-97063b57876b694b,4495,E2_ROLLING_INCREMENTAL_AFTER_FULL_REUSE,RR-REJECTION/2,NO_EXECUTION_FEEDBACK,3,COMPLETE,INCLUDED,0.8514301082129301,0.9272512754272257,0.6460670357831177,0
r8c-4496-9ee766f92c1c2ad0,4496,E2_ROLLING_INCREMENTAL_AFTER_FULL_REUSE,RR-REJECTION/2,NO_REJECTION_CREDIT,3,COMPLETE,INCLUDED,0.8491720241867092,0.9271332697840273,0.6080951689402242,0
r8c-4497-76d92967229ac0de,4497,E2_ROLLING_INCREMENTAL_AFTER_FULL_REUSE,RR-REJECTION/2,NO_MEMORY_RESET_GATE,3,COMPLETE,INCLUDED,0.8791365149047804,0.9276519452231522,0.7451066877802234,0
r8c-4498-0199dd7a011be2d6,4498,E2_ROLLING_INCREMENTAL_AFTER_FULL_REUSE,RR-REJECTION/2,NO_LINEAGE_CREDIT,3,COMPLETE,INCLUDED,0.7904549976599708,0.9230360387577294,0.3971501534452332,0
r8c-4499-6e9e24c588c47c4c,4499,E2_ROLLING_INCREMENTAL_AFTER_FULL_REUSE,RR-REJECTION/2,CROSS_EVENT_WARM_START_ONLY,3,COMPLETE,INCLUDED,0.8757046657834364,0.9276660269352155,0.7271144525843155,0
r8c-4500-9fd82574b285bc86,4500,E2_ROLLING_INCREMENTAL_AFTER_FULL_REUSE,RR-REJECTION/2,CROSS_EVENT_MEMORY_ONLY,3,COMPLETE,INCLUDED,0.7510216493206017,0.921997532277542,0.22086515163511453,0
r8c-4501-256018e4c80ae909,4501,E2_ROLLING_INCREMENTAL_AFTER_FULL_REUSE,RR-REJECTION/2,SHADE_ONLY,3,COMPLETE,INCLUDED,0.7342936033667782,0.9210011436424719,0.1747993960502817,0
r8c-4502-55644cc8675bacfd,4502,E2_ROLLING_INCREMENTAL_AFTER_FULL_REUSE,RR-REJECTION/2,NO_CROSS_EVENT_MEMORY,4,COMPLETE,INCLUDED,0.7454391144615367,0.9208815313442564,0.21414627600433173,0
r8c-4503-aaba2aedbe0c2c40,4503,E2_ROLLING_INCREMENTAL_AFTER_FULL_REUSE,RR-REJECTION/2,NO_EXECUTION_FEEDBACK,4,COMPLETE,INCLUDED,0.8382755125825545,0.9263480249091532,0.5698114648112922,0
r8c-4504-87e1006bcb72eb52,4504,E2_ROLLING_INCREMENTAL_AFTER_FULL_REUSE,RR-REJECTION/2,NO_REJECTION_CREDIT,4,COMPLETE,INCLUDED,0.8383705592844205,0.9246713803955858,0.5745203914005766,0
r8c-4505-c0d3321a365c1c06,4505,E2_ROLLING_INCREMENTAL_AFTER_FULL_REUSE,RR-REJECTION/2,NO_MEMORY_RESET_GATE,4,COMPLETE,INCLUDED,0.8782760181721979,0.9277311045119779,0.7266224981182428,0
r8c-4506-904dc61b1e088fa6,4506,E2_ROLLING_INCREMENTAL_AFTER_FULL_REUSE,RR-REJECTION/2,NO_LINEAGE_CREDIT,4,COMPLETE,INCLUDED,0.8031155280354516,0.9230582230768588,0.44581205482998315,0
r8c-4507-e13dce645191d254,4507,E2_ROLLING_INCREMENTAL_AFTER_FULL_REUSE,RR-REJECTION/2,CROSS_EVENT_WARM_START_ONLY,4,COMPLETE,INCLUDED,0.8798324024632163,0.9275481665865074,0.7373099572864468,0
r8c-4508-f6466a2d14941727,4508,E2_ROLLING_INCREMENTAL_AFTER_FULL_REUSE,RR-REJECTION/2,CROSS_EVENT_MEMORY_ONLY,4,COMPLETE,INCLUDED,0.7512915766349678,0.9221697487434529,0.23107509510341503,0
r8c-4509-035c12fe53d31b54,4509,E2_ROLLING_INCREMENTAL_AFTER_FULL_REUSE,RR-REJECTION/2,SHADE_ONLY,4,COMPLETE,INCLUDED,0.7400593485945096,0.9219751622305157,0.19583263448663946,0
r8c-4510-ba5bcf594f6f7043,4510,E2_ROLLING_INCREMENTAL_AFTER_FULL_REUSE,RR-REJECTION/3,NO_CROSS_EVENT_MEMORY,0,COMPLETE,INCLUDED,0.7754941882627633,0.9267670572954264,0.3338480430662721,0
r8c-4511-38b8b5b703adf85d,4511,E2_ROLLING_INCREMENTAL_AFTER_FULL_REUSE,RR-REJECTION/3,NO_EXECUTION_FEEDBACK,0,COMPLETE,INCLUDED,0.9053884406089046,0.941204465688033,0.8101358537285696,0
r8c-4512-6cd1e37873460342,4512,E2_ROLLING_INCREMENTAL_AFTER_FULL_REUSE,RR-REJECTION/3,NO_REJECTION_CREDIT,0,COMPLETE,INCLUDED,0.7424140722115539,0.8247295964126288,0.5118332898499561,0
r8c-4513-77526c16a928021a,4513,E2_ROLLING_INCREMENTAL_AFTER_FULL_REUSE,RR-REJECTION/3,NO_MEMORY_RESET_GATE,0,COMPLETE,INCLUDED,0.9069400319476666,0.9423954516253504,0.8111990910438098,0
r8c-4514-516b2bd2ced3827e,4514,E2_ROLLING_INCREMENTAL_AFTER_FULL_REUSE,RR-REJECTION/3,NO_LINEAGE_CREDIT,0,COMPLETE,INCLUDED,0.8422325140159866,0.9319573688308527,0.5909242842299015,0
r8c-4515-1c7e97680350ff36,4515,E2_ROLLING_INCREMENTAL_AFTER_FULL_REUSE,RR-REJECTION/3,CROSS_EVENT_WARM_START_ONLY,0,COMPLETE,INCLUDED,0.8333006088954524,0.8932616109108938,0.6708093030139654,0
r8c-4516-afadc917ef607782,4516,E2_ROLLING_INCREMENTAL_AFTER_FULL_REUSE,RR-REJECTION/3,CROSS_EVENT_MEMORY_ONLY,0,COMPLETE,INCLUDED,0.7459981111467588,0.9014665126041492,0.30349606707763377,0
r8c-4517-88c199fd687a75a0,4517,E2_ROLLING_INCREMENTAL_AFTER_FULL_REUSE,RR-REJECTION/3,SHADE_ONLY,0,COMPLETE,INCLUDED,0.6977445635154944,0.8585830491737907,0.25304410900928637,0
r8c-4518-4c8fee7198fc63f9,4518,E2_ROLLING_INCREMENTAL_AFTER_FULL_REUSE,RR-REJECTION/3,NO_CROSS_EVENT_MEMORY,1,COMPLETE,INCLUDED,0.7460654568138325,0.9039813055852356,0.2922694366702273,0
r8c-4519-55101bf9b60b645c,4519,E2_ROLLING_INCREMENTAL_AFTER_FULL_REUSE,RR-REJECTION/3,NO_EXECUTION_FEEDBACK,1,COMPLETE,INCLUDED,0.9054258057258087,0.9417302463561409,0.8091789805946125,0
r8c-4520-605cd094c8042814,4520,E2_ROLLING_INCREMENTAL_AFTER_FULL_REUSE,RR-REJECTION/3,NO_REJECTION_CREDIT,1,COMPLETE,INCLUDED,0.8194746590782334,0.9315773403722778,0.5096713247625221,0
r8c-4521-16e26f8e92b9091a,4521,E2_ROLLING_INCREMENTAL_AFTER_FULL_REUSE,RR-REJECTION/3,NO_MEMORY_RESET_GATE,1,COMPLETE,INCLUDED,0.9073947081912715,0.9411420603080929,0.8100059229244391,0
r8c-4522-ed69cf8b965c3d52,4522,E2_ROLLING_INCREMENTAL_AFTER_FULL_REUSE,RR-REJECTION/3,NO_LINEAGE_CREDIT,1,COMPLETE,INCLUDED,0.8427641612536085,0.9312867973702567,0.5679785749533228,0
r8c-4523-2e281a48fd86db67,4523,E2_ROLLING_INCREMENTAL_AFTER_FULL_REUSE,RR-REJECTION/3,CROSS_EVENT_WARM_START_ONLY,1,COMPLETE,INCLUDED,0.8468085059558884,0.9009551247755949,0.697311508888462,0
r8c-4524-43f7ad94872e5cd9,4524,E2_ROLLING_INCREMENTAL_AFTER_FULL_REUSE,RR-REJECTION/3,CROSS_EVENT_MEMORY_ONLY,1,COMPLETE,INCLUDED,0.7651047079974805,0.9246900075095634,0.3219236519022597,0
r8c-4525-3b3a0f27d998f4b2,4525,E2_ROLLING_INCREMENTAL_AFTER_FULL_REUSE,RR-REJECTION/3,SHADE_ONLY,1,COMPLETE,INCLUDED,0.7660309135094722,0.9288496812780233,0.31395923688223726,0
r8c-4526-9df89ddeffaa49b8,4526,E2_ROLLING_INCREMENTAL_AFTER_FULL_REUSE,RR-REJECTION/3,NO_CROSS_EVENT_MEMORY,2,COMPLETE,INCLUDED,0.7754912264107289,0.9296121394577538,0.3297009717176655,0
r8c-4527-4270eb028fc402f7,4527,E2_ROLLING_INCREMENTAL_AFTER_FULL_REUSE,RR-REJECTION/3,NO_EXECUTION_FEEDBACK,2,COMPLETE,INCLUDED,0.9072745564795403,0.9401878806975141,0.8101575620765407,0
r8c-4528-c40d85977af3bd0a,4528,E2_ROLLING_INCREMENTAL_AFTER_FULL_REUSE,RR-REJECTION/3,NO_REJECTION_CREDIT,2,COMPLETE,INCLUDED,0.8143999510881951,0.9290833519569223,0.47300674821744265,0
r8c-4529-44613cffdbcc4e3b,4529,E2_ROLLING_INCREMENTAL_AFTER_FULL_REUSE,RR-REJECTION/3,NO_MEMORY_RESET_GATE,2,COMPLETE,INCLUDED,0.8082477504049642,0.8774281847611421,0.6148811587640972,0
r8c-4530-ac760a493b6b600a,4530,E2_ROLLING_INCREMENTAL_AFTER_FULL_REUSE,RR-REJECTION/3,NO_LINEAGE_CREDIT,2,COMPLETE,INCLUDED,0.8328937619513839,0.928613675558959,0.5512310714739588,0
r8c-4531-845e6451af03b2b4,4531,E2_ROLLING_INCREMENTAL_AFTER_FULL_REUSE,RR-REJECTION/3,CROSS_EVENT_WARM_START_ONLY,2,COMPLETE,INCLUDED,0.8271048100316938,0.8878722697976205,0.6644540287279256,0
r8c-4532-a9fb75b5ff3cf10a,4532,E2_ROLLING_INCREMENTAL_AFTER_FULL_REUSE,RR-REJECTION/3,CROSS_EVENT_MEMORY_ONLY,2,COMPLETE,INCLUDED,0.7692724853322949,0.923712428952367,0.3141167725309346,0
r8c-4533-e45733501ba882bb,4533,E2_ROLLING_INCREMENTAL_AFTER_FULL_REUSE,RR-REJECTION/3,SHADE_ONLY,2,COMPLETE,INCLUDED,0.7695434853522083,0.924329934391506,0.32440881908204183,0
r8c-4534-44b456942c3d6cc4,4534,E2_ROLLING_INCREMENTAL_AFTER_FULL_REUSE,RR-REJECTION/3,NO_CROSS_EVENT_MEMORY,3,COMPLETE,INCLUDED,0.7496279999545445,0.900565676460934,0.3067454429918956,0
r8c-4535-14d214c72fe40da4,4535,E2_ROLLING_INCREMENTAL_AFTER_FULL_REUSE,RR-REJECTION/3,NO_EXECUTION_FEEDBACK,3,COMPLETE,INCLUDED,0.8463017409796155,0.9176445689537014,0.6394388229862934,0
r8c-4536-405ddef61f611cc6,4536,E2_ROLLING_INCREMENTAL_AFTER_FULL_REUSE,RR-REJECTION/3,NO_REJECTION_CREDIT,3,COMPLETE,INCLUDED,0.8071902111099922,0.9249989610866646,0.4675591960623471,0
r8c-4537-c968ddb026d73afc,4537,E2_ROLLING_INCREMENTAL_AFTER_FULL_REUSE,RR-REJECTION/3,NO_MEMORY_RESET_GATE,3,COMPLETE,INCLUDED,0.9039829164170685,0.9407936746309916,0.8114932303698373,0
r8c-4538-aa5cc20a293bdb9e,4538,E2_ROLLING_INCREMENTAL_AFTER_FULL_REUSE,RR-REJECTION/3,NO_LINEAGE_CREDIT,3,COMPLETE,INCLUDED,0.8274137228663735,0.9187526850243797,0.5648889321795546,0
r8c-4539-e034f32219fcf662,4539,E2_ROLLING_INCREMENTAL_AFTER_FULL_REUSE,RR-REJECTION/3,CROSS_EVENT_WARM_START_ONLY,3,COMPLETE,INCLUDED,0.881983037460045,0.9282421179689356,0.7538656957446669,0
r8c-4540-268abd4d658cac66,4540,E2_ROLLING_INCREMENTAL_AFTER_FULL_REUSE,RR-REJECTION/3,CROSS_EVENT_MEMORY_ONLY,3,COMPLETE,INCLUDED,0.7755293851595507,0.9238536681699736,0.3242542576798762,0
r8c-4541-308421a8e75d2087,4541,E2_ROLLING_INCREMENTAL_AFTER_FULL_REUSE,RR-REJECTION/3,SHADE_ONLY,3,COMPLETE,INCLUDED,0.7780897147122431,0.9303795060085012,0.3375885545506215,0
r8c-4542-8d58a3388da27f35,4542,E2_ROLLING_INCREMENTAL_AFTER_FULL_REUSE,RR-REJECTION/3,NO_CROSS_EVENT_MEMORY,4,COMPLETE,INCLUDED,0.7826535503423424,0.9294961290373461,0.3528521237092583,0
r8c-4543-1718c4bf1a9bdd80,4543,E2_ROLLING_INCREMENTAL_AFTER_FULL_REUSE,RR-REJECTION/3,NO_EXECUTION_FEEDBACK,4,COMPLETE,INCLUDED,0.9059391204608733,0.9401625873714601,0.8079910858107527,0
r8c-4544-68baeb53f5463c73,4544,E2_ROLLING_INCREMENTAL_AFTER_FULL_REUSE,RR-REJECTION/3,NO_REJECTION_CREDIT,4,COMPLETE,INCLUDED,0.7960684563284446,0.8942366590701368,0.5088528779091597,0
r8c-4545-2a77bca71eff61ee,4545,E2_ROLLING_INCREMENTAL_AFTER_FULL_REUSE,RR-REJECTION/3,NO_MEMORY_RESET_GATE,4,COMPLETE,INCLUDED,0.8748369831025755,0.9232857045503666,0.7357545103166532,0
r8c-4546-d19d9add3873c9c2,4546,E2_ROLLING_INCREMENTAL_AFTER_FULL_REUSE,RR-REJECTION/3,NO_LINEAGE_CREDIT,4,COMPLETE,INCLUDED,0.8310328228690089,0.9280109087077634,0.5299506834724349,0
r8c-4547-ec9ed9a8e6f7ea7a,4547,E2_ROLLING_INCREMENTAL_AFTER_FULL_REUSE,RR-REJECTION/3,CROSS_EVENT_WARM_START_ONLY,4,COMPLETE,INCLUDED,0.8459394769643792,0.9040658875792816,0.6804336657030606,0
r8c-4548-5d2e467ed9a8cfce,4548,E2_ROLLING_INCREMENTAL_AFTER_FULL_REUSE,RR-REJECTION/3,CROSS_EVENT_MEMORY_ONLY,4,COMPLETE,INCLUDED,0.773412506129237,0.9264052552931543,0.33146262776854796,0
r8c-4549-529cf0fcc19a77de,4549,E2_ROLLING_INCREMENTAL_AFTER_FULL_REUSE,RR-REJECTION/3,SHADE_ONLY,4,COMPLETE,INCLUDED,0.7756220014885354,0.9314650311290305,0.32088510067500664,0
r8c-4550-92594408347f4325,4550,E2_ROLLING_INCREMENTAL_AFTER_FULL_REUSE,RR-REJECTION/4,NO_CROSS_EVENT_MEMORY,0,COMPLETE,INCLUDED,0.8231713867892904,0.9643255507644808,0.3967217076456891,0
r8c-4551-7313a74c2ef84269,4551,E2_ROLLING_INCREMENTAL_AFTER_FULL_REUSE,RR-REJECTION/4,NO_EXECUTION_FEEDBACK,0,COMPLETE,INCLUDED,0.9453534530075298,0.9769981367579026,0.8513084066567388,0
r8c-4552-59cbc1cad9ad506c,4552,E2_ROLLING_INCREMENTAL_AFTER_FULL_REUSE,RR-REJECTION/4,NO_REJECTION_CREDIT,0,COMPLETE,INCLUDED,0.8920860540649643,0.9720223860198315,0.6518492278411938,0
r8c-4553-80e8c7290d40b55f,4553,E2_ROLLING_INCREMENTAL_AFTER_FULL_REUSE,RR-REJECTION/4,NO_MEMORY_RESET_GATE,0,COMPLETE,INCLUDED,0.9382155494070483,0.9701194816857812,0.8395064050100386,0
r8c-4554-f85f9babe7b383c2,4554,E2_ROLLING_INCREMENTAL_AFTER_FULL_REUSE,RR-REJECTION/4,NO_LINEAGE_CREDIT,0,COMPLETE,INCLUDED,0.8673971899432985,0.9675993951711664,0.54712398305099,0
r8c-4555-b2335c6e1b44a92a,4555,E2_ROLLING_INCREMENTAL_AFTER_FULL_REUSE,RR-REJECTION/4,CROSS_EVENT_WARM_START_ONLY,0,COMPLETE,INCLUDED,0.9422414061900553,0.9746234108408096,0.8488478990777952,0
r8c-4556-bd62b5347fd7e965,4556,E2_ROLLING_INCREMENTAL_AFTER_FULL_REUSE,RR-REJECTION/4,CROSS_EVENT_MEMORY_ONLY,0,COMPLETE,INCLUDED,0.8118137423113889,0.9589396726166584,0.3365199932793825,0
r8c-4557-9fbbf908c5bf1124,4557,E2_ROLLING_INCREMENTAL_AFTER_FULL_REUSE,RR-REJECTION/4,SHADE_ONLY,0,COMPLETE,INCLUDED,0.828833472691177,0.9666009895187951,0.38790093495763833,0
r8c-4558-70070172192c6570,4558,E2_ROLLING_INCREMENTAL_AFTER_FULL_REUSE,RR-REJECTION/4,NO_CROSS_EVENT_MEMORY,1,COMPLETE,INCLUDED,0.8284333461105777,0.9642921415109462,0.3926878784503355,0
r8c-4559-6bdf398bc22bfac9,4559,E2_ROLLING_INCREMENTAL_AFTER_FULL_REUSE,RR-REJECTION/4,NO_EXECUTION_FEEDBACK,1,COMPLETE,INCLUDED,0.941887963014951,0.9748810581073801,0.847548970296936,0
r8c-4560-839c8046c0c0ecdb,4560,E2_ROLLING_INCREMENTAL_AFTER_FULL_REUSE,RR-REJECTION/4,NO_REJECTION_CREDIT,1,COMPLETE,INCLUDED,0.8881264352859783,0.9687826207098844,0.6357185822800281,0
r8c-4561-1d452284233d0022,4561,E2_ROLLING_INCREMENTAL_AFTER_FULL_REUSE,RR-REJECTION/4,NO_MEMORY_RESET_GATE,1,COMPLETE,INCLUDED,0.9333950402130109,0.9687103113317146,0.8345638445601662,0
r8c-4562-b5a30ffbe60c287e,4562,E2_ROLLING_INCREMENTAL_AFTER_FULL_REUSE,RR-REJECTION/4,NO_LINEAGE_CREDIT,1,COMPLETE,INCLUDED,0.8713942156516797,0.9675848454541709,0.5705723855217528,0
r8c-4563-31c3f3320bc95b0b,4563,E2_ROLLING_INCREMENTAL_AFTER_FULL_REUSE,RR-REJECTION/4,CROSS_EVENT_WARM_START_ONLY,1,COMPLETE,INCLUDED,0.9395061960216058,0.9740585807921288,0.8469591687753265,0
r8c-4564-d493d979bfb18236,4564,E2_ROLLING_INCREMENTAL_AFTER_FULL_REUSE,RR-REJECTION/4,CROSS_EVENT_MEMORY_ONLY,1,COMPLETE,INCLUDED,0.8091508650823271,0.9583078264115288,0.3485781058560732,0
r8c-4565-b8d013e05d0947c3,4565,E2_ROLLING_INCREMENTAL_AFTER_FULL_REUSE,RR-REJECTION/4,SHADE_ONLY,1,COMPLETE,INCLUDED,0.8228620896551689,0.9662291621893294,0.3886678047575208,0
r8c-4566-2fdb79775995688b,4566,E2_ROLLING_INCREMENTAL_AFTER_FULL_REUSE,RR-REJECTION/4,NO_CROSS_EVENT_MEMORY,2,COMPLETE,INCLUDED,0.8269356394495011,0.9660404838489048,0.39866600553220816,0
r8c-4567-0962af013637e605,4567,E2_ROLLING_INCREMENTAL_AFTER_FULL_REUSE,RR-REJECTION/4,NO_EXECUTION_FEEDBACK,2,COMPLETE,INCLUDED,0.9177179766920276,0.9684022770595059,0.7666865051700906,0
r8c-4568-10091b81b9934dcc,4568,E2_ROLLING_INCREMENTAL_AFTER_FULL_REUSE,RR-REJECTION/4,NO_REJECTION_CREDIT,2,COMPLETE,INCLUDED,0.8875785922859076,0.9703976338954858,0.6382248259404817,0
r8c-4569-765df7c0fe7b7ce6,4569,E2_ROLLING_INCREMENTAL_AFTER_FULL_REUSE,RR-REJECTION/4,NO_MEMORY_RESET_GATE,2,COMPLETE,INCLUDED,0.9311033228253869,0.9691675124453974,0.8251532349033084,0
r8c-4570-98d8c5df5209ac04,4570,E2_ROLLING_INCREMENTAL_AFTER_FULL_REUSE,RR-REJECTION/4,NO_LINEAGE_CREDIT,2,COMPLETE,INCLUDED,0.8891883373430638,0.9701451809906674,0.640048075307431,0
r8c-4571-63d32fe6147dbbf3,4571,E2_ROLLING_INCREMENTAL_AFTER_FULL_REUSE,RR-REJECTION/4,CROSS_EVENT_WARM_START_ONLY,2,COMPLETE,INCLUDED,0.9329515405067175,0.9692350449822087,0.834798012533302,0
r8c-4572-1c3259b68d012573,4572,E2_ROLLING_INCREMENTAL_AFTER_FULL_REUSE,RR-REJECTION/4,CROSS_EVENT_MEMORY_ONLY,2,COMPLETE,INCLUDED,0.814400661826582,0.9600192261368008,0.38709331059461194,0
r8c-4573-defe2b97bf97eeea,4573,E2_ROLLING_INCREMENTAL_AFTER_FULL_REUSE,RR-REJECTION/4,SHADE_ONLY,2,COMPLETE,INCLUDED,0.8287777788818584,0.9661426039233685,0.4120301753554145,0
r8c-4574-448827e1b6f38905,4574,E2_ROLLING_INCREMENTAL_AFTER_FULL_REUSE,RR-REJECTION/4,NO_CROSS_EVENT_MEMORY,3,COMPLETE,INCLUDED,0.8261492540220594,0.9652761215071406,0.39210764782505575,0
r8c-4575-c2b687830df737ab,4575,E2_ROLLING_INCREMENTAL_AFTER_FULL_REUSE,RR-REJECTION/4,NO_EXECUTION_FEEDBACK,3,COMPLETE,INCLUDED,0.9058297879395255,0.9652461397431964,0.7323434160482748,0
r8c-4576-bd8d3a5dd435510a,4576,E2_ROLLING_INCREMENTAL_AFTER_FULL_REUSE,RR-REJECTION/4,NO_REJECTION_CREDIT,3,COMPLETE,INCLUDED,0.879631620017283,0.9684107007602096,0.6119060880083845,0
r8c-4577-c3663b4b14081a6c,4577,E2_ROLLING_INCREMENTAL_AFTER_FULL_REUSE,RR-REJECTION/4,NO_MEMORY_RESET_GATE,3,COMPLETE,INCLUDED,0.9316076829767308,0.9685580438427529,0.8344967624934384,0
r8c-4578-2292e985885dda4e,4578,E2_ROLLING_INCREMENTAL_AFTER_FULL_REUSE,RR-REJECTION/4,NO_LINEAGE_CREDIT,3,COMPLETE,INCLUDED,0.8595827828160006,0.9618125249764249,0.5560675009777812,0
r8c-4579-0a27ceccb56abfa5,4579,E2_ROLLING_INCREMENTAL_AFTER_FULL_REUSE,RR-REJECTION/4,CROSS_EVENT_WARM_START_ONLY,3,COMPLETE,INCLUDED,0.9277126232816562,0.9658305712073133,0.8272389137667282,0
r8c-4580-724b5724984b601f,4580,E2_ROLLING_INCREMENTAL_AFTER_FULL_REUSE,RR-REJECTION/4,CROSS_EVENT_MEMORY_ONLY,3,COMPLETE,INCLUDED,0.8191825924934074,0.9657623922403398,0.36117761427862527,0
r8c-4581-00288c1873196453,4581,E2_ROLLING_INCREMENTAL_AFTER_FULL_REUSE,RR-REJECTION/4,SHADE_ONLY,3,COMPLETE,INCLUDED,0.8218857133235838,0.9590241972665059,0.42098250742736537,0
r8c-4582-3df0d59d870c028b,4582,E2_ROLLING_INCREMENTAL_AFTER_FULL_REUSE,RR-REJECTION/4,NO_CROSS_EVENT_MEMORY,4,COMPLETE,INCLUDED,0.8231525018985633,0.9667650232360281,0.3711299656281277,0
r8c-4583-b61136e3e79de07a,4583,E2_ROLLING_INCREMENTAL_AFTER_FULL_REUSE,RR-REJECTION/4,NO_EXECUTION_FEEDBACK,4,COMPLETE,INCLUDED,0.919308775979418,0.9674863331879686,0.7768810442239128,0
r8c-4584-20ee266695748d3d,4584,E2_ROLLING_INCREMENTAL_AFTER_FULL_REUSE,RR-REJECTION/4,NO_REJECTION_CREDIT,4,COMPLETE,INCLUDED,0.8929131332192635,0.9672444004769375,0.6560451835167521,0
r8c-4585-b7f8a558619b82c3,4585,E2_ROLLING_INCREMENTAL_AFTER_FULL_REUSE,RR-REJECTION/4,NO_MEMORY_RESET_GATE,4,COMPLETE,INCLUDED,0.942712802947417,0.9749907420280163,0.8471905393374225,0
r8c-4586-dfe189d20626fb1d,4586,E2_ROLLING_INCREMENTAL_AFTER_FULL_REUSE,RR-REJECTION/4,NO_LINEAGE_CREDIT,4,COMPLETE,INCLUDED,0.8619224496561382,0.9661675155189753,0.5298844283140361,0
r8c-4587-81f923aa44884113,4587,E2_ROLLING_INCREMENTAL_AFTER_FULL_REUSE,RR-REJECTION/4,CROSS_EVENT_WARM_START_ONLY,4,COMPLETE,INCLUDED,0.9425922353230443,0.9732604087259149,0.8464050184527053,0
r8c-4588-d4cd97a4e63e953f,4588,E2_ROLLING_INCREMENTAL_AFTER_FULL_REUSE,RR-REJECTION/4,CROSS_EVENT_MEMORY_ONLY,4,COMPLETE,INCLUDED,0.8300407059880307,0.9663275686427104,0.4053706929757395,0
r8c-4589-ecb956425fe5aae9,4589,E2_ROLLING_INCREMENTAL_AFTER_FULL_REUSE,RR-REJECTION/4,SHADE_ONLY,4,COMPLETE,INCLUDED,0.8214637835418349,0.9673606215288484,0.3641346736865437,0
r8c-4590-8d15f96817097eba,4590,E2_ROLLING_INCREMENTAL_AFTER_FULL_REUSE,RR-REJECTION/5,NO_CROSS_EVENT_MEMORY,0,COMPLETE,INCLUDED,0.8509540802519417,0.9775241526785707,0.4607552769800624,0
r8c-4591-6a17506272f74cca,4591,E2_ROLLING_INCREMENTAL_AFTER_FULL_REUSE,RR-REJECTION/5,NO_EXECUTION_FEEDBACK,0,COMPLETE,INCLUDED,0.9588573052134167,0.9904029779829736,0.8617034519380555,0
r8c-4592-166c4d6c74c0ddf3,4592,E2_ROLLING_INCREMENTAL_AFTER_FULL_REUSE,RR-REJECTION/5,NO_REJECTION_CREDIT,0,COMPLETE,INCLUDED,0.9229276294677626,0.9868359947297085,0.7213210053579484,0
r8c-4593-e7c80245eb166374,4593,E2_ROLLING_INCREMENTAL_AFTER_FULL_REUSE,RR-REJECTION/5,NO_MEMORY_RESET_GATE,0,COMPLETE,INCLUDED,0.9588168896882104,0.9902867807620815,0.8607821210014353,0
r8c-4594-008869763073688b,4594,E2_ROLLING_INCREMENTAL_AFTER_FULL_REUSE,RR-REJECTION/5,NO_LINEAGE_CREDIT,0,COMPLETE,INCLUDED,0.9233659665871297,0.9877908883540444,0.7257439289967538,0
r8c-4595-5720cc132d168840,4595,E2_ROLLING_INCREMENTAL_AFTER_FULL_REUSE,RR-REJECTION/5,CROSS_EVENT_WARM_START_ONLY,0,COMPLETE,INCLUDED,0.9611866307157696,0.9907725868611827,0.8614528064879641,0
r8c-4596-626e3f6d9d9797be,4596,E2_ROLLING_INCREMENTAL_AFTER_FULL_REUSE,RR-REJECTION/5,CROSS_EVENT_MEMORY_ONLY,0,COMPLETE,INCLUDED,0.8651823570152504,0.9855831107633035,0.47575044318378434,0
r8c-4597-9ada39f68d12d7f8,4597,E2_ROLLING_INCREMENTAL_AFTER_FULL_REUSE,RR-REJECTION/5,SHADE_ONLY,0,COMPLETE,INCLUDED,0.850213739175636,0.9851551199870787,0.4335985578024995,0
r8c-4598-1398d1d38f4213c1,4598,E2_ROLLING_INCREMENTAL_AFTER_FULL_REUSE,RR-REJECTION/5,NO_CROSS_EVENT_MEMORY,1,COMPLETE,INCLUDED,0.8589355976795439,0.9844617011401393,0.4646266814895535,0
r8c-4599-c770a72b8046bf58,4599,E2_ROLLING_INCREMENTAL_AFTER_FULL_REUSE,RR-REJECTION/5,NO_EXECUTION_FEEDBACK,1,COMPLETE,INCLUDED,0.9602227832780335,0.9901687389857894,0.8611011775832943,0
r8c-4600-66cc673d2138b680,4600,E2_ROLLING_INCREMENTAL_AFTER_FULL_REUSE,RR-REJECTION/5,NO_REJECTION_CREDIT,1,COMPLETE,INCLUDED,0.9241034825123127,0.9865131231556019,0.7350673563233435,0
r8c-4601-759ed71a6c94c154,4601,E2_ROLLING_INCREMENTAL_AFTER_FULL_REUSE,RR-REJECTION/5,NO_MEMORY_RESET_GATE,1,COMPLETE,INCLUDED,0.9592298577814302,0.9902556944438665,0.8626361388956555,0
r8c-4602-5ba4dc6af75017c3,4602,E2_ROLLING_INCREMENTAL_AFTER_FULL_REUSE,RR-REJECTION/5,NO_LINEAGE_CREDIT,1,COMPLETE,INCLUDED,0.89846944314473,0.985552811201002,0.6148432108838803,0
r8c-4603-fee82ce8b7be6fa2,4603,E2_ROLLING_INCREMENTAL_AFTER_FULL_REUSE,RR-REJECTION/5,CROSS_EVENT_WARM_START_ONLY,1,COMPLETE,INCLUDED,0.9594073043785747,0.9905203668071983,0.8633727373292739,0
r8c-4604-e32eba367afcca68,4604,E2_ROLLING_INCREMENTAL_AFTER_FULL_REUSE,RR-REJECTION/5,CROSS_EVENT_MEMORY_ONLY,1,COMPLETE,INCLUDED,0.8555439300707655,0.9841778030818024,0.4433070162667937,0
r8c-4605-65d96b41d6d72c03,4605,E2_ROLLING_INCREMENTAL_AFTER_FULL_REUSE,RR-REJECTION/5,SHADE_ONLY,1,COMPLETE,INCLUDED,0.8465542531389019,0.9842431142331332,0.4175795958622567,0
r8c-4606-2764d42648f15f77,4606,E2_ROLLING_INCREMENTAL_AFTER_FULL_REUSE,RR-REJECTION/5,NO_CROSS_EVENT_MEMORY,2,COMPLETE,INCLUDED,0.8574437444314592,0.9843843957921725,0.4595434171376591,0
r8c-4607-cf280611751245ca,4607,E2_ROLLING_INCREMENTAL_AFTER_FULL_REUSE,RR-REJECTION/5,NO_EXECUTION_FEEDBACK,2,COMPLETE,INCLUDED,0.9515320328295263,0.9898071317973386,0.8318199396348239,0
r8c-4608-f0852f5f41ba118c,4608,E2_ROLLING_INCREMENTAL_AFTER_FULL_REUSE,RR-REJECTION/5,NO_REJECTION_CREDIT,2,COMPLETE,INCLUDED,0.9175384445958151,0.9871579228571141,0.6933753625932016,0
r8c-4609-1902721b771ed54f,4609,E2_ROLLING_INCREMENTAL_AFTER_FULL_REUSE,RR-REJECTION/5,NO_MEMORY_RESET_GATE,2,COMPLETE,INCLUDED,0.9603157439086226,0.9906872728081806,0.8637388745317726,0
r8c-4610-0e116bda0051935f,4610,E2_ROLLING_INCREMENTAL_AFTER_FULL_REUSE,RR-REJECTION/5,NO_LINEAGE_CREDIT,2,COMPLETE,INCLUDED,0.9090093132610961,0.9863153404668326,0.6752756861138385,0
r8c-4611-54793ccc4d973cd5,4611,E2_ROLLING_INCREMENTAL_AFTER_FULL_REUSE,RR-REJECTION/5,CROSS_EVENT_WARM_START_ONLY,2,COMPLETE,INCLUDED,0.9575034890895375,0.9901810176603132,0.8632300700225137,0
r8c-4612-cbd5de03cf916d2e,4612,E2_ROLLING_INCREMENTAL_AFTER_FULL_REUSE,RR-REJECTION/5,CROSS_EVENT_MEMORY_ONLY,2,COMPLETE,INCLUDED,0.8562812720648711,0.9831702818599884,0.447510155680324,0
r8c-4613-56ee7ce7559fc18f,4613,E2_ROLLING_INCREMENTAL_AFTER_FULL_REUSE,RR-REJECTION/5,SHADE_ONLY,2,COMPLETE,INCLUDED,0.8576702175125412,0.9849339050585038,0.47989659811438345,0
r8c-4614-d9052389270471f5,4614,E2_ROLLING_INCREMENTAL_AFTER_FULL_REUSE,RR-REJECTION/5,NO_CROSS_EVENT_MEMORY,3,COMPLETE,INCLUDED,0.8466659241289343,0.9831441828842731,0.40847259337507597,0
r8c-4615-5eaace1bf45763f0,4615,E2_ROLLING_INCREMENTAL_AFTER_FULL_REUSE,RR-REJECTION/5,NO_EXECUTION_FEEDBACK,3,COMPLETE,INCLUDED,0.9497234441859996,0.990059343628344,0.8229253009471984,0
r8c-4616-6001016f2a493e56,4616,E2_ROLLING_INCREMENTAL_AFTER_FULL_REUSE,RR-REJECTION/5,NO_REJECTION_CREDIT,3,COMPLETE,INCLUDED,0.8941239749986076,0.9861215024742174,0.6073105417353334,0
r8c-4617-013471b10828695c,4617,E2_ROLLING_INCREMENTAL_AFTER_FULL_REUSE,RR-REJECTION/5,NO_MEMORY_RESET_GATE,3,COMPLETE,INCLUDED,0.9567641174535483,0.9887912997690007,0.8579335462213685,0
r8c-4618-7a962e971bd3007b,4618,E2_ROLLING_INCREMENTAL_AFTER_FULL_REUSE,RR-REJECTION/5,NO_LINEAGE_CREDIT,3,COMPLETE,INCLUDED,0.9032121629195299,0.9866361822234735,0.6271731520252616,0
r8c-4619-742e0fc14f4234cc,4619,E2_ROLLING_INCREMENTAL_AFTER_FULL_REUSE,RR-REJECTION/5,CROSS_EVENT_WARM_START_ONLY,3,COMPLETE,INCLUDED,0.9580311221996117,0.9896340039168738,0.8590859085058472,0
r8c-4620-f0e96c98a1becc34,4620,E2_ROLLING_INCREMENTAL_AFTER_FULL_REUSE,RR-REJECTION/5,CROSS_EVENT_MEMORY_ONLY,3,COMPLETE,INCLUDED,0.8553748135534297,0.9839319377626159,0.4367421598001307,0
r8c-4621-f16d199efdb87ce3,4621,E2_ROLLING_INCREMENTAL_AFTER_FULL_REUSE,RR-REJECTION/5,SHADE_ONLY,3,COMPLETE,INCLUDED,0.8656063873055937,0.9854046255803339,0.49754372960031645,0
r8c-4622-055138364d60aa84,4622,E2_ROLLING_INCREMENTAL_AFTER_FULL_REUSE,RR-REJECTION/5,NO_CROSS_EVENT_MEMORY,4,COMPLETE,INCLUDED,0.85970598953452,0.9840552237045568,0.4603760858625518,0
r8c-4623-aef50084e559c5c9,4623,E2_ROLLING_INCREMENTAL_AFTER_FULL_REUSE,RR-REJECTION/5,NO_EXECUTION_FEEDBACK,4,COMPLETE,INCLUDED,0.9488982882553291,0.9893404995427627,0.8207562033358275,0
r8c-4624-f7db2de2fee8a434,4624,E2_ROLLING_INCREMENTAL_AFTER_FULL_REUSE,RR-REJECTION/5,NO_REJECTION_CREDIT,4,COMPLETE,INCLUDED,0.9172284198654376,0.9872120197337093,0.6985325730123764,0
r8c-4625-91195ad41a7e8a94,4625,E2_ROLLING_INCREMENTAL_AFTER_FULL_REUSE,RR-REJECTION/5,NO_MEMORY_RESET_GATE,4,COMPLETE,INCLUDED,0.9596938874607019,0.9900758603679565,0.862912169842399,0
r8c-4626-8ea41289bde26cd4,4626,E2_ROLLING_INCREMENTAL_AFTER_FULL_REUSE,RR-REJECTION/5,NO_LINEAGE_CREDIT,4,COMPLETE,INCLUDED,0.9194080527816292,0.9873077248986963,0.7120957211061576,0
r8c-4627-5ac5fa3d6c6c67bb,4627,E2_ROLLING_INCREMENTAL_AFTER_FULL_REUSE,RR-REJECTION/5,CROSS_EVENT_WARM_START_ONLY,4,COMPLETE,INCLUDED,0.9610658794160045,0.9893445028211613,0.8627647928262794,0
r8c-4628-eebc40dcca0369c2,4628,E2_ROLLING_INCREMENTAL_AFTER_FULL_REUSE,RR-REJECTION/5,CROSS_EVENT_MEMORY_ONLY,4,COMPLETE,INCLUDED,0.8611988395569827,0.9852120280787464,0.46218278905590704,0
r8c-4629-2210f2654be306b6,4629,E2_ROLLING_INCREMENTAL_AFTER_FULL_REUSE,RR-REJECTION/5,SHADE_ONLY,4,COMPLETE,INCLUDED,0.8559177286182325,0.9850882869337709,0.4550245805266752,0
r8c-4630-bc59be01798d7d2b,4630,E2_ROLLING_INCREMENTAL_AFTER_FULL_REUSE,RR-REJECTION/6,NO_CROSS_EVENT_MEMORY,0,COMPLETE,INCLUDED,0.7386510807831477,0.9326353872402293,0.1534375436138855,0
r8c-4631-f1f00b6401b9345e,4631,E2_ROLLING_INCREMENTAL_AFTER_FULL_REUSE,RR-REJECTION/6,NO_EXECUTION_FEEDBACK,0,COMPLETE,INCLUDED,0.9080988216372134,0.9465864311346313,0.8157733499883477,0
r8c-4632-d10456836911dc1a,4632,E2_ROLLING_INCREMENTAL_AFTER_FULL_REUSE,RR-REJECTION/6,NO_REJECTION_CREDIT,0,COMPLETE,INCLUDED,0.8127626273730832,0.9345518814206522,0.46640858915752365,0
r8c-4633-f7c71d2b3b96ec5d,4633,E2_ROLLING_INCREMENTAL_AFTER_FULL_REUSE,RR-REJECTION/6,NO_MEMORY_RESET_GATE,0,COMPLETE,INCLUDED,0.8673558318908465,0.9188808000548384,0.7252779926068877,0
r8c-4634-4a8e3e4e891a5143,4634,E2_ROLLING_INCREMENTAL_AFTER_FULL_REUSE,RR-REJECTION/6,NO_LINEAGE_CREDIT,0,COMPLETE,INCLUDED,0.8048378037454539,0.9385891133443225,0.41128213703330047,0
r8c-4635-1871c9b57921013f,4635,E2_ROLLING_INCREMENTAL_AFTER_FULL_REUSE,RR-REJECTION/6,CROSS_EVENT_WARM_START_ONLY,0,COMPLETE,INCLUDED,0.9090237617345591,0.9466886700891164,0.8173695588986735,0
r8c-4636-a82310f024871a0b,4636,E2_ROLLING_INCREMENTAL_AFTER_FULL_REUSE,RR-REJECTION/6,CROSS_EVENT_MEMORY_ONLY,0,COMPLETE,INCLUDED,0.7516219909456056,0.9341266343390766,0.20752230656644777,0
r8c-4637-dd425474deaf8b23,4637,E2_ROLLING_INCREMENTAL_AFTER_FULL_REUSE,RR-REJECTION/6,SHADE_ONLY,0,COMPLETE,INCLUDED,0.7475154267938271,0.9362537215594244,0.18819716528244612,0
r8c-4638-f6093db5257e91dd,4638,E2_ROLLING_INCREMENTAL_AFTER_FULL_REUSE,RR-REJECTION/6,NO_CROSS_EVENT_MEMORY,1,COMPLETE,INCLUDED,0.7517939643232326,0.9331597730067678,0.21142920670739498,0
r8c-4639-1de4ee458fe7b594,4639,E2_ROLLING_INCREMENTAL_AFTER_FULL_REUSE,RR-REJECTION/6,NO_EXECUTION_FEEDBACK,1,COMPLETE,INCLUDED,0.9091739183688434,0.9473990029127106,0.8173429775713736,0
r8c-4640-71ab316488b8cf3d,4640,E2_ROLLING_INCREMENTAL_AFTER_FULL_REUSE,RR-REJECTION/6,NO_REJECTION_CREDIT,1,COMPLETE,INCLUDED,0.8108527052828745,0.9366263141703023,0.43374718709459587,0
r8c-4641-6148fedd079b8780,4641,E2_ROLLING_INCREMENTAL_AFTER_FULL_REUSE,RR-REJECTION/6,NO_MEMORY_RESET_GATE,1,COMPLETE,INCLUDED,0.9098188253296785,0.9444126570609273,0.8123832661755245,0
r8c-4642-f3428f84fac2253a,4642,E2_ROLLING_INCREMENTAL_AFTER_FULL_REUSE,RR-REJECTION/6,NO_LINEAGE_CREDIT,1,COMPLETE,INCLUDED,0.8006923944269083,0.9394157515442709,0.3871075651294282,0
r8c-4643-d7be543cea50fcda,4643,E2_ROLLING_INCREMENTAL_AFTER_FULL_REUSE,RR-REJECTION/6,CROSS_EVENT_WARM_START_ONLY,1,COMPLETE,INCLUDED,0.9068103131972294,0.9445275140684772,0.8155779224522505,0
r8c-4644-6e96b1e701736ea1,4644,E2_ROLLING_INCREMENTAL_AFTER_FULL_REUSE,RR-REJECTION/6,CROSS_EVENT_MEMORY_ONLY,1,COMPLETE,INCLUDED,0.7398846236461172,0.9343840559434158,0.15835427437789018,0
r8c-4645-a1c5f351bfc395da,4645,E2_ROLLING_INCREMENTAL_AFTER_FULL_REUSE,RR-REJECTION/6,SHADE_ONLY,1,COMPLETE,INCLUDED,0.7394926985239703,0.9370693934308886,0.16845340608686063,0
r8c-4646-ef8df1acd571fd0d,4646,E2_ROLLING_INCREMENTAL_AFTER_FULL_REUSE,RR-REJECTION/6,NO_CROSS_EVENT_MEMORY,2,COMPLETE,INCLUDED,0.7465168229284409,0.9349948155543031,0.18484778555814266,0
r8c-4647-48fba957830d20a7,4647,E2_ROLLING_INCREMENTAL_AFTER_FULL_REUSE,RR-REJECTION/6,NO_EXECUTION_FEEDBACK,2,COMPLETE,INCLUDED,0.9116808626435715,0.9471227820615808,0.8185711752579939,0
r8c-4648-89823035c8730358,4648,E2_ROLLING_INCREMENTAL_AFTER_FULL_REUSE,RR-REJECTION/6,NO_REJECTION_CREDIT,2,COMPLETE,INCLUDED,0.7909436993391965,0.9352748554515037,0.38804616162058264,0
r8c-4649-cc570f72988b5a1d,4649,E2_ROLLING_INCREMENTAL_AFTER_FULL_REUSE,RR-REJECTION/6,NO_MEMORY_RESET_GATE,2,COMPLETE,INCLUDED,0.9108536727581171,0.9472635159873232,0.8199047186124662,0
r8c-4650-f60b5f418c271f10,4650,E2_ROLLING_INCREMENTAL_AFTER_FULL_REUSE,RR-REJECTION/6,NO_LINEAGE_CREDIT,2,COMPLETE,INCLUDED,0.7954889472922491,0.9377559512870011,0.3785316025011947,0
r8c-4651-06ecd18cd845d2b7,4651,E2_ROLLING_INCREMENTAL_AFTER_FULL_REUSE,RR-REJECTION/6,CROSS_EVENT_WARM_START_ONLY,2,COMPLETE,INCLUDED,0.905345375951013,0.9447832658336488,0.8118361319084798,0
r8c-4652-5a4a7d3c089308f9,4652,E2_ROLLING_INCREMENTAL_AFTER_FULL_REUSE,RR-REJECTION/6,CROSS_EVENT_MEMORY_ONLY,2,COMPLETE,INCLUDED,0.737952060116952,0.9341302926309115,0.1391841869558491,0
r8c-4653-7cd7aa882b210dbd,4653,E2_ROLLING_INCREMENTAL_AFTER_FULL_REUSE,RR-REJECTION/6,SHADE_ONLY,2,COMPLETE,INCLUDED,0.7298618602601428,0.9337713294815879,0.14427786168043297,0
r8c-4654-e50459f1ead3c80d,4654,E2_ROLLING_INCREMENTAL_AFTER_FULL_REUSE,RR-REJECTION/6,NO_CROSS_EVENT_MEMORY,3,COMPLETE,INCLUDED,0.7441614662987951,0.9335502618059369,0.18779448742408586,0
r8c-4655-51a7db24c87a2f72,4655,E2_ROLLING_INCREMENTAL_AFTER_FULL_REUSE,RR-REJECTION/6,NO_EXECUTION_FEEDBACK,3,COMPLETE,INCLUDED,0.9120365554963744,0.9500762699595018,0.8199076158626224,0
r8c-4656-95007f2dd2609d0c,4656,E2_ROLLING_INCREMENTAL_AFTER_FULL_REUSE,RR-REJECTION/6,NO_REJECTION_CREDIT,3,COMPLETE,INCLUDED,0.8326245928343118,0.9411962500044266,0.5240498337604373,0
r8c-4657-49b70b4dc956a1ba,4657,E2_ROLLING_INCREMENTAL_AFTER_FULL_REUSE,RR-REJECTION/6,NO_MEMORY_RESET_GATE,3,COMPLETE,INCLUDED,0.9086896234466643,0.9469464790615554,0.8177214541533485,0
r8c-4658-803668025955f448,4658,E2_ROLLING_INCREMENTAL_AFTER_FULL_REUSE,RR-REJECTION/6,NO_LINEAGE_CREDIT,3,COMPLETE,INCLUDED,0.8302765477328989,0.9391333718002602,0.48952632000307983,0
r8c-4659-a05533aa53c98e3a,4659,E2_ROLLING_INCREMENTAL_AFTER_FULL_REUSE,RR-REJECTION/6,CROSS_EVENT_WARM_START_ONLY,3,COMPLETE,INCLUDED,0.9118239259882245,0.9465741604715314,0.8180937940503433,0
r8c-4660-da5103c3b1e8da6d,4660,E2_ROLLING_INCREMENTAL_AFTER_FULL_REUSE,RR-REJECTION/6,CROSS_EVENT_MEMORY_ONLY,3,COMPLETE,INCLUDED,0.7578164785880362,0.9370058382356226,0.2212787906174498,0
r8c-4661-fe1b40d4f6e7883e,4661,E2_ROLLING_INCREMENTAL_AFTER_FULL_REUSE,RR-REJECTION/6,SHADE_ONLY,3,COMPLETE,INCLUDED,0.72971712889238,0.9341889541511221,0.13979815495250758,0
r8c-4662-ef876f98a20620b5,4662,E2_ROLLING_INCREMENTAL_AFTER_FULL_REUSE,RR-REJECTION/6,NO_CROSS_EVENT_MEMORY,4,COMPLETE,INCLUDED,0.7455030333033454,0.9336231235310549,0.1908626739657572,0
r8c-4663-8ef19c611c307c3e,4663,E2_ROLLING_INCREMENTAL_AFTER_FULL_REUSE,RR-REJECTION/6,NO_EXECUTION_FEEDBACK,4,COMPLETE,INCLUDED,0.9081719696634467,0.9456251742470932,0.8163186101622812,0
r8c-4664-b225ffe56a8450b2,4664,E2_ROLLING_INCREMENTAL_AFTER_FULL_REUSE,RR-REJECTION/6,NO_REJECTION_CREDIT,4,COMPLETE,INCLUDED,0.8112528363453636,0.938793292641343,0.44312966072701343,0
r8c-4665-d334d4ffc5d093f4,4665,E2_ROLLING_INCREMENTAL_AFTER_FULL_REUSE,RR-REJECTION/6,NO_MEMORY_RESET_GATE,4,COMPLETE,INCLUDED,0.9098741512738624,0.9431690760771332,0.8147599130965809,0
r8c-4666-c9262247661a4dda,4666,E2_ROLLING_INCREMENTAL_AFTER_FULL_REUSE,RR-REJECTION/6,NO_LINEAGE_CREDIT,4,COMPLETE,INCLUDED,0.8149868212570583,0.9332564448638012,0.4642223489817748,0
r8c-4667-bdea8f2a62c03454,4667,E2_ROLLING_INCREMENTAL_AFTER_FULL_REUSE,RR-REJECTION/6,CROSS_EVENT_WARM_START_ONLY,4,COMPLETE,INCLUDED,0.9081222791642993,0.9435631637734552,0.8161796521899763,0
r8c-4668-df69b7fcca4e5c97,4668,E2_ROLLING_INCREMENTAL_AFTER_FULL_REUSE,RR-REJECTION/6,CROSS_EVENT_MEMORY_ONLY,4,COMPLETE,INCLUDED,0.7364996615803916,0.9308274003310867,0.15823745366116262,0
r8c-4669-9006f13783898d25,4669,E2_ROLLING_INCREMENTAL_AFTER_FULL_REUSE,RR-REJECTION/6,SHADE_ONLY,4,COMPLETE,INCLUDED,0.7344127187223838,0.9345096781350797,0.13310051640177914,0
r8c-4670-d12644bc08924456,4670,E2_ROLLING_INCREMENTAL_AFTER_FULL_REUSE,RR-REJECTION/7,NO_CROSS_EVENT_MEMORY,0,COMPLETE,INCLUDED,0.8444393092994366,0.9466369297574202,0.549495366532415,0
r8c-4671-445840b23cb79ae0,4671,E2_ROLLING_INCREMENTAL_AFTER_FULL_REUSE,RR-REJECTION/7,NO_EXECUTION_FEEDBACK,0,COMPLETE,INCLUDED,0.8948594568537223,0.9474489139801798,0.7460428884991482,0
r8c-4672-68c8e19f6edc8b66,4672,E2_ROLLING_INCREMENTAL_AFTER_FULL_REUSE,RR-REJECTION/7,NO_REJECTION_CREDIT,0,COMPLETE,INCLUDED,0.8942711751424767,0.9541313518955651,0.7234651958247235,0
r8c-4673-b10e17f62fca1302,4673,E2_ROLLING_INCREMENTAL_AFTER_FULL_REUSE,RR-REJECTION/7,NO_MEMORY_RESET_GATE,0,COMPLETE,INCLUDED,0.9203716608366502,0.953579350217211,0.8179782820150263,0
r8c-4674-17a170c2ece83afc,4674,E2_ROLLING_INCREMENTAL_AFTER_FULL_REUSE,RR-REJECTION/7,NO_LINEAGE_CREDIT,0,COMPLETE,INCLUDED,0.8819555703527573,0.9534095068526236,0.6795186146670954,0
r8c-4675-646c214392b45f50,4675,E2_ROLLING_INCREMENTAL_AFTER_FULL_REUSE,RR-REJECTION/7,CROSS_EVENT_WARM_START_ONLY,0,COMPLETE,INCLUDED,0.9055820163831175,0.9446474922615387,0.795299479993545,0
r8c-4676-1f110e6c27fe78d8,4676,E2_ROLLING_INCREMENTAL_AFTER_FULL_REUSE,RR-REJECTION/7,CROSS_EVENT_MEMORY_ONLY,0,COMPLETE,INCLUDED,0.830294745826585,0.942066587283748,0.5042818576557092,0
r8c-4677-6e5d3551f33c3d7d,4677,E2_ROLLING_INCREMENTAL_AFTER_FULL_REUSE,RR-REJECTION/7,SHADE_ONLY,0,COMPLETE,INCLUDED,0.8363458405271661,0.951317707950454,0.510011913555134,0
r8c-4678-ebec39c1c4a77f5a,4678,E2_ROLLING_INCREMENTAL_AFTER_FULL_REUSE,RR-REJECTION/7,NO_CROSS_EVENT_MEMORY,1,COMPLETE,INCLUDED,0.8402955008074618,0.9515378125553975,0.5079024811399008,0
r8c-4679-0a48ebc7cae711db,4679,E2_ROLLING_INCREMENTAL_AFTER_FULL_REUSE,RR-REJECTION/7,NO_EXECUTION_FEEDBACK,1,COMPLETE,INCLUDED,0.8995785155420005,0.9494820432366122,0.7466344844526671,0
r8c-4680-fea95d4c3db04901,4680,E2_ROLLING_INCREMENTAL_AFTER_FULL_REUSE,RR-REJECTION/7,NO_REJECTION_CREDIT,1,COMPLETE,INCLUDED,0.891374620560607,0.9537946449454504,0.719187114055524,0
r8c-4681-f7403046b05481c5,4681,E2_ROLLING_INCREMENTAL_AFTER_FULL_REUSE,RR-REJECTION/7,NO_MEMORY_RESET_GATE,1,COMPLETE,INCLUDED,0.9105030087722449,0.9484387511019687,0.8056417757756462,0
r8c-4682-7af69d60bdf7818c,4682,E2_ROLLING_INCREMENTAL_AFTER_FULL_REUSE,RR-REJECTION/7,NO_LINEAGE_CREDIT,1,COMPLETE,INCLUDED,0.7746447904881825,0.8698688284797551,0.49780718144253594,0
r8c-4683-d8498d9c7b305713,4683,E2_ROLLING_INCREMENTAL_AFTER_FULL_REUSE,RR-REJECTION/7,CROSS_EVENT_WARM_START_ONLY,1,COMPLETE,INCLUDED,0.9245492866583043,0.9579807901233843,0.8218426229596517,0
r8c-4684-131792ad44db920b,4684,E2_ROLLING_INCREMENTAL_AFTER_FULL_REUSE,RR-REJECTION/7,CROSS_EVENT_MEMORY_ONLY,1,COMPLETE,INCLUDED,0.8222598392721203,0.9407350951757403,0.49432451141337136,0
r8c-4685-c257bfed4584c637,4685,E2_ROLLING_INCREMENTAL_AFTER_FULL_REUSE,RR-REJECTION/7,SHADE_ONLY,1,COMPLETE,INCLUDED,0.8423098041233942,0.9509831497329542,0.5382897737284589,0
r8c-4686-2f4a04b4417fcef2,4686,E2_ROLLING_INCREMENTAL_AFTER_FULL_REUSE,RR-REJECTION/7,NO_CROSS_EVENT_MEMORY,2,COMPLETE,INCLUDED,0.8454081009460028,0.9486533341457715,0.5392472588658732,0
r8c-4687-151878e106e524bb,4687,E2_ROLLING_INCREMENTAL_AFTER_FULL_REUSE,RR-REJECTION/7,NO_EXECUTION_FEEDBACK,2,COMPLETE,INCLUDED,0.8506822186775966,0.9252208828691095,0.6275471617693392,0
r8c-4688-df86b506adffc8e8,4688,E2_ROLLING_INCREMENTAL_AFTER_FULL_REUSE,RR-REJECTION/7,NO_REJECTION_CREDIT,2,COMPLETE,INCLUDED,0.8944352426801752,0.9470820921679911,0.7398292286819339,0
r8c-4689-294ede5a060fbfd7,4689,E2_ROLLING_INCREMENTAL_AFTER_FULL_REUSE,RR-REJECTION/7,NO_MEMORY_RESET_GATE,2,COMPLETE,INCLUDED,0.9255209268982444,0.9588715801766758,0.8241406558116102,0
r8c-4690-5e08e575e9b7d977,4690,E2_ROLLING_INCREMENTAL_AFTER_FULL_REUSE,RR-REJECTION/7,NO_LINEAGE_CREDIT,2,COMPLETE,INCLUDED,0.8807325105674085,0.9503662032248865,0.6738254622836821,0
r8c-4691-233a54cc41618313,4691,E2_ROLLING_INCREMENTAL_AFTER_FULL_REUSE,RR-REJECTION/7,CROSS_EVENT_WARM_START_ONLY,2,COMPLETE,INCLUDED,0.920867590228918,0.9556651541503299,0.8177741621417342,0
r8c-4692-75b91efaf712ef39,4692,E2_ROLLING_INCREMENTAL_AFTER_FULL_REUSE,RR-REJECTION/7,CROSS_EVENT_MEMORY_ONLY,2,COMPLETE,INCLUDED,0.8404480214362634,0.9474741860501826,0.5249860112849905,0
r8c-4693-76337e215b48cac2,4693,E2_ROLLING_INCREMENTAL_AFTER_FULL_REUSE,RR-REJECTION/7,SHADE_ONLY,2,COMPLETE,INCLUDED,0.8285917181632613,0.9437423568250132,0.5006130053709957,0
r8c-4694-ed81649ac61c6d93,4694,E2_ROLLING_INCREMENTAL_AFTER_FULL_REUSE,RR-REJECTION/7,NO_CROSS_EVENT_MEMORY,3,COMPLETE,INCLUDED,0.8445893512801677,0.9467380450262594,0.5467626644559203,0
r8c-4695-d51f111f85e689be,4695,E2_ROLLING_INCREMENTAL_AFTER_FULL_REUSE,RR-REJECTION/7,NO_EXECUTION_FEEDBACK,3,COMPLETE,INCLUDED,0.9074585948255376,0.9581876658394106,0.7627185637625964,0
r8c-4696-b91c5455b525bba6,4696,E2_ROLLING_INCREMENTAL_AFTER_FULL_REUSE,RR-REJECTION/7,NO_REJECTION_CREDIT,3,COMPLETE,INCLUDED,0.812100734103967,0.882418735111302,0.6166642969210397,0
r8c-4697-ffec69b87c8a6585,4697,E2_ROLLING_INCREMENTAL_AFTER_FULL_REUSE,RR-REJECTION/7,NO_MEMORY_RESET_GATE,3,COMPLETE,INCLUDED,0.9233391712461158,0.9578444010251854,0.8227702224705254,0
r8c-4698-351575495be536f7,4698,E2_ROLLING_INCREMENTAL_AFTER_FULL_REUSE,RR-REJECTION/7,NO_LINEAGE_CREDIT,3,COMPLETE,INCLUDED,0.8847600503830041,0.9523039506477154,0.6966656435428882,0
r8c-4699-310c0e6608e9cdd2,4699,E2_ROLLING_INCREMENTAL_AFTER_FULL_REUSE,RR-REJECTION/7,CROSS_EVENT_WARM_START_ONLY,3,COMPLETE,INCLUDED,0.8888415921443432,0.9308511749391503,0.7733187635787108,0
r8c-4700-4a03d19f9a37ffd1,4700,E2_ROLLING_INCREMENTAL_AFTER_FULL_REUSE,RR-REJECTION/7,CROSS_EVENT_MEMORY_ONLY,3,COMPLETE,INCLUDED,0.8410101660760173,0.9492333402210699,0.5152654811536362,0
r8c-4701-65c53e8ae4aa9796,4701,E2_ROLLING_INCREMENTAL_AFTER_FULL_REUSE,RR-REJECTION/7,SHADE_ONLY,3,COMPLETE,INCLUDED,0.8516722324035472,0.9534453917474991,0.5665568497525032,0
r8c-4702-05d1e1d56ecd42a1,4702,E2_ROLLING_INCREMENTAL_AFTER_FULL_REUSE,RR-REJECTION/7,NO_CROSS_EVENT_MEMORY,4,COMPLETE,INCLUDED,0.8618921257127855,0.954951183666501,0.583283180611118,0
r8c-4703-b77dc8a0cbf70779,4703,E2_ROLLING_INCREMENTAL_AFTER_FULL_REUSE,RR-REJECTION/7,NO_EXECUTION_FEEDBACK,4,COMPLETE,INCLUDED,0.9097277459663072,0.9569449021525547,0.7624776482373261,0
r8c-4704-fad3d43deb1b75fd,4704,E2_ROLLING_INCREMENTAL_AFTER_FULL_REUSE,RR-REJECTION/7,NO_REJECTION_CREDIT,4,COMPLETE,INCLUDED,0.8957435914473866,0.9538705697394235,0.7289643409697752,0
r8c-4705-eb9c08f3515c1d3f,4705,E2_ROLLING_INCREMENTAL_AFTER_FULL_REUSE,RR-REJECTION/7,NO_MEMORY_RESET_GATE,4,COMPLETE,INCLUDED,0.9165875254106883,0.9530680490887073,0.802694077787203,0
r8c-4706-b2d60e2e8355f36b,4706,E2_ROLLING_INCREMENTAL_AFTER_FULL_REUSE,RR-REJECTION/7,NO_LINEAGE_CREDIT,4,COMPLETE,INCLUDED,0.8876909667033634,0.9526836000737374,0.6938722630279818,0
r8c-4707-b5cba2fa43110f77,4707,E2_ROLLING_INCREMENTAL_AFTER_FULL_REUSE,RR-REJECTION/7,CROSS_EVENT_WARM_START_ONLY,4,COMPLETE,INCLUDED,0.9295895109939151,0.9598625794734363,0.829012156028958,0
r8c-4708-1695d8724afc7b82,4708,E2_ROLLING_INCREMENTAL_AFTER_FULL_REUSE,RR-REJECTION/7,CROSS_EVENT_MEMORY_ONLY,4,COMPLETE,INCLUDED,0.8399271850381999,0.949375208341826,0.5094989136397848,0
r8c-4709-52bd18cb70dd0397,4709,E2_ROLLING_INCREMENTAL_AFTER_FULL_REUSE,RR-REJECTION/7,SHADE_ONLY,4,COMPLETE,INCLUDED,0.8453949568576992,0.9550702778690707,0.5179963191373261,0
r8c-4710-5e4cff2b95e7facd,4710,E2_ROLLING_INCREMENTAL_AFTER_FULL_REUSE,RR-INTERMITTENT/0,NO_CROSS_EVENT_MEMORY,0,COMPLETE,INCLUDED,0.787538815449266,0.9440976124452233,0.30865949145332444,0
r8c-4711-788c7ea52c16c8f1,4711,E2_ROLLING_INCREMENTAL_AFTER_FULL_REUSE,RR-INTERMITTENT/0,NO_EXECUTION_FEEDBACK,0,COMPLETE,INCLUDED,0.9325761983678371,0.9679851763977853,0.8360608362745122,0
r8c-4712-582b9e44da204431,4712,E2_ROLLING_INCREMENTAL_AFTER_FULL_REUSE,RR-INTERMITTENT/0,NO_REJECTION_CREDIT,0,COMPLETE,INCLUDED,0.8629385542822321,0.9325425129200576,0.6652042206621558,0
r8c-4713-5147bedd11cb5113,4713,E2_ROLLING_INCREMENTAL_AFTER_FULL_REUSE,RR-INTERMITTENT/0,NO_MEMORY_RESET_GATE,0,COMPLETE,INCLUDED,0.8680404373187841,0.9250757693992728,0.6989406801444712,0
r8c-4714-8501994dc4b9c4bc,4714,E2_ROLLING_INCREMENTAL_AFTER_FULL_REUSE,RR-INTERMITTENT/0,NO_LINEAGE_CREDIT,0,COMPLETE,INCLUDED,0.8402438808108086,0.9412190078728131,0.5486160119747413,0
r8c-4715-33afb184ee69b2f0,4715,E2_ROLLING_INCREMENTAL_AFTER_FULL_REUSE,RR-INTERMITTENT/0,CROSS_EVENT_WARM_START_ONLY,0,COMPLETE,INCLUDED,0.7947920487040283,0.8315633060748322,0.6918803754864907,0
r8c-4716-084f3ab5d7a1bfa9,4716,E2_ROLLING_INCREMENTAL_AFTER_FULL_REUSE,RR-INTERMITTENT/0,CROSS_EVENT_MEMORY_ONLY,0,COMPLETE,INCLUDED,0.7355860772370437,0.9200561400716124,0.19136824986744938,0
r8c-4717-87d9f3d5ba970756,4717,E2_ROLLING_INCREMENTAL_AFTER_FULL_REUSE,RR-INTERMITTENT/0,SHADE_ONLY,0,COMPLETE,INCLUDED,0.785046446386681,0.9589519503638815,0.2537921498008298,0
r8c-4718-a25b7a7da3971f40,4718,E2_ROLLING_INCREMENTAL_AFTER_FULL_REUSE,RR-INTERMITTENT/0,NO_CROSS_EVENT_MEMORY,1,COMPLETE,INCLUDED,0.7776615388366221,0.9520796374699282,0.23353520334590563,0
r8c-4719-9ae036eed7729a6c,4719,E2_ROLLING_INCREMENTAL_AFTER_FULL_REUSE,RR-INTERMITTENT/0,NO_EXECUTION_FEEDBACK,1,COMPLETE,INCLUDED,0.9196609438559162,0.9604364749377948,0.8129061898828441,0
r8c-4720-7c3b85924571a721,4720,E2_ROLLING_INCREMENTAL_AFTER_FULL_REUSE,RR-INTERMITTENT/0,NO_REJECTION_CREDIT,1,COMPLETE,INCLUDED,0.8450054324316787,0.9232792925012785,0.6070732983164597,0
r8c-4721-4cf7fc1da56e0053,4721,E2_ROLLING_INCREMENTAL_AFTER_FULL_REUSE,RR-INTERMITTENT/0,NO_MEMORY_RESET_GATE,1,COMPLETE,INCLUDED,0.9075021110668388,0.9493428748246574,0.7858409433392498,0
r8c-4722-69a542148b743790,4722,E2_ROLLING_INCREMENTAL_AFTER_FULL_REUSE,RR-INTERMITTENT/0,NO_LINEAGE_CREDIT,1,COMPLETE,INCLUDED,0.8355994966934306,0.927364488307785,0.5801601265107459,0
r8c-4723-b07ba995920db242,4723,E2_ROLLING_INCREMENTAL_AFTER_FULL_REUSE,RR-INTERMITTENT/0,CROSS_EVENT_WARM_START_ONLY,1,COMPLETE,INCLUDED,0.9075580609838036,0.9477290234496898,0.7940469523999033,0
r8c-4724-fa6b2f73499ac7eb,4724,E2_ROLLING_INCREMENTAL_AFTER_FULL_REUSE,RR-INTERMITTENT/0,CROSS_EVENT_MEMORY_ONLY,1,COMPLETE,INCLUDED,0.7908087825392737,0.9589733839089984,0.25884045283184537,0
r8c-4725-7ce6b8db5e9cff8b,4725,E2_ROLLING_INCREMENTAL_AFTER_FULL_REUSE,RR-INTERMITTENT/0,SHADE_ONLY,1,COMPLETE,INCLUDED,0.7678241676610391,0.9490211568661231,0.2080580461845538,0
r8c-4726-32f65a4e829f4d11,4726,E2_ROLLING_INCREMENTAL_AFTER_FULL_REUSE,RR-INTERMITTENT/0,NO_CROSS_EVENT_MEMORY,2,COMPLETE,INCLUDED,0.7933785890873203,0.9551643656953545,0.2809945496013764,0
r8c-4727-78b4545369458a51,4727,E2_ROLLING_INCREMENTAL_AFTER_FULL_REUSE,RR-INTERMITTENT/0,NO_EXECUTION_FEEDBACK,2,COMPLETE,INCLUDED,0.9244190805256208,0.9623759201803738,0.815361398799394,0
r8c-4728-8ea5f71db0741a62,4728,E2_ROLLING_INCREMENTAL_AFTER_FULL_REUSE,RR-INTERMITTENT/0,NO_REJECTION_CREDIT,2,COMPLETE,INCLUDED,0.8783484404545415,0.9593801955262773,0.6388108491260891,0
r8c-4729-a0421e20b46ce4f9,4729,E2_ROLLING_INCREMENTAL_AFTER_FULL_REUSE,RR-INTERMITTENT/0,NO_MEMORY_RESET_GATE,2,COMPLETE,INCLUDED,0.9325245062717167,0.9653895740550936,0.8361894680776017,0
r8c-4730-f8b3cdc4c0537821,4730,E2_ROLLING_INCREMENTAL_AFTER_FULL_REUSE,RR-INTERMITTENT/0,NO_LINEAGE_CREDIT,2,COMPLETE,INCLUDED,0.8315765915417854,0.9305490232866758,0.5423332883572279,0
r8c-4731-4bc725ca099af63c,4731,E2_ROLLING_INCREMENTAL_AFTER_FULL_REUSE,RR-INTERMITTENT/0,CROSS_EVENT_WARM_START_ONLY,2,COMPLETE,INCLUDED,0.8902179618641206,0.939598623603281,0.7488795938816705,0
r8c-4732-63286fd03187135a,4732,E2_ROLLING_INCREMENTAL_AFTER_FULL_REUSE,RR-INTERMITTENT/0,CROSS_EVENT_MEMORY_ONLY,2,COMPLETE,INCLUDED,0.798514602326011,0.9534835181335628,0.30124781476378265,0
r8c-4733-f9494d988cfcc3f1,4733,E2_ROLLING_INCREMENTAL_AFTER_FULL_REUSE,RR-INTERMITTENT/0,SHADE_ONLY,2,COMPLETE,INCLUDED,0.7927600961368617,0.9547586842985953,0.3193177101986772,0
r8c-4734-39d7c3879e78e526,4734,E2_ROLLING_INCREMENTAL_AFTER_FULL_REUSE,RR-INTERMITTENT/0,NO_CROSS_EVENT_MEMORY,3,COMPLETE,INCLUDED,0.7853575638626233,0.9541007891692393,0.2600527454112336,0
r8c-4735-c576d414338994b5,4735,E2_ROLLING_INCREMENTAL_AFTER_FULL_REUSE,RR-INTERMITTENT/0,NO_EXECUTION_FEEDBACK,3,COMPLETE,INCLUDED,0.7545627617952753,0.797203761044401,0.6312665674191077,0
r8c-4736-d0975e1f95da6782,4736,E2_ROLLING_INCREMENTAL_AFTER_FULL_REUSE,RR-INTERMITTENT/0,NO_REJECTION_CREDIT,3,COMPLETE,INCLUDED,0.8850329618009939,0.9640170320338693,0.6600193347355972,0
r8c-4737-d51e02861bc7b84b,4737,E2_ROLLING_INCREMENTAL_AFTER_FULL_REUSE,RR-INTERMITTENT/0,NO_MEMORY_RESET_GATE,3,COMPLETE,INCLUDED,0.8635987599235062,0.9240060871433755,0.6775590975132463,0
r8c-4738-a2cdc0700bef2cd3,4738,E2_ROLLING_INCREMENTAL_AFTER_FULL_REUSE,RR-INTERMITTENT/0,NO_LINEAGE_CREDIT,3,COMPLETE,INCLUDED,0.8893233672603618,0.9623006138704518,0.6838601246088578,0
r8c-4739-c3923269a25ef6cf,4739,E2_ROLLING_INCREMENTAL_AFTER_FULL_REUSE,RR-INTERMITTENT/0,CROSS_EVENT_WARM_START_ONLY,3,COMPLETE,INCLUDED,0.9026835845795617,0.9467952591809539,0.7694669010080887,0
r8c-4740-6d84f18a20aab566,4740,E2_ROLLING_INCREMENTAL_AFTER_FULL_REUSE,RR-INTERMITTENT/0,CROSS_EVENT_MEMORY_ONLY,3,COMPLETE,INCLUDED,0.7902906394829678,0.9592700986645143,0.2551471265548288,0
r8c-4741-cabccfca8a0ed275,4741,E2_ROLLING_INCREMENTAL_AFTER_FULL_REUSE,RR-INTERMITTENT/0,SHADE_ONLY,3,COMPLETE,INCLUDED,0.7585516222761906,0.9286221860235291,0.2488802399527236,0
r8c-4742-6947c2b4faf06197,4742,E2_ROLLING_INCREMENTAL_AFTER_FULL_REUSE,RR-INTERMITTENT/0,NO_CROSS_EVENT_MEMORY,4,COMPLETE,INCLUDED,0.7897844758889997,0.9524851419489773,0.283860082720502,0
r8c-4743-29eaa38558dfa521,4743,E2_ROLLING_INCREMENTAL_AFTER_FULL_REUSE,RR-INTERMITTENT/0,NO_EXECUTION_FEEDBACK,4,COMPLETE,INCLUDED,0.881591068367636,0.942782516669357,0.6993820457346446,0
r8c-4744-988e4e5e7b4d7906,4744,E2_ROLLING_INCREMENTAL_AFTER_FULL_REUSE,RR-INTERMITTENT/0,NO_REJECTION_CREDIT,4,COMPLETE,INCLUDED,0.890645385340511,0.961498103702764,0.6673288130488642,0
r8c-4745-3d871b99bc45bb3e,4745,E2_ROLLING_INCREMENTAL_AFTER_FULL_REUSE,RR-INTERMITTENT/0,NO_MEMORY_RESET_GATE,4,COMPLETE,INCLUDED,0.890156490591399,0.9390932753052832,0.7469408659559363,0
r8c-4746-9e4394e2207508ae,4746,E2_ROLLING_INCREMENTAL_AFTER_FULL_REUSE,RR-INTERMITTENT/0,NO_LINEAGE_CREDIT,4,COMPLETE,INCLUDED,0.8654367973495141,0.9508310035560983,0.6103783643297697,0
r8c-4747-ae1d459d04f3c528,4747,E2_ROLLING_INCREMENTAL_AFTER_FULL_REUSE,RR-INTERMITTENT/0,CROSS_EVENT_WARM_START_ONLY,4,COMPLETE,INCLUDED,0.9116338787361666,0.9517837394290917,0.8045142038274791,0
r8c-4748-5d1acd1873ffbf81,4748,E2_ROLLING_INCREMENTAL_AFTER_FULL_REUSE,RR-INTERMITTENT/0,CROSS_EVENT_MEMORY_ONLY,4,COMPLETE,INCLUDED,0.7975700824709844,0.9542358547716348,0.30323094124739397,0
r8c-4749-6a9c902a30740d5c,4749,E2_ROLLING_INCREMENTAL_AFTER_FULL_REUSE,RR-INTERMITTENT/0,SHADE_ONLY,4,COMPLETE,INCLUDED,0.7876811310091927,0.9587633760111205,0.2529324103308721,0
r8c-4750-caaf2aea05aa80f0,4750,E2_ROLLING_INCREMENTAL_AFTER_FULL_REUSE,RR-INTERMITTENT/1,NO_CROSS_EVENT_MEMORY,0,COMPLETE,INCLUDED,0.8502274441319593,0.9673942158208296,0.4977535677424658,0
r8c-4751-9271c84aff144c91,4751,E2_ROLLING_INCREMENTAL_AFTER_FULL_REUSE,RR-INTERMITTENT/1,NO_EXECUTION_FEEDBACK,0,COMPLETE,INCLUDED,0.9457751664423382,0.9775878963173769,0.8501207770625648,0
r8c-4752-eacafabb555728f0,4752,E2_ROLLING_INCREMENTAL_AFTER_FULL_REUSE,RR-INTERMITTENT/1,NO_REJECTION_CREDIT,0,COMPLETE,INCLUDED,0.917685436419686,0.9731212586940515,0.7517931677074009,0
r8c-4753-cd78940c8a23a363,4753,E2_ROLLING_INCREMENTAL_AFTER_FULL_REUSE,RR-INTERMITTENT/1,NO_MEMORY_RESET_GATE,0,COMPLETE,INCLUDED,0.9405489788726967,0.9756903101980839,0.8327167537132176,0
r8c-4754-a7b150bd90bfd68a,4754,E2_ROLLING_INCREMENTAL_AFTER_FULL_REUSE,RR-INTERMITTENT/1,NO_LINEAGE_CREDIT,0,COMPLETE,INCLUDED,0.9054487542092684,0.9710491206242888,0.7016153081009684,0
r8c-4755-21c49d185aa40b86,4755,E2_ROLLING_INCREMENTAL_AFTER_FULL_REUSE,RR-INTERMITTENT/1,CROSS_EVENT_WARM_START_ONLY,0,COMPLETE,INCLUDED,0.9440726456528257,0.9762001329269505,0.8453856180820877,0
r8c-4756-21c9790df0f75063,4756,E2_ROLLING_INCREMENTAL_AFTER_FULL_REUSE,RR-INTERMITTENT/1,CROSS_EVENT_MEMORY_ONLY,0,COMPLETE,INCLUDED,0.8388963166796767,0.9687735225933947,0.42331343143229627,0
r8c-4757-0411730f87b631ff,4757,E2_ROLLING_INCREMENTAL_AFTER_FULL_REUSE,RR-INTERMITTENT/1,SHADE_ONLY,0,COMPLETE,INCLUDED,0.8375494008447445,0.9673694157209234,0.43722352041665574,0
r8c-4758-01ec591cd4d529ea,4758,E2_ROLLING_INCREMENTAL_AFTER_FULL_REUSE,RR-INTERMITTENT/1,NO_CROSS_EVENT_MEMORY,1,COMPLETE,INCLUDED,0.8477779726366503,0.9665078601038337,0.4638329026983394,0
r8c-4759-00043fe426d6c6d4,4759,E2_ROLLING_INCREMENTAL_AFTER_FULL_REUSE,RR-INTERMITTENT/1,NO_EXECUTION_FEEDBACK,1,COMPLETE,INCLUDED,0.9399056292676955,0.9752268544202449,0.8409921002116932,0
r8c-4760-544955707fa4ff49,4760,E2_ROLLING_INCREMENTAL_AFTER_FULL_REUSE,RR-INTERMITTENT/1,NO_REJECTION_CREDIT,1,COMPLETE,INCLUDED,0.9199774805913148,0.9755081807986972,0.7529766791241497,0
r8c-4761-bbcd8b2ae1518d9d,4761,E2_ROLLING_INCREMENTAL_AFTER_FULL_REUSE,RR-INTERMITTENT/1,NO_MEMORY_RESET_GATE,1,COMPLETE,INCLUDED,0.9464119844815955,0.9776336817365978,0.8508952007369017,0
r8c-4762-9421a60393c5c7f2,4762,E2_ROLLING_INCREMENTAL_AFTER_FULL_REUSE,RR-INTERMITTENT/1,NO_LINEAGE_CREDIT,1,COMPLETE,INCLUDED,0.898961842952251,0.9707474586030319,0.6620945432951607,0
r8c-4763-bf51d498b1967f25,4763,E2_ROLLING_INCREMENTAL_AFTER_FULL_REUSE,RR-INTERMITTENT/1,CROSS_EVENT_WARM_START_ONLY,1,COMPLETE,INCLUDED,0.9448035409639453,0.9765815007769538,0.849107757476349,0
r8c-4764-3e6bd8d48b460f3b,4764,E2_ROLLING_INCREMENTAL_AFTER_FULL_REUSE,RR-INTERMITTENT/1,CROSS_EVENT_MEMORY_ONLY,1,COMPLETE,INCLUDED,0.848054667192048,0.967121738325415,0.46511045631601783,0
r8c-4765-6ba6ba58b8c30c88,4765,E2_ROLLING_INCREMENTAL_AFTER_FULL_REUSE,RR-INTERMITTENT/1,SHADE_ONLY,1,COMPLETE,INCLUDED,0.8394283015837534,0.9675208782756706,0.45562714461746445,0
r8c-4766-4158ada6fd8f3c73,4766,E2_ROLLING_INCREMENTAL_AFTER_FULL_REUSE,RR-INTERMITTENT/1,NO_CROSS_EVENT_MEMORY,2,COMPLETE,INCLUDED,0.8537969284161022,0.9669101067609361,0.502674984505018,0
r8c-4767-66985f37c40ceb48,4767,E2_ROLLING_INCREMENTAL_AFTER_FULL_REUSE,RR-INTERMITTENT/1,NO_EXECUTION_FEEDBACK,2,COMPLETE,INCLUDED,0.9461076232734051,0.9774949088699527,0.8499672577393752,0
r8c-4768-2cca187f1050d13b,4768,E2_ROLLING_INCREMENTAL_AFTER_FULL_REUSE,RR-INTERMITTENT/1,NO_REJECTION_CREDIT,2,COMPLETE,INCLUDED,0.9003213905935217,0.9729323972571695,0.6841530363425745,0
r8c-4769-f56210dee1296aa5,4769,E2_ROLLING_INCREMENTAL_AFTER_FULL_REUSE,RR-INTERMITTENT/1,NO_MEMORY_RESET_GATE,2,COMPLETE,INCLUDED,0.9432794008579976,0.9771446122795673,0.8424046460580179,0
r8c-4770-7595a1570ba16dea,4770,E2_ROLLING_INCREMENTAL_AFTER_FULL_REUSE,RR-INTERMITTENT/1,NO_LINEAGE_CREDIT,2,COMPLETE,INCLUDED,0.9059131194099113,0.9738035421690778,0.6960806203127481,0
r8c-4771-db9b143a71a08c97,4771,E2_ROLLING_INCREMENTAL_AFTER_FULL_REUSE,RR-INTERMITTENT/1,CROSS_EVENT_WARM_START_ONLY,2,COMPLETE,INCLUDED,0.9429739882905646,0.9755759926776266,0.8441394185410885,0
r8c-4772-59b11f307cbc85c8,4772,E2_ROLLING_INCREMENTAL_AFTER_FULL_REUSE,RR-INTERMITTENT/1,CROSS_EVENT_MEMORY_ONLY,2,COMPLETE,INCLUDED,0.8473141399351688,0.9664147344590248,0.4696159431662643,0
r8c-4773-1ad8dd82016cf92b,4773,E2_ROLLING_INCREMENTAL_AFTER_FULL_REUSE,RR-INTERMITTENT/1,SHADE_ONLY,2,COMPLETE,INCLUDED,0.8482019831496299,0.9674408496455168,0.4907656853420357,0
r8c-4774-1eb14b0ef48f1e28,4774,E2_ROLLING_INCREMENTAL_AFTER_FULL_REUSE,RR-INTERMITTENT/1,NO_CROSS_EVENT_MEMORY,3,COMPLETE,INCLUDED,0.8303166800110541,0.9658690877226939,0.40937886247101585,0
r8c-4775-3d560d3263778f37,4775,E2_ROLLING_INCREMENTAL_AFTER_FULL_REUSE,RR-INTERMITTENT/1,NO_EXECUTION_FEEDBACK,3,COMPLETE,INCLUDED,0.9409625581745162,0.9773826012034178,0.8360121155708641,0
r8c-4776-5f42eb266a162bd9,4776,E2_ROLLING_INCREMENTAL_AFTER_FULL_REUSE,RR-INTERMITTENT/1,NO_REJECTION_CREDIT,3,COMPLETE,INCLUDED,0.9134686169146544,0.9761726470172789,0.7241321418129928,0
r8c-4777-74de124fcaf650d8,4777,E2_ROLLING_INCREMENTAL_AFTER_FULL_REUSE,RR-INTERMITTENT/1,NO_MEMORY_RESET_GATE,3,COMPLETE,INCLUDED,0.9432893283390984,0.9773940123579574,0.8428478832817742,0
r8c-4778-96bcacf83a18c9d9,4778,E2_ROLLING_INCREMENTAL_AFTER_FULL_REUSE,RR-INTERMITTENT/1,NO_LINEAGE_CREDIT,3,COMPLETE,INCLUDED,0.8982514903785374,0.9731704983765465,0.6625467082910285,0
r8c-4779-d55fee11ad730338,4779,E2_ROLLING_INCREMENTAL_AFTER_FULL_REUSE,RR-INTERMITTENT/1,CROSS_EVENT_WARM_START_ONLY,3,COMPLETE,INCLUDED,0.9419292959364671,0.9750839091535648,0.8401560829315994,0
r8c-4780-90e90003fda65177,4780,E2_ROLLING_INCREMENTAL_AFTER_FULL_REUSE,RR-INTERMITTENT/1,CROSS_EVENT_MEMORY_ONLY,3,COMPLETE,INCLUDED,0.8396822043010598,0.9660421658142827,0.4467491197382665,0
r8c-4781-65639384de163f7b,4781,E2_ROLLING_INCREMENTAL_AFTER_FULL_REUSE,RR-INTERMITTENT/1,SHADE_ONLY,3,COMPLETE,INCLUDED,0.8406414799105351,0.9670076612222909,0.4650949490709273,0
r8c-4782-feca96a0b89d0493,4782,E2_ROLLING_INCREMENTAL_AFTER_FULL_REUSE,RR-INTERMITTENT/1,NO_CROSS_EVENT_MEMORY,4,COMPLETE,INCLUDED,0.8424354303849231,0.9672611966728333,0.4491334403224794,0
r8c-4783-8d4dd33602ad6da7,4783,E2_ROLLING_INCREMENTAL_AFTER_FULL_REUSE,RR-INTERMITTENT/1,NO_EXECUTION_FEEDBACK,4,COMPLETE,INCLUDED,0.9453244009053202,0.9777579775281637,0.8466116693509216,0
r8c-4784-a62081a6acd3c10f,4784,E2_ROLLING_INCREMENTAL_AFTER_FULL_REUSE,RR-INTERMITTENT/1,NO_REJECTION_CREDIT,4,COMPLETE,INCLUDED,0.8999555988903758,0.971691733032044,0.6860588316203735,0
r8c-4785-e29eb14476356c46,4785,E2_ROLLING_INCREMENTAL_AFTER_FULL_REUSE,RR-INTERMITTENT/1,NO_MEMORY_RESET_GATE,4,COMPLETE,INCLUDED,0.9418921003762456,0.9762464984203829,0.8432186661676844,0
r8c-4786-7519c80add581381,4786,E2_ROLLING_INCREMENTAL_AFTER_FULL_REUSE,RR-INTERMITTENT/1,NO_LINEAGE_CREDIT,4,COMPLETE,INCLUDED,0.9021300490389823,0.9711831230802501,0.6933350892755489,0
r8c-4787-fd68b6eca66e77c1,4787,E2_ROLLING_INCREMENTAL_AFTER_FULL_REUSE,RR-INTERMITTENT/1,CROSS_EVENT_WARM_START_ONLY,4,COMPLETE,INCLUDED,0.946593491427959,0.9779754980538117,0.8513707334850423,0
r8c-4788-a77fc80d2468ef0f,4788,E2_ROLLING_INCREMENTAL_AFTER_FULL_REUSE,RR-INTERMITTENT/1,CROSS_EVENT_MEMORY_ONLY,4,COMPLETE,INCLUDED,0.8554092628399778,0.9668204651828507,0.5018330510069057,0
r8c-4789-bcfd60340da2b94f,4789,E2_ROLLING_INCREMENTAL_AFTER_FULL_REUSE,RR-INTERMITTENT/1,SHADE_ONLY,4,COMPLETE,INCLUDED,0.8419309346409369,0.9673889385284113,0.4492848834200749,0
r8c-4790-91514cb7bb1ce917,4790,E2_ROLLING_INCREMENTAL_AFTER_FULL_REUSE,RR-INTERMITTENT/2,NO_CROSS_EVENT_MEMORY,0,COMPLETE,INCLUDED,0.8791391349386508,0.9735772282012475,0.5971017220681768,0
r8c-4791-b2991752bbd0e10f,4791,E2_ROLLING_INCREMENTAL_AFTER_FULL_REUSE,RR-INTERMITTENT/2,NO_EXECUTION_FEEDBACK,0,COMPLETE,INCLUDED,0.8829285682329664,0.9520381326768197,0.6909135255615821,0
r8c-4792-4910dd4fd10b380e,4792,E2_ROLLING_INCREMENTAL_AFTER_FULL_REUSE,RR-INTERMITTENT/2,NO_REJECTION_CREDIT,0,COMPLETE,INCLUDED,0.9284971260858447,0.9770627198453559,0.7850063902825706,0
r8c-4793-4cdee1b30d9532f7,4793,E2_ROLLING_INCREMENTAL_AFTER_FULL_REUSE,RR-INTERMITTENT/2,NO_MEMORY_RESET_GATE,0,COMPLETE,INCLUDED,0.9478072615983795,0.9811076462885227,0.8502544475278748,0
r8c-4794-9b6acfc7ea8c4e37,4794,E2_ROLLING_INCREMENTAL_AFTER_FULL_REUSE,RR-INTERMITTENT/2,NO_LINEAGE_CREDIT,0,COMPLETE,INCLUDED,0.9109124376542107,0.9734439518673659,0.7165201173743683,0
r8c-4795-66cec1797a0c63f4,4795,E2_ROLLING_INCREMENTAL_AFTER_FULL_REUSE,RR-INTERMITTENT/2,CROSS_EVENT_WARM_START_ONLY,0,COMPLETE,INCLUDED,0.946492427225569,0.978679896379478,0.8493473903448021,0
r8c-4796-67b3a7c58a8eddc8,4796,E2_ROLLING_INCREMENTAL_AFTER_FULL_REUSE,RR-INTERMITTENT/2,CROSS_EVENT_MEMORY_ONLY,0,COMPLETE,INCLUDED,0.8811766648891813,0.9718977318979132,0.6075178268312111,0
r8c-4797-a92965a22b3414da,4797,E2_ROLLING_INCREMENTAL_AFTER_FULL_REUSE,RR-INTERMITTENT/2,SHADE_ONLY,0,COMPLETE,INCLUDED,0.8763597175718723,0.9716596764723718,0.610112433809002,0
r8c-4798-00918834e6ad123a,4798,E2_ROLLING_INCREMENTAL_AFTER_FULL_REUSE,RR-INTERMITTENT/2,NO_CROSS_EVENT_MEMORY,1,COMPLETE,INCLUDED,0.8823363312327486,0.9740247698652652,0.6109545177314515,0
r8c-4799-d1aaf08173183bb5,4799,E2_ROLLING_INCREMENTAL_AFTER_FULL_REUSE,RR-INTERMITTENT/2,NO_EXECUTION_FEEDBACK,1,COMPLETE,INCLUDED,0.9525599800845971,0.9843000677214594,0.8553394993079331,0
r8c-4800-f1686a38fc8ef43a,4800,E2_ROLLING_INCREMENTAL_AFTER_FULL_REUSE,RR-INTERMITTENT/2,NO_REJECTION_CREDIT,1,COMPLETE,INCLUDED,0.9194194681625703,0.97412667899259,0.7529522741604396,0
r8c-4801-ceb2a02c7d3cdca5,4801,E2_ROLLING_INCREMENTAL_AFTER_FULL_REUSE,RR-INTERMITTENT/2,NO_MEMORY_RESET_GATE,1,COMPLETE,INCLUDED,0.953620157780772,0.9845630971595674,0.8565514148455741,0
r8c-4802-b4db9a35df8490b5,4802,E2_ROLLING_INCREMENTAL_AFTER_FULL_REUSE,RR-INTERMITTENT/2,NO_LINEAGE_CREDIT,1,COMPLETE,INCLUDED,0.9444998755725834,0.9814076909462207,0.8218774780651605,0
r8c-4803-e55eaa440ba46783,4803,E2_ROLLING_INCREMENTAL_AFTER_FULL_REUSE,RR-INTERMITTENT/2,CROSS_EVENT_WARM_START_ONLY,1,COMPLETE,INCLUDED,0.9548430832705511,0.9843874489826389,0.8567241081876702,0
r8c-4804-8a132115e47100ba,4804,E2_ROLLING_INCREMENTAL_AFTER_FULL_REUSE,RR-INTERMITTENT/2,CROSS_EVENT_MEMORY_ONLY,1,COMPLETE,INCLUDED,0.8735541651945201,0.9738818083073992,0.5637544249409615,0
r8c-4805-6642f12526c874c1,4805,E2_ROLLING_INCREMENTAL_AFTER_FULL_REUSE,RR-INTERMITTENT/2,SHADE_ONLY,1,COMPLETE,INCLUDED,0.876823966565149,0.9744652414654261,0.5793781932932673,0
r8c-4806-52594f3a71ed2acb,4806,E2_ROLLING_INCREMENTAL_AFTER_FULL_REUSE,RR-INTERMITTENT/2,NO_CROSS_EVENT_MEMORY,2,COMPLETE,INCLUDED,0.882459568436105,0.9696293239140024,0.6362979415686447,0
r8c-4807-2dcd77057cd315e7,4807,E2_ROLLING_INCREMENTAL_AFTER_FULL_REUSE,RR-INTERMITTENT/2,NO_EXECUTION_FEEDBACK,2,COMPLETE,INCLUDED,0.9474565348623797,0.9811156852956243,0.8482634248623461,0
r8c-4808-88f2e4a2bb707b7d,4808,E2_ROLLING_INCREMENTAL_AFTER_FULL_REUSE,RR-INTERMITTENT/2,NO_REJECTION_CREDIT,2,COMPLETE,INCLUDED,0.9339145790428492,0.9802475521376213,0.7904604979707469,0
r8c-4809-abd0aaab388ff3ee,4809,E2_ROLLING_INCREMENTAL_AFTER_FULL_REUSE,RR-INTERMITTENT/2,NO_MEMORY_RESET_GATE,2,COMPLETE,INCLUDED,0.9404787497421807,0.9747025537506324,0.8328931206778764,0
r8c-4810-e0b8c7548585ca1a,4810,E2_ROLLING_INCREMENTAL_AFTER_FULL_REUSE,RR-INTERMITTENT/2,NO_LINEAGE_CREDIT,2,COMPLETE,INCLUDED,0.9273383212396322,0.9795091008581617,0.7687453972331073,0
r8c-4811-d15e0a8241dc5906,4811,E2_ROLLING_INCREMENTAL_AFTER_FULL_REUSE,RR-INTERMITTENT/2,CROSS_EVENT_WARM_START_ONLY,2,COMPLETE,INCLUDED,0.9510239098721707,0.9825236731547922,0.8523652873639197,0
r8c-4812-d1fd3cb5a5e2494f,4812,E2_ROLLING_INCREMENTAL_AFTER_FULL_REUSE,RR-INTERMITTENT/2,CROSS_EVENT_MEMORY_ONLY,2,COMPLETE,INCLUDED,0.8724608481658149,0.9715087537208179,0.5636820469270714,0
r8c-4813-e90d7a73f2eaecc9,4813,E2_ROLLING_INCREMENTAL_AFTER_FULL_REUSE,RR-INTERMITTENT/2,SHADE_ONLY,2,COMPLETE,INCLUDED,0.8711741567355391,0.9707518369894002,0.5795948312114844,0
r8c-4814-bc5ce3b55749d476,4814,E2_ROLLING_INCREMENTAL_AFTER_FULL_REUSE,RR-INTERMITTENT/2,NO_CROSS_EVENT_MEMORY,3,COMPLETE,INCLUDED,0.875683593196374,0.9736250032140971,0.5843094897826394,0
r8c-4815-3735359dea002d1c,4815,E2_ROLLING_INCREMENTAL_AFTER_FULL_REUSE,RR-INTERMITTENT/2,NO_EXECUTION_FEEDBACK,3,COMPLETE,INCLUDED,0.9341445468045808,0.9764635433798482,0.8110454164855149,0
r8c-4816-a2090a94b1a0b04c,4816,E2_ROLLING_INCREMENTAL_AFTER_FULL_REUSE,RR-INTERMITTENT/2,NO_REJECTION_CREDIT,3,COMPLETE,INCLUDED,0.9275003025922907,0.9807173395118938,0.7693602768453559,0
r8c-4817-b95ed629852eafdb,4817,E2_ROLLING_INCREMENTAL_AFTER_FULL_REUSE,RR-INTERMITTENT/2,NO_MEMORY_RESET_GATE,3,COMPLETE,INCLUDED,0.9431459008539216,0.9781447868517932,0.8364271480951885,0
r8c-4818-b5c345eb05c897a7,4818,E2_ROLLING_INCREMENTAL_AFTER_FULL_REUSE,RR-INTERMITTENT/2,NO_LINEAGE_CREDIT,3,COMPLETE,INCLUDED,0.9240440621846874,0.9759875006422629,0.7719441073084677,0
r8c-4819-6a4a51c43a75ec58,4819,E2_ROLLING_INCREMENTAL_AFTER_FULL_REUSE,RR-INTERMITTENT/2,CROSS_EVENT_WARM_START_ONLY,3,COMPLETE,INCLUDED,0.9386015659576232,0.9745393435371497,0.8306387039481962,0
r8c-4820-f317be7e46a10b6f,4820,E2_ROLLING_INCREMENTAL_AFTER_FULL_REUSE,RR-INTERMITTENT/2,CROSS_EVENT_MEMORY_ONLY,3,COMPLETE,INCLUDED,0.8775968771314251,0.9740203843283075,0.5811556360365958,0
r8c-4821-2edced16c58b8fcd,4821,E2_ROLLING_INCREMENTAL_AFTER_FULL_REUSE,RR-INTERMITTENT/2,SHADE_ONLY,3,COMPLETE,INCLUDED,0.8628949711385296,0.970127266938748,0.5469814352910962,0
r8c-4822-6259cfec4427decb,4822,E2_ROLLING_INCREMENTAL_AFTER_FULL_REUSE,RR-INTERMITTENT/2,NO_CROSS_EVENT_MEMORY,4,COMPLETE,INCLUDED,0.8787049562859386,0.9722616255011113,0.6052337346481765,0
r8c-4823-6434afbcf198f355,4823,E2_ROLLING_INCREMENTAL_AFTER_FULL_REUSE,RR-INTERMITTENT/2,NO_EXECUTION_FEEDBACK,4,COMPLETE,INCLUDED,0.9535057802745085,0.983391102660093,0.8538537472539525,0
r8c-4824-23dbde1d25589534,4824,E2_ROLLING_INCREMENTAL_AFTER_FULL_REUSE,RR-INTERMITTENT/2,NO_REJECTION_CREDIT,4,COMPLETE,INCLUDED,0.9364980654220105,0.9811087945501052,0.796383588586888,0
r8c-4825-547aa87063e5c39c,4825,E2_ROLLING_INCREMENTAL_AFTER_FULL_REUSE,RR-INTERMITTENT/2,NO_MEMORY_RESET_GATE,4,COMPLETE,INCLUDED,0.9514734995436658,0.9826509723112504,0.8548472404251819,0
r8c-4826-3b23138092535c10,4826,E2_ROLLING_INCREMENTAL_AFTER_FULL_REUSE,RR-INTERMITTENT/2,NO_LINEAGE_CREDIT,4,COMPLETE,INCLUDED,0.9221085297908805,0.9768323505008704,0.7592675375457048,0
r8c-4827-ece6b10612da3870,4827,E2_ROLLING_INCREMENTAL_AFTER_FULL_REUSE,RR-INTERMITTENT/2,CROSS_EVENT_WARM_START_ONLY,4,COMPLETE,INCLUDED,0.952036541871473,0.9828369246797376,0.8557922993997558,0
r8c-4828-4c0e017cea44c6f5,4828,E2_ROLLING_INCREMENTAL_AFTER_FULL_REUSE,RR-INTERMITTENT/2,CROSS_EVENT_MEMORY_ONLY,4,COMPLETE,INCLUDED,0.8906921050764607,0.9761664978410101,0.6306585284946804,0
r8c-4829-eaa540c718f8db41,4829,E2_ROLLING_INCREMENTAL_AFTER_FULL_REUSE,RR-INTERMITTENT/2,SHADE_ONLY,4,COMPLETE,INCLUDED,0.8675186437740281,0.9705127910480655,0.5663890943795509,0
r8c-4830-c8753455b1b495ad,4830,E2_ROLLING_INCREMENTAL_AFTER_FULL_REUSE,RR-INTERMITTENT/3,NO_CROSS_EVENT_MEMORY,0,COMPLETE,INCLUDED,0.6407736369969829,0.7993151015411102,0.17692851904815077,0
r8c-4831-c75d2910c2311a84,4831,E2_ROLLING_INCREMENTAL_AFTER_FULL_REUSE,RR-INTERMITTENT/3,NO_EXECUTION_FEEDBACK,0,COMPLETE,INCLUDED,0.9023539545344853,0.9417796225978584,0.8029832266127205,0
r8c-4832-c07db4e00b8b6abb,4832,E2_ROLLING_INCREMENTAL_AFTER_FULL_REUSE,RR-INTERMITTENT/3,NO_REJECTION_CREDIT,0,COMPLETE,INCLUDED,0.8687320076040634,0.9396718472464892,0.668410305182801,0
r8c-4833-d0743e8a551cdab3,4833,E2_ROLLING_INCREMENTAL_AFTER_FULL_REUSE,RR-INTERMITTENT/3,NO_MEMORY_RESET_GATE,0,COMPLETE,INCLUDED,0.4847667558113809,0.5608107221375076,0.3195413276868053,0
r8c-4834-bd7f9c2955d16e4d,4834,E2_ROLLING_INCREMENTAL_AFTER_FULL_REUSE,RR-INTERMITTENT/3,NO_LINEAGE_CREDIT,0,COMPLETE,INCLUDED,0.4955787083420321,0.6046545386993483,0.23347670542308804,0
r8c-4835-24d192d74bf3aec6,4835,E2_ROLLING_INCREMENTAL_AFTER_FULL_REUSE,RR-INTERMITTENT/3,CROSS_EVENT_WARM_START_ONLY,0,COMPLETE,INCLUDED,0.7189496709014879,0.8071293660984533,0.45856205577476045,0
r8c-4836-80b4ce53e08ce13b,4836,E2_ROLLING_INCREMENTAL_AFTER_FULL_REUSE,RR-INTERMITTENT/3,CROSS_EVENT_MEMORY_ONLY,0,COMPLETE,INCLUDED,0.61820849027301,0.7885520191001757,0.16108612549757192,0
r8c-4837-731d2ff97e519e52,4837,E2_ROLLING_INCREMENTAL_AFTER_FULL_REUSE,RR-INTERMITTENT/3,SHADE_ONLY,0,COMPLETE,INCLUDED,0.774846266263894,0.9352238671459137,0.3072482842089593,0
r8c-4838-2a27cf0212d9dc77,4838,E2_ROLLING_INCREMENTAL_AFTER_FULL_REUSE,RR-INTERMITTENT/3,NO_CROSS_EVENT_MEMORY,1,COMPLETE,INCLUDED,0.7649916014260705,0.9297193373405269,0.28323722066289514,0
r8c-4839-f6d566d313a9588f,4839,E2_ROLLING_INCREMENTAL_AFTER_FULL_REUSE,RR-INTERMITTENT/3,NO_EXECUTION_FEEDBACK,1,COMPLETE,INCLUDED,0.7153356708246279,0.8235345101339344,0.45529220180290675,0
r8c-4840-cbefa276776b075a,4840,E2_ROLLING_INCREMENTAL_AFTER_FULL_REUSE,RR-INTERMITTENT/3,NO_REJECTION_CREDIT,1,COMPLETE,INCLUDED,0.7242371319936722,0.8044325379515349,0.4837592400725946,0
r8c-4841-8d6c87714c394c84,4841,E2_ROLLING_INCREMENTAL_AFTER_FULL_REUSE,RR-INTERMITTENT/3,NO_MEMORY_RESET_GATE,1,COMPLETE,INCLUDED,0.8932366014861148,0.9421283311004356,0.7704134668649573,0
r8c-4842-a8a2e0b5b91f515d,4842,E2_ROLLING_INCREMENTAL_AFTER_FULL_REUSE,RR-INTERMITTENT/3,NO_LINEAGE_CREDIT,1,COMPLETE,INCLUDED,0.5925222398667951,0.7214633911031567,0.26920230347612967,0
r8c-4843-a6e888127c5a7a34,4843,E2_ROLLING_INCREMENTAL_AFTER_FULL_REUSE,RR-INTERMITTENT/3,CROSS_EVENT_WARM_START_ONLY,1,COMPLETE,INCLUDED,0.9048188417094483,0.9439743133709058,0.794494657609453,0
r8c-4844-9eea10e4f972905b,4844,E2_ROLLING_INCREMENTAL_AFTER_FULL_REUSE,RR-INTERMITTENT/3,CROSS_EVENT_MEMORY_ONLY,1,COMPLETE,INCLUDED,0.7623383650714031,0.9350661370005341,0.2530147310263867,0
r8c-4845-054614eff1ef06dc,4845,E2_ROLLING_INCREMENTAL_AFTER_FULL_REUSE,RR-INTERMITTENT/3,SHADE_ONLY,1,COMPLETE,INCLUDED,0.7643774740486615,0.934375081711081,0.28199720164568864,0
r8c-4846-a2b4db4853ae5236,4846,E2_ROLLING_INCREMENTAL_AFTER_FULL_REUSE,RR-INTERMITTENT/3,NO_CROSS_EVENT_MEMORY,2,COMPLETE,INCLUDED,0.7645554531135824,0.9217855000615849,0.2993848752903575,0
r8c-4847-4e2325cfcb888de4,4847,E2_ROLLING_INCREMENTAL_AFTER_FULL_REUSE,RR-INTERMITTENT/3,NO_EXECUTION_FEEDBACK,2,COMPLETE,INCLUDED,0.6754302438301669,0.8038534308774048,0.32685620555866274,0
r8c-4848-727dcd65d533c331,4848,E2_ROLLING_INCREMENTAL_AFTER_FULL_REUSE,RR-INTERMITTENT/3,NO_REJECTION_CREDIT,2,COMPLETE,INCLUDED,0.708751494226069,0.8081188588729086,0.4393869276773844,0
r8c-4849-4487426ce402a81d,4849,E2_ROLLING_INCREMENTAL_AFTER_FULL_REUSE,RR-INTERMITTENT/3,NO_MEMORY_RESET_GATE,2,COMPLETE,INCLUDED,0.673866657709618,0.7907282413522283,0.4041185083763043,0
r8c-4850-b7ac29fc006d9941,4850,E2_ROLLING_INCREMENTAL_AFTER_FULL_REUSE,RR-INTERMITTENT/3,NO_LINEAGE_CREDIT,2,COMPLETE,INCLUDED,0.6313404461298935,0.7929099806079377,0.24923738637109807,0
r8c-4851-dc469bc4cb14673e,4851,E2_ROLLING_INCREMENTAL_AFTER_FULL_REUSE,RR-INTERMITTENT/3,CROSS_EVENT_WARM_START_ONLY,2,COMPLETE,INCLUDED,0.7009429100477438,0.7828799797016176,0.4730802529003026,0
r8c-4852-7a3fd14fd3748a34,4852,E2_ROLLING_INCREMENTAL_AFTER_FULL_REUSE,RR-INTERMITTENT/3,CROSS_EVENT_MEMORY_ONLY,2,COMPLETE,INCLUDED,0.7707138519731525,0.9343473059782363,0.28877456209857877,0
r8c-4853-6cb3fc7fb4094933,4853,E2_ROLLING_INCREMENTAL_AFTER_FULL_REUSE,RR-INTERMITTENT/3,SHADE_ONLY,2,COMPLETE,INCLUDED,0.769054394803866,0.9365033733387269,0.2914613446160656,0
r8c-4854-fcd8288cde89d836,4854,E2_ROLLING_INCREMENTAL_AFTER_FULL_REUSE,RR-INTERMITTENT/3,NO_CROSS_EVENT_MEMORY,3,COMPLETE,INCLUDED,0.7769460611755028,0.9328250879178025,0.32259278221732496,0
r8c-4855-4a54eb023fab21b3,4855,E2_ROLLING_INCREMENTAL_AFTER_FULL_REUSE,RR-INTERMITTENT/3,NO_EXECUTION_FEEDBACK,3,COMPLETE,INCLUDED,0.9039839909847682,0.9425372040000927,0.7993249032032512,0
r8c-4856-4a3d59896dad4d24,4856,E2_ROLLING_INCREMENTAL_AFTER_FULL_REUSE,RR-INTERMITTENT/3,NO_REJECTION_CREDIT,3,COMPLETE,INCLUDED,0.7176482395372519,0.8106702651180058,0.5041469981920839,0
r8c-4857-166242226a530e0c,4857,E2_ROLLING_INCREMENTAL_AFTER_FULL_REUSE,RR-INTERMITTENT/3,NO_MEMORY_RESET_GATE,3,COMPLETE,INCLUDED,0.7169143025620974,0.8046253494292877,0.4818351661423157,0
r8c-4858-5304bb91af9c868f,4858,E2_ROLLING_INCREMENTAL_AFTER_FULL_REUSE,RR-INTERMITTENT/3,NO_LINEAGE_CREDIT,3,COMPLETE,INCLUDED,0.7522973548560011,0.857959551820658,0.4826257774429173,0
r8c-4859-a27d484ab8badf24,4859,E2_ROLLING_INCREMENTAL_AFTER_FULL_REUSE,RR-INTERMITTENT/3,CROSS_EVENT_WARM_START_ONLY,3,COMPLETE,INCLUDED,0.8873708747112842,0.9364202144729997,0.7654977053939107,0
r8c-4860-89eabf15b7ac7a7a,4860,E2_ROLLING_INCREMENTAL_AFTER_FULL_REUSE,RR-INTERMITTENT/3,CROSS_EVENT_MEMORY_ONLY,3,COMPLETE,INCLUDED,0.7600682826497644,0.9332021329358652,0.25366303310104305,0
r8c-4861-4cf283559672a755,4861,E2_ROLLING_INCREMENTAL_AFTER_FULL_REUSE,RR-INTERMITTENT/3,SHADE_ONLY,3,COMPLETE,INCLUDED,0.7674034163886367,0.9385937017571386,0.28452154233244165,0
r8c-4862-24bbf198456fb887,4862,E2_ROLLING_INCREMENTAL_AFTER_FULL_REUSE,RR-INTERMITTENT/3,NO_CROSS_EVENT_MEMORY,4,COMPLETE,INCLUDED,0.7509992887368284,0.9168441928284192,0.2659277280654462,0
r8c-4863-cfd88ae07b51efc3,4863,E2_ROLLING_INCREMENTAL_AFTER_FULL_REUSE,RR-INTERMITTENT/3,NO_EXECUTION_FEEDBACK,4,COMPLETE,INCLUDED,0.4721900830754939,0.5319927660364384,0.30669493367180456,0
r8c-4864-a8da053b0a2a005e,4864,E2_ROLLING_INCREMENTAL_AFTER_FULL_REUSE,RR-INTERMITTENT/3,NO_REJECTION_CREDIT,4,COMPLETE,INCLUDED,0.8573638996010468,0.9388077926055021,0.6324829228751284,0
r8c-4865-672c2774689cbfcc,4865,E2_ROLLING_INCREMENTAL_AFTER_FULL_REUSE,RR-INTERMITTENT/3,NO_MEMORY_RESET_GATE,4,COMPLETE,INCLUDED,0.6204536450514244,0.7077441387214614,0.42091613187266796,0
r8c-4866-eb0333857c8792d7,4866,E2_ROLLING_INCREMENTAL_AFTER_FULL_REUSE,RR-INTERMITTENT/3,NO_LINEAGE_CREDIT,4,COMPLETE,INCLUDED,0.8535336473099997,0.9422591442689502,0.6057478713733918,0
r8c-4867-2e5fb41f283f1b61,4867,E2_ROLLING_INCREMENTAL_AFTER_FULL_REUSE,RR-INTERMITTENT/3,CROSS_EVENT_WARM_START_ONLY,4,COMPLETE,INCLUDED,0.8662008906681381,0.9211845018446748,0.7122401656643441,0
r8c-4868-6cee7b76e86ea117,4868,E2_ROLLING_INCREMENTAL_AFTER_FULL_REUSE,RR-INTERMITTENT/3,CROSS_EVENT_MEMORY_ONLY,4,COMPLETE,INCLUDED,0.7792518936948654,0.9382801664524919,0.3056670067774373,0
r8c-4869-c1a83be330f2191f,4869,E2_ROLLING_INCREMENTAL_AFTER_FULL_REUSE,RR-INTERMITTENT/3,SHADE_ONLY,4,COMPLETE,INCLUDED,0.7621804747484147,0.9320867051676626,0.2767740618727571,0
r8c-4870-f54b8d2a168bd67c,4870,E2_ROLLING_INCREMENTAL_AFTER_FULL_REUSE,RR-INTERMITTENT/4,NO_CROSS_EVENT_MEMORY,0,COMPLETE,INCLUDED,0.8020797638292463,0.9696515683379932,0.28715064539544494,0
r8c-4871-143ee9d35842508f,4871,E2_ROLLING_INCREMENTAL_AFTER_FULL_REUSE,RR-INTERMITTENT/4,NO_EXECUTION_FEEDBACK,0,COMPLETE,INCLUDED,0.9457597680592487,0.9836352992320766,0.8370769320855108,0
r8c-4872-f36779a76fa300f3,4872,E2_ROLLING_INCREMENTAL_AFTER_FULL_REUSE,RR-INTERMITTENT/4,NO_REJECTION_CREDIT,0,COMPLETE,INCLUDED,0.8886502489065611,0.9783443688388707,0.6186813325147167,0
r8c-4873-c97c89be3f640161,4873,E2_ROLLING_INCREMENTAL_AFTER_FULL_REUSE,RR-INTERMITTENT/4,NO_MEMORY_RESET_GATE,0,COMPLETE,INCLUDED,0.9357329205972018,0.9817050434409923,0.8164341576813828,0
r8c-4874-eee852486b4b8e36,4874,E2_ROLLING_INCREMENTAL_AFTER_FULL_REUSE,RR-INTERMITTENT/4,NO_LINEAGE_CREDIT,0,COMPLETE,INCLUDED,0.8849781654288693,0.9783997462219162,0.5919793843103293,0
r8c-4875-f65b31bf707d15ca,4875,E2_ROLLING_INCREMENTAL_AFTER_FULL_REUSE,RR-INTERMITTENT/4,CROSS_EVENT_WARM_START_ONLY,0,COMPLETE,INCLUDED,0.9329496237928072,0.9751604841364039,0.8132557925737665,0
r8c-4876-54c9ca6c90957843,4876,E2_ROLLING_INCREMENTAL_AFTER_FULL_REUSE,RR-INTERMITTENT/4,CROSS_EVENT_MEMORY_ONLY,0,COMPLETE,INCLUDED,0.7915665318281109,0.9760641262440546,0.21456501793000946,0
r8c-4877-8d9be7dd3b0a9559,4877,E2_ROLLING_INCREMENTAL_AFTER_FULL_REUSE,RR-INTERMITTENT/4,SHADE_ONLY,0,COMPLETE,INCLUDED,0.8116603147682767,0.972687596390202,0.3326612884411842,0
r8c-4878-4eb2906d3f6b9156,4878,E2_ROLLING_INCREMENTAL_AFTER_FULL_REUSE,RR-INTERMITTENT/4,NO_CROSS_EVENT_MEMORY,1,COMPLETE,INCLUDED,0.8073586552452774,0.9745162895819751,0.28570422645933413,0
r8c-4879-3c23cf9d102f4257,4879,E2_ROLLING_INCREMENTAL_AFTER_FULL_REUSE,RR-INTERMITTENT/4,NO_EXECUTION_FEEDBACK,1,COMPLETE,INCLUDED,0.9382977519719686,0.9822473318697803,0.8137775658853919,0
r8c-4880-58c8c2e4a85ce3b5,4880,E2_ROLLING_INCREMENTAL_AFTER_FULL_REUSE,RR-INTERMITTENT/4,NO_REJECTION_CREDIT,1,COMPLETE,INCLUDED,0.9069023204036659,0.9798228669471273,0.6998201856657292,0
r8c-4881-a8656ea093e22a2a,4881,E2_ROLLING_INCREMENTAL_AFTER_FULL_REUSE,RR-INTERMITTENT/4,NO_MEMORY_RESET_GATE,1,COMPLETE,INCLUDED,0.9440022324316937,0.9839118221008988,0.8455462219134652,0
r8c-4882-88a1772f20f3ec07,4882,E2_ROLLING_INCREMENTAL_AFTER_FULL_REUSE,RR-INTERMITTENT/4,NO_LINEAGE_CREDIT,1,COMPLETE,INCLUDED,0.8817176896736628,0.9782420976811445,0.5922491202497377,0
r8c-4883-25f4eeb964267aae,4883,E2_ROLLING_INCREMENTAL_AFTER_FULL_REUSE,RR-INTERMITTENT/4,CROSS_EVENT_WARM_START_ONLY,1,COMPLETE,INCLUDED,0.9453051796281746,0.9797795857344145,0.8480817280741116,0
r8c-4884-283298dfc4ead446,4884,E2_ROLLING_INCREMENTAL_AFTER_FULL_REUSE,RR-INTERMITTENT/4,CROSS_EVENT_MEMORY_ONLY,1,COMPLETE,INCLUDED,0.794720437948544,0.9711268705663899,0.271907997059503,0
r8c-4885-11e240fa75d91fc5,4885,E2_ROLLING_INCREMENTAL_AFTER_FULL_REUSE,RR-INTERMITTENT/4,SHADE_ONLY,1,COMPLETE,INCLUDED,0.802238456986532,0.9726228571360339,0.2844890633096244,0
r8c-4886-4a4fa9b9a4d695cd,4886,E2_ROLLING_INCREMENTAL_AFTER_FULL_REUSE,RR-INTERMITTENT/4,NO_CROSS_EVENT_MEMORY,2,COMPLETE,INCLUDED,0.7936336550952467,0.9729496251727958,0.23257439371555427,0
r8c-4887-5e2f23b743b36a33,4887,E2_ROLLING_INCREMENTAL_AFTER_FULL_REUSE,RR-INTERMITTENT/4,NO_EXECUTION_FEEDBACK,2,COMPLETE,INCLUDED,0.9419160818970169,0.9810322623957664,0.8296079081557571,0
r8c-4888-89f34f8db473fe52,4888,E2_ROLLING_INCREMENTAL_AFTER_FULL_REUSE,RR-INTERMITTENT/4,NO_REJECTION_CREDIT,2,COMPLETE,INCLUDED,0.8858562837924637,0.9778145580932067,0.6109688267106762,0
r8c-4889-fdd79cfcc823fa8b,4889,E2_ROLLING_INCREMENTAL_AFTER_FULL_REUSE,RR-INTERMITTENT/4,NO_MEMORY_RESET_GATE,2,COMPLETE,INCLUDED,0.940141723070494,0.9816620730439747,0.8312130206818301,0
r8c-4890-901b631e69890397,4890,E2_ROLLING_INCREMENTAL_AFTER_FULL_REUSE,RR-INTERMITTENT/4,NO_LINEAGE_CREDIT,2,COMPLETE,INCLUDED,0.8969347004005407,0.9793761556950704,0.6449186139886254,0
r8c-4891-417dc3b2caad460e,4891,E2_ROLLING_INCREMENTAL_AFTER_FULL_REUSE,RR-INTERMITTENT/4,CROSS_EVENT_WARM_START_ONLY,2,COMPLETE,INCLUDED,0.9459347233698917,0.9808516877493256,0.8481337107464663,0
r8c-4892-e5856dfbcfc5e062,4892,E2_ROLLING_INCREMENTAL_AFTER_FULL_REUSE,RR-INTERMITTENT/4,CROSS_EVENT_MEMORY_ONLY,2,COMPLETE,INCLUDED,0.805978078235776,0.9734500261297796,0.29424940924149784,0
r8c-4893-d19c4303eb0e3638,4893,E2_ROLLING_INCREMENTAL_AFTER_FULL_REUSE,RR-INTERMITTENT/4,SHADE_ONLY,2,COMPLETE,INCLUDED,0.7836794963346472,0.9698668351212698,0.21808282377279153,0
r8c-4894-e05d0f36b676deec,4894,E2_ROLLING_INCREMENTAL_AFTER_FULL_REUSE,RR-INTERMITTENT/4,NO_CROSS_EVENT_MEMORY,3,COMPLETE,INCLUDED,0.7982209860290397,0.9718709989547006,0.2696090058360798,0
r8c-4895-b86294dfc3426457,4895,E2_ROLLING_INCREMENTAL_AFTER_FULL_REUSE,RR-INTERMITTENT/4,NO_EXECUTION_FEEDBACK,3,COMPLETE,INCLUDED,0.9276695012346388,0.9787698819881104,0.7776142713620317,0
r8c-4896-8547dceaf52294fd,4896,E2_ROLLING_INCREMENTAL_AFTER_FULL_REUSE,RR-INTERMITTENT/4,NO_REJECTION_CREDIT,3,COMPLETE,INCLUDED,0.8983967410611878,0.9790526656291991,0.6523366432002626,0
r8c-4897-1ed6fb321b76c190,4897,E2_ROLLING_INCREMENTAL_AFTER_FULL_REUSE,RR-INTERMITTENT/4,NO_MEMORY_RESET_GATE,3,COMPLETE,INCLUDED,0.9432608344226413,0.9823577195332167,0.8361447420149242,0
r8c-4898-d10bbc8e5bd4bf86,4898,E2_ROLLING_INCREMENTAL_AFTER_FULL_REUSE,RR-INTERMITTENT/4,NO_LINEAGE_CREDIT,3,COMPLETE,INCLUDED,0.8820747975632426,0.9753523124863861,0.609552455254394,0
r8c-4899-2217dce1a46a191b,4899,E2_ROLLING_INCREMENTAL_AFTER_FULL_REUSE,RR-INTERMITTENT/4,CROSS_EVENT_WARM_START_ONLY,3,COMPLETE,INCLUDED,0.9427103799251461,0.9822077868163944,0.8321862715733285,0
r8c-4900-c23e6eae1bbcee42,4900,E2_ROLLING_INCREMENTAL_AFTER_FULL_REUSE,RR-INTERMITTENT/4,CROSS_EVENT_MEMORY_ONLY,3,COMPLETE,INCLUDED,0.7995091868694174,0.9743908514724053,0.26223515249021817,0
r8c-4901-cb8a87b454c96a64,4901,E2_ROLLING_INCREMENTAL_AFTER_FULL_REUSE,RR-INTERMITTENT/4,SHADE_ONLY,3,COMPLETE,INCLUDED,0.7920338690722092,0.9728743363201732,0.25292446999961987,0
r8c-4902-69a0e539fcd3e0bf,4902,E2_ROLLING_INCREMENTAL_AFTER_FULL_REUSE,RR-INTERMITTENT/4,NO_CROSS_EVENT_MEMORY,4,COMPLETE,INCLUDED,0.8073532241868044,0.9715250264634703,0.29626545819546163,0
r8c-4903-358bb5f47086498b,4903,E2_ROLLING_INCREMENTAL_AFTER_FULL_REUSE,RR-INTERMITTENT/4,NO_EXECUTION_FEEDBACK,4,COMPLETE,INCLUDED,0.9437329287080484,0.9837026327332341,0.8319843419101057,0
r8c-4904-caa51059ecaf65fa,4904,E2_ROLLING_INCREMENTAL_AFTER_FULL_REUSE,RR-INTERMITTENT/4,NO_REJECTION_CREDIT,4,COMPLETE,INCLUDED,0.8809119238155615,0.9779371856348009,0.5860746479836451,0
r8c-4905-fad1fba56b444892,4905,E2_ROLLING_INCREMENTAL_AFTER_FULL_REUSE,RR-INTERMITTENT/4,NO_MEMORY_RESET_GATE,4,COMPLETE,INCLUDED,0.9405506840343196,0.9800917585216565,0.8266158140170503,0
r8c-4906-f6701086b7f2bdfb,4906,E2_ROLLING_INCREMENTAL_AFTER_FULL_REUSE,RR-INTERMITTENT/4,NO_LINEAGE_CREDIT,4,COMPLETE,INCLUDED,0.8792614005507652,0.9760709580024592,0.5750660451444546,0
r8c-4907-d0be2b48b17c28ce,4907,E2_ROLLING_INCREMENTAL_AFTER_FULL_REUSE,RR-INTERMITTENT/4,CROSS_EVENT_WARM_START_ONLY,4,COMPLETE,INCLUDED,0.9461363296058206,0.9827524056303314,0.832481650671131,0
r8c-4908-a164c4c2f78dafab,4908,E2_ROLLING_INCREMENTAL_AFTER_FULL_REUSE,RR-INTERMITTENT/4,CROSS_EVENT_MEMORY_ONLY,4,COMPLETE,INCLUDED,0.7946656595401631,0.9718813221037171,0.2544523371533997,0
r8c-4909-89ceffb610bb7bf7,4909,E2_ROLLING_INCREMENTAL_AFTER_FULL_REUSE,RR-INTERMITTENT/4,SHADE_ONLY,4,COMPLETE,INCLUDED,0.7984197651436146,0.9746171056587534,0.26286093107957753,0
r8c-4910-9fb58be33cddafeb,4910,E2_ROLLING_INCREMENTAL_AFTER_FULL_REUSE,RR-INTERMITTENT/5,NO_CROSS_EVENT_MEMORY,0,COMPLETE,INCLUDED,0.773796248774383,0.9433801396809145,0.24776349210203005,0
r8c-4911-d5dc1198fd4fe766,4911,E2_ROLLING_INCREMENTAL_AFTER_FULL_REUSE,RR-INTERMITTENT/5,NO_EXECUTION_FEEDBACK,0,COMPLETE,INCLUDED,0.917037611503523,0.957229447179229,0.8184257938624293,0
r8c-4912-434f09e7400c6dd7,4912,E2_ROLLING_INCREMENTAL_AFTER_FULL_REUSE,RR-INTERMITTENT/5,NO_REJECTION_CREDIT,0,COMPLETE,INCLUDED,0.8434767494250897,0.945366855782481,0.5296388551415198,0
r8c-4913-b48f94cf93d95be4,4913,E2_ROLLING_INCREMENTAL_AFTER_FULL_REUSE,RR-INTERMITTENT/5,NO_MEMORY_RESET_GATE,0,COMPLETE,INCLUDED,0.89765916765377,0.9410663820892682,0.7824476734430871,0
r8c-4914-41c2eb02a6bfb322,4914,E2_ROLLING_INCREMENTAL_AFTER_FULL_REUSE,RR-INTERMITTENT/5,NO_LINEAGE_CREDIT,0,COMPLETE,INCLUDED,0.842066585497134,0.9448840661215782,0.5383679902204007,0
r8c-4915-599ab99f331e3c3b,4915,E2_ROLLING_INCREMENTAL_AFTER_FULL_REUSE,RR-INTERMITTENT/5,CROSS_EVENT_WARM_START_ONLY,0,COMPLETE,INCLUDED,0.9104813841500752,0.9483220404638152,0.8106302652765017,0
r8c-4916-84f6775663b0613a,4916,E2_ROLLING_INCREMENTAL_AFTER_FULL_REUSE,RR-INTERMITTENT/5,CROSS_EVENT_MEMORY_ONLY,0,COMPLETE,INCLUDED,0.7685695143030138,0.9355463834515699,0.26255481130847597,0
r8c-4917-72fbbb581dfa60af,4917,E2_ROLLING_INCREMENTAL_AFTER_FULL_REUSE,RR-INTERMITTENT/5,SHADE_ONLY,0,COMPLETE,INCLUDED,0.7732444025176279,0.9446029458965601,0.24978269294993347,0
r8c-4918-35408dc57e4f300c,4918,E2_ROLLING_INCREMENTAL_AFTER_FULL_REUSE,RR-INTERMITTENT/5,NO_CROSS_EVENT_MEMORY,1,COMPLETE,INCLUDED,0.7791045159361254,0.9381662844797329,0.29927980371189367,0
r8c-4919-547dd617f5c7c157,4919,E2_ROLLING_INCREMENTAL_AFTER_FULL_REUSE,RR-INTERMITTENT/5,NO_EXECUTION_FEEDBACK,1,COMPLETE,INCLUDED,0.9103491010261635,0.9529742252538916,0.7991605044332428,0
r8c-4920-e1d19ff3a92ca8c5,4920,E2_ROLLING_INCREMENTAL_AFTER_FULL_REUSE,RR-INTERMITTENT/5,NO_REJECTION_CREDIT,1,COMPLETE,INCLUDED,0.8614200163633658,0.9383583394748782,0.6289661844081438,0
r8c-4921-9c4f2be6eb86d189,4921,E2_ROLLING_INCREMENTAL_AFTER_FULL_REUSE,RR-INTERMITTENT/5,NO_MEMORY_RESET_GATE,1,COMPLETE,INCLUDED,0.8975501457539379,0.9458958420989019,0.761576728234801,0
r8c-4922-2bea98f397435c60,4922,E2_ROLLING_INCREMENTAL_AFTER_FULL_REUSE,RR-INTERMITTENT/5,NO_LINEAGE_CREDIT,1,COMPLETE,INCLUDED,0.8499223930609201,0.9505190483327308,0.5585091204699537,0
r8c-4923-905e23fab4695914,4923,E2_ROLLING_INCREMENTAL_AFTER_FULL_REUSE,RR-INTERMITTENT/5,CROSS_EVENT_WARM_START_ONLY,1,COMPLETE,INCLUDED,0.9138660623520583,0.9508940325576395,0.8029513972702992,0
r8c-4924-35232b7c28023bcb,4924,E2_ROLLING_INCREMENTAL_AFTER_FULL_REUSE,RR-INTERMITTENT/5,CROSS_EVENT_MEMORY_ONLY,1,COMPLETE,INCLUDED,0.7683450634987545,0.938093611585707,0.2624389407873647,0
r8c-4925-ec01d76d6137c15d,4925,E2_ROLLING_INCREMENTAL_AFTER_FULL_REUSE,RR-INTERMITTENT/5,SHADE_ONLY,1,COMPLETE,INCLUDED,0.7718189790021723,0.9458770210911037,0.25922485291830066,0
r8c-4926-e3a841067aa92a12,4926,E2_ROLLING_INCREMENTAL_AFTER_FULL_REUSE,RR-INTERMITTENT/5,NO_CROSS_EVENT_MEMORY,2,COMPLETE,INCLUDED,0.7728144738582815,0.9448612679711953,0.28408780552684854,0
r8c-4927-c00f7ee95a69cd80,4927,E2_ROLLING_INCREMENTAL_AFTER_FULL_REUSE,RR-INTERMITTENT/5,NO_EXECUTION_FEEDBACK,2,COMPLETE,INCLUDED,0.9102109904389337,0.9470354925123111,0.8105885291999338,0
r8c-4928-e382dbc1393239c6,4928,E2_ROLLING_INCREMENTAL_AFTER_FULL_REUSE,RR-INTERMITTENT/5,NO_REJECTION_CREDIT,2,COMPLETE,INCLUDED,0.8693516791548493,0.9494607928075277,0.6326266712114674,0
r8c-4929-c0a7fbfd3cd43b29,4929,E2_ROLLING_INCREMENTAL_AFTER_FULL_REUSE,RR-INTERMITTENT/5,NO_MEMORY_RESET_GATE,2,COMPLETE,INCLUDED,0.8728707747196589,0.9066315686943712,0.776827015628629,0
r8c-4930-852a0d700d15bb4c,4930,E2_ROLLING_INCREMENTAL_AFTER_FULL_REUSE,RR-INTERMITTENT/5,NO_LINEAGE_CREDIT,2,COMPLETE,INCLUDED,0.8291262197219579,0.9398311650659131,0.5042456056059161,0
r8c-4931-e35a1a16263f4a4c,4931,E2_ROLLING_INCREMENTAL_AFTER_FULL_REUSE,RR-INTERMITTENT/5,CROSS_EVENT_WARM_START_ONLY,2,COMPLETE,INCLUDED,0.9049272240788611,0.94772509620966,0.7946267368802362,0
r8c-4932-1bf127d20f09ec75,4932,E2_ROLLING_INCREMENTAL_AFTER_FULL_REUSE,RR-INTERMITTENT/5,CROSS_EVENT_MEMORY_ONLY,2,COMPLETE,INCLUDED,0.7591565080676211,0.9319598951286174,0.23702580866504247,0
r8c-4933-aed862bf22167186,4933,E2_ROLLING_INCREMENTAL_AFTER_FULL_REUSE,RR-INTERMITTENT/5,SHADE_ONLY,2,COMPLETE,INCLUDED,0.7670061091517513,0.935394236980302,0.2626659239182891,0
r8c-4934-13887f0a33df927b,4934,E2_ROLLING_INCREMENTAL_AFTER_FULL_REUSE,RR-INTERMITTENT/5,NO_CROSS_EVENT_MEMORY,3,COMPLETE,INCLUDED,0.7721064600751107,0.9366280484885074,0.2769457522072132,0
r8c-4935-d3283943d2a2c8c0,4935,E2_ROLLING_INCREMENTAL_AFTER_FULL_REUSE,RR-INTERMITTENT/5,NO_EXECUTION_FEEDBACK,3,COMPLETE,INCLUDED,0.8964207376918404,0.9542823465808146,0.7326906191196717,0
r8c-4936-51ff25d5f5588c07,4936,E2_ROLLING_INCREMENTAL_AFTER_FULL_REUSE,RR-INTERMITTENT/5,NO_REJECTION_CREDIT,3,COMPLETE,INCLUDED,0.8531234597416967,0.9411052102971051,0.5935226852106877,0
r8c-4937-038cd927f7613d1f,4937,E2_ROLLING_INCREMENTAL_AFTER_FULL_REUSE,RR-INTERMITTENT/5,NO_MEMORY_RESET_GATE,3,COMPLETE,INCLUDED,0.9024533118135734,0.947550767731259,0.7755171280788871,0
r8c-4938-4bb5925118a79629,4938,E2_ROLLING_INCREMENTAL_AFTER_FULL_REUSE,RR-INTERMITTENT/5,NO_LINEAGE_CREDIT,3,COMPLETE,INCLUDED,0.8552930302769628,0.9495716467931509,0.5773536930425904,0
r8c-4939-03022aad77916bf6,4939,E2_ROLLING_INCREMENTAL_AFTER_FULL_REUSE,RR-INTERMITTENT/5,CROSS_EVENT_WARM_START_ONLY,3,COMPLETE,INCLUDED,0.9026381781365196,0.948463760855662,0.7848735793427918,0
r8c-4940-23254cede3426488,4940,E2_ROLLING_INCREMENTAL_AFTER_FULL_REUSE,RR-INTERMITTENT/5,CROSS_EVENT_MEMORY_ONLY,3,COMPLETE,INCLUDED,0.7714019429267271,0.9406250150067335,0.2715137259721507,0
r8c-4941-7483ead4c22b182f,4941,E2_ROLLING_INCREMENTAL_AFTER_FULL_REUSE,RR-INTERMITTENT/5,SHADE_ONLY,3,COMPLETE,INCLUDED,0.7709301443419341,0.9396815608538555,0.27352726671148114,0
r8c-4942-510279c980fe5616,4942,E2_ROLLING_INCREMENTAL_AFTER_FULL_REUSE,RR-INTERMITTENT/5,NO_CROSS_EVENT_MEMORY,4,COMPLETE,INCLUDED,0.778185999478781,0.9435097932535838,0.2849982434516994,0
r8c-4943-5f726ddfa447bcc1,4943,E2_ROLLING_INCREMENTAL_AFTER_FULL_REUSE,RR-INTERMITTENT/5,NO_EXECUTION_FEEDBACK,4,COMPLETE,INCLUDED,0.8949115777700424,0.9508990526365533,0.7348251732060603,0
r8c-4944-6d1daf0d006c3744,4944,E2_ROLLING_INCREMENTAL_AFTER_FULL_REUSE,RR-INTERMITTENT/5,NO_REJECTION_CREDIT,4,COMPLETE,INCLUDED,0.8658141819314767,0.9421098600694405,0.6484525544172022,0
r8c-4945-e1ebf95100045aa7,4945,E2_ROLLING_INCREMENTAL_AFTER_FULL_REUSE,RR-INTERMITTENT/5,NO_MEMORY_RESET_GATE,4,COMPLETE,INCLUDED,0.9052841612942858,0.9458327516988849,0.776226217127467,0
r8c-4946-8510fcb472e1bd5c,4946,E2_ROLLING_INCREMENTAL_AFTER_FULL_REUSE,RR-INTERMITTENT/5,NO_LINEAGE_CREDIT,4,COMPLETE,INCLUDED,0.8353847753139236,0.9455240356205616,0.5020350116541215,0
r8c-4947-4c72c8066411495e,4947,E2_ROLLING_INCREMENTAL_AFTER_FULL_REUSE,RR-INTERMITTENT/5,CROSS_EVENT_WARM_START_ONLY,4,COMPLETE,INCLUDED,0.9086158313177195,0.9460167745042247,0.8087726879176835,0
r8c-4948-995193ae3d5d76ff,4948,E2_ROLLING_INCREMENTAL_AFTER_FULL_REUSE,RR-INTERMITTENT/5,CROSS_EVENT_MEMORY_ONLY,4,COMPLETE,INCLUDED,0.7749612344604848,0.9449589298027007,0.26216400676378465,0
r8c-4949-11be0483fb05feca,4949,E2_ROLLING_INCREMENTAL_AFTER_FULL_REUSE,RR-INTERMITTENT/5,SHADE_ONLY,4,COMPLETE,INCLUDED,0.7733535893435277,0.9416870574464516,0.27310175016463534,0
r8c-4950-0553df6a18444f7e,4950,E2_ROLLING_INCREMENTAL_AFTER_FULL_REUSE,RR-INTERMITTENT/6,NO_CROSS_EVENT_MEMORY,0,COMPLETE,INCLUDED,0.8837423720769155,0.975348569687595,0.6074902093343486,0
r8c-4951-3a2445040e20a952,4951,E2_ROLLING_INCREMENTAL_AFTER_FULL_REUSE,RR-INTERMITTENT/6,NO_EXECUTION_FEEDBACK,0,COMPLETE,INCLUDED,0.9528846246434725,0.9818550481486052,0.8561989239186966,0
r8c-4952-0fbd70d539bab85a,4952,E2_ROLLING_INCREMENTAL_AFTER_FULL_REUSE,RR-INTERMITTENT/6,NO_REJECTION_CREDIT,0,COMPLETE,INCLUDED,0.9228517247553352,0.97890889182877,0.7543155786729401,0
r8c-4953-7fff9f5f2935fcb0,4953,E2_ROLLING_INCREMENTAL_AFTER_FULL_REUSE,RR-INTERMITTENT/6,NO_MEMORY_RESET_GATE,0,COMPLETE,INCLUDED,0.9546348392686917,0.9829026861367609,0.8570004421871262,0
r8c-4954-7bc1d487cc8c94f2,4954,E2_ROLLING_INCREMENTAL_AFTER_FULL_REUSE,RR-INTERMITTENT/6,NO_LINEAGE_CREDIT,0,COMPLETE,INCLUDED,0.9304475411082048,0.9790112015735394,0.7837893903880725,0
r8c-4955-eb07089a3fde94ee,4955,E2_ROLLING_INCREMENTAL_AFTER_FULL_REUSE,RR-INTERMITTENT/6,CROSS_EVENT_WARM_START_ONLY,0,COMPLETE,INCLUDED,0.9521962756532807,0.9820553553886573,0.855746043696185,0
r8c-4956-a9f1ace8cd42adb5,4956,E2_ROLLING_INCREMENTAL_AFTER_FULL_REUSE,RR-INTERMITTENT/6,CROSS_EVENT_MEMORY_ONLY,0,COMPLETE,INCLUDED,0.8792937796280114,0.9750389078138173,0.5789143019188829,0
r8c-4957-5b1a79cc1e580351,4957,E2_ROLLING_INCREMENTAL_AFTER_FULL_REUSE,RR-INTERMITTENT/6,SHADE_ONLY,0,COMPLETE,INCLUDED,0.8716918271727765,0.9745469289186175,0.5472087212767954,0
r8c-4958-d3b6b899f373b83c,4958,E2_ROLLING_INCREMENTAL_AFTER_FULL_REUSE,RR-INTERMITTENT/6,NO_CROSS_EVENT_MEMORY,1,COMPLETE,INCLUDED,0.8788384806462194,0.9749073942604036,0.5746395524657438,0
r8c-4959-31a72cd5ac955e59,4959,E2_ROLLING_INCREMENTAL_AFTER_FULL_REUSE,RR-INTERMITTENT/6,NO_EXECUTION_FEEDBACK,1,COMPLETE,INCLUDED,0.9525732653961321,0.9826619776089653,0.8573164420197041,0
r8c-4960-e2f5cb0466da87c4,4960,E2_ROLLING_INCREMENTAL_AFTER_FULL_REUSE,RR-INTERMITTENT/6,NO_REJECTION_CREDIT,1,COMPLETE,INCLUDED,0.9238677042150831,0.9783357074858058,0.7550564201051148,0
r8c-4961-77d456c56a469602,4961,E2_ROLLING_INCREMENTAL_AFTER_FULL_REUSE,RR-INTERMITTENT/6,NO_MEMORY_RESET_GATE,1,COMPLETE,INCLUDED,0.9526950133344656,0.981698472008514,0.8551320285376498,0
r8c-4962-887640deba2bae2e,4962,E2_ROLLING_INCREMENTAL_AFTER_FULL_REUSE,RR-INTERMITTENT/6,NO_LINEAGE_CREDIT,1,COMPLETE,INCLUDED,0.9211571393939298,0.9783970711293785,0.7352452919233703,0
r8c-4963-8afe9b5f1a19d156,4963,E2_ROLLING_INCREMENTAL_AFTER_FULL_REUSE,RR-INTERMITTENT/6,CROSS_EVENT_WARM_START_ONLY,1,COMPLETE,INCLUDED,0.9544122218865491,0.9840284337080805,0.8572746604413429,0
r8c-4964-9d99ec3d68248357,4964,E2_ROLLING_INCREMENTAL_AFTER_FULL_REUSE,RR-INTERMITTENT/6,CROSS_EVENT_MEMORY_ONLY,1,COMPLETE,INCLUDED,0.887712480602918,0.9744591793633746,0.622394119529515,0
r8c-4965-eaf91888fa014727,4965,E2_ROLLING_INCREMENTAL_AFTER_FULL_REUSE,RR-INTERMITTENT/6,SHADE_ONLY,1,COMPLETE,INCLUDED,0.880295528503067,0.9756936417942143,0.584486371961657,0
r8c-4966-9579c97eefa076f9,4966,E2_ROLLING_INCREMENTAL_AFTER_FULL_REUSE,RR-INTERMITTENT/6,NO_CROSS_EVENT_MEMORY,2,COMPLETE,INCLUDED,0.8754081108265221,0.9738678399651499,0.570971648992944,0
r8c-4967-0f761a7e39fa34e9,4967,E2_ROLLING_INCREMENTAL_AFTER_FULL_REUSE,RR-INTERMITTENT/6,NO_EXECUTION_FEEDBACK,2,COMPLETE,INCLUDED,0.955049438694771,0.9829960337378294,0.8574988947797259,0
r8c-4968-b422509de3665715,4968,E2_ROLLING_INCREMENTAL_AFTER_FULL_REUSE,RR-INTERMITTENT/6,NO_REJECTION_CREDIT,2,COMPLETE,INCLUDED,0.9311336039630174,0.9798057922230872,0.7716613899018372,0
r8c-4969-40817e8f47578815,4969,E2_ROLLING_INCREMENTAL_AFTER_FULL_REUSE,RR-INTERMITTENT/6,NO_MEMORY_RESET_GATE,2,COMPLETE,INCLUDED,0.9539390886578858,0.9836472307603245,0.8577360895270443,0
r8c-4970-9383423b18a0c582,4970,E2_ROLLING_INCREMENTAL_AFTER_FULL_REUSE,RR-INTERMITTENT/6,NO_LINEAGE_CREDIT,2,COMPLETE,INCLUDED,0.9207857601616259,0.9778316573685721,0.74827986109983,0
r8c-4971-579fb95e0d367ba9,4971,E2_ROLLING_INCREMENTAL_AFTER_FULL_REUSE,RR-INTERMITTENT/6,CROSS_EVENT_WARM_START_ONLY,2,COMPLETE,INCLUDED,0.9526830297950302,0.983788944041426,0.8575527643648089,0
r8c-4972-53ef892f2112bbc0,4972,E2_ROLLING_INCREMENTAL_AFTER_FULL_REUSE,RR-INTERMITTENT/6,CROSS_EVENT_MEMORY_ONLY,2,COMPLETE,INCLUDED,0.8661677090570625,0.9732948618037094,0.5220012136393744,0
r8c-4973-c5236d6a86c28564,4973,E2_ROLLING_INCREMENTAL_AFTER_FULL_REUSE,RR-INTERMITTENT/6,SHADE_ONLY,2,COMPLETE,INCLUDED,0.8830562561128227,0.9750181687924921,0.5966201292471726,0
r8c-4974-b753bbae54cdd498,4974,E2_ROLLING_INCREMENTAL_AFTER_FULL_REUSE,RR-INTERMITTENT/6,NO_CROSS_EVENT_MEMORY,3,COMPLETE,INCLUDED,0.8706779360156165,0.9752052258859483,0.5359516296802379,0
r8c-4975-21809f4e94418f33,4975,E2_ROLLING_INCREMENTAL_AFTER_FULL_REUSE,RR-INTERMITTENT/6,NO_EXECUTION_FEEDBACK,3,COMPLETE,INCLUDED,0.9537358240733074,0.9840220932916186,0.8580812523046919,0
r8c-4976-2d5bc9fdb6e4f2bb,4976,E2_ROLLING_INCREMENTAL_AFTER_FULL_REUSE,RR-INTERMITTENT/6,NO_REJECTION_CREDIT,3,COMPLETE,INCLUDED,0.9392039389873779,0.9816874775799246,0.8029466976309014,0
r8c-4977-82cdf395aa92598c,4977,E2_ROLLING_INCREMENTAL_AFTER_FULL_REUSE,RR-INTERMITTENT/6,NO_MEMORY_RESET_GATE,3,COMPLETE,INCLUDED,0.9544349158784309,0.9844976368522429,0.8582944539827845,0
r8c-4978-7fcba8880370f3eb,4978,E2_ROLLING_INCREMENTAL_AFTER_FULL_REUSE,RR-INTERMITTENT/6,NO_LINEAGE_CREDIT,3,COMPLETE,INCLUDED,0.9185765767980222,0.9776821102883015,0.7372971927551375,0
r8c-4979-ea8d6af845b4559c,4979,E2_ROLLING_INCREMENTAL_AFTER_FULL_REUSE,RR-INTERMITTENT/6,CROSS_EVENT_WARM_START_ONLY,3,COMPLETE,INCLUDED,0.9529338707376308,0.9833147782209174,0.8574365896929436,0
r8c-4980-f946affdfe86db2f,4980,E2_ROLLING_INCREMENTAL_AFTER_FULL_REUSE,RR-INTERMITTENT/6,CROSS_EVENT_MEMORY_ONLY,3,COMPLETE,INCLUDED,0.8729301876136673,0.9751301213204367,0.5492443123575027,0
r8c-4981-8be79c120c42f24d,4981,E2_ROLLING_INCREMENTAL_AFTER_FULL_REUSE,RR-INTERMITTENT/6,SHADE_ONLY,3,COMPLETE,INCLUDED,0.8775117589626241,0.9745025884250019,0.5775926545964244,0
r8c-4982-6b4ffdd0c7ce0a0a,4982,E2_ROLLING_INCREMENTAL_AFTER_FULL_REUSE,RR-INTERMITTENT/6,NO_CROSS_EVENT_MEMORY,4,COMPLETE,INCLUDED,0.8796242339250746,0.9743267404956697,0.5819831543023476,0
r8c-4983-2de57f92a4c0ec30,4983,E2_ROLLING_INCREMENTAL_AFTER_FULL_REUSE,RR-INTERMITTENT/6,NO_EXECUTION_FEEDBACK,4,COMPLETE,INCLUDED,0.9555168344720846,0.9836649664146171,0.8577248157560028,0
r8c-4984-289de4e67ca2b0b9,4984,E2_ROLLING_INCREMENTAL_AFTER_FULL_REUSE,RR-INTERMITTENT/6,NO_REJECTION_CREDIT,4,COMPLETE,INCLUDED,0.9333272540395825,0.9796287635669803,0.7833019697333959,0
r8c-4985-91032ce6a0f2e40a,4985,E2_ROLLING_INCREMENTAL_AFTER_FULL_REUSE,RR-INTERMITTENT/6,NO_MEMORY_RESET_GATE,4,COMPLETE,INCLUDED,0.9540716857011711,0.9824299169265241,0.8565096254616721,0
r8c-4986-8d7c98ebb1c4188c,4986,E2_ROLLING_INCREMENTAL_AFTER_FULL_REUSE,RR-INTERMITTENT/6,NO_LINEAGE_CREDIT,4,COMPLETE,INCLUDED,0.928801198318651,0.9806007276576103,0.7639231736811848,0
r8c-4987-ff7076ae7cb1b022,4987,E2_ROLLING_INCREMENTAL_AFTER_FULL_REUSE,RR-INTERMITTENT/6,CROSS_EVENT_WARM_START_ONLY,4,COMPLETE,INCLUDED,0.95530872417393,0.983796346323828,0.8576342925919104,0
r8c-4988-b8261118621706bf,4988,E2_ROLLING_INCREMENTAL_AFTER_FULL_REUSE,RR-INTERMITTENT/6,CROSS_EVENT_MEMORY_ONLY,4,COMPLETE,INCLUDED,0.8706686662882482,0.9735397882047601,0.5495777954199202,0
r8c-4989-8f7dc5e47ad2d6e1,4989,E2_ROLLING_INCREMENTAL_AFTER_FULL_REUSE,RR-INTERMITTENT/6,SHADE_ONLY,4,COMPLETE,INCLUDED,0.8707388252229216,0.9743547731087165,0.5450404819386977,0
r8c-4990-b533c474f8c4551d,4990,E2_ROLLING_INCREMENTAL_AFTER_FULL_REUSE,RR-INTERMITTENT/7,NO_CROSS_EVENT_MEMORY,0,COMPLETE,INCLUDED,0.5109150356638499,0.6147456840005907,0.2053111097150878,0
r8c-4991-bf00f3231999c1bc,4991,E2_ROLLING_INCREMENTAL_AFTER_FULL_REUSE,RR-INTERMITTENT/7,NO_EXECUTION_FEEDBACK,0,COMPLETE,INCLUDED,0.5430355453124753,0.6129129975586058,0.35040220278877676,0
r8c-4992-b19ab6d553e54bb4,4992,E2_ROLLING_INCREMENTAL_AFTER_FULL_REUSE,RR-INTERMITTENT/7,NO_REJECTION_CREDIT,0,COMPLETE,INCLUDED,0.5643174536983684,0.6095356318766646,0.4521963504337302,0
r8c-4993-32b25cf83a1cd535,4993,E2_ROLLING_INCREMENTAL_AFTER_FULL_REUSE,RR-INTERMITTENT/7,NO_MEMORY_RESET_GATE,0,COMPLETE,INCLUDED,0.5650317406359063,0.6091315061588705,0.4520354379503008,0
r8c-4994-f3734377434e4382,4994,E2_ROLLING_INCREMENTAL_AFTER_FULL_REUSE,RR-INTERMITTENT/7,NO_LINEAGE_CREDIT,0,COMPLETE,INCLUDED,0.5452111419709742,0.6130796796221917,0.3762459552013279,0
r8c-4995-daf49148deb0bf36,4995,E2_ROLLING_INCREMENTAL_AFTER_FULL_REUSE,RR-INTERMITTENT/7,CROSS_EVENT_WARM_START_ONLY,0,COMPLETE,INCLUDED,0.5538252959075056,0.604415732251342,0.424613579342113,0
r8c-4996-0dbfe744798aa6b5,4996,E2_ROLLING_INCREMENTAL_AFTER_FULL_REUSE,RR-INTERMITTENT/7,CROSS_EVENT_MEMORY_ONLY,0,COMPLETE,INCLUDED,0.514730136144738,0.6144517880812643,0.2314914696180442,0
r8c-4997-67c8f0851578577c,4997,E2_ROLLING_INCREMENTAL_AFTER_FULL_REUSE,RR-INTERMITTENT/7,SHADE_ONLY,0,COMPLETE,INCLUDED,0.511885767815354,0.6133132883021781,0.2287041460232456,0
r8c-4998-1cdbbff8519a38bb,4998,E2_ROLLING_INCREMENTAL_AFTER_FULL_REUSE,RR-INTERMITTENT/7,NO_CROSS_EVENT_MEMORY,1,COMPLETE,INCLUDED,0.5094614878823787,0.6092870218559561,0.22307933592709425,0
r8c-4999-a9f4361dd66b2301,4999,E2_ROLLING_INCREMENTAL_AFTER_FULL_REUSE,RR-INTERMITTENT/7,NO_EXECUTION_FEEDBACK,1,COMPLETE,INCLUDED,0.5501657357723073,0.6143819326152434,0.3754693628410534,0
r8c-5000-a4a076d50a611654,5000,E2_ROLLING_INCREMENTAL_AFTER_FULL_REUSE,RR-INTERMITTENT/7,NO_REJECTION_CREDIT,1,COMPLETE,INCLUDED,0.5676136843085856,0.6147089907091382,0.4470451653124745,0
r8c-5001-cd631f02fbe042a3,5001,E2_ROLLING_INCREMENTAL_AFTER_FULL_REUSE,RR-INTERMITTENT/7,NO_MEMORY_RESET_GATE,1,COMPLETE,INCLUDED,0.5534024040094357,0.6082372708522014,0.407051939123954,0
r8c-5002-ee46c5ce83271df2,5002,E2_ROLLING_INCREMENTAL_AFTER_FULL_REUSE,RR-INTERMITTENT/7,NO_LINEAGE_CREDIT,1,COMPLETE,INCLUDED,0.5382986743755189,0.612880796900811,0.34284214131035823,0
r8c-5003-1ea5402719841150,5003,E2_ROLLING_INCREMENTAL_AFTER_FULL_REUSE,RR-INTERMITTENT/7,CROSS_EVENT_WARM_START_ONLY,1,COMPLETE,INCLUDED,0.5664739283759961,0.6120441269543191,0.4523975631975761,0
r8c-5004-05308bc1580c7cd1,5004,E2_ROLLING_INCREMENTAL_AFTER_FULL_REUSE,RR-INTERMITTENT/7,CROSS_EVENT_MEMORY_ONLY,1,COMPLETE,INCLUDED,0.5110080299591878,0.6120108008407087,0.22821460084450307,0
r8c-5005-789908c3ad9f4f85,5005,E2_ROLLING_INCREMENTAL_AFTER_FULL_REUSE,RR-INTERMITTENT/7,SHADE_ONLY,1,COMPLETE,INCLUDED,0.49998790188152886,0.6088642892719981,0.2159739331342318,0
r8c-5006-5ad10af4248165da,5006,E2_ROLLING_INCREMENTAL_AFTER_FULL_REUSE,RR-INTERMITTENT/7,NO_CROSS_EVENT_MEMORY,2,COMPLETE,INCLUDED,0.5077931894095989,0.6112859217644828,0.21690730726769453,0
r8c-5007-f67d160408427774,5007,E2_ROLLING_INCREMENTAL_AFTER_FULL_REUSE,RR-INTERMITTENT/7,NO_EXECUTION_FEEDBACK,2,COMPLETE,INCLUDED,0.553391886516726,0.6128724638670262,0.3934575230705704,0
r8c-5008-6e5bcc46f40b903b,5008,E2_ROLLING_INCREMENTAL_AFTER_FULL_REUSE,RR-INTERMITTENT/7,NO_REJECTION_CREDIT,2,COMPLETE,INCLUDED,0.5634972676426288,0.609614507910216,0.44442248990841204,0
r8c-5009-5a7300d4b9f55e0e,5009,E2_ROLLING_INCREMENTAL_AFTER_FULL_REUSE,RR-INTERMITTENT/7,NO_MEMORY_RESET_GATE,2,COMPLETE,INCLUDED,0.5577837646667683,0.6101122925820299,0.42074908055037996,0
r8c-5010-a87f9cb819c467bf,5010,E2_ROLLING_INCREMENTAL_AFTER_FULL_REUSE,RR-INTERMITTENT/7,NO_LINEAGE_CREDIT,2,COMPLETE,INCLUDED,0.5285274011796262,0.6082090371814878,0.302517883062809,0
r8c-5011-584576e2ffb6a99e,5011,E2_ROLLING_INCREMENTAL_AFTER_FULL_REUSE,RR-INTERMITTENT/7,CROSS_EVENT_WARM_START_ONLY,2,COMPLETE,INCLUDED,0.5729536466611409,0.6125125567170407,0.4772328660920526,0
r8c-5012-fbf0296601342412,5012,E2_ROLLING_INCREMENTAL_AFTER_FULL_REUSE,RR-INTERMITTENT/7,CROSS_EVENT_MEMORY_ONLY,2,COMPLETE,INCLUDED,0.5049808653888602,0.6107907435364636,0.1981002054650791,0
r8c-5013-c16b573b7f7adae5,5013,E2_ROLLING_INCREMENTAL_AFTER_FULL_REUSE,RR-INTERMITTENT/7,SHADE_ONLY,2,COMPLETE,INCLUDED,0.49732685169287993,0.6108565647290453,0.18773314971630464,0
r8c-5014-391799dabc5b37bc,5014,E2_ROLLING_INCREMENTAL_AFTER_FULL_REUSE,RR-INTERMITTENT/7,NO_CROSS_EVENT_MEMORY,3,COMPLETE,INCLUDED,0.5012809902989763,0.6119224634301039,0.18292443562058971,0
r8c-5015-57dee01324e5dd54,5015,E2_ROLLING_INCREMENTAL_AFTER_FULL_REUSE,RR-INTERMITTENT/7,NO_EXECUTION_FEEDBACK,3,COMPLETE,INCLUDED,0.5398577519277699,0.6110330445129462,0.34239726242711493,0
r8c-5016-ccf7a5edd847e3ce,5016,E2_ROLLING_INCREMENTAL_AFTER_FULL_REUSE,RR-INTERMITTENT/7,NO_REJECTION_CREDIT,3,COMPLETE,INCLUDED,0.5610769059699827,0.6083524941337607,0.43589221329838584,0
r8c-5017-ffea2a8f72574bc5,5017,E2_ROLLING_INCREMENTAL_AFTER_FULL_REUSE,RR-INTERMITTENT/7,NO_MEMORY_RESET_GATE,3,COMPLETE,INCLUDED,0.5621265554171465,0.6093960410450621,0.4424932514028295,0
r8c-5018-2862f1ab0e55fc95,5018,E2_ROLLING_INCREMENTAL_AFTER_FULL_REUSE,RR-INTERMITTENT/7,NO_LINEAGE_CREDIT,3,COMPLETE,INCLUDED,0.5524516660704054,0.616339326631167,0.3769639456924581,0
r8c-5019-26f7ed33f9462f53,5019,E2_ROLLING_INCREMENTAL_AFTER_FULL_REUSE,RR-INTERMITTENT/7,CROSS_EVENT_WARM_START_ONLY,3,COMPLETE,INCLUDED,0.5599570575370421,0.6099961703553519,0.4244458209174455,0
r8c-5020-e6b319f4354a9406,5020,E2_ROLLING_INCREMENTAL_AFTER_FULL_REUSE,RR-INTERMITTENT/7,CROSS_EVENT_MEMORY_ONLY,3,COMPLETE,INCLUDED,0.5018589062935827,0.6081194773332078,0.20162985137765335,0
r8c-5021-bd2fd9ff92150ef8,5021,E2_ROLLING_INCREMENTAL_AFTER_FULL_REUSE,RR-INTERMITTENT/7,SHADE_ONLY,3,COMPLETE,INCLUDED,0.5015916876933899,0.6132978487471847,0.202633595498381,0
r8c-5022-87f5fae3baebf592,5022,E2_ROLLING_INCREMENTAL_AFTER_FULL_REUSE,RR-INTERMITTENT/7,NO_CROSS_EVENT_MEMORY,4,COMPLETE,INCLUDED,0.5092619575150639,0.6148727760485319,0.21532109978790262,0
r8c-5023-4ed8ba76967e7db5,5023,E2_ROLLING_INCREMENTAL_AFTER_FULL_REUSE,RR-INTERMITTENT/7,NO_EXECUTION_FEEDBACK,4,COMPLETE,INCLUDED,0.546566173201056,0.6147682963381575,0.3681415355967852,0
r8c-5024-f571d27abf9db9aa,5024,E2_ROLLING_INCREMENTAL_AFTER_FULL_REUSE,RR-INTERMITTENT/7,NO_REJECTION_CREDIT,4,COMPLETE,INCLUDED,0.5600265992434459,0.6083468410385513,0.4282119991185615,0
r8c-5025-c9c2db780c01aed4,5025,E2_ROLLING_INCREMENTAL_AFTER_FULL_REUSE,RR-INTERMITTENT/7,NO_MEMORY_RESET_GATE,4,COMPLETE,INCLUDED,0.5700523535708104,0.6140637402841908,0.476627769144143,0
r8c-5026-fd921bfc1103a21e,5026,E2_ROLLING_INCREMENTAL_AFTER_FULL_REUSE,RR-INTERMITTENT/7,NO_LINEAGE_CREDIT,4,COMPLETE,INCLUDED,0.5399560480023492,0.612677220462075,0.3327311557063145,0
r8c-5027-59dab9e12a425140,5027,E2_ROLLING_INCREMENTAL_AFTER_FULL_REUSE,RR-INTERMITTENT/7,CROSS_EVENT_WARM_START_ONLY,4,COMPLETE,INCLUDED,0.5681389658753379,0.6135319319528718,0.4527009669542408,0
r8c-5028-96f7de6ccabaf073,5028,E2_ROLLING_INCREMENTAL_AFTER_FULL_REUSE,RR-INTERMITTENT/7,CROSS_EVENT_MEMORY_ONLY,4,COMPLETE,INCLUDED,0.5125674135489906,0.6142230127368244,0.22499527789741033,0
r8c-5029-b80858bff85ca8ff,5029,E2_ROLLING_INCREMENTAL_AFTER_FULL_REUSE,RR-INTERMITTENT/7,SHADE_ONLY,4,COMPLETE,INCLUDED,0.503568410999015,0.6118266589483403,0.20042447266335894,0
